销售日期,品类,日销售量,日销售额,日成本额,正销售量,折扣销售量,交易条数,单品数,日平均售价,日平均进价,加成率,折扣销量占比,星期,月份,时间趋势
2020-07-01,水生根茎类,4.85,70.2838,44.78568,4.85,0.0,15,2,14.491505154639176,9.234160824742268,0.5693364486148251,0.0,3,7,0.0
2020-07-01,花叶类,191.717,1446.6496,941.89255,191.717,0.0,413,16,7.545755462478549,4.912931821382559,0.5358966370420912,0.0,3,7,0.0
2020-07-01,花菜类,47.076,598.634,395.83628000000004,47.076,0.0,102,2,12.716331039170703,8.408451865069251,0.5123272682332198,0.0,3,7,0.0
2020-07-01,茄类,35.374,176.818,144.72834999999998,35.374,0.0,60,2,4.998529993780743,4.09137643466953,0.2217233182026883,0.0,3,7,0.0
2020-07-01,辣椒类,76.715,759.9902,408.05555000000004,76.715,0.0,259,9,9.9066701427361,5.319110343479111,0.8624674998293735,0.0,3,7,0.0
2020-07-01,食用菌,35.17,365.482,227.83541,35.17,0.0,119,5,10.39186806937731,6.4781179982940005,0.6041492408928006,0.0,3,7,0.0
2020-07-02,水生根茎类,4.6,53.1208,32.63124,4.6,0.0,14,2,11.548000000000002,7.093747826086957,0.6279123931545356,0.0,4,7,0.0027378507871321013
2020-07-02,花叶类,179.0,1317.6876,752.19713,179.0,0.0,389,16,7.361383240223463,4.202218603351955,0.7517849343562371,0.0,4,7,0.0027378507871321013
2020-07-02,花菜类,43.943,546.032,344.33378,43.943,0.0,95,2,12.4259153903921,7.835918803905059,0.5857636738399585,0.0,4,7,0.0027378507871321013
2020-07-02,茄类,32.199,172.092,79.62686000000001,32.199,0.0,56,2,5.344638032237027,2.4729606509518933,1.1612305194503465,0.0,4,7,0.0027378507871321013
2020-07-02,辣椒类,66.064,669.7044,376.85583,66.064,0.0,226,10,10.137206345362074,5.7044052736740145,0.7770838253981633,0.0,4,7,0.0027378507871321013
2020-07-02,食用菌,48.51,605.929,354.74897000000004,48.51,0.0,160,5,12.490806019377448,7.31290393733251,0.7080500614279441,0.0,4,7,0.0027378507871321013
2020-07-03,水生根茎类,4.41,44.1,24.7401,4.41,0.0,15,1,10.0,5.61,0.7825311942959001,0.0,5,7,0.0054757015742642025
2020-07-03,花叶类,184.947,1373.2026,814.47401,184.947,0.0,392,16,7.424843874190985,4.40382385223875,0.685999286828072,0.0,5,7,0.0054757015742642025
2020-07-03,花菜类,42.076,495.368,312.45916,42.076,0.0,96,2,11.773172354786576,7.426066165985359,0.5853847907675358,0.0,5,7,0.0054757015742642025
2020-07-03,茄类,35.896,196.243,142.29532,35.896,0.0,57,2,5.466987965232895,3.964099621127702,0.3791247667175561,0.0,5,7,0.0054757015742642025
2020-07-03,辣椒类,64.253,670.6646,401.82115,64.253,0.0,227,10,10.43787216161113,6.253733677804927,0.6690624672195578,0.0,5,7,0.0054757015742642025
2020-07-03,食用菌,42.442,546.295,312.27863,42.442,0.0,149,5,12.871565901701144,7.357773667593422,0.7493832350936083,0.0,5,7,0.0054757015742642025
2020-07-04,水生根茎类,5.439,118.7532,76.22823,5.439,0.0,16,2,21.83364589078875,14.01511858797573,0.557863799277512,0.0,6,7,0.008213552361396304
2020-07-04,花叶类,234.573,1828.3128,1128.83411,234.573,0.0,523,13,7.794216725710119,4.812293443831984,0.619647017930739,0.0,6,7,0.008213552361396304
2020-07-04,花菜类,55.662,702.186,457.40441999999996,55.662,0.0,126,2,12.615177320254393,8.217534763393338,0.5351535081361916,0.0,6,7,0.008213552361396304
2020-07-04,茄类,57.067,327.403,177.76086,57.067,0.0,99,2,5.7371685913049575,3.114950146319239,0.8418171469242441,0.0,6,7,0.008213552361396304
2020-07-04,辣椒类,80.838,820.5558,461.83721,80.838,0.0,292,10,10.150619758034589,5.713120190999283,0.7767208493226434,0.0,6,7,0.008213552361396304
2020-07-04,食用菌,46.824,570.9072,341.41818,46.824,0.0,168,5,12.192619169656586,7.2915210148641725,0.6721640306324637,0.0,6,7,0.008213552361396304
2020-07-05,水生根茎类,4.019,40.19,21.782980000000002,4.019,0.0,12,1,10.0,5.42,0.845018450184502,0.0,7,7,0.010951403148528405
2020-07-05,花叶类,219.64600000000002,1544.142,937.91584,219.64600000000002,0.0,502,13,7.030139406135326,4.270124837238101,0.646354538590584,0.0,7,7,0.010951403148528405
2020-07-05,花菜类,55.474,697.982,465.82392000000004,55.474,0.0,106,2,12.582146591195876,8.397157587338214,0.4983816202482687,0.0,7,7,0.010951403148528405
2020-07-05,茄类,60.942,403.455,243.36384,60.942,0.0,109,3,6.620311115486856,3.9933681205080243,0.6578264051060336,0.0,7,7,0.010951403148528405
2020-07-05,辣椒类,98.031,1009.9126,591.33118,98.031,0.0,351,10,10.301971825238954,6.032083524599361,0.7078629271671417,0.0,7,7,0.010951403148528405
2020-07-05,食用菌,73.213,732.6238,430.89539,73.213,0.0,207,5,10.006744703809433,5.885503803969241,0.7002358739553931,0.0,7,7,0.010951403148528405
2020-07-06,水生根茎类,2.708,27.080000000000002,14.758600000000001,2.708,0.0,10,1,10.0,5.45,0.8348623853211008,0.0,1,7,0.013689253935660506
2020-07-06,花叶类,183.439,1434.666,896.6381200000001,183.439,0.0,404,14,7.82094320182731,4.887936153162633,0.6000501963936127,0.0,1,7,0.013689253935660506
2020-07-06,花菜类,42.277,500.443,329.8324,42.277,0.0,85,2,11.837240106913924,7.801698322965206,0.5172645258622257,0.0,1,7,0.013689253935660506
2020-07-06,茄类,30.727,201.412,102.02501,30.727,0.0,57,3,6.554886581833567,3.3203700328701142,0.9741433987607548,0.0,1,7,0.013689253935660506
2020-07-06,辣椒类,58.682,645.2908,365.2896,58.682,0.0,223,10,10.996400940663236,6.224900310146212,0.7665184007428627,0.0,1,7,0.013689253935660506
2020-07-06,食用菌,39.578,484.20300000000003,289.64319,39.578,0.0,136,6,12.234145232199706,7.318287685077568,0.6717223698578931,0.0,1,7,0.013689253935660506
2020-07-07,水生根茎类,3.117,31.17,17.01882,3.117,0.0,11,1,10.0,5.460000000000001,0.8315018315018312,0.0,2,7,0.01642710472279261
2020-07-07,花叶类,159.875,1278.678,783.12681,159.875,0.0,355,15,7.997985926505083,4.898369413604378,0.6327853722694032,0.0,2,7,0.01642710472279261
2020-07-07,花菜类,45.749,526.991,334.62056,45.749,0.0,97,2,11.519180747120155,7.314270475857396,0.5748912738655387,0.0,2,7,0.01642710472279261
2020-07-07,茄类,32.112,186.848,105.2496,32.112,0.0,56,2,5.818634778276034,3.277578475336323,0.7752846566637783,0.0,2,7,0.01642710472279261
2020-07-07,辣椒类,42.213,531.0704,287.56131,42.213,0.0,191,10,12.580731054414516,6.812150522350934,0.8468075555783217,0.0,2,7,0.01642710472279261
2020-07-07,食用菌,51.119,615.1326,361.72977,51.119,0.0,173,7,12.033345722725405,7.076229386333848,0.7005307580849649,0.0,2,7,0.01642710472279261
2020-07-08,水生根茎类,10.605,155.484,87.09302,10.605,0.0,26,2,14.661386138613862,8.212448844884488,0.7852636181406962,0.0,3,7,0.019164955509924708
2020-07-08,花叶类,143.354,1171.165,710.21359,143.354,0.0,305,16,8.16974064204696,4.954264199115475,0.649032089064925,0.0,3,7,0.019164955509924708
2020-07-08,花菜类,45.433,532.102,333.56052999999997,45.433,0.0,95,2,11.711795391015341,7.34181167873572,0.5952187148761279,0.0,3,7,0.019164955509924708
2020-07-08,茄类,39.094,228.424,137.21004,39.094,0.0,63,2,5.842942651046196,3.5097467642093414,0.6647761344577992,0.0,3,7,0.019164955509924708
2020-07-08,辣椒类,63.233,741.591,405.21524999999997,63.233,0.0,234,10,11.727911059098888,6.408287602992108,0.8301162160111202,0.0,3,7,0.019164955509924708
2020-07-08,食用菌,43.968,565.4192,334.49906,43.968,0.0,153,5,12.859788937409025,7.607784297671032,0.6903461552328432,0.0,3,7,0.019164955509924708
2020-07-09,水生根茎类,2.106,21.060000000000002,11.51982,2.106,0.0,7,1,10.000000000000002,5.47,0.828153564899452,0.0,4,7,0.02190280629705681
2020-07-09,花叶类,187.151,1395.671,850.52238,187.151,0.0,390,15,7.457459484587312,4.544578335141143,0.6409574078462226,0.0,4,7,0.02190280629705681
2020-07-09,花菜类,41.131,496.204,310.57561,41.131,0.0,89,2,12.063990663976076,7.550888867277722,0.5976914607042068,0.0,4,7,0.02190280629705681
2020-07-09,茄类,25.921,205.51999999999998,101.05523,25.921,0.0,48,3,7.928706454226303,3.898585316924501,1.033739372024585,0.0,4,7,0.02190280629705681
2020-07-09,辣椒类,58.86,615.355,334.93565,58.86,0.0,219,10,10.454553177030242,5.690378015630309,0.8372335103772919,0.0,4,7,0.02190280629705681
2020-07-09,食用菌,37.837,464.1238,272.77872,37.837,0.0,133,5,12.266400613156433,7.209311520469382,0.7014663020634453,0.0,4,7,0.02190280629705681
2020-07-10,水生根茎类,8.781,125.046,69.862,8.781,0.0,27,2,14.240519303040656,7.956041453137455,0.7899000887463861,0.0,5,7,0.024640657084188913
2020-07-10,花叶类,154.964,1166.6546,713.33904,154.964,0.0,334,16,7.5285524379855975,4.603256498283472,0.6354840189315871,0.0,5,7,0.024640657084188913
2020-07-10,花菜类,57.167,613.936,376.2169,57.167,0.0,126,2,10.73934262773978,6.581015271047982,0.6318671489770928,0.0,5,7,0.024640657084188913
2020-07-10,茄类,34.162,241.684,155.7515,34.162,0.0,56,3,7.074644341666179,4.559203208243077,0.5517282337569782,0.0,5,7,0.024640657084188913
2020-07-10,辣椒类,56.666,687.1768,374.15941,56.666,0.0,232,8,12.126792079906823,6.602890798715279,0.8365883140557657,0.0,5,7,0.024640657084188913
2020-07-10,食用菌,37.03,406.694,234.32903,37.03,0.0,114,6,10.982824736699973,6.328086146367809,0.7355681453552727,0.0,5,7,0.024640657084188913
2020-07-11,水生根茎类,7.406,109.712,61.39824,7.406,0.0,19,2,14.813934647583041,8.290337564137186,0.7868916112253381,0.0,6,7,0.02737850787132101
2020-07-11,花叶类,238.911,1890.437,1149.27973,238.911,0.0,500,15,7.9127248222141295,4.810493154354551,0.6448884902894789,0.0,6,7,0.02737850787132101
2020-07-11,花菜类,69.376,719.439,436.46641,69.376,0.0,125,2,10.370142412361622,6.291317026060885,0.6483261564160228,0.0,6,7,0.02737850787132101
2020-07-11,茄类,60.323,359.14799999999997,227.27608999999998,60.323,0.0,103,2,5.9537489846327265,3.7676523050909267,0.5802278189491907,0.0,6,7,0.02737850787132101
2020-07-11,辣椒类,77.453,965.465,548.3981699999999,77.453,0.0,273,9,12.465172427149367,7.080399338953945,0.7605182745230534,0.0,6,7,0.02737850787132101
2020-07-11,食用菌,48.557,653.8036000000001,383.82543,48.557,0.0,168,5,13.46466214963857,7.904636406697283,0.7033879177833531,0.0,6,7,0.02737850787132101
2020-07-12,水生根茎类,12.625,224.5378,143.82769,12.625,0.0,32,3,17.785172277227723,11.392292277227721,0.5611583555294535,0.0,7,7,0.030116358658453114
2020-07-12,花叶类,271.355,2022.577,1222.52262,271.355,0.0,586,15,7.4536197969449605,4.505251865637264,0.6544291016881143,0.0,7,7,0.030116358658453114
2020-07-12,花菜类,64.004,707.371,408.34941000000003,64.004,0.0,131,2,11.051981126179612,6.380060777451409,0.7322689409542673,0.0,7,7,0.030116358658453114
2020-07-12,茄类,73.13,528.386,312.41517,73.13,0.0,118,3,7.225297415561329,4.272052099001778,0.6912943119887551,0.0,7,7,0.030116358658453114
2020-07-12,辣椒类,66.173,786.1756,438.21702,66.173,0.0,271,10,11.880609916431172,6.622293382497393,0.7940325549199345,0.0,7,7,0.030116358658453114
2020-07-12,食用菌,50.774,622.0316,367.03387,50.774,0.0,171,6,12.250986725489424,7.228775948320005,0.6947525850952123,0.0,7,7,0.030116358658453114
2020-07-13,水生根茎类,10.342,151.156,84.4884,10.342,0.0,28,2,14.615741636047186,8.169444981628311,0.789074003058408,0.0,1,7,0.03285420944558522
2020-07-13,花叶类,170.921,1297.551,805.05504,170.921,0.0,357,13,7.591524739499535,4.710100221739868,0.6117543963205299,0.0,1,7,0.03285420944558522
2020-07-13,花菜类,29.221,296.998,172.74257,29.221,0.0,66,2,10.163854761986242,5.911589952431471,0.7193098377545266,0.0,1,7,0.03285420944558522
2020-07-13,茄类,43.262,300.898,174.4209,43.262,0.0,77,3,6.955249410568166,4.031734547639961,0.7251258306774018,0.0,1,7,0.03285420944558522
2020-07-13,辣椒类,57.943,631.1052,373.5995,57.943,0.0,205,10,10.891828175966035,6.447707229518665,0.6892560081049359,0.0,1,7,0.03285420944558522
2020-07-13,食用菌,39.8,511.4816,293.6888,39.8,0.0,137,5,12.851296482412062,7.379115577889448,0.7415767982980626,0.0,1,7,0.03285420944558522
2020-07-14,水生根茎类,8.682,130.974,65.80452,8.682,0.0,21,2,15.08569454042847,7.579419488597097,0.9903495990852906,0.0,2,7,0.03559206023271732
2020-07-14,花叶类,183.131,1327.923,795.75309,183.131,0.0,396,13,7.251219072685673,4.345266994665021,0.6687626057474689,0.0,2,7,0.03559206023271732
2020-07-14,花菜类,53.035000000000004,520.53,279.41175,53.035000000000004,0.0,105,2,9.81483925709437,5.2684406523993585,0.8629495717341877,0.0,2,7,0.03559206023271732
2020-07-14,茄类,31.76,209.65800000000002,122.22252999999999,31.76,0.0,60,3,6.601322418136021,3.8483164357682615,0.71537931672663,0.0,2,7,0.03559206023271732
2020-07-14,辣椒类,63.273,677.4262,391.04045,63.273,0.0,214,10,10.70640241493212,6.180210358288686,0.7323686079023282,0.0,2,7,0.03559206023271732
2020-07-14,食用菌,40.848,500.5268,274.65149,40.848,0.0,138,6,12.253397963180571,6.723743879749315,0.8224070075134124,0.0,2,7,0.03559206023271732
2020-07-15,水生根茎类,9.615,144.39000000000001,72.57300000000001,9.615,0.0,22,2,15.017160686427458,7.547893915756631,0.989582902732421,0.0,3,7,0.038329911019849415
2020-07-15,花叶类,209.644,1441.991,864.67832,209.644,0.0,437,12,6.878284138825819,4.124507832325275,0.6676617958919107,0.0,3,7,0.038329911019849415
2020-07-15,花菜类,34.894,345.916,183.61319,34.894,0.0,70,2,9.913337536539233,5.262027569209606,0.8839387301097485,0.0,3,7,0.038329911019849415
2020-07-15,茄类,37.756,271.6934,153.48084,37.756,0.0,69,3,7.196032418688421,4.065071511812692,0.7702105357255016,0.0,3,7,0.038329911019849415
2020-07-15,辣椒类,69.084,712.721,424.34148,69.084,0.0,229,10,10.31673035724625,6.142398818829251,0.6795930485042376,0.0,3,7,0.038329911019849415
2020-07-15,食用菌,37.779,451.56100000000004,247.91485,37.779,0.0,127,6,11.952698589163292,6.56223960401281,0.8214358680006466,0.0,3,7,0.038329911019849415
2020-07-16,水生根茎类,10.183,148.31199999999998,74.78936,10.183,0.0,27,2,14.564666601198073,7.344531081213788,0.983062831397407,0.0,4,7,0.04106776180698152
2020-07-16,花叶类,195.549,1409.919,834.5548699999999,195.549,0.0,422,13,7.210054768881457,4.267753197408322,0.6894263645001559,0.0,4,7,0.04106776180698152
2020-07-16,花菜类,35.3,388.648,208.30752,35.3,0.0,74,2,11.009858356940512,5.901062889518414,0.8657415728438418,0.0,4,7,0.04106776180698152
2020-07-16,茄类,24.031,178.9112,98.19466,24.031,0.0,49,3,7.445016853231244,4.086166201989098,0.8220053921465791,0.0,4,7,0.04106776180698152
2020-07-16,辣椒类,64.325,693.7892,413.43191,64.325,0.0,210,9,10.785685192382433,6.427235289545278,0.6781220394913396,0.0,4,7,0.04106776180698152
2020-07-16,食用菌,50.09,582.5132,326.65043,50.09,0.0,156,7,11.629331203833098,6.5212703134358145,0.7832923103759575,0.0,4,7,0.04106776180698152
2020-07-17,水生根茎类,10.727,154.124,78.28756,10.727,0.0,29,2,14.367856809918896,7.298178428265125,0.968690811158248,0.0,5,7,0.04380561259411362
2020-07-17,花叶类,173.432,1202.146,711.91414,173.432,0.0,378,14,6.931512062364501,4.104860348724572,0.6886109327734382,0.0,5,7,0.04380561259411362
2020-07-17,花菜类,39.855,413.474,226.4016,39.855,0.0,82,2,10.374457408104378,5.680632292058713,0.8262856799598588,0.0,5,7,0.04380561259411362
2020-07-17,茄类,32.499,257.2918,147.01021,32.499,0.0,61,3,7.916914366595895,4.523530262469614,0.7501627948154079,0.0,5,7,0.04380561259411362
2020-07-17,辣椒类,55.82,638.3944,369.77257000000003,55.82,0.0,198,10,11.436660695091366,6.624374238624149,0.7264514779990305,0.0,5,7,0.04380561259411362
2020-07-17,食用菌,45.986,594.0452,333.53565000000003,45.986,0.0,152,7,12.917957639281521,7.252982429435047,0.7810545889172564,0.0,5,7,0.04380561259411362
2020-07-18,水生根茎类,7.242,108.96,54.998400000000004,7.242,0.0,16,2,15.045567522783761,7.594366197183099,0.9811485425030544,0.0,6,7,0.04654346338124572
2020-07-18,花叶类,231.29,1756.632,1055.62288,231.29,0.0,508,13,7.594932768386009,4.564066237191405,0.6640715479755421,0.0,6,7,0.04654346338124572
2020-07-18,花菜类,51.371,537.642,295.09449,51.371,0.0,104,2,10.465865955500185,5.744378929746355,0.8219316802560428,0.0,6,7,0.04654346338124572
2020-07-18,茄类,48.153,342.49559999999997,188.01416,48.153,0.0,81,3,7.112653417232571,3.9045160218470296,0.8216479014133826,0.0,6,7,0.04654346338124572
2020-07-18,辣椒类,71.212,848.6156,472.66325,71.212,0.0,273,10,11.916749985957422,6.6374101275066,0.7953915393253017,0.0,6,7,0.04654346338124572
2020-07-18,食用菌,56.881,740.0018,423.04161999999997,56.881,0.0,183,7,13.009648212935778,7.4373098222605085,0.7492411266768504,0.0,6,7,0.04654346338124572
2020-07-19,水生根茎类,8.204,120.074,60.83895,8.204,0.0,17,2,14.636031204290589,7.415766699171135,0.9736369546154233,0.0,7,7,0.049281314168377825
2020-07-19,花叶类,269.199,1984.162,1206.74747,269.199,0.0,569,12,7.370614303916433,4.482733851165866,0.644223045273921,0.0,7,7,0.049281314168377825
2020-07-19,花菜类,67.928,723.6560000000001,403.76422,67.928,0.0,147,2,10.653279943469558,5.944002767636321,0.7922737185578259,0.0,7,7,0.049281314168377825
2020-07-19,茄类,59.817,477.778,263.80764999999997,59.817,0.0,105,3,7.987328017118879,4.410245415182974,0.8110847050872108,0.0,7,7,0.049281314168377825
2020-07-19,辣椒类,92.933,1011.9708,611.2885200000001,92.933,0.0,311,10,10.889251396167131,6.577733636060388,0.6554716257390207,0.0,7,7,0.049281314168377825
2020-07-19,食用菌,70.368,972.8466000000001,559.20114,70.368,0.0,243,7,13.825127899045022,7.94681019781719,0.7397078267758896,0.0,7,7,0.049281314168377825
2020-07-20,水生根茎类,9.003,129.492,65.81344,9.003,0.0,21,2,14.383205598133953,7.310167721870488,0.9675616409049577,0.0,1,7,0.05201916495550993
2020-07-20,花叶类,182.337,1285.781,763.96578,182.337,0.0,388,12,7.051673549526426,4.1898560358018395,0.6830348081821151,0.0,1,7,0.05201916495550993
2020-07-20,花菜类,42.51,381.084,214.25724,42.51,0.0,88,2,8.964573041637262,5.040160903316867,0.7786283441343687,0.0,1,7,0.05201916495550993
2020-07-20,茄类,30.078,251.45,131.47596,30.078,0.0,56,3,8.359930846465856,4.371166965888689,0.9125169346548225,0.0,1,7,0.05201916495550993
2020-07-20,辣椒类,59.188,609.5218,393.49391,59.188,0.0,217,9,10.29806379671555,6.648204196796648,0.5489993225053977,0.0,1,7,0.05201916495550993
2020-07-20,食用菌,48.867,586.594,332.82169,48.867,0.0,167,7,12.003888104446766,6.810765751938937,0.762487294623136,0.0,1,7,0.05201916495550993
2020-07-21,水生根茎类,11.445,191.9014,111.80805000000001,11.445,0.0,26,3,16.767269550021844,9.76916120576671,0.7163468998877986,0.0,2,7,0.05475701574264202
2020-07-21,花叶类,200.51,1501.276,898.71414,200.51,0.0,399,13,7.4872874170864305,4.482141239838413,0.6704711021905141,0.0,2,7,0.05475701574264202
2020-07-21,花菜类,44.897,421.454,234.94249,44.897,0.0,104,2,9.387130543243424,5.232921798783883,0.7938602761892923,0.0,2,7,0.05475701574264202
2020-07-21,茄类,25.59,197.0276,109.93542,25.59,0.0,49,3,7.699398202422822,4.296030480656507,0.7922121914847826,0.0,2,7,0.05475701574264202
2020-07-21,辣椒类,53.786,542.9398,327.31454,53.786,0.0,192,10,10.09444465102443,6.08549696947161,0.6587707958222693,0.0,2,7,0.05475701574264202
2020-07-21,食用菌,42.027,527.7754,299.05773999999997,42.027,0.0,143,7,12.55800794727199,7.115847907297689,0.7647943169770492,0.0,2,7,0.05475701574264202
2020-07-22,水生根茎类,9.999,165.5492,87.34792,9.999,0.0,27,3,16.556575657565755,8.735665566556655,0.8952849707239738,0.0,3,7,0.057494866529774126
2020-07-22,花叶类,205.455,1494.9180000000001,874.41449,205.455,0.0,441,13,7.276133459881726,4.25599031418072,0.7096217149832458,0.0,3,7,0.057494866529774126
2020-07-22,花菜类,48.839,482.514,268.32773000000003,48.839,0.0,105,2,9.879686316263642,5.494128258154345,0.7982263704165049,0.0,3,7,0.057494866529774126
2020-07-22,茄类,46.498,359.2788,190.76296,46.498,0.0,84,3,7.726758140135059,4.102605703471117,0.8833781987865985,0.0,3,7,0.057494866529774126
2020-07-22,辣椒类,74.186,736.6684,441.61816,74.186,0.0,262,9,9.93001914107783,5.952850403041005,0.6681116555532951,0.0,3,7,0.057494866529774126
2020-07-22,食用菌,62.83,707.5206000000001,415.47045,62.83,0.0,190,7,11.260872194811396,6.61261260544326,0.70293844002624,0.0,3,7,0.057494866529774126
2020-07-23,水生根茎类,25.973,196.712,99.32986,25.973,0.0,35,3,7.573711161590882,3.8243506718515383,0.9803913948937406,0.0,4,7,0.06023271731690623
2020-07-23,花叶类,172.376,1298.497,736.56099,172.376,0.0,367,13,7.532933819093145,4.272990381491622,0.7629185059067549,0.0,4,7,0.06023271731690623
2020-07-23,花菜类,36.344,396.178,234.68367,36.344,0.0,82,2,10.900781421967862,6.45728786044464,0.6881362047900477,0.0,4,7,0.06023271731690623
2020-07-23,茄类,40.714,319.7556,176.61182,40.714,0.0,65,3,7.853701429483716,4.337864616593801,0.8104994331636468,0.0,4,7,0.06023271731690623
2020-07-23,辣椒类,53.861,606.3088,352.25663000000003,53.861,0.0,197,10,11.256916878632035,6.540105642301481,0.7212133097395497,0.0,4,7,0.06023271731690623
2020-07-23,食用菌,52.727,574.5562,335.93604,52.727,0.0,154,7,10.896811880061449,6.371233713277827,0.7103142610123048,0.0,4,7,0.06023271731690623
2020-07-24,水生根茎类,10.983,186.1868,102.53264,10.983,0.0,27,3,16.95227169261586,9.335576800509878,0.8158783388392223,0.0,5,7,0.06297056810403832
2020-07-24,花叶类,159.929,1224.398,724.9669,159.929,0.0,336,11,7.6558847988795025,4.533054668008929,0.6889019346952254,0.0,5,7,0.06297056810403832
2020-07-24,花菜类,34.424,376.288,227.87968,34.424,0.0,71,2,10.930978387171741,6.619790843597491,0.6512573652903146,0.0,5,7,0.06297056810403832
2020-07-24,茄类,32.416,270.2736,155.84904,32.416,0.0,50,3,8.33766041461007,4.807781342546891,0.734201250132821,0.0,5,7,0.06297056810403832
2020-07-24,辣椒类,53.392,548.679,352.11904,53.392,0.0,179,8,10.276427180101887,6.594977524722804,0.5582201973514413,0.0,5,7,0.06297056810403832
2020-07-24,食用菌,44.264,523.1532,302.44524,44.264,0.0,133,7,11.818931863365261,6.8327589011386225,0.7297451928818584,0.0,5,7,0.06297056810403832
2020-07-25,水生根茎类,7.516,115.248,58.77584,7.516,0.0,17,2,15.333688131985099,7.820095795635977,0.9608056643682166,0.0,6,7,0.06570841889117043
2020-07-25,花叶类,204.513,1657.4254,976.59326,204.513,0.0,456,13,8.104254497269123,4.775213605003104,0.6971501523571852,0.0,6,7,0.06570841889117043
2020-07-25,花菜类,49.636,551.126,347.58535,49.636,0.0,103,2,11.103352405512128,7.0026865581432824,0.5855846628748882,0.0,6,7,0.06570841889117043
2020-07-25,茄类,49.419,358.85319999999996,233.9135,49.419,0.0,89,3,7.261441955523179,4.7332706044234,0.5341277865535763,0.0,6,7,0.06570841889117043
2020-07-25,辣椒类,81.697,839.2218,569.43219,81.697,0.0,272,10,10.27236985446222,6.970050185441326,0.4737870719953503,0.0,6,7,0.06570841889117043
2020-07-25,食用菌,58.697,711.1398,411.25837,58.697,0.0,182,7,12.115436904782186,7.006463192326694,0.7291801258658881,0.0,6,7,0.06570841889117043
2020-07-26,水生根茎类,11.031,202.5946,118.57968,11.031,0.0,32,3,18.36593237240504,10.749676366603207,0.708510260779925,0.0,7,7,0.06844626967830253
2020-07-26,花叶类,215.73,1810.411,1044.04576,215.73,0.0,480,13,8.392022435451723,4.839594678533352,0.7340341480817854,0.0,7,7,0.06844626967830253
2020-07-26,花菜类,54.93,622.632,401.30612,54.93,0.0,119,2,11.335008192244674,7.305773165847443,0.5515138418521996,0.0,7,7,0.06844626967830253
2020-07-26,茄类,61.884,471.0168,290.24188,61.884,0.0,99,3,7.611285631180919,4.690095662853079,0.6228422996708816,0.0,7,7,0.06844626967830253
2020-07-26,辣椒类,88.468,924.617,601.74038,88.468,0.0,305,9,10.451428765203236,6.801785730433602,0.5365713033916719,0.0,7,7,0.06844626967830253
2020-07-26,食用菌,61.676,776.0456,451.44586,61.676,0.0,176,7,12.58261884687723,7.319635838900058,0.7190225202198113,0.0,7,7,0.06844626967830253
2020-07-27,水生根茎类,16.436,231.2828,145.69638,16.436,0.0,36,3,14.071720613287905,8.864467023606718,0.5874299690905154,0.0,1,7,0.07118412046543464
2020-07-27,花叶类,179.605,1431.734,824.1759500000001,179.605,0.0,364,12,7.9715709473567,4.588825199743883,0.7371703214586642,0.0,1,7,0.07118412046543464
2020-07-27,花菜类,37.663,413.06,264.35149,37.663,0.0,78,2,10.9672622998699,7.01886440272947,0.5625408428755214,0.0,1,7,0.07118412046543464
2020-07-27,茄类,30.576,232.9424,149.36808,30.576,0.0,49,3,7.618472004186289,4.885141287284144,0.5595192761398553,0.0,1,7,0.07118412046543464
2020-07-27,辣椒类,68.303,743.187,467.64774,68.303,0.0,243,10,10.880737302900313,6.846664714580619,0.5892025908218865,0.0,1,7,0.07118412046543464
2020-07-27,食用菌,40.979,548.3694,313.46198,40.979,0.0,142,7,13.381717465043073,7.649332096927695,0.7493968487023532,0.0,1,7,0.07118412046543464
2020-07-28,水生根茎类,13.508,162.096,97.90991000000001,13.508,0.0,33,2,12.000000000000002,7.248290642582175,0.6555627515131002,0.0,2,7,0.07392197125256673
2020-07-28,花叶类,142.605,1186.858,668.2193,142.605,0.0,310,13,8.32269555765927,4.6858055467900845,0.7761504344456978,0.0,2,7,0.07392197125256673
2020-07-28,花菜类,32.735,353.992,222.97254999999998,32.735,0.0,65,2,10.813868947609594,6.811441881777913,0.5876034964842087,0.0,2,7,0.07392197125256673
2020-07-28,茄类,33.677,268.186,166.83366,33.677,0.0,51,3,7.963476556700418,4.953934732903763,0.60750534394558,0.0,2,7,0.07392197125256673
2020-07-28,辣椒类,57.4,585.683,393.29666,57.4,0.0,201,10,10.203536585365853,6.85185818815331,0.48916342183022854,0.0,2,7,0.07392197125256673
2020-07-28,食用菌,42.392,478.9928,271.40907,42.392,0.0,123,8,11.299131911681448,6.402365304774485,0.764837114691856,0.0,2,7,0.07392197125256673
2020-07-29,水生根茎类,18.054000000000002,220.782,131.51193,18.054000000000002,0.0,33,2,12.228979727484214,7.284365237620471,0.6787982656782547,0.0,3,7,0.07665982203969883
2020-07-29,花叶类,175.106,1397.8354,821.923,175.106,0.0,370,12,7.982795563829908,4.693859719255765,0.700688993981188,0.0,3,7,0.07665982203969883
2020-07-29,花菜类,38.031,439.866,282.10945,38.031,0.0,86,2,11.565985643290999,7.417881465120559,0.5592033517487627,0.0,3,7,0.07665982203969883
2020-07-29,茄类,35.535,284.44,173.04929,35.535,0.0,59,3,8.0045026030674,4.869826649781906,0.6436935395689862,0.0,3,7,0.07665982203969883
2020-07-29,辣椒类,74.515,749.4174,510.10136,74.515,0.0,254,9,10.057269006240356,6.84561980809233,0.46915389521800166,0.0,3,7,0.07665982203969883
2020-07-29,食用菌,49.942,601.444,345.20682,49.942,0.0,155,7,12.042849705658563,6.912154499219094,0.7422714881473083,0.0,3,7,0.07665982203969883
2020-07-30,水生根茎类,8.316,101.066,61.35367,8.316,0.0,21,2,12.153198653198652,7.377786195286195,0.6472690223747006,0.0,4,7,0.07939767282683094
2020-07-30,花叶类,175.812,1415.987,820.7869000000001,175.812,0.0,361,11,8.05398380087821,4.66854879075376,0.7251578942110308,0.0,4,7,0.07939767282683094
2020-07-30,花菜类,32.394,342.73199999999997,214.86252000000002,32.394,0.0,70,2,10.580107427301352,6.632787553250603,0.595122313561248,0.0,4,7,0.07939767282683094
2020-07-30,茄类,40.509,318.622,195.71698,40.509,0.0,71,3,7.865461996099633,4.831444370386828,0.6279732090695451,0.0,4,7,0.07939767282683094
2020-07-30,辣椒类,62.365,596.7414,395.17228,62.365,0.0,213,10,9.568530425719555,6.336443197306181,0.5100790976533072,0.0,4,7,0.07939767282683094
2020-07-30,食用菌,47.711,533.65,304.33084,47.711,0.0,140,7,11.185051665234433,6.37863050449582,0.7535192949883092,0.0,4,7,0.07939767282683094
2020-07-31,水生根茎类,19.062,213.33,143.33836,19.062,0.0,37,2,11.191375511488825,7.519586612107858,0.48829664299214803,0.0,5,7,0.08213552361396304
2020-07-31,花叶类,195.166,1522.4384,861.31641,195.166,0.0,435,13,7.800735783896785,4.413250309992519,0.7675715710559838,0.0,5,7,0.08213552361396304
2020-07-31,花菜类,36.922,390.57800000000003,247.16234,36.922,0.0,73,2,10.578462705162236,6.694175288445914,0.5802488356438122,0.0,5,7,0.08213552361396304
2020-07-31,茄类,34.092,265.107,163.00838000000002,34.092,0.0,53,3,7.776223160858853,4.781426141030154,0.6263397010632212,0.0,5,7,0.08213552361396304
2020-07-31,辣椒类,41.104,440.091,274.71302000000003,41.104,0.0,152,10,10.706768197742313,6.683364636045154,0.6020027008548776,0.0,5,7,0.08213552361396304
2020-07-31,食用菌,45.587,522.947,303.5517,45.587,0.0,127,7,11.471406321977756,6.658733849562374,0.7227609003672195,0.0,5,7,0.08213552361396304
2020-08-01,水生根茎类,19.1,215.188,144.53248,19.1,0.0,39,2,11.266387434554971,7.5671455497382185,0.4888556537603175,0.0,6,8,0.08487337440109514
2020-08-01,花叶类,202.487,1661.564,928.53498,202.487,0.0,470,14,8.205781111873849,4.585652313481853,0.7894468553031786,0.0,6,8,0.08487337440109514
2020-08-01,花菜类,50.603,567.742,374.94429,50.603,0.0,111,2,11.219532438788214,7.409526905519436,0.5142036167559718,0.0,6,8,0.08487337440109514
2020-08-01,茄类,45.654,335.528,202.3995,45.654,0.0,85,3,7.349366977701844,4.433335523721908,0.6577511308081294,0.0,6,8,0.08487337440109514
2020-08-01,辣椒类,62.532,658.8272,426.43953,62.532,0.0,252,11,10.535840849485064,6.819540875071963,0.5449487058575457,0.0,6,8,0.08487337440109514
2020-08-01,食用菌,52.214999999999996,650.8878,383.71664,52.214999999999996,0.0,168,7,12.465532892846884,7.348781767691277,0.6962720198946808,0.0,6,8,0.08487337440109514
2020-08-02,水生根茎类,50.274,574.8252,389.7187,50.274,0.0,96,3,11.433846521064567,7.7518936229462545,0.4749746419661156,0.0,7,8,0.08761122518822724
2020-08-02,花叶类,234.102,2030.415,1169.88496,234.102,0.0,531,17,8.673206550990594,4.997330052712066,0.7355680852585711,0.0,7,8,0.08761122518822724
2020-08-02,花菜类,49.219,556.502,373.27852,49.219,0.0,99,2,11.306649870984781,7.58403299538796,0.490849245758904,0.0,7,8,0.08761122518822724
2020-08-02,茄类,50.893,352.942,217.69269,50.893,0.0,93,3,6.934981235140393,4.277458393099248,0.6212854919473869,0.0,7,8,0.08761122518822724
2020-08-02,辣椒类,67.963,661.0504,433.48687,67.963,0.0,252,11,9.726621838353221,6.378277445080412,0.5249606060732586,0.0,7,8,0.08761122518822724
2020-08-02,食用菌,54.961,617.6406000000001,353.52817999999996,54.961,0.0,163,8,11.237797711104239,6.43234620913011,0.7470760039553288,0.0,7,8,0.08761122518822724
2020-08-03,水生根茎类,15.555,195.6176,126.80407,15.555,0.0,41,3,12.575866280938605,8.151981356477016,0.5426760355562721,0.0,1,8,0.09034907597535935
2020-08-03,花叶类,206.505,1672.5918,993.53304,206.505,0.0,467,16,8.099522045471053,4.811181521028547,0.6834787899957506,0.0,1,8,0.09034907597535935
2020-08-03,花菜类,44.426,492.028,314.65907999999996,44.426,0.0,89,2,11.075226218880836,7.08276864898933,0.5636860058193778,0.0,1,8,0.09034907597535935
2020-08-03,茄类,45.191,302.953,173.03303,45.191,0.0,82,3,6.703834834369674,3.828926777455688,0.7508391316964165,0.0,1,8,0.09034907597535935
2020-08-03,辣椒类,86.474,854.4544,529.03995,86.474,0.0,295,11,9.881055577398985,6.117907694798436,0.6151037364947578,0.0,1,8,0.09034907597535935
2020-08-03,食用菌,46.67,585.5202,344.09586,46.67,0.0,142,8,12.5459652881937,7.372956074566103,0.7016194266330318,0.0,1,8,0.09034907597535935
2020-08-04,水生根茎类,26.208,319.5464,207.16784,26.208,0.0,51,3,12.192704517704518,7.904755799755801,0.5424517627832581,0.0,2,8,0.09308692676249145
2020-08-04,花叶类,178.012,1314.9652,760.30179,178.012,0.0,385,17,7.3869469473968055,4.271070433453924,0.7295305854797478,0.0,2,8,0.09308692676249145
2020-08-04,花菜类,44.534,484.39,299.01651,44.534,0.0,99,2,10.876858130866305,6.714342075717429,0.6199439957345501,0.0,2,8,0.09308692676249145
2020-08-04,茄类,30.591,228.636,117.24104,30.591,0.0,56,3,7.4739629302736095,3.8325337517570524,0.9501362321589779,0.0,2,8,0.09308692676249145
2020-08-04,辣椒类,73.365,706.3548,446.36012,73.365,0.0,225,8,9.627953383766101,6.084101683364002,0.5824773951579725,0.0,2,8,0.09308692676249145
2020-08-04,食用菌,45.301,570.8358000000001,334.69534,45.301,0.0,140,7,12.600953621332863,7.3882550054082685,0.7055385354334485,0.0,2,8,0.09308692676249145
2020-08-05,水生根茎类,21.451999999999998,258.012,168.4892,21.451999999999998,0.0,38,3,12.027410031698677,7.854242028715272,0.5313266369595202,0.0,3,8,0.09582477754962354
2020-08-05,花叶类,240.806,1868.8282,1109.09823,240.806,0.0,536,18,7.760721078378445,4.605774897635441,0.6849979104195305,0.0,3,8,0.09582477754962354
2020-08-05,花菜类,43.631,446.41,271.85225,43.631,0.0,101,2,10.231486786917559,6.2307132543375126,0.6421052244371712,0.0,3,8,0.09582477754962354
2020-08-05,茄类,49.472,368.65,200.24669,49.472,0.0,85,3,7.451689844760672,4.047677271992238,0.8409792441513015,0.0,3,8,0.09582477754962354
2020-08-05,辣椒类,82.229,808.7544,518.91734,82.229,0.0,272,7,9.835391406924565,6.310636636709677,0.5585418671883271,0.0,3,8,0.09582477754962354
2020-08-05,食用菌,62.84,757.8292,447.22276,62.84,0.0,179,7,12.059662635264162,7.116848504137492,0.6945228816172058,0.0,3,8,0.09582477754962354
2020-08-06,水生根茎类,19.115000000000002,220.8958,144.58548000000002,19.115000000000002,0.0,36,3,11.556149620716713,7.563980120324353,0.5277868842708131,0.0,4,8,0.09856262833675565
2020-08-06,花叶类,218.037,1711.7664,996.44077,218.037,0.0,462,17,7.850806973128414,4.5700535688896835,0.7178807326400345,0.0,4,8,0.09856262833675565
2020-08-06,花菜类,40.827,394.476,238.4952,40.827,0.0,84,2,9.662135351605556,5.841604820339482,0.6540207098507642,0.0,4,8,0.09856262833675565
2020-08-06,茄类,31.596,252.768,148.62488000000002,31.596,0.0,57,2,8.0,4.703914419546779,0.7007112133580862,0.0,4,8,0.09856262833675565
2020-08-06,辣椒类,74.047,731.4874,467.89794,74.047,0.0,249,11,9.878690561400193,6.318931759558119,0.563348195121355,0.0,4,8,0.09856262833675565
2020-08-06,食用菌,48.611,596.5882,351.80117,48.611,0.0,155,8,12.272699594741932,7.237069181872417,0.6958107330910808,0.0,4,8,0.09856262833675565
2020-08-07,水生根茎类,25.415,312.622,202.39659,25.415,0.0,50,4,12.30068856974228,7.963666732244738,0.5446011219853062,0.0,5,8,0.10130047912388775
2020-08-07,花叶类,198.712,1632.6442,936.44476,198.712,0.0,415,17,8.21613289584927,4.712572768629977,0.7434495548888544,0.0,5,8,0.10130047912388775
2020-08-07,花菜类,40.272,438.672,266.26655999999997,40.272,0.0,89,2,10.892729439809298,6.611704410011918,0.647491896842022,0.0,5,8,0.10130047912388775
2020-08-07,茄类,51.799,266.16,199.68932,51.799,0.0,90,3,5.138323133651229,3.8550806000115836,0.33287048100519345,0.0,5,8,0.10130047912388775
2020-08-07,辣椒类,78.611,789.528,503.61723,78.611,0.0,262,10,10.043479920112961,6.406447316533309,0.567714432645603,0.0,5,8,0.10130047912388775
2020-08-07,食用菌,68.177,735.9746,428.5975,68.177,0.0,179,11,10.79505698402687,6.2865409155580325,0.7171696055156642,0.0,5,8,0.10130047912388775
2020-08-08,水生根茎类,27.461,335.91,217.08256,27.461,0.0,55,4,12.232256654892394,7.905122173263902,0.5473836313704794,0.0,6,8,0.10403832991101986
2020-08-08,花叶类,310.161,2499.8686000000002,1485.56959,310.161,0.0,647,16,8.059906306724573,4.789672428190521,0.6827677524012861,0.0,6,8,0.10403832991101986
2020-08-08,花菜类,58.156,619.868,371.36375999999996,58.156,0.0,132,2,10.658711053029783,6.385648256413783,0.6691666413545578,0.0,6,8,0.10403832991101986
2020-08-08,茄类,63.764,323.176,166.4073,63.764,0.0,111,3,5.068314409384605,2.6097374694184805,0.9420782621916226,0.0,6,8,0.10403832991101986
2020-08-08,辣椒类,100.292,980.1272,641.57387,100.292,0.0,340,8,9.772735612012923,6.397059286882304,0.5276918930629142,0.0,6,8,0.10403832991101986
2020-08-08,食用菌,92.144,863.66,500.81179,92.144,0.0,222,12,9.372938010071191,5.435099301093939,0.7245201036501157,0.0,6,8,0.10403832991101986
2020-08-09,水生根茎类,25.9,289.348,200.7108,25.9,0.0,57,3,11.171737451737453,7.749451737451738,0.4416164949768522,0.0,7,8,0.10677618069815195
2020-08-09,花叶类,245.052,1981.576,1159.75049,245.052,0.0,497,16,8.08634901979988,4.732670984117656,0.7086226883163464,0.0,7,8,0.10677618069815195
2020-08-09,花菜类,54.876,655.23,449.74826,54.876,0.0,117,2,11.940192433850864,8.195718711276333,0.45688167865285334,0.0,7,8,0.10677618069815195
2020-08-09,茄类,51.835,259.75,146.42949,51.835,0.0,95,3,5.0110928909038295,2.824915404649368,0.7738913111013364,0.0,7,8,0.10677618069815195
2020-08-09,辣椒类,73.684,729.5186,472.64302,73.684,0.0,255,10,9.900637858965311,6.4144593127408935,0.5434875141073701,0.0,7,8,0.10677618069815195
2020-08-09,食用菌,73.073,930.362,567.59634,73.073,0.0,232,10,12.731952978528321,7.767524803963162,0.6391261437661839,0.0,7,8,0.10677618069815195
2020-08-10,水生根茎类,30.683,342.8468,219.50706,30.683,0.0,64,4,11.173835674477724,7.154028615194082,0.5618941823556836,0.0,1,8,0.10951403148528405
2020-08-10,花叶类,204.951,1703.9950000000001,996.8182,204.951,0.0,453,15,8.314158018258023,4.863690345497217,0.7094340773473038,0.0,1,8,0.10951403148528405
2020-08-10,花菜类,50.7,589.83,405.46511000000004,50.7,0.0,116,2,11.633727810650887,7.997339447731756,0.45469976442609306,0.0,1,8,0.10951403148528405
2020-08-10,茄类,47.664,237.186,127.70948,47.664,0.0,85,3,4.976208459214502,2.679369754951326,0.8572309588920104,0.0,1,8,0.10951403148528405
2020-08-10,辣椒类,78.905,783.0778,511.73026000000004,78.905,0.0,262,9,9.924311513845764,6.485397123122743,0.5302550214638468,0.0,1,8,0.10951403148528405
2020-08-10,食用菌,36.094,497.3138,282.69868,36.094,0.0,123,5,13.778295561589184,7.8322901313237665,0.7591656246856191,0.0,1,8,0.10951403148528405
2020-08-11,水生根茎类,19.681,239.0032,156.12643,19.681,0.0,45,4,12.143854478939078,7.932850464915401,0.5308311347412478,0.0,2,8,0.11225188227241616
2020-08-11,花叶类,200.068,1513.7816,919.47937,200.068,0.0,424,15,7.566335445948377,4.595834266349441,0.6463464536458279,0.0,2,8,0.11225188227241616
2020-08-11,花菜类,56.279,643.296,397.34051,56.279,0.0,133,2,11.430480285719362,7.060191368005827,0.6190043144606627,0.0,2,8,0.11225188227241616
2020-08-11,茄类,33.572,167.394,86.03678,33.572,0.0,60,3,4.986119385201953,2.562754080781603,0.9456097729366442,0.0,2,8,0.11225188227241616
2020-08-11,辣椒类,73.292,747.7902,474.80627000000004,73.292,0.0,256,10,10.202889810620531,6.478282350051848,0.574937500298806,0.0,2,8,0.11225188227241616
2020-08-11,食用菌,40.017,529.7576,299.54931999999997,40.017,0.0,131,5,13.238313716670415,7.485551640552764,0.7685154484743952,0.0,2,8,0.11225188227241616
2020-08-12,水生根茎类,27.355,311.9464,201.56467999999998,27.355,0.0,57,4,11.403633704989947,7.368476695302503,0.5476243159267786,0.0,3,8,0.11498973305954825
2020-08-12,花叶类,194.523,1486.1114,906.49565,194.523,0.0,408,14,7.639772160618539,4.660094950211543,0.6394026821860646,0.0,3,8,0.11498973305954825
2020-08-12,花菜类,50.065,581.3,348.64304,50.065,0.0,111,2,11.610905822430839,6.963807849795266,0.6673213955454265,0.0,3,8,0.11498973305954825
2020-08-12,茄类,36.009,244.553,122.45574,36.009,0.0,66,3,6.791441028631731,3.400698158793635,0.99707257495647,0.0,3,8,0.11498973305954825
2020-08-12,辣椒类,85.166,860.6532,545.41116,85.166,0.0,276,10,10.105596129910998,6.404095061409483,0.5779897133017962,0.0,3,8,0.11498973305954825
2020-08-12,食用菌,34.195,459.8046,272.13979,34.195,0.0,123,6,13.446544816493638,7.958467319783594,0.6895897509144104,0.0,3,8,0.11498973305954825
2020-08-13,水生根茎类,19.324,234.16140000000001,153.83245,19.324,0.0,44,3,12.11764645001035,7.9606939557027525,0.5221846886011372,0.0,4,8,0.11772758384668036
2020-08-13,花叶类,179.955,1323.5884,798.72631,179.955,0.0,376,15,7.35510766580534,4.4384780083909865,0.6571238275599061,0.0,4,8,0.11772758384668036
2020-08-13,花菜类,47.468,494.769,330.91526,47.468,0.0,113,2,10.423211426645318,6.971333529957023,0.49515317002908854,0.0,4,8,0.11772758384668036
2020-08-13,茄类,31.109,212.74200000000002,85.04629,31.109,0.0,58,3,6.838599762126716,2.733816258960429,1.5014847796417694,0.0,4,8,0.11772758384668036
2020-08-13,辣椒类,61.768,613.2288,388.04931,61.768,0.0,222,9,9.927936795751846,6.282368054656132,0.5802857631675729,0.0,4,8,0.11772758384668036
2020-08-13,食用菌,35.387,475.8706,281.7811,35.387,0.0,128,5,13.447610704496002,7.96284228671546,0.6887953095505699,0.0,4,8,0.11772758384668036
2020-08-14,水生根茎类,29.991,253.2994,148.35490000000001,29.991,0.0,50,4,8.44584708745957,4.946647327531593,0.7073881617661428,0.0,5,8,0.12046543463381246
2020-08-14,花叶类,211.056,1565.6416,911.67519,211.056,0.0,467,15,7.418133575922977,4.319589066408915,0.7173239078711791,0.0,5,8,0.12046543463381246
2020-08-14,花菜类,58.582,598.5409999999999,366.74234,58.582,0.0,137,2,10.217148612201699,6.260324673107781,0.6320477204786332,0.0,5,8,0.12046543463381246
2020-08-14,茄类,37.826,276.063,199.61494,37.826,0.0,67,3,7.298234018928778,5.277188706180933,0.38297764686350644,0.0,5,8,0.12046543463381246
2020-08-14,辣椒类,76.489,776.5718,487.35945999999996,76.489,0.0,261,10,10.152725228464224,6.371628077239864,0.5934271594933238,0.0,5,8,0.12046543463381246
2020-08-14,食用菌,53.795,583.87,340.98693,53.795,0.0,158,10,10.853610930383864,6.338636118598382,0.7122943685847432,0.0,5,8,0.12046543463381246
2020-08-15,水生根茎类,25.642,272.6662,182.35569,25.642,0.0,47,3,10.633577724046486,7.111601669136573,0.49524371847130166,0.0,6,8,0.12320328542094455
2020-08-15,花叶类,245.136,1933.717,1122.52543,245.136,0.0,507,14,7.888343613341166,4.579194528751387,0.722648724314424,0.0,6,8,0.12320328542094455
2020-08-15,花菜类,79.38,680.84,403.864,79.38,0.0,169,2,8.576971529352482,5.0877299067775255,0.6858150268407188,0.0,6,8,0.12320328542094455
2020-08-15,茄类,43.278999999999996,318.823,221.52634999999998,43.278999999999996,0.0,82,3,7.366690542757458,5.118564430786294,0.4392102790480681,0.0,6,8,0.12320328542094455
2020-08-15,辣椒类,94.285,956.6032,585.00875,94.285,0.0,327,10,10.145868377790741,6.204685262767142,0.6351946872589513,0.0,6,8,0.12320328542094455
2020-08-15,食用菌,58.015,658.7176000000001,390.10999,58.015,0.0,166,10,11.354263552529519,6.724295268465052,0.6885432746800462,0.0,6,8,0.12320328542094455
2020-08-16,水生根茎类,24.454,244.59820000000002,157.90603,24.454,0.0,52,3,10.002379978735586,6.457267931626727,0.5490111428930236,0.0,7,8,0.12594113620807665
2020-08-16,花叶类,241.48,1826.1872,1043.14125,241.48,0.0,483,13,7.562478052012589,4.319783211860195,0.7506614756151193,0.0,7,8,0.12594113620807665
2020-08-16,花菜类,60.231,634.4398,409.64099,60.231,0.0,137,2,10.533442911457554,6.801165346748352,0.5487703025031747,0.0,7,8,0.12594113620807665
2020-08-16,茄类,48.366,341.816,203.41248000000002,48.366,0.0,84,3,7.067278666832071,4.2056916015382715,0.6804082030758383,0.0,7,8,0.12594113620807665
2020-08-16,辣椒类,95.285,943.0664,574.08525,95.285,0.0,329,9,9.897322768536496,6.024927848034843,0.6427288455852156,0.0,7,8,0.12594113620807665
2020-08-16,食用菌,55.093,685.6208,408.53525,55.093,0.0,176,9,12.444789719202076,7.4153749115132594,0.678241473654966,0.0,7,8,0.12594113620807665
2020-08-17,水生根茎类,15.916,172.62300000000002,115.09236,15.916,0.0,32,3,10.845878361397338,7.231236491580799,0.4998649780054909,0.0,1,8,0.12867898699520877
2020-08-17,花叶类,213.346,1431.264,868.86756,213.346,0.0,460,13,6.708651673806867,4.072574878366597,0.6472752187916877,0.0,1,8,0.12867898699520877
2020-08-17,花菜类,51.749,535.147,326.53364,51.749,0.0,121,2,10.341204660959633,6.309950723685481,0.6388724910548271,0.0,1,8,0.12867898699520877
2020-08-17,茄类,35.014,259.046,179.04629,35.014,0.0,64,3,7.39835494373679,5.113562860570057,0.44681020757257817,0.0,1,8,0.12867898699520877
2020-08-17,辣椒类,72.953,690.9762,429.61867,72.953,0.0,251,9,9.47152550272093,5.8889787945663645,0.6083477005317297,0.0,1,8,0.12867898699520877
2020-08-17,食用菌,47.418,538.4362,312.09629,47.418,0.0,140,9,11.355101438272387,6.581810493905269,0.7252246093665515,0.0,1,8,0.12867898699520877
2020-08-18,水生根茎类,21.753,208.0406,140.05548,21.753,0.0,38,3,9.563765917344735,6.438444352503103,0.48541563671767807,0.0,2,8,0.13141683778234087
2020-08-18,花叶类,225.113,1601.7918,972.57971,225.113,0.0,470,13,7.115501103890046,4.3204066846428235,0.6469516930391237,0.0,2,8,0.13141683778234087
2020-08-18,花菜类,55.92,551.62,344.0431,55.92,0.0,129,2,9.86444921316166,6.1524159513590835,0.603345627335645,0.0,2,8,0.13141683778234087
2020-08-18,茄类,34.019,259.425,160.15517,34.019,0.0,66,3,7.625885534554221,4.7078153384873165,0.6198353134650603,0.0,2,8,0.13141683778234087
2020-08-18,辣椒类,76.92,725.141,435.74170000000004,76.92,0.0,258,10,9.427210088403536,5.66486869474779,0.664153327533261,0.0,2,8,0.13141683778234087
2020-08-18,食用菌,45.716,523.6236,303.69091,45.716,0.0,135,8,11.453836731122584,6.642989544142094,0.7241991207441807,0.0,2,8,0.13141683778234087
2020-08-19,水生根茎类,17.95,188.24040000000002,124.85524,17.95,0.0,35,3,10.486930362116993,6.955723676880223,0.5076692015489301,0.0,3,8,0.13415468856947296
2020-08-19,花叶类,214.173,1519.7384,897.7111,214.173,0.0,437,13,7.095844947775864,4.191523207874008,0.6929036524111156,0.0,3,8,0.13415468856947296
2020-08-19,花菜类,64.061,591.306,416.34862,64.061,0.0,140,2,9.230358564493217,6.499252587377654,0.42021846980062083,0.0,3,8,0.13415468856947296
2020-08-19,茄类,30.347,232.61599999999999,146.705,30.347,0.0,57,3,7.665205786403927,4.834250502520843,0.5856037626529427,0.0,3,8,0.13415468856947296
2020-08-19,辣椒类,80.919,658.47,446.05690000000004,80.919,0.0,277,9,8.137396655915175,5.5123876963383145,0.4762018029538384,0.0,3,8,0.13415468856947296
2020-08-19,食用菌,50.126,621.4786,362.74645,50.126,0.0,154,10,12.398328212903484,7.236692534812273,0.7132589443673398,0.0,3,8,0.13415468856947296
2020-08-20,水生根茎类,22.966,223.0876,146.86912,22.966,0.0,48,3,9.713820430201167,6.395067491073761,0.5189551077857619,0.0,4,8,0.13689253935660506
2020-08-20,花叶类,233.532,1683.267,982.1584899999999,233.532,0.0,470,13,7.207864446842403,4.205669843961426,0.7138445751255484,0.0,4,8,0.13689253935660506
2020-08-20,花菜类,69.587,630.3,427.62940000000003,69.587,0.0,150,2,9.057726299452483,6.1452483940965985,0.47393981798258,0.0,4,8,0.13689253935660506
2020-08-20,茄类,37.957,329.806,215.15592,37.957,0.0,67,3,8.688937481887399,5.668412150591459,0.5328697439512702,0.0,4,8,0.13689253935660506
2020-08-20,辣椒类,75.953,633.024,412.38964,75.953,0.0,270,10,8.334417337037378,5.429537213803273,0.5350143131626681,0.0,4,8,0.13689253935660506
2020-08-20,食用菌,54.411,608.8122,356.19688,54.411,0.0,150,11,11.189138225726415,6.546413041480583,0.7092013832350244,0.0,4,8,0.13689253935660506
2020-08-21,水生根茎类,34.598,251.5688,158.7828,34.598,0.0,54,4,7.271194866755304,4.58936354702584,0.5843580035117153,0.0,5,8,0.13963039014373715
2020-08-21,花叶类,201.695,1524.761,914.1101199999999,201.695,0.0,412,13,7.5597362354049435,4.532140707503904,0.668027698894746,0.0,5,8,0.13963039014373715
2020-08-21,花菜类,50.062,507.66,303.71992,50.062,0.0,108,2,10.140625624225962,6.06687547441173,0.671474166067211,0.0,5,8,0.13963039014373715
2020-08-21,茄类,29.694,247.648,159.25308,29.694,0.0,54,3,8.340001347073484,5.3631400282885435,0.5550594060723975,0.0,5,8,0.13963039014373715
2020-08-21,辣椒类,85.19800000000001,694.994,461.62420000000003,85.19800000000001,0.0,282,10,8.157398060987347,5.418251602150285,0.5055406540644967,0.0,5,8,0.13963039014373715
2020-08-21,食用菌,50.0,608.3198,357.93222,50.0,0.0,157,9,12.166395999999999,7.158644399999999,0.6995390915073252,0.0,5,8,0.13963039014373715
2020-08-22,水生根茎类,42.772,282.6736,182.91296,42.772,0.0,54,3,6.6088469091929305,4.276464977087815,0.5453995167974974,0.0,6,8,0.14236824093086928
2020-08-22,花叶类,264.51,1934.503,1150.89608,264.51,0.0,540,14,7.313534459944804,4.351049412120525,0.6808667903361005,0.0,6,8,0.14236824093086928
2020-08-22,花菜类,55.886,563.756,330.70092999999997,55.886,0.0,132,2,10.08760691407508,5.917419926278495,0.7047306156653383,0.0,6,8,0.14236824093086928
2020-08-22,茄类,30.422,295.327,171.40382,30.422,0.0,58,3,9.707678653605942,5.634206166589967,0.7229896043157031,0.0,6,8,0.14236824093086928
2020-08-22,辣椒类,116.801,959.536,661.33341,116.801,0.0,374,9,8.215135144390887,5.662052636535646,0.45091112212219864,0.0,6,8,0.14236824093086928
2020-08-22,食用菌,49.895,627.016,357.4722,49.895,0.0,165,9,12.566710091191501,7.164489427798376,0.7540273061793337,0.0,6,8,0.14236824093086928
2020-08-23,水生根茎类,46.057,309.38300000000004,198.64558000000002,46.057,0.0,58,4,6.717393664372409,4.3130377575612835,0.5574622903766597,0.0,7,8,0.14510609171800137
2020-08-23,花叶类,255.886,1947.558,1143.67688,255.886,0.0,512,13,7.611037727738133,4.46947812697842,0.7028918167865734,0.0,7,8,0.14510609171800137
2020-08-23,花菜类,71.556,775.273,455.41546999999997,71.556,0.0,158,2,10.834493264016995,6.364462379115658,0.7023422590365676,0.0,7,8,0.14510609171800137
2020-08-23,茄类,47.316,454.528,306.55948,47.316,0.0,90,3,9.606221996787555,6.478981317102037,0.4826747487958942,0.0,7,8,0.14510609171800137
2020-08-23,辣椒类,93.714,770.576,523.20137,93.714,0.0,336,9,8.222634825106175,5.582958469385577,0.4728095991033052,0.0,7,8,0.14510609171800137
2020-08-23,食用菌,55.226,665.1796,409.27103,55.226,0.0,179,8,12.044681852750518,7.4108396407489225,0.6252789746686935,0.0,7,8,0.14510609171800137
2020-08-24,水生根茎类,20.305,201.1994,131.25176,20.305,0.0,37,3,9.908859886727408,6.46401181974883,0.532927253699303,0.0,1,8,0.14784394250513347
2020-08-24,花叶类,260.694,1777.826,1089.82549,260.694,0.0,485,15,6.819589250232072,4.1804778399195985,0.6312941992208314,0.0,1,8,0.14784394250513347
2020-08-24,花菜类,41.784,439.187,279.61451,41.784,0.0,89,2,10.510889335630864,6.691903838789967,0.5706874439384424,0.0,1,8,0.14784394250513347
2020-08-24,茄类,26.874,233.149,154.31721,26.874,0.0,55,3,8.675634442211804,5.742249386023666,0.5108425042158293,0.0,1,8,0.14784394250513347
2020-08-24,辣椒类,97.079,760.6727999999999,542.45805,97.079,0.0,281,10,7.835606052802357,5.587800142152267,0.4022702769366222,0.0,1,8,0.14784394250513347
2020-08-24,食用菌,39.576,472.2158,278.12089,39.576,0.0,111,9,11.931872852233678,7.0275138973115014,0.6978796522620077,0.0,1,8,0.14784394250513347
2020-08-25,水生根茎类,20.062,213.29840000000002,139.09178,20.062,0.0,42,3,10.631960921144453,6.933096401156415,0.5335083065296886,0.0,2,8,0.15058179329226556
2020-08-25,花叶类,342.321,1908.7052,1259.34111,342.321,0.0,567,14,5.575775952979805,3.6788310094910917,0.5156379672223994,0.0,2,8,0.15058179329226556
2020-08-25,花菜类,47.761,527.521,326.61766,47.761,0.0,106,2,11.045015807876718,6.838585038001717,0.6151025024182708,0.0,2,8,0.15058179329226556
2020-08-25,茄类,23.272,230.431,147.83591,23.272,0.0,52,3,9.90164145754555,6.352522774149193,0.5586943659358541,0.0,2,8,0.15058179329226556
2020-08-25,辣椒类,106.749,837.263,577.25435,106.749,0.0,340,9,7.843286588164761,5.407585551152705,0.4504230240967435,0.0,2,8,0.15058179329226556
2020-08-25,食用菌,54.488,627.6222,374.63383,54.488,0.0,157,9,11.51853986198796,6.875529107326384,0.6752950474333832,0.0,2,8,0.15058179329226556
2020-08-26,水生根茎类,18.95,196.0036,128.76477,18.95,0.0,39,3,10.34319788918206,6.794974670184697,0.5221834357332369,0.0,3,8,0.15331964407939766
2020-08-26,花叶类,236.927,1599.257,936.35249,236.927,0.0,485,14,6.749998944822667,3.9520716929687203,0.7079647003448455,0.0,3,8,0.15331964407939766
2020-08-26,花菜类,63.106,701.443,463.21959000000004,63.106,0.0,133,2,11.115313916267866,7.340341488923399,0.5142774941793802,0.0,3,8,0.15331964407939766
2020-08-26,茄类,30.722,304.665,208.65251,30.722,0.0,55,3,9.916834841481675,6.791631729705097,0.4601549724946996,0.0,3,8,0.15331964407939766
2020-08-26,辣椒类,82.32000000000001,644.126,441.98508,82.32000000000001,0.0,281,10,7.824659863945577,5.369109329446063,0.45734783626632836,0.0,3,8,0.15331964407939766
2020-08-26,食用菌,42.811,605.6674,328.35258,42.811,0.0,143,9,14.147471444254982,7.669818037420289,0.8445641572239209,0.0,3,8,0.15331964407939766
2020-08-27,水生根茎类,19.487000000000002,240.0828,141.73732,19.487000000000002,0.0,42,4,12.320151896135885,7.273429465797711,0.6938573411716829,0.0,4,8,0.15605749486652978
2020-08-27,花叶类,199.007,1573.879,924.13751,199.007,0.0,406,14,7.908661504369192,4.643743737657469,0.7030787983056763,0.0,4,8,0.15605749486652978
2020-08-27,花菜类,65.932,710.968,490.11478,65.932,0.0,141,2,10.78335254504641,7.433640417399745,0.45061530280723217,0.0,4,8,0.15605749486652978
2020-08-27,茄类,19.129,191.572,114.34327,19.129,0.0,32,4,10.014742014742014,5.977482879397773,0.6754112419559104,0.0,4,8,0.15605749486652978
2020-08-27,辣椒类,89.92,709.0151999999999,476.39111,89.92,0.0,285,10,7.884955516014234,5.297943838967972,0.48830485102881105,0.0,4,8,0.15605749486652978
2020-08-27,食用菌,49.458,597.0288,350.08110999999997,49.458,0.0,138,9,12.07143030450079,7.078351530591613,0.705401356845561,0.0,4,8,0.15605749486652978
2020-08-28,水生根茎类,20.997,258.9204,148.95237,20.997,0.0,47,4,12.331304472067437,7.093983426203743,0.7382764705254437,0.0,5,8,0.15879534565366188
2020-08-28,花叶类,195.032,1479.211,868.12294,195.032,0.0,417,13,7.58445280774437,4.45118206243078,0.7039188020996199,0.0,5,8,0.15879534565366188
2020-08-28,花菜类,39.93,387.056,265.3225,39.93,0.0,84,2,9.69336338592537,6.6446907087402955,0.45881333094630117,0.0,5,8,0.15879534565366188
2020-08-28,茄类,24.597,259.176,157.60784999999998,24.597,0.0,43,3,10.536894743261373,6.407604585925112,0.6444358577317058,0.0,5,8,0.15879534565366188
2020-08-28,辣椒类,156.11,993.381,703.1012300000001,156.11,0.0,374,9,6.363339952597527,4.503883351482929,0.4128562966672664,0.0,5,8,0.15879534565366188
2020-08-28,食用菌,55.659,652.1884,370.39188,55.659,0.0,150,11,11.717573078927039,6.654662857758853,0.7608064194063866,0.0,5,8,0.15879534565366188
2020-08-29,水生根茎类,65.814,544.4688,367.60038000000003,65.814,0.0,110,2,8.27284164463488,5.585443522654756,0.4811431914188986,0.0,6,8,0.16153319644079397
2020-08-29,花叶类,267.031,2101.76,1279.23894,267.031,0.0,543,13,7.87084645602945,4.790600866566054,0.6429768781116061,0.0,6,8,0.16153319644079397
2020-08-29,花菜类,56.803,583.74,405.23382999999995,56.803,0.0,116,2,10.27656989947714,7.134021618576483,0.4405016481471946,0.0,6,8,0.16153319644079397
2020-08-29,茄类,30.675,324.78,197.99136000000001,30.675,0.0,52,3,10.587775061124693,6.454486063569682,0.6403746102860244,0.0,6,8,0.16153319644079397
2020-08-29,辣椒类,145.627,945.657,656.2578500000001,145.627,0.0,396,10,6.493692790485281,4.5064297829386035,0.44098390594489656,0.0,6,8,0.16153319644079397
2020-08-29,食用菌,62.431,728.2266,420.48527,62.431,0.0,172,11,11.664503211545545,6.735199980778781,0.7318718441670973,0.0,6,8,0.16153319644079397
2020-08-30,水生根茎类,30.005,286.332,181.34323999999998,30.005,0.0,62,3,9.542809531744709,6.043767372104649,0.5789505029247299,0.0,7,8,0.16427104722792607
2020-08-30,花叶类,261.124,2037.9178,1204.83477,261.124,0.0,525,12,7.804406335687259,4.614033064750846,0.6914500234750032,0.0,7,8,0.16427104722792607
2020-08-30,花菜类,80.779,815.7,547.64319,80.779,0.0,170,2,10.097921489496033,6.7795242575421835,0.48947346537806835,0.0,7,8,0.16427104722792607
2020-08-30,茄类,21.641000000000002,219.287,138.1262,21.641000000000002,0.0,39,3,10.132942100642298,6.382616330114135,0.5875843974568185,0.0,7,8,0.16427104722792607
2020-08-30,辣椒类,155.811,1023.816,695.40085,155.811,0.0,440,10,6.570883955561546,4.463104979751108,0.47226739800505,0.0,7,8,0.16427104722792607
2020-08-30,食用菌,73.19500000000001,761.0296000000001,464.65682,73.19500000000001,0.0,186,11,10.397289432338274,6.3482043855454595,0.6378315506054557,0.0,7,8,0.16427104722792607
2020-08-31,水生根茎类,52.949,449.968,308.85649,52.949,0.0,88,3,8.498139719352585,5.833093920565072,0.45688374558682576,0.0,1,8,0.16700889801505817
2020-08-31,花叶类,224.882,1721.1058,1047.2636,224.882,0.0,464,14,7.653372879999289,4.6569471989754625,0.643431319488236,0.0,1,8,0.16700889801505817
2020-08-31,花菜类,54.722,546.932,337.23513,54.722,0.0,113,2,9.994737034465114,6.162697452578488,0.6218120573618766,0.0,1,8,0.16700889801505817
2020-08-31,茄类,15.943,157.332,120.12608,15.943,0.0,30,3,9.868406197077087,7.534722448723578,0.30972391673814714,0.0,1,8,0.16700889801505817
2020-08-31,辣椒类,117.965,790.7804,522.4238799999999,117.965,0.0,330,9,6.703517144915865,4.428634595006993,0.5136758296730237,0.0,1,8,0.16700889801505817
2020-08-31,食用菌,44.776,605.2586,362.67276,44.776,0.0,148,9,13.517478113274969,8.099713239235303,0.6688835411846208,0.0,1,8,0.16700889801505817
2020-09-01,水生根茎类,47.658,411.3492,292.36496,47.658,0.0,77,3,8.631272818834193,6.134646019556003,0.4069716152031351,0.0,2,9,0.1697467488021903
2020-09-01,花叶类,184.319,1415.529,881.7419600000001,184.319,0.0,382,12,7.679777993587205,4.783782247082504,0.6053778363910456,0.0,2,9,0.1697467488021903
2020-09-01,花菜类,55.858,566.672,368.32108,55.858,0.0,118,2,10.144867342189123,6.5938823445164525,0.5385272002351862,0.0,2,9,0.1697467488021903
2020-09-01,茄类,26.329,263.517,192.83601000000002,26.329,0.0,43,3,10.008621671920695,7.324091685973642,0.36653418622382805,0.0,2,9,0.1697467488021903
2020-09-01,辣椒类,102.504,684.0116,452.24965000000003,102.504,0.0,291,10,6.673023491766175,4.412019530945134,0.5124646309842362,0.0,2,9,0.1697467488021903
2020-09-01,食用菌,47.282000000000004,585.404,345.45335,47.282000000000004,0.0,133,9,12.381117550019034,7.306233873355611,0.6945963905111936,0.0,2,9,0.1697467488021903
2020-09-02,水生根茎类,17.941,154.654,107.28855999999999,17.941,0.0,34,3,8.62014380469316,5.980076918789365,0.4414770782644486,0.0,3,9,0.17248459958932238
2020-09-02,花叶类,179.819,1354.1118,788.44662,179.819,0.0,365,14,7.530415584560029,4.384668027294113,0.7174425834941112,0.0,3,9,0.17248459958932238
2020-09-02,花菜类,38.716,393.956,250.92916,38.716,0.0,90,2,10.175534662671764,6.481278024589317,0.5699889163937744,0.0,3,9,0.17248459958932238
2020-09-02,茄类,13.873000000000001,138.294,104.18171,13.873000000000001,0.0,25,3,9.968572046421105,7.509674187270236,0.3274306977683512,0.0,3,9,0.17248459958932238
2020-09-02,辣椒类,83.969,559.7978,340.02181,83.969,0.0,232,10,6.666719860901048,4.049373101978111,0.6463585085909638,0.0,3,9,0.17248459958932238
2020-09-02,食用菌,51.011,550.8762,324.29598,51.011,0.0,135,10,10.799164886004979,6.357373507674815,0.6986834064363054,0.0,3,9,0.17248459958932238
2020-09-03,水生根茎类,15.996,133.144,90.97842,15.996,0.0,31,2,8.323580895223806,5.687573143285821,0.46346793008715714,0.0,4,9,0.17522245037645448
2020-09-03,花叶类,184.89000000000001,1292.1453999999999,759.4865100000001,184.89000000000001,0.0,368,13,6.988725187949591,4.107774947265942,0.7013408177585665,0.0,4,9,0.17522245037645448
2020-09-03,花菜类,38.893,386.36,233.54348,38.893,0.0,86,2,9.933921271179903,6.004768981564806,0.6543386267944624,0.0,4,9,0.17522245037645448
2020-09-03,茄类,14.172,141.414,100.08683,14.172,0.0,28,3,9.978408128704487,7.062293959920971,0.4129131674966626,0.0,4,9,0.17522245037645448
2020-09-03,辣椒类,87.119,591.0916,381.33545999999996,87.119,0.0,263,9,6.784875859456605,4.377179030980612,0.5500567400681806,0.0,4,9,0.17522245037645448
2020-09-03,食用菌,48.163,514.7058,324.65188,48.163,0.0,129,9,10.68674708801362,6.740690571600607,0.5854083457024797,0.0,4,9,0.17522245037645448
2020-09-04,水生根茎类,16.635,146.936,92.76204,16.635,0.0,37,2,8.832942590922753,5.576317403065825,0.5840100109915651,0.0,5,9,0.17796030116358658
2020-09-04,花叶类,176.316,1276.8378,751.15829,176.316,0.0,347,14,7.241757979990472,4.2602956623335375,0.6998252126059874,0.0,5,9,0.17796030116358658
2020-09-04,花菜类,46.612,460.088,270.37846,46.612,0.0,101,2,9.870591264052175,5.8006191538659575,0.7016444283320498,0.0,5,9,0.17796030116358658
2020-09-04,茄类,20.233,186.4,141.06004000000001,20.233,0.0,39,3,9.21267236692532,6.971780754213414,0.32142313301484937,0.0,5,9,0.17796030116358658
2020-09-04,辣椒类,91.579,616.0522,439.67199,91.579,0.0,273,10,6.727002915515566,4.801013223555619,0.401163171663494,0.0,5,9,0.17796030116358658
2020-09-04,食用菌,54.43,638.4452,368.34479,54.43,0.0,143,10,11.72965643946353,6.767311960316002,0.7332814725029775,0.0,5,9,0.17796030116358658
2020-09-05,水生根茎类,42.554,331.0884,222.22587000000001,42.554,0.0,79,2,7.780429571838134,5.222208723034263,0.4898733437290623,0.0,6,9,0.1806981519507187
2020-09-05,花叶类,239.841,1804.013,1039.99528,239.841,0.0,478,15,7.521703962208296,4.336186390150141,0.7346357571930517,0.0,6,9,0.1806981519507187
2020-09-05,花菜类,57.828,582.46,348.38913,57.828,0.0,125,2,10.072283322957738,6.024575119319361,0.6718661687292025,0.0,6,9,0.1806981519507187
2020-09-05,茄类,33.731,325.696,249.25205,33.731,0.0,62,4,9.655687646378702,7.389405887759034,0.30669336521003543,0.0,6,9,0.1806981519507187
2020-09-05,辣椒类,110.43900000000001,789.6522,542.56867,110.43900000000001,0.0,344,9,7.150120881210442,4.912835773594472,0.45539586721806113,0.0,6,9,0.1806981519507187
2020-09-05,食用菌,62.594,733.1446,445.03733,62.594,0.0,176,11,11.712697702655205,7.109903984407451,0.6473777604229289,0.0,6,9,0.1806981519507187
2020-09-06,水生根茎类,42.579,327.27,221.27736000000002,42.579,0.0,75,2,7.686183329810469,5.196866060734165,0.479003545595446,0.0,7,9,0.1834360027378508
2020-09-06,花叶类,272.15,2125.3094,1198.6959,272.15,0.0,557,15,7.809330883703841,4.404541245636597,0.7730179939716155,0.0,7,9,0.1834360027378508
2020-09-06,花菜类,53.202,592.318,336.23988,53.202,0.0,131,2,11.133378444419384,6.320060899966167,0.7615935385177988,0.0,7,9,0.1834360027378508
2020-09-06,茄类,33.397,331.628,249.37873,33.397,0.0,62,4,9.929873940773124,7.467099739497559,0.3298167008870405,0.0,7,9,0.1834360027378508
2020-09-06,辣椒类,126.5,1095.6204,705.4271,126.5,0.0,388,9,8.661030830039525,5.576498814229249,0.5531305786239284,0.0,7,9,0.1834360027378508
2020-09-06,食用菌,78.472,845.633,515.53453,78.472,0.0,200,11,10.776238658374963,6.569662172494649,0.6403033178010402,0.0,7,9,0.1834360027378508
2020-09-07,水生根茎类,37.689,292.68,195.85509000000002,37.689,0.0,61,2,7.765661068216191,5.196611478150124,0.49437014886873754,0.0,1,9,0.1861738535249829
2020-09-07,花叶类,142.541,1127.2042,626.85321,142.541,0.0,306,15,7.907929648311713,4.3977045902582415,0.7981948277811322,0.0,1,9,0.1861738535249829
2020-09-07,花菜类,26.257,293.354,166.37875,26.257,0.0,64,2,11.172411166546063,6.336548349011692,0.7631698759607219,0.0,1,9,0.1861738535249829
2020-09-07,茄类,17.365000000000002,166.346,115.65263,17.365000000000002,0.0,32,4,9.57938381802476,6.660099625683846,0.43832440299887687,0.0,1,9,0.1861738535249829
2020-09-07,辣椒类,56.473,496.2668,309.12605,56.473,0.0,177,10,8.787682609388558,5.47387335540878,0.6053865405390453,0.0,1,9,0.1861738535249829
2020-09-07,食用菌,41.804,490.5716,293.46342,41.804,0.0,125,10,11.735039709118745,7.019984212037125,0.6716618377854386,0.0,1,9,0.1861738535249829
2020-09-08,水生根茎类,19.127,153.016,99.4604,19.127,0.0,38,1,8.0,5.200000000000001,0.5384615384615381,0.0,2,9,0.188911704312115
2020-09-08,花叶类,143.853,1077.3878,608.88954,143.853,0.0,283,16,7.489505258840621,4.2327204854956095,0.769430626119805,0.0,2,9,0.188911704312115
2020-09-08,花菜类,33.239,371.65,219.41044,33.239,0.0,83,2,11.18114263365324,6.600994013056952,0.6938574117074829,0.0,2,9,0.188911704312115
2020-09-08,茄类,20.623,199.11599999999999,137.57209,20.623,0.0,37,4,9.655045337729717,6.670808805702371,0.4473575272426258,0.0,2,9,0.188911704312115
2020-09-08,辣椒类,50.259,444.6856,268.97108,50.259,0.0,165,10,8.84787998169482,5.35169979506158,0.6532840631044796,0.0,2,9,0.188911704312115
2020-09-08,食用菌,32.389,446.3426,267.45658000000003,32.389,0.0,114,7,13.780684800395195,8.257636234524067,0.6688413498744354,0.0,2,9,0.188911704312115
2020-09-09,水生根茎类,12.161,102.436,67.90426,12.161,0.0,24,2,8.423320450620839,5.583772716059534,0.5085356942259591,0.0,3,9,0.19164955509924708
2020-09-09,花叶类,130.623,975.5312,544.9775099999999,130.623,0.0,286,15,7.468295782519159,4.172140511242278,0.790039372450434,0.0,3,9,0.19164955509924708
2020-09-09,花菜类,32.73,363.64,218.9349,32.73,0.0,75,2,11.110296364191873,6.689120073327223,0.6609503555623155,0.0,3,9,0.19164955509924708
2020-09-09,茄类,12.041,105.454,79.53387,12.041,0.0,25,4,8.757910472552112,6.605254546964537,0.3259005251473366,0.0,3,9,0.19164955509924708
2020-09-09,辣椒类,39.795,359.266,223.70235,39.795,0.0,133,9,9.027918080160825,5.621368262344515,0.6060001157788466,0.0,3,9,0.19164955509924708
2020-09-09,食用菌,33.45,416.389,245.05003,33.45,0.0,98,9,12.448101644245142,7.32586038863976,0.6991999552091466,0.0,3,9,0.19164955509924708
2020-09-10,水生根茎类,14.492,120.616,80.97579999999999,14.492,0.0,28,2,8.32293679271322,5.587620756279326,0.48953144025745976,0.0,4,9,0.1943874058863792
2020-09-10,花叶类,119.919,852.5874,480.07622000000003,119.919,0.0,244,13,7.109694043479349,4.003337419424779,0.7759417452503687,0.0,4,9,0.1943874058863792
2020-09-10,花菜类,52.067,608.048,399.54048,52.067,0.0,121,2,11.678183878464287,7.673583651833215,0.5218683223286913,0.0,4,9,0.1943874058863792
2020-09-10,茄类,16.916,154.97,112.03656000000001,16.916,0.0,32,4,9.161149207850555,6.623111846772287,0.38320919528411057,0.0,4,9,0.1943874058863792
2020-09-10,辣椒类,49.321,504.621,282.65827,49.321,0.0,174,10,10.231361894527685,5.730992275095802,0.7852688336343383,0.0,4,9,0.1943874058863792
2020-09-10,食用菌,35.789,442.8454,271.62651,35.789,0.0,107,10,12.373785241275252,7.589664701444578,0.6303467581275479,0.0,4,9,0.1943874058863792
2020-09-11,水生根茎类,13.364,110.776,73.14296,13.364,0.0,26,2,8.289134989524094,5.473133792277761,0.5145134952153971,0.0,5,9,0.1971252566735113
2020-09-11,花叶类,151.957,1064.8528000000001,628.20529,151.957,0.0,309,14,7.007592937475734,4.1340990543377405,0.6950713675142723,0.0,5,9,0.1971252566735113
2020-09-11,花菜类,30.406,282.612,200.7377,30.406,0.0,64,2,9.29461290534763,6.601910807077551,0.40786708226705826,0.0,5,9,0.1971252566735113
2020-09-11,茄类,20.416,150.337,101.24249999999999,20.416,0.0,31,3,7.363685344827585,4.958978252351097,0.48491987060769937,0.0,5,9,0.1971252566735113
2020-09-11,辣椒类,50.22,518.5636,296.37394,50.22,0.0,176,9,10.325838311429708,5.901512146555158,0.749693647153997,0.0,5,9,0.1971252566735113
2020-09-11,食用菌,48.467,584.8806,343.50632,48.467,0.0,147,11,12.067604762003011,7.087426909030888,0.7026778430161049,0.0,5,9,0.1971252566735113
2020-09-12,水生根茎类,16.957,135.656,94.9592,16.957,0.0,29,1,8.0,5.6,0.4285714285714286,0.0,6,9,0.1998631074606434
2020-09-12,花叶类,230.844,1687.8098,965.13092,230.844,0.0,449,15,7.311473549236714,4.180879381746981,0.7487884441625805,0.0,6,9,0.1998631074606434
2020-09-12,花菜类,43.337,451.515,316.75634,43.337,0.0,89,2,10.418695341163438,7.309143226342386,0.42543318943513464,0.0,6,9,0.1998631074606434
2020-09-12,茄类,21.411,191.94,128.09423,21.411,0.0,41,4,8.964550931764046,5.982636495259446,0.4984281493397478,0.0,6,9,0.1998631074606434
2020-09-12,辣椒类,74.51,801.8314,503.20880999999997,74.51,0.0,268,11,10.7613931015971,6.753574151120654,0.5934367285819182,0.0,6,9,0.1998631074606434
2020-09-12,食用菌,73.173,794.115,486.95905,73.173,0.0,205,11,10.852568570374318,6.654900714744509,0.6307634081346265,0.0,6,9,0.1998631074606434
2020-09-13,水生根茎类,18.739,159.268,103.81277999999999,18.739,0.0,42,3,8.499279577352047,5.539931693260045,0.5341849047872529,0.0,7,9,0.2026009582477755
2020-09-13,花叶类,262.477,1799.885,1047.23614,262.477,0.0,481,14,6.857305592490009,3.98982059380441,0.7187002350778307,0.0,7,9,0.2026009582477755
2020-09-13,花菜类,41.704,419.798,291.04016,41.704,0.0,95,2,10.066132745060425,6.978710915020142,0.4424057490897475,0.0,7,9,0.2026009582477755
2020-09-13,茄类,28.737,281.08,180.09426000000002,28.737,0.0,57,3,9.781118418763267,6.266981939659673,0.5607382489591837,0.0,7,9,0.2026009582477755
2020-09-13,辣椒类,83.723,890.1392,596.0988,83.723,0.0,283,11,10.631955376658743,7.11989298042354,0.4932746048138328,0.0,7,9,0.2026009582477755
2020-09-13,食用菌,74.834,936.6564000000001,583.69074,74.834,0.0,228,10,12.516455087259802,7.799806772322741,0.6047134823485465,0.0,7,9,0.2026009582477755
2020-09-14,水生根茎类,17.361,145.752,96.95848,17.361,0.0,26,2,8.395368930361155,5.584844191002822,0.5032413874474932,0.0,1,9,0.2053388090349076
2020-09-14,花叶类,175.124,1177.6894,689.13057,175.124,0.0,349,16,6.724888650327768,3.9351006715241774,0.7089495826603656,0.0,1,9,0.2053388090349076
2020-09-14,花菜类,64.257,677.225,429.13529,64.257,0.0,148,2,10.53931867345192,6.678420872434131,0.5781153770877245,0.0,1,9,0.2053388090349076
2020-09-14,茄类,16.134,135.657,88.0452,16.134,0.0,31,3,8.4081442915582,5.457121606545184,0.5407654250316882,0.0,1,9,0.2053388090349076
2020-09-14,辣椒类,48.55,512.871,344.11244,48.55,0.0,163,9,10.563769309989702,7.087794850669413,0.4904169114025638,0.0,1,9,0.2053388090349076
2020-09-14,食用菌,31.147,444.7546,279.68895,31.147,0.0,117,7,14.279211481041512,8.979643304331075,0.5901758006528324,0.0,1,9,0.2053388090349076
2020-09-15,水生根茎类,19.219,182.978,109.91577,19.219,0.0,45,2,9.520682657786566,5.719120141526614,0.6647110783102372,0.0,2,9,0.2080766598220397
2020-09-15,花叶类,154.468,1070.4354,620.58386,154.468,0.0,330,16,6.929819768495741,4.017556128130098,0.7248843693743503,0.0,2,9,0.2080766598220397
2020-09-15,花菜类,29.878,305.848,192.07706,29.878,0.0,67,2,10.236562018876766,6.428712095856483,0.5923192493679361,0.0,2,9,0.2080766598220397
2020-09-15,茄类,13.243,102.405,54.5387,13.243,0.0,27,3,7.73276447934758,4.118304009665484,0.8776575165891376,0.0,2,9,0.2080766598220397
2020-09-15,辣椒类,49.991,518.87,339.98627,49.991,0.0,172,8,10.379268268288293,6.800949570922766,0.5261498648165999,0.0,2,9,0.2080766598220397
2020-09-15,食用菌,41.578,525.619,320.94084000000004,41.578,0.0,135,10,12.64175766030112,7.719006205204676,0.6377442023271329,0.0,2,9,0.2080766598220397
2020-09-16,水生根茎类,15.501,119.021,88.7582,15.501,0.0,29,2,7.6782788207212445,5.725966066705374,0.3409577931954457,0.0,3,9,0.2108145106091718
2020-09-16,花叶类,176.949,1141.97,744.25851,176.949,0.0,354,17,6.45366744090105,4.206062255226082,0.5343727813068606,0.0,3,9,0.2108145106091718
2020-09-16,花菜类,53.167,557.863,357.46245999999996,53.167,0.0,117,2,10.49265521846258,6.723389696616321,0.5606198200504751,0.0,3,9,0.2108145106091718
2020-09-16,茄类,15.194,129.216,83.69206,15.194,0.0,30,3,8.504409635382387,5.508230880610767,0.5439457458688437,0.0,3,9,0.2108145106091718
2020-09-16,辣椒类,46.895,542.3644,338.51331,46.895,0.0,162,10,11.56550591747521,7.218537370721824,0.6021951987648582,0.0,3,9,0.2108145106091718
2020-09-16,食用菌,35.413,448.1618,260.85301,35.413,0.0,118,9,12.655290430068057,7.366024058961399,0.7180625977825599,0.0,3,9,0.2108145106091718
2020-09-17,水生根茎类,17.437,122.059,95.9035,17.437,0.0,31,1,6.999999999999999,5.499999999999999,0.2727272727272727,0.0,4,9,0.2135523613963039
2020-09-17,花叶类,142.796,1052.2506,582.92385,142.796,0.0,295,17,7.368908092663661,4.082214137650915,0.8051253178266766,0.0,4,9,0.2135523613963039
2020-09-17,花菜类,32.648,331.394,211.13358,32.648,0.0,70,2,10.150514579759863,6.466968267581474,0.5695939982640377,0.0,4,9,0.2135523613963039
2020-09-17,茄类,22.924,176.784,117.12405,22.924,0.0,39,3,7.711743151282499,5.109232681905427,0.5093740354777692,0.0,4,9,0.2135523613963039
2020-09-17,辣椒类,46.145,546.804,334.23099,46.145,0.0,177,9,11.849691190811571,7.243059703109763,0.6360062841569536,0.0,4,9,0.2135523613963039
2020-09-17,食用菌,39.259,387.14820000000003,225.24401,39.259,0.0,108,9,9.861387197839987,5.7373853129218775,0.7187946529632467,0.0,4,9,0.2135523613963039
2020-09-18,水生根茎类,11.389,88.536,64.92003000000001,11.389,0.0,24,2,7.7738168408113095,5.70023970497849,0.3637701646163747,0.0,5,9,0.216290212183436
2020-09-18,花叶类,154.388,1117.1474,620.24252,154.388,0.0,313,17,7.235973003083141,4.017427002098609,0.801146106526202,0.0,5,9,0.216290212183436
2020-09-18,花菜类,27.705,279.765,174.4536,27.705,0.0,60,2,10.097996751488902,6.296827287493232,0.6036642408067245,0.0,5,9,0.216290212183436
2020-09-18,茄类,13.805,108.193,65.27862,13.805,0.0,27,3,7.837232886635277,4.728621513944224,0.6574032968221448,0.0,5,9,0.216290212183436
2020-09-18,辣椒类,48.075,513.4474,378.83333000000005,48.075,0.0,152,10,10.680133125325012,7.880048465938638,0.35533850730610195,0.0,5,9,0.216290212183436
2020-09-18,食用菌,37.966,487.8814,286.31118,37.966,0.0,119,13,12.85048201021967,7.5412521729968915,0.7040249703137684,0.0,5,9,0.216290212183436
2020-09-19,水生根茎类,39.431,322.018,221.36077,39.431,0.0,68,2,8.166620171945931,5.613876645279095,0.45472027405759397,0.0,6,9,0.2190280629705681
2020-09-19,花叶类,235.102,1637.1406,909.19297,235.102,0.0,462,15,6.963533274918971,3.8672277139284224,0.8006525061450926,0.0,6,9,0.2190280629705681
2020-09-19,花菜类,72.746,697.446,457.29004,72.746,0.0,158,2,9.587413740961704,6.286119374261128,0.5251720767852281,0.0,6,9,0.2190280629705681
2020-09-19,茄类,30.406,241.87,150.52898,30.406,0.0,57,3,7.954679997368941,4.950634085377886,0.6068002320882,0.0,6,9,0.2190280629705681
2020-09-19,辣椒类,74.255,793.753,581.4703,74.255,0.0,260,9,10.68955625883779,7.830722510268669,0.3650791794525019,0.0,6,9,0.2190280629705681
2020-09-19,食用菌,58.413,557.5506,348.01972,58.413,0.0,158,9,9.54497457757691,5.957915532501327,0.602066112805332,0.0,6,9,0.2190280629705681
2020-09-20,水生根茎类,39.551,323.614,228.17734,39.551,0.0,64,2,8.182195140451569,5.769192687921923,0.4182565192494576,0.0,7,9,0.22176591375770022
2020-09-20,花叶类,317.998,2192.5508,1183.5370699999999,317.998,0.0,639,16,6.894857200359751,3.7218380933213413,0.8525408756313821,0.0,7,9,0.22176591375770022
2020-09-20,花菜类,53.497,480.424,284.49703,53.497,0.0,97,2,8.980391423818158,5.317999700917809,0.6886784371703283,0.0,7,9,0.22176591375770022
2020-09-20,茄类,41.474,305.707,195.74039,41.474,0.0,79,3,7.371051743260838,4.719592756907942,0.5617982573754963,0.0,7,9,0.22176591375770022
2020-09-20,辣椒类,99.148,1115.9916,687.60644,99.148,0.0,344,10,11.255815548472992,6.935151894138056,0.6230092318507083,0.0,7,9,0.22176591375770022
2020-09-20,食用菌,50.42,661.0378000000001,353.32337,50.42,0.0,170,9,13.110626735422452,7.007603530345101,0.8709144543707936,0.0,7,9,0.22176591375770022
2020-09-21,水生根茎类,16.289,130.312,93.98752999999999,16.289,0.0,34,1,8.0,5.769999999999999,0.38648180242634345,0.0,1,9,0.2245037645448323
2020-09-21,花叶类,212.997,1403.691,710.93369,212.997,0.0,408,15,6.590191411146636,3.3377638652187587,0.974433086720085,0.0,1,9,0.2245037645448323
2020-09-21,花菜类,39.191,366.707,222.59873000000002,39.191,0.0,82,2,9.356918680309255,5.679843076216478,0.6473903512387513,0.0,1,9,0.2245037645448323
2020-09-21,茄类,20.868,154.166,86.91676,20.868,0.0,42,3,7.387674908951505,4.165073797201457,0.7737200512306255,0.0,1,9,0.2245037645448323
2020-09-21,辣椒类,56.561,640.6618,413.12796000000003,56.561,0.0,224,9,11.326917840915117,7.304113435052422,0.5507587528086937,0.0,1,9,0.2245037645448323
2020-09-21,食用菌,63.529,625.1466,334.14846,63.529,0.0,167,10,9.840334335500323,5.259778368933873,0.8708648245752801,0.0,1,9,0.2245037645448323
2020-09-22,水生根茎类,37.808,310.666,222.65858,37.808,0.0,66,2,8.216938214134574,5.889192234447736,0.3952572588938632,0.0,2,9,0.2272416153319644
2020-09-22,花叶类,232.243,1687.4828,933.17877,232.243,0.0,428,16,7.266022226719428,4.018113656816352,0.8083167494262649,0.0,2,9,0.2272416153319644
2020-09-22,花菜类,40.905,433.26,271.42425,40.905,0.0,78,2,10.591859185918592,6.635478547854785,0.5962464665555862,0.0,2,9,0.2272416153319644
2020-09-22,茄类,25.819,177.746,102.79702999999999,25.819,0.0,48,3,6.884310004260429,3.98144893295635,0.7290966480257262,0.0,2,9,0.2272416153319644
2020-09-22,辣椒类,77.009,866.3646,630.43327,77.009,0.0,229,10,11.250173356360945,8.186488202677609,0.3742368006688479,0.0,2,9,0.2272416153319644
2020-09-22,食用菌,47.636,706.9842,384.41533,47.636,0.0,152,12,14.841384667058525,8.06984906373331,0.8391155212254413,0.0,2,9,0.2272416153319644
2020-09-23,水生根茎类,18.629,157.108,120.4314,18.629,0.0,36,2,8.433517633796768,6.464727038488378,0.3045434994528007,0.0,3,9,0.2299794661190965
2020-09-23,花叶类,179.262,1292.233,704.81754,179.262,0.0,357,15,7.208627595363211,3.9317732704086756,0.8334291169882064,0.0,3,9,0.2299794661190965
2020-09-23,花菜类,31.972,356.026,214.58402,31.972,0.0,68,2,11.135556111597648,6.71162329538346,0.6591449819981936,0.0,3,9,0.2299794661190965
2020-09-23,茄类,22.515,153.852,93.96681,22.515,0.0,43,3,6.833311125916056,4.1735203197868085,0.6373015110335236,0.0,3,9,0.2299794661190965
2020-09-23,辣椒类,54.327,656.8228,459.53156,54.327,0.0,192,9,12.090172474092073,8.458622047968783,0.42933120850285,0.0,3,9,0.2299794661190965
2020-09-23,食用菌,54.49,600.6034,332.88709,54.49,0.0,159,13,11.022268306111211,6.109140943292347,0.8042255708985286,0.0,3,9,0.2299794661190965
2020-09-24,水生根茎类,46.652,377.896,263.1778,46.652,0.0,86,2,8.100317242561948,5.641297264854669,0.4358961888122781,0.0,4,9,0.2327173169062286
2020-09-24,花叶类,162.861,1263.2616,729.83646,162.861,0.0,324,17,7.7566857627056205,4.481345810230811,0.730883107703334,0.0,4,9,0.2327173169062286
2020-09-24,花菜类,38.952,480.076,314.92248,38.952,0.0,88,2,12.32481002259191,8.084886013555145,0.5244259476173312,0.0,4,9,0.2327173169062286
2020-09-24,茄类,18.9,130.59,81.23044,18.9,0.0,36,3,6.90952380952381,4.297906878306879,0.6076485613028808,0.0,4,9,0.2327173169062286
2020-09-24,辣椒类,50.486,608.2412,402.44183,50.486,0.0,183,10,12.04772016004437,7.9713550291169835,0.5113766876569468,0.0,4,9,0.2327173169062286
2020-09-24,食用菌,61.336,770.85,457.30016,61.336,0.0,180,12,12.567660101734708,7.455656710577801,0.6856543413411444,0.0,4,9,0.2327173169062286
2020-09-25,水生根茎类,22.732,196.19,135.64119,22.732,0.0,42,2,8.630564842512758,5.966971229984163,0.4463895517283505,0.0,5,9,0.23545516769336072
2020-09-25,花叶类,173.781,1331.6094,780.0225800000001,173.781,0.0,368,20,7.662571857682946,4.4885377572922245,0.7071421188858402,0.0,5,9,0.23545516769336072
2020-09-25,花菜类,41.561,545.658,353.79605,41.561,0.0,92,2,13.129087365559059,8.51269339043815,0.5422953421893775,0.0,5,9,0.23545516769336072
2020-09-25,茄类,26.529,168.448,103.01684,26.529,0.0,45,3,6.3495797052282414,3.8831784085340573,0.6351501366184404,0.0,5,9,0.23545516769336072
2020-09-25,辣椒类,53.938,663.8968,427.47188,53.938,0.0,195,10,12.308517186399198,7.925245281619637,0.5530771287224787,0.0,5,9,0.23545516769336072
2020-09-25,食用菌,63.438,753.5628,434.02125,63.438,0.0,168,15,11.878728837605221,6.841660361297645,0.7362348041714548,0.0,5,9,0.23545516769336072
2020-09-26,水生根茎类,65.744,543.382,387.90954999999997,65.744,0.0,113,2,8.265119250425894,5.900303449744463,0.4007956236189596,0.0,6,9,0.23819301848049282
2020-09-26,花叶类,227.771,1782.8668,1063.50428,227.771,0.0,454,18,7.827453012016456,4.669182117126413,0.6764077338739058,0.0,6,9,0.23819301848049282
2020-09-26,花菜类,86.643,1074.982,668.78874,86.643,0.0,178,2,12.407026534168946,7.718901007582839,0.6073566071103411,0.0,6,9,0.23819301848049282
2020-09-26,茄类,33.517,223.189,137.31744,33.517,0.0,58,3,6.6589790255691135,4.096949010949667,0.625350720199852,0.0,6,9,0.23819301848049282
2020-09-26,辣椒类,68.094,770.6292,517.1276,68.094,0.0,241,9,11.317138073839105,7.59431961700003,0.4902109266649082,0.0,6,9,0.23819301848049282
2020-09-26,食用菌,93.976,1106.4192,656.20509,93.976,0.0,245,15,11.773423001617434,6.982688026730229,0.6860875004794613,0.0,6,9,0.23819301848049282
2020-09-27,水生根茎类,28.289,233.35,166.68026,28.289,0.0,49,2,8.248789282053094,5.8920520343596445,0.39998581715675274,0.0,7,9,0.24093086926762491
2020-09-27,花叶类,199.813,1507.6782,870.59019,199.813,0.0,371,17,7.545445992002523,4.357024768158229,0.731788638693482,0.0,7,9,0.24093086926762491
2020-09-27,花菜类,35.964,420.324,258.90353999999996,35.964,0.0,82,2,11.687354020687355,7.198963963963963,0.6234772224435405,0.0,7,9,0.24093086926762491
2020-09-27,茄类,20.532,146.238,90.31764,20.532,0.0,36,3,7.122443015780245,4.398872004675628,0.6191521390505776,0.0,7,9,0.24093086926762491
2020-09-27,辣椒类,54.459,626.7256,397.58907999999997,54.459,0.0,193,10,11.508209845939145,7.300704750362657,0.5763149229350062,0.0,7,9,0.24093086926762491
2020-09-27,食用菌,72.203,822.1998,457.39651,72.203,0.0,187,15,11.387335706272593,6.334868495768873,0.7975646556638574,0.0,7,9,0.24093086926762491
2020-09-28,水生根茎类,11.860999999999999,100.258,70.78965,11.860999999999999,0.0,24,2,8.452744288002698,5.968269960374336,0.4162804873311283,0.0,1,9,0.243668720054757
2020-09-28,花叶类,114.425,935.3418,539.26319,114.425,0.0,238,15,8.174278348263055,4.712809176316364,0.73448107963757,0.0,1,9,0.243668720054757
2020-09-28,花菜类,24.576,296.928,185.59008,24.576,0.0,53,2,12.08203125,7.5516796875,0.5999130988035568,0.0,1,9,0.243668720054757
2020-09-28,茄类,18.401,112.097,71.38222,18.401,0.0,30,3,6.091897179501114,3.879257649040813,0.5703770490746856,0.0,1,9,0.243668720054757
2020-09-28,辣椒类,37.410000000000004,404.08820000000003,282.92303,37.410000000000004,0.0,133,10,10.801609195402298,7.5627647687784005,0.4282619552038589,0.0,1,9,0.243668720054757
2020-09-28,食用菌,46.913,559.5806,317.06255,46.913,0.0,138,13,11.928049794300088,6.758522158037218,0.7648902401119275,0.0,1,9,0.243668720054757
2020-09-29,水生根茎类,24.135,197.886,141.65708999999998,24.135,0.0,36,2,8.199129894344313,5.869363579863268,0.3969367858679014,0.0,2,9,0.2464065708418891
2020-09-29,花叶类,156.737,1280.2984,773.49447,156.737,0.0,313,16,8.168450333998992,4.934983252199545,0.6552133850420416,0.0,2,9,0.2464065708418891
2020-09-29,花菜类,28.105,341.57,206.34635,28.105,0.0,58,2,12.153353495819248,7.3419800747198005,0.6553236827305158,0.0,2,9,0.2464065708418891
2020-09-29,茄类,24.719,147.12800000000001,101.35186,24.719,0.0,47,3,5.952020712812007,4.100160200655366,0.45165564795752156,0.0,2,9,0.2464065708418891
2020-09-29,辣椒类,57.017,570.487,408.03877,57.017,0.0,213,9,10.005559745339108,7.156440535278952,0.39811959535119645,0.0,2,9,0.2464065708418891
2020-09-29,食用菌,45.485,561.5908000000001,309.61976,45.485,0.0,135,13,12.346725294052986,6.80707398043311,0.8138080076026157,0.0,2,9,0.2464065708418891
2020-09-30,水生根茎类,36.839,301.972,215.7595,36.839,0.0,53,2,8.197073753359211,5.856822932218573,0.39957684366157675,0.0,3,9,0.24914442162902123
2020-09-30,花叶类,169.947,1329.57,786.06908,169.947,0.0,337,16,7.823439072181326,4.625377794253502,0.6914162302376783,0.0,3,9,0.24914442162902123
2020-09-30,花菜类,58.301,712.519,431.45181,58.301,0.0,107,2,12.22138556800055,7.400418689216308,0.651445152124869,0.0,3,9,0.24914442162902123
2020-09-30,茄类,25.865,154.139,99.53446,25.865,0.0,44,3,5.959365938526967,3.84822965397255,0.5485993494112491,0.0,3,9,0.24914442162902123
2020-09-30,辣椒类,53.628,542.9572,384.555,53.628,0.0,213,10,10.124509584545386,7.170787648243455,0.4119103899312191,0.0,3,9,0.24914442162902123
2020-09-30,食用菌,110.358,1347.0066000000002,798.16931,110.358,0.0,254,13,12.20579024628935,7.232545986697837,0.6876201366349206,0.0,3,9,0.24914442162902123
2020-10-01,水生根茎类,55.356,450.028,322.8957,55.356,0.0,88,2,8.129705903605752,5.833075005419466,0.39372559002798746,0.0,4,10,0.2518822724161533
2020-10-01,花叶类,225.69,1866.6766,1097.54274,225.69,0.0,440,15,8.27097611768355,4.863054366609066,0.7007780489714688,0.0,4,10,0.2518822724161533
2020-10-01,花菜类,88.759,1075.406,670.40833,88.759,0.0,171,2,12.11602203720186,7.553130724771572,0.6041059633015002,0.0,4,10,0.2518822724161533
2020-10-01,茄类,32.482,187.865,118.56568,32.482,0.0,53,3,5.783664798965582,3.650196416476818,0.5844804331236493,0.0,4,10,0.2518822724161533
2020-10-01,辣椒类,64.092,678.0898,451.93149,64.092,0.0,257,10,10.579944454846158,7.051293297135368,0.5004260933443694,0.0,4,10,0.2518822724161533
2020-10-01,食用菌,103.929,1363.191,829.4046900000001,103.929,0.0,284,12,13.116560344081055,7.98049331755333,0.6435776363888175,0.0,4,10,0.2518822724161533
2020-10-02,水生根茎类,21.931,189.632,129.75292,21.931,0.0,37,2,8.646755733892663,5.9164160321006785,0.4614854139698745,0.0,5,10,0.2546201232032854
2020-10-02,花叶类,244.124,1975.4444,1173.76311,244.124,0.0,486,16,8.091971293277188,4.80806110828923,0.6830009251185276,0.0,5,10,0.2546201232032854
2020-10-02,花菜类,63.205,760.574,479.01788000000005,63.205,0.0,123,2,12.033446720987262,7.578797247053241,0.5877778925496473,0.0,5,10,0.2546201232032854
2020-10-02,茄类,38.762,206.5024,146.16846,38.762,0.0,66,3,5.3274444043135025,3.770921521077344,0.4127698957764212,0.0,5,10,0.2546201232032854
2020-10-02,辣椒类,69.054,736.9588,475.61509,69.054,0.0,284,10,10.67221015437194,6.887582037246213,0.5494857406647884,0.0,5,10,0.2546201232032854
2020-10-02,食用菌,89.316,957.4802000000001,553.5283000000001,89.316,0.0,206,13,10.720141967844508,6.197414796900891,0.7297764179356323,0.0,5,10,0.2546201232032854
2020-10-03,水生根茎类,18.497,153.088,107.89604,18.497,0.0,27,2,8.276369140941775,5.833164296913013,0.41884725333756445,0.0,6,10,0.25735797399041754
2020-10-03,花叶类,298.341,2252.0622,1383.20974,298.341,0.0,497,14,7.548617856747815,4.636338082931947,0.6281422367659151,0.0,6,10,0.25735797399041754
2020-10-03,花菜类,44.493,531.162,342.17119,44.493,0.0,92,2,11.938102622884498,7.690449958420426,0.5523282366350013,0.0,6,10,0.25735797399041754
2020-10-03,茄类,63.535,340.6044,234.76365,63.535,0.0,109,4,5.360893995435587,3.6950287243251756,0.4508395997421235,0.0,6,10,0.25735797399041754
2020-10-03,辣椒类,84.728,895.931,537.5504,84.728,0.0,298,9,10.574202152771223,6.344424511377585,0.6666920906393152,0.0,6,10,0.25735797399041754
2020-10-03,食用菌,60.052,777.5976,450.49227,60.052,0.0,171,12,12.948737760607475,7.501703024045828,0.7261064213155091,0.0,6,10,0.25735797399041754
2020-10-04,水生根茎类,19.253999999999998,157.408,111.78291999999999,19.253999999999998,0.0,29,2,8.175340189051626,5.805698556144178,0.40815788315424206,0.0,7,10,0.2600958247775496
2020-10-04,花叶类,232.776,1732.616,1007.49485,232.776,0.0,416,13,7.443275939100251,4.328173222325326,0.7197269048075035,0.0,7,10,0.2600958247775496
2020-10-04,花菜类,34.491,397.086,222.41210999999998,34.491,0.0,69,2,11.512742454553361,6.448410020005219,0.7853614175954717,0.0,7,10,0.2600958247775496
2020-10-04,茄类,43.849,228.37279999999998,166.14138,43.849,0.0,83,3,5.208164382312026,3.7889434194622456,0.3745690567876587,0.0,7,10,0.2600958247775496
2020-10-04,辣椒类,75.21,804.531,536.95594,75.21,0.0,273,9,10.697128041483845,7.139422151309668,0.4983184653847015,0.0,7,10,0.2600958247775496
2020-10-04,食用菌,122.501,1049.7052,643.32401,122.501,0.0,295,14,8.56895209018702,5.251581701373866,0.6316897608096426,0.0,7,10,0.2600958247775496
2020-10-05,水生根茎类,79.752,650.336,462.9312,79.752,0.0,118,2,8.154478884542081,5.804634366536263,0.4048221420375211,0.0,1,10,0.26283367556468173
2020-10-05,花叶类,294.623,1926.411,1146.82843,294.623,0.0,470,14,6.538562841326034,3.892528519497799,0.6797726230069132,0.0,1,10,0.26283367556468173
2020-10-05,花菜类,82.648,737.352,468.55048000000005,82.648,0.0,154,2,8.921595198915885,5.66922950343626,0.5736874285135722,0.0,1,10,0.26283367556468173
2020-10-05,茄类,31.128,184.84,120.28015,31.128,0.0,54,3,5.938062194808532,3.8640500514006684,0.5367456724987456,0.0,1,10,0.26283367556468173
2020-10-05,辣椒类,87.933,969.3614,594.43322,87.933,0.0,279,9,11.023863623440572,6.760069825890166,0.6307322124426356,0.0,1,10,0.26283367556468173
2020-10-05,食用菌,126.518,1250.1502,716.42002,126.518,0.0,319,14,9.881204255520954,5.662593623041781,0.7449961825466573,0.0,1,10,0.26283367556468173
2020-10-06,水生根茎类,25.784,208.444,149.60693,25.784,0.0,41,2,8.08423828730996,5.802316552901025,0.3932777044485838,0.0,2,10,0.2655715263518138
2020-10-06,花叶类,287.297,2227.083,1231.54373,287.297,0.0,516,15,7.751849131734755,4.286657117895419,0.8083669672046478,0.0,2,10,0.2655715263518138
2020-10-06,花菜类,108.157,806.134,486.633,108.157,0.0,189,2,7.453368713999095,4.499320432334477,0.6565543232785285,0.0,2,10,0.2655715263518138
2020-10-06,茄类,42.318,262.756,172.40361000000001,42.318,0.0,82,4,6.209083605085306,4.074001843187297,0.5240748149067176,0.0,2,10,0.2655715263518138
2020-10-06,辣椒类,81.727,920.1356,561.07739,81.727,0.0,266,9,11.258648916514737,6.865263499210787,0.6399441795364449,0.0,2,10,0.2655715263518138
2020-10-06,食用菌,124.059,1159.6624,669.48976,124.059,0.0,320,14,9.347668448077124,5.3965432576435415,0.7321585321932329,0.0,2,10,0.2655715263518138
2020-10-07,水生根茎类,52.071,419.572,302.09441,52.071,0.0,84,2,8.057690461101188,5.801586487680282,0.3888770732301865,0.0,3,10,0.2683093771389459
2020-10-07,花叶类,253.996,1865.728,1050.04122,253.996,0.0,449,14,7.345501503960692,4.134085654892203,0.7768140568805479,0.0,3,10,0.2683093771389459
2020-10-07,花菜类,50.932,491.208,286.54758,50.932,0.0,101,2,9.64438859656012,5.626081441922563,0.7142284014403475,0.0,3,10,0.2683093771389459
2020-10-07,茄类,29.085,192.1696,124.07689,29.085,0.0,55,4,6.6071720818291215,4.2660096269554755,0.5487944612409288,0.0,3,10,0.2683093771389459
2020-10-07,辣椒类,63.151,757.9944,478.62931,63.151,0.0,226,9,12.002888315307754,7.579124796123576,0.5836773556554655,0.0,3,10,0.2683093771389459
2020-10-07,食用菌,80.421,1044.4744,546.85518,80.421,0.0,231,13,12.98758284527673,6.799905248629089,0.9099652672212046,0.0,3,10,0.2683093771389459
2020-10-08,水生根茎类,31.952,261.16,185.41862,31.952,0.0,53,2,8.173510265398097,5.803036429644466,0.40848853259721163,0.0,4,10,0.27104722792607805
2020-10-08,花叶类,252.73,1907.876,1121.28682,252.73,0.0,449,14,7.549068175523286,4.43669853203023,0.7015057753019873,0.0,4,10,0.27104722792607805
2020-10-08,花菜类,49.58,455.944,277.552,49.58,0.0,91,2,9.196127470754337,5.598063735377169,0.6427336138813629,0.0,4,10,0.27104722792607805
2020-10-08,茄类,33.49,208.265,129.45595,33.49,0.0,61,4,6.218722006569124,3.865510600179158,0.6087711688802251,0.0,4,10,0.27104722792607805
2020-10-08,辣椒类,72.023,851.7548,541.8622,72.023,0.0,236,9,11.826149979867544,7.523460561209615,0.5719029672119591,0.0,4,10,0.27104722792607805
2020-10-08,食用菌,328.488,1355.1604,778.06019,328.488,0.0,296,13,4.125448722632181,2.3686106950634422,0.741716665904729,0.0,4,10,0.27104722792607805
2020-10-09,水生根茎类,45.216,364.332,262.14864,45.216,0.0,74,2,8.057590233545648,5.7976963906581735,0.38979168459542657,0.0,5,10,0.2737850787132101
2020-10-09,花叶类,162.518,1305.61,763.8699,162.518,0.0,328,14,8.0336331975535,4.700217206709411,0.7092046695386214,0.0,5,10,0.2737850787132101
2020-10-09,花菜类,55.845,650.552,371.744,55.845,0.0,112,2,11.649243441668906,6.656710538096518,0.75,0.0,5,10,0.2737850787132101
2020-10-09,茄类,24.289,171.199,105.71575,24.289,0.0,40,4,7.048416978879328,4.352412614763884,0.6194275687397575,0.0,5,10,0.2737850787132101
2020-10-09,辣椒类,51.243,570.2036,398.57172,51.243,0.0,194,9,11.127443748414418,7.778071541478837,0.4306173052117195,0.0,5,10,0.2737850787132101
2020-10-09,食用菌,57.258,567.0858,317.17484,57.258,0.0,142,13,9.904044849627999,5.539397813405987,0.7879280714699815,0.0,5,10,0.2737850787132101
2020-10-10,水生根茎类,22.07,177.628,127.91521999999999,22.07,0.0,37,2,8.048391481649297,5.795886724059809,0.388638506035482,0.0,6,10,0.27652292950034224
2020-10-10,花叶类,175.163,1443.301,825.37025,175.163,0.0,351,15,8.23975953825865,4.712012525476271,0.7486709752380822,0.0,6,10,0.27652292950034224
2020-10-10,花菜类,37.393,380.184,222.83127000000002,37.393,0.0,63,2,10.167250554916697,5.959170700398471,0.70615192383008,0.0,6,10,0.27652292950034224
2020-10-10,茄类,26.814,178.062,107.57148,26.814,0.0,48,4,6.640635488923697,4.011765495636608,0.6552900452796597,0.0,6,10,0.27652292950034224
2020-10-10,辣椒类,52.511,557.3166,396.20029,52.511,0.0,178,9,10.613330540267754,7.545091314200834,0.4066536902332909,0.0,6,10,0.27652292950034224
2020-10-10,食用菌,75.63,805.1394,465.06176,75.63,0.0,185,13,10.64576755255851,6.149170435012562,0.7312526405095101,0.0,6,10,0.27652292950034224
2020-10-11,水生根茎类,57.223,460.388,325.44263,57.223,0.0,95,2,8.045506177585935,5.687269629344844,0.41465179285209164,0.0,7,10,0.2792607802874743
2020-10-11,花叶类,235.733,1852.986,1095.17697,235.733,0.0,491,14,7.86052864893757,4.645836476013116,0.6919512104057486,0.0,7,10,0.2792607802874743
2020-10-11,花菜类,60.47,676.9,403.8281,60.47,0.0,127,2,11.1939804861915,6.6781561104680005,0.6762082678248491,0.0,7,10,0.2792607802874743
2020-10-11,茄类,34.726,246.407,155.92687999999998,34.726,0.0,60,4,7.09574958244543,4.490205609629672,0.5802727534854801,0.0,7,10,0.2792607802874743
2020-10-11,辣椒类,70.214,790.5902,532.36962,70.214,0.0,234,9,11.25972313213889,7.582100720654002,0.48504003665723805,0.0,7,10,0.2792607802874743
2020-10-11,食用菌,163.664,1149.3134,665.70037,163.664,0.0,261,11,7.022395884250661,4.0674819752664,0.7264725269718566,0.0,7,10,0.2792607802874743
2020-10-12,水生根茎类,29.969,247.1,173.25073,29.969,0.0,49,2,8.245186692916013,5.780998031299009,0.4262566166387869,0.0,1,10,0.28199863107460643
2020-10-12,花叶类,170.212,1234.194,784.43833,170.212,0.0,365,13,7.2509223791507065,4.608595927431673,0.5733473911199625,0.0,1,10,0.28199863107460643
2020-10-12,花菜类,34.815,336.77,195.23195,34.815,0.0,69,2,9.673129398247882,5.607696395231941,0.724973806797504,0.0,1,10,0.28199863107460643
2020-10-12,茄类,17.876,132.674,81.73083,17.876,0.0,32,4,7.421906466771089,4.5720983441485785,0.6233042047902855,0.0,1,10,0.28199863107460643
2020-10-12,辣椒类,48.979,535.7464,357.57429,48.979,0.0,160,9,10.938287837644705,7.300563302639907,0.4982799798050357,0.0,1,10,0.28199863107460643
2020-10-12,食用菌,102.385,712.306,411.33931,102.385,0.0,169,11,6.957132392440299,4.017573961029448,0.7316750008648578,0.0,1,10,0.28199863107460643
2020-10-13,水生根茎类,46.823,377.856,270.82084,46.823,0.0,82,2,8.069880187087541,5.783927556969864,0.3952249760395101,0.0,2,10,0.28473648186173856
2020-10-13,花叶类,175.188,1167.4726,704.32906,175.188,0.0,363,15,6.664112838778912,4.020418407653493,0.6575669900656946,0.0,2,10,0.28473648186173856
2020-10-13,花菜类,47.321,423.00600000000003,241.80795,47.321,0.0,99,2,8.93907567464762,5.109950127850214,0.7493469507516195,0.0,2,10,0.28473648186173856
2020-10-13,茄类,23.119,169.698,109.07627,23.119,0.0,47,4,7.340196375275748,4.718035814697867,0.5557737718754046,0.0,2,10,0.28473648186173856
2020-10-13,辣椒类,49.116,546.9048,358.53848999999997,49.116,0.0,182,8,11.13496213046665,7.299830808697776,0.5253726315408982,0.0,2,10,0.28473648186173856
2020-10-13,食用菌,48.021,532.1818000000001,278.45313,48.021,0.0,138,12,11.082272339184941,5.798570000624727,0.9112078215820381,0.0,2,10,0.28473648186173856
2020-10-14,水生根茎类,46.207,369.656,261.53162000000003,46.207,0.0,65,1,8.0,5.660000000000001,0.41342756183745566,0.0,3,10,0.2874743326488706
2020-10-14,花叶类,182.96,1332.636,796.74856,182.96,0.0,353,13,7.283756012243113,4.354769129864451,0.6725929194023268,0.0,3,10,0.2874743326488706
2020-10-14,花菜类,48.259,434.52,254.69506,48.259,0.0,94,2,9.00391636793137,5.277669657473218,0.7060401564129275,0.0,3,10,0.2874743326488706
2020-10-14,茄类,13.741999999999999,100.99499999999999,65.26072,13.741999999999999,0.0,29,4,7.34936690438073,4.748997234754767,0.5475618411810348,0.0,3,10,0.2874743326488706
2020-10-14,辣椒类,46.36,524.5342,339.80640999999997,46.36,0.0,165,9,11.314370146678172,7.329732743744607,0.5436265607820643,0.0,3,10,0.2874743326488706
2020-10-14,食用菌,72.831,718.6074,393.11,72.831,0.0,168,13,9.866779256086007,5.3975642240254835,0.8280059016560251,0.0,3,10,0.2874743326488706
2020-10-15,水生根茎类,35.355,282.84,205.059,35.355,0.0,58,1,8.0,5.800000000000001,0.3793103448275861,0.0,4,10,0.29021218343600275
2020-10-15,花叶类,190.238,1356.509,770.58822,190.238,0.0,359,14,7.1305890516090376,4.050653497198247,0.7603552257780426,0.0,4,10,0.29021218343600275
2020-10-15,花菜类,59.624,473.1296,325.41806,59.624,0.0,142,2,7.9352207164900035,5.457836777136723,0.45391316019768535,0.0,4,10,0.29021218343600275
2020-10-15,茄类,19.447,133.0996,90.38137,19.447,0.0,40,4,6.844222759294493,4.647573918856379,0.4726441964754464,0.0,4,10,0.29021218343600275
2020-10-15,辣椒类,45.236,501.1804,319.46719,45.236,0.0,170,8,11.079237775223275,7.062233398178443,0.5688008524443464,0.0,4,10,0.29021218343600275
2020-10-15,食用菌,72.91,692.3814,390.9472,72.91,0.0,167,12,9.49638458373337,5.362051844740091,0.7710355771828008,0.0,4,10,0.29021218343600275
2020-10-16,水生根茎类,52.785,422.28,306.15299999999996,52.785,0.0,73,1,8.0,5.8,0.3793103448275863,0.0,5,10,0.2929500342231348
2020-10-16,花叶类,170.77,1224.072,683.20645,170.77,0.0,353,15,7.167956901095039,4.000740469637524,0.7916575582680752,0.0,5,10,0.2929500342231348
2020-10-16,花菜类,80.029,626.118,395.59696,80.029,0.0,163,2,7.8236389308875545,4.943170100838446,0.5827169147103659,0.0,5,10,0.2929500342231348
2020-10-16,茄类,20.139,132.2908,92.79767000000001,20.139,0.0,40,4,6.568886240627638,4.60785888077859,0.4255832069921579,0.0,5,10,0.2929500342231348
2020-10-16,辣椒类,44.67,467.9844,300.60712,44.67,0.0,164,9,10.47648085963734,6.729507947168122,0.5567974570928325,0.0,5,10,0.2929500342231348
2020-10-16,食用菌,69.80499999999999,804.4312,447.38035,69.80499999999999,0.0,187,12,11.523976792493375,6.409001504190245,0.7980923838072012,0.0,5,10,0.2929500342231348
2020-10-17,水生根茎类,84.728,677.824,491.4224,84.728,0.0,130,1,8.0,5.8,0.3793103448275863,0.0,6,10,0.29568788501026694
2020-10-17,花叶类,249.493,1758.571,1022.90007,249.493,0.0,504,17,7.048578517232948,4.0999149074322725,0.7192011727988248,0.0,6,10,0.29568788501026694
2020-10-17,花菜类,109.311,988.018,601.99676,109.311,0.0,207,2,9.038596298634172,5.507192871714649,0.641234746844817,0.0,6,10,0.29568788501026694
2020-10-17,茄类,30.556,198.0428,140.32328,30.556,0.0,61,4,6.48130645372431,4.592331456996989,0.41133246030166903,0.0,6,10,0.29568788501026694
2020-10-17,辣椒类,97.155,899.0152,601.95161,97.155,0.0,297,8,9.253411558849262,6.195786217899233,0.4935007815661463,0.0,6,10,0.29568788501026694
2020-10-17,食用菌,115.896,1257.7274,719.79265,115.896,0.0,309,13,10.852207151239043,6.210677245116311,0.747346822727351,0.0,6,10,0.29568788501026694
2020-10-18,水生根茎类,75.006,600.048,435.03479999999996,75.006,0.0,116,1,8.0,5.8,0.3793103448275863,0.0,7,10,0.29842573579739906
2020-10-18,花叶类,226.735,1616.49,955.7016,226.735,0.0,468,17,7.129424217699076,4.215059871656338,0.6914170699306146,0.0,7,10,0.29842573579739906
2020-10-18,花菜类,91.59700000000001,818.306,507.28905,91.59700000000001,0.0,173,2,8.933764206251295,5.538271449938316,0.6130961234034127,0.0,7,10,0.29842573579739906
2020-10-18,茄类,36.361,233.739,161.48421000000002,36.361,0.0,72,4,6.428288550919942,4.441137757487419,0.4474418272845373,0.0,7,10,0.29842573579739906
2020-10-18,辣椒类,88.247,829.5528,522.14521,88.247,0.0,280,9,9.400351286729295,5.91686074314141,0.5887396534768556,0.0,7,10,0.29842573579739906
2020-10-18,食用菌,113.125,1339.16,762.46575,113.125,0.0,298,13,11.837878453038675,6.740028729281768,0.75635430181618,0.0,7,10,0.29842573579739906
2020-10-19,水生根茎类,39.38,315.04,224.0722,39.38,0.0,60,1,8.0,5.6899999999999995,0.40597539543058003,0.0,1,10,0.30116358658453113
2020-10-19,花叶类,152.709,980.456,577.14368,152.709,0.0,293,16,6.420420538409655,3.7793691269014924,0.6988074789279508,0.0,1,10,0.30116358658453113
2020-10-19,花菜类,57.412,490.304,302.04812,57.412,0.0,114,2,8.540096147146938,5.261062495645509,0.6232645314925318,0.0,1,10,0.30116358658453113
2020-10-19,茄类,20.03,128.309,89.50899000000001,20.03,0.0,35,4,6.405841238142785,4.468746380429356,0.4334761234597775,0.0,1,10,0.30116358658453113
2020-10-19,辣椒类,56.69,546.0218,378.58709999999996,56.69,0.0,190,10,9.63171282413124,6.678198976891868,0.4422620316434449,0.0,1,10,0.30116358658453113
2020-10-19,食用菌,58.338,562.8824,307.88871,58.338,0.0,140,11,9.648640680174157,5.277669957831945,0.8282008456886905,0.0,1,10,0.30116358658453113
2020-10-20,水生根茎类,46.423,371.384,265.07533,46.423,0.0,70,1,8.0,5.71,0.4010507880910683,0.0,2,10,0.30390143737166325
2020-10-20,花叶类,186.078,1231.602,728.55115,186.078,0.0,314,16,6.618740528165608,3.915299766764475,0.6904811693729398,0.0,2,10,0.30390143737166325
2020-10-20,花菜类,30.899,259.082,152.45547,30.899,0.0,63,2,8.384802097155248,4.933993656752645,0.6993945838742293,0.0,2,10,0.30390143737166325
2020-10-20,茄类,13.777,87.99080000000001,62.39197,13.777,0.0,30,4,6.386789576830951,4.5287050881904625,0.4102904588523173,0.0,2,10,0.30390143737166325
2020-10-20,辣椒类,49.296,484.3752,304.74482,49.296,0.0,165,9,9.825851996105161,6.181938088283025,0.5894452283060956,0.0,2,10,0.30390143737166325
2020-10-20,食用菌,44.806,499.149,277.42225,44.806,0.0,111,12,11.140226755345267,6.191631701111459,0.799239246311354,0.0,2,10,0.30390143737166325
2020-10-21,水生根茎类,17.773,142.184,103.0834,17.773,0.0,26,1,8.0,5.8,0.3793103448275863,0.0,3,10,0.3066392881587953
2020-10-21,花叶类,168.765,1078.5602000000001,626.19684,168.765,0.0,303,15,6.390899771872131,3.7104662696649187,0.722398024237874,0.0,3,10,0.3066392881587953
2020-10-21,花菜类,40.555,356.971,216.22195,40.555,0.0,80,2,8.80214523486623,5.3315731722352355,0.6509470939467525,0.0,3,10,0.3066392881587953
2020-10-21,茄类,15.327,104.6112,66.67743,15.327,0.0,31,4,6.825288706204737,4.350324916813467,0.5689146987218914,0.0,3,10,0.3066392881587953
2020-10-21,辣椒类,48.047,489.3048,318.86112,48.047,0.0,157,9,10.183878285845111,6.6364418173871425,0.5345389240306251,0.0,3,10,0.3066392881587953
2020-10-21,食用菌,56.114,545.6308,294.63491,56.114,0.0,127,10,9.72361264568557,5.250648857682575,0.8518878160093115,0.0,3,10,0.3066392881587953
2020-10-22,水生根茎类,28.709,229.672,166.5122,28.709,0.0,45,1,8.0,5.800000000000001,0.3793103448275861,0.0,4,10,0.30937713894592744
2020-10-22,花叶类,117.235,794.8454,472.68766,117.235,0.0,235,16,6.779932613980467,4.031967074679064,0.6815446377423942,0.0,4,10,0.30937713894592744
2020-10-22,花菜类,26.166,223.062,141.15934,26.166,0.0,48,2,8.524879614767256,5.394761904761904,0.5802142458302797,0.0,4,10,0.30937713894592744
2020-10-22,茄类,14.725,104.8152,65.30019,14.725,0.0,28,4,7.118179966044143,4.434647877758914,0.6051285608816759,0.0,4,10,0.30937713894592744
2020-10-22,辣椒类,50.037,491.2958,330.80734,50.037,0.0,166,9,9.818650198852849,6.611254471690949,0.48514177466558017,0.0,4,10,0.30937713894592744
2020-10-22,食用菌,94.688,906.6724,611.28746,94.688,0.0,222,10,9.57536752281176,6.455807071645826,0.4832177319652524,0.0,4,10,0.30937713894592744
2020-10-23,水生根茎类,29.948,240.52,173.53225999999998,29.948,0.0,42,2,8.031254173901429,5.794452384132495,0.38602470802835187,0.0,5,10,0.31211498973305957
2020-10-23,花叶类,190.254,1068.779,679.48454,190.254,0.0,315,15,5.617642730244831,3.5714599430235374,0.5729261478119869,0.0,5,10,0.31211498973305957
2020-10-23,花菜类,23.854,221.518,131.74965,23.854,0.0,50,2,9.286408988010397,5.523168022134652,0.6813555102423423,0.0,5,10,0.31211498973305957
2020-10-23,茄类,14.427,96.299,63.43361,14.427,0.0,30,4,6.674915089762252,4.396867678658072,0.5181068837166922,0.0,5,10,0.31211498973305957
2020-10-23,辣椒类,43.758,464.33,305.2203,43.758,0.0,160,10,10.611316787787375,6.975188536953243,0.5212946190014227,0.0,5,10,0.31211498973305957
2020-10-23,食用菌,115.306,1058.9732,641.35712,115.306,0.0,264,10,9.184025115778883,5.562218097930724,0.6511443733562978,0.0,5,10,0.31211498973305957
2020-10-24,水生根茎类,60.756,486.048,340.23359999999997,60.756,0.0,87,1,8.0,5.6,0.4285714285714286,0.0,6,10,0.31485284052019163
2020-10-24,花叶类,282.107,1656.383,1018.07364,282.107,0.0,510,15,5.871470754004686,3.608820908378735,0.6269775927014476,0.0,6,10,0.31485284052019163
2020-10-24,花菜类,31.113,278.339,165.34637,31.113,0.0,64,2,8.946067560183845,5.314382091087327,0.6833692811036611,0.0,6,10,0.31485284052019163
2020-10-24,茄类,22.221,146.6556,94.87101,22.221,0.0,39,4,6.599864992574592,4.2694302686647765,0.5458420860070954,0.0,6,10,0.31485284052019163
2020-10-24,辣椒类,77.097,755.7422,513.81476,77.097,0.0,263,9,9.802485181005746,6.66452339260931,0.47084564094655446,0.0,6,10,0.31485284052019163
2020-10-24,食用菌,115.39,963.07,542.67419,115.39,0.0,247,11,8.346217176531763,4.702956842014039,0.7746744137582813,0.0,6,10,0.31485284052019163
2020-10-25,水生根茎类,63.082,504.656,364.61396,63.082,0.0,93,1,8.0,5.78,0.38408304498269885,0.0,7,10,0.31759069130732376
2020-10-25,花叶类,223.397,1410.5256,866.05678,223.397,0.0,457,17,6.313986311364969,3.8767610129052765,0.6286756625818459,0.0,7,10,0.31759069130732376
2020-10-25,花菜类,43.114,383.49,239.55662,43.114,0.0,79,2,8.89479055527207,5.556353388690449,0.6008324044645479,0.0,7,10,0.31759069130732376
2020-10-25,茄类,30.136,200.056,135.01994,30.136,0.0,53,4,6.638439076187948,4.480353729758428,0.48167744704967297,0.0,7,10,0.31759069130732376
2020-10-25,辣椒类,72.537,756.301,495.9667,72.537,0.0,243,10,10.426416863118133,6.837430552683458,0.5249027807713704,0.0,7,10,0.31759069130732376
2020-10-25,食用菌,104.16,914.669,536.14275,104.16,0.0,227,11,8.78138440860215,5.14729982718894,0.7060176604085386,0.0,7,10,0.31759069130732376
2020-10-26,水生根茎类,20.666,165.328,119.8628,20.666,0.0,33,1,8.0,5.8,0.3793103448275863,0.0,1,10,0.3203285420944558
2020-10-26,花叶类,157.832,940.033,559.08318,157.832,0.0,315,17,5.9559088144356025,3.5422676009934615,0.6813830814942421,0.0,1,10,0.3203285420944558
2020-10-26,花菜类,22.371,213.357,137.65689,22.371,0.0,44,2,9.537213356577713,6.153363282821511,0.5499187872107236,0.0,1,10,0.3203285420944558
2020-10-26,茄类,10.797,70.918,49.780210000000004,10.797,0.0,21,3,6.568306010928962,4.610559414652219,0.4246223549478798,0.0,1,10,0.3203285420944558
2020-10-26,辣椒类,45.439,461.7382,310.48712,45.439,0.0,139,10,10.161715706771716,6.833053544312155,0.4871412379360536,0.0,1,10,0.3203285420944558
2020-10-26,食用菌,62.363,545.738,321.01243,62.363,0.0,133,11,8.750990170453635,5.147482160896685,0.7000525493670138,0.0,1,10,0.3203285420944558
2020-10-27,水生根茎类,20.755,166.04,120.379,20.755,0.0,33,1,8.0,5.800000000000001,0.3793103448275861,0.0,2,10,0.32306639288158795
2020-10-27,花叶类,154.566,842.1276,515.28803,154.566,0.0,282,17,5.448336632894686,3.3337734689388356,0.6342851977368851,0.0,2,10,0.32306639288158795
2020-10-27,花菜类,23.305,228.922,162.6137,23.305,0.0,49,2,9.822870628620468,6.977631409568762,0.4077657663530194,0.0,2,10,0.32306639288158795
2020-10-27,茄类,13.444,85.262,62.319379999999995,13.444,0.0,24,4,6.342011306158881,4.635479024099969,0.3681458320028217,0.0,2,10,0.32306639288158795
2020-10-27,辣椒类,45.479,462.3914,314.05246999999997,45.479,0.0,157,9,10.167140878207524,6.905439213703027,0.47233804593226103,0.0,2,10,0.32306639288158795
2020-10-27,食用菌,56.508,501.14,291.45238,56.508,0.0,122,10,8.868478799462022,5.157718907057408,0.7194575662754921,0.0,2,10,0.32306639288158795
2020-10-28,水生根茎类,14.625,117.0,84.82499999999999,14.625,0.0,27,1,8.0,5.799999999999999,0.3793103448275865,0.0,3,10,0.3258042436687201
2020-10-28,花叶类,167.542,954.701,582.60574,167.542,0.0,318,17,5.698278640579676,3.477371286005897,0.6386742087367694,0.0,3,10,0.3258042436687201
2020-10-28,花菜类,30.297,274.372,174.49954,30.297,0.0,58,2,9.056078159553751,5.759630986566327,0.5723365230647599,0.0,3,10,0.3258042436687201
2020-10-28,茄类,12.238,75.568,58.04166,12.238,0.0,25,4,6.174865174048047,4.742740643896061,0.30196138428845765,0.0,3,10,0.3258042436687201
2020-10-28,辣椒类,49.395,502.58480000000003,337.64588000000003,49.395,0.0,162,8,10.174811215710092,6.835628707359045,0.4884967647169276,0.0,3,10,0.3258042436687201
2020-10-28,食用菌,75.211,607.948,361.32285,75.211,0.0,155,11,8.083232505883448,4.804122402308173,0.6825617311498566,0.0,3,10,0.3258042436687201
2020-10-29,水生根茎类,15.828,126.624,91.80239999999999,15.828,0.0,25,1,8.0,5.8,0.3793103448275863,0.0,4,10,0.32854209445585214
2020-10-29,花叶类,120.551,702.4834,423.38031,120.551,0.0,241,18,5.82727144528042,3.5120431186800607,0.6592254845295,0.0,4,10,0.32854209445585214
2020-10-29,花菜类,24.902,215.896,145.55852,24.902,0.0,44,2,8.669825716809894,5.8452541964500835,0.4832247538653185,0.0,4,10,0.32854209445585214
2020-10-29,茄类,14.436,93.9092,62.57149999999999,14.436,0.0,27,4,6.505209199224161,4.334407037960654,0.5008302501937782,0.0,4,10,0.32854209445585214
2020-10-29,辣椒类,52.653999999999996,532.7496,356.34441,52.653999999999996,0.0,166,10,10.117932160899457,6.767660766513465,0.4950412720098514,0.0,4,10,0.32854209445585214
2020-10-29,食用菌,81.051,661.98,394.17548999999997,81.051,0.0,160,11,8.167450123996003,4.8633019950401595,0.679404267373398,0.0,4,10,0.32854209445585214
2020-10-30,水生根茎类,17.029,136.232,98.7682,17.029,0.0,32,1,8.0,5.8,0.3793103448275863,0.0,5,10,0.33127994524298426
2020-10-30,花叶类,148.243,823.897,504.91188999999997,148.243,0.0,284,19,5.557746402865566,3.405974582273699,0.6317639103329495,0.0,5,10,0.33127994524298426
2020-10-30,花菜类,28.939,243.1674,170.27959,28.939,0.0,58,2,8.402757524447976,5.884086872386745,0.42804783591503814,0.0,5,10,0.33127994524298426
2020-10-30,茄类,12.192,83.9566,56.9113,12.192,0.0,31,4,6.88620406824147,4.667921587926509,0.47521845398014095,0.0,5,10,0.33127994524298426
2020-10-30,辣椒类,46.452,504.0126,331.43869,46.452,0.0,158,10,10.850180831826401,7.135079006286059,0.5206812457531738,0.0,5,10,0.33127994524298426
2020-10-30,食用菌,74.23,657.792,395.19334,74.23,0.0,167,12,8.861538461538462,5.323903273609052,0.6644814915150141,0.0,5,10,0.33127994524298426
2020-10-31,水生根茎类,73.563,588.504,426.6654,73.563,0.0,102,1,8.0,5.8,0.3793103448275863,0.0,6,10,0.33401779603011633
2020-10-31,花叶类,248.102,1393.8188,862.0477999999999,248.102,0.0,494,17,5.617926497972608,3.4745701364761263,0.6168695053800961,0.0,6,10,0.33401779603011633
2020-10-31,花菜类,82.701,712.524,486.14199,82.701,0.0,166,2,8.615663655820365,5.87830848478253,0.4656705543991375,0.0,6,10,0.33401779603011633
2020-10-31,茄类,16.499,102.11919999999999,70.25032,16.499,0.0,32,4,6.189417540456997,4.257853203224438,0.4536474709296696,0.0,6,10,0.33401779603011633
2020-10-31,辣椒类,81.292,885.327,587.14257,81.292,0.0,257,10,10.890702652167494,7.222636544801456,0.5078569417986505,0.0,6,10,0.33401779603011633
2020-10-31,食用菌,135.284,1339.896,786.97648,135.284,0.0,319,12,9.904319801306881,5.817217704976199,0.7025870963767558,0.0,6,10,0.33401779603011633
2020-11-01,水生根茎类,54.875,439.0,318.275,54.875,0.0,85,1,8.0,5.8,0.3793103448275863,0.0,7,11,0.33675564681724846
2020-11-01,花叶类,206.956,1063.2486,651.66904,206.956,0.0,400,18,5.137558708131197,3.148828929820832,0.6315775872979938,0.0,7,11,0.33675564681724846
2020-11-01,花菜类,69.062,608.448,415.18102,69.062,0.0,122,2,8.810170571370653,6.011714401552228,0.46550051830404016,0.0,7,11,0.33675564681724846
2020-11-01,茄类,15.407,100.832,65.48776,15.407,0.0,28,4,6.544557668592198,4.250519893554877,0.5397075728349849,0.0,7,11,0.33675564681724846
2020-11-01,辣椒类,73.722,731.8592,521.1385799999999,73.722,0.0,233,10,9.927283578850275,7.068969642711809,0.4043466135245639,0.0,7,11,0.33675564681724846
2020-11-01,食用菌,127.967,1165.722,681.4426500000001,127.967,0.0,263,10,9.109551681292833,5.325143591707238,0.7106678016117716,0.0,7,11,0.33675564681724846
2020-11-02,水生根茎类,15.053,120.424,87.3074,15.053,0.0,25,1,8.0,5.8,0.3793103448275863,0.0,1,11,0.3394934976043806
2020-11-02,花叶类,143.656,669.6758,414.74962999999997,143.656,0.0,265,16,4.661662582836777,2.88710273152531,0.6146507472472009,0.0,1,11,0.3394934976043806
2020-11-02,花菜类,32.726,271.2468,184.01500000000001,32.726,0.0,62,2,8.288418994071993,5.622899223858706,0.4740472244110534,0.0,1,11,0.3394934976043806
2020-11-02,茄类,11.378,72.4372,49.7922,11.378,0.0,22,4,6.366426436983653,4.376182105818246,0.45479010768754957,0.0,1,11,0.3394934976043806
2020-11-02,辣椒类,54.351,590.4854,370.37681,54.351,0.0,176,8,10.864296885061913,6.814535335136428,0.5942828602039096,0.0,1,11,0.3394934976043806
2020-11-02,食用菌,78.321,676.3304,383.24891,78.321,0.0,151,11,8.635364716997996,4.893309712593047,0.7647288285829696,0.0,1,11,0.3394934976043806
2020-11-03,水生根茎类,14.238,113.904,80.44470000000001,14.238,0.0,25,1,8.0,5.650000000000001,0.41592920353982277,0.0,2,11,0.34223134839151265
2020-11-03,花叶类,131.679,630.57,374.55631999999997,131.679,0.0,259,16,4.788690679607227,2.844465100737399,0.6835118414234744,0.0,2,11,0.34223134839151265
2020-11-03,花菜类,52.37,444.17839999999995,257.69936,52.37,0.0,105,2,8.481542868054229,4.920743937368723,0.7236302022635985,0.0,2,11,0.34223134839151265
2020-11-03,茄类,10.846,70.61959999999999,46.96873,10.846,0.0,23,4,6.511119306656831,4.330511709385949,0.5035450181429217,0.0,2,11,0.34223134839151265
2020-11-03,辣椒类,66.834,551.5728,438.05188000000004,66.834,0.0,187,9,8.25287727803214,6.554326839632522,0.25914948704249374,0.0,2,11,0.34223134839151265
2020-11-03,食用菌,65.341,539.933,309.14751,65.341,0.0,143,11,8.263310938002174,4.731294439938171,0.7465222346445552,0.0,2,11,0.34223134839151265
2020-11-04,水生根茎类,18.183,145.464,105.4614,18.183,0.0,32,1,8.0,5.8,0.3793103448275863,0.0,3,11,0.34496919917864477
2020-11-04,花叶类,122.114,571.8402,330.47232,122.114,0.0,223,15,4.682838986520792,2.7062607072080187,0.7303724560047871,0.0,3,11,0.34496919917864477
2020-11-04,花菜类,67.527,474.668,315.74894,67.527,0.0,130,2,7.029306795800198,4.6758917173871195,0.5033082929747918,0.0,3,11,0.34496919917864477
2020-11-04,茄类,10.702,70.6324,46.35076,10.702,0.0,22,4,6.599925247617268,4.331037189310409,0.52386713831661,0.0,3,11,0.34496919917864477
2020-11-04,辣椒类,59.731,500.4148,364.41662,59.731,0.0,172,8,8.377807168806818,6.100962984045136,0.3731942302741298,0.0,3,11,0.34496919917864477
2020-11-04,食用菌,195.34,789.968,517.05781,195.34,0.0,257,10,4.04406675540084,2.6469632947680966,0.5278136887633513,0.0,3,11,0.34496919917864477
2020-11-05,水生根茎类,8.347,66.776,48.4126,8.347,0.0,14,1,8.0,5.8,0.3793103448275863,0.0,4,11,0.34770704996577684
2020-11-05,花叶类,146.327,698.3254,399.90758,146.327,0.0,287,16,4.772361901767958,2.7329719053899826,0.7462169634294005,0.0,4,11,0.34770704996577684
2020-11-05,花菜类,57.354,400.5954,253.35855,57.354,0.0,105,2,6.984611361021027,4.41745213934512,0.5811402457110681,0.0,4,11,0.34770704996577684
2020-11-05,茄类,9.067,59.2802,38.44618,9.067,0.0,21,3,6.538016984669682,4.240231609132017,0.5419009118721287,0.0,4,11,0.34770704996577684
2020-11-05,辣椒类,45.282,482.5766,312.47156,45.282,0.0,138,10,10.65713970230997,6.900568879466455,0.5443856714511874,0.0,4,11,0.34770704996577684
2020-11-05,食用菌,129.089,664.178,406.152,129.089,0.0,206,10,5.145116934827909,3.146294417030111,0.6352941755795858,0.0,4,11,0.34770704996577684
2020-11-06,水生根茎类,11.57,92.56,64.9077,11.57,0.0,23,1,8.0,5.61,0.42602495543672014,0.0,5,11,0.35044490075290896
2020-11-06,花叶类,142.586,689.5884,391.52162,142.586,0.0,271,16,4.8362980937819975,2.745862987951131,0.7613035009407654,0.0,5,11,0.35044490075290896
2020-11-06,花菜类,95.136,458.1672,311.60998,95.136,0.0,169,2,4.815918264379415,3.275416035990582,0.4703226129021927,0.0,5,11,0.35044490075290896
2020-11-06,茄类,7.22,45.1492,31.21622,7.22,0.0,17,4,6.253351800554017,4.323576177285319,0.44633783334433197,0.0,5,11,0.35044490075290896
2020-11-06,辣椒类,49.287,485.6466,308.23663999999997,49.287,0.0,162,10,9.853442084119544,6.253913608050804,0.5755641509717988,0.0,5,11,0.35044490075290896
2020-11-06,食用菌,80.588,554.748,339.26117,80.588,0.0,158,9,6.883754405122352,4.209822430138482,0.6351650264013418,0.0,5,11,0.35044490075290896
2020-11-07,水生根茎类,60.508,484.064,350.34132,60.508,0.0,85,1,8.0,5.79,0.3816925734024179,0.0,6,11,0.3531827515400411
2020-11-07,花叶类,224.3,1053.7168,648.01052,224.3,0.0,379,16,4.697801159161836,2.8890348640214,0.6260797741369999,0.0,6,11,0.3531827515400411
2020-11-07,花菜类,121.453,703.7704,468.38883,121.453,0.0,238,2,5.794590500028818,3.8565439305739666,0.5025345501941199,0.0,6,11,0.3531827515400411
2020-11-07,茄类,10.878,68.2188,44.651030000000006,10.878,0.0,26,4,6.2712630998345285,4.104709505423791,0.5278214186772399,0.0,6,11,0.3531827515400411
2020-11-07,辣椒类,69.738,743.7168,479.90249,69.738,0.0,238,10,10.664441194183945,6.881506352347357,0.5497248201400247,0.0,6,11,0.3531827515400411
2020-11-07,食用菌,122.896,1174.584,692.63935,122.896,0.0,259,10,9.557544590548106,5.6359796087749,0.6958089372196368,0.0,6,11,0.3531827515400411
2020-11-08,水生根茎类,55.582,444.656,322.37559999999996,55.582,0.0,85,1,8.0,5.799999999999999,0.3793103448275865,0.0,7,11,0.35592060232717315
2020-11-08,花叶类,209.808,1000.6624,572.44891,209.808,0.0,378,16,4.769419659879509,2.7284417658049263,0.7480379166063922,0.0,7,11,0.35592060232717315
2020-11-08,花菜类,125.591,705.308,495.55668000000003,125.591,0.0,233,2,5.6159119682142835,3.945797708434522,0.42326403510492483,0.0,7,11,0.35592060232717315
2020-11-08,茄类,16.906,104.15,70.6837,16.906,0.0,31,4,6.160534721400687,4.180983082929138,0.47346559390637455,0.0,7,11,0.35592060232717315
2020-11-08,辣椒类,78.907,720.006,502.53430000000003,78.907,0.0,254,10,9.124741784632542,6.368690990659892,0.4327499635348271,0.0,7,11,0.35592060232717315
2020-11-08,食用菌,124.492,1146.977,727.73063,124.492,0.0,281,11,9.213258683288887,5.845601564759181,0.576101036175982,0.0,7,11,0.35592060232717315
2020-11-09,水生根茎类,13.408,107.264,77.76639999999999,13.408,0.0,20,1,8.0,5.8,0.3793103448275863,0.0,1,11,0.3586584531143053
2020-11-09,花叶类,144.911,691.2118,395.19211,144.911,0.0,269,17,4.769905666236518,2.727136725300357,0.7490526316428736,0.0,1,11,0.3586584531143053
2020-11-09,花菜类,57.592,349.243,244.11564,57.592,0.0,114,2,6.064088762328101,4.2387074593693574,0.43064573822471974,0.0,1,11,0.3586584531143053
2020-11-09,茄类,10.063,61.8228,40.82996,10.063,0.0,21,4,6.143575474510583,4.057434164761999,0.5141528426674922,0.0,1,11,0.3586584531143053
2020-11-09,辣椒类,64.616,538.0968,377.42061,64.616,0.0,186,10,8.327609260864183,5.840977621641699,0.4257218226635795,0.0,1,11,0.3586584531143053
2020-11-09,食用菌,63.22,469.443,278.38539,63.22,0.0,137,11,7.425545713381841,4.403438627016767,0.6863061671447628,0.0,1,11,0.3586584531143053
2020-11-10,水生根茎类,9.913,79.304,57.4954,9.913,0.0,16,1,8.0,5.8,0.3793103448275863,0.0,2,11,0.3613963039014374
2020-11-10,花叶类,157.962,656.1002,380.07968,157.962,0.0,294,16,4.153531862093415,2.4061462883478306,0.7262175131277737,0.0,2,11,0.3613963039014374
2020-11-10,花菜类,25.698,160.224,92.7315,25.698,0.0,50,2,6.234882091991595,3.608510389913612,0.7278271137639314,0.0,2,11,0.3613963039014374
2020-11-10,茄类,9.574,60.8912,41.1344,9.574,0.0,20,4,6.360058491748485,4.296469605180698,0.48029872807188134,0.0,2,11,0.3613963039014374
2020-11-10,辣椒类,54.663,456.89,316.3695,54.663,0.0,160,10,8.35830452042515,5.78763514625981,0.44416576187021817,0.0,2,11,0.3613963039014374
2020-11-10,食用菌,64.18,450.616,284.79375,64.18,0.0,124,11,7.021128077282642,4.437422094110314,0.5822538240393267,0.0,2,11,0.3613963039014374
2020-11-11,水生根茎类,15.549,143.816,97.30609000000001,15.549,0.0,28,2,9.24921216798508,6.2580288121422605,0.47797532507985885,0.0,3,11,0.36413415468856947
2020-11-11,花叶类,149.866,578.8088,354.45153,149.866,0.0,262,18,3.8621755434855136,2.3651230432519714,0.6329702399648269,0.0,3,11,0.36413415468856947
2020-11-11,花菜类,63.25,364.272,284.98108,63.25,0.0,127,2,5.759241106719368,4.505629723320158,0.2782322251006979,0.0,3,11,0.36413415468856947
2020-11-11,茄类,15.584999999999999,94.9084,64.36299,15.584999999999999,0.0,30,4,6.089727301892846,4.1298036573628485,0.47458034500883217,0.0,3,11,0.36413415468856947
2020-11-11,辣椒类,65.834,590.5646,400.90973,65.834,0.0,196,10,8.970510678372877,6.089706382720175,0.473061279904581,0.0,3,11,0.36413415468856947
2020-11-11,食用菌,62.612,388.241,239.68265,62.612,0.0,115,10,6.200744266274835,3.8280625119785343,0.6198126981656786,0.0,3,11,0.36413415468856947
2020-11-12,水生根茎类,14.446,129.488,90.6772,14.446,0.0,21,2,8.963588536619133,6.276976325626471,0.4280105693603242,0.0,4,11,0.3668720054757016
2020-11-12,花叶类,151.144,583.2938,361.84571,151.144,0.0,253,18,3.859192558090298,2.394046141428042,0.6119958973674167,0.0,4,11,0.3668720054757016
2020-11-12,花菜类,13.406,77.774,52.41470999999999,13.406,0.0,35,2,5.801432194539758,3.9097948679695653,0.48382009554188143,0.0,4,11,0.3668720054757016
2020-11-12,茄类,15.508000000000001,99.9248,65.37491,15.508000000000001,0.0,32,4,6.443435646118132,4.2155603559453185,0.5284885287031369,0.0,4,11,0.3668720054757016
2020-11-12,辣椒类,58.851,515.6316,358.77502,58.851,0.0,179,10,8.761645511546108,6.096328354658374,0.4372003937174891,0.0,4,11,0.3668720054757016
2020-11-12,食用菌,68.656,397.194,251.26568,68.656,0.0,113,13,5.785277324632952,3.6597774411559074,0.5807729889732653,0.0,4,11,0.3668720054757016
2020-11-13,水生根茎类,13.047,110.08,78.49608,13.047,0.0,23,2,8.437188625737717,6.01640836974017,0.4023630224592105,0.0,5,11,0.36960985626283366
2020-11-13,花叶类,141.0,519.4276,286.89825,141.0,0.0,217,16,3.683883687943262,2.034739361702128,0.8104941386014028,0.0,5,11,0.36960985626283366
2020-11-13,花菜类,60.306,332.536,243.56907999999999,60.306,0.0,104,2,5.514144529565881,4.038886346300534,0.3652636040666575,0.0,5,11,0.36960985626283366
2020-11-13,茄类,8.044,48.0704,32.42089,8.044,0.0,18,3,5.975932371954251,4.030443809050223,0.4826983466524206,0.0,5,11,0.36960985626283366
2020-11-13,辣椒类,70.246,566.3542,400.75788,70.246,0.0,200,9,8.062440566010876,5.7050633488027795,0.4132078950013407,0.0,5,11,0.36960985626283366
2020-11-13,食用菌,67.676,405.834,266.25722,67.676,0.0,119,11,5.996719664282759,3.934293102429222,0.5242178221495739,0.0,5,11,0.36960985626283366
2020-11-14,水生根茎类,51.705,361.935,268.866,51.705,0.0,81,1,7.0,5.2,0.34615384615384603,0.0,6,11,0.3723477070499658
2020-11-14,花叶类,207.145,933.8278,526.79785,207.145,0.0,373,19,4.508087571507881,2.5431357261821432,0.7726492239860125,0.0,6,11,0.3723477070499658
2020-11-14,花菜类,84.001,457.3816,354.68219,84.001,0.0,160,2,5.444954226735396,4.222356757657646,0.28955333223808055,0.0,6,11,0.3723477070499658
2020-11-14,茄类,18.146,93.6662,63.38496,18.146,0.0,36,4,5.161809765237518,3.493054116609721,0.4777354123123214,0.0,6,11,0.3723477070499658
2020-11-14,辣椒类,71.84,738.8982,486.88955,71.84,0.0,247,10,10.285331291759464,6.777415785077951,0.5175889480478681,0.0,6,11,0.3723477070499658
2020-11-14,食用菌,92.793,677.133,423.83207,92.793,0.0,195,11,7.297242248876532,4.567500458008686,0.5976445576664362,0.0,6,11,0.3723477070499658
2020-11-15,水生根茎类,39.231,274.617,204.0012,39.231,0.0,56,1,7.0,5.2,0.34615384615384603,0.0,7,11,0.3750855578370979
2020-11-15,花叶类,227.231,1019.4928,566.6366,227.231,0.0,364,17,4.4865920583019046,2.4936588757695914,0.7992004046332342,0.0,7,11,0.3750855578370979
2020-11-15,花菜类,77.798,423.28639999999996,311.32243,77.798,0.0,154,2,5.4408390961207225,4.001676521247333,0.3596399077316721,0.0,7,11,0.3750855578370979
2020-11-15,茄类,18.318,100.4406,67.0864,18.318,0.0,35,4,5.483164100884376,3.6623212141063433,0.4971827374847957,0.0,7,11,0.3750855578370979
2020-11-15,辣椒类,74.078,710.5856,472.24893000000003,74.078,0.0,236,10,9.592397202948243,6.3750226787980235,0.5046844044728698,0.0,7,11,0.3750855578370979
2020-11-15,食用菌,73.108,433.123,262.34025,73.108,0.0,133,11,5.924426875307764,3.5883931991026974,0.6509971306347386,0.0,7,11,0.3750855578370979
2020-11-16,水生根茎类,13.998000000000001,111.98400000000001,72.78960000000001,13.998000000000001,0.0,22,1,8.0,5.2,0.5384615384615383,0.0,1,11,0.37782340862423
2020-11-16,花叶类,140.087,646.0148,373.23369,140.087,0.0,256,16,4.611525694746836,2.664299256890361,0.7308587550068164,0.0,1,11,0.37782340862423
2020-11-16,花菜类,48.64,260.72159999999997,183.28308,48.64,0.0,96,2,5.360230263157894,3.768155427631579,0.42250774048537365,0.0,1,11,0.37782340862423
2020-11-16,茄类,15.672,86.9058,56.0915,15.672,0.0,34,4,5.545290964777948,3.5790900969882595,0.5493577458260164,0.0,1,11,0.37782340862423
2020-11-16,辣椒类,45.345,430.45259999999996,285.596,45.345,0.0,149,10,9.492834932186568,6.2982908810232665,0.5072080841468365,0.0,1,11,0.37782340862423
2020-11-16,食用菌,54.363,327.347,199.44660000000002,54.363,0.0,99,11,6.0215035961959416,3.6687931129628613,0.6412764118315375,0.0,1,11,0.37782340862423
2020-11-17,水生根茎类,20.615,164.92,119.567,20.615,0.0,34,1,8.0,5.8,0.3793103448275863,0.0,2,11,0.3805612594113621
2020-11-17,花叶类,222.517,850.9528,501.54982,222.517,0.0,349,16,3.82421477909553,2.253984279852775,0.6966466063132075,0.0,2,11,0.3805612594113621
2020-11-17,花菜类,43.621,238.6088,170.62213,43.621,0.0,85,2,5.4700442447445035,3.911467641732193,0.3984633763510044,0.0,2,11,0.3805612594113621
2020-11-17,茄类,12.224,68.9412,47.152680000000004,12.224,0.0,28,4,5.639823298429319,3.857385471204189,0.46208444567731877,0.0,2,11,0.3805612594113621
2020-11-17,辣椒类,43.486,383.019,261.40249,43.486,0.0,125,8,8.807869199282528,6.011187278664398,0.46524618032521436,0.0,2,11,0.3805612594113621
2020-11-17,食用菌,131.979,495.592,282.22779,131.979,0.0,151,11,3.755082247933383,2.13842952287864,0.7560000026928599,0.0,2,11,0.3805612594113621
2020-11-18,水生根茎类,16.646,133.168,96.5468,16.646,0.0,31,1,8.0,5.8,0.3793103448275863,0.0,3,11,0.38329911019849416
2020-11-18,花叶类,203.322,827.3134,484.60914,203.322,0.0,372,18,4.068981221904171,2.383456487738661,0.7071766331109643,0.0,3,11,0.38329911019849416
2020-11-18,花菜类,50.438,240.732,184.58518,50.438,0.0,98,2,4.772830009120107,3.6596451088465045,0.3041783744502131,0.0,3,11,0.38329911019849416
2020-11-18,茄类,15.946,96.8378,62.77084,15.946,0.0,37,4,6.0728583970901795,3.9364630628370754,0.5427195175339377,0.0,3,11,0.38329911019849416
2020-11-18,辣椒类,45.407000000000004,462.781,306.98726,45.407000000000004,0.0,158,9,10.191842667430132,6.760791507917281,0.5074925259113361,0.0,3,11,0.38329911019849416
2020-11-18,食用菌,99.089,461.105,273.19862,99.089,0.0,151,11,4.653442864495554,2.7571034120840863,0.6878013512659762,0.0,3,11,0.38329911019849416
2020-11-19,水生根茎类,18.393,171.988,121.24674,18.393,0.0,28,2,9.35073125645626,6.592004566954819,0.4184958704869097,0.0,4,11,0.3860369609856263
2020-11-19,花叶类,206.35,675.36,403.40461999999997,206.35,0.0,302,17,3.2728858735158712,1.9549533317179548,0.6741503852881012,0.0,4,11,0.3860369609856263
2020-11-19,花菜类,77.165,362.2798,255.03033,77.165,0.0,135,2,4.694872027473595,3.3050000647962157,0.42053613779976673,0.0,4,11,0.3860369609856263
2020-11-19,茄类,12.808,86.4716,57.55607,12.808,0.0,28,4,6.751374141161774,4.493759369144285,0.5023888879139942,0.0,4,11,0.3860369609856263
2020-11-19,辣椒类,59.111,543.5856,370.47774000000004,59.111,0.0,178,10,9.196014278222329,6.267492344910424,0.46725576548809644,0.0,4,11,0.3860369609856263
2020-11-19,食用菌,90.297,524.004,319.36681,90.297,0.0,133,10,5.803116382604074,3.5368485110247296,0.6407591007969802,0.0,4,11,0.3860369609856263
2020-11-20,水生根茎类,20.641,172.044,118.0102,20.641,0.0,38,2,8.335061285790418,5.717271450026646,0.45787398038474647,0.0,5,11,0.3887748117727584
2020-11-20,花叶类,244.555,756.6246,451.0998,244.555,0.0,346,16,3.093883175563779,1.8445740222035942,0.6772887064015547,0.0,5,11,0.3887748117727584
2020-11-20,花菜类,52.701,256.383,178.1151,52.701,0.0,101,2,4.864860249331132,3.3797290373996702,0.4394231595187603,0.0,5,11,0.3887748117727584
2020-11-20,茄类,9.804,65.911,43.43107,9.804,0.0,19,4,6.7228682170542635,4.429933700530396,0.5176001880681274,0.0,5,11,0.3887748117727584
2020-11-20,辣椒类,53.492,545.285,357.88809,53.492,0.0,174,10,10.193767292305392,6.6904974575637475,0.5236187379132959,0.0,5,11,0.3887748117727584
2020-11-20,食用菌,70.888,358.984,204.37381,70.888,0.0,112,11,5.0641011172553885,2.883052279652409,0.7565068635751324,0.0,5,11,0.3887748117727584
2020-11-21,水生根茎类,91.691,758.596,522.81932,91.691,0.0,141,2,8.273396516561059,5.701969877087173,0.4509716282099141,0.0,6,11,0.3915126625598905
2020-11-21,花叶类,460.646,1463.7466,859.78778,460.646,0.0,707,18,3.1775953769271847,1.866482678672994,0.7024510397205226,0.0,6,11,0.3915126625598905
2020-11-21,花菜类,114.066,487.836,339.02046,114.066,0.0,208,2,4.276787123244437,2.972142969859555,0.4389574009781001,0.0,6,11,0.3915126625598905
2020-11-21,茄类,25.451,169.4252,113.65217,25.451,0.0,53,4,6.656917213469018,4.4655286629209066,0.49073440480722885,0.0,6,11,0.3915126625598905
2020-11-21,辣椒类,79.774,773.5536,531.60691,79.774,0.0,275,9,9.696813498132222,6.66391192619149,0.4551232977765469,0.0,6,11,0.3915126625598905
2020-11-21,食用菌,169.382,869.03,522.2149900000001,169.382,0.0,278,11,5.130592388801643,3.083060714833926,0.6641230463338479,0.0,6,11,0.3915126625598905
2020-11-22,水生根茎类,67.538,540.304,378.21279999999996,67.538,0.0,98,1,8.0,5.6,0.4285714285714286,0.0,7,11,0.3942505133470226
2020-11-22,花叶类,371.968,1141.9126,674.96555,371.968,0.0,534,17,3.06992160615967,1.81457961437543,0.6918087152744317,0.0,7,11,0.3942505133470226
2020-11-22,花菜类,119.596,508.1144,289.64544,119.596,0.0,216,2,4.248590253854644,2.42186561423459,0.7542634194413695,0.0,7,11,0.3942505133470226
2020-11-22,茄类,26.933,183.6438,126.00174,26.933,0.0,58,4,6.8185423086919394,4.678340325994133,0.4574703492189871,0.0,7,11,0.3942505133470226
2020-11-22,辣椒类,99.221,834.0508,596.33958,99.221,0.0,286,10,8.405990667298253,6.010215377793007,0.3986172106838859,0.0,7,11,0.3942505133470226
2020-11-22,食用菌,160.154,1537.6912,916.77074,160.154,0.0,332,10,9.601328721105936,5.724307479051413,0.6772908786334084,0.0,7,11,0.3942505133470226
2020-11-23,水生根茎类,34.987,279.896,195.92719999999997,34.987,0.0,52,1,8.0,5.599999999999999,0.4285714285714288,0.0,1,11,0.39698836413415467
2020-11-23,花叶类,294.311,1016.226,588.3084699999999,294.311,0.0,420,17,3.4528984645494054,1.9989346983293184,0.7273693169843365,0.0,1,11,0.39698836413415467
2020-11-23,花菜类,74.623,304.9214,169.30252000000002,74.623,0.0,124,2,4.086158423006312,2.2687712903528405,0.8010446625366237,0.0,1,11,0.39698836413415467
2020-11-23,茄类,15.902,103.206,77.96667,15.902,0.0,30,3,6.490127028046787,4.902947427996478,0.32371948167082176,0.0,1,11,0.39698836413415467
2020-11-23,辣椒类,59.056,499.0114,328.90866,59.056,0.0,181,9,8.449800189650501,5.569436805743701,0.517173187230765,0.0,1,11,0.39698836413415467
2020-11-23,食用菌,195.788,1147.439,719.58204,195.788,0.0,319,12,5.860619649825321,3.675312276544017,0.5945909378171808,0.0,1,11,0.39698836413415467
2020-11-24,水生根茎类,40.528,324.224,243.168,40.528,0.0,72,1,8.0,6.0,0.33333333333333326,0.0,2,11,0.3997262149212868
2020-11-24,花叶类,220.189,871.6004,502.49499000000003,220.189,0.0,377,14,3.958419357915246,2.282107598472222,0.7345454528810327,0.0,2,11,0.3997262149212868
2020-11-24,花菜类,60.927,268.04519999999997,143.29112,60.927,0.0,94,2,4.399448520360431,2.3518492622318514,0.8706337140780249,0.0,2,11,0.3997262149212868
2020-11-24,茄类,13.897,85.793,63.64324,13.897,0.0,30,4,6.173490681442038,4.579638770957761,0.3480300500100246,0.0,2,11,0.3997262149212868
2020-11-24,辣椒类,52.157,479.5806,306.33094,52.157,0.0,168,9,9.194942193761145,5.873246927545679,0.5655637004868004,0.0,2,11,0.3997262149212868
2020-11-24,食用菌,117.661,827.3984,519.17876,117.661,0.0,233,12,7.032053101707448,4.41249657915537,0.5936676608264948,0.0,2,11,0.3997262149212868
2020-11-25,水生根茎类,31.807,254.456,190.84199999999998,31.807,0.0,48,1,8.0,6.0,0.33333333333333326,0.0,3,11,0.4024640657084189
2020-11-25,花叶类,237.713,822.822,473.72306000000003,237.713,0.0,381,16,3.4614093465649756,1.9928361511570678,0.7369262116984552,0.0,3,11,0.4024640657084189
2020-11-25,花菜类,37.137,152.5724,96.98231,37.137,0.0,71,2,4.1083663193041975,2.611474001669494,0.5731982461543756,0.0,3,11,0.4024640657084189
2020-11-25,茄类,13.199,85.3798,54.33995,13.199,0.0,23,4,6.468656716417911,4.116974770815971,0.5712160206257091,0.0,3,11,0.4024640657084189
2020-11-25,辣椒类,39.054,386.1988,251.37811,39.054,0.0,133,9,9.88884109182158,6.436680237619705,0.5363262934867323,0.0,3,11,0.4024640657084189
2020-11-25,食用菌,95.581,803.3278,523.65444,95.581,0.0,222,13,8.404680846611774,5.478645755955681,0.5340799936691074,0.0,3,11,0.4024640657084189
2020-11-26,水生根茎类,24.099,192.792,146.28093,24.099,0.0,35,1,8.0,6.07,0.31795716639209215,0.0,4,11,0.405201916495551
2020-11-26,花叶类,268.633,648.9864,392.81088,268.633,0.0,294,16,2.415884868947598,1.462258471595076,0.6521599401727367,0.0,4,11,0.405201916495551
2020-11-26,花菜类,34.766,162.3144,106.59752,34.766,0.0,66,2,4.668768336880861,3.066142783178968,0.522684580279166,0.0,4,11,0.405201916495551
2020-11-26,茄类,12.868,91.0904,55.93294,12.868,0.0,27,4,7.078831209201119,4.346669257071806,0.6285644916930881,0.0,4,11,0.405201916495551
2020-11-26,辣椒类,48.086,447.85499999999996,291.13302,48.086,0.0,151,9,9.313625587489081,6.054423740797738,0.5383174330414322,0.0,4,11,0.405201916495551
2020-11-26,食用菌,110.276,839.589,529.13129,110.276,0.0,200,12,7.613524248249846,4.79824522108165,0.5867309604767466,0.0,4,11,0.405201916495551
2020-11-27,水生根茎类,20.1,160.8,124.62,20.1,0.0,31,1,8.0,6.2,0.29032258064516125,0.0,5,11,0.4079397672826831
2020-11-27,花叶类,225.596,670.474,385.21107,225.596,0.0,305,17,2.972011915104878,1.7075261529459742,0.74053668810712,0.0,5,11,0.4079397672826831
2020-11-27,花菜类,28.934,135.982,85.63918,28.934,0.0,52,2,4.699730420958042,2.9598112946706294,0.5878479920055284,0.0,5,11,0.4079397672826831
2020-11-27,茄类,13.175,103.37440000000001,65.42881,13.175,0.0,26,4,7.846254269449716,4.966133586337761,0.5799523176411128,0.0,5,11,0.4079397672826831
2020-11-27,辣椒类,53.116,470.1752,326.15928,53.116,0.0,146,9,8.851856314481513,6.1405090744785005,0.44155088887858707,0.0,5,11,0.4079397672826831
2020-11-27,食用菌,112.979,901.7318,573.8361,112.979,0.0,218,14,7.981410704644226,5.079139486099186,0.5714100245697336,0.0,5,11,0.4079397672826831
2020-11-28,水生根茎类,30.289,242.312,187.18601999999998,30.289,0.0,45,1,8.0,6.179999999999999,0.2944983818770228,0.0,6,11,0.4106776180698152
2020-11-28,花叶类,400.295,1043.2144,616.87674,400.295,0.0,493,18,2.606113990931688,1.541055321700246,0.6911229300038124,0.0,6,11,0.4106776180698152
2020-11-28,花菜类,79.441,429.056,295.67568,79.441,0.0,143,2,5.400939061693584,3.7219531476189878,0.4511034522690536,0.0,6,11,0.4106776180698152
2020-11-28,茄类,18.759,138.701,100.51427,18.759,0.0,39,4,7.393837624606855,5.358189135881443,0.37991351874713897,0.0,6,11,0.4106776180698152
2020-11-28,辣椒类,82.485,668.034,477.22312999999997,82.485,0.0,232,10,8.09885433715221,5.785574710553433,0.3998357539794857,0.0,6,11,0.4106776180698152
2020-11-28,食用菌,187.133,1306.8872000000001,840.58955,187.133,0.0,339,13,6.98373456311821,4.491936483677384,0.5547269175544711,0.0,6,11,0.4106776180698152
2020-11-29,水生根茎类,31.494,251.952,188.964,31.494,0.0,46,1,8.0,6.0,0.33333333333333326,0.0,7,11,0.4134154688569473
2020-11-29,花叶类,287.707,814.801,509.88335,287.707,0.0,424,17,2.8320513578049895,1.7722312978134005,0.5980145262637033,0.0,7,11,0.4134154688569473
2020-11-29,花菜类,77.335,423.094,304.54659999999996,77.335,0.0,150,2,5.470925195577682,3.9380177151354494,0.38925865532565496,0.0,7,11,0.4134154688569473
2020-11-29,茄类,20.702,156.622,114.63286000000001,20.702,0.0,43,4,7.565549222297363,5.537284320355521,0.36629235282099737,0.0,7,11,0.4134154688569473
2020-11-29,辣椒类,66.151,612.9717999999999,408.35697999999996,66.151,0.0,204,9,9.26625145500446,6.1731036567852335,0.5010685013881728,0.0,7,11,0.4134154688569473
2020-11-29,食用菌,168.218,1362.4976000000001,894.81128,168.218,0.0,324,13,8.099594573707927,5.319355122519588,0.522664756751837,0.0,7,11,0.4134154688569473
2020-11-30,水生根茎类,16.105,128.84,96.63,16.105,0.0,28,1,8.0,6.0,0.33333333333333326,0.0,1,11,0.4161533196440794
2020-11-30,花叶类,207.353,629.2276,377.83221000000003,207.353,0.0,310,17,3.034571961823557,1.8221690064768776,0.6653625163402559,0.0,1,11,0.4161533196440794
2020-11-30,花菜类,41.156,217.5304,143.14288,41.156,0.0,79,2,5.285508795801341,3.478056176499174,0.5196732104314234,0.0,1,11,0.4161533196440794
2020-11-30,茄类,18.29,137.4694,94.99952,18.29,0.0,34,5,7.516096227446693,5.194068890103883,0.447053627218327,0.0,1,11,0.4161533196440794
2020-11-30,辣椒类,54.214,498.77599999999995,324.72787999999997,54.214,0.0,165,10,9.200132807024016,5.989742133028368,0.5359814500682849,0.0,1,11,0.4161533196440794
2020-11-30,食用菌,100.486,609.4374,420.81844,100.486,0.0,152,13,6.064898592838803,4.187831538721812,0.4482193318334624,0.0,1,11,0.4161533196440794
2020-12-01,水生根茎类,25.029,200.232,150.174,25.029,0.0,45,1,8.0,6.0,0.33333333333333326,0.0,2,12,0.4188911704312115
2020-12-01,花叶类,287.797,738.5806,446.03996,287.797,0.0,368,16,2.5663248748249634,1.5498422846659277,0.6558619546105242,0.0,2,12,0.4188911704312115
2020-12-01,花菜类,25.82,140.336,94.76472,25.82,0.0,51,2,5.435166537567778,3.67020604182804,0.4808886682723279,0.0,2,12,0.4188911704312115
2020-12-01,茄类,9.271,77.7902,53.275600000000004,9.271,0.0,23,5,8.390702189623557,5.746478265559271,0.4601468589748401,0.0,2,12,0.4188911704312115
2020-12-01,辣椒类,47.882,421.15639999999996,272.63918,47.882,0.0,145,9,8.795714464725783,5.693980619021763,0.5447390943590715,0.0,2,12,0.4188911704312115
2020-12-01,食用菌,97.477,631.812,422.04699,97.477,0.0,183,12,6.481652082029607,4.32970844404321,0.49701814008909273,0.0,2,12,0.4188911704312115
2020-12-02,水生根茎类,22.394,179.152,133.07716000000002,22.394,0.0,39,2,8.0,5.942536393676879,0.3462265049840254,0.0,3,12,0.4216290212183436
2020-12-02,花叶类,213.665,617.9328,368.34456,213.665,0.0,297,16,2.8920637446469946,1.7239349448903658,0.6775944783873016,0.0,3,12,0.4216290212183436
2020-12-02,花菜类,24.46,134.512,89.63816,24.46,0.0,51,2,5.4992641046606705,3.664683565004088,0.500610900536111,0.0,3,12,0.4216290212183436
2020-12-02,茄类,9.603,78.403,51.94431,9.603,0.0,24,5,8.164427782984484,5.409175257731959,0.5093664734404981,0.0,3,12,0.4216290212183436
2020-12-02,辣椒类,48.74,461.395,298.95749,48.74,0.0,152,10,9.466454657365613,6.133719532211735,0.5433465139140685,0.0,3,12,0.4216290212183436
2020-12-02,食用菌,135.141,953.665,659.93441,135.141,0.0,230,12,7.056814734240534,4.883302698662878,0.44509058104728916,0.0,3,12,0.4216290212183436
2020-12-03,水生根茎类,30.514,244.112,167.5099,30.514,0.0,49,2,8.0,5.489608048764501,0.45729894173419017,0.0,4,12,0.4243668720054757
2020-12-03,花叶类,273.297,686.3304,404.37604,273.297,0.0,307,18,2.511298697021921,1.4796212179423849,0.6972578296181942,0.0,4,12,0.4243668720054757
2020-12-03,花菜类,27.342,162.46439999999998,114.22488,27.342,0.0,52,2,5.941935483870967,4.177634408602151,0.42232060125604853,0.0,4,12,0.4243668720054757
2020-12-03,茄类,12.913,115.8798,76.31905,12.913,0.0,29,5,8.973886780763571,5.91024936110896,0.5183600948911182,0.0,4,12,0.4243668720054757
2020-12-03,辣椒类,48.795,516.5613999999999,338.71977,48.795,0.0,144,8,10.586359258120707,6.941690132185674,0.5250405962427287,0.0,4,12,0.4243668720054757
2020-12-03,食用菌,97.395,786.579,560.2763,97.395,0.0,199,11,8.076174341598644,5.752618717593306,0.4039126766561427,0.0,4,12,0.4243668720054757
2020-12-04,水生根茎类,67.286,451.564,334.7854,67.286,0.0,102,2,6.71111375323247,4.975558065570847,0.3488162864927802,0.0,5,12,0.4271047227926078
2020-12-04,花叶类,241.79,713.1882,457.32875,241.79,0.0,354,18,2.9496182637826216,1.8914295463005089,0.5594650456591674,0.0,5,12,0.4271047227926078
2020-12-04,花菜类,27.457,169.067,122.26133,27.457,0.0,53,2,6.157519029755618,4.452829151036165,0.38283298570365654,0.0,5,12,0.4271047227926078
2020-12-04,茄类,11.517,92.636,62.65248,11.517,0.0,24,5,8.043414083528697,5.44,0.47856876535453985,0.0,5,12,0.4271047227926078
2020-12-04,辣椒类,42.929,438.33979999999997,284.12999,42.929,0.0,153,9,10.210808544340654,6.618602576346992,0.5427438687482442,0.0,5,12,0.4271047227926078
2020-12-04,食用菌,110.875,910.5812,620.0328499999999,110.875,0.0,221,13,8.212682750845547,5.5921790304396835,0.4686015426440715,0.0,5,12,0.4271047227926078
2020-12-05,水生根茎类,39.772,292.025,226.12316,39.772,0.0,66,2,7.3424771195816145,5.68548627174897,0.2914422388224185,0.0,6,12,0.42984257357973993
2020-12-05,花叶类,306.959,842.0552,557.25245,306.959,0.0,398,18,2.743217172325946,1.8153970074179286,0.5110838902547672,0.0,6,12,0.42984257357973993
2020-12-05,花菜类,72.116,422.4912,347.32772,72.116,0.0,141,2,5.858494647512341,4.816236618780853,0.21640507126813824,0.0,6,12,0.42984257357973993
2020-12-05,茄类,18.692999999999998,149.888,105.3323,18.692999999999998,0.0,37,5,8.0184026106029,5.634852618627295,0.4230013015950471,0.0,6,12,0.42984257357973993
2020-12-05,辣椒类,50.32,590.9724,392.33731,50.32,0.0,171,10,11.744284578696343,7.796846383147853,0.5062865165691226,0.0,6,12,0.42984257357973993
2020-12-05,食用菌,154.493,1369.8572,927.02505,154.493,0.0,312,14,8.866791375661032,6.000434000245966,0.4776916761850176,0.0,6,12,0.42984257357973993
2020-12-06,水生根茎类,89.278,626.621,490.84920999999997,89.278,0.0,143,2,7.018761621004054,5.497986178005779,0.2766059051006724,0.0,7,12,0.432580424366872
2020-12-06,花叶类,367.129,941.8606,606.326,367.129,0.0,423,18,2.565475895393717,1.6515339294907239,0.553389760623823,0.0,7,12,0.432580424366872
2020-12-06,花菜类,67.968,486.784,322.46912000000003,67.968,0.0,135,2,7.161958568738229,4.744425612052731,0.5095522944956712,0.0,7,12,0.432580424366872
2020-12-06,茄类,18.881,146.9104,102.17144,18.881,0.0,39,4,7.780859064668185,5.411336263969069,0.43788127093050666,0.0,7,12,0.432580424366872
2020-12-06,辣椒类,61.77,769.1412,478.20346,61.77,0.0,217,10,12.451694997571636,7.74167816091954,0.6083973963718288,0.0,7,12,0.432580424366872
2020-12-06,食用菌,230.803,1713.676,1177.56717,230.803,0.0,411,13,7.424842831332348,5.10204447082577,0.45526815255897435,0.0,7,12,0.432580424366872
2020-12-07,水生根茎类,51.414,367.035,286.39747,51.414,0.0,87,2,7.1388143307270395,5.570417979538647,0.28155810873608633,0.0,1,12,0.4353182751540041
2020-12-07,花叶类,197.718,576.0326,368.42121,197.718,0.0,266,19,2.9134049504850346,1.8633670682487178,0.5635163892979997,0.0,1,12,0.4353182751540041
2020-12-07,花菜类,29.017,196.98000000000002,136.58576,29.017,0.0,56,2,6.788434366061275,4.7070944618671815,0.44217083830700954,0.0,1,12,0.4353182751540041
2020-12-07,茄类,10.536999999999999,86.114,59.529270000000004,10.536999999999999,0.0,25,4,8.172534877099745,5.64954636044415,0.44658249630811864,0.0,1,12,0.4353182751540041
2020-12-07,辣椒类,39.566,559.2496,322.22276,39.566,0.0,142,9,14.134600414497294,8.143930647525652,0.7355993102411513,0.0,1,12,0.4353182751540041
2020-12-07,食用菌,84.174,647.59,441.39222,84.174,0.0,164,15,7.693468291871599,5.243807113835626,0.46715318181185905,0.0,1,12,0.4353182751540041
2020-12-08,水生根茎类,69.831,486.651,382.06905,69.831,0.0,115,3,6.968982257163724,5.471338660480303,0.27372525987121943,0.0,2,12,0.4380561259411362
2020-12-08,花叶类,183.98,523.691,340.27263,183.98,0.0,243,17,2.8464561365365806,1.8495088053049245,0.5390335684653804,0.0,2,12,0.4380561259411362
2020-12-08,花菜类,29.686,211.4,149.55875999999998,29.686,0.0,57,2,7.121201913359833,5.038023310651485,0.41349125922145946,0.0,2,12,0.4380561259411362
2020-12-08,茄类,10.904,92.342,63.35895,10.904,0.0,25,4,8.46863536316948,5.810615370506237,0.45744208197894687,0.0,2,12,0.4380561259411362
2020-12-08,辣椒类,38.132,516.9646,321.64061999999996,38.132,0.0,130,10,13.557238015315223,8.43492657085912,0.6072739817501909,0.0,2,12,0.4380561259411362
2020-12-08,食用菌,89.028,783.5738,540.22699,89.028,0.0,198,16,8.801431010468615,6.068057128094532,0.45045289203340233,0.0,2,12,0.4380561259411362
2020-12-09,水生根茎类,20.512,172.808,126.51285,20.512,0.0,32,3,8.424726989079563,6.167748147425897,0.3659323934288099,0.0,3,12,0.4407939767282683
2020-12-09,花叶类,179.506,537.1834,354.97035999999997,179.506,0.0,251,14,2.9925651510255924,1.9774846523235992,0.5133190275379611,0.0,3,12,0.4407939767282683
2020-12-09,花菜类,20.825,146.632,105.38093,20.825,0.0,45,2,7.041152460984394,5.060308763505403,0.3914472001717957,0.0,3,12,0.4407939767282683
2020-12-09,茄类,9.89,81.304,56.786120000000004,9.89,0.0,19,3,8.22082912032356,5.741771486349848,0.43175832404115666,0.0,3,12,0.4407939767282683
2020-12-09,辣椒类,36.059,477.8674,312.25249,36.059,0.0,116,10,13.252375273856735,8.659488338556256,0.5303877961069259,0.0,3,12,0.4407939767282683
2020-12-09,食用菌,80.164,815.8226,561.55827,80.164,0.0,193,17,10.17691981438052,7.005117883339154,0.4527835196871022,0.0,3,12,0.4407939767282683
2020-12-10,水生根茎类,34.621,267.515,205.76054000000002,34.621,0.0,49,3,7.726957626873862,5.9432292539210305,0.30012780876255474,0.0,4,12,0.44353182751540043
2020-12-10,花叶类,188.539,540.4644,370.48021,188.539,0.0,283,16,2.8665920578766197,1.965005701738102,0.45882124176079464,0.0,4,12,0.44353182751540043
2020-12-10,花菜类,20.405,137.45000000000002,99.9531,20.405,0.0,44,2,6.7360940945846615,4.8984611614800295,0.37514494297825696,0.0,4,12,0.44353182751540043
2020-12-10,茄类,11.411,93.746,64.34791,11.411,0.0,25,4,8.215406187012531,5.639112260099903,0.4568616136872201,0.0,4,12,0.44353182751540043
2020-12-10,辣椒类,45.747,609.4304,420.64331,45.747,0.0,145,9,13.3217566179203,9.1949922399283,0.44880564010396373,0.0,4,12,0.44353182751540043
2020-12-10,食用菌,88.5,808.466,561.53125,88.5,0.0,202,18,9.135209039548023,6.3449858757062145,0.4397524625744338,0.0,4,12,0.44353182751540043
2020-12-11,水生根茎类,55.726,374.68,338.46489,55.726,0.0,81,3,6.723611958511287,6.07373380468722,0.10699812911170792,0.0,5,12,0.4462696783025325
2020-12-11,花叶类,212.51,555.6912,362.65751,212.51,0.0,274,17,2.614894357912569,1.7065432685520683,0.5322754518443586,0.0,5,12,0.4462696783025325
2020-12-11,花菜类,30.644,220.466,158.32273,30.644,0.0,63,2,7.194426315102468,5.166516446939043,0.3925100963077126,0.0,5,12,0.4462696783025325
2020-12-11,茄类,14.918,128.516,85.37955000000001,14.918,0.0,31,4,8.614827724896099,5.72325713902668,0.5052316391922889,0.0,5,12,0.4462696783025325
2020-12-11,辣椒类,44.514,579.8594,397.40376,44.514,0.0,145,10,13.026450105584761,8.92761288583367,0.45911905815888643,0.0,5,12,0.4462696783025325
2020-12-11,食用菌,90.153,773.2758,516.93558,90.153,0.0,182,18,8.577371801271171,5.733980899138131,0.49588426472791847,0.0,5,12,0.4462696783025325
2020-12-12,水生根茎类,69.513,569.022,414.379,69.513,0.0,98,3,8.185835742954556,5.9611727302806665,0.3731921743138529,0.0,6,12,0.4490075290896646
2020-12-12,花叶类,269.619,761.357,501.47745,269.619,0.0,377,17,2.823825472240457,1.8599484828591455,0.5182277887071491,0.0,6,12,0.4490075290896646
2020-12-12,花菜类,65.792,467.162,339.11096000000003,65.792,0.0,141,2,7.100589737354085,5.154288667315176,0.3776080843863019,0.0,6,12,0.4490075290896646
2020-12-12,茄类,11.965,108.842,68.13326,11.965,0.0,23,4,9.096698704554951,5.694380275804431,0.5974870423050354,0.0,6,12,0.4490075290896646
2020-12-12,辣椒类,55.182,783.6884,562.80485,55.182,0.0,192,9,14.201884672538146,10.199065818564025,0.3924691658218651,0.0,6,12,0.4490075290896646
2020-12-12,食用菌,172.629,1571.1194,1050.59431,172.629,0.0,355,21,9.101132486430439,6.085850639232111,0.4954577471488497,0.0,6,12,0.4490075290896646
2020-12-13,水生根茎类,73.578,625.446,449.68514,73.578,0.0,117,3,8.500448503628801,6.111679306314387,0.3908531645052804,0.0,7,12,0.4517453798767967
2020-12-13,花叶类,375.781,1015.5982,642.78478,375.781,0.0,484,17,2.7026331826249863,1.7105302822654682,0.5799972737375645,0.0,7,12,0.4517453798767967
2020-12-13,花菜类,78.67,560.82,379.4652,78.67,0.0,157,2,7.128765730265667,4.823505783653235,0.4779220861359621,0.0,7,12,0.4517453798767967
2020-12-13,茄类,20.845,178.528,115.60455,20.845,0.0,48,4,8.564547853202207,5.545912688894219,0.5442990781937216,0.0,7,12,0.4517453798767967
2020-12-13,辣椒类,76.784,996.6764,718.07834,76.784,0.0,238,9,12.980261512815169,9.351926703479892,0.3879772505044503,0.0,7,12,0.4517453798767967
2020-12-13,食用菌,196.802,1686.3168,1143.49958,196.802,0.0,384,19,8.568595847603175,5.8104062966839765,0.4746982242004849,0.0,7,12,0.4517453798767967
2020-12-14,水生根茎类,22.631,181.048,109.17764,22.631,0.0,39,2,8.0,4.824251690159516,0.6582882722139809,0.0,1,12,0.4544832306639288
2020-12-14,花叶类,196.775,614.5436,388.58261,196.775,0.0,250,16,3.1230776267310376,1.9747559903443017,0.5815005205714172,0.0,1,12,0.4544832306639288
2020-12-14,花菜类,33.376,228.478,152.64342,33.376,0.0,61,2,6.84557766059444,4.573448585810163,0.49680870619906203,0.0,1,12,0.4544832306639288
2020-12-14,茄类,12.715,108.766,66.08778,12.715,0.0,32,3,8.554148643334644,5.197623279591034,0.6457808084943994,0.0,1,12,0.4544832306639288
2020-12-14,辣椒类,48.394,673.5412,484.56493,48.394,0.0,160,6,13.917865851138572,10.012913377691449,0.38999163641495915,0.0,1,12,0.4544832306639288
2020-12-14,食用菌,81.213,819.332,562.73207,81.213,0.0,192,15,10.088680383682416,6.929088569563987,0.45598952624114686,0.0,1,12,0.4544832306639288
2020-12-15,水生根茎类,48.224,398.87,278.13797,48.224,0.0,78,4,8.271192767086928,5.76762545620438,0.43407244972701853,0.0,2,12,0.45722108145106094
2020-12-15,花叶类,203.808,628.2684,422.34838,203.808,0.0,282,15,3.0826483749411215,2.072285582509028,0.48755963027489324,0.0,2,12,0.45722108145106094
2020-12-15,花菜类,33.43,223.388,149.02156,33.43,0.0,71,2,6.682261441818726,4.457719413700269,0.4990314153200386,0.0,2,12,0.45722108145106094
2020-12-15,茄类,10.295,86.829,56.61917,10.295,0.0,24,4,8.434094220495385,5.499676542010684,0.5335618660605586,0.0,2,12,0.45722108145106094
2020-12-15,辣椒类,41.066,572.815,398.62216,41.066,0.0,133,10,13.94864364681245,9.706866020552281,0.4369873466141472,0.0,2,12,0.45722108145106094
2020-12-15,食用菌,88.677,780.9766,535.89272,88.677,0.0,183,17,8.806980389503478,6.043198574602208,0.45733758055157003,0.0,2,12,0.45722108145106094
2020-12-16,水生根茎类,38.283,325.884,228.75588000000002,38.283,0.0,57,3,8.512499020452942,5.975390643366508,0.42459288915327553,0.0,3,12,0.459958932238193
2020-12-16,花叶类,143.474,468.2484,317.91383,143.474,0.0,200,16,3.2636463749529536,2.215828860978296,0.47287835826456504,0.0,3,12,0.459958932238193
2020-12-16,花菜类,26.065,190.154,123.24762000000001,26.065,0.0,56,2,7.295376942259735,4.7284718971801265,0.5428614361883823,0.0,3,12,0.459958932238193
2020-12-16,茄类,9.313,74.504,50.44582,9.313,0.0,20,2,8.0,5.4167099753033385,0.47691126836673514,0.0,3,12,0.459958932238193
2020-12-16,辣椒类,34.84,563.5352,366.50646,34.84,0.0,118,9,16.174948335246842,10.51970321469575,0.5375859950735931,0.0,3,12,0.459958932238193
2020-12-16,食用菌,74.212,706.6528000000001,476.6703,74.212,0.0,166,17,9.522082682046031,6.423089257801973,0.4824770916081831,0.0,3,12,0.459958932238193
2020-12-17,水生根茎类,41.824,334.592,235.43308000000002,41.824,0.0,70,2,8.0,5.629138293802602,0.4211766672720756,0.0,4,12,0.46269678302532513
2020-12-17,花叶类,167.799,497.9648,314.07998000000003,167.799,0.0,232,16,2.9676267439019304,1.8717631213535242,0.5854713184839098,0.0,4,12,0.46269678302532513
2020-12-17,花菜类,31.098,209.044,136.60399999999998,31.098,0.0,59,2,6.722104315390058,4.392694063926941,0.530291938742643,0.0,4,12,0.46269678302532513
2020-12-17,茄类,12.154,101.346,64.60928,12.154,0.0,27,4,8.338489386210302,5.3158861280236955,0.5685981951818688,0.0,4,12,0.46269678302532513
2020-12-17,辣椒类,33.18,518.3186,343.17532,33.18,0.0,104,9,15.621416515973477,10.342836648583484,0.5103609432053564,0.0,4,12,0.46269678302532513
2020-12-17,食用菌,77.923,600.9976,426.27934,77.923,0.0,149,18,7.712711266250016,5.470520128845142,0.40986799876343993,0.0,4,12,0.46269678302532513
2020-12-18,水生根茎类,55.335,474.98,356.12113,55.335,0.0,76,3,8.583717357910906,6.435730188849734,0.33375966767262577,0.0,5,12,0.4654346338124572
2020-12-18,花叶类,145.775,555.075,353.974,145.775,0.0,235,17,3.8077516720974107,2.428221574344023,0.5681236474995341,0.0,5,12,0.4654346338124572
2020-12-18,花菜类,26.454,186.446,125.87554,26.454,0.0,48,2,7.047932259771679,4.758280033265291,0.48119324850562695,0.0,5,12,0.4654346338124572
2020-12-18,茄类,19.541,157.787,108.17008,19.541,0.0,39,4,8.07466352796684,5.535544752059772,0.45869356849879384,0.0,5,12,0.4654346338124572
2020-12-18,辣椒类,41.801,646.997,449.8369,41.801,0.0,127,10,15.478026841463121,10.761390875816367,0.4382924122054015,0.0,5,12,0.4654346338124572
2020-12-18,食用菌,84.071,814.1454,634.67968,84.071,0.0,206,17,9.68402183868397,7.549329495307537,0.2827658197596621,0.0,5,12,0.4654346338124572
2020-12-19,水生根茎类,86.825,800.041,581.36732,86.825,0.0,125,3,9.21440829254247,6.695851655629138,0.3761368630077111,0.0,6,12,0.4681724845995893
2020-12-19,花叶类,264.54,897.7664,565.46951,264.54,0.0,396,18,3.393688667120284,2.1375576850381792,0.5876477584087603,0.0,6,12,0.4681724845995893
2020-12-19,花菜类,60.29,432.552,291.13084000000003,60.29,0.0,128,2,7.174523138165534,4.828841267208493,0.4857649570893965,0.0,6,12,0.4681724845995893
2020-12-19,茄类,14.524000000000001,116.19200000000001,79.13907999999999,14.524000000000001,0.0,28,3,8.0,5.4488488019829235,0.4682000346731352,0.0,6,12,0.4681724845995893
2020-12-19,辣椒类,68.24,1035.8708,751.45502,68.24,0.0,203,10,15.179818288393903,11.011943434935523,0.37848676558179073,0.0,6,12,0.4681724845995893
2020-12-19,食用菌,152.942,1464.904,1003.47804,152.942,0.0,326,15,9.578166886793687,6.561167239868708,0.4598266644679141,0.0,6,12,0.4681724845995893
2020-12-20,水生根茎类,76.108,679.962,478.5547,76.108,0.0,103,3,8.934172491722288,6.287837021075314,0.42086578608464187,0.0,7,12,0.47091033538672145
2020-12-20,花叶类,276.911,912.46,587.81938,276.911,0.0,417,18,3.2951381490803904,2.122773670962873,0.5522795454617366,0.0,7,12,0.47091033538672145
2020-12-20,花菜类,89.851,648.932,421.10704,89.851,0.0,196,2,7.222312495130828,4.686726246786346,0.541014370123093,0.0,7,12,0.47091033538672145
2020-12-20,茄类,14.386,115.088,80.73133,14.386,0.0,34,3,8.0,5.611798276101766,0.42556799200508655,0.0,7,12,0.47091033538672145
2020-12-20,辣椒类,64.273,992.5268,748.0245600000001,64.273,0.0,206,10,15.442359933409053,11.638239385122837,0.32686392008305165,0.0,7,12,0.47091033538672145
2020-12-20,食用菌,142.196,1310.5928,945.3687199999999,142.196,0.0,326,15,9.216804973416973,6.648349601957861,0.3863297698277979,0.0,7,12,0.47091033538672145
2020-12-21,水生根茎类,46.846000000000004,393.918,289.20472,46.846000000000004,0.0,68,3,8.408786235751185,6.173520044400802,0.3620732054442266,0.0,1,12,0.4736481861738535
2020-12-21,花叶类,135.374,491.6214,304.48199,135.374,0.0,201,16,3.6315791806403004,2.2491910558896095,0.6146156953322592,0.0,1,12,0.4736481861738535
2020-12-21,花菜类,32.408,228.36,153.87496000000002,32.408,0.0,65,2,7.046408294248334,4.748054801283634,0.4840621242078633,0.0,1,12,0.4736481861738535
2020-12-21,茄类,12.997,102.584,74.22821,12.997,0.0,28,3,7.892898361160268,5.711180272370547,0.3820082688239417,0.0,1,12,0.4736481861738535
2020-12-21,辣椒类,30.846,494.1502,362.53121999999996,30.846,0.0,107,9,16.019911820009078,11.752941062050184,0.363055573531019,0.0,1,12,0.4736481861738535
2020-12-21,食用菌,82.855,790.9054,586.88598,82.855,0.0,181,13,9.545656870436304,7.083289843702854,0.3476304204779266,0.0,1,12,0.4736481861738535
2020-12-22,水生根茎类,37.828,314.964,222.89824000000002,37.828,0.0,49,2,8.326213386909167,5.892414084804907,0.41303942103804836,0.0,2,12,0.47638603696098564
2020-12-22,花叶类,142.433,464.1348,301.54513000000003,142.433,0.0,203,15,3.2586184381428462,2.1171015846046917,0.5391885121805813,0.0,2,12,0.47638603696098564
2020-12-22,花菜类,27.346,199.3,141.65108,27.346,0.0,55,2,7.288086008922694,5.179956117896585,0.40697833013345175,0.0,2,12,0.47638603696098564
2020-12-22,茄类,11.078999999999999,91.134,61.389129999999994,11.078999999999999,0.0,25,4,8.22583265637693,5.541035291993862,0.48452991596395023,0.0,2,12,0.47638603696098564
2020-12-22,辣椒类,38.615,584.1572,430.56818,38.615,0.0,122,10,15.12772756700764,11.150283050627994,0.35671242589268903,0.0,2,12,0.47638603696098564
2020-12-22,食用菌,74.459,680.83,494.69899,74.459,0.0,169,15,9.143689815871822,6.643911280033306,0.37625104106236407,0.0,2,12,0.47638603696098564
2020-12-23,水生根茎类,36.104,293.973,206.75945,36.104,0.0,56,2,8.14239419454908,5.726774041657434,0.42181167535510466,0.0,3,12,0.4791238877481177
2020-12-23,花叶类,143.036,574.7542,402.85592,143.036,0.0,235,16,4.01824855281188,2.8164652255376272,0.426699153384664,0.0,3,12,0.4791238877481177
2020-12-23,花菜类,39.823,310.532,216.8824,39.823,0.0,85,2,7.797805288401174,5.4461592547020565,0.43179898414993545,0.0,3,12,0.4791238877481177
2020-12-23,茄类,9.4,78.989,53.24067,9.4,0.0,20,4,8.40308510638298,5.663901063829787,0.4836214495422393,0.0,3,12,0.4791238877481177
2020-12-23,辣椒类,41.738,645.0766,470.63958,41.738,0.0,135,10,15.455378791508936,11.276045330394366,0.3706382280895286,0.0,3,12,0.4791238877481177
2020-12-23,食用菌,67.054,622.1560000000001,458.53766,67.054,0.0,169,15,9.278432308288842,6.83833417842336,0.3568263945866519,0.0,3,12,0.4791238877481177
2020-12-24,水生根茎类,52.558,430.377,301.118,52.558,0.0,80,2,8.188610677727462,5.729251493588036,0.4292636109432182,0.0,4,12,0.48186173853524983
2020-12-24,花叶类,218.21,629.088,415.70635,218.21,0.0,286,16,2.8829476192658445,1.905074698684753,0.5132989909824566,0.0,4,12,0.48186173853524983
2020-12-24,花菜类,39.293,288.801,204.26182999999997,39.293,0.0,87,2,7.349935102944545,5.198427964268444,0.41387649371397495,0.0,4,12,0.48186173853524983
2020-12-24,茄类,9.801,79.594,57.90406,9.801,0.0,22,3,8.121008060402,5.9079746964595445,0.3745840965210385,0.0,4,12,0.48186173853524983
2020-12-24,辣椒类,37.463,624.1382,431.19267,37.463,0.0,125,10,16.66012332167739,11.509827563195687,0.4474694108320534,0.0,4,12,0.48186173853524983
2020-12-24,食用菌,74.478,652.39,421.85871000000003,74.478,0.0,171,15,8.759499449501867,5.664205671473456,0.5464656401191761,0.0,4,12,0.48186173853524983
2020-12-25,水生根茎类,60.415,514.134,369.35719,60.415,0.0,80,3,8.510038897624762,6.1136669701233135,0.3919696540901234,0.0,5,12,0.48459958932238195
2020-12-25,花叶类,159.654,619.9966,411.65395,159.654,0.0,254,15,3.8833765517932526,2.5784130056246632,0.5061111401943306,0.0,5,12,0.48459958932238195
2020-12-25,花菜类,33.711,253.322,192.05886,33.711,0.0,79,2,7.514520482928422,5.697216338880485,0.3189810665334576,0.0,5,12,0.48459958932238195
2020-12-25,茄类,10.328,78.2,58.82942,10.328,0.0,25,2,7.571649883811,5.696109604957398,0.3292668872139144,0.0,5,12,0.48459958932238195
2020-12-25,辣椒类,53.083,883.9124,594.33028,53.083,0.0,173,10,16.651515551118063,11.19624512555809,0.48724106737418804,0.0,5,12,0.48459958932238195
2020-12-25,食用菌,148.943,1323.4408,1097.61624,148.943,0.0,317,16,8.885552191106665,7.369371101696622,0.2057409063116633,0.0,5,12,0.48459958932238195
2020-12-26,水生根茎类,103.905,876.732,625.5935000000001,103.905,0.0,144,4,8.437823011404648,6.020821904624417,0.4014403922035632,0.0,6,12,0.487337440109514
2020-12-26,花叶类,285.224,871.8724,574.74144,285.224,0.0,358,15,3.056798866855524,2.015052870726166,0.5169819667083688,0.0,6,12,0.487337440109514
2020-12-26,花菜类,62.717,539.789,366.85686000000004,62.717,0.0,129,2,8.606741393880448,5.849400640974538,0.47138859554105084,0.0,6,12,0.487337440109514
2020-12-26,茄类,16.19,127.232,86.71288,16.19,0.0,33,3,7.858678196417541,5.355953057442865,0.4672791400769991,0.0,6,12,0.487337440109514
2020-12-26,辣椒类,52.907000000000004,1056.713,707.44384,52.907000000000004,0.0,191,9,19.97302814372389,13.371460109248304,0.49370584667187134,0.0,6,12,0.487337440109514
2020-12-26,食用菌,135.737,1098.5478,864.07534,135.737,0.0,289,16,8.093208189366202,6.365805491501948,0.27135650000149303,0.0,6,12,0.487337440109514
2020-12-27,水生根茎类,93.232,761.976,540.09112,93.232,0.0,129,3,8.172902007894285,5.792980092672044,0.4108286024032388,0.0,7,12,0.49007529089664614
2020-12-27,花叶类,288.755,850.3522,574.1713,288.755,0.0,379,14,2.944891690187183,1.9884376028120725,0.4810078455680389,0.0,7,12,0.49007529089664614
2020-12-27,花菜类,51.016,403.328,296.08852,51.016,0.0,95,2,7.905911870785635,5.803836443468716,0.3621872269819848,0.0,7,12,0.49007529089664614
2020-12-27,茄类,11.874,99.642,70.38378,11.874,0.0,24,2,8.391611925214754,5.92755432036382,0.4156954912055022,0.0,7,12,0.49007529089664614
2020-12-27,辣椒类,52.745,1010.3044,688.52216,52.745,0.0,169,10,19.154505640345057,13.053790122286474,0.46735204572064903,0.0,7,12,0.49007529089664614
2020-12-27,食用菌,117.184,1145.2634,928.27589,117.184,0.0,287,15,9.773206239759695,7.921524184188968,0.23375325411069348,0.0,7,12,0.49007529089664614
2020-12-28,水生根茎类,55.486000000000004,468.63300000000004,333.78772000000004,55.486000000000004,0.0,73,3,8.445968352377177,6.015710629708395,0.4039851436116344,0.0,1,12,0.4928131416837782
2020-12-28,花叶类,251.455,724.4486,472.95274,251.455,0.0,323,14,2.8810268238849894,1.880864329601718,0.5317568516465303,0.0,1,12,0.4928131416837782
2020-12-28,花菜类,33.949,257.134,189.63585,33.949,0.0,70,2,7.574125894724441,5.585903855783676,0.35593559972969246,0.0,1,12,0.4928131416837782
2020-12-28,茄类,13.266,116.472,80.24844,13.266,0.0,26,3,8.779737675260062,6.049181365897784,0.45139269997024223,0.0,1,12,0.4928131416837782
2020-12-28,辣椒类,45.863,892.2476,625.13641,45.863,0.0,131,10,19.45462791356867,13.63051719250812,0.42728464656218,0.0,1,12,0.4928131416837782
2020-12-28,食用菌,69.13,675.63,470.66584,69.13,0.0,168,13,9.773325618400117,6.8084166063937515,0.43547702548372746,0.0,1,12,0.4928131416837782
2020-12-29,水生根茎类,51.913,417.54,321.85428,51.913,0.0,68,4,8.043072062874426,6.199878257854488,0.29729516102753095,0.0,2,12,0.49555099247091033
2020-12-29,花叶类,223.512,647.989,432.96647,223.512,0.0,256,15,2.899123984394574,1.9371061509001755,0.49662628609554926,0.0,2,12,0.49555099247091033
2020-12-29,花菜类,33.714,273.704,197.41744,33.714,0.0,71,2,8.118407783116806,5.855651658064899,0.38642259771983656,0.0,2,12,0.49555099247091033
2020-12-29,茄类,12.741,109.291,75.74978999999999,12.741,0.0,27,3,8.577898124166078,5.945356722392276,0.44278947836027016,0.0,2,12,0.49555099247091033
2020-12-29,辣椒类,28.906,598.5574,425.93694,28.906,0.0,97,7,20.707029682418877,14.73524320210337,0.4052723391401556,0.0,2,12,0.49555099247091033
2020-12-29,食用菌,79.647,759.3048,523.8647,79.647,0.0,176,16,9.533376021695732,6.577331224026014,0.44942921330641306,0.0,2,12,0.49555099247091033
2020-12-30,水生根茎类,74.772,618.482,467.95852,74.772,0.0,100,4,8.271572246295404,6.258472690311882,0.3216598770335455,0.0,3,12,0.49828884325804246
2020-12-30,花叶类,146.39000000000001,554.7568,330.23246,146.39000000000001,0.0,210,15,3.789581255550242,2.2558402896372702,0.6798978513499248,0.0,3,12,0.49828884325804246
2020-12-30,花菜类,33.438,283.356,193.73724,33.438,0.0,65,2,8.47407141575453,5.793924277767809,0.462578903260932,0.0,3,12,0.49828884325804246
2020-12-30,茄类,16.318,146.629,98.51034,16.318,0.0,32,3,8.985721289373696,6.036912611839686,0.4884630384993087,0.0,3,12,0.49828884325804246
2020-12-30,辣椒类,32.167,666.8054,469.30488,32.167,0.0,112,9,20.729486741070037,14.589637827587278,0.4208362802449441,0.0,3,12,0.49828884325804246
2020-12-30,食用菌,65.342,612.283,419.82101,65.342,0.0,154,16,9.370435554467266,6.424979492516299,0.45843820441478145,0.0,3,12,0.49828884325804246
2020-12-31,水生根茎类,72.72,530.147,449.53928,72.72,0.0,91,4,7.290250275027503,6.181783278327833,0.1793118501235309,0.0,4,12,0.5010266940451745
2020-12-31,花叶类,178.876,830.037,505.43372,178.876,0.0,286,15,4.640292716742325,2.8256094724837317,0.6422271944974309,0.0,4,12,0.5010266940451745
2020-12-31,花菜类,23.092,208.71,134.65163,23.092,0.0,48,2,9.038195045903343,5.83109431837866,0.5499998031958468,0.0,4,12,0.5010266940451745
2020-12-31,茄类,20.725,187.641,137.35988,20.725,0.0,43,3,9.05384800965018,6.627738480096501,0.3660539016195996,0.0,4,12,0.5010266940451745
2020-12-31,辣椒类,45.332,1010.7682,707.05182,45.332,0.0,149,9,22.29701314744551,15.59719006441366,0.42955321153122816,0.0,4,12,0.5010266940451745
2020-12-31,食用菌,119.801,1021.51,710.65896,119.801,0.0,238,15,8.526723483109489,5.931995225415481,0.43741239820574407,0.0,4,12,0.5010266940451745
2021-01-01,水生根茎类,91.569,628.009,543.5425600000001,91.569,0.0,123,3,6.858314495080212,5.935879609911652,0.1553998641799088,0.0,5,1,0.5037645448323066
2021-01-01,花叶类,224.797,976.433,612.11973,224.797,0.0,354,15,4.343621133733991,2.722988874406687,0.5951666841387384,0.0,5,1,0.5037645448323066
2021-01-01,花菜类,55.985,503.32800000000003,327.52973,55.985,0.0,107,2,8.99040814503885,5.850312226489238,0.5367398861776611,0.0,5,1,0.5037645448323066
2021-01-01,茄类,18.037,159.249,117.55833,18.037,0.0,37,2,8.829018129400676,6.517621001275157,0.3546381613280827,0.0,5,1,0.5037645448323066
2021-01-01,辣椒类,67.733,1412.1458,1021.19786,67.733,0.0,200,10,20.84871185389692,15.076814255975668,0.38283270589697493,0.0,5,1,0.5037645448323066
2021-01-01,食用菌,136.06,1244.6186,853.84132,136.06,0.0,302,14,9.147571659561958,6.275476407467294,0.45766967567229,0.0,5,1,0.5037645448323066
2021-01-02,水生根茎类,95.19,717.969,604.05345,95.19,0.0,123,3,7.542483454144343,6.345765836747558,0.18858521543085316,0.0,6,1,0.5065023956194388
2021-01-02,花叶类,212.911,942.0994,605.99028,212.911,0.0,336,15,4.424850759237428,2.8462140518808328,0.5546444078277954,0.0,6,1,0.5065023956194388
2021-01-02,花菜类,31.833,275.116,178.82201999999998,31.833,0.0,64,2,8.642477931706091,5.617504476486665,0.5384906176543582,0.0,6,1,0.5065023956194388
2021-01-02,茄类,18.302,161.774,120.48804000000001,18.302,0.0,38,2,8.839143263031364,6.583326412413944,0.3426560843715276,0.0,6,1,0.5065023956194388
2021-01-02,辣椒类,62.422,1168.5486,935.91458,62.422,0.0,185,9,18.720140335138254,14.993344974528211,0.24856330371517465,0.0,6,1,0.5065023956194388
2021-01-02,食用菌,114.107,990.0434,673.28231,114.107,0.0,235,14,8.676447544848257,5.900447036553411,0.47047291350934195,0.0,6,1,0.5065023956194388
2021-01-03,水生根茎类,71.854,509.62600000000003,432.53927999999996,71.854,0.0,109,3,7.092520945250091,6.019696607008656,0.17821900475720964,0.0,7,1,0.5092402464065708
2021-01-03,花叶类,211.636,854.7096,540.86641,211.636,0.0,310,15,4.0385832278062335,2.555644644578427,0.5802600867744774,0.0,7,1,0.5092402464065708
2021-01-03,花菜类,50.09,464.002,311.01524,50.09,0.0,101,2,9.263365941305649,6.209128368935915,0.4918947380199117,0.0,7,1,0.5092402464065708
2021-01-03,茄类,13.385,119.074,90.49938,13.385,0.0,31,2,8.896077698916697,6.761253642136721,0.3157438205654004,0.0,7,1,0.5092402464065708
2021-01-03,辣椒类,73.797,1266.7624,994.62355,73.797,0.0,213,9,17.1654999525726,13.477831754678375,0.2736098999465677,0.0,7,1,0.5092402464065708
2021-01-03,食用菌,102.704,967.6886000000001,657.40451,102.704,0.0,232,16,9.422112089110454,6.400963058887677,0.47198351286029383,0.0,7,1,0.5092402464065708
2021-01-04,水生根茎类,68.248,617.937,466.3096,68.248,0.0,102,4,9.054287305122495,6.832575313562302,0.3251646545556859,0.0,1,1,0.5119780971937029
2021-01-04,花叶类,177.80100000000002,707.2598,463.70122000000003,177.80100000000002,0.0,277,15,3.977816772684068,2.6079786952829287,0.5252489523318484,0.0,1,1,0.5119780971937029
2021-01-04,花菜类,24.728,223.924,153.6416,24.728,0.0,52,2,9.055483662245228,6.213264315755419,0.45744381729948147,0.0,1,1,0.5119780971937029
2021-01-04,茄类,9.867,87.901,63.50982,9.867,0.0,23,2,8.908584169453734,6.436588628762541,0.38405367862796647,0.0,1,1,0.5119780971937029
2021-01-04,辣椒类,58.505,989.1726,754.8628100000001,58.505,0.0,172,8,16.90748824886762,12.902534997008804,0.3104004951575241,0.0,1,1,0.5119780971937029
2021-01-04,食用菌,94.688,831.0744,552.05945,94.688,0.0,200,15,8.776977019263263,5.830300038019601,0.505407433927632,0.0,1,1,0.5119780971937029
2021-01-05,水生根茎类,89.144,777.987,562.34856,89.144,0.0,112,4,8.727306380687427,6.308316431840617,0.3834604644493089,0.0,2,1,0.5147159479808351
2021-01-05,花叶类,154.654,709.0252,448.7869,154.654,0.0,250,14,4.5845901172940895,2.9018770933826477,0.5798705354367522,0.0,2,1,0.5147159479808351
2021-01-05,花菜类,45.052,397.108,268.42648,45.052,0.0,97,2,8.814436650981088,5.958147917961467,0.47939204805725555,0.0,2,1,0.5147159479808351
2021-01-05,茄类,14.439,128.986,93.60937,14.439,0.0,34,2,8.933167116836346,6.483092319412702,0.37791761658047696,0.0,2,1,0.5147159479808351
2021-01-05,辣椒类,37.556,728.413,501.29687,37.556,0.0,119,10,19.395382894876985,13.347983544573438,0.453057147554103,0.0,2,1,0.5147159479808351
2021-01-05,食用菌,83.06099999999999,751.9984,524.47793,83.06099999999999,0.0,201,15,9.053567859765714,6.314370522868736,0.433803706478173,0.0,2,1,0.5147159479808351
2021-01-06,水生根茎类,49.852,436.277,325.0853,49.852,0.0,64,4,8.75144427505416,6.521008184225308,0.34203853573200615,0.0,3,1,0.5174537987679672
2021-01-06,花叶类,176.824,721.8798,477.37054,176.824,0.0,268,15,4.082476360675021,2.6996931412025513,0.5122001454048672,0.0,3,1,0.5174537987679672
2021-01-06,花菜类,41.283,366.134,247.8546,41.283,0.0,94,2,8.868880653053315,6.003793328973185,0.47721284979177336,0.0,3,1,0.5174537987679672
2021-01-06,茄类,13.689,133.282,89.07185,13.689,0.0,29,2,9.736430710789685,6.506819343998831,0.49634255940569316,0.0,3,1,0.5174537987679672
2021-01-06,辣椒类,44.528,832.8802,627.56952,44.528,0.0,150,10,18.704639777218826,14.093817822493712,0.32715208985930344,0.0,3,1,0.5174537987679672
2021-01-06,食用菌,80.477,753.3592,530.72056,80.477,0.0,215,15,9.361174000024851,6.594686183630105,0.4195025721257153,0.0,3,1,0.5174537987679672
2021-01-07,水生根茎类,54.723,502.225,384.95986,54.723,0.0,71,3,9.177585293203956,7.034699486504761,0.30461653846195813,0.0,4,1,0.5201916495550992
2021-01-07,花叶类,161.62800000000001,756.4826,495.97546,161.62800000000001,0.0,251,15,4.680393248694533,3.068623382087262,0.5252419948357929,0.0,4,1,0.5201916495550992
2021-01-07,花菜类,42.427,379.626,259.42153,42.427,0.0,85,2,8.947745539397081,6.114538619275462,0.4633557978013618,0.0,4,1,0.5201916495550992
2021-01-07,茄类,12.56,123.068,83.97142000000001,12.56,0.0,25,2,9.798407643312101,6.685622611464969,0.465593888968413,0.0,4,1,0.5201916495550992
2021-01-07,辣椒类,32.617,643.3386,490.32439,32.617,0.0,107,10,19.724027347702123,15.032786277094768,0.3120673030358536,0.0,4,1,0.5201916495550992
2021-01-07,食用菌,94.124,918.5914,652.38191,94.124,0.0,225,14,9.759374867196465,6.9310899451787,0.4080577433546557,0.0,4,1,0.5201916495550992
2021-01-08,水生根茎类,53.903999999999996,455.226,366.4037,53.903999999999996,0.0,70,3,8.445124666073019,6.797337859899081,0.24241649306488977,0.0,5,1,0.5229295003422314
2021-01-08,花叶类,234.462,1025.355,659.4487,234.462,0.0,330,15,4.373224659006577,2.8126037481553516,0.5548669669073576,0.0,5,1,0.5229295003422314
2021-01-08,花菜类,29.703,287.149,184.97218,29.703,0.0,67,2,9.667339999326668,6.227390499276168,0.5523902026780458,0.0,5,1,0.5229295003422314
2021-01-08,茄类,12.049,119.387,86.64859999999999,12.049,0.0,30,2,9.908457133372064,7.191351979417378,0.37782953215631876,0.0,5,1,0.5229295003422314
2021-01-08,辣椒类,26.518,574.0952,419.04345,26.518,0.0,98,10,21.649264650426126,15.80222678935063,0.3700135391687902,0.0,5,1,0.5229295003422314
2021-01-08,食用菌,90.415,808.26,549.06135,90.415,0.0,194,15,8.939445888403473,6.072679865066636,0.47207593468380193,0.0,5,1,0.5229295003422314
2021-01-09,水生根茎类,90.49,810.582,638.99008,90.49,0.0,111,3,8.957696983092054,7.061444137473755,0.26853612500525803,0.0,6,1,0.5256673511293635
2021-01-09,花叶类,233.427,1205.1096,831.92506,233.427,0.0,387,14,5.162682980117982,3.5639624379356287,0.44857951508276495,0.0,6,1,0.5256673511293635
2021-01-09,花菜类,47.188,525.928,331.66312,47.188,0.0,108,2,11.145375943036365,7.028547935915911,0.5857295197608947,0.0,6,1,0.5256673511293635
2021-01-09,茄类,17.965,179.004,128.90165,17.965,0.0,43,2,9.964041191205121,7.175154467019204,0.3886866459816458,0.0,6,1,0.5256673511293635
2021-01-09,辣椒类,53.258,1036.0742,764.94838,53.258,0.0,175,9,19.453869841150624,14.363069961320365,0.3544367529741026,0.0,6,1,0.5256673511293635
2021-01-09,食用菌,129.833,1199.151,812.63791,129.833,0.0,283,15,9.236103301934024,6.25910138408571,0.47562768761304786,0.0,6,1,0.5256673511293635
2021-01-10,水生根茎类,79.563,727.418,550.4626,79.563,0.0,98,3,9.142666817490541,6.918575217123537,0.3214667081832625,0.0,7,1,0.5284052019164955
2021-01-10,花叶类,250.645,1093.6132,721.8794399999999,250.645,0.0,368,14,4.363195754952223,2.8800871351912063,0.5149526907152253,0.0,7,1,0.5284052019164955
2021-01-10,花菜类,57.696,649.778,428.98727,57.696,0.0,117,2,11.262097892401554,7.435303487243484,0.5146789787025614,0.0,7,1,0.5284052019164955
2021-01-10,茄类,23.755,235.033,158.98557,23.755,0.0,52,2,9.89404335929278,6.692720269416965,0.4783291338956108,0.0,7,1,0.5284052019164955
2021-01-10,辣椒类,68.365,1300.1862,961.73208,68.365,0.0,214,10,19.018301762597822,14.06760886418489,0.35192142077656396,0.0,7,1,0.5284052019164955
2021-01-10,食用菌,137.986,1401.8242,929.61987,137.986,0.0,299,16,10.159177017958344,6.7370593393532685,0.5079542135862478,0.0,7,1,0.5284052019164955
2021-01-11,水生根茎类,47.911,407.988,333.1608,47.911,0.0,57,3,8.51553922898708,6.953743399219386,0.22459785184811665,0.0,1,1,0.5311430527036276
2021-01-11,花叶类,182.204,778.0854,527.02612,182.204,0.0,261,14,4.270407894447981,2.892505762771399,0.4763697101008959,0.0,1,1,0.5311430527036276
2021-01-11,花菜类,28.862,339.026,206.92352,28.862,0.0,63,2,11.746448617559421,7.169410297276697,0.6384121051101392,0.0,1,1,0.5311430527036276
2021-01-11,茄类,15.841,156.628,108.68726,15.841,0.0,32,2,9.88750710182438,6.861136291900764,0.4410888635889798,0.0,1,1,0.5311430527036276
2021-01-11,辣椒类,46.768,922.2998,690.32466,46.768,0.0,149,10,19.720744953814574,14.760619654464591,0.33603774200967984,0.0,1,1,0.5311430527036276
2021-01-11,食用菌,81.67,782.5884,520.37086,81.67,0.0,172,14,9.58232398677605,6.371628015183053,0.5039051187455039,0.0,1,1,0.5311430527036276
2021-01-12,水生根茎类,55.595,526.502,376.81615,55.595,0.0,68,3,9.470312078424318,6.777878406331505,0.3972384145424763,0.0,2,1,0.5338809034907598
2021-01-12,花叶类,172.596,736.6122,468.6523,172.596,0.0,227,12,4.267840506153098,2.7153137963799856,0.5717669581478637,0.0,2,1,0.5338809034907598
2021-01-12,花菜类,18.847,235.887,142.75469,18.847,0.0,45,2,12.51589112325569,7.574398578023027,0.6523940474390018,0.0,2,1,0.5338809034907598
2021-01-12,茄类,6.304,63.04,44.38016,6.304,0.0,17,1,10.0,7.039999999999999,0.42045454545454564,0.0,2,1,0.5338809034907598
2021-01-12,辣椒类,35.595,746.7238,525.77598,35.595,0.0,116,8,20.97833403567917,14.771062789717657,0.4202318637682916,0.0,2,1,0.5338809034907598
2021-01-12,食用菌,73.283,755.002,498.9561,73.283,0.0,167,15,10.302553116002347,6.8086200073686935,0.5131631820915707,0.0,2,1,0.5338809034907598
2021-01-13,水生根茎类,40.616,395.36,281.7245,40.616,0.0,56,3,9.734094937955486,6.936293578885168,0.40335682555120345,0.0,3,1,0.5366187542778919
2021-01-13,花叶类,172.101,816.0732,508.55728,172.101,0.0,261,14,4.741827182875173,2.9549931726137557,0.6046829572472154,0.0,3,1,0.5366187542778919
2021-01-13,花菜类,23.848,294.021,193.0428,23.848,0.0,59,2,12.328958403220398,8.094716538074472,0.5230871081438937,0.0,3,1,0.5366187542778919
2021-01-13,辣椒类,37.065,749.026,536.46277,37.065,0.0,106,10,20.208444624308648,14.47356724672872,0.3962310935388862,0.0,3,1,0.5366187542778919
2021-01-13,食用菌,76.684,779.543,527.92637,76.684,0.0,178,13,10.165653852172552,6.884439648427312,0.4766131117867818,0.0,3,1,0.5366187542778919
2021-01-14,水生根茎类,43.51,400.165,302.36905,43.51,0.0,55,3,9.197081130774535,6.9494150769937955,0.3234324081780193,0.0,4,1,0.5393566050650239
2021-01-14,花叶类,148.947,761.967,513.86231,148.947,0.0,218,13,5.11569215895587,3.4499675052199774,0.4828232878180927,0.0,4,1,0.5393566050650239
2021-01-14,花菜类,31.086,383.927,267.32063,31.086,0.0,62,2,12.350479315447469,8.599389757447083,0.4362041567835597,0.0,4,1,0.5393566050650239
2021-01-14,茄类,18.643,171.174,120.41641,18.643,0.0,35,2,9.181676768760394,6.459068283001662,0.4215172167979433,0.0,4,1,0.5393566050650239
2021-01-14,辣椒类,39.296,828.259,604.3670099999999,39.296,0.0,121,10,21.077437907166125,15.379860800081431,0.3704570009537751,0.0,4,1,0.5393566050650239
2021-01-14,食用菌,75.963,812.038,555.43706,75.963,0.0,167,14,10.68991482695523,7.311942129721048,0.4619802286869372,0.0,4,1,0.5393566050650239
2021-01-15,水生根茎类,51.428,466.595,353.3374,51.428,0.0,60,3,9.07278136423738,6.870525783619819,0.3205366881626457,0.0,5,1,0.5420944558521561
2021-01-15,花叶类,171.213,899.3304,586.99227,171.213,0.0,254,13,5.252699269331185,3.4284328292828232,0.5320992216814033,0.0,5,1,0.5420944558521561
2021-01-15,花菜类,30.326999999999998,379.991,248.29757999999998,30.326999999999998,0.0,67,2,12.529791934579748,8.18734395093481,0.5303854350896213,0.0,5,1,0.5420944558521561
2021-01-15,茄类,14.644,135.712,94.8658,14.644,0.0,33,2,9.267413275061458,6.478134389511062,0.43056823428464197,0.0,5,1,0.5420944558521561
2021-01-15,辣椒类,39.211,755.986,572.68156,39.211,0.0,126,9,19.279946953660964,14.605125092448548,0.32008091896655455,0.0,5,1,0.5420944558521561
2021-01-15,食用菌,101.383,1069.234,712.73019,101.383,0.0,219,15,10.546482151840053,7.0300759496167995,0.500194624841134,0.0,5,1,0.5420944558521561
2021-01-16,水生根茎类,82.624,755.797,572.14092,82.624,0.0,98,3,9.14742689775368,6.924633520526725,0.3209979807072705,0.0,6,1,0.5448323066392882
2021-01-16,花叶类,252.825,1387.805,920.2007100000001,252.825,0.0,392,13,5.489192128942945,3.639674517947197,0.5081546720388859,0.0,6,1,0.5448323066392882
2021-01-16,花菜类,45.807,570.161,376.37016,45.807,0.0,101,2,12.447027746850916,8.216433296221101,0.5148942732335633,0.0,6,1,0.5448323066392882
2021-01-16,茄类,20.109,183.423,122.69805000000001,20.109,0.0,47,2,9.121438162017007,6.101648515590035,0.4949137333478404,0.0,6,1,0.5448323066392882
2021-01-16,辣椒类,76.17399999999999,1452.2698,1117.35709,76.17399999999999,0.0,228,10,19.065163966707804,14.668483865886,0.2997365059007233,0.0,6,1,0.5448323066392882
2021-01-16,食用菌,150.015,1398.2766000000001,934.21105,150.015,0.0,323,15,9.320911908809121,6.22745092157451,0.49674594407762585,0.0,6,1,0.5448323066392882
2021-01-17,水生根茎类,67.482,660.164,478.20816,67.482,0.0,74,3,9.782816158382976,7.086455054681249,0.38049505470588363,0.0,7,1,0.5475701574264202
2021-01-17,花叶类,228.99099999999999,1196.0910000000001,788.90446,228.99099999999999,0.0,354,14,5.223310086422611,3.445133040163151,0.5161417644919892,0.0,7,1,0.5475701574264202
2021-01-17,花菜类,45.21,601.6602,376.03335,45.21,0.0,93,3,13.308122096881222,8.317481751824817,0.600018189875978,0.0,7,1,0.5475701574264202
2021-01-17,茄类,24.613,227.127,148.23701,24.613,0.0,52,2,9.227928330557024,6.022711981473205,0.5321882166943332,0.0,7,1,0.5475701574264202
2021-01-17,辣椒类,74.534,1643.2842,1095.95077,74.534,0.0,235,10,22.04744411946226,14.704038022915714,0.49941424832431136,0.0,7,1,0.5475701574264202
2021-01-17,食用菌,141.492,1245.6994,819.50111,141.492,0.0,295,16,8.804027082803268,5.7918547338365425,0.5200704243097363,0.0,7,1,0.5475701574264202
2021-01-18,水生根茎类,48.095,458.298,323.79438,48.095,0.0,58,3,9.529015490175695,6.732391724711508,0.4153982536695049,0.0,1,1,0.5503080082135524
2021-01-18,花叶类,167.119,1106.7738,698.88653,167.119,0.0,302,16,6.622668876668721,4.181969315278335,0.5836244547451785,0.0,1,1,0.5503080082135524
2021-01-18,花菜类,26.404,356.782,229.1326,26.404,0.0,56,2,13.512422360248447,8.677950310559005,0.557098378842644,0.0,1,1,0.5503080082135524
2021-01-18,茄类,10.266,103.836,61.83726,10.266,0.0,25,2,10.114552893045003,6.023500876680304,0.6791817748716551,0.0,1,1,0.5503080082135524
2021-01-18,辣椒类,48.166,1024.5664,726.6568,48.166,0.0,149,10,21.27156915666653,15.086509155836067,0.4099729060541373,0.0,1,1,0.5503080082135524
2021-01-18,食用菌,72.532,711.6726,471.66668,72.532,0.0,167,15,9.811843048585452,6.50287707494623,0.508846459113881,0.0,1,1,0.5503080082135524
2021-01-19,水生根茎类,42.265,403.182,284.6955,42.265,0.0,60,3,9.539382467762925,6.735963563231988,0.4161867679678817,0.0,2,1,0.5530458590006845
2021-01-19,花叶类,216.055,1039.964,700.02945,216.055,0.0,278,15,4.813422508157645,3.2400520700747495,0.4856003558136017,0.0,2,1,0.5530458590006845
2021-01-19,花菜类,28.877,369.93,237.01904,28.877,0.0,61,3,12.810541261211345,8.207883090348721,0.5607606882552556,0.0,2,1,0.5530458590006845
2021-01-19,茄类,9.304,94.225,58.31332,9.304,0.0,22,2,10.127364574376612,6.267553740326741,0.6158400859357691,0.0,2,1,0.5530458590006845
2021-01-19,辣椒类,50.827,1120.584,804.9022,50.827,0.0,155,9,22.047022251952704,15.836114663466269,0.3921989528665719,0.0,2,1,0.5530458590006845
2021-01-19,食用菌,74.431,633.9358,416.46945,74.431,0.0,165,16,8.517093684083244,5.595376254517607,0.5221663917965651,0.0,2,1,0.5530458590006845
2021-01-20,水生根茎类,44.546,431.904,305.28216000000003,44.546,0.0,62,3,9.695685358954789,6.853189062991066,0.41476986404970395,0.0,3,1,0.5557837097878165
2021-01-20,花叶类,197.353,1143.869,811.11438,197.353,0.0,328,15,5.796055798493055,4.109967317446403,0.41024376857922307,0.0,3,1,0.5557837097878165
2021-01-20,花菜类,33.627,436.85,284.92769,33.627,0.0,75,3,12.991048859547387,8.473181966871858,0.5331960189618639,0.0,3,1,0.5557837097878165
2021-01-20,茄类,19.321,196.406,122.53441,19.321,0.0,38,2,10.165415868743853,6.342032503493607,0.6028640444753437,0.0,3,1,0.5557837097878165
2021-01-20,辣椒类,51.058,1132.4638,834.53701,51.058,0.0,150,9,22.17994829409691,16.344882486583884,0.35699649797436783,0.0,3,1,0.5557837097878165
2021-01-20,食用菌,90.131,844.8264,555.41937,90.131,0.0,216,16,9.373316616924255,6.162356680831234,0.5210603836160774,0.0,3,1,0.5557837097878165
2021-01-21,水生根茎类,48.089,463.746,329.30976,48.089,0.0,63,3,9.64349435421822,6.84792280979018,0.4082364276114987,0.0,4,1,0.5585215605749486
2021-01-21,花叶类,219.93,1127.933,776.10055,219.93,0.0,320,15,5.128600009093803,3.528852589460283,0.45333359189089606,0.0,4,1,0.5585215605749486
2021-01-21,花菜类,27.553,358.742,233.52339,27.553,0.0,66,3,13.020070409755744,8.4754251805611,0.5362144237457329,0.0,4,1,0.5585215605749486
2021-01-21,茄类,23.411,240.785,152.58937,23.411,0.0,44,2,10.285122378369142,6.517849301610354,0.5779932769890852,0.0,4,1,0.5585215605749486
2021-01-21,辣椒类,57.724,1358.3964,974.9780000000001,57.724,0.0,175,10,23.53261035271291,16.890340239761628,0.3932585145510974,0.0,4,1,0.5585215605749486
2021-01-21,食用菌,63.013,584.0122,380.45984,63.013,0.0,142,16,9.268122450922826,6.037799184295304,0.535016678764308,0.0,4,1,0.5585215605749486
2021-01-22,水生根茎类,48.728,466.808,332.84924,48.728,0.0,64,3,9.579871942209817,6.830759317025119,0.402460765720841,0.0,5,1,0.5612594113620808
2021-01-22,花叶类,218.136,1295.8024,885.29569,218.136,0.0,345,16,5.940341805112407,4.058457521912935,0.4636944634848501,0.0,5,1,0.5612594113620808
2021-01-22,花菜类,32.636,421.646,275.5851,32.636,0.0,68,2,12.919659271969604,8.444205785022675,0.5300028920286328,0.0,5,1,0.5612594113620808
2021-01-22,茄类,12.333,112.763,77.88594,12.333,0.0,28,2,9.143193059271873,6.315246898564826,0.44779661130108983,0.0,5,1,0.5612594113620808
2021-01-22,辣椒类,43.222,972.4568,703.0092,43.222,0.0,132,8,22.499116190828744,16.265077969552543,0.38327748769148395,0.0,5,1,0.5612594113620808
2021-01-22,食用菌,88.796,883.9342,580.11136,88.796,0.0,187,15,9.954662372178927,6.533079868462543,0.523731926228785,0.0,5,1,0.5612594113620808
2021-01-23,水生根茎类,66.893,659.236,476.66686,66.893,0.0,90,3,9.85508199662147,7.125810772427608,0.3830120264706467,0.0,6,1,0.5639972621492129
2021-01-23,花叶类,214.815,1125.9848,751.08107,214.815,0.0,354,15,5.241648860647533,3.4964088634406347,0.49915214878202163,0.0,6,1,0.5639972621492129
2021-01-23,花菜类,48.218,604.244,397.96052,48.218,0.0,110,3,12.531502758306026,8.253360155958354,0.5183516194018443,0.0,6,1,0.5639972621492129
2021-01-23,茄类,20.333,189.317,137.26714,20.333,0.0,43,2,9.310824767619142,6.750953622190528,0.3791865992108525,0.0,6,1,0.5639972621492129
2021-01-23,辣椒类,46.386,1087.0634,773.4442300000001,46.386,0.0,137,8,23.43516147113353,16.674087655758203,0.405483883433974,0.0,6,1,0.5639972621492129
2021-01-23,食用菌,117.521,1200.526,786.84491,117.521,0.0,251,16,10.215416819121689,6.695355808749075,0.5257466684254206,0.0,6,1,0.5639972621492129
2021-01-24,水生根茎类,88.664,864.742,625.92958,88.664,0.0,116,3,9.753022647297662,7.059568483262654,0.38153240816642664,0.0,7,1,0.5667351129363449
2021-01-24,花叶类,350.342,1945.479,1331.40329,350.342,0.0,535,16,5.553085270963802,3.8002959679398987,0.4612244198375086,0.0,7,1,0.5667351129363449
2021-01-24,花菜类,56.086,727.484,473.42830999999995,56.086,0.0,124,3,12.970866169810648,8.441113825197018,0.5366296958456078,0.0,7,1,0.5667351129363449
2021-01-24,茄类,23.807,219.601,154.78188,23.807,0.0,53,2,9.224219767295335,6.501528121980931,0.4187771850296689,0.0,7,1,0.5667351129363449
2021-01-24,辣椒类,77.582,1568.4572,1205.17587,77.582,0.0,228,8,20.21676677579851,15.534220179938647,0.30143428776083936,0.0,7,1,0.5667351129363449
2021-01-24,食用菌,127.934,1285.3666,835.6839,127.934,0.0,272,16,10.04710710209952,6.5321486078759365,0.5381014280638887,0.0,7,1,0.5667351129363449
2021-01-25,水生根茎类,86.892,853.792,618.81774,86.892,0.0,103,3,9.825898816922157,7.121688302720618,0.37971480908094213,0.0,1,1,0.5694729637234771
2021-01-25,花叶类,224.149,1167.54,801.34708,224.149,0.0,354,16,5.208767382410807,3.5750642652878217,0.4569716782395963,0.0,1,1,0.5694729637234771
2021-01-25,花菜类,34.554,408.4852,291.58212,34.554,0.0,78,2,11.821647276726283,8.438447647160965,0.400926778363502,0.0,1,1,0.5694729637234771
2021-01-25,茄类,20.041,189.411,134.06414,20.041,0.0,43,2,9.45117509106332,6.6894935382465945,0.4128386606589949,0.0,1,1,0.5694729637234771
2021-01-25,辣椒类,68.681,1389.4488000000001,978.96686,68.681,0.0,200,8,20.230468397373365,14.253823619341594,0.4193011600004519,0.0,1,1,0.5694729637234771
2021-01-25,食用菌,79.116,888.5816,595.1149800000001,79.116,0.0,197,15,11.23137671267506,7.522055968451388,0.4931259166085853,0.0,1,1,0.5694729637234771
2021-01-26,水生根茎类,59.222,567.5600000000001,401.5484,59.222,0.0,79,3,9.583600688933167,6.780392421735166,0.4134286178204172,0.0,2,1,0.5722108145106092
2021-01-26,花叶类,215.643,1146.6654,747.79227,215.643,0.0,340,17,5.317424632378515,3.4677326414490617,0.5334009804621276,0.0,2,1,0.5722108145106092
2021-01-26,花菜类,36.857,436.5836,279.97139,36.857,0.0,78,3,11.845337385028625,7.596152426947391,0.5593864787398457,0.0,2,1,0.5722108145106092
2021-01-26,茄类,16.078,152.34,111.17434,16.078,0.0,36,2,9.475059086951115,6.914687150143053,0.3702802283332647,0.0,2,1,0.5722108145106092
2021-01-26,辣椒类,57.954,1212.6492,838.07515,57.954,0.0,167,8,20.924339993788177,14.461040652931635,0.4469456587514855,0.0,2,1,0.5722108145106092
2021-01-26,食用菌,101.109,940.0702,749.45275,101.109,0.0,215,15,9.297591707958738,7.412324817770921,0.2543421850143319,0.0,2,1,0.5722108145106092
2021-01-27,水生根茎类,50.075,491.68,349.87485,50.075,0.0,65,3,9.818871692461308,6.987016475287069,0.4053024960210774,0.0,3,1,0.5749486652977412
2021-01-27,花叶类,208.029,1220.949,784.88594,208.029,0.0,347,15,5.869128823385202,3.7729640578957744,0.5555750686526504,0.0,3,1,0.5749486652977412
2021-01-27,花菜类,50.986000000000004,539.164,382.93136,50.986000000000004,0.0,113,3,10.574746008708273,7.51051975051975,0.407991238952067,0.0,3,1,0.5749486652977412
2021-01-27,茄类,11.937,114.045,84.48114000000001,11.937,0.0,27,2,9.553908017089721,7.077250565468712,0.34994627203184026,0.0,3,1,0.5749486652977412
2021-01-27,辣椒类,105.094,1750.9002,1272.00003,105.094,0.0,268,8,16.660325042343047,12.103450530001712,0.3764938354600511,0.0,3,1,0.5749486652977412
2021-01-27,食用菌,108.756,1086.4284,811.50079,108.756,0.0,241,14,9.98959505682445,7.461664551840818,0.33878908485104486,0.0,3,1,0.5749486652977412
2021-01-28,水生根茎类,58.18,578.496,413.24464,58.18,0.0,74,3,9.943210725335167,7.102864214506703,0.39988748553399267,0.0,4,1,0.5776865160848734
2021-01-28,花叶类,160.38400000000001,989.4408,625.2945,160.38400000000001,0.0,266,14,6.169198922585793,3.8987336642059054,0.582359672122496,0.0,4,1,0.5776865160848734
2021-01-28,花菜类,47.788,527.25,335.59205,47.788,0.0,104,2,11.033104545074078,7.022517159119444,0.5711039638751871,0.0,4,1,0.5776865160848734
2021-01-28,茄类,17.792,185.162,123.09026,17.792,0.0,36,2,10.407036870503596,6.918292491007193,0.504278242648931,0.0,4,1,0.5776865160848734
2021-01-28,辣椒类,70.075,1345.6932,873.41571,70.075,0.0,191,8,19.203613271494824,12.464012986086335,0.5407247483560833,0.0,4,1,0.5776865160848734
2021-01-28,食用菌,80.927,838.7324,554.09858,80.927,0.0,180,17,10.364061438086175,6.846893867312516,0.513688051682067,0.0,4,1,0.5776865160848734
2021-01-29,水生根茎类,48.372,465.074,330.24266,48.372,0.0,61,3,9.614529066402051,6.82714504258662,0.40827959658512936,0.0,5,1,0.5804243668720055
2021-01-29,花叶类,151.962,838.3594,550.5778,151.962,0.0,240,16,5.516901593819508,3.6231281504586677,0.5226901629524474,0.0,5,1,0.5804243668720055
2021-01-29,花菜类,56.588,567.098,393.49366000000003,56.588,0.0,121,3,10.02152399802078,6.953659079663534,0.4411871337393336,0.0,5,1,0.5804243668720055
2021-01-29,茄类,15.072,154.728,105.40751999999999,15.072,0.0,26,2,10.265923566878982,6.99359872611465,0.4679028593026382,0.0,5,1,0.5804243668720055
2021-01-29,辣椒类,66.029,1214.8758,823.975,66.029,0.0,185,8,18.39912462705781,12.478986505929214,0.4744085682211232,0.0,5,1,0.5804243668720055
2021-01-29,食用菌,69.324,811.3958,545.61666,69.324,0.0,165,15,11.70439963071952,7.870530552189718,0.4871169806288538,0.0,5,1,0.5804243668720055
2021-01-30,水生根茎类,39.938,390.786,276.25074,39.938,0.0,55,3,9.784816465521558,6.9169898342430765,0.4146061653988693,0.0,6,1,0.5831622176591376
2021-01-30,花叶类,195.893,1101.2396,701.72189,195.893,0.0,328,15,5.621638343381337,3.5821692965037037,0.569339100993415,0.0,6,1,0.5831622176591376
2021-01-30,花菜类,63.124,631.24,415.48363,63.124,0.0,126,2,10.0,6.582023160762943,0.51928970101662,0.0,6,1,0.5831622176591376
2021-01-30,茄类,23.084,279.616,188.9331,23.084,0.0,50,3,12.11297868653613,8.184591058741987,0.47997359912053517,0.0,6,1,0.5831622176591376
2021-01-30,辣椒类,91.796,1691.7538,1114.25523,91.796,0.0,260,11,18.429493659854458,12.138385441631442,0.5182821264388411,0.0,6,1,0.5831622176591376
2021-01-30,食用菌,94.904,1033.2052,688.2078200000001,94.904,0.0,225,17,10.886845654556184,7.2516207957514975,0.5012982560994439,0.0,6,1,0.5831622176591376
2021-01-31,水生根茎类,47.573,455.304,322.72309,47.573,0.0,60,3,9.570638807727072,6.783744771193745,0.4108194117749677,0.0,7,1,0.5859000684462696
2021-01-31,花叶类,249.269,1405.8184,938.43938,249.269,0.0,421,15,5.639764270727608,3.7647656948918637,0.4980385840159438,0.0,7,1,0.5859000684462696
2021-01-31,花菜类,37.907,379.07,244.90814,37.907,0.0,84,2,10.0,6.46076291977735,0.547804821840548,0.0,7,1,0.5859000684462696
2021-01-31,茄类,24.61,276.77,195.89011,24.61,0.0,53,3,11.246241365298658,7.959776919951239,0.412883988885401,0.0,7,1,0.5859000684462696
2021-01-31,辣椒类,84.451,1562.9996,1018.5426100000001,84.451,0.0,239,9,18.507769002143256,12.06075250737114,0.5345451281611084,0.0,7,1,0.5859000684462696
2021-01-31,食用菌,103.637,1159.7748000000001,775.38665,103.637,0.0,231,16,11.190740758609378,7.481755068170634,0.4957373846970412,0.0,7,1,0.5859000684462696
2021-02-01,水生根茎类,50.34,467.50100000000003,358.22796,50.34,0.0,62,3,9.286869288835916,7.116169249106078,0.30503771955712233,0.0,1,2,0.5886379192334018
2021-02-01,花叶类,181.621,914.8342,570.5107399999999,181.621,0.0,295,15,5.037050781572615,3.141215718446655,0.6035354566681779,0.0,1,2,0.5886379192334018
2021-02-01,花菜类,25.144,251.44,164.55252,25.144,0.0,51,2,10.0,6.544405027044225,0.5280227856735347,0.0,1,2,0.5886379192334018
2021-02-01,茄类,13.664,174.774,115.04617,13.664,0.0,30,4,12.790837236533958,8.419655298594849,0.5191640017220911,0.0,1,2,0.5886379192334018
2021-02-01,辣椒类,71.64,1241.2154,936.73024,71.64,0.0,193,9,17.32573143495254,13.075519821328866,0.32505106272644735,0.0,1,2,0.5886379192334018
2021-02-01,食用菌,67.664,781.1628000000001,520.23703,67.664,0.0,164,15,11.544732797351621,7.688534966895247,0.5015517061520978,0.0,1,2,0.5886379192334018
2021-02-02,水生根茎类,47.323,427.89,333.14848,47.323,0.0,55,3,9.041903514147455,7.0398850453267965,0.28438226703000424,0.0,2,2,0.5913757700205339
2021-02-02,花叶类,193.791,923.6398,583.76089,193.791,0.0,305,17,4.766164579366431,3.012321986057144,0.5822228172908261,0.0,2,2,0.5913757700205339
2021-02-02,花菜类,41.328,413.28,269.76016,41.328,0.0,93,2,9.999999999999998,6.5272977158343,0.5320275610749934,0.0,2,2,0.5913757700205339
2021-02-02,茄类,24.133,323.99,215.33753,24.133,0.0,51,4,13.425185430737994,8.922949073882236,0.5045682004432761,0.0,2,2,0.5913757700205339
2021-02-02,辣椒类,92.145,1498.7264,1155.88287,92.145,0.0,239,9,16.264869499158934,12.54417353084812,0.2966075014157792,0.0,2,2,0.5913757700205339
2021-02-02,食用菌,88.048,866.5928,580.26958,88.048,0.0,197,14,9.84227693985099,6.590377748500818,0.49343138063518666,0.0,2,2,0.5913757700205339
2021-02-03,水生根茎类,36.091,326.482,255.90328,36.091,0.0,49,3,9.046077969576903,7.090501232994375,0.27580232656650594,0.0,3,2,0.5941136208076659
2021-02-03,花叶类,220.536,973.058,648.25995,220.536,0.0,319,15,4.412241085355679,2.939474507563391,0.5010305665188788,0.0,3,2,0.5941136208076659
2021-02-03,花菜类,84.615,697.917,508.49226000000004,84.615,0.0,171,2,8.248147491579507,6.009481297642263,0.37252236641714065,0.0,3,2,0.5941136208076659
2021-02-03,茄类,14.938,194.198,129.0469,14.938,0.0,33,4,13.00026777346365,8.638833846565804,0.5048637355876044,0.0,3,2,0.5941136208076659
2021-02-03,辣椒类,79.053,1370.2106,1067.8573,79.053,0.0,233,10,17.332809634042984,13.508118603974548,0.28314017238071054,0.0,3,2,0.5941136208076659
2021-02-03,食用菌,89.954,957.3816,648.71123,89.954,0.0,198,14,10.643013095582187,7.211588478555707,0.4758209134131992,0.0,3,2,0.5941136208076659
2021-02-04,水生根茎类,61.4,550.876,427.45188,61.4,0.0,74,3,8.971921824104234,6.961757003257329,0.288743893230742,0.0,4,2,0.5968514715947981
2021-02-04,花叶类,197.832,1015.608,667.00563,197.832,0.0,299,15,5.133689190828582,3.371576034210846,0.5226378224123833,0.0,4,2,0.5968514715947981
2021-02-04,花菜类,69.983,580.868,363.27693,69.983,0.0,142,2,8.300130031579098,5.190931083263078,0.5989674874206847,0.0,4,2,0.5968514715947981
2021-02-04,茄类,27.716,342.54,237.80864,27.716,0.0,51,4,12.358926251984414,8.58019339009958,0.44040182896634894,0.0,4,2,0.5968514715947981
2021-02-04,辣椒类,96.194,1677.4798,1176.97843,96.194,0.0,252,9,17.438507599226565,12.235466141339375,0.4252426019396127,0.0,4,2,0.5968514715947981
2021-02-04,食用菌,111.069,1187.9912,780.52076,111.069,0.0,232,16,10.695974574363683,7.027350205727971,0.5220494583641824,0.0,4,2,0.5968514715947981
2021-02-05,水生根茎类,56.39,545.336,398.55108,56.39,0.0,69,3,9.670792693740024,7.067761659868771,0.3682963799771912,0.0,5,2,0.5995893223819302
2021-02-05,花叶类,194.292,1055.124,689.73468,194.292,0.0,324,19,5.430609597924773,3.5499901179667717,0.5297534408448188,0.0,5,2,0.5995893223819302
2021-02-05,花菜类,58.169,482.492,298.18845,58.169,0.0,113,2,8.294658666987571,5.12624335986522,0.6180774272108798,0.0,5,2,0.5995893223819302
2021-02-05,茄类,25.906,336.963,225.38851,25.906,0.0,47,5,13.00714120281016,8.70024357291747,0.4950318452347018,0.0,5,2,0.5995893223819302
2021-02-05,辣椒类,124.448,2152.8444,1495.74637,124.448,0.0,310,8,17.299148238621754,12.019047071869377,0.4393111313383964,0.0,5,2,0.5995893223819302
2021-02-05,食用菌,95.222,1139.6712,742.77152,95.222,0.0,217,12,11.968570288378737,7.800419230850014,0.5343496207285923,0.0,5,2,0.5995893223819302
2021-02-06,水生根茎类,55.472,552.268,410.0464,55.472,0.0,67,3,9.955797519469282,7.391952696856071,0.3468426987775044,0.0,6,2,0.6023271731690623
2021-02-06,花叶类,212.817,1042.609,676.68669,212.817,0.0,332,19,4.899087009026534,3.1796646414525154,0.5407558851201875,0.0,6,2,0.6023271731690623
2021-02-06,花菜类,75.497,631.751,382.86315,75.497,0.0,151,2,8.36789541306277,5.07123660542803,0.6500700054314446,0.0,6,2,0.6023271731690623
2021-02-06,茄类,39.051,474.408,320.53384,39.051,0.0,78,5,12.148421295229316,8.208082763565594,0.4800558967502464,0.0,6,2,0.6023271731690623
2021-02-06,辣椒类,194.842,2739.1974,2073.10883,194.842,0.0,431,8,14.05855718992825,10.63994841974523,0.32129937433144784,0.0,6,2,0.6023271731690623
2021-02-06,食用菌,119.696,1280.115,832.7742900000001,119.696,0.0,249,14,10.694718286325358,6.957411191685604,0.5371692130409069,0.0,6,2,0.6023271731690623
2021-02-07,水生根茎类,101.527,1108.601,789.3004500000001,101.527,0.0,99,3,10.9192727057827,7.774291075280468,0.4045361306964921,0.0,7,2,0.6050650239561944
2021-02-07,花叶类,193.778,893.12,587.18326,193.778,0.0,279,18,4.6089855401541975,3.0301853667599006,0.5210242880561684,0.0,7,2,0.6050650239561944
2021-02-07,花菜类,53.682,463.148,272.1499,53.682,0.0,112,2,8.627621921686972,5.06966767259044,0.7018121263318486,0.0,7,2,0.6050650239561944
2021-02-07,茄类,43.635,579.03,397.65967,43.635,0.0,73,5,13.269852182880715,9.113318895382148,0.45609435324432046,0.0,7,2,0.6050650239561944
2021-02-07,辣椒类,159.904,2691.2368,1719.4756300000001,159.904,0.0,365,8,16.830328196918153,10.753174592255354,0.5651497195107094,0.0,7,2,0.6050650239561944
2021-02-07,食用菌,147.812,1539.4088000000002,997.86586,147.812,0.0,299,15,10.414640218656132,6.750912375179281,0.5427011402113711,0.0,7,2,0.6050650239561944
2021-02-08,水生根茎类,124.55,1386.664,991.95512,124.55,0.0,118,3,11.133392211963066,7.964312484945805,0.3979100183484108,0.0,1,2,0.6078028747433265
2021-02-08,花叶类,234.405,1232.6736,750.39776,234.405,0.0,344,20,5.258734242017022,3.20128734455323,0.6426936029233352,0.0,1,2,0.6078028747433265
2021-02-08,花菜类,122.215,961.794,590.60659,122.215,0.0,213,2,7.86968866342102,4.8325212944401255,0.6284850461963185,0.0,1,2,0.6078028747433265
2021-02-08,茄类,58.326,775.564,516.24443,58.326,0.0,93,5,13.297054486849774,8.851017213592565,0.5023193567434714,0.0,1,2,0.6078028747433265
2021-02-08,辣椒类,289.227,4716.9014,3213.66951,289.227,0.0,559,8,16.30864822440505,11.111236191641861,0.46776181723801424,0.0,1,2,0.6078028747433265
2021-02-08,食用菌,240.205,2369.981,1563.34432,240.205,0.0,420,13,9.866493203721822,6.508375429320788,0.5159686638961278,0.0,1,2,0.6078028747433265
2021-02-09,水生根茎类,211.431,2786.782,1702.0274,211.431,0.0,203,3,13.180574277187356,8.050037127951908,0.6373308678814453,0.0,2,2,0.6105407255304586
2021-02-09,花叶类,282.558,1807.8899999999999,1035.8827899999999,282.558,0.0,419,18,6.398296986813326,3.666089050743564,0.7452650217308852,0.0,2,2,0.6105407255304586
2021-02-09,花菜类,139.056,1149.585,621.16207,139.056,0.0,235,3,8.26706506731101,4.466992218962144,0.8507005748113372,0.0,2,2,0.6105407255304586
2021-02-09,茄类,87.912,1080.738,764.10408,87.912,0.0,135,2,12.293407043407043,8.691692601692601,0.4143858517284713,0.0,2,2,0.6105407255304586
2021-02-09,辣椒类,423.696,8576.8816,5328.22985,423.696,0.0,912,9,20.243008194554587,12.575596300177484,0.6097056323499261,0.0,2,2,0.6105407255304586
2021-02-09,食用菌,326.993,3373.5314000000003,2275.91683,326.993,0.0,597,14,10.316830635518192,6.960139299618035,0.4822735855422273,0.0,2,2,0.6105407255304586
2021-02-10,水生根茎类,296.79200000000003,4272.252,2634.11744,296.79200000000003,0.0,296,4,14.394768053047251,8.875297986468636,0.6218912395948453,0.0,3,2,0.6132785763175906
2021-02-10,花叶类,503.976,3640.722,1976.3025499999999,503.976,0.0,768,17,7.223998761845802,3.921421952632665,0.8421885859530973,0.0,3,2,0.6132785763175906
2021-02-10,花菜类,167.055,1508.258,826.10029,167.055,0.0,259,2,9.028511568046452,4.9450797042890065,0.8257565313286601,0.0,3,2,0.6132785763175906
2021-02-10,茄类,118.931,1433.7474,1035.31056,118.931,0.0,188,3,12.055287519654254,8.705136255475864,0.3848476538286252,0.0,3,2,0.6132785763175906
2021-02-10,辣椒类,505.888,12406.8506,7200.66225,505.888,0.0,1322,13,24.52489602441647,14.233708350464926,0.7230152129410039,0.0,3,2,0.6132785763175906
2021-02-10,食用菌,511.136,5487.0608,3394.44775,511.136,0.0,913,15,10.735030989795279,6.6409874280035055,0.6164811492532181,0.0,3,2,0.6132785763175906
2021-02-13,水生根茎类,50.0,645.0,425.0,50.0,0.0,50,1,12.9,8.5,0.5176470588235293,0.0,6,2,0.621492128678987
2021-02-13,花叶类,243.485,1814.1526,958.30666,243.485,0.0,382,13,7.450777665975316,3.9357934164322232,0.8930814902194253,0.0,6,2,0.621492128678987
2021-02-13,花菜类,22.759,182.072,95.5878,22.759,0.0,39,1,8.0,4.2,0.9047619047619047,0.0,6,2,0.621492128678987
2021-02-13,茄类,28.967,347.604,256.06828,28.967,0.0,51,1,12.0,8.840000000000002,0.35746606334841613,0.0,6,2,0.621492128678987
2021-02-13,辣椒类,104.485,2624.4228,1550.85913,104.485,0.0,335,11,25.117699191271473,14.84288778293535,0.6922380306714253,0.0,6,2,0.621492128678987
2021-02-13,食用菌,60.592,647.399,396.06832,60.592,0.0,135,8,10.684562318457882,6.5366437813572755,0.6345639560366756,0.0,6,2,0.621492128678987
2021-02-14,水生根茎类,34.891,504.516,327.5656,34.891,0.0,44,3,14.459774727006966,9.388254850821129,0.5401983602673786,0.0,7,2,0.6242299794661191
2021-02-14,花叶类,120.018,845.8186,464.74764,120.018,0.0,197,15,7.0474312186505355,3.8723161525771133,0.8199524369827893,0.0,7,2,0.6242299794661191
2021-02-14,花菜类,11.692,104.162,68.33946,11.692,0.0,22,2,8.908826548067054,5.8449760520013685,0.5241852949964778,0.0,7,2,0.6242299794661191
2021-02-14,茄类,25.06,300.72,221.5304,25.06,0.0,49,1,12.000000000000002,8.84,0.3574660633484166,0.0,7,2,0.6242299794661191
2021-02-14,辣椒类,68.701,2256.4042,1361.64084,68.701,0.0,275,11,32.84383342309428,19.819811065341117,0.6571214183029352,0.0,7,2,0.6242299794661191
2021-02-14,食用菌,164.586,1306.5456,843.1927400000001,164.586,0.0,292,14,7.938376289599358,5.123113387529924,0.5495218803710287,0.0,7,2,0.6242299794661191
2021-02-15,水生根茎类,68.394,948.224,672.58206,68.394,0.0,88,4,13.864140129251103,9.83393367839284,0.409826482734315,0.0,1,2,0.6269678302532512
2021-02-15,花叶类,291.13,1603.0622,1022.22814,291.13,0.0,474,12,5.506344931817401,3.5112428811870986,0.568203943201955,0.0,1,2,0.6269678302532512
2021-02-15,花菜类,41.123,327.813,208.87315999999998,41.123,0.0,73,2,7.971524451037133,5.079229628188605,0.5694357283626101,0.0,1,2,0.6269678302532512
2021-02-15,茄类,39.655,475.86,348.17089999999996,39.655,0.0,72,1,12.0,8.78,0.36674259681093413,0.0,1,2,0.6269678302532512
2021-02-15,辣椒类,168.272,3213.7122,2111.59651,168.272,0.0,496,9,19.09831819910621,12.548709886374441,0.5219347942566925,0.0,1,2,0.6269678302532512
2021-02-15,食用菌,212.364,1832.8408,1161.72121,212.364,0.0,381,16,8.630656796820553,5.4704244128006625,0.5776941870588728,0.0,1,2,0.6269678302532512
2021-02-16,水生根茎类,67.819,949.466,578.4960699999999,67.819,0.0,84,1,14.0,8.529999999999998,0.6412661195779605,0.0,2,2,0.6297056810403833
2021-02-16,花叶类,253.696,1518.1286,1007.77428,253.696,0.0,414,13,5.9840462600908175,3.9723696077194752,0.5064172901892277,0.0,2,2,0.6297056810403833
2021-02-16,花菜类,40.493,337.344,231.4215,40.493,0.0,82,2,8.330921393821153,5.7150989059837505,0.45770380020870993,0.0,2,2,0.6297056810403833
2021-02-16,茄类,31.647,379.764,260.77128,31.647,0.0,64,1,12.000000000000002,8.24,0.4563106796116507,0.0,2,2,0.6297056810403833
2021-02-16,辣椒类,151.649,2974.4028,2088.3394,151.649,0.0,501,8,19.613731709407908,13.770874849158252,0.4242908983089626,0.0,2,2,0.6297056810403833
2021-02-16,食用菌,174.61,1462.5614,948.16918,174.61,0.0,300,15,8.376160586449801,5.430211213561651,0.5425110105350608,0.0,2,2,0.6297056810403833
2021-02-17,水生根茎类,53.632,643.5840000000001,448.89984,53.632,0.0,70,1,12.000000000000002,8.37,0.43369175627240186,0.0,3,2,0.6324435318275154
2021-02-17,花叶类,180.052,943.6824,607.2291299999999,180.052,0.0,303,16,5.241165885410882,3.3725208828560636,0.5540795943040482,0.0,3,2,0.6324435318275154
2021-02-17,花菜类,33.589,255.793,187.29735,33.589,0.0,70,2,7.615380035130549,5.576151418619191,0.3657053877163772,0.0,3,2,0.6324435318275154
2021-02-17,茄类,30.358,364.296,245.8998,30.358,0.0,67,1,12.0,8.1,0.4814814814814816,0.0,3,2,0.6324435318275154
2021-02-17,辣椒类,133.646,2373.1406,1760.57413,133.646,0.0,431,9,17.756914535414456,13.173414318423298,0.34793563052070997,0.0,3,2,0.6324435318275154
2021-02-17,食用菌,144.793,1420.0274,924.7267400000001,144.793,0.0,282,15,9.807293170249942,6.386543133991284,0.5356184033350218,0.0,3,2,0.6324435318275154
2021-02-18,水生根茎类,62.327,747.924,498.616,62.327,0.0,83,1,12.0,8.0,0.5,0.0,4,2,0.6351813826146475
2021-02-18,花叶类,227.336,1299.145,876.09736,227.336,0.0,410,16,5.714647042263434,3.853755498469226,0.48287742814337453,0.0,4,2,0.6351813826146475
2021-02-18,花菜类,56.001,366.756,297.0117,56.001,0.0,106,2,6.549097337547543,5.303685648470563,0.23482004244277244,0.0,4,2,0.6351813826146475
2021-02-18,茄类,18.169999999999998,218.04,144.6332,18.169999999999998,0.0,44,1,12.0,7.96,0.5075376884422111,0.0,4,2,0.6351813826146475
2021-02-18,辣椒类,105.697,1851.734,1422.01429,105.697,0.0,365,9,17.519267339659592,13.453686386557802,0.3021908521045875,0.0,4,2,0.6351813826146475
2021-02-18,食用菌,130.174,1222.3284,802.20147,130.174,0.0,259,16,9.389958056140243,6.162532226097377,0.5237174771070914,0.0,4,2,0.6351813826146475
2021-02-19,水生根茎类,53.631,622.65,416.70402,53.631,0.0,69,2,11.609889802539575,7.76983498349835,0.49422604562346195,0.0,5,2,0.6379192334017796
2021-02-19,花叶类,184.169,994.0222,701.70511,184.169,0.0,312,16,5.3973372283066094,3.8101152202596524,0.4165811048461654,0.0,5,2,0.6379192334017796
2021-02-19,花菜类,47.197,285.229,230.97466,47.197,0.0,103,2,6.043371400724622,4.893841981481874,0.23489303978193976,0.0,5,2,0.6379192334017796
2021-02-19,茄类,13.769,160.8572,120.14468,13.769,0.0,31,2,11.682562277580072,8.725737526327256,0.3388624448456645,0.0,5,2,0.6379192334017796
2021-02-19,辣椒类,116.07000000000001,1255.0168,1090.25579,116.07000000000001,0.0,323,7,10.812585508744723,9.393088567243904,0.1511214262847438,0.0,5,2,0.6379192334017796
2021-02-19,食用菌,92.327,785.2096,504.26211,92.327,0.0,165,13,8.504658442275824,5.461697120019063,0.5571457470798271,0.0,5,2,0.6379192334017796
2021-02-20,水生根茎类,60.612,726.5,484.4918,60.612,0.0,80,3,11.986075364614267,7.9933313535273545,0.4995093828213397,0.0,6,2,0.6406570841889117
2021-02-20,花叶类,175.262,1075.3956,733.76533,175.262,0.0,332,17,6.1359313484953955,4.186676689755908,0.4655851892048377,0.0,6,2,0.6406570841889117
2021-02-20,花菜类,39.445,255.507,176.15975999999998,39.445,0.0,81,2,6.477551020408163,4.465959183673469,0.4504277253783726,0.0,6,2,0.6406570841889117
2021-02-20,茄类,21.798000000000002,238.3638,181.39203,21.798000000000002,0.0,52,4,10.935122488301678,8.321498761354253,0.31408088877995355,0.0,6,2,0.6406570841889117
2021-02-20,辣椒类,119.306,1420.9138,874.88964,119.306,0.0,344,9,11.909826831844166,7.333157091847854,0.6241063272848903,0.0,6,2,0.6406570841889117
2021-02-20,食用菌,88.794,827.3514,530.16868,88.794,0.0,185,14,9.317649841205487,5.970771448521297,0.5605437122389048,0.0,6,2,0.6406570841889117
2021-02-21,水生根茎类,38.554,465.296,312.19598,38.554,0.0,57,3,12.068682886341234,8.09762878041189,0.49039715373657256,0.0,7,2,0.6433949349760438
2021-02-21,花叶类,144.855,896.6858,640.87646,144.855,0.0,294,15,6.19023023023023,4.4242619170895034,0.39915546281728,0.0,7,2,0.6433949349760438
2021-02-21,花菜类,35.248,246.917,165.82774,35.248,0.0,84,2,7.005135043123015,4.704599977303677,0.4889969555154041,0.0,7,2,0.6433949349760438
2021-02-21,茄类,33.803,346.29,258.28077,33.803,0.0,67,4,10.244357009732866,7.6407647250244075,0.34075022310023306,0.0,7,2,0.6433949349760438
2021-02-21,辣椒类,80.423,1066.6534,603.779,80.423,0.0,255,8,13.263039180333983,7.507541374979794,0.766628849297508,0.0,7,2,0.6433949349760438
2021-02-21,食用菌,79.403,718.7456,469.84793,79.403,0.0,153,13,9.051869576716244,5.9172566527713055,0.5297409100003909,0.0,7,2,0.6433949349760438
2021-02-22,水生根茎类,40.444,418.94,324.51246,40.444,0.0,53,3,10.358520423301353,8.023747898328551,0.2909827869167181,0.0,1,2,0.6461327857631759
2021-02-22,花叶类,139.491,753.278,545.86416,139.491,0.0,266,15,5.400190693306378,3.913257199389207,0.3799733618708363,0.0,1,2,0.6461327857631759
2021-02-22,花菜类,30.813,193.84,145.28305,30.813,0.0,66,2,6.290851264076851,4.714992048810568,0.3342230907184285,0.0,1,2,0.6461327857631759
2021-02-22,茄类,15.47,151.63840000000002,101.36435,15.47,0.0,35,4,9.802094376212024,6.552317388493859,0.4959736830552359,0.0,1,2,0.6461327857631759
2021-02-22,辣椒类,72.834,973.7256,544.31555,72.834,0.0,212,7,13.369107834253233,7.473371639618859,0.7888991045727061,0.0,1,2,0.6461327857631759
2021-02-22,食用菌,66.554,584.538,376.91774,66.554,0.0,119,12,8.78291312317817,5.663337139766204,0.5508370606276054,0.0,1,2,0.6461327857631759
2021-02-23,水生根茎类,44.084,507.54,363.53,44.084,0.0,59,3,11.51302059704201,8.24630251338354,0.39614337193629123,0.0,2,2,0.648870636550308
2021-02-23,花叶类,136.05,814.9998,563.26723,136.05,0.0,283,15,5.99044321940463,4.1401486953325985,0.44691499272911717,0.0,2,2,0.648870636550308
2021-02-23,花菜类,24.456,153.632,115.28,24.456,0.0,59,2,6.281975793261368,4.713771671573438,0.33268563497571146,0.0,2,2,0.648870636550308
2021-02-23,茄类,25.429,252.323,162.24312,25.429,0.0,54,4,9.922647371111724,6.380239883597468,0.5552154075932467,0.0,2,2,0.648870636550308
2021-02-23,辣椒类,85.425,865.8902,510.12759,85.425,0.0,246,8,10.136262218320164,5.9716428446005265,0.6973992722095272,0.0,2,2,0.648870636550308
2021-02-23,食用菌,77.586,619.4122,402.75438,77.586,0.0,141,12,7.98355631170572,5.191070296187457,0.5379403198544979,0.0,2,2,0.648870636550308
2021-02-24,水生根茎类,54.382,587.32,401.53416,54.382,0.0,80,3,10.799897024750837,7.383585745283366,0.46268999877868433,0.0,3,2,0.6516084873374401
2021-02-24,花叶类,190.158,959.482,559.00708,190.158,0.0,314,16,5.045709357481673,2.9396979354010875,0.7164040212156169,0.0,3,2,0.6516084873374401
2021-02-24,花菜类,37.410000000000004,224.46,148.42038,37.410000000000004,0.0,78,2,6.0,3.9673985565356853,0.5123260026689058,0.0,3,2,0.6516084873374401
2021-02-24,茄类,22.668,207.287,122.12362,22.668,0.0,47,4,9.14447679548262,5.387489853538027,0.6973538779803612,0.0,3,2,0.6516084873374401
2021-02-24,辣椒类,60.043,684.9318,488.64385,60.043,0.0,222,10,11.407354729110804,8.138231767233483,0.4016994176842703,0.0,3,2,0.6516084873374401
2021-02-24,食用菌,88.233,771.2396,493.52788,88.233,0.0,170,11,8.740942731177677,5.59346140332982,0.5627072577946357,0.0,3,2,0.6516084873374401
2021-02-25,水生根茎类,74.027,856.6824,581.50514,74.027,0.0,94,4,11.572566766179907,7.855311440420387,0.473215524801724,0.0,4,2,0.6543463381245722
2021-02-25,花叶类,156.613,867.957,489.97355,156.613,0.0,300,17,5.542049510577027,3.1285624437307247,0.7714364377424048,0.0,4,2,0.6543463381245722
2021-02-25,花菜类,39.885,239.31,165.32732,39.885,0.0,83,2,6.0,4.145100162968534,0.447492162819793,0.0,4,2,0.6543463381245722
2021-02-25,茄类,34.618,293.604,171.27707999999998,34.618,0.0,71,4,8.481252527586804,4.947630712346178,0.7142048428195997,0.0,4,2,0.6543463381245722
2021-02-25,辣椒类,100.118,926.398,583.18268,100.118,0.0,291,8,9.253061387562676,5.8249533550410515,0.5885211131441694,0.0,4,2,0.6543463381245722
2021-02-25,食用菌,110.557,849.2956,536.43393,110.557,0.0,192,13,7.681970386316561,4.8521028066969984,0.5832249835501642,0.0,4,2,0.6543463381245722
2021-02-26,水生根茎类,72.508,829.48,559.56096,72.508,0.0,89,3,11.439841120979755,7.71723065041099,0.4823764688658767,0.0,5,2,0.6570841889117043
2021-02-26,花叶类,276.322,1512.9768,842.9223900000001,276.322,0.0,459,14,5.475412019310804,3.050507704779207,0.7949182723690611,0.0,5,2,0.6570841889117043
2021-02-26,花菜类,70.064,490.668,331.89714,70.064,0.0,151,2,7.003139986298242,4.737056691025348,0.47837369131894314,0.0,5,2,0.6570841889117043
2021-02-26,茄类,31.286,280.036,160.43851,31.286,0.0,67,4,8.950840631592405,5.128124720322189,0.7454412908721226,0.0,5,2,0.6570841889117043
2021-02-26,辣椒类,135.777,1269.97,770.6693300000001,135.777,0.0,376,9,9.353351451276726,5.675993209453738,0.6478792532200546,0.0,5,2,0.6570841889117043
2021-02-26,食用菌,158.095,1241.5274,748.76836,158.095,0.0,253,11,7.853046585913533,4.736192542458649,0.6580927644966192,0.0,5,2,0.6570841889117043
2021-02-27,水生根茎类,45.651,494.21,338.34438,45.651,0.0,66,3,10.825830759457624,7.411543668265755,0.4606715205377434,0.0,6,2,0.6598220396988365
2021-02-27,花叶类,218.04,1185.838,713.62186,218.04,0.0,361,11,5.43862594019446,3.2728942395890663,0.6617175936847002,0.0,6,2,0.6598220396988365
2021-02-27,花菜类,74.704,577.005,364.58907999999997,74.704,0.0,153,2,7.723883593917328,4.880449239665881,0.5826173400475956,0.0,6,2,0.6598220396988365
2021-02-27,茄类,22.579,186.376,118.31030999999999,22.579,0.0,49,4,8.254395677399353,5.239838345365162,0.5753149493057705,0.0,6,2,0.6598220396988365
2021-02-27,辣椒类,122.322,1106.2048,691.79899,122.322,0.0,323,7,9.043383855725054,5.655556563823351,0.5990263298881082,0.0,6,2,0.6598220396988365
2021-02-27,食用菌,116.814,921.104,567.1667,116.814,0.0,224,13,7.8852192374201735,4.855297310253908,0.6240445710229463,0.0,6,2,0.6598220396988365
2021-02-28,水生根茎类,49.705,495.15,375.58178,49.705,0.0,71,3,9.961774469369278,7.556217281963585,0.31835468696058666,0.0,7,2,0.6625598904859685
2021-02-28,花叶类,309.688,1454.2618,923.33895,309.688,0.0,460,16,4.695893286146057,2.981513490997391,0.5750031989877609,0.0,7,2,0.6625598904859685
2021-02-28,花菜类,54.673,410.4034,267.47766,54.673,0.0,108,2,7.506509611691328,4.892317231540249,0.5343464571957148,0.0,7,2,0.6625598904859685
2021-02-28,茄类,27.705,252.252,147.88609,27.705,0.0,59,4,9.104926908500271,5.337884497383144,0.7057182321880306,0.0,7,2,0.6625598904859685
2021-02-28,辣椒类,114.677,1061.4208,580.29652,114.677,0.0,322,8,9.255742651098302,5.0602694524621326,0.8291007500785978,0.0,7,2,0.6625598904859685
2021-02-28,食用菌,111.764,851.8354,544.62191,111.764,0.0,215,12,7.621733295157655,4.872963655559929,0.5640858077119963,0.0,7,2,0.6625598904859685
2021-03-01,水生根茎类,29.048,289.98,210.836,29.048,0.0,36,2,9.98278711098871,7.258193335169375,0.3753818133525586,0.0,1,3,0.6652977412731006
2021-03-01,花叶类,241.709,1334.866,872.65901,241.709,0.0,432,19,5.5226160382939815,3.6103703627088772,0.529653604332808,0.0,1,3,0.6652977412731006
2021-03-01,花菜类,28.579,230.27,137.09945,28.579,0.0,59,2,8.057314811574933,4.797209489485286,0.6795836890665867,0.0,1,3,0.6652977412731006
2021-03-01,茄类,27.232,226.776,139.5404,27.232,0.0,58,4,8.327555816686251,5.124133372502938,0.6251637518596762,0.0,1,3,0.6652977412731006
2021-03-01,辣椒类,97.068,809.952,506.39545,97.068,0.0,293,11,8.344171096550872,5.216914431120451,0.5994456506273902,0.0,1,3,0.6652977412731006
2021-03-01,食用菌,79.404,653.6788,425.99961,79.404,0.0,169,12,8.232315752355046,5.364964107601633,0.5344586817814221,0.0,1,3,0.6652977412731006
2021-03-02,水生根茎类,46.406,461.56,362.342,46.406,0.0,59,2,9.946127655906563,7.808085161401543,0.27382417715859586,0.0,2,3,0.6680355920602327
2021-03-02,花叶类,182.984,1158.5064,748.3123,182.984,0.0,333,20,6.331189612206531,4.08949580291173,0.5481589705260754,0.0,2,3,0.6680355920602327
2021-03-02,花菜类,40.61,330.168,213.19136,40.61,0.0,85,2,8.13021423294755,5.249725683329229,0.5486931552948486,0.0,2,3,0.6680355920602327
2021-03-02,茄类,16.541,132.84,84.93540999999999,16.541,0.0,34,3,8.030953388549664,5.134841303427845,0.5640119945261937,0.0,2,3,0.6680355920602327
2021-03-02,辣椒类,83.363,729.2652,438.30633,83.363,0.0,238,8,8.748068087760759,5.257804181711311,0.6638253889693997,0.0,2,3,0.6680355920602327
2021-03-02,食用菌,62.044,549.2722,362.08164,62.044,0.0,144,14,8.852946296176906,5.83588485590871,0.516984401639365,0.0,2,3,0.6680355920602327
2021-03-03,水生根茎类,20.757,206.27,147.769,20.757,0.0,28,2,9.93737052560582,7.118996001348942,0.3958949441357795,0.0,3,3,0.6707734428473648
2021-03-03,花叶类,186.008,1202.33,732.01629,186.008,0.0,328,18,6.463861769386262,3.9354021870027096,0.6424907702532137,0.0,3,3,0.6707734428473648
2021-03-03,花菜类,22.01,186.7806,105.78056,22.01,0.0,47,2,8.48616992276238,4.806022716946842,0.7657365398708422,0.0,3,3,0.6707734428473648
2021-03-03,茄类,23.654,220.226,135.70114,23.654,0.0,47,4,9.310306924833009,5.736921450917393,0.6228750915430774,0.0,3,3,0.6707734428473648
2021-03-03,辣椒类,80.749,733.8636,477.91108,80.749,0.0,238,7,9.08820666509802,5.918476761322123,0.5355651515758955,0.0,3,3,0.6707734428473648
2021-03-03,食用菌,71.027,526.704,332.69208,71.027,0.0,138,13,7.415546200740563,4.684022695594632,0.5831576152939981,0.0,3,3,0.6707734428473648
2021-03-04,水生根茎类,28.177,280.77,197.239,28.177,0.0,37,2,9.964510061397593,7.0,0.42350143734251344,0.0,4,3,0.6735112936344969
2021-03-04,花叶类,145.281,826.6526,540.42934,145.281,0.0,269,17,5.690025536718497,3.7198900062637232,0.529621985364451,0.0,4,3,0.6735112936344969
2021-03-04,花菜类,18.952,157.2054,89.00779999999999,18.952,0.0,39,2,8.294924018573237,4.69648585901224,0.7661980186006174,0.0,4,3,0.6735112936344969
2021-03-04,茄类,20.344,175.227,112.66339,20.344,0.0,44,4,8.613202909948878,5.537917322060558,0.5553144637312972,0.0,4,3,0.6735112936344969
2021-03-04,辣椒类,93.07600000000001,586.6376,395.55263,93.07600000000001,0.0,246,9,6.302780523443207,4.249781146589884,0.4830835532556057,0.0,4,3,0.6735112936344969
2021-03-04,食用菌,72.465,518.853,323.77572,72.465,0.0,146,12,7.1600496791554535,4.468028979507348,0.6025074394089835,0.0,4,3,0.6735112936344969
2021-03-05,水生根茎类,35.138,349.68,240.5246,35.138,0.0,47,2,9.951619329500826,6.845142011497524,0.45382218700290955,0.0,5,3,0.676249144421629
2021-03-05,花叶类,211.185,1031.8946,636.10329,211.185,0.0,331,19,4.886211615408292,3.0120666240500036,0.6222123296988451,0.0,5,3,0.676249144421629
2021-03-05,花菜类,41.955,344.39799999999997,200.54784999999998,41.955,0.0,89,2,8.208747467524729,4.7800703134310565,0.717285924531228,0.0,5,3,0.676249144421629
2021-03-05,茄类,22.986,183.888,118.97016,22.986,0.0,47,2,8.0,5.1757661185069175,0.5456648961386619,0.0,5,3,0.676249144421629
2021-03-05,辣椒类,101.498,751.2760000000001,488.48274,101.498,0.0,274,8,7.401879839996847,4.812732664683048,0.5379785987934804,0.0,5,3,0.676249144421629
2021-03-05,食用菌,82.585,663.894,414.54578000000004,82.585,0.0,161,12,8.038917478961071,5.019625597868863,0.6014974268945639,0.0,5,3,0.676249144421629
2021-03-06,水生根茎类,61.735,613.85,421.18365,61.735,0.0,75,2,9.943306066250912,6.822445128371264,0.45744024014227547,0.0,6,3,0.6789869952087612
2021-03-06,花叶类,288.817,1462.1032,901.30293,288.817,0.0,483,22,5.062386216877815,3.1206713247488893,0.622210636772256,0.0,6,3,0.6789869952087612
2021-03-06,花菜类,64.332,527.4452,316.75602000000003,64.332,0.0,126,2,8.198799975129019,4.923770751725425,0.6651465692743581,0.0,6,3,0.6789869952087612
2021-03-06,茄类,38.176,305.408,184.73608000000002,38.176,0.0,80,2,8.0,4.839063285834032,0.6532125180960859,0.0,6,3,0.6789869952087612
2021-03-06,辣椒类,167.583,1248.37,741.45736,167.583,0.0,459,9,7.449263946820381,4.424418705954661,0.68367065639486,0.0,6,3,0.6789869952087612
2021-03-06,食用菌,151.214,1130.8700000000001,750.12855,151.214,0.0,313,12,7.478606478236143,4.960708333884429,0.5075682694652806,0.0,6,3,0.6789869952087612
2021-03-07,水生根茎类,36.889,367.89,247.73629000000003,36.889,0.0,49,2,9.972891647916722,6.71572257312478,0.4850064962222529,0.0,7,3,0.6817248459958932
2021-03-07,花叶类,262.314,1189.7832,703.18556,262.314,0.0,454,22,4.535721311100437,2.680701601896963,0.6919903759115873,0.0,7,3,0.6817248459958932
2021-03-07,花菜类,84.586,561.3356,377.41664000000003,84.586,0.0,163,2,6.636270777670064,4.4619279786253045,0.4873101514549014,0.0,7,3,0.6817248459958932
2021-03-07,茄类,26.748,236.948,134.0764,26.748,0.0,60,3,8.858531478989082,5.012576641244205,0.7672610541452483,0.0,7,3,0.6817248459958932
2021-03-07,辣椒类,122.568,956.1306,548.22911,122.568,0.0,343,10,7.8008175053847655,4.472856781541675,0.7440347157048992,0.0,7,3,0.6817248459958932
2021-03-07,食用菌,125.428,891.062,577.2929,125.428,0.0,246,12,7.104171317409191,4.602583952546481,0.5435180304486684,0.0,7,3,0.6817248459958932
2021-03-08,水生根茎类,26.921,268.91,178.87859999999998,26.921,0.0,42,2,9.988856283198992,6.644574867204041,0.5033100661566006,0.0,1,3,0.6844626967830253
2021-03-08,花叶类,211.746,1129.3342,662.62882,211.746,0.0,353,21,5.333438175927762,3.1293569654208344,0.7043239984641778,0.0,1,3,0.6844626967830253
2021-03-08,花菜类,45.65,323.4144,181.32232,45.65,0.0,103,2,7.084652792990143,3.97201139101862,0.7836436242377665,0.0,1,3,0.6844626967830253
2021-03-08,茄类,19.815,177.40699999999998,114.77313,19.815,0.0,42,3,8.953166792833711,5.792234670704011,0.5457189326456464,0.0,1,3,0.6844626967830253
2021-03-08,辣椒类,80.399,582.7694,367.02057,80.399,0.0,234,8,7.2484657769375245,4.564989241159716,0.5878385236010069,0.0,1,3,0.6844626967830253
2021-03-08,食用菌,78.721,646.064,421.74904,78.721,0.0,181,12,8.207009565427267,5.3575162917137735,0.5318683357287546,0.0,1,3,0.6844626967830253
2021-03-09,水生根茎类,42.608,389.86400000000003,285.2128,42.608,0.0,59,2,9.150018775816749,6.693879083740144,0.3669232236421367,0.0,2,3,0.6872005475701575
2021-03-09,花叶类,170.907,914.3914,509.37032,170.907,0.0,314,24,5.350227901724329,2.9803947175949492,0.7951407141271991,0.0,2,3,0.6872005475701575
2021-03-09,花菜类,34.073,241.632,146.37505,34.073,0.0,62,2,7.091597452528395,4.295924925894402,0.6507731338093483,0.0,2,3,0.6872005475701575
2021-03-09,茄类,20.838,182.706,122.42796,20.838,0.0,46,2,8.767923985027354,5.875226029369421,0.4923551776898023,0.0,2,3,0.6872005475701575
2021-03-09,辣椒类,66.895,590.8882,357.55412,66.895,0.0,213,8,8.833069736153673,5.345005157336124,0.6525839500884507,0.0,2,3,0.6872005475701575
2021-03-09,食用菌,143.511,655.206,452.85482,143.511,0.0,217,10,4.565545498254489,3.1555408296228165,0.4468345506403133,0.0,2,3,0.6872005475701575
2021-03-10,水生根茎类,24.891000000000002,199.12800000000001,164.2806,24.891000000000002,0.0,35,1,8.0,6.6,0.21212121212121215,0.0,3,3,0.6899383983572895
2021-03-10,花叶类,119.599,674.7836,372.42845,119.599,0.0,231,20,5.6420505188170464,3.1139762874271524,0.8118476179787015,0.0,3,3,0.6899383983572895
2021-03-10,花菜类,25.101,197.311,108.68581,25.101,0.0,56,2,7.860682841321063,4.32993944464364,0.8154255831557036,0.0,3,3,0.6899383983572895
2021-03-10,茄类,14.35,114.8,88.6658,14.35,0.0,32,2,8.0,6.178801393728223,0.2947494975514797,0.0,3,3,0.6899383983572895
2021-03-10,辣椒类,59.548,483.2532,275.27074999999996,59.548,0.0,173,8,8.11535567945187,4.6226699469335655,0.7555559390164048,0.0,3,3,0.6899383983572895
2021-03-10,食用菌,91.994,518.711,330.46926,91.994,0.0,161,12,5.638530773746114,3.5922914537904647,0.5696195161994795,0.0,3,3,0.6899383983572895
2021-03-11,水生根茎类,31.801,288.3406,210.93737,31.801,0.0,53,3,9.067029338700042,6.633042042703059,0.36694887207515703,0.0,4,3,0.6926762491444216
2021-03-11,花叶类,158.357,963.002,540.8107,158.357,0.0,295,20,6.081208914036007,3.4151360533478154,0.7806637331694806,0.0,4,3,0.6926762491444216
2021-03-11,花菜类,30.749,257.843,128.16876,30.749,0.0,66,2,8.385410907671796,4.168225308140102,1.0117460760328805,0.0,4,3,0.6926762491444216
2021-03-11,茄类,16.37,147.043,88.29769,16.37,0.0,31,3,8.982467929138668,5.393872327428222,0.6653097040250997,0.0,4,3,0.6926762491444216
2021-03-11,辣椒类,57.357,495.2164,266.33317,57.357,0.0,165,8,8.633931342294751,4.643429223983123,0.8593868724650409,0.0,4,3,0.6926762491444216
2021-03-11,食用菌,75.477,551.5098,324.41254,75.477,0.0,137,13,7.306991533844748,4.2981642089643195,0.7000261457217409,0.0,4,3,0.6926762491444216
2021-03-12,水生根茎类,21.764,183.912,144.6824,21.764,0.0,30,2,8.450284874104026,6.647785333578387,0.2711428618823022,0.0,5,3,0.6954140999315537
2021-03-12,花叶类,152.44,975.3532,587.2646,152.44,0.0,261,20,6.3982760430333245,3.852431120440829,0.6608411268106404,0.0,5,3,0.6954140999315537
2021-03-12,花菜类,31.282,267.604,151.7415,31.282,0.0,67,2,8.554568122242824,4.850760820919379,0.7635518299212805,0.0,5,3,0.6954140999315537
2021-03-12,茄类,23.836000000000002,214.491,123.08153999999999,23.836000000000002,0.0,40,3,8.998615539520053,5.1636826648766565,0.7426740029414647,0.0,5,3,0.6954140999315537
2021-03-12,辣椒类,102.131,695.681,453.60156,102.131,0.0,280,8,6.811653660494855,4.441370005189413,0.5336829970337846,0.0,5,3,0.6954140999315537
2021-03-12,食用菌,84.232,665.9982,373.27028,84.232,0.0,154,14,7.9067124133346,4.431454554088708,0.7842250928737213,0.0,5,3,0.6954140999315537
2021-03-13,水生根茎类,47.086,517.26,317.1676,47.086,0.0,60,2,10.985430913647368,6.735921505330672,0.630872762539427,0.0,6,3,0.6981519507186859
2021-03-13,花叶类,169.055,1138.2034,682.69902,169.055,0.0,350,24,6.732740232468723,4.038324923841353,0.667211123285339,0.0,6,3,0.6981519507186859
2021-03-13,花菜类,43.017,381.088,216.86469,43.017,0.0,92,2,8.859009228909501,5.041371783248483,0.757261636276519,0.0,6,3,0.6981519507186859
2021-03-13,茄类,26.434,235.261,164.70396,26.434,0.0,53,3,8.89993947189226,6.230761897556177,0.4283870284600324,0.0,6,3,0.6981519507186859
2021-03-13,辣椒类,104.089,817.1816,504.66049,104.089,0.0,287,9,7.850796914179212,4.848355637963666,0.619270016561035,0.0,6,3,0.6981519507186859
2021-03-13,食用菌,101.865,707.574,432.80325,101.865,0.0,199,13,6.946193491385658,4.248792519511118,0.6348629544718067,0.0,6,3,0.6981519507186859
2021-03-14,水生根茎类,30.295,329.05,208.047,30.295,0.0,41,2,10.861528305000824,6.8673708532761175,0.5816137699654405,0.0,7,3,0.7008898015058179
2021-03-14,花叶类,176.032,1191.3326,734.18232,176.032,0.0,380,21,6.767704735502635,4.17073213961098,0.6226658795052431,0.0,7,3,0.7008898015058179
2021-03-14,花菜类,41.13,376.356,245.06112000000002,41.13,0.0,84,2,9.150401167031363,5.958208606856309,0.5357638127174151,0.0,7,3,0.7008898015058179
2021-03-14,茄类,17.721,164.07,111.4119,17.721,0.0,37,3,9.258506856272218,6.2869984763839515,0.47264340703282115,0.0,7,3,0.7008898015058179
2021-03-14,辣椒类,117.089,711.196,447.26371,117.089,0.0,321,8,6.073977914236179,3.8198610458710895,0.5901044151335237,0.0,7,3,0.7008898015058179
2021-03-14,食用菌,75.95,535.0,318.70746,75.95,0.0,158,11,7.044107965766952,4.1962799210006585,0.6786554039243387,0.0,7,3,0.7008898015058179
2021-03-15,水生根茎类,22.597,240.47,153.6402,22.597,0.0,29,2,10.64167809886268,6.799141478957383,0.5651502666619805,0.0,1,3,0.70362765229295
2021-03-15,花叶类,90.812,628.476,383.83527,90.812,0.0,179,18,6.9206272298815135,4.2267020878298025,0.637358651277669,0.0,1,3,0.70362765229295
2021-03-15,花菜类,28.603,249.53799999999998,169.90225,28.603,0.0,58,2,8.724189770303813,5.940015033388106,0.4687150994174589,0.0,1,3,0.70362765229295
2021-03-15,茄类,13.658,109.264,83.36983,13.658,0.0,28,2,8.0,6.10410235759262,0.3105940122463966,0.0,1,3,0.70362765229295
2021-03-15,辣椒类,85.656,492.0996,308.12351,85.656,0.0,211,8,5.745068646679742,3.59722039320071,0.5970855323568134,0.0,1,3,0.70362765229295
2021-03-15,食用菌,40.423,263.0578,153.31382,40.423,0.0,73,12,6.507626846102466,3.7927373030205573,0.7158127036427635,0.0,1,3,0.70362765229295
2021-03-16,水生根茎类,19.772,209.32,134.0952,19.772,0.0,26,2,10.586688246004451,6.7820756625531065,0.560980557096749,0.0,2,3,0.7063655030800822
2021-03-16,花叶类,100.121,629.4896,369.5665,100.121,0.0,203,20,6.287288381058919,3.6911986496339435,0.7033188884815045,0.0,2,3,0.7063655030800822
2021-03-16,花菜类,19.792,171.139,117.01238000000001,19.792,0.0,40,2,8.646877526273242,5.912104890864996,0.4625717381357426,0.0,2,3,0.7063655030800822
2021-03-16,茄类,13.577,110.688,83.68517,13.577,0.0,27,3,8.15261103336525,6.163745304559181,0.32267162748190636,0.0,2,3,0.7063655030800822
2021-03-16,辣椒类,72.126,409.8922,268.19985,72.126,0.0,201,7,5.683001968776862,3.7184905581898344,0.5283088338789153,0.0,2,3,0.7063655030800822
2021-03-16,食用菌,44.844,318.8598,195.35426,44.844,0.0,96,11,7.110422799036661,4.356307644277941,0.6322131905390751,0.0,2,3,0.7063655030800822
2021-03-17,水生根茎类,19.493,214.234,135.74949,19.493,0.0,29,3,10.99030421176833,6.964012209511107,0.5781569418787504,0.0,3,3,0.7091033538672142
2021-03-17,花叶类,107.653,699.0722,437.2334,107.653,0.0,236,21,6.493754934836929,4.061506878582111,0.5988536099941129,0.0,3,3,0.7091033538672142
2021-03-17,花菜类,29.326,267.166,179.94518,29.326,0.0,59,2,9.11020937052445,6.136028779922253,0.4847077315435737,0.0,3,3,0.7091033538672142
2021-03-17,茄类,19.313,154.504,119.30687999999999,19.313,0.0,42,2,8.0,6.177542587894164,0.2950133303293154,0.0,3,3,0.7091033538672142
2021-03-17,辣椒类,83.755,635.9838,360.84663,83.755,0.0,249,8,7.593383081607068,4.308359262133604,0.76247676194177,0.0,3,3,0.7091033538672142
2021-03-17,食用菌,44.028999999999996,400.6696,255.96356,44.028999999999996,0.0,103,12,9.100129460128553,5.813521996865703,0.5653384411437317,0.0,3,3,0.7091033538672142
2021-03-18,水生根茎类,20.852,223.02,142.1232,20.852,0.0,30,2,10.695376942259736,6.815806637253021,0.5692019318450472,0.0,4,3,0.7118412046543463
2021-03-18,花叶类,128.058,852.0296,530.35204,128.058,0.0,272,20,6.653466398038389,4.141498695903419,0.6065359152762002,0.0,4,3,0.7118412046543463
2021-03-18,花菜类,29.081,239.657,169.74944000000002,29.081,0.0,58,2,8.241016471235515,5.837125270795365,0.41182792709065774,0.0,4,3,0.7118412046543463
2021-03-18,茄类,11.866,97.86,74.3852,11.866,0.0,29,3,8.247092533288388,6.268767908309456,0.31558428289498464,0.0,4,3,0.7118412046543463
2021-03-18,辣椒类,73.733,507.1216,273.72521,73.733,0.0,198,8,6.877810478347551,3.7123840071609724,0.8526667675220709,0.0,4,3,0.7118412046543463
2021-03-18,食用菌,65.501,462.69,272.01614,65.501,0.0,128,11,7.063861620433276,4.152854765576098,0.700965244194701,0.0,4,3,0.7118412046543463
2021-03-19,水生根茎类,39.292,439.32,273.7272,39.292,0.0,46,2,11.180901964776544,6.966486816654789,0.6049555908218109,0.0,5,3,0.7145790554414785
2021-03-19,花叶类,140.893,813.718,508.48224,140.893,0.0,287,21,5.7754324203473555,3.6089957627419387,0.6002879471267275,0.0,5,3,0.7145790554414785
2021-03-19,花菜类,42.902,315.692,215.92556000000002,42.902,0.0,87,2,7.3584448277469585,5.0329951983590515,0.462040899650787,0.0,5,3,0.7145790554414785
2021-03-19,茄类,16.235,133.534,102.1089,16.235,0.0,37,3,8.2250692947336,6.28943024330151,0.30776063594848235,0.0,5,3,0.7145790554414785
2021-03-19,辣椒类,67.509,526.0151999999999,303.09124,67.509,0.0,203,8,7.79177887392792,4.4896419736627715,0.735501164599808,0.0,5,3,0.7145790554414785
2021-03-19,食用菌,69.141,624.0002,374.9285,69.141,0.0,160,11,9.025038689055696,5.42266527819962,0.6643178632725975,0.0,5,3,0.7145790554414785
2021-03-20,水生根茎类,39.984,458.16,286.8864,39.984,0.0,56,3,11.458583433373349,7.175030012004801,0.5970084326060769,0.0,6,3,0.7173169062286106
2021-03-20,花叶类,267.979,1811.3624,1147.15538,267.979,0.0,530,20,6.759344575507782,4.280765955541292,0.5790035348132179,0.0,6,3,0.7173169062286106
2021-03-20,花菜类,34.377,289.518,192.07302,34.377,0.0,72,2,8.421851819530499,5.587253687058207,0.5073329924213197,0.0,6,3,0.7173169062286106
2021-03-20,茄类,21.477,190.952,129.15424,21.477,0.0,43,3,8.890999674069935,6.013607114587698,0.478480303859943,0.0,6,3,0.7173169062286106
2021-03-20,辣椒类,117.89,812.0966,467.8795,117.89,0.0,343,8,6.888596148952413,3.968780218848079,0.7356960499444833,0.0,6,3,0.7173169062286106
2021-03-20,食用菌,77.235,668.4632,394.53498,77.235,0.0,186,12,8.654925875574545,5.108240823460866,0.6943065479263715,0.0,6,3,0.7173169062286106
2021-03-21,水生根茎类,41.705,455.178,295.38916,41.705,0.0,64,3,10.91423090756504,7.0828236422491315,0.5409434794425088,0.0,7,3,0.7200547570157426
2021-03-21,花叶类,199.712,1261.989,704.74046,199.712,0.0,385,21,6.319044423970518,3.528783748597981,0.7907145561076485,0.0,7,3,0.7200547570157426
2021-03-21,花菜类,51.413000000000004,394.756,239.51270000000002,51.413000000000004,0.0,103,2,7.678135880030341,4.658601910022757,0.6481631245441262,0.0,7,3,0.7200547570157426
2021-03-21,茄类,17.948999999999998,151.954,104.83108,17.948999999999998,0.0,40,3,8.465875536241574,5.8404969636191435,0.44951287347225666,0.0,7,3,0.7200547570157426
2021-03-21,辣椒类,112.176,725.9603999999999,445.32105,112.176,0.0,310,9,6.471619597774924,3.9698424796747966,0.6301955634030771,0.0,7,3,0.7200547570157426
2021-03-21,食用菌,94.838,716.3892,407.40048,94.838,0.0,182,12,7.553820198654548,4.295751492017968,0.7584397544156058,0.0,7,3,0.7200547570157426
2021-03-22,水生根茎类,10.113,113.974,71.32817999999999,10.113,0.0,17,3,11.270048452486899,7.053117769207949,0.5978817908994738,0.0,1,3,0.7227926078028748
2021-03-22,花叶类,115.022,789.3078,470.52455,115.022,0.0,240,21,6.86223331188816,4.090735250647702,0.6775060939965831,0.0,1,3,0.7227926078028748
2021-03-22,花菜类,30.625,266.1004,153.34105,30.625,0.0,66,2,8.688992653061224,5.007054693877551,0.7353500579264325,0.0,1,3,0.7227926078028748
2021-03-22,茄类,11.561,96.358,67.73595,11.561,0.0,26,2,8.334746129227575,5.859004411383099,0.42255331179381095,0.0,1,3,0.7227926078028748
2021-03-22,辣椒类,70.668,416.5716,247.77184,70.668,0.0,178,7,5.894769910001697,3.5061391294503874,0.6812709628341944,0.0,1,3,0.7227926078028748
2021-03-22,食用菌,50.663000000000004,435.697,255.88568999999998,50.663000000000004,0.0,114,11,8.599905256301442,5.050740974675798,0.7027017024672229,0.0,1,3,0.7227926078028748
2021-03-23,水生根茎类,13.349,144.41,92.13059999999999,13.349,0.0,23,3,10.818038804404823,6.90168551951457,0.5674488172225081,0.0,2,3,0.7255304585900069
2021-03-23,花叶类,134.706,801.274,460.08043,134.706,0.0,254,19,5.948317075705611,3.415441257256544,0.7415954858153824,0.0,2,3,0.7255304585900069
2021-03-23,花菜类,28.634,258.62,168.566,28.634,0.0,62,2,9.031920094991968,5.886917650345743,0.53423584827308,0.0,2,3,0.7255304585900069
2021-03-23,茄类,19.312,162.106,111.9348,19.312,0.0,35,3,8.394055509527753,5.7961267605633795,0.44821806980492207,0.0,2,3,0.7255304585900069
2021-03-23,辣椒类,66.931,442.88599999999997,261.86859000000004,66.931,0.0,172,7,6.617053383335076,3.912515725149782,0.6912528531963298,0.0,2,3,0.7255304585900069
2021-03-23,食用菌,48.174,385.9092,225.00536,48.174,0.0,102,13,8.010736081703824,4.670680450035289,0.7151111422412337,0.0,2,3,0.7255304585900069
2021-03-24,水生根茎类,14.013,151.254,97.70647,14.013,0.0,21,3,10.79383429672447,6.97255905230857,0.5480448735892312,0.0,3,3,0.7282683093771389
2021-03-24,花叶类,103.505,704.0186,424.09147,103.505,0.0,211,19,6.801783488720352,4.097304188203469,0.6600630991234036,0.0,3,3,0.7282683093771389
2021-03-24,花菜类,27.331,239.982,159.9208,27.331,0.0,59,2,8.780578829900113,5.851260473455052,0.500630312004442,0.0,3,3,0.7282683093771389
2021-03-24,茄类,15.113,125.694,88.12452,15.113,0.0,29,2,8.316945675908158,5.831040825779131,0.4263226625234382,0.0,3,3,0.7282683093771389
2021-03-24,辣椒类,42.484,330.2934,173.14042,42.484,0.0,121,7,7.774536296017324,4.075426513510969,0.907662000588886,0.0,3,3,0.7282683093771389
2021-03-24,食用菌,35.583,342.99760000000003,205.78873,35.583,0.0,83,12,9.63936711350926,5.783344012590282,0.6667462790600827,0.0,3,3,0.7282683093771389
2021-03-25,水生根茎类,15.827,172.666,110.73244,15.827,0.0,24,3,10.909584886586213,6.996426360017691,0.559308184665668,0.0,4,3,0.731006160164271
2021-03-25,花叶类,86.632,650.141,395.71529,86.632,0.0,206,18,7.504628774586757,4.567772762951334,0.6429514260113629,0.0,4,3,0.731006160164271
2021-03-25,花菜类,25.174,222.566,149.15226,25.174,0.0,59,2,8.841105902915707,5.92485342019544,0.49220668865493566,0.0,4,3,0.731006160164271
2021-03-25,茄类,14.621,129.514,87.31843,14.621,0.0,32,3,8.858080842623623,5.972124341700295,0.48323784566442596,0.0,4,3,0.731006160164271
2021-03-25,辣椒类,50.798,408.7842,241.32136999999997,50.798,0.0,146,7,8.04724989172802,4.750607701090593,0.6939411540718505,0.0,4,3,0.731006160164271
2021-03-25,食用菌,46.89,416.565,247.6762,46.89,0.0,106,14,8.883877159309021,5.282068671358498,0.6818935368032941,0.0,4,3,0.731006160164271
2021-03-26,水生根茎类,40.178,442.704,278.31723,40.178,0.0,52,3,11.018567375180448,6.92710513216188,0.590645322246129,0.0,5,3,0.7337440109514032
2021-03-26,花叶类,164.599,1294.5048,756.20883,164.599,0.0,341,16,7.86459699026118,4.59424923602209,0.711835076033164,0.0,5,3,0.7337440109514032
2021-03-26,花菜类,48.956,453.628,306.20799999999997,48.956,0.0,103,2,9.266034806765258,6.254759375765993,0.4814374542794442,0.0,5,3,0.7337440109514032
2021-03-26,茄类,21.313,182.15800000000002,124.55427,21.313,0.0,46,3,8.546802421057572,5.844051517852954,0.46247896599610794,0.0,5,3,0.7337440109514032
2021-03-26,辣椒类,60.937,479.4946,284.58054999999996,60.937,0.0,169,8,7.868693896975565,4.670078113461443,0.6849169769332448,0.0,5,3,0.7337440109514032
2021-03-26,食用菌,74.029,468.3618,260.24479,74.029,0.0,123,14,6.326734117710627,3.515443812559943,0.7996971236196504,0.0,5,3,0.7337440109514032
2021-03-27,水生根茎类,43.191,489.498,303.02518,43.191,0.0,52,3,11.333333333333332,7.015933412053436,0.6153707094572141,0.0,6,3,0.7364818617385352
2021-03-27,花叶类,199.238,1467.568,876.5253,199.238,0.0,400,19,7.3659040946004275,4.399388168923599,0.6743019283071465,0.0,6,3,0.7364818617385352
2021-03-27,花菜类,51.805,508.622,339.72463,51.805,0.0,97,2,9.818009844609595,6.557757552359811,0.49715962601828445,0.0,6,3,0.7364818617385352
2021-03-27,茄类,26.111,216.366,158.01514,26.111,0.0,52,3,8.286392708054077,6.051669411359197,0.3692738556571227,0.0,6,3,0.7364818617385352
2021-03-27,辣椒类,78.794,698.8318,422.53148,78.794,0.0,236,9,8.869099169987564,5.362482930172348,0.6539165318522542,0.0,6,3,0.7364818617385352
2021-03-27,食用菌,54.344,325.2688,176.76641,54.344,0.0,99,11,5.985367289857206,3.2527309362579127,0.8401052552914323,0.0,6,3,0.7364818617385352
2021-03-28,水生根茎类,30.71,326.12,208.38379999999998,30.71,0.0,46,3,10.619342233800065,6.785535656138065,0.5649968951521185,0.0,7,3,0.7392197125256673
2021-03-28,花叶类,161.164,1238.1616,783.6051199999999,161.164,0.0,327,19,7.6826189471594155,4.862159787545606,0.5800836012914261,0.0,7,3,0.7392197125256673
2021-03-28,花菜类,50.119,482.324,336.2941,50.119,0.0,97,2,9.623575889383268,6.709912408467847,0.4342327147577074,0.0,7,3,0.7392197125256673
2021-03-28,茄类,19.628,163.62,117.75207999999999,19.628,0.0,48,3,8.336050540044834,5.999188913796616,0.3895295947213844,0.0,7,3,0.7392197125256673
2021-03-28,辣椒类,78.41,601.6106,399.44302,78.41,0.0,224,9,7.672625940568805,5.094286698125239,0.5061237019487788,0.0,7,3,0.7392197125256673
2021-03-28,食用菌,55.673,429.55060000000003,263.91473,55.673,0.0,127,13,7.715600021554434,4.740443841718607,0.6276113121840527,0.0,7,3,0.7392197125256673
2021-03-29,水生根茎类,15.5,174.404,109.04097,15.5,0.0,25,3,11.251870967741935,7.034901290322581,0.5994355149261785,0.0,1,3,0.7419575633127995
2021-03-29,花叶类,111.308,853.9466,544.25825,111.308,0.0,230,19,7.671924749344162,4.889659772882451,0.5690099323253255,0.0,1,3,0.7419575633127995
2021-03-29,花菜类,60.434,535.972,392.6787,60.434,0.0,113,2,8.868716285534633,6.497645365191779,0.36491233163397974,0.0,1,3,0.7419575633127995
2021-03-29,茄类,16.139,135.84799999999998,97.64068,16.139,0.0,34,3,8.417374062829172,6.049983270338931,0.39130534527207295,0.0,1,3,0.7419575633127995
2021-03-29,辣椒类,62.154,471.0982,287.24516,62.154,0.0,162,8,7.579531486308202,4.62150722399202,0.6400561805810756,0.0,1,3,0.7419575633127995
2021-03-29,食用菌,47.327,370.217,232.82198,47.327,0.0,107,11,7.8225325923891225,4.91943245927272,0.5901290763011291,0.0,1,3,0.7419575633127995
2021-03-30,水生根茎类,14.905,167.594,109.16748000000001,14.905,0.0,23,3,11.244146259644415,7.324218718550823,0.5352007759087227,0.0,2,3,0.7446954140999316
2021-03-30,花叶类,130.803,925.849,603.1358,130.803,0.0,259,17,7.078193925215783,4.6110242119829055,0.5350589369757193,0.0,2,3,0.7446954140999316
2021-03-30,花菜类,26.924,278.008,181.0196,26.924,0.0,52,2,10.325657406031793,6.723354627841331,0.5357894946182622,0.0,2,3,0.7446954140999316
2021-03-30,茄类,21.407,178.872,130.98719,21.407,0.0,48,3,8.355771476619799,6.11889522118933,0.3655686483540874,0.0,2,3,0.7446954140999316
2021-03-30,辣椒类,59.573,505.7324,318.13357,59.573,0.0,176,10,8.489288771759018,5.3402308092592286,0.5896857411181093,0.0,2,3,0.7446954140999316
2021-03-30,食用菌,32.145,305.688,203.42463,32.145,0.0,84,10,9.50965935604293,6.32834437704153,0.5027088902656478,0.0,2,3,0.7446954140999316
2021-03-31,水生根茎类,19.503,233.866,143.76935,19.503,0.0,26,3,11.991283392298621,7.371653079013485,0.6266749484504175,0.0,3,3,0.7474332648870636
2021-03-31,花叶类,143.294,1024.061,640.64944,143.294,0.0,243,16,7.146572780437421,4.470874146858906,0.5984732617576312,0.0,3,3,0.7474332648870636
2021-03-31,花菜类,28.74,301.82,181.192,28.74,0.0,56,2,10.501739735560195,6.304523312456507,0.6657468320897166,0.0,3,3,0.7474332648870636
2021-03-31,茄类,21.649,192.79,133.74004,21.649,0.0,46,4,8.905261212989052,6.177654395122176,0.4415279074239846,0.0,3,3,0.7474332648870636
2021-03-31,辣椒类,59.255,482.5164,287.91448,59.255,0.0,173,9,8.143049531685088,4.858906083874778,0.6759018164004809,0.0,3,3,0.7474332648870636
2021-03-31,食用菌,45.089,338.807,211.56651,45.089,0.0,103,10,7.514183060169887,4.692197875313269,0.6014207541637855,0.0,3,3,0.7474332648870636
2021-04-01,水生根茎类,20.743,263.764,140.7477,20.743,0.0,25,4,12.715807742370922,6.785310707226535,0.8740199662232491,0.0,4,4,0.7501711156741958
2021-04-01,花叶类,159.915,1120.0096,761.13394,159.915,0.0,309,20,7.003780758527969,4.759615670825126,0.4715013234070209,0.0,4,4,0.7501711156741958
2021-04-01,花菜类,39.109,350.454,244.21368999999999,39.109,0.0,76,2,8.960955278836073,6.244437086092715,0.43503011645252143,0.0,4,4,0.7501711156741958
2021-04-01,茄类,20.604,191.844,130.59778,20.604,0.0,43,3,9.31100757134537,6.338467287905261,0.468968308649657,0.0,4,4,0.7501711156741958
2021-04-01,辣椒类,52.994,428.9616,260.51547,52.994,0.0,163,8,8.09453145639129,4.915942748235649,0.6465878206772135,0.0,4,4,0.7501711156741958
2021-04-01,食用菌,48.978,447.0582,284.37152,48.978,0.0,122,12,9.127734901384295,5.806107231818367,0.5720920294690552,0.0,4,4,0.7501711156741958
2021-04-02,水生根茎类,37.764,452.092,273.90656,37.764,0.0,49,4,11.97150725558733,7.253113017688804,0.650533671044607,0.0,5,4,0.7529089664613279
2021-04-02,花叶类,175.184,1198.7654,851.39519,175.184,0.0,356,23,6.8428931865923825,4.860005422869668,0.40800114221927886,0.0,5,4,0.7529089664613279
2021-04-02,花菜类,69.53,494.456,420.58732000000003,69.53,0.0,136,2,7.111405148856608,6.049005033798361,0.175632208788415,0.0,5,4,0.7529089664613279
2021-04-02,茄类,20.665,174.358,125.6304,20.665,0.0,45,4,8.437357851439632,6.079380595209291,0.38786472064086386,0.0,5,4,0.7529089664613279
2021-04-02,辣椒类,70.727,605.186,368.96737,70.727,0.0,223,8,8.556647390671172,5.21678241689878,0.6402155019832783,0.0,5,4,0.7529089664613279
2021-04-02,食用菌,71.484,615.1194,367.97429999999997,71.484,0.0,160,13,8.604994124559344,5.147645626993453,0.6716368507257167,0.0,5,4,0.7529089664613279
2021-04-03,水生根茎类,38.786,387.236,283.6566,38.786,0.0,50,3,9.983911720723972,7.313375960398083,0.3651577294517383,0.0,6,4,0.75564681724846
2021-04-03,花叶类,212.267,1581.0556,1031.65338,212.267,0.0,427,23,7.4484286299801665,4.860168467072131,0.5325453593725442,0.0,6,4,0.75564681724846
2021-04-03,花菜类,68.593,566.114,417.69072,68.593,0.0,132,2,8.253232837169973,6.0894073739302845,0.35534253669796634,0.0,6,4,0.75564681724846
2021-04-03,茄类,32.71,282.784,200.96578,32.71,0.0,67,3,8.645184958728217,6.143863650259859,0.4071251334431165,0.0,6,4,0.75564681724846
2021-04-03,辣椒类,100.32300000000001,881.2146,554.89259,100.32300000000001,0.0,336,8,8.783774408660028,5.531060574344866,0.5880813978791823,0.0,6,4,0.75564681724846
2021-04-03,食用菌,73.999,737.8234,430.58246,73.999,0.0,177,11,9.970721225962514,5.818760523790862,0.7135472726873269,0.0,6,4,0.75564681724846
2021-04-04,水生根茎类,33.95,339.334,247.96555,33.95,0.0,47,3,9.995110456553755,7.303845360824742,0.36847235432502634,0.0,7,4,0.758384668035592
2021-04-04,花叶类,192.021,1269.6168,772.43723,192.021,0.0,371,20,6.611864327339198,4.022670593320522,0.643650449111574,0.0,7,4,0.758384668035592
2021-04-04,花菜类,71.456,565.492,407.95783,71.456,0.0,148,2,7.913849081952529,5.709217280564263,0.3861530737135255,0.0,7,4,0.758384668035592
2021-04-04,茄类,22.976,196.462,132.99284,22.976,0.0,49,4,8.55074860724234,5.788337395543175,0.477237421202525,0.0,7,4,0.758384668035592
2021-04-04,辣椒类,88.244,685.071,426.07561,88.244,0.0,281,7,7.763372013961289,4.828380513122705,0.607862510599938,0.0,7,4,0.758384668035592
2021-04-04,食用菌,61.539,569.441,325.75986,61.539,0.0,155,11,9.253335283316272,5.293551406425194,0.7480391844470955,0.0,7,4,0.758384668035592
2021-04-05,水生根茎类,24.241,207.204,174.905,24.241,0.0,32,3,8.547667175446557,7.2152551462398415,0.184665961521969,0.0,1,4,0.7611225188227242
2021-04-05,花叶类,178.469,1196.6456,745.0008,178.469,0.0,347,21,6.70506138320941,4.174398915217769,0.6062339798829748,0.0,1,4,0.7611225188227242
2021-04-05,花菜类,59.759,578.29,399.91158,59.759,0.0,130,2,9.677036094981508,6.6920728258505,0.44604464816947775,0.0,1,4,0.7611225188227242
2021-04-05,茄类,16.492,141.056,97.20248,16.492,0.0,35,3,8.55299539170507,5.893917050691243,0.45115639024847964,0.0,1,4,0.7611225188227242
2021-04-05,辣椒类,112.577,679.9222,530.93827,112.577,0.0,321,7,6.039619105145811,4.716223296055144,0.2806049938724515,0.0,1,4,0.7611225188227242
2021-04-05,食用菌,68.049,567.784,342.63358,68.049,0.0,165,11,8.343752296139545,5.0351008831871145,0.657117203748681,0.0,1,4,0.7611225188227242
2021-04-06,水生根茎类,3.622,36.88,26.1477,3.622,0.0,7,2,10.182219768083932,7.219133075648813,0.4104491025979342,0.0,2,4,0.7638603696098563
2021-04-06,花叶类,51.363,298.9352,196.12558,51.363,0.0,93,19,5.820049451940113,3.8184214317699516,0.5242030131918538,0.0,2,4,0.7638603696098563
2021-04-06,花菜类,13.129999999999999,103.404,75.49268,13.129999999999999,0.0,31,2,7.875399847677076,5.749632901751713,0.3697222035301968,0.0,2,4,0.7638603696098563
2021-04-06,茄类,3.138,26.272,16.88014,3.138,0.0,6,3,8.37221159974506,5.379267049075845,0.5563851958573802,0.0,2,4,0.7638603696098563
2021-04-06,辣椒类,35.075,215.84640000000002,169.9924,35.075,0.0,96,7,6.153853171774768,4.846540270848182,0.2697414707951651,0.0,2,4,0.7638603696098563
2021-04-06,食用菌,11.671,124.30000000000001,77.87746,11.671,0.0,35,8,10.650329877474082,6.672732413674921,0.5960972533002491,0.0,2,4,0.7638603696098563
2021-04-07,水生根茎类,17.735,179.988,128.10089000000002,17.735,0.0,31,2,10.14874541866366,7.223055539892869,0.40504878615597417,0.0,3,4,0.7665982203969883
2021-04-07,花叶类,198.107,1341.5794,822.28918,198.107,0.0,354,19,6.771993922476238,4.150732583906676,0.6315177587524623,0.0,3,4,0.7665982203969883
2021-04-07,花菜类,26.939,212.655,162.98430000000002,26.939,0.0,58,2,7.893945580756524,6.050124355024315,0.3047575748093527,0.0,3,4,0.7665982203969883
2021-04-07,茄类,16.213,118.714,86.75452,16.213,0.0,38,3,7.32214889286375,5.350923333127737,0.36838979686591533,0.0,3,4,0.7665982203969883
2021-04-07,辣椒类,62.9,532.0066,317.11381,62.9,0.0,197,8,8.457974562798093,5.041555007949126,0.6776519445810323,0.0,3,4,0.7665982203969883
2021-04-07,食用菌,46.545,387.142,236.79857,46.545,0.0,115,13,8.317585132667311,5.087518960146095,0.6349000756212337,0.0,3,4,0.7665982203969883
2021-04-08,水生根茎类,9.582,104.72800000000001,68.92359,9.582,0.0,22,2,10.929659778751827,7.193027551659362,0.5194797601227679,0.0,4,4,0.7693360711841205
2021-04-08,花叶类,136.146,838.9802,520.91204,136.146,0.0,260,24,6.162356587780765,3.826128127157611,0.6105985954941644,0.0,4,4,0.7693360711841205
2021-04-08,花菜类,22.294,190.028,137.83416,22.294,0.0,51,2,8.523728357405579,6.182567506952543,0.3786712959980312,0.0,4,4,0.7693360711841205
2021-04-08,茄类,20.319,123.742,112.01886,20.319,0.0,48,2,6.089965057335499,5.513010482799351,0.10465326999399926,0.0,4,4,0.7693360711841205
2021-04-08,辣椒类,52.596000000000004,436.3612,278.53587,52.596000000000004,0.0,157,8,8.296471214541029,5.2957614647501705,0.5666247941423128,0.0,4,4,0.7693360711841205
2021-04-08,食用菌,35.491,314.012,185.93033,35.491,0.0,76,10,8.847651517286073,5.238802231551661,0.6888691586789524,0.0,4,4,0.7693360711841205
2021-04-09,水生根茎类,24.627,275.834,179.3649,24.627,0.0,30,3,11.200471027733789,7.283262273114874,0.5378371130583519,0.0,5,4,0.7720739219712526
2021-04-09,花叶类,140.613,974.0776,624.23727,140.613,0.0,274,22,6.927365179606437,4.439399415416782,0.5604284569551576,0.0,5,4,0.7720739219712526
2021-04-09,花菜类,51.978,399.163,327.68462,51.978,0.0,108,2,7.6794605409981145,6.304294509215437,0.21813162912559036,0.0,5,4,0.7720739219712526
2021-04-09,茄类,17.451,165.081,93.94073,17.451,0.0,38,3,9.45968712394705,5.3831144347028825,0.7572888777849605,0.0,5,4,0.7720739219712526
2021-04-09,辣椒类,54.274,450.1898,265.91885,54.274,0.0,161,8,8.294759921877878,4.899562405571729,0.6929593370308271,0.0,5,4,0.7720739219712526
2021-04-09,食用菌,31.401,323.211,202.13973,31.401,0.0,81,8,10.293016145982612,6.437366007451992,0.5989484105870726,0.0,5,4,0.7720739219712526
2021-04-10,水生根茎类,22.753,261.897,164.88864,22.753,0.0,36,3,11.510438183975738,7.246896672966202,0.5883265214632127,0.0,6,4,0.7748117727583846
2021-04-10,花叶类,204.156,1306.3310000000001,816.46435,204.156,0.0,367,19,6.3986902172848215,3.999217999960814,0.5999853514730926,0.0,6,4,0.7748117727583846
2021-04-10,花菜类,50.186,379.74,288.93624,50.186,0.0,104,2,7.566652054357789,5.757307615669709,0.31426919655353713,0.0,6,4,0.7748117727583846
2021-04-10,茄类,25.525,259.878,161.83326,25.525,0.0,53,4,10.181312438785504,6.340186483839373,0.6058380088246385,0.0,6,4,0.7748117727583846
2021-04-10,辣椒类,84.84,627.9862,404.65695,84.84,0.0,255,7,7.402006129184348,4.769648161244696,0.5518977247270807,0.0,6,4,0.7748117727583846
2021-04-10,食用菌,60.287,546.991,337.08618,60.287,0.0,147,9,9.073116924046644,5.591357672466701,0.6227037252016681,0.0,6,4,0.7748117727583846
2021-04-11,水生根茎类,22.196,258.365,161.5645,22.196,0.0,38,3,11.640160389259325,7.278991710218057,0.5991446140705414,0.0,7,4,0.7775496235455168
2021-04-11,花叶类,211.619,1424.2648,895.70408,211.619,0.0,420,18,6.730325726895978,4.232625992940142,0.5901064110370022,0.0,7,4,0.7775496235455168
2021-04-11,花菜类,47.112,325.418,254.23522,47.112,0.0,94,2,6.907327220241127,5.396400492443538,0.2799878789413992,0.0,7,4,0.7775496235455168
2021-04-11,茄类,24.902,253.232,156.93341,24.902,0.0,54,3,10.16914304071962,6.302040398361577,0.6136270791541456,0.0,7,4,0.7775496235455168
2021-04-11,辣椒类,94.326,686.7606,439.76885000000004,94.326,0.0,292,8,7.280713695057567,4.662223035006256,0.5616399387996669,0.0,7,4,0.7775496235455168
2021-04-11,食用菌,52.29,461.49,278.96894,52.29,0.0,127,9,8.825588066551923,5.335034232166762,0.6542701850607457,0.0,7,4,0.7775496235455168
2021-04-12,水生根茎类,4.178,46.268,29.75268,4.178,0.0,10,2,11.074198180947823,7.121273336524653,0.5550868022645357,0.0,1,4,0.7802874743326489
2021-04-12,花叶类,148.371,944.04,609.77403,148.371,0.0,270,17,6.362698910164385,4.109792547061083,0.548180069262707,0.0,1,4,0.7802874743326489
2021-04-12,花菜类,32.027,226.352,172.01707000000002,32.027,0.0,66,2,7.067536765853811,5.371001654853718,0.3158694076116979,0.0,1,4,0.7802874743326489
2021-04-12,茄类,10.203,86.994,67.47404999999999,10.203,0.0,21,2,8.526315789473685,6.613157894736841,0.28929566255471584,0.0,1,4,0.7802874743326489
2021-04-12,辣椒类,38.756,324.682,195.42486,38.756,0.0,134,8,8.377593146867582,5.042441428423986,0.6614160552552013,0.0,1,4,0.7802874743326489
2021-04-12,食用菌,43.328,334.1364,185.67976,43.328,0.0,90,12,7.711789143279172,4.285444977843427,0.7995305465711502,0.0,1,4,0.7802874743326489
2021-04-13,水生根茎类,5.553,57.598,41.00986,5.553,0.0,12,2,10.372411309202233,7.385171979110392,0.4044915052136242,0.0,2,4,0.783025325119781
2021-04-13,花叶类,127.207,778.0074,505.57376999999997,127.207,0.0,253,17,6.116073800970073,3.974417838640955,0.5388602933257396,0.0,2,4,0.783025325119781
2021-04-13,花菜类,28.593,195.392,133.72435000000002,28.593,0.0,62,2,6.833560661700416,4.676821249956284,0.4611549803756756,0.0,2,4,0.783025325119781
2021-04-13,茄类,13.4,111.888,80.98388,13.4,0.0,28,4,8.349850746268658,6.043573134328358,0.38160829044002353,0.0,2,4,0.783025325119781
2021-04-13,辣椒类,51.48,343.67740000000003,233.99676,51.48,0.0,141,9,6.675940170940172,4.545391608391609,0.46872717382924467,0.0,2,4,0.783025325119781
2021-04-13,食用菌,40.041,273.639,165.16849,40.041,0.0,84,10,6.833970180564922,4.124984141255213,0.6567264131312216,0.0,2,4,0.783025325119781
2021-04-14,水生根茎类,19.197,214.15800000000002,141.53735,19.197,0.0,30,3,11.15580559462416,7.372888993071834,0.5130847087358921,0.0,3,4,0.785763175906913
2021-04-14,花叶类,151.83,836.6424,523.57668,151.83,0.0,265,21,5.5103892511361385,3.4484402292037144,0.5979367148284755,0.0,3,4,0.785763175906913
2021-04-14,花菜类,30.12,205.605,139.59315,30.12,0.0,66,2,6.826195219123505,4.63456673306773,0.47288745901929974,0.0,3,4,0.785763175906913
2021-04-14,茄类,18.975,161.502,120.02483000000001,18.975,0.0,44,3,8.511304347826087,6.325419235836627,0.34557157881415046,0.0,3,4,0.785763175906913
2021-04-14,辣椒类,47.052,365.0338,243.29151,47.052,0.0,145,8,7.758093173510159,5.170694338179036,0.500396787376592,0.0,3,4,0.785763175906913
2021-04-14,食用菌,41.387,330.4028,204.1187,41.387,0.0,94,11,7.983250779230193,4.931952062241766,0.6186797192026015,0.0,3,4,0.785763175906913
2021-04-15,水生根茎类,17.098,187.468,124.56924,17.098,0.0,25,3,10.964323312668148,7.285602994502281,0.5049301095519245,0.0,4,4,0.7885010266940452
2021-04-15,花叶类,130.081,742.2238,457.54397,130.081,0.0,225,20,5.705858657298146,3.5173774033102454,0.622191196181648,0.0,4,4,0.7885010266940452
2021-04-15,花菜类,27.05,171.954,115.07749999999999,27.05,0.0,58,2,6.356894639556377,4.254251386321626,0.4942451825943388,0.0,4,4,0.7885010266940452
2021-04-15,茄类,12.151,109.578,70.63423,12.151,0.0,29,4,9.018023207966422,5.813038433050778,0.5513441570751176,0.0,4,4,0.7885010266940452
2021-04-15,辣椒类,44.413,355.7934,238.83705,44.413,0.0,138,7,8.011019296152028,5.377638304100151,0.4896909838737331,0.0,4,4,0.7885010266940452
2021-04-15,食用菌,39.167,383.98220000000003,237.88238,39.167,0.0,99,11,9.803717415170935,6.073540991140501,0.6141683129284314,0.0,4,4,0.7885010266940452
2021-04-16,水生根茎类,19.018,213.454,136.5017,19.018,0.0,28,3,11.223787990324956,7.177500262908823,0.563746092539507,0.0,5,4,0.7912388774811773
2021-04-16,花叶类,130.808,701.8084,436.02414,130.808,0.0,240,20,5.365179499724788,3.333314017491285,0.6095631769378642,0.0,5,4,0.7912388774811773
2021-04-16,花菜类,40.232,217.8486,139.10210999999998,40.232,0.0,79,2,5.414809107178366,3.4574992543249152,0.5661056471393571,0.0,5,4,0.7912388774811773
2021-04-16,茄类,15.371,137.131,85.12985,15.371,0.0,34,4,8.921410448246698,5.538341682388914,0.6108450796048623,0.0,5,4,0.7912388774811773
2021-04-16,辣椒类,62.197,482.3854,321.2813,62.197,0.0,180,9,7.755766355290448,5.16554335418107,0.5014425053683487,0.0,5,4,0.7912388774811773
2021-04-16,食用菌,44.191,340.1326,204.82148,44.191,0.0,85,11,7.6968749292842435,4.634913896494761,0.660629539440883,0.0,5,4,0.7912388774811773
2021-04-17,水生根茎类,35.302,410.044,256.05288,35.302,0.0,45,3,11.615319245368534,7.253211716050083,0.6014035850719583,0.0,6,4,0.7939767282683093
2021-04-17,花叶类,194.951,1138.454,705.05686,194.951,0.0,371,20,5.839693051074373,3.6165849880226317,0.6146981393812692,0.0,6,4,0.7939767282683093
2021-04-17,花菜类,77.636,455.0196,306.47596,77.636,0.0,153,2,5.860935648410532,3.9476011128857746,0.4846828442922573,0.0,6,4,0.7939767282683093
2021-04-17,茄类,20.407,172.24,105.17312,20.407,0.0,41,4,8.440241093742344,5.15377664526878,0.6376808066547803,0.0,6,4,0.7939767282683093
2021-04-17,辣椒类,27.471,248.82840000000002,156.30097,27.471,0.0,116,8,9.057857376870155,5.6896716537439485,0.5919824425913673,0.0,6,4,0.7939767282683093
2021-04-17,食用菌,70.81700000000001,565.912,373.73783,70.81700000000001,0.0,157,13,7.991188556420068,5.277515709504779,0.5141951244271956,0.0,6,4,0.7939767282683093
2021-04-18,水生根茎类,22.237,253.65800000000002,161.562,22.237,0.0,29,3,11.407024328821336,7.265458470117373,0.5700350329904309,0.0,7,4,0.7967145790554415
2021-04-18,花叶类,194.451,1123.6348,703.93083,194.451,0.0,368,20,5.778498439195479,3.620093648271287,0.5962289931242251,0.0,7,4,0.7967145790554415
2021-04-18,花菜类,48.315,285.003,191.61972,48.315,0.0,98,2,5.8988512884197455,3.96605029493946,0.4873364808173186,0.0,7,4,0.7967145790554415
2021-04-18,茄类,28.972,233.424,145.59361,28.972,0.0,67,4,8.056882507248378,5.0253213447466525,0.6032571759158936,0.0,7,4,0.7967145790554415
2021-04-18,辣椒类,118.063,789.4888,542.01496,118.063,0.0,306,8,6.687012866012213,4.5908960470257405,0.45658119842301015,0.0,7,4,0.7967145790554415
2021-04-18,食用菌,56.607,425.227,279.77771,56.607,0.0,148,13,7.51191548748388,4.942457823237409,0.5198744746320212,0.0,7,4,0.7967145790554415
2021-04-19,水生根茎类,12.658,143.086,91.37382000000001,12.658,0.0,20,3,11.303997471954496,7.218661715910887,0.5659408789082037,0.0,1,4,0.7994524298425736
2021-04-19,花叶类,134.781,762.6614,485.30347,134.781,0.0,257,20,5.658523085598118,3.6006816242645474,0.571514417566394,0.0,1,4,0.7994524298425736
2021-04-19,花菜类,25.092,129.3288,89.98908,25.092,0.0,45,2,5.154184600669536,3.58636537541846,0.43716104220645446,0.0,1,4,0.7994524298425736
2021-04-19,茄类,17.311,139.056,88.458,17.311,0.0,39,4,8.032811507134193,5.109930102247126,0.5720002713152008,0.0,1,4,0.7994524298425736
2021-04-19,辣椒类,46.927,342.472,222.11372,46.927,0.0,135,8,7.29797344812155,4.733175357470113,0.5418768367843283,0.0,1,4,0.7994524298425736
2021-04-19,食用菌,36.293,352.4806,225.82062,36.293,0.0,103,11,9.71208221971179,6.222153583335629,0.5608875752798839,0.0,1,4,0.7994524298425736
2021-04-20,水生根茎类,12.167,126.24,86.8503,12.167,0.0,20,3,10.375606147776773,7.138185255198488,0.4535355663711005,0.0,2,4,0.8021902806297057
2021-04-20,花叶类,146.004,815.4694,525.25102,146.004,0.0,298,19,5.585253828662228,3.597511164077697,0.5525327299697578,0.0,2,4,0.8021902806297057
2021-04-20,花菜类,30.338,168.8158,123.13166000000001,30.338,0.0,60,2,5.564499967038038,4.058661085107786,0.3710186316013282,0.0,2,4,0.8021902806297057
2021-04-20,茄类,16.233999999999998,125.125,80.27931000000001,16.233999999999998,0.0,30,4,7.707589010718246,4.945134286066282,0.5586207704077175,0.0,2,4,0.8021902806297057
2021-04-20,辣椒类,64.062,463.9896,296.10016,64.062,0.0,203,8,7.242821017139646,4.622087352876901,0.567002192771527,0.0,2,4,0.8021902806297057
2021-04-20,食用菌,37.651,339.8522,229.79827,37.651,0.0,102,10,9.02637911343656,6.103377599532548,0.4789153982751915,0.0,2,4,0.8021902806297057
2021-04-21,水生根茎类,13.078,132.784,93.03936,13.078,0.0,24,2,10.153234439516746,7.114188713870623,0.4271809264380151,0.0,3,4,0.8049281314168378
2021-04-21,花叶类,182.939,849.032,542.63873,182.939,0.0,323,18,4.641066147732305,2.9662277043167395,0.5646358305460433,0.0,3,4,0.8049281314168378
2021-04-21,花菜类,49.748,234.094,157.75495999999998,49.748,0.0,95,2,4.705596204872558,3.171081450510573,0.4839089686942335,0.0,3,4,0.8049281314168378
2021-04-21,茄类,26.622,181.548,127.62610000000001,26.622,0.0,55,3,6.8194726166328605,4.79400871459695,0.42249900294688936,0.0,3,4,0.8049281314168378
2021-04-21,辣椒类,50.684,372.6184,232.55932,50.684,0.0,157,7,7.351795438402652,4.588416857390893,0.60225098697399,0.0,3,4,0.8049281314168378
2021-04-21,食用菌,29.198,251.0782,166.16825,29.198,0.0,72,11,8.599157476539489,5.691083293376258,0.5109878090429429,0.0,3,4,0.8049281314168378
2021-04-22,水生根茎类,11.64,119.05799999999999,82.45242,11.64,0.0,19,2,10.228350515463916,7.083541237113402,0.44396004386529797,0.0,4,4,0.8076659822039699
2021-04-22,花叶类,150.806,786.2776,505.18151,150.806,0.0,289,18,5.213834993302654,3.349876729042611,0.5564259269900833,0.0,4,4,0.8076659822039699
2021-04-22,花菜类,34.615,155.3174,100.93188,34.615,0.0,72,2,4.4869969666329625,2.9158422649140547,0.5388339145173953,0.0,4,4,0.8076659822039699
2021-04-22,茄类,15.227,110.6084,67.48594,15.227,0.0,36,4,7.2639653247520855,4.431991856570566,0.6389843573342833,0.0,4,4,0.8076659822039699
2021-04-22,辣椒类,47.905,375.7154,219.7427,47.905,0.0,147,8,7.842926625613193,4.58705145600668,0.7097969579876828,0.0,4,4,0.8076659822039699
2021-04-22,食用菌,40.04,246.313,157.95275,40.04,0.0,81,12,6.151673326673326,3.9448738761238764,0.559409380336841,0.0,4,4,0.8076659822039699
2021-04-23,水生根茎类,10.413,104.13,73.73060000000001,10.413,0.0,19,2,10.0,7.080629981753578,0.4123037110778969,0.0,5,4,0.810403832991102
2021-04-23,花叶类,156.392,812.8268,521.44179,156.392,0.0,310,17,5.197368151823623,3.3341973374597167,0.5588064009982783,0.0,5,4,0.810403832991102
2021-04-23,花菜类,47.035000000000004,216.0528,174.75997999999998,47.035000000000004,0.0,94,2,4.593447432762836,3.7155305623471877,0.23628304374949005,0.0,5,4,0.810403832991102
2021-04-23,茄类,27.427,187.599,123.49177999999999,27.427,0.0,56,4,6.8399387464906845,4.502562438473038,0.5191213536641872,0.0,5,4,0.810403832991102
2021-04-23,辣椒类,53.397,440.9288,262.42401,53.397,0.0,145,9,8.257557540685807,4.914583403561998,0.6802151601905635,0.0,5,4,0.810403832991102
2021-04-23,食用菌,48.009,418.0328,258.35405,48.009,0.0,111,14,8.707384032160636,5.381367035347538,0.6180617257596699,0.0,5,4,0.810403832991102
2021-04-24,水生根茎类,17.178,171.78,121.55740000000002,17.178,0.0,22,2,10.0,7.076341832576552,0.4131595443798566,0.0,6,4,0.813141683778234
2021-04-24,花叶类,264.803,1347.0164,849.44534,264.803,0.0,519,21,5.086862308961757,3.207838808472714,0.5857599501340487,0.0,6,4,0.813141683778234
2021-04-24,花菜类,107.309,365.8678,288.58669,107.309,0.0,164,2,3.4094791676373837,2.6893055568498445,0.26779166426559753,0.0,6,4,0.813141683778234
2021-04-24,茄类,37.796,255.6886,175.48060999999998,37.796,0.0,83,4,6.764964546512859,4.6428354852365326,0.4570760837906822,0.0,6,4,0.813141683778234
2021-04-24,辣椒类,102.501,796.399,524.13695,102.501,0.0,314,8,7.769670539799612,5.113481331889444,0.5194483044937017,0.0,6,4,0.813141683778234
2021-04-24,食用菌,78.6,692.8226,440.78152,78.6,0.0,181,12,8.814536895674301,5.60790737913486,0.5718050067071778,0.0,6,4,0.813141683778234
2021-04-25,水生根茎类,11.454,114.53999999999999,81.77850000000001,11.454,0.0,17,2,9.999999999999998,7.139732844421164,0.40061263045910556,0.0,7,4,0.8158795345653662
2021-04-25,花叶类,221.785,1119.8696,716.27592,221.785,0.0,387,20,5.0493477917803276,3.2295958698739775,0.5634611868565955,0.0,7,4,0.8158795345653662
2021-04-25,花菜类,94.264,323.828,218.20574000000002,94.264,0.0,169,2,3.4353305609776794,2.314836416871765,0.48404895306603724,0.0,7,4,0.8158795345653662
2021-04-25,茄类,24.708000000000002,190.9974,112.14077,24.708000000000002,0.0,49,4,7.730184555609519,4.538642140197506,0.7031932275835098,0.0,7,4,0.8158795345653662
2021-04-25,辣椒类,71.047,588.547,362.07657,71.047,0.0,222,8,8.283910650696019,5.096296395343927,0.6254766222514758,0.0,7,4,0.8158795345653662
2021-04-25,食用菌,37.692,283.6522,178.3227,37.692,0.0,89,9,7.525527963493579,4.731049028971665,0.5906679295457058,0.0,7,4,0.8158795345653662
2021-04-26,水生根茎类,11.871,122.95,82.14280000000001,11.871,0.0,24,2,10.35717294246483,6.919619240165109,0.49678364993645197,0.0,1,4,0.8186173853524983
2021-04-26,花叶类,151.258,744.8266,487.64889999999997,151.258,0.0,284,20,4.92421293419191,3.2239544354678755,0.5273829183250491,0.0,1,4,0.8186173853524983
2021-04-26,花菜类,43.118,151.9592,102.70844,43.118,0.0,70,2,3.5242636485922354,2.3820316341203207,0.47952008617792297,0.0,1,4,0.8186173853524983
2021-04-26,茄类,12.618,101.5602,58.12068,12.618,0.0,28,4,8.048834997622443,4.606172135045173,0.7474021295002053,0.0,1,4,0.8186173853524983
2021-04-26,辣椒类,60.716,485.172,299.15645,60.716,0.0,197,8,7.9908426115027344,4.927143586534028,0.6218002319522109,0.0,1,4,0.8186173853524983
2021-04-26,食用菌,37.392,290.8746,179.18098,37.392,0.0,84,11,7.779059691912708,4.791960312366282,0.6233564522305881,0.0,1,4,0.8186173853524983
2021-04-27,水生根茎类,9.127,91.904,65.54322,9.127,0.0,16,2,10.069464227018734,7.181244658704942,0.4021892729713308,0.0,2,4,0.8213552361396304
2021-04-27,花叶类,135.216,640.3558,395.03772,135.216,0.0,235,19,4.735799017867708,2.9215308839190626,0.6209991288933121,0.0,2,4,0.8213552361396304
2021-04-27,花菜类,26.49,96.8418,71.54603999999999,26.49,0.0,55,2,3.655787089467724,2.7008697621744053,0.353559190697347,0.0,2,4,0.8213552361396304
2021-04-27,茄类,24.32,179.2374,114.41278,24.32,0.0,51,4,7.369958881578947,4.704472861842105,0.5665854810974789,0.0,2,4,0.8213552361396304
2021-04-27,辣椒类,50.15,391.897,251.65377,50.15,0.0,163,8,7.814496510468595,5.0180213359920245,0.5572864257110075,0.0,2,4,0.8213552361396304
2021-04-27,食用菌,26.08,237.571,148.81639,26.08,0.0,77,9,9.109317484662578,5.706149923312885,0.5964034606672017,0.0,2,4,0.8213552361396304
2021-04-28,水生根茎类,7.359,76.344,52.50285,7.359,0.0,16,2,10.37423562984101,7.134508764777824,0.4540924921218561,0.0,3,4,0.8240930869267625
2021-04-28,花叶类,125.785,609.4352,397.69498,125.785,0.0,242,20,4.8450546567555755,3.161704336765115,0.5324186390283328,0.0,3,4,0.8240930869267625
2021-04-28,花菜类,29.405,132.7064,75.30033999999999,29.405,0.0,59,2,4.513055602788642,2.5608005441251485,0.7623612323662818,0.0,3,4,0.8240930869267625
2021-04-28,茄类,27.487000000000002,207.48760000000001,140.83053,27.487000000000002,0.0,52,4,7.5485720522428785,5.123532215229018,0.4733140605236661,0.0,3,4,0.8240930869267625
2021-04-28,辣椒类,47.189,382.688,243.41782,47.189,0.0,159,7,8.10968657949946,5.158359363410964,0.5721445537553496,0.0,3,4,0.8240930869267625
2021-04-28,食用菌,32.789,315.888,194.11648,32.789,0.0,81,12,9.633962609411691,5.92017078898411,0.627311601776418,0.0,3,4,0.8240930869267625
2021-04-29,水生根茎类,8.818,92.688,62.58800000000001,8.818,0.0,19,2,10.511227035608982,7.097754592878205,0.48092286061225775,0.0,4,4,0.8268309377138946
2021-04-29,花叶类,128.457,596.4934000000001,372.3849,128.457,0.0,261,20,4.643525849116826,2.8989070272542565,0.6018195152381316,0.0,4,4,0.8268309377138946
2021-04-29,花菜类,33.858,136.6938,100.08075000000001,33.858,0.0,65,2,4.037267410951622,2.9558966861598446,0.3658350881663057,0.0,4,4,0.8268309377138946
2021-04-29,茄类,15.705,123.4332,82.60598,15.705,0.0,32,4,7.859484240687679,5.259852276345113,0.4942404896110426,0.0,4,4,0.8268309377138946
2021-04-29,辣椒类,54.543,425.583,279.34746,54.543,0.0,152,8,7.80270612177548,5.121600572025741,0.5234897786434141,0.0,4,4,0.8268309377138946
2021-04-29,食用菌,30.748,261.0086,161.35894,30.748,0.0,83,11,8.488636659294913,5.247786522700663,0.6175651624880532,0.0,4,4,0.8268309377138946
2021-04-30,水生根茎类,14.856,152.616,104.30652,14.856,0.0,22,2,10.27302100161551,7.0211712439418426,0.4631491876059137,0.0,5,4,0.8295687885010267
2021-04-30,花叶类,136.111,676.3816,438.29602,136.111,0.0,265,19,4.969338260684295,3.220136653172778,0.5432072597875748,0.0,5,4,0.8295687885010267
2021-04-30,花菜类,38.125,150.3458,132.53476,38.125,0.0,75,2,3.943496393442623,3.476321573770492,0.13438768818082125,0.0,5,4,0.8295687885010267
2021-04-30,茄类,26.786,229.9156,134.00569000000002,26.786,0.0,49,4,8.58342417680878,5.002825729858881,0.7157152058244689,0.0,5,4,0.8295687885010267
2021-04-30,辣椒类,52.865,484.578,295.99515,52.865,0.0,154,8,9.166329329424004,5.599075948169867,0.6371146621828092,0.0,5,4,0.8295687885010267
2021-04-30,食用菌,34.021,279.8946,168.29742,34.021,0.0,67,12,8.227112665706477,4.946868698744892,0.6630950135777487,0.0,5,4,0.8295687885010267
2021-05-01,水生根茎类,18.075,183.172,128.55359,18.075,0.0,29,2,10.133997233748271,7.112231811894883,0.42486880374169234,0.0,6,5,0.8323066392881588
2021-05-01,花叶类,171.826,890.2396,580.06768,171.826,0.0,321,20,5.181052925634072,3.3759016679664313,0.5347167764975287,0.0,6,5,0.8323066392881588
2021-05-01,花菜类,57.443,269.28000000000003,171.37311,57.443,0.0,106,2,4.687777448949394,2.983359330118552,0.5713083575363722,0.0,6,5,0.8323066392881588
2021-05-01,茄类,19.976,168.807,99.98773,19.976,0.0,39,4,8.450490588706447,5.005392971565879,0.688277151606502,0.0,6,5,0.8323066392881588
2021-05-01,辣椒类,77.396,698.937,433.07937,77.396,0.0,238,8,9.030660499250608,5.5956298775130495,0.6138773823375612,0.0,6,5,0.8323066392881588
2021-05-01,食用菌,50.81,471.3142,296.2087,50.81,0.0,120,10,9.27601259594568,5.829732336154301,0.5911558303317896,0.0,6,5,0.8323066392881588
2021-05-02,水生根茎类,17.439,178.264,123.00396,17.439,0.0,25,2,10.222145765238833,7.053383794942371,0.4492541540939008,0.0,7,5,0.8350444900752909
2021-05-02,花叶类,198.544,1065.5776,696.95727,198.544,0.0,378,19,5.366959464904505,3.5103416371182203,0.5288994689731841,0.0,7,5,0.8350444900752909
2021-05-02,花菜类,36.466,180.8418,106.22039000000001,36.466,0.0,70,2,4.9591893818899795,2.9128610212252513,0.7025149314552503,0.0,7,5,0.8350444900752909
2021-05-02,茄类,22.784,166.1028,123.45658,22.784,0.0,48,4,7.290326544943821,5.418564782303371,0.34543496993031875,0.0,7,5,0.8350444900752909
2021-05-02,辣椒类,80.42,765.947,447.33027,80.42,0.0,261,8,9.524334742601344,5.562425640387963,0.7122628432902607,0.0,7,5,0.8350444900752909
2021-05-02,食用菌,45.609,418.017,260.71912,45.609,0.0,105,9,9.165230546602643,5.716396325286675,0.6033231471477811,0.0,7,5,0.8350444900752909
2021-05-03,水生根茎类,18.743000000000002,189.584,133.51719,18.743000000000002,0.0,28,2,10.114922904551031,7.123576268473562,0.41992203400925376,0.0,1,5,0.837782340862423
2021-05-03,花叶类,226.265,1100.4112,730.24046,226.265,0.0,424,19,4.863373478001459,3.2273681744856697,0.5069162286625422,0.0,1,5,0.837782340862423
2021-05-03,花菜类,37.613,192.054,107.83706,37.613,0.0,80,2,5.106053758009199,2.8670156594794354,0.7809647258558421,0.0,1,5,0.837782340862423
2021-05-03,茄类,25.175,213.0582,130.33144000000001,25.175,0.0,52,4,8.463086395233367,5.177018470705065,0.6347413947087517,0.0,1,5,0.837782340862423
2021-05-03,辣椒类,83.419,798.7620000000001,474.03269,83.419,0.0,248,9,9.57530059099246,5.682550617964733,0.6850356881505366,0.0,1,5,0.837782340862423
2021-05-03,食用菌,54.995,405.065,247.90168,54.995,0.0,118,7,7.3654877716156015,4.507713064824075,0.6339744046914084,0.0,1,5,0.837782340862423
2021-05-04,水生根茎类,8.799,90.276,63.38709,8.799,0.0,15,2,10.259802250255712,7.203897033753836,0.42420167892231686,0.0,2,5,0.840520191649555
2021-05-04,花叶类,200.985,1066.0246,705.76431,200.985,0.0,404,19,5.3040007960793085,3.511527278155086,0.5104541061306993,0.0,2,5,0.840520191649555
2021-05-04,花菜类,37.838,178.5666,103.07858,37.838,0.0,84,2,4.71923991754321,2.7242079391088323,0.7323346906796737,0.0,2,5,0.840520191649555
2021-05-04,茄类,18.032,146.0018,79.8877,18.032,0.0,38,4,8.096816770186335,4.430329414374445,0.8275879766221832,0.0,2,5,0.840520191649555
2021-05-04,辣椒类,43.846,492.674,297.64002999999997,43.846,0.0,155,8,11.23646398759294,6.788305204579665,0.6552679422858547,0.0,2,5,0.840520191649555
2021-05-04,食用菌,42.643,398.7894,254.20747,42.643,0.0,109,8,9.351813896770865,5.961294233520156,0.5687556309812611,0.0,2,5,0.840520191649555
2021-05-05,水生根茎类,15.352,159.05,109.56665,15.352,0.0,27,2,10.360213652944243,7.1369626107347575,0.45162784478671214,0.0,3,5,0.8432580424366872
2021-05-05,花叶类,200.391,990.7908,649.78242,200.391,0.0,403,20,4.944287917122026,3.2425728700390737,0.5248039489895711,0.0,3,5,0.8432580424366872
2021-05-05,花菜类,34.156,173.078,108.70072,34.156,0.0,87,2,5.067279540929851,3.1824780419252843,0.5922433632454318,0.0,3,5,0.8432580424366872
2021-05-05,茄类,17.339,135.448,74.47315,17.339,0.0,37,4,7.811753849702983,4.295123709556492,0.8187494419129577,0.0,3,5,0.8432580424366872
2021-05-05,辣椒类,72.08,740.2114,493.95499,72.08,0.0,228,8,10.269303551609324,6.85287167036626,0.4985401807561456,0.0,3,5,0.8432580424366872
2021-05-05,食用菌,60.989,704.9932,456.91828,60.989,0.0,161,10,11.559350046729739,7.491814589516142,0.5429306089482784,0.0,3,5,0.8432580424366872
2021-05-06,水生根茎类,5.992,62.32599999999999,42.51684,5.992,0.0,12,2,10.401535380507342,7.095600801068091,0.4659132710709448,0.0,4,5,0.8459958932238193
2021-05-06,花叶类,148.875,808.9754,545.30923,148.875,0.0,319,20,5.4339237615449205,3.662866364399664,0.48351679284797755,0.0,4,5,0.8459958932238193
2021-05-06,花菜类,21.199,125.636,87.43221,21.199,0.0,52,2,5.926505967262606,4.124355394122364,0.43695326928142375,0.0,4,5,0.8459958932238193
2021-05-06,茄类,22.682,185.983,110.96574,22.682,0.0,49,4,8.199585574464333,4.892237897892603,0.6760398299511181,0.0,4,5,0.8459958932238193
2021-05-06,辣椒类,61.973,508.4576,411.28396999999995,61.973,0.0,206,8,8.2045019605312,6.636502509157213,0.2362689457602738,0.0,4,5,0.8459958932238193
2021-05-06,食用菌,30.192,316.356,195.43970000000002,30.192,0.0,91,8,10.478139904610492,6.473228007419184,0.6186885264355193,0.0,4,5,0.8459958932238193
2021-05-07,水生根茎类,6.436,68.434,45.34107,6.436,0.0,15,2,10.633001864512119,7.0449145431945315,0.5093159468887698,0.0,5,5,0.8487337440109514
2021-05-07,花叶类,147.508,706.4214,445.90741,147.508,0.0,300,20,4.789037882691107,3.02293712883369,0.5842333725739159,0.0,5,5,0.8487337440109514
2021-05-07,花菜类,26.046,144.947,98.22301999999999,26.046,0.0,58,2,5.565038777547416,3.771136450894571,0.47569276530084315,0.0,5,5,0.8487337440109514
2021-05-07,茄类,20.724,144.955,106.69709999999999,20.724,0.0,43,4,6.994547384674774,5.148480023161551,0.35856550927813435,0.0,5,5,0.8487337440109514
2021-05-07,辣椒类,73.962,578.2816,444.42913,73.962,0.0,213,8,7.81863118898894,6.008884697547389,0.30117843535593636,0.0,5,5,0.8487337440109514
2021-05-07,食用菌,32.869,260.2006,156.68191000000002,32.869,0.0,79,10,7.916291946819191,4.766859654994068,0.6606933116911835,0.0,5,5,0.8487337440109514
2021-05-08,水生根茎类,11.457,119.76400000000001,81.99697,11.457,0.0,25,2,10.453347298594746,7.156932006633499,0.4605905559681047,0.0,6,5,0.8514715947980835
2021-05-08,花叶类,160.786,817.532,532.85686,160.786,0.0,326,19,5.0845969176420835,3.3140749816526314,0.5342431736733202,0.0,6,5,0.8514715947980835
2021-05-08,花菜类,28.122,155.276,97.51408,28.122,0.0,61,2,5.521513405874405,3.467537159519238,0.5923444081100904,0.0,6,5,0.8514715947980835
2021-05-08,茄类,14.241,114.115,78.60958,14.241,0.0,32,4,8.013131100344077,5.519948037356927,0.45166785015261524,0.0,6,5,0.8514715947980835
2021-05-08,辣椒类,69.529,569.704,431.16874,69.529,0.0,230,9,8.19376087675646,6.2012791784722925,0.32130172516681044,0.0,6,5,0.8514715947980835
2021-05-08,食用菌,32.523,282.526,190.38557,32.523,0.0,90,9,8.686959997540201,5.853874796298004,0.483967508672007,0.0,6,5,0.8514715947980835
2021-05-09,水生根茎类,21.145,286.11,206.1472,21.145,0.0,31,3,13.530858358950107,9.749217309056515,0.3878917588984958,0.0,7,5,0.8542094455852156
2021-05-09,花叶类,216.668,1128.83,688.58091,216.668,0.0,446,20,5.209952554138128,3.178046181254269,0.6393570945787619,0.0,7,5,0.8542094455852156
2021-05-09,花菜类,37.443,209.252,128.86073000000002,37.443,0.0,77,2,5.588547926181129,3.441517239537431,0.6238616683298317,0.0,7,5,0.8542094455852156
2021-05-09,茄类,30.75,214.354,157.73019,30.75,0.0,67,4,6.970861788617887,5.129437073170731,0.35899157922779423,0.0,7,5,0.8542094455852156
2021-05-09,辣椒类,95.075,743.149,518.06505,95.075,0.0,304,8,7.816450170917697,5.449014462266632,0.43447043957124687,0.0,7,5,0.8542094455852156
2021-05-09,食用菌,44.07,437.3044,276.37673,44.07,0.0,123,11,9.922949852507374,6.2713122305423195,0.582276481815238,0.0,7,5,0.8542094455852156
2021-05-10,水生根茎类,8.06,113.40599999999999,81.09034,8.06,0.0,13,3,14.070223325062033,10.06083622828784,0.39851429899048396,0.0,1,5,0.8569472963723477
2021-05-10,花叶类,157.721,646.5558,458.69973999999996,157.721,0.0,323,17,4.09936406692831,2.9082984510623184,0.40954036729996846,0.0,1,5,0.8569472963723477
2021-05-10,花菜类,30.866,169.933,101.55971,30.866,0.0,64,2,5.505507678351584,3.2903424480010366,0.67323242652032,0.0,1,5,0.8569472963723477
2021-05-10,茄类,24.956,172.118,124.3354,24.956,0.0,48,4,6.896858470908799,4.982184644975157,0.3843040678680405,0.0,1,5,0.8569472963723477
2021-05-10,辣椒类,60.825,430.027,298.36067,60.825,0.0,193,9,7.06990546650226,4.905230908343609,0.44129921681701534,0.0,1,5,0.8569472963723477
2021-05-10,食用菌,26.427,243.216,154.87285,26.427,0.0,73,8,9.203314791690318,5.860402240133197,0.5704237379243684,0.0,1,5,0.8569472963723477
2021-05-11,水生根茎类,8.963000000000001,119.33,87.63372,8.963000000000001,0.0,17,3,13.313622670980697,9.777275465803859,0.36169045431370495,0.0,2,5,0.8596851471594799
2021-05-11,花叶类,189.86,730.438,487.3106,189.86,0.0,378,17,3.847245338670599,2.5666838723269776,0.4989167073320384,0.0,2,5,0.8596851471594799
2021-05-11,花菜类,27.768,154.377,92.19981,27.768,0.0,59,2,5.559528954191876,3.320361927398444,0.674374383201007,0.0,2,5,0.8596851471594799
2021-05-11,茄类,26.533,167.1336,119.57095000000001,26.533,0.0,55,4,6.299084159348736,4.506499453510723,0.3977776374612729,0.0,2,5,0.8596851471594799
2021-05-11,辣椒类,46.524,333.3232,224.18556,46.524,0.0,126,8,7.164543031553606,4.818707763734847,0.48681833031529753,0.0,2,5,0.8596851471594799
2021-05-11,食用菌,29.579,274.0144,172.98295,29.579,0.0,92,9,9.263815544812198,5.848167618918827,0.5840543822382496,0.0,2,5,0.8596851471594799
2021-05-12,水生根茎类,6.081,70.71,51.02192,6.081,0.0,10,3,11.62802170695609,8.390383160664364,0.38587493375396287,0.0,3,5,0.8624229979466119
2021-05-12,花叶类,182.519,765.7536,478.13729,182.519,0.0,364,21,4.19547334798021,2.619657624685649,0.6015349900862155,0.0,3,5,0.8624229979466119
2021-05-12,花菜类,19.252,108.703,65.72645,19.252,0.0,45,2,5.646322460004156,3.414006337003948,0.6538699412489188,0.0,3,5,0.8624229979466119
2021-05-12,茄类,19.247,109.28,75.06364,19.247,0.0,38,4,5.67776796383852,3.900017665090664,0.4558313452425167,0.0,3,5,0.8624229979466119
2021-05-12,辣椒类,42.616,327.2694,212.43985,42.616,0.0,119,7,7.6794959639572,4.98497864651774,0.540527353978079,0.0,3,5,0.8624229979466119
2021-05-12,食用菌,31.02,244.488,148.89704,31.02,0.0,84,9,7.881624758220503,4.800033526756931,0.641993689061918,0.0,3,5,0.8624229979466119
2021-05-13,水生根茎类,14.949,179.19,123.03152,14.949,0.0,28,3,11.986754966887418,8.230083617633287,0.4564560366319135,0.0,4,5,0.865160848733744
2021-05-13,花叶类,126.864,615.9174,365.85725,126.864,0.0,247,18,4.854942300416194,2.8838539696052465,0.6834910337296856,0.0,4,5,0.865160848733744
2021-05-13,花菜类,24.095,156.497,86.01733,24.095,0.0,47,2,6.4949989624403415,3.5699244656567757,0.8193659347482654,0.0,4,5,0.865160848733744
2021-05-13,茄类,20.687,124.9306,76.75786,20.687,0.0,35,4,6.039087349543191,3.710439406390486,0.6275935780387834,0.0,4,5,0.865160848733744
2021-05-13,辣椒类,47.949,376.6764,265.03983999999997,47.949,0.0,140,9,7.855771757492336,5.527536340695321,0.4212067136774611,0.0,4,5,0.865160848733744
2021-05-13,食用菌,29.537,294.9,184.66643,29.537,0.0,86,9,9.984087754342012,6.252037444561059,0.5969334545537053,0.0,4,5,0.865160848733744
2021-05-14,水生根茎类,11.411999999999999,124.02,85.22670000000001,11.411999999999999,0.0,24,3,10.867507886435332,7.468165089379601,0.45517777879467336,0.0,5,5,0.8678986995208761
2021-05-14,花叶类,191.116,884.0084,536.62845,191.116,0.0,400,20,4.625507021913393,2.8078677347788776,0.6473379299960709,0.0,5,5,0.8678986995208761
2021-05-14,花菜类,40.997,246.091,155.69643,40.997,0.0,90,2,6.002658731126668,3.797751786716101,0.5805821623527272,0.0,5,5,0.8678986995208761
2021-05-14,茄类,32.193,166.5412,106.62819,32.193,0.0,56,4,5.173211567732116,3.312154505637872,0.5618871519811035,0.0,5,5,0.8678986995208761
2021-05-14,辣椒类,51.909,365.3772,242.9691,51.909,0.0,132,9,7.038802519794256,4.680673871582963,0.5038011006337844,0.0,5,5,0.8678986995208761
2021-05-14,食用菌,28.295,317.63620000000003,194.27271,28.295,0.0,99,8,11.225877363491783,6.865973140130764,0.6350016427937821,0.0,5,5,0.8678986995208761
2021-05-15,水生根茎类,12.399000000000001,123.99,84.15192,12.399000000000001,0.0,19,2,9.999999999999998,6.7869924993951125,0.473406667370156,0.0,6,5,0.8706365503080082
2021-05-15,花叶类,258.278,1169.0012,682.91963,258.278,0.0,511,19,4.526135404486638,2.6441262128404275,0.7117698022533048,0.0,6,5,0.8706365503080082
2021-05-15,花菜类,37.347,234.279,158.29631999999998,37.347,0.0,78,2,6.273033978632822,4.238528395855088,0.4800028200276547,0.0,6,5,0.8706365503080082
2021-05-15,茄类,40.776,253.839,148.05891,40.776,0.0,75,4,6.225206003531489,3.6310307533843433,0.7144459593819785,0.0,6,5,0.8706365503080082
2021-05-15,辣椒类,86.637,633.1406,386.94884,86.637,0.0,228,8,7.307970035896902,4.466323164467838,0.6362385270362869,0.0,6,5,0.8706365503080082
2021-05-15,食用菌,49.932,476.9222,298.17297,49.932,0.0,136,11,9.551433950172234,5.971580749819755,0.5994816699850425,0.0,6,5,0.8706365503080082
2021-05-16,水生根茎类,6.386,63.86,42.94953,6.386,0.0,18,2,10.0,6.725576260569997,0.4868614394616193,0.0,7,5,0.8733744010951403
2021-05-16,花叶类,212.588,1029.1526,588.40276,212.588,0.0,415,16,4.841066287843152,2.7678079665832502,0.7490614761902203,0.0,7,5,0.8733744010951403
2021-05-16,花菜类,52.382,355.864,238.75008,52.382,0.0,109,2,6.793631400099271,4.557864915428964,0.49052934348754973,0.0,7,5,0.8733744010951403
2021-05-16,茄类,19.009,102.39240000000001,64.79842,19.009,0.0,38,4,5.386522173707192,3.4088284496817294,0.5801681584211471,0.0,7,5,0.8733744010951403
2021-05-16,辣椒类,153.275,873.5218,523.8252600000001,153.275,0.0,439,9,5.699049420975371,3.4175518512477576,0.6675824300645599,0.0,7,5,0.8733744010951403
2021-05-16,食用菌,51.103,482.4928,299.88786,51.103,0.0,133,10,9.441574858618868,5.8683024479971815,0.6089107441695041,0.0,7,5,0.8733744010951403
2021-05-17,水生根茎类,5.011,50.11,33.13233,5.011,0.0,12,2,10.0,6.611919776491718,0.5124200441079754,0.0,1,5,0.8761122518822724
2021-05-17,花叶类,176.658,751.529,434.48645,176.658,0.0,359,19,4.25414642982486,2.459477917784646,0.7296949076317569,0.0,1,5,0.8761122518822724
2021-05-17,花菜类,27.587,174.97,106.25435,27.587,0.0,56,2,6.342480153695582,3.8516094537282055,0.646709052382326,0.0,1,5,0.8761122518822724
2021-05-17,茄类,29.921,188.0966,108.96915,29.921,0.0,64,4,6.286440961197821,3.6418953243541328,0.7261454273984882,0.0,1,5,0.8761122518822724
2021-05-17,辣椒类,76.099,359.8514,217.02291,76.099,0.0,194,9,4.728727052917909,2.851849695791009,0.6581263240825588,0.0,1,5,0.8761122518822724
2021-05-17,食用菌,25.733,278.913,169.92202,25.733,0.0,86,7,10.838728480938872,6.6032728403217655,0.641417633806378,0.0,1,5,0.8761122518822724
2021-05-18,水生根茎类,12.309000000000001,123.09,106.04919000000001,12.309000000000001,0.0,23,3,10.0,8.615581281988788,0.16068779026035007,0.0,2,5,0.8788501026694046
2021-05-18,花叶类,171.667,755.1496,436.81952,171.667,0.0,336,20,4.398921167143365,2.544574787233423,0.7287450890473026,0.0,2,5,0.8788501026694046
2021-05-18,花菜类,31.098,220.047,129.03645,31.098,0.0,53,2,7.0759212811113255,4.149348832722362,0.7053088487787751,0.0,2,5,0.8788501026694046
2021-05-18,茄类,23.783,120.977,72.62246,23.783,0.0,44,4,5.086700584451078,3.0535449690955723,0.665834509048578,0.0,2,5,0.8788501026694046
2021-05-18,辣椒类,84.864,438.89320000000004,277.64807,84.864,0.0,230,7,5.171724170437406,3.2716825744720968,0.5807536497552459,0.0,2,5,0.8788501026694046
2021-05-18,食用菌,27.95,286.23,175.81461,27.95,0.0,83,8,10.240787119856888,6.290325939177102,0.6280216985380227,0.0,2,5,0.8788501026694046
2021-05-19,水生根茎类,12.199,121.99,73.69415000000001,12.199,0.0,28,2,10.0,6.04099926223461,0.6553552758258285,0.0,3,5,0.8815879534565366
2021-05-19,花叶类,140.823,591.6644,352.96389,140.823,0.0,257,17,4.201475611228279,2.506436377580367,0.6762745900154261,0.0,3,5,0.8815879534565366
2021-05-19,花菜类,33.901,215.813,138.68386,33.901,0.0,61,2,6.365977404796317,4.090848647532521,0.5561508022635075,0.0,3,5,0.8815879534565366
2021-05-19,茄类,20.578,116.524,74.54782,20.578,0.0,41,3,5.662552240256585,3.6226951112838957,0.5630772301591114,0.0,3,5,0.8815879534565366
2021-05-19,辣椒类,76.853,406.2444,249.98854,76.853,0.0,223,8,5.285992739385581,3.252814333858145,0.625052092387915,0.0,3,5,0.8815879534565366
2021-05-19,食用菌,28.798000000000002,309.5048,185.71803,28.798000000000002,0.0,89,10,10.747440794499617,6.448990554899646,0.6665307078693437,0.0,3,5,0.8815879534565366
2021-05-20,水生根茎类,9.406,94.06,50.00636,9.406,0.0,29,2,10.0,5.316432064639591,0.880960741793644,0.0,4,5,0.8843258042436687
2021-05-20,花叶类,144.001,632.2808,362.87359,144.001,0.0,275,20,4.390808397163909,2.51993798654176,0.7424271631341373,0.0,4,5,0.8843258042436687
2021-05-20,花菜类,17.189,110.458,63.6541,17.189,0.0,41,2,6.426086450637035,3.703188085403456,0.7352849227308216,0.0,4,5,0.8843258042436687
2021-05-20,茄类,22.177,119.748,74.66824,22.177,0.0,44,4,5.3996482842584665,3.366922487261577,0.6037340641750766,0.0,4,5,0.8843258042436687
2021-05-20,辣椒类,61.568,377.684,206.67462,61.568,0.0,199,8,6.134420478170479,3.3568512863825366,0.8274328991145599,0.0,4,5,0.8843258042436687
2021-05-20,食用菌,33.823,325.563,188.61068,33.823,0.0,102,12,9.625491529432635,5.57640303935192,0.726111161891787,0.0,4,5,0.8843258042436687
2021-05-21,水生根茎类,4.178,41.78,27.396340000000002,4.178,0.0,8,2,10.0,6.557285782671135,0.5250212254629631,0.0,5,5,0.8870636550308009
2021-05-21,花叶类,105.372,473.5946,266.33399000000003,105.372,0.0,210,17,4.4945013855673235,2.527559408571537,0.7781981188356768,0.0,5,5,0.8870636550308009
2021-05-21,花菜类,33.979,249.524,149.4647,33.979,0.0,66,2,7.343476853350599,4.398737455487213,0.669451047638673,0.0,5,5,0.8870636550308009
2021-05-21,茄类,21.886,127.547,72.02973,21.886,0.0,46,3,5.827789454445765,3.2911326875628255,0.770754936885089,0.0,5,5,0.8870636550308009
2021-05-21,辣椒类,36.494,322.0414,169.14436,36.494,0.0,127,8,8.824502657971173,4.63485394859429,0.9039440629294406,0.0,5,5,0.8870636550308009
2021-05-21,食用菌,43.516,468.3954,283.57671,43.516,0.0,125,12,10.763751263902932,6.516607914330361,0.6517414282717364,0.0,5,5,0.8870636550308009
2021-05-22,水生根茎类,9.18,91.8,63.74656,9.18,0.0,19,2,10.0,6.9440697167756,0.44007770772258126,0.0,6,5,0.8898015058179329
2021-05-22,花叶类,190.363,989.5566,552.86738,190.363,0.0,407,18,5.19826121672804,2.9042796131601207,0.7898625163958848,0.0,6,5,0.8898015058179329
2021-05-22,花菜类,34.962,276.9096,172.64292,34.962,0.0,76,2,7.920302042217264,4.93801613180024,0.6039441408891832,0.0,6,5,0.8898015058179329
2021-05-22,茄类,25.845,180.8472,92.53797,25.845,0.0,53,4,6.997376668601277,3.5804979686593152,0.9543026500365199,0.0,6,5,0.8898015058179329
2021-05-22,辣椒类,98.93599999999999,521.9258,363.36269,98.93599999999999,0.0,312,9,5.2753881297000085,3.6727044756206033,0.4363769708992413,0.0,6,5,0.8898015058179329
2021-05-22,食用菌,44.951,445.0576,266.96718,44.951,0.0,131,9,9.90094992324976,5.939070988409601,0.6670873176245857,0.0,6,5,0.8898015058179329
2021-05-23,水生根茎类,17.229,202.29000000000002,269.69824,17.229,0.0,31,3,11.74125021765628,15.65373730338383,-0.24993948792546794,0.0,7,5,0.892539356605065
2021-05-23,花叶类,217.25900000000001,1105.2308,616.1234900000001,217.25900000000001,0.0,475,15,5.087157724190942,2.8358939790756654,0.7938462304042326,0.0,7,5,0.892539356605065
2021-05-23,花菜类,64.231,506.4336,304.57242,64.231,0.0,133,2,7.884566642275537,4.741829023368779,0.6627690714740355,0.0,7,5,0.892539356605065
2021-05-23,茄类,42.331,296.75939999999997,167.34998000000002,42.331,0.0,87,4,7.010450969738488,3.9533670359783613,0.7732861396218866,0.0,7,5,0.892539356605065
2021-05-23,辣椒类,137.485,672.2948,475.94903,137.485,0.0,405,10,4.889950176382878,3.4618251445612245,0.41253528765464664,0.0,7,5,0.892539356605065
2021-05-23,食用菌,62.384,518.0462,306.19334,62.384,0.0,154,10,8.304151705565529,4.908203064888433,0.6918924493916163,0.0,7,5,0.892539356605065
2021-05-24,水生根茎类,4.28,42.8,28.33321,4.28,0.0,9,2,9.999999999999998,6.619908878504673,0.5105948108244702,0.0,1,5,0.8952772073921971
2021-05-24,花叶类,148.831,785.9468,485.20183000000003,148.831,0.0,339,17,5.280800370890474,3.2600858020170533,0.6198347809199318,0.0,1,5,0.8952772073921971
2021-05-24,花菜类,40.924,302.762,187.29942,40.924,0.0,88,2,7.398152673247972,4.576762291076141,0.6164598907994481,0.0,1,5,0.8952772073921971
2021-05-24,茄类,17.043,119.5666,69.47676,17.043,0.0,34,4,7.015584110778619,4.0765569441999645,0.7209582024262502,0.0,1,5,0.8952772073921971
2021-05-24,辣椒类,54.772,320.7176,202.69331,54.772,0.0,166,10,5.85550281165559,3.7006738844665157,0.5822801453091866,0.0,1,5,0.8952772073921971
2021-05-24,食用菌,27.807,300.59340000000003,177.06379,27.807,0.0,89,10,10.809990290214696,6.367597727190995,0.6976559690719375,0.0,1,5,0.8952772073921971
2021-05-25,水生根茎类,5.412,54.12,36.06506,5.412,0.0,11,2,10.0,6.663906134515891,0.5006213770336165,0.0,2,5,0.8980150581793293
2021-05-25,花叶类,130.325,664.059,414.40319999999997,130.325,0.0,284,16,5.095407634759256,3.179767504316133,0.6024466027289364,0.0,2,5,0.8980150581793293
2021-05-25,花菜类,29.554,224.739,136.77858,29.554,0.0,66,2,7.604351356838331,4.628090275428031,0.6430862200791965,0.0,2,5,0.8980150581793293
2021-05-25,茄类,17.94,122.0698,73.07597,17.94,0.0,36,4,6.804336677814939,4.073353957636566,0.6704506282981946,0.0,2,5,0.8980150581793293
2021-05-25,辣椒类,57.519,353.8548,228.47425,57.519,0.0,189,9,6.1519636989516515,3.9721526799840055,0.548773220614577,0.0,2,5,0.8980150581793293
2021-05-25,食用菌,33.463,313.0424,187.0895,33.463,0.0,98,9,9.35488151092251,5.590936257956549,0.6732227089173897,0.0,2,5,0.8980150581793293
2021-05-26,水生根茎类,4.008,40.08,24.17554,4.008,0.0,9,2,10.0,6.03182135728543,0.6578740330102242,0.0,3,5,0.9007529089664613
2021-05-26,花叶类,164.467,836.8032000000001,533.70732,164.467,0.0,355,18,5.087970231110193,3.24507238534174,0.5679065447331699,0.0,3,5,0.9007529089664613
2021-05-26,花菜类,46.547,347.63,209.26188000000002,46.547,0.0,106,2,7.468365308183127,4.495711431456378,0.6612199030229489,0.0,3,5,0.9007529089664613
2021-05-26,茄类,15.81,95.8226,57.393460000000005,15.81,0.0,32,4,6.060885515496521,3.6301998734977863,0.6695735019286169,0.0,3,5,0.9007529089664613
2021-05-26,辣椒类,65.416,387.218,239.42081,65.416,0.0,195,8,5.919316375198728,3.659973248135013,0.6173113774028247,0.0,3,5,0.9007529089664613
2021-05-26,食用菌,30.844,226.7784,127.23924,30.844,0.0,72,11,7.352431591233303,4.125250940215277,0.7822992341041963,0.0,3,5,0.9007529089664613
2021-05-27,水生根茎类,8.319,83.19,56.0272,8.319,0.0,17,2,9.999999999999998,6.73484793845414,0.4848145186623638,0.0,4,5,0.9034907597535934
2021-05-27,花叶类,145.237,677.9590000000001,422.5655,145.237,0.0,280,19,4.667949627161123,2.9094893174604266,0.6043879587898209,0.0,4,5,0.9034907597535934
2021-05-27,花菜类,43.952,335.414,204.4577,43.952,0.0,88,2,7.6313705860939205,4.651840644339279,0.6405055911320534,0.0,4,5,0.9034907597535934
2021-05-27,茄类,15.645,94.813,61.41234,15.645,0.0,33,4,6.060274848194312,3.9253652924256954,0.5438753840026289,0.0,4,5,0.9034907597535934
2021-05-27,辣椒类,37.078,280.15160000000003,147.02583,37.078,0.0,130,9,7.555736555369761,3.9653117751766547,0.9054583810205323,0.0,4,5,0.9034907597535934
2021-05-27,食用菌,17.974,123.8082,69.47725,17.974,0.0,39,9,6.888182930900189,3.865430622009569,0.781996264964431,0.0,4,5,0.9034907597535934
2021-05-28,水生根茎类,6.205,62.050000000000004,38.4214,6.205,0.0,14,2,10.0,6.192006446414182,0.6149853987621481,0.0,5,5,0.9062286105407256
2021-05-28,花叶类,123.824,586.6604,377.57743,123.824,0.0,248,17,4.737856958263341,3.0493073232975836,0.5537485913816407,0.0,5,5,0.9062286105407256
2021-05-28,花菜类,42.189,323.658,202.00887,42.189,0.0,81,2,7.671620564602148,4.788188153310105,0.6021969728358958,0.0,5,5,0.9062286105407256
2021-05-28,茄类,16.472,96.6398,62.24762,16.472,0.0,35,4,5.866913550267119,3.7789958717824184,0.5525059431991135,0.0,5,5,0.9062286105407256
2021-05-28,辣椒类,67.01,363.1592,230.93537999999998,67.01,0.0,203,9,5.41947768989703,3.4462823459185192,0.5725576566050643,0.0,5,5,0.9062286105407256
2021-05-28,食用菌,26.113,255.3732,150.86254,26.113,0.0,80,10,9.779542756481446,5.777296365794815,0.6927542118805636,0.0,5,5,0.9062286105407256
2021-05-29,水生根茎类,9.57,95.7,61.72028,9.57,0.0,19,2,10.0,6.449350052246604,0.550543840695473,0.0,6,5,0.9089664613278576
2021-05-29,花叶类,180.875,954.1888,584.08837,180.875,0.0,338,18,5.2754045611610225,3.229237705597789,0.6336377319069026,0.0,6,5,0.9089664613278576
2021-05-29,花菜类,52.779,348.8,268.75809000000004,52.779,0.0,106,2,6.608689061937513,5.092140624111863,0.2978213976740196,0.0,6,5,0.9089664613278576
2021-05-29,茄类,18.291,119.8882,75.02601,18.291,0.0,36,4,6.554491279864414,4.1017992455305885,0.5979551624829842,0.0,6,5,0.9089664613278576
2021-05-29,辣椒类,116.845,616.5252,386.67194,116.845,0.0,341,9,5.27643630450597,3.3092724549617016,0.5944399792754551,0.0,6,5,0.9089664613278576
2021-05-29,食用菌,34.14,300.7854,176.22891,34.14,0.0,93,12,8.810351493848858,5.161948154657294,0.7067880633205981,0.0,6,5,0.9089664613278576
2021-05-30,水生根茎类,4.719,47.19,29.63634,4.719,0.0,12,2,9.999999999999998,6.280216147488875,0.5923018834309497,0.0,7,5,0.9117043121149897
2021-05-30,花叶类,196.236,987.7686,625.1465499999999,196.236,0.0,400,17,5.033574879227054,3.1856873866161153,0.5800592677029093,0.0,7,5,0.9117043121149897
2021-05-30,花菜类,21.296,120.827,99.71473999999999,21.296,0.0,34,2,5.673694590533434,4.682322501878287,0.21172657121705396,0.0,7,5,0.9117043121149897
2021-05-30,茄类,27.038,159.936,103.71573000000001,27.038,0.0,55,4,5.915230416450921,3.8359246246024115,0.5420611704704774,0.0,7,5,0.9117043121149897
2021-05-30,辣椒类,106.615,488.1136,337.6097,106.615,0.0,312,10,4.5782826056371055,3.166624771373634,0.4457925823813713,0.0,7,5,0.9117043121149897
2021-05-30,食用菌,31.326,357.1976,221.61814999999999,31.326,0.0,106,7,11.402592096022474,7.074575432548043,0.6117705160881455,0.0,7,5,0.9117043121149897
2021-05-31,水生根茎类,5.404,54.04,30.66,5.404,0.0,15,2,10.0,5.6735751295336785,0.7625570776255708,0.0,1,5,0.9144421629021219
2021-05-31,花叶类,191.98,1014.1018,660.13675,191.98,0.0,374,18,5.282330451088655,3.4385704240025006,0.5361995828894544,0.0,1,5,0.9144421629021219
2021-05-31,花菜类,39.165,249.173,196.51225000000002,39.165,0.0,67,2,6.3621345589174005,5.017547555215116,0.2679769327357453,0.0,1,5,0.9144421629021219
2021-05-31,茄类,25.363,139.95,78.98694,25.363,0.0,45,4,5.517880376927019,3.114258565627095,0.771811897004745,0.0,1,5,0.9144421629021219
2021-05-31,辣椒类,60.118,273.3956,168.12526,60.118,0.0,159,9,4.547649622409262,2.796587710835357,0.6261423179360437,0.0,1,5,0.9144421629021219
2021-05-31,食用菌,33.153999999999996,343.9602,217.32853,33.153999999999996,0.0,97,11,10.374621463473488,6.555122458828498,0.5826739360911335,0.0,1,5,0.9144421629021219
2021-06-01,水生根茎类,7.217,72.17,42.46123,7.217,0.0,20,2,10.0,5.883501454898157,0.6996681443283672,0.0,2,6,0.917180013689254
2021-06-01,花叶类,151.091,773.1038,520.47027,151.091,0.0,312,17,5.116809075325466,3.444747006770754,0.4853947373401366,0.0,2,6,0.917180013689254
2021-06-01,花菜类,41.593,286.175,203.98636,41.593,0.0,84,2,6.8803644844084335,4.904343519342197,0.40291243002718424,0.0,2,6,0.917180013689254
2021-06-01,茄类,26.938000000000002,132.09,71.45501999999999,26.938000000000002,0.0,49,4,4.903482069938376,2.6525733165045655,0.8485755094603571,0.0,2,6,0.917180013689254
2021-06-01,辣椒类,76.648,357.77660000000003,201.57516,76.648,0.0,203,9,4.66778780920572,2.629881536374074,0.7749042094273915,0.0,2,6,0.917180013689254
2021-06-01,食用菌,33.668,390.05580000000003,257.16237,33.668,0.0,100,13,11.58535701556374,7.638183735297613,0.5167685692117396,0.0,2,6,0.917180013689254
2021-06-02,水生根茎类,8.681,86.81,44.73832,8.681,0.0,22,2,10.000000000000002,5.153590600161272,0.9403947220190658,0.0,3,6,0.919917864476386
2021-06-02,花叶类,178.517,895.9152,589.02003,178.517,0.0,381,19,5.018654805984864,3.2995178610440465,0.5210267127927719,0.0,3,6,0.919917864476386
2021-06-02,花菜类,43.414,296.502,181.62537,43.414,0.0,76,2,6.829640208227761,4.1835668217625654,0.6324922008417655,0.0,3,6,0.919917864476386
2021-06-02,茄类,27.706,148.873,86.21868,27.706,0.0,54,4,5.3733126398614015,3.111913664910128,0.7266907820903772,0.0,3,6,0.919917864476386
2021-06-02,辣椒类,89.386,290.4744,228.49087,89.386,0.0,231,8,3.249663258228358,2.556226590293782,0.27127355241809026,0.0,3,6,0.919917864476386
2021-06-02,食用菌,42.287,414.951,266.12687,42.287,0.0,117,13,9.812732045309433,6.29334949275191,0.5592224866282762,0.0,3,6,0.919917864476386
2021-06-03,水生根茎类,11.019,110.19,61.067220000000006,11.019,0.0,28,2,10.0,5.541992921317725,0.8044050474215132,0.0,4,6,0.9226557152635181
2021-06-03,花叶类,142.37199999999999,654.9906,411.29271,142.37199999999999,0.0,299,19,4.6005576939285815,2.88885953698761,0.5925169206135454,0.0,4,6,0.9226557152635181
2021-06-03,花菜类,36.284,262.136,165.18388,36.284,0.0,69,2,7.224561790320803,4.5525267335464665,0.5869345120117049,0.0,4,6,0.9226557152635181
2021-06-03,茄类,11.679,70.836,41.32127,11.679,0.0,23,4,6.0652453120986385,3.538082883808545,0.714274512859842,0.0,4,6,0.9226557152635181
2021-06-03,辣椒类,75.206,283.7836,206.1017,75.206,0.0,201,8,3.7734170145998984,2.740495439193681,0.3769105252406941,0.0,4,6,0.9226557152635181
2021-06-03,食用菌,47.565,432.7986,276.90169000000003,47.565,0.0,106,13,9.09909807631662,5.821542941238306,0.5630045450426828,0.0,4,6,0.9226557152635181
2021-06-04,水生根茎类,13.461,150.706,92.12409000000001,13.461,0.0,31,2,11.195750687170342,6.843777579674616,0.6359021836742156,0.0,5,6,0.9253935660506503
2021-06-04,花叶类,121.093,601.6274,371.4679,121.093,0.0,262,16,4.968308655331026,3.067624883354116,0.6195945867731776,0.0,5,6,0.9253935660506503
2021-06-04,花菜类,31.416,249.537,152.22403,31.416,0.0,69,2,7.942990832696715,4.845430035650624,0.6392746927012771,0.0,5,6,0.9253935660506503
2021-06-04,茄类,16.743,96.555,57.69858,16.743,0.0,34,4,5.766887654542198,3.446131517649167,0.6734380638137025,0.0,5,6,0.9253935660506503
2021-06-04,辣椒类,63.291,353.5468,188.10596999999999,63.291,0.0,198,9,5.586051729313805,2.9720808645779018,0.8795086620589452,0.0,5,6,0.9253935660506503
2021-06-04,食用菌,45.128,456.2778,293.8832,45.128,0.0,80,13,10.110747207941854,6.512214146427938,0.5525821142549148,0.0,5,6,0.9253935660506503
2021-06-05,水生根茎类,19.495,216.074,132.67275,19.495,0.0,43,2,11.083559887150551,6.805475763016158,0.6286238131040474,0.0,6,6,0.9281314168377823
2021-06-05,花叶类,204.287,1054.9114,648.17591,204.287,0.0,444,18,5.163869458164249,3.172869100823841,0.6275078782239838,0.0,6,6,0.9281314168377823
2021-06-05,花菜类,61.486,499.182,301.41589999999997,61.486,0.0,106,2,8.11862863090785,4.902187489835084,0.6561236484206707,0.0,6,6,0.9281314168377823
2021-06-05,茄类,36.367,221.95260000000002,136.36561,36.367,0.0,67,4,6.103131960293674,3.749707427062997,0.6276288427852157,0.0,6,6,0.9281314168377823
2021-06-05,辣椒类,87.95,463.9194,262.07103,87.95,0.0,261,10,5.274808413871518,2.9797729391699828,0.7702048181365182,0.0,6,6,0.9281314168377823
2021-06-05,食用菌,37.660000000000004,256.9118,155.87157,37.660000000000004,0.0,80,12,6.821874668082847,4.138915825809877,0.6482274477635661,0.0,6,6,0.9281314168377823
2021-06-06,水生根茎类,7.182,94.656,56.91189000000001,7.182,0.0,15,2,13.179615705931495,7.924239766081872,0.6632025399261909,0.0,7,6,0.9308692676249144
2021-06-06,花叶类,221.028,1052.837,615.16077,221.028,0.0,437,17,4.763364822556419,2.783180275802161,0.711482674683563,0.0,7,6,0.9308692676249144
2021-06-06,花菜类,42.143,302.29200000000003,193.90641000000002,42.143,0.0,80,2,7.173006193199345,4.601153453717107,0.5589582623906038,0.0,7,6,0.9308692676249144
2021-06-06,茄类,30.001,159.62720000000002,115.5953,30.001,0.0,58,4,5.320729309023033,3.8530482317256087,0.38091427592644367,0.0,7,6,0.9308692676249144
2021-06-06,辣椒类,87.63,505.6074,249.63571,87.63,0.0,270,9,5.769798014378638,2.848747118566701,1.025380904038128,0.0,7,6,0.9308692676249144
2021-06-06,食用菌,31.525,306.1988,188.46112,31.525,0.0,90,12,9.712888183980969,5.978148136399683,0.6247319340986621,0.0,7,6,0.9308692676249144
2021-06-07,水生根茎类,8.757,101.11,54.59706,8.757,0.0,21,2,11.546191618134065,6.234676258992806,0.8519312212049515,0.0,1,6,0.9336071184120466
2021-06-07,花叶类,148.539,805.0144,463.92394,148.539,0.0,308,19,5.419549074653795,3.123246689421634,0.7352292705567207,0.0,1,6,0.9336071184120466
2021-06-07,花菜类,24.819,197.02800000000002,118.93524000000001,24.819,0.0,44,2,7.938595430919861,4.792104436117491,0.6565990029532041,0.0,1,6,0.9336071184120466
2021-06-07,茄类,29.868,118.4126,75.85598,29.868,0.0,56,4,3.9645306013124415,2.5397073791348603,0.5610186566701794,0.0,1,6,0.9336071184120466
2021-06-07,辣椒类,67.98,398.6796,189.60153,67.98,0.0,205,8,5.864660194174757,2.789078111209179,1.1027235381486635,0.0,1,6,0.9336071184120466
2021-06-07,食用菌,27.872,251.323,155.47108,27.872,0.0,81,10,9.017042192881746,5.578038174512055,0.6165257229833359,0.0,1,6,0.9336071184120466
2021-06-08,水生根茎类,7.394,82.376,43.0796,7.394,0.0,19,2,11.140925074384636,5.826291587773871,0.9121811715986221,0.0,2,6,0.9363449691991786
2021-06-08,花叶类,144.123,686.8376,410.48317000000003,144.123,0.0,294,20,4.765634909070724,2.8481447791122863,0.6732418042863972,0.0,2,6,0.9363449691991786
2021-06-08,花菜类,25.106,185.61599999999999,113.18264,25.106,0.0,43,2,7.393292440054169,4.508190870708197,0.6399688150055518,0.0,2,6,0.9363449691991786
2021-06-08,茄类,24.611,138.816,79.64075,24.611,0.0,48,4,5.640404697086669,3.2359818780220224,0.7430272818877273,0.0,2,6,0.9363449691991786
2021-06-08,辣椒类,55.934,294.3452,163.50306,55.934,0.0,180,9,5.2623663603532735,2.923142632388172,0.8002427599825959,0.0,2,6,0.9363449691991786
2021-06-08,食用菌,26.378,295.4006,188.42364,26.378,0.0,87,8,11.198748957464554,7.143211767381909,0.5677470194291969,0.0,2,6,0.9363449691991786
2021-06-09,水生根茎类,7.943,110.01899999999999,69.65755999999999,7.943,0.0,20,3,13.851063829787234,8.769678962608586,0.5794265547056201,0.0,3,6,0.9390828199863107
2021-06-09,花叶类,126.359,715.7282,426.08278,126.359,0.0,272,21,5.664243939885565,3.3720018360385886,0.6797867306442191,0.0,3,6,0.9390828199863107
2021-06-09,花菜类,26.845,219.741,133.86741,26.845,0.0,46,2,8.185546656733099,4.986679456137083,0.6414824190592769,0.0,3,6,0.9390828199863107
2021-06-09,茄类,19.353,93.38340000000001,54.03809,19.353,0.0,37,4,4.825267400403038,2.7922332454916545,0.7281032693790623,0.0,3,6,0.9390828199863107
2021-06-09,辣椒类,52.093,316.9268,157.17834,52.093,0.0,167,9,6.083865394582765,3.0172641237786264,1.0163516168958142,0.0,3,6,0.9390828199863107
2021-06-09,食用菌,30.699,351.7652,221.64218,30.699,0.0,94,12,11.458523078927652,7.219850157985602,0.5870859959958885,0.0,3,6,0.9390828199863107
2021-06-10,水生根茎类,10.34,174.5224,108.93844999999999,10.34,0.0,30,3,16.878375241779498,10.535633462282398,0.6020275669426178,0.0,4,6,0.9418206707734429
2021-06-10,花叶类,122.004,711.3776,389.18063,122.004,0.0,267,21,5.830772761548801,3.189900577030261,0.8278854217384868,0.0,4,6,0.9418206707734429
2021-06-10,花菜类,13.847,103.589,60.467090000000006,13.847,0.0,26,2,7.480970607351773,4.366800751065213,0.7131467712436632,0.0,4,6,0.9418206707734429
2021-06-10,茄类,24.961,122.1056,68.87001000000001,24.961,0.0,47,4,4.891855294259044,2.7591046031809627,0.772986529259978,0.0,4,6,0.9418206707734429
2021-06-10,辣椒类,57.091,278.432,160.31569,57.091,0.0,166,9,4.87698586467219,2.8080729011578005,0.736773237853388,0.0,4,6,0.9418206707734429
2021-06-10,食用菌,26.045,256.8642,165.32862,26.045,0.0,80,9,9.862322902668456,6.347806488769437,0.5536584046972628,0.0,4,6,0.9418206707734429
2021-06-11,水生根茎类,6.744,112.4228,76.77295,6.744,0.0,21,3,16.670047449584818,11.383889383155397,0.4643543070834195,0.0,5,6,0.944558521560575
2021-06-11,花叶类,129.982,789.5222,442.26713,129.982,0.0,277,20,6.074088719976612,3.402525965133634,0.7851704240376172,0.0,5,6,0.944558521560575
2021-06-11,花菜类,21.048,164.928,101.52504,21.048,0.0,32,2,7.835803876852908,4.823500570125428,0.6245056391999451,0.0,5,6,0.944558521560575
2021-06-11,茄类,16.567,49.643,29.225859999999997,16.567,0.0,30,4,2.9964990644051426,1.7641009235226655,0.6985984330315687,0.0,5,6,0.944558521560575
2021-06-11,辣椒类,74.873,412.3522,207.96848,74.873,0.0,203,10,5.5073551213388,2.777616497268708,0.9827629648492888,0.0,5,6,0.944558521560575
2021-06-11,食用菌,23.699,288.1514,195.88207,23.699,0.0,97,12,12.158799949364953,8.26541499641335,0.4710453080264061,0.0,5,6,0.944558521560575
2021-06-12,水生根茎类,22.347,366.9466,231.43364,22.347,0.0,48,3,16.420396473799613,10.356362822750256,0.5855370031772391,0.0,6,6,0.947296372347707
2021-06-12,花叶类,210.267,1237.7112,701.90212,210.267,0.0,451,20,5.886378747021644,3.3381468323607604,0.7633672341664961,0.0,6,6,0.947296372347707
2021-06-12,花菜类,52.462,388.222,283.97951,52.462,0.0,101,2,7.400060996530821,5.413051542068545,0.3670775049932298,0.0,6,6,0.947296372347707
2021-06-12,茄类,48.073,289.865,163.74904999999998,48.073,0.0,95,5,6.029684022216213,3.406258190668358,0.7701782086674704,0.0,6,6,0.947296372347707
2021-06-12,辣椒类,77.636,500.0742,243.27195999999998,77.636,0.0,265,9,6.441266938018446,3.133494255242413,1.0556179183166035,0.0,6,6,0.947296372347707
2021-06-12,食用菌,61.339,723.0954,497.56714999999997,61.339,0.0,187,12,11.78850975725069,8.111758424493388,0.4532619366049391,0.0,6,6,0.947296372347707
2021-06-13,水生根茎类,11.431000000000001,220.9804,135.76547,11.431000000000001,0.0,29,3,19.33167701863354,11.876954772110924,0.6276627628512612,0.0,7,6,0.9500342231348392
2021-06-13,花叶类,210.317,1106.005,655.86796,210.317,0.0,437,19,5.258752264438919,3.118473352130356,0.6863226555540236,0.0,7,6,0.9500342231348392
2021-06-13,花菜类,61.91,473.504,378.20946,61.91,0.0,121,2,7.6482636084639,6.109020513648845,0.2519623385411882,0.0,7,6,0.9500342231348392
2021-06-13,茄类,38.342,229.981,110.86616000000001,38.342,0.0,68,5,5.998148244744667,2.891506963643003,1.0744021439905556,0.0,7,6,0.9500342231348392
2021-06-13,辣椒类,88.783,481.84839999999997,267.08621,88.783,0.0,293,10,5.4272597231451964,3.0083035040491986,0.8040931428095819,0.0,7,6,0.9500342231348392
2021-06-13,食用菌,73.12,913.752,634.9049699999999,73.12,0.0,222,8,12.496608315098467,8.683054841356672,0.43919490817657336,0.0,7,6,0.9500342231348392
2021-06-14,水生根茎类,14.049,258.692,186.59214,14.049,0.0,36,3,18.413552566018936,13.28152466367713,0.38640352160600133,0.0,1,6,0.9527720739219713
2021-06-14,花叶类,170.272,873.5112,511.8259,170.272,0.0,368,14,5.130093027626386,3.00593109847773,0.7066568925097381,0.0,1,6,0.9527720739219713
2021-06-14,花菜类,73.037,547.068,411.75256,73.037,0.0,138,2,7.490285745581006,5.637588619466845,0.3286329051603225,0.0,1,6,0.9527720739219713
2021-06-14,茄类,37.545,176.36599999999999,122.71155999999999,37.545,0.0,72,5,4.697456385670528,3.268386203222799,0.43724030564031624,0.0,1,6,0.9527720739219713
2021-06-14,辣椒类,69.697,378.5292,219.81634,69.697,0.0,238,8,5.431068769100535,3.1538852461368494,0.7220248503819142,0.0,1,6,0.9527720739219713
2021-06-14,食用菌,56.049,635.4052,418.04876,56.049,0.0,176,12,11.33660190190726,7.45863012721012,0.5199308329487689,0.0,1,6,0.9527720739219713
2021-06-15,水生根茎类,9.998,187.7056,134.35722,9.998,0.0,31,3,18.774314862972595,13.43840968193639,0.3970637379963651,0.0,2,6,0.9555099247091033
2021-06-15,花叶类,127.719,643.0562,382.03246,127.719,0.0,270,17,5.034929806841582,2.991195201966818,0.6832501615176887,0.0,2,6,0.9555099247091033
2021-06-15,花菜类,45.326,379.8,233.21355,45.326,0.0,90,2,8.379296650928827,5.145248863786789,0.6285503136503003,0.0,2,6,0.9555099247091033
2021-06-15,茄类,20.698,109.33200000000001,70.7024,20.698,0.0,38,4,5.28224949270461,3.415904918349599,0.5463690058611874,0.0,2,6,0.9555099247091033
2021-06-15,辣椒类,61.187,386.51959999999997,193.5319,61.187,0.0,194,9,6.317021589553336,3.1629578178371225,0.9971880604696175,0.0,2,6,0.9555099247091033
2021-06-15,食用菌,31.346,272.3302,175.48325,31.346,0.0,90,13,8.687877241115293,5.598266126459516,0.5518871459241836,0.0,2,6,0.9555099247091033
2021-06-16,水生根茎类,5.187,68.2764,42.84597,5.187,0.0,19,3,13.162984384037014,8.26026026604974,0.593531433644751,0.0,3,6,0.9582477754962354
2021-06-16,花叶类,104.588,558.6444,324.4617,104.588,0.0,235,15,5.3413814204306425,3.1022842008643443,0.7217576065218174,0.0,3,6,0.9582477754962354
2021-06-16,花菜类,12.99,110.964,68.43978,12.99,0.0,24,2,8.542263279445727,5.268651270207852,0.6213377658431982,0.0,3,6,0.9582477754962354
2021-06-16,茄类,19.793,92.512,57.88503,19.793,0.0,39,4,4.673975647956349,2.9245202849492244,0.59820250589833,0.0,3,6,0.9582477754962354
2021-06-16,辣椒类,46.695,258.4872,142.50906,46.695,0.0,165,9,5.535650497911981,3.0519126244779957,0.8138299417594921,0.0,3,6,0.9582477754962354
2021-06-16,食用菌,29.826,253.322,148.77167,29.826,0.0,79,10,8.493327968886206,4.987985985381881,0.7027569832347784,0.0,3,6,0.9582477754962354
2021-06-17,水生根茎类,9.409,136.409,89.778,9.409,0.0,26,3,14.497714953767668,9.54171537889255,0.5194034173182738,0.0,4,6,0.9609856262833676
2021-06-17,花叶类,113.507,546.9986,312.10902,113.507,0.0,258,16,4.819073713515466,2.7496896226664433,0.7525882462480578,0.0,4,6,0.9609856262833676
2021-06-17,花菜类,20.793,165.65,100.84711,20.793,0.0,37,2,7.966623382869235,4.850050978694753,0.6425854940215936,0.0,4,6,0.9609856262833676
2021-06-17,茄类,28.237000000000002,145.978,89.94573,28.237000000000002,0.0,55,3,5.1697418280978855,3.185385487126819,0.622956420499339,0.0,4,6,0.9609856262833676
2021-06-17,辣椒类,45.845,232.8422,125.84403,45.845,0.0,166,8,5.07890064347257,2.7449892027483913,0.8502443063846572,0.0,4,6,0.9609856262833676
2021-06-17,食用菌,22.835,248.197,151.12881000000002,22.835,0.0,74,9,10.869148237354937,6.618296912634115,0.6422877941009391,0.0,4,6,0.9609856262833676
2021-06-18,水生根茎类,7.902,140.6044,102.33618,7.902,0.0,24,3,17.79352062768919,12.950668185269551,0.3739461449508863,0.0,5,6,0.9637234770704997
2021-06-18,花叶类,150.875,809.407,456.13704,150.875,0.0,308,14,5.364752278376139,3.0232778127589066,0.7744820723175647,0.0,5,6,0.9637234770704997
2021-06-18,花菜类,34.971,280.474,180.98338999999999,34.971,0.0,65,2,8.020188155900604,5.175242057704955,0.5497223253470942,0.0,5,6,0.9637234770704997
2021-06-18,茄类,27.339,147.666,85.55204,27.339,0.0,50,3,5.401294853505981,3.129303924796079,0.726037158202189,0.0,5,6,0.9637234770704997
2021-06-18,辣椒类,46.754,241.0446,143.82922,46.754,0.0,151,8,5.155593104333319,3.0762976429824187,0.6759084141595151,0.0,5,6,0.9637234770704997
2021-06-18,食用菌,29.867,295.102,177.20542,29.867,0.0,89,11,9.880537047577594,5.933150969297218,0.6653102371248012,0.0,5,6,0.9637234770704997
2021-06-19,水生根茎类,10.313,186.3838,131.18244,10.313,0.0,33,3,18.072704353728305,12.720104722195288,0.4207983934435129,0.0,6,6,0.9664613278576317
2021-06-19,花叶类,203.369,1137.2068,652.96319,203.369,0.0,450,16,5.591839464225127,3.2107311832186816,0.7416093547325382,0.0,6,6,0.9664613278576317
2021-06-19,花菜类,44.511,392.409,238.43536,44.511,0.0,76,2,8.816000539192558,5.356773831187796,0.6457668023736074,0.0,6,6,0.9664613278576317
2021-06-19,茄类,30.488,145.54,84.95013,30.488,0.0,61,3,4.7736814484387295,2.786346431382839,0.7132404623748072,0.0,6,6,0.9664613278576317
2021-06-19,辣椒类,87.633,490.29699999999997,275.22532,87.633,0.0,272,10,5.594890052833978,3.140658427761232,0.7814385682247544,0.0,6,6,0.9664613278576317
2021-06-19,食用菌,39.484,393.3918,252.7587,39.484,0.0,113,12,9.963321851889372,6.401547462263195,0.5563927176393928,0.0,6,6,0.9664613278576317
2021-06-20,水生根茎类,10.001,199.12019999999998,134.00936,10.001,0.0,36,3,19.91002899710029,13.39959604039596,0.4858678528126694,0.0,7,6,0.9691991786447639
2021-06-20,花叶类,202.307,1083.797,634.78027,202.307,0.0,425,16,5.357189815478456,3.137707889494679,0.7073577286830293,0.0,7,6,0.9691991786447639
2021-06-20,花菜类,43.614,374.973,231.46532,43.614,0.0,65,2,8.597537487962581,5.3071334892465725,0.6199964642651434,0.0,7,6,0.9691991786447639
2021-06-20,茄类,61.881,319.558,186.06579,61.881,0.0,123,3,5.164072978781856,3.006832307170214,0.7174462860690296,0.0,7,6,0.9691991786447639
2021-06-20,辣椒类,85.134,447.479,243.88427000000001,85.134,0.0,249,10,5.256172621984166,2.8647105739187637,0.8348005797995908,0.0,7,6,0.9691991786447639
2021-06-20,食用菌,38.578,466.74580000000003,300.41955,38.578,0.0,130,11,12.0987557675359,7.7873282699984445,0.5536465586211017,0.0,7,6,0.9691991786447639
2021-06-21,水生根茎类,9.9,156.4032,104.0528,9.9,0.0,29,3,15.79830303030303,10.510383838383838,0.5031138037611675,0.0,1,6,0.971937029431896
2021-06-21,花叶类,150.07,809.2008,487.06189,150.07,0.0,309,15,5.392155660691677,3.2455646698207503,0.6613921487472567,0.0,1,6,0.971937029431896
2021-06-21,花菜类,54.07,492.096,296.11958,54.07,0.0,112,2,9.10109117810246,5.476596633992972,0.6618151356286539,0.0,1,6,0.971937029431896
2021-06-21,茄类,18.566,80.476,46.01624,18.566,0.0,37,3,4.33459011095551,2.4785220295163204,0.7488608369566916,0.0,1,6,0.971937029431896
2021-06-21,辣椒类,58.693,295.504,164.22218,58.693,0.0,173,9,5.03474008825584,2.7979857904690513,0.7994158888890648,0.0,1,6,0.971937029431896
2021-06-21,食用菌,22.575,282.1898,180.65931,22.575,0.0,79,7,12.50010188261351,8.002627242524918,0.5619997663004468,0.0,1,6,0.971937029431896
2021-06-22,水生根茎类,13.91,202.1816,127.98812,13.91,0.0,37,3,14.534982027318476,9.201158878504673,0.5796903650120027,0.0,2,6,0.974674880219028
2021-06-22,花叶类,126.251,737.1756,396.82262000000003,126.251,0.0,265,16,5.83896840421066,3.1431245693103422,0.8576955114101106,0.0,2,6,0.974674880219028
2021-06-22,花菜类,26.162,235.68,146.32234,26.162,0.0,50,2,9.008485589786714,5.592934026450577,0.610690479662914,0.0,2,6,0.974674880219028
2021-06-22,茄类,30.92,147.728,84.16249,30.92,0.0,54,3,4.7777490297542045,2.72194340232859,0.755271261579832,0.0,2,6,0.974674880219028
2021-06-22,辣椒类,56.135,343.2924,176.42885,56.135,0.0,192,9,6.115478756568986,3.1429384519462014,0.9457838103008662,0.0,2,6,0.974674880219028
2021-06-22,食用菌,28.965,271.555,176.08819,28.965,0.0,80,10,9.375280510961506,6.079343690661143,0.542153394841528,0.0,2,6,0.974674880219028
2021-06-23,水生根茎类,10.931000000000001,141.3774,87.40148,10.931000000000001,0.0,33,3,12.933619979873752,7.995744213704144,0.6175629977890533,0.0,3,6,0.9774127310061602
2021-06-23,花叶类,120.814,713.2432,419.63944,120.814,0.0,256,18,5.90364692833612,3.4734338735577004,0.6996572104852681,0.0,3,6,0.9774127310061602
2021-06-23,花菜类,57.723,511.89,332.90286,57.723,0.0,116,2,8.868042201548777,5.7672480640299355,0.5376557594008056,0.0,3,6,0.9774127310061602
2021-06-23,茄类,24.341,102.802,62.70313,24.341,0.0,45,3,4.223409062897991,2.576029333223779,0.6395034825215264,0.0,3,6,0.9774127310061602
2021-06-23,辣椒类,53.900999999999996,342.8034,153.86794,53.900999999999996,0.0,168,9,6.35987087438081,2.8546398026010653,1.227906606145504,0.0,3,6,0.9774127310061602
2021-06-23,食用菌,31.601,345.6714,225.42148,31.601,0.0,106,12,10.938622195500143,7.1333653998291195,0.5334448163502432,0.0,3,6,0.9774127310061602
2021-06-24,水生根茎类,6.119,110.9536,71.21972000000001,6.119,0.0,17,3,18.132636051642425,11.639110965844095,0.557905591316562,0.0,4,6,0.9801505817932923
2021-06-24,花叶类,125.313,722.073,424.61421,125.313,0.0,293,19,5.762155562471571,3.3884290536496615,0.700538943338707,0.0,4,6,0.9801505817932923
2021-06-24,花菜类,34.885,313.81,205.88665,34.885,0.0,65,2,8.995556829582917,5.901867564855956,0.5241881880151045,0.0,4,6,0.9801505817932923
2021-06-24,茄类,19.543,91.6968,54.957480000000004,19.543,0.0,36,2,4.69205342066213,2.812131197871361,0.6685044510774509,0.0,4,6,0.9801505817932923
2021-06-24,辣椒类,41.586,254.4178,128.78072,41.586,0.0,159,9,6.11787139902852,3.0967325542249795,0.9755892031043158,0.0,4,6,0.9801505817932923
2021-06-24,食用菌,30.855,292.6938,189.13513,30.855,0.0,96,13,9.486105979581916,6.12980489385837,0.5475379957176651,0.0,4,6,0.9801505817932923
2021-06-25,水生根茎类,10.916,127.979,81.78278,10.916,0.0,31,3,11.723983144008795,7.492009893733968,0.5648648774228513,0.0,5,6,0.9828884325804244
2021-06-25,花叶类,146.582,880.3358000000001,534.14961,146.582,0.0,308,17,6.005756504891461,3.6440327598204423,0.6481071660803048,0.0,5,6,0.9828884325804244
2021-06-25,花菜类,40.437,361.436,237.80387,40.437,0.0,77,2,8.938249622870144,5.880848480352153,0.5198911607283767,0.0,5,6,0.9828884325804244
2021-06-25,茄类,12.896,67.6654,35.8859,12.896,0.0,24,3,5.24700682382134,2.7827155707196027,0.8855706558843446,0.0,5,6,0.9828884325804244
2021-06-25,辣椒类,35.531,178.2172,103.90161,35.531,0.0,129,8,5.015822802623061,2.9242523430244014,0.7152496482008313,0.0,5,6,0.9828884325804244
2021-06-25,食用菌,32.537,365.6764,242.11778,32.537,0.0,100,8,11.238786612164613,7.441306205243262,0.5103244379656875,0.0,5,6,0.9828884325804244
2021-06-26,水生根茎类,20.953,260.1548,174.29730999999998,20.953,0.0,56,3,12.416112251228942,8.318489476447287,0.4925921690931434,0.0,6,6,0.9856262833675564
2021-06-26,花叶类,197.69,1211.443,714.17697,197.69,0.0,430,15,6.127993322879256,3.612610501289898,0.6962784448229968,0.0,6,6,0.9856262833675564
2021-06-26,花菜类,71.821,679.586,439.76939,71.821,0.0,149,2,9.462218571169993,6.123130978404645,0.5453235615148204,0.0,6,6,0.9856262833675564
2021-06-26,茄类,35.449,185.3258,95.94308,35.449,0.0,64,3,5.227955654602386,2.706510197748879,0.9316223744328407,0.0,6,6,0.9856262833675564
2021-06-26,辣椒类,82.43900000000001,464.73699999999997,236.12001,82.43900000000001,0.0,272,10,5.637343975545554,2.8641784834847583,0.9682237011594228,0.0,6,6,0.9856262833675564
2021-06-26,食用菌,45.592999999999996,497.6542,340.42927,45.592999999999996,0.0,152,10,10.91514486872985,7.466700370670936,0.46184316054844543,0.0,6,6,0.9856262833675564
2021-06-27,水生根茎类,19.982,276.0006,188.65845000000002,19.982,0.0,55,3,13.812461215093586,9.441419777800022,0.462964420623619,0.0,7,6,0.9883641341546886
2021-06-27,花叶类,213.547,1296.8696,773.25918,213.547,0.0,456,16,6.0729937671800585,3.621025722674634,0.6771473699154789,0.0,7,6,0.9883641341546886
2021-06-27,花菜类,56.542,523.866,326.83734999999996,56.542,0.0,113,2,9.265077287679954,5.780434897951964,0.6028339478336857,0.0,7,6,0.9883641341546886
2021-06-27,茄类,31.776,205.9788,124.68128999999999,31.776,0.0,65,3,6.4822129909365565,3.923756608761329,0.6520425799251839,0.0,7,6,0.9883641341546886
2021-06-27,辣椒类,79.121,411.0442,234.81989,79.121,0.0,259,10,5.195134035211891,2.9678579643836653,0.7504658570447333,0.0,7,6,0.9883641341546886
2021-06-27,食用菌,49.14,574.2844,404.82341,49.14,0.0,171,12,11.686699226699227,8.238164631664633,0.41860471952449574,0.0,7,6,0.9883641341546886
2021-06-28,水生根茎类,9.933,128.496,79.1486,9.933,0.0,26,3,12.936273029296286,7.96824725661935,0.6234778631586662,0.0,1,6,0.9911019849418207
2021-06-28,花叶类,124.892,789.7072000000001,469.50084,124.892,0.0,278,17,6.323120776350768,3.7592547160746883,0.6820144560337744,0.0,1,6,0.9911019849418207
2021-06-28,花菜类,35.784,328.412,202.5324,35.784,0.0,79,2,9.177621283255085,5.659859154929578,0.6215282098074184,0.0,1,6,0.9911019849418207
2021-06-28,茄类,21.088,122.3342,72.67143,21.088,0.0,40,3,5.801128603945371,3.446103471168437,0.683387818293929,0.0,1,6,0.9911019849418207
2021-06-28,辣椒类,45.81,300.2122,142.87614,45.81,0.0,154,10,6.553420650512988,3.1188853962017022,1.1012059816285635,0.0,1,6,0.9911019849418207
2021-06-28,食用菌,33.153,366.3578,247.81505,33.153,0.0,113,12,11.050517298585348,7.474890658462281,0.4783516981716809,0.0,1,6,0.9911019849418207
2021-06-29,水生根茎类,9.52,104.011,62.45321,9.52,0.0,28,3,10.925525210084034,6.560211134453781,0.6654228021265842,0.0,2,6,0.9938398357289527
2021-06-29,花叶类,110.196,673.6922,387.39842,110.196,0.0,244,18,6.113581255217975,3.5155397655087297,0.7390163852500997,0.0,2,6,0.9938398357289527
2021-06-29,花菜类,34.383,320.576,199.1226,34.383,0.0,73,2,9.32367739871448,5.791309658843033,0.6099428191476004,0.0,2,6,0.9938398357289527
2021-06-29,茄类,19.721,98.915,58.39481,19.721,0.0,44,3,5.0157192840119675,2.961047107144668,0.6939005367086564,0.0,2,6,0.9938398357289527
2021-06-29,辣椒类,40.321,277.4828,150.62836,40.321,0.0,146,10,6.8818432082537635,3.7357297686069293,0.842168367231775,0.0,2,6,0.9938398357289527
2021-06-29,食用菌,24.389,247.1494,164.22334,24.389,0.0,80,10,10.133642215753005,6.733500348517775,0.504959039318041,0.0,2,6,0.9938398357289527
2021-06-30,水生根茎类,7.464,109.7642,71.26752,7.464,0.0,20,3,14.705814576634511,9.548167202572348,0.540171455383883,0.0,3,6,0.9965776865160849
2021-06-30,花叶类,125.415,795.0218,458.68619,125.415,0.0,282,15,6.339128493401906,3.6573471275365783,0.7332586359314635,0.0,3,6,0.9965776865160849
2021-06-30,花菜类,27.052,249.294,154.0294,27.052,0.0,55,2,9.215363004583764,5.693826704125389,0.6184832246311416,0.0,3,6,0.9965776865160849
2021-06-30,茄类,27.425,137.863,78.8274,27.425,0.0,49,3,5.026909753874202,2.874289881494986,0.7489223290378728,0.0,3,6,0.9965776865160849
2021-06-30,辣椒类,39.114,266.0906,138.86381,39.114,0.0,143,9,6.80295035025822,3.550232908932863,0.9161983240989859,0.0,3,6,0.9965776865160849
2021-06-30,食用菌,41.197,410.3296,273.15585,41.197,0.0,117,13,9.960181566618928,6.630479161103963,0.5021812639194805,0.0,3,6,0.9965776865160849
2021-07-01,水生根茎类,8.512,113.2644,72.5283,8.512,0.0,25,3,13.306437969924811,8.520711936090226,0.5616580010837147,0.0,4,7,0.999315537303217
2021-07-01,花叶类,148.597,966.3102,567.2133200000001,148.597,0.0,334,18,6.5028917138300235,3.8171249756051604,0.7036098517573599,0.0,4,7,0.999315537303217
2021-07-01,花菜类,33.72,298.347,192.28851,33.72,0.0,64,2,8.847775800711743,5.702506227758008,0.5515591649235825,0.0,4,7,0.999315537303217
2021-07-01,茄类,26.278,128.053,73.89687,26.278,0.0,46,3,4.873011644721821,2.8121192632620446,0.7328609452606043,0.0,4,7,0.999315537303217
2021-07-01,辣椒类,54.567,347.4836,186.17156,54.567,0.0,192,10,6.368017299833233,3.411797606612055,0.8664698303006111,0.0,4,7,0.999315537303217
2021-07-01,食用菌,32.29,342.541,220.07749,32.29,0.0,96,11,10.608268813874265,6.815654691855064,0.556456319090153,0.0,4,7,0.999315537303217
2021-07-02,水生根茎类,10.79,138.6138,87.46202,10.79,0.0,22,3,12.846506024096387,8.105840593141798,0.5848456278508092,0.0,5,7,1.002053388090349
2021-07-02,花叶类,133.047,813.2206,473.86216,133.047,0.0,296,17,6.112280622637114,3.561614767713665,0.7161543348386374,0.0,5,7,1.002053388090349
2021-07-02,花菜类,24.972,231.672,135.56956000000002,24.972,0.0,56,2,9.277270543008168,5.428862726253405,0.7088791908744112,0.0,5,7,1.002053388090349
2021-07-02,茄类,28.565,123.388,74.57191,28.565,0.0,54,4,4.3195518991773145,2.6106042359530894,0.6546176703801738,0.0,5,7,1.002053388090349
2021-07-02,辣椒类,51.498,402.209,221.10694,51.498,0.0,178,10,7.810186803371005,4.293505378849664,0.8190699939133526,0.0,5,7,1.002053388090349
2021-07-02,食用菌,34.247,357.5962,229.62874,34.247,0.0,89,11,10.441679563173418,6.705076065056793,0.5572798073969316,0.0,5,7,1.002053388090349
2021-07-03,水生根茎类,29.657,322.8914,205.7765,29.657,0.0,58,4,10.88752739656742,6.9385473918467815,0.5691364174237581,0.0,6,7,1.0047912388774811
2021-07-03,花叶类,197.925,1228.9836,707.3629099999999,197.925,0.0,432,19,6.209339901477832,3.5738936971074895,0.7374159467874843,0.0,6,7,1.0047912388774811
2021-07-03,花菜类,48.497,428.046,255.35986,48.497,0.0,94,2,8.82623667443347,5.265477452213539,0.6762462197465178,0.0,6,7,1.0047912388774811
2021-07-03,茄类,46.729,223.182,143.95381,46.729,0.0,77,3,4.776091934344839,3.080609685634189,0.5503723034492798,0.0,6,7,1.0047912388774811
2021-07-03,辣椒类,73.552,481.927,290.44537,73.552,0.0,273,11,6.552194365890798,3.9488439471394385,0.6592690047012972,0.0,6,7,1.0047912388774811
2021-07-03,食用菌,63.919,779.425,497.40024,63.919,0.0,200,13,12.19394859118572,7.781727498865752,0.566997635545974,0.0,6,7,1.0047912388774811
2021-07-04,水生根茎类,24.214,235.2362,149.3124,24.214,0.0,51,4,9.714883951433055,6.166366564797225,0.5754632569029765,0.0,7,7,1.0075290896646132
2021-07-04,花叶类,197.322,1195.2086,698.21721,197.322,0.0,414,19,6.057148214593405,3.5384661112293614,0.7118005441315314,0.0,7,7,1.0075290896646132
2021-07-04,花菜类,45.679,397.654,230.06310000000002,45.679,0.0,86,2,8.705400731189386,5.036517874734561,0.7284562365716185,0.0,7,7,1.0075290896646132
2021-07-04,茄类,39.241,194.218,114.47243,39.241,0.0,71,3,4.949364185418312,2.917163935679519,0.6966356003799339,0.0,7,7,1.0075290896646132
2021-07-04,辣椒类,57.583,393.914,238.52981,57.583,0.0,203,11,6.84080370942813,4.142365107757498,0.6514246164871385,0.0,7,7,1.0075290896646132
2021-07-04,食用菌,44.466,486.5004,316.06594,44.466,0.0,129,14,10.940952637970584,7.108036252417578,0.539237033892358,0.0,7,7,1.0075290896646132
2021-07-05,水生根茎类,14.947,131.6762,81.04834,14.947,0.0,27,4,8.809540375995184,5.422381748845923,0.6246625162218005,0.0,1,7,1.0102669404517455
2021-07-05,花叶类,176.276,1105.9436,635.71805,176.276,0.0,382,19,6.2739317887857675,3.6063789171526466,0.7396762605686595,0.0,1,7,1.0102669404517455
2021-07-05,花菜类,66.355,533.562,304.98276000000004,66.355,0.0,127,2,8.04102177680657,4.596228769497401,0.7494824953384247,0.0,1,7,1.0102669404517455
2021-07-05,茄类,49.588,227.714,124.29521000000001,49.588,0.0,87,4,4.59211906106316,2.506558239896749,0.8320416370027452,0.0,1,7,1.0102669404517455
2021-07-05,辣椒类,53.877,391.438,233.43503,53.877,0.0,204,10,7.265400820387177,4.332739944688829,0.6768605808648338,0.0,1,7,1.0102669404517455
2021-07-05,食用菌,39.351,417.1782,272.37297,39.351,0.0,117,13,10.601463749332927,6.9216276587634376,0.5316431729624271,0.0,1,7,1.0102669404517455
2021-07-06,水生根茎类,7.861,90.4666,53.01965,7.861,0.0,21,3,11.508281389136242,6.744644447271339,0.7062843681540711,0.0,2,7,1.0130047912388775
2021-07-06,花叶类,173.864,1063.0446,622.30949,173.864,0.0,385,19,6.114230663046979,3.5792889269774073,0.7082249541140697,0.0,2,7,1.0130047912388775
2021-07-06,花菜类,44.901,394.034,223.2704,44.901,0.0,100,2,8.775617469544107,4.972503953141355,0.7648286561944619,0.0,2,7,1.0130047912388775
2021-07-06,茄类,49.005,227.692,125.76644,49.005,0.0,100,4,4.646301397816549,2.566400163248648,0.8104352798727543,0.0,2,7,1.0130047912388775
2021-07-06,辣椒类,46.553,355.636,179.00041,46.553,0.0,177,10,7.639378772581789,3.845088608682577,0.9867887453442148,0.0,2,7,1.0130047912388775
2021-07-06,食用菌,34.499,454.40500000000003,271.76288999999997,34.499,0.0,112,12,13.171541204092872,7.8774135482187875,0.6720642027320216,0.0,2,7,1.0130047912388775
2021-07-07,水生根茎类,8.404,120.956,77.61715000000001,8.404,0.0,22,3,14.392670157068064,9.235738933841029,0.5583669330811554,0.0,3,7,1.0157426420260096
2021-07-07,花叶类,149.514,865.4684,522.59559,149.514,0.0,317,19,5.788544216595101,3.495295356956539,0.6560958732927691,0.0,3,7,1.0157426420260096
2021-07-07,花菜类,40.488,347.548,199.01255999999998,40.488,0.0,86,2,8.583975498913258,4.915346769413159,0.7463621391534283,0.0,3,7,1.0157426420260096
2021-07-07,茄类,31.752,116.248,80.15046,31.752,0.0,66,4,3.661123708742757,2.5242649281934995,0.45037221246141357,0.0,3,7,1.0157426420260096
2021-07-07,辣椒类,38.244,272.744,158.33561,38.244,0.0,142,10,7.131680786528607,4.140142506014016,0.7225689154827524,0.0,3,7,1.0157426420260096
2021-07-07,食用菌,24.479,301.2616,188.49995,24.479,0.0,90,9,12.306940643000122,7.700475918133911,0.5982051984629171,0.0,3,7,1.0157426420260096
2021-07-08,水生根茎类,12.209,143.56900000000002,89.6289,12.209,0.0,22,4,11.759275943975757,7.341215496764682,0.6018159321379601,0.0,4,7,1.0184804928131417
2021-07-08,花叶类,143.491,860.8002,503.29547,143.491,0.0,299,18,5.9989839083984355,3.507505488149082,0.710327732534529,0.0,4,7,1.0184804928131417
2021-07-08,花菜类,61.361,480.018,279.41238,61.361,0.0,116,2,7.822851648441192,4.553582568732582,0.7179553747761642,0.0,4,7,1.0184804928131417
2021-07-08,茄类,33.078,139.172,76.0891,33.078,0.0,63,4,4.2073885966503415,2.3002932462664005,0.8290661868782783,0.0,4,7,1.0184804928131417
2021-07-08,辣椒类,44.995,317.628,176.53645,44.995,0.0,172,11,7.059184353817091,3.923468163129237,0.7992205009220474,0.0,4,7,1.0184804928131417
2021-07-08,食用菌,33.513,320.6794,186.93959,33.513,0.0,89,10,9.568806134932712,5.578121624444246,0.7154172639407199,0.0,4,7,1.0184804928131417
2021-07-09,水生根茎类,4.507,61.784,40.39799,4.507,0.0,11,2,13.708453516751721,8.963388063013092,0.5293830212839796,0.0,5,7,1.0212183436002737
2021-07-09,花叶类,114.966,726.2382,413.50282,114.966,0.0,260,17,6.316982412191431,3.59674007967573,0.7563077320730245,0.0,5,7,1.0212183436002737
2021-07-09,花菜类,28.476,238.076,136.49701000000002,28.476,0.0,68,2,8.360584351734794,4.793405323781431,0.7441847260976628,0.0,5,7,1.0212183436002737
2021-07-09,茄类,22.810000000000002,100.952,55.38601,22.810000000000002,0.0,44,4,4.4257781674704075,2.4281459886014902,0.8226985478823987,0.0,5,7,1.0212183436002737
2021-07-09,辣椒类,34.612,268.3076,140.36846,34.612,0.0,143,11,7.751866404715127,4.055485380792788,0.9114521880485116,0.0,5,7,1.0212183436002737
2021-07-09,食用菌,24.522,255.6628,147.6012,24.522,0.0,72,10,10.425854334882963,6.0191338390017135,0.7321187090619858,0.0,5,7,1.0212183436002737
2021-07-10,水生根茎类,14.838,216.1706,139.90016,14.838,0.0,31,3,14.568715460304624,9.428505189378622,0.5451776466874663,0.0,6,7,1.0239561943874058
2021-07-10,花叶类,149.909,915.308,491.71131,149.909,0.0,305,19,6.105757492879014,3.2800653062858136,0.861474367957898,0.0,6,7,1.0239561943874058
2021-07-10,花菜类,32.422,259.789,135.06756000000001,32.422,0.0,61,2,8.012738264141632,4.165923138609587,0.9234004079143794,0.0,6,7,1.0239561943874058
2021-07-10,茄类,49.929,244.502,119.44253,49.929,0.0,98,4,4.896993731098159,2.392247591580044,1.047026297919175,0.0,6,7,1.0239561943874058
2021-07-10,辣椒类,52.771,373.0246,226.0091,52.771,0.0,204,10,7.068742301642948,4.282827689450645,0.6504848698570103,0.0,6,7,1.0239561943874058
2021-07-10,食用菌,41.077,405.5076,238.86667,41.077,0.0,117,12,9.871889378484312,5.8150953088102835,0.6976315699465314,0.0,6,7,1.0239561943874058
2021-07-11,水生根茎类,14.099,229.7322,149.3037,14.099,0.0,41,3,16.294219448187814,10.589665933754166,0.5386906017734323,0.0,7,7,1.0266940451745379
2021-07-11,花叶类,159.268,963.402,531.6153,159.268,0.0,322,17,6.048936383956602,3.337866363613532,0.8122164655531923,0.0,7,7,1.0266940451745379
2021-07-11,花菜类,48.854,349.922,224.20684,48.854,0.0,96,2,7.162606951324355,4.589324108568388,0.5607106366603267,0.0,7,7,1.0266940451745379
2021-07-11,茄类,40.365,185.3024,102.23376,40.365,0.0,80,3,4.590670135017961,2.532732813080639,0.812536289382294,0.0,7,7,1.0266940451745379
2021-07-11,辣椒类,39.195,299.916,175.26156,39.195,0.0,152,10,7.651894374282434,4.471528511289705,0.7112480340811758,0.0,7,7,1.0266940451745379
2021-07-11,食用菌,37.96,325.959,189.01907,37.96,0.0,96,10,8.58690727081138,4.979427555321391,0.7244767948546145,0.0,7,7,1.0266940451745379
2021-07-12,水生根茎类,7.559,121.7306,72.88119,7.559,0.0,20,4,16.104061383780923,9.641644397407065,0.6702608725241725,0.0,1,7,1.0294318959616702
2021-07-12,花叶类,113.732,696.778,407.56778,113.732,0.0,233,17,6.126490345725038,3.583580522632153,0.7096003025558104,0.0,1,7,1.0294318959616702
2021-07-12,花菜类,4.027,35.797,21.130159999999997,4.027,0.0,9,2,8.88924757884281,5.247121926992798,0.6941187383342102,0.0,1,7,1.0294318959616702
2021-07-12,茄类,24.025,121.8924,66.27266999999999,24.025,0.0,49,3,5.073565036420396,2.758487825182102,0.839255910468071,0.0,1,7,1.0294318959616702
2021-07-12,辣椒类,42.472,308.5996,200.66355,42.472,0.0,147,9,7.26595404030891,4.724607977020154,0.5378956467181011,0.0,1,7,1.0294318959616702
2021-07-12,食用菌,24.080000000000002,161.5922,94.868,24.080000000000002,0.0,47,9,6.71063953488372,3.9397009966777405,0.7033372686258801,0.0,1,7,1.0294318959616702
2021-07-13,水生根茎类,7.123,137.4376,85.8811,7.123,0.0,18,4,19.29490383265478,12.056872104450372,0.600324169112878,0.0,2,7,1.0321697467488022
2021-07-13,花叶类,125.696,836.301,474.19067,125.696,0.0,254,15,6.6533620799389,3.7725199688136457,0.763638664590343,0.0,2,7,1.0321697467488022
2021-07-13,花菜类,16.472,130.25,82.81736,16.472,0.0,30,2,7.907357940747935,5.027765905779503,0.5727378897371278,0.0,2,7,1.0321697467488022
2021-07-13,茄类,28.125,148.3748,85.40223,28.125,0.0,53,3,5.2755484444444445,3.0365237333333335,0.7373644692884482,0.0,2,7,1.0321697467488022
2021-07-13,辣椒类,20.112,218.46,104.77535,20.112,0.0,99,9,10.862171837708832,5.20959377486078,1.0850324050456526,0.0,2,7,1.0321697467488022
2021-07-13,食用菌,18.59,189.124,108.68039,18.59,0.0,56,8,10.173426573426573,5.846174825174826,0.7401851428762813,0.0,2,7,1.0321697467488022
2021-07-14,水生根茎类,13.082,142.7462,89.96969,13.082,0.0,23,5,10.911649594863169,6.877365081791774,0.586603221596073,0.0,3,7,1.0349075975359343
2021-07-14,花叶类,127.959,677.3820000000001,358.86091999999996,127.959,0.0,264,16,5.293742526903149,2.8044992536671898,0.8875892086549857,0.0,3,7,1.0349075975359343
2021-07-14,花菜类,33.413,238.613,150.47006,33.413,0.0,56,2,7.141322239846767,4.503338820219675,0.5857839094368678,0.0,3,7,1.0349075975359343
2021-07-14,茄类,20.281,101.12,56.0251,20.281,0.0,40,4,4.985947438489227,2.762442680341206,0.8049053013738485,0.0,3,7,1.0349075975359343
2021-07-14,辣椒类,51.339,300.0606,228.42356999999998,51.339,0.0,165,9,5.84469117045521,4.449318646642903,0.3136148778341923,0.0,3,7,1.0349075975359343
2021-07-14,食用菌,43.512,472.9676,281.0502,43.512,0.0,120,12,10.86981981981982,6.459142305570877,0.682858080157922,0.0,3,7,1.0349075975359343
2021-07-15,水生根茎类,5.78,78.5042,50.1958,5.78,0.0,15,3,13.582041522491348,8.68439446366782,0.5639595344630426,0.0,4,7,1.0376454483230664
2021-07-15,花叶类,113.94200000000001,686.1154,389.86596000000003,113.94200000000001,0.0,220,17,6.021619771462674,3.4216176651278722,0.7598751119487321,0.0,4,7,1.0376454483230664
2021-07-15,花菜类,13.019,96.575,59.71548,13.019,0.0,26,2,7.418004455027268,4.586794684691604,0.6172523439483366,0.0,4,7,1.0376454483230664
2021-07-15,茄类,17.221,112.035,60.70144,17.221,0.0,35,3,6.505719760757215,3.5248498925730214,0.8456728538894627,0.0,4,7,1.0376454483230664
2021-07-15,辣椒类,48.957,331.63,209.54226,48.957,0.0,175,10,6.773903629715873,4.280128684355659,0.5826401795990939,0.0,4,7,1.0376454483230664
2021-07-15,食用菌,29.008,302.82620000000003,188.81009,29.008,0.0,71,10,10.439402923331496,6.508897200772201,0.6038666153911585,0.0,4,7,1.0376454483230664
2021-07-16,水生根茎类,15.712,110.4704,95.29,15.712,0.0,24,4,7.030957230142566,6.064791242362526,0.1593073774792737,0.0,5,7,1.0403832991101984
2021-07-16,花叶类,236.055,1379.338,747.76461,236.055,0.0,502,16,5.843290758509669,3.1677558619813175,0.8446152459662408,0.0,5,7,1.0403832991101984
2021-07-16,花菜类,39.074,298.02,196.07682,39.074,0.0,83,2,7.627066591595434,5.018089266519937,0.5199144906572841,0.0,5,7,1.0403832991101984
2021-07-16,茄类,53.38,318.996,191.09958,53.38,0.0,105,4,5.975946047208692,3.579984638441364,0.6692658351211445,0.0,5,7,1.0403832991101984
2021-07-16,辣椒类,57.948,425.103,273.57903,57.948,0.0,212,11,7.335939117829779,4.721112549182025,0.5538581301351937,0.0,5,7,1.0403832991101984
2021-07-16,食用菌,47.644,477.731,290.38517,47.644,0.0,115,11,10.027096801276132,6.094894845101168,0.6451632154631035,0.0,5,7,1.0403832991101984
2021-07-17,水生根茎类,14.606,163.996,100.95525,14.606,0.0,27,5,11.227988497877586,6.911902642749555,0.6244425128955653,0.0,6,7,1.0431211498973305
2021-07-17,花叶类,223.655,1427.3442,806.24596,223.655,0.0,486,17,6.3819015895016875,3.60486445641725,0.7703582663533592,0.0,6,7,1.0431211498973305
2021-07-17,花菜类,79.353,592.918,374.91111,79.353,0.0,147,2,7.471904023792422,4.724599069978451,0.581489542947927,0.0,6,7,1.0431211498973305
2021-07-17,茄类,29.918,198.727,111.16689,29.918,0.0,56,5,6.642389197138846,3.71571929941841,0.787645584040356,0.0,6,7,1.0431211498973305
2021-07-17,辣椒类,60.204,446.595,269.04087,60.204,0.0,242,12,7.4180287024118,4.468820510265099,0.6599522592980018,0.0,6,7,1.0431211498973305
2021-07-17,食用菌,46.115,520.0804,323.6739,46.115,0.0,148,9,11.277900899924104,7.018842025371354,0.6068036378589687,0.0,6,7,1.0431211498973305
2021-07-18,水生根茎类,17.119,187.5786,109.56336,17.119,0.0,29,5,10.957333956422689,6.40010280974356,0.7120559281862113,0.0,7,7,1.0458590006844628
2021-07-18,花叶类,230.327,1379.9988,801.80126,230.327,0.0,486,20,5.991476466067808,3.481143157337177,0.7211232618916066,0.0,7,7,1.0458590006844628
2021-07-18,花菜类,60.81,458.842,280.72564,60.81,0.0,110,2,7.545502384476237,4.616438743627692,0.6344855425389715,0.0,7,7,1.0458590006844628
2021-07-18,茄类,31.604,190.157,110.84248000000001,31.604,0.0,65,5,6.016864953803316,3.5072294646247313,0.7155606767369334,0.0,7,7,1.0458590006844628
2021-07-18,辣椒类,67.134,505.163,284.53602,67.134,0.0,245,11,7.524696874906903,4.238329609437841,0.7753920927129014,0.0,7,7,1.0458590006844628
2021-07-18,食用菌,43.166,495.52660000000003,304.30505,43.166,0.0,125,10,11.479557985451514,7.049646712690544,0.6283876984624475,0.0,7,7,1.0458590006844628
2021-07-19,水生根茎类,7.413,122.9282,78.96452,7.413,0.0,18,4,16.582786995818157,10.652167813300956,0.556752323701835,0.0,1,7,1.0485968514715949
2021-07-19,花叶类,172.294,1081.8358,621.97476,172.294,0.0,367,17,6.279010296353906,3.609961809465216,0.7393564330488267,0.0,1,7,1.0485968514715949
2021-07-19,花菜类,34.935,270.339,171.3363,34.935,0.0,76,2,7.738342636324602,4.904431086303134,0.5778267652563991,0.0,1,7,1.0485968514715949
2021-07-19,茄类,19.986,113.711,65.82059,19.986,0.0,38,4,5.689532672871009,3.2933348343840687,0.7275901051631413,0.0,1,7,1.0485968514715949
2021-07-19,辣椒类,40.146,339.608,163.83607,40.146,0.0,138,9,8.45932346933692,4.081006077815972,1.0728524555062875,0.0,1,7,1.0485968514715949
2021-07-19,食用菌,40.629,371.048,236.39792,40.629,0.0,95,9,9.132590021905536,5.818452829259889,0.5695907984300368,0.0,1,7,1.0485968514715949
2021-07-20,水生根茎类,7.694,138.7414,84.02492000000001,7.694,0.0,22,3,18.03241486872888,10.920837015856513,0.6511934792678169,0.0,2,7,1.051334702258727
2021-07-20,花叶类,152.362,988.2304,555.46403,152.362,0.0,311,20,6.4860687047951595,3.6456861290873053,0.7791078208970617,0.0,2,7,1.051334702258727
2021-07-20,花菜类,46.461,363.393,236.23989,46.461,0.0,101,2,7.821463162652547,5.084692322593143,0.5382372553593722,0.0,2,7,1.051334702258727
2021-07-20,茄类,19.324,121.593,73.16496000000001,19.324,0.0,36,5,6.292330780376734,3.7862223142206584,0.6619020908369251,0.0,2,7,1.051334702258727
2021-07-20,辣椒类,40.886,299.178,188.45973,40.886,0.0,155,11,7.317370248984982,4.609395147483246,0.5874903354684844,0.0,2,7,1.051334702258727
2021-07-20,食用菌,27.025,315.734,194.88721,27.025,0.0,88,9,11.683034227567067,7.211367622571694,0.6200857921871832,0.0,2,7,1.051334702258727
2021-07-21,水生根茎类,11.756,182.1862,120.69572,11.756,0.0,21,4,15.497294998298742,10.266733582851309,0.5094669471295257,0.0,3,7,1.054072553045859
2021-07-21,花叶类,152.653,976.6402,555.2549300000001,152.653,0.0,327,22,6.397779277184203,3.6373666419919695,0.7589041487664052,0.0,3,7,1.054072553045859
2021-07-21,花菜类,52.983,412.202,292.86789,52.983,0.0,103,2,7.7798916633637205,5.527582243361079,0.4074673737704737,0.0,3,7,1.054072553045859
2021-07-21,茄类,22.554,160.268,96.24656,22.554,0.0,48,4,7.105967899263989,4.267383169282611,0.6651815919446888,0.0,3,7,1.054072553045859
2021-07-21,辣椒类,58.081,419.509,263.02974,58.081,0.0,215,12,7.222826741963809,4.528670993956715,0.5949109024705725,0.0,3,7,1.054072553045859
2021-07-21,食用菌,36.182,370.4296,225.05829,36.182,0.0,99,12,10.237952573102646,6.220172737825438,0.6459273728597155,0.0,3,7,1.054072553045859
2021-07-22,水生根茎类,8.25,130.7392,73.98271,8.25,0.0,12,3,15.847175757575759,8.967601212121211,0.7671588402209113,0.0,4,7,1.056810403832991
2021-07-22,花叶类,154.625,1038.613,563.7747800000001,154.625,0.0,327,22,6.716979789814067,3.6460778011317707,0.8422480693442866,0.0,4,7,1.056810403832991
2021-07-22,花菜类,34.223,273.784,186.09568,34.223,0.0,68,2,8.0,5.437737194284545,0.47120019121346624,0.0,4,7,1.056810403832991
2021-07-22,茄类,26.636,210.27100000000002,114.64242,26.636,0.0,54,4,7.894240877008561,4.304040396455925,0.8341465576180267,0.0,4,7,1.056810403832991
2021-07-22,辣椒类,56.815,403.981,254.06311,56.815,0.0,187,12,7.110463785972015,4.471761154624659,0.5900812990913953,0.0,4,7,1.056810403832991
2021-07-22,食用菌,31.031,311.7148,189.6605,31.031,0.0,87,8,10.045270858174085,6.111968676484806,0.6435409587130689,0.0,4,7,1.056810403832991
2021-07-23,水生根茎类,13.844,166.7126,115.96773,13.844,0.0,36,3,12.042227679861313,8.376750216700376,0.4375775053974067,0.0,5,7,1.0595482546201231
2021-07-23,花叶类,150.636,975.7726,535.64744,150.636,0.0,328,20,6.477685281074909,3.55590589234977,0.8216694921570056,0.0,5,7,1.0595482546201231
2021-07-23,花菜类,21.488,189.352,123.36568,21.488,0.0,47,2,8.811988086373791,5.74114296351452,0.5348839320627912,0.0,5,7,1.0595482546201231
2021-07-23,茄类,19.1,168.03300000000002,98.49738,19.1,0.0,41,3,8.797539267015708,5.156930890052356,0.7059641586405649,0.0,5,7,1.0595482546201231
2021-07-23,辣椒类,45.06,314.498,206.4223,45.06,0.0,165,11,6.979538393253439,4.581054150022193,0.5235660100677106,0.0,5,7,1.0595482546201231
2021-07-23,食用菌,28.61,371.2368,225.33855,28.61,0.0,102,9,12.975770709542118,7.876216357916812,0.6474624514979794,0.0,5,7,1.0595482546201231
2021-07-24,水生根茎类,32.222,414.317,281.94736,32.222,0.0,69,3,12.858202470361864,8.750150828626404,0.46948352344919964,0.0,6,7,1.0622861054072552
2021-07-24,花叶类,206.036,1337.4462,748.26193,206.036,0.0,432,16,6.491322875613971,3.631704799161312,0.7874037771773315,0.0,6,7,1.0622861054072552
2021-07-24,花菜类,32.248,316.075,202.08024,32.248,0.0,73,2,9.80138303150583,6.266442570081866,0.5641064163423402,0.0,6,7,1.0622861054072552
2021-07-24,茄类,37.029,292.866,207.2634,37.029,0.0,76,4,7.909098274325528,5.597326419833103,0.4130135856113526,0.0,6,7,1.0622861054072552
2021-07-24,辣椒类,82.893,565.806,356.93300999999997,82.893,0.0,295,12,6.825739205964316,4.305948753211972,0.5851882122082239,0.0,6,7,1.0622861054072552
2021-07-24,食用菌,35.038,464.90540000000004,265.14197,35.038,0.0,110,12,13.268605514013359,7.567268965123581,0.7534206297101889,0.0,6,7,1.0622861054072552
2021-07-25,水生根茎类,24.134,279.756,192.08544,24.134,0.0,50,2,11.591779232617883,7.959121571227314,0.4564143955939606,0.0,7,7,1.0650239561943875
2021-07-25,花叶类,248.368,1559.6314,935.49554,248.368,0.0,517,16,6.279518295432584,3.7665703311215615,0.6671713902559064,0.0,7,7,1.0650239561943875
2021-07-25,花菜类,45.96,457.02,306.5532,45.96,0.0,109,2,9.943864229765012,6.67,0.4908342173560738,0.0,7,7,1.0650239561943875
2021-07-25,茄类,29.736,260.812,183.21137000000002,29.736,0.0,65,4,8.770917406510627,6.1612647968792045,0.4235579374795351,0.0,7,7,1.0650239561943875
2021-07-25,辣椒类,72.385,530.6142,289.97706,72.385,0.0,250,10,7.330444152794087,4.006037991296539,0.8298488852876844,0.0,7,7,1.0650239561943875
2021-07-25,食用菌,36.532000000000004,532.1476,324.64094,36.532000000000004,0.0,129,9,14.56661556991131,8.8864814409285,0.6391882058991081,0.0,7,7,1.0650239561943875
2021-07-26,水生根茎类,16.444,216.31560000000002,149.7016,16.444,0.0,38,3,13.154682558988082,9.103721722208709,0.4449785439834979,0.0,1,7,1.0677618069815196
2021-07-26,花叶类,154.647,984.0568,577.61551,154.647,0.0,357,16,6.363245326453148,3.7350579707333478,0.703653698634235,0.0,1,7,1.0677618069815196
2021-07-26,花菜类,12.073,117.205,80.65939,12.073,0.0,29,2,9.708026174107513,6.6809732460863085,0.4530856233849525,0.0,1,7,1.0677618069815196
2021-07-26,茄类,16.386,151.355,104.16159999999999,16.386,0.0,34,3,9.23684852923227,6.356743561576955,0.4530786777468856,0.0,1,7,1.0677618069815196
2021-07-26,辣椒类,47.928,316.5808,214.85045,47.928,0.0,179,6,6.605341345351361,4.482775204473377,0.4734937720633119,0.0,1,7,1.0677618069815196
2021-07-26,食用菌,30.861,434.8576,265.44505,30.861,0.0,108,9,14.090846051650951,8.601310715790156,0.6382207918362011,0.0,1,7,1.0677618069815196
2021-07-27,水生根茎类,33.891,461.22240000000005,317.5699,33.891,0.0,73,3,13.608993538107464,9.370331356407307,0.45234923083075573,0.0,2,7,1.0704996577686516
2021-07-27,花叶类,189.082,1108.737,663.71012,189.082,0.0,383,17,5.8637892554553055,3.5101708253561945,0.6705139285807487,0.0,2,7,1.0704996577686516
2021-07-27,花菜类,38.891,385.043,263.56497,38.891,0.0,89,2,9.900568254866165,6.777017047645986,0.4609035487530835,0.0,2,7,1.0704996577686516
2021-07-27,茄类,20.927,175.163,110.31126,20.927,0.0,48,4,8.3701916184833,5.271240980551441,0.5878977359156266,0.0,2,7,1.0704996577686516
2021-07-27,辣椒类,54.649,385.495,246.81171,54.649,0.0,186,10,7.054017456861058,4.5163078921846695,0.5618991497607628,0.0,2,7,1.0704996577686516
2021-07-27,食用菌,29.008,374.1788,225.76155,29.008,0.0,96,9,12.899158852730283,7.782734073359074,0.6574071182626093,0.0,2,7,1.0704996577686516
2021-07-28,水生根茎类,32.418,446.93320000000006,310.51738,32.418,0.0,64,3,13.786575359368253,9.578548337343452,0.43931782497971605,0.0,3,7,1.0732375085557837
2021-07-28,花叶类,205.803,1317.1194,791.36123,205.803,0.0,413,19,6.39990379148992,3.845236609767593,0.6643719076306025,0.0,3,7,1.0732375085557837
2021-07-28,花菜类,58.303,551.396,390.86558,58.303,0.0,115,2,9.457420715915132,6.704038900228119,0.4107049282773887,0.0,3,7,1.0732375085557837
2021-07-28,茄类,15.551,140.416,90.46064,15.551,0.0,31,4,9.029387177673462,5.8170304160504145,0.5522331038117794,0.0,3,7,1.0732375085557837
2021-07-28,辣椒类,63.485,447.5016,278.95503,63.485,0.0,200,11,7.048934393951327,4.394030558399622,0.6042069576590892,0.0,3,7,1.0732375085557837
2021-07-28,食用菌,35.805,377.714,233.45076,35.805,0.0,100,11,10.54919703951962,6.520060326770004,0.6179600357694275,0.0,3,7,1.0732375085557837
2021-07-29,水生根茎类,17.107,191.83440000000002,131.92886000000001,17.107,0.0,38,2,11.213795522300813,7.711981060384639,0.4540745671568751,0.0,4,7,1.0759753593429158
2021-07-29,花叶类,193.613,1300.9928,798.25725,193.613,0.0,399,17,6.719552922582678,4.122952745941647,0.6297913987001056,0.0,4,7,1.0759753593429158
2021-07-29,花菜类,31.376,291.748,202.78616,31.376,0.0,60,2,9.29844467108618,6.463097909229984,0.43869778884318356,0.0,4,7,1.0759753593429158
2021-07-29,茄类,59.522,286.203,184.34669,59.522,0.0,116,4,4.80835657403985,3.0971185444037497,0.5525258413915648,0.0,4,7,1.0759753593429158
2021-07-29,辣椒类,33.377,251.3928,144.66926,33.377,0.0,126,12,7.531917188483086,4.334399736345388,0.7377070982460265,0.0,4,7,1.0759753593429158
2021-07-29,食用菌,26.28,332.216,208.26154,26.28,0.0,85,10,12.641400304414002,7.924716133942161,0.5951865140342283,0.0,4,7,1.0759753593429158
2021-07-30,水生根茎类,20.72,247.3596,169.4989,20.72,0.0,46,3,11.938204633204634,8.180448841698842,0.45935814332718383,0.0,5,7,1.0787132101300478
2021-07-30,花叶类,214.155,1472.2514,868.6255100000001,214.155,0.0,412,20,6.874700100394574,4.05605990987836,0.6949207489888247,0.0,5,7,1.0787132101300478
2021-07-30,花菜类,43.27,409.18,273.7601,43.27,0.0,94,2,9.456436330020798,6.326787612664663,0.49466631550762874,0.0,5,7,1.0787132101300478
2021-07-30,茄类,33.845,227.4,136.91965,33.845,0.0,68,3,6.718865415866451,4.045491209927611,0.6608280842085126,0.0,5,7,1.0787132101300478
2021-07-30,辣椒类,50.321,372.582,224.19507,50.321,0.0,176,10,7.404105641779774,4.4552983843723295,0.6618652675993277,0.0,5,7,1.0787132101300478
2021-07-30,食用菌,28.865,370.7968,224.10354999999998,28.865,0.0,93,10,12.845896414342631,7.763850684219643,0.6545779841506305,0.0,5,7,1.0787132101300478
2021-07-31,水生根茎类,23.282,292.8128,190.58912,23.282,0.0,49,3,12.576788935658447,8.18611459496607,0.5363563250619969,0.0,6,7,1.08145106091718
2021-07-31,花叶类,255.633,1735.4950000000001,1003.35983,255.633,0.0,492,19,6.789010026092093,3.9250011931166946,0.7296835572936979,0.0,6,7,1.08145106091718
2021-07-31,花菜类,47.859,468.086,305.85648,47.859,0.0,103,2,9.780521949894482,6.390782924841722,0.5304106030383924,0.0,6,7,1.08145106091718
2021-07-31,茄类,24.536,181.5038,115.67446000000001,24.536,0.0,47,4,7.397448646886208,4.714479132702968,0.5690913966661266,0.0,6,7,1.08145106091718
2021-07-31,辣椒类,57.015,478.348,277.51134,57.015,0.0,215,11,8.38986231693414,4.867339121283873,0.7237061375581983,0.0,6,7,1.08145106091718
2021-07-31,食用菌,44.434,444.371,270.27987,44.434,0.0,118,10,10.000697663951028,6.082726515731197,0.6441143027040821,0.0,6,7,1.08145106091718
2021-08-01,水生根茎类,8.926,143.1708,95.89577,8.926,0.0,20,3,16.039749047725746,10.743420345059377,0.4929834757049243,0.0,7,8,1.0841889117043122
2021-08-01,花叶类,247.075,1663.3868,969.1646000000001,247.075,0.0,501,18,6.732315288879895,3.9225522614590718,0.7163099023633341,0.0,7,8,1.0841889117043122
2021-08-01,花菜类,10.801,108.01,71.50262000000001,10.801,0.0,21,1,10.0,6.620000000000001,0.5105740181268881,0.0,7,8,1.0841889117043122
2021-08-01,茄类,10.155000000000001,60.2954,39.39652,10.155000000000001,0.0,22,3,5.9375086164451005,3.8795194485475135,0.530475280557775,0.0,7,8,1.0841889117043122
2021-08-01,辣椒类,33.848,282.496,156.25863999999999,33.848,0.0,154,12,8.346017489955093,4.616480737414323,0.8078744317754205,0.0,7,8,1.0841889117043122
2021-08-01,食用菌,42.846000000000004,511.70980000000003,314.53296,42.846000000000004,0.0,139,8,11.943000513466835,7.341011062876348,0.6268876877005196,0.0,7,8,1.0841889117043122
2021-08-02,水生根茎类,5.183,54.208,32.14169,5.183,0.0,10,2,10.458807640362725,6.201367933629172,0.6865323509747001,0.0,1,8,1.0869267624914443
2021-08-02,花叶类,281.264,1879.2524,1067.13064,281.264,0.0,545,16,6.681453723192446,3.7940534160077366,0.7610331196187938,0.0,1,8,1.0869267624914443
2021-08-02,花菜类,2.36,23.6,15.8356,2.36,0.0,5,1,10.000000000000002,6.71,0.49031296572280203,0.0,1,8,1.0869267624914443
2021-08-02,茄类,22.493,176.326,86.29334,22.493,0.0,42,4,7.839149957764638,3.836453118748055,1.043332660434745,0.0,1,8,1.0869267624914443
2021-08-02,辣椒类,32.36,300.104,138.45823000000001,32.36,0.0,122,11,9.273918417799752,4.278684487021014,1.1674695682589613,0.0,1,8,1.0869267624914443
2021-08-02,食用菌,56.195,625.5228000000001,383.69722,56.195,0.0,142,11,11.131289260610377,6.827960138802385,0.6302510609798009,0.0,1,8,1.0869267624914443
2021-08-03,水生根茎类,6.123,81.49040000000001,58.47065,6.123,0.0,16,3,13.308900865588765,9.549346725461374,0.3936975217480909,0.0,2,8,1.0896646132785763
2021-08-03,花叶类,264.825,1646.6174,938.85339,264.825,0.0,473,18,6.217756631737941,3.545184140470122,0.7538599929856993,0.0,2,8,1.0896646132785763
2021-08-03,花菜类,3.654,36.239,24.81311,3.654,0.0,8,2,9.917624521072796,6.790670498084292,0.4604779489552093,0.0,2,8,1.0896646132785763
2021-08-03,茄类,16.811,142.606,85.8124,16.811,0.0,34,4,8.48289810243293,5.104538694902147,0.6618344202003439,0.0,2,8,1.0896646132785763
2021-08-03,辣椒类,31.535,320.484,135.76544,31.535,0.0,129,10,10.162803234501347,4.305230378944031,1.3605712911916314,0.0,2,8,1.0896646132785763
2021-08-03,食用菌,42.284,608.0310000000001,374.00032,42.284,0.0,130,10,14.37969444707218,8.844960741651688,0.6257499458823996,0.0,2,8,1.0896646132785763
2021-08-04,水生根茎类,4.732,53.79,33.35842,4.732,0.0,9,2,11.367286559594252,7.049539306847,0.6124864427032215,0.0,3,8,1.0924024640657084
2021-08-04,花叶类,313.269,1981.2976,1165.11302,313.269,0.0,594,15,6.324588771949986,3.719209433426225,0.7005196628907298,0.0,3,8,1.0924024640657084
2021-08-04,花菜类,1.055,10.137,5.9482800000000005,1.055,0.0,3,2,9.608530805687204,5.638180094786731,0.704190118824265,0.0,3,8,1.0924024640657084
2021-08-04,茄类,23.525,168.848,106.41383,23.525,0.0,44,4,7.177385759829969,4.523435919234857,0.5867110506218975,0.0,3,8,1.0924024640657084
2021-08-04,辣椒类,36.548,361.034,177.78828,36.548,0.0,143,11,9.878351756594068,4.864514610922622,1.0306962866168683,0.0,3,8,1.0924024640657084
2021-08-04,食用菌,49.558,618.616,377.38241999999997,49.558,0.0,147,10,12.482666774284676,7.6149646878405095,0.6392284516061983,0.0,3,8,1.0924024640657084
2021-08-05,水生根茎类,4.024,45.658,28.3206,4.024,0.0,7,2,11.346421471172963,7.037922465208747,0.6121833576972242,0.0,4,8,1.0951403148528405
2021-08-05,花叶类,244.992,1566.3924,925.75222,244.992,0.0,510,16,6.393647139498433,3.7787038760449323,0.6920212192415807,0.0,4,8,1.0951403148528405
2021-08-05,花菜类,10.352,98.91,62.38844,10.352,0.0,20,2,9.554675425038639,6.02670401854714,0.5853898574800074,0.0,4,8,1.0951403148528405
2021-08-05,茄类,21.576,166.29,104.34075,21.576,0.0,47,4,7.707174638487207,4.835963570634037,0.5937205741764364,0.0,4,8,1.0951403148528405
2021-08-05,辣椒类,28.675,239.846,126.05405999999999,28.675,0.0,114,10,8.364289450741063,4.395956756756757,0.9027233236279735,0.0,4,8,1.0951403148528405
2021-08-05,食用菌,58.355,635.8422,400.58741,58.355,0.0,155,11,10.896104875332021,6.864663010881673,0.5872745476449199,0.0,4,8,1.0951403148528405
2021-08-06,水生根茎类,22.376,289.6244,189.86589999999998,22.376,0.0,41,3,12.943528780836608,8.485247586700034,0.5254155696204532,0.0,5,8,1.0978781656399725
2021-08-06,花叶类,189.756,1238.855,749.81678,189.756,0.0,405,17,6.528673665127848,3.9514786357216636,0.6522102906259313,0.0,5,8,1.0978781656399725
2021-08-06,花菜类,28.948,287.259,201.35531999999998,28.948,0.0,65,2,9.92327621942794,6.955759292524526,0.42662731732143966,0.0,5,8,1.0978781656399725
2021-08-06,茄类,20.331,180.138,121.61214,20.331,0.0,42,4,8.860262653091338,5.981611332447986,0.48125014492796514,0.0,5,8,1.0978781656399725
2021-08-06,辣椒类,51.048,389.196,241.33873,51.048,0.0,208,11,7.624118476727785,4.727682377370318,0.612654545749868,0.0,5,8,1.0978781656399725
2021-08-06,食用菌,51.397,616.4218000000001,387.44528,51.397,0.0,151,11,11.993342023853534,7.538285892172696,0.5909906038860508,0.0,5,8,1.0978781656399725
2021-08-07,水生根茎类,28.627,367.7876,230.53614000000002,28.627,0.0,56,3,12.847577461836728,8.053101617354248,0.5953576736385018,0.0,6,8,1.1006160164271048
2021-08-07,花叶类,232.089,1516.8392,899.24066,232.089,0.0,501,16,6.535592811378393,3.874550969671118,0.6868000608424443,0.0,6,8,1.1006160164271048
2021-08-07,花菜类,40.416,404.16,283.72032,40.416,0.0,93,1,10.000000000000002,7.020000000000001,0.4245014245014245,0.0,6,8,1.1006160164271048
2021-08-07,茄类,23.784,229.052,151.19157,23.784,0.0,50,4,9.630507904473596,6.356860494450051,0.5149786459655126,0.0,6,8,1.1006160164271048
2021-08-07,辣椒类,69.382,506.552,334.57214,69.382,0.0,250,9,7.30091378167248,4.822174915684183,0.51402923148353,0.0,6,8,1.1006160164271048
2021-08-07,食用菌,42.763,389.0528,230.78941,42.763,0.0,111,11,9.097883684493604,5.396941514860978,0.6857480592372067,0.0,6,8,1.1006160164271048
2021-08-08,水生根茎类,23.912,268.8992,184.169,23.912,0.0,43,3,11.245366343258615,7.7019488123118105,0.4600676552514267,0.0,7,8,1.103353867214237
2021-08-08,花叶类,265.313,1848.8332,1085.10313,265.313,0.0,534,17,6.968498339696887,4.089898082642011,0.7038317823302198,0.0,7,8,1.103353867214237
2021-08-08,花菜类,50.406,504.06,353.85012,50.406,0.0,114,1,10.0,7.0200000000000005,0.4245014245014245,0.0,7,8,1.103353867214237
2021-08-08,茄类,32.192,361.536,251.6262,32.192,0.0,70,3,11.23061630218688,7.816420228628231,0.4367979169100833,0.0,7,8,1.103353867214237
2021-08-08,辣椒类,54.567,371.165,253.10344,54.567,0.0,201,9,6.802004874741145,4.638397566294647,0.4664557700203522,0.0,7,8,1.103353867214237
2021-08-08,食用菌,46.133,338.89,200.93312,46.133,0.0,100,10,7.3459345804521705,4.355518175709362,0.6865810872791902,0.0,7,8,1.103353867214237
2021-08-09,水生根茎类,19.711000000000002,197.11,125.12960000000001,19.711000000000002,0.0,38,2,10.0,6.348211658464816,0.5752467841342097,0.0,1,8,1.106091718001369
2021-08-09,花叶类,234.344,1618.7516,944.24291,234.344,0.0,444,17,6.907587136858636,4.029302691769365,0.7143381039525096,0.0,1,8,1.106091718001369
2021-08-09,花菜类,56.607,566.07,385.49367,56.607,0.0,142,1,10.000000000000002,6.8100000000000005,0.4684287812041117,0.0,1,8,1.106091718001369
2021-08-09,茄类,31.015,238.654,155.30942,31.015,0.0,64,4,7.6947928421731415,5.007558278252458,0.536635704389341,0.0,1,8,1.106091718001369
2021-08-09,辣椒类,61.457,410.056,240.97588000000002,61.457,0.0,219,10,6.672242380851652,3.9210485380021805,0.701647484387234,0.0,1,8,1.106091718001369
2021-08-09,食用菌,31.739,281.6228,172.80691,31.739,0.0,79,11,8.873083588014744,5.444623649138284,0.6296964050800977,0.0,1,8,1.106091718001369
2021-08-10,水生根茎类,24.532,273.6644,174.82946,24.532,0.0,52,3,11.155405185064406,7.126588129789663,0.5653220000793915,0.0,2,8,1.108829568788501
2021-08-10,花叶类,193.189,1428.8936,810.83641,193.189,0.0,421,17,7.396350723902501,4.197114794320588,0.7622464684337498,0.0,2,8,1.108829568788501
2021-08-10,花菜类,10.586,105.257,70.16642,10.586,0.0,26,2,9.943037974683545,6.6282278481012655,0.5001050359987016,0.0,2,8,1.108829568788501
2021-08-10,茄类,22.361,200.91,146.6116,22.361,0.0,48,4,8.984839676221993,6.556576181745003,0.3703554152604567,0.0,2,8,1.108829568788501
2021-08-10,辣椒类,66.971,474.76,253.19821,66.971,0.0,223,8,7.089038539069149,3.78071418972391,0.8750527501754455,0.0,2,8,1.108829568788501
2021-08-10,食用菌,29.787,274.8276,168.26541,29.787,0.0,72,10,9.226427636217142,5.648954577500252,0.633298251851049,0.0,2,8,1.108829568788501
2021-08-11,水生根茎类,20.738,207.38,131.14399,20.738,0.0,41,2,10.0,6.323849455106568,0.5813153160888274,0.0,3,8,1.111567419575633
2021-08-11,花叶类,225.45,1570.7226,910.63705,225.45,0.0,434,16,6.967055222887558,4.0391973830117545,0.724861293530721,0.0,3,8,1.111567419575633
2021-08-11,花菜类,1.054,10.540000000000001,7.146120000000001,1.054,0.0,1,1,10.0,6.78,0.47492625368731556,0.0,3,8,1.111567419575633
2021-08-11,茄类,25.242,242.02700000000002,184.91074,25.242,0.0,48,4,9.588265589097537,7.325518580144204,0.30888557365570013,0.0,3,8,1.111567419575633
2021-08-11,辣椒类,61.666000000000004,431.338,224.246,61.666000000000004,0.0,188,9,6.994745889144747,3.6364609347128076,0.9235036522390587,0.0,3,8,1.111567419575633
2021-08-11,食用菌,34.304,313.33320000000003,183.9145,34.304,0.0,78,11,9.134013526119404,5.361313549440299,0.7036894861470957,0.0,3,8,1.111567419575633
2021-08-12,水生根茎类,2.6100000000000003,26.1,14.961780000000001,2.6100000000000003,0.0,6,2,10.0,5.732482758620689,0.7444448454662482,0.0,4,8,1.1143052703627652
2021-08-12,花叶类,232.855,1569.154,929.86541,232.855,0.0,461,17,6.738760172639626,3.9933237851882075,0.6875065822697932,0.0,4,8,1.1143052703627652
2021-08-12,花菜类,12.87,128.7,74.99082,12.87,0.0,20,2,10.0,5.826792540792541,0.7162100641118474,0.0,4,8,1.1143052703627652
2021-08-12,茄类,37.175,284.422,186.94068,37.175,0.0,75,4,7.650894418291864,5.028666577000672,0.5214558971327163,0.0,4,8,1.1143052703627652
2021-08-12,辣椒类,83.793,583.412,342.24441,83.793,0.0,253,11,6.962538636878976,4.084403351115248,0.7046648037290077,0.0,4,8,1.1143052703627652
2021-08-12,食用菌,40.144,364.8068,217.88134,40.144,0.0,90,11,9.087455161418893,5.427494519728976,0.6743370496987031,0.0,4,8,1.1143052703627652
2021-08-13,水生根茎类,2.308,23.08,13.89416,2.308,0.0,4,1,10.0,6.0200000000000005,0.6611295681063121,0.0,5,8,1.1170431211498972
2021-08-13,花叶类,256.322,1792.7274,1093.3541,256.322,0.0,523,17,6.994044210017088,4.265549192031897,0.6396585516073887,0.0,5,8,1.1170431211498972
2021-08-13,花菜类,3.504,35.04,25.43904,3.504,0.0,6,1,10.0,7.26,0.3774104683195594,0.0,5,8,1.1170431211498972
2021-08-13,茄类,49.079,373.146,279.49166,49.079,0.0,94,4,7.6029666456121765,5.694730128975733,0.335088138229241,0.0,5,8,1.1170431211498972
2021-08-13,辣椒类,88.147,648.948,409.50947,88.147,0.0,292,13,7.362111019093105,4.645756180017471,0.5846959534293552,0.0,5,8,1.1170431211498972
2021-08-13,食用菌,50.122,457.1332,280.44319,50.122,0.0,116,11,9.120410199114161,5.595211483979091,0.6300385115431042,0.0,5,8,1.1170431211498972
2021-08-14,水生根茎类,3.6550000000000002,36.55,21.93,3.6550000000000002,0.0,7,1,9.999999999999998,5.999999999999999,0.6666666666666665,0.0,6,8,1.1197809719370295
2021-08-14,花叶类,254.376,1779.0426,1071.94716,254.376,0.0,515,17,6.993751769034814,4.214026323238041,0.6596364693946295,0.0,6,8,1.1197809719370295
2021-08-14,花菜类,16.528,165.28,120.65440000000001,16.528,0.0,15,1,10.0,7.300000000000002,0.36986301369862984,0.0,6,8,1.1197809719370295
2021-08-14,茄类,35.09,245.624,145.10044,35.09,0.0,70,4,6.999829011114277,4.13509375890567,0.6927860453076504,0.0,6,8,1.1197809719370295
2021-08-14,辣椒类,96.491,658.863,437.08614,96.491,0.0,339,10,6.82823268491362,4.52981252137505,0.5073985187450696,0.0,6,8,1.1197809719370295
2021-08-14,食用菌,49.995,530.7826,316.87716,49.995,0.0,125,11,10.616713671367137,6.338177017701771,0.6750421519809127,0.0,6,8,1.1197809719370295
2021-08-15,水生根茎类,8.775,87.75,54.30744,8.775,0.0,17,2,10.0,6.188882051282051,0.6158007079692949,0.0,7,8,1.1225188227241616
2021-08-15,花叶类,241.663,1758.9154,1038.87495,241.663,0.0,506,15,7.27838105129871,4.298858120605967,0.6930963635228671,0.0,7,8,1.1225188227241616
2021-08-15,花菜类,8.103,81.03,59.55705,8.103,0.0,9,1,10.0,7.35,0.3605442176870748,0.0,7,8,1.1225188227241616
2021-08-15,茄类,31.245,211.173,119.76970999999999,31.245,0.0,66,4,6.758617378780604,3.8332440390462468,0.7631586483761212,0.0,7,8,1.1225188227241616
2021-08-15,辣椒类,78.29899999999999,602.909,354.18644,78.29899999999999,0.0,271,10,7.700085569419789,4.5235116668156685,0.7022362572660885,0.0,7,8,1.1225188227241616
2021-08-15,食用菌,51.462,439.99240000000003,254.13029,51.462,0.0,108,11,8.549850375034005,4.938212467451712,0.7313654346359104,0.0,7,8,1.1225188227241616
2021-08-16,水生根茎类,9.999,104.99,61.394,9.999,0.0,20,2,10.5000500050005,6.140014001400139,0.7101019643613382,0.0,1,8,1.1252566735112937
2021-08-16,花叶类,164.836,1262.7722,749.68632,164.836,0.0,351,18,7.660779198718727,4.548073964425247,0.6844007504365293,0.0,1,8,1.1252566735112937
2021-08-16,花菜类,6.045,60.45,44.733000000000004,6.045,0.0,5,1,10.0,7.4,0.3513513513513513,0.0,1,8,1.1252566735112937
2021-08-16,茄类,24.663,164.12199999999999,100.72729,24.663,0.0,46,3,6.65458378948222,4.084145886550703,0.6293697566965217,0.0,1,8,1.1252566735112937
2021-08-16,辣椒类,52.116,434.341,244.68907,52.116,0.0,197,9,8.334120039910967,4.695085386445621,0.7750731571295768,0.0,1,8,1.1252566735112937
2021-08-16,食用菌,33.844,311.0786,176.69574,33.844,0.0,79,9,9.19154355277154,5.220888192885002,0.7605325402864833,0.0,1,8,1.1252566735112937
2021-08-17,水生根茎类,11.992,127.074,74.27705,11.992,0.0,23,2,10.596564376250832,6.1938834222815204,0.7108110782536461,0.0,2,8,1.1279945242984257
2021-08-17,花叶类,171.909,1335.0646,798.19562,171.909,0.0,380,13,7.766112303602488,4.643128748349417,0.672603264848785,0.0,2,8,1.1279945242984257
2021-08-17,花菜类,9.498000000000001,94.98,70.38018,9.498000000000001,0.0,10,1,10.0,7.409999999999998,0.3495276653171393,0.0,2,8,1.1279945242984257
2021-08-17,茄类,28.565,196.07,123.25821,28.565,0.0,64,4,6.863994398739716,4.315008226851042,0.5907256806666263,0.0,2,8,1.1279945242984257
2021-08-17,辣椒类,59.86,465.63800000000003,290.2643,59.86,0.0,203,9,7.778783828934181,4.8490527898429665,0.6041862537005072,0.0,2,8,1.1279945242984257
2021-08-17,食用菌,47.653999999999996,379.826,222.49227,47.653999999999996,0.0,97,11,7.970495656188358,4.668910689553868,0.7071424548816909,0.0,2,8,1.1279945242984257
2021-08-18,水生根茎类,11.666,124.20400000000001,74.03204,11.666,0.0,26,2,10.646665523744215,6.345966055203154,0.6777060310643881,0.0,3,8,1.1307323750855578
2021-08-18,花叶类,175.453,1328.3068,806.0572,175.453,0.0,364,17,7.5707272032966095,4.594148860378563,0.6479063768675475,0.0,3,8,1.1307323750855578
2021-08-18,花菜类,7.078,70.78,53.01422,7.078,0.0,6,1,10.0,7.49,0.33511348464619495,0.0,3,8,1.1307323750855578
2021-08-18,茄类,25.035,192.989,123.77597,25.035,0.0,48,4,7.7087677251847415,4.9441170361493905,0.5591798634258331,0.0,3,8,1.1307323750855578
2021-08-18,辣椒类,54.410000000000004,441.723,264.81347,54.410000000000004,0.0,196,9,8.118415732402132,4.867,0.6680533660164645,0.0,3,8,1.1307323750855578
2021-08-18,食用菌,28.983999999999998,221.6256,136.12975,28.983999999999998,0.0,57,9,7.646480817002485,4.696720604471433,0.6280467715543443,0.0,3,8,1.1307323750855578
2021-08-19,水生根茎类,4.38,48.886,29.05187,4.38,0.0,11,2,11.161187214611873,6.632847031963471,0.682714400140163,0.0,4,8,1.1334702258726899
2021-08-19,花叶类,181.549,1417.654,853.03744,181.549,0.0,353,17,7.80865771775113,4.698662289519634,0.6618895414484971,0.0,4,8,1.1334702258726899
2021-08-19,花菜类,8.906,89.06,66.70594,8.906,0.0,8,1,10.0,7.489999999999999,0.33511348464619495,0.0,4,8,1.1334702258726899
2021-08-19,茄类,31.478,229.489,143.17031,31.478,0.0,58,4,7.290456826990279,4.54826577292077,0.6029091506472257,0.0,4,8,1.1334702258726899
2021-08-19,辣椒类,50.988,373.816,255.06314,50.988,0.0,175,9,7.331450537381344,5.002415078057583,0.4655822083896557,0.0,4,8,1.1334702258726899
2021-08-19,食用菌,27.623,244.9684,147.52991,27.623,0.0,67,10,8.86827643630308,5.340835897621547,0.6604660031311618,0.0,4,8,1.1334702258726899
2021-08-20,水生根茎类,5.2,58.504000000000005,34.7772,5.2,0.0,14,2,11.250769230769231,6.687923076923076,0.6822515901222643,0.0,5,8,1.136208076659822
2021-08-20,花叶类,191.812,1425.9132,853.20835,191.812,0.0,369,18,7.4339102871561735,4.448148968781932,0.6712368086880538,0.0,5,8,1.136208076659822
2021-08-20,花菜类,9.237,92.37,64.30213,9.237,0.0,13,2,10.0,6.961365161849086,0.43649984844981016,0.0,5,8,1.136208076659822
2021-08-20,茄类,25.752,248.066,139.94686,25.752,0.0,51,4,9.632882882882884,5.434407424666045,0.7725728179967744,0.0,5,8,1.136208076659822
2021-08-20,辣椒类,47.075,353.637,247.94682999999998,47.075,0.0,184,12,7.512203929899097,5.267059585767392,0.426261428710341,0.0,5,8,1.136208076659822
2021-08-20,食用菌,33.817,302.3642,182.75673,33.817,0.0,74,10,8.941189342638317,5.404285714285715,0.6544627385267834,0.0,5,8,1.136208076659822
2021-08-21,水生根茎类,7.871,87.526,50.62662,7.871,0.0,18,2,11.120060983356625,6.432044212933554,0.7288533186691111,0.0,6,8,1.1389459274469542
2021-08-21,花叶类,229.468,1734.0602,1037.61688,229.468,0.0,482,17,7.556871546359405,4.521836944584866,0.6711950561174371,0.0,6,8,1.1389459274469542
2021-08-21,花菜类,12.057,120.57,83.70715,12.057,0.0,17,2,10.0,6.942618395952558,0.44037874900770135,0.0,6,8,1.1389459274469542
2021-08-21,茄类,33.887,231.688,157.36849,33.887,0.0,68,4,6.837076164900994,4.643919202053885,0.47226423790429695,0.0,6,8,1.1389459274469542
2021-08-21,辣椒类,67.629,533.398,329.47156,67.629,0.0,231,12,7.887119431013322,4.871749693178962,0.6189500544447599,0.0,6,8,1.1389459274469542
2021-08-21,食用菌,40.554,450.8808,266.47267,40.554,0.0,106,10,11.118035212309513,6.570811017408887,0.6920339335362233,0.0,6,8,1.1389459274469542
2021-08-22,水生根茎类,51.313,523.218,305.5015,51.313,0.0,92,2,10.196597353497163,5.953686200378072,0.7126528020320684,0.0,7,8,1.1416837782340863
2021-08-22,花叶类,270.754,2015.621,1202.89867,270.754,0.0,552,16,7.444473581184396,4.442773403163018,0.6756365687892898,0.0,7,8,1.1416837782340863
2021-08-22,花菜类,1.546,15.46,11.95058,1.546,0.0,2,1,10.0,7.73,0.2936610608020698,0.0,7,8,1.1416837782340863
2021-08-22,茄类,21.861,159.385,116.66336,21.861,0.0,50,4,7.29083756461278,5.33659759388866,0.36619586475136656,0.0,7,8,1.1416837782340863
2021-08-22,辣椒类,94.447,669.673,429.27873999999997,94.447,0.0,301,12,7.09046343451883,4.5451813186231425,0.5599957267858178,0.0,7,8,1.1416837782340863
2021-08-22,食用菌,33.037,304.3498,185.82448,33.037,0.0,85,8,9.212392166358931,5.624738323697672,0.6378347998067857,0.0,7,8,1.1416837782340863
2021-08-23,水生根茎类,38.788000000000004,390.472,219.09199999999998,38.788000000000004,0.0,58,2,10.066824791172525,5.648447973600081,0.7822284702316835,0.0,1,8,1.1444216290212184
2021-08-23,花叶类,167.374,1268.273,734.9783,167.374,0.0,341,15,7.57747917836701,4.391233405427366,0.7255924426612324,0.0,1,8,1.1444216290212184
2021-08-23,花菜类,4.509,45.09,32.05899,4.509,0.0,4,1,10.0,7.109999999999999,0.40646976090014086,0.0,1,8,1.1444216290212184
2021-08-23,茄类,29.713,199.834,150.09674,29.713,0.0,65,4,6.72547369838118,5.051551172887288,0.33136802304966784,0.0,1,8,1.1444216290212184
2021-08-23,辣椒类,15.773,135.953,71.84549,15.773,0.0,86,8,8.619349521333925,4.5549667152729345,0.8922969277542683,0.0,1,8,1.1444216290212184
2021-08-23,食用菌,32.389,306.7326,181.34411,32.389,0.0,83,10,9.47027077094075,5.598941307233937,0.691439551028153,0.0,1,8,1.1444216290212184
2021-08-24,水生根茎类,31.616,323.284,182.0364,31.616,0.0,57,2,10.225328947368421,5.757730263157894,0.7759305281800786,0.0,2,8,1.1471594798083504
2021-08-24,花叶类,153.012,1226.313,719.44843,153.012,0.0,320,16,8.014489059681594,4.701908543120801,0.7045182793713234,0.0,2,8,1.1471594798083504
2021-08-24,花菜类,9.206999999999999,92.07,64.17278999999999,9.206999999999999,0.0,7,1,10.0,6.97,0.4347202295552368,0.0,2,8,1.1471594798083504
2021-08-24,茄类,22.695,153.405,106.15805999999999,22.695,0.0,45,4,6.75941837409121,4.677596827495043,0.4450622025308302,0.0,2,8,1.1471594798083504
2021-08-24,辣椒类,53.891,320.849,174.34927,53.891,0.0,184,12,5.953665732682637,3.235220537752129,0.840265806676449,0.0,2,8,1.1471594798083504
2021-08-24,食用菌,35.481,303.4306,176.79791,35.481,0.0,78,10,8.551917927905077,4.982889715622446,0.716256713668165,0.0,2,8,1.1471594798083504
2021-08-25,水生根茎类,35.363,291.732,201.16674,35.363,0.0,62,2,8.249639453666262,5.688622006051523,0.4501999684440876,0.0,3,8,1.1498973305954825
2021-08-25,花叶类,137.216,1198.446,718.19363,137.216,0.0,314,14,8.734010611007461,5.23403706564832,0.6686948337316776,0.0,3,8,1.1498973305954825
2021-08-25,花菜类,2.219,22.189999999999998,14.84638,2.219,0.0,3,2,10.0,6.690572329878324,0.4946404443372727,0.0,3,8,1.1498973305954825
2021-08-25,茄类,27.139,182.24,119.23246,27.139,0.0,52,4,6.7150595084564655,4.393399167250083,0.5284428418234433,0.0,3,8,1.1498973305954825
2021-08-25,辣椒类,53.903,289.696,173.54451,53.903,0.0,175,10,5.3743947461180275,3.219570524831642,0.6692893367816708,0.0,3,8,1.1498973305954825
2021-08-25,食用菌,27.52,229.6356,132.20086,27.52,0.0,61,10,8.344316860465117,4.803810319767442,0.7370204702147929,0.0,3,8,1.1498973305954825
2021-08-26,水生根茎类,63.126,515.144,357.10388,63.126,0.0,115,2,8.160567753382125,5.657001552450654,0.4425606352974938,0.0,4,8,1.1526351813826146
2021-08-26,花叶类,248.505,1920.1194,1171.4229599999999,248.505,0.0,493,16,7.726683165328666,4.713880847467857,0.6391341689256289,0.0,4,8,1.1526351813826146
2021-08-26,花菜类,5.452,54.52,38.92521,5.452,0.0,6,2,10.0,7.139620322817315,0.4006347043471312,0.0,4,8,1.1526351813826146
2021-08-26,茄类,34.355000000000004,245.598,140.06548,34.355000000000004,0.0,71,3,7.148828409256294,4.077004220637462,0.753451314342406,0.0,4,8,1.1526351813826146
2021-08-26,辣椒类,61.124,359.49,217.10143000000002,61.124,0.0,216,11,5.8813232118316865,3.551819743472286,0.6558619627701208,0.0,4,8,1.1526351813826146
2021-08-26,食用菌,41.079,402.6154,234.89726,41.079,0.0,92,11,9.801002945543953,5.7181835000852015,0.7140063702743917,0.0,4,8,1.1526351813826146
2021-08-27,水生根茎类,56.396,459.668,294.21211,56.396,0.0,90,2,8.15071990921342,5.216896765728066,0.5623694075678938,0.0,5,8,1.1553730321697468
2021-08-27,花叶类,259.053,1971.2064,1186.38359,259.053,0.0,500,16,7.609278410209494,4.579694464067198,0.6615253419005906,0.0,5,8,1.1553730321697468
2021-08-27,花菜类,4.338,43.379999999999995,29.350059999999996,4.338,0.0,5,2,9.999999999999998,6.765804518211156,0.4780208285775225,0.0,5,8,1.1553730321697468
2021-08-27,茄类,33.381,233.774,141.5766,33.381,0.0,64,4,7.0032054162547555,4.241233036757437,0.6512191986528846,0.0,5,8,1.1553730321697468
2021-08-27,辣椒类,64.045,343.342,219.50891,64.045,0.0,217,9,5.360949332500585,3.427416816301038,0.5641369637341829,0.0,5,8,1.1553730321697468
2021-08-27,食用菌,52.541,464.837,277.3966,52.541,0.0,116,11,8.847128908852135,5.279621628823205,0.6757126799679591,0.0,5,8,1.1553730321697468
2021-08-28,水生根茎类,49.574,412.984,255.82012,49.574,0.0,92,2,8.330657199338363,5.160368741679107,0.6143530852850823,0.0,6,8,1.158110882956879
2021-08-28,花叶类,244.915,1784.108,1088.54008,244.915,0.0,470,17,7.2846007798624015,4.44456272584366,0.6389915564707549,0.0,6,8,1.158110882956879
2021-08-28,花菜类,17.962,179.62,129.48477999999997,17.962,0.0,17,2,10.0,7.208817503618749,0.38719006202891215,0.0,6,8,1.158110882956879
2021-08-28,茄类,34.078,253.705,157.54906,34.078,0.0,67,4,7.444832443218498,4.623189741181994,0.6103237937439931,0.0,6,8,1.158110882956879
2021-08-28,辣椒类,75.85,440.058,281.94064000000003,75.85,0.0,279,11,5.801687541199737,3.7170816084377067,0.5608179083370171,0.0,6,8,1.158110882956879
2021-08-28,食用菌,52.56,527.8882,314.15171,52.56,0.0,137,12,10.04353500761035,5.977011225266361,0.6803607403569445,0.0,6,8,1.158110882956879
2021-08-29,水生根茎类,55.375,454.136,282.80492,55.375,0.0,88,2,8.201101580135441,5.107086591422122,0.6058277911148084,0.0,7,8,1.160848733744011
2021-08-29,花叶类,229.082,1771.7462,1120.11825,229.082,0.0,479,17,7.7341135488602335,4.88959521044866,0.5817492483494489,0.0,7,8,1.160848733744011
2021-08-29,花菜类,20.042,200.42,136.50791,20.042,0.0,23,2,9.999999999999998,6.81109220636663,0.46819330835846773,0.0,7,8,1.160848733744011
2021-08-29,茄类,39.917,310.353,210.60255,39.917,0.0,81,4,7.774958037928702,5.276011473808152,0.4736431254037521,0.0,7,8,1.160848733744011
2021-08-29,辣椒类,81.325,427.007,290.54211,81.325,0.0,261,11,5.250624039348294,3.5726051029818624,0.4696905725645073,0.0,7,8,1.160848733744011
2021-08-29,食用菌,53.324,455.6714,274.2772,53.324,0.0,107,13,8.54533418348211,5.1435976295851775,0.6613535503497923,0.0,7,8,1.160848733744011
2021-08-30,水生根茎类,40.953,332.54,207.46880000000002,40.953,0.0,65,2,8.120040045906283,5.066022025248455,0.6028434154918716,0.0,1,8,1.163586584531143
2021-08-30,花叶类,178.587,1399.7246,894.4554899999999,178.587,0.0,376,17,7.837774306080511,5.008514001579062,0.5648901657476553,0.0,1,8,1.163586584531143
2021-08-30,花菜类,11.245000000000001,112.45,81.64340000000001,11.245000000000001,0.0,13,2,10.0,7.260417963539352,0.37733117435089647,0.0,1,8,1.163586584531143
2021-08-30,茄类,41.208,314.522,204.29734,41.208,0.0,82,4,7.632547078237236,4.95771063871093,0.5395305685331,0.0,1,8,1.163586584531143
2021-08-30,辣椒类,65.327,382.244,250.98088,65.327,0.0,205,12,5.851240681494636,3.8419165123149694,0.5230004771678227,0.0,1,8,1.163586584531143
2021-08-30,食用菌,40.224000000000004,349.386,209.52548,40.224000000000004,0.0,90,11,8.686008353221958,5.208966785998408,0.6675107963002882,0.0,1,8,1.163586584531143
2021-08-31,水生根茎类,31.335,256.564,159.9112,31.335,0.0,56,2,8.187777245891176,5.103277485240147,0.6044154505750692,0.0,2,8,1.1663244353182751
2021-08-31,花叶类,165.821,1290.6386,827.70549,165.821,0.0,346,17,7.783324186924455,4.99156011602873,0.5592968943579193,0.0,2,8,1.1663244353182751
2021-08-31,花菜类,9.46,94.6,56.0856,9.46,0.0,14,2,9.999999999999998,5.928710359408033,0.6867074614517807,0.0,2,8,1.1663244353182751
2021-08-31,茄类,39.432,305.287,195.55203,39.432,0.0,78,4,7.74211300466626,4.959221698113208,0.5611548496837386,0.0,2,8,1.1663244353182751
2021-08-31,辣椒类,66.34100000000001,428.4972,272.11975,66.34100000000001,0.0,222,12,6.459010265145234,4.101833707661928,0.5746640954947224,0.0,2,8,1.1663244353182751
2021-08-31,食用菌,36.634,308.24760000000003,183.58896000000001,36.634,0.0,95,11,8.414249058251897,5.011436370584703,0.6790094567777931,0.0,2,8,1.1663244353182751
2021-09-01,水生根茎类,47.449,303.064,241.3324,47.449,0.0,83,2,6.38715252165483,5.086143016712682,0.2557949119140239,0.0,3,9,1.1690622861054072
2021-09-01,花叶类,143.034,1128.3982,695.32861,143.034,0.0,293,18,7.889020792259184,4.861282002880435,0.6228272269711439,0.0,3,9,1.1690622861054072
2021-09-01,花菜类,8.003,80.03,65.30448,8.003,0.0,9,1,10.0,8.16,0.22549019607843146,0.0,3,9,1.1690622861054072
2021-09-01,茄类,27.264,231.483,144.24736000000001,27.264,0.0,57,4,8.490426936619718,5.290762910798123,0.6047642050433364,0.0,3,9,1.1690622861054072
2021-09-01,辣椒类,44.769,325.5798,206.911,44.769,0.0,159,11,7.272438517724318,4.621747191136724,0.5735258154472211,0.0,3,9,1.1690622861054072
2021-09-01,食用菌,55.186,425.3782,254.51281,55.186,0.0,107,10,7.708081759866633,4.61190899865908,0.6713429866260954,0.0,3,9,1.1690622861054072
2021-09-02,水生根茎类,45.638,293.418,230.08244,45.638,0.0,74,2,6.429247556860512,5.041466321924712,0.27527333246292085,0.0,4,9,1.1718001368925393
2021-09-02,花叶类,136.439,1127.1944,680.83334,136.439,0.0,269,18,8.261526396411584,4.990020008941725,0.6556098736292792,0.0,4,9,1.1718001368925393
2021-09-02,花菜类,27.869,334.428,227.68973,27.869,0.0,71,1,12.0,8.17,0.46878824969400257,0.0,4,9,1.1718001368925393
2021-09-02,茄类,24.511,205.6,117.2411,24.511,0.0,50,4,8.388070662151687,4.783203459671168,0.7536512366397108,0.0,4,9,1.1718001368925393
2021-09-02,辣椒类,44.128,348.296,218.03292000000002,44.128,0.0,153,11,7.892857142857142,4.940920050761422,0.5974468442655354,0.0,4,9,1.1718001368925393
2021-09-02,食用菌,32.764,255.604,150.72317999999999,32.764,0.0,70,11,7.80136735441338,4.600267977047978,0.6958506316015896,0.0,4,9,1.1718001368925393
2021-09-03,水生根茎类,54.834,364.79200000000003,277.58932,54.834,0.0,97,2,6.652660757923916,5.062357661305029,0.3141427775391361,0.0,5,9,1.1745379876796715
2021-09-03,花叶类,129.696,1073.351,649.1547,129.696,0.0,260,18,8.275899025413276,5.005202165062917,0.6534594912429967,0.0,5,9,1.1745379876796715
2021-09-03,花菜类,24.967,299.604,210.97115,24.967,0.0,60,1,12.0,8.450000000000001,0.4201183431952662,0.0,5,9,1.1745379876796715
2021-09-03,茄类,20.685,181.352,106.28744,20.685,0.0,42,4,8.767319313512207,5.138382402707276,0.7062411137195512,0.0,5,9,1.1745379876796715
2021-09-03,辣椒类,42.436,361.144,236.37997000000001,42.436,0.0,163,13,8.510321425205015,5.57026981807899,0.5278113454367559,0.0,5,9,1.1745379876796715
2021-09-03,食用菌,39.012,330.47860000000003,193.59749,39.012,0.0,87,12,8.47120373218497,4.9625112785809495,0.7070396935414816,0.0,5,9,1.1745379876796715
2021-09-04,水生根茎类,66.409,430.156,333.60955,66.409,0.0,93,2,6.477375054585974,5.0235593067204745,0.28939953907194793,0.0,6,9,1.1772758384668036
2021-09-04,花叶类,184.978,1497.77,911.3610600000001,184.978,0.0,364,18,8.09701694255533,4.926861897090465,0.6434430498928709,0.0,6,9,1.1772758384668036
2021-09-04,花菜类,32.878,394.536,286.69616,32.878,0.0,77,1,12.0,8.72,0.37614678899082565,0.0,6,9,1.1772758384668036
2021-09-04,茄类,26.823,241.69400000000002,146.3511,26.823,0.0,56,4,9.010699772583232,5.456179398277597,0.6514669175701451,0.0,6,9,1.1772758384668036
2021-09-04,辣椒类,90.712,719.09,500.80491,90.712,0.0,311,12,7.927176117823441,5.520823154599171,0.4358685101549824,0.0,6,9,1.1772758384668036
2021-09-04,食用菌,58.438,524.7168,304.96948000000003,58.438,0.0,132,12,8.979034190081796,5.218684417673432,0.7205551191548738,0.0,6,9,1.1772758384668036
2021-09-05,水生根茎类,58.946,374.142,296.8035,58.946,0.0,90,2,6.3471991314084075,5.035176263020391,0.2605713881406386,0.0,7,9,1.1800136892539357
2021-09-05,花叶类,200.836,1580.4802,959.28615,200.836,0.0,376,18,7.869506462984723,4.776465125774263,0.6475586559860163,0.0,7,9,1.1800136892539357
2021-09-05,花菜类,51.129,612.022,453.77397,51.129,0.0,112,2,11.970153924387336,8.875080091533182,0.3487375664143981,0.0,7,9,1.1800136892539357
2021-09-05,茄类,30.823,260.966,166.97851,30.823,0.0,60,4,8.466599617168997,5.417334782467638,0.5628717731401485,0.0,7,9,1.1800136892539357
2021-09-05,辣椒类,63.285,597.361,376.19681,63.285,0.0,224,13,9.439219404282216,5.944486213162677,0.5878949106453082,0.0,7,9,1.1800136892539357
2021-09-05,食用菌,52.111000000000004,484.7808,286.49080000000004,52.111000000000004,0.0,117,10,9.302849686246665,5.49770298017693,0.6921339184364732,0.0,7,9,1.1800136892539357
2021-09-06,水生根茎类,33.471,270.244,168.17827,33.471,0.0,59,2,8.073974485375402,5.024596516387321,0.6068901172547443,0.0,1,9,1.1827515400410678
2021-09-06,花叶类,184.637,1522.042,943.08125,184.637,0.0,343,18,8.243428998521424,5.107758737414494,0.6139033619849827,0.0,1,9,1.1827515400410678
2021-09-06,花菜类,3.286,39.432,25.82796,3.286,0.0,6,1,12.0,7.86,0.5267175572519083,0.0,1,9,1.1827515400410678
2021-09-06,茄类,20.716,184.626,110.69957000000001,20.716,0.0,41,4,8.912241745510716,5.343674937246573,0.66781135644881,0.0,1,9,1.1827515400410678
2021-09-06,辣椒类,42.718,348.586,236.5643,42.718,0.0,153,13,8.160166674469778,5.537813099864225,0.47353594773175844,0.0,1,9,1.1827515400410678
2021-09-06,食用菌,32.722,310.1572,179.32361,32.722,0.0,77,12,9.478552655705641,5.480215451378277,0.7295948927193694,0.0,1,9,1.1827515400410678
2021-09-07,水生根茎类,34.142,275.076,171.34535,34.142,0.0,62,2,8.056821510163434,5.0186090445785245,0.6053893496380263,0.0,2,9,1.1854893908281998
2021-09-07,花叶类,152.285,1295.5886,807.0718400000001,152.285,0.0,283,18,8.507657352989462,5.299746133893687,0.6052952609522344,0.0,2,9,1.1854893908281998
2021-09-07,花菜类,2.449,29.387999999999998,19.12669,2.449,0.0,7,1,12.0,7.8100000000000005,0.5364916773367476,0.0,2,9,1.1854893908281998
2021-09-07,茄类,19.175,159.586,106.15316,19.175,0.0,36,4,8.322607561929596,5.536018774445893,0.5033560941567827,0.0,2,9,1.1854893908281998
2021-09-07,辣椒类,45.158,385.13100000000003,265.50232,45.158,0.0,149,10,8.528522078037115,5.879408299747553,0.4505748951647581,0.0,2,9,1.1854893908281998
2021-09-07,食用菌,36.81,291.8492,170.44903,36.81,0.0,84,12,7.92853029068188,4.630508829122521,0.7122373767688794,0.0,2,9,1.1854893908281998
2021-09-08,水生根茎类,38.571,311.444,193.8616,38.571,0.0,62,2,8.074563791449535,5.026097327007338,0.6065275433608304,0.0,3,9,1.1882272416153319
2021-09-08,花叶类,144.871,1170.2862,718.36681,144.871,0.0,290,17,8.078126056974826,4.958665364358636,0.629092802881581,0.0,3,9,1.1882272416153319
2021-09-08,花菜类,2.742,32.904,21.30534,2.742,0.0,4,1,12.000000000000002,7.7700000000000005,0.5444015444015446,0.0,3,9,1.1882272416153319
2021-09-08,茄类,16.32,133.052,93.16695,16.32,0.0,32,4,8.152696078431372,5.708759191176471,0.4281029914578076,0.0,3,9,1.1882272416153319
2021-09-08,辣椒类,36.083,367.914,211.01133,36.083,0.0,131,13,10.196325139262257,5.8479430756866115,0.7435746222726525,0.0,3,9,1.1882272416153319
2021-09-08,食用菌,37.664,309.332,179.41417,37.664,0.0,84,12,8.212935429056923,4.7635452952421415,0.7241224592238167,0.0,3,9,1.1882272416153319
2021-09-09,水生根茎类,39.028,329.064,211.7263,39.028,0.0,61,3,8.431485087629396,5.424984626422057,0.5541952039023967,0.0,4,9,1.1909650924024642
2021-09-09,花叶类,97.642,835.5844,508.82677,97.642,0.0,200,18,8.557632985805288,5.211146535302432,0.6421785355357774,0.0,4,9,1.1909650924024642
2021-09-09,花菜类,0.964,10.242,6.574730000000001,0.964,0.0,2,2,10.624481327800831,6.820259336099586,0.5577826009585185,0.0,4,9,1.1909650924024642
2021-09-09,茄类,12.804,107.132,74.42616000000001,12.804,0.0,23,4,8.367072789753202,5.812727272727273,0.43944011084274637,0.0,4,9,1.1909650924024642
2021-09-09,辣椒类,39.957,402.971,255.74304,39.957,0.0,138,11,10.085116500237756,6.4004564907275325,0.5756870646411336,0.0,4,9,1.1909650924024642
2021-09-09,食用菌,35.983,281.8588,163.41290999999998,35.983,0.0,76,11,7.833110079759886,4.541392046244059,0.7248257802887177,0.0,4,9,1.1909650924024642
2021-09-10,水生根茎类,43.851,301.728,231.48567,43.851,0.0,63,3,6.880755284942191,5.278914277895601,0.30344137501038415,0.0,5,9,1.1937029431895962
2021-09-10,花叶类,118.052,982.163,591.65264,118.052,0.0,237,18,8.319748924202893,5.011796835292921,0.6600331572931035,0.0,5,9,1.1937029431895962
2021-09-10,花菜类,4.148,49.776,32.81068,4.148,0.0,8,1,12.000000000000002,7.91,0.5170670037926677,0.0,5,9,1.1937029431895962
2021-09-10,茄类,13.491,113.028,73.64963999999999,13.491,0.0,29,4,8.378029797642874,5.459168334445185,0.5346714525692187,0.0,5,9,1.1937029431895962
2021-09-10,辣椒类,36.978,366.501,261.58317,36.978,0.0,139,12,9.911325653091026,7.0740215803991555,0.40108784521573004,0.0,5,9,1.1937029431895962
2021-09-10,食用菌,28.48,268.8094,158.06864000000002,28.48,0.0,68,10,9.438532303370787,5.550162921348315,0.7005865300036742,0.0,5,9,1.1937029431895962
2021-09-11,水生根茎类,67.532,462.312,343.9016,67.532,0.0,101,3,6.845821240300895,5.092424332168453,0.344314769108373,0.0,6,9,1.1964407939767283
2021-09-11,花叶类,216.04,1881.1184,1200.24981,216.04,0.0,441,18,8.707269024254769,5.555683253101278,0.5672723997348521,0.0,6,9,1.1964407939767283
2021-09-11,花菜类,18.06,145.926,144.34896,18.06,0.0,17,2,8.080066445182725,7.9927441860465125,0.010925191286449198,0.0,6,9,1.1964407939767283
2021-09-11,茄类,26.026,214.934,139.44019999999998,26.026,0.0,54,4,8.25843387381849,5.357726888496118,0.5414062802549053,0.0,6,9,1.1964407939767283
2021-09-11,辣椒类,53.88,529.982,364.52692,53.88,0.0,203,11,9.836340014847808,6.765533036377135,0.45388988006701925,0.0,6,9,1.1964407939767283
2021-09-11,食用菌,51.94,437.5758,261.53987,51.94,0.0,111,11,8.424639969195226,5.03542298806315,0.6730749311758855,0.0,6,9,1.1964407939767283
2021-09-12,水生根茎类,57.208,381.13800000000003,283.275,57.208,0.0,87,3,6.662319955251014,4.951667598937211,0.3454699496955258,0.0,7,9,1.1991786447638604
2021-09-12,花叶类,256.442,2201.1678,1469.19759,256.442,0.0,551,18,8.583491783717177,5.729161330827243,0.49821087032956557,0.0,7,9,1.1991786447638604
2021-09-12,花菜类,32.063,256.504,224.76163,32.063,0.0,28,1,8.0,7.01,0.14122681883024257,0.0,7,9,1.1991786447638604
2021-09-12,茄类,34.906,282.924,175.87319,34.906,0.0,73,4,8.105311407780897,5.038480203976394,0.608681800790672,0.0,7,9,1.1991786447638604
2021-09-12,辣椒类,52.389,487.5578,355.06522,52.389,0.0,197,9,9.306491820802076,6.777476569508866,0.3731499807274845,0.0,7,9,1.1991786447638604
2021-09-12,食用菌,47.538,407.1038,235.73398,47.538,0.0,105,11,8.563755311540241,4.958853548739956,0.7269627399494969,0.0,7,9,1.1991786447638604
2021-09-13,水生根茎类,29.937,182.232,138.7629,29.937,0.0,50,2,6.087183084477402,4.635163844072553,0.31326168594055037,0.0,1,9,1.2019164955509924
2021-09-13,花叶类,122.525,980.4632,589.39675,122.525,0.0,253,18,8.002148133034074,4.8104203223831865,0.6635028951211559,0.0,1,9,1.2019164955509924
2021-09-13,花菜类,11.356,136.272,76.31232,11.356,0.0,28,1,12.0,6.72,0.7857142857142858,0.0,1,9,1.2019164955509924
2021-09-13,茄类,26.428,204.868,125.25648,26.428,0.0,59,4,7.751929771454518,4.739536854850916,0.6355880350461709,0.0,1,9,1.2019164955509924
2021-09-13,辣椒类,46.014,419.366,283.86005,46.014,0.0,156,7,9.113878384839396,6.168993132524883,0.4773688653968742,0.0,1,9,1.2019164955509924
2021-09-13,食用菌,23.196,275.241,154.21955,23.196,0.0,65,8,11.865882048629073,6.64854069667184,0.7847348147494917,0.0,1,9,1.2019164955509924
2021-09-14,水生根茎类,41.431,282.21,210.37596,41.431,0.0,62,3,6.811566218532017,5.07774275301103,0.34145555414221285,0.0,2,9,1.2046543463381245
2021-09-14,花叶类,131.435,1129.532,692.62684,131.435,0.0,294,18,8.593844866283714,5.269729067599954,0.630794440481111,0.0,2,9,1.2046543463381245
2021-09-14,花菜类,10.777000000000001,129.324,84.0606,10.777000000000001,0.0,25,1,12.0,7.799999999999999,0.5384615384615388,0.0,2,9,1.2046543463381245
2021-09-14,茄类,24.411,186.907,115.31009,24.411,0.0,48,4,7.65667117283192,4.723693826553602,0.6209075892664728,0.0,2,9,1.2046543463381245
2021-09-14,辣椒类,34.598,313.25,210.70119,34.598,0.0,119,7,9.053991560205793,6.089981790854963,0.48670256679613444,0.0,2,9,1.2046543463381245
2021-09-14,食用菌,26.189,230.7906,139.3155,26.189,0.0,63,10,8.81250143189889,5.319618923975715,0.6566038954746602,0.0,2,9,1.2046543463381245
2021-09-15,水生根茎类,32.841,244.23,170.21239,32.841,0.0,48,3,7.436740659541426,5.182923479796596,0.43485441923469836,0.0,3,9,1.2073921971252566
2021-09-15,花叶类,126.204,1055.373,654.40612,126.204,0.0,292,20,8.362437006750975,5.185304110804729,0.6127187196843451,0.0,3,9,1.2073921971252566
2021-09-15,花菜类,12.702,152.424,99.0756,12.702,0.0,33,1,12.0,7.8,0.5384615384615385,0.0,3,9,1.2073921971252566
2021-09-15,茄类,20.887,157.743,93.24122,20.887,0.0,45,4,7.552209508306602,4.464079092258342,0.6917732307663929,0.0,3,9,1.2073921971252566
2021-09-15,辣椒类,33.653,314.136,182.99772000000002,33.653,0.0,117,7,9.334561554690518,5.4377832585505015,0.7166115512258839,0.0,3,9,1.2073921971252566
2021-09-15,食用菌,27.059,238.1368,141.4832,27.059,0.0,62,10,8.800650430540669,5.228692856350937,0.6831454193854813,0.0,3,9,1.2073921971252566
2021-09-16,水生根茎类,35.964999999999996,263.6766,184.04476,35.964999999999996,0.0,49,3,7.331477825663841,5.1173296260253025,0.43267648587224117,0.0,4,9,1.2101300479123889
2021-09-16,花叶类,77.672,663.0808,398.37199,77.672,0.0,197,19,8.536934802760324,5.128900890925945,0.6644764608073974,0.0,4,9,1.2101300479123889
2021-09-16,花菜类,9.283,111.396,72.68589,9.283,0.0,22,1,12.0,7.83,0.5325670498084292,0.0,4,9,1.2101300479123889
2021-09-16,茄类,15.129,125.33500000000001,70.37229,15.129,0.0,32,3,8.28442064908454,4.651483244100734,0.7810277312277316,0.0,4,9,1.2101300479123889
2021-09-16,辣椒类,33.706,338.607,200.23459,33.706,0.0,129,8,10.045896872960304,5.940621551059158,0.6910514811651676,0.0,4,9,1.2101300479123889
2021-09-16,食用菌,38.913000000000004,384.12780000000004,233.15528,38.913000000000004,0.0,97,10,9.871451699946034,5.99170662760517,0.6475191983642834,0.0,4,9,1.2101300479123889
2021-09-17,水生根茎类,31.276,224.4552,156.69603999999998,31.276,0.0,40,3,7.176595472566824,5.010104872745875,0.4324242016581912,0.0,5,9,1.212867898699521
2021-09-17,花叶类,126.071,1090.0006,658.49536,126.071,0.0,282,19,8.64592650173315,5.223210413179875,0.655289719885042,0.0,5,9,1.212867898699521
2021-09-17,花菜类,13.163,157.956,93.98382,13.163,0.0,34,1,11.999999999999998,7.14,0.6806722689075628,0.0,5,9,1.212867898699521
2021-09-17,茄类,14.774,109.58500000000001,63.68357,14.774,0.0,29,4,7.4174224989847035,4.310516447813727,0.7207735056310443,0.0,5,9,1.212867898699521
2021-09-17,辣椒类,30.378,301.779,191.55353,30.378,0.0,111,8,9.934129962472841,6.305666271643953,0.5754290719675068,0.0,5,9,1.212867898699521
2021-09-17,食用菌,33.650999999999996,355.5196,227.52045999999999,33.650999999999996,0.0,90,12,10.564904460491517,6.761179756916586,0.5625829870421324,0.0,5,9,1.212867898699521
2021-09-18,水生根茎类,34.827,252.5472,176.14499999999998,34.827,0.0,52,3,7.251477302093204,5.057713842708243,0.4337460614834372,0.0,6,9,1.215605749486653
2021-09-18,花叶类,124.031,1007.6168,599.74055,124.031,0.0,270,19,8.123910957744435,4.8354084865880305,0.680087831313057,0.0,6,9,1.215605749486653
2021-09-18,花菜类,21.562,258.744,144.24978000000002,21.562,0.0,47,1,12.0,6.69,0.7937219730941703,0.0,6,9,1.215605749486653
2021-09-18,茄类,12.482000000000001,97.313,56.73784,12.482000000000001,0.0,25,3,7.796266623938471,4.54557282486781,0.7151340269562605,0.0,6,9,1.215605749486653
2021-09-18,辣椒类,45.049,443.344,295.6081,45.049,0.0,155,8,9.841372727474528,6.561923683100623,0.499769458279391,0.0,6,9,1.215605749486653
2021-09-18,食用菌,41.645,415.46320000000003,266.27174,41.645,0.0,103,11,9.97630447832873,6.39384656021131,0.5602977619780454,0.0,6,9,1.215605749486653
2021-09-19,水生根茎类,93.77,743.4048,519.76518,93.77,0.0,117,3,7.927959901887598,5.542979417724219,0.43027049253280114,0.0,7,9,1.218343600273785
2021-09-19,花叶类,195.799,1683.458,991.50358,195.799,0.0,425,19,8.597888651116707,5.063884800228807,0.6978839350232098,0.0,7,9,1.218343600273785
2021-09-19,花菜类,51.647,516.47,320.72787,51.647,0.0,110,1,10.0,6.21,0.6103059581320451,0.0,7,9,1.218343600273785
2021-09-19,茄类,14.896,115.92,63.34702,14.896,0.0,33,4,7.781954887218045,4.2526194951664875,0.8299203340583345,0.0,7,9,1.218343600273785
2021-09-19,辣椒类,75.511,745.4878,493.04714,75.511,0.0,258,11,9.872572208022673,6.529474381215982,0.5120010634277283,0.0,7,9,1.218343600273785
2021-09-19,食用菌,113.493,1367.9322,851.27621,113.493,0.0,297,11,12.053009436705347,7.500693522948552,0.606919333502812,0.0,7,9,1.218343600273785
2021-09-20,水生根茎类,94.882,730.5018,510.55406999999997,94.882,0.0,115,3,7.69905566914694,5.3809370586623375,0.430802030429412,0.0,1,9,1.2210814510609171
2021-09-20,花叶类,201.146,1699.4,1008.44657,201.146,0.0,416,20,8.448589581696877,5.013505463693039,0.6851661263521378,0.0,1,9,1.2210814510609171
2021-09-20,花菜类,70.426,702.1164,449.50082000000003,70.426,0.0,135,2,9.969562377531025,6.382597620197086,0.5619913663338811,0.0,1,9,1.2210814510609171
2021-09-20,茄类,25.02,195.331,104.13046,25.02,0.0,49,4,7.806994404476418,4.161888888888889,0.8758296083585915,0.0,1,9,1.2210814510609171
2021-09-20,辣椒类,88.648,868.3414,544.87797,88.648,0.0,309,11,9.795386246728635,6.14653427037271,0.5936438024829669,0.0,1,9,1.2210814510609171
2021-09-20,食用菌,92.289,1175.2796,717.41081,92.289,0.0,261,11,12.734774458494512,7.773524580394196,0.6382239905194627,0.0,1,9,1.2210814510609171
2021-09-21,水生根茎类,94.155,672.4614,469.06052,94.155,0.0,123,3,7.142067866815358,4.981790876745792,0.43363461925979196,0.0,2,9,1.2238193018480492
2021-09-21,花叶类,213.26,1762.589,1048.90742,213.26,0.0,467,19,8.264977023351777,4.918444246459721,0.680404739628975,0.0,2,9,1.2238193018480492
2021-09-21,花菜类,56.3,563.0,387.344,56.3,0.0,124,1,10.0,6.88,0.4534883720930232,0.0,2,9,1.2238193018480492
2021-09-21,茄类,21.495,167.376,85.20301,21.495,0.0,45,4,7.7867411025819955,3.963852523842754,0.9644376413462388,0.0,2,9,1.2238193018480492
2021-09-21,辣椒类,53.371,595.4082,355.02899,53.371,0.0,202,10,11.156024807479715,6.652095520038973,0.6770692444017032,0.0,2,9,1.2238193018480492
2021-09-21,食用菌,81.116,1022.6990000000001,627.33926,81.116,0.0,207,11,12.607857882538587,7.73385349376202,0.6302167984831686,0.0,2,9,1.2238193018480492
2021-09-22,水生根茎类,30.22,226.62120000000002,151.72408,30.22,0.0,51,3,7.499046988749174,5.020651224354732,0.4936402975717502,0.0,3,9,1.2265571526351813
2021-09-22,花叶类,121.518,1044.475,610.82199,121.518,0.0,280,18,8.595228690399775,5.026596800474004,0.7099498988240418,0.0,3,9,1.2265571526351813
2021-09-22,花菜类,39.227000000000004,392.27,248.69917999999998,39.227000000000004,0.0,98,1,9.999999999999998,6.339999999999999,0.5772870662460567,0.0,3,9,1.2265571526351813
2021-09-22,茄类,15.663,122.44500000000001,61.59046,15.663,0.0,30,4,7.817467918023367,3.9322262657217646,0.9880513962714357,0.0,3,9,1.2265571526351813
2021-09-22,辣椒类,50.963,478.767,327.68522,50.963,0.0,166,10,9.394403783136784,6.429865196318898,0.46105765771187324,0.0,3,9,1.2265571526351813
2021-09-22,食用菌,36.948,358.65160000000003,221.66225,36.948,0.0,94,12,9.706928656490204,5.999303074591317,0.6180093813899303,0.0,3,9,1.2265571526351813
2021-09-23,水生根茎类,19.216,157.132,105.52888,19.216,0.0,30,3,8.17714404662781,5.4917194004995835,0.488995239976014,0.0,4,9,1.2292950034223136
2021-09-23,花叶类,93.684,773.2886,458.68154,93.684,0.0,204,18,8.25422270611844,4.896049912471713,0.6858943135143396,0.0,4,9,1.2292950034223136
2021-09-23,花菜类,27.567,275.67,174.22344,27.567,0.0,68,1,10.0,6.32,0.5822784810126582,0.0,4,9,1.2292950034223136
2021-09-23,茄类,10.501,79.913,41.51552,10.501,0.0,22,4,7.610037139320065,3.9534825254737647,0.9248945936363075,0.0,4,9,1.2292950034223136
2021-09-23,辣椒类,45.501,421.5736,288.70019,45.501,0.0,152,10,9.265150216478759,6.34491967209512,0.460247047291517,0.0,4,9,1.2292950034223136
2021-09-23,食用菌,33.475,350.4852,218.83419,33.475,0.0,87,11,10.470058252427185,6.537242419716206,0.6016016510034379,0.0,4,9,1.2292950034223136
2021-09-24,水生根茎类,23.218,194.476,130.58357999999998,23.218,0.0,35,3,8.376087518304763,5.624238952536825,0.48928372158275946,0.0,5,9,1.2320328542094456
2021-09-24,花叶类,101.849,812.3296,486.42269,101.849,0.0,239,17,7.975823032135809,4.775920136672918,0.6700076223829114,0.0,5,9,1.2320328542094456
2021-09-24,花菜类,8.431000000000001,67.44800000000001,51.34479,8.431000000000001,0.0,10,1,8.0,6.09,0.31362889983579634,0.0,5,9,1.2320328542094456
2021-09-24,茄类,9.878,77.227,41.734429999999996,9.878,0.0,23,3,7.818080583113991,4.224987851791861,0.85043859470466,0.0,5,9,1.2320328542094456
2021-09-24,辣椒类,26.686,293.7204,179.48083,26.686,0.0,109,10,11.006535261935097,6.725655025106797,0.6365001209321353,0.0,5,9,1.2320328542094456
2021-09-24,食用菌,40.365,415.11760000000004,251.04219,40.365,0.0,95,11,10.284097609315001,6.219303604607952,0.6535770342028966,0.0,5,9,1.2320328542094456
2021-09-25,水生根茎类,43.444,267.776,184.91844,43.444,0.0,74,2,6.163704999539637,4.2564782248411746,0.4480762437753638,0.0,6,9,1.2347707049965777
2021-09-25,花叶类,170.897,1404.864,838.00701,170.897,0.0,399,18,8.220530494976506,4.903579407479359,0.6764346637148058,0.0,6,9,1.2347707049965777
2021-09-25,花菜类,48.621,388.968,285.40527000000003,48.621,0.0,42,1,8.0,5.87,0.362862010221465,0.0,6,9,1.2347707049965777
2021-09-25,茄类,15.333,120.637,66.48071999999999,15.333,0.0,35,3,7.867801473945086,4.335793386812756,0.8146163278616723,0.0,6,9,1.2347707049965777
2021-09-25,辣椒类,29.969,305.4452,188.65385,29.969,0.0,121,10,10.192038439721046,6.2949664653475255,0.6190774797333849,0.0,6,9,1.2347707049965777
2021-09-25,食用菌,38.452,381.61400000000003,225.85106,38.452,0.0,105,8,9.924425257463852,5.873584208883803,0.6896710602110969,0.0,6,9,1.2347707049965777
2021-09-26,水生根茎类,48.868,305.304,209.4036,48.868,0.0,73,2,6.247523942047965,4.285086355078988,0.45796920396784,0.0,7,9,1.2375085557837098
2021-09-26,花叶类,150.342,1179.8736,705.91846,150.342,0.0,342,18,7.847930717963043,4.695417514733075,0.671402104996659,0.0,7,9,1.2375085557837098
2021-09-26,花菜类,2.299,18.392,13.70204,2.299,0.0,2,1,8.0,5.96,0.34228187919463093,0.0,7,9,1.2375085557837098
2021-09-26,茄类,28.75,216.667,121.16886,28.75,0.0,65,4,7.53624347826087,4.214569043478261,0.7881409464444908,0.0,7,9,1.2375085557837098
2021-09-26,辣椒类,46.272,406.6904,288.09861,46.272,0.0,160,9,8.789125172890733,6.226197484439834,0.41163610612352497,0.0,7,9,1.2375085557837098
2021-09-26,食用菌,19.576999999999998,111.2372,65.23169,19.576999999999998,0.0,28,5,5.682035041119682,3.332057516473413,0.7052631933957252,0.0,7,9,1.2375085557837098
2021-09-27,水生根茎类,42.395,257.522,182.49470000000002,42.395,0.0,68,2,6.074348390140346,4.30462790423399,0.41112043253858865,0.0,1,9,1.2402464065708418
2021-09-27,花叶类,93.809,715.0326,430.9241,93.809,0.0,220,18,7.622217484463111,4.59363280708674,0.6593005589615435,0.0,1,9,1.2402464065708418
2021-09-27,花菜类,4.863,38.904,28.15677,4.863,0.0,4,1,8.0,5.79,0.3816925734024179,0.0,1,9,1.2402464065708418
2021-09-27,茄类,11.333,90.664,46.28623,11.333,0.0,27,4,8.0,4.084199241154152,0.9587682989087682,0.0,1,9,1.2402464065708418
2021-09-27,辣椒类,32.674,314.337,202.50765,32.674,0.0,122,12,9.620401542510864,6.1978224276182905,0.5522228419518962,0.0,1,9,1.2402464065708418
2021-09-27,食用菌,7.713,38.7008,23.186,7.713,0.0,11,3,5.017606638143394,3.006093608193958,0.6691451738117828,0.0,1,9,1.2402464065708418
2021-09-28,水生根茎类,33.697,205.966,152.23607,33.697,0.0,57,2,6.112294863044188,4.5177929786034365,0.3529382359909843,0.0,2,9,1.242984257357974
2021-09-28,花叶类,100.088,769.4224,458.99788,100.088,0.0,228,17,7.687459036048279,4.585943170010391,0.6763092674850701,0.0,2,9,1.242984257357974
2021-09-28,花菜类,12.669,122.598,79.56883,12.669,0.0,32,2,9.67700686715605,6.280592785539506,0.5407792222155334,0.0,2,9,1.242984257357974
2021-09-28,茄类,19.695999999999998,145.414,81.52673,19.695999999999998,0.0,43,4,7.3829203899268885,4.139253147847279,0.7836358701005175,0.0,2,9,1.242984257357974
2021-09-28,辣椒类,34.777,308.0652,203.42304,34.777,0.0,124,11,8.858302901342842,5.8493556085918845,0.5144066276858319,0.0,2,9,1.242984257357974
2021-09-28,食用菌,15.648,62.4968,37.686,15.648,0.0,19,4,3.993916155419223,2.4083588957055215,0.6583558881282172,0.0,2,9,1.242984257357974
2021-09-29,水生根茎类,39.563,280.5474,190.18843999999999,39.563,0.0,61,3,7.091155877966786,4.80722998761469,0.4751022722516678,0.0,3,9,1.2457221081451062
2021-09-29,花叶类,106.577,857.554,486.75518,106.577,0.0,245,18,8.046332698424614,4.5671690890154535,0.7617768340955304,0.0,3,9,1.2457221081451062
2021-09-29,花菜类,23.336,233.36,153.31752,23.336,0.0,55,1,10.000000000000002,6.57,0.5220700152207003,0.0,3,9,1.2457221081451062
2021-09-29,茄类,14.816,114.188,68.16458,14.816,0.0,34,4,7.707073434125269,4.600741090712742,0.6751808637271732,0.0,3,9,1.2457221081451062
2021-09-29,辣椒类,50.474000000000004,379.30060000000003,288.0632,50.474000000000004,0.0,178,11,7.514771961802116,5.707160122043032,0.31672702379200124,0.0,3,9,1.2457221081451062
2021-09-29,食用菌,8.773,63.5968,38.22526,8.773,0.0,13,3,7.249150803601961,4.357148067935712,0.663737538999081,0.0,3,9,1.2457221081451062
2021-09-30,水生根茎类,38.451,263.478,179.56214999999997,38.451,0.0,60,2,6.8523055317156905,4.66989545135367,0.4673359613927548,0.0,4,9,1.2484599589322383
2021-09-30,花叶类,102.48,805.0632,458.03216000000003,102.48,0.0,238,18,7.8558079625292745,4.469478532396566,0.7576564929414562,0.0,4,9,1.2484599589322383
2021-09-30,花菜类,34.511,345.11,226.73727000000002,34.511,0.0,75,1,10.0,6.57,0.5220700152207001,0.0,4,9,1.2484599589322383
2021-09-30,茄类,18.757,144.26500000000001,82.50309,18.757,0.0,42,4,7.691261928879885,4.398522684864317,0.7486011736045282,0.0,4,9,1.2484599589322383
2021-09-30,辣椒类,37.589,284.784,205.55023,37.589,0.0,148,8,7.576259011944984,5.46836122269813,0.38547157062290816,0.0,4,9,1.2484599589322383
2021-09-30,食用菌,15.037,86.6992,52.681,15.037,0.0,17,3,5.765724546119571,3.503424885282968,0.6457394506558343,0.0,4,9,1.2484599589322383
2021-10-01,水生根茎类,69.809,474.54699999999997,328.20835999999997,69.809,0.0,95,3,6.797791115758713,4.70151928834391,0.4458711533124873,0.0,5,10,1.2511978097193703
2021-10-01,花叶类,193.343,1542.5834,905.93023,193.343,0.0,445,17,7.978480731135857,4.685611736654547,0.7027618120216608,0.0,5,10,1.2511978097193703
2021-10-01,花菜类,40.043,400.43,274.69498,40.043,0.0,88,1,10.0,6.859999999999999,0.457725947521866,0.0,5,10,1.2511978097193703
2021-10-01,茄类,36.474,284.076,177.00346,36.474,0.0,67,4,7.788452048034218,4.852866699566815,0.6049177795733487,0.0,5,10,1.2511978097193703
2021-10-01,辣椒类,81.648,606.4686,406.88991,81.648,0.0,254,9,7.427843915343916,4.983464506172839,0.49049800718823455,0.0,5,10,1.2511978097193703
2021-10-01,食用菌,14.868,108.7488,67.764,14.868,0.0,25,2,7.314285714285714,4.557707828894269,0.6048167168408005,0.0,5,10,1.2511978097193703
2021-10-02,水生根茎类,61.246,434.0752,288.67008,61.246,0.0,90,2,7.087404891748032,4.713288704568461,0.5037069307633131,0.0,6,10,1.2539356605065024
2021-10-02,花叶类,151.125,1153.4016,698.3444000000001,151.125,0.0,327,17,7.632103225806451,4.620972043010753,0.65162289552261,0.0,6,10,1.2539356605065024
2021-10-02,花菜类,30.18,301.8,223.03019999999998,30.18,0.0,70,1,10.0,7.39,0.3531799729364007,0.0,6,10,1.2539356605065024
2021-10-02,茄类,31.974,261.243,154.60023,31.974,0.0,66,4,8.170482266841809,4.8351857759429535,0.689796968607356,0.0,6,10,1.2539356605065024
2021-10-02,辣椒类,67.466,433.685,285.59385,67.466,0.0,215,8,6.428200871550115,4.2331522544689175,0.518537601562499,0.0,6,10,1.2539356605065024
2021-10-02,食用菌,18.965,96.744,59.975,18.965,0.0,25,3,5.101186395992618,3.1624044292117057,0.6130721133805752,0.0,6,10,1.2539356605065024
2021-10-03,水生根茎类,52.697,356.0734,244.76518,52.697,0.0,77,2,6.756995654401578,4.6447649771334225,0.4547551248915389,0.0,7,10,1.2566735112936345
2021-10-03,花叶类,159.787,1218.3648,692.15203,159.787,0.0,348,18,7.624930688979704,4.3317167854706575,0.7602560524166926,0.0,7,10,1.2566735112936345
2021-10-03,花菜类,29.114,291.14,204.67142,29.114,0.0,72,1,10.0,7.03,0.42247510668563293,0.0,7,10,1.2566735112936345
2021-10-03,茄类,27.065,219.23499999999999,118.39336,27.065,0.0,59,4,8.10031405874746,4.374408276371698,0.8517508076466449,0.0,7,10,1.2566735112936345
2021-10-03,辣椒类,37.899,296.3344,170.19675,37.899,0.0,140,10,7.819055911765482,4.4907979102350986,0.7411284293031448,0.0,7,10,1.2566735112936345
2021-10-03,食用菌,28.374,155.3784,96.512,28.374,0.0,37,3,5.476083738633961,3.401423838725594,0.6099386604774535,0.0,7,10,1.2566735112936345
2021-10-04,水生根茎类,40.08,277.485,189.64934999999997,40.08,0.0,60,3,6.923278443113773,4.731770209580838,0.4631476459054569,0.0,1,10,1.2594113620807665
2021-10-04,花叶类,148.289,1130.069,692.6991,148.289,0.0,323,17,7.620720350127117,4.671277707719386,0.6313995499633247,0.0,1,10,1.2594113620807665
2021-10-04,花菜类,40.928,409.28,286.496,40.928,0.0,107,1,10.0,7.0,0.4285714285714286,0.0,1,10,1.2594113620807665
2021-10-04,茄类,20.632,183.236,112.63705,20.632,0.0,50,4,8.88115548662272,5.459337436991081,0.6267826616552901,0.0,1,10,1.2594113620807665
2021-10-04,辣椒类,70.165,464.168,295.53491,70.165,0.0,228,10,6.615378037483075,4.211999002351599,0.5706029450124861,0.0,1,10,1.2594113620807665
2021-10-04,食用菌,24.234,122.0544,75.882,24.234,0.0,31,3,5.03649418172815,3.1312205991582074,0.6084763184945046,0.0,1,10,1.2594113620807665
2021-10-05,水生根茎类,53.813,460.0,257.71592,53.813,0.0,91,2,8.548120342668128,4.7891015182205035,0.7849110757302074,0.0,2,10,1.2621492128678986
2021-10-05,花叶类,163.77100000000002,1306.8678,783.46985,163.77100000000002,0.0,352,16,7.979848691160217,4.783935189990901,0.6680511700609795,0.0,2,10,1.2621492128678986
2021-10-05,花菜类,51.957,519.5699999999999,363.699,51.957,0.0,131,1,9.999999999999998,7.0,0.4285714285714284,0.0,2,10,1.2621492128678986
2021-10-05,茄类,36.423,262.416,213.71721,36.423,0.0,73,4,7.204678362573099,5.8676443456057985,0.22786555186641255,0.0,2,10,1.2621492128678986
2021-10-05,辣椒类,74.013,496.596,333.79642,74.013,0.0,239,10,6.709578047099833,4.5099701403807435,0.48772116848946423,0.0,2,10,1.2621492128678986
2021-10-05,食用菌,24.983999999999998,102.36359999999999,64.36655999999999,24.983999999999998,0.0,29,4,4.09716618635927,2.5763112391930836,0.5903226768682373,0.0,2,10,1.2621492128678986
2021-10-06,水生根茎类,50.852,342.46819999999997,235.81544999999997,50.852,0.0,82,2,6.734606308503107,4.637289585463698,0.45227210515680816,0.0,3,10,1.264887063655031
2021-10-06,花叶类,238.92,1877.9634,1117.85782,238.92,0.0,523,18,7.860218483174285,4.678795496400469,0.6799662411450502,0.0,3,10,1.264887063655031
2021-10-06,花菜类,42.165,421.65,304.00965,42.165,0.0,100,1,10.0,7.210000000000001,0.38696255201109553,0.0,3,10,1.264887063655031
2021-10-06,茄类,24.095,212.685,146.81901,24.095,0.0,52,4,8.826935048765305,6.093339282008715,0.4486203114978098,0.0,3,10,1.264887063655031
2021-10-06,辣椒类,79.233,465.896,323.42642,79.233,0.0,245,9,5.880075221183093,4.0819660999835925,0.44050074820727403,0.0,3,10,1.264887063655031
2021-10-06,食用菌,55.723,622.3236,440.81407,55.723,0.0,162,6,11.168163953843118,7.910810078423632,0.4117598378835776,0.0,3,10,1.264887063655031
2021-10-07,水生根茎类,51.57,345.1868,238.56511999999998,51.57,0.0,88,2,6.693558270312197,4.626044599573395,0.4469290397523329,0.0,4,10,1.267624914442163
2021-10-07,花叶类,162.889,1212.015,717.6461,162.889,0.0,376,19,7.4407418548827735,4.405737035650044,0.6888756171043082,0.0,4,10,1.267624914442163
2021-10-07,花菜类,23.278,279.336,183.43064,23.278,0.0,60,1,12.000000000000002,7.880000000000001,0.5228426395939088,0.0,4,10,1.267624914442163
2021-10-07,茄类,20.343,196.923,136.34073,20.343,0.0,47,4,9.680135673204543,6.7020955611266775,0.4443446210094373,0.0,4,10,1.267624914442163
2021-10-07,辣椒类,62.908,359.876,240.75971,62.908,0.0,181,9,5.720671456730463,3.827171583900299,0.49475175892178935,0.0,4,10,1.267624914442163
2021-10-07,食用菌,45.794,475.87440000000004,329.0156,45.794,0.0,121,3,10.391632091540378,7.184687950386514,0.4463581666036507,0.0,4,10,1.267624914442163
2021-10-08,水生根茎类,49.695,373.4844,262.69145,49.695,0.0,59,3,7.515532749773619,5.286074051715464,0.421760776759198,0.0,5,10,1.270362765229295
2021-10-08,花叶类,118.176,866.4694,512.33703,118.176,0.0,273,17,7.332025115082589,4.335372918359058,0.6912097882130441,0.0,5,10,1.270362765229295
2021-10-08,花菜类,19.823,277.522,166.5132,19.823,0.0,55,1,14.0,8.4,0.6666666666666665,0.0,5,10,1.270362765229295
2021-10-08,茄类,23.041,225.09799999999998,149.48863,23.041,0.0,51,4,9.769454450761685,6.4879401935679875,0.5057867611737428,0.0,5,10,1.270362765229295
2021-10-08,辣椒类,65.805,375.312,255.64189,65.805,0.0,186,8,5.703396398449965,3.884839905782235,0.4681161995790284,0.0,5,10,1.270362765229295
2021-10-08,食用菌,50.073,537.4848000000001,372.1152,50.073,0.0,141,3,10.734024324486251,7.431454077047511,0.4444043135029152,0.0,5,10,1.270362765229295
2021-10-09,水生根茎类,41.198,281.7924,195.48551999999998,41.198,0.0,65,3,6.839953395795912,4.745024515753191,0.4415001172465358,0.0,6,10,1.273100616016427
2021-10-09,花叶类,114.522,961.9772,546.36031,114.522,0.0,280,19,8.399933637205079,4.7707891060232965,0.760701102171935,0.0,6,10,1.273100616016427
2021-10-09,花菜类,22.221999999999998,311.108,194.66472,22.221999999999998,0.0,55,1,14.000000000000002,8.76,0.5981735159817354,0.0,6,10,1.273100616016427
2021-10-09,茄类,16.791999999999998,164.88,106.98128,16.791999999999998,0.0,37,4,9.818961410195332,6.370967127203431,0.5412042181585413,0.0,6,10,1.273100616016427
2021-10-09,辣椒类,61.377,358.092,246.73752,61.377,0.0,186,8,5.834302751845153,4.0200322596412335,0.45130744606657314,0.0,6,10,1.273100616016427
2021-10-09,食用菌,33.339999999999996,312.232,195.156,33.339999999999996,0.0,85,3,9.365086982603481,5.853509298140373,0.5999098157371539,0.0,6,10,1.273100616016427
2021-10-10,水生根茎类,58.704,398.1024,272.87519999999995,58.704,0.0,91,2,6.781520850367947,4.648323793949304,0.45891748315713565,0.0,7,10,1.2758384668035592
2021-10-10,花叶类,230.913,1948.3524,1146.02222,230.913,0.0,532,17,8.437603772849513,4.963004334965983,0.7001000207482886,0.0,7,10,1.2758384668035592
2021-10-10,花菜类,40.973,573.622,363.84024000000005,40.973,0.0,100,1,14.0,8.88,0.5765765765765765,0.0,7,10,1.2758384668035592
2021-10-10,茄类,24.273,251.773,152.50977,24.273,0.0,54,4,10.372553866435958,6.283103448275862,0.6508647282072486,0.0,7,10,1.2758384668035592
2021-10-10,辣椒类,111.306,615.962,419.43839,111.306,0.0,306,9,5.5339514491581765,3.768335848920993,0.4685398730430943,0.0,7,10,1.2758384668035592
2021-10-10,食用菌,78.234,700.3340000000001,438.7616,78.234,0.0,182,5,8.951785668635122,5.608323746708592,0.5961606485161877,0.0,7,10,1.2758384668035592
2021-10-11,水生根茎类,5.668,52.6158,30.16225,5.668,0.0,13,2,9.282956951305575,5.3214978828510935,0.7444255650689191,0.0,1,10,1.2785763175906912
2021-10-11,花叶类,79.294,632.7748,389.79612,79.294,0.0,196,18,7.980109466037784,4.915833732690998,0.6233481236293479,0.0,1,10,1.2785763175906912
2021-10-11,茄类,14.56,130.286,82.1349,14.56,0.0,28,4,8.948214285714286,5.641133241758242,0.5862440935582804,0.0,1,10,1.2785763175906912
2021-10-11,辣椒类,64.755,380.58,244.32379,64.755,0.0,172,7,5.877229557563123,3.77304903096286,0.5576870348974203,0.0,1,10,1.2785763175906912
2021-10-11,食用菌,26.96,156.23600000000002,94.324,26.96,0.0,41,4,5.795103857566766,3.4986646884272994,0.6563758958483528,0.0,1,10,1.2785763175906912
2021-10-12,水生根茎类,2.4050000000000002,20.808799999999998,12.383659999999999,2.4050000000000002,0.0,6,2,8.65230769230769,5.149130977130977,0.6803432910787277,0.0,2,10,1.2813141683778233
2021-10-12,花叶类,91.045,753.9646,432.40428,91.045,0.0,220,16,8.281230160909441,4.749346806524247,0.7436566539073111,0.0,2,10,1.2813141683778233
2021-10-12,花菜类,13.305,186.27,122.1399,13.305,0.0,32,1,14.000000000000002,9.18,0.5250544662309371,0.0,2,10,1.2813141683778233
2021-10-12,茄类,12.799,127.99000000000001,68.81765,12.799,0.0,28,4,10.000000000000002,5.376798968669427,0.8598426421128884,0.0,2,10,1.2813141683778233
2021-10-12,辣椒类,57.257,334.2756,204.77931,57.257,0.0,155,8,5.838161272857468,3.576493878477741,0.6323699889407772,0.0,2,10,1.2813141683778233
2021-10-12,食用菌,38.769,303.0844,190.5996,38.769,0.0,75,5,7.817699708530012,4.916288787433259,0.5901628335001752,0.0,2,10,1.2813141683778233
2021-10-13,水生根茎类,3.141,20.7306,14.448599999999999,3.141,0.0,5,1,6.6,4.6,0.4347826086956521,0.0,3,10,1.2840520191649556
2021-10-13,花叶类,83.911,641.4564,373.44554,83.911,0.0,195,17,7.644485228396754,4.450495644194444,0.7176705337008447,0.0,3,10,1.2840520191649556
2021-10-13,花菜类,10.991,153.874,103.86495,10.991,0.0,30,1,14.0,9.45,0.4814814814814816,0.0,3,10,1.2840520191649556
2021-10-13,茄类,11.277000000000001,116.582,69.33658,11.277000000000001,0.0,24,4,10.338033164848806,6.148495167154384,0.6813924194126679,0.0,3,10,1.2840520191649556
2021-10-13,辣椒类,44.341,269.44,175.90810000000002,44.341,0.0,120,8,6.076543154191381,3.9671658284657543,0.5317088866288704,0.0,3,10,1.2840520191649556
2021-10-13,食用菌,39.51,376.798,236.714,39.51,0.0,84,5,9.53677549987345,5.991242723361174,0.5917858681784771,0.0,3,10,1.2840520191649556
2021-10-14,水生根茎类,4.758,36.5976,23.185499999999998,4.758,0.0,10,2,7.691803278688525,4.8729508196721305,0.5784693019343989,0.0,4,10,1.2867898699520877
2021-10-14,花叶类,72.134,646.1236,394.7582,72.134,0.0,184,19,8.957268417112596,5.472567721185571,0.6367578938195584,0.0,4,10,1.2867898699520877
2021-10-14,花菜类,10.038,140.532,94.8591,10.038,0.0,26,1,14.0,9.45,0.4814814814814816,0.0,4,10,1.2867898699520877
2021-10-14,茄类,10.191,101.91,64.78599,10.191,0.0,24,2,9.999999999999998,6.357176920812481,0.5730252790765409,0.0,4,10,1.2867898699520877
2021-10-14,辣椒类,38.431,272.7306,165.51635000000002,38.431,0.0,116,8,7.096630324477635,4.306844734719368,0.647756248853965,0.0,4,10,1.2867898699520877
2021-10-14,食用菌,28.438,314.5724,197.8112,28.438,0.0,79,4,11.061692102116886,6.955875940642803,0.5902658696777532,0.0,4,10,1.2867898699520877
2021-10-15,水生根茎类,17.992,131.6146,91.17108999999999,17.992,0.0,17,3,7.315173410404624,5.067312694530902,0.4436001587784022,0.0,5,10,1.2895277207392197
2021-10-15,花叶类,135.347,1331.5452,820.94657,135.347,0.0,294,19,9.838010447220846,6.065495134727773,0.6219632904976995,0.0,5,10,1.2895277207392197
2021-10-15,花菜类,17.572,220.024,141.48136000000002,17.572,0.0,30,2,12.521283860687458,8.051522877304805,0.5551447908049509,0.0,5,10,1.2895277207392197
2021-10-15,茄类,10.811,132.124,73.625,10.811,0.0,20,4,12.221256128017759,6.810193321616872,0.7945534804753818,0.0,5,10,1.2895277207392197
2021-10-15,辣椒类,54.933,459.2886,246.40495,54.933,0.0,167,10,8.36088689858555,4.485554220595999,0.8639584959636566,0.0,5,10,1.2895277207392197
2021-10-15,食用菌,84.89,971.1220000000001,611.796,84.89,0.0,140,5,11.439769112969726,7.206926610908234,0.5873297635159433,0.0,5,10,1.2895277207392197
2021-10-16,水生根茎类,8.796,88.05199999999999,53.443479999999994,8.796,0.0,14,3,10.010459299681674,6.075884492951341,0.6475723512016809,0.0,6,10,1.2922655715263518
2021-10-16,花叶类,210.037,1943.219,1190.18877,210.037,0.0,487,19,9.251793731580626,5.666567176259421,0.6326981475383944,0.0,6,10,1.2922655715263518
2021-10-16,花菜类,27.418,383.852,259.64846,27.418,0.0,58,1,14.0,9.47,0.47835269271383307,0.0,6,10,1.2922655715263518
2021-10-16,茄类,14.772,180.23000000000002,100.05572000000001,14.772,0.0,35,3,12.20078526942865,6.77333604115895,0.8012963176917822,0.0,6,10,1.2922655715263518
2021-10-16,辣椒类,93.373,750.6456000000001,442.97029000000003,93.373,0.0,278,10,8.039214762297453,4.744094010045731,0.6945732410180376,0.0,6,10,1.2922655715263518
2021-10-16,食用菌,73.514,664.2024,403.0236,73.514,0.0,149,5,9.035046385722447,5.482270043801181,0.6480484021283119,0.0,6,10,1.2922655715263518
2021-10-17,水生根茎类,10.955,86.1036,55.82519,10.955,0.0,18,3,7.859753537197626,5.095863989046098,0.5423789869770259,0.0,7,10,1.2950034223134839
2021-10-17,花叶类,148.676,1430.505,872.26845,148.676,0.0,353,20,9.621626893378892,5.866908243428664,0.6399825076786854,0.0,7,10,1.2950034223134839
2021-10-17,花菜类,21.384,299.376,204.85872,21.384,0.0,56,1,13.999999999999998,9.58,0.4613778705636742,0.0,7,10,1.2950034223134839
2021-10-17,茄类,13.639,171.464,97.95888000000001,13.639,0.0,27,4,12.571596158076106,7.182262629225018,0.7503670928046542,0.0,7,10,1.2950034223134839
2021-10-17,辣椒类,64.30799999999999,468.476,301.89009,64.30799999999999,0.0,175,9,7.28487901971761,4.6944406605710025,0.551809799387585,0.0,7,10,1.2950034223134839
2021-10-17,食用菌,37.224,222.63840000000002,130.8976,37.224,0.0,53,5,5.981044487427467,3.516483988824415,0.7008592976494603,0.0,7,10,1.2950034223134839
2021-10-18,水生根茎类,8.414,63.7538,40.90418,8.414,0.0,14,2,7.577109579272641,4.86144283337295,0.5586133250929368,0.0,1,10,1.297741273100616
2021-10-18,花叶类,84.784,795.0074000000001,492.10825,84.784,0.0,204,17,9.376856482355162,5.804258468578976,0.6155132534356011,0.0,1,10,1.297741273100616
2021-10-18,花菜类,20.605999999999998,293.1124,202.26808,20.605999999999998,0.0,53,2,14.224614190041736,9.81597981170533,0.44912830536582926,0.0,1,10,1.297741273100616
2021-10-18,茄类,10.502,138.232,77.19704999999999,10.502,0.0,22,4,13.16244524852409,7.350699866692057,0.7906383728393769,0.0,1,10,1.297741273100616
2021-10-18,辣椒类,40.29,321.784,201.12663,40.29,0.0,125,9,7.986696450732191,4.991973938942666,0.5999074811724334,0.0,1,10,1.297741273100616
2021-10-18,食用菌,21.7,101.72,61.04,21.7,0.0,28,4,4.687557603686636,2.8129032258064517,0.6664482306684141,0.0,1,10,1.297741273100616
2021-10-19,水生根茎类,5.216,41.063,27.360500000000002,5.216,0.0,9,3,7.872507668711656,5.245494631901841,0.5008132161327459,0.0,2,10,1.3004791238877482
2021-10-19,花叶类,78.684,687.9512,416.51809,78.684,0.0,184,18,8.743215901581008,5.293555106501957,0.6516718397513062,0.0,2,10,1.3004791238877482
2021-10-19,花菜类,16.958,237.412,173.31076000000002,16.958,0.0,48,1,14.000000000000002,10.220000000000002,0.36986301369863006,0.0,2,10,1.3004791238877482
2021-10-19,茄类,8.766,101.846,68.01273,8.766,0.0,21,3,11.618297969427333,7.758696098562629,0.4974549617402506,0.0,2,10,1.3004791238877482
2021-10-19,辣椒类,40.052,293.574,204.84354000000002,40.052,0.0,117,8,7.329821232397883,5.114439728353141,0.4331621099693941,0.0,2,10,1.3004791238877482
2021-10-19,食用菌,22.055,108.388,72.56200000000001,22.055,0.0,28,4,4.914441169802766,3.2900476082520975,0.4937295002894073,0.0,2,10,1.3004791238877482
2021-10-20,水生根茎类,14.309,104.8808,69.23602,14.309,0.0,19,2,7.329708575022713,4.8386344258858065,0.5148299974493045,0.0,3,10,1.3032169746748803
2021-10-20,花叶类,109.339,1102.1848,660.30038,109.339,0.0,260,18,10.080436074959529,6.039019745927803,0.6692172735081567,0.0,3,10,1.3032169746748803
2021-10-20,花菜类,25.154,352.156,286.7556,25.154,0.0,63,1,14.0,11.4,0.22807017543859653,0.0,3,10,1.3032169746748803
2021-10-20,茄类,8.978,104.88,71.11379,8.978,0.0,18,4,11.681889062151926,7.920894408554243,0.47481944078637905,0.0,3,10,1.3032169746748803
2021-10-20,辣椒类,43.48,407.43,233.22387,43.48,0.0,125,8,9.370515179392825,5.363934452621896,0.7469481147019814,0.0,3,10,1.3032169746748803
2021-10-20,食用菌,30.306,131.3096,86.0556,30.306,0.0,36,4,4.332792186365736,2.8395565234607005,0.5258693216943464,0.0,3,10,1.3032169746748803
2021-10-21,水生根茎类,3.186,21.0276,14.655599999999998,3.186,0.0,5,1,6.6,4.6,0.4347826086956521,0.0,4,10,1.3059548254620124
2021-10-21,花叶类,79.858,825.327,485.08429,79.858,0.0,188,17,10.334932004307646,6.074335570637882,0.7014094601991749,0.0,4,10,1.3059548254620124
2021-10-21,花菜类,11.947,215.046,136.19580000000002,11.947,0.0,30,1,18.0,11.400000000000002,0.5789473684210524,0.0,4,10,1.3059548254620124
2021-10-21,茄类,11.262,154.95600000000002,84.74453,11.262,0.0,24,4,13.75919019712307,7.524820635766293,0.8285073974686039,0.0,4,10,1.3059548254620124
2021-10-21,辣椒类,29.336,302.27,162.73378,29.336,0.0,100,8,10.303722388873739,5.5472382056176714,0.8574508623839501,0.0,4,10,1.3059548254620124
2021-10-21,食用菌,32.022,167.67520000000002,94.96622,32.022,0.0,38,4,5.236250078071326,2.965655486852789,0.7656299260937203,0.0,4,10,1.3059548254620124
2021-10-22,水生根茎类,4.197,37.6606,23.249979999999997,4.197,0.0,5,2,8.973218965928044,5.5396664284012385,0.6198121460749646,0.0,5,10,1.3086926762491444
2021-10-22,花叶类,75.936,759.924,447.91624,75.936,0.0,179,16,10.007427307206067,5.898601980615255,0.6965761277153064,0.0,5,10,1.3086926762491444
2021-10-22,花菜类,16.412,295.416,197.10811999999999,16.412,0.0,48,1,18.0,12.01,0.49875104079933386,0.0,5,10,1.3086926762491444
2021-10-22,茄类,5.062,70.44,36.67382,5.062,0.0,11,2,13.915448439352033,7.244926906361122,0.9207161948223554,0.0,5,10,1.3086926762491444
2021-10-22,辣椒类,30.078,300.154,182.52907,30.078,0.0,106,9,9.979187445973801,6.0685241704900585,0.6444175166180381,0.0,5,10,1.3086926762491444
2021-10-22,食用菌,29.685,152.596,89.8337,29.685,0.0,34,3,5.140508674414688,3.0262321037561057,0.6986498385349822,0.0,5,10,1.3086926762491444
2021-10-23,水生根茎类,11.957,90.4042,61.3206,11.957,0.0,17,3,7.560776114409969,5.128426862925482,0.47428759666409026,0.0,6,10,1.3114305270362765
2021-10-23,花叶类,100.678,1074.8462,619.11637,100.678,0.0,246,17,10.676078189872664,6.149470291424144,0.7360972057644026,0.0,6,10,1.3114305270362765
2021-10-23,花菜类,18.086,358.1028,227.52188,18.086,0.0,53,1,19.8,12.580000000000002,0.5739268680445149,0.0,6,10,1.3114305270362765
2021-10-23,茄类,9.346,129.192,73.40444,9.346,0.0,21,2,13.82323988872245,7.854102289749624,0.760002528457407,0.0,6,10,1.3114305270362765
2021-10-23,辣椒类,51.363,468.248,312.43815,51.363,0.0,163,9,9.116445690477581,6.08294200105134,0.4986902207684947,0.0,6,10,1.3114305270362765
2021-10-23,食用菌,87.828,731.548,549.20304,87.828,0.0,179,4,8.329325499840598,6.2531657330236365,0.3320173901440897,0.0,6,10,1.3114305270362765
2021-10-24,水生根茎类,4.698,37.192,24.275699999999997,4.698,0.0,12,2,7.9165602383993185,5.167241379310344,0.532067046470339,0.0,7,10,1.3141683778234086
2021-10-24,花叶类,101.014,1038.1104,614.29736,101.014,0.0,240,16,10.27689627180391,6.081309125467757,0.6899151251439533,0.0,7,10,1.3141683778234086
2021-10-24,花菜类,9.108,180.3384,121.50072,9.108,0.0,28,1,19.8,13.34,0.4842578710644678,0.0,7,10,1.3141683778234086
2021-10-24,茄类,11.389,150.57,95.63458,11.389,0.0,20,4,13.220651505838967,8.397100711212573,0.5744305041126339,0.0,7,10,1.3141683778234086
2021-10-24,辣椒类,41.481,383.686,278.21106000000003,41.481,0.0,130,8,9.24968057664955,6.706951616402691,0.3791184290085374,0.0,7,10,1.3141683778234086
2021-10-24,食用菌,55.632,461.512,293.66488,55.632,0.0,116,4,8.295800977854473,5.278704342824273,0.5715600721475447,0.0,7,10,1.3141683778234086
2021-10-25,水生根茎类,5.343,39.2118,26.295599999999997,5.343,0.0,9,2,7.338910724312184,4.921504772599662,0.4911924428421488,0.0,1,10,1.3169062286105406
2021-10-25,花叶类,48.556,479.7944,305.36851,48.556,0.0,119,16,9.881258752780296,6.288996416508774,0.5711980256248426,0.0,1,10,1.3169062286105406
2021-10-25,花菜类,8.749,173.2302,125.81062,8.749,0.0,27,1,19.799999999999997,14.379999999999999,0.3769123783031987,0.0,1,10,1.3169062286105406
2021-10-25,茄类,7.279,97.404,64.52082,7.279,0.0,16,3,13.38150844896277,8.863967577964006,0.5096522331861251,0.0,1,10,1.3169062286105406
2021-10-25,辣椒类,27.46,262.4644,192.06412,27.46,0.0,77,9,9.558062636562273,6.994323379461034,0.3665457140042607,0.0,1,10,1.3169062286105406
2021-10-25,食用菌,46.731,396.696,256.67205,46.731,0.0,98,3,8.488925980612441,5.492543493612377,0.545536415047918,0.0,1,10,1.3169062286105406
2021-10-26,水生根茎类,2.352,16.999,11.470749999999999,2.352,0.0,6,2,7.227465986394558,4.877019557823129,0.4819432033650808,0.0,2,10,1.319644079397673
2021-10-26,花叶类,66.948,680.849,440.1418,66.948,0.0,168,16,10.1698183664934,6.574383103304057,0.5468855718770635,0.0,2,10,1.319644079397673
2021-10-26,花菜类,12.041,238.41180000000003,173.14958000000001,12.041,0.0,33,1,19.8,14.38,0.3769123783031989,0.0,2,10,1.319644079397673
2021-10-26,茄类,8.68,115.686,79.69768,8.68,0.0,18,4,13.327880184331798,9.181760368663596,0.45156044692894426,0.0,2,10,1.319644079397673
2021-10-26,辣椒类,35.664,399.297,250.06578,35.664,0.0,103,7,11.1960800807537,7.011714333781964,0.5967678584410872,0.0,2,10,1.319644079397673
2021-10-26,食用菌,48.637,420.192,275.90398,48.637,0.0,114,5,8.639348644036433,5.672717889672471,0.5229646197927265,0.0,2,10,1.319644079397673
2021-10-27,水生根茎类,2.4690000000000003,16.2954,11.3574,2.4690000000000003,0.0,6,1,6.6,4.6,0.4347826086956521,0.0,3,10,1.322381930184805
2021-10-27,花叶类,63.042,578.8348,362.84752000000003,63.042,0.0,144,15,9.18173281304527,5.755647346213635,0.5952563214432331,0.0,3,10,1.322381930184805
2021-10-27,花菜类,15.305,303.039,217.6371,15.305,0.0,42,1,19.8,14.22,0.39240506329113933,0.0,3,10,1.322381930184805
2021-10-27,茄类,6.836,97.2324,64.0786,6.836,0.0,17,3,14.223581041544762,9.373698069046224,0.5173927020877487,0.0,3,10,1.322381930184805
2021-10-27,辣椒类,32.692,346.3274,217.51122,32.692,0.0,107,8,10.593643704881929,6.6533469962070235,0.592227748067433,0.0,3,10,1.322381930184805
2021-10-27,食用菌,35.369,327.904,213.76343,35.369,0.0,90,4,9.270943481579915,6.043807571602251,0.5339574219968306,0.0,3,10,1.322381930184805
2021-10-28,水生根茎类,4.604,30.3864,21.178399999999996,4.604,0.0,9,1,6.6,4.599999999999999,0.43478260869565255,0.0,4,10,1.325119780971937
2021-10-28,花叶类,52.952,520.781,328.46329000000003,52.952,0.0,117,16,9.834963740746336,6.203038412146851,0.5855074702564169,0.0,4,10,1.325119780971937
2021-10-28,花菜类,6.449,127.6902,90.286,6.449,0.0,17,1,19.8,14.0,0.41428571428571437,0.0,4,10,1.325119780971937
2021-10-28,茄类,3.122,44.8044,30.3961,3.122,0.0,7,3,14.351185137732223,9.73609865470852,0.4740180483680472,0.0,4,10,1.325119780971937
2021-10-28,辣椒类,25.502,292.4822,179.8915,25.502,0.0,89,9,11.468990667398636,7.054015371343425,0.6258811561413407,0.0,4,10,1.325119780971937
2021-10-28,食用菌,31.659,330.044,217.2854,31.659,0.0,87,3,10.424966044410752,6.863305852995989,0.5189423679639773,0.0,4,10,1.325119780971937
2021-10-29,水生根茎类,4.406,29.0796,20.267599999999998,4.406,0.0,6,1,6.6000000000000005,4.6,0.43478260869565233,0.0,5,10,1.3278576317590691
2021-10-29,花叶类,70.022,728.7726,465.87753,70.022,0.0,167,16,10.407766130644655,6.653302247864956,0.5643008152807887,0.0,5,10,1.3278576317590691
2021-10-29,花菜类,13.574,244.332,190.30748,13.574,0.0,35,1,18.0,14.02,0.28388017118402287,0.0,5,10,1.3278576317590691
2021-10-29,茄类,11.124,125.136,97.6167,11.124,0.0,21,3,11.249190938511326,8.775323624595469,0.2819118040253359,0.0,5,10,1.3278576317590691
2021-10-29,辣椒类,25.203,315.0944,181.99464,25.203,0.0,86,8,12.502257667737968,7.221149863111535,0.7313389009698308,0.0,5,10,1.3278576317590691
2021-10-29,食用菌,47.926,413.364,294.78892,47.926,0.0,115,3,8.625046947377205,6.150918499353169,0.4022372346966092,0.0,5,10,1.3278576317590691
2021-10-30,水生根茎类,6.781,54.6546,38.3926,6.781,0.0,13,2,8.05996165757263,5.661790296416458,0.4235712090350745,0.0,6,10,1.3305954825462012
2021-10-30,花叶类,98.538,892.4398,586.04122,98.538,0.0,214,17,9.056808540867483,5.947362641823458,0.5228276946116521,0.0,6,10,1.3305954825462012
2021-10-30,花菜类,17.279,241.906,238.79578,17.279,0.0,41,1,14.0,13.82,0.013024602026049159,0.0,6,10,1.3305954825462012
2021-10-30,茄类,12.133000000000001,129.792,114.51559999999999,12.133000000000001,0.0,25,3,10.697436742767659,9.438358196653754,0.1334001655669621,0.0,6,10,1.3305954825462012
2021-10-30,辣椒类,26.181,333.82,210.58657,26.181,0.0,111,8,12.750467896566212,8.04348840762385,0.5851913063591851,0.0,6,10,1.3305954825462012
2021-10-30,食用菌,79.731,692.934,451.8352,79.731,0.0,168,3,8.690898145012605,5.666995271600758,0.5335989759098008,0.0,6,10,1.3305954825462012
2021-10-31,水生根茎类,7.4239999999999995,48.9984,34.1504,7.4239999999999995,0.0,11,1,6.6,4.6,0.4347826086956521,0.0,7,10,1.3333333333333333
2021-10-31,花叶类,78.795,734.791,505.69392,78.795,0.0,211,16,9.325350593311759,6.417842756520083,0.4530350691184899,0.0,7,10,1.3333333333333333
2021-10-31,花菜类,28.424,397.936,276.56552,28.424,0.0,75,1,14.0,9.73,0.4388489208633093,0.0,7,10,1.3333333333333333
2021-10-31,茄类,8.639,106.164,77.66584,8.639,0.0,20,4,12.288922328973262,8.99014237759,0.36693300426545306,0.0,7,10,1.3333333333333333
2021-10-31,辣椒类,35.237,444.79,282.87202,35.237,0.0,116,8,12.622811249538836,8.027698725771206,0.5724071967245117,0.0,7,10,1.3333333333333333
2021-10-31,食用菌,75.305,689.213,444.54294999999996,75.305,0.0,178,7,9.152287364716816,5.903232853064204,0.5503856264057274,0.0,7,10,1.3333333333333333
2021-11-01,水生根茎类,6.082,40.1412,27.977199999999996,6.082,0.0,8,1,6.6,4.6,0.4347826086956521,0.0,1,11,1.3360711841204653
2021-11-01,花叶类,60.969,564.2226,379.94978,60.969,0.0,158,16,9.254253801112041,6.231851924748642,0.4849925692811301,0.0,1,11,1.3360711841204653
2021-11-01,花菜类,26.24,314.88,226.45120000000003,26.24,0.0,58,1,12.0,8.63,0.3904982618771726,0.0,1,11,1.3360711841204653
2021-11-01,茄类,10.293000000000001,114.52000000000001,74.30011,10.293000000000001,0.0,17,3,11.126007966579229,7.218508695229767,0.5413166952242738,0.0,1,11,1.3360711841204653
2021-11-01,辣椒类,23.439,272.218,193.93756,23.439,0.0,83,7,11.6138913776185,8.274139681727036,0.4036373356455554,0.0,1,11,1.3360711841204653
2021-11-01,食用菌,40.999,381.0138,241.79391,40.999,0.0,87,5,9.293246176736018,5.897556281860533,0.5757791418319842,0.0,1,11,1.3360711841204653
2021-11-02,水生根茎类,2.561,16.9026,11.7806,2.561,0.0,4,1,6.6,4.6,0.4347826086956521,0.0,2,11,1.3388090349075976
2021-11-02,花叶类,67.422,512.5218,325.04377,67.422,0.0,163,17,7.601699741924001,4.821034232149744,0.5767777982639075,0.0,2,11,1.3388090349075976
2021-11-02,花菜类,25.844,310.128,223.29216000000002,25.844,0.0,57,1,11.999999999999998,8.64,0.3888888888888886,0.0,2,11,1.3388090349075976
2021-11-02,茄类,13.551,152.258,92.62281,13.551,0.0,27,4,11.235923548077633,6.8351272968784595,0.6438499328621103,0.0,2,11,1.3388090349075976
2021-11-02,辣椒类,25.556,324.118,235.39991,25.556,0.0,93,7,12.682657692909688,9.211140632336829,0.37688242956422546,0.0,2,11,1.3388090349075976
2021-11-02,食用菌,49.667,414.8628,252.87725,49.667,0.0,104,5,8.35288622224012,5.091454084200777,0.6405698812368454,0.0,2,11,1.3388090349075976
2021-11-03,水生根茎类,4.634,30.584399999999995,21.316399999999998,4.634,0.0,3,1,6.599999999999999,4.6,0.4347826086956521,0.0,3,11,1.3415468856947297
2021-11-03,花叶类,50.06,389.521,254.89469,50.06,0.0,125,17,7.7810827007590895,5.09178365960847,0.5281644352810961,0.0,3,11,1.3415468856947297
2021-11-03,花菜类,27.868,334.416,240.77952000000002,27.868,0.0,62,1,12.0,8.64,0.38888888888888884,0.0,3,11,1.3415468856947297
2021-11-03,茄类,5.176,65.61,37.24003,5.176,0.0,10,4,12.6758114374034,7.194750772797526,0.7618138331252688,0.0,3,11,1.3415468856947297
2021-11-03,辣椒类,25.358999999999998,317.808,210.53032000000002,25.358999999999998,0.0,78,6,12.532355376789306,8.301996135494303,0.5095592881823388,0.0,3,11,1.3415468856947297
2021-11-03,食用菌,77.957,657.8340000000001,425.1503,77.957,0.0,172,5,8.438421180907424,5.453651371910156,0.5472975086692871,0.0,3,11,1.3415468856947297
2021-11-04,水生根茎类,8.215,64.119,44.989,8.215,0.0,9,2,7.805112598904443,5.476445526475958,0.42521505256840575,0.0,4,11,1.3442847364818618
2021-11-04,花叶类,62.916,475.293,294.0549,62.916,0.0,144,14,7.5544058744993325,4.673769788289147,0.616341030195382,0.0,4,11,1.3442847364818618
2021-11-04,花菜类,23.879,286.548,206.07577000000003,23.879,0.0,48,1,12.0,8.63,0.3904982618771726,0.0,4,11,1.3442847364818618
2021-11-04,茄类,12.227,132.4,81.64085,12.227,0.0,21,3,10.828494315858347,6.677095771652899,0.6217371573176909,0.0,4,11,1.3442847364818618
2021-11-04,辣椒类,24.241,313.538,208.47002,24.241,0.0,79,8,12.934202384390083,8.599893568747165,0.5039956344801999,0.0,4,11,1.3442847364818618
2021-11-04,食用菌,58.122,633.5156000000001,376.82458,58.122,0.0,155,5,10.899755686314993,6.4833381507862775,0.681195000602137,0.0,4,11,1.3442847364818618
2021-11-05,水生根茎类,5.732,37.831199999999995,26.367199999999997,5.732,0.0,7,1,6.599999999999999,4.6,0.4347826086956521,0.0,5,11,1.3470225872689938
2021-11-05,花叶类,82.06,568.7416000000001,360.5149,82.06,0.0,193,17,6.930801852303193,4.393308554716062,0.577581398161352,0.0,5,11,1.3470225872689938
2021-11-05,花菜类,37.479,448.344,322.92273,37.479,0.0,72,2,11.962539021852237,8.616097814776275,0.38839405947051175,0.0,5,11,1.3470225872689938
2021-11-05,茄类,6.524,68.56400000000001,43.98932,6.524,0.0,14,3,10.509503372164318,6.742691600245248,0.5586510543922936,0.0,5,11,1.3470225872689938
2021-11-05,辣椒类,22.532,295.832,185.93487,22.532,0.0,82,8,13.129415941771702,8.252035771347417,0.5910517483890998,0.0,5,11,1.3470225872689938
2021-11-05,食用菌,104.608,959.3960000000001,576.38544,104.608,0.0,240,4,9.171344447843378,5.509955643927807,0.6645042248117858,0.0,5,11,1.3470225872689938
2021-11-06,水生根茎类,5.919,43.7382,29.25936,5.919,0.0,7,2,7.389457678661937,4.943294475418146,0.49484472661056134,0.0,6,11,1.3497604380561259
2021-11-06,花叶类,108.548,903.357,544.10324,108.548,0.0,261,16,8.322189261893355,5.012558867966246,0.660267635972908,0.0,6,11,1.3497604380561259
2021-11-06,花菜类,2.157,25.884,14.84016,2.157,0.0,5,1,12.0,6.88,0.7441860465116279,0.0,6,11,1.3497604380561259
2021-11-06,茄类,9.658,101.28,63.56765,9.658,0.0,20,3,10.486643197349348,6.5818647753158,0.5932632400285367,0.0,6,11,1.3497604380561259
2021-11-06,辣椒类,27.548,353.24,229.07848,27.548,0.0,98,7,12.822709452591841,8.315612022651374,0.5420042947726909,0.0,6,11,1.3497604380561259
2021-11-06,食用菌,128.993,1282.1978,700.33052,128.993,0.0,301,5,9.940057212406874,5.4292133681672645,0.8308466693697711,0.0,6,11,1.3497604380561259
2021-11-07,水生根茎类,5.102,36.0096,24.486949999999997,5.102,0.0,6,2,7.0579380635045075,4.7994805958447655,0.47056289166270227,0.0,7,11,1.352498288843258
2021-11-07,花叶类,145.887,1285.215,754.40368,145.887,0.0,362,15,8.809660901930945,5.171150822211712,0.7036170873397645,0.0,7,11,1.352498288843258
2021-11-07,花菜类,5.343,64.116,41.40825,5.343,0.0,10,1,12.0,7.750000000000001,0.5483870967741933,0.0,7,11,1.352498288843258
2021-11-07,茄类,14.185,156.752,97.09075,14.185,0.0,32,4,11.05054635178005,6.844606979203384,0.6144895368508327,0.0,7,11,1.352498288843258
2021-11-07,辣椒类,41.108,517.53,331.43462,41.108,0.0,144,6,12.589520288021797,8.062533326846356,0.5614844339435632,0.0,7,11,1.352498288843258
2021-11-07,食用菌,155.029,1448.5414,803.86819,155.029,0.0,339,5,9.343680214669513,5.185276238639223,0.8019638269303824,0.0,7,11,1.352498288843258
2021-11-08,水生根茎类,6.766,66.3588,42.47649,6.766,0.0,10,3,9.807685486254803,6.277932308601833,0.5622477280961773,0.0,1,11,1.3552361396303902
2021-11-08,花叶类,66.376,526.511,300.55365,66.376,0.0,163,18,7.932249608292152,4.528047035072918,0.7518037129144828,0.0,1,11,1.3552361396303902
2021-11-08,花菜类,5.928,71.136,49.97304,5.928,0.0,10,1,12.0,8.43,0.42348754448398584,0.0,1,11,1.3552361396303902
2021-11-08,茄类,10.662,128.23000000000002,73.26089999999999,10.662,0.0,22,3,12.026824235603078,6.871215531795159,0.7503197476416483,0.0,1,11,1.3552361396303902
2021-11-08,辣椒类,24.775000000000002,310.748,221.45773,24.775000000000002,0.0,79,6,12.542805247225024,8.938758022199798,0.4031932865924346,0.0,1,11,1.3552361396303902
2021-11-08,食用菌,58.558,583.904,324.32844,58.558,0.0,156,4,9.9713788039209,5.5385846511151335,0.8003478202528278,0.0,1,11,1.3552361396303902
2021-11-09,水生根茎类,6.047000000000001,46.5274,30.84272,6.047000000000001,0.0,5,2,7.694294691582602,5.1004994212005945,0.5085375090134723,0.0,2,11,1.3579739904175223
2021-11-09,花叶类,44.867,372.216,199.93290000000002,44.867,0.0,112,17,8.295985913923374,4.456123654356209,0.8617046018939354,0.0,2,11,1.3579739904175223
2021-11-09,花菜类,4.046,48.552,34.47192,4.046,0.0,7,1,12.0,8.52,0.40845070422535223,0.0,2,11,1.3579739904175223
2021-11-09,茄类,3.419,41.028,23.38596,3.419,0.0,10,1,12.0,6.84,0.7543859649122808,0.0,2,11,1.3579739904175223
2021-11-09,辣椒类,23.626,303.082,198.30203,23.626,0.0,80,7,12.828324726995682,8.393381444171675,0.5283857658945801,0.0,2,11,1.3579739904175223
2021-11-09,食用菌,52.288,567.844,313.51192,52.288,0.0,134,4,10.859929620563037,5.9958675030599755,0.8112357577983003,0.0,2,11,1.3579739904175223
2021-11-10,水生根茎类,4.3580000000000005,34.9732,22.85535,4.3580000000000005,0.0,8,2,8.02505736576411,5.244458467186782,0.5301975248683568,0.0,3,11,1.3607118412046544
2021-11-10,花叶类,49.063,364.34000000000003,198.40285,49.063,0.0,128,15,7.4259625379613965,4.043838534129589,0.836364749800721,0.0,3,11,1.3607118412046544
2021-11-10,花菜类,2.033,24.396,18.25634,2.033,0.0,5,1,12.0,8.98,0.3363028953229399,0.0,3,11,1.3607118412046544
2021-11-10,茄类,3.044,36.528,21.08162,3.044,0.0,8,2,12.0,6.925630749014455,0.7326941667670701,0.0,3,11,1.3607118412046544
2021-11-10,辣椒类,21.358,286.80400000000003,186.94738,21.358,0.0,74,7,13.428410899896996,8.753037737615882,0.5341429229979047,0.0,3,11,1.3607118412046544
2021-11-10,食用菌,48.096000000000004,487.24,251.60876,48.096000000000004,0.0,114,4,10.130572188955423,5.231386393878908,0.9364985543428619,0.0,3,11,1.3607118412046544
2021-11-11,水生根茎类,35.903,260.621,175.1944,35.903,0.0,52,3,7.259031278723226,4.879659081413809,0.4876103345769043,0.0,4,11,1.3634496919917864
2021-11-11,花叶类,48.787,417.418,224.0666,48.787,0.0,122,17,8.555926783774366,4.592752167585627,0.8629193284496663,0.0,4,11,1.3634496919917864
2021-11-11,花菜类,13.156,184.184,119.32492,13.156,0.0,33,1,14.0,9.07,0.5435501653803747,0.0,4,11,1.3634496919917864
2021-11-11,茄类,3.602,44.858000000000004,27.47819,3.602,0.0,8,3,12.453636868406443,7.628592448639646,0.6324947167189687,0.0,4,11,1.3634496919917864
2021-11-11,辣椒类,18.369,249.9018,158.76595,18.369,0.0,62,7,13.604540258043443,8.643146061298928,0.574026420652539,0.0,4,11,1.3634496919917864
2021-11-11,食用菌,47.256,449.82800000000003,225.88964,47.256,0.0,102,4,9.518960555273406,4.780126121550703,0.9913617995052806,0.0,4,11,1.3634496919917864
2021-11-12,水生根茎类,50.696,359.3392,245.31963,50.696,0.0,61,2,7.088117405712483,4.839033257061701,0.4647796427868409,0.0,5,11,1.3661875427789185
2021-11-12,花叶类,49.34,370.335,200.23336,49.34,0.0,120,15,7.505776246453181,4.0582359140656665,0.8495169835835548,0.0,5,11,1.3661875427789185
2021-11-12,花菜类,18.935,265.09,168.33215,18.935,0.0,43,1,14.0,8.89,0.5748031496062991,0.0,5,11,1.3661875427789185
2021-11-12,茄类,10.337,131.926,83.55568,10.337,0.0,24,3,12.762503627744993,8.083165328431846,0.5788992441926151,0.0,5,11,1.3661875427789185
2021-11-12,辣椒类,25.182,323.0602,217.24011,25.182,0.0,89,6,12.829012786911287,8.62680128663331,0.4871111969147872,0.0,5,11,1.3661875427789185
2021-11-12,食用菌,55.136,607.74,301.41912,55.136,0.0,138,4,11.022562391178177,5.4668296575739985,1.0162622729440653,0.0,5,11,1.3661875427789185
2021-11-13,水生根茎类,55.708,411.5256,278.73456,55.708,0.0,72,3,7.387190349680477,5.003492496589359,0.47640680079284037,0.0,6,11,1.3689253935660506
2021-11-13,花叶类,69.273,555.374,323.17198,69.273,0.0,159,15,8.017178410058754,4.665193942806,0.7185091356001843,0.0,6,11,1.3689253935660506
2021-11-13,花菜类,20.049,280.686,177.83462999999998,20.049,0.0,43,1,14.0,8.87,0.5783540022547915,0.0,6,11,1.3689253935660506
2021-11-13,茄类,10.383000000000001,114.23400000000001,75.59633000000001,10.383000000000001,0.0,24,3,11.002022536839064,7.28077915823943,0.5111051025889748,0.0,6,11,1.3689253935660506
2021-11-13,辣椒类,28.792,376.89480000000003,253.393,28.792,0.0,100,6,13.090261183662129,8.800812725757154,0.48739231154767504,0.0,6,11,1.3689253935660506
2021-11-13,食用菌,56.321,625.94,314.92298999999997,56.321,0.0,146,4,11.11379414428011,5.591573125477175,0.9875970312615161,0.0,6,11,1.3689253935660506
2021-11-14,水生根茎类,53.547,383.8034,262.67055999999997,53.547,0.0,78,3,7.167598558275908,4.905420658486936,0.4611587990675472,0.0,7,11,1.3716632443531827
2021-11-14,花叶类,92.941,796.326,485.36311,92.941,0.0,229,16,8.568080825469922,5.222271225831442,0.6406809326732721,0.0,7,11,1.3716632443531827
2021-11-14,花菜类,30.582,428.148,271.87398,30.582,0.0,70,1,14.0,8.89,0.5748031496062991,0.0,7,11,1.3716632443531827
2021-11-14,茄类,14.612,175.088,116.70779999999999,14.612,0.0,33,3,11.982480153298658,7.987120175198466,0.5002253491197675,0.0,7,11,1.3716632443531827
2021-11-14,辣椒类,39.412,444.6476,330.64806,39.412,0.0,136,7,11.282035928143713,8.389527555059372,0.3447760739923895,0.0,7,11,1.3716632443531827
2021-11-14,食用菌,71.072,815.024,464.59434,71.072,0.0,169,4,11.467582170193607,6.536953230526789,0.754270187622174,0.0,7,11,1.3716632443531827
2021-11-15,水生根茎类,28.879,202.153,138.6192,28.879,0.0,45,1,6.999999999999999,4.8,0.45833333333333326,0.0,1,11,1.374401095140315
2021-11-15,花叶类,42.62,349.285,209.40947,42.62,0.0,102,14,8.195330830595966,4.913408493664947,0.667952265960083,0.0,1,11,1.374401095140315
2021-11-15,花菜类,12.677,177.478,112.69853,12.677,0.0,30,1,14.000000000000002,8.89,0.5748031496062993,0.0,1,11,1.374401095140315
2021-11-15,茄类,7.194,80.712,52.920640000000006,7.194,0.0,18,3,11.219349457881568,7.35621907144843,0.525151623260792,0.0,1,11,1.374401095140315
2021-11-15,辣椒类,29.577,332.5384,230.12308000000002,29.577,0.0,105,7,11.243141630320858,7.780474016972648,0.44504584242484513,0.0,1,11,1.374401095140315
2021-11-15,食用菌,30.631,286.188,172.19836,30.631,0.0,80,4,9.343083803989423,5.621702197120564,0.661967047769793,0.0,1,11,1.374401095140315
2021-11-16,水生根茎类,19.63,137.41,94.224,19.63,0.0,30,1,7.0,4.800000000000001,0.45833333333333304,0.0,2,11,1.377138945927447
2021-11-16,花叶类,44.875,353.245,216.17950000000002,44.875,0.0,108,14,7.871754874651811,4.817370473537605,0.634035604671118,0.0,2,11,1.377138945927447
2021-11-16,花菜类,12.525,175.35,111.34725,12.525,0.0,30,1,14.0,8.89,0.5748031496062991,0.0,2,11,1.377138945927447
2021-11-16,茄类,2.8339999999999996,34.814,21.650059999999996,2.8339999999999996,0.0,7,3,12.284403669724773,7.63940014114326,0.6080324950600602,0.0,2,11,1.377138945927447
2021-11-16,辣椒类,27.575,345.8832,239.45685,27.575,0.0,100,7,12.543361740707162,8.683838621940163,0.44444896857199945,0.0,2,11,1.377138945927447
2021-11-16,食用菌,20.218,120.604,78.92168,20.218,0.0,35,4,5.9651795429815015,3.903535463448412,0.5281479056198501,0.0,2,11,1.377138945927447
2021-11-17,水生根茎类,34.26,242.72,166.648,34.26,0.0,47,2,7.084646818447169,4.8642148277875075,0.4564831261101243,0.0,3,11,1.379876796714579
2021-11-17,花叶类,39.852,333.755,198.69471000000001,39.852,0.0,104,15,8.374861989360635,4.985815266485999,0.6797377242705656,0.0,3,11,1.379876796714579
2021-11-17,花菜类,15.791,221.074,142.43482,15.791,0.0,35,1,14.0,9.02,0.5521064301552108,0.0,3,11,1.379876796714579
2021-11-17,茄类,7.203,81.086,49.5999,7.203,0.0,15,3,11.257253921976954,6.886005830903789,0.6348016830679095,0.0,3,11,1.379876796714579
2021-11-17,辣椒类,18.162,239.4005,155.10896,18.162,0.0,73,8,13.181395220790662,8.540301728884485,0.5434343702646192,0.0,3,11,1.379876796714579
2021-11-17,食用菌,27.986,151.852,103.19438,27.986,0.0,41,4,5.425998713642535,3.687357250053598,0.47151424331441305,0.0,3,11,1.379876796714579
2021-11-18,水生根茎类,21.426,149.982,102.84479999999999,21.426,0.0,27,1,7.000000000000001,4.8,0.4583333333333335,0.0,4,11,1.3826146475017111
2021-11-18,花叶类,38.199,316.61039999999997,186.42398,38.199,0.0,95,16,8.288447341553443,4.880336658027697,0.6983351605303136,0.0,4,11,1.3826146475017111
2021-11-18,花菜类,6.018,84.25200000000001,54.884159999999994,6.018,0.0,18,1,14.000000000000002,9.12,0.535087719298246,0.0,4,11,1.3826146475017111
2021-11-18,茄类,3.246,37.936,23.17873,3.246,0.0,8,3,11.686999383857055,7.140705483672212,0.63667293246869,0.0,4,11,1.3826146475017111
2021-11-18,辣椒类,12.35,166.6904,103.35801000000001,12.35,0.0,45,7,13.497198380566802,8.36906963562753,0.6127477686538276,0.0,4,11,1.3826146475017111
2021-11-18,食用菌,19.922,92.528,65.25919,19.922,0.0,28,4,4.6445136030519025,3.2757348659773116,0.41785394516848884,0.0,4,11,1.3826146475017111
2021-11-19,水生根茎类,28.706,200.942,137.7888,28.706,0.0,41,1,7.0,4.800000000000001,0.45833333333333304,0.0,5,11,1.3853524982888432
2021-11-19,花叶类,32.88,261.829,149.81417,32.88,0.0,87,15,7.963169099756691,4.556392031630169,0.7476918238107919,0.0,5,11,1.3853524982888432
2021-11-19,花菜类,8.768,122.752,80.75328,8.768,0.0,23,1,13.999999999999998,9.209999999999999,0.5200868621064061,0.0,5,11,1.3853524982888432
2021-11-19,茄类,6.776,77.76,47.24179,6.776,0.0,15,3,11.475796930342385,6.971928866587958,0.6460002891507708,0.0,5,11,1.3853524982888432
2021-11-19,辣椒类,13.522,178.4116,118.19664,13.522,0.0,53,6,13.194172459695311,8.741061973080905,0.5094473074699923,0.0,5,11,1.3853524982888432
2021-11-19,食用菌,16.207,75.264,58.93896,16.207,0.0,23,4,4.643919294132164,3.6366360214722033,0.27698215238273605,0.0,5,11,1.3853524982888432
2021-11-20,水生根茎类,55.584,384.539,265.07457999999997,55.584,0.0,80,2,6.918159902130109,4.768900762809441,0.4506822947715319,0.0,6,11,1.3880903490759753
2021-11-20,花叶类,82.762,590.131,352.6376,82.762,0.0,189,18,7.130458422947729,4.260863681399677,0.6734772468959631,0.0,6,11,1.3880903490759753
2021-11-20,花菜类,14.406,230.496,133.11144000000002,14.406,0.0,36,1,16.0,9.24,0.7316017316017316,0.0,6,11,1.3880903490759753
2021-11-20,茄类,9.051,107.478,66.13086,9.051,0.0,21,3,11.874709976798144,7.30647000331455,0.6252321533396059,0.0,6,11,1.3880903490759753
2021-11-20,辣椒类,34.164,401.7294,276.55306,34.164,0.0,127,8,11.758851422550052,8.094867696990985,0.45263046447578614,0.0,6,11,1.3880903490759753
2021-11-20,食用菌,48.565,210.496,149.78085,48.565,0.0,69,4,4.33431483578709,3.0841315762380312,0.40535989747688084,0.0,6,11,1.3880903490759753
2021-11-21,水生根茎类,7.775,51.32,36.140100000000004,7.775,0.0,14,2,6.60064308681672,4.648244372990354,0.4200292749605008,0.0,7,11,1.3908281998631074
2021-11-21,花叶类,76.338,582.9242,354.74386,76.338,0.0,196,16,7.636094736566324,4.647015378972465,0.6432256220023091,0.0,7,11,1.3908281998631074
2021-11-21,花菜类,19.739,315.824,182.38836,19.739,0.0,51,1,16.0,9.24,0.7316017316017316,0.0,7,11,1.3908281998631074
2021-11-21,茄类,17.990000000000002,195.916,120.93329,17.990000000000002,0.0,37,3,10.890272373540855,6.722250694830461,0.6200336565721483,0.0,7,11,1.3908281998631074
2021-11-21,辣椒类,30.26,356.2488,250.41346000000001,30.26,0.0,113,6,11.772927957699935,8.275395241242565,0.4226423771310057,0.0,7,11,1.3908281998631074
2021-11-21,食用菌,92.367,701.784,446.5123,92.367,0.0,188,5,7.597778427360421,4.834110667229638,0.5717013842619791,0.0,7,11,1.3908281998631074
2021-11-22,水生根茎类,5.132,32.903999999999996,23.486,5.132,0.0,9,2,6.411535463756819,4.576383476227592,0.4010048539555475,0.0,1,11,1.3935660506502396
2021-11-22,花叶类,42.247,389.7362,221.02235,42.247,0.0,96,14,9.225180486188368,5.231669704357706,0.7633338890840677,0.0,1,11,1.3935660506502396
2021-11-22,花菜类,9.756,136.584,90.14544000000001,9.756,0.0,23,1,14.0,9.24,0.5151515151515151,0.0,1,11,1.3935660506502396
2021-11-22,茄类,9.175,101.89,64.692,9.175,0.0,22,3,11.105177111716621,7.050899182561307,0.575001545786187,0.0,1,11,1.3935660506502396
2021-11-22,辣椒类,22.036,246.29240000000001,180.84174,22.036,0.0,68,6,11.176819749500817,8.206650027228171,0.36192230842282336,0.0,1,11,1.3935660506502396
2021-11-22,食用菌,23.416,258.324,162.07119,23.416,0.0,64,4,11.031943969935087,6.921386658694909,0.5938921655354046,0.0,1,11,1.3935660506502396
2021-11-23,水生根茎类,3.7600000000000002,25.548000000000002,17.75464,3.7600000000000002,0.0,5,2,6.79468085106383,4.721978723404255,0.43894779054940014,0.0,2,11,1.3963039014373717
2021-11-23,花叶类,55.622,415.019,243.73575,55.622,0.0,130,15,7.461418143899896,4.382002624860666,0.7027415961753662,0.0,2,11,1.3963039014373717
2021-11-23,花菜类,9.495,132.93,99.5076,9.495,0.0,21,1,14.000000000000002,10.48,0.33587786259541996,0.0,2,11,1.3963039014373717
2021-11-23,茄类,5.163,63.722,37.29479,5.163,0.0,12,3,12.342049196203757,7.22347278713926,0.7086032660326014,0.0,2,11,1.3963039014373717
2021-11-23,辣椒类,18.004,204.0052,146.49633,18.004,0.0,68,7,11.331104199066873,8.13687680515441,0.39256184779509495,0.0,2,11,1.3963039014373717
2021-11-23,食用菌,24.705,189.68,121.85,24.705,0.0,52,3,7.6777980165958315,4.932199959522364,0.5566680344686092,0.0,2,11,1.3963039014373717
2021-11-24,水生根茎类,11.231,112.97800000000001,67.60255000000001,11.231,0.0,20,3,10.059478229899387,6.019281453120827,0.6712091481756235,0.0,3,11,1.3990417522245038
2021-11-24,花叶类,39.991,280.052,164.03511,39.991,0.0,93,13,7.002875647020581,4.101800655147408,0.7072686451089649,0.0,3,11,1.3990417522245038
2021-11-24,花菜类,12.559,175.826,132.37186,12.559,0.0,19,1,14.0,10.540000000000001,0.32827324478178355,0.0,3,11,1.3990417522245038
2021-11-24,茄类,9.217,115.586,72.3133,9.217,0.0,22,4,12.540522946728869,7.845643918845611,0.5984058257609595,0.0,3,11,1.3990417522245038
2021-11-24,辣椒类,21.68,254.7816,184.13646,21.68,0.0,75,6,11.751918819188193,8.493379151291514,0.38365644696330103,0.0,3,11,1.3990417522245038
2021-11-24,食用菌,22.259,111.244,72.46,22.259,0.0,32,3,4.997708791949324,3.2553124578822046,0.5352470328457082,0.0,3,11,1.3990417522245038
2021-11-25,水生根茎类,8.789,58.951,41.20933,8.789,0.0,13,3,6.707361474570486,4.688739333257481,0.4305255630217719,0.0,4,11,1.4017796030116358
2021-11-25,花叶类,44.906,332.2348,193.3072,44.906,0.0,103,14,7.398450095755579,4.304707611455039,0.7186881812989896,0.0,4,11,1.4017796030116358
2021-11-25,花菜类,10.217,143.038,109.21973,10.217,0.0,24,1,14.0,10.69,0.30963517305893373,0.0,4,11,1.4017796030116358
2021-11-25,茄类,5.166,64.892,41.74606,5.166,0.0,12,2,12.561362756484707,8.080925280681377,0.5544460962303988,0.0,4,11,1.4017796030116358
2021-11-25,辣椒类,20.413,269.6948,174.38536,20.413,0.0,73,6,13.211913976387596,8.54285798265811,0.5465449622605936,0.0,4,11,1.4017796030116358
2021-11-25,食用菌,14.266,60.955999999999996,39.82,14.266,0.0,17,3,4.272816486751717,2.7912519276601713,0.5307885484681061,0.0,4,11,1.4017796030116358
2021-11-26,水生根茎类,6.906,71.995,44.35046,6.906,0.0,11,3,10.424992759918911,6.422018534607588,0.6233202541754921,0.0,5,11,1.404517453798768
2021-11-26,花叶类,39.951,292.7036,172.02815999999999,39.951,0.0,98,14,7.326565042176666,4.305978824059473,0.7014865473187646,0.0,5,11,1.404517453798768
2021-11-26,花菜类,17.511,210.132,144.99107999999998,17.511,0.0,37,1,12.0,8.28,0.4492753623188408,0.0,5,11,1.404517453798768
2021-11-26,茄类,6.0600000000000005,67.744,42.17194,6.0600000000000005,0.0,17,3,11.178877887788778,6.9590660066006595,0.606376182836265,0.0,5,11,1.404517453798768
2021-11-26,辣椒类,14.855,199.3066,127.33319,14.855,0.0,60,7,13.416802423426455,8.571739481656008,0.5652368404498465,0.0,5,11,1.404517453798768
2021-11-26,食用菌,22.331,95.179,61.25127,22.331,0.0,30,3,4.262191572253818,2.7428807487349425,0.5539106372814802,0.0,5,11,1.404517453798768
2021-11-27,水生根茎类,7.344,60.193999999999996,38.422760000000004,7.344,0.0,12,3,8.196350762527231,5.231857298474946,0.5666235325104179,0.0,6,11,1.4072553045859
2021-11-27,花叶类,60.563,395.9572,244.19731000000002,60.563,0.0,153,13,6.537939005663524,4.0321204365701835,0.6214642167843698,0.0,6,11,1.4072553045859
2021-11-27,花菜类,23.115,277.38,196.9398,23.115,0.0,51,1,12.0,8.52,0.40845070422535223,0.0,6,11,1.4072553045859
2021-11-27,茄类,11.622,115.078,71.31187,11.622,0.0,22,4,9.901738082946137,6.135937876441232,0.6137285419664358,0.0,6,11,1.4072553045859
2021-11-27,辣椒类,37.591,462.4284,297.2369,37.591,0.0,130,6,12.301572184831475,7.907129366071666,0.5557570409326702,0.0,6,11,1.4072553045859
2021-11-27,食用菌,43.646,190.045,121.53777,43.646,0.0,58,4,4.354236356138019,2.7846256243412912,0.5636702894910774,0.0,6,11,1.4072553045859
2021-11-28,水生根茎类,8.369,58.946,37.94733,8.369,0.0,14,3,7.043374357748835,4.5342729119369105,0.5533635699797586,0.0,7,11,1.4099931553730323
2021-11-28,花叶类,68.866,438.5374,263.98361,68.866,0.0,170,14,6.367981297011587,3.833293787935992,0.6612296498256083,0.0,7,11,1.4099931553730323
2021-11-28,花菜类,21.817,261.80400000000003,187.62619999999998,21.817,0.0,47,1,12.000000000000002,8.6,0.3953488372093026,0.0,7,11,1.4099931553730323
2021-11-28,茄类,9.693999999999999,101.001,61.07475,9.693999999999999,0.0,18,3,10.418918918918921,6.300263049308851,0.6537276042881881,0.0,7,11,1.4099931553730323
2021-11-28,辣椒类,25.149,309.5644,200.2537,25.149,0.0,95,6,12.309213089983697,7.962690365422085,0.5458610752260755,0.0,7,11,1.4099931553730323
2021-11-28,食用菌,48.715,326.516,207.26909,48.715,0.0,88,4,6.702576208559992,4.2547283177666015,0.5753241354029202,0.0,7,11,1.4099931553730323
2021-11-29,水生根茎类,5.896,37.848,22.44576,5.896,0.0,10,2,6.419267299864314,3.8069470827679783,0.6861981951156921,0.0,1,11,1.4127310061601643
2021-11-29,花叶类,51.267,287.5984,173.62531,51.267,0.0,121,13,5.60981528078491,3.386687537792342,0.6564313117713079,0.0,1,11,1.4127310061601643
2021-11-29,花菜类,9.182,110.184,83.83166000000001,9.182,0.0,18,1,12.0,9.13,0.31434830230010946,0.0,1,11,1.4127310061601643
2021-11-29,茄类,5.796,68.826,40.88892,5.796,0.0,13,4,11.874741200828156,7.054679089026915,0.6832432844888052,0.0,1,11,1.4127310061601643
2021-11-29,辣椒类,19.812,247.3764,153.07277,19.812,0.0,73,6,12.48619018776499,7.726265394710276,0.616070578718867,0.0,1,11,1.4127310061601643
2021-11-29,食用菌,20.934,96.072,57.1228,20.934,0.0,33,2,4.589280596159358,2.728709276774625,0.6818503294656426,0.0,1,11,1.4127310061601643
2021-11-30,水生根茎类,4.593,29.7,17.90421,4.593,0.0,10,2,6.466361854996734,3.8981515349444806,0.6588277282270483,0.0,2,11,1.4154688569472964
2021-11-30,花叶类,35.867,230.1816,134.63351,35.867,0.0,95,13,6.417642958708563,3.753687512197842,0.709690254677309,0.0,2,11,1.4154688569472964
2021-11-30,花菜类,25.737,257.37,208.72706999999997,25.737,0.0,54,1,10.0,8.11,0.23304562268803952,0.0,2,11,1.4154688569472964
2021-11-30,茄类,7.103,77.79,43.94584,7.103,0.0,16,4,10.951710544840209,6.186940729269323,0.7701334187718336,0.0,2,11,1.4154688569472964
2021-11-30,辣椒类,32.472,336.066,262.9578,32.472,0.0,107,6,10.34940872135994,8.097985957132298,0.2780225572316164,0.0,2,11,1.4154688569472964
2021-11-30,食用菌,30.467,122.869,78.57267,30.467,0.0,41,3,4.032855220402403,2.5789434470082386,0.5637625652787412,0.0,2,11,1.4154688569472964
2021-12-01,水生根茎类,30.015,223.81300000000002,149.49498,30.015,0.0,39,3,7.456704980842912,4.980675662168915,0.49712719450512677,0.0,3,12,1.4182067077344285
2021-12-01,花叶类,74.607,437.6672,285.28918,74.607,0.0,170,14,5.866302089616256,3.8238929322985777,0.5341177678031814,0.0,3,12,1.4182067077344285
2021-12-01,花菜类,18.93,189.3,136.6746,18.93,0.0,43,1,10.0,7.22,0.3850415512465375,0.0,3,12,1.4182067077344285
2021-12-01,茄类,5.252,55.632,30.54525,5.252,0.0,12,3,10.592536176694592,5.815927265803504,0.8212979104770788,0.0,3,12,1.4182067077344285
2021-12-01,辣椒类,23.68,240.5348,190.96418,23.68,0.0,75,7,10.157719594594594,8.064365709459459,0.25958072346342664,0.0,3,12,1.4182067077344285
2021-12-01,食用菌,24.864,92.757,60.52863,24.864,0.0,33,4,3.7305743243243246,2.434388272200772,0.5324483636916946,0.0,3,12,1.4182067077344285
2021-12-02,水生根茎类,25.404,174.34,114.78584,25.404,0.0,41,3,6.862698787592505,4.518415997480711,0.5188284547989543,0.0,4,12,1.4209445585215605
2021-12-02,花叶类,58.359,309.54200000000003,204.17558,58.359,0.0,130,15,5.304100481502425,3.498613410099556,0.5160578948765568,0.0,4,12,1.4209445585215605
2021-12-02,花菜类,18.262999999999998,182.63,133.13727,18.262999999999998,0.0,42,1,10.0,7.290000000000001,0.37174211248285305,0.0,4,12,1.4209445585215605
2021-12-02,茄类,4.474,48.58,27.42953,4.474,0.0,10,3,10.858292355833704,6.130873938310237,0.7710839376394709,0.0,4,12,1.4209445585215605
2021-12-02,辣椒类,22.703,243.638,184.16477999999998,22.703,0.0,83,7,10.731533277540414,8.111913843985375,0.32293481956756365,0.0,4,12,1.4209445585215605
2021-12-02,食用菌,20.085,92.01,52.78745,20.085,0.0,38,4,4.5810306198655715,2.628202638785163,0.7430279356172729,0.0,4,12,1.4209445585215605
2021-12-03,水生根茎类,18.925,117.278,91.90101,18.925,0.0,29,3,6.196988110964333,4.856063936591809,0.2761339619662506,0.0,5,12,1.4236824093086926
2021-12-03,花叶类,73.847,394.2322,270.10543,73.847,0.0,159,15,5.338499871355641,3.657635787506602,0.45954933227369743,0.0,5,12,1.4236824093086926
2021-12-03,花菜类,20.739,248.868,155.12772,20.739,0.0,42,1,12.0,7.48,0.6042780748663101,0.0,5,12,1.4236824093086926
2021-12-03,茄类,5.683,60.126,33.79756,5.683,0.0,13,2,10.579975365124055,5.947133556220306,0.7790041647976955,0.0,5,12,1.4236824093086926
2021-12-03,辣椒类,25.931,277.7492,205.86787,25.931,0.0,91,7,10.711087115807333,7.9390640546064555,0.3491624506534212,0.0,5,12,1.4236824093086926
2021-12-03,食用菌,54.498,453.18,337.90938,54.498,0.0,138,4,8.315534515028075,6.2003996476934935,0.3411287961287135,0.0,5,12,1.4236824093086926
2021-12-04,水生根茎类,62.259,373.554,290.84268,62.259,0.0,88,2,5.999999999999999,4.671496169228544,0.2843850840598774,0.0,6,12,1.4264202600958247
2021-12-04,花叶类,93.905,571.4062,382.45694000000003,93.905,0.0,220,13,6.084939034130238,4.0728069857835045,0.4940406101664674,0.0,6,12,1.4264202600958247
2021-12-04,花菜类,22.865000000000002,320.11,190.92274999999998,22.865000000000002,0.0,46,1,14.0,8.349999999999998,0.6766467065868267,0.0,6,12,1.4264202600958247
2021-12-04,茄类,9.205,98.28,58.1274,9.205,0.0,24,3,10.67680608365019,6.314763715372081,0.690768897284241,0.0,6,12,1.4264202600958247
2021-12-04,辣椒类,36.36,422.1508,275.25518,36.36,0.0,132,7,11.61030803080308,7.570274477447745,0.5336706833273765,0.0,6,12,1.4264202600958247
2021-12-04,食用菌,92.516,721.767,519.57825,92.516,0.0,224,4,7.801537031432401,5.616090730252065,0.3891401343301033,0.0,6,12,1.4264202600958247
2021-12-05,水生根茎类,50.994,305.964,238.24347,50.994,0.0,64,2,6.0,4.671990234145194,0.2842492598013284,0.0,7,12,1.429158110882957
2021-12-05,花叶类,115.184,678.942,449.69102,115.184,0.0,269,14,5.894412418391443,3.9041101194610364,0.5097966599377501,0.0,7,12,1.429158110882957
2021-12-05,花菜类,25.795,361.13,218.48365,25.795,0.0,52,1,13.999999999999998,8.47,0.6528925619834707,0.0,7,12,1.429158110882957
2021-12-05,茄类,10.65,116.658,66.80214000000001,10.65,0.0,23,3,10.953802816901408,6.2725014084507045,0.7463213004852838,0.0,7,12,1.429158110882957
2021-12-05,辣椒类,37.123,440.752,291.45931,37.123,0.0,133,8,11.872747353392777,7.851178784042239,0.5122248110722556,0.0,7,12,1.429158110882957
2021-12-05,食用菌,100.244,726.938,531.15788,100.244,0.0,203,4,7.251685886437094,5.298650093771198,0.36859119928711226,0.0,7,12,1.429158110882957
2021-12-06,水生根茎类,12.844,88.33000000000001,59.58402,12.844,0.0,21,2,6.877141077545937,4.639054811585177,0.4824444540667112,0.0,1,12,1.431895961670089
2021-12-06,花叶类,62.656,428.08480000000003,259.98278,62.656,0.0,154,13,6.8323033707865175,4.149367658324821,0.6465890548597106,0.0,1,12,1.431895961670089
2021-12-06,花菜类,14.424,173.088,124.62336,14.424,0.0,31,1,12.0,8.64,0.38888888888888884,0.0,1,12,1.431895961670089
2021-12-06,茄类,2.92,36.324,21.15372,2.92,0.0,7,3,12.43972602739726,7.244424657534247,0.717144785881632,0.0,1,12,1.431895961670089
2021-12-06,辣椒类,37.461,433.7952,294.29675,37.461,0.0,113,7,11.579915111716186,7.8560836603400865,0.47400608399515143,0.0,1,12,1.431895961670089
2021-12-06,食用菌,45.511,301.80899999999997,191.86735,45.511,0.0,91,4,6.631561600492188,4.215845619740282,0.5730086437322452,0.0,1,12,1.431895961670089
2021-12-07,水生根茎类,31.831,216.893,144.96912,31.831,0.0,52,2,6.8138921177468506,4.554337595425843,0.49613241771764893,0.0,2,12,1.434633812457221
2021-12-07,花叶类,63.263,396.13280000000003,256.13266,63.263,0.0,158,14,6.261682183898962,4.048696078276402,0.5465923010365021,0.0,2,12,1.434633812457221
2021-12-07,花菜类,16.639,199.668,145.92403,16.639,0.0,40,1,12.0,8.77,0.36830102622576977,0.0,2,12,1.434633812457221
2021-12-07,茄类,3.737,47.274,26.7774,3.737,0.0,10,4,12.65025421461065,7.1654803318169655,0.7654439938156803,0.0,2,12,1.434633812457221
2021-12-07,辣椒类,29.638,351.3888,220.47202,29.638,0.0,109,7,11.856022673594708,7.438829205749375,0.5938022430238541,0.0,2,12,1.434633812457221
2021-12-07,食用菌,36.621,319.695,207.62378999999999,36.621,0.0,99,3,8.729827148357499,5.669528139592036,0.5397801957087867,0.0,2,12,1.434633812457221
2021-12-08,水生根茎类,25.319,174.43,117.85927,25.319,0.0,32,2,6.889292626091079,4.654973340179312,0.47998540971787795,0.0,3,12,1.4373716632443532
2021-12-08,花叶类,70.377,414.1696,277.46696000000003,70.377,0.0,152,15,5.885013569774216,3.942580104295438,0.4926807862096443,0.0,3,12,1.4373716632443532
2021-12-08,花菜类,15.059000000000001,210.826,134.92864,15.059000000000001,0.0,32,1,13.999999999999998,8.959999999999999,0.5625,0.0,3,12,1.4373716632443532
2021-12-08,茄类,3.331,38.042,24.682949999999998,3.331,0.0,9,3,11.420594416091264,7.410072050435304,0.541225825924373,0.0,3,12,1.4373716632443532
2021-12-08,辣椒类,24.71,282.617,176.14294,24.71,0.0,88,7,11.437353298259815,7.12840712262242,0.6044753198737345,0.0,3,12,1.4373716632443532
2021-12-08,食用菌,46.246,324.036,238.20468,46.246,0.0,97,4,7.006789776413095,5.150816935518748,0.36032591802982195,0.0,3,12,1.4373716632443532
2021-12-09,水生根茎类,25.262,171.414,114.32,25.262,0.0,39,2,6.785448499722904,4.525374079645316,0.4994226731980407,0.0,4,12,1.4401095140314852
2021-12-09,花叶类,57.675,328.8956,220.20795999999999,57.675,0.0,139,14,5.702567837017773,3.8180833983528393,0.4935681707418753,0.0,4,12,1.4401095140314852
2021-12-09,花菜类,12.175,170.45,111.03599999999999,12.175,0.0,24,1,13.999999999999998,9.12,0.5350877192982455,0.0,4,12,1.4401095140314852
2021-12-09,茄类,2.214,30.996000000000002,17.97768,2.214,0.0,4,1,14.000000000000002,8.12,0.7241379310344831,0.0,4,12,1.4401095140314852
2021-12-09,辣椒类,24.153,287.4368,178.52219000000002,24.153,0.0,87,7,11.900666583861218,7.391305013869914,0.6100900397872104,0.0,4,12,1.4401095140314852
2021-12-09,食用菌,41.728,342.782,271.42046,41.728,0.0,103,4,8.214675996932515,6.5045163918711655,0.26291879396269535,0.0,4,12,1.4401095140314852
2021-12-10,水生根茎类,32.792,225.92,152.76288,32.792,0.0,50,2,6.889485240302512,4.658541107587216,0.4788933018282975,0.0,5,12,1.4428473648186173
2021-12-10,花叶类,68.296,387.6958,254.71349,68.296,0.0,166,14,5.676698488930537,3.7295520967553,0.5220858541885629,0.0,5,12,1.4428473648186173
2021-12-10,花菜类,14.231,199.234,133.20216,14.231,0.0,33,1,14.0,9.36,0.49572649572649574,0.0,5,12,1.4428473648186173
2021-12-10,茄类,2.302,24.892,16.1263,2.302,0.0,6,3,10.813205907906168,7.0053431798436145,0.5435654799923106,0.0,5,12,1.4428473648186173
2021-12-10,辣椒类,26.56,277.56,194.96268,26.56,0.0,92,9,10.450301204819278,7.340462349397591,0.42365708144758774,0.0,5,12,1.4428473648186173
2021-12-10,食用菌,55.263,435.138,302.67515000000003,55.263,0.0,118,4,7.873948211280603,5.476994553317772,0.4376403216451694,0.0,5,12,1.4428473648186173
2021-12-11,水生根茎类,85.882,515.292,403.1724,85.882,0.0,118,2,6.0,4.694492443119628,0.2780934409200633,0.0,6,12,1.4455852156057496
2021-12-11,花叶类,141.287,837.066,534.14689,141.287,0.0,336,15,5.924579048320086,3.7805805912787442,0.567108253686547,0.0,6,12,1.4455852156057496
2021-12-11,花菜类,30.45,426.3,286.839,30.45,0.0,67,1,14.0,9.42,0.48619957537155,0.0,6,12,1.4455852156057496
2021-12-11,茄类,10.714,114.906,63.08999,10.714,0.0,23,3,10.724845995893224,5.8885560948291955,0.8213031893015041,0.0,6,12,1.4455852156057496
2021-12-11,辣椒类,43.575,461.86,328.04329,43.575,0.0,151,8,10.599196787148594,7.528245324153758,0.40792393589272913,0.0,6,12,1.4455852156057496
2021-12-11,食用菌,121.635,876.344,682.0594,121.635,0.0,257,4,7.2047025938257905,5.607427138570312,0.28484997054508754,0.0,6,12,1.4455852156057496
2021-12-12,水生根茎类,56.884,341.304,273.0432,56.884,0.0,74,1,5.999999999999999,4.8,0.24999999999999978,0.0,7,12,1.4483230663928817
2021-12-12,花叶类,116.349,699.8226,445.27326,116.349,0.0,279,15,6.014857024985173,3.8270484490627337,0.5716699448783427,0.0,7,12,1.4483230663928817
2021-12-12,花菜类,15.656,219.184,146.3836,15.656,0.0,37,1,14.0,9.35,0.49732620320855614,0.0,7,12,1.4483230663928817
2021-12-12,茄类,10.426,108.898,59.12083,10.426,0.0,26,4,10.444849414924228,5.670518895070017,0.8419565489862035,0.0,7,12,1.4483230663928817
2021-12-12,辣椒类,43.444,484.652,319.3469,43.444,0.0,138,7,11.155786759966853,7.350771107632815,0.5176348979745848,0.0,7,12,1.4483230663928817
2021-12-12,食用菌,80.302,670.008,465.22355,80.302,0.0,165,5,8.343602899056064,5.793424198650095,0.4401850465222581,0.0,7,12,1.4483230663928817
2021-12-13,水生根茎类,21.631,129.786,103.13399999999999,21.631,0.0,31,2,6.0,4.767879432296241,0.2584210832509164,0.0,1,12,1.4510609171800137
2021-12-13,花叶类,61.915,340.7078,211.56911,61.915,0.0,147,13,5.502831300977147,3.4170897197771137,0.610385372420388,0.0,1,12,1.4510609171800137
2021-12-13,花菜类,27.925,298.064,225.99985999999998,27.925,0.0,50,2,10.673733213965981,8.09310152193375,0.3188680736350902,0.0,1,12,1.4510609171800137
2021-12-13,茄类,1.537,17.46,11.5097,1.537,0.0,4,2,11.359791802212102,7.488418998048147,0.516981328792236,0.0,1,12,1.4510609171800137
2021-12-13,辣椒类,33.333,310.385,228.25355000000002,33.333,0.0,96,8,9.311643116431165,6.847674976749769,0.35982550983325323,0.0,1,12,1.4510609171800137
2021-12-13,食用菌,44.884,301.356,201.61025,44.884,0.0,91,4,6.7141074770519555,4.491806657160681,0.49474543084986977,0.0,1,12,1.4510609171800137
2021-12-14,水生根茎类,29.013,174.078,139.26239999999999,29.013,0.0,41,1,6.0,4.799999999999999,0.2500000000000002,0.0,2,12,1.4537987679671458
2021-12-14,花叶类,66.116,391.4882,223.99925,66.116,0.0,149,13,5.921232379454293,3.387973410369653,0.7477210303159498,0.0,2,12,1.4537987679671458
2021-12-14,花菜类,13.141,183.974,107.88761000000001,13.141,0.0,30,1,14.0,8.21,0.7052375152253347,0.0,2,12,1.4537987679671458
2021-12-14,茄类,5.4719999999999995,59.52,37.16338,5.4719999999999995,0.0,14,4,10.877192982456142,6.791553362573099,0.601576605787741,0.0,2,12,1.4537987679671458
2021-12-14,辣椒类,30.287,328.813,235.18917,30.287,0.0,89,9,10.856572126655001,7.765350480404134,0.39807883160606417,0.0,2,12,1.4537987679671458
2021-12-14,食用菌,37.516,316.832,214.35184999999998,37.516,0.0,84,4,8.445250026655295,5.713611525749013,0.4780931445191634,0.0,2,12,1.4537987679671458
2021-12-15,水生根茎类,0.487,2.9219999999999997,1.71424,0.487,0.0,1,1,5.999999999999999,3.52,0.7045454545454544,0.0,3,12,1.4565366187542779
2021-12-15,花叶类,83.666,451.6702,278.67898,83.666,0.0,170,15,5.398491621447183,3.3308510027968357,0.620754460921308,0.0,3,12,1.4565366187542779
2021-12-15,花菜类,18.179,218.148,146.52274,18.179,0.0,34,1,12.0,8.06,0.48883374689826287,0.0,3,12,1.4565366187542779
2021-12-15,茄类,6.299,66.534,38.16767,6.299,0.0,15,4,10.56262898872837,6.059322114621368,0.7432030826089202,0.0,3,12,1.4565366187542779
2021-12-15,辣椒类,29.243,277.034,210.61283,29.243,0.0,86,8,9.473515029237767,7.20216222685771,0.31537095817002214,0.0,3,12,1.4565366187542779
2021-12-15,食用菌,36.376,355.376,286.15446000000003,36.376,0.0,103,4,9.769518363756323,7.866573015174842,0.24190271226246107,0.0,3,12,1.4565366187542779
2021-12-16,水生根茎类,39.569,237.41400000000002,185.22078,39.569,0.0,54,2,6.0,4.680956809623694,0.2817892247295366,0.0,4,12,1.45927446954141
2021-12-16,花叶类,85.528,387.46840000000003,224.42324,85.528,0.0,162,19,4.530310541577028,2.6239739032831353,0.7265074686560984,0.0,4,12,1.45927446954141
2021-12-16,花菜类,25.768,206.144,192.48695999999998,25.768,0.0,46,1,8.0,7.469999999999999,0.0709504685408302,0.0,4,12,1.45927446954141
2021-12-16,茄类,4.506,47.468,27.06306,4.506,0.0,11,4,10.53439857967155,6.006005326231691,0.7539775620347442,0.0,4,12,1.45927446954141
2021-12-16,辣椒类,33.832,329.4836,236.91527,33.832,0.0,102,8,9.738815322771341,7.002697741782927,0.39072335860833296,0.0,4,12,1.45927446954141
2021-12-16,食用菌,51.856,438.312,340.27616,51.856,0.0,124,4,8.452483801295896,6.561943844492441,0.288106695455832,0.0,4,12,1.45927446954141
2021-12-17,水生根茎类,40.153999999999996,240.924,186.39275999999998,40.153999999999996,0.0,59,2,6.000000000000001,4.64194750211685,0.2925609342337119,0.0,5,12,1.462012320328542
2021-12-17,花叶类,92.564,438.6978,259.12681,92.564,0.0,171,19,4.739399766647941,2.799434013223283,0.6929849906306493,0.0,5,12,1.462012320328542
2021-12-17,花菜类,34.299,274.392,234.60515999999998,34.299,0.0,72,1,8.0,6.84,0.16959064327485374,0.0,5,12,1.462012320328542
2021-12-17,茄类,10.173,111.22800000000001,66.66795,10.173,0.0,20,3,10.933647891477442,6.5534208198171635,0.6683878835332422,0.0,5,12,1.462012320328542
2021-12-17,辣椒类,34.228,346.7518,260.745,34.228,0.0,103,8,10.130647423162323,7.617885941334579,0.32985023682141557,0.0,5,12,1.462012320328542
2021-12-17,食用菌,69.729,504.218,372.8164,69.729,0.0,145,4,7.231109007729926,5.346647736235999,0.352456597939361,0.0,5,12,1.462012320328542
2021-12-18,水生根茎类,70.551,380.264,304.53233,70.551,0.0,96,3,5.389916514294624,4.316484954146645,0.248681872299076,0.0,6,12,1.4647501711156743
2021-12-18,花叶类,105.588,501.2772,306.50124999999997,105.588,0.0,240,13,4.7474826684850555,2.902803822404061,0.6354817476274568,0.0,6,12,1.4647501711156743
2021-12-18,花菜类,42.242,337.936,285.55592,42.242,0.0,89,1,8.0,6.760000000000001,0.18343195266272172,0.0,6,12,1.4647501711156743
2021-12-18,茄类,11.996,137.496,83.26804,11.996,0.0,27,3,11.461820606868956,6.9413171057019,0.6512457840967556,0.0,6,12,1.4647501711156743
2021-12-18,辣椒类,59.298,541.3784,397.73784,59.298,0.0,171,8,9.129791898546326,6.707441060406759,0.3611438127184481,0.0,6,12,1.4647501711156743
2021-12-18,食用菌,114.017,790.5600000000001,579.78642,114.017,0.0,223,4,6.933702868870433,5.0850874869537,0.36353659335449784,0.0,6,12,1.4647501711156743
2021-12-19,水生根茎类,55.293,310.342,251.80723999999998,55.293,0.0,87,2,5.612681532924602,4.554052773407122,0.23245860603531487,0.0,7,12,1.4674880219028064
2021-12-19,花叶类,142.167,624.0972,387.91603,142.167,0.0,279,15,4.389887948680074,2.7285940478451396,0.6088461206411091,0.0,7,12,1.4674880219028064
2021-12-19,花菜类,51.133,409.064,324.18322,51.133,0.0,108,1,8.0,6.34,0.26182965299684535,0.0,7,12,1.4674880219028064
2021-12-19,茄类,9.451,105.486,63.212779999999995,9.451,0.0,23,3,11.161358586392975,6.688475293619722,0.6687448329277723,0.0,7,12,1.4674880219028064
2021-12-19,辣椒类,52.980000000000004,432.88520000000005,358.9557,52.980000000000004,0.0,151,6,8.170728576821443,6.775305775764439,0.20595716964516808,0.0,7,12,1.4674880219028064
2021-12-19,食用菌,113.836,593.258,405.59076999999996,113.836,0.0,206,4,5.211514810780422,3.562939404054956,0.462700938682604,0.0,7,12,1.4674880219028064
2021-12-20,水生根茎类,38.283,222.863,175.283,38.283,0.0,55,2,5.8214612229971525,4.578611916516469,0.271446746119133,0.0,1,12,1.4702258726899384
2021-12-20,花叶类,81.83200000000001,340.834,209.88325,81.83200000000001,0.0,171,15,4.165045458989148,2.564806554892951,0.6239218708496272,0.0,1,12,1.4702258726899384
2021-12-20,花菜类,25.78,206.24,127.86880000000001,25.78,0.0,52,1,8.0,4.96,0.6129032258064517,0.0,1,12,1.4702258726899384
2021-12-20,茄类,6.115,66.738,39.73832,6.115,0.0,15,3,10.913818479149631,6.498498773507768,0.6794368760430736,0.0,1,12,1.4702258726899384
2021-12-20,辣椒类,50.948,478.5836,335.01358,50.948,0.0,140,9,9.393569914422548,6.5755982570464,0.42854985162094006,0.0,1,12,1.4702258726899384
2021-12-20,食用菌,60.872,390.216,243.01450999999997,60.872,0.0,128,4,6.410435011170982,3.992221546852411,0.6057312791734126,0.0,1,12,1.4702258726899384
2021-12-21,水生根茎类,48.369,289.045,230.73333,48.369,0.0,59,2,5.975831627695425,4.770272902065372,0.25272321948458876,0.0,2,12,1.4729637234770705
2021-12-21,花叶类,71.006,293.738,180.00814,71.006,0.0,153,13,4.13680534039377,2.535111680703039,0.6318039839753917,0.0,2,12,1.4729637234770705
2021-12-21,花菜类,18.202,145.616,90.46394,18.202,0.0,36,1,8.0,4.969999999999999,0.609657947686117,0.0,2,12,1.4729637234770705
2021-12-21,茄类,6.431,72.882,44.6105,6.431,0.0,17,4,11.332918675167159,6.936790545793811,0.6337409354299997,0.0,2,12,1.4729637234770705
2021-12-21,辣椒类,31.633,295.0144,201.27638,31.633,0.0,89,9,9.326159390509911,6.362860936363924,0.4657179347124587,0.0,2,12,1.4729637234770705
2021-12-21,食用菌,54.261,457.436,348.77598,54.261,0.0,126,4,8.430290632314184,6.427747000608171,0.31154674126354687,0.0,2,12,1.4729637234770705
2021-12-22,水生根茎类,31.469,184.378,144.53028,31.469,0.0,38,2,5.859035876576948,4.592782738568115,0.27570499413686855,0.0,3,12,1.4757015742642026
2021-12-22,花叶类,69.896,336.245,202.97216,69.896,0.0,148,13,4.8106472473389035,2.903916676204647,0.656606502093686,0.0,3,12,1.4757015742642026
2021-12-22,花菜类,14.458,115.664,72.00084000000001,14.458,0.0,31,1,8.0,4.98,0.6064257028112447,0.0,3,12,1.4757015742642026
2021-12-22,茄类,3.371,43.942,28.08739,3.371,0.0,10,2,13.035301097597152,8.332064669237615,0.5644743067974631,0.0,3,12,1.4757015742642026
2021-12-22,辣椒类,22.57,219.5764,148.39827,22.57,0.0,77,7,9.728684093929996,6.5750230394328755,0.47964258612987876,0.0,3,12,1.4757015742642026
2021-12-22,食用菌,46.263,345.166,258.11994,46.263,0.0,106,4,7.460951516330545,5.579403410933143,0.3372310562291314,0.0,3,12,1.4757015742642026
2021-12-23,水生根茎类,30.021,180.126,141.13979999999998,30.021,0.0,43,2,6.0,4.70136904167083,0.27622399918378804,0.0,4,12,1.4784394250513346
2021-12-23,花叶类,89.213,408.1322,234.30647000000002,89.213,0.0,181,16,4.574806362301459,2.6263713808525666,0.7418733678160914,0.0,4,12,1.4784394250513346
2021-12-23,花菜类,24.073,191.174,120.91609,24.073,0.0,47,2,7.941428156025423,5.022892452124787,0.5810468234624524,0.0,4,12,1.4784394250513346
2021-12-23,茄类,3.09,35.144,21.48405,3.09,0.0,7,3,11.37346278317152,6.952766990291263,0.6358182000134982,0.0,4,12,1.4784394250513346
2021-12-23,辣椒类,33.503,317.8904,208.30022,33.503,0.0,99,9,9.488415962749604,6.217360236396741,0.526116487058919,0.0,4,12,1.4784394250513346
2021-12-23,食用菌,44.43,419.535,332.47005,44.43,0.0,111,4,9.442606347062796,7.483008102633356,0.26187306194949,0.0,4,12,1.4784394250513346
2021-12-24,水生根茎类,35.441,212.64600000000002,170.11679999999998,35.441,0.0,41,1,6.0,4.799999999999999,0.2500000000000002,0.0,5,12,1.4811772758384667
2021-12-24,花叶类,111.944,458.7304,244.89141,111.944,0.0,191,21,4.097856070892589,2.1876242585578503,0.8731992273636711,0.0,5,12,1.4811772758384667
2021-12-24,花菜类,30.134999999999998,271.215,166.9479,30.134999999999998,0.0,58,1,9.0,5.540000000000001,0.6245487364620936,0.0,5,12,1.4811772758384667
2021-12-24,茄类,2.088,23.488,13.04866,2.088,0.0,5,3,11.249042145593869,6.249358237547892,0.8000315741233199,0.0,5,12,1.4811772758384667
2021-12-24,辣椒类,52.243,478.48,314.69966,52.243,0.0,147,9,9.158738969814138,6.023767011848477,0.5204338002780176,0.0,5,12,1.4811772758384667
2021-12-24,食用菌,63.472,530.189,413.8123,63.472,0.0,149,4,8.353116334761785,6.519603919838668,0.2812306449083317,0.0,5,12,1.4811772758384667
2021-12-25,水生根茎类,66.839,401.034,315.5258,66.839,0.0,101,2,6.0,4.7206840317778545,0.27100224450742205,0.0,6,12,1.483915126625599
2021-12-25,花叶类,178.787,797.295,444.57906,178.787,0.0,335,23,4.459468529591077,2.486640863150005,0.7933705649564329,0.0,6,12,1.483915126625599
2021-12-25,花菜类,33.162,298.458,188.69178000000002,33.162,0.0,74,1,9.000000000000002,5.690000000000001,0.5817223198594024,0.0,6,12,1.483915126625599
2021-12-25,茄类,4.919,57.902,35.23932,4.919,0.0,11,3,11.771091685301892,7.163919495832487,0.6431077557682725,0.0,6,12,1.483915126625599
2021-12-25,辣椒类,65.339,616.0354,407.91109,65.339,0.0,163,9,9.42829550498171,6.242995607523837,0.5102197883367181,0.0,6,12,1.483915126625599
2021-12-25,食用菌,84.606,443.612,284.48016,84.606,0.0,129,4,5.243268798903152,3.3624111765123046,0.5593776381453104,0.0,6,12,1.483915126625599
2021-12-26,水生根茎类,95.584,573.504,451.50388,95.584,0.0,125,2,6.0,4.723634499497823,0.27020835346974215,0.0,7,12,1.486652977412731
2021-12-26,花叶类,208.712,925.86,533.7623600000001,208.712,0.0,419,21,4.436065008241021,2.557410977806739,0.7345921507091655,0.0,7,12,1.486652977412731
2021-12-26,花菜类,28.498,256.482,169.84808,28.498,0.0,54,1,9.0,5.96,0.5100671140939597,0.0,7,12,1.486652977412731
2021-12-26,茄类,9.123,105.474,63.881280000000004,9.123,0.0,22,2,11.561328510358436,7.002222952975996,0.6510940294245826,0.0,7,12,1.486652977412731
2021-12-26,辣椒类,64.634,574.9942,384.03599,64.634,0.0,178,8,8.896156821487143,5.941702354797785,0.4972404018696266,0.0,7,12,1.486652977412731
2021-12-26,食用菌,83.565,780.186,541.60278,83.565,0.0,186,4,9.336277149524323,6.481215580685695,0.4405132854007874,0.0,7,12,1.486652977412731
2021-12-27,水生根茎类,42.155,252.93,196.75947,42.155,0.0,58,2,6.0,4.667523899893251,0.2854781525890471,0.0,1,12,1.4893908281998631
2021-12-27,花叶类,70.705,303.202,158.04719,70.705,0.0,133,20,4.288268156424581,2.2353042924828515,0.9184270217015562,0.0,1,12,1.4893908281998631
2021-12-27,花菜类,15.213,136.917,90.82160999999999,15.213,0.0,36,1,9.0,5.97,0.5075376884422111,0.0,1,12,1.4893908281998631
2021-12-27,茄类,5.35,60.724000000000004,36.59248,5.35,0.0,12,2,11.350280373831778,6.839715887850468,0.6594666445127526,0.0,1,12,1.4893908281998631
2021-12-27,辣椒类,37.586,309.6388,205.79473,37.586,0.0,93,7,8.238141861331346,5.475302772308838,0.5046002392772642,0.0,1,12,1.4893908281998631
2021-12-27,食用菌,32.09,166.374,108.98962,32.09,0.0,50,4,5.184605796198192,3.3963733250233714,0.5265123412669941,0.0,1,12,1.4893908281998631
2021-12-28,水生根茎类,35.054,210.324,163.89527999999999,35.054,0.0,53,2,6.0,4.6755086438066975,0.28328283767537443,0.0,2,12,1.4921286789869952
2021-12-28,花叶类,81.043,343.2462,188.48121,81.043,0.0,147,22,4.235359006946929,2.3256938908974245,0.8211162799729481,0.0,2,12,1.4921286789869952
2021-12-28,花菜类,24.145,217.305,143.4213,24.145,0.0,48,1,9.0,5.94,0.5151515151515151,0.0,2,12,1.4921286789869952
2021-12-28,茄类,5.317,54.708,34.94822,5.317,0.0,15,3,10.289260861388,6.5729208200112845,0.565401614159462,0.0,2,12,1.4921286789869952
2021-12-28,辣椒类,37.114,339.0806,227.91853999999998,37.114,0.0,100,8,9.13619119469742,6.1410394999191675,0.4877271502353431,0.0,2,12,1.4921286789869952
2021-12-28,食用菌,32.131,106.948,60.91308,32.131,0.0,34,3,3.3284989573931716,1.8957729295695747,0.7557476981955269,0.0,2,12,1.4921286789869952
2021-12-29,水生根茎类,34.882,209.292,162.03083999999998,34.882,0.0,49,2,6.0,4.6451132389197864,0.2916800283205345,0.0,3,12,1.4948665297741273
2021-12-29,花叶类,67.165,307.548,178.86563999999998,67.165,0.0,160,16,4.5789920345418,2.663078091267773,0.7194358849469358,0.0,3,12,1.4948665297741273
2021-12-29,花菜类,24.749,197.992,140.57432,24.749,0.0,44,1,8.0,5.680000000000001,0.408450704225352,0.0,3,12,1.4948665297741273
2021-12-29,茄类,3.0269999999999997,29.114,16.90864,3.0269999999999997,0.0,7,2,9.618103733069047,5.585939874463165,0.7218416147011235,0.0,3,12,1.4948665297741273
2021-12-29,辣椒类,29.404,259.1752,174.95850000000002,29.404,0.0,81,8,8.814283770915523,5.950159842198341,0.4813524350060159,0.0,3,12,1.4948665297741273
2021-12-29,食用菌,24.651,121.924,79.4456,24.651,0.0,26,7,4.946006247211066,3.2228144902843696,0.5346853696114071,0.0,3,12,1.4948665297741273
2021-12-30,水生根茎类,37.37,224.22,170.4251,37.37,0.0,52,2,6.0,4.56047899384533,0.3156512743721436,0.0,4,12,1.4976043805612593
2021-12-30,花叶类,76.271,311.896,177.64507,76.271,0.0,146,21,4.089313107209818,2.3291299445398645,0.7557256162526773,0.0,4,12,1.4976043805612593
2021-12-30,花菜类,17.651,141.208,90.19661,17.651,0.0,35,1,8.0,5.11,0.5655577299412915,0.0,4,12,1.4976043805612593
2021-12-30,茄类,11.272,118.172,79.75482000000001,11.272,0.0,23,3,10.483676366217175,7.075480837473386,0.48169101253065305,0.0,4,12,1.4976043805612593
2021-12-30,辣椒类,30.451,268.2254,180.78578,30.451,0.0,75,7,8.808426652655085,5.936940658763259,0.48366425722200046,0.0,4,12,1.4976043805612593
2021-12-30,食用菌,27.302,132.416,86.82430000000001,27.302,0.0,28,7,4.8500476155592995,3.1801443117720316,0.5251029953595938,0.0,4,12,1.4976043805612593
2021-12-31,水生根茎类,60.713,364.278,287.39112,60.713,0.0,81,2,6.0,4.7336010409632205,0.2675339446813805,0.0,5,12,1.5003422313483916
2021-12-31,花叶类,122.701,556.6304,323.11984,122.701,0.0,229,23,4.5364781053129155,2.6333920668943205,0.7226747822108355,0.0,5,12,1.5003422313483916
2021-12-31,花菜类,69.793,395.916,271.53251,69.793,0.0,114,2,5.6727178943447045,3.890540741908214,0.4580795500325172,0.0,5,12,1.5003422313483916
2021-12-31,茄类,12.997,134.936,85.45807,12.997,0.0,28,3,10.382088174194045,6.575215049626838,0.5789731736277217,0.0,5,12,1.5003422313483916
2021-12-31,辣椒类,66.714,616.9598,408.52067,66.714,0.0,164,8,9.247831039961627,6.123462391701891,0.5102290907336464,0.0,5,12,1.5003422313483916
2021-12-31,食用菌,84.954,742.954,508.88211,84.954,0.0,177,7,8.745368081550016,5.990090048732256,0.45997272334843897,0.0,5,12,1.5003422313483916
2022-01-01,水生根茎类,82.658,495.948,385.72139999999996,82.658,0.0,88,2,6.0,4.666473904522248,0.28576739584581,0.0,6,1,1.5030800821355237
2022-01-01,花叶类,123.402,563.017,316.43448,123.402,0.0,240,20,4.562462520866761,2.564257305392133,0.7792530068151868,0.0,6,1,1.5030800821355237
2022-01-01,花菜类,38.272,306.176,198.63168000000002,38.272,0.0,61,1,8.0,5.19,0.5414258188824661,0.0,6,1,1.5030800821355237
2022-01-01,茄类,18.428,190.12800000000001,110.05963,18.428,0.0,39,3,10.317343173431734,5.972413175602344,0.727499901644227,0.0,6,1,1.5030800821355237
2022-01-01,辣椒类,57.833,521.5504,356.36042,57.833,0.0,146,9,9.018214514204692,6.161887157851053,0.46354749497713565,0.0,6,1,1.5030800821355237
2022-01-01,食用菌,90.656,759.684,505.70656,90.656,0.0,201,4,8.379853512177903,5.578302153194493,0.5022229492138681,0.0,6,1,1.5030800821355237
2022-01-02,水生根茎类,27.438,164.62800000000001,126.16239999999999,27.438,0.0,41,2,6.000000000000001,4.598090239813398,0.30488957090226587,0.0,7,1,1.5058179329226558
2022-01-02,花叶类,90.543,400.3858,219.27465,90.543,0.0,187,20,4.422051400991794,2.421773632417746,0.8259557135309532,0.0,7,1,1.5058179329226558
2022-01-02,花菜类,26.605,212.84,143.667,26.605,0.0,46,1,8.0,5.4,0.4814814814814814,0.0,7,1,1.5058179329226558
2022-01-02,茄类,13.349,134.054,79.63723,13.349,0.0,25,3,10.042250355831898,5.965782455614653,0.6833081713163556,0.0,7,1,1.5058179329226558
2022-01-02,辣椒类,45.828,428.7554,285.05131,45.828,0.0,127,9,9.355751942044165,6.2200250938291,0.5041341153633008,0.0,7,1,1.5058179329226558
2022-01-02,食用菌,59.918,286.034,177.73951,59.918,0.0,79,7,4.773757468540339,2.966379218264962,0.6092876592266967,0.0,7,1,1.5058179329226558
2022-01-03,水生根茎类,59.009,354.054,282.7056,59.009,0.0,67,2,5.999999999999999,4.790889525326645,0.25237703108817056,0.0,1,1,1.5085557837097878
2022-01-03,花叶类,79.081,359.8412,204.27944,79.081,0.0,148,20,4.550286415194547,2.5831671324338337,0.7615145214809673,0.0,1,1,1.5085557837097878
2022-01-03,花菜类,38.027,228.162,211.81039,38.027,0.0,70,1,6.0,5.57,0.07719928186714542,0.0,1,1,1.5085557837097878
2022-01-03,茄类,12.782,131.342,78.51584,12.782,0.0,28,3,10.27554373337506,6.142688155218275,0.6728089516714082,0.0,1,1,1.5085557837097878
2022-01-03,辣椒类,81.754,638.0602,479.01657,81.754,0.0,192,9,7.8046358587958995,5.85924321745725,0.33202114490527945,0.0,1,1,1.5085557837097878
2022-01-03,食用菌,57.045,492.41,339.1476,57.045,0.0,136,5,8.631957226750812,5.945264265053905,0.45190471641255914,0.0,1,1,1.5085557837097878
2022-01-04,水生根茎类,46.598,279.58799999999997,223.19807999999998,46.598,0.0,58,2,5.999999999999999,4.789863942658482,0.252645184044594,0.0,2,1,1.51129363449692
2022-01-04,花叶类,60.388,265.0908,141.16281,60.388,0.0,115,20,4.3897926740412005,2.3375970391468504,0.8779082110932761,0.0,2,1,1.51129363449692
2022-01-04,花菜类,45.257,271.542,243.48265999999998,45.257,0.0,86,1,6.0,5.38,0.11524163568773238,0.0,2,1,1.51129363449692
2022-01-04,茄类,8.174,80.444,47.153400000000005,8.174,0.0,18,3,9.841448495228775,5.768705652067532,0.7060063537305898,0.0,2,1,1.51129363449692
2022-01-04,辣椒类,58.207,441.1794,332.59213,58.207,0.0,128,9,7.579490439294243,5.713954163588571,0.3264877915180977,0.0,2,1,1.51129363449692
2022-01-04,食用菌,60.48,521.322,355.82832,60.48,0.0,139,5,8.619742063492064,5.883404761904763,0.465094178001346,0.0,2,1,1.51129363449692
2022-01-05,水生根茎类,34.15,204.9,160.14016,34.15,0.0,52,2,6.0,4.68931654465593,0.2795041543607799,0.0,3,1,1.514031485284052
2022-01-05,花叶类,62.654,253.7934,138.21705,62.654,0.0,117,20,4.050713442078718,2.20603712452517,0.8361945939375783,0.0,3,1,1.514031485284052
2022-01-05,花菜类,39.688,238.128,216.69648,39.688,0.0,84,1,5.999999999999999,5.46,0.09890109890109877,0.0,3,1,1.514031485284052
2022-01-05,茄类,9.827,102.402,62.609669999999994,9.827,0.0,23,2,10.420474203724433,6.3711885621247575,0.6355620465656506,0.0,3,1,1.514031485284052
2022-01-05,辣椒类,66.638,499.04040000000003,368.7108,66.638,0.0,153,8,7.488826195263964,5.533041207719319,0.35347377944991054,0.0,3,1,1.514031485284052
2022-01-05,食用菌,35.437,320.206,230.3658,35.437,0.0,90,5,9.03592290543782,6.500713943053871,0.3899893126497076,0.0,3,1,1.514031485284052
2022-01-06,水生根茎类,34.198,205.188,160.49856,34.198,0.0,48,2,6.0,4.693214807883502,0.27844137667029534,0.0,4,1,1.516769336071184
2022-01-06,花叶类,59.316,228.244,120.98187,59.316,0.0,102,19,3.8479331040528693,2.0396161238114505,0.8865967272616964,0.0,4,1,1.516769336071184
2022-01-06,花菜类,35.897,215.382,194.20277000000002,35.897,0.0,71,1,6.0,5.410000000000001,0.10905730129390001,0.0,4,1,1.516769336071184
2022-01-06,茄类,7.001,78.092,41.75119,7.001,0.0,14,3,11.154406513355234,5.963603770889873,0.8704137534762479,0.0,4,1,1.516769336071184
2022-01-06,辣椒类,66.856,508.576,369.97632,66.856,0.0,140,8,7.607036017709706,5.533928443221252,0.37461770526286675,0.0,4,1,1.516769336071184
2022-01-06,食用菌,41.278,337.004,229.58584000000002,41.278,0.0,94,5,8.164252143999226,5.561941954552062,0.46787798411260906,0.0,4,1,1.516769336071184
2022-01-07,水生根茎类,46.045,276.27,216.54752,46.045,0.0,66,2,5.999999999999999,4.702954066673906,0.27579387655882637,0.0,5,1,1.5195071868583163
2022-01-07,花叶类,88.664,352.984,220.24318,88.664,0.0,166,22,3.981142289993684,2.4840203464765858,0.6027011596908471,0.0,5,1,1.5195071868583163
2022-01-07,花菜类,31.834,254.672,162.3534,31.834,0.0,66,1,8.0,5.1,0.5686274509803924,0.0,5,1,1.5195071868583163
2022-01-07,茄类,16.284,178.166,102.10217,16.284,0.0,36,4,10.941169245885533,6.27009150085974,0.7449776042957754,0.0,5,1,1.5195071868583163
2022-01-07,辣椒类,49.32,464.467,278.63466999999997,49.32,0.0,124,9,9.417416869424168,5.649526966747769,0.6669390065493286,0.0,5,1,1.5195071868583163
2022-01-07,食用菌,69.764,657.448,525.0728,69.764,0.0,174,5,9.423886245054756,7.526414769795311,0.2521082790805389,0.0,5,1,1.5195071868583163
2022-01-08,水生根茎类,60.006,360.036,286.21778,60.006,0.0,83,2,6.0,4.769819351398193,0.25790927453912893,0.0,6,1,1.5222450376454484
2022-01-08,花叶类,129.766,512.1044,292.69157,129.766,0.0,232,21,3.946368077924881,2.2555335758210937,0.7496383650543814,0.0,6,1,1.5222450376454484
2022-01-08,花菜类,43.284,346.272,209.49456,43.284,0.0,88,1,8.0,4.84,0.6528925619834711,0.0,6,1,1.5222450376454484
2022-01-08,茄类,14.224,152.986,92.1277,14.224,0.0,31,4,10.755483689538806,6.476919291338583,0.6605863383108443,0.0,6,1,1.5222450376454484
2022-01-08,辣椒类,80.046,738.5088000000001,456.92318,80.046,0.0,196,10,9.226055018364441,5.708257501936386,0.6162646858931518,0.0,6,1,1.5222450376454484
2022-01-08,食用菌,112.412,922.816,692.5159600000001,112.412,0.0,262,5,8.209230331281358,6.160516314984165,0.3325555702716223,0.0,6,1,1.5222450376454484
2022-01-09,水生根茎类,59.741,393.546,304.41284,59.741,0.0,79,3,6.587536197921025,5.09554309435731,0.2928035492852401,0.0,7,1,1.5249828884325805
2022-01-09,花叶类,140.528,560.8886,318.45256,140.528,0.0,251,19,3.991294261641808,2.2661146533075263,0.7612940527154184,0.0,7,1,1.5249828884325805
2022-01-09,花菜类,114.262,684.512,428.99971999999997,114.262,0.0,211,2,5.99072307503807,3.754526614272461,0.5956001090163883,0.0,7,1,1.5249828884325805
2022-01-09,茄类,11.879,131.102,74.91404,11.879,0.0,26,4,11.036450879703679,6.306426466874316,0.7500324371773301,0.0,7,1,1.5249828884325805
2022-01-09,辣椒类,81.556,719.5474,449.05046,81.556,0.0,205,10,8.822740203050666,5.506038304968365,0.6023753767004272,0.0,7,1,1.5249828884325805
2022-01-09,食用菌,81.804,744.664,563.066,81.804,0.0,202,7,9.103026746858344,6.883110850325168,0.32251636575463616,0.0,7,1,1.5249828884325805
2022-01-10,水生根茎类,56.153,364.11,276.8506,56.153,0.0,75,4,6.484248392784001,4.9302904564315355,0.31518588003782533,0.0,1,1,1.5277207392197125
2022-01-10,花叶类,72.365,273.7392,143.59502,72.365,0.0,133,20,3.7827568575969046,1.9843158985697509,0.9063279492561787,0.0,1,1,1.5277207392197125
2022-01-10,花菜类,35.175,211.05,134.36849999999998,35.175,0.0,63,1,6.000000000000001,3.82,0.5706806282722516,0.0,1,1,1.5277207392197125
2022-01-10,茄类,8.581999999999999,92.157,54.14494,8.581999999999999,0.0,22,3,10.738405965975298,6.309128408296435,0.7020427024205771,0.0,1,1,1.5277207392197125
2022-01-10,辣椒类,57.481,537.8312,322.59851000000003,57.481,0.0,139,8,9.356677858770723,5.612263356587395,0.6671843896613159,0.0,1,1,1.5277207392197125
2022-01-10,食用菌,46.232,417.8,316.36933,46.232,0.0,122,3,9.037030628136357,6.843081199169406,0.3206084167513965,0.0,1,1,1.5277207392197125
2022-01-11,水生根茎类,29.824,201.688,150.95651999999998,29.824,0.0,41,4,6.762607296137339,5.0615785944206,0.3360668356689729,0.0,2,1,1.5304585900068446
2022-01-11,花叶类,80.15,313.407,164.71348,80.15,0.0,152,21,3.9102557704304424,2.055065252651279,0.9027404435872519,0.0,2,1,1.5304585900068446
2022-01-11,花菜类,54.466,326.796,221.13195999999996,54.466,0.0,92,1,6.0,4.06,0.47783251231527113,0.0,2,1,1.5304585900068446
2022-01-11,茄类,10.573,106.534,63.19104,10.573,0.0,26,4,10.076042750401967,5.9766423909959325,0.6859035711391996,0.0,2,1,1.5304585900068446
2022-01-11,辣椒类,81.87,674.9308,447.69489,81.87,0.0,184,8,8.243933064614632,5.468363136680102,0.5075686925977645,0.0,2,1,1.5304585900068446
2022-01-11,食用菌,30.489,233.716,151.00805,30.489,0.0,66,6,7.665584309095084,4.95286988750041,0.5477055693388533,0.0,2,1,1.5304585900068446
2022-01-12,水生根茎类,41.626,292.656,221.33983999999998,41.626,0.0,60,3,7.030605871330419,5.317345889588238,0.32220209429987845,0.0,3,1,1.5331964407939767
2022-01-12,花叶类,74.232,304.33,163.17691,74.232,0.0,136,20,4.099714408880267,2.19820171893523,0.8650310267549495,0.0,3,1,1.5331964407939767
2022-01-12,花菜类,35.007,210.042,131.62632,35.007,0.0,67,1,6.0,3.7600000000000002,0.5957446808510638,0.0,3,1,1.5331964407939767
2022-01-12,茄类,10.637,114.042,66.19432,10.637,0.0,22,4,10.721255993231173,6.223025289085268,0.7228366421771535,0.0,3,1,1.5331964407939767
2022-01-12,辣椒类,72.888,569.68,387.22906,72.888,0.0,165,10,7.815827022280758,5.312658599495116,0.4711705779519748,0.0,3,1,1.5331964407939767
2022-01-12,食用菌,41.619,281.21,175.77776,41.619,0.0,84,5,6.756769744587808,4.223497921622336,0.5998042073126884,0.0,3,1,1.5331964407939767
2022-01-13,水生根茎类,22.185,133.11,99.44288,22.185,0.0,35,2,6.000000000000001,4.482437683119225,0.33855737082433657,0.0,4,1,1.5359342915811087
2022-01-13,花叶类,60.369,235.3266,124.48575,60.369,0.0,99,20,3.8981364607662874,2.0620807036724145,0.8903898639000851,0.0,4,1,1.5359342915811087
2022-01-13,花菜类,21.816,130.89600000000002,87.264,21.816,0.0,47,1,6.000000000000001,4.0,0.5000000000000002,0.0,4,1,1.5359342915811087
2022-01-13,茄类,12.889,144.233,82.87105,12.889,0.0,29,4,11.190394910388704,6.429595003491349,0.7404509777539925,0.0,4,1,1.5359342915811087
2022-01-13,辣椒类,63.209,521.677,330.853,63.209,0.0,166,9,8.253207612839944,5.234270436172064,0.576763698681892,0.0,4,1,1.5359342915811087
2022-01-13,食用菌,39.916,270.981,169.71134999999998,39.916,0.0,83,9,6.788781441026155,4.251712345926445,0.596717013918044,0.0,4,1,1.5359342915811087
2022-01-14,水生根茎类,48.285,340.41,260.04544,48.285,0.0,59,3,7.050015532774155,5.385636118877498,0.30904045077660314,0.0,5,1,1.538672142368241
2022-01-14,花叶类,90.099,353.9884,193.52374,90.099,0.0,170,21,3.9288826735035904,2.1479010865825368,0.8291729996536861,0.0,5,1,1.538672142368241
2022-01-14,花菜类,23.405,163.835,93.62,23.405,0.0,48,1,7.0,4.0,0.75,0.0,5,1,1.538672142368241
2022-01-14,茄类,6.196,70.362,39.50574,6.196,0.0,16,3,11.356036152356358,6.3760071013557145,0.7810576387127537,0.0,5,1,1.538672142368241
2022-01-14,辣椒类,78.342,631.7322,390.13016,78.342,0.0,168,13,8.063774220724516,4.97983406091241,0.6192857276145993,0.0,5,1,1.538672142368241
2022-01-14,食用菌,40.083,312.729,211.76327999999998,40.083,0.0,93,9,7.802035775765287,5.283119526981513,0.4767857770242321,0.0,5,1,1.538672142368241
2022-01-15,水生根茎类,56.825,376.05,291.93177,56.825,0.0,78,3,6.617685877694677,5.13738266608007,0.28814345900071126,0.0,6,1,1.541409993155373
2022-01-15,花叶类,110.109,451.0588,239.82801,110.109,0.0,210,19,4.096475310828361,2.1780963408985645,0.8807594659189306,0.0,6,1,1.541409993155373
2022-01-15,花菜类,37.538,262.766,150.152,37.538,0.0,79,1,7.000000000000001,4.0,0.7500000000000002,0.0,6,1,1.541409993155373
2022-01-15,茄类,9.146,93.468,57.56134,9.146,0.0,20,3,10.219549529849115,6.293608134703695,0.6237981951080362,0.0,6,1,1.541409993155373
2022-01-15,辣椒类,96.244,817.2482,517.65404,96.244,0.0,232,13,8.491419724865965,5.378559079007522,0.5787536401724982,0.0,6,1,1.541409993155373
2022-01-15,食用菌,48.827,257.586,164.85997,48.827,0.0,83,8,5.275482827124337,3.376409978085895,0.5624532747397686,0.0,6,1,1.541409993155373
2022-01-16,水生根茎类,52.794,344.064,262.71072,52.794,0.0,69,3,6.517104216388227,4.976147289464712,0.3096686728276641,0.0,7,1,1.5441478439425051
2022-01-16,花叶类,132.15,531.914,283.56157,132.15,0.0,248,19,4.0250775633749525,2.1457553537646614,0.8758324691177297,0.0,7,1,1.5441478439425051
2022-01-16,花菜类,58.007,348.042,235.50841999999997,58.007,0.0,85,1,6.0,4.06,0.47783251231527113,0.0,7,1,1.5441478439425051
2022-01-16,茄类,14.67,153.406,94.77028,14.67,0.0,36,3,10.457123381049762,6.460141785957737,0.6187142213782633,0.0,7,1,1.5441478439425051
2022-01-16,辣椒类,86.336,726.5986,453.33091,86.336,0.0,207,11,8.41594004818384,5.250774995366939,0.6027995973184355,0.0,7,1,1.5441478439425051
2022-01-16,食用菌,44.987,282.11,189.32647,44.987,0.0,78,8,6.270922711005402,4.208470669304465,0.4900716207300544,0.0,7,1,1.5441478439425051
2022-01-17,水生根茎类,42.312,257.772,204.28896,42.312,0.0,56,3,6.092172433352241,4.828156551332955,0.26180093138660077,0.0,1,1,1.5468856947296372
2022-01-17,花叶类,84.383,373.611,197.84767,84.383,0.0,161,17,4.4275624237109374,2.3446389675645567,0.888377052911465,0.0,1,1,1.5468856947296372
2022-01-17,花菜类,11.754999999999999,82.285,48.78325,11.754999999999999,0.0,31,1,7.0,4.15,0.6867469879518071,0.0,1,1,1.5468856947296372
2022-01-17,茄类,10.665,111.798,69.34878,10.665,0.0,24,3,10.48270042194093,6.502464135021098,0.6121119938952062,0.0,1,1,1.5468856947296372
2022-01-17,辣椒类,47.324,455.0512,263.24305,47.324,0.0,118,10,9.615653790888345,5.562569732059843,0.7286351909385644,0.0,1,1,1.5468856947296372
2022-01-17,食用菌,28.229,115.97399999999999,72.32173,28.229,0.0,34,6,4.1083283148535195,2.5619657090226364,0.6035844275295958,0.0,1,1,1.5468856947296372
2022-01-18,水生根茎类,32.418,194.508,152.06945,32.418,0.0,44,2,6.0,4.690895490159788,0.279073475967724,0.0,2,1,1.5496235455167693
2022-01-18,花叶类,70.852,288.546,148.29892999999998,70.852,0.0,125,17,4.072517360130977,2.0930803647038894,0.9457052050206973,0.0,2,1,1.5496235455167693
2022-01-18,花菜类,9.211,64.477,37.7651,9.211,0.0,24,1,7.0,4.1,0.7073170731707319,0.0,2,1,1.5496235455167693
2022-01-18,茄类,8.478,89.446,54.68585,8.478,0.0,18,3,10.550365652276481,6.450324368954942,0.6356333493947703,0.0,2,1,1.5496235455167693
2022-01-18,辣椒类,56.238,518.9558000000001,339.54742000000005,56.238,0.0,138,10,9.227849496781538,6.037686617589531,0.5283750352159944,0.0,2,1,1.5496235455167693
2022-01-18,食用菌,37.752,323.768,203.65358,37.752,0.0,85,7,8.57618139436321,5.394511019283747,0.5897977339755085,0.0,2,1,1.5496235455167693
2022-01-19,水生根茎类,50.389,302.334,239.9495,50.389,0.0,61,2,6.0,4.761942090535633,0.2599901229216981,0.0,3,1,1.5523613963039014
2022-01-19,花叶类,117.677,498.2736,252.89489,117.677,0.0,195,19,4.2342479838881,2.149059629324337,0.9702794311106877,0.0,3,1,1.5523613963039014
2022-01-19,花菜类,16.223,113.56099999999999,66.51429999999999,16.223,0.0,36,1,7.0,4.1,0.7073170731707319,0.0,3,1,1.5523613963039014
2022-01-19,茄类,4.2059999999999995,45.372,25.89169,4.2059999999999995,0.0,10,4,10.787446504992868,6.1558939610080845,0.7523769209348636,0.0,3,1,1.5523613963039014
2022-01-19,辣椒类,55.99,541.0184,316.79184,55.99,0.0,153,14,9.662768351491339,5.658007501339524,0.7078040899033262,0.0,3,1,1.5523613963039014
2022-01-19,食用菌,72.068,546.156,335.45526,72.068,0.0,131,8,7.578342676361214,4.6547047233168675,0.628103849079606,0.0,3,1,1.5523613963039014
2022-01-20,水生根茎类,55.56,333.36,264.47058,55.56,0.0,67,2,6.0,4.760089632829374,0.2604804662961,0.0,4,1,1.5550992470910336
2022-01-20,花叶类,127.88,561.3784,304.70938,127.88,0.0,230,19,4.389884266499844,2.3827758836409134,0.842340396610042,0.0,4,1,1.5550992470910336
2022-01-20,花菜类,32.318,226.226,134.44288,32.318,0.0,68,1,7.0,4.16,0.6826923076923077,0.0,4,1,1.5550992470910336
2022-01-20,茄类,22.912,250.06,147.77428,22.912,0.0,53,4,10.91393156424581,6.44964560055866,0.6921753907378199,0.0,4,1,1.5550992470910336
2022-01-20,辣椒类,67.17,653.1262,361.8262,67.17,0.0,157,13,9.723480720559774,5.386723239541461,0.8050826612334876,0.0,4,1,1.5550992470910336
2022-01-20,食用菌,73.146,581.8149999999999,363.27604,73.146,0.0,140,10,7.954160172805074,4.966451207174692,0.6015782378601131,0.0,4,1,1.5550992470910336
2022-01-21,水生根茎类,58.294,405.039,275.97706999999997,58.294,0.0,74,2,6.948210793563661,4.734227707825848,0.4676545410095123,0.0,5,1,1.5578370978781657
2022-01-21,花叶类,138.062,583.768,303.57024,138.062,0.0,252,20,4.2283032260868305,2.1987964827396387,0.9230079997301448,0.0,5,1,1.5578370978781657
2022-01-21,花菜类,32.031,224.217,142.21764000000002,32.031,0.0,69,1,7.000000000000001,4.44,0.5765765765765767,0.0,5,1,1.5578370978781657
2022-01-21,茄类,23.798000000000002,254.982,152.42977,23.798000000000002,0.0,55,3,10.714429784015463,6.405150432809479,0.6727834726772863,0.0,5,1,1.5578370978781657
2022-01-21,辣椒类,79.348,824.6364,415.69634,79.348,0.0,181,14,10.392655139385996,5.238901295558804,0.9837470784563558,0.0,5,1,1.5578370978781657
2022-01-21,食用菌,77.103,602.621,392.30231,77.103,0.0,142,10,7.8157918628328344,5.088029129865245,0.5361138199772517,0.0,5,1,1.5578370978781657
2022-01-22,水生根茎类,64.682,631.716,343.36428,64.682,0.0,76,2,9.766488358430475,5.3084981911505515,0.839783683963865,0.0,6,1,1.5605749486652978
2022-01-22,花叶类,209.297,1084.3298,612.54021,209.297,0.0,415,21,5.180818645274418,2.9266554704558594,0.7702181543314519,0.0,6,1,1.5605749486652978
2022-01-22,花菜类,64.541,516.328,302.05188,64.541,0.0,121,1,8.0,4.68,0.7094017094017095,0.0,6,1,1.5605749486652978
2022-01-22,茄类,22.592,328.213,148.17749,22.592,0.0,46,4,14.527841713881022,6.558847822237961,1.2149990528250951,0.0,6,1,1.5605749486652978
2022-01-22,辣椒类,100.68,1229.231,579.62685,100.68,0.0,232,11,12.209286849423917,5.757120083432658,1.1207281891789518,0.0,6,1,1.5605749486652978
2022-01-22,食用菌,97.639,810.814,533.9368,97.639,0.0,184,8,8.30420221427913,5.468478784092421,0.5185580016211657,0.0,6,1,1.5605749486652978
2022-01-23,水生根茎类,68.285,722.19,517.85727,68.285,0.0,88,2,10.576114812916455,7.583763198359815,0.3945734507116221,0.0,7,1,1.5633127994524298
2022-01-23,花叶类,186.693,1042.094,576.09006,186.693,0.0,321,22,5.581858987749943,3.0857614372258197,0.8089081418971196,0.0,7,1,1.5633127994524298
2022-01-23,花菜类,74.249,590.2622,378.63408,74.249,0.0,137,2,7.949766326819217,5.099517569260192,0.5589251765187118,0.0,7,1,1.5633127994524298
2022-01-23,茄类,25.009,356.997,225.65760999999998,25.009,0.0,59,3,14.274741093206446,9.02305609980407,0.5820295180827273,0.0,7,1,1.5633127994524298
2022-01-23,辣椒类,124.431,1472.4866,891.72415,124.431,0.0,253,11,11.833760075865339,7.166414719804551,0.6512803875503426,0.0,7,1,1.5633127994524298
2022-01-23,食用菌,89.483,935.89,591.41608,89.483,0.0,175,6,10.458858107126492,6.609256283316383,0.5824561280105878,0.0,7,1,1.5633127994524298
2022-01-24,水生根茎类,38.076,444.432,332.0136,38.076,0.0,42,2,11.672234478411598,8.719760479041916,0.33859576836611516,0.0,1,1,1.566050650239562
2022-01-24,花叶类,169.463,799.58,478.09143,169.463,0.0,274,25,4.718316092598385,2.8212142473578306,0.672441608083207,0.0,1,1,1.566050650239562
2022-01-24,花菜类,22.147,199.323,126.90231,22.147,0.0,45,1,9.000000000000002,5.73,0.5706806282722514,0.0,1,1,1.566050650239562
2022-01-24,茄类,25.579,367.668,239.64460999999997,25.579,0.0,49,3,14.373822276085852,9.368802924273817,0.5342218629494735,0.0,1,1,1.566050650239562
2022-01-24,辣椒类,117.056,1434.487,874.34619,117.056,0.0,229,12,12.254707148715147,7.469469228403499,0.6406396189591679,0.0,1,1,1.566050650239562
2022-01-24,食用菌,68.443,845.232,531.69835,68.443,0.0,163,7,12.349429452244934,7.768483993980393,0.5896833232602658,0.0,1,1,1.566050650239562
2022-01-25,水生根茎类,70.849,804.174,598.22234,70.849,0.0,72,2,11.350534234781012,8.443624327795735,0.34427276654362293,0.0,2,1,1.568788501026694
2022-01-25,花叶类,138.198,802.3786,484.343,138.198,0.0,241,22,5.806007322826669,3.5047033965759273,0.6566330059482639,0.0,2,1,1.568788501026694
2022-01-25,花菜类,48.877,488.77,293.262,48.877,0.0,86,1,10.0,6.0,0.6666666666666667,0.0,2,1,1.568788501026694
2022-01-25,茄类,26.834,382.132,257.52779,26.834,0.0,53,4,14.24059029589327,9.597070507565029,0.48384762669690917,0.0,2,1,1.568788501026694
2022-01-25,辣椒类,84.379,1272.6726,819.91424,84.379,0.0,203,12,15.082812074094265,9.717041443961174,0.5522020937214118,0.0,2,1,1.568788501026694
2022-01-25,食用菌,80.043,956.25,602.8537699999999,80.043,0.0,173,7,11.94670364678985,7.531623877166022,0.5862055569462559,0.0,2,1,1.568788501026694
2022-01-26,水生根茎类,64.858,745.971,550.2333,64.858,0.0,65,2,11.501603503037405,8.483661229146751,0.35573583060131053,0.0,3,1,1.571526351813826
2022-01-26,花叶类,162.651,1009.405,569.40216,162.651,0.0,257,24,6.205956311366053,3.500760278141542,0.7727452948193945,0.0,3,1,1.571526351813826
2022-01-26,花菜类,32.217,322.17,200.38974,32.217,0.0,63,1,10.0,6.22,0.6077170418006432,0.0,3,1,1.571526351813826
2022-01-26,茄类,31.875,462.492,301.45772999999997,31.875,0.0,62,4,14.509552941176471,9.457497411764704,0.5341852404978971,0.0,3,1,1.571526351813826
2022-01-26,辣椒类,91.362,1393.9538,953.46102,91.362,0.0,202,11,15.257479039425583,10.436078676035988,0.46199348558580833,0.0,3,1,1.571526351813826
2022-01-26,食用菌,84.094,860.184,542.38296,84.094,0.0,145,8,10.228839156182367,6.449722453444955,0.5859347793669623,0.0,3,1,1.571526351813826
2022-01-27,水生根茎类,95.025,1118.58,832.624,95.025,0.0,86,3,11.77142857142857,8.762157327019205,0.3434395357328157,0.0,4,1,1.5742642026009583
2022-01-27,花叶类,156.708,815.1566,453.11142,156.708,0.0,233,22,5.201754856165608,2.8914377057967684,0.7990202056703848,0.0,4,1,1.5742642026009583
2022-01-27,花菜类,58.027,580.27,371.37280000000004,58.027,0.0,89,1,10.0,6.4,0.5625,0.0,4,1,1.5742642026009583
2022-01-27,茄类,21.963,356.442,207.47759,21.963,0.0,43,4,16.22920366070209,9.446687155670901,0.7179783127421135,0.0,4,1,1.5742642026009583
2022-01-27,辣椒类,157.221,2299.201,1551.47602,157.221,0.0,305,13,14.624006971078927,9.868122070206907,0.48194427136553486,0.0,4,1,1.5742642026009583
2022-01-27,食用菌,66.621,678.1152000000001,422.35739,66.621,0.0,117,8,10.178700409780701,6.339703546929647,0.6055483248440379,0.0,4,1,1.5742642026009583
2022-01-28,水生根茎类,157.934,1796.236,1291.3199299999999,157.934,0.0,153,3,11.373333164486432,8.176326376840958,0.39100772648959303,0.0,5,1,1.5770020533880904
2022-01-28,花叶类,176.131,1050.326,612.44682,176.131,0.0,263,23,5.963322754086447,3.477223316735839,0.7149668603063364,0.0,5,1,1.5770020533880904
2022-01-28,花菜类,85.253,852.53,538.7989600000001,85.253,0.0,124,1,10.0,6.320000000000001,0.582278481012658,0.0,5,1,1.5770020533880904
2022-01-28,茄类,54.803,968.3842,519.12252,54.803,0.0,85,4,17.67027717460723,9.472520117511817,0.8654251408704052,0.0,5,1,1.5770020533880904
2022-01-28,辣椒类,222.648,3474.2282,2269.19018,222.648,0.0,416,13,15.604129388092415,10.191828267040352,0.531043202381565,0.0,5,1,1.5770020533880904
2022-01-28,食用菌,144.04,1414.4326,907.41175,144.04,0.0,200,9,9.819720910858097,6.299720563732297,0.5587549973867985,0.0,5,1,1.5770020533880904
2022-01-29,水生根茎类,200.905,2262.968,1589.76931,200.905,0.0,211,3,11.263870983798311,7.9130400438017965,0.4234568410431825,0.0,6,1,1.5797399041752225
2022-01-29,花叶类,208.256,1440.725,835.25224,208.256,0.0,333,15,6.918047979409956,4.010699523663184,0.7248980978488604,0.0,6,1,1.5797399041752225
2022-01-29,花菜类,90.907,909.07,557.25991,90.907,0.0,129,1,10.000000000000002,6.13,0.6313213703099514,0.0,6,1,1.5797399041752225
2022-01-29,茄类,86.261,1518.482,870.81745,86.261,0.0,138,4,17.603343341718737,10.09514670592736,0.7437431921007094,0.0,6,1,1.5797399041752225
2022-01-29,辣椒类,356.647,6284.807400000001,3872.94949,356.647,0.0,751,14,17.621927003451596,10.859335673649294,0.6227444783949407,0.0,6,1,1.5797399041752225
2022-01-29,食用菌,195.987,1854.334,1172.26884,195.987,0.0,294,7,9.461515304586529,5.981360192257649,0.5818333958275306,0.0,6,1,1.5797399041752225
2022-01-30,水生根茎类,234.678,2746.652,1874.27452,234.678,0.0,249,3,11.703917708519759,7.98657956860038,0.4654480817463176,0.0,7,1,1.5824777549623545
2022-01-30,花叶类,225.022,1814.893,983.60199,225.022,0.0,395,14,8.065402493978366,4.371136999937784,0.8451497846196914,0.0,7,1,1.5824777549623545
2022-01-30,花菜类,102.128,999.3668,618.6253800000001,102.128,0.0,166,2,9.785433965220117,6.057353321322263,0.6154636267913869,0.0,7,1,1.5824777549623545
2022-01-30,茄类,88.028,1526.0572,922.0981099999999,88.028,0.0,142,4,17.336043077202707,10.47505464170491,0.6549835461651692,0.0,7,1,1.5824777549623545
2022-01-30,辣椒类,403.185,7456.5416000000005,4823.6550099999995,403.185,0.0,906,13,18.494094770390763,11.963875168967098,0.5458281291969926,0.0,7,1,1.5824777549623545
2022-01-30,食用菌,153.261,1925.8152,1153.23839,153.261,0.0,296,8,12.56559202928338,7.524669615884015,0.6699194344371417,0.0,7,1,1.5824777549623545
2022-02-01,水生根茎类,38.25,458.315,300.57158,38.25,0.0,48,3,11.982091503267974,7.858080522875817,0.524811494153905,0.0,2,2,1.5879534565366187
2022-02-01,花叶类,63.003,596.783,326.05925,63.003,0.0,130,12,9.47229497008079,5.175297208069457,0.8302900469776582,0.0,2,2,1.5879534565366187
2022-02-01,花菜类,13.968,139.68,89.3952,13.968,0.0,23,1,10.0,6.4,0.5625,0.0,2,2,1.5879534565366187
2022-02-01,茄类,18.86,328.4054,191.61738999999997,18.86,0.0,37,4,17.412799575821843,10.159988865323434,0.7138601042421047,0.0,2,2,1.5879534565366187
2022-02-01,辣椒类,52.92,1049.8752,671.95613,52.92,0.0,165,9,19.83891156462585,12.697583711262283,0.5624162845273841,0.0,2,2,1.5879534565366187
2022-02-01,食用菌,46.534,423.7264,255.282,46.534,0.0,78,8,9.10573774014699,5.485924270425926,0.6598365728880218,0.0,2,2,1.5879534565366187
2022-02-02,水生根茎类,37.868,514.747,322.57814,37.868,0.0,46,2,13.59319214112179,8.51848896165628,0.5957280924243655,0.0,3,2,1.5906913073237507
2022-02-02,花叶类,88.412,698.808,373.39684,88.412,0.0,177,13,7.903994932814549,4.223372845315115,0.871488789246315,0.0,3,2,1.5906913073237507
2022-02-02,花菜类,38.729,387.29,247.86560000000003,38.729,0.0,67,1,10.0,6.400000000000001,0.5624999999999998,0.0,3,2,1.5906913073237507
2022-02-02,茄类,29.266000000000002,507.798,307.38469,29.266000000000002,0.0,58,3,17.351124171393426,10.503132987083987,0.6519950944856756,0.0,3,2,1.5906913073237507
2022-02-02,辣椒类,89.27,1687.0262,1099.8043,89.27,0.0,264,9,18.898019491430492,12.319976475859752,0.5339330824583974,0.0,3,2,1.5906913073237507
2022-02-02,食用菌,94.037,650.0584,374.203,94.037,0.0,118,7,6.9127939002732965,3.9793166519561445,0.7371811556828782,0.0,3,2,1.5906913073237507
2022-02-03,水生根茎类,7.01,74.076,50.10392,7.01,0.0,10,2,10.56718972895863,7.147492154065621,0.478447195349186,0.0,4,2,1.593429158110883
2022-02-03,花叶类,116.536,705.078,436.80661,116.536,0.0,194,12,6.050302052584609,3.7482547024095556,0.6141651336274423,0.0,4,2,1.593429158110883
2022-02-03,花菜类,26.229,262.29,167.8656,26.229,0.0,54,1,10.000000000000002,6.4,0.5625000000000002,0.0,4,2,1.593429158110883
2022-02-03,茄类,51.214999999999996,732.486,558.56364,51.214999999999996,0.0,91,3,14.302177096553745,10.906250903055746,0.31137429568455266,0.0,4,2,1.593429158110883
2022-02-03,辣椒类,125.952,2348.7062,1686.45698,125.952,0.0,344,9,18.647629255589433,13.389680036839431,0.39268669634252995,0.0,4,2,1.593429158110883
2022-02-03,食用菌,46.152,505.95540000000005,345.88905,46.152,0.0,101,7,10.96280551222049,7.4945625325013,0.4627679020194482,0.0,4,2,1.593429158110883
2022-02-04,水生根茎类,55.923,666.018,421.20444,55.923,0.0,56,2,11.909554208465211,7.531864170377125,0.581222648080348,0.0,5,2,1.596167008898015
2022-02-04,花叶类,216.497,1324.3794,763.78565,216.497,0.0,347,20,6.117310632479896,3.5279271768200022,0.7339673768419188,0.0,5,2,1.596167008898015
2022-02-04,花菜类,48.036,480.36,302.6268,48.036,0.0,97,1,10.0,6.3,0.5873015873015874,0.0,5,2,1.596167008898015
2022-02-04,茄类,49.812,717.406,530.78372,49.812,0.0,105,4,14.402272544768328,10.655739982333575,0.3515975960980866,0.0,5,2,1.596167008898015
2022-02-04,辣椒类,168.229,2445.1094000000003,1882.19238,168.229,0.0,456,11,14.534410832852839,11.188275386526698,0.29907517742686873,0.0,5,2,1.596167008898015
2022-02-04,食用菌,62.232,585.0328000000001,354.65382,62.232,0.0,107,7,9.400835582979818,5.6988979946008484,0.6495883224943131,0.0,5,2,1.596167008898015
2022-02-05,水生根茎类,2.2030000000000003,21.456,14.2732,2.2030000000000003,0.0,5,3,9.739446209714025,6.478983204720834,0.5032368354678698,0.0,6,2,1.5989048596851472
2022-02-05,花叶类,208.189,1364.369,796.86634,208.189,0.0,356,22,6.55351147274832,3.8276102003468004,0.7121679402344938,0.0,6,2,1.5989048596851472
2022-02-05,花菜类,45.665,410.985,239.2846,45.665,0.0,93,1,9.0,5.24,0.7175572519083968,0.0,6,2,1.5989048596851472
2022-02-05,茄类,43.637,541.492,475.95795,43.637,0.0,82,2,12.409010701927263,10.907210624011732,0.1376887390997461,0.0,6,2,1.5989048596851472
2022-02-05,辣椒类,79.349,1235.3020000000001,846.02923,79.349,0.0,193,13,15.567959268547808,10.662128445223,0.4601174004354438,0.0,6,2,1.5989048596851472
2022-02-05,食用菌,94.217,778.4774,465.11935,94.217,0.0,142,10,8.262600167697974,4.936681809015358,0.6737153592943403,0.0,6,2,1.5989048596851472
2022-02-06,水生根茎类,66.88,779.744,460.52664,66.88,0.0,89,2,11.65885167464115,6.885864832535885,0.6931572080173258,0.0,7,2,1.6016427104722792
2022-02-06,花叶类,216.985,1392.5696,833.83487,216.985,0.0,392,19,6.4178150563403,3.842822637509505,0.670078393339439,0.0,7,2,1.6016427104722792
2022-02-06,花菜类,52.784,475.056,274.4768,52.784,0.0,115,1,9.0,5.2,0.7307692307692306,0.0,7,2,1.6016427104722792
2022-02-06,茄类,38.299,476.724,402.79350999999997,38.299,0.0,86,3,12.447426825765685,10.51707642497193,0.18354439226193087,0.0,7,2,1.6016427104722792
2022-02-06,辣椒类,127.903,1530.6256,1149.71076,127.903,0.0,261,8,11.967081303800537,8.988927233919453,0.33131362535043185,0.0,7,2,1.6016427104722792
2022-02-06,食用菌,90.519,789.7434000000001,470.53249999999997,90.519,0.0,133,9,8.72461472177112,5.198162816646228,0.6784035109158244,0.0,7,2,1.6016427104722792
2022-02-07,水生根茎类,41.735,494.184,289.39106,41.735,0.0,58,2,11.8409967653049,6.934013657601533,0.7076685091792401,0.0,1,2,1.6043805612594113
2022-02-07,花叶类,153.054,820.713,444.10067,153.054,0.0,246,17,5.362244697949743,2.9015946659348986,0.8480336901991163,0.0,1,2,1.6043805612594113
2022-02-07,花菜类,43.144,388.296,235.99768,43.144,0.0,99,1,9.0,5.470000000000001,0.6453382084095063,0.0,1,2,1.6043805612594113
2022-02-07,茄类,25.718,319.606,272.75402,25.718,0.0,63,3,12.427327163854109,10.605568862275451,0.1717737469093945,0.0,1,2,1.6043805612594113
2022-02-07,辣椒类,105.783,1367.798,941.44327,105.783,0.0,229,12,12.930225083425503,8.899759602204513,0.4528735225862308,0.0,1,2,1.6043805612594113
2022-02-07,食用菌,89.43,648.0116,387.25573,89.43,0.0,135,10,7.246020351112602,4.330266465391927,0.673342832138339,0.0,1,2,1.6043805612594113
2022-02-08,水生根茎类,29.778,294.99,206.1303,29.778,0.0,35,2,9.906306669353215,6.922234535563168,0.43108509520434435,0.0,2,2,1.6071184120465434
2022-02-08,花叶类,160.297,960.0962,547.08543,160.297,0.0,279,19,5.989483271676949,3.4129486515655314,0.7549292073086282,0.0,2,2,1.6071184120465434
2022-02-08,花菜类,44.616,341.6072,230.98934,44.616,0.0,83,2,7.656607495069033,5.177275865160481,0.47888729410629916,0.0,2,2,1.6071184120465434
2022-02-08,茄类,28.361,349.446,237.63724,28.361,0.0,63,3,12.321356792778817,8.379014844328479,0.47050184558615493,0.0,2,2,1.6071184120465434
2022-02-08,辣椒类,80.106,1005.3770000000001,661.6608200000001,80.106,0.0,165,13,12.550582977554742,8.259815993808205,0.5194748874506427,0.0,2,2,1.6071184120465434
2022-02-08,食用菌,48.124,406.82800000000003,247.48928,48.124,0.0,77,10,8.45374449339207,5.14274125176627,0.6438206939710682,0.0,2,2,1.6071184120465434
2022-02-09,水生根茎类,30.194,300.00600000000003,209.76245,30.194,0.0,41,2,9.935947539246209,6.947156719878122,0.430217848809451,0.0,3,2,1.6098562628336757
2022-02-09,花叶类,138.288,740.5578,411.09138,138.288,0.0,235,20,5.355184831655675,2.972719107948629,0.8014432703502565,0.0,3,2,1.6098562628336757
2022-02-09,花菜类,25.255,227.29500000000002,150.26725,25.255,0.0,61,1,9.000000000000002,5.95,0.5126050420168069,0.0,3,2,1.6098562628336757
2022-02-09,茄类,17.827,217.334,141.8353,17.827,0.0,40,3,12.191282885510741,7.956206877208727,0.5322983770612819,0.0,3,2,1.6098562628336757
2022-02-09,辣椒类,72.859,861.634,563.54425,72.859,0.0,144,12,11.826047571336417,7.734723918802071,0.5289553570992871,0.0,3,2,1.6098562628336757
2022-02-09,食用菌,44.397999999999996,342.3012,201.2296,44.397999999999996,0.0,74,9,7.70983377629623,4.532402360466688,0.7010479571593842,0.0,3,2,1.6098562628336757
2022-02-10,水生根茎类,29.54,293.59,205.2777,29.54,0.0,35,2,9.938727149627622,6.949143534190928,0.43020893160825513,0.0,4,2,1.6125941136208077
2022-02-10,花叶类,99.133,543.2774000000001,303.11683,99.133,0.0,163,17,5.480288097807996,3.057678371480738,0.792303647408823,0.0,4,2,1.6125941136208077
2022-02-10,花菜类,23.057,184.456,119.8964,23.057,0.0,51,1,8.0,5.2,0.5384615384615383,0.0,4,2,1.6125941136208077
2022-02-10,茄类,18.122,205.86,143.94774,18.122,0.0,37,3,11.35967332524004,7.943259022182983,0.43010234130803293,0.0,4,2,1.6125941136208077
2022-02-10,辣椒类,84.39,853.1088,588.91765,84.39,0.0,144,12,10.109121933878422,6.9785241142315435,0.4486045714540905,0.0,4,2,1.6125941136208077
2022-02-10,食用菌,42.478,293.80400000000003,190.9972,42.478,0.0,69,9,6.916615659870993,4.496379302227035,0.5382633881543817,0.0,4,2,1.6125941136208077
2022-02-11,水生根茎类,38.286,375.374,227.93648,38.286,0.0,53,2,9.804471608420833,5.953520346863082,0.6468359957124901,0.0,5,2,1.6153319644079398
2022-02-11,花叶类,124.508,655.6574,383.05613999999997,124.508,0.0,205,19,5.265986121373728,3.07655845407524,0.7116483239245301,0.0,5,2,1.6153319644079398
2022-02-11,花菜类,24.982,199.856,129.9064,24.982,0.0,55,1,8.0,5.2,0.5384615384615383,0.0,5,2,1.6153319644079398
2022-02-11,茄类,16.356,188.334,127.73811,16.356,0.0,39,3,11.514673514306676,7.809862435803375,0.4743759712743518,0.0,5,2,1.6153319644079398
2022-02-11,辣椒类,74.496,792.311,534.59809,74.496,0.0,136,12,10.635618019759452,7.1761985878436425,0.48206851992306987,0.0,5,2,1.6153319644079398
2022-02-11,食用菌,35.35,273.90000000000003,178.8225,35.35,0.0,61,8,7.748231966053749,5.058628005657708,0.5316864488529132,0.0,5,2,1.6153319644079398
2022-02-12,水生根茎类,58.417,482.536,330.58520000000004,58.417,0.0,71,3,8.260198229967305,5.659058150880737,0.4596418714449406,0.0,6,2,1.6180698151950719
2022-02-12,花叶类,148.467,856.5256,498.21535,148.467,0.0,256,20,5.769131187401914,3.3557312399388413,0.7191874959292204,0.0,6,2,1.6180698151950719
2022-02-12,花菜类,35.481,283.848,188.75892000000002,35.481,0.0,78,1,8.0,5.32,0.5037593984962405,0.0,6,2,1.6180698151950719
2022-02-12,茄类,19.233,189.786,138.39586,19.233,0.0,46,2,9.86772734362814,7.1957500129984915,0.37132714808087486,0.0,6,2,1.6180698151950719
2022-02-12,辣椒类,62.244,664.9514,437.38829,62.244,0.0,128,12,10.682979885611465,7.026995212389949,0.5202770974961402,0.0,6,2,1.6180698151950719
2022-02-12,食用菌,41.628,300.604,192.836,41.628,0.0,72,7,7.221197271067551,4.632362832708754,0.558858304465971,0.0,6,2,1.6180698151950719
2022-02-13,水生根茎类,38.757,309.75600000000003,199.6532,38.757,0.0,52,4,7.99225946280672,5.15141006785871,0.5514702494124812,0.0,7,2,1.620807665982204
2022-02-13,花叶类,162.85,874.7966,524.02948,162.85,0.0,272,19,5.371793675161191,3.2178660116671787,0.6693652425813905,0.0,7,2,1.620807665982204
2022-02-13,花菜类,37.882,303.056,205.69925999999998,37.882,0.0,78,1,8.0,5.43,0.4732965009208103,0.0,7,2,1.620807665982204
2022-02-13,茄类,18.593,178.25900000000001,125.54072,18.593,0.0,41,2,9.587425375141184,6.752042166406712,0.41992972479367685,0.0,7,2,1.620807665982204
2022-02-13,辣椒类,53.381,583.6494,347.09481999999997,53.381,0.0,131,12,10.933654296472527,6.502216518986155,0.6815272552900675,0.0,7,2,1.620807665982204
2022-02-13,食用菌,62.028,394.004,240.92444,62.028,0.0,87,7,6.3520345650351455,3.884123944025279,0.6353841063198071,0.0,7,2,1.620807665982204
2022-02-14,水生根茎类,24.829,198.632,127.94144,24.829,0.0,35,2,8.0,5.152903459664103,0.5525227791714709,0.0,1,2,1.623545516769336
2022-02-14,花叶类,140.014,605.5668000000001,346.88345,140.014,0.0,207,17,4.325044638393304,2.477491179453483,0.7457356354129898,0.0,1,2,1.623545516769336
2022-02-14,花菜类,35.754,286.032,187.35096000000001,35.754,0.0,80,1,8.0,5.240000000000001,0.526717557251908,0.0,1,2,1.623545516769336
2022-02-14,茄类,22.165,215.701,158.16317,22.165,0.0,50,2,9.731603879990978,7.13571712158809,0.36378778953406155,0.0,1,2,1.623545516769336
2022-02-14,辣椒类,56.165,567.3326,340.68457,56.165,0.0,112,13,10.101176889521943,6.06578064630998,0.6652723661655704,0.0,1,2,1.623545516769336
2022-02-14,食用菌,43.618,351.324,220.4243,43.618,0.0,82,8,8.054564629281488,5.053516896694025,0.5938533092766995,0.0,1,2,1.623545516769336
2022-02-15,水生根茎类,50.087,399.596,258.77275000000003,50.087,0.0,68,3,7.978038213508495,5.166465350290495,0.5441965972073952,0.0,2,2,1.626283367556468
2022-02-15,花叶类,151.453,813.5562,463.09798,151.453,0.0,259,18,5.371674380831017,3.057700936924326,0.7567690534948999,0.0,2,2,1.626283367556468
2022-02-15,花菜类,30.547,244.376,155.48423,30.547,0.0,70,1,8.0,5.09,0.5717092337917486,0.0,2,2,1.626283367556468
2022-02-15,茄类,13.33,131.351,94.23454,13.33,0.0,28,3,9.853788447111778,7.069357839459864,0.3938732019066471,0.0,2,2,1.626283367556468
2022-02-15,辣椒类,65.56099999999999,663.9596,417.29001999999997,65.56099999999999,0.0,128,10,10.127356202620462,6.364912371684386,0.591122644150464,0.0,2,2,1.626283367556468
2022-02-15,食用菌,54.996,390.528,246.7252,54.996,0.0,87,8,7.101025529129391,4.486238999199942,0.582846016539859,0.0,2,2,1.626283367556468
2022-02-16,水生根茎类,25.240000000000002,199.72,128.71443,25.240000000000002,0.0,35,3,7.912836767036449,5.099620839936608,0.5516519787253067,0.0,3,2,1.6290212183436004
2022-02-16,花叶类,83.015,320.573,162.26073,83.015,0.0,119,13,3.8616274167319156,1.9545953140998613,0.9756659544179296,0.0,3,2,1.6290212183436004
2022-02-16,花菜类,21.875,175.0,112.875,21.875,0.0,47,1,8.0,5.16,0.5503875968992247,0.0,3,2,1.6290212183436004
2022-02-16,茄类,8.002,80.02,52.253060000000005,8.002,0.0,20,1,9.999999999999998,6.53,0.5313935681470134,0.0,3,2,1.6290212183436004
2022-02-16,辣椒类,49.306,401.1908,280.68085,49.306,0.0,72,9,8.136754147568249,5.692630714314689,0.42934867127557874,0.0,3,2,1.6290212183436004
2022-02-16,食用菌,17.235,145.03,89.46199999999999,17.235,0.0,40,7,8.414853495793444,5.190716565129097,0.6211352306007023,0.0,3,2,1.6290212183436004
2022-02-17,水生根茎类,38.54,299.02,196.16215,38.54,0.0,55,3,7.758692267773741,5.089832641411521,0.5243511554089306,0.0,4,2,1.6317590691307324
2022-02-17,花叶类,110.077,452.909,262.04125999999997,110.077,0.0,170,14,4.11447441336519,2.3805269038945465,0.7283881171995585,0.0,4,2,1.6317590691307324
2022-02-17,花菜类,20.645,165.16,109.4185,20.645,0.0,47,1,8.0,5.3,0.509433962264151,0.0,4,2,1.6317590691307324
2022-02-17,茄类,16.258,151.975,97.64539,16.258,0.0,37,2,9.347705744864067,6.005990281707468,0.5563970813163834,0.0,4,2,1.6317590691307324
2022-02-17,辣椒类,62.319,455.202,367.82066,62.319,0.0,95,12,7.304385500409185,5.902223398963398,0.23756506771533714,0.0,4,2,1.6317590691307324
2022-02-17,食用菌,27.335,246.13,152.752,27.335,0.0,55,5,9.004207060545088,5.588147064203403,0.6113045983031316,0.0,4,2,1.6317590691307324
2022-02-18,水生根茎类,34.695,274.46,179.024,34.695,0.0,41,2,7.9106499495604545,5.159936590286785,0.5330905353472157,0.0,5,2,1.6344969199178645
2022-02-18,花叶类,84.783,414.6188,225.9258,84.783,0.0,149,17,4.890353018883503,2.6647535472913204,0.8351989901109125,0.0,5,2,1.6344969199178645
2022-02-18,花菜类,24.401,195.208,129.3253,24.401,0.0,52,1,8.0,5.3,0.509433962264151,0.0,5,2,1.6344969199178645
2022-02-18,茄类,13.181,124.178,79.80447,13.181,0.0,33,2,9.420984750777635,6.054508003945072,0.5560281272465064,0.0,5,2,1.6344969199178645
2022-02-18,辣椒类,68.479,569.3516,405.34108000000003,68.479,0.0,116,13,8.31425108427401,5.919202675272712,0.4046234840051246,0.0,5,2,1.6344969199178645
2022-02-18,食用菌,43.249,325.282,197.2088,43.249,0.0,79,6,7.521144997572198,4.559846470438623,0.649429437225925,0.0,5,2,1.6344969199178645
2022-02-19,水生根茎类,38.763,307.004,169.57957,38.763,0.0,60,2,7.9200268297087435,4.374779299847793,0.8103831729258426,0.0,6,2,1.6372347707049966
2022-02-19,花叶类,119.64,751.245,409.86375,119.64,0.0,222,18,6.279212637913742,3.425808676028084,0.8329139866602013,0.0,6,2,1.6372347707049966
2022-02-19,花菜类,49.665,397.32,263.2245,49.665,0.0,88,1,8.0,5.3,0.509433962264151,0.0,6,2,1.6372347707049966
2022-02-19,茄类,19.604,194.127,125.39193,19.604,0.0,52,3,9.902417873903286,6.396242093450317,0.5481618314671446,0.0,6,2,1.6372347707049966
2022-02-19,辣椒类,76.409,608.8956000000001,454.3322,76.409,0.0,127,15,7.968898951694173,5.94605609286864,0.3401990878040344,0.0,6,2,1.6372347707049966
2022-02-19,食用菌,49.453,330.154,195.93359999999998,49.453,0.0,85,5,6.676116716882696,3.9620164600732,0.6850300305817889,0.0,6,2,1.6372347707049966
2022-02-20,水生根茎类,35.58,284.64,168.6492,35.58,0.0,50,1,8.0,4.74,0.6877637130801686,0.0,7,2,1.6399726214921286
2022-02-20,花叶类,100.918,650.4082,364.95789,100.918,0.0,193,15,6.444917655918666,3.6163805267643037,0.7821458798986369,0.0,7,2,1.6399726214921286
2022-02-20,花菜类,36.386,278.538,181.22440999999998,36.386,0.0,67,2,7.655087121420326,4.980608200956411,0.5369783794578227,0.0,7,2,1.6399726214921286
2022-02-20,茄类,19.499,188.78300000000002,130.68834,19.499,0.0,45,2,9.681675983383764,6.702309862044208,0.44452825707327825,0.0,7,2,1.6399726214921286
2022-02-20,辣椒类,73.20400000000001,609.0724,393.16486000000003,73.20400000000001,0.0,162,12,8.320206546090377,5.370811157860226,0.5491526887728471,0.0,7,2,1.6399726214921286
2022-02-20,食用菌,29.076,238.268,141.6412,29.076,0.0,56,5,8.19466226441051,4.871412849085156,0.6821941638449829,0.0,7,2,1.6399726214921286
2022-02-21,水生根茎类,26.034,208.272,132.77339999999998,26.034,0.0,36,1,8.0,5.1,0.5686274509803924,0.0,1,2,1.6427104722792607
2022-02-21,花叶类,77.387,457.8952,251.01198,77.387,0.0,125,15,5.916952459715456,3.2435936268365486,0.8241965981065924,0.0,1,2,1.6427104722792607
2022-02-21,花菜类,28.045,224.36,151.443,28.045,0.0,53,1,8.0,5.4,0.4814814814814814,0.0,1,2,1.6427104722792607
2022-02-21,茄类,12.819,124.014,88.43058,12.819,0.0,29,3,9.674233559560028,6.898399251111631,0.4023881783880643,0.0,1,2,1.6427104722792607
2022-02-21,辣椒类,51.127,532.2702,315.53638,51.127,0.0,114,11,10.410745789895751,6.171619300956442,0.6868742678736444,0.0,1,2,1.6427104722792607
2022-02-21,食用菌,11.197,118.946,71.6564,11.197,0.0,29,4,10.623024024292222,6.399607037599358,0.6599494253130216,0.0,1,2,1.6427104722792607
2022-02-22,水生根茎类,25.201,201.608,126.005,25.201,0.0,42,1,8.0,5.0,0.6000000000000001,0.0,2,2,1.6454483230663928
2022-02-22,花叶类,66.356,424.791,241.37957,66.356,0.0,120,15,6.401696907589367,3.637644975586232,0.7598465354793695,0.0,2,2,1.6454483230663928
2022-02-22,花菜类,21.47,171.76,117.8703,21.47,0.0,44,1,8.0,5.49,0.45719489981785055,0.0,2,2,1.6454483230663928
2022-02-22,茄类,14.993,140.705,111.0036,14.993,0.0,32,2,9.384712866004136,7.40369505769359,0.26757150218551495,0.0,2,2,1.6454483230663928
2022-02-22,辣椒类,69.428,695.4346,443.87124,69.428,0.0,147,14,10.016630178026158,6.393259779915884,0.566748501209495,0.0,2,2,1.6454483230663928
2022-02-22,食用菌,14.499,139.082,82.27879999999999,14.499,0.0,42,3,9.59252362231878,5.674791364921718,0.6903746773166357,0.0,2,2,1.6454483230663928
2022-02-23,水生根茎类,17.076,136.608,85.38,17.076,0.0,27,1,8.0,5.0,0.6000000000000001,0.0,3,2,1.648186173853525
2022-02-23,花叶类,61.21,390.198,208.36473,61.21,0.0,109,19,6.374742689103087,3.4040962261068453,0.872668181414388,0.0,3,2,1.648186173853525
2022-02-23,花菜类,28.796,230.368,161.2576,28.796,0.0,65,1,8.0,5.6,0.4285714285714286,0.0,3,2,1.648186173853525
2022-02-23,茄类,10.987,121.351,85.21552,10.987,0.0,27,4,11.04496222808774,7.756031673796304,0.4240481076686502,0.0,3,2,1.648186173853525
2022-02-23,辣椒类,37.044,363.38100000000003,230.04235,37.044,0.0,59,12,9.809442824748949,6.209975974516792,0.5796265339838513,0.0,3,2,1.648186173853525
2022-02-23,食用菌,16.979,123.322,71.5148,16.979,0.0,31,5,7.26320749160728,4.211955945579834,0.724426272603713,0.0,3,2,1.648186173853525
2022-02-24,水生根茎类,19.778,158.224,98.89,19.778,0.0,29,1,8.0,5.0,0.6000000000000001,0.0,4,2,1.6509240246406571
2022-02-24,花叶类,57.146,320.918,192.9521,57.146,0.0,107,15,5.615756133412662,3.37647604381759,0.6632003486875759,0.0,4,2,1.6509240246406571
2022-02-24,花菜类,34.624,276.992,198.74176,34.624,0.0,69,1,8.0,5.739999999999999,0.3937282229965158,0.0,4,2,1.6509240246406571
2022-02-24,茄类,11.295,129.84,84.44142000000001,11.295,0.0,26,3,11.49535192563081,7.476000000000001,0.5376340189447311,0.0,4,2,1.6509240246406571
2022-02-24,辣椒类,45.707,587.0508,336.13088,45.707,0.0,107,12,12.843783227951954,7.354035049335987,0.746494698731637,0.0,4,2,1.6509240246406571
2022-02-24,食用菌,26.097,178.646,102.6664,26.097,0.0,48,4,6.84546116411848,3.934030731501705,0.7400629612024965,0.0,4,2,1.6509240246406571
2022-02-25,水生根茎类,43.644,387.152,268.22,43.644,0.0,54,2,8.870680964164604,6.145632847585007,0.4434121243755125,0.0,5,2,1.6536618754277892
2022-02-25,花叶类,85.432,561.3488,347.45889,85.432,0.0,164,16,6.570708867871523,4.067081304429253,0.6155833572138563,0.0,5,2,1.6536618754277892
2022-02-25,花菜类,25.668,205.344,154.008,25.668,0.0,51,1,8.0,6.000000000000001,0.33333333333333304,0.0,5,2,1.6536618754277892
2022-02-25,茄类,15.162,166.196,105.97494,15.162,0.0,34,3,10.961350745284262,6.989509299564701,0.5682575522099846,0.0,5,2,1.6536618754277892
2022-02-25,辣椒类,49.539,650.3868,379.23713,49.539,0.0,128,11,13.128783382789317,7.65532469367569,0.7149871374672623,0.0,5,2,1.6536618754277892
2022-02-25,食用菌,33.498,282.664,114.31712,33.498,0.0,70,5,8.43823511851454,3.4126550838856056,1.4726305211327926,0.0,5,2,1.6536618754277892
2022-02-26,水生根茎类,40.831,326.648,198.03034999999997,40.831,0.0,60,1,8.0,4.849999999999999,0.6494845360824746,0.0,6,2,1.6563997262149213
2022-02-26,花叶类,115.507,826.3856,470.09729,115.507,0.0,236,17,7.154420078436804,4.069859748759815,0.7579033480495068,0.0,6,2,1.6563997262149213
2022-02-26,花菜类,29.244,292.44,177.51108000000002,29.244,0.0,61,1,10.0,6.070000000000001,0.6474464579901149,0.0,6,2,1.6563997262149213
2022-02-26,茄类,22.413,256.314,173.92276,22.413,0.0,49,4,11.435952349083122,7.759905412037657,0.47372316308687834,0.0,6,2,1.6563997262149213
2022-02-26,辣椒类,93.277,1008.7488000000001,776.92203,93.277,0.0,210,16,10.814550210662865,8.329191869378302,0.2983912941688629,0.0,6,2,1.6563997262149213
2022-02-26,食用菌,44.56,309.48,167.462,44.56,0.0,73,6,6.94524236983842,3.758123877917414,0.8480610526567223,0.0,6,2,1.6563997262149213
2022-02-27,水生根茎类,33.609,268.872,161.32319999999999,33.609,0.0,55,1,8.0,4.799999999999999,0.666666666666667,0.0,7,2,1.6591375770020533
2022-02-27,花叶类,90.607,567.3276,317.4411,90.607,0.0,191,15,6.2614102663149644,3.5034942112640306,0.7871901275543713,0.0,7,2,1.6591375770020533
2022-02-27,花菜类,34.072,340.72,224.87519999999998,34.072,0.0,70,1,10.0,6.599999999999999,0.5151515151515154,0.0,7,2,1.6591375770020533
2022-02-27,茄类,17.194,203.20000000000002,150.1173,17.194,0.0,43,3,11.81807607304874,8.730795626381296,0.35360814509720084,0.0,7,2,1.6591375770020533
2022-02-27,辣椒类,83.842,979.9628,765.5917,83.842,0.0,197,13,11.688208773645668,9.13136256291596,0.2800070847163052,0.0,7,2,1.6591375770020533
2022-02-27,食用菌,26.748,190.464,111.0976,26.748,0.0,55,4,7.120681920143562,4.153491849857933,0.7143844691514487,0.0,7,2,1.6591375770020533
2022-02-28,水生根茎类,29.583,177.498,136.37763,29.583,0.0,31,1,6.0,4.61,0.30151843817787416,0.0,1,2,1.6618754277891854
2022-02-28,花叶类,65.285,429.4546,236.756,65.285,0.0,155,17,6.578151183273341,3.6264991958336528,0.8139122134180337,0.0,1,2,1.6618754277891854
2022-02-28,花菜类,22.582,225.82,149.0412,22.582,0.0,45,1,10.0,6.6,0.5151515151515151,0.0,1,2,1.6618754277891854
2022-02-28,茄类,14.358,156.606,105.15459,14.358,0.0,36,3,10.907229419139155,7.323763058921855,0.48929304940469054,0.0,1,2,1.6618754277891854
2022-02-28,辣椒类,57.122,623.5378000000001,466.24706000000003,57.122,0.0,135,14,10.91589580196772,8.16230279051854,0.33735492080100205,0.0,1,2,1.6618754277891854
2022-02-28,食用菌,10.887,125.466,79.89304,10.887,0.0,34,3,11.524386883438963,7.338388904197666,0.570424657767435,0.0,1,2,1.6618754277891854
2022-03-01,水生根茎类,5.051,30.306,23.234599999999997,5.051,0.0,8,1,6.0,4.6,0.30434782608695654,0.0,2,3,1.6646132785763177
2022-03-01,花叶类,63.286,414.8974,259.44737,63.286,0.0,137,17,6.5559112599943115,4.09960133362829,0.5991582416117767,0.0,2,3,1.6646132785763177
2022-03-01,花菜类,22.944,229.44,151.4304,22.944,0.0,44,1,10.0,6.6,0.5151515151515151,0.0,2,3,1.6646132785763177
2022-03-01,茄类,13.075,169.784,123.81525,13.075,0.0,31,3,12.985391969407265,9.46961759082218,0.37126888650630674,0.0,2,3,1.6646132785763177
2022-03-01,辣椒类,56.582,606.2882,429.63907,56.582,0.0,134,14,10.715213318723269,7.593211091866672,0.4111570439811256,0.0,2,3,1.6646132785763177
2022-03-01,食用菌,18.112000000000002,141.716,83.7944,18.112000000000002,0.0,39,5,7.824425795053004,4.626457597173144,0.6912347364501688,0.0,2,3,1.6646132785763177
2022-03-02,水生根茎类,23.171,139.026,106.58659999999999,23.171,0.0,33,1,6.000000000000001,4.6,0.30434782608695676,0.0,3,3,1.6673511293634498
2022-03-02,花叶类,61.109,373.6318,237.93004000000002,61.109,0.0,125,17,6.114186126429822,3.8935351584872935,0.5703431143036835,0.0,3,3,1.6673511293634498
2022-03-02,花菜类,18.905,189.05,124.773,18.905,0.0,42,1,10.0,6.6,0.5151515151515151,0.0,3,3,1.6673511293634498
2022-03-02,茄类,8.61,113.056,74.79448000000001,8.61,0.0,21,4,13.130778164924507,8.686931475029038,0.5115553982058567,0.0,3,3,1.6673511293634498
2022-03-02,辣椒类,46.755,609.4594,389.97112,46.755,0.0,117,13,13.035170569992513,8.340736177948882,0.5628321399800067,0.0,3,3,1.6673511293634498
2022-03-02,食用菌,17.916,165.388,98.0392,17.916,0.0,42,4,9.231301629828087,5.472158964054476,0.6869578699132595,0.0,3,3,1.6673511293634498
2022-03-03,水生根茎类,27.705000000000002,166.23,127.443,27.705000000000002,0.0,40,1,5.999999999999999,4.6,0.3043478260869563,0.0,4,3,1.6700889801505818
2022-03-03,花叶类,55.041,344.3576,204.9365,55.041,0.0,124,17,6.256383423266293,3.7233425991533586,0.680313658133129,0.0,4,3,1.6700889801505818
2022-03-03,花菜类,21.88,218.8,144.408,21.88,0.0,42,1,10.000000000000002,6.6,0.5151515151515156,0.0,4,3,1.6700889801505818
2022-03-03,茄类,14.025,193.3822,135.03413,14.025,0.0,31,2,13.788392156862745,9.628101960784313,0.43209868497690174,0.0,4,3,1.6700889801505818
2022-03-03,辣椒类,51.075,602.2778,420.59139999999996,51.075,0.0,123,14,11.792027410670581,8.234780225159078,0.431978399938753,0.0,4,3,1.6700889801505818
2022-03-03,食用菌,15.525,105.25,62.699999999999996,15.525,0.0,34,6,6.77938808373591,4.038647342995168,0.6786283891547051,0.0,4,3,1.6700889801505818
2022-03-04,水生根茎类,21.276,127.65599999999999,97.86959999999999,21.276,0.0,29,1,6.0,4.6,0.30434782608695654,0.0,5,3,1.672826830937714
2022-03-04,花叶类,73.622,492.9668,311.27432,73.622,0.0,135,17,6.6959169813371,4.228006845779794,0.583705331040479,0.0,5,3,1.672826830937714
2022-03-04,花菜类,20.119,201.19,132.78539999999998,20.119,0.0,48,1,10.0,6.599999999999999,0.5151515151515154,0.0,5,3,1.672826830937714
2022-03-04,茄类,9.297,111.92699999999999,73.306,9.297,0.0,21,3,12.039044853178442,7.884909110465741,0.52684637001064,0.0,5,3,1.672826830937714
2022-03-04,辣椒类,60.59,649.4126,406.86938,60.59,0.0,122,16,10.718148209275457,6.7151242779336515,0.5961206026366497,0.0,5,3,1.672826830937714
2022-03-04,食用菌,28.908,171.04399999999998,109.2296,28.908,0.0,55,5,5.916839629168395,3.77852497578525,0.5659125365285596,0.0,5,3,1.672826830937714
2022-03-05,水生根茎类,44.23,265.38,203.45799999999997,44.23,0.0,61,1,6.0,4.6,0.30434782608695654,0.0,6,3,1.675564681724846
2022-03-05,花叶类,124.495,803.8016,522.05568,124.495,0.0,235,19,6.45649704807422,4.193386722358328,0.5396855753010865,0.0,6,3,1.675564681724846
2022-03-05,花菜类,29.269,292.69,193.1754,29.269,0.0,60,1,10.0,6.6000000000000005,0.5151515151515151,0.0,6,3,1.675564681724846
2022-03-05,茄类,14.836,204.0128,137.25088,14.836,0.0,39,4,13.751199784308438,9.251205176597464,0.4864225278555592,0.0,6,3,1.675564681724846
2022-03-05,辣椒类,90.358,1098.5724,685.01276,90.358,0.0,208,19,12.157998184997455,7.5810969698311155,0.6037254546908004,0.0,6,3,1.675564681724846
2022-03-05,食用菌,33.725,233.35,145.82999999999998,33.725,0.0,65,7,6.919199406968124,4.324091919940696,0.6001508605910992,0.0,6,3,1.675564681724846
2022-03-06,水生根茎类,47.119,282.714,216.74739999999997,47.119,0.0,70,1,6.0,4.6,0.30434782608695654,0.0,7,3,1.678302532511978
2022-03-06,花叶类,139.174,947.6866,564.85832,139.174,0.0,282,18,6.8093652550045265,4.058648310747698,0.6777421283269756,0.0,7,3,1.678302532511978
2022-03-06,花菜类,31.384,310.01,205.08151999999998,31.384,0.0,64,2,9.87796329339791,6.534588325261279,0.5116427847813887,0.0,7,3,1.678302532511978
2022-03-06,茄类,19.161,229.5456,152.76608,19.161,0.0,38,3,11.979834037889463,7.9727613381347515,0.5025953405363286,0.0,7,3,1.678302532511978
2022-03-06,辣椒类,76.904,1094.7264,680.97417,76.904,0.0,189,16,14.234973473421409,8.854860215333403,0.6075887283654238,0.0,7,3,1.678302532511978
2022-03-06,食用菌,39.323,285.914,175.08759999999998,39.323,0.0,82,5,7.2709101543625865,4.4525493985708104,0.6329768641525728,0.0,7,3,1.678302532511978
2022-03-07,水生根茎类,24.482,146.892,116.53432,24.482,0.0,35,1,6.0,4.76,0.26050420168067223,0.0,1,3,1.68104038329911
2022-03-07,花叶类,74.68599999999999,506.5536,315.60305,74.68599999999999,0.0,147,17,6.782443831507914,4.22573239964652,0.6050339183984441,0.0,1,3,1.68104038329911
2022-03-07,花菜类,0.632,6.32,4.1712,0.632,0.0,2,1,10.0,6.6,0.5151515151515151,0.0,1,3,1.68104038329911
2022-03-07,茄类,11.448,143.7516,89.39484,11.448,0.0,27,3,12.55691823899371,7.80877358490566,0.6080525453146959,0.0,1,3,1.68104038329911
2022-03-07,辣椒类,46.889,566.557,347.67734,46.889,0.0,96,15,12.082940561752222,7.414902002601889,0.629548247234059,0.0,1,3,1.68104038329911
2022-03-07,食用菌,12.626,96.368,56.7112,12.626,0.0,27,4,7.632504356090607,4.491620465705687,0.6992763334226748,0.0,1,3,1.68104038329911
2022-03-08,水生根茎类,6.754,47.278,32.419200000000004,6.754,0.0,9,1,7.0,4.800000000000001,0.45833333333333304,0.0,2,3,1.6837782340862424
2022-03-08,花叶类,79.174,451.8338,262.99861,79.174,0.0,159,17,5.706845681663172,3.321780003536514,0.7180083195116507,0.0,2,3,1.6837782340862424
2022-03-08,花菜类,2.088,20.880000000000003,10.0224,2.088,0.0,4,1,10.0,4.8,1.0833333333333335,0.0,2,3,1.6837782340862424
2022-03-08,茄类,9.594,125.444,80.27159999999999,9.594,0.0,23,3,13.075255367938295,8.366854283927454,0.5627444824819738,0.0,2,3,1.6837782340862424
2022-03-08,辣椒类,62.127,692.1088,415.72466,62.127,0.0,126,18,11.140225666779338,6.691529608704749,0.6648249829586728,0.0,2,3,1.6837782340862424
2022-03-08,食用菌,14.096,180.69160000000002,108.9472,14.096,0.0,41,5,12.818643586833145,7.72894438138479,0.658524496269753,0.0,2,3,1.6837782340862424
2022-03-09,水生根茎类,17.2,120.4,82.56,17.2,0.0,24,1,7.000000000000001,4.800000000000001,0.45833333333333326,0.0,3,3,1.6865160848733745
2022-03-09,花叶类,61.059,351.1636,220.21235000000001,61.059,0.0,124,14,5.751217674708069,3.6065502219165073,0.5946589734862735,0.0,3,3,1.6865160848733745
2022-03-09,花菜类,1.024,10.24,4.9152,1.024,0.0,2,1,10.0,4.8,1.0833333333333335,0.0,3,3,1.6865160848733745
2022-03-09,茄类,8.401,114.3952,74.4045,8.401,0.0,21,3,13.6168551362933,8.856624211403405,0.5374768999186876,0.0,3,3,1.6865160848733745
2022-03-09,辣椒类,56.036,776.1728,519.85735,56.036,0.0,124,16,13.851324148761512,9.277203048040546,0.4930495836982973,0.0,3,3,1.6865160848733745
2022-03-09,食用菌,20.91,187.156,109.04199999999999,20.91,0.0,36,6,8.950549976087997,5.21482544237207,0.7163661708332574,0.0,3,3,1.6865160848733745
2022-03-10,水生根茎类,16.626,116.382,79.8048,16.626,0.0,26,1,7.0,4.8,0.4583333333333335,0.0,4,3,1.6892539356605065
2022-03-10,花叶类,66.508,364.4612,221.36243000000002,66.508,0.0,134,16,5.479960305527155,3.3283579419017264,0.6464456050649605,0.0,4,3,1.6892539356605065
2022-03-10,花菜类,2.189,21.89,10.87933,2.189,0.0,4,1,10.0,4.97,1.0120724346076462,0.0,4,3,1.6892539356605065
2022-03-10,茄类,10.189,137.5708,89.27508,10.189,0.0,23,3,13.501894199627047,8.761907939935224,0.5409764964646349,0.0,4,3,1.6892539356605065
2022-03-10,辣椒类,39.407000000000004,558.048,381.93806,39.407000000000004,0.0,94,15,14.161138883954626,9.692137437511102,0.46109555041464034,0.0,4,3,1.6892539356605065
2022-03-10,食用菌,14.375,126.50000000000001,75.25999999999999,14.375,0.0,28,4,8.8,5.235478260869565,0.6808397555142176,0.0,4,3,1.6892539356605065
2022-03-11,水生根茎类,29.63,207.41,142.224,29.63,0.0,40,1,7.0,4.8,0.4583333333333335,0.0,5,3,1.6919917864476386
2022-03-11,花叶类,77.822,506.7428,310.5876,77.822,0.0,165,20,6.511562283159003,3.990999974300326,0.631561594860838,0.0,5,3,1.6919917864476386
2022-03-11,花菜类,3.2479999999999998,33.644,17.49812,3.2479999999999998,0.0,8,2,10.358374384236454,5.387352216748769,0.9227208408674759,0.0,5,3,1.6919917864476386
2022-03-11,茄类,15.262,216.5368,145.12834,15.262,0.0,38,3,14.187970121871315,9.509129865024244,0.4920366346090639,0.0,5,3,1.6919917864476386
2022-03-11,辣椒类,34.281,467.0292,343.9106,34.281,0.0,85,12,13.623558239257898,10.032105247804907,0.3579959442948255,0.0,5,3,1.6919917864476386
2022-03-11,食用菌,11.525,160.44,95.80999999999999,11.525,0.0,36,3,13.921041214750542,8.313232104121473,0.674564241728421,0.0,5,3,1.6919917864476386
2022-03-12,水生根茎类,37.329,261.303,177.68604,37.329,0.0,48,1,7.0,4.76,0.47058823529411775,0.0,6,3,1.6947296372347707
2022-03-12,花叶类,129.766,890.7004000000001,548.41943,129.766,0.0,247,16,6.863896552255599,4.226218192746945,0.624122617245709,0.0,6,3,1.6947296372347707
2022-03-12,花菜类,3.1109999999999998,34.230000000000004,22.87906,3.1109999999999998,0.0,7,2,11.002892960462876,7.354246223079396,0.49612790035954313,0.0,6,3,1.6947296372347707
2022-03-12,茄类,24.795,341.552,228.8238,24.795,0.0,54,3,13.775035289372857,9.228626739261948,0.49264193672161727,0.0,6,3,1.6947296372347707
2022-03-12,辣椒类,89.029,1118.3744000000002,801.25651,89.029,0.0,203,15,12.561911287333343,8.999949566995024,0.3957757422775887,0.0,6,3,1.6947296372347707
2022-03-12,食用菌,20.441,239.8256,143.2312,20.441,0.0,50,3,11.73257668411526,7.007054449390931,0.6743949642256715,0.0,6,3,1.6947296372347707
2022-03-13,水生根茎类,28.204,197.428,135.3792,28.204,0.0,41,1,7.0,4.8,0.4583333333333335,0.0,7,3,1.6974674880219027
2022-03-13,花叶类,100.51,569.8736,339.68227,100.51,0.0,181,19,5.669819918416078,3.379586807282857,0.6776666029698872,0.0,7,3,1.6974674880219027
2022-03-13,花菜类,3.223,32.230000000000004,22.561,3.223,0.0,7,1,10.000000000000002,7.0,0.4285714285714288,0.0,7,3,1.6974674880219027
2022-03-13,茄类,19.47,248.4488,150.56065999999998,19.47,0.0,46,3,12.760595788392399,7.732956343091936,0.65015748469753,0.0,7,3,1.6974674880219027
2022-03-13,辣椒类,74.903,965.8480000000001,638.88144,74.903,0.0,172,16,12.894650414536134,8.529450622805495,0.5117797129933843,0.0,7,3,1.6974674880219027
2022-03-13,食用菌,23.827,299.7208,177.17552,23.827,0.0,66,7,12.579040584211189,7.435913879212658,0.6916603377261148,0.0,7,3,1.6974674880219027
2022-03-14,水生根茎类,15.345,107.41499999999999,73.656,15.345,0.0,24,1,6.999999999999999,4.8,0.45833333333333326,0.0,1,3,1.700205338809035
2022-03-14,花叶类,88.279,523.0912,328.3143,88.279,0.0,158,22,5.925431869414017,3.7190532289672515,0.5932635282715373,0.0,1,3,1.700205338809035
2022-03-14,花菜类,9.127,91.27,63.888999999999996,9.127,0.0,19,1,9.999999999999998,6.999999999999999,0.4285714285714286,0.0,1,3,1.700205338809035
2022-03-14,茄类,12.678,167.5332,103.21986,12.678,0.0,30,2,13.214481779460481,8.141651680075721,0.6230713740553415,0.0,1,3,1.700205338809035
2022-03-14,辣椒类,86.701,993.792,685.22977,86.701,0.0,166,17,11.46228993898571,7.90336639715805,0.4503047641961031,0.0,1,3,1.700205338809035
2022-03-14,食用菌,11.799,102.6616,58.4379,11.799,0.0,26,4,8.700872955335198,4.952784134248665,0.7567640178719632,0.0,1,3,1.700205338809035
2022-03-15,水生根茎类,15.026,112.8908,74.70143999999999,15.026,0.0,22,2,7.51303074670571,4.971478770131771,0.5112265573461503,0.0,2,3,1.702943189596167
2022-03-15,花叶类,92.629,575.825,357.01576,92.629,0.0,156,24,6.216465685692386,3.8542547150460438,0.6128839802478188,0.0,2,3,1.702943189596167
2022-03-15,花菜类,7.721,77.21000000000001,52.27117,7.721,0.0,14,1,10.000000000000002,6.77,0.47710487444608596,0.0,2,3,1.702943189596167
2022-03-15,茄类,12.816,164.3842,95.23010000000001,12.816,0.0,32,3,12.826482521847689,7.4305633583021224,0.7261790127281182,0.0,2,3,1.702943189596167
2022-03-15,辣椒类,69.283,877.926,586.34343,69.283,0.0,154,18,12.671593320150686,8.463020221410735,0.49728973683562905,0.0,2,3,1.702943189596167
2022-03-15,食用菌,17.42,221.4152,129.88905,17.42,0.0,47,7,12.710401836969,7.45631745120551,0.7046486982543949,0.0,2,3,1.702943189596167
2022-03-16,水生根茎类,16.886,118.202,81.05279999999999,16.886,0.0,22,1,7.0,4.8,0.4583333333333335,0.0,3,3,1.7056810403832992
2022-03-16,花叶类,101.619,572.898,379.47302,101.619,0.0,186,26,5.637705547190978,3.73427233096173,0.5097199795653455,0.0,3,3,1.7056810403832992
2022-03-16,花菜类,11.876999999999999,119.898,84.16017,11.876999999999999,0.0,25,2,10.094973478151049,7.085978782520839,0.42464065840171195,0.0,3,3,1.7056810403832992
2022-03-16,茄类,12.564,164.55,102.20061,12.564,0.0,30,3,13.09694364851958,8.134400668576886,0.6100686678875991,0.0,3,3,1.7056810403832992
2022-03-16,辣椒类,56.957,732.3894,512.39209,56.957,0.0,136,16,12.858637217550083,8.99612146004881,0.42935344688869015,0.0,3,3,1.7056810403832992
2022-03-16,食用菌,15.552,186.0602,108.18111999999999,15.552,0.0,45,7,11.96374742798354,6.956090534979424,0.7198953015091729,0.0,3,3,1.7056810403832992
2022-03-17,水生根茎类,30.851,226.0456,151.40851,30.851,0.0,44,2,7.327010469676834,4.907734271174355,0.49295175020215165,0.0,4,3,1.7084188911704312
2022-03-17,花叶类,98.394,511.266,309.48508,98.394,0.0,176,25,5.196109518873102,3.14536536780698,0.6519891685893227,0.0,4,3,1.7084188911704312
2022-03-17,花菜类,12.813,128.13,92.12547,12.813,0.0,25,1,10.0,7.19,0.39082058414464527,0.0,4,3,1.7084188911704312
2022-03-17,茄类,15.834,207.552,135.44944,15.834,0.0,37,4,13.107995452823038,8.554341290893015,0.5323208423748373,0.0,4,3,1.7084188911704312
2022-03-17,辣椒类,62.519,809.9844,539.67409,62.519,0.0,135,13,12.955811833202707,8.632161262976055,0.5008769459360187,0.0,4,3,1.7084188911704312
2022-03-17,食用菌,22.721,309.082,178.43922,22.721,0.0,57,6,13.603362528057744,7.8534932441353815,0.7321416222285662,0.0,4,3,1.7084188911704312
2022-03-18,水生根茎类,26.993000000000002,187.874,130.93004,26.993000000000002,0.0,45,2,6.960100766865483,4.850518282517689,0.43491898421477604,0.0,5,3,1.7111567419575633
2022-03-18,花叶类,97.098,465.3154,276.69849,97.098,0.0,191,23,4.7922243506560385,2.8496826917135265,0.6816694590563181,0.0,5,3,1.7111567419575633
2022-03-18,花菜类,14.473,173.676,101.60046,14.473,0.0,30,1,11.999999999999998,7.02,0.7094017094017093,0.0,5,3,1.7111567419575633
2022-03-18,茄类,16.346,223.454,139.4038,16.346,0.0,39,3,13.670255720053836,8.528312737061054,0.6029261756135775,0.0,5,3,1.7111567419575633
2022-03-18,辣椒类,83.461,1069.5118,733.95268,83.461,0.0,195,13,12.814509771030782,8.793959813565618,0.45719448834221854,0.0,5,3,1.7111567419575633
2022-03-18,食用菌,28.546,154.046,80.21993,28.546,0.0,38,8,5.396412807398584,2.8101986267778325,0.9202958666256624,0.0,5,3,1.7111567419575633
2022-03-19,水生根茎类,45.815,311.542,219.912,45.815,0.0,56,1,6.8,4.800000000000001,0.4166666666666665,0.0,6,3,1.7138945927446954
2022-03-19,花叶类,201.276,1278.1608,776.32399,201.276,0.0,406,25,6.350289155189889,3.8570122120868855,0.6464270284884537,0.0,6,3,1.7138945927446954
2022-03-19,花菜类,24.298000000000002,291.576,170.57196,24.298000000000002,0.0,50,1,12.0,7.019999999999999,0.7094017094017098,0.0,6,3,1.7138945927446954
2022-03-19,茄类,26.011,352.676,231.03391,26.011,0.0,67,4,13.558725154742225,8.882161777709431,0.5265118440838403,0.0,6,3,1.7138945927446954
2022-03-19,辣椒类,102.315,1430.7386000000001,913.20227,102.315,0.0,238,17,13.983664174363486,8.925399697014123,0.5667269421045131,0.0,6,3,1.7138945927446954
2022-03-19,食用菌,47.313,337.8538,189.13908,47.313,0.0,75,6,7.140823875044913,3.9976133409422356,0.7862717741886023,0.0,6,3,1.7138945927446954
2022-03-20,水生根茎类,43.592,339.664,222.289,43.592,0.0,66,2,7.791888419893558,5.099307212332538,0.5280288273373852,0.0,7,3,1.7166324435318274
2022-03-20,花叶类,173.788,1120.3332,732.14908,173.788,0.0,357,25,6.446550970147536,4.212886275231892,0.5301981940617886,0.0,7,3,1.7166324435318274
2022-03-20,花菜类,16.749,200.988,120.92778,16.749,0.0,35,1,12.0,7.220000000000001,0.6620498614958448,0.0,7,3,1.7166324435318274
2022-03-20,茄类,21.443,292.992,182.56184,21.443,0.0,55,3,13.663759735111691,8.513819894604298,0.604891799951184,0.0,7,3,1.7166324435318274
2022-03-20,辣椒类,103.566,1653.3534,1096.7755,103.566,0.0,258,15,15.964248884769132,10.590111619643512,0.5074674808107948,0.0,7,3,1.7166324435318274
2022-03-20,食用菌,39.0,442.8326,261.61138,39.0,0.0,93,6,11.354682051282051,6.707984102564103,0.6927115326558042,0.0,7,3,1.7166324435318274
2022-03-21,水生根茎类,25.391,182.8152,121.8768,25.391,0.0,35,1,7.200000000000001,4.800000000000001,0.5,0.0,1,3,1.7193702943189597
2022-03-21,花叶类,176.437,1035.5206,623.94975,176.437,0.0,325,25,5.86906714578008,3.5363883425812044,0.6596217884533169,0.0,1,3,1.7193702943189597
2022-03-21,花菜类,13.613,163.356,99.3749,13.613,0.0,23,1,12.0,7.3,0.6438356164383563,0.0,1,3,1.7193702943189597
2022-03-21,茄类,25.338,331.7456,202.47335999999999,25.338,0.0,59,3,13.09280921935433,7.990897466256215,0.6384654257725562,0.0,1,3,1.7193702943189597
2022-03-21,辣椒类,69.925,1016.1772000000001,683.77589,69.925,0.0,150,14,14.532387558097964,9.778704183053271,0.48612610485578855,0.0,1,3,1.7193702943189597
2022-03-21,食用菌,28.074,291.5528,168.72761,28.074,0.0,65,8,10.385153522832512,6.010102229821187,0.7279495632042672,0.0,1,3,1.7193702943189597
2022-03-22,水生根茎类,27.306,196.60320000000002,131.0688,27.306,0.0,38,1,7.2,4.8,0.5,0.0,2,3,1.7221081451060918
2022-03-22,花叶类,127.688,825.491,482.06854,127.688,0.0,242,23,6.464906647453167,3.7753629158574022,0.7123934285361164,0.0,2,3,1.7221081451060918
2022-03-22,花菜类,16.239,194.868,118.54469999999999,16.239,0.0,28,1,12.0,7.299999999999999,0.6438356164383563,0.0,2,3,1.7221081451060918
2022-03-22,茄类,21.947,287.2934,176.36508,21.947,0.0,56,3,13.09032669613159,8.035953888914204,0.6289698618343267,0.0,2,3,1.7221081451060918
2022-03-22,辣椒类,80.407,1138.8932,765.1439700000001,80.407,0.0,165,10,14.164105115226286,9.515887547104109,0.48846915698754034,0.0,2,3,1.7221081451060918
2022-03-22,食用菌,30.747,307.2092,176.66496,30.747,0.0,68,8,9.991517871662277,5.745762513415944,0.7389367987856788,0.0,2,3,1.7221081451060918
2022-03-23,水生根茎类,14.86,118.7928,79.03373,14.86,0.0,28,2,7.994131897711979,5.318555181695828,0.503064577617683,0.0,3,3,1.7248459958932238
2022-03-23,花叶类,86.931,571.3268,335.67012,86.931,0.0,170,19,6.572187136924688,3.8613396831970186,0.7020484277838015,0.0,3,3,1.7248459958932238
2022-03-23,花菜类,7.625,91.5,55.433749999999996,7.625,0.0,14,1,12.0,7.27,0.6506189821182944,0.0,3,3,1.7248459958932238
2022-03-23,茄类,17.569,228.95520000000002,139.6979,17.569,0.0,48,2,13.031771870908988,7.9513859639137126,0.6389308643866514,0.0,3,3,1.7248459958932238
2022-03-23,辣椒类,73.065,1114.237,732.25808,73.065,0.0,157,14,15.249941832614796,10.022008896188325,0.5216452101149913,0.0,3,3,1.7248459958932238
2022-03-23,食用菌,27.061,275.6132,159.37985,27.061,0.0,65,7,10.184885998300137,5.889651158493773,0.729285100971045,0.0,3,3,1.7248459958932238
2022-03-24,水生根茎类,16.899,135.192,83.14308,16.899,0.0,25,1,8.0,4.92,0.6260162601626016,0.0,4,3,1.727583846680356
2022-03-24,花叶类,86.534,520.9784,307.97597,86.534,0.0,152,24,6.0205052349365555,3.5590169182055607,0.6916202910246534,0.0,4,3,1.727583846680356
2022-03-24,花菜类,7.711,92.532,55.67342,7.711,0.0,15,1,11.999999999999998,7.22,0.6620498614958448,0.0,4,3,1.727583846680356
2022-03-24,茄类,16.036,210.768,139.32292,16.036,0.0,37,4,13.143427288600648,8.688134198054378,0.5128020572638012,0.0,4,3,1.727583846680356
2022-03-24,辣椒类,44.68,689.256,452.58022,44.68,0.0,104,14,15.426499552372425,10.129369292748434,0.5229476886992541,0.0,4,3,1.727583846680356
2022-03-24,食用菌,18.106,184.5044,104.53456,18.106,0.0,41,6,10.190235281122279,5.77347619573622,0.7650086248987893,0.0,4,3,1.727583846680356
2022-03-25,水生根茎类,42.983000000000004,385.488,246.01398,42.983000000000004,0.0,59,3,8.968382849033338,5.723518135076658,0.5669353424549288,0.0,5,3,1.730321697467488
2022-03-25,花叶类,108.611,645.8358,374.19175,108.611,0.0,186,25,5.946320354291922,3.4452472585649705,0.7259487949694239,0.0,5,3,1.730321697467488
2022-03-25,花菜类,14.528,168.9096,104.09660000000001,14.528,0.0,25,2,11.626486784140969,7.1652395374449345,0.6226236015393392,0.0,5,3,1.730321697467488
2022-03-25,茄类,17.128,242.96640000000002,166.4532,17.128,0.0,39,3,14.185333956095283,9.718192433442317,0.4596679427010115,0.0,5,3,1.730321697467488
2022-03-25,辣椒类,61.998,902.5334,627.28665,61.998,0.0,126,13,14.557459918061873,10.117852995257913,0.4387894274491573,0.0,5,3,1.730321697467488
2022-03-25,食用菌,38.858,270.0826,141.80612,38.858,0.0,69,8,6.950501827165578,3.6493417056976685,0.9045905776139989,0.0,5,3,1.730321697467488
2022-03-26,水生根茎类,42.87,372.072,238.15074,42.87,0.0,58,3,8.679076277116865,5.555184044786564,0.5623382064653673,0.0,6,3,1.73305954825462
2022-03-26,花叶类,134.192,1092.5612,640.17342,134.192,0.0,282,24,8.14177596279957,4.770578126863001,0.7066644222748271,0.0,6,3,1.73305954825462
2022-03-26,花菜类,16.707,167.07,123.6318,16.707,0.0,30,1,10.0,7.3999999999999995,0.35135135135135154,0.0,6,3,1.73305954825462
2022-03-26,茄类,23.286,298.1052,203.79012,23.286,0.0,60,2,12.80190672507086,8.751615562999227,0.462804968170194,0.0,6,3,1.73305954825462
2022-03-26,辣椒类,87.554,1284.1686,944.29827,87.554,0.0,187,12,14.667160837882905,10.78532414281472,0.35991840798352825,0.0,6,3,1.73305954825462
2022-03-26,食用菌,40.029,479.4404,260.38786,40.029,0.0,89,5,11.977326438332208,6.504980389217816,0.8412548111882021,0.0,6,3,1.73305954825462
2022-03-27,水生根茎类,41.214,352.112,230.38782,41.214,0.0,46,2,8.543504634347553,5.590037851215607,0.5283446841938084,0.0,7,3,1.7357973990417521
2022-03-27,花叶类,132.704,962.0872,575.10318,132.704,0.0,262,25,7.24987340245961,4.333729051121292,0.6728949403479219,0.0,7,3,1.7357973990417521
2022-03-27,花菜类,11.68,116.80000000000001,86.432,11.68,0.0,25,1,10.000000000000002,7.4,0.35135135135135154,0.0,7,3,1.7357973990417521
2022-03-27,茄类,26.977,353.91020000000003,240.03972,26.977,0.0,58,3,13.118960596063314,8.897939726433629,0.4743818231416035,0.0,7,3,1.7357973990417521
2022-03-27,辣椒类,85.283,1232.5438000000001,940.15147,85.283,0.0,186,16,14.452397312477283,11.02390241900496,0.31100555530695506,0.0,7,3,1.7357973990417521
2022-03-27,食用菌,22.576999999999998,232.1096,130.45738,22.576999999999998,0.0,48,7,10.28079904327413,5.778331044868672,0.7791986930904178,0.0,7,3,1.7357973990417521
2022-03-28,水生根茎类,19.777,193.808,123.78397,19.777,0.0,34,3,9.799666279010971,6.258986196086362,0.5656954612135965,0.0,1,3,1.7385352498288844
2022-03-28,花叶类,65.85,442.63980000000004,291.7127,65.85,0.0,118,20,6.721940774487472,4.429957479119211,0.5173826850870737,0.0,1,3,1.7385352498288844
2022-03-28,花菜类,2.089,20.89,14.05897,2.089,0.0,3,1,10.0,6.73,0.4858841010401187,0.0,1,3,1.7385352498288844
2022-03-28,茄类,15.998000000000001,211.4956,144.04792,15.998000000000001,0.0,37,3,13.220127515939492,9.004120515064383,0.4682308498449683,0.0,1,3,1.7385352498288844
2022-03-28,辣椒类,57.16,727.3396,521.20592,57.16,0.0,116,15,12.724625612316306,9.118368089573128,0.3954937426650873,0.0,1,3,1.7385352498288844
2022-03-28,食用菌,20.908,191.83200000000002,104.83306,20.908,0.0,43,6,9.175052611440597,5.014016644346661,0.8298807647129638,0.0,1,3,1.7385352498288844
2022-03-29,水生根茎类,18.253,155.928,99.82344,18.253,0.0,27,3,8.542595737686955,5.468878540513888,0.5620379341765822,0.0,2,3,1.7412731006160165
2022-03-29,花叶类,67.286,512.9804,350.28822,67.286,0.0,155,23,7.623880153375145,5.205959932229588,0.46445233014116183,0.0,2,3,1.7412731006160165
2022-03-29,茄类,13.184,176.71460000000002,120.46576,13.184,0.0,32,3,13.403716626213594,9.137269417475729,0.46692803000620264,0.0,2,3,1.7412731006160165
2022-03-29,辣椒类,57.004,691.5746,493.48592,57.004,0.0,118,14,12.132036348326434,8.657040207704723,0.4014069540221128,0.0,2,3,1.7412731006160165
2022-03-29,食用菌,22.608,227.19760000000002,124.32382,22.608,0.0,47,6,10.049433828733193,5.499107395612173,0.8274663696787954,0.0,2,3,1.7412731006160165
2022-03-30,水生根茎类,27.389,232.472,148.134,27.389,0.0,39,3,8.487787067800943,5.408521669283289,0.5693358715757357,0.0,3,3,1.7440109514031485
2022-03-30,花叶类,81.195,559.4882,337.59339,81.195,0.0,175,23,6.89067307100191,4.157810086828007,0.6572842258552518,0.0,3,3,1.7440109514031485
2022-03-30,花菜类,3.1020000000000003,31.020000000000003,20.9385,3.1020000000000003,0.0,6,1,10.0,6.75,0.4814814814814814,0.0,3,3,1.7440109514031485
2022-03-30,茄类,17.223,243.9284,169.25249,17.223,0.0,40,3,14.162944899262616,9.827120130058642,0.44121011159126855,0.0,3,3,1.7440109514031485
2022-03-30,辣椒类,64.721,925.9092,630.79127,64.721,0.0,132,15,14.306163378192549,9.746315260889046,0.4678535421075183,0.0,3,3,1.7440109514031485
2022-03-30,食用菌,21.844,248.83360000000002,135.50555,21.844,0.0,56,7,11.391393517670757,6.203330433986449,0.8363351169011162,0.0,3,3,1.7440109514031485
2022-03-31,水生根茎类,30.993,287.216,188.77664,30.993,0.0,43,3,9.26712483464008,6.090944406801536,0.5214594348114259,0.0,4,3,1.7467488021902806
2022-03-31,花叶类,83.587,551.1436,317.15879,83.587,0.0,157,26,6.593652122937777,3.794355461973752,0.7377528776673663,0.0,4,3,1.7467488021902806
2022-03-31,花菜类,1.787,17.87,12.062249999999999,1.787,0.0,4,1,10.000000000000002,6.75,0.48148148148148184,0.0,4,3,1.7467488021902806
2022-03-31,茄类,10.145,160.5566,102.16893,10.145,0.0,23,3,15.826180384425827,10.070865450961065,0.571481662771647,0.0,4,3,1.7467488021902806
2022-03-31,辣椒类,46.92,702.0912000000001,461.48814,46.92,0.0,100,11,14.963580562659848,9.835638107416878,0.521363474259599,0.0,4,3,1.7467488021902806
2022-03-31,食用菌,26.203,235.81760000000003,129.85198,26.203,0.0,57,6,8.999641262450865,4.955615005915353,0.8160493201566892,0.0,4,3,1.7467488021902806
2022-04-01,水生根茎类,25.437,220.296,142.185,25.437,0.0,33,2,8.660455242363486,5.589692180681684,0.5493617470197278,0.0,5,4,1.7494866529774127
2022-04-01,花叶类,122.262,765.9334,432.43285,122.262,0.0,223,23,6.26468894668826,3.536935842698467,0.7712192771663855,0.0,5,4,1.7494866529774127
2022-04-01,花菜类,5.261,52.61,38.51052,5.261,0.0,9,1,10.0,7.319999999999999,0.36612021857923516,0.0,5,4,1.7494866529774127
2022-04-01,茄类,16.697,250.1894,156.31791,16.697,0.0,39,2,14.984092950829492,9.362035695035038,0.600516537100579,0.0,5,4,1.7494866529774127
2022-04-01,辣椒类,65.48,900.8254000000001,601.42255,65.48,0.0,123,14,13.757260232131948,9.184828191814294,0.4978244497150963,0.0,5,4,1.7494866529774127
2022-04-01,食用菌,18.85,255.2028,140.01193,18.85,0.0,52,7,13.538610079575596,7.427688594164456,0.8227218209191174,0.0,5,4,1.7494866529774127
2022-04-02,水生根茎类,34.452,305.248,197.23384000000001,34.452,0.0,51,3,8.860095204922791,5.724887960060374,0.5476451708286973,0.0,6,4,1.7522245037645447
2022-04-02,花叶类,127.168,830.0812,479.97921,127.168,0.0,230,27,6.527437720181177,3.7743709895571214,0.7294107384359416,0.0,6,4,1.7522245037645447
2022-04-02,花菜类,4.047,40.47,29.9478,4.047,0.0,8,1,10.0,7.4,0.3513513513513513,0.0,6,4,1.7522245037645447
2022-04-02,茄类,18.016000000000002,270.2158,169.14654000000002,18.016000000000002,0.0,41,3,14.998656749555948,9.388684502664299,0.5975248444337078,0.0,6,4,1.7522245037645447
2022-04-02,辣椒类,64.349,911.1616,627.88846,64.349,0.0,125,15,14.159685465197594,9.757548058244883,0.4511520087500893,0.0,6,4,1.7522245037645447
2022-04-02,食用菌,27.963,255.506,143.05925,27.963,0.0,57,5,9.137288559882702,5.116019382755784,0.7860152349463596,0.0,6,4,1.7522245037645447
2022-04-03,水生根茎类,42.309,367.096,237.05614,42.309,0.0,64,2,8.676546361294287,5.602971944503534,0.5485614504648559,0.0,7,4,1.754962354551677
2022-04-03,花叶类,103.94500000000001,712.6144,419.42220000000003,103.94500000000001,0.0,199,26,6.855687142238684,4.035039684448506,0.6990383437023602,0.0,7,4,1.754962354551677
2022-04-03,花菜类,2.1189999999999998,21.189999999999998,15.85012,2.1189999999999998,0.0,5,1,10.0,7.480000000000001,0.3368983957219249,0.0,7,4,1.754962354551677
2022-04-03,茄类,23.887,362.5468,250.78303,23.887,0.0,54,3,15.177577761962574,10.498724410767363,0.4456592218380966,0.0,7,4,1.754962354551677
2022-04-03,辣椒类,75.131,987.7378,742.83138,75.131,0.0,157,14,13.146874126525669,9.88714884668113,0.3296931532429339,0.0,7,4,1.754962354551677
2022-04-03,食用菌,46.766,318.3404,179.34964,46.766,0.0,77,5,6.807090621391609,3.835043407603815,0.7749709450211328,0.0,7,4,1.754962354551677
2022-04-04,水生根茎类,31.759,254.072,158.79500000000002,31.759,0.0,44,1,8.0,5.000000000000001,0.5999999999999996,0.0,1,4,1.757700205338809
2022-04-04,花叶类,142.726,953.4308,573.134,142.726,0.0,283,23,6.680147975841822,4.015624343147009,0.6635390676525905,0.0,1,4,1.757700205338809
2022-04-04,花菜类,22.224,266.688,166.23552,22.224,0.0,46,1,12.0,7.48,0.6042780748663101,0.0,1,4,1.757700205338809
2022-04-04,茄类,23.387,365.1374,269.94816000000003,23.387,0.0,58,3,15.612836191046307,11.542658742036174,0.35262044386596303,0.0,1,4,1.757700205338809
2022-04-04,辣椒类,96.732,1351.883,975.81716,96.732,0.0,206,14,13.975551006905677,10.08784228590332,0.38538555726976553,0.0,1,4,1.757700205338809
2022-04-04,食用菌,40.38,411.96360000000004,227.25958,40.38,0.0,88,5,10.20216939078752,5.628023278850916,0.8127447036556172,0.0,1,4,1.757700205338809
2022-04-05,水生根茎类,21.71,173.68,108.55,21.71,0.0,38,1,8.0,5.0,0.6000000000000001,0.0,2,4,1.7604380561259412
2022-04-05,花叶类,134.419,848.2226,482.2547,134.419,0.0,257,24,6.310287980121858,3.5876974237273003,0.7588684983267142,0.0,2,4,1.7604380561259412
2022-04-05,花菜类,21.248,254.976,158.93504000000001,21.248,0.0,41,1,12.0,7.48,0.6042780748663101,0.0,2,4,1.7604380561259412
2022-04-05,茄类,15.356,224.4554,147.7274,15.356,0.0,35,3,14.616788226100548,9.620174524615784,0.5193890909878602,0.0,2,4,1.7604380561259412
2022-04-05,辣椒类,33.664,528.5934,389.93834,33.664,0.0,75,15,15.7020377851711,11.583244415399239,0.3555820132998462,0.0,2,4,1.7604380561259412
2022-04-05,食用菌,31.046,284.8428,157.59,31.046,0.0,63,6,9.174863106358307,5.076016233975391,0.8074928612221588,0.0,2,4,1.7604380561259412
2022-04-06,水生根茎类,4.74,45.784,30.76777,4.74,0.0,11,2,9.659071729957805,6.491090717299578,0.48805064520438113,0.0,3,4,1.7631759069130732
2022-04-06,花叶类,85.94500000000001,526.199,318.40867000000003,85.94500000000001,0.0,161,28,6.122508581069288,3.704795741462563,0.6525900503902735,0.0,3,4,1.7631759069130732
2022-04-06,花菜类,17.497,168.786,104.45501,17.497,0.0,32,2,9.646567983082814,5.96988112247814,0.6158727092171068,0.0,3,4,1.7631759069130732
2022-04-06,茄类,11.695,190.8228,126.91182,11.695,0.0,29,3,16.31661393758016,10.851801624625908,0.5035857180205909,0.0,3,4,1.7631759069130732
2022-04-06,辣椒类,31.127,396.40500000000003,306.69664,31.127,0.0,56,13,12.735085295723971,9.853074179972372,0.2924986723036809,0.0,3,4,1.7631759069130732
2022-04-06,食用菌,19.821,184.697,111.88844,19.821,0.0,40,6,9.318248322486252,5.644944251046869,0.6507245967501201,0.0,3,4,1.7631759069130732
2022-04-07,水生根茎类,6.533,52.264,32.665,6.533,0.0,11,1,8.0,5.0,0.6000000000000001,0.0,4,4,1.7659137577002053
2022-04-07,花叶类,67.201,478.3872,280.69138,67.201,0.0,144,23,7.11875120905939,4.176892903379414,0.704317389440317,0.0,4,4,1.7659137577002053
2022-04-07,花菜类,10.494,125.928,78.49512,10.494,0.0,21,1,12.0,7.48,0.6042780748663101,0.0,4,4,1.7659137577002053
2022-04-07,茄类,14.479,211.828,139.16246999999998,14.479,0.0,36,3,14.630015885074938,9.611331583672905,0.5221632671509786,0.0,4,4,1.7659137577002053
2022-04-07,辣椒类,22.799,350.35200000000003,258.38621,22.799,0.0,49,12,15.366989780253522,11.333225580069302,0.35592375459975223,0.0,4,4,1.7659137577002053
2022-04-07,食用菌,14.709,175.83440000000002,110.22801,14.709,0.0,40,6,11.954204908559387,7.4939159698144,0.5951880107424601,0.0,4,4,1.7659137577002053
2022-04-08,水生根茎类,6.366,60.552,42.73725,6.366,0.0,13,2,9.511781338360038,6.7133600377002836,0.41684362002702535,0.0,5,4,1.7686516084873374
2022-04-08,花叶类,80.65,464.8732,255.49912,80.65,0.0,145,23,5.764081835089894,3.167999008059516,0.8194708459269839,0.0,5,4,1.7686516084873374
2022-04-08,花菜类,10.629,127.548,79.50492,10.629,0.0,22,1,12.0,7.48,0.6042780748663101,0.0,5,4,1.7686516084873374
2022-04-08,茄类,12.371,154.1644,115.52953000000001,12.371,0.0,32,3,12.461757335704469,9.338738177996929,0.3344155386073153,0.0,5,4,1.7686516084873374
2022-04-08,辣椒类,25.32,292.942,197.64393,25.32,0.0,42,14,11.56958925750395,7.805842417061612,0.48217048709768107,0.0,5,4,1.7686516084873374
2022-04-08,食用菌,15.572,149.72560000000001,94.0072,15.572,0.0,36,4,9.615052658618033,6.036938094014899,0.5927035376013752,0.0,5,4,1.7686516084873374
2022-04-09,水生根茎类,11.218,94.152,64.34053,11.218,0.0,17,2,8.392939917988947,5.735472454983063,0.46333889385120086,0.0,6,4,1.7713894592744694
2022-04-09,花叶类,136.102,801.6178,434.2953,136.102,0.0,248,28,5.889831156044731,3.1909545781840087,0.8457897195755977,0.0,6,4,1.7713894592744694
2022-04-09,花菜类,15.591,218.274,119.73888,15.591,0.0,30,1,14.0,7.68,0.8229166666666667,0.0,6,4,1.7713894592744694
2022-04-09,茄类,27.258,318.8298,243.50046,27.258,0.0,55,3,11.696742240810037,8.933174114021572,0.3093601548021716,0.0,6,4,1.7713894592744694
2022-04-09,辣椒类,120.106,1331.3980000000001,988.2439899999999,120.106,0.0,247,15,11.085191414250747,8.228098429720413,0.3472361213145352,0.0,6,4,1.7713894592744694
2022-04-09,食用菌,35.619,262.226,156.10618,35.619,0.0,67,8,7.361969735253656,4.382665992868974,0.6797925617038352,0.0,6,4,1.7713894592744694
2022-04-10,水生根茎类,18.379,153.048,104.38276,18.379,0.0,26,2,8.327330105011153,5.6794580771532726,0.4662191342708317,0.0,7,4,1.7741273100616017
2022-04-10,花叶类,174.591,1032.2406,572.57444,174.591,0.0,288,26,5.912335687406568,3.2795186464365287,0.8028059373380343,0.0,7,4,1.7741273100616017
2022-04-10,花菜类,7.757000000000001,108.598,61.668150000000004,7.757000000000001,0.0,13,1,13.999999999999998,7.95,0.7610062893081759,0.0,7,4,1.7741273100616017
2022-04-10,茄类,24.485,270.04359999999997,187.2679,24.485,0.0,56,3,11.028940167449457,7.64827036961405,0.44201755880212223,0.0,7,4,1.7741273100616017
2022-04-10,辣椒类,103.536,1207.559,900.84235,103.536,0.0,218,13,11.663179956730026,8.700764468397466,0.3404776096505675,0.0,7,4,1.7741273100616017
2022-04-10,食用菌,29.269,243.19400000000002,150.71366,29.269,0.0,58,6,8.308927534251257,5.14925894290888,0.6136161778567384,0.0,7,4,1.7741273100616017
2022-04-11,水生根茎类,1.03,8.24,5.562000000000001,1.03,0.0,2,1,8.0,5.400000000000001,0.4814814814814812,0.0,1,4,1.7768651608487338
2022-04-11,花叶类,86.428,526.1698,272.67949,86.428,0.0,162,22,6.087955292266395,3.1549901652242327,0.9296273438093934,0.0,1,4,1.7768651608487338
2022-04-11,花菜类,6.383,76.596,50.80868,6.383,0.0,17,1,12.0,7.96,0.5075376884422111,0.0,1,4,1.7768651608487338
2022-04-11,茄类,10.687,128.8316,84.54063000000001,10.687,0.0,24,3,12.054982689248622,7.910604472723871,0.5239015843624539,0.0,1,4,1.7768651608487338
2022-04-11,辣椒类,52.305,605.0408,418.28982,52.305,0.0,122,11,11.567551859286874,7.997128763980499,0.44646312453886616,0.0,1,4,1.7768651608487338
2022-04-11,食用菌,11.088000000000001,141.3514,89.4513,11.088000000000001,0.0,32,4,12.748142135642135,8.067397186147186,0.5802050948393147,0.0,1,4,1.7768651608487338
2022-04-12,水生根茎类,7.538,60.304,40.705200000000005,7.538,0.0,11,1,8.0,5.4,0.4814814814814814,0.0,2,4,1.7796030116358659
2022-04-12,花叶类,105.967,666.913,374.6492,105.967,0.0,205,26,6.293591401096568,3.5355270980588296,0.7800998907778263,0.0,2,4,1.7796030116358659
2022-04-12,花菜类,6.375,89.25,50.745,6.375,0.0,16,1,14.0,7.96,0.7587939698492463,0.0,2,4,1.7796030116358659
2022-04-12,茄类,20.041,202.224,125.86005,20.041,0.0,43,3,10.090514445386956,6.280128237113916,0.6067370066991074,0.0,2,4,1.7796030116358659
2022-04-12,辣椒类,66.22,851.6602,560.02884,66.22,0.0,142,13,12.861072183630323,8.457095137420717,0.5207434674257136,0.0,2,4,1.7796030116358659
2022-04-12,食用菌,16.858999999999998,205.7632,127.90805,16.858999999999998,0.0,43,7,12.204946912628271,7.586929829764518,0.6086806107981477,0.0,2,4,1.7796030116358659
2022-04-13,水生根茎类,4.61,36.88,24.894000000000002,4.61,0.0,7,1,8.0,5.4,0.4814814814814814,0.0,3,4,1.782340862422998
2022-04-13,花叶类,97.07900000000001,640.4462,359.24046,97.07900000000001,0.0,199,25,6.597165195356358,3.7004960908126368,0.7827785879129538,0.0,3,4,1.782340862422998
2022-04-13,花菜类,9.797,137.158,76.4166,9.797,0.0,24,1,13.999999999999998,7.8,0.7948717948717947,0.0,3,4,1.782340862422998
2022-04-13,茄类,20.903,236.36599999999999,155.12118999999998,20.903,0.0,49,3,11.307754867722336,7.42100129168062,0.5237505591595835,0.0,3,4,1.782340862422998
2022-04-13,辣椒类,59.95,802.4642,553.50163,59.95,0.0,135,14,13.385557964970808,9.23272110091743,0.4497955498342434,0.0,3,4,1.782340862422998
2022-04-13,食用菌,29.728,213.8694,128.28727,29.728,0.0,48,6,7.1942074811625405,4.315368339612487,0.6671131905761187,0.0,3,4,1.782340862422998
2022-04-14,水生根茎类,6.495,67.2462,40.72216,6.495,0.0,11,2,10.353533487297922,6.269770592763664,0.6513416773569969,0.0,4,4,1.78507871321013
2022-04-14,花叶类,105.586,546.8548,325.96544,105.586,0.0,202,23,5.179235883545166,3.087203227700642,0.6776465627767163,0.0,4,4,1.78507871321013
2022-04-14,花菜类,6.047,84.658,46.68284,6.047,0.0,14,1,14.0,7.72,0.8134715025906736,0.0,4,4,1.78507871321013
2022-04-14,茄类,21.356,225.896,139.46888,21.356,0.0,47,3,10.577636261472184,6.530664918524068,0.619687488707158,0.0,4,4,1.78507871321013
2022-04-14,辣椒类,58.011,726.0268,544.97905,58.011,0.0,135,9,12.51532985123511,9.394408819017084,0.3322104767146552,0.0,4,4,1.78507871321013
2022-04-14,食用菌,21.589,218.6252,134.24195,21.589,0.0,51,5,10.12669414979851,6.218071703182177,0.6285907646603763,0.0,4,4,1.78507871321013
2022-04-15,水生根茎类,14.18,147.5784,88.97136,14.18,0.0,21,2,10.407503526093087,6.274425952045134,0.6587180414011877,0.0,5,4,1.787816563997262
2022-04-15,花叶类,118.828,664.6378,397.81077,118.828,0.0,223,23,5.593275995556603,3.3477864644696536,0.6707385775402712,0.0,5,4,1.787816563997262
2022-04-15,花菜类,10.73,150.22,89.2736,10.73,0.0,22,1,14.0,8.32,0.6826923076923077,0.0,5,4,1.787816563997262
2022-04-15,茄类,17.358,185.42839999999998,121.99441,17.358,0.0,44,3,10.682590160156698,7.028137458232515,0.5199745627689003,0.0,5,4,1.787816563997262
2022-04-15,辣椒类,69.72,847.589,570.21235,69.72,0.0,150,12,12.157042455536432,8.178605134825014,0.48644447985035755,0.0,5,4,1.787816563997262
2022-04-15,食用菌,39.136,388.117,234.9975,39.136,0.0,85,7,9.917135118560916,6.004637673753066,0.6515792721199163,0.0,5,4,1.787816563997262
2022-04-16,水生根茎类,15.042,140.4,84.8538,15.042,0.0,21,2,9.333865177502991,5.641124850418827,0.6546106361765767,0.0,6,4,1.7905544147843941
2022-04-16,花叶类,116.808,634.443,381.13503000000003,116.808,0.0,217,25,5.4315029792479965,3.262918892541607,0.6646147692065985,0.0,6,4,1.7905544147843941
2022-04-16,花菜类,12.666,177.32399999999998,105.38112,12.666,0.0,29,1,13.999999999999998,8.32,0.6826923076923075,0.0,6,4,1.7905544147843941
2022-04-16,茄类,32.118,336.5016,220.97135,32.118,0.0,62,3,10.477040911638333,6.879984743757394,0.5228290907395916,0.0,6,4,1.7905544147843941
2022-04-16,辣椒类,77.376,970.6892,608.19091,77.376,0.0,158,15,12.545094086021505,7.860200966708023,0.5960271422011223,0.0,6,4,1.7905544147843941
2022-04-16,食用菌,25.17,319.959,196.04716,25.17,0.0,70,8,12.711918951132299,7.788921732220897,0.6320511860513562,0.0,6,4,1.7905544147843941
2022-04-17,水生根茎类,9.701,87.309,52.96746,9.701,0.0,14,1,9.0,5.46,0.6483516483516483,0.0,7,4,1.7932922655715264
2022-04-17,花叶类,107.18900000000001,716.8362,448.91537,107.18900000000001,0.0,227,20,6.687591077442647,4.188073123174952,0.5968181263207806,0.0,7,4,1.7932922655715264
2022-04-17,花菜类,20.254,283.556,170.1336,20.254,0.0,48,1,13.999999999999998,8.4,0.6666666666666663,0.0,7,4,1.7932922655715264
2022-04-17,茄类,32.008,306.704,194.74468000000002,32.008,0.0,72,3,9.582104473881529,6.0842501874531365,0.5749030987650086,0.0,7,4,1.7932922655715264
2022-04-17,辣椒类,73.746,852.3538,558.89387,73.746,0.0,153,14,11.557966533778103,7.578633010603966,0.5250727298189903,0.0,7,4,1.7932922655715264
2022-04-17,食用菌,38.721,361.4404,194.13391000000001,38.721,0.0,102,10,9.334479997933938,5.013659512925804,0.8618097168083614,0.0,7,4,1.7932922655715264
2022-04-18,水生根茎类,3.024,27.216,16.3296,3.024,0.0,4,1,9.0,5.3999999999999995,0.6666666666666667,0.0,1,4,1.7960301163586585
2022-04-18,花叶类,97.319,511.0034,277.05125,97.319,0.0,162,23,5.250808166956093,2.8468361779303115,0.8444363633082328,0.0,1,4,1.7960301163586585
2022-04-18,花菜类,12.087,169.218,103.9482,12.087,0.0,29,1,14.0,8.6,0.627906976744186,0.0,1,4,1.7960301163586585
2022-04-18,茄类,23.28,202.362,119.68078,23.28,0.0,45,2,8.692525773195875,5.140926975945017,0.6908479373212641,0.0,1,4,1.7960301163586585
2022-04-18,辣椒类,53.58,618.6158,403.7944,53.58,0.0,112,12,11.54564762971258,7.536289660321016,0.5320068827106073,0.0,1,4,1.7960301163586585
2022-04-18,食用菌,21.701,215.58440000000002,120.50614,21.701,0.0,51,9,9.934307174784573,5.553022441362149,0.7889910007904994,0.0,1,4,1.7960301163586585
2022-04-19,水生根茎类,4.83,57.1662,37.71462,4.83,0.0,8,3,11.835652173913044,7.8084099378881975,0.5157570194264189,0.0,2,4,1.7987679671457906
2022-04-19,花叶类,95.391,564.2434,320.10338,95.391,0.0,157,29,5.9150590726588455,3.3556979169942656,0.7626911655853179,0.0,2,4,1.7987679671457906
2022-04-19,花菜类,7.869,110.166,67.6734,7.869,0.0,20,1,14.0,8.6,0.627906976744186,0.0,2,4,1.7987679671457906
2022-04-19,茄类,16.985,173.3884,92.44049,16.985,0.0,34,4,10.208324992640565,5.442478068884309,0.8756759078191818,0.0,2,4,1.7987679671457906
2022-04-19,辣椒类,45.306,591.8574,359.19121,45.306,0.0,72,15,13.063554496093234,7.9281157021145106,0.6477502330861604,0.0,2,4,1.7987679671457906
2022-04-19,食用菌,17.801,199.0408,110.82815,17.801,0.0,54,10,11.181439244986237,6.225950789281502,0.7959408327216504,0.0,2,4,1.7987679671457906
2022-04-20,水生根茎类,2.772,29.512,20.08048,2.772,0.0,7,2,10.646464646464647,7.244040404040405,0.46968598360198555,0.0,3,4,1.8015058179329226
2022-04-20,花叶类,86.275,467.94440000000003,264.87578,86.275,0.0,151,23,5.423870182555781,3.070133642422486,0.7666560528863757,0.0,3,4,1.8015058179329226
2022-04-20,花菜类,11.413,159.782,106.59742,11.413,0.0,24,1,14.0,9.34,0.4989293361884368,0.0,3,4,1.8015058179329226
2022-04-20,茄类,18.031,178.85,94.06046,18.031,0.0,45,3,9.919028340080972,5.21659697188176,0.9014365866379983,0.0,3,4,1.8015058179329226
2022-04-20,辣椒类,49.324,584.1108,366.97273,49.324,0.0,109,14,11.842324223501745,7.440043994809829,0.5917008329202009,0.0,3,4,1.8015058179329226
2022-04-20,食用菌,27.313,250.6342,140.54108,27.313,0.0,68,9,9.176370226632008,5.145574634789295,0.783351885441609,0.0,3,4,1.8015058179329226
2022-04-21,水生根茎类,3.552,39.1068,24.329990000000002,3.552,0.0,8,2,11.009797297297297,6.849659346846847,0.6073496125563551,0.0,4,4,1.8042436687200547
2022-04-21,花叶类,85.841,456.8414,257.77686,85.841,0.0,147,28,5.321948719143533,3.002957328083317,0.7722358787363615,0.0,4,4,1.8042436687200547
2022-04-21,花菜类,8.548,120.086,81.69598,8.548,0.0,17,2,14.048432381843705,9.557321010762752,0.4699132074797314,0.0,4,4,1.8042436687200547
2022-04-21,茄类,11.668,124.46719999999999,68.07965,11.668,0.0,28,3,10.667398011655811,5.8347317449434355,0.8282585177802764,0.0,4,4,1.8042436687200547
2022-04-21,辣椒类,50.831,532.8748,387.31005999999996,50.831,0.0,108,13,10.483264149829829,7.619564045562746,0.37583516420926455,0.0,4,4,1.8042436687200547
2022-04-21,食用菌,24.596,199.469,115.74824,24.596,0.0,52,8,8.10981460400065,4.7059782078386725,0.7233005011566485,0.0,4,4,1.8042436687200547
2022-04-22,水生根茎类,7.417,70.70100000000001,44.46792000000001,7.417,0.0,12,2,9.532290683564785,5.995405150330323,0.5899326975491546,0.0,5,4,1.8069815195071868
2022-04-22,花叶类,107.043,600.2648,346.617,107.043,0.0,204,30,5.607697841054529,3.23810991844399,0.7317811878817251,0.0,5,4,1.8069815195071868
2022-04-22,花菜类,18.726,262.164,177.897,18.726,0.0,37,1,14.0,9.5,0.4736842105263157,0.0,5,4,1.8069815195071868
2022-04-22,茄类,20.471,187.156,111.75838999999999,20.471,0.0,45,3,9.142494260172928,5.459351765912754,0.6746483194684534,0.0,5,4,1.8069815195071868
2022-04-22,辣椒类,56.833,626.6784,438.97409,56.833,0.0,117,14,11.02666408600637,7.72392958316471,0.427597697167047,0.0,5,4,1.8069815195071868
2022-04-22,食用菌,21.983,200.1962,110.2042,21.983,0.0,46,7,9.106864395214483,5.013155620252013,0.816593196992492,0.0,5,4,1.8069815195071868
2022-04-23,水生根茎类,9.058,90.5286,57.88808,9.058,0.0,12,3,9.994325458158533,6.39082358136454,0.563855633145891,0.0,6,4,1.809719370294319
2022-04-23,花叶类,118.653,794.7858,463.01021,118.653,0.0,255,24,6.6984045915400365,3.9022208456591905,0.7165621466533105,0.0,6,4,1.809719370294319
2022-04-23,花菜类,19.648,227.016,153.96034,19.648,0.0,37,3,11.55415309446254,7.835929356677525,0.4745096042266468,0.0,6,4,1.809719370294319
2022-04-23,茄类,25.194,256.7528,159.2542,25.194,0.0,55,4,10.191029610224657,6.321116138763197,0.6122199602899014,0.0,6,4,1.809719370294319
2022-04-23,辣椒类,76.55,850.2180000000001,662.78971,76.55,0.0,170,12,11.10670150228609,8.658258785107773,0.28278696420920624,0.0,6,4,1.809719370294319
2022-04-23,食用菌,26.223,262.89300000000003,158.55695,26.223,0.0,65,7,10.025283148381193,6.046484002593144,0.6580351728511429,0.0,6,4,1.809719370294319
2022-04-24,水生根茎类,4.52,40.68,24.408,4.52,0.0,4,1,9.0,5.4,0.6666666666666665,0.0,7,4,1.8124572210814511
2022-04-24,花叶类,96.18900000000001,535.3594,313.40394,96.18900000000001,0.0,181,21,5.5657029390055,3.25820977450644,0.7082089012665258,0.0,7,4,1.8124572210814511
2022-04-24,花菜类,15.603,218.442,146.20011,15.603,0.0,29,1,14.0,9.37,0.49413020277481334,0.0,7,4,1.8124572210814511
2022-04-24,茄类,13.679,117.642,76.8235,13.679,0.0,26,3,8.600190072373712,5.616163462241391,0.5313283044901629,0.0,7,4,1.8124572210814511
2022-04-24,辣椒类,63.739,531.8552,469.96241,63.739,0.0,149,15,8.344266461663974,7.373231616435777,0.1316973202175895,0.0,7,4,1.8124572210814511
2022-04-24,食用菌,31.113,310.3136,184.32978,31.113,0.0,75,9,9.973760164561437,5.924526082345,0.6834697030506953,0.0,7,4,1.8124572210814511
2022-04-25,水生根茎类,4.202,46.771,31.950760000000002,4.202,0.0,10,2,11.130652070442647,7.60370299857211,0.4638462434070425,0.0,1,4,1.8151950718685832
2022-04-25,花叶类,106.365,543.257,313.92498,106.365,0.0,207,25,5.1074789639449065,2.951393597517981,0.7305312880803558,0.0,1,4,1.8151950718685832
2022-04-25,花菜类,16.833,201.996,139.20891,16.833,0.0,41,1,12.000000000000002,8.270000000000001,0.4510278113663846,0.0,1,4,1.8151950718685832
2022-04-25,茄类,20.592,189.652,121.98685,20.592,0.0,44,4,9.20998445998446,5.923992327117328,0.5546921655899792,0.0,1,4,1.8151950718685832
2022-04-25,辣椒类,85.477,721.8788000000001,569.64761,85.477,0.0,184,11,8.445298735332312,6.664337892064531,0.2672374768674972,0.0,1,4,1.8151950718685832
2022-04-25,食用菌,27.016,214.2988,129.85326,27.016,0.0,54,7,7.932291975125852,4.806531684927451,0.6503151326350989,0.0,1,4,1.8151950718685832
2022-04-26,水生根茎类,3.896,35.064,21.038400000000003,3.896,0.0,6,1,9.0,5.400000000000001,0.6666666666666663,0.0,2,4,1.8179329226557153
2022-04-26,花叶类,77.764,459.4498,263.26991,77.764,0.0,156,21,5.908258320045265,3.3854985597448692,0.7451663959622274,0.0,2,4,1.8179329226557153
2022-04-26,花菜类,9.969,114.58,79.782,9.969,0.0,19,2,11.493630253786739,8.003009328919651,0.4361635456619286,0.0,2,4,1.8179329226557153
2022-04-26,茄类,14.113,139.246,86.16577,14.113,0.0,33,3,9.866506058244173,6.105418408559484,0.6160245536017379,0.0,2,4,1.8179329226557153
2022-04-26,辣椒类,56.252,448.938,285.60783,56.252,0.0,117,10,7.980836236933797,5.077292007395292,0.5718686704072504,0.0,2,4,1.8179329226557153
2022-04-26,食用菌,12.538,161.98000000000002,101.575,12.538,0.0,37,6,12.919125857393524,8.1013718296379,0.5946837312330793,0.0,2,4,1.8179329226557153
2022-04-27,水生根茎类,1.451,13.059,7.8354,1.451,0.0,2,1,8.999999999999998,5.3999999999999995,0.6666666666666665,0.0,3,4,1.8206707734428473
2022-04-27,花叶类,85.807,469.6012,287.48073,85.807,0.0,180,22,5.472760963557752,3.3503179227801927,0.6335049657067451,0.0,3,4,1.8206707734428473
2022-04-27,花菜类,9.138,109.656,67.98672,9.138,0.0,22,1,12.0,7.44,0.6129032258064515,0.0,3,4,1.8206707734428473
2022-04-27,茄类,24.953,234.596,142.01931000000002,24.953,0.0,56,4,9.401514847914079,5.691472368051938,0.6518598773645639,0.0,3,4,1.8206707734428473
2022-04-27,辣椒类,60.366,489.41360000000003,308.50018,60.366,0.0,116,13,8.107437961766557,5.110495643242885,0.5864288960868678,0.0,3,4,1.8206707734428473
2022-04-27,食用菌,24.543,232.7178,138.03645,24.543,0.0,55,9,9.48204375993155,5.624269649187141,0.6859155679532472,0.0,3,4,1.8206707734428473
2022-04-28,水生根茎类,2.1390000000000002,26.489,19.14016,2.1390000000000002,0.0,5,2,12.383824216923795,8.94818139317438,0.38394872352164233,0.0,4,4,1.8234086242299794
2022-04-28,花叶类,106.594,536.4222,346.60059,106.594,0.0,214,23,5.0323864382610655,3.2515956808075503,0.5476667249758576,0.0,4,4,1.8234086242299794
2022-04-28,花菜类,11.202,134.424,80.43036,11.202,0.0,23,1,12.0,7.18,0.6713091922005572,0.0,4,4,1.8234086242299794
2022-04-28,茄类,21.918,205.512,135.41226,21.918,0.0,45,2,9.37640295647413,6.178130303859842,0.5176764644501168,0.0,4,4,1.8234086242299794
2022-04-28,辣椒类,71.389,606.0256,443.85381,71.389,0.0,155,12,8.489061339982351,6.217397778369217,0.36537208050551606,0.0,4,4,1.8234086242299794
2022-04-28,食用菌,15.006,174.8276,102.98219,15.006,0.0,42,7,11.6505131280821,6.862734239637478,0.6976488847246305,0.0,4,4,1.8234086242299794
2022-04-29,水生根茎类,7.1499999999999995,81.306,50.855999999999995,7.1499999999999995,0.0,14,2,11.371468531468532,7.112727272727272,0.5987494100991035,0.0,5,4,1.8261464750171115
2022-04-29,花叶类,98.05199999999999,503.4018,288.63283,98.05199999999999,0.0,189,23,5.134028882633705,2.9436710113001268,0.7440905804097198,0.0,5,4,1.8261464750171115
2022-04-29,花菜类,21.479,258.478,155.06967,21.479,0.0,42,2,12.033986684668747,7.21959448763909,0.6668507774602217,0.0,5,4,1.8261464750171115
2022-04-29,茄类,29.707,234.4008,153.55676,29.707,0.0,55,3,7.890423132595012,5.1690429865014975,0.5264765940620264,0.0,5,4,1.8261464750171115
2022-04-29,辣椒类,90.804,712.9174,463.26448999999997,90.804,0.0,173,14,7.851167349455971,5.101807078983304,0.5388993013472716,0.0,5,4,1.8261464750171115
2022-04-29,食用菌,20.751,318.5224,194.31732,20.751,0.0,67,7,15.34973736205484,9.364238831863524,0.6391868722767482,0.0,5,4,1.8261464750171115
2022-04-30,水生根茎类,9.22,82.98,49.788000000000004,9.22,0.0,14,1,9.0,5.4,0.6666666666666665,0.0,6,4,1.8288843258042438
2022-04-30,花叶类,142.039,857.508,515.33936,142.039,0.0,323,14,6.03713064721661,3.6281539577158393,0.6639676037941289,0.0,6,4,1.8288843258042438
2022-04-30,花菜类,28.319,283.19,191.71963,28.319,0.0,62,1,10.0,6.7700000000000005,0.4771048744460855,0.0,6,4,1.8288843258042438
2022-04-30,茄类,35.229,318.1612,194.82931,35.229,0.0,72,3,9.031229952595874,5.530367311022169,0.6330253389492579,0.0,6,4,1.8288843258042438
2022-04-30,辣椒类,75.21,608.7932,359.67102,75.21,0.0,180,11,8.094577848690333,4.782223374551257,0.6926390121728461,0.0,6,4,1.8288843258042438
2022-04-30,食用菌,33.764,344.4272,210.47639999999998,33.764,0.0,78,4,10.20101883663073,6.233751925127353,0.6364171945168202,0.0,6,4,1.8288843258042438
2022-05-01,水生根茎类,10.863,150.2738,99.62778,10.863,0.0,20,3,13.833545061216975,9.171295222314278,0.5083523892633159,0.0,7,5,1.8316221765913758
2022-05-01,花叶类,137.677,861.176,488.15518000000003,137.677,0.0,283,18,6.255046231396675,3.5456552655853923,0.7641439347217414,0.0,7,5,1.8316221765913758
2022-05-01,花菜类,23.295,232.95,142.79835,23.295,0.0,49,1,9.999999999999998,6.13,0.6313213703099507,0.0,7,5,1.8316221765913758
2022-05-01,茄类,36.606,332.5316,208.74516,36.606,0.0,72,4,9.084073649128559,5.702484838551057,0.5930026832717943,0.0,7,5,1.8316221765913758
2022-05-01,辣椒类,65.841,479.338,271.22796,65.841,0.0,155,3,7.280235719384579,4.11943864765116,0.7672882987432417,0.0,7,5,1.8316221765913758
2022-05-01,食用菌,30.083,228.767,133.2563,30.083,0.0,57,4,7.6045274739886315,4.429621380846326,0.7167443490476619,0.0,7,5,1.8316221765913758
2022-05-02,水生根茎类,8.503,84.8214,50.33988,8.503,0.0,16,2,9.975467482065152,5.920249323768082,0.6849742192472448,0.0,1,5,1.834360027378508
2022-05-02,花叶类,115.468,755.5264,428.98993,115.468,0.0,266,17,6.543166938026119,3.7152278553365434,0.7611751399385993,0.0,1,5,1.834360027378508
2022-05-02,花菜类,1.335,13.350000000000001,7.67625,1.335,0.0,2,1,10.000000000000002,5.75,0.7391304347826091,0.0,1,5,1.834360027378508
2022-05-02,茄类,15.378,157.1516,99.31085999999999,15.378,0.0,33,3,10.219248276759007,6.4579828326180255,0.5824210967461163,0.0,1,5,1.834360027378508
2022-05-02,辣椒类,57.464,462.408,289.96691,57.464,0.0,153,5,8.04691633022414,5.046062056243909,0.5946923047184938,0.0,1,5,1.834360027378508
2022-05-02,食用菌,41.191,333.4818,197.4366,41.191,0.0,72,4,8.095986987448715,4.79319754315263,0.6890576519247193,0.0,1,5,1.834360027378508
2022-05-03,水生根茎类,2.8680000000000003,25.811999999999998,15.487200000000001,2.8680000000000003,0.0,4,1,8.999999999999998,5.3999999999999995,0.6666666666666665,0.0,2,5,1.83709787816564
2022-05-03,花叶类,88.193,604.928,349.60641,88.193,0.0,195,14,6.859138480378261,3.9641061081945277,0.7303115237503799,0.0,2,5,1.83709787816564
2022-05-03,花菜类,27.601,220.808,159.53378,27.601,0.0,56,1,8.0,5.78,0.38408304498269885,0.0,2,5,1.83709787816564
2022-05-03,茄类,10.235,113.7,68.02787000000001,10.235,0.0,20,4,11.10893991206644,6.646592085979483,0.671373806059193,0.0,2,5,1.83709787816564
2022-05-03,辣椒类,67.711,521.5,361.71903000000003,67.711,0.0,161,8,7.701850511733692,5.342101431082099,0.4417267457562295,0.0,2,5,1.83709787816564
2022-05-03,食用菌,18.375,178.925,108.365,18.375,0.0,43,3,9.737414965986396,5.897414965986394,0.6511327458127627,0.0,2,5,1.83709787816564
2022-05-04,水生根茎类,6.398,65.32560000000001,38.679120000000005,6.398,0.0,13,2,10.210315723663646,6.045501719287278,0.6889112265222166,0.0,3,5,1.839835728952772
2022-05-04,花叶类,105.769,716.9224,430.36973,105.769,0.0,244,15,6.778190206960452,4.0689590522742956,0.6658290535442632,0.0,3,5,1.839835728952772
2022-05-04,花菜类,3.319,30.534799999999997,19.283389999999997,3.319,0.0,6,1,9.2,5.81,0.5834767641996557,0.0,3,5,1.839835728952772
2022-05-04,茄类,10.399000000000001,129.64440000000002,85.17479,10.399000000000001,0.0,26,4,12.467006442927206,8.190671218386383,0.5220982640520748,0.0,3,5,1.839835728952772
2022-05-04,辣椒类,51.194,494.59180000000003,248.18596,51.194,0.0,144,6,9.661128257217642,4.84795015040825,0.9928274750110766,0.0,3,5,1.839835728952772
2022-05-04,食用菌,27.071,219.63580000000002,129.0446,27.071,0.0,54,4,8.113324221491633,4.766894462709172,0.7020146522985076,0.0,3,5,1.839835728952772
2022-05-05,水生根茎类,1.193,13.7306,9.82646,1.193,0.0,4,3,11.509304274937133,8.236764459346187,0.39730889862676877,0.0,4,5,1.842573579739904
2022-05-05,花叶类,90.652,559.9934,335.36018,90.652,0.0,192,15,6.177397078939239,3.699423950933239,0.669826751643561,0.0,4,5,1.842573579739904
2022-05-05,花菜类,1.19,10.948,6.9139,1.19,0.0,2,1,9.200000000000001,5.8100000000000005,0.5834767641996559,0.0,4,5,1.842573579739904
2022-05-05,茄类,6.632,94.2492,61.89948,6.632,0.0,13,4,14.21127864897467,9.333455971049457,0.5226169912897494,0.0,4,5,1.842573579739904
2022-05-05,辣椒类,32.252,311.6298,163.21098,32.252,0.0,93,6,9.662340319980155,5.06049175244946,0.9093678623827881,0.0,4,5,1.842573579739904
2022-05-05,食用菌,16.992,136.4112,82.0564,16.992,0.0,30,4,8.027966101694915,4.829119585687382,0.6624078073130191,0.0,4,5,1.842573579739904
2022-05-06,水生根茎类,3.42,37.1198,25.13614,3.42,0.0,6,3,10.853742690058478,7.3497485380116965,0.4767502090615343,0.0,5,5,1.8453114305270362
2022-05-06,花叶类,95.683,596.7356,351.127,95.683,0.0,201,15,6.236589571815264,3.6696905406394027,0.6994865105787933,0.0,5,5,1.8453114305270362
2022-05-06,花菜类,3.438,31.629599999999996,11.6892,3.438,0.0,7,1,9.2,3.4,1.7058823529411762,0.0,5,5,1.8453114305270362
2022-05-06,茄类,8.599,96.6624,66.68970999999999,8.599,0.0,17,3,11.24112106058844,7.755519246424002,0.44943500279128545,0.0,5,5,1.8453114305270362
2022-05-06,辣椒类,56.612,430.035,292.71443,56.612,0.0,153,6,7.596181021691514,5.170536811983324,0.4691281191706198,0.0,5,5,1.8453114305270362
2022-05-06,食用菌,19.454,183.5774,115.66801,19.454,0.0,44,4,9.43648606970289,5.945718618279017,0.5871060632926945,0.0,5,5,1.8453114305270362
2022-05-07,水生根茎类,4.66,47.6844,30.8932,4.66,0.0,8,3,10.232703862660943,6.629442060085837,0.5435241412349641,0.0,6,5,1.8480492813141685
2022-05-07,花叶类,113.896,720.4954,428.77694,113.896,0.0,240,15,6.325906089766103,3.7646356325068484,0.6803501606219775,0.0,6,5,1.8480492813141685
2022-05-07,花菜类,23.375,140.25,74.8,23.375,0.0,29,1,6.0,3.1999999999999997,0.8750000000000002,0.0,6,5,1.8480492813141685
2022-05-07,茄类,14.661,197.71120000000002,118.21088,14.661,0.0,30,6,13.485519405224748,8.06294795716527,0.6725296351740213,0.0,6,5,1.8480492813141685
2022-05-07,辣椒类,86.212,548.458,377.77742,86.212,0.0,215,5,6.3617361852178345,4.381958660047325,0.45180196317715327,0.0,6,5,1.8480492813141685
2022-05-07,食用菌,33.837,238.7726,145.12827000000001,33.837,0.0,60,5,7.056553476963088,4.289040695097083,0.645252162104599,0.0,6,5,1.8480492813141685
2022-05-08,水生根茎类,4.476,48.5658,30.73112,4.476,0.0,11,3,10.850268096514746,6.8657551385165325,0.5803459164521176,0.0,7,5,1.8507871321013005
2022-05-08,花叶类,116.519,746.6144,440.54221,116.519,0.0,253,15,6.407662269672757,3.78086157622362,0.6947624610136676,0.0,7,5,1.8507871321013005
2022-05-08,花菜类,42.607,255.642,184.06224,42.607,0.0,52,1,6.0,4.32,0.38888888888888884,0.0,7,5,1.8507871321013005
2022-05-08,茄类,11.505,153.756,94.18430000000001,11.505,0.0,29,5,13.364276401564537,8.186379834854412,0.6325013829268782,0.0,7,5,1.8507871321013005
2022-05-08,辣椒类,86.554,579.6204,341.71273,86.554,0.0,214,5,6.696633315617996,3.947971555329621,0.6962212674956536,0.0,7,5,1.8507871321013005
2022-05-08,食用菌,35.067,331.52660000000003,204.9442,35.067,0.0,74,4,9.454090740582314,5.844360795049477,0.6176432414286426,0.0,7,5,1.8507871321013005
2022-05-09,水生根茎类,3.5380000000000003,43.7094,30.511969999999998,3.5380000000000003,0.0,8,3,12.354267947993216,8.624072922555115,0.432532871525503,0.0,1,5,1.8535249828884326
2022-05-09,花叶类,79.181,563.0562,314.68316,79.181,0.0,177,15,7.11100137659287,3.9742256349376746,0.7892797313971298,0.0,1,5,1.8535249828884326
2022-05-09,花菜类,29.087,232.696,170.15895,29.087,0.0,61,1,8.0,5.8500000000000005,0.3675213675213673,0.0,1,5,1.8535249828884326
2022-05-09,茄类,34.866,289.986,208.47429,34.866,0.0,64,5,8.317157115814833,5.979300464636035,0.39099166616660486,0.0,1,5,1.8535249828884326
2022-05-09,辣椒类,55.773,399.54040000000003,235.1797,55.773,0.0,152,5,7.1636885231205065,4.216730317537159,0.6988728193802443,0.0,1,5,1.8535249828884326
2022-05-09,食用菌,33.581,273.9038,167.0906,33.581,0.0,63,6,8.156511122360858,4.975748190941306,0.6392531955717435,0.0,1,5,1.8535249828884326
2022-05-10,水生根茎类,5.181,63.3828,43.51244,5.181,0.0,12,4,12.23370005790388,8.398463617062342,0.4566592909981608,0.0,2,5,1.8562628336755647
2022-05-10,花叶类,81.925,522.2156,312.88606,81.925,0.0,200,14,6.37431309124199,3.819176808056149,0.6690280161410835,0.0,2,5,1.8562628336755647
2022-05-10,花菜类,22.638,181.104,100.05996,22.638,0.0,49,1,8.0,4.42,0.8099547511312217,0.0,2,5,1.8562628336755647
2022-05-10,茄类,13.224,146.094,90.15588,13.224,0.0,30,4,11.047640653357531,6.817595281306715,0.6204600298948888,0.0,2,5,1.8562628336755647
2022-05-10,辣椒类,59.294,401.5956,263.8432,59.294,0.0,142,5,6.772955105069653,4.449745336796304,0.5220994893937003,0.0,2,5,1.8562628336755647
2022-05-10,食用菌,9.417,138.35660000000001,87.2093,9.417,0.0,28,3,14.692216204736118,9.2608367845386,0.5864890556397084,0.0,2,5,1.8562628336755647
2022-05-11,水生根茎类,2.043,67.6206,60.02258,2.043,0.0,6,3,33.09867841409691,29.379627998042093,0.12658602812474884,0.0,3,5,1.8590006844626967
2022-05-11,花叶类,69.604,450.8652,265.54944,69.604,0.0,152,11,6.477576001379231,3.815146255962301,0.6978578452283688,0.0,3,5,1.8590006844626967
2022-05-11,花菜类,19.261,154.088,100.1572,19.261,0.0,47,1,8.0,5.2,0.5384615384615383,0.0,3,5,1.8590006844626967
2022-05-11,茄类,15.419,162.63,111.38978,15.419,0.0,38,4,10.547376613269343,7.224189636163175,0.46000827005852774,0.0,3,5,1.8590006844626967
2022-05-11,辣椒类,42.635,294.0408,198.86521,42.635,0.0,120,4,6.896699894452914,4.664365192916618,0.47859346539296643,0.0,3,5,1.8590006844626967
2022-05-11,食用菌,20.87,229.32600000000002,150.254,20.87,0.0,47,3,10.988308576904648,7.199520843315764,0.5262555406178873,0.0,3,5,1.8590006844626967
2022-05-12,水生根茎类,5.134,60.387,40.85742,5.134,0.0,10,4,11.762173743669653,7.9582041293338515,0.4779934709533791,0.0,4,5,1.8617385352498288
2022-05-12,花叶类,69.699,491.656,293.33799,69.699,0.0,157,11,7.053989296833527,4.2086398657082595,0.6760733923348967,0.0,4,5,1.8617385352498288
2022-05-12,花菜类,24.59,196.72,135.245,24.59,0.0,55,1,8.0,5.5,0.4545454545454546,0.0,4,5,1.8617385352498288
2022-05-12,茄类,22.173,193.796,144.25782,22.173,0.0,47,4,8.740179497587157,6.506012718170749,0.3434003092518658,0.0,4,5,1.8617385352498288
2022-05-12,辣椒类,37.193,280.3704,179.86751,37.193,0.0,104,5,7.538257198935284,4.836058129217864,0.558760667782636,0.0,4,5,1.8617385352498288
2022-05-12,食用菌,20.925,164.815,105.1,20.925,0.0,37,4,7.876463560334527,5.022700119474313,0.5681731684110372,0.0,4,5,1.8617385352498288
2022-05-13,水生根茎类,2.7920000000000003,65.25,36.8394,2.7920000000000003,0.0,8,3,23.370343839541544,13.194627507163322,0.7712014853662112,0.0,5,5,1.864476386036961
2022-05-13,花叶类,90.81700000000001,632.4848,370.24913,90.81700000000001,0.0,208,13,6.964387724765186,4.076870299613508,0.7082681598738665,0.0,5,5,1.864476386036961
2022-05-13,花菜类,21.993,175.944,119.64192000000001,21.993,0.0,48,1,8.0,5.440000000000001,0.4705882352941173,0.0,5,5,1.864476386036961
2022-05-13,茄类,45.528,383.834,283.01983,45.528,0.0,82,5,8.430723950096644,6.2163905728343005,0.3562088564606938,0.0,5,5,1.864476386036961
2022-05-13,辣椒类,58.386,451.2604,280.65849000000003,58.386,0.0,159,5,7.728914465796595,4.806948412290618,0.6078629939183382,0.0,5,5,1.864476386036961
2022-05-13,食用菌,25.1,204.28,128.82999999999998,25.1,0.0,51,6,8.138645418326693,5.132669322709162,0.5856555150197937,0.0,5,5,1.864476386036961
2022-05-14,水生根茎类,11.341,126.3278,79.44601999999999,11.341,0.0,19,4,11.139035358434,7.005204126620227,0.5901086045594228,0.0,6,5,1.8672142368240932
2022-05-14,花叶类,134.557,1004.5764,599.6220099999999,134.557,0.0,306,14,7.465805569386952,4.456267678381653,0.6753494422261119,0.0,6,5,1.8672142368240932
2022-05-14,花菜类,48.521,388.168,263.46903,48.521,0.0,108,1,8.0,5.43,0.4732965009208103,0.0,6,5,1.8672142368240932
2022-05-14,茄类,51.014,498.366,304.60562999999996,51.014,0.0,98,5,9.769200611596816,5.9710203081507025,0.6361023924607041,0.0,6,5,1.8672142368240932
2022-05-14,辣椒类,79.242,524.4060000000001,329.72947,79.242,0.0,228,5,6.617778450821534,4.161044269453067,0.5904128921203193,0.0,6,5,1.8672142368240932
2022-05-14,食用菌,26.77,298.1148,196.1052,26.77,0.0,71,5,11.136152409413523,7.325558460963765,0.5201779453069069,0.0,6,5,1.8672142368240932
2022-05-15,水生根茎类,6.072,66.1178,46.44873,6.072,0.0,11,3,10.888965744400528,7.649659090909091,0.4234576488958903,0.0,7,5,1.8699520876112252
2022-05-15,花叶类,137.292,891.0644,522.19203,137.292,0.0,297,15,6.49028639687673,3.8035138973865923,0.7063921867976422,0.0,7,5,1.8699520876112252
2022-05-15,花菜类,43.781,350.248,245.61141,43.781,0.0,96,1,8.0,5.61,0.42602495543672014,0.0,7,5,1.8699520876112252
2022-05-15,茄类,43.627,411.374,269.80241,43.627,0.0,89,4,9.429344213445802,6.18429894331492,0.5247232224500886,0.0,7,5,1.8699520876112252
2022-05-15,辣椒类,63.751,451.3036,266.95262,63.751,0.0,178,5,7.079161111198256,4.187426393311478,0.6905756534624008,0.0,7,5,1.8699520876112252
2022-05-15,食用菌,34.51,266.3264,173.15359999999998,34.51,0.0,65,5,7.717368878585917,5.017490582439872,0.5380933460234152,0.0,7,5,1.8699520876112252
2022-05-16,水生根茎类,4.6370000000000005,63.253,43.68033,4.6370000000000005,0.0,12,4,13.640931636834159,9.419954712098338,0.4480888766179194,0.0,1,5,1.8726899383983573
2022-05-16,花叶类,74.544,486.87239999999997,278.25155,74.544,0.0,170,14,6.531342562781712,3.7327155773771197,0.749756290665766,0.0,1,5,1.8726899383983573
2022-05-16,花菜类,23.633,189.064,128.79985,23.633,0.0,51,1,8.0,5.45,0.4678899082568806,0.0,1,5,1.8726899383983573
2022-05-16,茄类,19.412,167.984,112.06081,19.412,0.0,41,5,8.653616319802184,5.772759633216568,0.4990432426822542,0.0,1,5,1.8726899383983573
2022-05-16,辣椒类,41.681,299.7452,175.49781000000002,41.681,0.0,122,5,7.191410954631608,4.210499028334254,0.7079711706943808,0.0,1,5,1.8726899383983573
2022-05-16,食用菌,18.527,165.0346,108.0564,18.527,0.0,40,3,8.907788632806175,5.832374372537378,0.5273005578568231,0.0,1,5,1.8726899383983573
2022-05-17,水生根茎类,1.853,33.738,25.13281,1.853,0.0,6,4,18.207231516459796,13.563308148947652,0.34238869430039864,0.0,2,5,1.8754277891854894
2022-05-17,花叶类,62.994,407.5358,248.77077,62.994,0.0,144,13,6.469438359208813,3.9491184874749976,0.6381980889475076,0.0,2,5,1.8754277891854894
2022-05-17,花菜类,15.163,121.304,92.4943,15.163,0.0,35,1,8.0,6.1,0.3114754098360657,0.0,2,5,1.8754277891854894
2022-05-17,茄类,23.194,208.354,136.51977,23.194,0.0,44,4,8.98309907734759,5.885995084935759,0.5261818855979616,0.0,2,5,1.8754277891854894
2022-05-17,辣椒类,41.52,291.5116,182.59641,41.52,0.0,114,5,7.020992292870905,4.397794075144508,0.5964804565434778,0.0,2,5,1.8754277891854894
2022-05-17,食用菌,10.789,116.4484,72.31729999999999,10.789,0.0,28,5,10.793252386690149,6.702873296876447,0.6102426390365796,0.0,2,5,1.8754277891854894
2022-05-18,水生根茎类,0.9259999999999999,8.334,5.370799999999999,0.9259999999999999,0.0,2,1,9.0,5.8,0.5517241379310345,0.0,3,5,1.8781656399726214
2022-05-18,花叶类,84.822,561.8018,349.43001,84.822,0.0,174,15,6.623302916696139,4.119568154488222,0.6077663163504472,0.0,3,5,1.8781656399726214
2022-05-18,花菜类,20.24,161.92,120.6304,20.24,0.0,44,1,8.0,5.96,0.34228187919463093,0.0,3,5,1.8781656399726214
2022-05-18,茄类,21.794,208.002,128.03909,21.794,0.0,43,3,9.544002936588052,5.874969716435715,0.6245195119709148,0.0,3,5,1.8781656399726214
2022-05-18,辣椒类,40.714,282.6976,174.53632,40.714,0.0,118,5,6.943498550867025,4.286887065874146,0.6197064313032385,0.0,3,5,1.8781656399726214
2022-05-18,食用菌,19.598,186.2404,122.3136,19.598,0.0,44,3,9.503030921522605,6.241126645576079,0.5226467048635639,0.0,3,5,1.8781656399726214
2022-05-19,水生根茎类,3.425,45.153400000000005,32.671800000000005,3.425,0.0,6,2,13.183474452554746,9.53921167883212,0.3820297626699476,0.0,4,5,1.8809034907597535
2022-05-19,花叶类,86.864,555.639,354.13164,86.864,0.0,206,15,6.396654540431018,4.076851630134463,0.5690182328808573,0.0,4,5,1.8809034907597535
2022-05-19,花菜类,17.603,140.824,98.75283,17.603,0.0,42,1,8.0,5.609999999999999,0.42602495543672037,0.0,4,5,1.8809034907597535
2022-05-19,茄类,21.799,201.164,125.66637,21.799,0.0,43,4,9.228129730721593,5.764776824624983,0.6007783148347485,0.0,4,5,1.8809034907597535
2022-05-19,辣椒类,31.666,253.30599999999998,139.51081,31.666,0.0,97,5,7.999305248531547,4.405697277837428,0.8156729216897243,0.0,4,5,1.8809034907597535
2022-05-19,食用菌,13.195,195.661,129.344,13.195,0.0,41,3,14.828419856006063,9.802500947328532,0.5127180232558142,0.0,4,5,1.8809034907597535
2022-05-20,水生根茎类,3.575,59.695800000000006,38.135670000000005,3.575,0.0,9,3,16.698125874125875,10.66732027972028,0.5653533817551912,0.0,5,5,1.8836413415468858
2022-05-20,花叶类,76.713,512.862,314.09593,76.713,0.0,165,13,6.685464002189981,4.094428975532179,0.6328196293406283,0.0,5,5,1.8836413415468858
2022-05-20,花菜类,13.908,127.9536,77.74571999999999,13.908,0.0,28,1,9.2,5.59,0.6457960644007155,0.0,5,5,1.8836413415468858
2022-05-20,茄类,22.675,215.24,135.07456000000002,22.675,0.0,40,5,9.49239250275634,5.956981697905182,0.5934902915841442,0.0,5,5,1.8836413415468858
2022-05-20,辣椒类,37.853,281.258,171.99745,37.853,0.0,111,5,7.43026972763057,4.54382611682033,0.6352451736929823,0.0,5,5,1.8836413415468858
2022-05-20,食用菌,14.719,158.2362,102.9708,14.719,0.0,37,3,10.750472178816496,6.995774169440859,0.5367094360731393,0.0,5,5,1.8836413415468858
2022-05-21,水生根茎类,4.691,49.992599999999996,32.327,4.691,0.0,7,2,10.657130675762097,6.891281176721381,0.546465802579887,0.0,6,5,1.8863791923340179
2022-05-21,花叶类,138.736,946.5354,584.04544,138.736,0.0,295,13,6.822565159727829,4.2097612732095495,0.6206536943426868,0.0,6,5,1.8863791923340179
2022-05-21,花菜类,26.494,243.7448,147.57158,26.494,0.0,52,1,9.2,5.57,0.6517055655296227,0.0,6,5,1.8863791923340179
2022-05-21,茄类,43.426,357.99,235.91003,43.426,0.0,80,5,8.243678902040251,5.432460507530051,0.5174852887772512,0.0,6,5,1.8863791923340179
2022-05-21,辣椒类,45.847,335.7432,228.55623,45.847,0.0,143,5,7.323122559818526,4.985194887342683,0.468974177601722,0.0,6,5,1.8863791923340179
2022-05-21,食用菌,43.484,362.58320000000003,233.4288,43.484,0.0,85,5,8.338312942691566,5.368153803697911,0.5532924814761506,0.0,6,5,1.8863791923340179
2022-05-22,水生根茎类,4.885,90.7902,58.5559,4.885,0.0,12,3,18.585506653019447,11.986878198567043,0.5504876536779384,0.0,7,5,1.88911704312115
2022-05-22,花叶类,164.686,1096.6,694.0898099999999,164.686,0.0,356,15,6.658732375551048,4.21462546907448,0.5799108187454878,0.0,7,5,1.88911704312115
2022-05-22,花菜类,23.847,219.39239999999998,139.50494999999998,23.847,0.0,55,1,9.2,5.849999999999999,0.5726495726495728,0.0,7,5,1.88911704312115
2022-05-22,茄类,29.841,269.788,188.73876,29.841,0.0,57,4,9.040849837471935,6.324813511611541,0.4294255191673402,0.0,7,5,1.88911704312115
2022-05-22,辣椒类,40.928,290.1184,196.90144,40.928,0.0,133,6,7.088506645817045,4.810922595777952,0.47341939195569105,0.0,7,5,1.88911704312115
2022-05-22,食用菌,23.398,214.3804,139.40359999999998,23.398,0.0,50,5,9.162338661424053,5.957928028036584,0.5378397688438463,0.0,7,5,1.88911704312115
2022-05-23,水生根茎类,4.437,51.9456,33.4044,4.437,0.0,7,2,11.707369844489518,7.528600405679513,0.5550526277975354,0.0,1,5,1.891854893908282
2022-05-23,花叶类,92.654,603.2676,359.12878,92.654,0.0,205,14,6.5109720033673675,3.876020247371943,0.6798085633794095,0.0,1,5,1.891854893908282
2022-05-23,花菜类,15.361,141.32119999999998,100.92177000000001,15.361,0.0,32,1,9.199999999999998,6.57,0.4003044140030436,0.0,1,5,1.891854893908282
2022-05-23,茄类,26.0,221.768,152.25575,26.0,0.0,50,3,8.529538461538461,5.855990384615385,0.4565492600443659,0.0,1,5,1.891854893908282
2022-05-23,辣椒类,35.072,249.72,154.15429,35.072,0.0,110,6,7.120209854014598,4.395366389142335,0.6199354555750605,0.0,1,5,1.891854893908282
2022-05-23,食用菌,4.6370000000000005,76.91260000000001,50.3884,4.6370000000000005,0.0,20,2,16.58671554884624,10.866594781108473,0.5263949639202679,0.0,1,5,1.891854893908282
2022-05-24,水生根茎类,3.3609999999999998,56.927600000000005,37.70328,3.3609999999999998,0.0,9,3,16.937697113954183,11.217875632252307,0.509884551158414,0.0,2,5,1.894592744695414
2022-05-24,花叶类,122.403,753.5644,449.63621,122.403,0.0,271,16,6.1564210027532,3.673408413192487,0.6759424246548114,0.0,2,5,1.894592744695414
2022-05-24,花菜类,27.64,221.12,178.278,27.64,0.0,54,1,8.0,6.449999999999999,0.24031007751938005,0.0,2,5,1.894592744695414
2022-05-24,茄类,29.285,236.528,164.525,29.285,0.0,57,4,8.076762847874338,5.618063855215981,0.4376416957909133,0.0,2,5,1.894592744695414
2022-05-24,辣椒类,32.072,214.114,157.87787,32.072,0.0,89,5,6.676041406834622,4.92260757046645,0.35620020716012957,0.0,2,5,1.894592744695414
2022-05-24,食用菌,14.041,128.9118,83.13119999999999,14.041,0.0,31,3,9.181098212378036,5.920603945587921,0.5507029851608061,0.0,2,5,1.894592744695414
2022-05-25,水生根茎类,4.619,72.3124,45.85642,4.619,0.0,7,3,15.6554232517861,9.927780904957784,0.5769307765412126,0.0,3,5,1.8973305954825461
2022-05-25,花叶类,84.787,512.604,303.14743,84.787,0.0,180,16,6.045785320862868,3.5753998844162425,0.69093961970913,0.0,3,5,1.8973305954825461
2022-05-25,花菜类,19.562,156.496,120.30630000000001,19.562,0.0,42,1,8.0,6.15,0.30081300813008127,0.0,3,5,1.8973305954825461
2022-05-25,茄类,22.563,169.7336,127.20473,22.563,0.0,48,5,7.5226521295926965,5.637757833621416,0.3343340298745181,0.0,3,5,1.8973305954825461
2022-05-25,辣椒类,31.823,206.68120000000002,150.5245,31.823,0.0,96,6,6.494711372277913,4.730053734720171,0.37307348637597215,0.0,3,5,1.8973305954825461
2022-05-25,食用菌,18.698,168.5204,110.6736,18.698,0.0,38,3,9.012750026740827,5.919007380468499,0.5226793020196323,0.0,3,5,1.8973305954825461
2022-05-26,水生根茎类,4.438,86.1748,58.3474,4.438,0.0,8,3,19.41748535376296,13.147228481297883,0.476926135526176,0.0,4,5,1.9000684462696784
2022-05-26,花叶类,88.361,548.176,325.25517,88.361,0.0,205,15,6.203822953565488,3.6809810889419543,0.6853721341308734,0.0,4,5,1.9000684462696784
2022-05-26,花菜类,25.011,200.088,170.57502000000002,25.011,0.0,54,1,8.0,6.820000000000001,0.17302052785923738,0.0,4,5,1.9000684462696784
2022-05-26,茄类,29.903,204.544,165.85653,29.903,0.0,64,4,6.840250142126209,5.546484633648798,0.2332586483028436,0.0,4,5,1.9000684462696784
2022-05-26,辣椒类,39.188,215.2036,179.84903,39.188,0.0,119,6,5.49156884760641,4.589390374604471,0.19657915308189322,0.0,4,5,1.9000684462696784
2022-05-26,食用菌,21.185,164.06300000000002,105.402,21.185,0.0,37,4,7.744300212414445,4.9753127212650465,0.5565454165955106,0.0,4,5,1.9000684462696784
2022-05-27,水生根茎类,8.858,108.282,73.48792,8.858,0.0,16,4,12.224204109279746,8.296220365771054,0.4734666595543866,0.0,5,5,1.9028062970568105
2022-05-27,花叶类,86.554,556.384,322.94214,86.554,0.0,185,14,6.4281720082260785,3.731105899207431,0.7228597048375291,0.0,5,5,1.9028062970568105
2022-05-27,花菜类,18.568,148.544,126.63376000000001,18.568,0.0,37,1,8.0,6.82,0.17302052785923738,0.0,5,5,1.9028062970568105
2022-05-27,茄类,27.341,165.806,114.28455,27.341,0.0,47,4,6.064372188288651,4.179969642661204,0.4508172802010424,0.0,5,5,1.9028062970568105
2022-05-27,辣椒类,31.927,174.82920000000001,136.7561,31.927,0.0,95,6,5.475904406928306,4.2833996304068656,0.27840147532724346,0.0,5,5,1.9028062970568105
2022-05-27,食用菌,19.308,201.3984,131.7056,19.308,0.0,46,4,10.430826600372903,6.821296871763,0.5291559356625688,0.0,5,5,1.9028062970568105
2022-05-28,水生根茎类,8.906,138.5706,97.78691,8.906,0.0,19,4,15.559240961149786,10.979891084662025,0.41706696734767457,0.0,6,5,1.9055441478439425
2022-05-28,花叶类,188.829,999.5818,599.81242,188.829,0.0,417,15,5.293582023947593,3.176484650133189,0.6664906671989221,0.0,6,5,1.9055441478439425
2022-05-28,花菜类,35.114,280.912,217.00451999999999,35.114,0.0,84,1,8.0,6.18,0.2944983818770228,0.0,6,5,1.9055441478439425
2022-05-28,茄类,54.447,280.6748,214.14114999999998,54.447,0.0,95,3,5.155009458739691,3.933020184766837,0.3106999752266204,0.0,6,5,1.9055441478439425
2022-05-28,辣椒类,55.568,306.2836,214.00370999999998,55.568,0.0,180,6,5.511870141088396,3.8512041102792973,0.431206963654976,0.0,6,5,1.9055441478439425
2022-05-28,食用菌,44.827,421.57460000000003,264.77639999999997,44.827,0.0,86,5,9.40447944319272,5.906627702054565,0.592190995874255,0.0,6,5,1.9055441478439425
2022-05-29,水生根茎类,7.4399999999999995,118.6424,89.75774,7.4399999999999995,0.0,13,3,15.946559139784947,12.064212365591398,0.3218068993270107,0.0,7,5,1.9082819986310746
2022-05-29,花叶类,178.516,924.1214,547.00163,178.516,0.0,388,15,5.176686683546573,3.0641602433395327,0.6894307974914078,0.0,7,5,1.9082819986310746
2022-05-29,花菜类,42.403,339.224,241.27307000000002,42.403,0.0,88,1,8.0,5.69,0.4059753954305798,0.0,7,5,1.9082819986310746
2022-05-29,茄类,55.666,357.4074,222.43765000000002,55.666,0.0,104,3,6.42056910861208,3.995933783638128,0.6067756515140308,0.0,7,5,1.9082819986310746
2022-05-29,辣椒类,62.521,362.09,231.19885,62.521,0.0,180,5,5.791494057996513,3.6979390924649316,0.5661410080543221,0.0,7,5,1.9082819986310746
2022-05-29,食用菌,33.517,285.0366,187.3344,33.517,0.0,62,3,8.504239639585881,5.589235313423038,0.5215390232653481,0.0,7,5,1.9082819986310746
2022-05-30,水生根茎类,6.684,114.2272,78.1789,6.684,0.0,19,4,17.089646918013166,11.696424296828246,0.4611001178067229,0.0,1,5,1.9110198494182067
2022-05-30,花叶类,92.512,470.0318,282.12783,92.512,0.0,205,14,5.080765738498789,3.049634966274646,0.6660242273865711,0.0,1,5,1.9110198494182067
2022-05-30,花菜类,24.336,194.688,138.47184000000001,24.336,0.0,54,1,8.0,5.690000000000001,0.4059753954305796,0.0,1,5,1.9110198494182067
2022-05-30,茄类,25.618,135.7424,86.46344,25.618,0.0,48,3,5.298711843235226,3.3751050042938564,0.5699398497214543,0.0,1,5,1.9110198494182067
2022-05-30,辣椒类,31.081,161.192,111.30841000000001,31.081,0.0,93,5,5.186190920498054,3.5812364467037745,0.44815652294377384,0.0,1,5,1.9110198494182067
2022-05-30,食用菌,14.585,155.583,101.812,14.585,0.0,36,4,10.667329448063077,6.98059650325677,0.5281401013632969,0.0,1,5,1.9110198494182067
2022-05-31,水生根茎类,6.611,138.6908,99.65898000000001,6.611,0.0,16,3,20.978792920889425,15.074720919679326,0.3916538178496305,0.0,2,5,1.9137577002053388
2022-05-31,花叶类,87.827,432.1968,258.867,87.827,0.0,199,14,4.921001514340692,2.947464902592597,0.6695708607122572,0.0,2,5,1.9137577002053388
2022-05-31,花菜类,15.854,126.832,90.20926,15.854,0.0,36,1,8.0,5.69,0.4059753954305798,0.0,2,5,1.9137577002053388
2022-05-31,茄类,18.11,95.4294,60.89738,18.11,0.0,34,4,5.269431253451132,3.3626383213694093,0.567052638389369,0.0,2,5,1.9137577002053388
2022-05-31,辣椒类,38.356,194.492,112.80468,38.356,0.0,110,5,5.070706017311502,2.940991761393263,0.7241483243425715,0.0,2,5,1.9137577002053388
2022-05-31,食用菌,35.474,258.1852,165.9468,35.474,0.0,57,5,7.278153013474658,4.677983875514462,0.5558311458853078,0.0,2,5,1.9137577002053388
2022-06-01,水生根茎类,5.084,117.6572,83.8567,5.084,0.0,15,3,23.1426435877262,16.494236821400474,0.40307453071728316,0.0,3,6,1.9164955509924708
2022-06-01,花叶类,90.488,412.1648,264.86964,90.488,0.0,208,16,4.554911148439572,2.927124480594112,0.5561043538247721,0.0,3,6,1.9164955509924708
2022-06-01,花菜类,22.234,177.872,127.17848,22.234,0.0,54,1,8.0,5.719999999999999,0.398601398601399,0.0,3,6,1.9164955509924708
2022-06-01,茄类,21.105,133.187,78.45499,21.105,0.0,40,3,6.310684671878702,3.717365079365079,0.697623057500868,0.0,3,6,1.9164955509924708
2022-06-01,辣椒类,43.718,259.9596,152.78735999999998,43.718,0.0,109,5,5.946282995562469,3.494838739192094,0.7014470306967808,0.0,3,6,1.9164955509924708
2022-06-01,食用菌,35.603,291.5394,188.5296,35.603,0.0,67,5,8.188618936606465,5.29532904530517,0.5463852891004914,0.0,3,6,1.9164955509924708
2022-06-02,水生根茎类,11.33,227.32920000000001,155.10555,11.33,0.0,27,5,20.064360105913504,13.689810238305384,0.4656419451141498,0.0,4,6,1.919233401779603
2022-06-02,花叶类,112.624,503.80740000000003,298.81478,112.624,0.0,245,12,4.47335736610314,2.6532069541128003,0.6860190115094038,0.0,4,6,1.919233401779603
2022-06-02,花菜类,20.605,164.84,119.509,20.605,0.0,47,1,8.0,5.8,0.3793103448275863,0.0,4,6,1.919233401779603
2022-06-02,茄类,34.716,198.594,127.82206000000001,34.716,0.0,58,4,5.720532319391634,3.681935130775435,0.5536754766743703,0.0,4,6,1.919233401779603
2022-06-02,辣椒类,47.188,257.5942,157.8952,47.188,0.0,137,5,5.45889209120963,3.346087988471645,0.6314251478195667,0.0,4,6,1.919233401779603
2022-06-02,食用菌,35.405,315.519,204.176,35.405,0.0,64,5,8.911707385962435,5.766869086287247,0.5453285400830656,0.0,4,6,1.919233401779603
2022-06-03,水生根茎类,14.235,271.144,182.68106,14.235,0.0,31,5,19.04769933263084,12.833232174218477,0.4842480112607186,0.0,5,6,1.9219712525667352
2022-06-03,花叶类,185.595,854.6286,500.42289999999997,185.595,0.0,382,13,4.604804008728683,2.696316711118295,0.7078127319912819,0.0,5,6,1.9219712525667352
2022-06-03,花菜类,29.489,271.29879999999997,172.21576,29.489,0.0,65,1,9.2,5.84,0.5753424657534245,0.0,5,6,1.9219712525667352
2022-06-03,茄类,59.95,343.148,222.58574000000002,59.95,0.0,123,4,5.723903252710592,3.7128563803169308,0.5416441322790939,0.0,5,6,1.9219712525667352
2022-06-03,辣椒类,69.903,377.3274,268.50467000000003,69.903,0.0,205,5,5.3978713359941635,3.841103672231521,0.40529175898504843,0.0,5,6,1.9219712525667352
2022-06-03,食用菌,61.149,468.5502,304.5568,61.149,0.0,102,4,7.662434381592504,4.980568774632455,0.5384657311870891,0.0,5,6,1.9219712525667352
2022-06-04,水生根茎类,5.135,109.0052,75.9774,5.135,0.0,14,3,21.227887049659202,14.795988315481987,0.43470558350246247,0.0,6,6,1.9247091033538672
2022-06-04,花叶类,113.331,509.4,289.7625,113.331,0.0,235,13,4.494798422320459,2.556780580776663,0.7579914585220653,0.0,6,6,1.9247091033538672
2022-06-04,花菜类,13.898,127.8616,86.16760000000001,13.898,0.0,36,1,9.2,6.200000000000001,0.48387096774193505,0.0,6,6,1.9247091033538672
2022-06-04,茄类,39.752,227.114,118.35254,39.752,0.0,76,3,5.713272288186758,2.977272590058362,0.9189617730215169,0.0,6,6,1.9247091033538672
2022-06-04,辣椒类,38.876,216.9024,131.85087000000001,38.876,0.0,124,5,5.579339438213808,3.391575007716844,0.6450585422758299,0.0,6,6,1.9247091033538672
2022-06-04,食用菌,26.698,169.9204,108.44359999999999,26.698,0.0,42,4,6.3645366694134395,4.061862311783654,0.5669011357055653,0.0,6,6,1.9247091033538672
2022-06-05,水生根茎类,10.109,203.8012,138.97814,10.109,0.0,25,4,20.160371945790878,13.747961222672865,0.46642630272645746,0.0,7,6,1.9274469541409993
2022-06-05,花叶类,102.505,487.998,286.91823,102.505,0.0,234,13,4.760723867128433,2.7990657041119946,0.7008260506834996,0.0,7,6,1.9274469541409993
2022-06-05,花菜类,21.97,219.7,137.5322,21.97,0.0,54,1,10.0,6.26,0.5974440894568691,0.0,7,6,1.9274469541409993
2022-06-05,茄类,42.328,218.9058,112.3419,42.328,0.0,73,3,5.171654696654696,2.654080041580041,0.9485677205032139,0.0,7,6,1.9274469541409993
2022-06-05,辣椒类,41.001,237.3812,135.7411,41.001,0.0,120,5,5.78964415502061,3.3106777883466254,0.7487791096432845,0.0,7,6,1.9274469541409993
2022-06-05,食用菌,40.369,294.50620000000004,190.61079999999998,40.369,0.0,68,4,7.295355346924621,4.721712204909708,0.5450656521036585,0.0,7,6,1.9274469541409993
2022-06-06,水生根茎类,5.253,92.5164,61.58219999999999,5.253,0.0,14,3,17.612107367218734,11.723243860651055,0.5023237234135842,0.0,1,6,1.9301848049281314
2022-06-06,花叶类,104.547,505.5236,287.61052,104.547,0.0,241,12,4.835371651027767,2.7510164806259385,0.7576672786516987,0.0,1,6,1.9301848049281314
2022-06-06,花菜类,23.309,214.44279999999998,150.57614,23.309,0.0,57,1,9.2,6.46,0.4241486068111453,0.0,1,6,1.9301848049281314
2022-06-06,茄类,37.312,194.708,108.31099,37.312,0.0,75,4,5.218374785591767,2.90284600128645,0.7976753790174014,0.0,1,6,1.9301848049281314
2022-06-06,辣椒类,40.803,217.153,139.7758,40.803,0.0,116,6,5.321986128470946,3.4256255667475433,0.5535808058333416,0.0,1,6,1.9301848049281314
2022-06-06,食用菌,25.543,207.6514,134.9676,25.543,0.0,54,5,8.129483615863446,5.2839368907332736,0.5385277651821623,0.0,1,6,1.9301848049281314
2022-06-07,水生根茎类,6.311999999999999,100.7976,69.03612,6.311999999999999,0.0,13,4,15.969201520912549,10.937281368821294,0.46007046745964275,0.0,2,6,1.9329226557152634
2022-06-07,花叶类,105.767,482.7654,285.57704,105.767,0.0,239,13,4.564423686026832,2.700058052133463,0.6904909442299703,0.0,2,6,1.9329226557152634
2022-06-07,花菜类,20.909,192.3628,136.74486000000002,20.909,0.0,50,1,9.2,6.540000000000001,0.4067278287461771,0.0,2,6,1.9329226557152634
2022-06-07,茄类,23.212,141.244,79.82162,23.212,0.0,48,5,6.084956057211787,3.4388083749784593,0.7694955326639576,0.0,2,6,1.9329226557152634
2022-06-07,辣椒类,38.975,201.5864,130.25013,38.975,0.0,117,5,5.17219756254009,3.341889159717768,0.5476867470305018,0.0,2,6,1.9329226557152634
2022-06-07,食用菌,28.139,182.5522,114.9548,28.139,0.0,47,5,6.487515547816198,4.085248231991187,0.5880346014259514,0.0,2,6,1.9329226557152634
2022-06-08,水生根茎类,6.7250000000000005,152.65560000000002,92.1908,6.7250000000000005,0.0,21,4,22.69971747211896,13.70866914498141,0.6558658781570397,0.0,3,6,1.9356605065023955
2022-06-08,花叶类,113.862,546.4596,312.02542,113.862,0.0,243,13,4.799314960214997,2.7403823927210134,0.7513303884023295,0.0,3,6,1.9356605065023955
2022-06-08,花菜类,17.046,156.82319999999999,114.71958000000001,17.046,0.0,41,1,9.2,6.73,0.36701337295690917,0.0,3,6,1.9356605065023955
2022-06-08,茄类,27.37,126.99300000000001,78.20324000000001,27.37,0.0,51,3,4.639861161856047,2.8572612349287545,0.62388412551705,0.0,3,6,1.9356605065023955
2022-06-08,辣椒类,40.958999999999996,221.52,139.83609,40.958999999999996,0.0,119,5,5.408335164432726,3.4140503918552705,0.5841404032392497,0.0,3,6,1.9356605065023955
2022-06-08,食用菌,22.048,164.2504,106.9636,22.048,0.0,47,4,7.44967343976778,4.8513969521044995,0.5355728490813698,0.0,3,6,1.9356605065023955
2022-06-09,水生根茎类,5.2410000000000005,116.2664,66.52684,5.2410000000000005,0.0,14,4,22.18401068498378,12.693539400877695,0.7476615453251647,0.0,4,6,1.9383983572895278
2022-06-09,花叶类,281.247,1425.944,794.8011,281.247,0.0,276,14,5.070077191934491,2.8259896105558457,0.794089112357796,0.0,4,6,1.9383983572895278
2022-06-09,花菜类,21.532,198.09439999999998,140.17332,21.532,0.0,57,1,9.2,6.51,0.41321044546850993,0.0,4,6,1.9383983572895278
2022-06-09,茄类,35.271,156.211,105.77250000000001,35.271,0.0,61,4,4.428879249241587,2.998851747894871,0.47685835165094903,0.0,4,6,1.9383983572895278
2022-06-09,辣椒类,41.651,209.09720000000002,142.70728,41.651,0.0,122,5,5.020220402871479,3.426262994886077,0.4652174717365505,0.0,4,6,1.9383983572895278
2022-06-09,食用菌,22.768,212.3064,139.8776,22.768,0.0,47,4,9.324771609276176,6.143605059732958,0.5178012776884933,0.0,4,6,1.9383983572895278
2022-06-10,水生根茎类,9.447000000000001,202.3878,114.06294,9.447000000000001,0.0,22,4,21.4234995236583,12.073985392187994,0.7743519498971356,0.0,5,6,1.9411362080766599
2022-06-10,花叶类,115.093,464.6108,259.29417,115.093,0.0,253,12,4.036829346702232,2.2529099945261657,0.791828948564482,0.0,5,6,1.9411362080766599
2022-06-10,花菜类,13.058,130.57999999999998,81.87366,13.058,0.0,34,1,9.999999999999998,6.2700000000000005,0.5948963317384366,0.0,5,6,1.9411362080766599
2022-06-10,茄类,38.776,192.547,129.00067,38.776,0.0,73,3,4.965623065813905,3.3268173612543843,0.4926046508130537,0.0,5,6,1.9411362080766599
2022-06-10,辣椒类,37.531,202.0308,123.77977,37.531,0.0,110,5,5.3830380219018945,3.2980674642295704,0.6321794748851124,0.0,5,6,1.9411362080766599
2022-06-10,食用菌,25.152,210.80960000000002,134.4864,25.152,0.0,52,5,8.381424936386768,5.346946564885496,0.5675161205891452,0.0,5,6,1.9411362080766599
2022-06-11,水生根茎类,9.209,223.401,138.98936,9.209,0.0,24,4,24.25898577478554,15.09277445976762,0.6073244743338628,0.0,6,6,1.943874058863792
2022-06-11,花叶类,195.647,818.072,459.77753,195.647,0.0,426,13,4.181367462828462,2.3500361876236284,0.7792779042507796,0.0,6,6,1.943874058863792
2022-06-11,花菜类,34.691,346.91,223.75695000000002,34.691,0.0,97,1,10.0,6.45,0.5503875968992247,0.0,6,6,1.943874058863792
2022-06-11,茄类,48.32,251.951,169.56888,48.32,0.0,95,3,5.214217715231788,3.5092897350993377,0.4858327778068712,0.0,6,6,1.943874058863792
2022-06-11,辣椒类,61.054,312.1852,182.94361999999998,61.054,0.0,170,5,5.113263668228126,2.996423166377305,0.7064557922271357,0.0,6,6,1.943874058863792
2022-06-11,食用菌,35.533,309.15340000000003,201.82559999999998,35.533,0.0,74,4,8.700458728505897,5.679948217150254,0.5317848677273849,0.0,6,6,1.943874058863792
2022-06-12,水生根茎类,10.588000000000001,218.9422,129.51452,10.588000000000001,0.0,28,5,20.678333962976954,12.23219871552701,0.6904838160230993,0.0,7,6,1.946611909650924
2022-06-12,花叶类,166.51500000000001,739.6814,421.88559,166.51500000000001,0.0,383,13,4.442130738972465,2.533619133411404,0.7532748629788473,0.0,7,6,1.946611909650924
2022-06-12,花菜类,29.698,296.98,199.27358,29.698,0.0,79,1,10.0,6.71,0.4903129657228018,0.0,7,6,1.946611909650924
2022-06-12,茄类,49.505,274.6454,155.48379,49.505,0.0,93,3,5.547831532168467,3.1407694172305827,0.7663924966068809,0.0,7,6,1.946611909650924
2022-06-12,辣椒类,67.529,323.3824,181.13329,67.529,0.0,188,5,4.788792963023294,2.68230375098106,0.7853283623347205,0.0,7,6,1.946611909650924
2022-06-12,食用菌,47.293,350.1014,226.45759999999999,47.293,0.0,84,5,7.40281648446916,4.7883957456706066,0.5459909492991184,0.0,7,6,1.946611909650924
2022-06-13,水生根茎类,3.944,85.9936,49.751689999999996,3.944,0.0,12,4,21.803651115618663,12.614525862068964,0.7284558574794147,0.0,1,6,1.949349760438056
2022-06-13,花叶类,116.051,550.7454,313.30894,116.051,0.0,251,13,4.745718692643751,2.6997521779217757,0.7578349344260653,0.0,1,6,1.949349760438056
2022-06-13,花菜类,23.638,236.38,147.50112000000001,23.638,0.0,49,1,9.999999999999998,6.24,0.6025641025641022,0.0,1,6,1.949349760438056
2022-06-13,茄类,33.306,162.5492,93.40175,33.306,0.0,61,4,4.880477991953403,2.8043520686963315,0.7403228526232111,0.0,1,6,1.949349760438056
2022-06-13,辣椒类,29.923,154.1124,101.88383999999999,29.923,0.0,90,5,5.1502991010259676,3.40486715904154,0.5126284992791794,0.0,1,6,1.949349760438056
2022-06-13,食用菌,33.014,248.2772,157.4848,33.014,0.0,60,5,7.520361058944689,4.770242927242988,0.5765153208436622,0.0,1,6,1.949349760438056
2022-06-14,水生根茎类,14.604000000000001,350.3868,223.06135,14.604000000000001,0.0,40,5,23.992522596548888,15.273990002738975,0.57080910700128,0.0,2,6,1.9520876112251881
2022-06-14,花叶类,110.671,523.7242,309.46301,110.671,0.0,247,13,4.732262290934391,2.7962430085568935,0.6923644606184114,0.0,2,6,1.9520876112251881
2022-06-14,花菜类,23.587,235.87,149.77745,23.587,0.0,50,1,10.0,6.35,0.5748031496062993,0.0,2,6,1.9520876112251881
2022-06-14,茄类,29.762,197.5306,105.21835,29.762,0.0,64,3,6.637006921577851,3.53532524695921,0.8773398366349596,0.0,2,6,1.9520876112251881
2022-06-14,辣椒类,29.213,151.4132,100.71413,29.213,0.0,95,5,5.183076027795844,3.44757915996303,0.5033957995764842,0.0,2,6,1.9520876112251881
2022-06-14,食用菌,16.266,163.1668,104.21119999999999,16.266,0.0,37,3,10.031157014631749,6.406688798721259,0.5657318982988395,0.0,2,6,1.9520876112251881
2022-06-15,水生根茎类,5.184,102.14800000000001,57.96944,5.184,0.0,16,5,19.704475308641978,11.182376543209877,0.7621008586593214,0.0,3,6,1.9548254620123204
2022-06-15,花叶类,106.544,451.951,257.80584,106.544,0.0,229,13,4.241918831656405,2.4197124192821744,0.7530673471167295,0.0,3,6,1.9548254620123204
2022-06-15,花菜类,18.931,189.31,120.21185,18.931,0.0,39,1,10.0,6.35,0.5748031496062993,0.0,3,6,1.9548254620123204
2022-06-15,茄类,33.776,226.2886,127.97021000000001,33.776,0.0,68,4,6.699686167693036,3.788791153481762,0.7682912296541515,0.0,3,6,1.9548254620123204
2022-06-15,辣椒类,39.656,193.6048,118.33945,39.656,0.0,103,6,4.882106112568086,2.984149939479524,0.6360123357003942,0.0,3,6,1.9548254620123204
2022-06-15,食用菌,26.243,222.5114,144.5976,26.243,0.0,47,4,8.478885798117593,5.5099493198186185,0.538831903157452,0.0,3,6,1.9548254620123204
2022-06-16,水生根茎类,5.3469999999999995,110.4888,72.80714,5.3469999999999995,0.0,17,4,20.66369927061904,13.61644660557322,0.5175544596312944,0.0,4,6,1.9575633127994525
2022-06-16,花叶类,109.346,488.562,283.81541,109.346,0.0,250,15,4.468037239588097,2.595571945933093,0.7214075867127867,0.0,4,6,1.9575633127994525
2022-06-16,花菜类,18.079,180.79,116.24797,18.079,0.0,36,1,10.0,6.43,0.5552099533437014,0.0,4,6,1.9575633127994525
2022-06-16,茄类,35.463,181.8748,104.99816,35.463,0.0,61,3,5.128579082423935,2.9607805318218987,0.7321713066209923,0.0,4,6,1.9575633127994525
2022-06-16,辣椒类,48.132,243.0884,150.2012,48.132,0.0,124,6,5.05045292113355,3.1206099891963768,0.618418494659164,0.0,4,6,1.9575633127994525
2022-06-16,食用菌,31.228,221.8144,144.2596,31.228,0.0,50,5,7.103061355194057,4.619559369796336,0.5376058161813841,0.0,4,6,1.9575633127994525
2022-06-17,水生根茎类,6.77,130.8522,86.58057,6.77,0.0,19,5,19.328242245199412,12.788858197932052,0.5113344714639789,0.0,5,6,1.9603011635865846
2022-06-17,花叶类,119.07300000000001,523.9212,309.86589,119.07300000000001,0.0,252,14,4.3999999999999995,2.6023186616613336,0.6907998489281926,0.0,5,6,1.9603011635865846
2022-06-17,花菜类,27.301,273.01,175.81844,27.301,0.0,63,1,10.0,6.44,0.5527950310559004,0.0,5,6,1.9603011635865846
2022-06-17,茄类,36.326,242.78400000000002,149.52483,36.326,0.0,69,4,6.683477399108077,4.116193084842813,0.6237035681632273,0.0,5,6,1.9603011635865846
2022-06-17,辣椒类,47.1,236.4708,153.11414,47.1,0.0,123,5,5.020611464968153,3.2508309978768577,0.5444086352834558,0.0,5,6,1.9603011635865846
2022-06-17,食用菌,34.568,257.1464,167.7276,34.568,0.0,58,5,7.438856746123584,4.852105993982875,0.5331191765696286,0.0,5,6,1.9603011635865846
2022-06-18,水生根茎类,18.483999999999998,408.96500000000003,252.83706,18.483999999999998,0.0,46,5,22.12535165548583,13.678698333694008,0.6175041744275938,0.0,6,6,1.9630390143737166
2022-06-18,花叶类,192.524,829.6358,488.11362,192.524,0.0,425,14,4.309259105358293,2.53533907460888,0.6996776283357959,0.0,6,6,1.9630390143737166
2022-06-18,花菜类,29.834,298.34,181.39072000000002,29.834,0.0,65,1,10.0,6.080000000000001,0.6447368421052628,0.0,6,6,1.9630390143737166
2022-06-18,茄类,48.073,332.4468,212.59283,48.073,0.0,87,3,6.915457741351694,4.422291723004597,0.5637724000381386,0.0,6,6,1.9630390143737166
2022-06-18,辣椒类,80.225,475.632,285.28087,80.225,0.0,217,10,5.92872545964475,3.5560095980056095,0.6672411297680074,0.0,6,6,1.9630390143737166
2022-06-18,食用菌,46.206,335.5788,216.6992,46.206,0.0,76,5,7.26266718607973,4.689849803055879,0.5485927036186569,0.0,6,6,1.9630390143737166
2022-06-19,水生根茎类,15.541,376.7282,240.62987,15.541,0.0,47,4,24.240924007464127,15.483551251528215,0.5655920023561498,0.0,7,6,1.9657768651608487
2022-06-19,花叶类,187.623,829.0606,480.6596,187.623,0.0,403,14,4.418757828198036,2.5618373013969507,0.7248393665704376,0.0,7,6,1.9657768651608487
2022-06-19,花菜类,31.956,293.99519999999995,193.97292000000002,31.956,0.0,70,1,9.2,6.07,0.5156507413509059,0.0,7,6,1.9657768651608487
2022-06-19,茄类,40.858,256.7484,161.28684,40.858,0.0,81,3,6.2839199177639635,3.947497185373734,0.5918744517531622,0.0,7,6,1.9657768651608487
2022-06-19,辣椒类,79.311,526.102,303.14539,79.311,0.0,232,10,6.63340520230485,3.822236385873334,0.7354774882111847,0.0,7,6,1.9657768651608487
2022-06-19,食用菌,49.153,351.70480000000003,222.64293,49.153,0.0,76,5,7.1553068988668045,4.529589852094481,0.5796809716796307,0.0,7,6,1.9657768651608487
2022-06-20,水生根茎类,8.896,214.5098,148.02107,8.896,0.0,26,4,24.113062050359712,16.63905912769784,0.4491842276238107,0.0,1,6,1.9685147159479808
2022-06-20,花叶类,123.54,557.3336,323.69632,123.54,0.0,267,15,4.511361502347418,2.6201741945928445,0.7217792281358033,0.0,1,6,1.9685147159479808
2022-06-20,花菜类,26.02,239.384,157.94140000000002,26.02,0.0,58,1,9.2,6.07,0.5156507413509059,0.0,1,6,1.9685147159479808
2022-06-20,茄类,27.416,176.7216,103.13952,27.416,0.0,56,3,6.445929384301138,3.7620192588269625,0.7134227500767891,0.0,1,6,1.9685147159479808
2022-06-20,辣椒类,46.065,222.8324,151.57816,46.065,0.0,119,8,4.837347226744818,3.290527732551829,0.4700824973729727,0.0,1,6,1.9685147159479808
2022-06-20,食用菌,31.656,254.9696,164.354,31.656,0.0,61,5,8.054384634824363,5.191875157947941,0.5513440500383318,0.0,1,6,1.9685147159479808
2022-06-21,水生根茎类,6.063,120.025,80.13351,6.063,0.0,20,5,19.79630545934356,13.216808510638298,0.4978128376006492,0.0,2,6,1.9712525667351128
2022-06-21,花叶类,110.973,512.5522,306.94498,110.973,0.0,226,16,4.618710857595992,2.7659428870085514,0.6698504077180216,0.0,2,6,1.9712525667351128
2022-06-21,花菜类,22.014,158.5008,130.10274,22.014,0.0,48,1,7.2,5.910000000000001,0.21827411167512678,0.0,2,6,1.9712525667351128
2022-06-21,茄类,27.152,194.3994,116.77163,27.152,0.0,52,3,7.159671479080731,4.300664039481438,0.6647827901348984,0.0,2,6,1.9712525667351128
2022-06-21,辣椒类,32.467,180.1708,118.74212,32.467,0.0,92,10,5.5493516493670505,3.657317276003327,0.517328476196989,0.0,2,6,1.9712525667351128
2022-06-21,食用菌,26.804,192.50900000000001,119.38919,26.804,0.0,47,4,7.182099686613939,4.454155723026414,0.6124491672989827,0.0,2,6,1.9712525667351128
2022-06-22,水生根茎类,13.806000000000001,328.4452,223.02817000000002,13.806000000000001,0.0,37,4,23.790033318846877,16.15443792553962,0.4726623995524868,0.0,3,6,1.9739904175222451
2022-06-22,花叶类,108.759,484.8422,289.56407,108.759,0.0,239,18,4.45795014665453,2.662437775264576,0.6743866046640385,0.0,3,6,1.9739904175222451
2022-06-22,花菜类,23.449,168.8328,140.694,23.449,0.0,51,1,7.199999999999999,5.999999999999999,0.19999999999999996,0.0,3,6,1.9739904175222451
2022-06-22,茄类,22.451,163.3068,101.64844,22.451,0.0,40,4,7.273920983475124,4.52756848247294,0.6065844197904073,0.0,3,6,1.9739904175222451
2022-06-22,辣椒类,35.161,188.0808,130.77004,35.161,0.0,95,6,5.349131139614914,3.719178635419925,0.4382560409096765,0.0,3,6,1.9739904175222451
2022-06-22,食用菌,28.097,245.704,152.45827,28.097,0.0,52,5,8.744848204434637,5.426140513222052,0.6116147717011351,0.0,3,6,1.9739904175222451
2022-06-23,水生根茎类,5.402,116.8704,75.15176,5.402,0.0,18,4,21.634653831914108,13.911840059237319,0.555125255882231,0.0,4,6,1.9767282683093772
2022-06-23,花叶类,84.617,382.3718,229.45613,84.617,0.0,169,12,4.518853185530094,2.711702494770554,0.6664266062536661,0.0,4,6,1.9767282683093772
2022-06-23,花菜类,14.583,104.9976,87.06051,14.583,0.0,29,1,7.2,5.97,0.20603015075376896,0.0,4,6,1.9767282683093772
2022-06-23,茄类,17.152,100.5972,64.24556,17.152,0.0,32,3,5.86504197761194,3.7456599813432834,0.5658233814134392,0.0,4,6,1.9767282683093772
2022-06-23,辣椒类,29.211000000000002,177.6016,98.78569,29.211000000000002,0.0,86,8,6.079956180890759,3.381797610489199,0.7978474412640129,0.0,4,6,1.9767282683093772
2022-06-23,食用菌,25.488,176.7624,109.1788,25.488,0.0,44,4,6.93512241054614,4.283537350910232,0.6190176114776862,0.0,4,6,1.9767282683093772
2022-06-24,水生根茎类,25.878,336.7208,227.85092,25.878,0.0,45,5,13.01185563026509,8.80481180925883,0.47781189560261605,0.0,5,6,1.9794661190965093
2022-06-24,花叶类,104.325,483.137,282.86613,104.325,0.0,228,15,4.631075964533908,2.7113935298346514,0.7080058330065884,0.0,5,6,1.9794661190965093
2022-06-24,花菜类,17.64,162.28799999999998,89.082,17.64,0.0,34,1,9.2,5.05,0.8217821782178216,0.0,5,6,1.9794661190965093
2022-06-24,茄类,22.836,176.291,98.05372,22.836,0.0,45,5,7.719872131721843,4.293822035382729,0.7979022111552727,0.0,5,6,1.9794661190965093
2022-06-24,辣椒类,33.789,190.712,105.44964,33.789,0.0,97,7,5.644203734943324,3.1208274882358165,0.8085599912906292,0.0,5,6,1.9794661190965093
2022-06-24,食用菌,28.265,214.947,133.38899999999998,28.265,0.0,53,3,7.604705466124182,4.719228728108968,0.6114297280885232,0.0,5,6,1.9794661190965093
2022-06-25,水生根茎类,40.332,459.5476,304.71415,40.332,0.0,56,6,11.394118813845086,7.55514603788555,0.5081268789125808,0.0,6,6,1.9822039698836413
2022-06-25,花叶类,156.216,822.1928,468.25485,156.216,0.0,333,17,5.2631791877912635,2.9974832923644184,0.7558660631064473,0.0,6,6,1.9822039698836413
2022-06-25,花菜类,22.426,179.408,116.39094000000001,22.426,0.0,49,1,8.0,5.190000000000001,0.5414258188824659,0.0,6,6,1.9822039698836413
2022-06-25,茄类,28.57,207.693,127.234,28.57,0.0,58,4,7.269618480924047,4.453412670633531,0.6323702783847087,0.0,6,6,1.9822039698836413
2022-06-25,辣椒类,39.414,216.82,143.26132,39.414,0.0,110,6,5.501090982899477,3.6347825645709646,0.513458063907271,0.0,6,6,1.9822039698836413
2022-06-25,食用菌,44.569,303.9662,183.6894,44.569,0.0,71,4,6.8201260966142385,4.121461105252529,0.6547835639944386,0.0,6,6,1.9822039698836413
2022-06-26,水生根茎类,31.364,530.6208,357.85985,31.364,0.0,70,5,16.918148195383242,11.409891914296646,0.48276147771257394,0.0,7,6,1.9849418206707734
2022-06-26,花叶类,163.919,777.5194,452.21451,163.919,0.0,349,15,4.743314685911944,2.7587681110792523,0.7193596906034705,0.0,7,6,1.9849418206707734
2022-06-26,花菜类,36.32,261.504,180.1472,36.32,0.0,85,1,7.2,4.96,0.4516129032258065,0.0,7,6,1.9849418206707734
2022-06-26,茄类,33.783,258.274,168.15679,33.783,0.0,66,3,7.645087766036172,4.9775564633099485,0.5359118118275212,0.0,7,6,1.9849418206707734
2022-06-26,辣椒类,43.418,292.4352,165.34724,43.418,0.0,113,10,6.735344787875997,3.8082647749781198,0.7686125271882374,0.0,7,6,1.9849418206707734
2022-06-26,食用菌,48.309,344.9182,211.1934,48.309,0.0,75,5,7.139833157382683,4.371719555362355,0.6331864537433463,0.0,7,6,1.9849418206707734
2022-06-27,水生根茎类,12.659,235.8696,148.78227,12.659,0.0,36,4,18.63256181372936,11.75308239197409,0.5853340589574281,0.0,1,6,1.9876796714579055
2022-06-27,花叶类,105.20700000000001,532.3742,311.99252,105.20700000000001,0.0,235,15,5.060254545800184,2.9655110401399147,0.7063684731928828,0.0,1,6,1.9876796714579055
2022-06-27,花菜类,21.772000000000002,156.7584,107.55368000000001,21.772000000000002,0.0,51,1,7.199999999999999,4.94,0.4574898785425099,0.0,1,6,1.9876796714579055
2022-06-27,茄类,21.427,166.186,112.62125,21.427,0.0,45,4,7.755915433798479,5.256043776543613,0.47561850006104534,0.0,1,6,1.9876796714579055
2022-06-27,辣椒类,28.076999999999998,218.1834,115.51636,28.076999999999998,0.0,83,6,7.770894326316915,4.114270043095773,0.8887662318999665,0.0,1,6,1.9876796714579055
2022-06-27,食用菌,17.561,69.0078,38.8786,17.561,0.0,18,4,3.9296053755480895,2.2139172028927736,0.7749558883293124,0.0,1,6,1.9876796714579055
2022-06-28,水生根茎类,19.501,278.0434,180.18867,19.501,0.0,34,6,14.257904722834727,9.239970770729705,0.5430681629427645,0.0,2,6,1.9904175222450375
2022-06-28,花叶类,124.599,609.7856,368.51866,124.599,0.0,276,17,4.89398470292699,2.9576373807173413,0.6546939576953852,0.0,2,6,1.9904175222450375
2022-06-28,花菜类,23.307,186.456,134.01525,23.307,0.0,53,1,8.0,5.750000000000001,0.3913043478260867,0.0,2,6,1.9904175222450375
2022-06-28,茄类,13.137,98.02,67.71309,13.137,0.0,29,4,7.461368653421633,5.1543799954327465,0.4475783042835588,0.0,2,6,1.9904175222450375
2022-06-28,辣椒类,28.268,218.1388,111.61218,28.268,0.0,81,8,7.7168105278052925,3.948357860478279,0.9544354388562255,0.0,2,6,1.9904175222450375
2022-06-28,食用菌,33.818,158.8964,93.4768,33.818,0.0,36,5,4.698574723520019,2.764113785557987,0.6998485185628947,0.0,2,6,1.9904175222450375
2022-06-29,水生根茎类,16.118,341.00600000000003,219.59197,16.118,0.0,40,4,21.156843280804075,13.624020970343716,0.5529074218879682,0.0,3,6,1.9931553730321698
2022-06-29,花叶类,155.09,758.3770000000001,457.56084,155.09,0.0,326,20,4.889915532916372,2.950292346379521,0.6574342332267775,0.0,3,6,1.9931553730321698
2022-06-29,花菜类,31.82,245.9672,169.35617,31.82,0.0,65,2,7.729956002514141,5.322318353236958,0.45236633539835003,0.0,3,6,1.9931553730321698
2022-06-29,茄类,26.758,183.3872,128.03351,26.758,0.0,54,5,6.853546602885119,4.784868450556843,0.43233751851370794,0.0,3,6,1.9931553730321698
2022-06-29,辣椒类,20.954,222.6892,113.7025,20.954,0.0,69,8,10.627526963825522,5.426290922974133,0.9585250983927356,0.0,3,6,1.9931553730321698
2022-06-29,食用菌,27.342,135.7134,76.54762,27.342,0.0,31,7,4.963550581522933,2.799634993782459,0.772927753991568,0.0,3,6,1.9931553730321698
2022-06-30,水生根茎类,10.625,194.8452,132.4824,10.625,0.0,30,4,18.338371764705883,12.468931764705884,0.47072516802231834,0.0,4,6,1.995893223819302
2022-06-30,花叶类,125.274,633.2496,390.17944,125.274,0.0,268,19,5.0549164232003445,3.114608298609448,0.6229701903308897,0.0,4,6,1.995893223819302
2022-06-30,花菜类,42.053,324.7808,228.98041,42.053,0.0,76,2,7.7231303355289755,5.445043397617293,0.41837810492172656,0.0,4,6,1.995893223819302
2022-06-30,茄类,21.969,139.9018,92.62776000000001,21.969,0.0,39,4,6.3681460239428285,4.216293868633074,0.5103657909896557,0.0,4,6,1.995893223819302
2022-06-30,辣椒类,29.259,270.968,139.37379,29.259,0.0,85,7,9.26101370518473,4.763450220444992,0.9441819010590153,0.0,4,6,1.995893223819302
2022-06-30,食用菌,27.076,114.8048,64.8276,27.076,0.0,28,6,4.240094548677796,2.394282759639533,0.7709247295904831,0.0,4,6,1.995893223819302
2022-07-01,水生根茎类,15.086,290.4148,190.53898,15.086,0.0,41,4,19.250616465597243,12.630185602545406,0.5241752632453476,0.0,5,7,1.998631074606434
2022-07-01,花叶类,149.719,720.7138,403.99776,149.719,0.0,290,19,4.813776474595743,2.6983733527474807,0.7839549407402653,0.0,5,7,1.998631074606434
2022-07-01,花菜类,28.213,249.2796,164.57547,28.213,0.0,56,2,8.835628965370573,5.833320455109346,0.5146825951643947,0.0,5,7,1.998631074606434
2022-07-01,茄类,17.165,127.7002,74.83911,17.165,0.0,35,4,7.439568890183513,4.359983105155841,0.7063297519171456,0.0,5,7,1.998631074606434
2022-07-01,辣椒类,25.326,251.924,189.56928,25.326,0.0,88,6,9.947247887546395,7.485164652925847,0.3289284002133679,0.0,5,7,1.998631074606434
2022-07-01,食用菌,22.293,97.7014,60.861799999999995,22.293,0.0,23,4,4.382604404970171,2.7300856771183777,0.6052992188860669,0.0,5,7,1.998631074606434
2022-07-02,水生根茎类,28.667,552.19,355.58128,28.667,0.0,75,3,19.26221788118743,12.40385390867548,0.5529220210917742,0.0,6,7,2.001368925393566
2022-07-02,花叶类,191.928,1044.7582,585.92129,191.928,0.0,394,22,5.4434902671835275,3.0528181922387563,0.7831033243390082,0.0,6,7,2.001368925393566
2022-07-02,花菜类,51.302,455.04639999999995,292.84158,51.302,0.0,96,2,8.869954387743167,5.708190323963978,0.5538995521059542,0.0,6,7,2.001368925393566
2022-07-02,茄类,27.475,169.2184,104.14894,27.475,0.0,49,3,6.158995450409463,3.7906802547770697,0.6247731373934291,0.0,6,7,2.001368925393566
2022-07-02,辣椒类,55.999,582.9486,390.13614,55.999,0.0,190,11,10.409982321112878,6.966841193592742,0.4942184028375327,0.0,6,7,2.001368925393566
2022-07-02,食用菌,31.217,185.9966,114.7942,31.217,0.0,37,4,5.958183041291604,3.677297626293366,0.6202613024002954,0.0,6,7,2.001368925393566
2022-07-03,水生根茎类,63.873000000000005,690.4424,420.89118,63.873000000000005,0.0,92,5,10.809612825450502,6.589500728007139,0.6404297186745513,0.0,7,7,2.004106776180698
2022-07-03,花叶类,189.083,1030.8402,574.96054,189.083,0.0,385,15,5.451786781466341,3.040783888556877,0.792888604146643,0.0,7,7,2.004106776180698
2022-07-03,花菜类,48.366,460.468,289.59728,48.366,0.0,92,2,9.520489600132326,5.987621056113799,0.5900287461263451,0.0,7,7,2.004106776180698
2022-07-03,茄类,42.368,315.1256,183.34616,42.368,0.0,62,3,7.437820996978852,4.327467900302114,0.7187466593246352,0.0,7,7,2.004106776180698
2022-07-03,辣椒类,58.67,617.706,438.47420999999997,58.67,0.0,163,9,10.528481336287712,7.47356758138742,0.4087624446600864,0.0,7,7,2.004106776180698
2022-07-03,食用菌,32.474,137.7852,86.3224,32.474,0.0,37,5,4.242938966557862,2.65820040647903,0.5961697079784618,0.0,7,7,2.004106776180698
2022-07-04,水生根茎类,20.219,288.6132,188.36469,20.219,0.0,44,4,14.274355803946783,9.316221870517829,0.5322043637796448,0.0,1,7,2.00684462696783
2022-07-04,花叶类,116.605,681.672,382.21627,116.605,0.0,268,14,5.845992881951889,3.277872046653231,0.7834719594746713,0.0,1,7,2.00684462696783
2022-07-04,花菜类,27.955000000000002,279.55,175.27785,27.955000000000002,0.0,62,1,10.0,6.27,0.594896331738437,0.0,1,7,2.00684462696783
2022-07-04,茄类,17.802,118.5072,61.88586,17.802,0.0,34,3,6.65695989214695,3.4763431075160094,0.9149317792465033,0.0,1,7,2.00684462696783
2022-07-04,辣椒类,47.642,512.2236,321.06658,47.642,0.0,147,12,10.751513370555392,6.739149909743503,0.5953812446004192,0.0,1,7,2.00684462696783
2022-07-04,食用菌,24.611,82.0978,51.2052,24.611,0.0,27,5,3.335817317459673,2.08058185364268,0.6033098200963967,0.0,1,7,2.00684462696783
2022-07-05,水生根茎类,34.508,488.4832,316.53919,34.508,0.0,68,5,14.155650863567868,9.172921931146401,0.5431997535597408,0.0,2,7,2.0095824777549622
2022-07-05,花叶类,133.21,681.1204,390.08852,133.21,0.0,297,14,5.113132647699121,2.9283726446963443,0.7460662518343271,0.0,2,7,2.0095824777549622
2022-07-05,花菜类,42.64,387.654,242.24966,42.64,0.0,75,2,9.091322701688554,5.681277204502814,0.6002251561467618,0.0,2,7,2.0095824777549622
2022-07-05,茄类,17.524,105.9122,59.787560000000006,17.524,0.0,31,3,6.043837023510614,3.4117530244236476,0.7714755377205558,0.0,2,7,2.0095824777549622
2022-07-05,辣椒类,49.728,475.6652,326.90578,49.728,0.0,149,13,9.565339446589446,6.573877493564993,0.4550528901630311,0.0,2,7,2.0095824777549622
2022-07-05,食用菌,39.223,145.4154,98.13813,39.223,0.0,45,5,3.707401269663208,2.5020556816153787,0.4817421118580516,0.0,2,7,2.0095824777549622
2022-07-06,水生根茎类,39.018,425.6612,279.55126,39.018,0.0,59,4,10.909354656825055,7.164674252908914,0.5226588497580014,0.0,3,7,2.0123203285420943
2022-07-06,花叶类,164.461,854.6882,470.21752,164.461,0.0,327,15,5.1969050413167865,2.8591430187096027,0.8176443106586078,0.0,3,7,2.0123203285420943
2022-07-06,花菜类,29.201,264.116,166.34063,29.201,0.0,55,2,9.044758741139,5.696401835553577,0.5878020902049004,0.0,3,7,2.0123203285420943
2022-07-06,茄类,9.038,58.964,29.73986,9.038,0.0,20,3,6.524009736667404,3.290535516707236,0.9826589634248446,0.0,3,7,2.0123203285420943
2022-07-06,辣椒类,51.119,530.9294,358.56236,51.119,0.0,169,14,10.386146051370332,7.01426788473953,0.4807170501666711,0.0,3,7,2.0123203285420943
2022-07-06,食用菌,25.183,99.6234,65.5888,25.183,0.0,30,6,3.955978239288409,2.6044871540324825,0.5189087161222647,0.0,3,7,2.0123203285420943
2022-07-07,水生根茎类,43.066,456.1384,296.84882,43.066,0.0,66,4,10.59161287326429,6.89288115915107,0.5366016950985353,0.0,4,7,2.0150581793292264
2022-07-07,花叶类,134.044,722.7684,402.10639,134.044,0.0,286,15,5.392023514666826,2.99980894333204,0.7974556435176274,0.0,4,7,2.0150581793292264
2022-07-07,花菜类,50.962,407.696,282.84436,50.962,0.0,87,2,8.0,5.550103214159569,0.4414146352432131,0.0,4,7,2.0150581793292264
2022-07-07,茄类,14.602,99.92099999999999,54.21101,14.602,0.0,31,3,6.842966716888097,3.712574304889741,0.8431864671032692,0.0,4,7,2.0150581793292264
2022-07-07,辣椒类,39.874,488.0754,315.74732,39.874,0.0,160,11,12.240442393539649,7.918626674023173,0.545778440811469,0.0,4,7,2.0150581793292264
2022-07-07,食用菌,18.996,62.5208,40.8756,18.996,0.0,23,5,3.291261318172247,2.1518003790271636,0.5295384043292333,0.0,4,7,2.0150581793292264
2022-07-08,水生根茎类,32.713,304.1364,197.54731,32.713,0.0,48,5,9.297111240179744,6.038801393941247,0.5395623458502166,0.0,5,7,2.0177960301163584
2022-07-08,花叶类,129.05,735.0228,420.61193000000003,129.05,0.0,271,15,5.69564354901201,3.259294304533127,0.7475082078627675,0.0,5,7,2.0177960301163584
2022-07-08,花菜类,47.678,381.424,254.76238,47.678,0.0,98,2,8.0,5.343394857166828,0.49717552489500205,0.0,5,7,2.0177960301163584
2022-07-08,茄类,7.971,55.827999999999996,30.07135,7.971,0.0,14,3,7.003889097980178,3.772594404717099,0.8565179148924142,0.0,5,7,2.0177960301163584
2022-07-08,辣椒类,42.7,431.1114,284.25178999999997,42.7,0.0,124,12,10.096285714285713,6.656950585480093,0.5166532460534374,0.0,5,7,2.0177960301163584
2022-07-08,食用菌,22.728,72.2144,47.0608,22.728,0.0,25,5,3.1773319253783874,2.0706089405139037,0.5344915513548427,0.0,5,7,2.0177960301163584
2022-07-09,水生根茎类,44.378,611.11,383.21121,44.378,0.0,88,6,13.770561990175313,8.63516179187886,0.594708046249482,0.0,6,7,2.020533880903491
2022-07-09,花叶类,173.971,1015.6832,594.98329,173.971,0.0,391,15,5.838232808916429,3.4200141977685936,0.7070785298861082,0.0,6,7,2.020533880903491
2022-07-09,花菜类,44.535000000000004,356.28000000000003,249.396,44.535000000000004,0.0,113,1,8.0,5.6,0.4285714285714286,0.0,6,7,2.020533880903491
2022-07-09,茄类,26.107,189.086,109.45273999999999,26.107,0.0,54,3,7.242731834373924,4.192467154403033,0.7275583964366725,0.0,6,7,2.020533880903491
2022-07-09,辣椒类,72.124,695.6694,433.81597,72.124,0.0,215,11,9.645463368642893,6.014862875048528,0.6036048649845693,0.0,6,7,2.020533880903491
2022-07-09,食用菌,41.97,191.6012,119.95439999999999,41.97,0.0,53,7,4.5651941863235646,2.858098641887062,0.5972836344477568,0.0,6,7,2.020533880903491
2022-07-10,水生根茎类,35.703,381.6576,232.77057000000002,35.703,0.0,51,5,10.689790773884546,6.519636165028149,0.6396299583748923,0.0,7,7,2.023271731690623
2022-07-10,花叶类,186.916,1031.0776,586.17366,186.916,0.0,405,15,5.51626185024289,3.1360271993836806,0.7589968133334413,0.0,7,7,2.023271731690623
2022-07-10,花菜类,66.917,535.336,357.1158,66.917,0.0,140,2,8.0,5.336697700135989,0.499054368358947,0.0,7,7,2.023271731690623
2022-07-10,茄类,21.797,163.073,99.65265,21.797,0.0,49,4,7.481442400330321,4.571851630958388,0.6364140843218924,0.0,7,7,2.023271731690623
2022-07-10,辣椒类,85.669,880.861,562.88569,85.669,0.0,234,21,10.282144066114931,6.570471115572727,0.5649021029474033,0.0,7,7,2.023271731690623
2022-07-10,食用菌,51.632,161.2136,110.7152,51.632,0.0,55,7,3.122358227455842,2.1443136039665323,0.45611081405263265,0.0,7,7,2.023271731690623
2022-07-11,水生根茎类,16.008,168.06480000000002,103.36263000000001,16.008,0.0,24,4,10.498800599700152,6.456935907046478,0.6259725589412732,0.0,1,7,2.026009582477755
2022-07-11,花叶类,133.768,702.5188,412.70104,133.768,0.0,282,15,5.251770229053287,3.0852000478440282,0.702246255546146,0.0,1,7,2.026009582477755
2022-07-11,花菜类,24.264,194.112,144.1639,24.264,0.0,61,2,8.0,5.941472964061986,0.34646745821942915,0.0,1,7,2.026009582477755
2022-07-11,茄类,30.141,231.333,141.16412,30.141,0.0,57,3,7.675027371354633,4.683458412129657,0.6387521134973957,0.0,1,7,2.026009582477755
2022-07-11,辣椒类,53.659,601.5836,386.71095,53.659,0.0,173,19,11.211233902979929,7.20682364561397,0.5556414939892442,0.0,1,7,2.026009582477755
2022-07-11,食用菌,50.108,279.33840000000004,191.8188,50.108,0.0,76,6,5.574726590564382,3.8281072882573643,0.45626184711821804,0.0,1,7,2.026009582477755
2022-07-12,水生根茎类,6.575,141.874,91.04955,6.575,0.0,21,3,21.577794676806082,13.847840304182508,0.5582064930579009,0.0,2,7,2.028747433264887
2022-07-12,花叶类,129.271,666.988,392.99409,129.271,0.0,283,15,5.159610430800413,3.040079290792212,0.6971960061791262,0.0,2,7,2.028747433264887
2022-07-12,花菜类,56.26,450.08,311.24170000000004,56.26,0.0,126,2,8.0,5.532202275151085,0.44607872274184324,0.0,2,7,2.028747433264887
2022-07-12,茄类,19.218,142.25900000000001,71.47688000000001,19.218,0.0,40,3,7.4023831824331365,3.7192673535227394,0.9902799338751216,0.0,2,7,2.028747433264887
2022-07-12,辣椒类,49.014,566.7348000000001,377.87516999999997,49.014,0.0,168,15,11.562712694332232,7.7095354388542034,0.49979370171371706,0.0,2,7,2.028747433264887
2022-07-12,食用菌,27.869,232.6062,162.0984,27.869,0.0,67,4,8.34641357781047,5.816441207075963,0.4349691298618614,0.0,2,7,2.028747433264887
2022-07-13,水生根茎类,9.644,227.48080000000002,146.85411,9.644,0.0,27,3,23.587805889672335,15.227510369141434,0.5490257644134033,0.0,3,7,2.0314852840520192
2022-07-13,花叶类,150.034,842.4026,469.7223,150.034,0.0,333,15,5.614744657877548,3.1307723582654603,0.7934055930493398,0.0,3,7,2.0314852840520192
2022-07-13,花菜类,44.4,355.2,261.58272999999997,44.4,0.0,93,2,8.0,5.891502927927927,0.35788780857207203,0.0,3,7,2.0314852840520192
2022-07-13,茄类,12.754999999999999,82.113,44.05444,12.754999999999999,0.0,24,4,6.437710701685614,3.4538957271658175,0.8638983948042467,0.0,3,7,2.0314852840520192
2022-07-13,辣椒类,42.841,442.4834,288.6093,42.841,0.0,138,15,10.328503069489507,6.73675451086576,0.5331571089358518,0.0,3,7,2.0314852840520192
2022-07-13,食用菌,47.695,282.8824,193.86787,47.695,0.0,78,7,5.931070342803229,4.064742006499634,0.4591505028656888,0.0,3,7,2.0314852840520192
2022-07-14,水生根茎类,6.406,86.05,56.83683,6.406,0.0,14,3,13.43271932563222,8.872436778020607,0.513983098635163,0.0,4,7,2.0342231348391513
2022-07-14,花叶类,131.965,798.3542,445.8368,131.965,0.0,297,15,6.049741977039366,3.3784473155760995,0.7906870854985502,0.0,4,7,2.0342231348391513
2022-07-14,花菜类,34.033,340.33,211.0046,34.033,0.0,83,1,10.0,6.2,0.6129032258064515,0.0,4,7,2.0342231348391513
2022-07-14,茄类,14.374,112.302,47.18876,14.374,0.0,35,3,7.812856546542369,3.2829247251982747,1.3798463871481261,0.0,4,7,2.0342231348391513
2022-07-14,辣椒类,49.446,416.681,256.63445,49.446,0.0,120,16,8.426991060955386,5.190196375844356,0.6236362655130672,0.0,4,7,2.0342231348391513
2022-07-14,食用菌,38.206,332.3404,225.9133,38.206,0.0,77,7,8.698644192011725,5.913031984505051,0.47109709786896126,0.0,4,7,2.0342231348391513
2022-07-15,水生根茎类,11.528,218.762,139.04064,11.528,0.0,26,5,18.9765787647467,12.061124219292157,0.5733673262723762,0.0,5,7,2.0369609856262834
2022-07-15,花叶类,118.425,697.7156,390.72706999999997,118.425,0.0,272,13,5.891624234747731,3.2993630567869956,0.7856853378497684,0.0,5,7,2.0369609856262834
2022-07-15,花菜类,30.18,301.8,187.116,30.18,0.0,65,1,10.0,6.2,0.6129032258064515,0.0,5,7,2.0369609856262834
2022-07-15,茄类,11.364,86.44500000000001,29.58147,11.364,0.0,21,2,7.606916578669483,2.60308606124604,1.9222685688033763,0.0,5,7,2.0369609856262834
2022-07-15,辣椒类,54.053,501.943,292.1428,54.053,0.0,133,17,9.2861265794683,5.404747192570256,0.7181426343555273,0.0,5,7,2.0369609856262834
2022-07-15,食用菌,43.947,337.3598,220.61302,43.947,0.0,93,9,7.676514892939222,5.019979065692766,0.5291926106627796,0.0,5,7,2.0369609856262834
2022-07-16,水生根茎类,68.84,509.5844,329.95075,68.84,0.0,56,5,7.402446252178966,4.7930091516560145,0.5444256453425245,0.0,6,7,2.0396988364134154
2022-07-16,花叶类,175.925,1154.7206,687.95914,175.925,0.0,401,14,6.563709535313344,3.910525166974563,0.6784726488262081,0.0,6,7,2.0396988364134154
2022-07-16,花菜类,59.714,597.14,365.44968,59.714,0.0,141,1,10.0,6.12,0.6339869281045751,0.0,6,7,2.0396988364134154
2022-07-16,茄类,18.431,151.3218,68.29964,18.431,0.0,34,4,8.21017850360805,3.705693668276273,1.215557797962039,0.0,6,7,2.0396988364134154
2022-07-16,辣椒类,69.235,809.4466,499.05341,69.235,0.0,225,15,11.69129197660143,7.208108760020221,0.621963869558571,0.0,6,7,2.0396988364134154
2022-07-16,食用菌,65.981,400.17740000000003,269.54952000000003,65.981,0.0,116,8,6.065039935739078,4.085259695973084,0.48461551703004324,0.0,6,7,2.0396988364134154
2022-07-17,水生根茎类,131.3,849.4144,596.24657,131.3,0.0,125,4,6.469264280274181,4.541101066260472,0.42460257674941415,0.0,7,7,2.0424366872005475
2022-07-17,花叶类,190.249,1126.1988000000001,683.2762299999999,190.249,0.0,395,15,5.919604308038414,3.59148394998134,0.648233540920925,0.0,7,7,2.0424366872005475
2022-07-17,花菜类,53.705,535.818,327.39722,53.705,0.0,126,2,9.977059864072247,6.096214877571921,0.6365991134561253,0.0,7,7,2.0424366872005475
2022-07-17,茄类,21.934,176.5404,89.9367,21.934,0.0,46,4,8.048709765660618,4.100332816631713,0.9629406015564281,0.0,7,7,2.0424366872005475
2022-07-17,辣椒类,58.421,635.4662,422.77781000000004,58.421,0.0,195,17,10.877359168792044,7.236743807877305,0.5030736830771698,0.0,7,7,2.0424366872005475
2022-07-17,食用菌,64.763,539.7018,367.47309,64.763,0.0,129,9,8.33348980127542,5.674120871485261,0.4686838701576761,0.0,7,7,2.0424366872005475
2022-07-18,水生根茎类,57.442,538.1616,372.78376000000003,57.442,0.0,85,5,9.368782424010307,6.48974200062672,0.44362941132414146,0.0,1,7,2.0451745379876796
2022-07-18,花叶类,132.053,795.8266,472.54967,132.053,0.0,300,15,6.026569634919313,3.5784849265067815,0.6841120638175453,0.0,1,7,2.0451745379876796
2022-07-18,花菜类,43.19,431.9,243.1597,43.19,0.0,94,1,10.0,5.63,0.7761989342806395,0.0,1,7,2.0451745379876796
2022-07-18,茄类,11.582,102.2544,45.62625,11.582,0.0,25,3,8.828734242790537,3.939410291832153,1.2411309279197829,0.0,1,7,2.0451745379876796
2022-07-18,辣椒类,47.507,522.9268,345.90894000000003,47.507,0.0,142,12,11.007363125434146,7.281220451722905,0.5117469932982939,0.0,1,7,2.0451745379876796
2022-07-18,食用菌,47.193,294.55240000000003,205.65314999999998,47.193,0.0,75,6,6.241442586824318,4.357704532451846,0.4322775994435295,0.0,1,7,2.0451745379876796
2022-07-19,水生根茎类,90.19,564.6268,373.63227,90.19,0.0,85,6,6.260414680119747,4.14272391617696,0.5111831748365845,0.0,2,7,2.0479123887748116
2022-07-19,花叶类,134.777,791.3954,461.8254,134.777,0.0,285,15,5.871887636614557,3.426589106449914,0.7136246728742075,0.0,2,7,2.0479123887748116
2022-07-19,花菜类,33.363,332.274,183.67956,33.363,0.0,73,2,9.959356173006025,5.505486916644187,0.8089873473128966,0.0,2,7,2.0479123887748116
2022-07-19,茄类,20.509,137.9192,79.09682,20.509,0.0,45,3,6.724813496513725,3.8566882831927445,0.7436756623085479,0.0,2,7,2.0479123887748116
2022-07-19,辣椒类,43.966,429.8174,272.56109,43.966,0.0,133,17,9.77613155620252,6.199360642314515,0.576958031683833,0.0,2,7,2.0479123887748116
2022-07-19,食用菌,37.999,331.374,236.91140000000001,37.999,0.0,86,8,8.720597910471328,6.2346745966999135,0.39872543068843447,0.0,2,7,2.0479123887748116
2022-07-20,水生根茎类,89.355,618.3884,406.55789,89.355,0.0,94,5,6.920579710144928,4.549917631917632,0.5210340647921015,0.0,3,7,2.0506502395619437
2022-07-20,花叶类,161.158,1009.3716000000001,620.86843,161.158,0.0,369,16,6.2632422839697695,3.852544893830899,0.6257415439854142,0.0,3,7,2.0506502395619437
2022-07-20,花菜类,43.777,402.74839999999995,248.65336,43.777,0.0,98,1,9.2,5.68,0.619718309859155,0.0,3,7,2.0506502395619437
2022-07-20,茄类,17.192,115.4996,61.596729999999994,17.192,0.0,33,3,6.718217775709633,3.58287168450442,0.8750930447119518,0.0,3,7,2.0506502395619437
2022-07-20,辣椒类,85.656,692.7046,425.52516,85.656,0.0,189,19,8.087052862613243,4.967838330064444,0.6278816509933278,0.0,3,7,2.0506502395619437
2022-07-20,食用菌,33.088,304.12080000000003,223.42839,33.088,0.0,73,5,9.19127176015474,6.75255047147002,0.3611555809895064,0.0,3,7,2.0506502395619437
2022-07-21,水生根茎类,75.92,649.4168,430.24351,75.92,0.0,94,6,8.553962065331929,5.6670641464699685,0.5094168416392848,0.0,4,7,2.0533880903490758
2022-07-21,花叶类,140.656,803.201,474.50533,140.656,0.0,299,15,5.710392731202366,3.373516451484473,0.6927122820727851,0.0,4,7,2.0533880903490758
2022-07-21,花菜类,38.147,350.95239999999995,226.59318000000002,38.147,0.0,80,1,9.2,5.94,0.5488215488215487,0.0,4,7,2.0533880903490758
2022-07-21,茄类,18.296,100.971,58.7905,18.296,0.0,29,3,5.5187472671622215,3.213297988631395,0.7174713601687348,0.0,4,7,2.0533880903490758
2022-07-21,辣椒类,96.487,666.8288,399.38157,96.487,0.0,167,14,6.911074030698437,4.139226735207852,0.6696534093949305,0.0,4,7,2.0533880903490758
2022-07-21,食用菌,33.298,272.5722,171.60787,33.298,0.0,72,7,8.185842993573187,5.153699020962219,0.5883432385705856,0.0,4,7,2.0533880903490758
2022-07-22,水生根茎类,44.43,529.7936,345.91819000000004,44.43,0.0,78,6,11.924231375196939,7.785689624127842,0.5315575049695997,0.0,5,7,2.0561259411362083
2022-07-22,花叶类,119.449,745.2212,438.29001,119.449,0.0,265,15,6.238823263484834,3.6692647908312335,0.7002924616055015,0.0,5,7,2.0561259411362083
2022-07-22,花菜类,33.655,309.626,201.93,33.655,0.0,75,1,9.2,6.0,0.5333333333333332,0.0,5,7,2.0561259411362083
2022-07-22,茄类,16.449,100.2446,71.9804,16.449,0.0,32,3,6.0942671287008325,4.3759742233570424,0.3926652255336176,0.0,5,7,2.0561259411362083
2022-07-22,辣椒类,78.254,537.11,375.76984,78.254,0.0,146,14,6.863674700334807,4.801925013417844,0.42935899272810185,0.0,5,7,2.0561259411362083
2022-07-22,食用菌,47.116,311.9416,189.05688,47.116,0.0,83,9,6.620714831479752,4.012583411155446,0.649988088240957,0.0,5,7,2.0561259411362083
2022-07-23,水生根茎类,63.395,835.2628,546.20348,63.395,0.0,109,4,13.175531193311775,8.615876330940926,0.5292154491582512,0.0,6,7,2.0588637919233403
2022-07-23,花叶类,163.238,1026.5819999999999,624.28625,163.238,0.0,361,15,6.2888665629326495,3.8243929109643586,0.6444091152095692,0.0,6,7,2.0588637919233403
2022-07-23,花菜类,45.47,418.32399999999996,272.82,45.47,0.0,106,1,9.2,6.0,0.5333333333333332,0.0,6,7,2.0588637919233403
2022-07-23,茄类,20.601,141.566,97.5492,20.601,0.0,42,3,6.871802339692248,4.735168195718654,0.4512266630582311,0.0,6,7,2.0588637919233403
2022-07-23,辣椒类,96.834,695.3432,406.24827,96.834,0.0,188,13,7.1807753475019105,4.195306090835863,0.7116213196427892,0.0,6,7,2.0588637919233403
2022-07-23,食用菌,79.284,467.28880000000004,314.71344,79.284,0.0,129,8,5.8938600474244485,3.9694445285303463,0.48480725831092575,0.0,6,7,2.0588637919233403
2022-07-24,水生根茎类,112.091,860.7352,553.43234,112.091,0.0,128,4,7.678896610789448,4.937348582847864,0.555267261757779,0.0,7,7,2.0616016427104724
2022-07-24,花叶类,187.595,1095.2766,683.44477,187.595,0.0,372,15,5.8385170180441905,3.643192888936272,0.6025824588576485,0.0,7,7,2.0616016427104724
2022-07-24,花菜类,45.96,422.832,258.7548,45.96,0.0,112,1,9.2,5.63,0.6341030195381883,0.0,7,7,2.0616016427104724
2022-07-24,茄类,10.549,63.823,42.723369999999996,10.549,0.0,18,3,6.050146933358612,4.049992416342781,0.49386623761187387,0.0,7,7,2.0616016427104724
2022-07-24,辣椒类,54.852000000000004,329.2782,169.81463,54.852000000000004,0.0,77,12,6.003029971559834,3.0958694304674395,0.9390449456563315,0.0,7,7,2.0616016427104724
2022-07-24,食用菌,57.991,426.83000000000004,299.34828,57.991,0.0,112,9,7.3602800434550195,5.161978238002448,0.4258642140853459,0.0,7,7,2.0616016427104724
2022-07-25,水生根茎类,90.633,575.1684,363.0863,90.633,0.0,85,5,6.346125583396777,4.006115873909062,0.5841093425998174,0.0,1,7,2.0643394934976045
2022-07-25,花叶类,128.305,739.2714,473.77825,128.305,0.0,272,15,5.7618284556330615,3.6925938194146757,0.5603742890265646,0.0,1,7,2.0643394934976045
2022-07-25,花菜类,78.159,680.766,489.00801,78.159,0.0,178,2,8.710014201819368,6.256579664529996,0.3921367054907752,0.0,1,7,2.0643394934976045
2022-07-25,茄类,17.972,121.798,88.9626,17.972,0.0,35,3,6.77709770754507,4.950066770531938,0.36909218030947843,0.0,1,7,2.0643394934976045
2022-07-25,辣椒类,60.762,303.36,140.21952000000002,60.762,0.0,86,11,4.992594055495211,2.3076844080181695,1.1634648300036967,0.0,1,7,2.0643394934976045
2022-07-25,食用菌,58.13,327.067,235.10595999999998,58.13,0.0,86,9,5.626475141923275,4.044485807672458,0.39114720868837183,0.0,1,7,2.0643394934976045
2022-07-26,水生根茎类,68.863,639.4624,386.34742,68.863,0.0,85,4,9.28600845156325,5.610377416028927,0.6551486224497114,0.0,2,7,2.0670773442847366
2022-07-26,花叶类,158.702,990.7189999999999,616.51341,158.702,0.0,319,16,6.242637143829315,3.8847236329724897,0.6069707226644103,0.0,2,7,2.0670773442847366
2022-07-26,花菜类,74.221,650.2772,448.32576,74.221,0.0,153,2,8.761364034437692,6.040416593686423,0.45045691775551755,0.0,2,7,2.0670773442847366
2022-07-26,茄类,18.262,113.055,77.03016,18.262,0.0,34,3,6.190723907567627,4.218057167889606,0.4676718833246616,0.0,2,7,2.0670773442847366
2022-07-26,辣椒类,92.29,492.84000000000003,288.8886,92.29,0.0,149,11,5.340123523675371,3.1302264600715133,0.705986321370937,0.0,2,7,2.0670773442847366
2022-07-26,食用菌,45.412,309.2382,219.13905,45.412,0.0,80,9,6.809614198890161,4.82557583898529,0.41115059137109533,0.0,2,7,2.0670773442847366
2022-07-27,水生根茎类,71.087,503.014,328.09687,71.087,0.0,72,4,7.076033592640004,4.615427152643943,0.5331264818222741,0.0,3,7,2.0698151950718686
2022-07-27,花叶类,131.633,823.4824,510.94264,131.633,0.0,287,15,6.25589631779265,3.8815695152431378,0.6116924592553088,0.0,3,7,2.0698151950718686
2022-07-27,花菜类,67.503,645.2292,404.20068,67.503,0.0,145,2,9.558526287720545,5.987892093684724,0.5963090413405538,0.0,3,7,2.0698151950718686
2022-07-27,茄类,14.402,104.6026,67.46417,14.402,0.0,28,3,7.263060686015831,4.684361199833356,0.5504911718323966,0.0,3,7,2.0698151950718686
2022-07-27,辣椒类,105.891,622.573,335.39282000000003,105.891,0.0,175,14,5.879375962074208,3.1673401894400848,0.8562502321904206,0.0,3,7,2.0698151950718686
2022-07-27,食用菌,47.465,305.1134,218.22332,47.465,0.0,84,8,6.428176551142947,4.5975628357737275,0.39817046134207845,0.0,3,7,2.0698151950718686
2022-07-28,水生根茎类,68.756,568.4468,356.20975,68.756,0.0,74,5,8.267595555296992,5.180780586421548,0.5958204400637548,0.0,4,7,2.0725530458590007
2022-07-28,花叶类,168.258,1029.7808,649.27842,168.258,0.0,362,16,6.120248665739519,3.858826445102164,0.586038852176852,0.0,4,7,2.0725530458590007
2022-07-28,花菜类,60.76,573.9504,354.2778,60.76,0.0,125,2,9.446188281764318,5.8307735352205405,0.6200574803162939,0.0,4,7,2.0725530458590007
2022-07-28,茄类,22.580000000000002,160.6842,104.8813,22.580000000000002,0.0,43,3,7.116217891939769,4.644875996457041,0.5320576690029586,0.0,4,7,2.0725530458590007
2022-07-28,辣椒类,101.404,635.1286,345.01965,101.404,0.0,170,14,6.263348585854602,3.4024264328823324,0.8408476154908857,0.0,4,7,2.0725530458590007
2022-07-28,食用菌,54.801,385.5708,249.62854,54.801,0.0,89,9,7.0358351124979475,4.555182204704293,0.5445781960668443,0.0,4,7,2.0725530458590007
2022-07-29,水生根茎类,62.925,498.04560000000004,317.65654,62.925,0.0,68,4,7.9149082240762825,5.0481770361541525,0.5678745351819294,0.0,5,7,2.0752908966461328
2022-07-29,花叶类,267.236,1048.884,560.52789,267.236,0.0,280,15,3.9249352632130403,2.0975014219641066,0.8712431954099555,0.0,5,7,2.0752908966461328
2022-07-29,花菜类,56.633,540.5652,316.99071,56.633,0.0,117,2,9.545056769021595,5.597279148199812,0.7053029724435775,0.0,5,7,2.0752908966461328
2022-07-29,茄类,15.616,109.568,67.47456,15.616,0.0,27,3,7.016393442622951,4.320860655737705,0.6238416375001186,0.0,5,7,2.0752908966461328
2022-07-29,辣椒类,111.741,608.39,318.37161,111.741,0.0,171,14,5.44464431139868,2.84919241818133,0.9109430014818218,0.0,5,7,2.0752908966461328
2022-07-29,食用菌,40.727,361.06620000000004,220.58246,40.727,0.0,76,12,8.86552409949174,5.4161234561838585,0.6368762956039211,0.0,5,7,2.0752908966461328
2022-07-30,水生根茎类,69.293,669.7092,437.63653,69.293,0.0,105,5,9.664889671395379,6.315739396475834,0.5302863314449551,0.0,6,7,2.078028747433265
2022-07-30,花叶类,285.343,1113.9402,582.73166,285.343,0.0,334,17,3.903863770970376,2.0422146679610154,0.9115834550674662,0.0,6,7,2.078028747433265
2022-07-30,花菜类,57.917,543.8428,309.15254,57.917,0.0,127,2,9.39003746741026,5.337854861266985,0.7591406494670885,0.0,6,7,2.078028747433265
2022-07-30,茄类,13.837,94.672,59.65709,13.837,0.0,27,4,6.841945508419455,4.311417937414179,0.5869362719502411,0.0,6,7,2.078028747433265
2022-07-30,辣椒类,120.902,669.3580000000001,230.77408,120.902,0.0,194,13,5.536368298291179,1.9087697473987195,1.9004903843620573,0.0,6,7,2.078028747433265
2022-07-30,食用菌,73.456,490.5432,321.22868,73.456,0.0,114,9,6.678054890002178,4.373076127205402,0.5270840698283852,0.0,6,7,2.078028747433265
2022-07-31,水生根茎类,131.591,808.4,525.16453,131.591,0.0,108,5,6.143277275801536,3.990884862946554,0.5393271133524571,0.0,7,7,2.080766598220397
2022-07-31,花叶类,290.928,1148.24,650.24204,290.928,0.0,354,15,3.946818456800308,2.2350617334873233,0.7658655229366591,0.0,7,7,2.080766598220397
2022-07-31,花菜类,48.748,449.1728,251.40144,48.748,0.0,106,2,9.2141790432428,5.15716419135144,0.7866755258044662,0.0,7,7,2.080766598220397
2022-07-31,茄类,19.875,133.234,90.42739,19.875,0.0,38,3,6.70359748427673,4.549805786163522,0.47338101873779626,0.0,7,7,2.080766598220397
2022-07-31,辣椒类,132.453,706.5126,344.47238,132.453,0.0,218,12,5.33406264863763,2.600714064611598,1.0509992702462823,0.0,7,7,2.080766598220397
2022-07-31,食用菌,90.347,526.8588,339.585,90.347,0.0,127,6,5.83150298294354,3.7586748868252404,0.551478422191793,0.0,7,7,2.080766598220397
2022-08-01,水生根茎类,90.918,573.0287999999999,384.67039,90.918,0.0,81,5,6.302699135484722,4.230959655953717,0.48966183750197123,0.0,1,8,2.083504449007529
2022-08-01,花叶类,248.399,992.1186,539.96916,248.399,0.0,287,15,3.9940523109996415,2.173797640087118,0.83736160042918,0.0,1,8,2.083504449007529
2022-08-01,花菜类,80.636,682.256,413.10832,80.636,0.0,166,2,8.460935562279875,5.12312515501761,0.6515184201567279,0.0,1,8,2.083504449007529
2022-08-01,茄类,28.885,224.214,154.7769,28.885,0.0,58,3,7.7622987709884015,5.358383243898217,0.44862702380006314,0.0,1,8,2.083504449007529
2022-08-01,辣椒类,138.662,715.9444,382.70584,138.662,0.0,244,12,5.1632343396171985,2.7599907689201078,0.8707433364486938,0.0,1,8,2.083504449007529
2022-08-01,食用菌,32.88,304.71700000000004,178.38005,32.88,0.0,74,8,9.267548661800488,5.42518400243309,0.7082459613617109,0.0,1,8,2.083504449007529
2022-08-02,水生根茎类,28.385,333.8544,217.11548,28.385,0.0,61,4,11.761648758146908,7.648951206623216,0.5376812376528841,0.0,2,8,2.086242299794661
2022-08-02,花叶类,216.466,904.8256,496.63225,216.466,0.0,253,16,4.179989467168054,2.2942736965620467,0.8219227607550659,0.0,2,8,2.086242299794661
2022-08-02,花菜类,79.66,697.274,375.27828,79.66,0.0,173,2,8.753125784584485,4.711000251067035,0.858018534938926,0.0,2,8,2.086242299794661
2022-08-02,茄类,14.100999999999999,88.79,60.0083,14.100999999999999,0.0,27,2,6.296716544925893,4.2556059853911075,0.47962865136989397,0.0,2,8,2.086242299794661
2022-08-02,辣椒类,112.757,549.3126,315.57234,112.757,0.0,171,15,4.871649653680037,2.7986940056936596,0.7406867788222502,0.0,2,8,2.086242299794661
2022-08-02,食用菌,46.484,332.1352,224.81261999999998,46.484,0.0,77,7,7.145151019705705,4.836344118406333,0.47738681218162937,0.0,2,8,2.086242299794661
2022-08-03,水生根茎类,95.589,421.166,306.21159,95.589,0.0,78,4,4.406009059619831,3.203418698804256,0.37540842265310737,0.0,3,8,2.088980150581793
2022-08-03,花叶类,266.105,1035.0118,563.59942,266.105,0.0,294,18,3.889486480900396,2.1179587756712577,0.836431627271724,0.0,3,8,2.088980150581793
2022-08-03,花菜类,64.038,501.693,340.72001,64.038,0.0,155,2,7.83430150847934,5.320591055310909,0.47244947545053195,0.0,3,8,2.088980150581793
2022-08-03,茄类,15.584999999999999,123.155,79.5193,15.584999999999999,0.0,33,3,7.9021495027269815,5.102297080526148,0.5487435125812223,0.0,3,8,2.088980150581793
2022-08-03,辣椒类,141.987,685.9436000000001,359.87764,141.987,0.0,229,13,4.831031009881187,2.534581616626874,0.9060467329951372,0.0,3,8,2.088980150581793
2022-08-03,食用菌,49.818,346.61400000000003,215.02161999999998,49.818,0.0,86,9,6.957605684692281,4.316143161106427,0.6119960402121427,0.0,3,8,2.088980150581793
2022-08-04,水生根茎类,64.171,583.3256,407.93696,64.171,0.0,102,5,9.090174689501488,6.3570298109738035,0.4299405476767786,0.0,4,8,2.0917180013689256
2022-08-04,花叶类,275.404,1059.3222,624.6841900000001,275.404,0.0,296,19,3.846429971968454,2.2682466122496407,0.6957723870040635,0.0,4,8,2.0917180013689256
2022-08-04,花菜类,61.589,475.613,316.68091000000004,61.589,0.0,135,2,7.722369254249948,5.141842049716671,0.5018682370212968,0.0,4,8,2.0917180013689256
2022-08-04,茄类,17.149,128.411,91.31786,17.149,0.0,34,4,7.487958481544113,5.3249670534725055,0.4061980865517436,0.0,4,8,2.0917180013689256
2022-08-04,辣椒类,134.644,641.8984,340.98278,134.644,0.0,209,12,4.76737470663379,2.532476604973114,0.8824950632404371,0.0,4,8,2.0917180013689256
2022-08-04,食用菌,72.633,450.291,286.07142,72.633,0.0,113,9,6.199537400355211,3.9385874189418035,0.5740509834921643,0.0,4,8,2.0917180013689256
2022-08-05,水生根茎类,43.931,474.2976,328.59926,43.931,0.0,75,4,10.796421661241492,7.479894835082289,0.4433921731899211,0.0,5,8,2.0944558521560577
2022-08-05,花叶类,263.757,1087.5448,609.0024,263.757,0.0,298,19,4.123283173527148,2.3089525586050796,0.7857808113728288,0.0,5,8,2.0944558521560577
2022-08-05,花菜类,64.146,475.94280000000003,301.998,64.146,0.0,137,2,7.419680104761015,4.707978673650734,0.5759799733773074,0.0,5,8,2.0944558521560577
2022-08-05,茄类,13.432,105.374,75.29086,13.432,0.0,26,3,7.844997022036926,5.605335020845741,0.3995589902944394,0.0,5,8,2.0944558521560577
2022-08-05,辣椒类,140.692,601.5422,360.81766,140.692,0.0,225,13,4.275596338100247,2.5645925852216185,0.6671639630942676,0.0,5,8,2.0944558521560577
2022-08-05,食用菌,43.854,326.31800000000004,205.5127,43.854,0.0,76,8,7.44100880193369,4.6862931545583075,0.5878240128225654,0.0,5,8,2.0944558521560577
2022-08-06,水生根茎类,105.798,696.6896,484.09146,105.798,0.0,124,5,6.585092345791036,4.5756201440480915,0.43916936687955643,0.0,6,8,2.0971937029431897
2022-08-06,花叶类,290.986,1211.2654,672.72342,290.986,0.0,317,20,4.162624318695745,2.3118755541503715,0.800539960389665,0.0,6,8,2.0971937029431897
2022-08-06,花菜类,84.365,617.8448,378.92363,84.365,0.0,183,2,7.323473004207906,4.491479049368815,0.6305259189035002,0.0,6,8,2.0971937029431897
2022-08-06,茄类,14.825000000000001,128.645,83.28654,14.825000000000001,0.0,33,4,8.677571669477235,5.617979089376053,0.5446073279067665,0.0,6,8,2.0971937029431897
2022-08-06,辣椒类,151.923,713.6034,396.85471,151.923,0.0,242,13,4.6971386820955345,2.612209540359261,0.7981477402649446,0.0,6,8,2.0971937029431897
2022-08-06,食用菌,82.422,575.981,361.62952,82.422,0.0,134,8,6.988194899420058,4.38753633738565,0.592737783132306,0.0,6,8,2.0971937029431897
2022-08-07,水生根茎类,89.384,624.6704,439.76465,89.384,0.0,108,5,6.9886154121543,4.919948201020317,0.4204652420334376,0.0,7,8,2.099931553730322
2022-08-07,花叶类,283.52,1202.7944,667.7624999999999,283.52,0.0,326,17,4.242361738148984,2.355257124717833,0.801230826828401,0.0,7,8,2.099931553730322
2022-08-07,花菜类,76.558,552.5524,343.47846000000004,76.558,0.0,158,2,7.217435147208652,4.48651297055827,0.6086959281231201,0.0,7,8,2.099931553730322
2022-08-07,茄类,26.316,234.197,136.77409,26.316,0.0,56,4,8.899414804681562,5.197373841009272,0.7122906831257294,0.0,7,8,2.099931553730322
2022-08-07,辣椒类,195.184,844.4802,428.62573,195.184,0.0,282,13,4.326585170915648,2.1960085355356997,0.9702041685644953,0.0,7,8,2.099931553730322
2022-08-07,食用菌,82.163,456.5366,284.35912,82.163,0.0,110,8,5.556474325426287,3.4609145235690035,0.6054930821279796,0.0,7,8,2.099931553730322
2022-08-08,水生根茎类,85.106,509.1492,358.63204,85.106,0.0,80,5,5.982530021385097,4.213945432754448,0.4196980280958722,0.0,1,8,2.102669404517454
2022-08-08,花叶类,246.077,945.0838,483.57794,246.077,0.0,256,15,3.84060192541359,1.9651488761647777,0.9543567268597901,0.0,1,8,2.102669404517454
2022-08-08,花菜类,71.07000000000001,525.6834,328.30614,71.07000000000001,0.0,153,2,7.3966990291262125,4.61947572815534,0.6011988079175123,0.0,1,8,2.102669404517454
2022-08-08,茄类,18.528,157.298,103.19774,18.528,0.0,39,4,8.48974525043178,5.569826208981002,0.5242388060048602,0.0,1,8,2.102669404517454
2022-08-08,辣椒类,120.495,463.193,236.6293,120.495,0.0,182,11,3.8440848167973773,1.9638101166023485,0.9574625796551823,0.0,1,8,2.102669404517454
2022-08-08,食用菌,61.34,439.8496,268.74698,61.34,0.0,103,9,7.1706814476687315,4.381268014346267,0.6366680660002206,0.0,1,8,2.102669404517454
2022-08-09,水生根茎类,52.727,420.28520000000003,290.9511,52.727,0.0,73,5,7.970967436038463,5.518066645172303,0.44452177702713613,0.0,2,8,2.105407255304586
2022-08-09,花叶类,268.443,1091.1417999999999,579.47645,268.443,0.0,291,16,4.064705728962945,2.158657331351535,0.8829786784260167,0.0,2,8,2.105407255304586
2022-08-09,花菜类,71.672,531.7712,330.73232,71.672,0.0,152,2,7.419511106150241,4.6145261747962945,0.6078597942892308,0.0,2,8,2.105407255304586
2022-08-09,茄类,17.542,171.487,93.37397999999999,17.542,0.0,37,5,9.775795234294835,5.322881085395051,0.8365608920172412,0.0,2,8,2.105407255304586
2022-08-09,辣椒类,120.22,542.9408,284.75022,120.22,0.0,185,13,4.516226917318249,2.3685761104641494,0.9067265338723878,0.0,2,8,2.105407255304586
2022-08-09,食用菌,57.403,382.6662,231.81358,57.403,0.0,97,8,6.666310123164295,4.0383530477501175,0.6507497101765998,0.0,2,8,2.105407255304586
2022-08-10,水生根茎类,89.154,506.708,345.67458999999997,89.154,0.0,87,5,5.683513919734393,3.877275164322408,0.4658526101094098,0.0,3,8,2.108145106091718
2022-08-10,花叶类,238.428,1023.107,556.30117,238.428,0.0,266,17,4.291052225409767,2.3332040280503965,0.8391243002418995,0.0,3,8,2.108145106091718
2022-08-10,花菜类,69.171,512.907,313.67504,69.171,0.0,140,2,7.415058333694756,4.534776712784259,0.6351540116166081,0.0,3,8,2.108145106091718
2022-08-10,茄类,17.255,162.74,95.69604,17.255,0.0,38,3,9.43146913937989,5.5459889886989275,0.7005928353984139,0.0,3,8,2.108145106091718
2022-08-10,辣椒类,141.933,597.3822,304.97787,141.933,0.0,218,11,4.208902792162499,2.1487453234977067,0.9587722873138302,0.0,3,8,2.108145106091718
2022-08-10,食用菌,35.551,393.3516,236.5126,35.551,0.0,85,5,11.064431380270596,6.6527692610615725,0.66313168938991,0.0,3,8,2.108145106091718
2022-08-11,水生根茎类,69.603,463.97200000000004,314.60499000000004,69.603,0.0,67,5,6.665977041219489,4.519991810697816,0.474776353674492,0.0,4,8,2.11088295687885
2022-08-11,花叶类,260.035,980.0108,442.98690999999997,260.035,0.0,273,17,3.7687649739458147,1.7035664814351912,1.2122793650945578,0.0,4,8,2.11088295687885
2022-08-11,花菜类,70.278,522.2364,320.8133,70.278,0.0,146,2,7.431008281396738,4.564917897492815,0.6278514637641268,0.0,4,8,2.11088295687885
2022-08-11,茄类,13.387,129.53,70.97394,13.387,0.0,29,4,9.67580488533652,5.301706132815418,0.8250360625322477,0.0,4,8,2.11088295687885
2022-08-11,辣椒类,151.922,485.931,313.68739,151.922,0.0,234,10,3.198555837864167,2.0647923934650674,0.5490931911544168,0.0,4,8,2.11088295687885
2022-08-11,食用菌,44.328,282.4796,182.41962,44.328,0.0,80,6,6.372486915719184,4.115223335138062,0.5485154502569407,0.0,4,8,2.11088295687885
2022-08-12,水生根茎类,77.693,508.17560000000003,340.08063000000004,77.693,0.0,84,5,6.540815774908937,4.377236430566461,0.49427975359843357,0.0,5,8,2.113620807665982
2022-08-12,花叶类,285.532,1190.4841999999999,605.9245,285.532,0.0,322,17,4.169354748329434,2.1220896431923566,0.9647401615217739,0.0,5,8,2.113620807665982
2022-08-12,花菜类,74.91,559.3908,324.77943999999997,74.91,0.0,150,2,7.467505006007209,4.33559524763049,0.7223713422253577,0.0,5,8,2.113620807665982
2022-08-12,茄类,15.139,141.765,70.79513,15.139,0.0,35,3,9.364224849725874,4.6763412378624745,1.002468248875311,0.0,5,8,2.113620807665982
2022-08-12,辣椒类,153.473,523.2488,321.84071,153.473,0.0,241,13,3.409386667361685,2.097051012230164,0.6258005396520532,0.0,5,8,2.113620807665982
2022-08-12,食用菌,60.39,371.216,234.11119,60.39,0.0,92,6,6.146977976486173,3.8766549097532703,0.5856397124802109,0.0,5,8,2.113620807665982
2022-08-13,水生根茎类,139.761,795.986,534.28196,139.761,0.0,127,4,5.695337039660563,3.8228258240854034,0.48982383758568204,0.0,6,8,2.116358658453114
2022-08-13,花叶类,383.304,1522.48,786.41074,383.304,0.0,409,18,3.971990900173231,2.051663275102791,0.9359857674375096,0.0,6,8,2.116358658453114
2022-08-13,花菜类,90.519,665.8944,388.25576,90.519,0.0,195,2,7.35640473270805,4.289218396137827,0.7150921341128333,0.0,6,8,2.116358658453114
2022-08-13,茄类,28.498,252.715,137.46408,28.498,0.0,58,3,8.867815285283177,4.823639553652888,0.838407531625716,0.0,6,8,2.116358658453114
2022-08-13,辣椒类,202.024,690.4338,405.41204000000005,202.024,0.0,302,13,3.4175830594384826,2.006751871064824,0.7030421691472211,0.0,6,8,2.116358658453114
2022-08-13,食用菌,59.707,497.55940000000004,317.39912,59.707,0.0,116,7,8.333351198351952,5.315944864086288,0.567614302144253,0.0,6,8,2.116358658453114
2022-08-14,水生根茎类,96.504,881.974,566.65316,96.504,0.0,149,6,9.139248114067811,5.871810080411174,0.5564618046072489,0.0,7,8,2.1190965092402463
2022-08-14,花叶类,374.997,1462.4814,783.68374,374.997,0.0,382,16,3.8999815998527985,2.0898400253868696,0.8661627457014738,0.0,7,8,2.1190965092402463
2022-08-14,花菜类,115.096,868.4920000000001,463.67359999999996,115.096,0.0,236,2,7.545805240842427,4.0285813581705705,0.8730676061781393,0.0,7,8,2.1190965092402463
2022-08-14,茄类,32.377,290.645,99.57633,32.377,0.0,72,3,8.976897180096982,3.0755267628254623,1.9188161483758237,0.0,7,8,2.1190965092402463
2022-08-14,辣椒类,162.309,615.689,319.56135,162.309,0.0,249,12,3.793313987517636,1.9688455353677246,0.9266691669690341,0.0,7,8,2.1190965092402463
2022-08-14,食用菌,58.801,491.1738,300.757,58.801,0.0,118,7,8.353153857927586,5.114827979116002,0.6331250810454949,0.0,7,8,2.1190965092402463
2022-08-15,水生根茎类,100.713,631.0052000000001,421.42984,100.713,0.0,93,5,6.2653798417284765,4.184463177544111,0.4972959674616302,0.0,1,8,2.1218343600273784
2022-08-15,花叶类,302.367,1209.887,672.29971,302.367,0.0,316,16,4.00138573323147,2.2234559657634594,0.7996244561819015,0.0,1,8,2.1218343600273784
2022-08-15,花菜类,78.549,592.5498,332.73904,78.549,0.0,172,2,7.543696291486842,4.236069714445759,0.7808243961994965,0.0,1,8,2.1218343600273784
2022-08-15,茄类,24.222,223.29,81.53984,24.222,0.0,57,3,9.218479068615308,3.366354553711502,1.738415969420592,0.0,1,8,2.1218343600273784
2022-08-15,辣椒类,97.675,427.07,190.22854,97.675,0.0,158,12,4.37235730739698,1.9475663168671618,1.2450364177741151,0.0,1,8,2.1218343600273784
2022-08-15,食用菌,44.922,362.5624,236.59211,44.922,0.0,93,7,8.070931837407063,5.2667314456168475,0.5324365635016317,0.0,1,8,2.1218343600273784
2022-08-16,水生根茎类,68.594,571.4556,353.03236000000004,68.594,0.0,93,6,8.330985217365951,5.146694463072573,0.6187060019087198,0.0,2,8,2.1245722108145104
2022-08-16,花叶类,321.252,1254.1988,739.87963,321.252,0.0,353,17,3.904096472551143,2.303112914472128,0.6951389782146047,0.0,2,8,2.1245722108145104
2022-08-16,花菜类,81.22,618.6484,343.17371999999995,81.22,0.0,171,2,7.616946564885497,4.2252366412213735,0.8027266190429738,0.0,2,8,2.1245722108145104
2022-08-16,茄类,18.14,169.088,57.00016,18.14,0.0,43,3,9.3212789415656,3.1422359426681368,1.9664478134798213,0.0,2,8,2.1245722108145104
2022-08-16,辣椒类,160.183,710.5814,291.59581000000003,160.183,0.0,212,14,4.436060006367717,1.8203917394480067,1.4368710922149392,0.0,2,8,2.1245722108145104
2022-08-16,食用菌,71.408,540.2728,343.74194,71.408,0.0,139,9,7.565998207483755,4.813773526775711,0.5717395439148334,0.0,2,8,2.1245722108145104
2022-08-17,水生根茎类,102.184,628.1024,435.37777,102.184,0.0,109,6,6.1467783606044,4.260723498786503,0.4426607036000023,0.0,3,8,2.127310061601643
2022-08-17,花叶类,288.796,1172.079,616.43557,288.796,0.0,307,15,4.0585015027908975,2.1345017590271333,0.901381193820467,0.0,3,8,2.127310061601643
2022-08-17,花菜类,82.876,623.9008,351.49931999999995,82.876,0.0,171,2,7.528123944205801,4.241267918335827,0.7749701478796605,0.0,3,8,2.127310061601643
2022-08-17,茄类,19.802,185.45,68.68624,19.802,0.0,44,3,9.365215634784365,3.4686516513483485,1.6999585360910716,0.0,3,8,2.127310061601643
2022-08-17,辣椒类,116.249,577.4782,288.58647,116.249,0.0,184,15,4.967597140620565,2.482485612779465,1.0010577765478748,0.0,3,8,2.127310061601643
2022-08-17,食用菌,39.88,393.97900000000004,245.5977,39.88,0.0,87,7,9.879112337011033,6.158417753259779,0.6041640455101984,0.0,3,8,2.127310061601643
2022-08-18,水生根茎类,78.82,594.4264000000001,403.8762,78.82,0.0,102,6,7.541568129916266,5.124031971580817,0.4718034882966613,0.0,4,8,2.130047912388775
2022-08-18,花叶类,406.218,1767.9992,979.19931,406.218,0.0,431,17,4.352340861310921,2.4105266384059787,0.8055560108595257,0.0,4,8,2.130047912388775
2022-08-18,花菜类,120.55,920.8108000000001,502.86628,120.55,0.0,250,2,7.638413936126089,4.171433264205724,0.831124568543351,0.0,4,8,2.130047912388775
2022-08-18,茄类,26.979,246.517,95.23401,26.979,0.0,61,3,9.137366099558916,3.5299310574891583,1.588539535403371,0.0,4,8,2.130047912388775
2022-08-18,辣椒类,178.976,793.4678,374.55919,178.976,0.0,253,14,4.433375424637941,2.0927900388878955,1.1184043034693665,0.0,4,8,2.130047912388775
2022-08-18,食用菌,57.668,432.55060000000003,266.6,57.668,0.0,103,8,7.500704029964626,4.623014496774641,0.6224703675918981,0.0,4,8,2.130047912388775
2022-08-19,水生根茎类,141.122,1081.212,763.27408,141.122,0.0,157,6,7.6615410779325686,5.408611555958673,0.4165448930219142,0.0,5,8,2.132785763175907
2022-08-19,花叶类,401.426,1816.6704,993.82136,401.426,0.0,510,16,4.525542441197132,2.4757274317059683,0.8279647360366653,0.0,5,8,2.132785763175907
2022-08-19,花菜类,186.155,1516.4584,842.12545,186.155,0.0,352,2,8.146213639171657,4.523786360828342,0.800751182617744,0.0,5,8,2.132785763175907
2022-08-19,茄类,89.616,855.428,299.89592,89.616,0.0,191,3,9.545482949473309,3.3464550973040526,1.8524162649495204,0.0,5,8,2.132785763175907
2022-08-19,辣椒类,324.681,1551.3778,711.48678,324.681,0.0,403,14,4.778160101761421,2.1913409777597086,1.180473121369873,0.0,5,8,2.132785763175907
2022-08-19,食用菌,91.655,635.5918,372.17071,91.655,0.0,151,9,6.934611314167258,4.060560907751896,0.7077964034300281,0.0,5,8,2.132785763175907
2022-08-20,水生根茎类,94.255,747.8864,514.38522,94.255,0.0,130,5,7.934713277810196,5.457378600604743,0.45394224196410593,0.0,6,8,2.135523613963039
2022-08-20,花叶类,402.043,1737.4066,977.25082,402.043,0.0,422,14,4.3214447210870475,2.4307121875023316,0.7778512582880206,0.0,6,8,2.135523613963039
2022-08-20,花菜类,123.124,1020.8008,553.95891,123.124,0.0,221,2,8.290835255514766,4.499195201585393,0.8427373972556922,0.0,6,8,2.135523613963039
2022-08-20,茄类,18.641,152.442,82.41179,18.641,0.0,47,3,8.177780162008476,4.42099619119146,0.8497596035712851,0.0,6,8,2.135523613963039
2022-08-20,辣椒类,194.548,925.5766,493.42273,194.548,0.0,277,11,4.757574480333902,2.5362518761436768,0.8758288658489648,0.0,6,8,2.135523613963039
2022-08-20,食用菌,66.018,451.8146,274.21652,66.018,0.0,108,7,6.8438092641400825,4.153662940410191,0.6476563848159109,0.0,6,8,2.135523613963039
2022-08-21,水生根茎类,87.765,679.6896,469.33647,87.765,0.0,131,5,7.7444265937446595,5.347649632541446,0.4481925941105749,0.0,7,8,2.138261464750171
2022-08-21,花叶类,352.675,1537.35,869.22774,352.675,0.0,377,15,4.359112497341745,2.4646707024881267,0.7686389069911641,0.0,7,8,2.138261464750171
2022-08-21,花菜类,82.198,684.244,367.06787,82.198,0.0,152,2,8.324338791698096,4.465654517141537,0.8640803402378965,0.0,7,8,2.138261464750171
2022-08-21,茄类,18.233,186.173,82.73174,18.233,0.0,39,2,10.210771677727198,4.53747271430922,1.2503213397905082,0.0,7,8,2.138261464750171
2022-08-21,辣椒类,214.489,951.7246,404.83016000000003,214.489,0.0,284,13,4.437172069430134,1.8874168838495216,1.350923162444221,0.0,7,8,2.138261464750171
2022-08-21,食用菌,58.002,438.8774,265.81838,58.002,0.0,103,8,7.566590807213545,4.582917485603945,0.6510423395101572,0.0,7,8,2.138261464750171
2022-08-22,水生根茎类,64.148,346.4032,246.38493,64.148,0.0,61,5,5.400062355802208,3.84088249049074,0.40594313134330107,0.0,1,8,2.1409993155373033
2022-08-22,花叶类,225.2,892.7568,466.93147,225.2,0.0,244,15,3.964284191829485,2.073407948490231,0.9119653682798463,0.0,1,8,2.1409993155373033
2022-08-22,花菜类,45.204,407.6388,199.74393,45.204,0.0,88,2,9.017759490310592,4.418722458189541,1.040806947174815,0.0,1,8,2.1409993155373033
2022-08-22,茄类,14.33,102.351,56.47099,14.33,0.0,36,3,7.142428471737613,3.940752965806001,0.8124527301540136,0.0,1,8,2.1409993155373033
2022-08-22,辣椒类,94.416,465.0,240.47634,94.416,0.0,141,12,4.925012709710219,2.546987163192679,0.9336621640199618,0.0,1,8,2.1409993155373033
2022-08-22,食用菌,30.278,191.3862,119.96272,30.278,0.0,48,7,6.320965717682807,3.9620424070282056,0.5953806315828785,0.0,1,8,2.1409993155373033
2022-08-23,水生根茎类,84.924,487.3448,336.31556,84.924,0.0,91,5,5.73859921812444,3.9601945268710845,0.4490700341072533,0.0,2,8,2.1437371663244353
2022-08-23,花叶类,192.283,829.8632,465.49694,192.283,0.0,216,17,4.3158427942147775,2.420894930909129,0.7827468425463762,0.0,2,8,2.1437371663244353
2022-08-23,花菜类,43.039,390.24559999999997,196.6214,43.039,0.0,88,2,9.067255280094797,4.568447222286763,0.9847564914093785,0.0,2,8,2.1437371663244353
2022-08-23,茄类,13.572000000000001,124.998,58.181160000000006,13.572000000000001,0.0,34,3,9.20999115826702,4.286852343059239,1.1484274290852916,0.0,2,8,2.1437371663244353
2022-08-23,辣椒类,98.414,458.84,233.56876,98.414,0.0,142,12,4.6623447883431215,2.3733285914605644,0.9644750436659422,0.0,2,8,2.1437371663244353
2022-08-23,食用菌,32.675,208.5428,131.71704,32.675,0.0,52,7,6.382335118592197,4.031125937260903,0.5832636384783625,0.0,2,8,2.1437371663244353
2022-08-24,水生根茎类,54.235,331.616,239.50831000000002,54.235,0.0,72,4,6.114427952429243,4.416120770720015,0.3845699132526965,0.0,3,8,2.1464750171115674
2022-08-24,花叶类,164.961,720.9564,436.07146,164.961,0.0,194,16,4.3704657464491605,2.6434821563884796,0.653298750622203,0.0,3,8,2.1464750171115674
2022-08-24,花菜类,43.512,388.3728,188.61756,43.512,0.0,77,2,8.925648097076667,4.334840044125758,1.059049009010614,0.0,3,8,2.1464750171115674
2022-08-24,茄类,14.23,127.388,62.96722,14.23,0.0,37,3,8.952073085031623,4.4249627547434995,1.023084392164685,0.0,3,8,2.1464750171115674
2022-08-24,辣椒类,52.23,262.9686,128.37256,52.23,0.0,82,12,5.034819069500287,2.4578318973769866,1.0484798308922092,0.0,3,8,2.1464750171115674
2022-08-24,食用菌,36.73,263.6894,163.39318,36.73,0.0,65,7,7.179128777566023,4.448493874217261,0.613833576162726,0.0,3,8,2.1464750171115674
2022-08-25,水生根茎类,49.421,376.6924,271.97607,49.421,0.0,72,4,7.622112057627325,5.503249023694381,0.3850203806533421,0.0,4,8,2.1492128678986995
2022-08-25,花叶类,223.786,1109.5782,651.3147799999999,223.786,0.0,326,24,4.958210969408274,2.9104357734621464,0.7035974525251831,0.0,4,8,2.1492128678986995
2022-08-25,花菜类,63.776,574.5004,307.7592,63.776,0.0,134,2,9.008097089814349,4.825627195183141,0.8667204749687416,0.0,4,8,2.1492128678986995
2022-08-25,茄类,12.514,120.976,54.515930000000004,12.514,0.0,33,3,9.667252677001759,4.356395237334186,1.2190944921970512,0.0,4,8,2.1492128678986995
2022-08-25,辣椒类,95.888,516.7702,246.95803,95.888,0.0,146,13,5.389310445519773,2.57548421074587,1.092542607341013,0.0,4,8,2.1492128678986995
2022-08-25,食用菌,41.899,353.5872,218.17079,41.899,0.0,86,8,8.439036731186901,5.207064369078021,0.6206899191225368,0.0,4,8,2.1492128678986995
2022-08-26,水生根茎类,46.976,292.4932,209.71124,46.976,0.0,66,3,6.226439032697548,4.464220878746594,0.3947425993952447,0.0,5,8,2.1519507186858315
2022-08-26,花叶类,198.263,982.8542,579.60577,198.263,0.0,264,18,4.957325370845796,2.9234187417722923,0.6957288054603046,0.0,5,8,2.1519507186858315
2022-08-26,花菜类,45.894,415.2564,239.53482000000002,45.894,0.0,87,2,9.048163158582822,5.219305791606747,0.7335951407816199,0.0,5,8,2.1519507186858315
2022-08-26,茄类,11.488,100.84159999999999,61.014540000000004,11.488,0.0,30,3,8.77799442896936,5.311154247910864,0.6527470337398262,0.0,5,8,2.1519507186858315
2022-08-26,辣椒类,104.538,512.9094,269.45782,104.538,0.0,164,13,4.906439763530965,2.5776064206317324,0.9034867869115841,0.0,5,8,2.1519507186858315
2022-08-26,食用菌,47.85,313.0092,197.94135,47.85,0.0,84,8,6.541467084639499,4.136705329153605,0.5813229524806214,0.0,5,8,2.1519507186858315
2022-08-27,水生根茎类,103.361,640.1652,433.43592,103.361,0.0,127,4,6.193488840084751,4.19341840732965,0.4769546557193507,0.0,6,8,2.1546885694729636
2022-08-27,花叶类,321.195,1442.5086,695.49432,321.195,0.0,408,18,4.491068042777751,2.165333582403213,1.074076751626095,0.0,6,8,2.1546885694729636
2022-08-27,花菜类,57.998,565.3100000000001,326.7506,57.998,0.0,128,2,9.747060243456673,5.6338253043208395,0.7300962875049044,0.0,6,8,2.1546885694729636
2022-08-27,茄类,14.129,139.457,53.67797,14.129,0.0,39,3,9.870266827093213,3.799134404416449,1.5980304396757177,0.0,6,8,2.1546885694729636
2022-08-27,辣椒类,131.705,726.669,322.84802,131.705,0.0,190,13,5.517398732014729,2.4512966098477658,1.250808290538687,0.0,6,8,2.1546885694729636
2022-08-27,食用菌,60.866,549.8714,349.18435,60.866,0.0,138,10,9.034130713370354,5.736936056254724,0.5747309408339749,0.0,6,8,2.1546885694729636
2022-08-28,水生根茎类,102.31,730.2712,497.78228,102.31,0.0,132,4,7.137828169289414,4.865431336135275,0.46704940963346453,0.0,7,8,2.1574264202600957
2022-08-28,花叶类,247.638,1377.5452,794.98881,247.638,0.0,337,14,5.562737544318724,3.210286022339059,0.7327856476369778,0.0,7,8,2.1574264202600957
2022-08-28,花菜类,88.504,850.6,520.62728,88.504,0.0,186,2,9.610865045647653,5.882528247310856,0.6337983672311598,0.0,7,8,2.1574264202600957
2022-08-28,茄类,24.743,213.3148,127.03561,24.743,0.0,59,4,8.621218122297215,5.134204017297822,0.6791732648821851,0.0,7,8,2.1574264202600957
2022-08-28,辣椒类,205.683,1020.2458,469.2767,205.683,0.0,277,12,4.96028257075208,2.2815531667663347,1.174081517364915,0.0,7,8,2.1574264202600957
2022-08-28,食用菌,63.953,486.5946,315.10544,63.953,0.0,104,8,7.608628211342705,4.9271408690757275,0.5442278622673096,0.0,7,8,2.1574264202600957
2022-08-29,水生根茎类,58.775,381.18,272.81175,58.775,0.0,63,3,6.485410463632497,4.641629094002552,0.3972272088720519,0.0,1,8,2.1601642710472277
2022-08-29,花叶类,284.118,1234.5184,721.76474,284.118,0.0,293,17,4.345090420177532,2.540369635151592,0.7104166102655556,0.0,1,8,2.1601642710472277
2022-08-29,花菜类,45.407000000000004,414.3284,313.7933,45.407000000000004,0.0,104,2,9.124769308696896,6.9106811725064405,0.32038638173600287,0.0,1,8,2.1601642710472277
2022-08-29,茄类,12.904,112.199,62.00893,12.904,0.0,35,3,8.694900805951642,4.805403750774953,0.8094006782571477,0.0,1,8,2.1601642710472277
2022-08-29,辣椒类,92.42,454.2284,215.62806,92.42,0.0,130,13,4.914827959316166,2.3331320060592944,1.1065365982516377,0.0,1,8,2.1601642710472277
2022-08-29,食用菌,57.085,368.6262,224.62774,57.085,0.0,92,7,6.457496715424367,3.9349696067268107,0.6410537718983416,0.0,1,8,2.1601642710472277
2022-08-30,水生根茎类,93.293,526.4792,371.3697,93.293,0.0,102,4,5.643287277716441,3.9806812944165157,0.4176687004890274,0.0,2,8,2.16290212183436
2022-08-30,花叶类,224.727,952.8636,599.32884,224.727,0.0,252,15,4.240093980696579,2.6669195957762084,0.5898844447398863,0.0,2,8,2.16290212183436
2022-08-30,花菜类,66.738,800.856,441.62496,66.738,0.0,166,2,12.0,6.617293895531781,0.8134301104720167,0.0,2,8,2.16290212183436
2022-08-30,茄类,7.515,56.204,33.13874,7.515,0.0,24,3,7.47890884896873,4.409679308050565,0.6960210315781472,0.0,2,8,2.16290212183436
2022-08-30,辣椒类,89.804,492.5136,247.56589,89.804,0.0,144,10,5.484316956928422,2.756735668789809,0.9894243104330729,0.0,2,8,2.16290212183436
2022-08-30,食用菌,30.724,437.9118,275.99657,30.724,0.0,88,7,14.253085535737535,8.983093672698867,0.5866566747550523,0.0,2,8,2.16290212183436
2022-08-31,水生根茎类,28.994,226.7568,161.2703,28.994,0.0,43,2,7.820818100296613,5.562195626681382,0.4060667091212702,0.0,3,8,2.1656399726214923
2022-08-31,花叶类,203.409,872.7332,530.47302,203.409,0.0,211,15,4.290533850517923,2.6079132191790926,0.6451980913185746,0.0,3,8,2.1656399726214923
2022-08-31,花菜类,35.261,462.716,263.62467,35.261,0.0,82,2,13.122600039703922,7.476380987493263,0.7552075077040403,0.0,3,8,2.1656399726214923
2022-08-31,茄类,3.3040000000000003,24.323,14.12548,3.3040000000000003,0.0,10,3,7.361682808716706,4.275266343825665,0.7219237859527607,0.0,3,8,2.1656399726214923
2022-08-31,辣椒类,47.055,273.009,144.12111,47.055,0.0,84,8,5.801912655403252,3.062822441823398,0.8943026458788725,0.0,3,8,2.1656399726214923
2022-08-31,食用菌,18.904,216.7694,131.06804,18.904,0.0,47,5,11.466853575962759,6.933349555649598,0.653869242265315,0.0,3,8,2.1656399726214923
2022-09-01,水生根茎类,51.993,520.0654000000001,339.24211,51.993,0.0,95,4,10.00260419671879,6.524765064527918,0.5330213575195604,0.0,4,9,2.1683778234086244
2022-09-01,花叶类,271.034,1204.202,794.9483799999999,271.034,0.0,289,16,4.442992392098408,2.933020875609702,0.5148178552172156,0.0,4,9,2.1683778234086244
2022-09-01,花菜类,47.503,608.526,376.49636,47.503,0.0,103,2,12.810264614866428,7.925738584931477,0.6162865425843691,0.0,4,9,2.1683778234086244
2022-09-01,茄类,10.138,118.247,58.50543,10.138,0.0,27,2,11.663740382718485,5.7709045176563425,1.0211286371196655,0.0,4,9,2.1683778234086244
2022-09-01,辣椒类,88.341,546.1748,262.78544,88.341,0.0,132,13,6.1825743426042274,2.974671330412832,1.078405866017539,0.0,4,9,2.1683778234086244
2022-09-01,食用菌,56.275,516.4152,311.22832999999997,56.275,0.0,116,6,9.17663616170591,5.53049009329187,0.6592808244673616,0.0,4,9,2.1683778234086244
2022-09-02,水生根茎类,48.667,425.3118,296.09434,48.667,0.0,79,3,8.739223703947234,6.084088602132861,0.43640638318179303,0.0,5,9,2.1711156741957565
2022-09-02,花叶类,267.717,1287.577,889.51102,267.717,0.0,291,18,4.8094704482718695,3.3225795149355477,0.44751101565891793,0.0,5,9,2.1711156741957565
2022-09-02,花菜类,42.416000000000004,547.22,343.41716,42.416000000000004,0.0,95,2,12.90126367408525,8.096406073179931,0.5934556094983723,0.0,5,9,2.1711156741957565
2022-09-02,茄类,4.884,43.654,23.51926,4.884,0.0,14,2,8.938165438165438,4.8155733005733,0.8560958125383198,0.0,5,9,2.1711156741957565
2022-09-02,辣椒类,81.547,464.1798,287.64138,81.547,0.0,137,13,5.692175064686623,3.527307932848542,0.6137448652207131,0.0,5,9,2.1711156741957565
2022-09-02,食用菌,43.346,389.3398,240.132,43.346,0.0,85,7,8.982139067041944,5.539888340331288,0.6213574200856198,0.0,5,9,2.1711156741957565
2022-09-03,水生根茎类,86.384,742.599,531.34474,86.384,0.0,119,3,8.596487775513985,6.150962446749398,0.3975841748240514,0.0,6,9,2.1738535249828885
2022-09-03,花叶类,333.715,1644.2162,1062.58801,333.715,0.0,363,18,4.927007176782585,3.1841182146442324,0.5473694268392886,0.0,6,9,2.1738535249828885
2022-09-03,花菜类,50.065,635.654,413.21184,50.065,0.0,111,2,12.696574453210827,8.253507240587236,0.5383247488745726,0.0,6,9,2.1738535249828885
2022-09-03,茄类,15.738,143.333,95.75216999999999,15.738,0.0,42,2,9.107446943703138,6.084138391155165,0.4969164667495265,0.0,6,9,2.1738535249828885
2022-09-03,辣椒类,154.947,835.7882,490.22769999999997,154.947,0.0,219,14,5.394026344491987,3.1638411844049896,0.7048979484431419,0.0,6,9,2.1738535249828885
2022-09-03,食用菌,52.745,581.9834000000001,327.41581,52.745,0.0,120,7,11.033906531424782,6.207523177552376,0.7775054906481151,0.0,6,9,2.1738535249828885
2022-09-04,水生根茎类,121.857,940.594,656.37689,121.857,0.0,161,4,7.7188343714353715,5.386452070869955,0.43300901407421577,0.0,7,9,2.1765913757700206
2022-09-04,花叶类,408.528,2026.066,1370.67857,408.528,0.0,427,18,4.959429953393648,3.3551643216621625,0.47814815547893197,0.0,7,9,2.1765913757700206
2022-09-04,花菜类,58.367,754.244,470.72657999999996,58.367,0.0,130,2,12.922439049462882,8.064943889526615,0.6022974525891445,0.0,7,9,2.1765913757700206
2022-09-04,茄类,18.362000000000002,171.937,136.47761,18.362000000000002,0.0,49,2,9.363740333297025,7.432611371310314,0.25981836874194975,0.0,7,9,2.1765913757700206
2022-09-04,辣椒类,155.104,899.667,504.91152,155.104,0.0,213,14,5.800411336909428,3.2553094697751184,0.7818310027863891,0.0,7,9,2.1765913757700206
2022-09-04,食用菌,72.954,755.1858,482.33035,72.954,0.0,155,8,10.351533843243688,6.611431175809415,0.5657024278069998,0.0,7,9,2.1765913757700206
2022-09-05,水生根茎类,59.199,444.63640000000004,311.79792,59.199,0.0,75,4,7.510876872920152,5.266945725434551,0.42604030200073195,0.0,1,9,2.1793292265571527
2022-09-05,花叶类,202.456,1207.0328,670.56559,202.456,0.0,233,16,5.961951238787687,3.3121546904018655,0.8000219784614953,0.0,1,9,2.1793292265571527
2022-09-05,花菜类,50.342,653.078,420.81944999999996,50.342,0.0,106,2,12.972825871042073,8.359211989988479,0.551919712836467,0.0,1,9,2.1793292265571527
2022-09-05,茄类,9.929,103.514,80.84678000000001,9.929,0.0,23,2,10.42542048544667,8.142489676704603,0.2803725763722438,0.0,1,9,2.1793292265571527
2022-09-05,辣椒类,89.749,508.904,277.94179,89.749,0.0,127,12,5.670302733178086,3.0968789624396935,0.8309733127933008,0.0,1,9,2.1793292265571527
2022-09-05,食用菌,40.526,372.3388,253.13547,40.526,0.0,81,6,9.187652371317178,6.246248581157775,0.47090725768301045,0.0,1,9,2.1793292265571527
2022-09-06,水生根茎类,47.777,374.2398,259.10878,47.777,0.0,67,4,7.833053561337045,5.423295309458527,0.44433469217060084,0.0,2,9,2.1820670773442847
2022-09-06,花叶类,178.559,1149.0188,630.3360299999999,178.559,0.0,207,16,6.434953152739431,3.530127464871555,0.8228670824988382,0.0,2,9,2.1820670773442847
2022-09-06,花菜类,33.115,422.266,279.60508,33.115,0.0,68,2,12.751502340329155,8.443457043635814,0.5102229186966132,0.0,2,9,2.1820670773442847
2022-09-06,茄类,10.565,100.90899999999999,75.69366000000001,10.565,0.0,24,3,9.551254141031707,7.16456791292002,0.33312354033349645,0.0,2,9,2.1820670773442847
2022-09-06,辣椒类,77.491,522.0356,302.72203,77.491,0.0,128,10,6.736725555225768,3.906544372894917,0.724471786873258,0.0,2,9,2.1820670773442847
2022-09-06,食用菌,27.905,353.0738,225.88637,27.905,0.0,65,7,12.652707400107507,8.094834975810786,0.5630593381973426,0.0,2,9,2.1820670773442847
2022-09-07,水生根茎类,50.688,362.6694,254.70144,50.688,0.0,61,4,7.154936079545454,5.024886363636363,0.42390007689002474,0.0,3,9,2.184804928131417
2022-09-07,花叶类,204.624,1271.5916,513.15477,204.624,0.0,222,14,6.214283759480804,2.507793660567675,1.4779884634025717,0.0,3,9,2.184804928131417
2022-09-07,花菜类,36.812,515.368,322.65567999999996,36.812,0.0,78,3,14.000000000000002,8.76495925241769,0.597269262391414,0.0,3,9,2.184804928131417
2022-09-07,茄类,12.388,147.2144,92.49128,12.388,0.0,29,3,11.883629318695514,7.466199547949629,0.5916570729694735,0.0,3,9,2.184804928131417
2022-09-07,辣椒类,62.203,388.2118,229.59455,62.203,0.0,93,12,6.241046251788498,3.6910526823465104,0.6908580800371784,0.0,3,9,2.184804928131417
2022-09-07,食用菌,34.1,369.3848,239.60666,34.1,0.0,63,8,10.832398826979471,7.026588269794721,0.5416299363298165,0.0,3,9,2.184804928131417
2022-09-08,水生根茎类,39.867,326.2872,228.31204,39.867,0.0,60,4,8.184393107081045,5.726842752150902,0.4291283105350028,0.0,4,9,2.187542778918549
2022-09-08,花叶类,176.914,1199.5628,633.47121,176.914,0.0,221,17,6.780485433600506,3.5806731519269253,0.8936342821325689,0.0,4,9,2.187542778918549
2022-09-08,花菜类,41.84,585.76,348.45357,41.84,0.0,100,3,13.999999999999998,8.328240200764817,0.6810274034500494,0.0,4,9,2.187542778918549
2022-09-08,茄类,7.918,92.7148,63.529180000000004,7.918,0.0,18,3,11.709371053296286,8.023387218994696,0.4594049537551088,0.0,4,9,2.187542778918549
2022-09-08,辣椒类,80.883,451.3848,240.32998,80.883,0.0,108,12,5.580712881569675,2.9713287093703253,0.8781876484989513,0.0,4,9,2.187542778918549
2022-09-08,食用菌,34.362,372.3222,237.22563,34.362,0.0,61,8,10.835288982015017,6.903720097782434,0.5694855568515089,0.0,4,9,2.187542778918549
2022-09-09,水生根茎类,95.459,843.9544000000001,592.22989,95.459,0.0,113,4,8.841014466943925,6.2040236122314285,0.42504526409499555,0.0,5,9,2.190280629705681
2022-09-09,花叶类,212.923,1404.556,770.28075,212.923,0.0,250,18,6.596544290659065,3.6176493380236048,0.8234338583691725,0.0,5,9,2.190280629705681
2022-09-09,花菜类,67.57,945.98,564.0472199999999,67.57,0.0,155,2,14.000000000000002,8.347598342459671,0.6771290885894272,0.0,5,9,2.190280629705681
2022-09-09,茄类,4.65,50.896,35.92230000000001,4.65,0.0,11,3,10.945376344086021,7.725225806451614,0.4168357816732222,0.0,5,9,2.190280629705681
2022-09-09,辣椒类,156.365,1032.1108,531.06465,156.365,0.0,214,13,6.600651040833945,3.396314072842388,0.9434748669488731,0.0,5,9,2.190280629705681
2022-09-09,食用菌,73.723,733.2002,459.01756,73.723,0.0,120,8,9.94533863244849,6.226246354597616,0.5973249476555973,0.0,5,9,2.190280629705681
2022-09-10,水生根茎类,155.467,1119.5176000000001,748.99553,155.467,0.0,190,5,7.2009982825937335,4.817713919995883,0.4946919643165293,0.0,6,9,2.193018480492813
2022-09-10,花叶类,399.263,2652.9512,1421.30525,399.263,0.0,522,19,6.644620713664928,3.559822097214117,0.8665597696202136,0.0,6,9,2.193018480492813
2022-09-10,花菜类,72.293,1012.102,630.42185,72.293,0.0,175,2,13.999999999999998,8.720371958557536,0.6054361059979123,0.0,6,9,2.193018480492813
2022-09-10,茄类,0.491,4.5172,2.7594200000000004,0.491,0.0,2,1,9.2,5.620000000000001,0.6370106761565832,0.0,6,9,2.193018480492813
2022-09-10,辣椒类,142.777,942.8634000000001,474.74128,142.777,0.0,227,13,6.6037485029101335,3.3250543154709797,0.9860573321115029,0.0,6,9,2.193018480492813
2022-09-10,食用菌,106.148,1107.031,644.45285,106.148,0.0,176,9,10.42912725628368,6.0712670045596715,0.7177843188993578,0.0,6,9,2.193018480492813
2022-09-11,水生根茎类,95.482,783.288,528.20109,95.482,0.0,137,4,8.203514798600784,5.531944136067532,0.4829352207508697,0.0,7,9,2.195756331279945
2022-09-11,花叶类,289.554,1937.6960000000001,1026.23089,289.554,0.0,364,19,6.692002182667138,3.5441779080931366,0.8881676812515362,0.0,7,9,2.195756331279945
2022-09-11,花菜类,57.265,801.71,531.9662,57.265,0.0,136,2,14.0,9.289552082423818,0.5070694341106636,0.0,7,9,2.195756331279945
2022-09-11,茄类,6.927,96.97800000000001,57.978989999999996,6.927,0.0,17,1,14.000000000000002,8.37,0.672640382317802,0.0,7,9,2.195756331279945
2022-09-11,辣椒类,83.479,638.0768,397.92634,83.479,0.0,156,11,7.643560655973359,4.7667837420189505,0.6035048094579516,0.0,7,9,2.195756331279945
2022-09-11,食用菌,77.377,957.6452,566.43171,77.377,0.0,154,10,12.37635473073394,7.320414464246482,0.6906631163004628,0.0,7,9,2.195756331279945
2022-09-12,水生根茎类,33.861,329.5076,237.95753,33.861,0.0,39,4,9.73118336729571,7.027480877705916,0.38473281345625,0.0,1,9,2.198494182067077
2022-09-12,花叶类,261.19,1711.4432,909.73915,261.19,0.0,332,19,6.552483632604617,3.483055055706574,0.8812460692716149,0.0,1,9,2.198494182067077
2022-09-12,花菜类,66.044,924.616,600.49396,66.044,0.0,150,2,14.0,9.092331778814124,0.5397590343789636,0.0,1,9,2.198494182067077
2022-09-12,辣椒类,144.6,907.7822,551.81944,144.6,0.0,225,11,6.277885200553251,3.8161786998616876,0.6450710761476617,0.0,1,9,2.198494182067077
2022-09-12,食用菌,91.587,1061.3902,523.30474,91.587,0.0,179,9,11.588873966829354,5.713744745433304,1.0282449572308479,0.0,1,9,2.198494182067077
2022-09-13,水生根茎类,17.11,168.714,103.58657,17.11,0.0,26,4,9.860549386323788,6.0541537112799535,0.6287246503093982,0.0,2,9,2.2012320328542097
2022-09-13,花叶类,152.625,1015.3216,542.01751,152.625,0.0,202,17,6.652393775593776,3.551302276822277,0.8732265679018378,0.0,2,9,2.2012320328542097
2022-09-13,花菜类,43.064,557.236,353.19274,43.064,0.0,100,2,12.939717629574586,8.20157765186699,0.5777107989252552,0.0,2,9,2.2012320328542097
2022-09-13,辣椒类,95.551,679.2414,367.42394,95.551,0.0,146,11,7.108679134702934,3.845317579093887,0.8486585278030603,0.0,2,9,2.2012320328542097
2022-09-13,食用菌,46.319,534.1672,291.94709,46.319,0.0,92,10,11.532356052591808,6.302966169390531,0.8296712599533018,0.0,2,9,2.2012320328542097
2022-09-14,水生根茎类,23.651,160.2716,95.93059,23.651,0.0,24,4,6.776525305483912,4.0560902287429705,0.6707037869776473,0.0,3,9,2.2039698836413417
2022-09-14,花叶类,130.157,809.6104,388.27433,130.157,0.0,161,17,6.220260147360495,2.9831229207802883,1.085150465651438,0.0,3,9,2.2039698836413417
2022-09-14,花菜类,33.92,433.906,277.52635,33.92,0.0,76,2,12.792040094339622,8.181790978773584,0.5634767653593975,0.0,3,9,2.2039698836413417
2022-09-14,辣椒类,63.004,442.8506,285.2833,63.004,0.0,96,9,7.028928322011301,4.528018855945654,0.5523186951356773,0.0,3,9,2.2039698836413417
2022-09-14,食用菌,36.102,390.408,241.28558,36.102,0.0,65,8,10.814026923716138,6.683440806603513,0.618032872084606,0.0,3,9,2.2039698836413417
2022-09-15,水生根茎类,21.823,170.1288,110.20701,21.823,0.0,23,4,7.795848416807956,5.050039407964074,0.5437203132541208,0.0,4,9,2.206707734428474
2022-09-15,花叶类,118.569,763.5448,381.40233,118.569,0.0,149,14,6.439666354612083,3.2167120410899983,1.001940575454796,0.0,4,9,2.206707734428474
2022-09-15,花菜类,21.549,269.966,171.46454,21.549,0.0,51,2,12.52800593995081,7.956960415796557,0.5744713163433093,0.0,4,9,2.206707734428474
2022-09-15,辣椒类,65.775,350.5722,214.71862,65.775,0.0,81,11,5.329870011402508,3.264441201064234,0.6327051654858808,0.0,4,9,2.206707734428474
2022-09-15,食用菌,43.985,413.14180000000005,245.47361,43.985,0.0,75,11,9.392788450608164,5.58084824371945,0.6830395739892368,0.0,4,9,2.206707734428474
2022-09-16,水生根茎类,13.137,161.6464,104.54286,13.137,0.0,22,4,12.304666209941386,7.957894496460379,0.5462213297015213,0.0,5,9,2.209445585215606
2022-09-16,花叶类,130.133,829.33,416.81317,130.133,0.0,170,19,6.372941529051047,3.202978260702512,0.9896924082317264,0.0,5,9,2.209445585215606
2022-09-16,花菜类,37.213,429.584,298.12136,37.213,0.0,79,2,11.543922822669497,8.0112154354661,0.44097021427783645,0.0,5,9,2.209445585215606
2022-09-16,辣椒类,90.163,561.7628,373.17831,90.163,0.0,111,12,6.23052471634706,4.138929605270455,0.5053468675604429,0.0,5,9,2.209445585215606
2022-09-16,食用菌,33.119,406.589,236.13297,33.119,0.0,73,10,12.276608593254627,7.129833932183943,0.7218645918018141,0.0,5,9,2.209445585215606
2022-09-17,水生根茎类,42.769,369.1852,250.28065,42.769,0.0,45,6,8.632074633496224,5.851917276532068,0.47508486972524633,0.0,6,9,2.212183436002738
2022-09-17,花叶类,271.045,1666.6628,884.96877,271.045,0.0,326,19,6.149026176465163,3.265025254109096,0.8833012604501287,0.0,6,9,2.212183436002738
2022-09-17,花菜类,62.577,726.6990000000001,485.1732,62.577,0.0,144,2,11.612876935615324,7.753219233903831,0.4978135643106423,0.0,6,9,2.212183436002738
2022-09-17,辣椒类,151.062,1070.3822,692.56875,151.062,0.0,212,13,7.085714474851385,4.5846655677801165,0.5455248305673626,0.0,6,9,2.212183436002738
2022-09-17,食用菌,84.943,956.9314,536.0487400000001,84.943,0.0,167,9,11.265571029984814,6.3106876375922685,0.7851574466903886,0.0,6,9,2.212183436002738
2022-09-18,水生根茎类,54.627,314.818,207.5109,54.627,0.0,36,5,5.763047577205411,3.798687462243945,0.5171154864636027,0.0,7,9,2.21492128678987
2022-09-18,花叶类,308.257,1722.2012,901.64863,308.257,0.0,387,18,5.586900540782529,2.9249899596765037,0.9100580233787967,0.0,7,9,2.21492128678987
2022-09-18,花菜类,57.716,668.776,402.34695999999997,57.716,0.0,127,2,11.587358791323028,6.971151153926121,0.6621872823396004,0.0,7,9,2.21492128678987
2022-09-18,辣椒类,154.493,972.6928,673.92382,154.493,0.0,205,12,6.296031535409372,4.36216411099532,0.44332752624769967,0.0,7,9,2.21492128678987
2022-09-18,食用菌,70.253,837.0636000000001,467.30998,70.253,0.0,149,8,11.91498726033052,6.651815296143937,0.7912384409166695,0.0,7,9,2.21492128678987
2022-09-19,水生根茎类,7.422,75.49600000000001,55.89636,7.422,0.0,9,3,10.171921315009433,7.531172190784155,0.3506425105319919,0.0,1,9,2.217659137577002
2022-09-19,花叶类,151.608,850.5988,480.0996,151.608,0.0,210,18,5.610513957047122,3.1667167959474436,0.7717132028437432,0.0,1,9,2.217659137577002
2022-09-19,花菜类,37.255,431.873,238.77322,37.255,0.0,82,2,11.592350020131525,6.40915903905516,0.808716237105652,0.0,1,9,2.217659137577002
2022-09-19,辣椒类,37.683,190.1014,90.61778,37.683,0.0,44,10,5.044752275561925,2.4047390069792742,1.0978377532532804,0.0,1,9,2.217659137577002
2022-09-19,食用菌,19.862000000000002,270.7566,147.49133,19.862000000000002,0.0,49,5,13.631890041284864,7.425804551404692,0.8357458706216832,0.0,1,9,2.217659137577002
2022-09-20,水生根茎类,14.946,138.0888,101.19698,14.946,0.0,21,3,9.239181051786431,6.770840358624381,0.3645545548888911,0.0,2,9,2.220396988364134
2022-09-20,花叶类,178.637,947.2284,521.4583,178.637,0.0,252,19,5.302531950267862,2.919094588467115,0.8164988456411568,0.0,2,9,2.220396988364134
2022-09-20,花菜类,38.15,420.11400000000003,228.19629999999998,38.15,0.0,81,2,11.012162516382702,5.981554390563565,0.8410202093548409,0.0,2,9,2.220396988364134
2022-09-20,辣椒类,63.862,331.5082,176.53584,63.862,0.0,68,11,5.191008737590429,2.764333093232282,0.8778521120697076,0.0,2,9,2.220396988364134
2022-09-20,食用菌,26.54,420.1116,226.74341,26.54,0.0,75,6,15.829374529012812,8.543459306706858,0.8528062182711287,0.0,2,9,2.220396988364134
2022-09-21,水生根茎类,13.259,180.88240000000002,111.72327,13.259,0.0,22,3,13.64223546270458,8.426221434497322,0.6190217132026303,0.0,3,9,2.223134839151266
2022-09-21,花叶类,162.558,821.9996,435.24447,162.558,0.0,214,20,5.056654240332682,2.677471856199018,0.8885928636841729,0.0,3,9,2.223134839151266
2022-09-21,花菜类,32.068,344.4064,190.64244000000002,32.068,0.0,65,2,10.73987775976051,5.944943245603095,0.806556819142684,0.0,3,9,2.223134839151266
2022-09-21,辣椒类,76.458,487.7682,276.57328,76.458,0.0,114,11,6.379557404064976,3.617322974705067,0.7636128840790402,0.0,3,9,2.223134839151266
2022-09-21,食用菌,37.305,396.2398,226.84056,37.305,0.0,74,6,10.621627127730868,6.080701246481706,0.7467766787385817,0.0,3,9,2.223134839151266
2022-09-22,水生根茎类,17.694,182.62040000000002,120.40391,17.694,0.0,23,3,10.321035379224597,6.804787498587092,0.5167314749163878,0.0,4,9,2.2258726899383983
2022-09-22,花叶类,153.00900000000001,800.3442,434.21192,153.00900000000001,0.0,201,18,5.230700154892849,2.8378194746714245,0.8432110293056903,0.0,4,9,2.2258726899383983
2022-09-22,花菜类,48.117,504.5872,277.52178000000004,48.117,0.0,102,2,10.486672070162314,5.76764511503211,0.8181895489427893,0.0,4,9,2.2258726899383983
2022-09-22,辣椒类,65.801,428.746,263.52286,65.801,0.0,96,9,6.515797632254828,4.004845823011808,0.626978395726276,0.0,4,9,2.2258726899383983
2022-09-22,食用菌,41.485,451.6298,254.92402,41.485,0.0,87,8,10.886580691816318,6.144968542846812,0.7716251297151204,0.0,4,9,2.2258726899383983
2022-09-23,水生根茎类,25.662,260.0312,171.05478,25.662,0.0,30,3,10.13292806484296,6.665683890577507,0.5201633067488673,0.0,5,9,2.2286105407255303
2022-09-23,花叶类,164.335,832.172,426.53772,164.335,0.0,232,17,5.063875619922719,2.595537895153193,0.9509927515906449,0.0,5,9,2.2286105407255303
2022-09-23,花菜类,52.59,536.9048,305.18574,52.59,0.0,118,2,10.20925651264499,5.803113519680547,0.7592722386045954,0.0,5,9,2.2286105407255303
2022-09-23,辣椒类,73.708,524.726,288.70931,73.708,0.0,115,12,7.118983014055463,3.9169331687198135,0.817489016893844,0.0,5,9,2.2286105407255303
2022-09-23,食用菌,43.005,478.3818,271.7796,43.005,0.0,88,8,11.123864666899197,6.319720962678758,0.7601828834835285,0.0,5,9,2.2286105407255303
2022-09-24,水生根茎类,45.677,475.14520000000005,325.94389,45.677,0.0,52,2,10.402285614204086,7.135842765505616,0.45775151667975744,0.0,6,9,2.2313483915126624
2022-09-24,花叶类,282.954,1514.3310000000001,735.01469,282.954,0.0,388,19,5.351862846964525,2.5976472854244856,1.060273108283047,0.0,6,9,2.2313483915126624
2022-09-24,花菜类,68.758,711.3796,406.04359,68.758,0.0,140,2,10.346135722388668,5.905401407836179,0.7519784021218019,0.0,6,9,2.2313483915126624
2022-09-24,辣椒类,181.297,1221.0394000000001,649.09433,181.297,0.0,241,12,6.735022642404453,3.5802816924714698,0.8811432230504925,0.0,6,9,2.2313483915126624
2022-09-24,食用菌,91.578,704.2918000000001,398.56065,91.578,0.0,148,7,7.69062220183887,4.3521440739042125,0.7670881458066674,0.0,6,9,2.2313483915126624
2022-09-25,水生根茎类,13.012,201.85920000000002,101.10012,13.012,0.0,36,3,15.513310790039963,7.7697602213341534,0.9966267102353588,0.0,7,9,2.2340862422997945
2022-09-25,花叶类,248.889,1185.1096,521.46189,248.889,0.0,310,19,4.7615989457147565,2.0951584441256945,1.2726677111533502,0.0,7,9,2.2340862422997945
2022-09-25,花菜类,49.526,545.8272,313.45588000000004,49.526,0.0,98,2,11.021023300892459,6.329117635181521,0.741320660502524,0.0,7,9,2.2340862422997945
2022-09-25,辣椒类,118.323,768.6486,403.71424,118.323,0.0,167,13,6.496189244694607,3.411967580267573,0.9039422538080399,0.0,7,9,2.2340862422997945
2022-09-25,食用菌,95.061,917.6434,556.48094,95.061,0.0,179,8,9.65320583625251,5.853935262620843,0.6490113749448454,0.0,7,9,2.2340862422997945
2022-09-26,水生根茎类,32.568,311.1084,203.30675,32.568,0.0,53,4,9.552579218865144,6.242531012036355,0.5302413717203194,0.0,1,9,2.236824093086927
2022-09-26,花叶类,134.761,711.5392,339.90798,134.761,0.0,179,19,5.280008311009863,2.522302298142638,1.0933289062528044,0.0,1,9,2.236824093086927
2022-09-26,花菜类,27.747,300.8292,179.85387,27.747,0.0,55,2,10.841863985295708,6.481921288787977,0.6726312311211318,0.0,1,9,2.236824093086927
2022-09-26,辣椒类,45.723,354.993,213.02773,45.723,0.0,75,12,7.763991864050915,4.6590934540603195,0.6664168556835302,0.0,1,9,2.236824093086927
2022-09-26,食用菌,33.824,285.7572,124.4194,33.824,0.0,43,7,8.44835619678335,3.6784354304635762,1.296725430278558,0.0,1,9,2.236824093086927
2022-09-27,水生根茎类,35.242,284.9848,199.28364,35.242,0.0,50,3,8.086510413710913,5.654719936439476,0.43004613926160706,0.0,2,9,2.239561943874059
2022-09-27,花叶类,95.891,481.0074,204.82958,95.891,0.0,132,15,5.01618921483768,2.1360667841611827,1.348329767604855,0.0,2,9,2.239561943874059
2022-09-27,花菜类,21.114,215.676,126.90198000000001,21.114,0.0,55,2,10.214833759590793,6.010323955669224,0.6995479503156687,0.0,2,9,2.239561943874059
2022-09-27,辣椒类,53.422,374.3512,226.7869,53.422,0.0,81,8,7.007435139081278,4.245196735427352,0.6506738263982623,0.0,2,9,2.239561943874059
2022-09-27,食用菌,32.554,294.2182,171.535,32.554,0.0,61,6,9.03785095533575,5.269244946857529,0.715207975048824,0.0,2,9,2.239561943874059
2022-09-28,水生根茎类,61.331,436.8388,318.36048999999997,61.331,0.0,77,3,7.122642709233503,5.19085764132331,0.37215142494597875,0.0,3,9,2.242299794661191
2022-09-28,花叶类,103.124,500.1332,226.06665,103.124,0.0,134,16,4.84982351344013,2.192182712074784,1.2123263205784665,0.0,3,9,2.242299794661191
2022-09-28,花菜类,31.205,322.2844,191.96624,31.205,0.0,70,2,10.327973081236982,6.15177824066656,0.6788597828451504,0.0,3,9,2.242299794661191
2022-09-28,辣椒类,69.753,489.81759999999997,323.99737,69.753,0.0,107,11,7.022172523045604,4.644923802560463,0.5117949877185732,0.0,3,9,2.242299794661191
2022-09-28,食用菌,43.482,403.0966,231.04735,43.482,0.0,85,8,9.270424543489261,5.313632077641323,0.7446493110611312,0.0,3,9,2.242299794661191
2022-09-29,水生根茎类,40.177,341.4152,233.10147,40.177,0.0,54,4,8.497777335291337,5.801863503994823,0.4646634360564095,0.0,4,9,2.245037645448323
2022-09-29,花叶类,117.757,560.3396,252.05035999999998,117.757,0.0,154,19,4.758439837971416,2.1404278301926847,1.2231255690331095,0.0,4,9,2.245037645448323
2022-09-29,花菜类,24.432,245.9688,144.99981,24.432,0.0,55,2,10.067485265225933,5.934831777996071,0.6963387745128768,0.0,4,9,2.245037645448323
2022-09-29,辣椒类,66.368,424.7934,259.5647,66.368,0.0,93,13,6.400575578592093,3.9109917430086796,0.6365607495934538,0.0,4,9,2.245037645448323
2022-09-29,食用菌,27.614,274.5196,155.15266,27.614,0.0,65,7,9.941319620482364,5.61862316216412,0.7693515534957633,0.0,4,9,2.245037645448323
2022-09-30,水生根茎类,59.066,451.3884,315.92361,59.066,0.0,89,5,7.642102055327938,5.348654217316223,0.42878970014301876,0.0,5,9,2.2477754962354553
2022-09-30,花叶类,173.098,805.2442,367.91356,173.098,0.0,240,18,4.651955539636506,2.125463956833701,1.1886776883135268,0.0,5,9,2.2477754962354553
2022-09-30,花菜类,38.331,400.276,238.01559999999998,38.331,0.0,88,2,10.442618246328037,6.209480577078604,0.6817217022749771,0.0,5,9,2.2477754962354553
2022-09-30,辣椒类,94.231,591.9566,372.94434,94.231,0.0,135,11,6.281973023739534,3.9577669768972,0.5872518671284834,0.0,5,9,2.2477754962354553
2022-09-30,食用菌,40.595,389.6702,244.55501,40.595,0.0,90,7,9.598970316541447,6.0242643182657964,0.5933846540293737,0.0,5,9,2.2477754962354553
2022-10-01,水生根茎类,90.731,654.3892,471.89871,90.731,0.0,118,3,7.212410311800817,5.201074715367405,0.3867153822056433,0.0,6,10,2.2505133470225873
2022-10-01,花叶类,268.48,1252.5794,585.14032,268.48,0.0,360,21,4.665447705601907,2.1794558998808102,1.1406479047623996,0.0,6,10,2.2505133470225873
2022-10-01,花菜类,64.375,694.9456,415.70877,64.375,0.0,132,2,10.79527145631068,6.457611961165049,0.6717126270874678,0.0,6,10,2.2505133470225873
2022-10-01,辣椒类,160.374,1030.266,639.87537,160.374,0.0,240,11,6.424146058588051,3.9898946836769054,0.6101041676287682,0.0,6,10,2.2505133470225873
2022-10-01,食用菌,104.289,797.3512,465.72804,104.289,0.0,186,7,7.645592536125574,4.465744613525875,0.7120532403417237,0.0,6,10,2.2505133470225873
2022-10-02,水生根茎类,76.871,647.3404,425.83754,76.871,0.0,112,4,8.421126302506798,5.539638355166448,0.520158133545483,0.0,7,10,2.2532511978097194
2022-10-02,花叶类,236.473,1159.3634,565.80364,236.473,0.0,310,16,4.902730544290468,2.3926775572686942,1.0490561000986136,0.0,7,10,2.2532511978097194
2022-10-02,花菜类,51.346,539.6364,326.11902000000003,51.346,0.0,114,2,10.509804074319325,6.351400693335412,0.6547222544701623,0.0,7,10,2.2532511978097194
2022-10-02,辣椒类,162.166,1019.5586000000001,512.08254,162.166,0.0,235,11,6.287129237941369,3.1577675961668907,0.9910044189360567,0.0,7,10,2.2532511978097194
2022-10-02,食用菌,73.23,723.017,430.5023,73.23,0.0,165,7,9.873235012972826,5.878769629933087,0.679473024882794,0.0,7,10,2.2532511978097194
2022-10-03,水生根茎类,76.09,579.2584,410.11223,76.09,0.0,97,3,7.61280588776449,5.389830858194244,0.41243873658681207,0.0,1,10,2.2559890485968515
2022-10-03,花叶类,249.427,1101.1468,497.94187999999997,249.427,0.0,305,17,4.414705705476953,1.996343138473381,1.2113962376492613,0.0,1,10,2.2559890485968515
2022-10-03,花菜类,42.28,438.5164,256.98816,42.28,0.0,95,2,10.371721854304635,6.078244087038788,0.7063681066084913,0.0,1,10,2.2559890485968515
2022-10-03,辣椒类,108.999,755.7082,376.74964,108.999,0.0,176,11,6.933166359324398,3.456450426150699,1.00586309783866,0.0,1,10,2.2559890485968515
2022-10-03,食用菌,72.006,640.1608,393.79556,72.006,0.0,160,6,8.89038135710913,5.46892703385829,0.6256171095479084,0.0,1,10,2.2559890485968515
2022-10-04,水生根茎类,87.954,703.4988,468.76926000000003,87.954,0.0,125,4,7.998485572003547,5.3297093935466275,0.5007357777683628,0.0,2,10,2.2587268993839835
2022-10-04,花叶类,325.918,1570.4668,728.6978799999999,325.918,0.0,384,19,4.818594861284127,2.235831957731699,1.1551686139117083,0.0,2,10,2.2587268993839835
2022-10-04,花菜类,46.275999999999996,510.5596,286.92015000000004,46.275999999999996,0.0,100,2,11.032924193966636,6.200193404788661,0.7794483935687331,0.0,2,10,2.2587268993839835
2022-10-04,辣椒类,108.099,837.41,433.35358,108.099,0.0,180,10,7.7466951590671504,4.008858361316941,0.9323943279757834,0.0,2,10,2.2587268993839835
2022-10-04,食用菌,114.526,1024.8822,622.11986,114.526,0.0,217,8,8.94890417896373,5.432127726455128,0.6474031226072738,0.0,2,10,2.2587268993839835
2022-10-05,水生根茎类,92.873,754.7906,486.39916999999997,92.873,0.0,116,3,8.127126290741119,5.237250546445145,0.5517925328696593,0.0,3,10,2.2614647501711156
2022-10-05,花叶类,373.666,1752.4306,804.61878,373.666,0.0,441,20,4.689831560805639,2.153310121873545,1.177963830275003,0.0,3,10,2.2614647501711156
2022-10-05,花菜类,39.917,479.004,286.60406,39.917,0.0,94,1,12.0,7.18,0.6713091922005572,0.0,3,10,2.2614647501711156
2022-10-05,辣椒类,162.721,994.2322,459.79776,162.721,0.0,241,12,6.110042342414316,2.825681749743426,1.1623250187212744,0.0,3,10,2.2614647501711156
2022-10-05,食用菌,84.713,832.615,486.97281,84.713,0.0,185,6,9.828656758702916,5.748501528690992,0.709777184479766,0.0,3,10,2.2614647501711156
2022-10-06,水生根茎类,120.357,1049.7626,618.55776,120.357,0.0,173,4,8.722073498010086,5.139358408734017,0.6971132978753671,0.0,4,10,2.2642026009582477
2022-10-06,花叶类,353.217,1476.3984,692.24611,353.217,0.0,419,16,4.179862237661268,1.959832369336697,1.1327651808689834,0.0,4,10,2.2642026009582477
2022-10-06,花菜类,71.588,761.2072,422.46028,71.588,0.0,140,2,10.633167569983796,5.901272280270437,0.8018432407420644,0.0,4,10,2.2642026009582477
2022-10-06,辣椒类,205.677,1219.2714,513.06649,205.677,0.0,284,12,5.928088215989149,2.4945253479971026,1.376439357791619,0.0,4,10,2.2642026009582477
2022-10-06,食用菌,184.89,1535.1174,888.84187,184.89,0.0,317,11,8.30286873276002,4.807409108118341,0.7270984320304352,0.0,4,10,2.2642026009582477
2022-10-07,水生根茎类,95.636,777.996,501.6902,95.636,0.0,137,4,8.134970094943327,5.245830022167385,0.5507498452232074,0.0,5,10,2.2669404517453797
2022-10-07,花叶类,456.773,2025.8162,1061.44306,456.773,0.0,521,14,4.4350611791852845,2.3237867824937113,0.9085491029542367,0.0,5,10,2.2669404517453797
2022-10-07,花菜类,84.51,813.6048,531.30876,84.51,0.0,176,2,9.627319843805466,6.286933617323394,0.531322013211301,0.0,5,10,2.2669404517453797
2022-10-07,辣椒类,170.183,1101.6856,588.34186,170.183,0.0,276,12,6.47353495942603,3.4571129901341497,0.8725262893923613,0.0,5,10,2.2669404517453797
2022-10-07,食用菌,147.363,1149.925,701.80413,147.363,0.0,257,9,7.8033495517870834,4.762417499643737,0.6385269776055607,0.0,5,10,2.2669404517453797
2022-10-08,水生根茎类,74.876,544.4472000000001,385.85712,74.876,0.0,106,4,7.271317912281639,5.153281692398098,0.4110072661092792,0.0,6,10,2.269678302532512
2022-10-08,花叶类,307.779,1334.9582,649.16702,307.779,0.0,356,17,4.337392089778705,2.109198548309014,1.056417160563702,0.0,6,10,2.269678302532512
2022-10-08,花菜类,35.03,341.63439999999997,229.79376,35.03,0.0,73,2,9.752623465600912,6.5599132172423635,0.48670007401419424,0.0,6,10,2.269678302532512
2022-10-08,辣椒类,108.422,693.4517999999999,368.62183,108.422,0.0,175,9,6.395858774049547,3.3998803748316764,0.8812011214853985,0.0,6,10,2.269678302532512
2022-10-08,食用菌,102.201,717.7718,420.26947,102.201,0.0,166,7,7.023138716842301,4.112185497206486,0.7078847054962139,0.0,6,10,2.269678302532512
2022-10-09,水生根茎类,62.718,518.2612,330.20886,62.718,0.0,102,4,8.263356612136867,5.2649775184157654,0.5694951371080719,0.0,7,10,2.272416153319644
2022-10-09,花叶类,268.075,1207.9198,589.73672,268.075,0.0,321,16,4.505902452671827,2.1998945071341978,1.0482356940568325,0.0,7,10,2.272416153319644
2022-10-09,花菜类,41.606,404.216,266.84415,41.606,0.0,85,2,9.7153295197808,6.413597798394463,0.5148018047238434,0.0,7,10,2.272416153319644
2022-10-09,辣椒类,94.683,623.7018,318.73106,94.683,0.0,160,11,6.587262761002503,3.3662965896729085,0.9568278033524564,0.0,7,10,2.272416153319644
2022-10-09,食用菌,112.529,833.0564,487.22397,112.529,0.0,190,7,7.403037439237886,4.329763616489972,0.7098017570851451,0.0,7,10,2.272416153319644
2022-10-10,水生根茎类,42.834,311.9464,211.44654,42.834,0.0,56,3,7.282681981603398,4.936418265863566,0.4752967818721461,0.0,1,10,2.2751540041067764
2022-10-10,花叶类,230.65,1057.3636,506.30692,230.65,0.0,269,15,4.584277476696292,2.195130804248862,1.0883846501643704,0.0,1,10,2.2751540041067764
2022-10-10,花菜类,41.859,404.4228,260.12283,41.859,0.0,84,2,9.661549487565397,6.214262882534222,0.5547378136705645,0.0,1,10,2.2751540041067764
2022-10-10,辣椒类,120.276,686.8158,343.14771,120.276,0.0,172,11,5.71033123815225,2.853002344607403,1.0015164897938558,0.0,1,10,2.2751540041067764
2022-10-10,食用菌,83.554,645.5228,381.52256,83.554,0.0,143,7,7.72581564018479,4.566179476745577,0.6919649522167184,0.0,1,10,2.2751540041067764
2022-10-11,水生根茎类,47.596000000000004,317.4864,217.29412,47.596000000000004,0.0,62,3,6.67044289436087,4.565386166904782,0.46109061763843395,0.0,2,10,2.2778918548939084
2022-10-11,花叶类,157.759,726.8318,370.26988,157.759,0.0,198,13,4.607228747646728,2.347060262805926,0.9629784631685407,0.0,2,10,2.2778918548939084
2022-10-11,花菜类,25.248,277.2328,164.1317,25.248,0.0,57,2,10.980386565272497,6.50078025982256,0.689087482795828,0.0,2,10,2.2778918548939084
2022-10-11,辣椒类,88.298,548.0686,281.98164,88.298,0.0,133,12,6.207033001879997,3.193522390088111,0.9436322166223301,0.0,2,10,2.2778918548939084
2022-10-11,食用菌,69.747,484.9542,271.91361,69.747,0.0,112,6,6.95304744290077,3.8985706912125253,0.7834863065515552,0.0,2,10,2.2778918548939084
2022-10-12,水生根茎类,33.24,249.784,161.378,33.24,0.0,49,4,7.514560770156438,4.8549338146811065,0.5478194053712404,0.0,3,10,2.2806297056810405
2022-10-12,花叶类,177.312,779.2144,381.22519,177.312,0.0,203,14,4.3945948384768085,2.150024758617578,1.0439740616300828,0.0,3,10,2.2806297056810405
2022-10-12,花菜类,25.269000000000002,275.2,165.66442,25.269000000000002,0.0,59,2,10.890814832403338,6.556033875499624,0.661189530014954,0.0,3,10,2.2806297056810405
2022-10-12,辣椒类,72.592,484.7104,257.63494000000003,72.592,0.0,114,11,6.6771875688781135,3.5490817169936086,0.8813845668603799,0.0,3,10,2.2806297056810405
2022-10-12,食用菌,73.198,521.8768,315.72942,73.198,0.0,112,6,7.129659280308206,4.3133612940244275,0.6529242032624012,0.0,3,10,2.2806297056810405
2022-10-13,水生根茎类,53.877,382.8168,254.58046,53.877,0.0,73,4,7.1053844868867975,4.725215954860144,0.5037163496365746,0.0,4,10,2.2833675564681726
2022-10-13,花叶类,142.085,614.5812,291.9134,142.085,0.0,171,15,4.325447443431748,2.0544983636555583,1.105354533228005,0.0,4,10,2.2833675564681726
2022-10-13,花菜类,27.996,303.0548,184.87483,27.996,0.0,66,2,10.82493213316188,6.603615873696243,0.639243157113383,0.0,4,10,2.2833675564681726
2022-10-13,辣椒类,71.46,429.6736,226.29092,71.46,0.0,111,9,6.012784774699133,3.1666795410019595,0.8987664197927165,0.0,4,10,2.2833675564681726
2022-10-13,食用菌,68.046,493.79540000000003,289.6382,68.046,0.0,108,8,7.25678805513917,4.256505893072333,0.704869730581118,0.0,4,10,2.2833675564681726
2022-10-14,水生根茎类,6.854,63.9864,36.6631,6.854,0.0,13,4,9.335628829880362,5.34915377881529,0.7452534019218233,0.0,5,10,2.2861054072553046
2022-10-14,花叶类,56.637,263.0692,126.81956,56.637,0.0,70,15,4.644829351837139,2.2391645037696204,1.074358245683868,0.0,5,10,2.2861054072553046
2022-10-14,花菜类,9.171,102.5928,63.28638,9.171,0.0,21,2,11.186653581943082,6.9007065750736025,0.621088139343726,0.0,5,10,2.2861054072553046
2022-10-14,辣椒类,45.262,281.9712,165.77926000000002,45.262,0.0,74,8,6.2297556449118465,3.662658742432946,0.7008834518865628,0.0,5,10,2.2861054072553046
2022-10-14,食用菌,52.021,338.093,202.70024,52.021,0.0,76,7,6.499163799234925,3.89650794871302,0.6679457310953356,0.0,5,10,2.2861054072553046
2022-10-15,水生根茎类,89.798,596.5256,407.23443999999995,89.798,0.0,126,3,6.64297200383082,4.5350056794137945,0.4648210991192201,0.0,6,10,2.2888432580424367
2022-10-15,花叶类,322.574,1417.4014,682.60198,322.574,0.0,400,15,4.394034857118056,2.116109729860435,1.076468339573231,0.0,6,10,2.2888432580424367
2022-10-15,花菜类,56.751,625.4096,385.46094,56.751,0.0,117,2,11.020239290937605,6.792143574562563,0.6224979890310027,0.0,6,10,2.2888432580424367
2022-10-15,茄类,12.033,121.37100000000001,61.73331,12.033,0.0,25,2,10.086512091747695,5.13033408127649,0.966053658875573,0.0,6,10,2.2888432580424367
2022-10-15,辣椒类,186.728,1102.1426000000001,631.2425900000001,186.728,0.0,290,11,5.90239599845765,3.3805459813204233,0.7459889707378586,0.0,6,10,2.2888432580424367
2022-10-15,食用菌,203.508,1145.9461000000001,674.4943499999999,203.508,0.0,273,10,5.6309634019301456,3.3143382569726985,0.6989706437125829,0.0,6,10,2.2888432580424367
2022-10-16,水生根茎类,83.93599999999999,552.8864,380.61060000000003,83.93599999999999,0.0,111,3,6.586999618757148,4.534533454060237,0.4526300633771101,0.0,7,10,2.291581108829569
2022-10-16,花叶类,313.582,1347.5472,655.20777,313.582,0.0,387,16,4.297272164856401,2.0894304201133993,1.0566715806804305,0.0,7,10,2.291581108829569
2022-10-16,花菜类,53.177,582.1772,365.17908,53.177,0.0,121,2,10.947913571656919,6.8672373394512665,0.5942238531298123,0.0,7,10,2.291581108829569
2022-10-16,茄类,2.55,25.5,13.464,2.55,0.0,7,1,10.0,5.28,0.8939393939393938,0.0,7,10,2.291581108829569
2022-10-16,辣椒类,154.909,934.567,580.57721,154.909,0.0,248,10,6.033006474769058,3.7478597757393053,0.609720436666813,0.0,7,10,2.291581108829569
2022-10-16,食用菌,184.553,1135.8738,690.2785299999999,184.553,0.0,276,10,6.1547295356889355,3.7402726046176435,0.6455296675676703,0.0,7,10,2.291581108829569
2022-10-17,水生根茎类,34.023,251.4408,169.87365,34.023,0.0,51,3,7.39031831408165,4.992906269288422,0.4801636392695394,0.0,1,10,2.294318959616701
2022-10-17,花叶类,186.582,767.058,376.93453,186.582,0.0,227,15,4.111103965012703,2.020208433825342,1.0349900021099159,0.0,1,10,2.294318959616701
2022-10-17,花菜类,29.683,317.9228,204.81853999999998,29.683,0.0,64,2,10.71060202809689,6.900196745611966,0.552216903801775,0.0,1,10,2.294318959616701
2022-10-17,茄类,5.7620000000000005,57.620000000000005,30.941940000000002,5.7620000000000005,0.0,11,1,10.0,5.37,0.8621973929236499,0.0,1,10,2.294318959616701
2022-10-17,辣椒类,92.662,573.0062,338.71885,92.662,0.0,151,10,6.1838315598627265,3.6554234745634666,0.6916867779871125,0.0,1,10,2.294318959616701
2022-10-17,食用菌,67.801,498.019,309.6058,67.801,0.0,115,8,7.345304641524461,4.566389876255512,0.608558366800622,0.0,1,10,2.294318959616701
2022-10-18,水生根茎类,37.728,266.9088,184.41116,37.728,0.0,57,3,7.074554707379134,4.887912425784563,0.447357090536169,0.0,2,10,2.297056810403833
2022-10-18,花叶类,205.504,917.71,470.72283,205.504,0.0,269,16,4.4656551697290565,2.2905774583463097,0.9495761444160251,0.0,2,10,2.297056810403833
2022-10-18,花菜类,47.305,495.2156,314.88897000000003,47.305,0.0,111,2,10.46856780467181,6.6565684388542445,0.5726673436671978,0.0,2,10,2.297056810403833
2022-10-18,茄类,7.187,59.1,39.96931,7.187,0.0,16,2,8.223180743008209,5.5613343536941695,0.4786344823065498,0.0,2,10,2.297056810403833
2022-10-18,辣椒类,120.975,697.4718,410.31293999999997,120.975,0.0,184,7,5.765420954742716,3.3917168009919405,0.6998532875906864,0.0,2,10,2.297056810403833
2022-10-18,食用菌,110.878,773.369,483.10561,110.878,0.0,162,9,6.9749544544454265,4.357091668320136,0.6008280259879408,0.0,2,10,2.297056810403833
2022-10-19,水生根茎类,36.515,246.084,178.04420000000002,36.515,0.0,46,2,6.7392578392441465,4.8759194851430925,0.38215117369731777,0.0,3,10,2.299794661190965
2022-10-19,花叶类,163.822,704.3856,395.12674,163.822,0.0,215,14,4.299700894873704,2.4119272136831436,0.7826826906222544,0.0,3,10,2.299794661190965
2022-10-19,花菜类,27.877,328.7448,223.95837,27.877,0.0,52,2,11.79268931377121,8.03380457007569,0.4678835178162799,0.0,3,10,2.299794661190965
2022-10-19,茄类,13.004,104.032,70.22160000000001,13.004,0.0,24,1,8.0,5.400000000000001,0.4814814814814812,0.0,3,10,2.299794661190965
2022-10-19,辣椒类,70.132,424.4184,244.70804,70.132,0.0,118,6,6.0517082073803685,3.4892494153881253,0.7343868227623416,0.0,3,10,2.299794661190965
2022-10-19,食用菌,88.856,589.608,344.9496,88.856,0.0,123,7,6.635545151706131,3.8821193841721438,0.7092583960091561,0.0,3,10,2.299794661190965
2022-10-20,水生根茎类,46.368,332.4608,236.85872,46.368,0.0,57,2,7.1700483091787435,5.108236714975845,0.40362491193062255,0.0,4,10,2.302532511978097
2022-10-20,花叶类,177.522,719.857,362.7289,177.522,0.0,210,17,4.055029799123489,2.0432898457655955,0.9845592672654426,0.0,4,10,2.302532511978097
2022-10-20,花菜类,30.363,335.2528,204.76308,30.363,0.0,69,2,11.041491288739584,6.74383558936864,0.6372717191009236,0.0,4,10,2.302532511978097
2022-10-20,茄类,4.7010000000000005,37.608000000000004,25.43241,4.7010000000000005,0.0,9,1,8.0,5.409999999999999,0.4787430683918672,0.0,4,10,2.302532511978097
2022-10-20,辣椒类,79.947,444.3576,232.51391,79.947,0.0,117,9,5.558152275882772,2.9083506573104683,0.9111011465937673,0.0,4,10,2.302532511978097
2022-10-20,食用菌,69.648,474.594,279.5945,69.648,0.0,107,8,6.814179875947622,4.014393808867448,0.6974368236857305,0.0,4,10,2.302532511978097
2022-10-21,水生根茎类,92.057,843.9832,513.03825,92.057,0.0,127,3,9.16805022974896,5.573049849549735,0.64506876436601,0.0,5,10,2.305270362765229
2022-10-21,花叶类,613.973,2548.446,1278.85535,613.973,0.0,667,20,4.15074604257842,2.0829178970410753,0.9927554746516092,0.0,5,10,2.305270362765229
2022-10-21,花菜类,95.213,1025.7456,606.38125,95.213,0.0,200,2,10.773167529644061,6.368681272515309,0.6915852856598053,0.0,5,10,2.305270362765229
2022-10-21,茄类,38.486,384.056,206.07464000000002,38.486,0.0,63,2,9.97910928649379,5.354535155641013,0.8636742492914213,0.0,5,10,2.305270362765229
2022-10-21,辣椒类,384.685,2524.6578,1520.56797,384.685,0.0,595,11,6.56292239104722,3.95276127220973,0.6603386693723396,0.0,5,10,2.305270362765229
2022-10-21,食用菌,286.383,1952.1246,1283.62081,286.383,0.0,405,11,6.816482123589739,4.4821822873564425,0.5207953819321456,0.0,5,10,2.305270362765229
2022-10-22,水生根茎类,63.747,387.2072,294.78739,63.747,0.0,75,3,6.074124272514785,4.624333537264499,0.31351344438444273,0.0,6,10,2.308008213552361
2022-10-22,花叶类,284.104,1156.9462,550.63347,284.104,0.0,328,17,4.072262974122153,1.938140504885535,1.101118553508925,0.0,6,10,2.308008213552361
2022-10-22,花菜类,56.496,586.1904,333.05412,56.496,0.0,124,2,10.375785896346644,5.89518054375531,0.7600454844996363,0.0,6,10,2.308008213552361
2022-10-22,茄类,7.952,79.52,36.976800000000004,7.952,0.0,13,1,10.0,4.65,1.150537634408602,0.0,6,10,2.308008213552361
2022-10-22,辣椒类,155.908,804.1622,367.92111,155.908,0.0,203,9,5.157927752264156,2.3598603663699107,1.185691927272126,0.0,6,10,2.308008213552361
2022-10-22,食用菌,135.954,1114.492,672.95642,135.954,0.0,162,8,8.197566824072847,4.94988319578681,0.6561131848626989,0.0,6,10,2.308008213552361
2022-10-23,水生根茎类,57.265,377.884,274.08889999999997,57.265,0.0,70,2,6.598864926220204,4.786324980354491,0.37869136619542076,0.0,7,10,2.3107460643394937
2022-10-23,花叶类,200.892,867.5434,429.25723,200.892,0.0,256,14,4.318456683192959,2.1367562172709715,1.021033868200659,0.0,7,10,2.3107460643394937
2022-10-23,花菜类,38.66,412.96,239.62640000000002,38.66,0.0,86,2,10.681841696844284,6.198303155716504,0.7233493471503973,0.0,7,10,2.3107460643394937
2022-10-23,茄类,14.581,145.81,67.80165000000001,14.581,0.0,23,1,10.0,4.65,1.150537634408602,0.0,7,10,2.3107460643394937
2022-10-23,辣椒类,138.434,812.8202,432.87674999999996,138.434,0.0,214,11,5.871535894361212,3.126953999739948,0.8777173872239619,0.0,7,10,2.3107460643394937
2022-10-23,食用菌,133.931,765.523,493.42751,133.931,0.0,181,9,5.715801420134248,3.684191934652918,0.5514396430794872,0.0,7,10,2.3107460643394937
2022-10-24,水生根茎类,31.405,190.236,131.26394,31.405,0.0,43,3,6.057506766438465,4.179714695112243,0.44926321730095853,0.0,1,10,2.3134839151266258
2022-10-24,花叶类,163.326,675.2516,368.64973,163.326,0.0,192,15,4.134379094571593,2.2571405042675385,0.8316888500094657,0.0,1,10,2.3134839151266258
2022-10-24,花菜类,23.031,252.2192,152.69256000000001,23.031,0.0,51,2,10.951291737223743,6.62987104337632,0.6518106710634755,0.0,1,10,2.3134839151266258
2022-10-24,茄类,3.223,32.230000000000004,14.986950000000002,3.223,0.0,7,1,10.000000000000002,4.650000000000001,1.150537634408602,0.0,1,10,2.3134839151266258
2022-10-24,辣椒类,61.345,340.7242,189.0184,61.345,0.0,90,11,5.554229358545928,3.0812356345260414,0.8025980539460706,0.0,1,10,2.3134839151266258
2022-10-24,食用菌,70.082,377.689,252.41581,70.082,0.0,99,7,5.389244028423847,3.6017209839901834,0.4962969237148813,0.0,1,10,2.3134839151266258
2022-10-25,水生根茎类,30.034,229.6544,145.51585,30.034,0.0,44,3,7.646480655257376,4.8450372910701205,0.5782088342953708,0.0,2,10,2.316221765913758
2022-10-25,花叶类,162.908,696.9634,382.39843,162.908,0.0,197,15,4.278263805337982,2.347327510005648,0.8226105164710007,0.0,2,10,2.316221765913758
2022-10-25,花菜类,33.984,361.3028,218.03866000000002,33.984,0.0,81,2,10.631556026365347,6.415921021657251,0.6570584317478374,0.0,2,10,2.316221765913758
2022-10-25,茄类,4.156,41.56,19.325400000000002,4.156,0.0,9,1,10.000000000000002,4.650000000000001,1.150537634408602,0.0,2,10,2.316221765913758
2022-10-25,辣椒类,92.93299999999999,461.4116,246.31148,92.93299999999999,0.0,127,9,4.964991983471965,2.650419979985581,0.8732849967041736,0.0,2,10,2.316221765913758
2022-10-25,食用菌,69.971,407.995,280.3857,69.971,0.0,105,7,5.830915665061239,4.007170113332666,0.45512057141287876,0.0,2,10,2.316221765913758
2022-10-26,水生根茎类,28.485,206.636,140.14645,28.485,0.0,37,3,7.2542039670001754,4.920008776549061,0.47442907044737836,0.0,3,10,2.31895961670089
2022-10-26,花叶类,165.091,664.2524,365.19805,165.091,0.0,199,15,4.023553070730688,2.212101507653355,0.8188826583274469,0.0,3,10,2.31895961670089
2022-10-26,花菜类,29.875,301.36879999999996,178.3283,29.875,0.0,74,2,10.087658577405856,5.969148117154812,0.6899662027844147,0.0,3,10,2.31895961670089
2022-10-26,茄类,4.56,36.48,21.204,4.56,0.0,10,1,8.0,4.65,0.7204301075268815,0.0,3,10,2.31895961670089
2022-10-26,辣椒类,77.887,443.7582,250.31184000000002,77.887,0.0,117,9,5.697461707345257,3.213782017538229,0.7728214534318472,0.0,3,10,2.31895961670089
2022-10-26,食用菌,71.208,382.063,262.25113999999996,71.208,0.0,101,8,5.365450511178519,3.6828887203684975,0.45685925330963295,0.0,3,10,2.31895961670089
2022-10-27,水生根茎类,35.119,271.0424,174.6993,35.119,0.0,49,3,7.7178279563768895,4.974495287451237,0.551479599517571,0.0,4,10,2.321697467488022
2022-10-27,花叶类,145.988,587.4634,311.30573,145.988,0.0,187,16,4.024052661862619,2.1324062936679726,0.8870947219635181,0.0,4,10,2.321697467488022
2022-10-27,花菜类,21.197,238.564,152.55738,21.197,0.0,42,2,11.254611501627588,7.197121290748691,0.5637657122847808,0.0,4,10,2.321697467488022
2022-10-27,茄类,2.299,18.392,10.690350000000002,2.299,0.0,5,1,8.0,4.650000000000001,0.7204301075268813,0.0,4,10,2.321697467488022
2022-10-27,辣椒类,80.81,432.4488,239.39699000000002,80.81,0.0,122,9,5.351426803613414,2.9624673926494247,0.8064086770681618,0.0,4,10,2.321697467488022
2022-10-27,食用菌,92.493,581.089,401.54681,92.493,0.0,148,8,6.282518677089078,4.341375131091001,0.44712642593275764,0.0,4,10,2.321697467488022
2022-10-28,水生根茎类,47.812,368.0672,237.1756,47.812,0.0,61,3,7.698218020580608,4.960587300259349,0.5518763312920891,0.0,5,10,2.324435318275154
2022-10-28,花叶类,169.963,693.5364,353.80334,169.963,0.0,206,15,4.0805139942222715,2.0816491824691257,0.9602313533840576,0.0,5,10,2.324435318275154
2022-10-28,花菜类,37.551,337.563,240.25443,37.551,0.0,79,2,8.989454342094751,6.398083406567069,0.4050229999921333,0.0,5,10,2.324435318275154
2022-10-28,茄类,11.885,95.08,55.26525,11.885,0.0,16,1,8.0,4.65,0.7204301075268815,0.0,5,10,2.324435318275154
2022-10-28,辣椒类,104.47,578.718,313.22,104.47,0.0,153,10,5.5395615966306115,2.9981812960658565,0.847640635974714,0.0,5,10,2.324435318275154
2022-10-28,食用菌,139.205,725.28,485.40655,139.205,0.0,185,8,5.210157681117775,3.4869907690097333,0.4941701960964475,0.0,5,10,2.324435318275154
2022-10-29,水生根茎类,83.593,603.4328,406.7199,83.593,0.0,107,3,7.218700130393693,4.865477970643474,0.4836569344160442,0.0,6,10,2.327173169062286
2022-10-29,花叶类,289.131,1192.2806,608.63377,289.131,0.0,360,16,4.123669201849681,2.105045014197717,0.9589458534316952,0.0,6,10,2.327173169062286
2022-10-29,花菜类,64.488,572.235,376.72151,64.488,0.0,136,2,8.873511350949014,5.841730399454162,0.5189867974355911,0.0,6,10,2.327173169062286
2022-10-29,茄类,11.396,91.168,52.991400000000006,11.396,0.0,19,1,8.0,4.65,0.7204301075268815,0.0,6,10,2.327173169062286
2022-10-29,辣椒类,147.757,753.239,455.63914,147.757,0.0,240,11,5.097822776585881,3.08370594963352,0.6531481470182741,0.0,6,10,2.327173169062286
2022-10-29,食用菌,220.206,1234.788,824.72816,220.206,0.0,303,9,5.607422141086074,3.7452574407600157,0.49720606120688293,0.0,6,10,2.327173169062286
2022-10-30,水生根茎类,59.957,403.3592,281.17584999999997,59.957,0.0,84,2,6.727474690194639,4.6896250646296505,0.4345442540673392,0.0,7,10,2.329911019849418
2022-10-30,花叶类,202.897,1022.5636,614.86483,202.897,0.0,378,18,5.039816261452855,3.030428394702731,0.6630705646312538,0.0,7,10,2.329911019849418
2022-10-30,花菜类,76.791,626.6171999999999,352.12518,76.791,0.0,173,2,8.160034379028792,4.58550064460679,0.7795296547665236,0.0,7,10,2.329911019849418
2022-10-30,茄类,10.805,75.635,50.24325,10.805,0.0,21,1,7.000000000000001,4.65,0.5053763440860215,0.0,7,10,2.329911019849418
2022-10-30,辣椒类,175.897,893.1892,496.3372,175.897,0.0,265,13,5.077910367999455,2.8217490917980412,0.7995612660102851,0.0,7,10,2.329911019849418
2022-10-30,食用菌,188.429,1020.516,659.1859999999999,188.429,0.0,269,8,5.41591793195315,3.4983256292821165,0.5481457433865407,0.0,7,10,2.329911019849418
2022-10-31,水生根茎类,31.213,208.2248,139.09653,31.213,0.0,38,3,6.671092173132989,4.456365296511069,0.49698055012587283,0.0,1,10,2.3326488706365502
2022-10-31,花叶类,85.398,494.393,293.30412,85.398,0.0,173,15,5.789280779409354,3.434554907609078,0.6855985521103485,0.0,1,10,2.3326488706365502
2022-10-31,花菜类,47.777,349.751,206.8652,47.777,0.0,105,2,7.320488938192017,4.329807229420013,0.6907193670080807,0.0,1,10,2.3326488706365502
2022-10-31,茄类,3.319,23.233,15.433350000000003,3.319,0.0,6,1,7.0,4.650000000000001,0.5053763440860211,0.0,1,10,2.3326488706365502
2022-10-31,辣椒类,72.714,384.2556,245.37794,72.714,0.0,116,11,5.284478917402426,3.374562532662211,0.5659745126232618,0.0,1,10,2.3326488706365502
2022-10-31,食用菌,60.356,355.822,232.84076000000002,60.356,0.0,84,7,5.895387368281529,3.8577897806348997,0.5281774548408105,0.0,1,10,2.3326488706365502
2022-11-01,水生根茎类,26.046,198.02720000000002,136.3633,26.046,0.0,30,3,7.60297934423712,5.235479536205176,0.4522030487675204,0.0,2,11,2.3353867214236823
2022-11-01,花叶类,95.544,489.923,281.84131,95.544,0.0,178,16,5.12772125931508,2.9498588085070754,0.7382937937664282,0.0,2,11,2.3353867214236823
2022-11-01,花菜类,37.849000000000004,310.83459999999997,189.64687999999998,37.849000000000004,0.0,91,2,8.212491743507092,5.010617981981029,0.6390177365427789,0.0,2,11,2.3353867214236823
2022-11-01,茄类,3.305,23.135,15.368250000000002,3.305,0.0,8,1,7.0,4.65,0.5053763440860215,0.0,2,11,2.3353867214236823
2022-11-01,辣椒类,69.963,353.9304,221.0352,69.963,0.0,110,10,5.058822520475109,3.159315638265941,0.6012399834958415,0.0,2,11,2.3353867214236823
2022-11-01,食用菌,75.93,403.24,272.38890000000004,75.93,0.0,108,8,5.310680890293691,3.5873686290003954,0.4803833783241531,0.0,2,11,2.3353867214236823
2022-11-03,水生根茎类,10.926,101.6152,67.29436,10.926,0.0,14,2,9.300311184330953,6.159103056928427,0.5100106457658562,0.0,4,11,2.3408624229979464
2022-11-03,花叶类,80.973,443.1502,255.37218,80.973,0.0,172,18,5.472814394921764,3.1537942277055313,0.7353111838572237,0.0,4,11,2.3408624229979464
2022-11-03,花菜类,63.801,440.0036,271.46949,63.801,0.0,146,2,6.896500054858074,4.254940988385762,0.620821551622615,0.0,4,11,2.3408624229979464
2022-11-03,茄类,4.0120000000000005,24.072000000000003,16.489320000000003,4.0120000000000005,0.0,10,1,6.0,4.11,0.45985401459854014,0.0,4,11,2.3408624229979464
2022-11-03,辣椒类,98.627,477.1528,270.32158,98.627,0.0,141,12,4.837953096008193,2.740847638070711,0.7651302570812144,0.0,4,11,2.3408624229979464
2022-11-03,食用菌,103.106,626.042,410.69258,103.106,0.0,153,8,6.0718289915232875,3.9832073788140363,0.5243567341781534,0.0,4,11,2.3408624229979464
2022-11-05,水生根茎类,73.55,568.698,373.32275,73.55,0.0,101,3,7.73212780421482,5.075768184908226,0.5233413982941035,0.0,6,11,2.346338124572211
2022-11-05,花叶类,168.851,850.063,486.12161,168.851,0.0,332,16,5.034397190422325,2.8789975185222474,0.7486632614419262,0.0,6,11,2.346338124572211
2022-11-05,花菜类,70.758,505.9754,291.4652,70.758,0.0,151,2,7.1507871901410445,4.119183696543147,0.7359719101971693,0.0,6,11,2.346338124572211
2022-11-05,茄类,9.815999999999999,58.896,39.55848,9.815999999999999,0.0,22,1,6.000000000000001,4.030000000000001,0.48883374689826287,0.0,6,11,2.346338124572211
2022-11-05,辣椒类,134.064,650.499,341.39108,134.064,0.0,196,12,4.852152703186539,2.5464783983768946,0.9054364279230731,0.0,6,11,2.346338124572211
2022-11-05,食用菌,167.65,945.7379999999999,596.30384,167.65,0.0,230,9,5.64114524306591,3.556837697584253,0.5860001840672364,0.0,6,11,2.346338124572211
2022-11-06,水生根茎类,58.806,387.0944,268.69957999999997,58.806,0.0,74,3,6.582566404788627,4.569254497840356,0.4406215298140772,0.0,7,11,2.349075975359343
2022-11-06,花叶类,162.064,726.2628,430.55135,162.064,0.0,315,17,4.481333300424524,2.656674832165071,0.6868203990069941,0.0,7,11,2.349075975359343
2022-11-06,花菜类,75.888,519.408,317.39877,75.888,0.0,144,2,6.844402277039848,4.182463235294118,0.6364524664036977,0.0,7,11,2.349075975359343
2022-11-06,茄类,4.647,27.881999999999998,18.448590000000003,4.647,0.0,10,1,5.999999999999999,3.9700000000000006,0.511335012594458,0.0,7,11,2.349075975359343
2022-11-06,辣椒类,127.972,567.6676,338.60812,127.972,0.0,194,10,4.43587347232207,2.6459547400993966,0.6764736770045563,0.0,7,11,2.349075975359343
2022-11-06,食用菌,149.844,894.699,570.6626,149.844,0.0,206,8,5.970869704492673,3.808378046501695,0.567824840807861,0.0,7,11,2.349075975359343
2022-11-07,水生根茎类,22.799,174.59040000000002,110.08673,22.799,0.0,31,3,7.657809553050574,4.828577130575903,0.5859350168726059,0.0,1,11,2.351813826146475
2022-11-07,花叶类,102.677,441.9412,243.6022,102.677,0.0,192,15,4.304188864107833,2.372509909716879,0.8141921542580486,0.0,1,11,2.351813826146475
2022-11-07,花菜类,47.225,298.7728,196.5542,47.225,0.0,97,2,6.326581259925887,4.1620794070937,0.5200529930166846,0.0,1,11,2.351813826146475
2022-11-07,茄类,3.256,19.536,12.92632,3.256,0.0,7,1,6.000000000000001,3.97,0.5113350125944587,0.0,1,11,2.351813826146475
2022-11-07,辣椒类,90.169,402.7212,233.32202,90.169,0.0,134,11,4.4662932937040445,2.587607936208675,0.7260316878792665,0.0,1,11,2.351813826146475
2022-11-07,食用菌,77.063,486.343,311.54449999999997,77.063,0.0,118,9,6.310979328601275,4.042724783618597,0.5610707298636313,0.0,1,11,2.351813826146475
2022-11-08,水生根茎类,30.844,261.7976,162.84318,30.844,0.0,37,3,8.487796654130463,5.279573985215925,0.6076669590952475,0.0,2,11,2.3545516769336072
2022-11-08,花叶类,96.371,400.1634,208.38012,96.371,0.0,158,18,4.152321756545019,2.162269977482853,0.9203530547923668,0.0,2,11,2.3545516769336072
2022-11-08,花菜类,41.117,259.1152,169.14282,41.117,0.0,86,2,6.301899457645257,4.113695551718267,0.5319314174849399,0.0,2,11,2.3545516769336072
2022-11-08,茄类,3.86,23.16,14.861,3.86,0.0,7,1,6.0,3.85,0.5584415584415585,0.0,2,11,2.3545516769336072
2022-11-08,辣椒类,65.122,330.1596,209.13976,65.122,0.0,114,11,5.069862719203956,3.2115070175977394,0.5786553451146736,0.0,2,11,2.3545516769336072
2022-11-08,食用菌,68.508,414.671,257.71756,68.508,0.0,108,8,6.052884334676243,3.7618608045775677,0.6090133710718044,0.0,2,11,2.3545516769336072
2022-11-09,水生根茎类,20.313,160.01600000000002,96.66387999999999,20.313,0.0,35,3,7.87751686112342,4.7587200315069165,0.6553856518070662,0.0,3,11,2.3572895277207393
2022-11-09,花叶类,94.56,340.033,173.129,94.56,0.0,129,16,3.5959496615905246,1.830890439932318,0.9640441520484726,0.0,3,11,2.3572895277207393
2022-11-09,花菜类,29.55,195.8784,130.48968,29.55,0.0,62,2,6.628710659898477,4.415894416243654,0.501102615931007,0.0,3,11,2.3572895277207393
2022-11-09,茄类,2.871,17.226,10.85238,2.871,0.0,5,1,6.0,3.7800000000000002,0.5873015873015872,0.0,3,11,2.3572895277207393
2022-11-09,辣椒类,62.307,284.5386,164.46266,62.307,0.0,98,11,4.566719630218113,2.6395535012117417,0.7301106524727254,0.0,3,11,2.3572895277207393
2022-11-09,食用菌,62.795,375.744,226.01168,62.795,0.0,85,9,5.983661119515886,3.5991986623138787,0.6624981505380607,0.0,3,11,2.3572895277207393
2022-11-10,水生根茎类,15.668,131.8736,88.20504,15.668,0.0,22,2,8.416747510850142,5.629629818738831,0.49508009973126277,0.0,4,11,2.3600273785078714
2022-11-10,花叶类,102.059,331.5884,171.95972,102.059,0.0,138,21,3.248987350454149,1.6849050059279438,0.9282911137561747,0.0,4,11,2.3600273785078714
2022-11-10,花菜类,31.734,219.5328,119.45246999999999,31.734,0.0,66,2,6.917905086027605,3.7641794290035917,0.8378255384756803,0.0,4,11,2.3600273785078714
2022-11-10,茄类,6.897,41.382,26.070659999999997,6.897,0.0,12,1,5.999999999999999,3.7799999999999994,0.5873015873015874,0.0,4,11,2.3600273785078714
2022-11-10,辣椒类,76.752,321.9314,184.18023,76.752,0.0,116,10,4.194436627058579,2.3996798780487807,0.7479150721008438,0.0,4,11,2.3600273785078714
2022-11-10,食用菌,67.548,277.12,156.66508,67.548,0.0,74,8,4.102564102564102,2.319314857582756,0.7688689783326317,0.0,4,11,2.3600273785078714
2022-11-11,水生根茎类,36.481,316.2912,193.50493,36.481,0.0,55,3,8.670025492722239,5.304266056303281,0.6345382001378466,0.0,5,11,2.3627652292950034
2022-11-11,花叶类,147.21,476.0468,226.08247,147.21,0.0,188,22,3.233793899870933,1.5357820120915697,1.1056334000597219,0.0,5,11,2.3627652292950034
2022-11-11,花菜类,44.014,284.4416,148.97969,44.014,0.0,93,2,6.462525560049075,3.384825055664107,0.9092642762244973,0.0,5,11,2.3627652292950034
2022-11-11,茄类,7.801,46.806000000000004,29.33176,7.801,0.0,13,1,6.000000000000001,3.76,0.5957446808510642,0.0,5,11,2.3627652292950034
2022-11-11,辣椒类,115.936,491.712,270.27788,115.936,0.0,175,11,4.241236544300303,2.331267940932928,0.8192831762628894,0.0,5,11,2.3627652292950034
2022-11-11,食用菌,141.155,616.535,364.98625,141.155,0.0,166,7,4.367787184300946,2.585712514611597,0.689200620571323,0.0,5,11,2.3627652292950034
2022-11-12,水生根茎类,71.358,537.7916,352.23417,71.358,0.0,94,3,7.5365284901482665,4.936155301437821,0.5268013321932963,0.0,6,11,2.3655030800821355
2022-11-12,花叶类,274.677,853.2066,405.66877,274.677,0.0,365,20,3.1062178486003558,1.4768938425860192,1.1032099661011618,0.0,6,11,2.3655030800821355
2022-11-12,花菜类,52.402,355.1744,193.54202,52.402,0.0,117,2,6.777878706919583,3.6934090301896876,0.835128102930826,0.0,6,11,2.3655030800821355
2022-11-12,茄类,10.572,63.432,39.645,10.572,0.0,19,1,6.000000000000001,3.7500000000000004,0.6000000000000001,0.0,6,11,2.3655030800821355
2022-11-12,辣椒类,182.729,723.527,353.67914,182.729,0.0,270,11,3.9595630688068124,1.9355391864455012,1.0457157863480444,0.0,6,11,2.3655030800821355
2022-11-12,食用菌,248.984,1346.649,746.13686,248.984,0.0,363,9,5.408576454711949,2.9967261350126915,0.8048284064132685,0.0,6,11,2.3655030800821355
2022-11-13,水生根茎类,52.173,361.59360000000004,234.59121,52.173,0.0,68,3,6.930665286642517,4.496410212178713,0.5413774454720621,0.0,7,11,2.3682409308692676
2022-11-13,花叶类,282.032,803.1566,358.72523,282.032,0.0,373,20,2.847749900720486,1.271930951097748,1.2389186286116538,0.0,7,11,2.3682409308692676
2022-11-13,花菜类,50.219,326.152,182.13334,50.219,0.0,113,2,6.494593679682988,3.626781497042952,0.7907319988751098,0.0,7,11,2.3682409308692676
2022-11-13,茄类,7.366,44.196,27.47518,7.366,0.0,16,1,6.0,3.7300000000000004,0.6085790884718496,0.0,7,11,2.3682409308692676
2022-11-13,辣椒类,176.718,737.2246,333.61508,176.718,0.0,255,10,4.171757262983964,1.8878387034710669,1.2098059835904302,0.0,7,11,2.3682409308692676
2022-11-13,食用菌,188.739,1087.139,588.74418,188.739,0.0,287,7,5.7600125040399694,3.119356253874398,0.8465388481632203,0.0,7,11,2.3682409308692676
2022-11-14,水生根茎类,26.464,188.0128,130.93496,26.464,0.0,34,2,7.10447400241838,4.947663240628779,0.43592513412766154,0.0,1,11,2.3709787816563996
2022-11-14,花叶类,131.632,341.07099999999997,145.77925,131.632,0.0,163,16,2.5910948705481944,1.1074757657712408,1.3396402437246726,0.0,1,11,2.3709787816563996
2022-11-14,花菜类,36.875,229.7488,127.56707999999999,36.875,0.0,87,2,6.230475932203389,3.459446237288135,0.8010038326502418,0.0,1,11,2.3709787816563996
2022-11-14,茄类,5.605,33.63,20.00985,5.605,0.0,11,1,6.0,3.57,0.680672268907563,0.0,1,11,2.3709787816563996
2022-11-14,辣椒类,88.778,364.1666,137.07871,88.778,0.0,136,10,4.10199148437676,1.544061704476334,1.656624066567303,0.0,1,11,2.3709787816563996
2022-11-14,食用菌,89.332,501.484,281.92992,89.332,0.0,135,8,5.613710652397797,3.15597904446335,0.7787540960533739,0.0,1,11,2.3709787816563996
2022-11-15,水生根茎类,31.82,260.6024,169.10532,31.82,0.0,42,3,8.189893148962916,5.314434946574481,0.5410656506844373,0.0,2,11,2.3737166324435317
2022-11-15,花叶类,127.843,355.8936,124.33723,127.843,0.0,149,19,2.783833295526544,0.9725775365096251,1.862325306748429,0.0,2,11,2.3737166324435317
2022-11-15,花菜类,37.495,232.2964,148.92229,37.495,0.0,87,2,6.195396719562609,3.971790638751834,0.5598497713136159,0.0,2,11,2.3737166324435317
2022-11-15,茄类,7.266,43.596,25.57632,7.266,0.0,15,1,5.999999999999999,3.52,0.7045454545454544,0.0,2,11,2.3737166324435317
2022-11-15,辣椒类,85.631,377.3064,160.65994,85.631,0.0,133,10,4.4061893473158085,1.8761889969753944,1.3484784072494986,0.0,2,11,2.3737166324435317
2022-11-15,食用菌,93.215,525.205,303.42035,93.215,0.0,136,9,5.63433996674355,3.255059271576463,0.7309485009822183,0.0,2,11,2.3737166324435317
2022-11-16,水生根茎类,17.224,136.70520000000002,89.95758,17.224,0.0,26,3,7.936901997213192,5.2228042266604735,0.5196629344631105,0.0,3,11,2.3764544832306638
2022-11-16,花叶类,149.406,436.1956,212.0936,149.406,0.0,179,20,2.9195320134398886,1.4195788656412727,1.0566183986692668,0.0,3,11,2.3764544832306638
2022-11-16,花菜类,17.937,115.8108,74.3448,17.937,0.0,41,2,6.456531192507108,4.144773373473825,0.5577525260677276,0.0,3,11,2.3764544832306638
2022-11-16,茄类,2.568,15.408,9.03936,2.568,0.0,7,1,6.0,3.52,0.7045454545454546,0.0,3,11,2.3764544832306638
2022-11-16,辣椒类,98.22,401.8734,176.08306000000002,98.22,0.0,135,10,4.091563836285889,1.7927413968641825,1.282294503514421,0.0,3,11,2.3764544832306638
2022-11-16,食用菌,86.886,521.604,301.4296,86.886,0.0,135,6,6.003314688212141,3.469253964965587,0.7304339056283793,0.0,3,11,2.3764544832306638
2022-11-17,水生根茎类,40.679,397.0158,250.28431,40.679,0.0,48,4,9.759723690356203,6.1526662405663854,0.586259242539015,0.0,4,11,2.379192334017796
2022-11-17,花叶类,167.727,484.8272,208.8049,167.727,0.0,197,20,2.8905733722060254,1.244909287115372,1.3219148592777277,0.0,4,11,2.379192334017796
2022-11-17,花菜类,38.752,212.821,107.54016,38.752,0.0,83,2,5.491871387283236,2.775086705202312,0.9789909183694723,0.0,4,11,2.379192334017796
2022-11-17,茄类,8.038,48.228,27.65072,8.038,0.0,14,1,6.0,3.44,0.7441860465116279,0.0,4,11,2.379192334017796
2022-11-17,辣椒类,87.401,359.2738,170.12344000000002,87.401,0.0,133,9,4.110637178064325,1.9464701776867543,1.1118418484836656,0.0,4,11,2.379192334017796
2022-11-17,食用菌,78.117,482.197,280.55718,78.117,0.0,129,7,6.172753689977854,3.5914996735665734,0.718712028685204,0.0,4,11,2.379192334017796
2022-11-18,水生根茎类,58.711,476.89340000000004,310.74497,58.711,0.0,70,4,8.122726575939774,5.2927895964981015,0.5346777777287917,0.0,5,11,2.3819301848049284
2022-11-18,花叶类,286.966,831.5598,354.01944000000003,286.966,0.0,338,20,2.897764195061436,1.233663360816264,1.348909992061453,0.0,5,11,2.3819301848049284
2022-11-18,花菜类,68.424,404.817,218.29326,68.424,0.0,143,2,5.916301297790248,3.1903025254296735,0.8544640361319447,0.0,5,11,2.3819301848049284
2022-11-18,茄类,17.923,107.538,61.11743,17.923,0.0,36,1,6.0,3.41,0.7595307917888563,0.0,5,11,2.3819301848049284
2022-11-18,辣椒类,202.361,783.5536,349.95414,202.361,0.0,299,10,3.8720583511645033,1.729355656475309,1.2390179467515372,0.0,5,11,2.3819301848049284
2022-11-18,食用菌,141.804,810.471,474.34005,141.804,0.0,223,9,5.715431158500466,3.3450399847677077,0.7086286515338522,0.0,5,11,2.3819301848049284
2022-11-19,水生根茎类,182.523,1217.6246,825.08429,182.523,0.0,217,4,6.671074878234524,4.52044010891778,0.47575782833048486,0.0,6,11,2.3846680355920604
2022-11-19,花叶类,1213.473,3566.8856,1284.23769,1213.473,0.0,1385,25,2.9394025248192586,1.0583158339740562,1.7774341368224449,0.0,6,11,2.3846680355920604
2022-11-19,花菜类,122.879,793.6712,469.4692,122.879,0.0,257,2,6.458965323611031,3.8205812221779145,0.6905713942469496,0.0,6,11,2.3846680355920604
2022-11-19,茄类,35.948,216.492,121.25206,35.948,0.0,61,2,6.022365639256704,3.3729848670301545,0.7854706963329119,0.0,6,11,2.3846680355920604
2022-11-19,辣椒类,423.76800000000003,1652.5858,756.88365,423.76800000000003,0.0,620,12,3.899741839874648,1.7860802372996545,1.183407978227565,0.0,6,11,2.3846680355920604
2022-11-19,食用菌,432.75,2438.178,1368.2648000000002,432.75,0.0,592,10,5.634149046793761,3.1617904101675336,0.7819489326919757,0.0,6,11,2.3846680355920604
2022-11-20,水生根茎类,67.057,574.9826,373.02538,67.057,0.0,74,3,8.574535097007024,5.56281044484543,0.5414034294395733,0.0,7,11,2.3874058863791925
2022-11-20,花叶类,144.034,491.8012,207.62073999999998,144.034,0.0,209,18,3.4144799144646405,1.4414703472791146,1.3687479391509734,0.0,7,11,2.3874058863791925
2022-11-20,花菜类,97.969,581.4634,330.09036,97.969,0.0,206,2,5.935177454092622,3.3693347895762944,0.761527964645802,0.0,7,11,2.3874058863791925
2022-11-20,茄类,0.252,1.512,0.87192,0.252,0.0,1,1,6.0,3.46,0.7341040462427746,0.0,7,11,2.3874058863791925
2022-11-20,辣椒类,198.627,771.0122,339.53234,198.627,0.0,285,8,3.881708931816923,1.7093967084031876,1.2708063685479858,0.0,7,11,2.3874058863791925
2022-11-20,食用菌,145.828,765.755,448.29395,145.828,0.0,204,8,5.251083468195408,3.074128082398442,0.7081537683031414,0.0,7,11,2.3874058863791925
2022-11-21,水生根茎类,264.657,2026.8300000000002,1306.46027,264.657,0.0,287,5,7.658327571158142,4.936428169290818,0.5513904605763482,0.0,1,11,2.3901437371663246
2022-11-21,花叶类,751.168,2582.5292,1411.10924,751.168,0.0,891,23,3.4380181264377607,1.8785534527562409,0.8301412298880559,0.0,1,11,2.3901437371663246
2022-11-21,花菜类,131.309,850.3228,494.65976,131.309,0.0,252,2,6.4757389059394255,3.7671428462633942,0.7190054028247617,0.0,1,11,2.3901437371663246
2022-11-21,茄类,54.83,333.906,189.91302000000002,54.83,0.0,85,2,6.089841327740288,3.4636698887470367,0.7582048876901644,0.0,1,11,2.3901437371663246
2022-11-21,辣椒类,350.422,1506.7628,671.95012,350.422,0.0,559,14,4.299852178230818,1.9175454737430866,1.2423729904237533,0.0,1,11,2.3901437371663246
2022-11-21,食用菌,341.02,1861.7912,1060.8698299999999,341.02,0.0,478,13,5.4594780364787985,3.1108727640607587,0.7549666767316778,0.0,1,11,2.3901437371663246
2022-11-22,水生根茎类,30.541,206.6936,139.2107,30.541,0.0,32,3,6.767741724239547,4.558157886120298,0.4847536863186521,0.0,2,11,2.3928815879534566
2022-11-22,花叶类,170.192,509.0032,237.58852,170.192,0.0,199,19,2.990758672558052,1.3960028673498166,1.1423728722246342,0.0,2,11,2.3928815879534566
2022-11-22,花菜类,36.972,202.5324,102.41496000000001,36.972,0.0,72,2,5.4779941577409925,2.770068159688413,0.977566558635574,0.0,2,11,2.3928815879534566
2022-11-22,茄类,4.816,28.896,16.32624,4.816,0.0,8,1,6.0,3.3899999999999997,0.7699115044247788,0.0,2,11,2.3928815879534566
2022-11-22,辣椒类,82.219,332.4532,116.81955,82.219,0.0,102,7,4.043508191537236,1.4208339921429356,1.8458695483761058,0.0,2,11,2.3928815879534566
2022-11-22,食用菌,32.489,209.777,111.01314,32.489,0.0,44,8,6.456862322632276,3.4169454276832165,0.8896591880925084,0.0,2,11,2.3928815879534566
2022-11-23,水生根茎类,50.24,405.128,256.92721,50.24,0.0,46,3,8.063853503184713,5.11399701433121,0.5768201429502153,0.0,3,11,2.3956194387405887
2022-11-23,花叶类,244.572,697.6224,371.37957,244.572,0.0,248,20,2.8524213728472594,1.5184876846082136,0.8784619735544417,0.0,3,11,2.3956194387405887
2022-11-23,花菜类,31.84,191.0482,99.60813,31.84,0.0,62,2,6.000257537688443,3.1283960427135677,0.9179980589937791,0.0,3,11,2.3956194387405887
2022-11-23,茄类,8.243,52.248,31.79901,8.243,0.0,11,2,6.338469004003397,3.857698653402887,0.6430700201043995,0.0,3,11,2.3956194387405887
2022-11-23,辣椒类,98.441,409.3136,140.37189,98.441,0.0,127,9,4.157958574171331,1.425949451955994,1.9159228389672598,0.0,3,11,2.3956194387405887
2022-11-23,食用菌,59.562,357.375,186.37433,59.562,0.0,77,5,6.000050367684094,3.129081125549847,0.9175119234499729,0.0,3,11,2.3956194387405887
2022-11-24,水生根茎类,29.738,196.0608,123.32081,29.738,0.0,29,3,6.592938328065102,4.1469100141233435,0.5898435957402488,0.0,4,11,2.3983572895277208
2022-11-24,花叶类,260.618,831.5844,312.26608,260.618,0.0,284,16,3.1908172113975244,1.1981754138240643,1.6630635002046974,0.0,4,11,2.3983572895277208
2022-11-24,花菜类,31.131,187.5174,96.7482,31.131,0.0,61,2,6.023494266165558,3.1077768141081235,0.9382004006276088,0.0,4,11,2.3983572895277208
2022-11-24,茄类,8.455,52.238,31.69718,8.455,0.0,10,2,6.178356002365464,3.7489272619751626,0.6480330426870782,0.0,4,11,2.3983572895277208
2022-11-24,辣椒类,105.612,429.1026,139.03138,105.612,0.0,134,9,4.063009885240314,1.3164354429420901,2.0863722995484903,0.0,4,11,2.3983572895277208
2022-11-24,食用菌,43.262,341.701,178.15185,43.262,0.0,70,7,7.898409689797051,4.117975359437843,0.9180322853790182,0.0,4,11,2.3983572895277208
2022-11-25,水生根茎类,62.003,486.3288,283.85634,62.003,0.0,55,3,7.843633372578746,4.578106543231779,0.7132920124313589,0.0,5,11,2.401095140314853
2022-11-25,花叶类,228.796,701.4182,255.12091999999998,228.796,0.0,226,18,3.0656925820381473,1.1150584800433574,1.7493558740694413,0.0,5,11,2.401095140314853
2022-11-25,花菜类,46.435,277.921,176.96085,46.435,0.0,88,2,5.985162054484763,3.810936793367072,0.5705225195290371,0.0,5,11,2.401095140314853
2022-11-25,茄类,16.927,105.782,60.60847999999999,16.927,0.0,22,2,6.249305842736456,3.58058013824068,0.7453333262936146,0.0,5,11,2.401095140314853
2022-11-25,辣椒类,103.304,434.2372,147.2988,103.304,0.0,136,9,4.203488732285294,1.42587702315496,1.948002291939921,0.0,5,11,2.401095140314853
2022-11-25,食用菌,32.969,252.108,132.41941,32.969,0.0,48,7,7.646819739755528,4.016482453213625,0.9038598646527727,0.0,5,11,2.401095140314853
2022-11-26,水生根茎类,37.043,331.8968,188.76675,37.043,0.0,38,3,8.959771076856626,5.095881813028103,0.7582376133508679,0.0,6,11,2.403832991101985
2022-11-26,花叶类,352.511,1096.8766,461.30337000000003,352.511,0.0,348,16,3.11160956679366,1.3086212061467586,1.3777771231109797,0.0,6,11,2.403832991101985
2022-11-26,花菜类,47.408,265.7438,65.08373,47.408,0.0,97,2,5.6054632129598385,1.3728427691528855,3.083106484523859,0.0,6,11,2.403832991101985
2022-11-26,茄类,9.863999999999999,60.013999999999996,22.24126,9.863999999999999,0.0,16,2,6.084144363341444,2.254791159772912,1.6983183506689818,0.0,6,11,2.403832991101985
2022-11-26,辣椒类,89.276,388.2042,126.70336,89.276,0.0,119,9,4.348360141583405,1.419232044446436,2.06388244163375,0.0,6,11,2.403832991101985
2022-11-26,食用菌,57.284,294.802,107.45412,57.284,0.0,68,7,5.146323580755534,1.8758138398156554,1.743515092767034,0.0,6,11,2.403832991101985
2022-11-27,水生根茎类,3.165,17.723999999999997,14.400749999999999,3.165,0.0,2,1,5.599999999999999,4.55,0.23076923076923062,0.0,7,11,2.406570841889117
2022-11-27,花叶类,40.471,123.9824,55.83801,40.471,0.0,39,10,3.0634874354476045,1.3797042326604236,1.2203943156283685,0.0,7,11,2.406570841889117
2022-11-27,花菜类,3.192,15.3216,4.6603200000000005,3.192,0.0,7,1,4.8,1.46,2.287671232876712,0.0,7,11,2.406570841889117
2022-11-27,茄类,4.146,24.875999999999998,18.698459999999997,4.146,0.0,5,1,6.0,4.51,0.33037694013303787,0.0,7,11,2.406570841889117
2022-11-27,辣椒类,17.031,62.924,24.63091,17.031,0.0,19,4,3.6946744172391526,1.4462397980153838,1.5546762178092486,0.0,7,11,2.406570841889117
2022-11-27,食用菌,8.596,54.778999999999996,25.51672,8.596,0.0,12,4,6.37261516984644,2.9684411354118194,1.1467884587047235,0.0,7,11,2.406570841889117
2022-11-28,水生根茎类,1.8090000000000002,15.330400000000001,9.97712,1.8090000000000002,0.0,2,2,8.474516307352127,5.51526810392482,0.5365556393027247,0.0,1,11,2.409308692676249
2022-11-28,花叶类,40.862,104.1144,48.08452,40.862,0.0,33,10,2.547951642112476,1.1767539523273456,1.1652373778505014,0.0,1,11,2.409308692676249
2022-11-28,花菜类,10.708,56.013999999999996,19.9997,10.708,0.0,22,2,5.231042211430705,1.8677344041837878,1.8007420111301666,0.0,1,11,2.409308692676249
2022-11-28,茄类,1.04,3.12,4.2328,1.04,0.0,1,1,3.0,4.07,-0.2628992628992629,0.0,1,11,2.409308692676249
2022-11-28,辣椒类,13.451,52.403999999999996,25.48475,13.451,0.0,15,3,3.895918519069214,1.8946360865363168,1.0562885647298876,0.0,1,11,2.409308692676249
2022-11-28,食用菌,3.012,21.750999999999998,17.83715,3.012,0.0,5,3,7.22144754316069,5.9220285524568395,0.21942126404722728,0.0,1,11,2.409308692676249
2022-11-29,水生根茎类,9.193999999999999,61.886399999999995,43.1357,9.193999999999999,0.0,7,2,6.731172503806831,4.691722862736568,0.4346909868160247,0.0,2,11,2.412046543463381
2022-11-29,花叶类,31.298,92.7414,37.7205,31.298,0.0,35,11,2.963173365710269,1.2052048054188766,1.4586471547301865,0.0,2,11,2.412046543463381
2022-11-29,花菜类,7.624,40.2934,14.55842,7.624,0.0,15,2,5.285073452256033,1.9095514165792236,1.7677041876797066,0.0,2,11,2.412046543463381
2022-11-29,茄类,1.778,5.334,6.95198,1.778,0.0,2,1,2.9999999999999996,3.9099999999999997,-0.23273657289002558,0.0,2,11,2.412046543463381
2022-11-29,辣椒类,6.066,24.064,12.61246,6.066,0.0,7,2,3.9670293438839432,2.079205407187603,0.9079545148210577,0.0,2,11,2.412046543463381
2022-11-29,食用菌,8.283,47.893,27.894090000000002,8.283,0.0,8,4,5.78208378606785,3.3676312930097794,0.7169586819286808,0.0,2,11,2.412046543463381
2022-12-04,水生根茎类,18.158,132.8848,89.4162,18.158,0.0,16,2,7.318250908690384,4.924341887873114,0.48613785868779935,0.0,7,12,2.425735797399042
2022-12-04,花叶类,86.399,295.0424,138.851,86.399,0.0,108,10,3.414882116691165,1.6070903598421278,1.1248849486139818,0.0,7,12,2.425735797399042
2022-12-04,花菜类,24.722,125.0522,41.2128,24.722,0.0,54,2,5.0583367041501495,1.6670495914570018,2.034304876154981,0.0,7,12,2.425735797399042
2022-12-04,茄类,1.168,9.344,4.21648,1.168,0.0,1,1,8.0,3.61,1.21606648199446,0.0,7,12,2.425735797399042
2022-12-04,辣椒类,52.403999999999996,197.79919999999998,61.66368,52.403999999999996,0.0,54,6,3.774505762918861,1.1766979619876345,2.2077099517900973,0.0,7,12,2.425735797399042
2022-12-04,食用菌,26.0,114.2,55.44,26.0,0.0,26,3,4.392307692307693,2.132307692307692,1.0598845598845603,0.0,7,12,2.425735797399042
2022-12-05,水生根茎类,41.811,421.3416,275.0229,41.811,0.0,44,2,10.077290665135969,6.57776422472555,0.5320236969357826,0.0,1,12,2.428473648186174
2022-12-05,花叶类,170.093,558.7841999999999,268.93524,170.093,0.0,186,11,3.2851687018278235,1.581107041442035,1.0777648923956558,0.0,1,12,2.428473648186174
2022-12-05,花菜类,30.282,145.3536,44.51454,30.282,0.0,71,1,4.8,1.47,2.2653061224489797,0.0,1,12,2.428473648186174
2022-12-05,辣椒类,109.228,434.9448,153.38028,109.228,0.0,151,8,3.9819899659427986,1.404221261947486,1.8357282957105046,0.0,1,12,2.428473648186174
2022-12-05,食用菌,114.0,408.4,241.46,114.0,0.0,114,3,3.582456140350877,2.1180701754385964,0.6913774538225792,0.0,1,12,2.428473648186174
2022-12-06,水生根茎类,58.863,438.8328,295.04433,58.863,0.0,61,2,7.455155190866929,5.01239029611131,0.48734530841517953,0.0,2,12,2.431211498973306
2022-12-06,花叶类,209.171,809.3966,438.0121,209.171,0.0,277,14,3.869545013410081,2.094038370519814,0.8478863940060106,0.0,2,12,2.431211498973306
2022-12-06,花菜类,33.994,226.36180000000002,127.55231,33.994,0.0,68,2,6.658875095605107,3.752200682473378,0.774658569491999,0.0,2,12,2.431211498973306
2022-12-06,茄类,7.977,63.816,36.773970000000006,7.977,0.0,17,1,8.0,4.61,0.7353579175704987,0.0,2,12,2.431211498973306
2022-12-06,辣椒类,93.761,372.305,129.49705,93.761,0.0,150,7,3.970787427608494,1.3811398129286165,1.8750075773926893,0.0,2,12,2.431211498973306
2022-12-06,食用菌,98.62,654.32,421.32460000000003,98.62,0.0,153,3,6.634759683634152,4.272202393023727,0.5530068740348892,0.0,2,12,2.431211498973306
2022-12-07,水生根茎类,58.331,430.6536,288.72428,58.331,0.0,59,2,7.382928459995542,4.949757075997326,0.49157389880754043,0.0,3,12,2.433949349760438
2022-12-07,花叶类,235.787,774.432,384.27456,235.787,0.0,268,13,3.284455886032733,1.629752954997519,1.0153090540263712,0.0,3,12,2.433949349760438
2022-12-07,花菜类,24.04,168.28,103.8528,24.04,0.0,50,1,7.0,4.32,0.6203703703703702,0.0,3,12,2.433949349760438
2022-12-07,茄类,11.597,92.776,56.47739,11.597,0.0,24,1,8.0,4.87,0.6427104722792607,0.0,3,12,2.433949349760438
2022-12-07,辣椒类,82.55,269.23220000000003,116.09182,82.55,0.0,135,5,3.2614439733494858,1.4063212598425197,1.3191315288191712,0.0,3,12,2.433949349760438
2022-12-07,食用菌,124.352,801.232,487.0184,124.352,0.0,175,6,6.443257848687596,3.9164500772002055,0.6451780877272808,0.0,3,12,2.433949349760438
2022-12-08,水生根茎类,39.48,238.0,175.0224,39.48,0.0,39,2,6.028368794326242,4.433191489361702,0.35982594227938836,0.0,4,12,2.43668720054757
2022-12-08,花叶类,150.924,459.253,232.87358,150.924,0.0,174,14,3.0429421430653836,1.5429857411677401,0.972112937843786,0.0,4,12,2.43668720054757
2022-12-08,花菜类,45.265,267.375,165.5672,45.265,0.0,94,2,5.906881696675136,3.657731138849001,0.6149031933861295,0.0,4,12,2.43668720054757
2022-12-08,茄类,4.524,36.192,22.1676,4.524,0.0,8,1,8.0,4.9,0.6326530612244896,0.0,4,12,2.43668720054757
2022-12-08,辣椒类,131.273,454.1736,144.41863999999998,131.273,0.0,169,8,3.459764003260381,1.1001397088510203,2.1448405829053647,0.0,4,12,2.43668720054757
2022-12-08,食用菌,82.678,554.07,358.17218,82.678,0.0,126,6,6.701540917777402,4.3321340622656574,0.5469375650560018,0.0,4,12,2.43668720054757
2022-12-09,水生根茎类,27.039,208.0038,143.1165,27.039,0.0,28,3,7.692732719405304,5.292965716187728,0.45338797413296184,0.0,5,12,2.439425051334702
2022-12-09,花叶类,123.88,459.6118,271.18188,123.88,0.0,156,14,3.7101372295770103,2.1890690991281883,0.6948470155896851,0.0,5,12,2.439425051334702
2022-12-09,花菜类,35.891,199.91219999999998,108.35581,35.891,0.0,84,2,5.569981332367446,3.0190245465437022,0.8449605978673407,0.0,5,12,2.439425051334702
2022-12-09,茄类,4.422,35.376,21.71202,4.422,0.0,11,1,8.0,4.91,0.6293279022403258,0.0,5,12,2.439425051334702
2022-12-09,辣椒类,99.447,353.8304,130.04566,99.447,0.0,129,8,3.5579796273391855,1.3076881152774844,1.7208166731592582,0.0,5,12,2.439425051334702
2022-12-09,食用菌,64.484,468.36,286.11316,64.484,0.0,96,6,7.263197072141928,4.4369635878667575,0.6369746851210902,0.0,5,12,2.439425051334702
2022-12-10,水生根茎类,69.28,496.7422,342.0079,69.28,0.0,80,4,7.170066397228638,4.936603637413395,0.4524290228383614,0.0,6,12,2.4421629021218343
2022-12-10,花叶类,221.009,774.266,431.66552,221.009,0.0,269,17,3.5033233940699247,1.9531581066834385,0.7936711739218825,0.0,6,12,2.4421629021218343
2022-12-10,花菜类,55.053,304.71479999999997,186.46992,55.053,0.0,114,2,5.534935425862351,3.387098250776525,0.6341230800120468,0.0,6,12,2.4421629021218343
2022-12-10,茄类,6.572,52.576,33.97724,6.572,0.0,13,1,8.0,5.17,0.5473887814313347,0.0,6,12,2.4421629021218343
2022-12-10,辣椒类,155.982,589.5038,222.61476,155.982,0.0,218,9,3.7793065866574347,1.427182367196215,1.6480894618128645,0.0,6,12,2.4421629021218343
2022-12-10,食用菌,146.336,999.44,591.49098,146.336,0.0,203,10,6.8297616444347256,4.042005931554778,0.6896960964645649,0.0,6,12,2.4421629021218343
2022-12-11,水生根茎类,62.385,492.11740000000003,321.2856,62.385,0.0,70,3,7.888393043199488,5.150045684058668,0.5317132171500998,0.0,7,12,2.4449007529089664
2022-12-11,花叶类,199.007,667.8418,361.54882000000003,199.007,0.0,234,18,3.3558708990136026,1.8167643349228924,0.8471690766408806,0.0,7,12,2.4449007529089664
2022-12-11,花菜类,61.213,323.0016,172.86792,61.213,0.0,128,2,5.2766830575204615,2.8240393380491073,0.8684878027108789,0.0,7,12,2.4449007529089664
2022-12-11,茄类,3.629,29.9488,20.59935,3.629,0.0,8,2,8.252631578947367,5.676315789473684,0.4538711172925356,0.0,7,12,2.4449007529089664
2022-12-11,辣椒类,169.695,590.1558,220.98088,169.695,0.0,219,9,3.4777441881021836,1.3022238722413744,1.6706192861572458,0.0,7,12,2.4449007529089664
2022-12-11,食用菌,139.046,979.79,606.91433,139.046,0.0,192,11,7.046516979992233,4.364845662586482,0.6143794133185154,0.0,7,12,2.4449007529089664
2022-12-12,水生根茎类,30.168,202.0678,117.12406999999999,30.168,0.0,36,4,6.698084062582869,3.8823942588172895,0.7252457159318322,0.0,1,12,2.4476386036960984
2022-12-12,花叶类,154.035,511.9146,280.87073,154.035,0.0,180,16,3.3233654688869416,1.8234214951147465,0.8225986025670959,0.0,1,12,2.4476386036960984
2022-12-12,花菜类,21.754,110.9436,56.773619999999994,21.754,0.0,51,2,5.099917256596488,2.6098014158315705,0.954139968527637,0.0,1,12,2.4476386036960984
2022-12-12,茄类,3.379,27.032,18.34797,3.379,0.0,6,1,8.0,5.43,0.4732965009208103,0.0,1,12,2.4476386036960984
2022-12-12,辣椒类,88.205,318.443,118.52105,88.205,0.0,122,8,3.6102601893316706,1.3436999036335808,1.6868054240153967,0.0,1,12,2.4476386036960984
2022-12-12,食用菌,68.722,491.23,305.61784,68.722,0.0,108,6,7.148074852303484,4.447161607636565,0.6073341791827334,0.0,1,12,2.4476386036960984
2022-12-13,水生根茎类,50.434,337.144,221.10694,50.434,0.0,66,5,6.684855454653607,4.384084942697387,0.5248006236258345,0.0,2,12,2.4503764544832305
2022-12-13,花叶类,179.802,544.741,310.18797,179.802,0.0,213,17,3.029671527569215,1.7251641805986586,0.7561641736138252,0.0,2,12,2.4503764544832305
2022-12-13,花菜类,35.524,201.3252,141.49937,35.524,0.0,72,2,5.667300979619412,3.9832048755770746,0.42279926758684505,0.0,2,12,2.4503764544832305
2022-12-13,茄类,5.316,42.528,28.865879999999997,5.316,0.0,10,1,8.0,5.43,0.4732965009208103,0.0,2,12,2.4503764544832305
2022-12-13,辣椒类,93.872,346.141,136.41105,93.872,0.0,134,9,3.6873721663541845,1.4531601542525991,1.5374850497815244,0.0,2,12,2.4503764544832305
2022-12-13,食用菌,77.693,516.595,308.91644,77.693,0.0,108,9,6.649183324108994,3.9761167672763316,0.6722806983014566,0.0,2,12,2.4503764544832305
2022-12-14,水生根茎类,29.923,182.5888,135.06769,29.923,0.0,27,4,6.101955017879224,4.513841860775992,0.35183181114595197,0.0,3,12,2.4531143052703626
2022-12-14,花叶类,219.115,671.9872,376.78295,219.115,0.0,225,18,3.0668242703603132,1.7195671222873834,0.7834862219747469,0.0,3,12,2.4531143052703626
2022-12-14,花菜类,40.701,250.3956,152.59437,40.701,0.0,88,2,6.1520748875949,3.749155303309501,0.6409229252691302,0.0,3,12,2.4531143052703626
2022-12-14,茄类,6.973,55.784,38.42123,6.973,0.0,14,1,8.0,5.510000000000001,0.4519056261343011,0.0,3,12,2.4531143052703626
2022-12-14,辣椒类,93.198,346.2038,125.01474,93.198,0.0,129,9,3.7147127620764397,1.341388656408936,1.7693038436907522,0.0,3,12,2.4531143052703626
2022-12-14,食用菌,92.181,648.715,381.50608,92.181,0.0,131,11,7.037404671244617,4.13866284809234,0.7004054037618481,0.0,3,12,2.4531143052703626
2022-12-15,水生根茎类,60.996,374.22040000000004,280.15415,60.996,0.0,64,3,6.135162961505673,4.592992163420552,0.3357660416595649,0.0,4,12,2.455852156057495
2022-12-15,花叶类,291.759,879.483,485.75353,291.759,0.0,313,16,3.014416007732409,1.6649136102056834,0.8105540066790662,0.0,4,12,2.455852156057495
2022-12-15,花菜类,44.891,271.4558,164.33585,44.891,0.0,94,2,6.046998284734134,3.6607749883050054,0.651835555053873,0.0,4,12,2.455852156057495
2022-12-15,茄类,8.607,68.856,48.80169,8.607,0.0,16,1,8.0,5.670000000000001,0.4109347442680773,0.0,4,12,2.455852156057495
2022-12-15,辣椒类,144.972,510.8136,174.69324,144.972,0.0,180,10,3.5235328201307836,1.2050136578097839,1.9240604845384972,0.0,4,12,2.455852156057495
2022-12-15,食用菌,94.034,669.01,382.74252,94.034,0.0,139,11,7.114554310143139,4.070256715656039,0.7479374907183032,0.0,4,12,2.455852156057495
2022-12-16,水生根茎类,59.198,337.3272,245.08616,59.198,0.0,62,3,5.698287104294064,4.140108787459035,0.3763616843970301,0.0,5,12,2.458590006844627
2022-12-16,花叶类,306.951,868.2426,434.28679,306.951,0.0,323,15,2.828603262409961,1.4148407726314622,0.999237876887759,0.0,5,12,2.458590006844627
2022-12-16,花菜类,28.131,190.6338,131.80569,28.131,0.0,53,2,6.776644982403754,4.685424976005119,0.4463245099661479,0.0,5,12,2.458590006844627
2022-12-16,茄类,6.8389999999999995,55.2748,37.93461,6.8389999999999995,0.0,12,2,8.08229273285568,5.546806550665302,0.4571073750329844,0.0,5,12,2.458590006844627
2022-12-16,辣椒类,147.869,532.4316,177.56058,147.869,0.0,190,9,3.6006979150464264,1.200796515834962,1.9985912413667495,0.0,5,12,2.458590006844627
2022-12-16,食用菌,146.341,1002.7412,594.95196,146.341,0.0,203,12,6.852086564940789,4.065517934140124,0.6854154073212906,0.0,5,12,2.458590006844627
2022-12-17,水生根茎类,97.791,735.7080000000001,492.05961,97.791,0.0,113,3,7.523269012485812,5.031747400067491,0.49516031197927424,0.0,6,12,2.461327857631759
2022-12-17,花叶类,265.09,951.5306,540.81065,265.09,0.0,361,21,3.58946244671621,2.040102040816327,0.7594524072334743,0.0,6,12,2.461327857631759
2022-12-17,花菜类,43.945,306.2752,222.90856000000002,43.945,0.0,71,2,6.969511889862328,5.07244419160314,0.3739947896123863,0.0,6,12,2.461327857631759
2022-12-17,茄类,16.786,139.1096,95.47314,16.786,0.0,31,2,8.287239366138449,5.6876647206005,0.4570548323853181,0.0,6,12,2.461327857631759
2022-12-17,辣椒类,153.757,596.0876000000001,213.63342,153.757,0.0,223,10,3.8768160148806237,1.3894224002809628,1.7902357224819978,0.0,6,12,2.461327857631759
2022-12-17,食用菌,142.647,972.4026,582.55976,142.647,0.0,204,10,6.81684578014259,4.083925774814753,0.6691894407536834,0.0,6,12,2.461327857631759
2022-12-18,水生根茎类,65.117,444.076,302.15818,65.117,0.0,82,4,6.819663068016032,4.640234961684353,0.46968054943936965,0.0,7,12,2.4640657084188913
2022-12-18,花叶类,295.364,926.2246,472.48267,295.364,0.0,352,15,3.135875055863274,1.5996623488305954,0.9603356034201214,0.0,7,12,2.4640657084188913
2022-12-18,花菜类,68.962,404.7022,260.70796,68.962,0.0,145,2,5.86848119254082,3.7804582233693917,0.5523200749221466,0.0,7,12,2.4640657084188913
2022-12-18,茄类,12.025,96.2,65.05525,12.025,0.0,22,1,8.0,5.41,0.478743068391867,0.0,7,12,2.4640657084188913
2022-12-18,辣椒类,123.469,431.1906,156.15533,123.469,0.0,178,8,3.492298471681151,1.2647330908973102,1.761292874216974,0.0,7,12,2.4640657084188913
2022-12-18,食用菌,131.36,894.511,511.21005,131.36,0.0,183,9,6.809614799025578,3.891672122411693,0.7497914995998218,0.0,7,12,2.4640657084188913
2022-12-19,水生根茎类,67.122,496.088,334.0885,67.122,0.0,82,5,7.390840558982152,4.977332320252675,0.48489995914256245,0.0,1,12,2.4668035592060233
2022-12-19,花叶类,200.178,789.5082,444.98252,200.178,0.0,266,15,3.9440308125768064,2.2229341885721707,0.7742454242921721,0.0,1,12,2.4668035592060233
2022-12-19,花菜类,47.456,265.2482,171.92684,47.456,0.0,103,2,5.589350134861767,3.6228683412002693,0.5427969245523272,0.0,1,12,2.4668035592060233
2022-12-19,茄类,11.56,92.48,59.64960000000001,11.56,0.0,24,1,8.0,5.16,0.5503875968992247,0.0,1,12,2.4668035592060233
2022-12-19,辣椒类,93.288,318.6576,120.59598,93.288,0.0,136,6,3.415847697453049,1.2927276820169797,1.6423567352742605,0.0,1,12,2.4668035592060233
2022-12-19,食用菌,85.801,650.3268,383.1435,85.801,0.0,138,9,7.579478094660902,4.46548991270498,0.697345250539289,0.0,1,12,2.4668035592060233
2022-12-20,水生根茎类,53.792,348.704,234.22624,53.792,0.0,61,4,6.482450922070196,4.354295062462819,0.4887486560002843,0.0,2,12,2.4695414099931554
2022-12-20,花叶类,251.224,783.2078,451.46979,251.224,0.0,296,14,3.117567589083846,1.7970806531223131,0.7347955884268582,0.0,2,12,2.4695414099931554
2022-12-20,花菜类,45.501,294.8592,189.30591,45.501,0.0,96,2,6.48027955429551,4.160478011472276,0.5575805319548659,0.0,2,12,2.4695414099931554
2022-12-20,茄类,6.731,53.848,33.85693,6.731,0.0,13,1,8.0,5.03,0.5904572564612325,0.0,2,12,2.4695414099931554
2022-12-20,辣椒类,87.82,321.3694,123.63466,87.82,0.0,127,8,3.659410157139604,1.4078189478478706,1.599347141003987,0.0,2,12,2.4695414099931554
2022-12-20,食用菌,97.125,714.33,399.4673,97.125,0.0,148,9,7.354749034749035,4.112919433719434,0.7882064439317058,0.0,2,12,2.4695414099931554
2022-12-21,水生根茎类,61.52,405.4492,265.72822,61.52,0.0,72,4,6.590526657997399,4.319379388816645,0.525804071543474,0.0,3,12,2.4722792607802875
2022-12-21,花叶类,285.265,1019.3614,583.66072,285.265,0.0,349,18,3.5733840464129845,2.046029902020928,0.7464964920030936,0.0,3,12,2.4722792607802875
2022-12-21,花菜类,72.494,439.84,294.57934,72.494,0.0,172,2,6.067260738819764,4.063499599966894,0.49311217819959774,0.0,3,12,2.4722792607802875
2022-12-21,茄类,17.740000000000002,141.92000000000002,89.2322,17.740000000000002,0.0,34,1,8.0,5.029999999999999,0.5904572564612327,0.0,3,12,2.4722792607802875
2022-12-21,辣椒类,132.998,484.1908,189.31107,132.998,0.0,189,11,3.6405870764973915,1.423412908464789,1.557646523259311,0.0,3,12,2.4722792607802875
2022-12-21,食用菌,126.095,846.2,484.11043,126.095,0.0,177,9,6.710813275704826,3.8392515960188747,0.7479482935329447,0.0,3,12,2.4722792607802875
2022-12-22,水生根茎类,45.018,270.321,172.25392,45.018,0.0,51,4,6.004731440757031,3.82633435514683,0.5693169711319199,0.0,4,12,2.4750171115674195
2022-12-22,花叶类,217.75,852.395,481.98835,217.75,0.0,267,16,3.9145579793340985,2.213494144661309,0.7684971016415643,0.0,4,12,2.4750171115674195
2022-12-22,花菜类,33.671,213.7264,147.1875,33.671,0.0,69,2,6.34749190698227,4.371343292447507,0.45206895966029736,0.0,4,12,2.4750171115674195
2022-12-22,茄类,8.883000000000001,71.06400000000001,45.21447,8.883000000000001,0.0,17,1,8.0,5.089999999999999,0.5717092337917489,0.0,4,12,2.4750171115674195
2022-12-22,辣椒类,93.949,323.8186,131.67878,93.949,0.0,131,9,3.4467487679485678,1.4015985268603177,1.4591555298431533,0.0,4,12,2.4750171115674195
2022-12-22,食用菌,93.636,680.828,393.43812,93.636,0.0,142,8,7.271006877696612,4.201782647699603,0.7304576384210049,0.0,4,12,2.4750171115674195
2022-12-23,水生根茎类,54.487,373.116,254.19634,54.487,0.0,61,5,6.847798557454071,4.66526584322866,0.4678260119716908,0.0,5,12,2.4777549623545516
2022-12-23,花叶类,195.623,748.8188,449.7641,195.623,0.0,234,13,3.827866866370519,2.2991371157788194,0.6649145629897986,0.0,5,12,2.4777549623545516
2022-12-23,花菜类,29.486,185.7568,129.49342000000001,29.486,0.0,58,2,6.299830427999728,4.391691650274707,0.43448833153066757,0.0,5,12,2.4777549623545516
2022-12-23,茄类,8.921,71.368,47.63814,8.921,0.0,17,1,8.0,5.340000000000001,0.4981273408239699,0.0,5,12,2.4777549623545516
2022-12-23,辣椒类,81.649,267.3768,96.61012,81.649,0.0,117,8,3.2747100393146273,1.1832370267853862,1.7675858388334476,0.0,5,12,2.4777549623545516
2022-12-23,食用菌,84.317,605.176,353.68274,84.317,0.0,127,10,7.177390087408234,4.194678890377979,0.7110702094198886,0.0,5,12,2.4777549623545516
2022-12-24,水生根茎类,61.874,442.4368,290.32622,61.874,0.0,72,4,7.15060930277661,4.692216763099201,0.5239298744701737,0.0,6,12,2.4804928131416837
2022-12-24,花叶类,274.955,940.3332,547.00657,274.955,0.0,312,12,3.419953083231802,1.9894403447836921,0.719052844283022,0.0,6,12,2.4804928131416837
2022-12-24,花菜类,47.279,325.6576,213.35109,47.279,0.0,110,2,6.8879967850419845,4.5125973476596375,0.5263929516366661,0.0,6,12,2.4804928131416837
2022-12-24,茄类,11.582,92.656,63.237719999999996,11.582,0.0,24,1,8.0,5.459999999999999,0.46520146520146555,0.0,6,12,2.4804928131416837
2022-12-24,辣椒类,108.564,354.58,130.45293,108.564,0.0,157,9,3.266091890497771,1.2016223610036478,1.7180685017960111,0.0,6,12,2.4804928131416837
2022-12-24,食用菌,123.631,826.8530000000001,468.21703,123.631,0.0,166,11,6.688071761936731,3.7872138055989195,0.7659609689976463,0.0,6,12,2.4804928131416837
2022-12-25,水生根茎类,104.56,711.6144,454.13126,104.56,0.0,135,5,6.805799540933435,4.343259946442234,0.5669795556465329,0.0,7,12,2.4832306639288158
2022-12-25,花叶类,350.94,1236.669,737.8237399999999,350.94,0.0,414,15,3.5238758762181575,2.1024213255827204,0.6761035637047954,0.0,7,12,2.4832306639288158
2022-12-25,花菜类,51.689,349.22799999999995,230.22142,51.689,0.0,121,2,6.756331134283889,4.453973185784209,0.5169222742175772,0.0,7,12,2.4832306639288158
2022-12-25,茄类,5.742,45.936,31.006800000000002,5.742,0.0,13,1,8.0,5.4,0.4814814814814814,0.0,7,12,2.4832306639288158
2022-12-25,辣椒类,165.418,549.6066,239.89177,165.418,0.0,229,10,3.322532009817553,1.4502156355414768,1.2910606729026175,0.0,7,12,2.4832306639288158
2022-12-25,食用菌,154.217,1059.141,622.81796,154.217,0.0,216,12,6.867861519806507,4.038581738718817,0.7005627133809698,0.0,7,12,2.4832306639288158
2022-12-26,水生根茎类,56.004,411.8712,267.92517,56.004,0.0,74,5,7.354317548746518,4.784036318834369,0.5372620646279707,0.0,1,12,2.485968514715948
2022-12-26,花叶类,232.075,882.5618,564.26256,232.075,0.0,276,16,3.802916298610363,2.4313802003662612,0.5640977491046009,0.0,1,12,2.485968514715948
2022-12-26,花菜类,27.542,186.4888,128.4262,27.542,0.0,70,2,6.771069639096652,4.662922082637426,0.4521086818733251,0.0,1,12,2.485968514715948
2022-12-26,茄类,12.022,99.688,64.36566,12.022,0.0,25,2,8.292131092996174,5.353989352853103,0.5487761641844424,0.0,1,12,2.485968514715948
2022-12-26,辣椒类,102.691,350.2574,146.97884,102.691,0.0,155,9,3.410789650504913,1.4312728476692211,1.3830464303569143,0.0,1,12,2.485968514715948
2022-12-26,食用菌,107.528,689.889,417.23242,107.528,0.0,149,11,6.415900974629864,3.880221151700022,0.6534884801137937,0.0,1,12,2.485968514715948
2022-12-27,水生根茎类,70.514,547.8802000000001,355.36904,70.514,0.0,95,6,7.769807414130528,5.039694812377684,0.5417218112191204,0.0,2,12,2.48870636550308
2022-12-27,花叶类,228.592,803.9272,529.18643,228.592,0.0,266,12,3.516864982151606,2.314982282844544,0.5191757657126619,0.0,2,12,2.48870636550308
2022-12-27,花菜类,39.024,271.4256,194.5008,39.024,0.0,85,2,6.955350553505534,4.984132841328413,0.3954986303398236,0.0,2,12,2.48870636550308
2022-12-27,茄类,6.541,53.364000000000004,35.02741,6.541,0.0,15,2,8.15838556795597,5.355054273046935,0.5234926019365973,0.0,2,12,2.48870636550308
2022-12-27,辣椒类,115.716,394.6548,155.72021999999998,115.716,0.0,165,9,3.4105465104220682,1.3457103598465208,1.534383781374057,0.0,2,12,2.48870636550308
2022-12-27,食用菌,95.732,625.371,373.24697,95.732,0.0,127,12,6.532517862365771,3.8988736263736263,0.6754884842065831,0.0,2,12,2.48870636550308
2022-12-28,水生根茎类,59.631,423.7614,283.20318,59.631,0.0,79,6,7.106394325099361,4.749260954872465,0.4963158252672164,0.0,3,12,2.4914442162902124
2022-12-28,花叶类,250.429,942.306,598.67806,250.429,0.0,295,16,3.762767091670693,2.3906099533201024,0.5739778404439944,0.0,3,12,2.4914442162902124
2022-12-28,花菜类,34.687,257.582,189.85852,34.687,0.0,72,2,7.42589442730706,5.473477671750223,0.356704982215178,0.0,3,12,2.4914442162902124
2022-12-28,茄类,8.167,65.336,43.611779999999996,8.167,0.0,19,1,8.0,5.34,0.49812734082397014,0.0,3,12,2.4914442162902124
2022-12-28,辣椒类,96.953,346.606,133.89634,96.953,0.0,139,10,3.5749899435809103,1.381043804730127,1.588614446070744,0.0,3,12,2.4914442162902124
2022-12-28,食用菌,111.519,679.932,422.9794,111.519,0.0,155,10,6.0970058913727705,3.7928908975152216,0.6074825393387953,0.0,3,12,2.4914442162902124
2022-12-29,水生根茎类,64.593,491.7226,326.69932,64.593,0.0,85,6,7.612629851531899,5.057813075720279,0.5051228144582609,0.0,4,12,2.4941820670773445
2022-12-29,花叶类,222.635,844.0208,525.25191,222.635,0.0,261,16,3.791051721427449,2.359251285736744,0.6068876360678062,0.0,4,12,2.4941820670773445
2022-12-29,花菜类,24.809,184.03879999999998,132.56251,24.809,0.0,58,2,7.418227256237655,5.343323390704986,0.3883171041344946,0.0,4,12,2.4941820670773445
2022-12-29,茄类,3.656,29.248,17.69504,3.656,0.0,10,1,8.0,4.84,0.6528925619834711,0.0,4,12,2.4941820670773445
2022-12-29,辣椒类,123.853,438.956,155.107,123.853,0.0,165,11,3.5441692974736183,1.2523475410365514,1.8300205664476783,0.0,4,12,2.4941820670773445
2022-12-29,食用菌,119.822,780.421,476.1645,119.822,0.0,165,13,6.513169534809968,3.9739321660463016,0.6389735060047528,0.0,4,12,2.4941820670773445
2022-12-30,水生根茎类,60.665,423.702,282.51667000000003,60.665,0.0,78,5,6.9842907772191545,4.656996126267206,0.4997415904696878,0.0,5,12,2.4969199178644765
2022-12-30,花叶类,228.35,831.7028,500.54422,228.35,0.0,261,16,3.642228158528575,2.192004466827239,0.6615970513054772,0.0,5,12,2.4969199178644765
2022-12-30,花菜类,29.381,192.7732,130.56517,29.381,0.0,76,2,6.561151764745924,4.443864061808652,0.47645195115971584,0.0,5,12,2.4969199178644765
2022-12-30,茄类,6.173,50.856,31.13234,6.173,0.0,16,2,8.238457800097198,5.043307953993196,0.6335424834753829,0.0,5,12,2.4969199178644765
2022-12-30,辣椒类,112.877,423.166,172.67686,112.877,0.0,164,10,3.748912533111263,1.5297789629419636,1.4506236678151314,0.0,5,12,2.4969199178644765
2022-12-30,食用菌,129.883,771.699,470.78539,129.883,0.0,164,11,5.941493497994348,3.6246882963898277,0.6391736370578533,0.0,5,12,2.4969199178644765
2022-12-31,水生根茎类,102.821,737.738,480.01475,102.821,0.0,124,5,7.174973983913793,4.668450511082367,0.5369069387971934,0.0,6,12,2.4996577686516086
2022-12-31,花叶类,307.509,1134.888,721.40617,307.509,0.0,349,14,3.690584665814659,2.3459676627350743,0.5731609281911187,0.0,6,12,2.4996577686516086
2022-12-31,花菜类,37.752,312.3792,218.83320999999998,37.752,0.0,82,2,8.274507310870947,5.796599120576392,0.4274762043658731,0.0,6,12,2.4996577686516086
2022-12-31,茄类,5.574,46.232,28.8044,5.574,0.0,13,2,8.294223179045568,5.167635450304988,0.6050325644693171,0.0,6,12,2.4996577686516086
2022-12-31,辣椒类,185.71,652.447,267.92767,185.71,0.0,234,10,3.513257229012977,1.4427207474018628,1.435160952207736,0.0,6,12,2.4996577686516086
2022-12-31,食用菌,174.733,1055.1390000000001,637.48652,174.733,0.0,235,12,6.038578860318315,3.64834644858155,0.6551549984147116,0.0,6,12,2.4996577686516086
2023-01-01,水生根茎类,91.56400000000001,658.718,438.93775,91.56400000000001,0.0,127,6,7.194071905989253,4.793780852736883,0.50070938305033,0.0,7,1,2.5023956194387407
2023-01-01,花叶类,304.635,1235.2808,745.28327,304.635,0.0,356,14,4.0549536330362566,2.4464794590247347,0.6574648187124876,0.0,7,1,2.5023956194387407
2023-01-01,花菜类,39.38,297.2144,202.79494,39.38,0.0,93,2,7.547343829355002,5.1496937531741995,0.4655908081335758,0.0,7,1,2.5023956194387407
2023-01-01,茄类,7.926,66.416,43.11578,7.926,0.0,18,2,8.379510471864748,5.439790562705022,0.5404104947191026,0.0,7,1,2.5023956194387407
2023-01-01,辣椒类,165.426,616.2768,270.39749,165.426,0.0,211,10,3.725392622683254,1.6345525491760668,1.2791513338381946,0.0,7,1,2.5023956194387407
2023-01-01,食用菌,153.813,985.0840000000001,614.241,153.813,0.0,213,11,6.404426153836153,3.993427083536502,0.6037418537674955,0.0,7,1,2.5023956194387407
2023-01-02,水生根茎类,52.659,447.8212,271.56521,52.659,0.0,83,5,8.504172126322185,5.157052165821606,0.6490374448185023,0.0,1,1,2.5051334702258727
2023-01-02,花叶类,276.026,1077.6312,594.07021,276.026,0.0,309,12,3.904093092679675,2.1522255512161896,0.8139795294566279,0.0,1,1,2.5051334702258727
2023-01-02,花菜类,35.047,256.6636,179.08729,35.047,0.0,81,2,7.323411418951693,5.10991782463549,0.4331759668706805,0.0,1,1,2.5051334702258727
2023-01-02,茄类,17.834,147.42,102.26207,17.834,0.0,27,2,8.266233038017269,5.734107323090726,0.44159022010800264,0.0,1,1,2.5051334702258727
2023-01-02,辣椒类,146.451,570.131,286.25396,146.451,0.0,202,12,3.8929812701859325,1.9546057042970004,0.9916964642165997,0.0,1,1,2.5051334702258727
2023-01-02,食用菌,128.931,839.768,514.42933,128.931,0.0,181,10,6.513313322629934,3.9899584273758832,0.6324263626259412,0.0,1,1,2.5051334702258727
2023-01-03,水生根茎类,48.556,387.7632,233.40701,48.556,0.0,66,4,7.9858966965977425,4.80696535958481,0.6613177127799201,0.0,2,1,2.507871321013005
2023-01-03,花叶类,181.984,753.3276,442.8859,181.984,0.0,223,13,4.139526551784772,2.4336529585018463,0.7009518704478961,0.0,2,1,2.507871321013005
2023-01-03,花菜类,30.25,322.7444,167.95009,30.25,0.0,60,2,10.669236363636363,5.55206909090909,0.9216685147355386,0.0,2,1,2.507871321013005
2023-01-03,茄类,3.617,30.64,21.184450000000002,3.617,0.0,9,2,8.471108653580316,5.856911805363562,0.4463438984727004,0.0,2,1,2.507871321013005
2023-01-03,辣椒类,109.134,471.084,208.63084,109.134,0.0,156,12,4.316564956842047,1.9116942474389282,1.2579787341123678,0.0,2,1,2.507871321013005
2023-01-03,食用菌,76.387,491.151,316.38952,76.387,0.0,106,11,6.429772081636928,4.141928862240957,0.5523617849289069,0.0,2,1,2.507871321013005
2023-01-04,水生根茎类,40.58,371.91720000000004,233.44813,40.58,0.0,59,5,9.165036964021686,5.752787826515525,0.5931470515527368,0.0,3,1,2.510609171800137
2023-01-04,花叶类,150.91,665.5416,387.36633,150.91,0.0,189,14,4.41018885428401,2.5668698562056855,0.71811938327216,0.0,3,1,2.510609171800137
2023-01-04,花菜类,26.555,281.5824,152.02879000000001,26.555,0.0,55,2,10.603743174543402,5.725053285633591,0.852164974805101,0.0,3,1,2.510609171800137
2023-01-04,茄类,3.9290000000000003,36.1468,23.53471,3.9290000000000003,0.0,10,1,9.2,5.989999999999999,0.5358931552587647,0.0,3,1,2.510609171800137
2023-01-04,辣椒类,92.447,405.842,217.6116,92.447,0.0,126,11,4.38999643038714,2.353906562679157,0.864983300522582,0.0,3,1,2.510609171800137
2023-01-04,食用菌,76.438,452.024,294.1376,76.438,0.0,102,10,5.913603181663571,3.848054632512625,0.5367773450249134,0.0,3,1,2.510609171800137
2023-01-05,水生根茎类,27.746,244.5426,156.20698000000002,27.746,0.0,44,4,8.813616377135443,5.629891876306496,0.5655036669936258,0.0,4,1,2.513347022587269
2023-01-05,花叶类,165.069,767.428,416.64405,165.069,0.0,211,14,4.649134604316983,2.5240599385711433,0.84192717980732,0.0,4,1,2.513347022587269
2023-01-05,花菜类,24.552,260.2036,144.3066,24.552,0.0,48,2,10.598061257738678,5.877590420332356,0.8031302795575532,0.0,4,1,2.513347022587269
2023-01-05,茄类,5.835,54.947599999999994,34.63525,5.835,0.0,12,2,9.416898029134533,5.935775492716367,0.586464656672032,0.0,4,1,2.513347022587269
2023-01-05,辣椒类,97.643,485.8558,198.14852,97.643,0.0,131,11,4.975838513769548,2.0293161824196306,1.451977940587192,0.0,4,1,2.513347022587269
2023-01-05,食用菌,80.958,485.794,323.7588,80.958,0.0,109,9,6.00056819585464,3.9990958274660935,0.5004812224409034,0.0,4,1,2.513347022587269
2023-01-06,水生根茎类,59.76,430.916,292.23217,59.76,0.0,70,6,7.210776439089693,4.8900965528781795,0.47456729353239946,0.0,5,1,2.516084873374401
2023-01-06,花叶类,161.912,707.9876,396.54304,161.912,0.0,194,14,4.372669104204753,2.449126933148871,0.7853991334711106,0.0,5,1,2.516084873374401
2023-01-06,花菜类,27.047,291.3,174.0198,27.047,0.0,62,2,10.7701408659001,6.433977890339039,0.6739474473594385,0.0,5,1,2.516084873374401
2023-01-06,茄类,6.648,62.2844,39.7907,6.648,0.0,14,2,9.368892900120336,5.985364019253911,0.5653004345236448,0.0,5,1,2.516084873374401
2023-01-06,辣椒类,89.53,489.5448,226.03265,89.53,0.0,140,12,5.467941472132246,2.5246582151234223,1.1658145405099662,0.0,5,1,2.516084873374401
2023-01-06,食用菌,95.71,592.5458,382.20396,95.71,0.0,125,11,6.1910542263086406,3.9933545084108246,0.5503392481857068,0.0,5,1,2.516084873374401
2023-01-07,水生根茎类,50.705,372.38960000000003,234.35162,50.705,0.0,65,5,7.344238240804655,4.621864115964895,0.58902080557412,0.0,6,1,2.518822724161533
2023-01-07,花叶类,159.324,790.5194,458.37198,159.324,0.0,214,19,4.961709472521402,2.8769801159900577,0.7246241796891686,0.0,6,1,2.518822724161533
2023-01-07,花菜类,22.914,252.9572,159.04158,22.914,0.0,50,2,11.039416950336038,6.940803875360042,0.5905098528321964,0.0,6,1,2.518822724161533
2023-01-07,茄类,10.688,101.1408,65.24736,10.688,0.0,25,2,9.463023952095808,6.104730538922156,0.5501132919400877,0.0,6,1,2.518822724161533
2023-01-07,辣椒类,105.103,537.6126,278.62789,105.103,0.0,149,12,5.115102328192346,2.650998449140367,0.9295003095346992,0.0,6,1,2.518822724161533
2023-01-07,食用菌,91.173,629.154,409.01004,91.173,0.0,130,10,6.90066138001382,4.486087328485407,0.5382360785079994,0.0,6,1,2.518822724161533
2023-01-08,水生根茎类,56.788,412.06100000000004,272.91141,56.788,0.0,76,5,7.256128055222935,4.805793653588786,0.5098709137884709,0.0,7,1,2.521560574948665
2023-01-08,花叶类,196.286,876.9596,508.0546,196.286,0.0,246,18,4.467764384622439,2.588338444922205,0.7261129020384818,0.0,7,1,2.521560574948665
2023-01-08,花菜类,33.395,372.9528,242.53272,33.395,0.0,67,2,11.167923341817637,7.262545890103309,0.5377422064948598,0.0,7,1,2.521560574948665
2023-01-08,茄类,15.154,139.4168,100.92564,15.154,0.0,32,1,9.2,6.66,0.38138138138138133,0.0,7,1,2.521560574948665
2023-01-08,辣椒类,122.983,716.3418,356.62692,122.983,0.0,181,14,5.824722116064822,2.8998066399421054,1.0086587967055323,0.0,7,1,2.521560574948665
2023-01-08,食用菌,110.256,716.073,474.69434,110.256,0.0,151,8,6.494639747496735,4.3053832897982875,0.5084928124485326,0.0,7,1,2.521560574948665
2023-01-09,水生根茎类,38.799,248.19639999999998,159.88958,38.799,0.0,53,5,6.396979303590299,4.120971674527694,0.5522987801956825,0.0,1,1,2.524298425735797
2023-01-09,花叶类,157.866,747.3388,421.5231,157.866,0.0,176,17,4.734007322666058,2.670132264072061,0.7729486236934584,0.0,1,1,2.524298425735797
2023-01-09,花菜类,30.413,334.8168,214.09088,30.413,0.0,62,2,11.00900272909611,7.039452865550915,0.56390033989304,0.0,1,1,2.524298425735797
2023-01-09,茄类,11.607,106.78439999999999,79.62402,11.607,0.0,23,1,9.2,6.86,0.34110787172011636,0.0,1,1,2.524298425735797
2023-01-09,辣椒类,90.474,531.856,290.4559,90.474,0.0,140,12,5.878550743860115,3.2103797776156684,0.8311075794982992,0.0,1,1,2.524298425735797
2023-01-09,食用菌,93.066,594.478,400.35338,93.066,0.0,122,9,6.387703350310532,4.301822147723121,0.4848831799546689,0.0,1,1,2.524298425735797
2023-01-10,水生根茎类,43.848,348.4746,217.73563,43.848,0.0,56,5,7.947331691297209,4.965691251596424,0.6004482132758888,0.0,2,1,2.5270362765229293
2023-01-10,花叶类,174.803,813.3306,438.22674,174.803,0.0,209,18,4.652841198377602,2.506974937501073,0.8559584018081596,0.0,2,1,2.5270362765229293
2023-01-10,花菜类,14.91,164.0968,104.71612,14.91,0.0,34,2,11.00582159624413,7.02321395036888,0.5670634091484672,0.0,2,1,2.5270362765229293
2023-01-10,茄类,9.06,92.456,55.87612,9.06,0.0,18,2,10.20485651214128,6.167342163355408,0.6546603450633295,0.0,2,1,2.5270362765229293
2023-01-10,辣椒类,99.288,552.1376,314.52567,99.288,0.0,148,11,5.560970107163001,3.1678115180082185,0.7554611679231145,0.0,2,1,2.5270362765229293
2023-01-10,食用菌,71.373,499.0994,321.26935,71.373,0.0,102,8,6.992832023314138,4.50127289030866,0.5535232352541568,0.0,2,1,2.5270362765229293
2023-01-11,水生根茎类,36.671,193.3656,119.31308,36.671,0.0,55,4,5.272984101878869,3.253608573532219,0.620657181928419,0.0,3,1,2.529774127310062
2023-01-11,花叶类,156.831,753.4676000000001,425.31795999999997,156.831,0.0,180,17,4.804328225924722,2.7119508260484215,0.7715395794713211,0.0,3,1,2.529774127310062
2023-01-11,花菜类,30.216,322.39799999999997,206.45186999999999,30.216,0.0,62,2,10.669777601270848,6.832534749801429,0.5616133678033528,0.0,3,1,2.529774127310062
2023-01-11,茄类,9.782,97.82000000000001,67.20234,9.782,0.0,21,1,10.0,6.870000000000001,0.4556040756914117,0.0,3,1,2.529774127310062
2023-01-11,辣椒类,105.855,597.1622,337.23113,105.855,0.0,157,13,5.641322563884558,3.1857836663360257,0.7707801767885423,0.0,3,1,2.529774127310062
2023-01-11,食用菌,72.421,570.4098,348.16396,72.421,0.0,106,8,7.876303834523135,4.807500034520373,0.6383367192859366,0.0,3,1,2.529774127310062
2023-01-12,水生根茎类,37.65,215.916,126.50644,37.65,0.0,55,4,5.734820717131474,3.360064807436919,0.7067589602553039,0.0,4,1,2.532511978097194
2023-01-12,花叶类,167.359,762.243,412.21729,167.359,0.0,198,15,4.554538447289958,2.4630721383373464,0.8491291328415655,0.0,4,1,2.532511978097194
2023-01-12,花菜类,27.526,307.4416,201.28518,27.526,0.0,52,2,11.16913463634382,7.312547409721717,0.5273931245211396,0.0,4,1,2.532511978097194
2023-01-12,茄类,9.159,91.59,62.92233,9.159,0.0,19,1,10.0,6.87,0.4556040756914119,0.0,4,1,2.532511978097194
2023-01-12,辣椒类,102.669,638.6498,374.51969,102.669,0.0,160,15,6.2204735606658295,3.6478361530744436,0.7052502633439646,0.0,4,1,2.532511978097194
2023-01-12,食用菌,65.654,551.4588,344.08765999999997,65.654,0.0,100,9,8.39946994851799,5.240924543820635,0.6026695057881473,0.0,4,1,2.532511978097194
2023-01-13,水生根茎类,27.782,161.93959999999998,102.70416,27.782,0.0,40,3,5.82893960118062,3.6967878482470664,0.5767579424241431,0.0,5,1,2.535249828884326
2023-01-13,花叶类,196.982,926.2008000000001,494.23971,196.982,0.0,239,15,4.701956523946351,2.5090602694662456,0.8739910639717723,0.0,5,1,2.535249828884326
2023-01-13,花菜类,28.9,297.18399999999997,176.941,28.9,0.0,59,2,10.28318339100346,6.122525951557094,0.6795655048858091,0.0,5,1,2.535249828884326
2023-01-13,茄类,15.213000000000001,154.622,107.49967000000001,15.213000000000001,0.0,28,2,10.163807270097942,7.0663031617695395,0.4383486014422182,0.0,5,1,2.535249828884326
2023-01-13,辣椒类,131.222,791.3572,424.77759,131.222,0.0,186,14,6.0306747344195335,3.2370912651841914,0.8629918777023997,0.0,5,1,2.535249828884326
2023-01-13,食用菌,89.19500000000001,646.1708,410.12888,89.19500000000001,0.0,119,9,7.244473344918436,4.598115140983238,0.5755310867159611,0.0,5,1,2.535249828884326
2023-01-14,水生根茎类,111.361,920.8344000000001,602.75788,111.361,0.0,128,4,8.268912815078888,5.4126478749292835,0.527701968823701,0.0,6,1,2.537987679671458
2023-01-14,花叶类,427.993,2093.647,1133.96454,427.993,0.0,493,15,4.891778603855671,2.649493192645674,0.8463072928188742,0.0,6,1,2.537987679671458
2023-01-14,花菜类,52.819,561.112,337.21218,52.819,0.0,107,2,10.623298434275544,6.384296938601639,0.6639731103425741,0.0,6,1,2.537987679671458
2023-01-14,茄类,31.542,378.504,242.21753999999999,31.542,0.0,68,2,12.0,7.679206771923149,0.5626613993354901,0.0,6,1,2.537987679671458
2023-01-14,辣椒类,195.544,1408.5072,753.89593,195.544,0.0,318,18,7.2030192693204595,3.855377459804443,0.8683045549801549,0.0,6,1,2.537987679671458
2023-01-14,食用菌,199.568,1557.0474000000002,981.70118,199.568,0.0,288,9,7.802089513348834,4.919131223442636,0.5860706207972575,0.0,6,1,2.537987679671458
2023-01-15,水生根茎类,92.61,866.9470000000001,555.0183499999999,92.61,0.0,81,3,9.361267681675846,5.993071482561278,0.5620150216655002,0.0,7,1,2.54072553045859
2023-01-15,花叶类,268.18,1334.9,736.62584,268.18,0.0,322,14,4.977626966962488,2.746759042434186,0.8121818805596068,0.0,7,1,2.54072553045859
2023-01-15,花菜类,59.967,616.5472,365.55837,59.967,0.0,122,2,10.281441459469375,6.09599229576267,0.6865902974674056,0.0,7,1,2.54072553045859
2023-01-15,茄类,21.246,264.668,173.8959,21.246,0.0,38,2,12.457309611220937,8.184877153346513,0.5219910302658086,0.0,7,1,2.54072553045859
2023-01-15,辣椒类,150.044,1041.945,564.71973,150.044,0.0,240,17,6.944263016181919,3.7636941830396418,0.8450656930297085,0.0,7,1,2.54072553045859
2023-01-15,食用菌,169.046,1147.3844000000001,710.95688,169.046,0.0,219,10,6.787409344202171,4.2057006968517445,0.6138593384172613,0.0,7,1,2.54072553045859
2023-01-16,水生根茎类,60.379,498.46360000000004,318.81388,60.379,0.0,67,4,8.255578926447939,5.280211331754418,0.5634940360814908,0.0,1,1,2.543463381245722
2023-01-16,花叶类,207.173,988.3856000000001,546.27468,207.173,0.0,247,12,4.770822452732741,2.6368044098410506,0.8093198095873677,0.0,1,1,2.543463381245722
2023-01-16,花菜类,42.324,425.41679999999997,266.18324,42.324,0.0,90,2,10.05143181173802,6.2891796616576885,0.598210315570582,0.0,1,1,2.543463381245722
2023-01-16,茄类,21.066,261.404,175.30958,21.066,0.0,34,2,12.408810405392575,8.321920630399697,0.49109934551209333,0.0,1,1,2.543463381245722
2023-01-16,辣椒类,118.081,1127.0328,651.06686,118.081,0.0,226,16,9.544573640128386,5.513730913525461,0.731055394218652,0.0,1,1,2.543463381245722
2023-01-16,食用菌,126.54599999999999,1001.5412000000001,609.14798,126.54599999999999,0.0,175,11,7.914443759581498,4.813648633698418,0.6441673171106965,0.0,1,1,2.543463381245722
2023-01-17,水生根茎类,86.319,721.0308,466.01061999999996,86.319,0.0,84,4,8.35309491537205,5.398702718984232,0.5472411336891854,0.0,2,1,2.546201232032854
2023-01-17,花叶类,171.498,958.3484,528.0776500000001,171.498,0.0,212,14,5.588102485160177,3.0792058799519535,0.8147868973436005,0.0,2,1,2.546201232032854
2023-01-17,花菜类,38.952,402.966,262.41424,38.952,0.0,77,2,10.345194085027726,6.736861778599303,0.5356102626137971,0.0,2,1,2.546201232032854
2023-01-17,茄类,22.71,286.23,192.5412,22.71,0.0,41,2,12.603698811096434,8.478256274768825,0.48659092183906627,0.0,2,1,2.546201232032854
2023-01-17,辣椒类,116.137,1231.3638,713.93776,116.137,0.0,230,15,10.602683038135995,6.147375599507479,0.7247495075761226,0.0,2,1,2.546201232032854
2023-01-17,食用菌,137.183,1011.71,619.42862,137.183,0.0,172,10,7.374893390580466,4.515345341623963,0.6332955361345749,0.0,2,1,2.546201232032854
2023-01-18,水生根茎类,83.28,720.9232000000001,466.94014,83.28,0.0,83,4,8.656618635926995,5.606870076849183,0.5439306631466727,0.0,3,1,2.5489390828199863
2023-01-18,花叶类,261.544,1410.9884,781.38548,261.544,0.0,328,12,5.394841403358518,2.987587098155569,0.8057520085988799,0.0,3,1,2.5489390828199863
2023-01-18,花菜类,56.957,633.1104,402.91997,56.957,0.0,102,3,11.115585441648964,7.074108011306775,0.571305587062364,0.0,3,1,2.5489390828199863
2023-01-18,茄类,41.459,509.272,343.52047,41.459,0.0,65,2,12.283750211051881,8.285787645625797,0.4825084513886466,0.0,3,1,2.5489390828199863
2023-01-18,辣椒类,218.267,2625.645,1599.06548,218.267,0.0,459,16,12.029509728910005,7.3261898500460445,0.6419871686555325,0.0,3,1,2.5489390828199863
2023-01-18,食用菌,201.055,1726.2982000000002,1097.06949,201.055,0.0,267,11,8.586198801323022,5.456564074506976,0.5735541054924425,0.0,3,1,2.5489390828199863
2023-01-19,水生根茎类,156.124,1348.7014000000001,878.02972,156.124,0.0,162,4,8.638655171530324,5.623925341395301,0.5360543832160947,0.0,4,1,2.5516769336071183
2023-01-19,花叶类,363.429,2132.0392,1163.84203,363.429,0.0,438,13,5.866453144905884,3.2023917463933813,0.8318974096510332,0.0,4,1,2.5516769336071183
2023-01-19,花菜类,104.101,1145.8716,647.77489,104.101,0.0,171,3,11.007306365933085,6.222561646862182,0.7689348841539689,0.0,4,1,2.5516769336071183
2023-01-19,茄类,61.759,877.47,519.76773,61.759,0.0,96,2,14.207969688628378,8.416064541200473,0.6881963795636177,0.0,4,1,2.5516769336071183
2023-01-19,辣椒类,350.275,4398.7011999999995,2768.76181,350.275,0.0,744,17,12.557850831489544,7.904537320676612,0.5886889165088562,0.0,4,1,2.5516769336071183
2023-01-19,食用菌,374.359,3143.0694000000003,1977.52431,374.359,0.0,495,9,8.395869740008923,5.282427589559754,0.5893960868678274,0.0,4,1,2.5516769336071183
2023-01-20,水生根茎类,252.074,2054.9944,1316.52804,252.074,0.0,287,4,8.15234573974309,5.222783944397279,0.5609195836041594,0.0,5,1,2.5544147843942504
2023-01-20,花叶类,578.656,3866.9624,2024.27265,578.656,0.0,761,15,6.682661892385114,3.4982315054194553,0.9102972121863129,0.0,5,1,2.5544147843942504
2023-01-20,花菜类,138.786,1563.1508,890.09972,138.786,0.0,239,3,11.263029412188548,6.413469081895869,0.756152445481052,0.0,5,1,2.5544147843942504
2023-01-20,茄类,75.97,1078.53,603.0247999999999,75.97,0.0,126,2,14.196788205870739,7.937670132947215,0.7885334069179248,0.0,5,1,2.5544147843942504
2023-01-20,辣椒类,604.231,6036.3912,3416.16192,604.231,0.0,1140,15,9.990204408578839,5.6537349457409505,0.7670096855362172,0.0,5,1,2.5544147843942504
2023-01-20,食用菌,449.891,3719.9568000000004,2266.89052,449.891,0.0,598,12,8.268573498914183,5.03875498731915,0.6409953489946225,0.0,5,1,2.5544147843942504
2023-01-22,水生根茎类,36.08,271.56,174.106,36.08,0.0,38,2,7.526607538802661,4.825554323725055,0.5597394690590791,0.0,7,1,2.5598904859685145
2023-01-22,花叶类,211.378,1505.8592,838.75326,211.378,0.0,292,13,7.1240110134451085,3.9680253384931263,0.7953542141821304,0.0,7,1,2.5598904859685145
2023-01-22,花菜类,34.134,373.1716,212.55766,34.134,0.0,56,2,10.932548192418118,6.227153571219312,0.7556252736316349,0.0,7,1,2.5598904859685145
2023-01-22,茄类,17.629,246.806,149.31763,17.629,0.0,29,1,14.0,8.47,0.6528925619834709,0.0,7,1,2.5598904859685145
2023-01-22,辣椒类,91.232,753.4644,397.80576,91.232,0.0,172,10,8.25877323746054,4.360375306909856,0.8940510061996085,0.0,7,1,2.5598904859685145
2023-01-22,食用菌,90.901,802.7158000000001,472.16546,90.901,0.0,123,7,8.830659728715856,5.19428235112925,0.7000731057286573,0.0,7,1,2.5598904859685145
2023-01-23,水生根茎类,44.756,370.29200000000003,220.62279999999998,44.756,0.0,54,2,8.273572258468139,4.929457502904638,0.6783940735046425,0.0,1,1,2.5626283367556466
2023-01-23,花叶类,283.984,1988.2456,1001.18379,283.984,0.0,379,13,7.00125922587188,3.525493654572089,0.9858947176921431,0.0,1,1,2.5626283367556466
2023-01-23,花菜类,66.018,725.884,419.95779999999996,66.018,0.0,110,2,10.995243721409313,6.3612620800387765,0.7284689080664775,0.0,1,1,2.5626283367556466
2023-01-23,茄类,31.043,434.602,278.14528,31.043,0.0,51,1,14.0,8.96,0.5624999999999998,0.0,1,1,2.5626283367556466
2023-01-23,辣椒类,124.14,998.1356,526.61529,124.14,0.0,246,10,8.040402771064926,4.242108023199613,0.8953790726433333,0.0,1,1,2.5626283367556466
2023-01-23,食用菌,137.538,1163.0968,672.736,137.538,0.0,182,4,8.456548735622155,4.891273684363593,0.7289052466346384,0.0,1,1,2.5626283367556466
2023-01-24,水生根茎类,84.834,690.6168,439.33158,84.834,0.0,92,3,8.14080203691916,5.178720560152769,0.5719716756987969,0.0,2,1,2.565366187542779
2023-01-24,花叶类,203.447,1119.95,681.67466,203.447,0.0,287,9,5.504873505138931,3.3506252734127315,0.6429391698379987,0.0,2,1,2.565366187542779
2023-01-24,花菜类,89.421,1008.12,489.38946,89.421,0.0,161,2,11.273861844533162,5.472869460193913,1.0599544583571539,0.0,2,1,2.565366187542779
2023-01-24,茄类,30.799,450.614,280.91318,30.799,0.0,56,2,14.630799701289002,9.120853923828696,0.6041041577330049,0.0,2,1,2.565366187542779
2023-01-24,辣椒类,181.951,1615.442,761.84046,181.951,0.0,369,8,8.878445295711483,4.18706387983578,1.1204465827399086,0.0,2,1,2.565366187542779
2023-01-24,食用菌,44.517,760.4204000000001,406.79932,44.517,0.0,127,3,17.08157333153627,9.138066805939303,0.8692764776499631,0.0,2,1,2.565366187542779
2023-01-25,水生根茎类,87.229,700.29,449.05821,87.229,0.0,99,3,8.028178702037167,5.148038037808527,0.5594637496996215,0.0,3,1,2.568104038329911
2023-01-25,花叶类,245.072,1957.5438000000001,1213.42536,245.072,0.0,352,10,7.987627309525364,4.951301495070836,0.6132379168340443,0.0,3,1,2.568104038329911
2023-01-25,花菜类,114.337,1308.594,719.58567,114.337,0.0,190,3,11.445061528639023,6.293550381766183,0.818538159605096,0.0,3,1,2.568104038329911
2023-01-25,茄类,38.246,557.6659999999999,355.44215,38.246,0.0,76,2,14.581028081367984,9.2935771061026,0.5689360420535379,0.0,3,1,2.568104038329911
2023-01-25,辣椒类,140.698,1486.757,933.0684699999999,140.698,0.0,328,9,10.567008770558218,6.63171096959445,0.5934061087714175,0.0,3,1,2.568104038329911
2023-01-25,食用菌,165.671,2140.7524,1325.1611,165.671,0.0,325,7,12.921708687700322,7.998751139306216,0.6154657724257073,0.0,3,1,2.568104038329911
2023-01-26,水生根茎类,66.927,511.8716,321.32789,66.927,0.0,80,3,7.648207748741165,4.801169782001285,0.5929883957474091,0.0,4,1,2.5708418891170433
2023-01-26,花叶类,272.125,2322.2886,1538.58313,272.125,0.0,416,10,8.533903904455672,5.65395729903537,0.5093682978312648,0.0,4,1,2.5708418891170433
2023-01-26,花菜类,60.15,665.7484,389.34474,60.15,0.0,114,3,11.068136325852036,6.4728967581047385,0.7099201083338122,0.0,4,1,2.5708418891170433
2023-01-26,茄类,32.835,467.186,312.13944,32.835,0.0,65,2,14.228292980051773,9.506302421196892,0.49672210599211697,0.0,4,1,2.5708418891170433
2023-01-26,辣椒类,224.705,2134.501,1116.33488,224.705,0.0,420,12,9.499125520126388,4.968001958122873,0.9120615491294151,0.0,4,1,2.5708418891170433
2023-01-26,食用菌,203.906,1919.4354,1251.46728,203.906,0.0,331,9,9.413334575735878,6.137471580041784,0.5337479698230703,0.0,4,1,2.5708418891170433
2023-01-27,水生根茎类,87.434,656.2912,448.2712,87.434,0.0,102,3,7.506132625751996,5.126966626255233,0.464049441498807,0.0,5,1,2.5735797399041753
2023-01-27,花叶类,283.135,2021.0304,1182.75713,283.135,0.0,456,10,7.138045102159747,4.177361082169283,0.7087450574066716,0.0,5,1,2.5735797399041753
2023-01-27,花菜类,69.283,738.0592,440.10471,69.283,0.0,124,3,10.65281815163893,6.3522755943016325,0.6770081828935666,0.0,5,1,2.5735797399041753
2023-01-27,茄类,31.75,444.5,290.44436,31.75,0.0,60,2,14.0,9.147853858267718,0.5304136048639401,0.0,5,1,2.5735797399041753
2023-01-27,辣椒类,282.492,2050.9072,951.9173900000001,282.492,0.0,454,18,7.260054090027328,3.3697145051895276,1.154501243012274,0.0,5,1,2.5735797399041753
2023-01-27,食用菌,210.811,1734.2204000000002,1118.21226,210.811,0.0,315,12,8.226422719877046,5.304335447391265,0.5508865910663507,0.0,5,1,2.5735797399041753
2023-01-28,水生根茎类,59.873,430.6448,290.44858,59.873,0.0,72,3,7.192637749903963,4.8510777813037596,0.48268860532903957,0.0,6,1,2.5763175906913074
2023-01-28,花叶类,235.443,1705.154,983.92591,235.443,0.0,332,10,7.242321920804611,4.179040829415188,0.7330105678383851,0.0,6,1,2.5763175906913074
2023-01-28,花菜类,43.626,484.664,274.73830000000004,43.626,0.0,80,2,11.109521844771466,6.297581717324532,0.7640933208074736,0.0,6,1,2.5763175906913074
2023-01-28,茄类,30.240000000000002,423.36,261.65241000000003,30.240000000000002,0.0,62,2,14.0,8.652526785714286,0.6180244623009585,0.0,6,1,2.5763175906913074
2023-01-28,辣椒类,246.343,1553.0586,793.38035,246.343,0.0,349,14,6.3044559821062505,3.220632816844806,0.9575208788571583,0.0,6,1,2.5763175906913074
2023-01-28,食用菌,158.237,1279.333,817.55111,158.237,0.0,228,9,8.084916928404862,5.166624177657565,0.56483550000929,0.0,6,1,2.5763175906913074
2023-01-29,水生根茎类,48.473,375.852,251.64885999999998,48.473,0.0,57,4,7.753842345223114,5.191526416768098,0.4935573322287252,0.0,7,1,2.5790554414784395
2023-01-29,花叶类,229.694,1388.4644,907.98214,229.694,0.0,312,13,6.044844009856592,3.9530076536609577,0.5291758932615129,0.0,7,1,2.5790554414784395
2023-01-29,花菜类,40.249,436.3428,264.88944,40.249,0.0,87,2,10.841084250540385,6.581267609133145,0.6472638546859399,0.0,7,1,2.5790554414784395
2023-01-29,茄类,15.298,214.172,130.74153,15.298,0.0,35,2,14.0,8.546315204601909,0.6381328870788034,0.0,7,1,2.5790554414784395
2023-01-29,辣椒类,193.121,1254.4296,643.9709,193.121,0.0,270,13,6.495562885444876,3.334546217138478,0.9479600708665561,0.0,7,1,2.5790554414784395
2023-01-29,食用菌,119.262,894.8756000000001,567.6174,119.262,0.0,169,11,7.503442840133488,4.759415404739146,0.5765471601117231,0.0,7,1,2.5790554414784395
2023-01-30,水生根茎类,48.383,371.5072,246.32635000000002,48.383,0.0,59,4,7.678465576752165,5.091175619535788,0.5081910644151548,0.0,1,1,2.5817932922655715
2023-01-30,花叶类,211.18,1171.8548,759.05614,211.18,0.0,248,11,5.549080405341415,3.594356189033052,0.5438315274019125,0.0,1,1,2.5817932922655715
2023-01-30,花菜类,41.419,399.0628,271.28511,41.419,0.0,88,2,9.634776310388952,6.549774499625776,0.47100885854000607,0.0,1,1,2.5817932922655715
2023-01-30,茄类,15.248,213.472,129.28198,15.248,0.0,35,2,14.000000000000002,8.478618835257084,0.6512123344645557,0.0,1,1,2.5817932922655715
2023-01-30,辣椒类,151.832,1035.0452,564.18352,151.832,0.0,237,13,6.817042520680753,3.715840665999263,0.8345895675931829,0.0,1,1,2.5817932922655715
2023-01-30,食用菌,106.27,825.116,522.6827499999999,106.27,0.0,157,10,7.7643361249647125,4.9184412345911355,0.5786172396161917,0.0,1,1,2.5817932922655715
2023-01-31,水生根茎类,40.683,295.0536,207.22638,40.683,0.0,57,4,7.2525035026915425,5.0936848315021015,0.4238225847500692,0.0,2,1,2.5845311430527036
2023-01-31,花叶类,189.836,1221.2896,774.63796,189.836,0.0,244,15,6.433393033987231,4.0805640658252385,0.5765940517554808,0.0,2,1,2.5845311430527036
2023-01-31,花菜类,36.497,353.5876,240.84895,36.497,0.0,79,2,9.688127791325314,6.599143765240979,0.4680886090638967,0.0,2,1,2.5845311430527036
2023-01-31,茄类,13.52,189.28,114.2966,13.52,0.0,32,2,14.0,8.45389053254438,0.6560422619745467,0.0,2,1,2.5845311430527036
2023-01-31,辣椒类,153.934,985.6484,525.51916,153.934,0.0,210,12,6.4030584536229815,3.413925188717243,0.8755708164855489,0.0,2,1,2.5845311430527036
2023-01-31,食用菌,93.164,673.412,428.41958,93.164,0.0,133,10,7.228242668842042,4.59855287450088,0.5718515946446705,0.0,2,1,2.5845311430527036
2023-02-01,水生根茎类,31.281,212.5728,145.02315000000002,31.281,0.0,40,4,6.79558837633068,4.636141747386593,0.4657852901416082,0.0,3,2,2.5872689938398357
2023-02-01,花叶类,150.42,1012.9592,671.00097,150.42,0.0,215,15,6.734205557771573,4.460849421619466,0.5096240471902744,0.0,3,2,2.5872689938398357
2023-02-01,花菜类,31.779,308.9788,204.90787,31.779,0.0,57,2,9.72273513955757,6.447901759023255,0.507891326965626,0.0,3,2,2.5872689938398357
2023-02-01,茄类,12.689,177.64600000000002,107.48342000000001,12.689,0.0,30,2,14.000000000000002,8.47059815588305,0.6527758420787131,0.0,3,2,2.5872689938398357
2023-02-01,辣椒类,123.909,771.7760000000001,441.50095,123.909,0.0,167,10,6.228570967403498,3.563106392594565,0.7480732487665092,0.0,3,2,2.5872689938398357
2023-02-01,食用菌,81.191,611.3878,395.01485,81.191,0.0,117,10,7.530241036568092,4.865254153785518,0.5477590272872019,0.0,3,2,2.5872689938398357
2023-02-02,水生根茎类,32.252,236.2056,158.02718,32.252,0.0,40,4,7.323750465087436,4.8997637355822885,0.49471502307387905,0.0,4,2,2.5900068446269677
2023-02-02,花叶类,185.688,1078.8902,745.35134,185.688,0.0,242,14,5.810231140407566,4.013998427469735,0.44749213169724755,0.0,4,2,2.5900068446269677
2023-02-02,花菜类,41.376,402.3264,279.15384,41.376,0.0,88,2,9.723665893271463,6.746757540603249,0.44123541341935324,0.0,4,2,2.5900068446269677
2023-02-02,茄类,15.701,193.772,133.1369,15.701,0.0,34,2,12.341379529966243,8.479517228202026,0.45543421846234944,0.0,4,2,2.5900068446269677
2023-02-02,辣椒类,130.179,890.2842,535.68049,130.179,0.0,187,12,6.838923328647478,4.114953179852357,0.6619686858485365,0.0,4,2,2.5900068446269677
2023-02-02,食用菌,111.188,788.544,519.2702400000001,111.188,0.0,150,10,7.091988344065906,4.670200381336116,0.518561895632609,0.0,4,2,2.5900068446269677
2023-02-03,水生根茎类,53.97,332.2464,219.57856,53.97,0.0,66,4,6.156131183991106,4.0685299240318695,0.5131094766264976,0.0,5,2,2.5927446954141
2023-02-03,花叶类,179.282,1144.8684,828.93603,179.282,0.0,253,14,6.385852455907453,4.6236433663167515,0.38112997694164674,0.0,5,2,2.5927446954141
2023-02-03,花菜类,52.783,512.4843999999999,338.87076,52.783,0.0,106,2,9.709270030123333,6.420073887425876,0.5123299513950388,0.0,5,2,2.5927446954141
2023-02-03,茄类,14.786,177.43200000000002,127.13588,14.786,0.0,35,2,12.000000000000002,8.598395779791694,0.3956091702830078,0.0,5,2,2.5927446954141
2023-02-03,辣椒类,176.996,1181.106,690.83458,176.996,0.0,255,10,6.6730660579900105,3.9031084318289673,0.7096799062953683,0.0,5,2,2.5927446954141
2023-02-03,食用菌,100.871,626.643,412.06746,100.871,0.0,119,11,6.212320686817818,4.085093436170951,0.5207291543962245,0.0,5,2,2.5927446954141
2023-02-04,水生根茎类,80.605,511.1184,302.07954,80.605,0.0,103,4,6.34102599094349,3.74765262700825,0.6919993985689994,0.0,6,2,2.595482546201232
2023-02-04,花叶类,244.725,1691.3176,1156.33077,244.725,0.0,345,18,6.9110944938195935,4.725021023597916,0.46265899332593197,0.0,6,2,2.595482546201232
2023-02-04,花菜类,38.898,396.0528,245.72922,38.898,0.0,84,2,10.18182939996915,6.317271325003856,0.6117448303461837,0.0,6,2,2.595482546201232
2023-02-04,茄类,20.698,248.376,180.90955,20.698,0.0,49,2,12.0,8.740436274036139,0.37292917925007285,0.0,6,2,2.595482546201232
2023-02-04,辣椒类,221.787,1530.7658000000001,878.80705,221.787,0.0,341,13,6.901963595702183,3.962392069868838,0.7418679105953918,0.0,6,2,2.595482546201232
2023-02-04,食用菌,126.55,762.755,488.7483,126.55,0.0,131,11,6.027301461872778,3.8620964045831685,0.560629469197131,0.0,6,2,2.595482546201232
2023-02-05,水生根茎类,79.513,457.5876,349.15166999999997,79.513,0.0,93,5,5.754877818721467,4.3911268597587805,0.3105697017001239,0.0,7,2,2.598220396988364
2023-02-05,花叶类,272.351,1755.1028000000001,1101.20048,272.351,0.0,363,17,6.44426787491142,4.043313518217301,0.5938086042243644,0.0,7,2,2.598220396988364
2023-02-05,花菜类,37.36,379.1384,234.33644999999999,37.36,0.0,79,3,10.148244111349037,6.27238891862955,0.6179232893559667,0.0,7,2,2.598220396988364
2023-02-05,茄类,15.281,183.372,128.02402,15.281,0.0,36,2,12.0,8.377987042732805,0.4323249652682364,0.0,7,2,2.598220396988364
2023-02-05,辣椒类,133.199,1140.0584000000001,688.40073,133.199,0.0,246,13,8.55906125421362,5.168212449042409,0.6560970236042607,0.0,7,2,2.598220396988364
2023-02-05,食用菌,112.777,972.5326,629.86774,112.777,0.0,195,12,8.6235012458214,5.5850726655257725,0.5440266872534223,0.0,7,2,2.598220396988364
2023-02-06,水生根茎类,8.573,51.437999999999995,36.0066,8.573,0.0,17,1,5.999999999999999,4.199999999999999,0.4285714285714286,0.0,1,2,2.6009582477754964
2023-02-06,花叶类,168.042,859.7388,505.01404,168.042,0.0,211,16,5.116213803691934,3.0052846312231467,0.7024057390562841,0.0,1,2,2.6009582477754964
2023-02-06,花菜类,33.410000000000004,342.58480000000003,222.73348,33.410000000000004,0.0,67,2,10.25395989224783,6.666671056569888,0.5380929710252811,0.0,1,2,2.6009582477754964
2023-02-06,茄类,12.377,148.524,96.94906,12.377,0.0,28,2,12.0,7.833001535105438,0.531979784022661,0.0,1,2,2.6009582477754964
2023-02-06,辣椒类,81.363,531.7554,281.0749,81.363,0.0,121,11,6.535592345414992,3.454578862627976,0.8918636989642263,0.0,1,2,2.6009582477754964
2023-02-06,食用菌,67.535,569.057,371.31195,67.535,0.0,114,12,8.426104982601615,5.498066928259422,0.5325577321171591,0.0,1,2,2.6009582477754964
2023-02-07,水生根茎类,22.399,126.792,79.54437,22.399,0.0,40,4,5.660609848653958,3.551246484218045,0.5939783041841933,0.0,2,2,2.6036960985626285
2023-02-07,花叶类,143.34,743.7436,441.49143,143.34,0.0,174,16,5.1886675038370305,3.0800295102553368,0.6846161657090377,0.0,2,2,2.6036960985626285
2023-02-07,花菜类,29.992,347.73720000000003,205.27156,29.992,0.0,65,2,11.594331821819152,6.844210456121632,0.6940349651943991,0.0,2,2,2.6036960985626285
2023-02-07,茄类,12.441,149.292,94.48599,12.441,0.0,27,2,12.0,7.594726308174583,0.5800437715686739,0.0,2,2,2.6036960985626285
2023-02-07,辣椒类,92.942,624.2842,371.02567,92.942,0.0,152,10,6.7169223817004164,3.9920129758343914,0.6825903178073909,0.0,2,2,2.6036960985626285
2023-02-07,食用菌,51.857,428.44100000000003,283.523,51.857,0.0,88,10,8.261970418651291,5.467400736641149,0.5111331355833564,0.0,2,2,2.6036960985626285
2023-02-08,水生根茎类,38.676,239.2644,149.10701,38.676,0.0,54,4,6.186379149860378,3.855285189781777,0.6046489028248905,0.0,3,2,2.6064339493497606
2023-02-08,花叶类,141.576,843.2268,501.68787,141.576,0.0,186,15,5.9560010171215465,3.543594041362943,0.6807797246523024,0.0,3,2,2.6064339493497606
2023-02-08,花菜类,31.284,359.8392,214.16459999999998,31.284,0.0,68,2,11.502339854238588,6.8458189489835055,0.6801992486153174,0.0,3,2,2.6064339493497606
2023-02-08,茄类,8.429,101.148,63.60771,8.429,0.0,19,2,12.0,7.546293747775536,0.5901845861138533,0.0,3,2,2.6064339493497606
2023-02-08,辣椒类,85.975,556.097,296.15947,85.975,0.0,127,12,6.468124454783368,3.4447161384123293,0.8776944731836536,0.0,3,2,2.6064339493497606
2023-02-08,食用菌,53.978,405.189,261.02953,53.978,0.0,83,7,7.506558227425988,4.835850346437438,0.5522726489987551,0.0,3,2,2.6064339493497606
2023-02-09,水生根茎类,38.900999999999996,260.0952,168.96887,38.900999999999996,0.0,52,4,6.6860800493560575,4.343561090974526,0.539308394498939,0.0,4,2,2.6091718001368926
2023-02-09,花叶类,178.645,995.6908,587.97289,178.645,0.0,229,17,5.573572168266674,3.2912921716252903,0.6934297770089366,0.0,4,2,2.6091718001368926
2023-02-09,花菜类,23.666,272.982,164.88941,23.666,0.0,55,2,11.534775627482466,6.967354432519226,0.655545980787972,0.0,4,2,2.6091718001368926
2023-02-09,茄类,13.362,160.344,96.57732,13.362,0.0,30,2,12.0,7.227759317467445,0.660265577881018,0.0,4,2,2.6091718001368926
2023-02-09,辣椒类,131.698,845.6744,429.27168,131.698,0.0,205,11,6.421315433795502,3.2595155583228292,0.9700214092856068,0.0,4,2,2.6091718001368926
2023-02-09,食用菌,66.866,529.373,345.38573,66.866,0.0,105,10,7.916923399036881,5.165341578679748,0.5327008443574086,0.0,4,2,2.6091718001368926
2023-02-10,水生根茎类,44.946,306.7692,201.04034000000001,44.946,0.0,61,3,6.825283673741824,4.4729306278645495,0.5259086808150044,0.0,5,2,2.6119096509240247
2023-02-10,花叶类,166.847,933.5128,539.73161,166.847,0.0,197,18,5.595022985130089,3.2348895095506665,0.7295870441977632,0.0,5,2,2.6119096509240247
2023-02-10,花菜类,29.255,341.1096,204.45332,29.255,0.0,65,2,11.65987352589301,6.9886624508631,0.6683984393112326,0.0,5,2,2.6119096509240247
2023-02-10,茄类,12.794,153.528,88.10853999999999,12.794,0.0,27,2,11.999999999999998,6.886707831796153,0.7424871641273367,0.0,5,2,2.6119096509240247
2023-02-10,辣椒类,114.936,749.9406,384.19928,114.936,0.0,180,12,6.52485383169764,3.3427236027006333,0.9519573279783344,0.0,5,2,2.6119096509240247
2023-02-10,食用菌,91.229,715.182,462.1252,91.229,0.0,139,10,7.839415098269191,5.065551524186389,0.5475935958480513,0.0,5,2,2.6119096509240247
2023-02-11,水生根茎类,72.161,447.4378,300.69266,72.161,0.0,89,4,6.2005487728828586,4.16696913845429,0.488023685047716,0.0,6,2,2.614647501711157
2023-02-11,花叶类,240.908,1417.1924000000001,888.33937,240.908,0.0,324,19,5.882712072658443,3.6874631394557262,0.5953276955405007,0.0,6,2,2.614647501711157
2023-02-11,花菜类,53.417,534.17,368.36576,53.417,0.0,109,2,9.999999999999998,6.896039837504914,0.4501076321534332,0.0,6,2,2.614647501711157
2023-02-11,茄类,16.919,176.416,111.96336,16.919,0.0,39,2,10.427093799869969,6.6176109699154795,0.5756583225083636,0.0,6,2,2.614647501711157
2023-02-11,辣椒类,164.9,1042.9868,532.40191,164.9,0.0,260,12,6.324965433596118,3.228634990903578,0.95902152191753,0.0,6,2,2.614647501711157
2023-02-11,食用菌,126.021,951.2330000000001,610.99219,126.021,0.0,191,12,7.548210218931766,4.848336309027861,0.5568660542125752,0.0,6,2,2.614647501711157
2023-02-12,水生根茎类,71.738,405.5596,269.57189999999997,71.738,0.0,85,4,5.653344113301179,3.7577281217764638,0.5044579943235925,0.0,7,2,2.617385352498289
2023-02-12,花叶类,307.307,1595.4994,931.12202,307.307,0.0,375,18,5.191874574936464,3.0299408083772903,0.7135234327290423,0.0,7,2,2.617385352498289
2023-02-12,花菜类,47.384,473.84000000000003,322.43354,47.384,0.0,105,2,10.0,6.804692301198717,0.4695741640277249,0.0,7,2,2.617385352498289
2023-02-12,茄类,28.032,286.478,172.47823,28.032,0.0,55,2,10.219677511415526,6.152904894406393,0.6609516458975722,0.0,7,2,2.617385352498289
2023-02-12,辣椒类,153.806,1131.76,650.10593,153.806,0.0,289,13,7.358360532098877,4.2267917376435244,0.7408855199951798,0.0,7,2,2.617385352498289
2023-02-12,食用菌,105.179,779.2570000000001,493.59950000000003,105.179,0.0,161,10,7.408864887477539,4.692947261335438,0.5787232361459038,0.0,7,2,2.617385352498289
2023-02-13,水生根茎类,29.092,252.36800000000002,171.36692,29.092,0.0,31,2,8.674824694073973,5.890516980613227,0.47267629014981427,0.0,1,2,2.620123203285421
2023-02-13,花叶类,213.189,1042.986,565.60317,213.189,0.0,263,19,4.892306826337195,2.6530598201595765,0.8440243183219789,0.0,1,2,2.620123203285421
2023-02-13,花菜类,33.601,322.3692,213.03501,33.601,0.0,73,2,9.594035891788934,6.340138983958811,0.5132217000388808,0.0,1,2,2.620123203285421
2023-02-13,茄类,14.143,143.554,86.81831,14.143,0.0,32,2,10.150180301209078,6.138606377713356,0.65349912938872,0.0,1,2,2.620123203285421
2023-02-13,辣椒类,104.056,639.709,352.81190999999995,104.056,0.0,167,13,6.147737756592604,3.3905965057276846,0.8131729169800421,0.0,1,2,2.620123203285421
2023-02-13,食用菌,86.699,655.227,406.16143999999997,86.699,0.0,134,12,7.557492012595301,4.6847303890471625,0.6132181331639952,0.0,1,2,2.620123203285421
2023-02-14,水生根茎类,37.561,224.60000000000002,160.44229,37.561,0.0,58,3,5.979606506749022,4.271512739277442,0.39988029340643294,0.0,2,2,2.622861054072553
2023-02-14,花叶类,153.034,779.8062,431.81533,153.034,0.0,191,15,5.095640184534156,2.821695374884013,0.8058789158782298,0.0,2,2,2.622861054072553
2023-02-14,花菜类,35.953,341.4428,225.73238,35.953,0.0,82,2,9.496920980168552,6.278540872806163,0.5126000089132094,0.0,2,2,2.622861054072553
2023-02-14,茄类,14.301,149.062,96.98728,14.301,0.0,34,3,10.423187189707015,6.781853017271519,0.536923192402138,0.0,2,2,2.622861054072553
2023-02-14,辣椒类,108.672,632.6418,333.62204,108.672,0.0,150,10,5.821571333922262,3.0699907979976446,0.8962829913755097,0.0,2,2,2.622861054072553
2023-02-14,食用菌,58.069,471.54200000000003,296.1796,58.069,0.0,105,9,8.120374037782637,5.1004770187191095,0.5920812912165456,0.0,2,2,2.622861054072553
2023-02-15,水生根茎类,38.839,207.984,143.96609,38.839,0.0,49,3,5.355029738149798,3.706740389814362,0.4446735338856531,0.0,3,2,2.625598904859685
2023-02-15,花叶类,163.83,836.4596,469.29188,163.83,0.0,195,18,5.105655862784594,2.864505157785509,0.7823866886424715,0.0,3,2,2.625598904859685
2023-02-15,花菜类,28.715,271.1092,165.35137,28.715,0.0,65,2,9.441379070172383,5.758362180045273,0.6395945192350081,0.0,3,2,2.625598904859685
2023-02-15,茄类,6.735,75.498,51.20622,6.735,0.0,16,2,11.209799554565702,7.603002227171492,0.4743911970069261,0.0,3,2,2.625598904859685
2023-02-15,辣椒类,105.647,627.5458,324.32913,105.647,0.0,157,9,5.9400247995683735,3.069932227133757,0.9349042128901586,0.0,3,2,2.625598904859685
2023-02-15,食用菌,67.525,535.744,332.45748000000003,67.525,0.0,114,10,7.93400962606442,4.923472491669752,0.6114662241920379,0.0,3,2,2.625598904859685
2023-02-16,水生根茎类,28.783,200.0328,127.03329,28.783,0.0,39,3,6.949685578292742,4.413483306118194,0.574648660992721,0.0,4,2,2.628336755646817
2023-02-16,花叶类,144.735,727.0418,415.38205,144.735,0.0,183,18,5.023261823332296,2.8699488720765536,0.7502966245171161,0.0,4,2,2.628336755646817
2023-02-16,花菜类,32.502,305.6672,186.47244,32.502,0.0,70,2,9.40456587286936,5.737260476278383,0.6392084535387639,0.0,4,2,2.628336755646817
2023-02-16,茄类,7.394,87.924,59.168369999999996,7.394,0.0,18,3,11.891263186367325,8.002213957262645,0.485996656659631,0.0,4,2,2.628336755646817
2023-02-16,辣椒类,96.718,597.669,321.50522,96.718,0.0,140,12,6.179501230381107,3.3241508302487643,0.858971372222199,0.0,4,2,2.628336755646817
2023-02-16,食用菌,57.153,469.084,286.65178,57.153,0.0,96,10,8.207513166412962,5.0155158959284725,0.6364245147893379,0.0,4,2,2.628336755646817
2023-02-17,水生根茎类,21.471,152.0744,97.22453999999999,21.471,0.0,26,3,7.082781426109636,4.528179404778538,0.5641565390795369,0.0,5,2,2.631074606433949
2023-02-17,花叶类,135.609,780.0024,444.99549,135.609,0.0,180,21,5.751848328650753,3.281459858858925,0.7528321466808572,0.0,5,2,2.631074606433949
2023-02-17,花菜类,37.158,351.17359999999996,207.63808,37.158,0.0,83,3,9.450820819204477,5.587977824425426,0.6912774381269562,0.0,5,2,2.631074606433949
2023-02-17,茄类,8.283,100.256,70.23249,8.283,0.0,19,3,12.103827115779307,8.4791126403477,0.4274874776616917,0.0,5,2,2.631074606433949
2023-02-17,辣椒类,121.911,700.9126,366.33969,121.911,0.0,171,11,5.749379465347672,3.0049764992494525,0.9132859996687774,0.0,5,2,2.631074606433949
2023-02-17,食用菌,82.544,534.972,265.4724,82.544,0.0,87,11,6.481052529559992,3.2161320023260322,1.0151699385698851,0.0,5,2,2.631074606433949
2023-02-18,水生根茎类,57.745,382.7464,250.5975,57.745,0.0,80,3,6.628217161659018,4.339726383236644,0.5273352687077884,0.0,6,2,2.6338124572210813
2023-02-18,花叶类,282.815,1776.4636,1043.24044,282.815,0.0,376,21,6.281362728285275,3.6887733677492354,0.7028323786988167,0.0,6,2,2.6338124572210813
2023-02-18,花菜类,45.948,430.5696,258.18005999999997,45.948,0.0,109,2,9.370801775920606,5.618961869939931,0.6677105118032742,0.0,6,2,2.6338124572210813
2023-02-18,茄类,21.074,252.888,162.34233,21.074,0.0,46,2,12.0,7.703441681693081,0.5577452904612126,0.0,6,2,2.6338124572210813
2023-02-18,辣椒类,176.095,1056.0938,544.54264,176.095,0.0,245,10,5.997295777847185,3.092323121042619,0.9394143312633885,0.0,6,2,2.6338124572210813
2023-02-18,食用菌,119.31700000000001,974.5060000000001,599.4508,119.31700000000001,0.0,207,12,8.167369276800455,5.024018371229581,0.6256646917478466,0.0,6,2,2.6338124572210813
2023-02-19,水生根茎类,46.268,321.8368,206.5268,46.268,0.0,58,3,6.95592634218034,4.463707097778162,0.5583294758840014,0.0,7,2,2.6365503080082138
2023-02-19,花叶类,181.404,1056.1448,634.81284,181.404,0.0,225,21,5.822059050517078,3.4994423496725546,0.6637105197809166,0.0,7,2,2.6365503080082138
2023-02-19,花菜类,35.059,328.90439999999995,199.49227,35.059,0.0,81,2,9.38145412019738,5.690187113152115,0.6487074912727193,0.0,7,2,2.6365503080082138
2023-02-19,茄类,17.567,212.15200000000002,150.76908,17.567,0.0,38,3,12.076734786816191,8.582517219787102,0.40713201937691745,0.0,7,2,2.6365503080082138
2023-02-19,辣椒类,157.793,943.13,522.28906,157.793,0.0,211,9,5.9770078520593435,3.309963433105397,0.8057625024732475,0.0,7,2,2.6365503080082138
2023-02-19,食用菌,92.041,728.743,451.76091,92.041,0.0,151,10,7.9175910735433135,4.908257298377897,0.6131165487514181,0.0,7,2,2.6365503080082138
2023-02-20,水生根茎类,21.15,140.7848,89.02172,21.15,0.0,28,3,6.656491725768322,4.209064775413712,0.5814657366763978,0.0,1,2,2.639288158795346
2023-02-20,花叶类,108.164,562.004,324.59266,108.164,0.0,133,19,5.1958507451647495,3.0009306238674607,0.7314131502542291,0.0,1,2,2.639288158795346
2023-02-20,花菜类,23.543,220.11319999999998,135.29366,23.543,0.0,51,2,9.34941171473474,5.7466618527800195,0.6269291554386214,0.0,1,2,2.639288158795346
2023-02-20,茄类,7.391,91.786,67.05019,7.391,0.0,15,2,12.418617237180355,9.071869841699364,0.36891483827264326,0.0,1,2,2.639288158795346
2023-02-20,辣椒类,46.567,364.11,217.45643,46.567,0.0,77,8,7.819056413339919,4.6697539029785045,0.6744043852830657,0.0,1,2,2.639288158795346
2023-02-20,食用菌,42.878,326.129,192.5146,42.878,0.0,75,7,7.6059750921218345,4.489822286487243,0.6940481397255065,0.0,1,2,2.639288158795346
2023-02-21,水生根茎类,21.144,145.228,94.73424,21.144,0.0,35,3,6.868520620507001,4.480431328036323,0.5330043287411184,0.0,2,2,2.642026009582478
2023-02-21,花叶类,124.047,679.429,408.73656,124.047,0.0,147,16,5.477190097301829,3.2950136641756753,0.6622662773303176,0.0,2,2,2.642026009582478
2023-02-21,花菜类,28.724,250.2654,154.58822,28.724,0.0,70,3,8.712762846400222,5.381848628324746,0.6189163702124263,0.0,2,2,2.642026009582478
2023-02-21,茄类,12.593,151.116,109.52978,12.593,0.0,26,2,12.000000000000002,8.697671722385452,0.3796795720761972,0.0,2,2,2.642026009582478
2023-02-21,辣椒类,89.605,602.576,354.91668000000004,89.605,0.0,139,10,6.7248033033870875,3.9609026282015516,0.6977956629144619,0.0,2,2,2.642026009582478
2023-02-21,食用菌,42.615,351.54,224.38840000000002,42.615,0.0,84,7,8.249208025343188,5.265479291329345,0.5666585260200614,0.0,2,2,2.642026009582478
2023-02-22,水生根茎类,28.124,186.7924,117.938,28.124,0.0,34,3,6.641743706442895,4.193500213340919,0.5838186165612438,0.0,3,2,2.64476386036961
2023-02-22,花叶类,108.874,624.1778,369.18744,108.874,0.0,139,17,5.733029006006944,3.390960559913294,0.6906799429579731,0.0,3,2,2.64476386036961
2023-02-22,花菜类,24.656,215.96439999999998,131.75030999999998,24.656,0.0,53,2,8.759101232965607,5.343539503569111,0.6391946250449052,0.0,3,2,2.64476386036961
2023-02-22,茄类,9.991,119.892,88.24302,9.991,0.0,26,2,12.0,8.832251025923332,0.3586570359899286,0.0,3,2,2.64476386036961
2023-02-22,辣椒类,70.707,559.332,339.59751,70.707,0.0,125,11,7.910560481989054,4.802883872883873,0.6470438785019361,0.0,3,2,2.64476386036961
2023-02-22,食用菌,58.266,394.528,243.67688,58.266,0.0,90,9,6.771152988020458,4.182145333470635,0.619062095673582,0.0,3,2,2.64476386036961
2023-02-23,水生根茎类,18.699,106.6524,65.78744999999999,18.699,0.0,24,3,5.703641905984277,3.5182335953794315,0.6211663470768363,0.0,4,2,2.647501711156742
2023-02-23,花叶类,126.467,686.8976,419.42502,126.467,0.0,166,19,5.431437450085793,3.3164779744913693,0.6377125046092864,0.0,4,2,2.647501711156742
2023-02-23,花菜类,25.902,220.42999999999998,139.24814,25.902,0.0,53,3,8.510153656088331,5.375960929657942,0.583001395925288,0.0,4,2,2.647501711156742
2023-02-23,茄类,11.31,139.09,102.87142,11.31,0.0,27,3,12.297966401414676,9.095616268788682,0.3520762131989623,0.0,4,2,2.647501711156742
2023-02-23,辣椒类,91.565,615.5454,398.15014,91.565,0.0,138,11,6.722496587123901,4.348278709113744,0.5460132702703557,0.0,4,2,2.647501711156742
2023-02-23,食用菌,54.902,415.351,265.68741,54.902,0.0,88,9,7.56531638191687,4.8393029397836145,0.5633070456744638,0.0,4,2,2.647501711156742
2023-02-24,水生根茎类,29.391,176.70159999999998,112.75573,29.391,0.0,41,3,6.0120989418529485,3.836403320744446,0.5671185845721542,0.0,5,2,2.650239561943874
2023-02-24,花叶类,119.956,659.7180000000001,375.56683,119.956,0.0,148,15,5.499666544399614,3.1308715695755107,0.7565928279661975,0.0,5,2,2.650239561943874
2023-02-24,花菜类,28.971,256.674,162.25433999999998,28.971,0.0,59,2,8.859687273480375,5.6005778191985085,0.5819237870617202,0.0,5,2,2.650239561943874
2023-02-24,茄类,11.328,151.482,102.13098000000001,11.328,0.0,28,3,13.372351694915254,9.015799788135594,0.4832130270364585,0.0,5,2,2.650239561943874
2023-02-24,辣椒类,123.493,829.4929999999999,510.40177,123.493,0.0,183,10,6.716923226417691,4.133042115747451,0.6251765741329618,0.0,5,2,2.650239561943874
2023-02-24,食用菌,69.434,552.197,347.47198000000003,69.434,0.0,120,9,7.952832906069073,5.004349166114585,0.5891842559506522,0.0,5,2,2.650239561943874
2023-02-25,水生根茎类,36.824,236.336,151.0428,36.824,0.0,48,3,6.4179882685205305,4.101748859439496,0.5646955697325526,0.0,6,2,2.652977412731006
2023-02-25,花叶类,180.47,1027.1502,662.09842,180.47,0.0,227,17,5.691528785947804,3.6687450545797087,0.5513557636944673,0.0,6,2,2.652977412731006
2023-02-25,花菜类,42.154,369.2252,231.17248,42.154,0.0,91,2,8.758960003795606,5.4839986715376945,0.5971849244339118,0.0,6,2,2.652977412731006
2023-02-25,茄类,10.979000000000001,146.848,97.69895000000001,10.979000000000001,0.0,29,2,13.375352946534292,8.898711175881228,0.5030663072632815,0.0,6,2,2.652977412731006
2023-02-25,辣椒类,156.121,1091.102,664.6416800000001,156.121,0.0,240,12,6.9888227720806295,4.257221514082026,0.6416394469874354,0.0,6,2,2.652977412731006
2023-02-25,食用菌,101.679,772.272,474.7066,101.679,0.0,170,9,7.595196648275455,4.6686788815783,0.626840663264425,0.0,6,2,2.652977412731006
2023-02-26,水生根茎类,34.64,208.272,130.3532,34.64,0.0,48,2,6.012471131639723,3.7630831408775975,0.5977513402049204,0.0,7,2,2.6557152635181382
2023-02-26,花叶类,196.01,986.9628,584.11745,196.01,0.0,249,20,5.035267588388348,2.980039028620989,0.6896649809040973,0.0,7,2,2.6557152635181382
2023-02-26,花菜类,42.597,376.662,239.05461,42.597,0.0,86,2,8.842453693922106,5.612005775054581,0.5756316098652101,0.0,7,2,2.6557152635181382
2023-02-26,茄类,14.041,187.376,136.69862,14.041,0.0,32,3,13.34491845310163,9.73567552168649,0.3707234206168284,0.0,7,2,2.6557152635181382
2023-02-26,辣椒类,122.524,950.8106,601.8068999999999,122.524,0.0,196,11,7.760198818190722,4.911747086285136,0.5799263850248313,0.0,7,2,2.6557152635181382
2023-02-26,食用菌,77.184,512.057,302.20346,77.184,0.0,109,9,6.63423766583748,3.915364065091211,0.6944114405572988,0.0,7,2,2.6557152635181382
2023-02-27,水生根茎类,12.036,95.8364,62.62611,12.036,0.0,14,3,7.962479228979728,5.203232801595214,0.5302946327019196,0.0,1,2,2.6584531143052703
2023-02-27,花叶类,128.926,695.2076,406.64169,128.926,0.0,156,15,5.39229945860416,3.1540704745357804,0.7096318874732199,0.0,1,2,2.6584531143052703
2023-02-27,花菜类,13.221,121.63319999999999,83.42451,13.221,0.0,33,1,9.2,6.31,0.45800316957210785,0.0,1,2,2.6584531143052703
2023-02-27,茄类,8.846,122.39,88.17277,8.846,0.0,21,3,13.83563192403346,9.96752995704273,0.388070262508482,0.0,1,2,2.6584531143052703
2023-02-27,辣椒类,77.558,598.8074,390.38155,77.558,0.0,124,13,7.7207689728977025,5.03341434797184,0.5339029213855009,0.0,1,2,2.6584531143052703
2023-02-27,食用菌,51.35,427.555,259.02083,51.35,0.0,88,9,8.326290165530672,5.044222590068159,0.6506587520393632,0.0,1,2,2.6584531143052703
2023-02-28,水生根茎类,21.011,147.9436,95.24860000000001,21.011,0.0,30,3,7.041245062110324,4.533273047451336,0.5532364780164747,0.0,2,2,2.6611909650924024
2023-02-28,花叶类,107.968,573.9288,323.49645,107.968,0.0,141,20,5.315730586840545,2.9962252704505037,0.7741424983179879,0.0,2,2,2.6611909650924024
2023-02-28,花菜类,26.816,230.60559999999998,153.10456,26.816,0.0,55,2,8.599552505966587,5.709448090692124,0.5061968108591932,0.0,2,2,2.6611909650924024
2023-02-28,茄类,7.007,95.172,66.11032,7.007,0.0,15,3,13.582417582417582,9.43489653203939,0.4395936973228989,0.0,2,2,2.6611909650924024
2023-02-28,辣椒类,89.096,610.3714,414.06753,89.096,0.0,135,10,6.8507160815300345,4.647431197809104,0.474086606114708,0.0,2,2,2.6611909650924024
2023-02-28,食用菌,47.277,418.356,257.62556,47.277,0.0,83,8,8.849038644584047,5.4492789305582,0.6238916666498462,0.0,2,2,2.6611909650924024
2023-03-01,水生根茎类,14.748,97.8176,62.30892,14.748,0.0,22,3,6.632601030648224,4.224906427990236,0.5698811662920815,0.0,3,3,2.6639288158795345
2023-03-01,花叶类,117.125,587.2802,322.43947,117.125,0.0,146,17,5.014131910352188,2.752951718249733,0.8213657279612825,0.0,3,3,2.6639288158795345
2023-03-01,花菜类,21.744,191.088,131.48352,21.744,0.0,51,2,8.788079470198676,6.046887417218543,0.45332281946817377,0.0,3,3,2.6639288158795345
2023-03-01,茄类,9.504,127.974,85.14165,9.504,0.0,22,2,13.465277777777779,8.958506944444444,0.5030716458983355,0.0,3,3,2.6639288158795345
2023-03-01,辣椒类,92.615,642.7032,426.47215,92.615,0.0,135,11,6.939515197322248,4.604784862063381,0.5070226742824824,0.0,3,3,2.6639288158795345
2023-03-01,食用菌,52.737,375.931,221.65415,52.737,0.0,81,9,7.128410793181257,4.203010220528282,0.6960250913416237,0.0,3,3,2.6639288158795345
2023-03-02,水生根茎类,19.735,114.6508,70.30273,19.735,0.0,28,3,5.8095160881682295,3.5623374714973397,0.6308157592173165,0.0,4,3,2.6666666666666665
2023-03-02,花叶类,95.001,497.7764,268.42429,95.001,0.0,117,17,5.239696424248166,2.8254891001147353,0.8544387320536455,0.0,4,3,2.6666666666666665
2023-03-02,花菜类,23.067,204.7668,143.96791000000002,23.067,0.0,51,2,8.877045129405644,6.241293189404778,0.42230862419271054,0.0,4,3,2.6666666666666665
2023-03-02,茄类,7.568,101.838,64.23817,7.568,0.0,17,3,13.456395348837209,8.488130285412263,0.5853191334684658,0.0,4,3,2.6666666666666665
2023-03-02,辣椒类,86.915,615.4774,371.89021,86.915,0.0,134,10,7.0813714548697,4.278780532704366,0.6549975865188815,0.0,4,3,2.6666666666666665
2023-03-02,食用菌,44.361,357.003,214.83135000000001,44.361,0.0,81,9,8.04767701359302,4.842797727733821,0.6617826029580876,0.0,4,3,2.6666666666666665
2023-03-03,水生根茎类,29.054,202.7784,131.13348,29.054,0.0,40,3,6.979362566255937,4.5134398017484685,0.5463510920323322,0.0,5,3,2.6694045174537986
2023-03-03,花叶类,118.142,559.221,289.72624,118.142,0.0,132,16,4.733464813529482,2.452355978398876,0.9301703566787738,0.0,5,3,2.6694045174537986
2023-03-03,花菜类,29.401,267.5848,191.50047,29.401,0.0,65,2,9.101214244413454,6.513399884357675,0.3973062311544193,0.0,5,3,2.6694045174537986
2023-03-03,茄类,13.904,191.194,121.08852999999999,13.904,0.0,27,3,13.751006904487916,8.708898878020713,0.5789604514977593,0.0,5,3,2.6694045174537986
2023-03-03,辣椒类,100.93299999999999,726.6062,474.21491,100.93299999999999,0.0,148,10,7.198896297543915,4.698313831947926,0.532229764770576,0.0,5,3,2.6694045174537986
2023-03-03,食用菌,66.707,487.75600000000003,287.15826,66.707,0.0,108,8,7.311916290644161,4.304769514443762,0.6985616224307811,0.0,5,3,2.6694045174537986
2023-03-04,水生根茎类,34.038,215.8544,137.0581,34.038,0.0,48,3,6.341571185146014,4.0266202479581645,0.5749116615508316,0.0,6,3,2.6721423682409307
2023-03-04,花叶类,142.918,748.1904000000001,388.72996,142.918,0.0,171,19,5.235102646272688,2.7199510208651114,0.9247047487669848,0.0,6,3,2.6721423682409307
2023-03-04,花菜类,32.341,293.2124,211.48449,32.341,0.0,64,2,9.066275006957113,6.539206889088154,0.3864487178232314,0.0,6,3,2.6721423682409307
2023-03-04,茄类,12.627,174.536,110.96584,12.627,0.0,28,3,13.822443969272195,8.787981309891501,0.5728804468113793,0.0,6,3,2.6721423682409307
2023-03-04,辣椒类,131.794,1108.1586,723.15698,131.794,0.0,220,12,8.408262895124208,5.487025054251331,0.5323901042896664,0.0,6,3,2.6721423682409307
2023-03-04,食用菌,82.061,678.7954,409.54485,82.061,0.0,148,10,8.27183924153983,4.990736768988922,0.6574384954419523,0.0,6,3,2.6721423682409307
2023-03-05,水生根茎类,31.386,224.15200000000002,145.81592,31.386,0.0,37,3,7.141782960555663,4.645890524437648,0.5372258392636415,0.0,7,3,2.674880219028063
2023-03-05,花叶类,152.491,831.3032000000001,414.47043,152.491,0.0,181,17,5.451490251883718,2.717999291761481,1.0056996587187172,0.0,7,3,2.674880219028063
2023-03-05,花菜类,43.567,396.38239999999996,285.40003,43.567,0.0,92,2,9.09822572130282,6.55083044506163,0.38886600677652305,0.0,7,3,2.674880219028063
2023-03-05,茄类,16.193,195.19,144.96098999999998,16.193,0.0,33,3,12.053973939356512,8.952077440869509,0.3465001860155621,0.0,7,3,2.674880219028063
2023-03-05,辣椒类,125.758,887.83,586.44068,125.758,0.0,192,10,7.05982919575693,4.663247507116844,0.5139297635355038,0.0,7,3,2.674880219028063
2023-03-05,食用菌,74.763,578.224,343.70006,74.763,0.0,131,8,7.734093067426401,4.597194601607747,0.6823505937124366,0.0,7,3,2.674880219028063
2023-03-06,水生根茎类,15.767,157.2372,105.81936,15.767,0.0,26,4,9.972550263207966,6.711445423986809,0.48590201263738475,0.0,1,3,2.6776180698151952
2023-03-06,花叶类,90.018,516.4830000000001,282.66095,90.018,0.0,107,15,5.7375524895021,3.1400492123797465,0.8272173782759875,0.0,1,3,2.6776180698151952
2023-03-06,花菜类,18.623,168.9756,118.76458,18.623,0.0,42,2,9.073489770713632,6.377306556408741,0.42277773390012396,0.0,1,3,2.6776180698151952
2023-03-06,茄类,10.569,126.828,91.38355,10.569,0.0,24,2,12.0,8.646376194531175,0.3878646649205466,0.0,1,3,2.6776180698151952
2023-03-06,辣椒类,89.352,602.874,390.55051000000003,89.352,0.0,131,11,6.747179693795326,4.370920740442296,0.5436518057549071,0.0,1,3,2.6776180698151952
2023-03-06,食用菌,45.335,343.27,205.24772000000002,45.335,0.0,74,9,7.571853975956766,4.527356788353369,0.6724668122988162,0.0,1,3,2.6776180698151952
2023-03-07,水生根茎类,19.542,117.2768,74.50768,19.542,0.0,28,3,6.001269061508545,3.8126947088322583,0.5740229732022255,0.0,2,3,2.6803559206023273
2023-03-07,花叶类,106.406,589.0918,307.19867,106.406,0.0,131,17,5.536264872281638,2.8870427419506415,0.9176248386752457,0.0,2,3,2.6803559206023273
2023-03-07,花菜类,25.548000000000002,233.3928,168.76326,25.548000000000002,0.0,62,2,9.135462658525128,6.605732738374823,0.3829597745386051,0.0,2,3,2.6803559206023273
2023-03-07,茄类,8.469,102.358,64.91901,8.469,0.0,18,3,12.086196717440076,7.665487070492384,0.5767030335182253,0.0,2,3,2.6803559206023273
2023-03-07,辣椒类,94.54,588.8988,374.16044,94.54,0.0,131,10,6.229096678654538,3.9576945208377405,0.573920535265567,0.0,2,3,2.6803559206023273
2023-03-07,食用菌,47.405,344.14,198.91035,47.405,0.0,74,8,7.2595717751292055,4.195978272334142,0.7301261598504047,0.0,2,3,2.6803559206023273
2023-03-08,水生根茎类,15.906,154.954,102.4418,15.906,0.0,26,4,9.741858418206967,6.440450144599522,0.5126052060779878,0.0,3,3,2.6830937713894594
2023-03-08,花叶类,104.807,599.508,311.95966,104.807,0.0,138,14,5.720114114515252,2.9765154999188983,0.9217484722223381,0.0,3,3,2.6830937713894594
2023-03-08,花菜类,17.74,159.3616,105.44536000000001,17.74,0.0,40,2,8.983179255918829,5.943932356257047,0.511319227323042,0.0,3,3,2.6830937713894594
2023-03-08,茄类,11.717,143.67000000000002,87.55651,11.717,0.0,22,2,12.261671076214048,7.472604762311172,0.6408831279364606,0.0,3,3,2.6830937713894594
2023-03-08,辣椒类,96.958,620.052,428.92658,96.958,0.0,138,11,6.395057653829493,4.423838981827183,0.44559005879281255,0.0,3,3,2.6830937713894594
2023-03-08,食用菌,54.438,473.30920000000003,285.23148,54.438,0.0,101,9,8.69446342628311,5.239565744516697,0.6593862640967962,0.0,3,3,2.6830937713894594
2023-03-09,水生根茎类,22.284,193.61960000000002,128.17855,22.284,0.0,23,3,8.68872733800036,5.752044067492371,0.5105460312977486,0.0,4,3,2.6858316221765914
2023-03-09,花叶类,99.336,585.549,290.90481,99.336,0.0,130,18,5.894630345494081,2.9284932954820007,1.0128543079091745,0.0,4,3,2.6858316221765914
2023-03-09,花菜类,19.79,179.236,120.4265,19.79,0.0,47,2,9.05689742294088,6.08521980798383,0.48834351243289476,0.0,4,3,2.6858316221765914
2023-03-09,茄类,7.751,94.816,60.82803,7.751,0.0,16,3,12.232744162043607,7.847765449619404,0.5587550673595709,0.0,4,3,2.6858316221765914
2023-03-09,辣椒类,79.852,488.274,363.73513,79.852,0.0,112,11,6.114737263938285,4.555116089766067,0.34238889710762876,0.0,4,3,2.6858316221765914
2023-03-09,食用菌,34.147,269.94100000000003,167.71534,34.147,0.0,62,8,7.905262541365275,4.911568805458752,0.6095188430587211,0.0,4,3,2.6858316221765914
2023-03-10,水生根茎类,20.047,186.7652,123.22372,20.047,0.0,32,4,9.31636653863421,6.146741158278046,0.5156594850407048,0.0,5,3,2.6885694729637235
2023-03-10,花叶类,97.762,543.0666,283.09076,97.762,0.0,140,14,5.554986600110472,2.8957136719788874,0.9183480237927935,0.0,5,3,2.6885694729637235
2023-03-10,花菜类,6.6,58.888000000000005,35.7982,6.6,0.0,15,2,8.922424242424244,5.4239696969696976,0.6449989105597489,0.0,5,3,2.6885694729637235
2023-03-10,茄类,14.024000000000001,168.288,104.78816,14.024000000000001,0.0,28,2,12.0,7.472059326868226,0.6059829660144811,0.0,5,3,2.6885694729637235
2023-03-10,辣椒类,129.47,794.7976,547.0844099999999,129.47,0.0,172,10,6.138855333281842,4.225568934888391,0.452787879661934,0.0,5,3,2.6885694729637235
2023-03-10,食用菌,68.913,378.653,268.99162,68.913,0.0,108,8,5.494652678014308,3.903350891704033,0.4076758227635493,0.0,5,3,2.6885694729637235
2023-03-11,水生根茎类,38.155,276.412,169.26435,38.155,0.0,57,4,7.244450268641068,4.4362298519198005,0.6330195933166078,0.0,6,3,2.6913073237508556
2023-03-11,花叶类,181.131,953.4852,467.91425,181.131,0.0,227,16,5.264064130380774,2.5832919268374823,1.0377349054874903,0.0,6,3,2.6913073237508556
2023-03-11,花菜类,14.786,130.1168,73.93,14.786,0.0,33,1,8.8,5.000000000000001,0.7599999999999998,0.0,6,3,2.6913073237508556
2023-03-11,茄类,20.211,243.464,135.88958,20.211,0.0,43,3,12.046113502548119,6.7235455939834745,0.7916311169701167,0.0,6,3,2.6913073237508556
2023-03-11,辣椒类,163.675,920.5364,675.06197,163.675,0.0,214,10,5.624172292653123,4.12440488773484,0.3636324380708338,0.0,6,3,2.6913073237508556
2023-03-11,食用菌,107.229,762.2302000000001,486.50419,107.229,0.0,175,10,7.108433352917588,4.537057978718444,0.566749507337234,0.0,6,3,2.6913073237508556
2023-03-12,水生根茎类,33.314,245.4164,145.38135,33.314,0.0,51,4,7.366764723539653,4.3639716035300475,0.6880872271443346,0.0,7,3,2.6940451745379876
2023-03-12,花叶类,186.971,1078.9228,532.14677,186.971,0.0,250,16,5.77053553759674,2.8461460333420687,1.02749102470358,0.0,7,3,2.6940451745379876
2023-03-12,花菜类,14.147,124.49360000000001,71.15941000000001,14.147,0.0,34,1,8.8,5.03,0.749502982107356,0.0,7,3,2.6940451745379876
2023-03-12,茄类,18.27,222.062,128.87483,18.27,0.0,43,3,12.154460864805694,7.053904214559387,0.7230827772963893,0.0,7,3,2.6940451745379876
2023-03-12,辣椒类,154.411,1118.498,791.71792,154.411,0.0,239,9,7.243641968512606,5.127341445881447,0.41274811614722573,0.0,7,3,2.6940451745379876
2023-03-12,食用菌,103.694,734.997,527.83103,103.694,0.0,177,10,7.088134318282639,5.090275522209579,0.39248539442631825,0.0,7,3,2.6940451745379876
2023-03-13,水生根茎类,17.418,161.9948,100.623,17.418,0.0,29,4,9.300424847858537,5.776954874267999,0.6099182095544753,0.0,1,3,2.6967830253251197
2023-03-13,花叶类,132.956,790.9132000000001,354.97473,132.956,0.0,172,14,5.948683775083487,2.6698661963356303,1.2280831089018647,0.0,1,3,2.6967830253251197
2023-03-13,花菜类,7.536,66.3168,37.303200000000004,7.536,0.0,17,1,8.8,4.950000000000001,0.7777777777777775,0.0,1,3,2.6967830253251197
2023-03-13,茄类,12.188,147.89000000000001,84.53629,12.188,0.0,26,3,12.134066294716115,6.936026419428946,0.7494261931769188,0.0,1,3,2.6967830253251197
2023-03-13,辣椒类,92.957,635.962,428.52125,92.957,0.0,130,11,6.841464332971159,4.609886829394236,0.48408509496320207,0.0,1,3,2.6967830253251197
2023-03-13,食用菌,50.739,346.83480000000003,213.65541,50.739,0.0,94,7,6.8356648731744825,4.21087151894992,0.6233373168505307,0.0,1,3,2.6967830253251197
2023-03-14,水生根茎类,9.612,73.21600000000001,46.0572,9.612,0.0,13,3,7.617145235122764,4.7916354556803995,0.5896754470527954,0.0,2,3,2.6995208761122518
2023-03-14,花叶类,129.747,729.9174,362.7461,129.747,0.0,185,17,5.625697703993156,2.795795663868914,1.0121991663039243,0.0,2,3,2.6995208761122518
2023-03-14,花菜类,7.774,68.41120000000001,31.40696,7.774,0.0,16,1,8.8,4.04,1.1782178217821784,0.0,2,3,2.6995208761122518
2023-03-14,茄类,11.759,141.882,83.03273,11.759,0.0,24,3,12.065821923632962,7.061206735266604,0.70874786364365,0.0,2,3,2.6995208761122518
2023-03-14,辣椒类,91.067,634.9788,405.51412,91.067,0.0,131,11,6.972655297747813,4.4529205969231445,0.5658611345025422,0.0,2,3,2.6995208761122518
2023-03-14,食用菌,44.887,306.246,191.812,44.887,0.0,73,8,6.822598970748769,4.273219417648763,0.5965945821950658,0.0,2,3,2.6995208761122518
2023-03-15,水生根茎类,16.301000000000002,157.1628,97.80628,16.301000000000002,0.0,27,4,9.6412980798724,6.0000171768603145,0.6068784131243925,0.0,3,3,2.702258726899384
2023-03-15,花叶类,128.813,642.5856,321.14594999999997,128.813,0.0,196,17,4.988515134342031,2.493117542484066,1.0009145374556336,0.0,3,3,2.702258726899384
2023-03-15,花菜类,6.623,58.2824,30.13465,6.623,0.0,15,1,8.8,4.55,0.9340659340659343,0.0,3,3,2.702258726899384
2023-03-15,茄类,8.036999999999999,97.33200000000001,57.9758,8.036999999999999,0.0,19,3,12.110488988428521,7.213612044295136,0.6788384118890989,0.0,3,3,2.702258726899384
2023-03-15,辣椒类,90.56099999999999,737.5112,407.87118,90.56099999999999,0.0,141,9,8.143805832532768,4.5038281379401734,0.8081964016187659,0.0,3,3,2.702258726899384
2023-03-15,食用菌,62.736,502.1052,310.49298,62.736,0.0,108,9,8.003462127008417,4.949199502677889,0.6171225513697605,0.0,3,3,2.702258726899384
2023-03-16,水生根茎类,24.263,200.7816,121.57477,24.263,0.0,35,4,8.27521740922392,5.010706425421423,0.6515071342516214,0.0,4,3,2.704996577686516
2023-03-16,花叶类,163.911,854.0738,412.48073,163.911,0.0,217,14,5.210594773993203,2.516492059715333,1.0705786667900825,0.0,4,3,2.704996577686516
2023-03-16,花菜类,27.737000000000002,251.3532,187.26086,27.737000000000002,0.0,64,2,9.0620182427804,6.751301871146843,0.34226233928435423,0.0,4,3,2.704996577686516
2023-03-16,茄类,11.892,142.704,79.99179,11.892,0.0,27,2,12.000000000000002,6.726521190716448,0.783983081263715,0.0,4,3,2.704996577686516
2023-03-16,辣椒类,93.724,738.198,422.14504,93.724,0.0,133,9,7.876296359523708,4.504129571934616,0.748683343525723,0.0,4,3,2.704996577686516
2023-03-16,食用菌,75.596,486.8754,307.54557,75.596,0.0,117,9,6.440491560400021,4.068278348060744,0.5831000264448614,0.0,4,3,2.704996577686516
2023-03-17,水生根茎类,40.211,355.3404,223.21873,40.211,0.0,57,4,8.836895376886922,5.551185745194101,0.591893296767704,0.0,5,3,2.707734428473648
2023-03-17,花叶类,201.58,1095.3276,569.63252,201.58,0.0,273,14,5.4337116777458085,2.8258384760392894,0.9228670441778855,0.0,5,3,2.707734428473648
2023-03-17,花菜类,41.379,397.53000000000003,292.7481,41.379,0.0,102,2,9.607047052852897,7.0747988109910835,0.35792512402300813,0.0,5,3,2.707734428473648
2023-03-17,茄类,16.576,199.714,120.28695,16.576,0.0,42,3,12.048383204633204,7.2566934121621625,0.6603131096099784,0.0,5,3,2.707734428473648
2023-03-17,辣椒类,144.456,1117.7716,708.54772,144.456,0.0,237,9,7.7377997452511496,4.904937974192834,0.5775530263508575,0.0,5,3,2.707734428473648
2023-03-17,食用菌,111.104,700.0406,446.74744,111.104,0.0,167,9,6.300768649193548,4.020984302995392,0.5669717100113656,0.0,5,3,2.707734428473648
2023-03-18,水生根茎类,53.936,421.13,260.24779,53.936,0.0,89,4,7.807957579353308,4.82512218184515,0.6181885732824091,0.0,6,3,2.7104722792607805
2023-03-18,花叶类,282.075,1604.133,813.29788,282.075,0.0,399,13,5.686902419569264,2.8832682088097137,0.9723806485269579,0.0,6,3,2.7104722792607805
2023-03-18,花菜类,59.217,568.8216,412.97093,59.217,0.0,137,2,9.605714575206445,6.973857676005202,0.37738896052562354,0.0,6,3,2.7104722792607805
2023-03-18,茄类,29.936,362.628,207.90192,29.936,0.0,66,3,12.113442009620524,6.944879743452699,0.7442263159474429,0.0,6,3,2.7104722792607805
2023-03-18,辣椒类,179.58,1327.6498,758.78653,179.58,0.0,254,9,7.393082748635704,4.225339848535471,0.7497013290417793,0.0,6,3,2.7104722792607805
2023-03-18,食用菌,143.912,947.0272,592.2472,143.912,0.0,226,9,6.5805992551003385,4.115342709433543,0.5990404006975463,0.0,6,3,2.7104722792607805
2023-03-19,水生根茎类,41.768,349.794,212.47719999999998,41.768,0.0,64,4,8.374688756943113,5.087081018961884,0.6462660464275696,0.0,7,3,2.7132101300479126
2023-03-19,花叶类,243.51,1164.5716,605.3448,243.51,0.0,323,10,4.782438503552216,2.4859135148453864,0.9238153197979069,0.0,7,3,2.7132101300479126
2023-03-19,花菜类,49.399,478.3444,363.65458,49.399,0.0,104,2,9.683281038077693,7.36157776473208,0.3153812059784864,0.0,7,3,2.7132101300479126
2023-03-19,茄类,26.328,317.498,175.57538,26.328,0.0,56,3,12.059328471589183,6.668770130659374,0.8083287075898682,0.0,7,3,2.7132101300479126
2023-03-19,辣椒类,166.411,1191.344,686.04125,166.411,0.0,234,8,7.159045976527994,4.122571524718919,0.73654864047898,0.0,7,3,2.7132101300479126
2023-03-19,食用菌,118.749,965.1146,587.42848,118.749,0.0,200,9,8.12734928294133,4.946807804697303,0.6429482615483673,0.0,7,3,2.7132101300479126
2023-03-20,水生根茎类,22.509999999999998,245.38600000000002,153.10474,22.509999999999998,0.0,31,4,10.9011994669036,6.801632163482897,0.6027328742402098,0.0,1,3,2.7159479808350446
2023-03-20,花叶类,180.04,855.905,438.4044,180.04,0.0,231,13,4.7539713397022885,2.435038880248834,0.9523184530082269,0.0,1,3,2.7159479808350446
2023-03-20,花菜类,32.76,313.8576,236.58712,32.76,0.0,80,2,9.580512820512821,7.22182905982906,0.32660476191603327,0.0,1,3,2.7159479808350446
2023-03-20,茄类,10.568999999999999,127.72999999999999,72.59119,10.568999999999999,0.0,22,3,12.08534393036238,6.868312044658908,0.759579915965009,0.0,1,3,2.7159479808350446
2023-03-20,辣椒类,110.56099999999999,836.81,449.08551,110.56099999999999,0.0,173,8,7.568762945342391,4.061879957670427,0.8633645071291656,0.0,1,3,2.7159479808350446
2023-03-20,食用菌,71.532,581.1252000000001,360.3116,71.532,0.0,125,9,8.123989263546386,5.037068724486943,0.6128406634701744,0.0,1,3,2.7159479808350446
2023-03-21,水生根茎类,12.402,159.7684,96.22993000000001,12.402,0.0,25,4,12.882470569263024,7.759226737622965,0.660277628800104,0.0,2,3,2.7186858316221767
2023-03-21,花叶类,160.208,755.8492,442.6067,160.208,0.0,208,15,4.717924198541896,2.762700364526116,0.7077220024007771,0.0,2,3,2.7186858316221767
2023-03-21,花菜类,33.645,313.95000000000005,257.202,33.645,0.0,75,2,9.331252786446724,7.644583147570217,0.2206359204049737,0.0,2,3,2.7186858316221767
2023-03-21,茄类,10.702,118.3222,72.94462,10.702,0.0,23,3,11.056082975144832,6.815980190618576,0.6220826155513595,0.0,2,3,2.7186858316221767
2023-03-21,辣椒类,103.786,746.2438,436.10429,103.786,0.0,162,8,7.190216406837145,4.20195681498468,0.7111590440901188,0.0,2,3,2.7186858316221767
2023-03-21,食用菌,69.787,552.7536,337.8584,69.787,0.0,124,8,7.920581197071087,4.841279894536232,0.6360510793871039,0.0,2,3,2.7186858316221767
2023-03-22,水生根茎类,17.337,171.1476,106.96542,17.337,0.0,26,4,9.871811732133589,6.169776777989271,0.6000273733324288,0.0,3,3,2.7214236824093088
2023-03-22,花叶类,124.098,585.8548000000001,345.02358,124.098,0.0,176,14,4.720904446485842,2.780250930716047,0.698013799520601,0.0,3,3,2.7214236824093088
2023-03-22,花菜类,25.472,263.9544,201.89816,25.472,0.0,56,2,10.362531407035176,7.926278266331657,0.3073640690930519,0.0,3,3,2.7214236824093088
2023-03-22,茄类,12.133000000000001,129.6864,78.19378,12.133000000000001,0.0,25,2,10.688733206956234,6.444719360421989,0.6585257804393136,0.0,3,3,2.7214236824093088
2023-03-22,辣椒类,114.767,768.6186,482.75629,114.767,0.0,190,9,6.69720912805946,4.206403321512282,0.5921462152259063,0.0,3,3,2.7214236824093088
2023-03-22,食用菌,74.357,541.4198,335.91983,74.357,0.0,117,8,7.281356160146322,4.517662493107576,0.6117530185699369,0.0,3,3,2.7214236824093088
2023-03-23,水生根茎类,24.959,220.74280000000002,138.59896,24.959,0.0,37,4,8.84421651508474,5.553065427300774,0.5926728454528087,0.0,4,3,2.724161533196441
2023-03-23,花叶类,139.273,712.3676,458.50660999999997,139.273,0.0,186,17,5.114900949932866,3.2921428417568372,0.5536692044635956,0.0,4,3,2.724161533196441
2023-03-23,花菜类,25.426,278.1782,203.56603,25.426,0.0,55,2,10.940698497600883,8.006215291433966,0.366525642809854,0.0,4,3,2.724161533196441
2023-03-23,茄类,10.903,118.2402,71.92603,10.903,0.0,23,2,10.844739979822068,6.596902687333761,0.6439138932038933,0.0,4,3,2.724161533196441
2023-03-23,辣椒类,76.06700000000001,542.4666,409.99281,76.06700000000001,0.0,132,10,7.131431501176594,5.389890622740478,0.3231124711674822,0.0,4,3,2.724161533196441
2023-03-23,食用菌,61.349,444.579,276.24485,61.349,0.0,98,8,7.246719587931344,4.50284193711389,0.609365749261932,0.0,4,3,2.724161533196441
2023-03-24,水生根茎类,21.756,230.48420000000002,136.91212000000002,21.756,0.0,42,4,10.594052215480788,6.293074094502667,0.6834462865668869,0.0,5,3,2.726899383983573
2023-03-24,花叶类,129.414,690.0302,439.92179,129.414,0.0,176,12,5.331959447973172,3.399336934180228,0.56852926062153,0.0,5,3,2.726899383983573
2023-03-24,花菜类,25.198,275.3988,210.80912,25.198,0.0,57,2,10.929391221525517,8.36610524644813,0.3063894009898622,0.0,5,3,2.726899383983573
2023-03-24,茄类,18.402,194.046,124.66979,18.402,0.0,37,3,10.544832083469187,6.77479567438322,0.5564797213502963,0.0,5,3,2.726899383983573
2023-03-24,辣椒类,127.308,857.6064,558.61352,127.308,0.0,212,10,6.736469035724385,4.387890156156722,0.5352410374886738,0.0,5,3,2.726899383983573
2023-03-24,食用菌,86.643,608.2844,398.03726,86.643,0.0,144,9,7.02058331313551,4.593992128619738,0.5282096957455693,0.0,5,3,2.726899383983573
2023-03-25,水生根茎类,40.776,421.2706,260.89644,40.776,0.0,65,4,10.331337061016283,6.398284284873454,0.6147042864977383,0.0,6,3,2.729637234770705
2023-03-25,花叶类,205.087,1148.77,728.4317,205.087,0.0,299,15,5.60137892699196,3.5518180089425466,0.5770455898610674,0.0,6,3,2.729637234770705
2023-03-25,花菜类,24.481,267.5144,190.58593,24.481,0.0,58,2,10.927429435072098,7.785054940566153,0.40364191627367263,0.0,6,3,2.729637234770705
2023-03-25,茄类,22.364,234.502,141.1857,22.364,0.0,48,3,10.485691289572527,6.313079055625112,0.6609472489069359,0.0,6,3,2.729637234770705
2023-03-25,辣椒类,165.864,1151.1592,705.79576,165.864,0.0,252,10,6.940380070419138,4.255267930352578,0.6310089479710108,0.0,6,3,2.729637234770705
2023-03-25,食用菌,100.009,726.7090000000001,470.74973,100.009,0.0,168,8,7.266436020758133,4.707073663370297,0.5437268546070118,0.0,6,3,2.729637234770705
2023-03-26,水生根茎类,30.047,239.4442,143.05338,30.047,0.0,44,4,7.96898858455087,4.760987120178387,0.6738101539439334,0.0,7,3,2.732375085557837
2023-03-26,花叶类,189.268,1027.039,662.45289,189.268,0.0,260,14,5.426374241815838,3.5000786715134096,0.5503577922348561,0.0,7,3,2.732375085557837
2023-03-26,花菜类,40.894,445.3842,308.79199,40.894,0.0,89,2,10.89118697119382,7.5510341370372185,0.44234376027694267,0.0,7,3,2.732375085557837
2023-03-26,茄类,20.143,210.772,121.13241000000001,20.143,0.0,44,3,10.463783944794717,6.013623094871668,0.7400132631720937,0.0,7,3,2.732375085557837
2023-03-26,辣椒类,149.458,1032.632,652.148,149.458,0.0,251,10,6.9091784983072175,4.363419823629381,0.5834319816974063,0.0,7,3,2.732375085557837
2023-03-26,食用菌,106.70100000000001,725.4468,461.78288000000003,106.70100000000001,0.0,177,9,6.798875361992859,4.327821482460333,0.5709694564683732,0.0,7,3,2.732375085557837
2023-03-27,水生根茎类,15.155000000000001,169.589,101.93464,15.155000000000001,0.0,28,4,11.190300230946882,6.726139227977565,0.6637033298984527,0.0,1,3,2.735112936344969
2023-03-27,花叶类,114.807,733.2256,455.36771999999996,114.807,0.0,164,13,6.3865931519855055,3.96637591784473,0.6101835237684394,0.0,1,3,2.735112936344969
2023-03-27,花菜类,18.117,197.9358,137.41896,18.117,0.0,44,2,10.92541811558205,7.585083623116409,0.4403820258863842,0.0,1,3,2.735112936344969
2023-03-27,茄类,12.216,129.188,73.70708,12.216,0.0,22,3,10.575311067452521,6.033650949574329,0.7527217195417317,0.0,1,3,2.735112936344969
2023-03-27,辣椒类,78.058,549.8192,348.64979999999997,78.058,0.0,128,8,7.043726459811935,4.466547951523226,0.5769955984486441,0.0,1,3,2.735112936344969
2023-03-27,食用菌,58.326,388.5754,249.82108,58.326,0.0,92,7,6.6621300963549706,4.283185543325446,0.5554147792492132,0.0,1,3,2.735112936344969
2023-03-28,水生根茎类,13.283999999999999,142.9084,85.87913999999999,13.283999999999999,0.0,28,4,10.75793435712135,6.464855465221319,0.6640641720445735,0.0,2,3,2.737850787132101
2023-03-28,花叶类,97.516,518.9228,326.53016,97.516,0.0,135,14,5.321411870872472,3.348477788260388,0.5892032760465373,0.0,2,3,2.737850787132101
2023-03-28,花菜类,15.972,174.15300000000002,121.07939999999999,15.972,0.0,39,2,10.903643876784374,7.580728775356874,0.4383371572703534,0.0,2,3,2.737850787132101
2023-03-28,茄类,15.485,148.3248,93.34801,15.485,0.0,34,3,9.578611559573782,6.028286083306426,0.5889444242035795,0.0,2,3,2.737850787132101
2023-03-28,辣椒类,69.608,509.8272,335.75065,69.608,0.0,112,9,7.3242615791288355,4.823449172508907,0.5184697334167485,0.0,2,3,2.737850787132101
2023-03-28,食用菌,50.559,395.055,253.19455,50.559,0.0,89,8,7.81374236041061,5.0079026483909885,0.5602823994434323,0.0,2,3,2.737850787132101
2023-03-29,水生根茎类,18.377,134.183,77.23872,18.377,0.0,25,4,7.301681449638135,4.203010284594875,0.7372504360507268,0.0,3,3,2.7405886379192332
2023-03-29,花叶类,96.475,566.2892,346.61994,96.475,0.0,130,15,5.869802539518011,3.592847266131122,0.6337467486723358,0.0,3,3,2.7405886379192332
2023-03-29,花菜类,23.485,256.5874,178.13648,23.485,0.0,55,2,10.925586544602938,7.585117308920588,0.44039783428975343,0.0,3,3,2.7405886379192332
2023-03-29,茄类,8.567,76.4642,47.73281,8.567,0.0,22,2,8.925434807984125,5.5717065483833315,0.6019211942477303,0.0,3,3,2.7405886379192332
2023-03-29,辣椒类,83.09,618.9856,412.6151,83.09,0.0,141,9,7.4495799735226855,4.965881574196654,0.5001525634907689,0.0,3,3,2.7405886379192332
2023-03-29,食用菌,70.455,491.9108,316.56026,70.455,0.0,109,9,6.981914697324534,4.4930843801007745,0.5539246777217075,0.0,3,3,2.7405886379192332
2023-03-30,水生根茎类,11.542,122.593,75.75670000000001,11.542,0.0,25,3,10.621469416045747,6.563567839195981,0.6182463069273079,0.0,4,3,2.7433264887063653
2023-03-30,花叶类,121.581,620.9308,371.98723,121.581,0.0,152,14,5.107136805915397,3.0595835698012026,0.6692261183266961,0.0,4,3,2.7433264887063653
2023-03-30,花菜类,23.327,255.1396,178.37825,23.327,0.0,55,2,10.937523041968534,7.646857718523599,0.4303290900095724,0.0,4,3,2.7433264887063653
2023-03-30,茄类,14.654,137.1094,87.54259,14.654,0.0,33,3,9.356448751194213,5.9739722942541285,0.5662022336784873,0.0,4,3,2.7433264887063653
2023-03-30,辣椒类,63.144,433.2496,271.39353,63.144,0.0,99,11,6.861294818193336,4.298009787153174,0.5963888306401408,0.0,4,3,2.7433264887063653
2023-03-30,食用菌,52.222,345.34000000000003,221.72808,52.222,0.0,83,9,6.6129217571138605,4.245874918616675,0.5574933044114216,0.0,4,3,2.7433264887063653
2023-03-31,水生根茎类,19.923000000000002,248.2468,145.15897999999999,19.923000000000002,0.0,40,4,12.460312201977613,7.286000100386486,0.7101718405571604,0.0,5,3,2.746064339493498
2023-03-31,花叶类,146.231,691.8672,432.1503,146.231,0.0,181,14,4.731330566022253,2.9552577770787316,0.6009874342329511,0.0,5,3,2.746064339493498
2023-03-31,花菜类,27.511,300.17060000000004,210.9214,27.511,0.0,65,2,10.910930173385193,7.666802369961107,0.4231396150414326,0.0,5,3,2.746064339493498
2023-03-31,茄类,21.134,189.8748,117.63445,21.134,0.0,41,3,8.984328570076654,5.566123308412984,0.6141087921097943,0.0,5,3,2.746064339493498
2023-03-31,辣椒类,111.956,734.6418,487.22162,111.956,0.0,176,12,6.5618796670120405,4.351902711779627,0.5078185569843967,0.0,5,3,2.746064339493498
2023-03-31,食用菌,93.962,572.2272,380.344,93.962,0.0,143,7,6.089985313211724,4.047849130499563,0.5044990850388069,0.0,5,3,2.746064339493498
2023-04-01,水生根茎类,26.836,237.257,142.16274,26.836,0.0,41,4,8.840997167983307,5.297463854523775,0.6689112773149981,0.0,6,4,2.74880219028063
2023-04-01,花叶类,177.142,875.543,581.84189,177.142,0.0,250,14,4.942605367445326,3.284607207776812,0.5047782138889998,0.0,6,4,2.74880219028063
2023-04-01,花菜类,33.443,365.71160000000003,255.35557,33.443,0.0,72,2,10.935370630625245,7.635546153156117,0.4321661360275011,0.0,6,4,2.74880219028063
2023-04-01,茄类,23.388,200.756,129.80905,23.388,0.0,53,3,8.583718146057807,5.550241576877031,0.5465485649883424,0.0,6,4,2.74880219028063
2023-04-01,辣椒类,132.37,805.1782,550.90902,132.37,0.0,201,12,6.082784618871345,4.16188728563874,0.46154477557837015,0.0,6,4,2.74880219028063
2023-04-01,食用菌,94.004,632.7860000000001,413.13666,94.004,0.0,161,8,6.731479511510149,4.394883834730437,0.5316626706523697,0.0,6,4,2.74880219028063
2023-04-02,水生根茎类,27.876,231.8548,141.0178,27.876,0.0,42,4,8.3173626058258,5.058753049217965,0.6441527239823626,0.0,7,4,2.751540041067762
2023-04-02,花叶类,168.834,936.6386,610.87863,168.834,0.0,303,16,5.547689446438514,3.618220441380291,0.533264635562714,0.0,7,4,2.751540041067762
2023-04-02,花菜类,37.634,411.2446,307.03478,37.634,0.0,79,2,10.927475155444544,8.158441303077005,0.3394072163420703,0.0,7,4,2.751540041067762
2023-04-02,茄类,20.488,182.944,119.77510000000001,20.488,0.0,44,3,8.929324482623974,5.846109918000781,0.5273959278681459,0.0,7,4,2.751540041067762
2023-04-02,辣椒类,151.279,928.9531999999999,633.1219,151.279,0.0,240,11,6.140661955724191,4.185127479689845,0.46725804304036855,0.0,7,4,2.751540041067762
2023-04-02,食用菌,95.39,619.5746,403.80723,95.39,0.0,158,9,6.495173498270259,4.233223922843066,0.5343326071700103,0.0,7,4,2.751540041067762
2023-04-03,水生根茎类,27.654,310.8064,185.07643,27.654,0.0,50,4,11.239111882548636,6.692573587907717,0.6793407999062873,0.0,1,4,2.754277891854894
2023-04-03,花叶类,153.149,844.0348,487.1791,153.149,0.0,226,16,5.511200203723171,3.1810792104421184,0.7324938610872265,0.0,1,4,2.754277891854894
2023-04-03,花菜类,15.722,172.46620000000001,124.76858,15.722,0.0,35,2,10.969736674723318,7.935922910571175,0.3822887140336133,0.0,1,4,2.754277891854894
2023-04-03,茄类,19.201,163.756,104.15219,19.201,0.0,43,3,8.528514139888546,5.424310712983699,0.5722761086444748,0.0,1,4,2.754277891854894
2023-04-03,辣椒类,94.627,542.6758,367.19096,94.627,0.0,143,9,5.734893846365202,3.8804036902786736,0.47791165664862767,0.0,1,4,2.754277891854894
2023-04-03,食用菌,71.394,462.8124,306.3453,71.394,0.0,116,9,6.482511135389529,4.2909110009244475,0.510754041273034,0.0,1,4,2.754277891854894
2023-04-04,水生根茎类,14.977,124.5466,75.3895,14.977,0.0,29,4,8.315857648394203,5.033684983641583,0.6520417299491308,0.0,2,4,2.757015742642026
2023-04-04,花叶类,156.641,803.905,470.55563,156.641,0.0,206,14,5.132149309567738,3.004038725493326,0.7084164947723608,0.0,2,4,2.757015742642026
2023-04-04,花菜类,18.145,198.79,150.06075,18.145,0.0,41,2,10.955635161201434,8.270088178561588,0.3247301509555296,0.0,2,4,2.757015742642026
2023-04-04,茄类,20.162,174.996,109.64664,20.162,0.0,47,3,8.679496081737923,5.438281916476541,0.595999658539468,0.0,2,4,2.757015742642026
2023-04-04,辣椒类,101.552,573.2494,402.91744,101.552,0.0,158,9,5.644885378919175,3.967597290058295,0.422746555721192,0.0,2,4,2.757015742642026
2023-04-04,食用菌,81.021,563.9314,373.11404,81.021,0.0,141,9,6.960311524172746,4.605152244479826,0.511418332046685,0.0,2,4,2.757015742642026
2023-04-05,水生根茎类,24.199,181.184,106.59595,24.199,0.0,44,4,7.487251539319806,4.404973346006033,0.699726865795558,0.0,3,4,2.759753593429158
2023-04-05,花叶类,203.271,955.6602,541.01041,203.271,0.0,272,15,4.701409448470269,2.6615228438882084,0.7664358805960869,0.0,3,4,2.759753593429158
2023-04-05,花菜类,35.593,388.81440000000003,310.1599,35.593,0.0,80,2,10.923900767004747,8.714070182339222,0.2535933884425423,0.0,3,4,2.759753593429158
2023-04-05,茄类,22.225,191.004,122.27383999999999,22.225,0.0,45,3,8.5941057367829,5.5016350956130475,0.562100282447987,0.0,3,4,2.759753593429158
2023-04-05,辣椒类,130.304,769.7732,527.73946,130.304,0.0,193,9,5.907517804518664,4.050063390225933,0.4586235412451438,0.0,3,4,2.759753593429158
2023-04-05,食用菌,101.941,651.363,428.89123,101.941,0.0,160,8,6.389607714266096,4.20724958554458,0.518713730751734,0.0,3,4,2.759753593429158
2023-04-06,水生根茎类,9.889,141.0192,81.0667,9.889,0.0,23,3,14.260208312266156,8.197664071190212,0.7395453373580028,0.0,4,4,2.7624914442162902
2023-04-06,花叶类,122.403,582.5124,348.56292,122.403,0.0,164,13,4.758971593833484,2.8476664787627755,0.6711829244487619,0.0,4,4,2.7624914442162902
2023-04-06,花菜类,21.953,271.45,187.49686,21.953,0.0,49,2,12.365052612399216,8.540830865940874,0.44775757844691366,0.0,4,4,2.7624914442162902
2023-04-06,茄类,12.387,104.602,67.58958,12.387,0.0,25,3,8.444498264309356,5.4564930976023245,0.5476054149175065,0.0,4,4,2.7624914442162902
2023-04-06,辣椒类,87.473,556.6626,362.74879000000004,87.473,0.0,141,10,6.363821979353629,4.146980096715558,0.5345677652019183,0.0,4,4,2.7624914442162902
2023-04-06,食用菌,51.502,391.6342,256.2742,51.502,0.0,93,8,7.6042522620480755,4.976004815346977,0.5281842651347657,0.0,4,4,2.7624914442162902
2023-04-07,水生根茎类,16.629,194.48760000000001,118.72428,16.629,0.0,31,4,11.695688255457334,7.139592278549521,0.6381451207790019,0.0,5,4,2.7652292950034223
2023-04-07,花叶类,97.267,442.74580000000003,268.95493,97.267,0.0,136,14,4.551860343179085,2.7651200304316985,0.6461709774198972,0.0,5,4,2.7652292950034223
2023-04-07,花菜类,28.696,342.065,227.45745,28.696,0.0,60,2,11.920302481182045,7.926451421800947,0.5038636896703097,0.0,5,4,2.7652292950034223
2023-04-07,茄类,9.746,80.512,51.89226,9.746,0.0,20,2,8.261030166222039,5.324467473835419,0.5515223272218246,0.0,5,4,2.7652292950034223
2023-04-07,辣椒类,74.645,478.03819999999996,320.76275,74.645,0.0,127,10,6.404155670172148,4.297176636077433,0.49031706455939794,0.0,5,4,2.7652292950034223
2023-04-07,食用菌,65.677,458.7284,296.8206,65.677,0.0,107,7,6.984612573655922,4.5193994853601716,0.5454735958353296,0.0,5,4,2.7652292950034223
2023-04-08,水生根茎类,20.358,200.2926,116.786,20.358,0.0,33,4,9.838520483348068,5.736614598683564,0.7150394739095436,0.0,6,4,2.7679671457905544
2023-04-08,花叶类,155.424,768.9114,473.60757,155.424,0.0,220,15,4.947185762816553,3.0471971510191476,0.6235200801372325,0.0,6,4,2.7679671457905544
2023-04-08,花菜类,32.245,373.889,252.53467999999998,32.245,0.0,68,2,11.595255078306716,7.831746937509691,0.4805451671033858,0.0,6,4,2.7679671457905544
2023-04-08,茄类,19.815,166.732,107.67233,19.815,0.0,45,3,8.414433509967196,5.433879888973,0.5485129745032915,0.0,6,4,2.7679671457905544
2023-04-08,辣椒类,114.92,717.043,484.09785999999997,114.92,0.0,184,10,6.239497041420118,4.212477027497389,0.4811943188511514,0.0,6,4,2.7679671457905544
2023-04-08,食用菌,99.44,701.3882,456.4116,99.44,0.0,161,8,7.053380933226066,4.589818986323412,0.536744903065566,0.0,6,4,2.7679671457905544
2023-04-09,水生根茎类,31.303,355.38800000000003,214.75388999999998,31.303,0.0,43,4,11.353161038878063,6.860489090502507,0.6548617582666374,0.0,7,4,2.7707049965776864
2023-04-09,花叶类,171.616,780.9702,505.29711,171.616,0.0,233,14,4.550684085399962,2.944347321928025,0.5455663302725005,0.0,7,4,2.7707049965776864
2023-04-09,花菜类,27.396,301.356,211.58079999999998,27.396,0.0,57,2,11.0,7.723054460505183,0.42430693144179443,0.0,7,4,2.7707049965776864
2023-04-09,茄类,15.846,144.424,100.08952,15.846,0.0,35,2,9.114224409945727,6.31639025621608,0.44294827270627324,0.0,7,4,2.7707049965776864
2023-04-09,辣椒类,102.82,713.3182,478.15485,102.82,0.0,177,10,6.937543279517604,4.65040702198016,0.49181421039648554,0.0,7,4,2.7707049965776864
2023-04-09,食用菌,63.084,444.5852,293.12354,63.084,0.0,100,7,7.047511254834823,4.646559190920042,0.5167161259037742,0.0,7,4,2.7707049965776864
2023-04-10,水生根茎类,17.868,191.16320000000002,110.09803,17.868,0.0,29,4,10.6986344302664,6.1617433400492505,0.7362999138131721,0.0,1,4,2.7734428473648185
2023-04-10,花叶类,103.411,456.3788,293.27272,103.411,0.0,137,12,4.413251975128372,2.835991528947597,0.5561583770901026,0.0,1,4,2.7734428473648185
2023-04-10,花菜类,17.58,181.449,133.56513,17.58,0.0,40,2,10.32133105802048,7.5975614334471,0.3585057716785811,0.0,1,4,2.7734428473648185
2023-04-10,茄类,12.818,116.62400000000001,80.3636,12.818,0.0,26,2,9.09845529723826,6.269589639569356,0.4512042765630211,0.0,1,4,2.7734428473648185
2023-04-10,辣椒类,49.788,360.98900000000003,243.96876,49.788,0.0,92,9,7.250522214188159,4.900151843817788,0.4796525587948228,0.0,1,4,2.7734428473648185
2023-04-10,食用菌,28.773,246.0354,162.64478,28.773,0.0,57,7,8.550912313627359,5.6526875890591874,0.5127162396481462,0.0,1,4,2.7734428473648185
2023-04-11,水生根茎类,6.577,61.9862,37.587959999999995,6.577,0.0,11,4,9.424692108864223,5.7150615782271545,0.6490972109154103,0.0,2,4,2.7761806981519506
2023-04-11,花叶类,99.675,448.9882,284.98824,99.675,0.0,127,13,4.504521695510409,2.8591747178329574,0.5754622015280348,0.0,2,4,2.7761806981519506
2023-04-11,花菜类,13.663,140.5,103.9011,13.663,0.0,29,2,10.283246724731026,7.604559759935593,0.3522474737996035,0.0,2,4,2.7761806981519506
2023-04-11,茄类,13.366,111.53999999999999,78.15082,13.366,0.0,26,3,8.345054616190334,5.846986383360766,0.4272403027888896,0.0,2,4,2.7761806981519506
2023-04-11,辣椒类,66.563,474.1014,316.12276,66.563,0.0,115,11,7.122596637771735,4.74922644712528,0.4997382662355596,0.0,2,4,2.7761806981519506
2023-04-11,食用菌,50.27,316.35220000000004,209.90199,50.27,0.0,73,7,6.293061468072409,4.1754921424308735,0.5071424525322508,0.0,2,4,2.7761806981519506
2023-04-12,水生根茎类,19.088,196.649,117.09326999999999,19.088,0.0,35,4,10.302231768650461,6.1343917644593455,0.6794218830851682,0.0,3,4,2.7789185489390826
2023-04-12,花叶类,98.089,464.3952,310.17044,98.089,0.0,138,12,4.7344268980211845,3.1621327569860025,0.4972258478274074,0.0,3,4,2.7789185489390826
2023-04-12,花菜类,16.389,167.174,123.8934,16.389,0.0,31,2,10.200378302519983,7.559546036976021,0.34933741426096954,0.0,3,4,2.7789185489390826
2023-04-12,茄类,8.998,79.34,53.216809999999995,8.998,0.0,20,3,8.817515003334075,5.914293176261391,0.4908822982813139,0.0,3,4,2.7789185489390826
2023-04-12,辣椒类,67.989,459.79,290.64807,67.989,0.0,113,11,6.76271161511421,4.274927855976702,0.5819475422630538,0.0,3,4,2.7789185489390826
2023-04-12,食用菌,42.16,274.802,181.541,42.16,0.0,68,7,6.518074003795068,4.306000948766604,0.5137186641034257,0.0,3,4,2.7789185489390826
2023-04-13,水生根茎类,15.052000000000001,141.9922,81.60545,15.052000000000001,0.0,23,4,9.433444060589954,5.4215685623173,0.7399842780108434,0.0,4,4,2.7816563997262147
2023-04-13,花叶类,81.82000000000001,443.982,292.88149,81.82000000000001,0.0,129,14,5.42632608164263,3.579583109264238,0.5159100699740364,0.0,4,4,2.7816563997262147
2023-04-13,花菜类,16.783,172.127,124.59080999999999,16.783,0.0,35,2,10.256032890424834,7.423631651075492,0.38153849389052064,0.0,4,4,2.7816563997262147
2023-04-13,茄类,9.198,83.3806,51.86433,9.198,0.0,21,3,9.065079365079365,5.63865296803653,0.6076675433771148,0.0,4,4,2.7816563997262147
2023-04-13,辣椒类,67.685,486.9362,290.30613,67.685,0.0,110,12,7.19415232326217,4.289076309374307,0.6773197314159367,0.0,4,4,2.7816563997262147
2023-04-13,食用菌,27.331,261.1356,174.0906,27.331,0.0,51,8,9.554557096337494,6.369712048589514,0.4999982767593427,0.0,4,4,2.7816563997262147
2023-04-14,水生根茎类,26.338,289.3534,175.369,26.338,0.0,35,4,10.986156883590251,6.658402308451667,0.6499689226716241,0.0,5,4,2.784394250513347
2023-04-14,花叶类,93.087,389.873,249.20827,93.087,0.0,126,10,4.188264741585828,2.6771543824594195,0.5644464768364226,0.0,5,4,2.784394250513347
2023-04-14,花菜类,15.344,183.01500000000001,117.71319,15.344,0.0,29,2,11.927463503649637,7.671610401459854,0.554753549708406,0.0,5,4,2.784394250513347
2023-04-14,茄类,18.233,160.94559999999998,99.71385,18.233,0.0,39,3,8.82715954587835,5.468866889705478,0.6140746746816013,0.0,5,4,2.784394250513347
2023-04-14,辣椒类,66.651,514.7564,311.4575,66.651,0.0,118,9,7.723160942821563,4.672960645751751,0.6527340006260887,0.0,5,4,2.784394250513347
2023-04-14,食用菌,49.149,331.9698,218.11455999999998,49.149,0.0,79,7,6.754355124214125,4.437822946550286,0.5219974310747526,0.0,5,4,2.784394250513347
2023-04-15,水生根茎类,27.541,282.3264,162.16898,27.541,0.0,44,4,10.251131040993426,5.888274935550633,0.7409396050958696,0.0,6,4,2.7871321013004793
2023-04-15,花叶类,187.791,812.0936,549.25079,187.791,0.0,245,13,4.324454313572003,2.924798259767508,0.47854789612592086,0.0,6,4,2.7871321013004793
2023-04-15,花菜类,20.852,227.964,153.90855,20.852,0.0,45,2,10.932476501055055,7.380997026664108,0.481165276393027,0.0,6,4,2.7871321013004793
2023-04-15,茄类,16.674,153.079,97.48478,16.674,0.0,34,3,9.180700491783616,5.846514333693175,0.5702861513356241,0.0,6,4,2.7871321013004793
2023-04-15,辣椒类,124.985,819.006,505.76448,124.985,0.0,182,10,6.552834340120814,4.046601432171861,0.6193426632095633,0.0,6,4,2.7871321013004793
2023-04-15,食用菌,71.618,504.89320000000004,327.68236,71.618,0.0,117,8,7.04980870730822,4.575419028735793,0.5408006705029833,0.0,6,4,2.7871321013004793
2023-04-16,水生根茎类,16.458,192.3828,125.6645,16.458,0.0,35,3,11.689318264673716,7.635466034755135,0.5309240079736124,0.0,7,4,2.7898699520876113
2023-04-16,花叶类,175.215,829.8538,588.7799,175.215,0.0,271,17,4.7362029506606165,3.360328168250435,0.40944655209867054,0.0,7,4,2.7898699520876113
2023-04-16,花菜类,23.472,243.264,164.36159999999998,23.472,0.0,50,2,10.3640081799591,7.0024539877300604,0.48005373517902017,0.0,7,4,2.7898699520876113
2023-04-16,茄类,20.902,189.941,114.77925,20.902,0.0,42,3,9.087216534302938,5.4913046598411634,0.6548374379515463,0.0,7,4,2.7898699520876113
2023-04-16,辣椒类,117.274,837.8754,512.10434,117.274,0.0,184,10,7.144596415232703,4.366733802888961,0.6361419627882867,0.0,7,4,2.7898699520876113
2023-04-16,食用菌,64.717,433.5838,275.43046,64.717,0.0,94,8,6.69968941700017,4.255921318973376,0.5742042474169342,0.0,7,4,2.7898699520876113
2023-04-17,水生根茎类,6.313,85.8424,56.33256,6.313,0.0,13,3,13.597718992555045,8.923263107872645,0.5238505049300084,0.0,1,4,2.7926078028747434
2023-04-17,花叶类,89.884,395.7244,285.43124,89.884,0.0,144,15,4.40261225579636,3.17555115482177,0.38640885980105066,0.0,1,4,2.7926078028747434
2023-04-17,花菜类,13.52,149.824,97.0752,13.52,0.0,31,2,11.08165680473373,7.180118343195266,0.5433808016877639,0.0,1,4,2.7926078028747434
2023-04-17,茄类,9.19,81.884,47.18215,9.19,0.0,20,3,8.910119695321002,5.134075081610447,0.7354868313546543,0.0,1,4,2.7926078028747434
2023-04-17,辣椒类,62.456,464.6658,268.71309,62.456,0.0,89,9,7.439890482899961,4.302438356603049,0.7292265144210128,0.0,1,4,2.7926078028747434
2023-04-17,食用菌,37.144999999999996,252.8386,157.85497,37.144999999999996,0.0,55,8,6.806800376901334,4.249696325212008,0.601714535817276,0.0,1,4,2.7926078028747434
2023-04-18,水生根茎类,15.097,139.608,90.46704,15.097,0.0,20,3,9.247400145724317,5.992385242101079,0.5431918630254733,0.0,2,4,2.7953456536618755
2023-04-18,花叶类,151.76,640.082,449.06871,151.76,0.0,200,14,4.217725355824987,2.959071626251977,0.42535426260270937,0.0,2,4,2.7953456536618755
2023-04-18,花菜类,16.779,178.784,114.79935,16.779,0.0,38,2,10.655223791644318,6.841846951546576,0.5573607341853417,0.0,2,4,2.7953456536618755
2023-04-18,茄类,16.152,135.032,73.7254,16.152,0.0,33,3,8.360079247152056,4.564474987617632,0.8315533045598942,0.0,2,4,2.7953456536618755
2023-04-18,辣椒类,64.228,522.7536,327.83829000000003,64.228,0.0,115,11,8.139029706669989,5.104289250794047,0.5945471165067386,0.0,2,4,2.7953456536618755
2023-04-18,食用菌,55.497,351.3832,217.77517,55.497,0.0,82,9,6.331571075914013,3.924089049858551,0.6135136067165048,0.0,2,4,2.7953456536618755
2023-04-19,水生根茎类,12.216,123.2812,80.43108,12.216,0.0,15,4,10.091781270464965,6.584076620825147,0.5327557456644871,0.0,3,4,2.7980835044490076
2023-04-19,花叶类,126.971,547.667,382.51342999999997,126.971,0.0,173,14,4.313323514818345,3.012604689259752,0.4317588796816889,0.0,3,4,2.7980835044490076
2023-04-19,花菜类,19.103,206.372,133.47692,19.103,0.0,41,2,10.803119928806993,6.987222949274983,0.5461249780111797,0.0,3,4,2.7980835044490076
2023-04-19,茄类,13.945,123.932,64.40487,13.945,0.0,28,2,8.887199713158838,4.6184919325923275,0.92426442286119,0.0,3,4,2.7980835044490076
2023-04-19,辣椒类,68.93599999999999,483.41020000000003,293.84665,68.93599999999999,0.0,105,11,7.0124492282697,4.262600818150169,0.6451104683344187,0.0,3,4,2.7980835044490076
2023-04-19,食用菌,40.628,276.3568,178.00416,40.628,0.0,71,8,6.802126612188639,4.38131731810574,0.5525300082874467,0.0,3,4,2.7980835044490076
2023-04-20,水生根茎类,12.171,132.9264,88.0648,12.171,0.0,21,4,10.921567660833128,7.2356256675704556,0.5094157938245472,0.0,4,4,2.8008213552361396
2023-04-20,花叶类,103.475,483.0106,354.80895,103.475,0.0,170,16,4.667896593380044,3.42893404203914,0.36132586283406876,0.0,4,4,2.8008213552361396
2023-04-20,花菜类,17.143,180.136,120.23649999999999,17.143,0.0,39,2,10.507845767951933,7.013737385521787,0.49818066893164725,0.0,4,4,2.8008213552361396
2023-04-20,茄类,10.307,86.816,44.633500000000005,10.307,0.0,25,3,8.423013485980402,4.330406519840885,0.9450860900444733,0.0,4,4,2.8008213552361396
2023-04-20,辣椒类,55.03,362.819,234.81873000000002,55.03,0.0,92,9,6.593112847537707,4.267103943303653,0.5451024711699959,0.0,4,4,2.8008213552361396
2023-04-20,食用菌,31.68,254.19080000000002,169.64478,31.68,0.0,62,7,8.023699494949495,5.354948863636364,0.4983708900444801,0.0,4,4,2.8008213552361396
2023-04-21,水生根茎类,25.82,223.4644,146.47119,25.82,0.0,37,4,8.654701781564679,5.672780402788536,0.5256542941994258,0.0,5,4,2.8035592060232717
2023-04-21,花叶类,192.551,840.9882,587.05042,192.551,0.0,254,16,4.36761273636595,3.04880483612134,0.43256553670466635,0.0,5,4,2.8035592060232717
2023-04-21,花菜类,25.29,267.636,178.88201999999998,25.29,0.0,56,2,10.582680901542112,7.073231316725979,0.4961593121544581,0.0,5,4,2.8035592060232717
2023-04-21,茄类,30.95,255.632,133.16306,30.95,0.0,57,3,8.25951534733441,4.302522132471728,0.9196915420838183,0.0,5,4,2.8035592060232717
2023-04-21,辣椒类,97.443,596.1572,362.43952,97.443,0.0,141,9,6.118009502991493,3.719502888868364,0.644846014584723,0.0,5,4,2.8035592060232717
2023-04-21,食用菌,68.527,398.1286,258.30069000000003,68.527,0.0,109,7,5.809806353700002,3.7693272724619495,0.5413377331667213,0.0,5,4,2.8035592060232717
2023-04-22,水生根茎类,25.397000000000002,207.7816,131.58645,25.397000000000002,0.0,42,4,8.181344253258258,5.181180848131669,0.5790501225620113,0.0,6,4,2.8062970568104038
2023-04-22,花叶类,302.374,1406.1246,983.59917,302.374,0.0,433,15,4.650282762406821,3.2529224404214645,0.4295707467910941,0.0,6,4,2.8062970568104038
2023-04-22,花菜类,38.079,397.392,264.30521999999996,38.079,0.0,84,2,10.435988340029937,6.940970613724099,0.5035344364367833,0.0,6,4,2.8062970568104038
2023-04-22,茄类,39.651,326.304,165.02161999999998,39.651,0.0,76,3,8.22940152833472,4.161852664497742,0.9773409084215754,0.0,6,4,2.8062970568104038
2023-04-22,辣椒类,174.589,1165.2192,641.3671400000001,174.589,0.0,253,9,6.674069958588456,3.673582757218382,0.8167740866799005,0.0,6,4,2.8062970568104038
2023-04-22,食用菌,133.568,771.8276000000001,485.4954,133.568,0.0,198,9,5.778536775275515,3.6348182199329178,0.5897732501687967,0.0,6,4,2.8062970568104038
2023-04-23,水生根茎类,10.291,109.7128,70.04139,10.291,0.0,23,3,10.661043630356621,6.806082013409776,0.5663995246239399,0.0,7,4,2.809034907597536
2023-04-23,花叶类,243.486,994.4682,681.37106,243.486,0.0,316,14,4.08429314211084,2.7983993330212007,0.4595104758338282,0.0,7,4,2.809034907597536
2023-04-23,花菜类,21.763,257.2008,175.73739999999998,21.763,0.0,47,2,11.818260350135551,8.07505399071819,0.46355186772991996,0.0,7,4,2.809034907597536
2023-04-23,茄类,21.876,166.114,77.53981,21.876,0.0,46,3,7.593435728652405,3.5445149936002927,1.1423059973966923,0.0,7,4,2.809034907597536
2023-04-23,辣椒类,148.222,966.5494,511.78297000000003,148.222,0.0,184,9,6.520957752560348,3.4528138198108245,0.8885923460876393,0.0,7,4,2.809034907597536
2023-04-23,食用菌,71.715,372.083,238.73555,71.715,0.0,105,7,5.188356689674405,3.3289486160496407,0.5585571566530414,0.0,7,4,2.809034907597536
2023-04-24,水生根茎类,12.517,103.5824,66.70435,12.517,0.0,22,3,8.275337540944317,5.329100423424144,0.5528582468759533,0.0,1,4,2.811772758384668
2023-04-24,花叶类,169.83,715.5634,487.98014,169.83,0.0,213,11,4.213409880468704,2.873344756521227,0.4663781194046135,0.0,1,4,2.811772758384668
2023-04-24,花菜类,16.823,177.2712,119.2387,16.823,0.0,38,2,10.537430898175117,7.087838078820662,0.4866918206924431,0.0,1,4,2.811772758384668
2023-04-24,茄类,25.565,175.724,105.0042,25.565,0.0,49,3,6.8736162722472125,4.1073420692352824,0.6734949649633062,0.0,1,4,2.811772758384668
2023-04-24,辣椒类,71.562,496.3434,263.28465,71.562,0.0,133,7,6.935851429529638,3.6791125178167183,0.8851968772201493,0.0,1,4,2.811772758384668
2023-04-24,食用菌,56.294,372.63640000000004,235.82524,56.294,0.0,88,8,6.619469215191673,4.189171847799055,0.5801379021176869,0.0,1,4,2.811772758384668
2023-04-25,水生根茎类,9.321,77.2244,49.80901,9.321,0.0,15,3,8.284990880806781,5.343741014912563,0.5504102571000709,0.0,2,4,2.8145106091718
2023-04-25,花叶类,146.007,608.0146,417.00205,146.007,0.0,195,12,4.164283904196374,2.8560414911613825,0.458061417204064,0.0,2,4,2.8145106091718
2023-04-25,花菜类,15.89,158.16,105.095,15.89,0.0,36,2,9.953429830081811,6.613908118313405,0.5049241162757503,0.0,2,4,2.8145106091718
2023-04-25,茄类,19.3,117.912,79.99446999999999,19.3,0.0,37,3,6.109430051813471,4.144791191709844,0.47400189038067264,0.0,2,4,2.8145106091718
2023-04-25,辣椒类,68.902,435.57460000000003,231.22159,68.902,0.0,80,8,6.3216539432817624,3.3558037502539837,0.8837972699694696,0.0,2,4,2.8145106091718
2023-04-25,食用菌,50.409,270.53000000000003,175.20212,50.409,0.0,71,6,5.3667003908032305,3.4756118947013435,0.5441023202230659,0.0,2,4,2.8145106091718
2023-04-26,水生根茎类,4.702,84.04920000000001,58.73834,4.702,0.0,14,4,17.875202041684393,12.492203317737133,0.43090867055487125,0.0,3,4,2.817248459958932
2023-04-26,花叶类,126.458,549.2774,391.04542,126.458,0.0,186,13,4.343555963244714,3.092294833067105,0.40463836656110197,0.0,3,4,2.817248459958932
2023-04-26,花菜类,21.236,203.6784,142.1642,21.236,0.0,48,2,9.591184780561312,6.6944904878508185,0.4326982461125941,0.0,3,4,2.817248459958932
2023-04-26,茄类,18.526,111.156,77.29856,18.526,0.0,35,2,6.0,4.172436575623448,0.4380086770051086,0.0,3,4,2.817248459958932
2023-04-26,辣椒类,44.622,245.9984,144.62315999999998,44.622,0.0,45,8,5.512939805477119,3.241073013311819,0.7009613121439198,0.0,3,4,2.817248459958932
2023-04-26,食用菌,41.674,222.2646,140.83062,41.674,0.0,55,8,5.333411719537361,3.3793401161395598,0.5782405843274705,0.0,3,4,2.817248459958932
2023-04-27,水生根茎类,10.343,150.518,108.42961,10.343,0.0,20,4,14.552644300493087,10.483381030648747,0.38816325171694355,0.0,4,4,2.8199863107460645
2023-04-27,花叶类,106.949,470.9916,323.03475,106.949,0.0,159,13,4.403889704438564,3.020456011743915,0.4580214667307465,0.0,4,4,2.8199863107460645
2023-04-27,花菜类,14.24,145.2768,102.20617999999999,14.24,0.0,35,2,10.202022471910112,7.177400280898875,0.42140915549333724,0.0,4,4,2.8199863107460645
2023-04-27,茄类,18.48,114.274,78.7256,18.48,0.0,38,3,6.183658008658009,4.26004329004329,0.4515481622242319,0.0,4,4,2.8199863107460645
2023-04-27,辣椒类,60.639,358.6014,195.75200999999998,60.639,0.0,67,9,5.913708999158957,3.228153663483896,0.8319168216970034,0.0,4,4,2.8199863107460645
2023-04-27,食用菌,40.983,271.3494,175.70905,40.983,0.0,66,9,6.621023351145597,4.2873642729912405,0.5443108934912573,0.0,4,4,2.8199863107460645
2023-04-28,水生根茎类,13.908999999999999,128.5204,86.80284999999999,13.908999999999999,0.0,19,4,9.240089150909483,6.240768567114817,0.4806011553768108,0.0,5,4,2.8227241615331966
2023-04-28,花叶类,134.339,593.574,401.70995,134.339,0.0,183,13,4.418478624971155,2.990270509680733,0.47761836618684717,0.0,5,4,2.8227241615331966
2023-04-28,花菜类,22.806,229.644,167.41673999999998,22.806,0.0,53,2,10.069455406471981,7.34090765588003,0.3716907879104565,0.0,5,4,2.8227241615331966
2023-04-28,茄类,22.141000000000002,163.365,92.85941,22.141000000000002,0.0,44,3,7.378393026511901,4.194002529244388,0.7592724313023311,0.0,5,4,2.8227241615331966
2023-04-28,辣椒类,66.22,403.4788,210.7899,66.22,0.0,75,9,6.093005134400483,3.1831757777106615,0.914127764186045,0.0,5,4,2.8227241615331966
2023-04-28,食用菌,54.207,362.8158,235.93856,54.207,0.0,88,8,6.693154020698434,4.352547825926541,0.5377554224286187,0.0,5,4,2.8227241615331966
2023-04-29,水生根茎类,23.006,186.1576,121.72222,23.006,0.0,39,4,8.091697817960531,5.290890202555855,0.5293641538907192,0.0,6,4,2.8254620123203287
2023-04-29,花叶类,152.554,756.567,515.14084,152.554,0.0,210,13,4.959338988161569,3.3767770101078964,0.46866049292461454,0.0,6,4,2.8254620123203287
2023-04-29,花菜类,27.577,266.744,206.5565,27.577,0.0,66,2,9.672698263045291,7.490172970228813,0.29138516580209295,0.0,6,4,2.8254620123203287
2023-04-29,茄类,37.234,270.513,155.52333000000002,37.234,0.0,69,3,7.265214588816672,4.176917065048075,0.7393724787142864,0.0,6,4,2.8254620123203287
2023-04-29,辣椒类,139.565,828.1078,477.2335,139.565,0.0,215,10,5.93349192132698,3.4194353885286426,0.7352256285445176,0.0,6,4,2.8254620123203287
2023-04-29,食用菌,102.08,519.4204,337.89938,102.08,0.0,127,7,5.088365987460815,3.3101428291536052,0.5372043594752969,0.0,6,4,2.8254620123203287
2023-04-30,水生根茎类,16.389,201.184,143.20943,16.389,0.0,34,4,12.275550674232717,8.73814326682531,0.4048236907304219,0.0,7,4,2.8281998631074607
2023-04-30,花叶类,117.666,602.2892,421.10684,117.666,0.0,178,13,5.118634099909915,3.578831948056363,0.43025271211457894,0.0,7,4,2.8281998631074607
2023-04-30,花菜类,24.85,253.869,192.09617,24.85,0.0,50,2,10.216056338028169,7.730228169014084,0.3215724186484301,0.0,7,4,2.8281998631074607
2023-04-30,茄类,43.783,315.075,196.05332,43.783,0.0,83,3,7.196286229815224,4.4778411712308435,0.6070883165865282,0.0,7,4,2.8281998631074607
2023-04-30,辣椒类,94.994,663.5204,395.21109,94.994,0.0,164,10,6.984866412615534,4.1603794976524835,0.678901267674447,0.0,7,4,2.8281998631074607
2023-04-30,食用菌,74.877,371.9912,242.9032,74.877,0.0,95,8,4.9680302362541235,3.2440295417818557,0.531438037868583,0.0,7,4,2.8281998631074607
2023-05-01,水生根茎类,22.254,255.1604,182.6158,22.254,0.0,43,5,11.46582187471915,8.20597645367125,0.39725259260151646,0.0,1,5,2.830937713894593
2023-05-01,花叶类,160.855,820.6678,588.6683800000001,160.855,0.0,230,14,5.101910416213361,3.6596212738180354,0.3941088529334633,0.0,1,5,2.830937713894593
2023-05-01,花菜类,29.389,293.397,227.95018,29.389,0.0,66,2,9.98322501616251,7.756309503555752,0.287110192235865,0.0,1,5,2.830937713894593
2023-05-01,茄类,31.862000000000002,254.89600000000002,157.84598,31.862000000000002,0.0,68,3,8.0,4.954051220890088,0.6148399851551494,0.0,1,5,2.830937713894593
2023-05-01,辣椒类,112.583,763.8788,447.45393,112.583,0.0,179,10,6.785027934945773,3.9744360160947925,0.7071674842592173,0.0,1,5,2.830937713894593
2023-05-01,食用菌,66.907,342.228,219.10675999999998,66.907,0.0,86,7,5.114980495314392,3.2747957612805836,0.5619235116251093,0.0,1,5,2.830937713894593
2023-05-02,水生根茎类,20.191,203.09,141.49565,20.191,0.0,45,4,10.058441880045565,7.00785746124511,0.4353091420124928,0.0,2,5,2.833675564681725
2023-05-02,花叶类,178.091,926.2094,674.15391,178.091,0.0,256,14,5.2007647775575405,3.7854462606195707,0.3738841921127476,0.0,2,5,2.833675564681725
2023-05-02,花菜类,21.64,227.601,161.88702,21.64,0.0,46,2,10.51760628465804,7.480915896487986,0.4059249469166828,0.0,2,5,2.833675564681725
2023-05-02,茄类,35.967,287.736,193.22134,35.967,0.0,75,3,8.0,5.372183946395307,0.48915228514614384,0.0,2,5,2.833675564681725
2023-05-02,辣椒类,83.825,641.1198,387.05307,83.825,0.0,135,10,7.6483125559200715,4.617394214136594,0.6564131631871568,0.0,2,5,2.833675564681725
2023-05-02,食用菌,48.197,312.4904,205.52192,48.197,0.0,80,7,6.483606863497728,4.26420565595369,0.5204723661592885,0.0,2,5,2.833675564681725
2023-05-03,水生根茎类,11.586,108.98440000000001,73.37644,11.586,0.0,19,3,9.40655964094597,6.3331986880718105,0.48527783577398975,0.0,3,5,2.836413415468857
2023-05-03,花叶类,239.366,1208.4628,863.93228,239.366,0.0,338,14,5.048598380722408,3.609252274759155,0.3987934332075196,0.0,3,5,2.836413415468857
2023-05-03,花菜类,32.371,336.015,216.39752000000001,32.371,0.0,70,2,10.380124185227517,6.684919217818417,0.5527673330082525,0.0,3,5,2.836413415468857
2023-05-03,茄类,22.717,181.736,120.62727,22.717,0.0,44,1,8.0,5.3100000000000005,0.5065913370998116,0.0,3,5,2.836413415468857
2023-05-03,辣椒类,92.31,697.509,389.55644,92.31,0.0,172,8,7.556158596035099,4.220089264435056,0.7905210346413476,0.0,3,5,2.836413415468857
2023-05-03,食用菌,68.027,391.4384,256.55,68.027,0.0,102,8,5.7541623179031856,3.7712966910197423,0.525778210875073,0.0,3,5,2.836413415468857
2023-05-04,水生根茎类,9.037,92.9884,65.06786,9.037,0.0,24,4,10.28974217107447,7.200161558039171,0.4290987900939114,0.0,4,5,2.839151266255989
2023-05-04,花叶类,108.428,601.5344,424.93014,108.428,0.0,166,10,5.547777326889734,3.919007451949681,0.41560775142944695,0.0,4,5,2.839151266255989
2023-05-04,花菜类,32.116,330.51300000000003,222.13631999999998,32.116,0.0,71,2,10.291225557354592,6.916687009590235,0.48788365630618213,0.0,4,5,2.839151266255989
2023-05-04,茄类,25.655,205.24,149.05554999999998,25.655,0.0,56,1,8.0,5.809999999999999,0.3769363166953532,0.0,4,5,2.839151266255989
2023-05-04,辣椒类,74.257,544.127,351.94465,74.257,0.0,146,7,7.327618945015284,4.739548460077838,0.5460584498159011,0.0,4,5,2.839151266255989
2023-05-04,食用菌,41.728,201.5118,131.84085,41.728,0.0,55,8,4.829174654907975,3.159529572469325,0.5284473666545688,0.0,4,5,2.839151266255989
2023-05-05,水生根茎类,13.454,107.6232,71.96589,13.454,0.0,28,4,7.999345919429166,5.349033001337892,0.49547514801804016,0.0,5,5,2.841889117043121
2023-05-05,花叶类,108.371,660.4214,460.77803,108.371,0.0,185,13,6.094078674184053,4.251857323453692,0.4332744987863246,0.0,5,5,2.841889117043121
2023-05-05,花菜类,28.675,296.607,205.15166,28.675,0.0,57,2,10.343748910200524,7.154373496076722,0.4457938093213578,0.0,5,5,2.841889117043121
2023-05-05,茄类,22.324,178.592,130.37216,22.324,0.0,46,1,8.0,5.84,0.36986301369863006,0.0,5,5,2.841889117043121
2023-05-05,辣椒类,65.977,530.4982,344.50443,65.977,0.0,134,7,8.04065356108947,5.221583733725389,0.5398878905562987,0.0,5,5,2.841889117043121
2023-05-05,食用菌,47.686,251.6106,167.57685,47.686,0.0,68,5,5.27640397600973,3.5141729228704444,0.5014639551942883,0.0,5,5,2.841889117043121
2023-05-06,水生根茎类,17.781,146.7472,99.44632,17.781,0.0,36,3,8.253034137562567,5.592841797424217,0.4756423364886704,0.0,6,5,2.844626967830253
2023-05-06,花叶类,160.743,895.5712,614.42982,160.743,0.0,225,15,5.571447590252764,3.8224359381123905,0.4575646735374921,0.0,6,5,2.844626967830253
2023-05-06,花菜类,32.256,319.332,196.62944,32.256,0.0,69,2,9.899925595238095,6.095902777777777,0.6240294434037956,0.0,6,5,2.844626967830253
2023-05-06,茄类,23.097,184.776,149.43759,23.097,0.0,46,1,8.0,6.47,0.2364760432766615,0.0,6,5,2.844626967830253
2023-05-06,辣椒类,91.505,670.8476,420.27471,91.505,0.0,179,9,7.33126714387192,4.592915250532759,0.5962121537125085,0.0,6,5,2.844626967830253
2023-05-06,食用菌,79.697,407.5262,256.6481,79.697,0.0,110,8,5.113444671694041,3.220298129164209,0.5878792790595373,0.0,6,5,2.844626967830253
2023-05-07,水生根茎类,18.818,161.2712,107.20315,18.818,0.0,42,4,8.57004995217345,5.696840790732277,0.5043513180349646,0.0,7,5,2.847364818617385
2023-05-07,花叶类,234.132,1234.3029999999999,835.35986,234.132,0.0,331,15,5.271825295132659,3.5679012693694157,0.4775703970262586,0.0,7,5,2.847364818617385
2023-05-07,花菜类,54.158,570.003,350.70392,54.158,0.0,113,2,10.524816278296836,6.47556999889213,0.6253111741665165,0.0,7,5,2.847364818617385
2023-05-07,茄类,39.966,319.728,248.58852,39.966,0.0,83,1,8.0,6.22,0.2861736334405145,0.0,7,5,2.847364818617385
2023-05-07,辣椒类,128.833,911.774,534.11574,128.833,0.0,236,10,7.077177431248205,4.14579913531471,0.7070719541049286,0.0,7,5,2.847364818617385
2023-05-07,食用菌,91.612,484.8232,313.01464,91.612,0.0,129,8,5.292136401344802,3.416742784788019,0.5488834643644782,0.0,7,5,2.847364818617385
2023-05-08,水生根茎类,9.134,125.03760000000001,83.57702,9.134,0.0,20,5,13.689248959929932,9.150100722574996,0.49607631380013295,0.0,1,5,2.8501026694045173
2023-05-08,花叶类,141.689,820.2662,553.81016,141.689,0.0,211,13,5.78920170231987,3.9086320038958564,0.4811324515967712,0.0,1,5,2.8501026694045173
2023-05-08,花菜类,17.863,202.356,134.64434,17.863,0.0,40,2,11.328220343727258,7.53761070368919,0.5028927320673116,0.0,1,5,2.8501026694045173
2023-05-08,茄类,21.757,174.056,131.41228,21.757,0.0,43,1,8.0,6.04,0.32450331125827825,0.0,1,5,2.8501026694045173
2023-05-08,辣椒类,81.984,625.736,359.74396,81.984,0.0,146,9,7.632416081186573,4.387977654176425,0.7393926502615913,0.0,1,5,2.8501026694045173
2023-05-08,食用菌,48.873,309.6048,198.7978,48.873,0.0,74,8,6.334884291940336,4.067640619564995,0.557385443903303,0.0,1,5,2.8501026694045173
2023-05-09,水生根茎类,7.406,106.79,68.02854,7.406,0.0,16,5,14.419389684039968,9.185598163651095,0.5697823295928444,0.0,2,5,2.8528405201916494
2023-05-09,花叶类,134.554,665.398,437.43331,134.554,0.0,194,12,4.9452115879126595,3.250987038661058,0.5211415884172148,0.0,2,5,2.8528405201916494
2023-05-09,花菜类,25.81,257.9568,167.88196,25.81,0.0,60,2,9.994451762882603,6.5045315769081755,0.5365367428400285,0.0,2,5,2.8528405201916494
2023-05-09,茄类,17.224,137.792,104.03296,17.224,0.0,31,1,8.0,6.04,0.32450331125827825,0.0,2,5,2.8528405201916494
2023-05-09,辣椒类,81.721,630.7936,364.77754,81.721,0.0,135,9,7.71886785526364,4.463694032133723,0.7292555895848194,0.0,2,5,2.8528405201916494
2023-05-09,食用菌,47.461,287.53860000000003,185.29845,47.461,0.0,77,8,6.058418490971535,3.904225574682371,0.5517593374364438,0.0,2,5,2.8528405201916494
2023-05-10,水生根茎类,10.336,81.3416,51.03916,10.336,0.0,19,5,7.8697368421052625,4.937999226006192,0.5937096143431826,0.0,3,5,2.855578370978782
2023-05-10,花叶类,146.834,774.6214,507.01434,146.834,0.0,221,13,5.2754906901671275,3.4529764223544954,0.5278096473563254,0.0,3,5,2.855578370978782
2023-05-10,花菜类,26.422,264.2208,171.98587,26.422,0.0,55,2,10.000030277798803,6.509191961244418,0.5362936501702145,0.0,3,5,2.855578370978782
2023-05-10,茄类,28.106,224.848,160.76632,28.106,0.0,55,1,8.0,5.72,0.39860139860139876,0.0,3,5,2.855578370978782
2023-05-10,辣椒类,87.29,628.0656,317.4477,87.29,0.0,134,9,7.195160957727116,3.6367017986023598,0.9784852748972508,0.0,3,5,2.855578370978782
2023-05-10,食用菌,65.595,313.4464,198.96008,65.595,0.0,85,7,4.778510557207104,3.033159234697767,0.5754235724070877,0.0,3,5,2.855578370978782
2023-05-11,水生根茎类,9.518,145.5552,97.54654,9.518,0.0,16,4,15.292624500945577,10.248638369405336,0.4921615876893226,0.0,4,5,2.858316221765914
2023-05-11,花叶类,148.549,761.3816,501.26759999999996,148.549,0.0,232,13,5.125457593117423,3.3744259469939206,0.5189124531487774,0.0,4,5,2.858316221765914
2023-05-11,花菜类,21.514,217.8624,142.64843,21.514,0.0,45,2,10.126540857116296,6.630493167239937,0.5272681234556875,0.0,4,5,2.858316221765914
2023-05-11,茄类,13.908,111.264,63.83772,13.908,0.0,31,1,8.0,4.59,0.7429193899782136,0.0,4,5,2.858316221765914
2023-05-11,辣椒类,74.608,518.1648,269.9879,74.608,0.0,124,9,6.945164057473729,3.6187526806776753,0.9192148981491393,0.0,4,5,2.858316221765914
2023-05-11,食用菌,38.217,265.0074,153.03253,38.217,0.0,59,8,6.93428055577361,4.004305152157417,0.7317063241390576,0.0,4,5,2.858316221765914
2023-05-12,水生根茎类,16.347,284.1632,196.40534000000002,16.347,0.0,39,5,17.383201810729798,12.014763565180155,0.4468201322835723,0.0,5,5,2.861054072553046
2023-05-12,花叶类,133.706,731.074,480.64366,133.706,0.0,220,12,5.467772575651056,3.5947800397887906,0.5210311938786418,0.0,5,5,2.861054072553046
2023-05-12,花菜类,21.102,197.72,153.47732,21.102,0.0,47,2,9.369727987868448,7.273117240072031,0.2882685207169371,0.0,5,5,2.861054072553046
2023-05-12,茄类,24.496,171.472,110.47695999999999,24.496,0.0,46,1,7.000000000000001,4.51,0.552106430155211,0.0,5,5,2.861054072553046
2023-05-12,辣椒类,80.974,616.0864,316.56331,80.974,0.0,154,8,7.6084471558771956,3.909443895571418,0.9461712097968651,0.0,5,5,2.861054072553046
2023-05-12,食用菌,61.741,358.8488,205.90962,61.741,0.0,87,6,5.812163716169158,3.3350548258045705,0.7427490760266566,0.0,5,5,2.861054072553046
2023-05-13,水生根茎类,20.655,362.9852,243.30772,20.655,0.0,42,5,17.57372064875333,11.779603969983054,0.49187703538547844,0.0,6,5,2.863791923340178
2023-05-13,花叶类,170.984,936.0536,621.82295,170.984,0.0,270,16,5.474509895662751,3.6367317994666166,0.5053378136011222,0.0,6,5,2.863791923340178
2023-05-13,花菜类,44.556,391.6292,285.71376999999995,44.556,0.0,92,2,8.789595116258193,6.412464539007091,0.3707046741219371,0.0,6,5,2.863791923340178
2023-05-13,茄类,33.208,232.45600000000002,152.09264000000002,33.208,0.0,64,1,7.000000000000001,4.580000000000001,0.5283842794759823,0.0,6,5,2.863791923340178
2023-05-13,辣椒类,123.703,907.172,450.91913999999997,123.703,0.0,212,8,7.333468064638691,3.645175460578967,1.0118285509016096,0.0,6,5,2.863791923340178
2023-05-13,食用菌,82.193,572.1416,324.01117,82.193,0.0,124,8,6.960952879198959,3.9420774275181585,0.7658082590177371,0.0,6,5,2.863791923340178
2023-05-14,水生根茎类,15.86,178.3172,113.47585000000001,15.86,0.0,29,4,11.243203026481716,7.154845523329131,0.5714110094791094,0.0,7,5,2.86652977412731
2023-05-14,花叶类,186.781,1014.544,665.87782,186.781,0.0,304,14,5.431730208104678,3.5650190329851537,0.5236188524795735,0.0,7,5,2.86652977412731
2023-05-14,花菜类,43.642,374.47,262.55429,43.642,0.0,81,2,8.580495852619038,6.016092067274643,0.42625740375447707,0.0,7,5,2.86652977412731
2023-05-14,茄类,32.974000000000004,230.818,151.6804,32.974000000000004,0.0,60,1,7.0,4.6,0.5217391304347827,0.0,7,5,2.86652977412731
2023-05-14,辣椒类,92.731,693.9732,363.89752,92.731,0.0,178,8,7.483723889529931,3.924227281060271,0.9070566900263568,0.0,7,5,2.86652977412731
2023-05-14,食用菌,79.606,511.3972,283.6666,79.606,0.0,112,8,6.4241037107755705,3.5633821571238355,0.8028107644678646,0.0,7,5,2.86652977412731
2023-05-15,水生根茎类,7.475,73.4192,46.33279,7.475,0.0,16,4,9.821966555183947,6.198366555183947,0.5846056324257614,0.0,1,5,2.869267624914442
2023-05-15,花叶类,146.336,736.159,484.40084,146.336,0.0,216,16,5.030607642685326,3.3101959873168596,0.5197310557925539,0.0,1,5,2.869267624914442
2023-05-15,花菜类,26.535,271.4136,174.92118,26.535,0.0,57,2,10.228513284341435,6.592092707744488,0.5516337129671776,0.0,1,5,2.869267624914442
2023-05-15,茄类,21.584,150.601,100.27463,21.584,0.0,45,2,6.977436990363232,4.645785303928836,0.5018853722023209,0.0,1,5,2.869267624914442
2023-05-15,辣椒类,64.672,469.0092,242.39009000000001,64.672,0.0,116,8,7.252121474517566,3.7479912481444835,0.9349355413003888,0.0,1,5,2.869267624914442
2023-05-15,食用菌,42.725,278.5998,153.36249,42.725,0.0,65,7,6.520767700409596,3.5895258045640728,0.8166097850915175,0.0,1,5,2.869267624914442
2023-05-16,水生根茎类,9.603,97.964,61.50406,9.603,0.0,20,4,10.201395397271686,6.404671456836406,0.5928054180488247,0.0,2,5,2.8720054757015743
2023-05-16,花叶类,171.274,890.102,573.698,171.274,0.0,250,15,5.1969475810689305,3.3495918820136157,0.5515166516180987,0.0,2,5,2.8720054757015743
2023-05-16,花菜类,25.394,271.536,178.14821,25.394,0.0,47,2,10.692919587304088,7.015366228242892,0.5242140238175843,0.0,2,5,2.8720054757015743
2023-05-16,茄类,14.181000000000001,99.267,66.22527,14.181000000000001,0.0,32,1,6.999999999999999,4.669999999999999,0.49892933618843704,0.0,2,5,2.8720054757015743
2023-05-16,辣椒类,69.294,540.4476,282.36032,69.294,0.0,121,7,7.799341934366612,4.07481629001068,0.9140352298793255,0.0,2,5,2.8720054757015743
2023-05-16,食用菌,51.054,291.0142,160.42339,51.054,0.0,66,7,5.700125357464645,3.1422296000313397,0.814038464091801,0.0,2,5,2.8720054757015743
2023-05-17,水生根茎类,12.893,175.1852,109.90105,12.893,0.0,29,5,13.58762118979291,8.524086713720623,0.5940266266791812,0.0,3,5,2.8747433264887063
2023-05-17,花叶类,140.47,737.937,481.89837,140.47,0.0,224,14,5.25334235067986,3.4306141524880758,0.5313125047507423,0.0,3,5,2.8747433264887063
2023-05-17,花菜类,16.59,183.792,121.8567,16.59,0.0,39,2,11.078481012658228,7.345189873417722,0.5082633946266393,0.0,3,5,2.8747433264887063
2023-05-17,茄类,14.296,100.072,61.901680000000006,14.296,0.0,27,1,7.000000000000001,4.330000000000001,0.6166281755196303,0.0,3,5,2.8747433264887063
2023-05-17,辣椒类,63.717,505.9516,275.01268,63.717,0.0,122,8,7.940606117676601,4.316158638981747,0.8397391712993014,0.0,3,5,2.8747433264887063
2023-05-17,食用菌,47.468,297.8438,171.09445,47.468,0.0,69,6,6.274622903851014,3.6044166596443916,0.7408150878067639,0.0,3,5,2.8747433264887063
2023-05-18,水生根茎类,8.812,108.29560000000001,70.19779,8.812,0.0,18,5,12.289559691330005,7.966158647299138,0.5427209318128106,0.0,4,5,2.8774811772758384
2023-05-18,花叶类,103.986,558.926,351.79596,103.986,0.0,174,15,5.375012020848961,3.3831088800415436,0.5887789046809977,0.0,4,5,2.8774811772758384
2023-05-18,花菜类,20.407,224.0952,154.23573,20.407,0.0,44,2,10.981290733571814,7.557981574949771,0.45293960096016694,0.0,4,5,2.8774811772758384
2023-05-18,茄类,11.595,81.165,46.61189999999999,11.595,0.0,24,1,7.0,4.019999999999999,0.741293532338309,0.0,4,5,2.8774811772758384
2023-05-18,辣椒类,53.892,385.6616,221.62281000000002,53.892,0.0,106,8,7.156193869219921,4.112350812736584,0.740171059107138,0.0,4,5,2.8774811772758384
2023-05-18,食用菌,38.756,254.94160000000002,142.5276,38.756,0.0,53,5,6.578119516978017,3.6775621839199095,0.7887174133290675,0.0,4,5,2.8774811772758384
2023-05-19,水生根茎类,9.66,103.8612,68.35289,9.66,0.0,16,5,10.75167701863354,7.0758685300207045,0.5194851307676966,0.0,5,5,2.8802190280629705
2023-05-19,花叶类,121.327,610.326,402.3362,121.327,0.0,178,13,5.030421917627569,3.3161307870465766,0.5169552230199521,0.0,5,5,2.8802190280629705
2023-05-19,花菜类,18.183,189.3624,131.23362999999998,18.183,0.0,38,2,10.414255073420229,7.217380520266182,0.44294111196954655,0.0,5,5,2.8802190280629705
2023-05-19,茄类,15.232,106.624,61.08032,15.232,0.0,26,1,7.0,4.01,0.745635910224439,0.0,5,5,2.8802190280629705
2023-05-19,辣椒类,67.226,542.034,287.23709,67.226,0.0,119,8,8.062862582929224,4.2727083271353345,0.8870613123117213,0.0,5,5,2.8802190280629705
2023-05-19,食用菌,50.947,324.3492,181.0162,50.947,0.0,68,6,6.3664043025104515,3.55302961901584,0.7918241571748825,0.0,5,5,2.8802190280629705
2023-05-20,水生根茎类,11.094,182.85320000000002,119.32049,11.094,0.0,25,6,16.48217054263566,10.755407427438255,0.5324543169408709,0.0,6,5,2.8829568788501025
2023-05-20,花叶类,147.822,722.468,471.23249,147.822,0.0,240,12,4.887418652162736,3.187837331385044,0.5331455604854409,0.0,6,5,2.8829568788501025
2023-05-20,花菜类,24.448,258.1728,187.8604,24.448,0.0,51,2,10.560078534031414,7.684080497382198,0.3742800505055883,0.0,6,5,2.8829568788501025
2023-05-20,茄类,33.825,236.775,133.947,33.825,0.0,65,1,7.0,3.96,0.7676767676767677,0.0,6,5,2.8829568788501025
2023-05-20,辣椒类,86.651,599.6556,310.88514,86.651,0.0,147,8,6.920354064003878,3.587784791866222,0.9288654324230488,0.0,6,5,2.8829568788501025
2023-05-20,食用菌,68.754,438.696,251.0284,68.754,0.0,91,7,6.380661488786107,3.651109753614335,0.7475950928261503,0.0,6,5,2.8829568788501025
2023-05-21,水生根茎类,13.615,232.0232,152.57106000000002,13.615,0.0,29,6,17.041733382298936,11.206100624311423,0.5207549845953747,0.0,7,5,2.8856947296372346
2023-05-21,花叶类,194.446,1073.1488,659.716,194.446,0.0,311,13,5.519006819374016,3.3927980004731393,0.6266829969259498,0.0,7,5,2.8856947296372346
2023-05-21,花菜类,29.13,298.572,221.19654,29.13,0.0,62,2,10.249639546858909,7.593427394438724,0.34980411538082823,0.0,7,5,2.8856947296372346
2023-05-21,茄类,38.276,267.932,145.06604000000002,38.276,0.0,71,1,7.0,3.79,0.8469656992084433,0.0,7,5,2.8856947296372346
2023-05-21,辣椒类,117.485,826.6532,434.53345,117.485,0.0,197,8,7.036244626973656,3.698629186704686,0.9023925545892957,0.0,7,5,2.8856947296372346
2023-05-21,食用菌,91.559,637.719,356.95101999999997,91.559,0.0,132,8,6.965115390076345,3.89859019866971,0.7865728468852677,0.0,7,5,2.8856947296372346
2023-05-22,水生根茎类,8.411,81.5396,53.30969,8.411,0.0,14,5,9.694400190227084,6.338091784567829,0.5295455666690239,0.0,1,5,2.8884325804243667
2023-05-22,花叶类,134.741,688.119,400.68207,134.741,0.0,208,12,5.106975605049688,2.9737204711260863,0.717369085170195,0.0,1,5,2.8884325804243667
2023-05-22,花菜类,14.031,152.68,115.43775000000001,14.031,0.0,33,2,10.881619271612857,8.227335899080607,0.3226176012612858,0.0,1,5,2.8884325804243667
2023-05-22,茄类,25.981,180.55180000000001,97.72819,25.981,0.0,52,2,6.949378391901774,3.7615253454447477,0.8474894500757664,0.0,1,5,2.8884325804243667
2023-05-22,辣椒类,87.848,614.1112,320.33144,87.848,0.0,148,8,6.99061105545943,3.6464283762863126,0.9171118513999128,0.0,1,5,2.8884325804243667
2023-05-22,食用菌,53.374,345.75,200.33567,53.374,0.0,83,7,6.477873121744669,3.753431820736688,0.7258534139227428,0.0,1,5,2.8884325804243667
2023-05-23,水生根茎类,14.637,159.81719999999999,104.96646,14.637,0.0,27,5,10.918712850994055,7.171309694609551,0.5225549189712597,0.0,2,5,2.891170431211499
2023-05-23,花叶类,122.592,589.105,354.79731,122.592,0.0,159,10,4.805411446097625,2.8941310199686763,0.6603987217377723,0.0,2,5,2.891170431211499
2023-05-23,花菜类,19.667,213.988,161.09782,19.667,0.0,39,2,10.880561346417856,8.191275741089134,0.32831096038419383,0.0,2,5,2.891170431211499
2023-05-23,茄类,23.022,161.154,79.88634,23.022,0.0,48,1,7.0,3.47,1.0172910662824206,0.0,2,5,2.891170431211499
2023-05-23,辣椒类,59.319,441.1468,220.9689,59.319,0.0,104,8,7.436854970582781,3.7250948262782577,0.9964203107315104,0.0,2,5,2.891170431211499
2023-05-23,食用菌,48.353,317.747,181.92,48.353,0.0,68,7,6.571401981262796,3.7623311893781146,0.7466303869832895,0.0,2,5,2.891170431211499
2023-05-24,水生根茎类,9.414,137.686,89.14425,9.414,0.0,23,6,14.625663904822606,9.469327597195667,0.5445303538927075,0.0,3,5,2.8939082819986313
2023-05-24,花叶类,120.51,613.604,378.50325000000004,120.51,0.0,185,12,5.091726827649158,3.140845158078168,0.6211327115421068,0.0,3,5,2.8939082819986313
2023-05-24,花菜类,15.923,178.796,135.25172,15.923,0.0,35,2,11.228788544872197,8.494110406330465,0.32194991679218576,0.0,3,5,2.8939082819986313
2023-05-24,茄类,15.749,110.243,51.49923,15.749,0.0,30,1,6.999999999999999,3.2699999999999996,1.140672782874618,0.0,3,5,2.8939082819986313
2023-05-24,辣椒类,48.047,378.609,229.46699,48.047,0.0,90,7,7.879971694382584,4.775885903386268,0.6499497378686145,0.0,3,5,2.8939082819986313
2023-05-24,食用菌,38.301,266.555,159.33906,38.301,0.0,54,7,6.959478864781598,4.160180151954257,0.6728792048854815,0.0,3,5,2.8939082819986313
2023-05-25,水生根茎类,13.962,212.8628,139.24169999999998,13.962,0.0,29,6,15.245867354247242,9.97290502793296,0.5287288218974633,0.0,4,5,2.8966461327857633
2023-05-25,花叶类,108.755,577.172,362.62867,108.755,0.0,180,10,5.307084731736472,3.3343632016918763,0.5916336675751535,0.0,4,5,2.8966461327857633
2023-05-25,花菜类,14.078,129.401,112.7393,14.078,0.0,31,2,9.191717573518966,8.008190083818725,0.1477896350252308,0.0,4,5,2.8966461327857633
2023-05-25,茄类,21.865,165.283,84.28961,21.865,0.0,44,2,7.559249942831008,3.855001600731763,0.9608941125721189,0.0,4,5,2.8966461327857633
2023-05-25,辣椒类,64.757,462.1778,257.89898,64.757,0.0,130,8,7.137109501675494,3.9825652825177196,0.7920885146579486,0.0,4,5,2.8966461327857633
2023-05-25,食用菌,35.69,228.36,132.86,35.69,0.0,49,5,6.398430933034464,3.7226113757355006,0.7188017461990064,0.0,4,5,2.8966461327857633
2023-05-26,水生根茎类,20.081,296.9576,190.95867,20.081,0.0,37,6,14.787988645983766,9.509420347592252,0.5550883340358412,0.0,5,5,2.8993839835728954
2023-05-26,花叶类,148.816,762.5774,485.44618,148.816,0.0,248,15,5.124297118589399,3.2620563649069996,0.5708793918205308,0.0,5,5,2.8993839835728954
2023-05-26,花菜类,23.304,246.4064,197.95248,23.304,0.0,53,2,10.57356676965328,8.494356333676622,0.24477551380007978,0.0,5,5,2.8993839835728954
2023-05-26,茄类,18.213,152.022,76.3627,18.213,0.0,42,3,8.346895074946467,4.192757920166914,0.9907886965756842,0.0,5,5,2.8993839835728954
2023-05-26,辣椒类,83.26,622.3418,323.88866,83.26,0.0,145,8,7.474679317799664,3.890087196733125,0.9214683218609754,0.0,5,5,2.8993839835728954
2023-05-26,食用菌,51.098,360.452,210.28,51.098,0.0,70,6,7.054131277153704,4.115229558886845,0.7141525584934374,0.0,5,5,2.8993839835728954
2023-05-27,水生根茎类,23.978,328.3,221.76932,23.978,0.0,51,6,13.691717407623655,9.248866460922512,0.4803670769247974,0.0,6,5,2.9021218343600275
2023-05-27,花叶类,263.537,1337.1152,887.47412,263.537,0.0,397,15,5.073728546655688,3.3675503629471386,0.50665261089529,0.0,6,5,2.9021218343600275
2023-05-27,花菜类,41.279,429.4078,350.70795000000004,41.279,0.0,86,2,10.402572736742654,8.496037936965527,0.22440281151311225,0.0,6,5,2.9021218343600275
2023-05-27,茄类,24.313,170.191,80.71916,24.313,0.0,48,1,7.0,3.3200000000000003,1.108433734939759,0.0,6,5,2.9021218343600275
2023-05-27,辣椒类,127.286,853.0684,480.46685,127.286,0.0,215,8,6.7019813648005275,3.7747030309696274,0.7754989756317214,0.0,6,5,2.9021218343600275
2023-05-27,食用菌,91.754,537.696,315.61,91.754,0.0,118,6,5.860191381302178,3.43974104671186,0.7036722537308704,0.0,6,5,2.9021218343600275
2023-05-28,水生根茎类,22.807,296.5116,194.87630000000001,22.807,0.0,53,6,13.000903231464024,8.544582803525234,0.5215375086657534,0.0,7,5,2.9048596851471595
2023-05-28,花叶类,251.705,1322.8402,870.7271,251.705,0.0,376,15,5.25551816610715,3.459315865795276,0.5192362796563932,0.0,7,5,2.9048596851471595
2023-05-28,花菜类,33.111,377.31719999999996,292.01063999999997,33.111,0.0,70,2,11.39552414605418,8.819142883029809,0.2921351085015258,0.0,7,5,2.9048596851471595
2023-05-28,茄类,38.881,233.286,146.82611,38.881,0.0,76,2,6.0,3.776294591188498,0.5888590932498314,0.0,7,5,2.9048596851471595
2023-05-28,辣椒类,124.518,856.2558,485.89219,124.518,0.0,228,9,6.876562424709681,3.902184342825937,0.7622341285213907,0.0,7,5,2.9048596851471595
2023-05-28,食用菌,84.635,523.84,290.065,84.635,0.0,114,6,6.189401547823005,3.4272464110592544,0.8059400479202938,0.0,7,5,2.9048596851471595
2023-05-29,水生根茎类,12.75,169.808,120.25359999999999,12.75,0.0,24,6,13.31827450980392,9.431654901960783,0.41208246572244,0.0,1,5,2.9075975359342916
2023-05-29,花叶类,132.604,695.3388,447.52434,132.604,0.0,209,16,5.243724171216554,3.374893215890923,0.5537452108191478,0.0,1,5,2.9075975359342916
2023-05-29,花菜类,16.312,214.2842,146.44164,16.312,0.0,39,2,13.136598822952427,8.9775404610103,0.4632736972899236,0.0,1,5,2.9075975359342916
2023-05-29,茄类,28.536,215.766,138.10743,28.536,0.0,69,3,7.5611858704793935,4.839761354079058,0.5623055182476424,0.0,1,5,2.9075975359342916
2023-05-29,辣椒类,59.995,424.80400000000003,257.51829,59.995,0.0,128,9,7.08065672139345,4.2923291940995085,0.6496071016936313,0.0,1,5,2.9075975359342916
2023-05-29,食用菌,40.849,224.776,127.27499999999999,40.849,0.0,55,5,5.502607162966046,3.115743347450366,0.7660656059713222,0.0,1,5,2.9075975359342916
2023-05-30,水生根茎类,8.852,125.03320000000001,89.0344,8.852,0.0,23,5,14.124853140533213,10.058111161319475,0.4043246205960844,0.0,2,5,2.9103353867214237
2023-05-30,花叶类,134.287,695.4639999999999,457.61301,134.287,0.0,223,14,5.178937648469322,3.4077238303037523,0.5197644839686701,0.0,2,5,2.9103353867214237
2023-05-30,花菜类,14.652000000000001,201.923,143.85538,14.652000000000001,0.0,33,2,13.78125853125853,9.818139503139502,0.40365275181227145,0.0,2,5,2.9103353867214237
2023-05-30,茄类,23.886,210.0594,129.15915,23.886,0.0,53,3,8.7942476764632,5.407316001004773,0.6263609662962322,0.0,2,5,2.9103353867214237
2023-05-30,辣椒类,58.897,393.6408,221.3895,58.897,0.0,115,8,6.683545851231812,3.758926600675756,0.7780463843136192,0.0,2,5,2.9103353867214237
2023-05-30,食用菌,38.299,252.876,144.165,38.299,0.0,58,6,6.602678921120656,3.764197498629207,0.7540734574966186,0.0,2,5,2.9103353867214237
2023-05-31,水生根茎类,7.86,121.5896,88.84164,7.86,0.0,18,4,15.46941475826972,11.303007633587786,0.3686104849032503,0.0,3,5,2.9130732375085557
2023-05-31,花叶类,133.132,712.956,467.44126,133.132,0.0,197,13,5.355256437220202,3.5111112279542107,0.5252312130084538,0.0,3,5,2.9130732375085557
2023-05-31,花菜类,16.723,228.404,164.68189999999998,16.723,0.0,43,2,13.658075704120074,9.847629013932906,0.38694051987498335,0.0,3,5,2.9130732375085557
2023-05-31,茄类,17.471,116.2056,67.64736,17.471,0.0,29,2,6.651342224257341,3.8719798523267133,0.7178142650356198,0.0,3,5,2.9130732375085557
2023-05-31,辣椒类,61.96,446.141,238.17059,61.96,0.0,119,7,7.20046804389929,3.8439410910264686,0.8731993736086392,0.0,3,5,2.9130732375085557
2023-05-31,食用菌,42.711,242.064,138.345,42.711,0.0,59,6,5.667486127695441,3.2390953150242328,0.7497126748346523,0.0,3,5,2.9130732375085557
2023-06-01,水生根茎类,9.741,150.5268,108.47387,9.741,0.0,23,6,15.452910378811211,11.135804332204087,0.3876779725845496,0.0,4,6,2.915811088295688
2023-06-01,花叶类,123.982,669.2904,443.24508,123.982,0.0,196,12,5.3982868480908515,3.5750760594279813,0.5099781818221196,0.0,4,6,2.915811088295688
2023-06-01,花菜类,19.364,265.101,192.12572,19.364,0.0,47,2,13.69040487502582,9.921799215038215,0.3798308732427911,0.0,4,6,2.915811088295688
2023-06-01,茄类,18.475,166.3782,106.41554000000001,18.475,0.0,45,3,9.00558592692828,5.759975101488498,0.5634765373553521,0.0,4,6,2.915811088295688
2023-06-01,辣椒类,67.854,493.165,250.01226,67.854,0.0,109,7,7.268031361452531,3.6845618533911044,0.9725632654974601,0.0,4,6,2.915811088295688
2023-06-01,食用菌,37.867,222.508,125.38499999999999,37.867,0.0,52,6,5.876039823593103,3.3111944437108827,0.7745982374287197,0.0,4,6,2.915811088295688
2023-06-02,水生根茎类,11.988,193.018,137.56871,11.988,0.0,25,5,16.100934267600934,11.475534701368035,0.40306614781806105,0.0,5,6,2.91854893908282
2023-06-02,花叶类,144.142,792.086,503.76776,144.142,0.0,224,13,5.495178365778191,3.494940822244731,0.5723237231378204,0.0,5,6,2.91854893908282
2023-06-02,花菜类,16.172,223.033,164.64928,16.172,0.0,49,2,13.791305960920107,10.18113282216176,0.3545944446279994,0.0,5,6,2.91854893908282
2023-06-02,茄类,22.501,200.38459999999998,130.08624,22.501,0.0,55,4,8.905586418381404,5.78135371761255,0.5403981235832473,0.0,5,6,2.91854893908282
2023-06-02,辣椒类,72.847,508.8586,283.72784,72.847,0.0,118,9,6.9853061896852315,3.8948459099207935,0.7934743379430089,0.0,5,6,2.91854893908282
2023-06-02,食用菌,50.385,297.7756,163.74776,50.385,0.0,72,8,5.9100049617941846,3.249930733353181,0.8185018225592824,0.0,5,6,2.91854893908282
2023-06-03,水生根茎类,28.183,404.5774,278.1598,28.183,0.0,59,7,14.355370258666573,9.86977255792499,0.45447832504912644,0.0,6,6,2.921286789869952
2023-06-03,花叶类,202.081,1131.2974,700.5074,202.081,0.0,317,15,5.598237340472385,3.4664683963361225,0.6149685213889247,0.0,6,6,2.921286789869952
2023-06-03,花菜类,33.243,457.14799999999997,328.60056000000003,33.243,0.0,81,2,13.751707126312304,9.884804620521614,0.3911966552948052,0.0,6,6,2.921286789869952
2023-06-03,茄类,39.399,334.3932,203.57393,39.399,0.0,77,4,8.487352470874894,5.166982156907535,0.642613079189462,0.0,6,6,2.921286789869952
2023-06-03,辣椒类,120.664,795.4244,454.83224,120.664,0.0,200,8,6.592060598024266,3.7694112577073526,0.7488302940002669,0.0,6,6,2.921286789869952
2023-06-03,食用菌,77.541,463.684,269.56173,77.541,0.0,111,6,5.979855818212301,3.476376755522885,0.72014031813789,0.0,6,6,2.921286789869952
2023-06-04,水生根茎类,21.047,250.0524,166.70652,21.047,0.0,47,6,11.880667078443484,7.9206784814938,0.4999557305857023,0.0,7,6,2.924024640657084
2023-06-04,花叶类,201.285,1095.1152,710.18196,201.285,0.0,307,15,5.440620016394664,3.5282408525225426,0.5420205830066425,0.0,7,6,2.924024640657084
2023-06-04,花菜类,25.117,346.953,242.23593999999997,25.117,0.0,63,2,13.813472946609865,9.644302265397936,0.43229365551618826,0.0,7,6,2.924024640657084
2023-06-04,茄类,34.741,305.3196,187.62300000000002,34.741,0.0,76,3,8.788451685328575,5.400621743760975,0.62730368878016,0.0,7,6,2.924024640657084
2023-06-04,辣椒类,123.177,777.7682,447.63488,123.177,0.0,197,9,6.3142323648083645,3.6340784399685004,0.737505799369343,0.0,7,6,2.924024640657084
2023-06-04,食用菌,77.926,430.924,246.8256,77.926,0.0,101,6,5.529912994379282,3.1674357723994557,0.7458642863625167,0.0,7,6,2.924024640657084
2023-06-05,水生根茎类,12.58,159.032,115.39249000000001,12.58,0.0,24,5,12.641653418124006,9.172693958664548,0.37818327691862774,0.0,1,6,2.926762491444216
2023-06-05,花叶类,125.623,730.9716,456.57497,125.623,0.0,220,16,5.818772040151883,3.6344854843460195,0.6009892088477824,0.0,1,6,2.926762491444216
2023-06-05,花菜类,22.57,308.696,210.38309999999998,22.57,0.0,56,2,13.677270713336288,9.321360212671687,0.46730417034448135,0.0,1,6,2.926762491444216
2023-06-05,茄类,19.989,160.0238,100.44046,19.989,0.0,42,3,8.005593076191905,5.024786632647956,0.5932205009813776,0.0,1,6,2.926762491444216
2023-06-05,辣椒类,71.575,419.3096,260.96767,71.575,0.0,132,8,5.858324834090115,3.6460729304924904,0.6067492191657302,0.0,1,6,2.926762491444216
2023-06-05,食用菌,39.192,247.208,139.2352,39.192,0.0,56,7,6.307613798734436,3.552643396611553,0.7754705706602929,0.0,1,6,2.926762491444216
2023-06-06,水生根茎类,14.408,185.6728,133.2381,14.408,0.0,30,5,12.886785119378123,9.247508328706274,0.3935413368998808,0.0,2,6,2.9295003422313486
2023-06-06,花叶类,136.393,775.7146,500.53209,136.393,0.0,197,13,5.687349057502951,3.6697784343771307,0.5497799551673102,0.0,2,6,2.9295003422313486
2023-06-06,花菜类,21.351,297.789,211.18149,21.351,0.0,53,2,13.94730925951946,9.890941407896586,0.4101093803249518,0.0,2,6,2.9295003422313486
2023-06-06,茄类,19.081,157.2814,96.85645,19.081,0.0,40,3,8.242827944028091,5.076067816152193,0.6238608786508284,0.0,2,6,2.9295003422313486
2023-06-06,辣椒类,77.188,458.271,281.53419,77.188,0.0,139,8,5.937075711250453,3.6473828833497435,0.6277632212272335,0.0,2,6,2.9295003422313486
2023-06-06,食用菌,40.608,226.792,131.8736,40.608,0.0,54,6,5.584909377462569,3.2474783293932235,0.7197680202860921,0.0,2,6,2.9295003422313486
2023-06-07,水生根茎类,14.142,214.79160000000002,160.10688000000002,14.142,0.0,30,6,15.188205345778535,11.321374628765382,0.3415513437024067,0.0,3,6,2.9322381930184807
2023-06-07,花叶类,123.913,671.528,434.27205,123.913,0.0,193,15,5.4193506734563766,3.5046528612817056,0.5463302323969503,0.0,3,6,2.9322381930184807
2023-06-07,花菜类,11.835,179.892,117.6399,11.835,0.0,32,1,15.2,9.94,0.5291750503018109,0.0,3,6,2.9322381930184807
2023-06-07,茄类,17.873,170.6024,93.93849,17.873,0.0,38,3,9.545258210708889,5.255888211268394,0.8161075401573943,0.0,3,6,2.9322381930184807
2023-06-07,辣椒类,59.815,450.37,246.31996,59.815,0.0,115,8,7.529382261974422,4.118029925603945,0.8283942559912727,0.0,3,6,2.9322381930184807
2023-06-07,食用菌,30.445999999999998,193.304,112.83,30.445999999999998,0.0,49,5,6.349077054457072,3.705905537673258,0.7132322963750775,0.0,3,6,2.9322381930184807
2023-06-08,水生根茎类,9.254,136.19320000000002,99.8277,9.254,0.0,24,6,14.717224983790796,10.787518910741301,0.36428265902149426,0.0,4,6,2.9349760438056127
2023-06-08,花叶类,105.298,571.6952,376.74012,105.298,0.0,158,14,5.429307299283937,3.577846872685141,0.5174789454332605,0.0,4,6,2.9349760438056127
2023-06-08,花菜类,15.446,232.016,155.5559,15.446,0.0,35,2,15.021105787906254,10.070950407872589,0.4915281259020068,0.0,4,6,2.9349760438056127
2023-06-08,茄类,24.509,228.762,138.22237,24.509,0.0,53,4,9.33379574850055,5.639657676771798,0.6550287771798442,0.0,4,6,2.9349760438056127
2023-06-08,辣椒类,73.495,494.6954,278.76771,73.495,0.0,134,8,6.731007551534118,3.793015987482142,0.7745792724702583,0.0,4,6,2.9349760438056127
2023-06-08,食用菌,35.993,206.732,121.015,35.993,0.0,50,6,5.7436723807406995,3.36218153529853,0.7083171507664341,0.0,4,6,2.9349760438056127
2023-06-09,水生根茎类,14.628,174.9096,131.29523,14.628,0.0,35,6,11.957178014766203,8.975610473065354,0.33218548762205624,0.0,5,6,2.937713894592745
2023-06-09,花叶类,112.823,624.7904,406.04374,112.823,0.0,184,15,5.537792825930883,3.5989447187187014,0.5387268376554704,0.0,5,6,2.937713894592745
2023-06-09,花菜类,13.684,203.456,144.39916,13.684,0.0,26,2,14.868167202572348,10.552408652440807,0.4089832655536223,0.0,5,6,2.937713894592745
2023-06-09,茄类,21.798,189.91,121.63714999999999,21.798,0.0,43,3,8.712267180475273,5.580197724561886,0.5612828810934818,0.0,5,6,2.937713894592745
2023-06-09,辣椒类,65.691,411.2024,243.02769,65.691,0.0,116,8,6.259645918010078,3.699558386993652,0.6919981422693029,0.0,5,6,2.937713894592745
2023-06-09,食用菌,42.465,197.93,130.595,42.465,0.0,53,6,4.66101495349111,3.0753561756740844,0.5156016692828975,0.0,5,6,2.937713894592745
2023-06-10,水生根茎类,18.153,213.0464,152.25397999999998,18.153,0.0,41,6,11.736153803778992,8.387262711397565,0.39928296127299956,0.0,6,6,2.940451745379877
2023-06-10,花叶类,212.159,1187.2712,782.00612,212.159,0.0,334,16,5.596138744997855,3.6859436554659477,0.5182377345077556,0.0,6,6,2.940451745379877
2023-06-10,花菜类,26.311,386.48519999999996,275.4826,26.311,0.0,59,2,14.689111018205312,10.470244384477974,0.40293869739867416,0.0,6,6,2.940451745379877
2023-06-10,茄类,38.116,307.584,205.8852,38.116,0.0,78,4,8.069682023297304,5.401542659250708,0.4939587692558767,0.0,6,6,2.940451745379877
2023-06-10,辣椒类,139.832,793.2822,488.11595,139.832,0.0,219,8,5.673109159562904,3.490731377653184,0.6251921290422899,0.0,6,6,2.940451745379877
2023-06-10,食用菌,72.844,367.468,253.47724000000002,72.844,0.0,98,7,5.044588435560925,3.4797270880237225,0.449708068464056,0.0,6,6,2.940451745379877
2023-06-11,水生根茎类,19.931,287.9262,217.70763,19.931,0.0,46,6,14.446149214791028,10.923066077968992,0.32253610036543057,0.0,7,6,2.943189596167009
2023-06-11,花叶类,192.119,1072.5268,720.77109,192.119,0.0,313,14,5.582617023823777,3.751690827039491,0.4880269407031852,0.0,7,6,2.943189596167009
2023-06-11,花菜类,25.002,362.09819999999996,250.62518999999998,25.002,0.0,55,2,14.482769378449722,10.024205663546915,0.44477975258592317,0.0,7,6,2.943189596167009
2023-06-11,茄类,43.303,360.96999999999997,238.16983,43.303,0.0,79,4,8.335912061519988,5.500076899983835,0.5155991839940433,0.0,7,6,2.943189596167009
2023-06-11,辣椒类,114.157,698.135,430.4492,114.157,0.0,195,9,6.115568909484307,3.77067722522491,0.6218754733427312,0.0,7,6,2.943189596167009
2023-06-11,食用菌,57.626,322.172,217.44559999999998,57.626,0.0,77,7,5.590740290840941,3.7733939541179327,0.4816211503015011,0.0,7,6,2.943189596167009
2023-06-12,水生根茎类,10.351,142.9268,101.42996,10.351,0.0,18,5,13.808018548932468,9.799049367210896,0.40911817376246606,0.0,1,6,2.945927446954141
2023-06-12,花叶类,105.231,566.9816,383.41838,105.231,0.0,157,14,5.387971225209301,3.643587726050309,0.47875435705507874,0.0,1,6,2.945927446954141
2023-06-12,花菜类,15.725,219.0704,146.1352,15.725,0.0,33,2,13.931344992050875,9.293176470588236,0.4990939896753144,0.0,1,6,2.945927446954141
2023-06-12,茄类,23.087,175.2404,123.97341,23.087,0.0,44,4,7.590436176203058,5.369836271494781,0.41353214370726743,0.0,1,6,2.945927446954141
2023-06-12,辣椒类,60.416,384.8008,223.54567,60.416,0.0,102,9,6.369186970338983,3.7001070908368647,0.7213520619746292,0.0,1,6,2.945927446954141
2023-06-12,食用菌,23.154,157.28799999999998,107.8524,23.154,0.0,40,7,6.79312429817742,4.658046125939363,0.4583634671087522,0.0,1,6,2.945927446954141
2023-06-13,水生根茎类,10.921,166.0136,118.62578,10.921,0.0,27,6,15.201318560571377,10.862171962274518,0.39947320051341273,0.0,2,6,2.948665297741273
2023-06-13,花叶类,122.404,706.2312,469.31321,122.404,0.0,185,14,5.769674193653802,3.834132953171465,0.5048184985033766,0.0,2,6,2.948665297741273
2023-06-13,花菜类,10.189,154.87279999999998,105.55803999999999,10.189,0.0,27,1,15.199999999999998,10.36,0.4671814671814669,0.0,2,6,2.948665297741273
2023-06-13,茄类,17.659,130.944,93.59315,17.659,0.0,40,2,7.4151424202956,5.300025482756668,0.3990767486723119,0.0,2,6,2.948665297741273
2023-06-13,辣椒类,76.066,420.7476,242.12,76.066,0.0,121,8,5.531349091578366,3.1830252675308284,0.7377647447546671,0.0,2,6,2.948665297741273
2023-06-13,食用菌,41.24,243.88,170.264,41.24,0.0,63,6,5.913676042677012,4.128612997090204,0.4323638584785978,0.0,2,6,2.948665297741273
2023-06-14,水生根茎类,7.284,107.2968,78.0198,7.284,0.0,15,3,14.730477759472818,10.711120263591434,0.37525089784900745,0.0,3,6,2.951403148528405
2023-06-14,花叶类,97.688,580.7948,359.37774,97.688,0.0,154,14,5.945405781672263,3.6788319957415445,0.6161123390669663,0.0,3,6,2.951403148528405
2023-06-14,花菜类,9.175,138.8506,94.81201,9.175,0.0,21,2,15.133580381471386,10.333734059945503,0.4644832442640967,0.0,3,6,2.951403148528405
2023-06-14,茄类,28.361,193.9656,128.82219999999998,28.361,0.0,56,4,6.8391664609851555,4.542230527837523,0.5056845792107261,0.0,3,6,2.951403148528405
2023-06-14,辣椒类,73.882,426.3776,259.21812,73.882,0.0,123,9,5.771061963671801,3.5085422701063855,0.6448603207214063,0.0,3,6,2.951403148528405
2023-06-14,食用菌,34.778,197.816,138.6368,34.778,0.0,52,5,5.687963655184312,3.986336189545115,0.42686501708060187,0.0,3,6,2.951403148528405
2023-06-15,水生根茎类,14.233,169.4908,122.95196,14.233,0.0,27,6,11.908297618211199,8.638513314129137,0.37851238809043775,0.0,4,6,2.954140999315537
2023-06-15,花叶类,101.42,535.4972,342.82989,101.42,0.0,159,13,5.279996056004733,3.380298659041609,0.5619909920923174,0.0,4,6,2.954140999315537
2023-06-15,花菜类,9.461,141.7898,97.23651,9.461,0.0,19,2,14.986766726561676,10.277614417080645,0.4581950750803381,0.0,4,6,2.954140999315537
2023-06-15,茄类,15.908,134.462,85.41456,15.908,0.0,35,3,8.452476741262258,5.3692833794317325,0.5742280941328972,0.0,4,6,2.954140999315537
2023-06-15,辣椒类,55.108,333.9412,205.73315,55.108,0.0,90,8,6.059759018654279,3.7332719387384774,0.6231764302447125,0.0,4,6,2.954140999315537
2023-06-15,食用菌,24.886,183.392,126.2516,24.886,0.0,39,6,7.369283934742426,5.073197781885398,0.4525914919098055,0.0,4,6,2.954140999315537
2023-06-16,水生根茎类,13.37,229.7156,131.47217,13.37,0.0,35,5,17.18142109199701,9.833370979805537,0.747256472605571,0.0,5,6,2.9568788501026693
2023-06-16,花叶类,143.11,808.5056,483.12109,143.11,0.0,181,14,5.649539515058346,3.375872335965341,0.6735050833736114,0.0,5,6,2.9568788501026693
2023-06-16,花菜类,22.692,310.35,207.39616,22.692,0.0,43,3,13.676626123744052,9.139615723603033,0.49641150540106427,0.0,5,6,2.9568788501026693
2023-06-16,茄类,24.133,195.85320000000002,119.17651000000001,24.133,0.0,52,4,8.115576181991464,4.938321385654499,0.6433876105282827,0.0,5,6,2.9568788501026693
2023-06-16,辣椒类,76.974,455.187,276.19688,76.974,0.0,124,10,5.913516252241016,3.588184062150856,0.6480526499792467,0.0,5,6,2.9568788501026693
2023-06-16,食用菌,41.503,218.666,149.9568,41.503,0.0,57,6,5.268679372575477,3.6131556754933376,0.45819329300171807,0.0,5,6,2.9568788501026693
2023-06-17,水生根茎类,18.215,266.2412,183.33642,18.215,0.0,43,5,14.616590721932473,10.065134230030194,0.4522002775007825,0.0,6,6,2.9596167008898013
2023-06-17,花叶类,230.472,1247.585,746.41894,230.472,0.0,388,15,5.413173834565587,3.2386534589885105,0.6714273086371574,0.0,6,6,2.9596167008898013
2023-06-17,花菜类,26.791,407.22319999999996,264.42717,26.791,0.0,56,1,15.2,9.87,0.5400202634245188,0.0,6,6,2.9596167008898013
2023-06-17,茄类,46.628,334.5324,213.64036000000002,46.628,0.0,92,4,7.174496010980526,4.581804066226302,0.5658670487168247,0.0,6,6,2.9596167008898013
2023-06-17,辣椒类,160.193,859.0504,534.7422799999999,160.193,0.0,245,10,5.362596368130942,3.33811265161399,0.6064755530458525,0.0,6,6,2.9596167008898013
2023-06-17,食用菌,87.35,515.6,338.12,87.35,0.0,124,5,5.902690326273612,3.8708643388666286,0.5249024015142554,0.0,6,6,2.9596167008898013
2023-06-18,水生根茎类,21.573,337.7072,232.14146,21.573,0.0,51,4,15.65416029295879,10.76074074074074,0.4547474630339623,0.0,7,6,2.9623545516769334
2023-06-18,花叶类,241.916,1260.29,791.98988,241.916,0.0,362,15,5.2096182145868815,3.273821822450768,0.591295585746626,0.0,7,6,2.9623545516769334
2023-06-18,花菜类,23.098,348.2312,225.90782000000002,23.098,0.0,51,2,15.076249025889688,9.780406095765867,0.5414747484172968,0.0,7,6,2.9623545516769334
2023-06-18,茄类,54.553,376.11400000000003,242.53952999999998,54.553,0.0,111,4,6.894469598372226,4.445943027881143,0.5507327815799761,0.0,7,6,2.9623545516769334
2023-06-18,辣椒类,140.452,757.9232,466.40162,140.452,0.0,217,9,5.396314755218865,3.3207189644860877,0.6250440982602075,0.0,7,6,2.9623545516769334
2023-06-18,食用菌,67.039,440.536,287.0684,67.039,0.0,107,5,6.571339071286863,4.282110413341488,0.5346029030015147,0.0,7,6,2.9623545516769334
2023-06-19,水生根茎类,8.196,175.7448,119.44796,8.196,0.0,15,4,21.442752562225476,14.573933626159102,0.47130850958023895,0.0,1,6,2.965092402464066
2023-06-19,花叶类,116.749,587.3598,374.45265,116.749,0.0,193,15,5.030962149568733,3.2073306837745936,0.5685823027290633,0.0,1,6,2.965092402464066
2023-06-19,花菜类,12.363,187.9176,118.19028,12.363,0.0,25,1,15.2,9.56,0.5899581589958158,0.0,1,6,2.965092402464066
2023-06-19,茄类,21.207,162.26,102.22663,21.207,0.0,45,4,7.65124722968831,4.820419201207148,0.5872576450969773,0.0,1,6,2.965092402464066
2023-06-19,辣椒类,70.719,395.5268,242.97614,70.719,0.0,124,9,5.592935420466919,3.4357971690776172,0.6278421412077746,0.0,1,6,2.965092402464066
2023-06-19,食用菌,33.293,228.232,149.3808,33.293,0.0,57,5,6.855254858378638,4.4868530922416126,0.527853646519499,0.0,1,6,2.965092402464066
2023-06-20,水生根茎类,11.657,221.8696,154.07628,11.657,0.0,29,5,19.033164622115468,13.21748992021961,0.4399984215610606,0.0,2,6,2.967830253251198
2023-06-20,花叶类,100.466,536.1116,347.61306,100.466,0.0,164,14,5.336249079290506,3.4600069675313043,0.5422654143086567,0.0,2,6,2.967830253251198
2023-06-20,花菜类,13.919,209.518,131.31712000000002,13.919,0.0,28,2,15.052661829154394,9.434378906530643,0.5955116895649248,0.0,2,6,2.967830253251198
2023-06-20,茄类,21.592,153.984,94.50788,21.592,0.0,44,4,7.1315301963690265,4.376985920711375,0.6293244542148231,0.0,2,6,2.967830253251198
2023-06-20,辣椒类,60.074,365.4236,211.23782,60.074,0.0,102,10,6.0828911009754645,3.51629357126211,0.729915599394086,0.0,2,6,2.967830253251198
2023-06-20,食用菌,26.223,175.152,114.5088,26.223,0.0,41,5,6.679327308088319,4.366731495252259,0.5295942320590208,0.0,2,6,2.967830253251198
2023-06-21,水生根茎类,19.286,363.6584,249.06364,19.286,0.0,48,6,18.85608213211656,12.914219641190499,0.46010232565459974,0.0,3,6,2.97056810403833
2023-06-21,花叶类,106.137,501.5612,316.28198,106.137,0.0,184,15,4.725601816520157,2.979940831189877,0.5858039082719793,0.0,3,6,2.97056810403833
2023-06-21,花菜类,16.697,220.4004,156.45089,16.697,0.0,36,1,13.2,9.37,0.4087513340448239,0.0,3,6,2.97056810403833
2023-06-21,茄类,24.123,175.453,106.44129,24.123,0.0,44,5,7.273266177506943,4.412439995025494,0.6483546939350322,0.0,3,6,2.97056810403833
2023-06-21,辣椒类,83.365,414.19059999999996,228.75413,83.365,0.0,116,10,4.968399208300846,2.7440068374017876,0.8106365992168096,0.0,3,6,2.97056810403833
2023-06-21,食用菌,46.364,233.636,152.5284,46.364,0.0,60,5,5.039168320248469,3.289802432922095,0.5317540864520967,0.0,3,6,2.97056810403833
2023-06-22,水生根茎类,29.007,548.832,375.36544000000004,29.007,0.0,65,6,18.920674319991726,12.940512290136864,0.4621271473473956,0.0,4,6,2.973305954825462
2023-06-22,花叶类,163.919,832.432,481.51364,163.919,0.0,270,15,5.078313069259817,2.9375096236555858,0.728781764105374,0.0,4,6,2.973305954825462
2023-06-22,花菜类,17.912,250.768,164.79039999999998,17.912,0.0,38,1,14.0,9.2,0.5217391304347827,0.0,4,6,2.973305954825462
2023-06-22,茄类,33.866,269.683,176.68482,33.866,0.0,63,5,7.963237465304435,5.217174156971594,0.526350707434855,0.0,4,6,2.973305954825462
2023-06-22,辣椒类,106.924,606.1312,343.07154,106.924,0.0,170,10,5.668804010325091,3.208555048445625,0.7667778563036736,0.0,4,6,2.973305954825462
2023-06-22,食用菌,64.476,467.124,303.3356,64.476,0.0,101,6,7.244928345430859,4.704628078664929,0.5399577233928365,0.0,4,6,2.973305954825462
2023-06-23,水生根茎类,12.227,228.2348,156.84219000000002,12.227,0.0,34,5,18.666459474932527,12.82752842070827,0.45518753595572714,0.0,5,6,2.976043805612594
2023-06-23,花叶类,147.99699999999999,753.896,461.86998,147.99699999999999,0.0,228,13,5.0939951485503085,3.120806367696643,0.6322688909116803,0.0,5,6,2.976043805612594
2023-06-23,花菜类,9.279,129.906,86.01633,9.279,0.0,22,1,14.0,9.27,0.5102481121898599,0.0,5,6,2.976043805612594
2023-06-23,茄类,25.398,187.924,117.7279,25.398,0.0,51,5,7.399165288605403,4.635321678872352,0.5962571319118068,0.0,5,6,2.976043805612594
2023-06-23,辣椒类,83.349,454.087,263.52201,83.349,0.0,132,8,5.4480197722828105,3.1616697260914948,0.7231463891763728,0.0,5,6,2.976043805612594
2023-06-23,食用菌,38.417,243.808,152.4352,38.417,0.0,56,5,6.346357081500377,3.9679100398261187,0.5994206062641698,0.0,5,6,2.976043805612594
2023-06-24,水生根茎类,12.69,217.0984,148.49616,12.69,0.0,31,5,17.1078329393223,11.701825059101656,0.4619798922746552,0.0,6,6,2.9787816563997263
2023-06-24,花叶类,146.656,762.1928,498.62915,146.656,0.0,236,14,5.197147065241109,3.3999914766528474,0.528576498185074,0.0,6,6,2.9787816563997263
2023-06-24,花菜类,11.548,161.672,100.41083,11.548,0.0,27,2,14.0,8.695083997228958,0.6101052047871729,0.0,6,6,2.9787816563997263
2023-06-24,茄类,28.369,212.934,132.89276,28.369,0.0,57,4,7.505869082449152,4.6844358278402485,0.6022994781657027,0.0,6,6,2.9787816563997263
2023-06-24,辣椒类,88.94,513.3574,289.81176,88.94,0.0,155,10,5.77195187767034,3.258508657521925,0.7713477189469469,0.0,6,6,2.9787816563997263
2023-06-24,食用菌,39.18,265.52,172.498,39.18,0.0,65,6,6.776927003573252,4.402705461970393,0.5392642233533143,0.0,6,6,2.9787816563997263
2023-06-25,水生根茎类,9.870000000000001,171.7648,119.02043,9.870000000000001,0.0,25,6,17.40271529888551,12.058807497467072,0.4431539190372611,0.0,7,6,2.9815195071868583
2023-06-25,花叶类,87.895,454.7804,301.97696,87.895,0.0,153,13,5.174132772057569,3.43565572558166,0.5060102598555865,0.0,7,6,2.9815195071868583
2023-06-25,花菜类,10.681,149.534,87.05015,10.681,0.0,26,1,14.0,8.15,0.7177914110429446,0.0,7,6,2.9815195071868583
2023-06-25,茄类,23.315,156.08,98.02181999999999,23.315,0.0,45,4,6.69440274501394,4.204238473085995,0.5922985310821614,0.0,7,6,2.9815195071868583
2023-06-25,辣椒类,66.153,372.61,204.1815,66.153,0.0,104,9,5.632548788414735,3.0865040134234274,0.8248959871486887,0.0,7,6,2.9815195071868583
2023-06-25,食用菌,28.271,178.504,116.7476,28.271,0.0,45,4,6.314032046973931,4.129588624385413,0.5289736148751665,0.0,7,6,2.9815195071868583
2023-06-26,水生根茎类,9.393,176.3328,122.91243,9.393,0.0,20,5,18.77278824656659,13.085534972852123,0.43462138044134346,0.0,1,6,2.9842573579739904
2023-06-26,花叶类,64.597,381.2596,229.03308,64.597,0.0,144,14,5.902125485703671,3.5455683700481453,0.6646486175708766,0.0,1,6,2.9842573579739904
2023-06-26,花菜类,8.083,113.162,64.17902000000001,8.083,0.0,20,1,14.0,7.940000000000001,0.7632241813602012,0.0,1,6,2.9842573579739904
2023-06-26,茄类,21.224,134.97,85.74512,21.224,0.0,37,3,6.359310214851112,4.040007538635507,0.5740837496058084,0.0,1,6,2.9842573579739904
2023-06-26,辣椒类,65.8,395.9336,211.81454,65.8,0.0,107,9,6.017227963525836,3.2190659574468086,0.869246558805642,0.0,1,6,2.9842573579739904
2023-06-26,食用菌,27.582,181.068,116.3592,27.582,0.0,45,7,6.564716119208179,4.218664346312813,0.5561124517872245,0.0,1,6,2.9842573579739904
2023-06-27,水生根茎类,8.721,165.8056,110.56891,8.721,0.0,22,6,19.012223368879717,12.678466918931315,0.4995680069560242,0.0,2,6,2.9869952087611225
2023-06-27,花叶类,108.063,558.6156,364.53916,108.063,0.0,173,15,5.169351211793121,3.3733947789715257,0.5323884545078779,0.0,2,6,2.9869952087611225
2023-06-27,花菜类,14.272,171.264,111.3216,14.272,0.0,28,1,12.0,7.8,0.5384615384615385,0.0,2,6,2.9869952087611225
2023-06-27,茄类,8.415,67.124,40.19603,8.415,0.0,21,5,7.9767082590612,4.7767118241235895,0.6699161583867856,0.0,2,6,2.9869952087611225
2023-06-27,辣椒类,63.828,402.2612,212.13893,63.828,0.0,100,9,6.302268596854044,3.323602964216331,0.8962158430798155,0.0,2,6,2.9869952087611225
2023-06-27,食用菌,25.708,168.792,108.6548,25.708,0.0,44,5,6.565738291582387,4.226497588299362,0.5534702562611131,0.0,2,6,2.9869952087611225
2023-06-28,水生根茎类,5.986,96.3584,64.31833999999999,5.986,0.0,16,5,16.097293685265623,10.744794520547945,0.49814811762865796,0.0,3,6,2.9897330595482545
2023-06-28,花叶类,107.625,550.184,376.42578,107.625,0.0,165,12,5.112046457607433,3.4975682229965153,0.46160021239778004,0.0,3,6,2.9897330595482545
2023-06-28,花菜类,16.069,198.16400000000002,126.35737,16.069,0.0,36,2,12.332067956935717,7.8634246063849655,0.568282087542658,0.0,3,6,2.9897330595482545
2023-06-28,茄类,15.651,121.6408,75.34492999999999,15.651,0.0,29,4,7.772078461440164,4.8140649159798095,0.6144523593027429,0.0,3,6,2.9897330595482545
2023-06-28,辣椒类,60.114,394.8288,213.363,60.114,0.0,96,9,6.568000798482883,3.549306317995808,0.8505026644732219,0.0,3,6,2.9897330595482545
2023-06-28,食用菌,51.742,242.308,159.6852,51.742,0.0,70,6,4.683004135905067,3.0861814386765105,0.5174105051689197,0.0,3,6,2.9897330595482545
2023-06-29,水生根茎类,18.558,336.196,228.5498,18.558,0.0,42,7,18.115960771634875,12.315432697488953,0.47099669306208103,0.0,4,6,2.9924709103353866
2023-06-29,花叶类,116.09,583.3398,382.70504,116.09,0.0,181,12,5.024892755620638,3.296623654061504,0.5242542925486424,0.0,4,6,2.9924709103353866
2023-06-29,花菜类,23.272000000000002,283.304,187.082,23.272000000000002,0.0,50,2,12.173599174974216,8.038930904090751,0.5143306143829978,0.0,4,6,2.9924709103353866
2023-06-29,茄类,11.511,86.3524,52.44396,11.511,0.0,23,5,7.501728781165842,4.555986447745634,0.6465652097972772,0.0,4,6,2.9924709103353866
2023-06-29,辣椒类,85.903,545.808,313.10906,85.903,0.0,130,9,6.353771113930828,3.644914147352246,0.7431881402601381,0.0,4,6,2.9924709103353866
2023-06-29,食用菌,43.314,214.336,142.0084,43.314,0.0,61,5,4.948423142632867,3.2785796740084034,0.5093191670351898,0.0,4,6,2.9924709103353866
2023-06-30,水生根茎类,10.34,165.2952,108.46771000000001,10.34,0.0,26,6,15.985996131528045,10.490107350096713,0.5239115862222958,0.0,5,6,2.9952087611225187
2023-06-30,花叶类,120.104,620.9988,370.76124,120.104,0.0,181,12,5.170508892293346,3.087001598614534,0.6749291268957889,0.0,5,6,2.9952087611225187
2023-06-30,花菜类,24.080000000000002,282.62,188.5112,24.080000000000002,0.0,52,2,11.736710963455149,7.828538205980066,0.4992212664287321,0.0,5,6,2.9952087611225187
2023-06-30,茄类,24.53,198.8132,115.19815,24.53,0.0,47,3,8.104900122299226,4.696214838972686,0.7258367430379742,0.0,5,6,2.9952087611225187
2023-06-30,辣椒类,79.026,489.7992,292.97358,79.026,0.0,128,8,6.197950041758409,3.707306203021791,0.6718203737005908,0.0,5,6,2.9952087611225187
2023-06-30,食用菌,30.572,236.828,154.8432,30.572,0.0,60,5,7.746565484757294,5.064869815517467,0.5294698120421175,0.0,5,6,2.9952087611225187
