销售日期,分类名称,日总销量,日销售额,条数,单品数,日批发成本,批发价覆盖销量,日平均售价,日加权批发价,月份,星期,月份_02,月份_03,月份_04,月份_05,月份_06,月份_07,月份_08,月份_09,月份_10,月份_11,月份_12,星期_2,星期_3,星期_4,星期_5,星期_6,星期_7
2020-07-01,水生根茎类,4.85,70.2838,15,2,44.78568,15,14.491505154639176,2.985712,7,3,0,0,0,0,0,1,0,0,0,0,0,0,1,0,0,0,0
2020-07-02,水生根茎类,4.6,53.1208,14,2,32.63124,14,11.548000000000002,2.330802857142857,7,4,0,0,0,0,0,1,0,0,0,0,0,0,0,1,0,0,0
2020-07-03,水生根茎类,4.41,44.1,15,1,24.7401,15,10.0,1.64934,7,5,0,0,0,0,0,1,0,0,0,0,0,0,0,0,1,0,0
2020-07-04,水生根茎类,5.439,118.7532,16,2,76.22823,16,21.83364589078875,4.764264375,7,6,0,0,0,0,0,1,0,0,0,0,0,0,0,0,0,1,0
2020-07-05,水生根茎类,4.019,40.19,12,1,21.782980000000002,12,10.0,1.8152483333333336,7,7,0,0,0,0,0,1,0,0,0,0,0,0,0,0,0,0,1
2020-07-06,水生根茎类,2.708,27.080000000000002,10,1,14.758600000000001,10,10.0,1.4758600000000002,7,1,0,0,0,0,0,1,0,0,0,0,0,0,0,0,0,0,0
2020-07-07,水生根茎类,3.117,31.17,11,1,17.01882,11,10.0,1.5471654545454547,7,2,0,0,0,0,0,1,0,0,0,0,0,1,0,0,0,0,0
2020-07-08,水生根茎类,10.605,155.484,26,2,87.09302,26,14.661386138613862,3.3497315384615383,7,3,0,0,0,0,0,1,0,0,0,0,0,0,1,0,0,0,0
2020-07-09,水生根茎类,2.106,21.060000000000002,7,1,11.51982,7,10.000000000000002,1.6456885714285714,7,4,0,0,0,0,0,1,0,0,0,0,0,0,0,1,0,0,0
2020-07-10,水生根茎类,8.781,125.046,27,2,69.862,27,14.240519303040656,2.5874814814814813,7,5,0,0,0,0,0,1,0,0,0,0,0,0,0,0,1,0,0
2020-07-11,水生根茎类,7.406,109.712,19,2,61.39824,19,14.813934647583041,3.2314863157894735,7,6,0,0,0,0,0,1,0,0,0,0,0,0,0,0,0,1,0
2020-07-12,水生根茎类,12.625,224.5378,32,3,143.82769,32,17.785172277227723,4.4946153125,7,7,0,0,0,0,0,1,0,0,0,0,0,0,0,0,0,0,1
2020-07-13,水生根茎类,10.342,151.156,28,2,84.4884,28,14.615741636047186,3.017442857142857,7,1,0,0,0,0,0,1,0,0,0,0,0,0,0,0,0,0,0
2020-07-14,水生根茎类,8.682,130.974,21,2,65.80452,21,15.08569454042847,3.1335485714285713,7,2,0,0,0,0,0,1,0,0,0,0,0,1,0,0,0,0,0
2020-07-15,水生根茎类,9.615,144.39000000000001,22,2,72.57300000000001,22,15.017160686427458,3.2987727272727274,7,3,0,0,0,0,0,1,0,0,0,0,0,0,1,0,0,0,0
2020-07-16,水生根茎类,10.183,148.31199999999998,27,2,74.78936,27,14.564666601198073,2.769976296296296,7,4,0,0,0,0,0,1,0,0,0,0,0,0,0,1,0,0,0
2020-07-17,水生根茎类,10.727,154.124,29,2,78.28756,29,14.367856809918896,2.6995710344827586,7,5,0,0,0,0,0,1,0,0,0,0,0,0,0,0,1,0,0
2020-07-18,水生根茎类,7.242,108.96,16,2,54.998400000000004,16,15.045567522783761,3.4374000000000002,7,6,0,0,0,0,0,1,0,0,0,0,0,0,0,0,0,1,0
2020-07-19,水生根茎类,8.204,120.074,17,2,60.83895,17,14.636031204290589,3.5787617647058823,7,7,0,0,0,0,0,1,0,0,0,0,0,0,0,0,0,0,1
2020-07-20,水生根茎类,9.003,129.492,21,2,65.81344,21,14.383205598133953,3.1339733333333335,7,1,0,0,0,0,0,1,0,0,0,0,0,0,0,0,0,0,0
2020-07-21,水生根茎类,11.445,191.9014,26,3,111.80805000000001,26,16.767269550021844,4.300309615384616,7,2,0,0,0,0,0,1,0,0,0,0,0,1,0,0,0,0,0
2020-07-22,水生根茎类,9.999,165.5492,27,3,87.34792,27,16.556575657565755,3.2351081481481483,7,3,0,0,0,0,0,1,0,0,0,0,0,0,1,0,0,0,0
2020-07-23,水生根茎类,25.973,196.712,35,3,99.32986,35,7.573711161590882,2.837996,7,4,0,0,0,0,0,1,0,0,0,0,0,0,0,1,0,0,0
2020-07-24,水生根茎类,10.983,186.1868,27,3,102.53264,27,16.95227169261586,3.797505185185185,7,5,0,0,0,0,0,1,0,0,0,0,0,0,0,0,1,0,0
2020-07-25,水生根茎类,7.516,115.248,17,2,58.77584,17,15.333688131985099,3.457402352941177,7,6,0,0,0,0,0,1,0,0,0,0,0,0,0,0,0,1,0
2020-07-26,水生根茎类,11.031,202.5946,32,3,118.57968,32,18.36593237240504,3.705615,7,7,0,0,0,0,0,1,0,0,0,0,0,0,0,0,0,0,1
2020-07-27,水生根茎类,16.436,231.2828,36,3,145.69638,36,14.071720613287905,4.0471216666666665,7,1,0,0,0,0,0,1,0,0,0,0,0,0,0,0,0,0,0
2020-07-28,水生根茎类,13.508,162.096,33,2,97.90991000000001,33,12.000000000000002,2.96696696969697,7,2,0,0,0,0,0,1,0,0,0,0,0,1,0,0,0,0,0
2020-07-29,水生根茎类,18.054000000000002,220.782,33,2,131.51193,33,12.228979727484214,3.9852100000000004,7,3,0,0,0,0,0,1,0,0,0,0,0,0,1,0,0,0,0
2020-07-30,水生根茎类,8.316,101.066,21,2,61.35367,21,12.153198653198652,2.9216033333333336,7,4,0,0,0,0,0,1,0,0,0,0,0,0,0,1,0,0,0
2020-07-31,水生根茎类,19.062,213.33,37,2,143.33836,37,11.191375511488825,3.8740097297297296,7,5,0,0,0,0,0,1,0,0,0,0,0,0,0,0,1,0,0
2020-08-01,水生根茎类,19.1,215.188,39,2,144.53248,39,11.266387434554971,3.7059610256410256,8,6,0,0,0,0,0,0,1,0,0,0,0,0,0,0,0,1,0
2020-08-02,水生根茎类,50.274,574.8252,96,3,389.7187,96,11.433846521064567,4.059569791666667,8,7,0,0,0,0,0,0,1,0,0,0,0,0,0,0,0,0,1
2020-08-03,水生根茎类,15.555,195.6176,41,3,126.80407,41,12.575866280938605,3.092782195121951,8,1,0,0,0,0,0,0,1,0,0,0,0,0,0,0,0,0,0
2020-08-04,水生根茎类,26.208,319.5464,51,3,207.16784,51,12.192704517704518,4.062114509803922,8,2,0,0,0,0,0,0,1,0,0,0,0,1,0,0,0,0,0
2020-08-05,水生根茎类,21.451999999999998,258.012,38,3,168.4892,38,12.027410031698677,4.433926315789474,8,3,0,0,0,0,0,0,1,0,0,0,0,0,1,0,0,0,0
2020-08-06,水生根茎类,19.115000000000002,220.8958,36,3,144.58548000000002,36,11.556149620716713,4.016263333333334,8,4,0,0,0,0,0,0,1,0,0,0,0,0,0,1,0,0,0
2020-08-07,水生根茎类,25.415,312.622,50,4,202.39659,50,12.30068856974228,4.0479318,8,5,0,0,0,0,0,0,1,0,0,0,0,0,0,0,1,0,0
2020-08-08,水生根茎类,27.461,335.91,55,4,217.08256,55,12.232256654892394,3.9469556363636364,8,6,0,0,0,0,0,0,1,0,0,0,0,0,0,0,0,1,0
2020-08-09,水生根茎类,25.9,289.348,57,3,200.7108,57,11.171737451737453,3.521242105263158,8,7,0,0,0,0,0,0,1,0,0,0,0,0,0,0,0,0,1
2020-08-10,水生根茎类,30.683,342.8468,64,4,219.50706,64,11.173835674477724,3.4297978125,8,1,0,0,0,0,0,0,1,0,0,0,0,0,0,0,0,0,0
2020-08-11,水生根茎类,19.681,239.0032,45,4,156.12643,45,12.143854478939078,3.469476222222222,8,2,0,0,0,0,0,0,1,0,0,0,0,1,0,0,0,0,0
2020-08-12,水生根茎类,27.355,311.9464,57,4,201.56467999999998,57,11.403633704989947,3.5362224561403504,8,3,0,0,0,0,0,0,1,0,0,0,0,0,1,0,0,0,0
2020-08-13,水生根茎类,19.324,234.16140000000001,44,3,153.83245,44,12.11764645001035,3.496192045454545,8,4,0,0,0,0,0,0,1,0,0,0,0,0,0,1,0,0,0
2020-08-14,水生根茎类,29.991,253.2994,50,4,148.35490000000001,50,8.44584708745957,2.9670980000000005,8,5,0,0,0,0,0,0,1,0,0,0,0,0,0,0,1,0,0
2020-08-15,水生根茎类,25.642,272.6662,47,3,182.35569,47,10.633577724046486,3.8799082978723405,8,6,0,0,0,0,0,0,1,0,0,0,0,0,0,0,0,1,0
2020-08-16,水生根茎类,24.454,244.59820000000002,52,3,157.90603,52,10.002379978735586,3.036654423076923,8,7,0,0,0,0,0,0,1,0,0,0,0,0,0,0,0,0,1
2020-08-17,水生根茎类,15.916,172.62300000000002,32,3,115.09236,32,10.845878361397338,3.59663625,8,1,0,0,0,0,0,0,1,0,0,0,0,0,0,0,0,0,0
2020-08-18,水生根茎类,21.753,208.0406,38,3,140.05548,38,9.563765917344735,3.685670526315789,8,2,0,0,0,0,0,0,1,0,0,0,0,1,0,0,0,0,0
2020-08-19,水生根茎类,17.95,188.24040000000002,35,3,124.85524,35,10.486930362116993,3.5672925714285713,8,3,0,0,0,0,0,0,1,0,0,0,0,0,1,0,0,0,0
2020-08-20,水生根茎类,22.966,223.0876,48,3,146.86912,48,9.713820430201167,3.0597733333333337,8,4,0,0,0,0,0,0,1,0,0,0,0,0,0,1,0,0,0
2020-08-21,水生根茎类,34.598,251.5688,54,4,158.7828,54,7.271194866755304,2.9404222222222223,8,5,0,0,0,0,0,0,1,0,0,0,0,0,0,0,1,0,0
2020-08-22,水生根茎类,42.772,282.6736,54,3,182.91296,54,6.6088469091929305,3.387277037037037,8,6,0,0,0,0,0,0,1,0,0,0,0,0,0,0,0,1,0
2020-08-23,水生根茎类,46.057,309.38300000000004,58,4,198.64558000000002,58,6.717393664372409,3.424923793103449,8,7,0,0,0,0,0,0,1,0,0,0,0,0,0,0,0,0,1
2020-08-24,水生根茎类,20.305,201.1994,37,3,131.25176,37,9.908859886727408,3.5473448648648644,8,1,0,0,0,0,0,0,1,0,0,0,0,0,0,0,0,0,0
2020-08-25,水生根茎类,20.062,213.29840000000002,42,3,139.09178,42,10.631960921144453,3.311709047619048,8,2,0,0,0,0,0,0,1,0,0,0,0,1,0,0,0,0,0
2020-08-26,水生根茎类,18.95,196.0036,39,3,128.76477,39,10.34319788918206,3.3016607692307693,8,3,0,0,0,0,0,0,1,0,0,0,0,0,1,0,0,0,0
2020-08-27,水生根茎类,19.487000000000002,240.0828,42,4,141.73732,42,12.320151896135885,3.3746980952380956,8,4,0,0,0,0,0,0,1,0,0,0,0,0,0,1,0,0,0
2020-08-28,水生根茎类,20.997,258.9204,47,4,148.95237,47,12.331304472067437,3.1691993617021277,8,5,0,0,0,0,0,0,1,0,0,0,0,0,0,0,1,0,0
2020-08-29,水生根茎类,65.814,544.4688,110,2,367.60038000000003,110,8.27284164463488,3.341821636363637,8,6,0,0,0,0,0,0,1,0,0,0,0,0,0,0,0,1,0
2020-08-30,水生根茎类,30.005,286.332,62,3,181.34323999999998,62,9.542809531744709,2.924890967741935,8,7,0,0,0,0,0,0,1,0,0,0,0,0,0,0,0,0,1
2020-08-31,水生根茎类,52.949,449.968,88,3,308.85649,88,8.498139719352585,3.509732840909091,8,1,0,0,0,0,0,0,1,0,0,0,0,0,0,0,0,0,0
2020-09-01,水生根茎类,47.658,411.3492,77,3,292.36496,77,8.631272818834193,3.7969475324675326,9,2,0,0,0,0,0,0,0,1,0,0,0,1,0,0,0,0,0
2020-09-02,水生根茎类,17.941,154.654,34,3,107.28855999999999,34,8.62014380469316,3.155545882352941,9,3,0,0,0,0,0,0,0,1,0,0,0,0,1,0,0,0,0
2020-09-03,水生根茎类,15.996,133.144,31,2,90.97842,31,8.323580895223806,2.9347877419354838,9,4,0,0,0,0,0,0,0,1,0,0,0,0,0,1,0,0,0
2020-09-04,水生根茎类,16.635,146.936,37,2,92.76204,37,8.832942590922753,2.507082162162162,9,5,0,0,0,0,0,0,0,1,0,0,0,0,0,0,1,0,0
2020-09-05,水生根茎类,42.554,331.0884,79,2,222.22587000000001,79,7.780429571838134,2.812985696202532,9,6,0,0,0,0,0,0,0,1,0,0,0,0,0,0,0,1,0
2020-09-06,水生根茎类,42.579,327.27,75,2,221.27736000000002,75,7.686183329810469,2.9503648,9,7,0,0,0,0,0,0,0,1,0,0,0,0,0,0,0,0,1
2020-09-07,水生根茎类,37.689,292.68,61,2,195.85509000000002,61,7.765661068216191,3.2107391803278693,9,1,0,0,0,0,0,0,0,1,0,0,0,0,0,0,0,0,0
2020-09-08,水生根茎类,19.127,153.016,38,1,99.4604,38,8.0,2.617378947368421,9,2,0,0,0,0,0,0,0,1,0,0,0,1,0,0,0,0,0
2020-09-09,水生根茎类,12.161,102.436,24,2,67.90426,24,8.423320450620839,2.8293441666666665,9,3,0,0,0,0,0,0,0,1,0,0,0,0,1,0,0,0,0
2020-09-10,水生根茎类,14.492,120.616,28,2,80.97579999999999,28,8.32293679271322,2.891992857142857,9,4,0,0,0,0,0,0,0,1,0,0,0,0,0,1,0,0,0
2020-09-11,水生根茎类,13.364,110.776,26,2,73.14296,26,8.289134989524094,2.8131907692307694,9,5,0,0,0,0,0,0,0,1,0,0,0,0,0,0,1,0,0
2020-09-12,水生根茎类,16.957,135.656,29,1,94.9592,29,8.0,3.274455172413793,9,6,0,0,0,0,0,0,0,1,0,0,0,0,0,0,0,1,0
2020-09-13,水生根茎类,18.739,159.268,42,3,103.81277999999999,42,8.499279577352047,2.471732857142857,9,7,0,0,0,0,0,0,0,1,0,0,0,0,0,0,0,0,1
2020-09-14,水生根茎类,17.361,145.752,26,2,96.95848,26,8.395368930361155,3.7291723076923073,9,1,0,0,0,0,0,0,0,1,0,0,0,0,0,0,0,0,0
2020-09-15,水生根茎类,19.219,182.978,45,2,109.91577,45,9.520682657786566,2.4425726666666665,9,2,0,0,0,0,0,0,0,1,0,0,0,1,0,0,0,0,0
2020-09-16,水生根茎类,15.501,119.021,29,2,88.7582,29,7.6782788207212445,3.0606275862068966,9,3,0,0,0,0,0,0,0,1,0,0,0,0,1,0,0,0,0
2020-09-17,水生根茎类,17.437,122.059,31,1,95.9035,31,6.999999999999999,3.0936612903225806,9,4,0,0,0,0,0,0,0,1,0,0,0,0,0,1,0,0,0
2020-09-18,水生根茎类,11.389,88.536,24,2,64.92003000000001,24,7.7738168408113095,2.7050012500000005,9,5,0,0,0,0,0,0,0,1,0,0,0,0,0,0,1,0,0
2020-09-19,水生根茎类,39.431,322.018,68,2,221.36077,68,8.166620171945931,3.255305441176471,9,6,0,0,0,0,0,0,0,1,0,0,0,0,0,0,0,1,0
2020-09-20,水生根茎类,39.551,323.614,64,2,228.17734,64,8.182195140451569,3.5652709375,9,7,0,0,0,0,0,0,0,1,0,0,0,0,0,0,0,0,1
2020-09-21,水生根茎类,16.289,130.312,34,1,93.98752999999999,34,8.0,2.7643391176470584,9,1,0,0,0,0,0,0,0,1,0,0,0,0,0,0,0,0,0
2020-09-22,水生根茎类,37.808,310.666,66,2,222.65858,66,8.216938214134574,3.3736148484848485,9,2,0,0,0,0,0,0,0,1,0,0,0,1,0,0,0,0,0
2020-09-23,水生根茎类,18.629,157.108,36,2,120.4314,36,8.433517633796768,3.3453166666666667,9,3,0,0,0,0,0,0,0,1,0,0,0,0,1,0,0,0,0
2020-09-24,水生根茎类,46.652,377.896,86,2,263.1778,86,8.100317242561948,3.060206976744186,9,4,0,0,0,0,0,0,0,1,0,0,0,0,0,1,0,0,0
2020-09-25,水生根茎类,22.732,196.19,42,2,135.64119,42,8.630564842512758,3.2295521428571425,9,5,0,0,0,0,0,0,0,1,0,0,0,0,0,0,1,0,0
2020-09-26,水生根茎类,65.744,543.382,113,2,387.90954999999997,113,8.265119250425894,3.4328278761061943,9,6,0,0,0,0,0,0,0,1,0,0,0,0,0,0,0,1,0
2020-09-27,水生根茎类,28.289,233.35,49,2,166.68026,49,8.248789282053094,3.4016379591836734,9,7,0,0,0,0,0,0,0,1,0,0,0,0,0,0,0,0,1
2020-09-28,水生根茎类,11.860999999999999,100.258,24,2,70.78965,24,8.452744288002698,2.9495687499999996,9,1,0,0,0,0,0,0,0,1,0,0,0,0,0,0,0,0,0
2020-09-29,水生根茎类,24.135,197.886,36,2,141.65708999999998,36,8.199129894344313,3.934919166666666,9,2,0,0,0,0,0,0,0,1,0,0,0,1,0,0,0,0,0
2020-09-30,水生根茎类,36.839,301.972,53,2,215.7595,53,8.197073753359211,4.070933962264151,9,3,0,0,0,0,0,0,0,1,0,0,0,0,1,0,0,0,0
2020-10-01,水生根茎类,55.356,450.028,88,2,322.8957,88,8.129705903605752,3.669269318181818,10,4,0,0,0,0,0,0,0,0,1,0,0,0,0,1,0,0,0
2020-10-02,水生根茎类,21.931,189.632,37,2,129.75292,37,8.646755733892663,3.5068356756756756,10,5,0,0,0,0,0,0,0,0,1,0,0,0,0,0,1,0,0
2020-10-03,水生根茎类,18.497,153.088,27,2,107.89604,27,8.276369140941775,3.9961496296296297,10,6,0,0,0,0,0,0,0,0,1,0,0,0,0,0,0,1,0
2020-10-04,水生根茎类,19.253999999999998,157.408,29,2,111.78291999999999,29,8.175340189051626,3.8545834482758616,10,7,0,0,0,0,0,0,0,0,1,0,0,0,0,0,0,0,1
2020-10-05,水生根茎类,79.752,650.336,118,2,462.9312,118,8.154478884542081,3.923145762711864,10,1,0,0,0,0,0,0,0,0,1,0,0,0,0,0,0,0,0
2020-10-06,水生根茎类,25.784,208.444,41,2,149.60693,41,8.08423828730996,3.648949512195122,10,2,0,0,0,0,0,0,0,0,1,0,0,1,0,0,0,0,0
2020-10-07,水生根茎类,52.071,419.572,84,2,302.09441,84,8.057690461101188,3.5963620238095237,10,3,0,0,0,0,0,0,0,0,1,0,0,0,1,0,0,0,0
2020-10-08,水生根茎类,31.952,261.16,53,2,185.41862,53,8.173510265398097,3.498464528301887,10,4,0,0,0,0,0,0,0,0,1,0,0,0,0,1,0,0,0
2020-10-09,水生根茎类,45.216,364.332,74,2,262.14864,74,8.057590233545648,3.5425491891891894,10,5,0,0,0,0,0,0,0,0,1,0,0,0,0,0,1,0,0
2020-10-10,水生根茎类,22.07,177.628,37,2,127.91521999999999,37,8.048391481649297,3.457168108108108,10,6,0,0,0,0,0,0,0,0,1,0,0,0,0,0,0,1,0
2020-10-11,水生根茎类,57.223,460.388,95,2,325.44263,95,8.045506177585935,3.425711894736842,10,7,0,0,0,0,0,0,0,0,1,0,0,0,0,0,0,0,1
2020-10-12,水生根茎类,29.969,247.1,49,2,173.25073,49,8.245186692916013,3.5357291836734697,10,1,0,0,0,0,0,0,0,0,1,0,0,0,0,0,0,0,0
2020-10-13,水生根茎类,46.823,377.856,82,2,270.82084,82,8.069880187087541,3.302693170731707,10,2,0,0,0,0,0,0,0,0,1,0,0,1,0,0,0,0,0
2020-10-14,水生根茎类,46.207,369.656,65,1,261.53162000000003,65,8.0,4.023563384615385,10,3,0,0,0,0,0,0,0,0,1,0,0,0,1,0,0,0,0
2020-10-15,水生根茎类,35.355,282.84,58,1,205.059,58,8.0,3.5355,10,4,0,0,0,0,0,0,0,0,1,0,0,0,0,1,0,0,0
2020-10-16,水生根茎类,52.785,422.28,73,1,306.15299999999996,73,8.0,4.193876712328767,10,5,0,0,0,0,0,0,0,0,1,0,0,0,0,0,1,0,0
2020-10-17,水生根茎类,84.728,677.824,130,1,491.4224,130,8.0,3.7801723076923075,10,6,0,0,0,0,0,0,0,0,1,0,0,0,0,0,0,1,0
2020-10-18,水生根茎类,75.006,600.048,116,1,435.03479999999996,116,8.0,3.7502999999999997,10,7,0,0,0,0,0,0,0,0,1,0,0,0,0,0,0,0,1
2020-10-19,水生根茎类,39.38,315.04,60,1,224.0722,60,8.0,3.7345366666666666,10,1,0,0,0,0,0,0,0,0,1,0,0,0,0,0,0,0,0
2020-10-20,水生根茎类,46.423,371.384,70,1,265.07533,70,8.0,3.786790428571429,10,2,0,0,0,0,0,0,0,0,1,0,0,1,0,0,0,0,0
2020-10-21,水生根茎类,17.773,142.184,26,1,103.0834,26,8.0,3.964746153846154,10,3,0,0,0,0,0,0,0,0,1,0,0,0,1,0,0,0,0
2020-10-22,水生根茎类,28.709,229.672,45,1,166.5122,45,8.0,3.7002711111111113,10,4,0,0,0,0,0,0,0,0,1,0,0,0,0,1,0,0,0
2020-10-23,水生根茎类,29.948,240.52,42,2,173.53225999999998,42,8.031254173901429,4.131720476190476,10,5,0,0,0,0,0,0,0,0,1,0,0,0,0,0,1,0,0
2020-10-24,水生根茎类,60.756,486.048,87,1,340.23359999999997,87,8.0,3.910731034482758,10,6,0,0,0,0,0,0,0,0,1,0,0,0,0,0,0,1,0
2020-10-25,水生根茎类,63.082,504.656,93,1,364.61396,93,8.0,3.920580215053764,10,7,0,0,0,0,0,0,0,0,1,0,0,0,0,0,0,0,1
2020-10-26,水生根茎类,20.666,165.328,33,1,119.8628,33,8.0,3.63220606060606,10,1,0,0,0,0,0,0,0,0,1,0,0,0,0,0,0,0,0
2020-10-27,水生根茎类,20.755,166.04,33,1,120.379,33,8.0,3.647848484848485,10,2,0,0,0,0,0,0,0,0,1,0,0,1,0,0,0,0,0
2020-10-28,水生根茎类,14.625,117.0,27,1,84.82499999999999,27,8.0,3.141666666666666,10,3,0,0,0,0,0,0,0,0,1,0,0,0,1,0,0,0,0
2020-10-29,水生根茎类,15.828,126.624,25,1,91.80239999999999,25,8.0,3.672096,10,4,0,0,0,0,0,0,0,0,1,0,0,0,0,1,0,0,0
2020-10-30,水生根茎类,17.029,136.232,32,1,98.7682,32,8.0,3.08650625,10,5,0,0,0,0,0,0,0,0,1,0,0,0,0,0,1,0,0
2020-10-31,水生根茎类,73.563,588.504,102,1,426.6654,102,8.0,4.182994117647058,10,6,0,0,0,0,0,0,0,0,1,0,0,0,0,0,0,1,0
2020-11-01,水生根茎类,54.875,439.0,85,1,318.275,85,8.0,3.744411764705882,11,7,0,0,0,0,0,0,0,0,0,1,0,0,0,0,0,0,1
2020-11-02,水生根茎类,15.053,120.424,25,1,87.3074,25,8.0,3.492296,11,1,0,0,0,0,0,0,0,0,0,1,0,0,0,0,0,0,0
2020-11-03,水生根茎类,14.238,113.904,25,1,80.44470000000001,25,8.0,3.2177880000000005,11,2,0,0,0,0,0,0,0,0,0,1,0,1,0,0,0,0,0
2020-11-04,水生根茎类,18.183,145.464,32,1,105.4614,32,8.0,3.29566875,11,3,0,0,0,0,0,0,0,0,0,1,0,0,1,0,0,0,0
2020-11-05,水生根茎类,8.347,66.776,14,1,48.4126,14,8.0,3.458042857142857,11,4,0,0,0,0,0,0,0,0,0,1,0,0,0,1,0,0,0
2020-11-06,水生根茎类,11.57,92.56,23,1,64.9077,23,8.0,2.8220739130434787,11,5,0,0,0,0,0,0,0,0,0,1,0,0,0,0,1,0,0
2020-11-07,水生根茎类,60.508,484.064,85,1,350.34132,85,8.0,4.121662588235294,11,6,0,0,0,0,0,0,0,0,0,1,0,0,0,0,0,1,0
2020-11-08,水生根茎类,55.582,444.656,85,1,322.37559999999996,85,8.0,3.7926541176470585,11,7,0,0,0,0,0,0,0,0,0,1,0,0,0,0,0,0,1
2020-11-09,水生根茎类,13.408,107.264,20,1,77.76639999999999,20,8.0,3.8883199999999993,11,1,0,0,0,0,0,0,0,0,0,1,0,0,0,0,0,0,0
2020-11-10,水生根茎类,9.913,79.304,16,1,57.4954,16,8.0,3.5934625,11,2,0,0,0,0,0,0,0,0,0,1,0,1,0,0,0,0,0
2020-11-11,水生根茎类,15.549,143.816,28,2,97.30609000000001,28,9.24921216798508,3.4752175000000003,11,3,0,0,0,0,0,0,0,0,0,1,0,0,1,0,0,0,0
2020-11-12,水生根茎类,14.446,129.488,21,2,90.6772,21,8.963588536619133,4.317961904761905,11,4,0,0,0,0,0,0,0,0,0,1,0,0,0,1,0,0,0
2020-11-13,水生根茎类,13.047,110.08,23,2,78.49608,23,8.437188625737717,3.4128730434782613,11,5,0,0,0,0,0,0,0,0,0,1,0,0,0,0,1,0,0
2020-11-14,水生根茎类,51.705,361.935,81,1,268.866,81,7.0,3.3193333333333332,11,6,0,0,0,0,0,0,0,0,0,1,0,0,0,0,0,1,0
2020-11-15,水生根茎类,39.231,274.617,56,1,204.0012,56,7.0,3.6428785714285716,11,7,0,0,0,0,0,0,0,0,0,1,0,0,0,0,0,0,1
2020-11-16,水生根茎类,13.998000000000001,111.98400000000001,22,1,72.78960000000001,22,8.0,3.3086181818181823,11,1,0,0,0,0,0,0,0,0,0,1,0,0,0,0,0,0,0
2020-11-17,水生根茎类,20.615,164.92,34,1,119.567,34,8.0,3.516676470588235,11,2,0,0,0,0,0,0,0,0,0,1,0,1,0,0,0,0,0
2020-11-18,水生根茎类,16.646,133.168,31,1,96.5468,31,8.0,3.1144129032258068,11,3,0,0,0,0,0,0,0,0,0,1,0,0,1,0,0,0,0
2020-11-19,水生根茎类,18.393,171.988,28,2,121.24674,28,9.35073125645626,4.330240714285714,11,4,0,0,0,0,0,0,0,0,0,1,0,0,0,1,0,0,0
2020-11-20,水生根茎类,20.641,172.044,38,2,118.0102,38,8.335061285790418,3.1055315789473683,11,5,0,0,0,0,0,0,0,0,0,1,0,0,0,0,1,0,0
2020-11-21,水生根茎类,91.691,758.596,141,2,522.81932,141,8.273396516561059,3.7079384397163118,11,6,0,0,0,0,0,0,0,0,0,1,0,0,0,0,0,1,0
2020-11-22,水生根茎类,67.538,540.304,98,1,378.21279999999996,98,8.0,3.8593142857142855,11,7,0,0,0,0,0,0,0,0,0,1,0,0,0,0,0,0,1
2020-11-23,水生根茎类,34.987,279.896,52,1,195.92719999999997,52,8.0,3.767830769230769,11,1,0,0,0,0,0,0,0,0,0,1,0,0,0,0,0,0,0
2020-11-24,水生根茎类,40.528,324.224,72,1,243.168,72,8.0,3.3773333333333335,11,2,0,0,0,0,0,0,0,0,0,1,0,1,0,0,0,0,0
2020-11-25,水生根茎类,31.807,254.456,48,1,190.84199999999998,48,8.0,3.975875,11,3,0,0,0,0,0,0,0,0,0,1,0,0,1,0,0,0,0
2020-11-26,水生根茎类,24.099,192.792,35,1,146.28093,35,8.0,4.179455142857143,11,4,0,0,0,0,0,0,0,0,0,1,0,0,0,1,0,0,0
2020-11-27,水生根茎类,20.1,160.8,31,1,124.62,31,8.0,4.0200000000000005,11,5,0,0,0,0,0,0,0,0,0,1,0,0,0,0,1,0,0
2020-11-28,水生根茎类,30.289,242.312,45,1,187.18601999999998,45,8.0,4.159689333333333,11,6,0,0,0,0,0,0,0,0,0,1,0,0,0,0,0,1,0
2020-11-29,水生根茎类,31.494,251.952,46,1,188.964,46,8.0,4.107913043478261,11,7,0,0,0,0,0,0,0,0,0,1,0,0,0,0,0,0,1
2020-11-30,水生根茎类,16.105,128.84,28,1,96.63,28,8.0,3.4510714285714283,11,1,0,0,0,0,0,0,0,0,0,1,0,0,0,0,0,0,0
2020-12-01,水生根茎类,25.029,200.232,45,1,150.174,45,8.0,3.3372,12,2,0,0,0,0,0,0,0,0,0,0,1,1,0,0,0,0,0
2020-12-02,水生根茎类,22.394,179.152,39,2,133.07716000000002,39,8.0,3.4122348717948725,12,3,0,0,0,0,0,0,0,0,0,0,1,0,1,0,0,0,0
2020-12-03,水生根茎类,30.514,244.112,49,2,167.5099,49,8.0,3.418569387755102,12,4,0,0,0,0,0,0,0,0,0,0,1,0,0,1,0,0,0
2020-12-04,水生根茎类,67.286,451.564,102,2,334.7854,102,6.71111375323247,3.2822098039215684,12,5,0,0,0,0,0,0,0,0,0,0,1,0,0,0,1,0,0
2020-12-05,水生根茎类,39.772,292.025,66,2,226.12316,66,7.3424771195816145,3.426108484848485,12,6,0,0,0,0,0,0,0,0,0,0,1,0,0,0,0,1,0
2020-12-06,水生根茎类,89.278,626.621,143,2,490.84920999999997,143,7.018761621004054,3.4325119580419576,12,7,0,0,0,0,0,0,0,0,0,0,1,0,0,0,0,0,1
2020-12-07,水生根茎类,51.414,367.035,87,2,286.39747,87,7.1388143307270395,3.291924942528736,12,1,0,0,0,0,0,0,0,0,0,0,1,0,0,0,0,0,0
2020-12-08,水生根茎类,69.831,486.651,115,3,382.06905,115,6.968982257163724,3.3223395652173915,12,2,0,0,0,0,0,0,0,0,0,0,1,1,0,0,0,0,0
2020-12-09,水生根茎类,20.512,172.808,32,3,126.51285,32,8.424726989079563,3.9535265625,12,3,0,0,0,0,0,0,0,0,0,0,1,0,1,0,0,0,0
2020-12-10,水生根茎类,34.621,267.515,49,3,205.76054000000002,49,7.726957626873862,4.199194693877551,12,4,0,0,0,0,0,0,0,0,0,0,1,0,0,1,0,0,0
2020-12-11,水生根茎类,55.726,374.68,81,3,338.46489,81,6.723611958511287,4.1785788888888895,12,5,0,0,0,0,0,0,0,0,0,0,1,0,0,0,1,0,0
2020-12-12,水生根茎类,69.513,569.022,98,3,414.379,98,8.185835742954556,4.228357142857143,12,6,0,0,0,0,0,0,0,0,0,0,1,0,0,0,0,1,0
2020-12-13,水生根茎类,73.578,625.446,117,3,449.68514,117,8.500448503628801,3.843462735042735,12,7,0,0,0,0,0,0,0,0,0,0,1,0,0,0,0,0,1
2020-12-14,水生根茎类,22.631,181.048,39,2,109.17764,39,8.0,2.7994266666666667,12,1,0,0,0,0,0,0,0,0,0,0,1,0,0,0,0,0,0
2020-12-15,水生根茎类,48.224,398.87,78,4,278.13797,78,8.271192767086928,3.56587141025641,12,2,0,0,0,0,0,0,0,0,0,0,1,1,0,0,0,0,0
2020-12-16,水生根茎类,38.283,325.884,57,3,228.75588000000002,57,8.512499020452942,4.013261052631579,12,3,0,0,0,0,0,0,0,0,0,0,1,0,1,0,0,0,0
2020-12-17,水生根茎类,41.824,334.592,70,2,235.43308000000002,70,8.0,3.3633297142857144,12,4,0,0,0,0,0,0,0,0,0,0,1,0,0,1,0,0,0
2020-12-18,水生根茎类,55.335,474.98,76,3,356.12113,76,8.583717357910906,4.685804342105263,12,5,0,0,0,0,0,0,0,0,0,0,1,0,0,0,1,0,0
2020-12-19,水生根茎类,86.825,800.041,125,3,581.36732,125,9.21440829254247,4.650938559999999,12,6,0,0,0,0,0,0,0,0,0,0,1,0,0,0,0,1,0
2020-12-20,水生根茎类,76.108,679.962,103,3,478.5547,103,8.934172491722288,4.646162135922331,12,7,0,0,0,0,0,0,0,0,0,0,1,0,0,0,0,0,1
2020-12-21,水生根茎类,46.846000000000004,393.918,68,3,289.20472,68,8.408786235751185,4.253010588235294,12,1,0,0,0,0,0,0,0,0,0,0,1,0,0,0,0,0,0
2020-12-22,水生根茎类,37.828,314.964,49,2,222.89824000000002,49,8.326213386909167,4.548943673469388,12,2,0,0,0,0,0,0,0,0,0,0,1,1,0,0,0,0,0
2020-12-23,水生根茎类,36.104,293.973,56,2,206.75945,56,8.14239419454908,3.6921330357142854,12,3,0,0,0,0,0,0,0,0,0,0,1,0,1,0,0,0,0
2020-12-24,水生根茎类,52.558,430.377,80,2,301.118,80,8.188610677727462,3.763975,12,4,0,0,0,0,0,0,0,0,0,0,1,0,0,1,0,0,0
2020-12-25,水生根茎类,60.415,514.134,80,3,369.35719,80,8.510038897624762,4.616964875,12,5,0,0,0,0,0,0,0,0,0,0,1,0,0,0,1,0,0
2020-12-26,水生根茎类,103.905,876.732,144,4,625.5935000000001,144,8.437823011404648,4.344399305555556,12,6,0,0,0,0,0,0,0,0,0,0,1,0,0,0,0,1,0
2020-12-27,水生根茎类,93.232,761.976,129,3,540.09112,129,8.172902007894285,4.186752868217055,12,7,0,0,0,0,0,0,0,0,0,0,1,0,0,0,0,0,1
2020-12-28,水生根茎类,55.486000000000004,468.63300000000004,73,3,333.78772000000004,73,8.445968352377177,4.5724345205479455,12,1,0,0,0,0,0,0,0,0,0,0,1,0,0,0,0,0,0
2020-12-29,水生根茎类,51.913,417.54,68,4,321.85428,68,8.043072062874426,4.733151176470589,12,2,0,0,0,0,0,0,0,0,0,0,1,1,0,0,0,0,0
2020-12-30,水生根茎类,74.772,618.482,100,4,467.95852,100,8.271572246295404,4.6795852,12,3,0,0,0,0,0,0,0,0,0,0,1,0,1,0,0,0,0
2020-12-31,水生根茎类,72.72,530.147,91,4,449.53928,91,7.290250275027503,4.939992087912088,12,4,0,0,0,0,0,0,0,0,0,0,1,0,0,1,0,0,0
2021-01-01,水生根茎类,91.569,628.009,123,3,543.5425600000001,123,6.858314495080212,4.4190452032520335,1,5,0,0,0,0,0,0,0,0,0,0,0,0,0,0,1,0,0
2021-01-02,水生根茎类,95.19,717.969,123,3,604.05345,123,7.542483454144343,4.911003658536585,1,6,0,0,0,0,0,0,0,0,0,0,0,0,0,0,0,1,0
2021-01-03,水生根茎类,71.854,509.62600000000003,109,3,432.53927999999996,109,7.092520945250091,3.9682502752293574,1,7,0,0,0,0,0,0,0,0,0,0,0,0,0,0,0,0,1
2021-01-04,水生根茎类,68.248,617.937,102,4,466.3096,102,9.054287305122495,4.571662745098039,1,1,0,0,0,0,0,0,0,0,0,0,0,0,0,0,0,0,0
2021-01-05,水生根茎类,89.144,777.987,112,4,562.34856,112,8.727306380687427,5.020969285714286,1,2,0,0,0,0,0,0,0,0,0,0,0,1,0,0,0,0,0
2021-01-06,水生根茎类,49.852,436.277,64,4,325.0853,64,8.75144427505416,5.0794578125,1,3,0,0,0,0,0,0,0,0,0,0,0,0,1,0,0,0,0
2021-01-07,水生根茎类,54.723,502.225,71,3,384.95986,71,9.177585293203956,5.421969859154929,1,4,0,0,0,0,0,0,0,0,0,0,0,0,0,1,0,0,0
2021-01-08,水生根茎类,53.903999999999996,455.226,70,3,366.4037,70,8.445124666073019,5.234338571428571,1,5,0,0,0,0,0,0,0,0,0,0,0,0,0,0,1,0,0
2021-01-09,水生根茎类,90.49,810.582,111,3,638.99008,111,8.957696983092054,5.756667387387387,1,6,0,0,0,0,0,0,0,0,0,0,0,0,0,0,0,1,0
2021-01-10,水生根茎类,79.563,727.418,98,3,550.4626,98,9.142666817490541,5.616965306122449,1,7,0,0,0,0,0,0,0,0,0,0,0,0,0,0,0,0,1
2021-01-11,水生根茎类,47.911,407.988,57,3,333.1608,57,8.51553922898708,5.844926315789474,1,1,0,0,0,0,0,0,0,0,0,0,0,0,0,0,0,0,0
2021-01-12,水生根茎类,55.595,526.502,68,3,376.81615,68,9.470312078424318,5.541413970588235,1,2,0,0,0,0,0,0,0,0,0,0,0,1,0,0,0,0,0
2021-01-13,水生根茎类,40.616,395.36,56,3,281.7245,56,9.734094937955486,5.030794642857143,1,3,0,0,0,0,0,0,0,0,0,0,0,0,1,0,0,0,0
2021-01-14,水生根茎类,43.51,400.165,55,3,302.36905,55,9.197081130774535,5.497619090909091,1,4,0,0,0,0,0,0,0,0,0,0,0,0,0,1,0,0,0
2021-01-15,水生根茎类,51.428,466.595,60,3,353.3374,60,9.07278136423738,5.888956666666667,1,5,0,0,0,0,0,0,0,0,0,0,0,0,0,0,1,0,0
2021-01-16,水生根茎类,82.624,755.797,98,3,572.14092,98,9.14742689775368,5.838172653061225,1,6,0,0,0,0,0,0,0,0,0,0,0,0,0,0,0,1,0
2021-01-17,水生根茎类,67.482,660.164,74,3,478.20816,74,9.782816158382976,6.4622724324324325,1,7,0,0,0,0,0,0,0,0,0,0,0,0,0,0,0,0,1
2021-01-18,水生根茎类,48.095,458.298,58,3,323.79438,58,9.529015490175695,5.582661724137931,1,1,0,0,0,0,0,0,0,0,0,0,0,0,0,0,0,0,0
2021-01-19,水生根茎类,42.265,403.182,60,3,284.6955,60,9.539382467762925,4.744924999999999,1,2,0,0,0,0,0,0,0,0,0,0,0,1,0,0,0,0,0
2021-01-20,水生根茎类,44.546,431.904,62,3,305.28216000000003,62,9.695685358954789,4.9239058064516135,1,3,0,0,0,0,0,0,0,0,0,0,0,0,1,0,0,0,0
2021-01-21,水生根茎类,48.089,463.746,63,3,329.30976,63,9.64349435421822,5.227139047619048,1,4,0,0,0,0,0,0,0,0,0,0,0,0,0,1,0,0,0
2021-01-22,水生根茎类,48.728,466.808,64,3,332.84924,64,9.579871942209817,5.200769375,1,5,0,0,0,0,0,0,0,0,0,0,0,0,0,0,1,0,0
2021-01-23,水生根茎类,66.893,659.236,90,3,476.66686,90,9.85508199662147,5.296298444444444,1,6,0,0,0,0,0,0,0,0,0,0,0,0,0,0,0,1,0
2021-01-24,水生根茎类,88.664,864.742,116,3,625.92958,116,9.753022647297662,5.395944655172413,1,7,0,0,0,0,0,0,0,0,0,0,0,0,0,0,0,0,1
2021-01-25,水生根茎类,86.892,853.792,103,3,618.81774,103,9.825898816922157,6.00793922330097,1,1,0,0,0,0,0,0,0,0,0,0,0,0,0,0,0,0,0
2021-01-26,水生根茎类,59.222,567.5600000000001,79,3,401.5484,79,9.583600688933167,5.082891139240506,1,2,0,0,0,0,0,0,0,0,0,0,0,1,0,0,0,0,0
2021-01-27,水生根茎类,50.075,491.68,65,3,349.87485,65,9.818871692461308,5.382689999999999,1,3,0,0,0,0,0,0,0,0,0,0,0,0,1,0,0,0,0
2021-01-28,水生根茎类,58.18,578.496,74,3,413.24464,74,9.943210725335167,5.584387027027027,1,4,0,0,0,0,0,0,0,0,0,0,0,0,0,1,0,0,0
2021-01-29,水生根茎类,48.372,465.074,61,3,330.24266,61,9.614529066402051,5.413814098360656,1,5,0,0,0,0,0,0,0,0,0,0,0,0,0,0,1,0,0
2021-01-30,水生根茎类,39.938,390.786,55,3,276.25074,55,9.784816465521558,5.022740727272727,1,6,0,0,0,0,0,0,0,0,0,0,0,0,0,0,0,1,0
2021-01-31,水生根茎类,47.573,455.304,60,3,322.72309,60,9.570638807727072,5.378718166666667,1,7,0,0,0,0,0,0,0,0,0,0,0,0,0,0,0,0,1
2021-02-01,水生根茎类,50.34,467.50100000000003,62,3,358.22796,62,9.286869288835916,5.777870322580645,2,1,1,0,0,0,0,0,0,0,0,0,0,0,0,0,0,0,0
2021-02-02,水生根茎类,47.323,427.89,55,3,333.14848,55,9.041903514147455,6.057245090909091,2,2,1,0,0,0,0,0,0,0,0,0,0,1,0,0,0,0,0
2021-02-03,水生根茎类,36.091,326.482,49,3,255.90328,49,9.046077969576903,5.222515918367347,2,3,1,0,0,0,0,0,0,0,0,0,0,0,1,0,0,0,0
2021-02-04,水生根茎类,61.4,550.876,74,3,427.45188,74,8.971921824104234,5.776376756756757,2,4,1,0,0,0,0,0,0,0,0,0,0,0,0,1,0,0,0
2021-02-05,水生根茎类,56.39,545.336,69,3,398.55108,69,9.670792693740024,5.776102608695652,2,5,1,0,0,0,0,0,0,0,0,0,0,0,0,0,1,0,0
2021-02-06,水生根茎类,55.472,552.268,67,3,410.0464,67,9.955797519469282,6.12009552238806,2,6,1,0,0,0,0,0,0,0,0,0,0,0,0,0,0,1,0
2021-02-07,水生根茎类,101.527,1108.601,99,3,789.3004500000001,99,10.9192727057827,7.972731818181819,2,7,1,0,0,0,0,0,0,0,0,0,0,0,0,0,0,0,1
2021-02-08,水生根茎类,124.55,1386.664,118,3,991.95512,118,11.133392211963066,8.406399322033899,2,1,1,0,0,0,0,0,0,0,0,0,0,0,0,0,0,0,0
2021-02-09,水生根茎类,211.431,2786.782,203,3,1702.0274,203,13.180574277187356,8.384371428571429,2,2,1,0,0,0,0,0,0,0,0,0,0,1,0,0,0,0,0
2021-02-10,水生根茎类,296.79200000000003,4272.252,296,4,2634.11744,296,14.394768053047251,8.899045405405406,2,3,1,0,0,0,0,0,0,0,0,0,0,0,1,0,0,0,0
2021-02-13,水生根茎类,50.0,645.0,50,1,425.0,50,12.9,8.5,2,6,1,0,0,0,0,0,0,0,0,0,0,0,0,0,0,1,0
2021-02-14,水生根茎类,34.891,504.516,44,3,327.5656,44,14.459774727006966,7.444672727272728,2,7,1,0,0,0,0,0,0,0,0,0,0,0,0,0,0,0,1
2021-02-15,水生根茎类,68.394,948.224,88,4,672.58206,88,13.864140129251103,7.642977954545454,2,1,1,0,0,0,0,0,0,0,0,0,0,0,0,0,0,0,0
2021-02-16,水生根茎类,67.819,949.466,84,1,578.4960699999999,84,14.0,6.886857976190475,2,2,1,0,0,0,0,0,0,0,0,0,0,1,0,0,0,0,0
2021-02-17,水生根茎类,53.632,643.5840000000001,70,1,448.89984,70,12.000000000000002,6.4128548571428565,2,3,1,0,0,0,0,0,0,0,0,0,0,0,1,0,0,0,0
2021-02-18,水生根茎类,62.327,747.924,83,1,498.616,83,12.0,6.007421686746988,2,4,1,0,0,0,0,0,0,0,0,0,0,0,0,1,0,0,0
2021-02-19,水生根茎类,53.631,622.65,69,2,416.70402,69,11.609889802539575,6.039188695652174,2,5,1,0,0,0,0,0,0,0,0,0,0,0,0,0,1,0,0
2021-02-20,水生根茎类,60.612,726.5,80,3,484.4918,80,11.986075364614267,6.0561475,2,6,1,0,0,0,0,0,0,0,0,0,0,0,0,0,0,1,0
2021-02-21,水生根茎类,38.554,465.296,57,3,312.19598,57,12.068682886341234,5.477122456140351,2,7,1,0,0,0,0,0,0,0,0,0,0,0,0,0,0,0,1
2021-02-22,水生根茎类,40.444,418.94,53,3,324.51246,53,10.358520423301353,6.122876603773585,2,1,1,0,0,0,0,0,0,0,0,0,0,0,0,0,0,0,0
2021-02-23,水生根茎类,44.084,507.54,59,3,363.53,59,11.51302059704201,6.161525423728813,2,2,1,0,0,0,0,0,0,0,0,0,0,1,0,0,0,0,0
2021-02-24,水生根茎类,54.382,587.32,80,3,401.53416,80,10.799897024750837,5.019177,2,3,1,0,0,0,0,0,0,0,0,0,0,0,1,0,0,0,0
2021-02-25,水生根茎类,74.027,856.6824,94,4,581.50514,94,11.572566766179907,6.186224893617021,2,4,1,0,0,0,0,0,0,0,0,0,0,0,0,1,0,0,0
2021-02-26,水生根茎类,72.508,829.48,89,3,559.56096,89,11.439841120979755,6.287201797752809,2,5,1,0,0,0,0,0,0,0,0,0,0,0,0,0,1,0,0
2021-02-27,水生根茎类,45.651,494.21,66,3,338.34438,66,10.825830759457624,5.12643,2,6,1,0,0,0,0,0,0,0,0,0,0,0,0,0,0,1,0
2021-02-28,水生根茎类,49.705,495.15,71,3,375.58178,71,9.961774469369278,5.289884225352113,2,7,1,0,0,0,0,0,0,0,0,0,0,0,0,0,0,0,1
2021-03-01,水生根茎类,29.048,289.98,36,2,210.836,36,9.98278711098871,5.8565555555555555,3,1,0,1,0,0,0,0,0,0,0,0,0,0,0,0,0,0,0
2021-03-02,水生根茎类,46.406,461.56,59,2,362.342,59,9.946127655906563,6.141389830508475,3,2,0,1,0,0,0,0,0,0,0,0,0,1,0,0,0,0,0
2021-03-03,水生根茎类,20.757,206.27,28,2,147.769,28,9.93737052560582,5.277464285714286,3,3,0,1,0,0,0,0,0,0,0,0,0,0,1,0,0,0,0
2021-03-04,水生根茎类,28.177,280.77,37,2,197.239,37,9.964510061397593,5.330783783783784,3,4,0,1,0,0,0,0,0,0,0,0,0,0,0,1,0,0,0
2021-03-05,水生根茎类,35.138,349.68,47,2,240.5246,47,9.951619329500826,5.117544680851064,3,5,0,1,0,0,0,0,0,0,0,0,0,0,0,0,1,0,0
2021-03-06,水生根茎类,61.735,613.85,75,2,421.18365,75,9.943306066250912,5.615782,3,6,0,1,0,0,0,0,0,0,0,0,0,0,0,0,0,1,0
2021-03-07,水生根茎类,36.889,367.89,49,2,247.73629000000003,49,9.972891647916722,5.055842653061225,3,7,0,1,0,0,0,0,0,0,0,0,0,0,0,0,0,0,1
2021-03-08,水生根茎类,26.921,268.91,42,2,178.87859999999998,42,9.988856283198992,4.259014285714285,3,1,0,1,0,0,0,0,0,0,0,0,0,0,0,0,0,0,0
2021-03-09,水生根茎类,42.608,389.86400000000003,59,2,285.2128,59,9.150018775816749,4.834115254237289,3,2,0,1,0,0,0,0,0,0,0,0,0,1,0,0,0,0,0
2021-03-10,水生根茎类,24.891000000000002,199.12800000000001,35,1,164.2806,35,8.0,4.693731428571429,3,3,0,1,0,0,0,0,0,0,0,0,0,0,1,0,0,0,0
2021-03-11,水生根茎类,31.801,288.3406,53,3,210.93737,53,9.067029338700042,3.9799503773584903,3,4,0,1,0,0,0,0,0,0,0,0,0,0,0,1,0,0,0
2021-03-12,水生根茎类,21.764,183.912,30,2,144.6824,30,8.450284874104026,4.822746666666666,3,5,0,1,0,0,0,0,0,0,0,0,0,0,0,0,1,0,0
2021-03-13,水生根茎类,47.086,517.26,60,2,317.1676,60,10.985430913647368,5.286126666666666,3,6,0,1,0,0,0,0,0,0,0,0,0,0,0,0,0,1,0
2021-03-14,水生根茎类,30.295,329.05,41,2,208.047,41,10.861528305000824,5.074317073170731,3,7,0,1,0,0,0,0,0,0,0,0,0,0,0,0,0,0,1
2021-03-15,水生根茎类,22.597,240.47,29,2,153.6402,29,10.64167809886268,5.2979379310344825,3,1,0,1,0,0,0,0,0,0,0,0,0,0,0,0,0,0,0
2021-03-16,水生根茎类,19.772,209.32,26,2,134.0952,26,10.586688246004451,5.157507692307693,3,2,0,1,0,0,0,0,0,0,0,0,0,1,0,0,0,0,0
2021-03-17,水生根茎类,19.493,214.234,29,3,135.74949,29,10.99030421176833,4.681016896551724,3,3,0,1,0,0,0,0,0,0,0,0,0,0,1,0,0,0,0
2021-03-18,水生根茎类,20.852,223.02,30,2,142.1232,30,10.695376942259736,4.73744,3,4,0,1,0,0,0,0,0,0,0,0,0,0,0,1,0,0,0
2021-03-19,水生根茎类,39.292,439.32,46,2,273.7272,46,11.180901964776544,5.950591304347825,3,5,0,1,0,0,0,0,0,0,0,0,0,0,0,0,1,0,0
2021-03-20,水生根茎类,39.984,458.16,56,3,286.8864,56,11.458583433373349,5.122971428571428,3,6,0,1,0,0,0,0,0,0,0,0,0,0,0,0,0,1,0
2021-03-21,水生根茎类,41.705,455.178,64,3,295.38916,64,10.91423090756504,4.615455625,3,7,0,1,0,0,0,0,0,0,0,0,0,0,0,0,0,0,1
2021-03-22,水生根茎类,10.113,113.974,17,3,71.32817999999999,17,11.270048452486899,4.195775294117646,3,1,0,1,0,0,0,0,0,0,0,0,0,0,0,0,0,0,0
2021-03-23,水生根茎类,13.349,144.41,23,3,92.13059999999999,23,10.818038804404823,4.005678260869565,3,2,0,1,0,0,0,0,0,0,0,0,0,1,0,0,0,0,0
2021-03-24,水生根茎类,14.013,151.254,21,3,97.70647,21,10.79383429672447,4.652689047619047,3,3,0,1,0,0,0,0,0,0,0,0,0,0,1,0,0,0,0
2021-03-25,水生根茎类,15.827,172.666,24,3,110.73244,24,10.909584886586213,4.613851666666666,3,4,0,1,0,0,0,0,0,0,0,0,0,0,0,1,0,0,0
2021-03-26,水生根茎类,40.178,442.704,52,3,278.31723,52,11.018567375180448,5.352254423076923,3,5,0,1,0,0,0,0,0,0,0,0,0,0,0,0,1,0,0
2021-03-27,水生根茎类,43.191,489.498,52,3,303.02518,52,11.333333333333332,5.827407307692307,3,6,0,1,0,0,0,0,0,0,0,0,0,0,0,0,0,1,0
2021-03-28,水生根茎类,30.71,326.12,46,3,208.38379999999998,46,10.619342233800065,4.530082608695651,3,7,0,1,0,0,0,0,0,0,0,0,0,0,0,0,0,0,1
2021-03-29,水生根茎类,15.5,174.404,25,3,109.04097,25,11.251870967741935,4.3616388,3,1,0,1,0,0,0,0,0,0,0,0,0,0,0,0,0,0,0
2021-03-30,水生根茎类,14.905,167.594,23,3,109.16748000000001,23,11.244146259644415,4.746412173913044,3,2,0,1,0,0,0,0,0,0,0,0,0,1,0,0,0,0,0
2021-03-31,水生根茎类,19.503,233.866,26,3,143.76935,26,11.991283392298621,5.529590384615385,3,3,0,1,0,0,0,0,0,0,0,0,0,0,1,0,0,0,0
2021-04-01,水生根茎类,20.743,263.764,25,4,140.7477,25,12.715807742370922,5.629908,4,4,0,0,1,0,0,0,0,0,0,0,0,0,0,1,0,0,0
2021-04-02,水生根茎类,37.764,452.092,49,4,273.90656,49,11.97150725558733,5.589929795918367,4,5,0,0,1,0,0,0,0,0,0,0,0,0,0,0,1,0,0
2021-04-03,水生根茎类,38.786,387.236,50,3,283.6566,50,9.983911720723972,5.673132000000001,4,6,0,0,1,0,0,0,0,0,0,0,0,0,0,0,0,1,0
2021-04-04,水生根茎类,33.95,339.334,47,3,247.96555,47,9.995110456553755,5.275862765957447,4,7,0,0,1,0,0,0,0,0,0,0,0,0,0,0,0,0,1
2021-04-05,水生根茎类,24.241,207.204,32,3,174.905,32,8.547667175446557,5.46578125,4,1,0,0,1,0,0,0,0,0,0,0,0,0,0,0,0,0,0
2021-04-06,水生根茎类,3.622,36.88,7,2,26.1477,7,10.182219768083932,3.7353857142857145,4,2,0,0,1,0,0,0,0,0,0,0,0,1,0,0,0,0,0
2021-04-07,水生根茎类,17.735,179.988,31,2,128.10089000000002,31,10.14874541866366,4.132286774193549,4,3,0,0,1,0,0,0,0,0,0,0,0,0,1,0,0,0,0
2021-04-08,水生根茎类,9.582,104.72800000000001,22,2,68.92359,22,10.929659778751827,3.132890454545455,4,4,0,0,1,0,0,0,0,0,0,0,0,0,0,1,0,0,0
2021-04-09,水生根茎类,24.627,275.834,30,3,179.3649,30,11.200471027733789,5.97883,4,5,0,0,1,0,0,0,0,0,0,0,0,0,0,0,1,0,0
2021-04-10,水生根茎类,22.753,261.897,36,3,164.88864,36,11.510438183975738,4.58024,4,6,0,0,1,0,0,0,0,0,0,0,0,0,0,0,0,1,0
2021-04-11,水生根茎类,22.196,258.365,38,3,161.5645,38,11.640160389259325,4.251697368421053,4,7,0,0,1,0,0,0,0,0,0,0,0,0,0,0,0,0,1
2021-04-12,水生根茎类,4.178,46.268,10,2,29.75268,10,11.074198180947823,2.9752680000000002,4,1,0,0,1,0,0,0,0,0,0,0,0,0,0,0,0,0,0
2021-04-13,水生根茎类,5.553,57.598,12,2,41.00986,12,10.372411309202233,3.4174883333333335,4,2,0,0,1,0,0,0,0,0,0,0,0,1,0,0,0,0,0
2021-04-14,水生根茎类,19.197,214.15800000000002,30,3,141.53735,30,11.15580559462416,4.717911666666667,4,3,0,0,1,0,0,0,0,0,0,0,0,0,1,0,0,0,0
2021-04-15,水生根茎类,17.098,187.468,25,3,124.56924,25,10.964323312668148,4.9827696,4,4,0,0,1,0,0,0,0,0,0,0,0,0,0,1,0,0,0
2021-04-16,水生根茎类,19.018,213.454,28,3,136.5017,28,11.223787990324956,4.8750607142857145,4,5,0,0,1,0,0,0,0,0,0,0,0,0,0,0,1,0,0
2021-04-17,水生根茎类,35.302,410.044,45,3,256.05288,45,11.615319245368534,5.6900640000000005,4,6,0,0,1,0,0,0,0,0,0,0,0,0,0,0,0,1,0
2021-04-18,水生根茎类,22.237,253.65800000000002,29,3,161.562,29,11.407024328821336,5.571103448275863,4,7,0,0,1,0,0,0,0,0,0,0,0,0,0,0,0,0,1
2021-04-19,水生根茎类,12.658,143.086,20,3,91.37382000000001,20,11.303997471954496,4.568691,4,1,0,0,1,0,0,0,0,0,0,0,0,0,0,0,0,0,0
2021-04-20,水生根茎类,12.167,126.24,20,3,86.8503,20,10.375606147776773,4.342515000000001,4,2,0,0,1,0,0,0,0,0,0,0,0,1,0,0,0,0,0
2021-04-21,水生根茎类,13.078,132.784,24,2,93.03936,24,10.153234439516746,3.87664,4,3,0,0,1,0,0,0,0,0,0,0,0,0,1,0,0,0,0
2021-04-22,水生根茎类,11.64,119.05799999999999,19,2,82.45242,19,10.228350515463916,4.339601052631579,4,4,0,0,1,0,0,0,0,0,0,0,0,0,0,1,0,0,0
2021-04-23,水生根茎类,10.413,104.13,19,2,73.73060000000001,19,10.0,3.8805578947368424,4,5,0,0,1,0,0,0,0,0,0,0,0,0,0,0,1,0,0
2021-04-24,水生根茎类,17.178,171.78,22,2,121.55740000000002,22,10.0,5.525336363636364,4,6,0,0,1,0,0,0,0,0,0,0,0,0,0,0,0,1,0
2021-04-25,水生根茎类,11.454,114.53999999999999,17,2,81.77850000000001,17,9.999999999999998,4.8105,4,7,0,0,1,0,0,0,0,0,0,0,0,0,0,0,0,0,1
2021-04-26,水生根茎类,11.871,122.95,24,2,82.14280000000001,24,10.35717294246483,3.422616666666667,4,1,0,0,1,0,0,0,0,0,0,0,0,0,0,0,0,0,0
2021-04-27,水生根茎类,9.127,91.904,16,2,65.54322,16,10.069464227018734,4.09645125,4,2,0,0,1,0,0,0,0,0,0,0,0,1,0,0,0,0,0
2021-04-28,水生根茎类,7.359,76.344,16,2,52.50285,16,10.37423562984101,3.281428125,4,3,0,0,1,0,0,0,0,0,0,0,0,0,1,0,0,0,0
2021-04-29,水生根茎类,8.818,92.688,19,2,62.58800000000001,19,10.511227035608982,3.294105263157895,4,4,0,0,1,0,0,0,0,0,0,0,0,0,0,1,0,0,0
2021-04-30,水生根茎类,14.856,152.616,22,2,104.30652,22,10.27302100161551,4.7412054545454545,4,5,0,0,1,0,0,0,0,0,0,0,0,0,0,0,1,0,0
2021-05-01,水生根茎类,18.075,183.172,29,2,128.55359,29,10.133997233748271,4.432882413793104,5,6,0,0,0,1,0,0,0,0,0,0,0,0,0,0,0,1,0
2021-05-02,水生根茎类,17.439,178.264,25,2,123.00396,25,10.222145765238833,4.9201584,5,7,0,0,0,1,0,0,0,0,0,0,0,0,0,0,0,0,1
2021-05-03,水生根茎类,18.743000000000002,189.584,28,2,133.51719,28,10.114922904551031,4.768471071428571,5,1,0,0,0,1,0,0,0,0,0,0,0,0,0,0,0,0,0
2021-05-04,水生根茎类,8.799,90.276,15,2,63.38709,15,10.259802250255712,4.225806,5,2,0,0,0,1,0,0,0,0,0,0,0,1,0,0,0,0,0
2021-05-05,水生根茎类,15.352,159.05,27,2,109.56665,27,10.360213652944243,4.058024074074074,5,3,0,0,0,1,0,0,0,0,0,0,0,0,1,0,0,0,0
2021-05-06,水生根茎类,5.992,62.32599999999999,12,2,42.51684,12,10.401535380507342,3.54307,5,4,0,0,0,1,0,0,0,0,0,0,0,0,0,1,0,0,0
2021-05-07,水生根茎类,6.436,68.434,15,2,45.34107,15,10.633001864512119,3.022738,5,5,0,0,0,1,0,0,0,0,0,0,0,0,0,0,1,0,0
2021-05-08,水生根茎类,11.457,119.76400000000001,25,2,81.99697,25,10.453347298594746,3.2798788,5,6,0,0,0,1,0,0,0,0,0,0,0,0,0,0,0,1,0
2021-05-09,水生根茎类,21.145,286.11,31,3,206.1472,31,13.530858358950107,6.6499096774193545,5,7,0,0,0,1,0,0,0,0,0,0,0,0,0,0,0,0,1
2021-05-10,水生根茎类,8.06,113.40599999999999,13,3,81.09034,13,14.070223325062033,6.237718461538462,5,1,0,0,0,1,0,0,0,0,0,0,0,0,0,0,0,0,0
2021-05-11,水生根茎类,8.963000000000001,119.33,17,3,87.63372,17,13.313622670980697,5.154924705882353,5,2,0,0,0,1,0,0,0,0,0,0,0,1,0,0,0,0,0
2021-05-12,水生根茎类,6.081,70.71,10,3,51.02192,10,11.62802170695609,5.1021920000000005,5,3,0,0,0,1,0,0,0,0,0,0,0,0,1,0,0,0,0
2021-05-13,水生根茎类,14.949,179.19,28,3,123.03152,28,11.986754966887418,4.393982857142857,5,4,0,0,0,1,0,0,0,0,0,0,0,0,0,1,0,0,0
2021-05-14,水生根茎类,11.411999999999999,124.02,24,3,85.22670000000001,24,10.867507886435332,3.5511125000000003,5,5,0,0,0,1,0,0,0,0,0,0,0,0,0,0,1,0,0
2021-05-15,水生根茎类,12.399000000000001,123.99,19,2,84.15192,19,9.999999999999998,4.429048421052632,5,6,0,0,0,1,0,0,0,0,0,0,0,0,0,0,0,1,0
2021-05-16,水生根茎类,6.386,63.86,18,2,42.94953,18,10.0,2.386085,5,7,0,0,0,1,0,0,0,0,0,0,0,0,0,0,0,0,1
2021-05-17,水生根茎类,5.011,50.11,12,2,33.13233,12,10.0,2.7610275000000004,5,1,0,0,0,1,0,0,0,0,0,0,0,0,0,0,0,0,0
2021-05-18,水生根茎类,12.309000000000001,123.09,23,3,106.04919000000001,23,10.0,4.610834347826088,5,2,0,0,0,1,0,0,0,0,0,0,0,1,0,0,0,0,0
2021-05-19,水生根茎类,12.199,121.99,28,2,73.69415000000001,28,10.0,2.6319339285714287,5,3,0,0,0,1,0,0,0,0,0,0,0,0,1,0,0,0,0
2021-05-20,水生根茎类,9.406,94.06,29,2,50.00636,29,10.0,1.7243572413793105,5,4,0,0,0,1,0,0,0,0,0,0,0,0,0,1,0,0,0
2021-05-21,水生根茎类,4.178,41.78,8,2,27.396340000000002,8,10.0,3.4245425000000003,5,5,0,0,0,1,0,0,0,0,0,0,0,0,0,0,1,0,0
2021-05-22,水生根茎类,9.18,91.8,19,2,63.74656,19,10.0,3.355082105263158,5,6,0,0,0,1,0,0,0,0,0,0,0,0,0,0,0,1,0
2021-05-23,水生根茎类,17.229,202.29000000000002,31,3,269.69824,31,11.74125021765628,8.699943225806452,5,7,0,0,0,1,0,0,0,0,0,0,0,0,0,0,0,0,1
2021-05-24,水生根茎类,4.28,42.8,9,2,28.33321,9,9.999999999999998,3.1481344444444446,5,1,0,0,0,1,0,0,0,0,0,0,0,0,0,0,0,0,0
2021-05-25,水生根茎类,5.412,54.12,11,2,36.06506,11,10.0,3.278641818181818,5,2,0,0,0,1,0,0,0,0,0,0,0,1,0,0,0,0,0
2021-05-26,水生根茎类,4.008,40.08,9,2,24.17554,9,10.0,2.6861711111111113,5,3,0,0,0,1,0,0,0,0,0,0,0,0,1,0,0,0,0
2021-05-27,水生根茎类,8.319,83.19,17,2,56.0272,17,9.999999999999998,3.2957176470588236,5,4,0,0,0,1,0,0,0,0,0,0,0,0,0,1,0,0,0
2021-05-28,水生根茎类,6.205,62.050000000000004,14,2,38.4214,14,10.0,2.744385714285714,5,5,0,0,0,1,0,0,0,0,0,0,0,0,0,0,1,0,0
2021-05-29,水生根茎类,9.57,95.7,19,2,61.72028,19,10.0,3.2484357894736844,5,6,0,0,0,1,0,0,0,0,0,0,0,0,0,0,0,1,0
2021-05-30,水生根茎类,4.719,47.19,12,2,29.63634,12,9.999999999999998,2.469695,5,7,0,0,0,1,0,0,0,0,0,0,0,0,0,0,0,0,1
2021-05-31,水生根茎类,5.404,54.04,15,2,30.66,15,10.0,2.044,5,1,0,0,0,1,0,0,0,0,0,0,0,0,0,0,0,0,0
2021-06-01,水生根茎类,7.217,72.17,20,2,42.46123,20,10.0,2.1230615,6,2,0,0,0,0,1,0,0,0,0,0,0,1,0,0,0,0,0
2021-06-02,水生根茎类,8.681,86.81,22,2,44.73832,22,10.000000000000002,2.03356,6,3,0,0,0,0,1,0,0,0,0,0,0,0,1,0,0,0,0
2021-06-03,水生根茎类,11.019,110.19,28,2,61.067220000000006,28,10.0,2.180972142857143,6,4,0,0,0,0,1,0,0,0,0,0,0,0,0,1,0,0,0
2021-06-04,水生根茎类,13.461,150.706,31,2,92.12409000000001,31,11.195750687170342,2.971744838709678,6,5,0,0,0,0,1,0,0,0,0,0,0,0,0,0,1,0,0
2021-06-05,水生根茎类,19.495,216.074,43,2,132.67275,43,11.083559887150551,3.0854127906976747,6,6,0,0,0,0,1,0,0,0,0,0,0,0,0,0,0,1,0
2021-06-06,水生根茎类,7.182,94.656,15,2,56.91189000000001,15,13.179615705931495,3.7941260000000003,6,7,0,0,0,0,1,0,0,0,0,0,0,0,0,0,0,0,1
2021-06-07,水生根茎类,8.757,101.11,21,2,54.59706,21,11.546191618134065,2.59986,6,1,0,0,0,0,1,0,0,0,0,0,0,0,0,0,0,0,0
2021-06-08,水生根茎类,7.394,82.376,19,2,43.0796,19,11.140925074384636,2.2673473684210528,6,2,0,0,0,0,1,0,0,0,0,0,0,1,0,0,0,0,0
2021-06-09,水生根茎类,7.943,110.01899999999999,20,3,69.65755999999999,20,13.851063829787234,3.4828779999999995,6,3,0,0,0,0,1,0,0,0,0,0,0,0,1,0,0,0,0
2021-06-10,水生根茎类,10.34,174.5224,30,3,108.93844999999999,30,16.878375241779498,3.6312816666666663,6,4,0,0,0,0,1,0,0,0,0,0,0,0,0,1,0,0,0
2021-06-11,水生根茎类,6.744,112.4228,21,3,76.77295,21,16.670047449584818,3.6558547619047617,6,5,0,0,0,0,1,0,0,0,0,0,0,0,0,0,1,0,0
2021-06-12,水生根茎类,22.347,366.9466,48,3,231.43364,48,16.420396473799613,4.821534166666667,6,6,0,0,0,0,1,0,0,0,0,0,0,0,0,0,0,1,0
2021-06-13,水生根茎类,11.431000000000001,220.9804,29,3,135.76547,29,19.33167701863354,4.681567931034483,6,7,0,0,0,0,1,0,0,0,0,0,0,0,0,0,0,0,1
2021-06-14,水生根茎类,14.049,258.692,36,3,186.59214,36,18.413552566018936,5.183115,6,1,0,0,0,0,1,0,0,0,0,0,0,0,0,0,0,0,0
2021-06-15,水生根茎类,9.998,187.7056,31,3,134.35722,31,18.774314862972595,4.334103870967742,6,2,0,0,0,0,1,0,0,0,0,0,0,1,0,0,0,0,0
2021-06-16,水生根茎类,5.187,68.2764,19,3,42.84597,19,13.162984384037014,2.255051052631579,6,3,0,0,0,0,1,0,0,0,0,0,0,0,1,0,0,0,0
2021-06-17,水生根茎类,9.409,136.409,26,3,89.778,26,14.497714953767668,3.4530000000000003,6,4,0,0,0,0,1,0,0,0,0,0,0,0,0,1,0,0,0
2021-06-18,水生根茎类,7.902,140.6044,24,3,102.33618,24,17.79352062768919,4.2640075,6,5,0,0,0,0,1,0,0,0,0,0,0,0,0,0,1,0,0
2021-06-19,水生根茎类,10.313,186.3838,33,3,131.18244,33,18.072704353728305,3.975225454545455,6,6,0,0,0,0,1,0,0,0,0,0,0,0,0,0,0,1,0
2021-06-20,水生根茎类,10.001,199.12019999999998,36,3,134.00936,36,19.91002899710029,3.722482222222222,6,7,0,0,0,0,1,0,0,0,0,0,0,0,0,0,0,0,1
2021-06-21,水生根茎类,9.9,156.4032,29,3,104.0528,29,15.79830303030303,3.5880275862068967,6,1,0,0,0,0,1,0,0,0,0,0,0,0,0,0,0,0,0
2021-06-22,水生根茎类,13.91,202.1816,37,3,127.98812,37,14.534982027318476,3.4591383783783782,6,2,0,0,0,0,1,0,0,0,0,0,0,1,0,0,0,0,0
2021-06-23,水生根茎类,10.931000000000001,141.3774,33,3,87.40148,33,12.933619979873752,2.648529696969697,6,3,0,0,0,0,1,0,0,0,0,0,0,0,1,0,0,0,0
2021-06-24,水生根茎类,6.119,110.9536,17,3,71.21972000000001,17,18.132636051642425,4.189395294117648,6,4,0,0,0,0,1,0,0,0,0,0,0,0,0,1,0,0,0
2021-06-25,水生根茎类,10.916,127.979,31,3,81.78278,31,11.723983144008795,2.638154193548387,6,5,0,0,0,0,1,0,0,0,0,0,0,0,0,0,1,0,0
2021-06-26,水生根茎类,20.953,260.1548,56,3,174.29730999999998,56,12.416112251228942,3.112451964285714,6,6,0,0,0,0,1,0,0,0,0,0,0,0,0,0,0,1,0
2021-06-27,水生根茎类,19.982,276.0006,55,3,188.65845000000002,55,13.812461215093586,3.4301536363636367,6,7,0,0,0,0,1,0,0,0,0,0,0,0,0,0,0,0,1
2021-06-28,水生根茎类,9.933,128.496,26,3,79.1486,26,12.936273029296286,3.044176923076923,6,1,0,0,0,0,1,0,0,0,0,0,0,0,0,0,0,0,0
2021-06-29,水生根茎类,9.52,104.011,28,3,62.45321,28,10.925525210084034,2.2304717857142857,6,2,0,0,0,0,1,0,0,0,0,0,0,1,0,0,0,0,0
2021-06-30,水生根茎类,7.464,109.7642,20,3,71.26752,20,14.705814576634511,3.5633760000000003,6,3,0,0,0,0,1,0,0,0,0,0,0,0,1,0,0,0,0
2021-07-01,水生根茎类,8.512,113.2644,25,3,72.5283,25,13.306437969924811,2.901132,7,4,0,0,0,0,0,1,0,0,0,0,0,0,0,1,0,0,0
2021-07-02,水生根茎类,10.79,138.6138,22,3,87.46202,22,12.846506024096387,3.9755463636363633,7,5,0,0,0,0,0,1,0,0,0,0,0,0,0,0,1,0,0
2021-07-03,水生根茎类,29.657,322.8914,58,4,205.7765,58,10.88752739656742,3.5478706896551726,7,6,0,0,0,0,0,1,0,0,0,0,0,0,0,0,0,1,0
2021-07-04,水生根茎类,24.214,235.2362,51,4,149.3124,51,9.714883951433055,2.9276941176470586,7,7,0,0,0,0,0,1,0,0,0,0,0,0,0,0,0,0,1
2021-07-05,水生根茎类,14.947,131.6762,27,4,81.04834,27,8.809540375995184,3.00179037037037,7,1,0,0,0,0,0,1,0,0,0,0,0,0,0,0,0,0,0
2021-07-06,水生根茎类,7.861,90.4666,21,3,53.01965,21,11.508281389136242,2.524745238095238,7,2,0,0,0,0,0,1,0,0,0,0,0,1,0,0,0,0,0
2021-07-07,水生根茎类,8.404,120.956,22,3,77.61715000000001,22,14.392670157068064,3.528052272727273,7,3,0,0,0,0,0,1,0,0,0,0,0,0,1,0,0,0,0
2021-07-08,水生根茎类,12.209,143.56900000000002,22,4,89.6289,22,11.759275943975757,4.074040909090909,7,4,0,0,0,0,0,1,0,0,0,0,0,0,0,1,0,0,0
2021-07-09,水生根茎类,4.507,61.784,11,2,40.39799,11,13.708453516751721,3.6725445454545453,7,5,0,0,0,0,0,1,0,0,0,0,0,0,0,0,1,0,0
2021-07-10,水生根茎类,14.838,216.1706,31,3,139.90016,31,14.568715460304624,4.5129083870967746,7,6,0,0,0,0,0,1,0,0,0,0,0,0,0,0,0,1,0
2021-07-11,水生根茎类,14.099,229.7322,41,3,149.3037,41,16.294219448187814,3.6415536585365853,7,7,0,0,0,0,0,1,0,0,0,0,0,0,0,0,0,0,1
2021-07-12,水生根茎类,7.559,121.7306,20,4,72.88119,20,16.104061383780923,3.6440595,7,1,0,0,0,0,0,1,0,0,0,0,0,0,0,0,0,0,0
2021-07-13,水生根茎类,7.123,137.4376,18,4,85.8811,18,19.29490383265478,4.771172222222223,7,2,0,0,0,0,0,1,0,0,0,0,0,1,0,0,0,0,0
2021-07-14,水生根茎类,13.082,142.7462,23,5,89.96969,23,10.911649594863169,3.911725652173913,7,3,0,0,0,0,0,1,0,0,0,0,0,0,1,0,0,0,0
2021-07-15,水生根茎类,5.78,78.5042,15,3,50.1958,15,13.582041522491348,3.3463866666666666,7,4,0,0,0,0,0,1,0,0,0,0,0,0,0,1,0,0,0
2021-07-16,水生根茎类,15.712,110.4704,24,4,95.29,24,7.030957230142566,3.970416666666667,7,5,0,0,0,0,0,1,0,0,0,0,0,0,0,0,1,0,0
2021-07-17,水生根茎类,14.606,163.996,27,5,100.95525,27,11.227988497877586,3.7390833333333338,7,6,0,0,0,0,0,1,0,0,0,0,0,0,0,0,0,1,0
2021-07-18,水生根茎类,17.119,187.5786,29,5,109.56336,29,10.957333956422689,3.778046896551724,7,7,0,0,0,0,0,1,0,0,0,0,0,0,0,0,0,0,1
2021-07-19,水生根茎类,7.413,122.9282,18,4,78.96452,18,16.582786995818157,4.386917777777778,7,1,0,0,0,0,0,1,0,0,0,0,0,0,0,0,0,0,0
2021-07-20,水生根茎类,7.694,138.7414,22,3,84.02492000000001,22,18.03241486872888,3.819314545454546,7,2,0,0,0,0,0,1,0,0,0,0,0,1,0,0,0,0,0
2021-07-21,水生根茎类,11.756,182.1862,21,4,120.69572,21,15.497294998298742,5.747415238095238,7,3,0,0,0,0,0,1,0,0,0,0,0,0,1,0,0,0,0
2021-07-22,水生根茎类,8.25,130.7392,12,3,73.98271,12,15.847175757575759,6.165225833333333,7,4,0,0,0,0,0,1,0,0,0,0,0,0,0,1,0,0,0
2021-07-23,水生根茎类,13.844,166.7126,36,3,115.96773,36,12.042227679861313,3.221325833333333,7,5,0,0,0,0,0,1,0,0,0,0,0,0,0,0,1,0,0
2021-07-24,水生根茎类,32.222,414.317,69,3,281.94736,69,12.858202470361864,4.0861936231884055,7,6,0,0,0,0,0,1,0,0,0,0,0,0,0,0,0,1,0
2021-07-25,水生根茎类,24.134,279.756,50,2,192.08544,50,11.591779232617883,3.8417088,7,7,0,0,0,0,0,1,0,0,0,0,0,0,0,0,0,0,1
2021-07-26,水生根茎类,16.444,216.31560000000002,38,3,149.7016,38,13.154682558988082,3.9395157894736847,7,1,0,0,0,0,0,1,0,0,0,0,0,0,0,0,0,0,0
2021-07-27,水生根茎类,33.891,461.22240000000005,73,3,317.5699,73,13.608993538107464,4.350272602739726,7,2,0,0,0,0,0,1,0,0,0,0,0,1,0,0,0,0,0
2021-07-28,水生根茎类,32.418,446.93320000000006,64,3,310.51738,64,13.786575359368253,4.8518340625,7,3,0,0,0,0,0,1,0,0,0,0,0,0,1,0,0,0,0
2021-07-29,水生根茎类,17.107,191.83440000000002,38,2,131.92886000000001,38,11.213795522300813,3.471812105263158,7,4,0,0,0,0,0,1,0,0,0,0,0,0,0,1,0,0,0
2021-07-30,水生根茎类,20.72,247.3596,46,3,169.4989,46,11.938204633204634,3.6847586956521736,7,5,0,0,0,0,0,1,0,0,0,0,0,0,0,0,1,0,0
2021-07-31,水生根茎类,23.282,292.8128,49,3,190.58912,49,12.576788935658447,3.8895738775510207,7,6,0,0,0,0,0,1,0,0,0,0,0,0,0,0,0,1,0
2021-08-01,水生根茎类,8.926,143.1708,20,3,95.89577,20,16.039749047725746,4.7947885,8,7,0,0,0,0,0,0,1,0,0,0,0,0,0,0,0,0,1
2021-08-02,水生根茎类,5.183,54.208,10,2,32.14169,10,10.458807640362725,3.2141689999999996,8,1,0,0,0,0,0,0,1,0,0,0,0,0,0,0,0,0,0
2021-08-03,水生根茎类,6.123,81.49040000000001,16,3,58.47065,16,13.308900865588765,3.654415625,8,2,0,0,0,0,0,0,1,0,0,0,0,1,0,0,0,0,0
2021-08-04,水生根茎类,4.732,53.79,9,2,33.35842,9,11.367286559594252,3.706491111111111,8,3,0,0,0,0,0,0,1,0,0,0,0,0,1,0,0,0,0
2021-08-05,水生根茎类,4.024,45.658,7,2,28.3206,7,11.346421471172963,4.0458,8,4,0,0,0,0,0,0,1,0,0,0,0,0,0,1,0,0,0
2021-08-06,水生根茎类,22.376,289.6244,41,3,189.86589999999998,41,12.943528780836608,4.630875609756097,8,5,0,0,0,0,0,0,1,0,0,0,0,0,0,0,1,0,0
2021-08-07,水生根茎类,28.627,367.7876,56,3,230.53614000000002,56,12.847577461836728,4.116716785714286,8,6,0,0,0,0,0,0,1,0,0,0,0,0,0,0,0,1,0
2021-08-08,水生根茎类,23.912,268.8992,43,3,184.169,43,11.245366343258615,4.283,8,7,0,0,0,0,0,0,1,0,0,0,0,0,0,0,0,0,1
2021-08-09,水生根茎类,19.711000000000002,197.11,38,2,125.12960000000001,38,10.0,3.292884210526316,8,1,0,0,0,0,0,0,1,0,0,0,0,0,0,0,0,0,0
2021-08-10,水生根茎类,24.532,273.6644,52,3,174.82946,52,11.155405185064406,3.362105,8,2,0,0,0,0,0,0,1,0,0,0,0,1,0,0,0,0,0
2021-08-11,水生根茎类,20.738,207.38,41,2,131.14399,41,10.0,3.1986339024390245,8,3,0,0,0,0,0,0,1,0,0,0,0,0,1,0,0,0,0
2021-08-12,水生根茎类,2.6100000000000003,26.1,6,2,14.961780000000001,6,10.0,2.49363,8,4,0,0,0,0,0,0,1,0,0,0,0,0,0,1,0,0,0
2021-08-13,水生根茎类,2.308,23.08,4,1,13.89416,4,10.0,3.47354,8,5,0,0,0,0,0,0,1,0,0,0,0,0,0,0,1,0,0
2021-08-14,水生根茎类,3.6550000000000002,36.55,7,1,21.93,7,9.999999999999998,3.132857142857143,8,6,0,0,0,0,0,0,1,0,0,0,0,0,0,0,0,1,0
2021-08-15,水生根茎类,8.775,87.75,17,2,54.30744,17,10.0,3.194555294117647,8,7,0,0,0,0,0,0,1,0,0,0,0,0,0,0,0,0,1
2021-08-16,水生根茎类,9.999,104.99,20,2,61.394,20,10.5000500050005,3.0697,8,1,0,0,0,0,0,0,1,0,0,0,0,0,0,0,0,0,0
2021-08-17,水生根茎类,11.992,127.074,23,2,74.27705,23,10.596564376250832,3.2294369565217393,8,2,0,0,0,0,0,0,1,0,0,0,0,1,0,0,0,0,0
2021-08-18,水生根茎类,11.666,124.20400000000001,26,2,74.03204,26,10.646665523744215,2.847386153846154,8,3,0,0,0,0,0,0,1,0,0,0,0,0,1,0,0,0,0
2021-08-19,水生根茎类,4.38,48.886,11,2,29.05187,11,11.161187214611873,2.641079090909091,8,4,0,0,0,0,0,0,1,0,0,0,0,0,0,1,0,0,0
2021-08-20,水生根茎类,5.2,58.504000000000005,14,2,34.7772,14,11.250769230769231,2.4840857142857145,8,5,0,0,0,0,0,0,1,0,0,0,0,0,0,0,1,0,0
2021-08-21,水生根茎类,7.871,87.526,18,2,50.62662,18,11.120060983356625,2.81259,8,6,0,0,0,0,0,0,1,0,0,0,0,0,0,0,0,1,0
2021-08-22,水生根茎类,51.313,523.218,92,2,305.5015,92,10.196597353497163,3.32066847826087,8,7,0,0,0,0,0,0,1,0,0,0,0,0,0,0,0,0,1
2021-08-23,水生根茎类,38.788000000000004,390.472,58,2,219.09199999999998,58,10.066824791172525,3.777448275862069,8,1,0,0,0,0,0,0,1,0,0,0,0,0,0,0,0,0,0
2021-08-24,水生根茎类,31.616,323.284,57,2,182.0364,57,10.225328947368421,3.193621052631579,8,2,0,0,0,0,0,0,1,0,0,0,0,1,0,0,0,0,0
2021-08-25,水生根茎类,35.363,291.732,62,2,201.16674,62,8.249639453666262,3.2446248387096777,8,3,0,0,0,0,0,0,1,0,0,0,0,0,1,0,0,0,0
2021-08-26,水生根茎类,63.126,515.144,115,2,357.10388,115,8.160567753382125,3.1052511304347825,8,4,0,0,0,0,0,0,1,0,0,0,0,0,0,1,0,0,0
2021-08-27,水生根茎类,56.396,459.668,90,2,294.21211,90,8.15071990921342,3.2690234444444446,8,5,0,0,0,0,0,0,1,0,0,0,0,0,0,0,1,0,0
2021-08-28,水生根茎类,49.574,412.984,92,2,255.82012,92,8.330657199338363,2.7806534782608696,8,6,0,0,0,0,0,0,1,0,0,0,0,0,0,0,0,1,0
2021-08-29,水生根茎类,55.375,454.136,88,2,282.80492,88,8.201101580135441,3.2136922727272723,8,7,0,0,0,0,0,0,1,0,0,0,0,0,0,0,0,0,1
2021-08-30,水生根茎类,40.953,332.54,65,2,207.46880000000002,65,8.120040045906283,3.1918276923076925,8,1,0,0,0,0,0,0,1,0,0,0,0,0,0,0,0,0,0
2021-08-31,水生根茎类,31.335,256.564,56,2,159.9112,56,8.187777245891176,2.855557142857143,8,2,0,0,0,0,0,0,1,0,0,0,0,1,0,0,0,0,0
2021-09-01,水生根茎类,47.449,303.064,83,2,241.3324,83,6.38715252165483,2.907619277108434,9,3,0,0,0,0,0,0,0,1,0,0,0,0,1,0,0,0,0
2021-09-02,水生根茎类,45.638,293.418,74,2,230.08244,74,6.429247556860512,3.109222162162162,9,4,0,0,0,0,0,0,0,1,0,0,0,0,0,1,0,0,0
2021-09-03,水生根茎类,54.834,364.79200000000003,97,2,277.58932,97,6.652660757923916,2.8617455670103094,9,5,0,0,0,0,0,0,0,1,0,0,0,0,0,0,1,0,0
2021-09-04,水生根茎类,66.409,430.156,93,2,333.60955,93,6.477375054585974,3.5871994623655916,9,6,0,0,0,0,0,0,0,1,0,0,0,0,0,0,0,1,0
2021-09-05,水生根茎类,58.946,374.142,90,2,296.8035,90,6.3471991314084075,3.2978166666666664,9,7,0,0,0,0,0,0,0,1,0,0,0,0,0,0,0,0,1
2021-09-06,水生根茎类,33.471,270.244,59,2,168.17827,59,8.073974485375402,2.850479152542373,9,1,0,0,0,0,0,0,0,1,0,0,0,0,0,0,0,0,0
2021-09-07,水生根茎类,34.142,275.076,62,2,171.34535,62,8.056821510163434,2.763634677419355,9,2,0,0,0,0,0,0,0,1,0,0,0,1,0,0,0,0,0
2021-09-08,水生根茎类,38.571,311.444,62,2,193.8616,62,8.074563791449535,3.1268000000000002,9,3,0,0,0,0,0,0,0,1,0,0,0,0,1,0,0,0,0
2021-09-09,水生根茎类,39.028,329.064,61,3,211.7263,61,8.431485087629396,3.470922950819672,9,4,0,0,0,0,0,0,0,1,0,0,0,0,0,1,0,0,0
2021-09-10,水生根茎类,43.851,301.728,63,3,231.48567,63,6.880755284942191,3.674375714285714,9,5,0,0,0,0,0,0,0,1,0,0,0,0,0,0,1,0,0
2021-09-11,水生根茎类,67.532,462.312,101,3,343.9016,101,6.845821240300895,3.404966336633663,9,6,0,0,0,0,0,0,0,1,0,0,0,0,0,0,0,1,0
2021-09-12,水生根茎类,57.208,381.13800000000003,87,3,283.275,87,6.662319955251014,3.2560344827586203,9,7,0,0,0,0,0,0,0,1,0,0,0,0,0,0,0,0,1
2021-09-13,水生根茎类,29.937,182.232,50,2,138.7629,50,6.087183084477402,2.775258,9,1,0,0,0,0,0,0,0,1,0,0,0,0,0,0,0,0,0
2021-09-14,水生根茎类,41.431,282.21,62,3,210.37596,62,6.811566218532017,3.39316064516129,9,2,0,0,0,0,0,0,0,1,0,0,0,1,0,0,0,0,0
2021-09-15,水生根茎类,32.841,244.23,48,3,170.21239,48,7.436740659541426,3.546091458333333,9,3,0,0,0,0,0,0,0,1,0,0,0,0,1,0,0,0,0
2021-09-16,水生根茎类,35.964999999999996,263.6766,49,3,184.04476,49,7.331477825663841,3.7560155102040818,9,4,0,0,0,0,0,0,0,1,0,0,0,0,0,1,0,0,0
2021-09-17,水生根茎类,31.276,224.4552,40,3,156.69603999999998,40,7.176595472566824,3.9174009999999995,9,5,0,0,0,0,0,0,0,1,0,0,0,0,0,0,1,0,0
2021-09-18,水生根茎类,34.827,252.5472,52,3,176.14499999999998,52,7.251477302093204,3.3874038461538456,9,6,0,0,0,0,0,0,0,1,0,0,0,0,0,0,0,1,0
2021-09-19,水生根茎类,93.77,743.4048,117,3,519.76518,117,7.927959901887598,4.4424374358974354,9,7,0,0,0,0,0,0,0,1,0,0,0,0,0,0,0,0,1
2021-09-20,水生根茎类,94.882,730.5018,115,3,510.55406999999997,115,7.69905566914694,4.439600608695652,9,1,0,0,0,0,0,0,0,1,0,0,0,0,0,0,0,0,0
2021-09-21,水生根茎类,94.155,672.4614,123,3,469.06052,123,7.142067866815358,3.813500162601626,9,2,0,0,0,0,0,0,0,1,0,0,0,1,0,0,0,0,0
2021-09-22,水生根茎类,30.22,226.62120000000002,51,3,151.72408,51,7.499046988749174,2.9749819607843135,9,3,0,0,0,0,0,0,0,1,0,0,0,0,1,0,0,0,0
2021-09-23,水生根茎类,19.216,157.132,30,3,105.52888,30,8.17714404662781,3.5176293333333333,9,4,0,0,0,0,0,0,0,1,0,0,0,0,0,1,0,0,0
2021-09-24,水生根茎类,23.218,194.476,35,3,130.58357999999998,35,8.376087518304763,3.730959428571428,9,5,0,0,0,0,0,0,0,1,0,0,0,0,0,0,1,0,0
2021-09-25,水生根茎类,43.444,267.776,74,2,184.91844,74,6.163704999539637,2.4988978378378377,9,6,0,0,0,0,0,0,0,1,0,0,0,0,0,0,0,1,0
2021-09-26,水生根茎类,48.868,305.304,73,2,209.4036,73,6.247523942047965,2.868542465753425,9,7,0,0,0,0,0,0,0,1,0,0,0,0,0,0,0,0,1
2021-09-27,水生根茎类,42.395,257.522,68,2,182.49470000000002,68,6.074348390140346,2.6837455882352943,9,1,0,0,0,0,0,0,0,1,0,0,0,0,0,0,0,0,0
2021-09-28,水生根茎类,33.697,205.966,57,2,152.23607,57,6.112294863044188,2.6708082456140354,9,2,0,0,0,0,0,0,0,1,0,0,0,1,0,0,0,0,0
2021-09-29,水生根茎类,39.563,280.5474,61,3,190.18843999999999,61,7.091155877966786,3.1178432786885244,9,3,0,0,0,0,0,0,0,1,0,0,0,0,1,0,0,0,0
2021-09-30,水生根茎类,38.451,263.478,60,2,179.56214999999997,60,6.8523055317156905,2.9927024999999996,9,4,0,0,0,0,0,0,0,1,0,0,0,0,0,1,0,0,0
2021-10-01,水生根茎类,69.809,474.54699999999997,95,3,328.20835999999997,95,6.797791115758713,3.4548248421052627,10,5,0,0,0,0,0,0,0,0,1,0,0,0,0,0,1,0,0
2021-10-02,水生根茎类,61.246,434.0752,90,2,288.67008,90,7.087404891748032,3.2074453333333333,10,6,0,0,0,0,0,0,0,0,1,0,0,0,0,0,0,1,0
2021-10-03,水生根茎类,52.697,356.0734,77,2,244.76518,77,6.756995654401578,3.1787685714285714,10,7,0,0,0,0,0,0,0,0,1,0,0,0,0,0,0,0,1
2021-10-04,水生根茎类,40.08,277.485,60,3,189.64934999999997,60,6.923278443113773,3.1608224999999996,10,1,0,0,0,0,0,0,0,0,1,0,0,0,0,0,0,0,0
2021-10-05,水生根茎类,53.813,460.0,91,2,257.71592,91,8.548120342668128,2.832043076923077,10,2,0,0,0,0,0,0,0,0,1,0,0,1,0,0,0,0,0
2021-10-06,水生根茎类,50.852,342.46819999999997,82,2,235.81544999999997,82,6.734606308503107,2.875798170731707,10,3,0,0,0,0,0,0,0,0,1,0,0,0,1,0,0,0,0
2021-10-07,水生根茎类,51.57,345.1868,88,2,238.56511999999998,88,6.693558270312197,2.7109672727272724,10,4,0,0,0,0,0,0,0,0,1,0,0,0,0,1,0,0,0
2021-10-08,水生根茎类,49.695,373.4844,59,3,262.69145,59,7.515532749773619,4.452397457627118,10,5,0,0,0,0,0,0,0,0,1,0,0,0,0,0,1,0,0
2021-10-09,水生根茎类,41.198,281.7924,65,3,195.48551999999998,65,6.839953395795912,3.007469538461538,10,6,0,0,0,0,0,0,0,0,1,0,0,0,0,0,0,1,0
2021-10-10,水生根茎类,58.704,398.1024,91,2,272.87519999999995,91,6.781520850367947,2.9986285714285708,10,7,0,0,0,0,0,0,0,0,1,0,0,0,0,0,0,0,1
2021-10-11,水生根茎类,5.668,52.6158,13,2,30.16225,13,9.282956951305575,2.320173076923077,10,1,0,0,0,0,0,0,0,0,1,0,0,0,0,0,0,0,0
2021-10-12,水生根茎类,2.4050000000000002,20.808799999999998,6,2,12.383659999999999,6,8.65230769230769,2.063943333333333,10,2,0,0,0,0,0,0,0,0,1,0,0,1,0,0,0,0,0
2021-10-13,水生根茎类,3.141,20.7306,5,1,14.448599999999999,5,6.6,2.8897199999999996,10,3,0,0,0,0,0,0,0,0,1,0,0,0,1,0,0,0,0
2021-10-14,水生根茎类,4.758,36.5976,10,2,23.185499999999998,10,7.691803278688525,2.3185499999999997,10,4,0,0,0,0,0,0,0,0,1,0,0,0,0,1,0,0,0
2021-10-15,水生根茎类,17.992,131.6146,17,3,91.17108999999999,17,7.315173410404624,5.363005294117647,10,5,0,0,0,0,0,0,0,0,1,0,0,0,0,0,1,0,0
2021-10-16,水生根茎类,8.796,88.05199999999999,14,3,53.443479999999994,14,10.010459299681674,3.8173914285714283,10,6,0,0,0,0,0,0,0,0,1,0,0,0,0,0,0,1,0
2021-10-17,水生根茎类,10.955,86.1036,18,3,55.82519,18,7.859753537197626,3.1013994444444446,10,7,0,0,0,0,0,0,0,0,1,0,0,0,0,0,0,0,1
2021-10-18,水生根茎类,8.414,63.7538,14,2,40.90418,14,7.577109579272641,2.9217271428571427,10,1,0,0,0,0,0,0,0,0,1,0,0,0,0,0,0,0,0
2021-10-19,水生根茎类,5.216,41.063,9,3,27.360500000000002,9,7.872507668711656,3.040055555555556,10,2,0,0,0,0,0,0,0,0,1,0,0,1,0,0,0,0,0
2021-10-20,水生根茎类,14.309,104.8808,19,2,69.23602,19,7.329708575022713,3.644001052631579,10,3,0,0,0,0,0,0,0,0,1,0,0,0,1,0,0,0,0
2021-10-21,水生根茎类,3.186,21.0276,5,1,14.655599999999998,5,6.6,2.9311199999999995,10,4,0,0,0,0,0,0,0,0,1,0,0,0,0,1,0,0,0
2021-10-22,水生根茎类,4.197,37.6606,5,2,23.249979999999997,5,8.973218965928044,4.649996,10,5,0,0,0,0,0,0,0,0,1,0,0,0,0,0,1,0,0
2021-10-23,水生根茎类,11.957,90.4042,17,3,61.3206,17,7.560776114409969,3.607094117647059,10,6,0,0,0,0,0,0,0,0,1,0,0,0,0,0,0,1,0
2021-10-24,水生根茎类,4.698,37.192,12,2,24.275699999999997,12,7.9165602383993185,2.0229749999999997,10,7,0,0,0,0,0,0,0,0,1,0,0,0,0,0,0,0,1
2021-10-25,水生根茎类,5.343,39.2118,9,2,26.295599999999997,9,7.338910724312184,2.921733333333333,10,1,0,0,0,0,0,0,0,0,1,0,0,0,0,0,0,0,0
2021-10-26,水生根茎类,2.352,16.999,6,2,11.470749999999999,6,7.227465986394558,1.9117916666666666,10,2,0,0,0,0,0,0,0,0,1,0,0,1,0,0,0,0,0
2021-10-27,水生根茎类,2.4690000000000003,16.2954,6,1,11.3574,6,6.6,1.8929,10,3,0,0,0,0,0,0,0,0,1,0,0,0,1,0,0,0,0
2021-10-28,水生根茎类,4.604,30.3864,9,1,21.178399999999996,9,6.6,2.353155555555555,10,4,0,0,0,0,0,0,0,0,1,0,0,0,0,1,0,0,0
2021-10-29,水生根茎类,4.406,29.0796,6,1,20.267599999999998,6,6.6000000000000005,3.377933333333333,10,5,0,0,0,0,0,0,0,0,1,0,0,0,0,0,1,0,0
2021-10-30,水生根茎类,6.781,54.6546,13,2,38.3926,13,8.05996165757263,2.953276923076923,10,6,0,0,0,0,0,0,0,0,1,0,0,0,0,0,0,1,0
2021-10-31,水生根茎类,7.4239999999999995,48.9984,11,1,34.1504,11,6.6,3.104581818181818,10,7,0,0,0,0,0,0,0,0,1,0,0,0,0,0,0,0,1
2021-11-01,水生根茎类,6.082,40.1412,8,1,27.977199999999996,8,6.6,3.4971499999999995,11,1,0,0,0,0,0,0,0,0,0,1,0,0,0,0,0,0,0
2021-11-02,水生根茎类,2.561,16.9026,4,1,11.7806,4,6.6,2.94515,11,2,0,0,0,0,0,0,0,0,0,1,0,1,0,0,0,0,0
2021-11-03,水生根茎类,4.634,30.584399999999995,3,1,21.316399999999998,3,6.599999999999999,7.105466666666666,11,3,0,0,0,0,0,0,0,0,0,1,0,0,1,0,0,0,0
2021-11-04,水生根茎类,8.215,64.119,9,2,44.989,9,7.805112598904443,4.998777777777778,11,4,0,0,0,0,0,0,0,0,0,1,0,0,0,1,0,0,0
2021-11-05,水生根茎类,5.732,37.831199999999995,7,1,26.367199999999997,7,6.599999999999999,3.7667428571428565,11,5,0,0,0,0,0,0,0,0,0,1,0,0,0,0,1,0,0
2021-11-06,水生根茎类,5.919,43.7382,7,2,29.25936,7,7.389457678661937,4.179908571428571,11,6,0,0,0,0,0,0,0,0,0,1,0,0,0,0,0,1,0
2021-11-07,水生根茎类,5.102,36.0096,6,2,24.486949999999997,6,7.0579380635045075,4.081158333333333,11,7,0,0,0,0,0,0,0,0,0,1,0,0,0,0,0,0,1
2021-11-08,水生根茎类,6.766,66.3588,10,3,42.47649,10,9.807685486254803,4.247649,11,1,0,0,0,0,0,0,0,0,0,1,0,0,0,0,0,0,0
2021-11-09,水生根茎类,6.047000000000001,46.5274,5,2,30.84272,5,7.694294691582602,6.168544,11,2,0,0,0,0,0,0,0,0,0,1,0,1,0,0,0,0,0
2021-11-10,水生根茎类,4.3580000000000005,34.9732,8,2,22.85535,8,8.02505736576411,2.85691875,11,3,0,0,0,0,0,0,0,0,0,1,0,0,1,0,0,0,0
2021-11-11,水生根茎类,35.903,260.621,52,3,175.1944,52,7.259031278723226,3.369123076923077,11,4,0,0,0,0,0,0,0,0,0,1,0,0,0,1,0,0,0
2021-11-12,水生根茎类,50.696,359.3392,61,2,245.31963,61,7.088117405712483,4.021633278688524,11,5,0,0,0,0,0,0,0,0,0,1,0,0,0,0,1,0,0
2021-11-13,水生根茎类,55.708,411.5256,72,3,278.73456,72,7.387190349680477,3.871313333333333,11,6,0,0,0,0,0,0,0,0,0,1,0,0,0,0,0,1,0
2021-11-14,水生根茎类,53.547,383.8034,78,3,262.67055999999997,78,7.167598558275908,3.3675712820512818,11,7,0,0,0,0,0,0,0,0,0,1,0,0,0,0,0,0,1
2021-11-15,水生根茎类,28.879,202.153,45,1,138.6192,45,6.999999999999999,3.080426666666667,11,1,0,0,0,0,0,0,0,0,0,1,0,0,0,0,0,0,0
2021-11-16,水生根茎类,19.63,137.41,30,1,94.224,30,7.0,3.1408,11,2,0,0,0,0,0,0,0,0,0,1,0,1,0,0,0,0,0
2021-11-17,水生根茎类,34.26,242.72,47,2,166.648,47,7.084646818447169,3.5457021276595744,11,3,0,0,0,0,0,0,0,0,0,1,0,0,1,0,0,0,0
2021-11-18,水生根茎类,21.426,149.982,27,1,102.84479999999999,27,7.000000000000001,3.8090666666666664,11,4,0,0,0,0,0,0,0,0,0,1,0,0,0,1,0,0,0
2021-11-19,水生根茎类,28.706,200.942,41,1,137.7888,41,7.0,3.3607024390243905,11,5,0,0,0,0,0,0,0,0,0,1,0,0,0,0,1,0,0
2021-11-20,水生根茎类,55.584,384.539,80,2,265.07457999999997,80,6.918159902130109,3.3134322499999995,11,6,0,0,0,0,0,0,0,0,0,1,0,0,0,0,0,1,0
2021-11-21,水生根茎类,7.775,51.32,14,2,36.140100000000004,14,6.60064308681672,2.5814357142857145,11,7,0,0,0,0,0,0,0,0,0,1,0,0,0,0,0,0,1
2021-11-22,水生根茎类,5.132,32.903999999999996,9,2,23.486,9,6.411535463756819,2.6095555555555556,11,1,0,0,0,0,0,0,0,0,0,1,0,0,0,0,0,0,0
2021-11-23,水生根茎类,3.7600000000000002,25.548000000000002,5,2,17.75464,5,6.79468085106383,3.550928,11,2,0,0,0,0,0,0,0,0,0,1,0,1,0,0,0,0,0
2021-11-24,水生根茎类,11.231,112.97800000000001,20,3,67.60255000000001,20,10.059478229899387,3.3801275000000004,11,3,0,0,0,0,0,0,0,0,0,1,0,0,1,0,0,0,0
2021-11-25,水生根茎类,8.789,58.951,13,3,41.20933,13,6.707361474570486,3.1699484615384614,11,4,0,0,0,0,0,0,0,0,0,1,0,0,0,1,0,0,0
2021-11-26,水生根茎类,6.906,71.995,11,3,44.35046,11,10.424992759918911,4.03186,11,5,0,0,0,0,0,0,0,0,0,1,0,0,0,0,1,0,0
2021-11-27,水生根茎类,7.344,60.193999999999996,12,3,38.422760000000004,12,8.196350762527231,3.201896666666667,11,6,0,0,0,0,0,0,0,0,0,1,0,0,0,0,0,1,0
2021-11-28,水生根茎类,8.369,58.946,14,3,37.94733,14,7.043374357748835,2.7105235714285714,11,7,0,0,0,0,0,0,0,0,0,1,0,0,0,0,0,0,1
2021-11-29,水生根茎类,5.896,37.848,10,2,22.44576,10,6.419267299864314,2.244576,11,1,0,0,0,0,0,0,0,0,0,1,0,0,0,0,0,0,0
2021-11-30,水生根茎类,4.593,29.7,10,2,17.90421,10,6.466361854996734,1.7904209999999998,11,2,0,0,0,0,0,0,0,0,0,1,0,1,0,0,0,0,0
2021-12-01,水生根茎类,30.015,223.81300000000002,39,3,149.49498,39,7.456704980842912,3.8332046153846155,12,3,0,0,0,0,0,0,0,0,0,0,1,0,1,0,0,0,0
2021-12-02,水生根茎类,25.404,174.34,41,3,114.78584,41,6.862698787592505,2.799654634146341,12,4,0,0,0,0,0,0,0,0,0,0,1,0,0,1,0,0,0
2021-12-03,水生根茎类,18.925,117.278,29,3,91.90101,29,6.196988110964333,3.169000344827586,12,5,0,0,0,0,0,0,0,0,0,0,1,0,0,0,1,0,0
2021-12-04,水生根茎类,62.259,373.554,88,2,290.84268,88,5.999999999999999,3.305030454545454,12,6,0,0,0,0,0,0,0,0,0,0,1,0,0,0,0,1,0
2021-12-05,水生根茎类,50.994,305.964,64,2,238.24347,64,6.0,3.72255421875,12,7,0,0,0,0,0,0,0,0,0,0,1,0,0,0,0,0,1
2021-12-06,水生根茎类,12.844,88.33000000000001,21,2,59.58402,21,6.877141077545937,2.837334285714286,12,1,0,0,0,0,0,0,0,0,0,0,1,0,0,0,0,0,0
2021-12-07,水生根茎类,31.831,216.893,52,2,144.96912,52,6.8138921177468506,2.7878676923076924,12,2,0,0,0,0,0,0,0,0,0,0,1,1,0,0,0,0,0
2021-12-08,水生根茎类,25.319,174.43,32,2,117.85927,32,6.889292626091079,3.6831021875,12,3,0,0,0,0,0,0,0,0,0,0,1,0,1,0,0,0,0
2021-12-09,水生根茎类,25.262,171.414,39,2,114.32,39,6.785448499722904,2.931282051282051,12,4,0,0,0,0,0,0,0,0,0,0,1,0,0,1,0,0,0
2021-12-10,水生根茎类,32.792,225.92,50,2,152.76288,50,6.889485240302512,3.0552576,12,5,0,0,0,0,0,0,0,0,0,0,1,0,0,0,1,0,0
2021-12-11,水生根茎类,85.882,515.292,118,2,403.1724,118,6.0,3.416715254237288,12,6,0,0,0,0,0,0,0,0,0,0,1,0,0,0,0,1,0
2021-12-12,水生根茎类,56.884,341.304,74,1,273.0432,74,5.999999999999999,3.6897729729729734,12,7,0,0,0,0,0,0,0,0,0,0,1,0,0,0,0,0,1
2021-12-13,水生根茎类,21.631,129.786,31,2,103.13399999999999,31,6.0,3.326903225806451,12,1,0,0,0,0,0,0,0,0,0,0,1,0,0,0,0,0,0
2021-12-14,水生根茎类,29.013,174.078,41,1,139.26239999999999,41,6.0,3.396643902439024,12,2,0,0,0,0,0,0,0,0,0,0,1,1,0,0,0,0,0
2021-12-15,水生根茎类,0.487,2.9219999999999997,1,1,1.71424,1,5.999999999999999,1.71424,12,3,0,0,0,0,0,0,0,0,0,0,1,0,1,0,0,0,0
2021-12-16,水生根茎类,39.569,237.41400000000002,54,2,185.22078,54,6.0,3.4300144444444443,12,4,0,0,0,0,0,0,0,0,0,0,1,0,0,1,0,0,0
2021-12-17,水生根茎类,40.153999999999996,240.924,59,2,186.39275999999998,59,6.000000000000001,3.159199322033898,12,5,0,0,0,0,0,0,0,0,0,0,1,0,0,0,1,0,0
2021-12-18,水生根茎类,70.551,380.264,96,3,304.53233,96,5.389916514294624,3.1722117708333335,12,6,0,0,0,0,0,0,0,0,0,0,1,0,0,0,0,1,0
2021-12-19,水生根茎类,55.293,310.342,87,2,251.80723999999998,87,5.612681532924602,2.8943360919540226,12,7,0,0,0,0,0,0,0,0,0,0,1,0,0,0,0,0,1
2021-12-20,水生根茎类,38.283,222.863,55,2,175.283,55,5.8214612229971525,3.186963636363636,12,1,0,0,0,0,0,0,0,0,0,0,1,0,0,0,0,0,0
2021-12-21,水生根茎类,48.369,289.045,59,2,230.73333,59,5.975831627695425,3.9107344067796608,12,2,0,0,0,0,0,0,0,0,0,0,1,1,0,0,0,0,0
2021-12-22,水生根茎类,31.469,184.378,38,2,144.53028,38,5.859035876576948,3.8034284210526317,12,3,0,0,0,0,0,0,0,0,0,0,1,0,1,0,0,0,0
2021-12-23,水生根茎类,30.021,180.126,43,2,141.13979999999998,43,6.0,3.2823209302325576,12,4,0,0,0,0,0,0,0,0,0,0,1,0,0,1,0,0,0
2021-12-24,水生根茎类,35.441,212.64600000000002,41,1,170.11679999999998,41,6.0,4.149190243902439,12,5,0,0,0,0,0,0,0,0,0,0,1,0,0,0,1,0,0
2021-12-25,水生根茎类,66.839,401.034,101,2,315.5258,101,6.0,3.124017821782178,12,6,0,0,0,0,0,0,0,0,0,0,1,0,0,0,0,1,0
2021-12-26,水生根茎类,95.584,573.504,125,2,451.50388,125,6.0,3.6120310399999997,12,7,0,0,0,0,0,0,0,0,0,0,1,0,0,0,0,0,1
2021-12-27,水生根茎类,42.155,252.93,58,2,196.75947,58,6.0,3.3924046551724136,12,1,0,0,0,0,0,0,0,0,0,0,1,0,0,0,0,0,0
2021-12-28,水生根茎类,35.054,210.324,53,2,163.89527999999999,53,6.0,3.092363773584905,12,2,0,0,0,0,0,0,0,0,0,0,1,1,0,0,0,0,0
2021-12-29,水生根茎类,34.882,209.292,49,2,162.03083999999998,49,6.0,3.3067518367346938,12,3,0,0,0,0,0,0,0,0,0,0,1,0,1,0,0,0,0
2021-12-30,水生根茎类,37.37,224.22,52,2,170.4251,52,6.0,3.2774057692307688,12,4,0,0,0,0,0,0,0,0,0,0,1,0,0,1,0,0,0
2021-12-31,水生根茎类,60.713,364.278,81,2,287.39112,81,6.0,3.5480385185185184,12,5,0,0,0,0,0,0,0,0,0,0,1,0,0,0,1,0,0
2022-01-01,水生根茎类,82.658,495.948,88,2,385.72139999999996,88,6.0,4.3831977272727265,1,6,0,0,0,0,0,0,0,0,0,0,0,0,0,0,0,1,0
2022-01-02,水生根茎类,27.438,164.62800000000001,41,2,126.16239999999999,41,6.000000000000001,3.077131707317073,1,7,0,0,0,0,0,0,0,0,0,0,0,0,0,0,0,0,1
2022-01-03,水生根茎类,59.009,354.054,67,2,282.7056,67,5.999999999999999,4.2194865671641795,1,1,0,0,0,0,0,0,0,0,0,0,0,0,0,0,0,0,0
2022-01-04,水生根茎类,46.598,279.58799999999997,58,2,223.19807999999998,58,5.999999999999999,3.8482427586206893,1,2,0,0,0,0,0,0,0,0,0,0,0,1,0,0,0,0,0
2022-01-05,水生根茎类,34.15,204.9,52,2,160.14016,52,6.0,3.0796184615384616,1,3,0,0,0,0,0,0,0,0,0,0,0,0,1,0,0,0,0
2022-01-06,水生根茎类,34.198,205.188,48,2,160.49856,48,6.0,3.34372,1,4,0,0,0,0,0,0,0,0,0,0,0,0,0,1,0,0,0
2022-01-07,水生根茎类,46.045,276.27,66,2,216.54752,66,5.999999999999999,3.28102303030303,1,5,0,0,0,0,0,0,0,0,0,0,0,0,0,0,1,0,0
2022-01-08,水生根茎类,60.006,360.036,83,2,286.21778,83,6.0,3.4484069879518073,1,6,0,0,0,0,0,0,0,0,0,0,0,0,0,0,0,1,0
2022-01-09,水生根茎类,59.741,393.546,79,3,304.41284,79,6.587536197921025,3.853327088607595,1,7,0,0,0,0,0,0,0,0,0,0,0,0,0,0,0,0,1
2022-01-10,水生根茎类,56.153,364.11,75,4,276.8506,75,6.484248392784001,3.6913413333333334,1,1,0,0,0,0,0,0,0,0,0,0,0,0,0,0,0,0,0
2022-01-11,水生根茎类,29.824,201.688,41,4,150.95651999999998,41,6.762607296137339,3.6818663414634143,1,2,0,0,0,0,0,0,0,0,0,0,0,1,0,0,0,0,0
2022-01-12,水生根茎类,41.626,292.656,60,3,221.33983999999998,60,7.030605871330419,3.688997333333333,1,3,0,0,0,0,0,0,0,0,0,0,0,0,1,0,0,0,0
2022-01-13,水生根茎类,22.185,133.11,35,2,99.44288,35,6.000000000000001,2.841225142857143,1,4,0,0,0,0,0,0,0,0,0,0,0,0,0,1,0,0,0
2022-01-14,水生根茎类,48.285,340.41,59,3,260.04544,59,7.050015532774155,4.407549830508474,1,5,0,0,0,0,0,0,0,0,0,0,0,0,0,0,1,0,0
2022-01-15,水生根茎类,56.825,376.05,78,3,291.93177,78,6.617685877694677,3.7427149999999996,1,6,0,0,0,0,0,0,0,0,0,0,0,0,0,0,0,1,0
2022-01-16,水生根茎类,52.794,344.064,69,3,262.71072,69,6.517104216388227,3.8074017391304347,1,7,0,0,0,0,0,0,0,0,0,0,0,0,0,0,0,0,1
2022-01-17,水生根茎类,42.312,257.772,56,3,204.28896,56,6.092172433352241,3.648017142857143,1,1,0,0,0,0,0,0,0,0,0,0,0,0,0,0,0,0,0
2022-01-18,水生根茎类,32.418,194.508,44,2,152.06945,44,6.0,3.4561238636363636,1,2,0,0,0,0,0,0,0,0,0,0,0,1,0,0,0,0,0
2022-01-19,水生根茎类,50.389,302.334,61,2,239.9495,61,6.0,3.9335983606557376,1,3,0,0,0,0,0,0,0,0,0,0,0,0,1,0,0,0,0
2022-01-20,水生根茎类,55.56,333.36,67,2,264.47058,67,6.0,3.9473220895522387,1,4,0,0,0,0,0,0,0,0,0,0,0,0,0,1,0,0,0
2022-01-21,水生根茎类,58.294,405.039,74,2,275.97706999999997,74,6.948210793563661,3.7294198648648647,1,5,0,0,0,0,0,0,0,0,0,0,0,0,0,0,1,0,0
2022-01-22,水生根茎类,64.682,631.716,76,2,343.36428,76,9.766488358430475,4.517951052631579,1,6,0,0,0,0,0,0,0,0,0,0,0,0,0,0,0,1,0
2022-01-23,水生根茎类,68.285,722.19,88,2,517.85727,88,10.576114812916455,5.884741704545454,1,7,0,0,0,0,0,0,0,0,0,0,0,0,0,0,0,0,1
2022-01-24,水生根茎类,38.076,444.432,42,2,332.0136,42,11.672234478411598,7.905085714285714,1,1,0,0,0,0,0,0,0,0,0,0,0,0,0,0,0,0,0
2022-01-25,水生根茎类,70.849,804.174,72,2,598.22234,72,11.350534234781012,8.308643611111112,1,2,0,0,0,0,0,0,0,0,0,0,0,1,0,0,0,0,0
2022-01-26,水生根茎类,64.858,745.971,65,2,550.2333,65,11.501603503037405,8.465127692307693,1,3,0,0,0,0,0,0,0,0,0,0,0,0,1,0,0,0,0
2022-01-27,水生根茎类,95.025,1118.58,86,3,832.624,86,11.77142857142857,9.68167441860465,1,4,0,0,0,0,0,0,0,0,0,0,0,0,0,1,0,0,0
2022-01-28,水生根茎类,157.934,1796.236,153,3,1291.3199299999999,153,11.373333164486432,8.43999954248366,1,5,0,0,0,0,0,0,0,0,0,0,0,0,0,0,1,0,0
2022-01-29,水生根茎类,200.905,2262.968,211,3,1589.76931,211,11.263870983798311,7.534451706161137,1,6,0,0,0,0,0,0,0,0,0,0,0,0,0,0,0,1,0
2022-01-30,水生根茎类,234.678,2746.652,249,3,1874.27452,249,11.703917708519759,7.5272069076305215,1,7,0,0,0,0,0,0,0,0,0,0,0,0,0,0,0,0,1
2022-02-01,水生根茎类,38.25,458.315,48,3,300.57158,48,11.982091503267974,6.261907916666666,2,2,1,0,0,0,0,0,0,0,0,0,0,1,0,0,0,0,0
2022-02-02,水生根茎类,37.868,514.747,46,2,322.57814,46,13.59319214112179,7.012568260869566,2,3,1,0,0,0,0,0,0,0,0,0,0,0,1,0,0,0,0
2022-02-03,水生根茎类,7.01,74.076,10,2,50.10392,10,10.56718972895863,5.010392,2,4,1,0,0,0,0,0,0,0,0,0,0,0,0,1,0,0,0
2022-02-04,水生根茎类,55.923,666.018,56,2,421.20444,56,11.909554208465211,7.521507857142857,2,5,1,0,0,0,0,0,0,0,0,0,0,0,0,0,1,0,0
2022-02-05,水生根茎类,2.2030000000000003,21.456,5,3,14.2732,5,9.739446209714025,2.85464,2,6,1,0,0,0,0,0,0,0,0,0,0,0,0,0,0,1,0
2022-02-06,水生根茎类,66.88,779.744,89,2,460.52664,89,11.65885167464115,5.174456629213483,2,7,1,0,0,0,0,0,0,0,0,0,0,0,0,0,0,0,1
2022-02-07,水生根茎类,41.735,494.184,58,2,289.39106,58,11.8409967653049,4.989501034482759,2,1,1,0,0,0,0,0,0,0,0,0,0,0,0,0,0,0,0
2022-02-08,水生根茎类,29.778,294.99,35,2,206.1303,35,9.906306669353215,5.889437142857143,2,2,1,0,0,0,0,0,0,0,0,0,0,1,0,0,0,0,0
2022-02-09,水生根茎类,30.194,300.00600000000003,41,2,209.76245,41,9.935947539246209,5.116157317073171,2,3,1,0,0,0,0,0,0,0,0,0,0,0,1,0,0,0,0
2022-02-10,水生根茎类,29.54,293.59,35,2,205.2777,35,9.938727149627622,5.865077142857143,2,4,1,0,0,0,0,0,0,0,0,0,0,0,0,1,0,0,0
2022-02-11,水生根茎类,38.286,375.374,53,2,227.93648,53,9.804471608420833,4.300688301886792,2,5,1,0,0,0,0,0,0,0,0,0,0,0,0,0,1,0,0
2022-02-12,水生根茎类,58.417,482.536,71,3,330.58520000000004,71,8.260198229967305,4.65612957746479,2,6,1,0,0,0,0,0,0,0,0,0,0,0,0,0,0,1,0
2022-02-13,水生根茎类,38.757,309.75600000000003,52,4,199.6532,52,7.99225946280672,3.8394846153846154,2,7,1,0,0,0,0,0,0,0,0,0,0,0,0,0,0,0,1
2022-02-14,水生根茎类,24.829,198.632,35,2,127.94144,35,8.0,3.655469714285714,2,1,1,0,0,0,0,0,0,0,0,0,0,0,0,0,0,0,0
2022-02-15,水生根茎类,50.087,399.596,68,3,258.77275000000003,68,7.978038213508495,3.805481617647059,2,2,1,0,0,0,0,0,0,0,0,0,0,1,0,0,0,0,0
2022-02-16,水生根茎类,25.240000000000002,199.72,35,3,128.71443,35,7.912836767036449,3.6775551428571425,2,3,1,0,0,0,0,0,0,0,0,0,0,0,1,0,0,0,0
2022-02-17,水生根茎类,38.54,299.02,55,3,196.16215,55,7.758692267773741,3.5665845454545453,2,4,1,0,0,0,0,0,0,0,0,0,0,0,0,1,0,0,0
2022-02-18,水生根茎类,34.695,274.46,41,2,179.024,41,7.9106499495604545,4.366439024390244,2,5,1,0,0,0,0,0,0,0,0,0,0,0,0,0,1,0,0
2022-02-19,水生根茎类,38.763,307.004,60,2,169.57957,60,7.9200268297087435,2.8263261666666666,2,6,1,0,0,0,0,0,0,0,0,0,0,0,0,0,0,1,0
2022-02-20,水生根茎类,35.58,284.64,50,1,168.6492,50,8.0,3.372984,2,7,1,0,0,0,0,0,0,0,0,0,0,0,0,0,0,0,1
2022-02-21,水生根茎类,26.034,208.272,36,1,132.77339999999998,36,8.0,3.6881499999999994,2,1,1,0,0,0,0,0,0,0,0,0,0,0,0,0,0,0,0
2022-02-22,水生根茎类,25.201,201.608,42,1,126.005,42,8.0,3.0001190476190476,2,2,1,0,0,0,0,0,0,0,0,0,0,1,0,0,0,0,0
2022-02-23,水生根茎类,17.076,136.608,27,1,85.38,27,8.0,3.1622222222222223,2,3,1,0,0,0,0,0,0,0,0,0,0,0,1,0,0,0,0
2022-02-24,水生根茎类,19.778,158.224,29,1,98.89,29,8.0,3.41,2,4,1,0,0,0,0,0,0,0,0,0,0,0,0,1,0,0,0
2022-02-25,水生根茎类,43.644,387.152,54,2,268.22,54,8.870680964164604,4.967037037037038,2,5,1,0,0,0,0,0,0,0,0,0,0,0,0,0,1,0,0
2022-02-26,水生根茎类,40.831,326.648,60,1,198.03034999999997,60,8.0,3.300505833333333,2,6,1,0,0,0,0,0,0,0,0,0,0,0,0,0,0,1,0
2022-02-27,水生根茎类,33.609,268.872,55,1,161.32319999999999,55,8.0,2.9331490909090907,2,7,1,0,0,0,0,0,0,0,0,0,0,0,0,0,0,0,1
2022-02-28,水生根茎类,29.583,177.498,31,1,136.37763,31,6.0,4.399278387096775,2,1,1,0,0,0,0,0,0,0,0,0,0,0,0,0,0,0,0
2022-03-01,水生根茎类,5.051,30.306,8,1,23.234599999999997,8,6.0,2.9043249999999996,3,2,0,1,0,0,0,0,0,0,0,0,0,1,0,0,0,0,0
2022-03-02,水生根茎类,23.171,139.026,33,1,106.58659999999999,33,6.000000000000001,3.2298969696969695,3,3,0,1,0,0,0,0,0,0,0,0,0,0,1,0,0,0,0
2022-03-03,水生根茎类,27.705000000000002,166.23,40,1,127.443,40,5.999999999999999,3.1860749999999998,3,4,0,1,0,0,0,0,0,0,0,0,0,0,0,1,0,0,0
2022-03-04,水生根茎类,21.276,127.65599999999999,29,1,97.86959999999999,29,6.0,3.374813793103448,3,5,0,1,0,0,0,0,0,0,0,0,0,0,0,0,1,0,0
2022-03-05,水生根茎类,44.23,265.38,61,1,203.45799999999997,61,6.0,3.335377049180327,3,6,0,1,0,0,0,0,0,0,0,0,0,0,0,0,0,1,0
2022-03-06,水生根茎类,47.119,282.714,70,1,216.74739999999997,70,6.0,3.0963914285714282,3,7,0,1,0,0,0,0,0,0,0,0,0,0,0,0,0,0,1
2022-03-07,水生根茎类,24.482,146.892,35,1,116.53432,35,6.0,3.3295519999999996,3,1,0,1,0,0,0,0,0,0,0,0,0,0,0,0,0,0,0
2022-03-08,水生根茎类,6.754,47.278,9,1,32.419200000000004,9,7.0,3.6021333333333336,3,2,0,1,0,0,0,0,0,0,0,0,0,1,0,0,0,0,0
2022-03-09,水生根茎类,17.2,120.4,24,1,82.56,24,7.000000000000001,3.44,3,3,0,1,0,0,0,0,0,0,0,0,0,0,1,0,0,0,0
2022-03-10,水生根茎类,16.626,116.382,26,1,79.8048,26,7.0,3.0694153846153847,3,4,0,1,0,0,0,0,0,0,0,0,0,0,0,1,0,0,0
2022-03-11,水生根茎类,29.63,207.41,40,1,142.224,40,7.0,3.5555999999999996,3,5,0,1,0,0,0,0,0,0,0,0,0,0,0,0,1,0,0
2022-03-12,水生根茎类,37.329,261.303,48,1,177.68604,48,7.0,3.7017925,3,6,0,1,0,0,0,0,0,0,0,0,0,0,0,0,0,1,0
2022-03-13,水生根茎类,28.204,197.428,41,1,135.3792,41,7.0,3.301931707317073,3,7,0,1,0,0,0,0,0,0,0,0,0,0,0,0,0,0,1
2022-03-14,水生根茎类,15.345,107.41499999999999,24,1,73.656,24,6.999999999999999,3.0690000000000004,3,1,0,1,0,0,0,0,0,0,0,0,0,0,0,0,0,0,0
2022-03-15,水生根茎类,15.026,112.8908,22,2,74.70143999999999,22,7.51303074670571,3.3955199999999994,3,2,0,1,0,0,0,0,0,0,0,0,0,1,0,0,0,0,0
2022-03-16,水生根茎类,16.886,118.202,22,1,81.05279999999999,22,7.0,3.6842181818181814,3,3,0,1,0,0,0,0,0,0,0,0,0,0,1,0,0,0,0
2022-03-17,水生根茎类,30.851,226.0456,44,2,151.40851,44,7.327010469676834,3.4411025,3,4,0,1,0,0,0,0,0,0,0,0,0,0,0,1,0,0,0
2022-03-18,水生根茎类,26.993000000000002,187.874,45,2,130.93004,45,6.960100766865483,2.909556444444444,3,5,0,1,0,0,0,0,0,0,0,0,0,0,0,0,1,0,0
2022-03-19,水生根茎类,45.815,311.542,56,1,219.912,56,6.8,3.927,3,6,0,1,0,0,0,0,0,0,0,0,0,0,0,0,0,1,0
2022-03-20,水生根茎类,43.592,339.664,66,2,222.289,66,7.791888419893558,3.3680151515151513,3,7,0,1,0,0,0,0,0,0,0,0,0,0,0,0,0,0,1
2022-03-21,水生根茎类,25.391,182.8152,35,1,121.8768,35,7.200000000000001,3.482194285714286,3,1,0,1,0,0,0,0,0,0,0,0,0,0,0,0,0,0,0
2022-03-22,水生根茎类,27.306,196.60320000000002,38,1,131.0688,38,7.2,3.4491789473684213,3,2,0,1,0,0,0,0,0,0,0,0,0,1,0,0,0,0,0
2022-03-23,水生根茎类,14.86,118.7928,28,2,79.03373,28,7.994131897711979,2.8226332142857147,3,3,0,1,0,0,0,0,0,0,0,0,0,0,1,0,0,0,0
2022-03-24,水生根茎类,16.899,135.192,25,1,83.14308,25,8.0,3.3257232,3,4,0,1,0,0,0,0,0,0,0,0,0,0,0,1,0,0,0
2022-03-25,水生根茎类,42.983000000000004,385.488,59,3,246.01398,59,8.968382849033338,4.169728474576271,3,5,0,1,0,0,0,0,0,0,0,0,0,0,0,0,1,0,0
2022-03-26,水生根茎类,42.87,372.072,58,3,238.15074,58,8.679076277116865,4.1060472413793105,3,6,0,1,0,0,0,0,0,0,0,0,0,0,0,0,0,1,0
2022-03-27,水生根茎类,41.214,352.112,46,2,230.38782,46,8.543504634347553,5.008430869565218,3,7,0,1,0,0,0,0,0,0,0,0,0,0,0,0,0,0,1
2022-03-28,水生根茎类,19.777,193.808,34,3,123.78397,34,9.799666279010971,3.640705,3,1,0,1,0,0,0,0,0,0,0,0,0,0,0,0,0,0,0
2022-03-29,水生根茎类,18.253,155.928,27,3,99.82344,27,8.542595737686955,3.6971644444444447,3,2,0,1,0,0,0,0,0,0,0,0,0,1,0,0,0,0,0
2022-03-30,水生根茎类,27.389,232.472,39,3,148.134,39,8.487787067800943,3.798307692307692,3,3,0,1,0,0,0,0,0,0,0,0,0,0,1,0,0,0,0
2022-03-31,水生根茎类,30.993,287.216,43,3,188.77664,43,9.26712483464008,4.390154418604651,3,4,0,1,0,0,0,0,0,0,0,0,0,0,0,1,0,0,0
2022-04-01,水生根茎类,25.437,220.296,33,2,142.185,33,8.660455242363486,4.308636363636364,4,5,0,0,1,0,0,0,0,0,0,0,0,0,0,0,1,0,0
2022-04-02,水生根茎类,34.452,305.248,51,3,197.23384000000001,51,8.860095204922791,3.8673301960784316,4,6,0,0,1,0,0,0,0,0,0,0,0,0,0,0,0,1,0
2022-04-03,水生根茎类,42.309,367.096,64,2,237.05614,64,8.676546361294287,3.7040021875,4,7,0,0,1,0,0,0,0,0,0,0,0,0,0,0,0,0,1
2022-04-04,水生根茎类,31.759,254.072,44,1,158.79500000000002,44,8.0,3.608977272727273,4,1,0,0,1,0,0,0,0,0,0,0,0,0,0,0,0,0,0
2022-04-05,水生根茎类,21.71,173.68,38,1,108.55,38,8.0,2.856578947368421,4,2,0,0,1,0,0,0,0,0,0,0,0,1,0,0,0,0,0
2022-04-06,水生根茎类,4.74,45.784,11,2,30.76777,11,9.659071729957805,2.7970699999999997,4,3,0,0,1,0,0,0,0,0,0,0,0,0,1,0,0,0,0
2022-04-07,水生根茎类,6.533,52.264,11,1,32.665,11,8.0,2.9695454545454543,4,4,0,0,1,0,0,0,0,0,0,0,0,0,0,1,0,0,0
2022-04-08,水生根茎类,6.366,60.552,13,2,42.73725,13,9.511781338360038,3.2874807692307693,4,5,0,0,1,0,0,0,0,0,0,0,0,0,0,0,1,0,0
2022-04-09,水生根茎类,11.218,94.152,17,2,64.34053,17,8.392939917988947,3.7847370588235294,4,6,0,0,1,0,0,0,0,0,0,0,0,0,0,0,0,1,0
2022-04-10,水生根茎类,18.379,153.048,26,2,104.38276,26,8.327330105011153,4.014721538461538,4,7,0,0,1,0,0,0,0,0,0,0,0,0,0,0,0,0,1
2022-04-11,水生根茎类,1.03,8.24,2,1,5.562000000000001,2,8.0,2.7810000000000006,4,1,0,0,1,0,0,0,0,0,0,0,0,0,0,0,0,0,0
2022-04-12,水生根茎类,7.538,60.304,11,1,40.705200000000005,11,8.0,3.700472727272728,4,2,0,0,1,0,0,0,0,0,0,0,0,1,0,0,0,0,0
2022-04-13,水生根茎类,4.61,36.88,7,1,24.894000000000002,7,8.0,3.5562857142857145,4,3,0,0,1,0,0,0,0,0,0,0,0,0,1,0,0,0,0
2022-04-14,水生根茎类,6.495,67.2462,11,2,40.72216,11,10.353533487297922,3.7020145454545457,4,4,0,0,1,0,0,0,0,0,0,0,0,0,0,1,0,0,0
2022-04-15,水生根茎类,14.18,147.5784,21,2,88.97136,21,10.407503526093087,4.236731428571429,4,5,0,0,1,0,0,0,0,0,0,0,0,0,0,0,1,0,0
2022-04-16,水生根茎类,15.042,140.4,21,2,84.8538,21,9.333865177502991,4.040657142857143,4,6,0,0,1,0,0,0,0,0,0,0,0,0,0,0,0,1,0
2022-04-17,水生根茎类,9.701,87.309,14,1,52.96746,14,9.0,3.7833900000000003,4,7,0,0,1,0,0,0,0,0,0,0,0,0,0,0,0,0,1
2022-04-18,水生根茎类,3.024,27.216,4,1,16.3296,4,9.0,4.0824,4,1,0,0,1,0,0,0,0,0,0,0,0,0,0,0,0,0,0
2022-04-19,水生根茎类,4.83,57.1662,8,3,37.71462,8,11.835652173913044,4.7143275,4,2,0,0,1,0,0,0,0,0,0,0,0,1,0,0,0,0,0
2022-04-20,水生根茎类,2.772,29.512,7,2,20.08048,7,10.646464646464647,2.86864,4,3,0,0,1,0,0,0,0,0,0,0,0,0,1,0,0,0,0
2022-04-21,水生根茎类,3.552,39.1068,8,2,24.329990000000002,8,11.009797297297297,3.0412487500000003,4,4,0,0,1,0,0,0,0,0,0,0,0,0,0,1,0,0,0
2022-04-22,水生根茎类,7.417,70.70100000000001,12,2,44.46792000000001,12,9.532290683564785,3.7056600000000004,4,5,0,0,1,0,0,0,0,0,0,0,0,0,0,0,1,0,0
2022-04-23,水生根茎类,9.058,90.5286,12,3,57.88808,12,9.994325458158533,4.8240066666666666,4,6,0,0,1,0,0,0,0,0,0,0,0,0,0,0,0,1,0
2022-04-24,水生根茎类,4.52,40.68,4,1,24.408,4,9.0,6.102,4,7,0,0,1,0,0,0,0,0,0,0,0,0,0,0,0,0,1
2022-04-25,水生根茎类,4.202,46.771,10,2,31.950760000000002,10,11.130652070442647,3.1950760000000002,4,1,0,0,1,0,0,0,0,0,0,0,0,0,0,0,0,0,0
2022-04-26,水生根茎类,3.896,35.064,6,1,21.038400000000003,6,9.0,3.5064000000000006,4,2,0,0,1,0,0,0,0,0,0,0,0,1,0,0,0,0,0
2022-04-27,水生根茎类,1.451,13.059,2,1,7.8354,2,8.999999999999998,3.9177,4,3,0,0,1,0,0,0,0,0,0,0,0,0,1,0,0,0,0
2022-04-28,水生根茎类,2.1390000000000002,26.489,5,2,19.14016,5,12.383824216923795,3.8280320000000003,4,4,0,0,1,0,0,0,0,0,0,0,0,0,0,1,0,0,0
2022-04-29,水生根茎类,7.1499999999999995,81.306,14,2,50.855999999999995,14,11.371468531468532,3.632571428571428,4,5,0,0,1,0,0,0,0,0,0,0,0,0,0,0,1,0,0
2022-04-30,水生根茎类,9.22,82.98,14,1,49.788000000000004,14,9.0,3.5562857142857145,4,6,0,0,1,0,0,0,0,0,0,0,0,0,0,0,0,1,0
2022-05-01,水生根茎类,10.863,150.2738,20,3,99.62778,20,13.833545061216975,4.981389,5,7,0,0,0,1,0,0,0,0,0,0,0,0,0,0,0,0,1
2022-05-02,水生根茎类,8.503,84.8214,16,2,50.33988,16,9.975467482065152,3.1462425,5,1,0,0,0,1,0,0,0,0,0,0,0,0,0,0,0,0,0
2022-05-03,水生根茎类,2.8680000000000003,25.811999999999998,4,1,15.487200000000001,4,8.999999999999998,3.8718000000000004,5,2,0,0,0,1,0,0,0,0,0,0,0,1,0,0,0,0,0
2022-05-04,水生根茎类,6.398,65.32560000000001,13,2,38.679120000000005,13,10.210315723663646,2.9753169230769236,5,3,0,0,0,1,0,0,0,0,0,0,0,0,1,0,0,0,0
2022-05-05,水生根茎类,1.193,13.7306,4,3,9.82646,4,11.509304274937133,2.456615,5,4,0,0,0,1,0,0,0,0,0,0,0,0,0,1,0,0,0
2022-05-06,水生根茎类,3.42,37.1198,6,3,25.13614,6,10.853742690058478,4.189356666666667,5,5,0,0,0,1,0,0,0,0,0,0,0,0,0,0,1,0,0
2022-05-07,水生根茎类,4.66,47.6844,8,3,30.8932,8,10.232703862660943,3.86165,5,6,0,0,0,1,0,0,0,0,0,0,0,0,0,0,0,1,0
2022-05-08,水生根茎类,4.476,48.5658,11,3,30.73112,11,10.850268096514746,2.7937381818181817,5,7,0,0,0,1,0,0,0,0,0,0,0,0,0,0,0,0,1
2022-05-09,水生根茎类,3.5380000000000003,43.7094,8,3,30.511969999999998,8,12.354267947993216,3.8139962499999998,5,1,0,0,0,1,0,0,0,0,0,0,0,0,0,0,0,0,0
2022-05-10,水生根茎类,5.181,63.3828,12,4,43.51244,12,12.23370005790388,3.6260366666666664,5,2,0,0,0,1,0,0,0,0,0,0,0,1,0,0,0,0,0
2022-05-11,水生根茎类,2.043,67.6206,6,3,60.02258,6,33.09867841409691,10.003763333333334,5,3,0,0,0,1,0,0,0,0,0,0,0,0,1,0,0,0,0
2022-05-12,水生根茎类,5.134,60.387,10,4,40.85742,10,11.762173743669653,4.085742,5,4,0,0,0,1,0,0,0,0,0,0,0,0,0,1,0,0,0
2022-05-13,水生根茎类,2.7920000000000003,65.25,8,3,36.8394,8,23.370343839541544,4.604925,5,5,0,0,0,1,0,0,0,0,0,0,0,0,0,0,1,0,0
2022-05-14,水生根茎类,11.341,126.3278,19,4,79.44601999999999,19,11.139035358434,4.18136947368421,5,6,0,0,0,1,0,0,0,0,0,0,0,0,0,0,0,1,0
2022-05-15,水生根茎类,6.072,66.1178,11,3,46.44873,11,10.888965744400528,4.222611818181818,5,7,0,0,0,1,0,0,0,0,0,0,0,0,0,0,0,0,1
2022-05-16,水生根茎类,4.6370000000000005,63.253,12,4,43.68033,12,13.640931636834159,3.6400275,5,1,0,0,0,1,0,0,0,0,0,0,0,0,0,0,0,0,0
2022-05-17,水生根茎类,1.853,33.738,6,4,25.13281,6,18.207231516459796,4.1888016666666665,5,2,0,0,0,1,0,0,0,0,0,0,0,1,0,0,0,0,0
2022-05-18,水生根茎类,0.9259999999999999,8.334,2,1,5.370799999999999,2,9.0,2.6853999999999996,5,3,0,0,0,1,0,0,0,0,0,0,0,0,1,0,0,0,0
2022-05-19,水生根茎类,3.425,45.153400000000005,6,2,32.671800000000005,6,13.183474452554746,5.4453000000000005,5,4,0,0,0,1,0,0,0,0,0,0,0,0,0,1,0,0,0
2022-05-20,水生根茎类,3.575,59.695800000000006,9,3,38.135670000000005,9,16.698125874125875,4.237296666666667,5,5,0,0,0,1,0,0,0,0,0,0,0,0,0,0,1,0,0
2022-05-21,水生根茎类,4.691,49.992599999999996,7,2,32.327,7,10.657130675762097,4.618142857142857,5,6,0,0,0,1,0,0,0,0,0,0,0,0,0,0,0,1,0
2022-05-22,水生根茎类,4.885,90.7902,12,3,58.5559,12,18.585506653019447,4.879658333333333,5,7,0,0,0,1,0,0,0,0,0,0,0,0,0,0,0,0,1
2022-05-23,水生根茎类,4.437,51.9456,7,2,33.4044,7,11.707369844489518,4.772057142857143,5,1,0,0,0,1,0,0,0,0,0,0,0,0,0,0,0,0,0
2022-05-24,水生根茎类,3.3609999999999998,56.927600000000005,9,3,37.70328,9,16.937697113954183,4.189253333333333,5,2,0,0,0,1,0,0,0,0,0,0,0,1,0,0,0,0,0
2022-05-25,水生根茎类,4.619,72.3124,7,3,45.85642,7,15.6554232517861,6.550917142857143,5,3,0,0,0,1,0,0,0,0,0,0,0,0,1,0,0,0,0
2022-05-26,水生根茎类,4.438,86.1748,8,3,58.3474,8,19.41748535376296,7.293425,5,4,0,0,0,1,0,0,0,0,0,0,0,0,0,1,0,0,0
2022-05-27,水生根茎类,8.858,108.282,16,4,73.48792,16,12.224204109279746,4.592995,5,5,0,0,0,1,0,0,0,0,0,0,0,0,0,0,1,0,0
2022-05-28,水生根茎类,8.906,138.5706,19,4,97.78691,19,15.559240961149786,5.146679473684211,5,6,0,0,0,1,0,0,0,0,0,0,0,0,0,0,0,1,0
2022-05-29,水生根茎类,7.4399999999999995,118.6424,13,3,89.75774,13,15.946559139784947,6.904441538461539,5,7,0,0,0,1,0,0,0,0,0,0,0,0,0,0,0,0,1
2022-05-30,水生根茎类,6.684,114.2272,19,4,78.1789,19,17.089646918013166,4.114678947368421,5,1,0,0,0,1,0,0,0,0,0,0,0,0,0,0,0,0,0
2022-05-31,水生根茎类,6.611,138.6908,16,3,99.65898000000001,16,20.978792920889425,6.228686250000001,5,2,0,0,0,1,0,0,0,0,0,0,0,1,0,0,0,0,0
2022-06-01,水生根茎类,5.084,117.6572,15,3,83.8567,15,23.1426435877262,5.590446666666667,6,3,0,0,0,0,1,0,0,0,0,0,0,0,1,0,0,0,0
2022-06-02,水生根茎类,11.33,227.32920000000001,27,5,155.10555,27,20.064360105913504,5.74465,6,4,0,0,0,0,1,0,0,0,0,0,0,0,0,1,0,0,0
2022-06-03,水生根茎类,14.235,271.144,31,5,182.68106,31,19.04769933263084,5.892937419354839,6,5,0,0,0,0,1,0,0,0,0,0,0,0,0,0,1,0,0
2022-06-04,水生根茎类,5.135,109.0052,14,3,75.9774,14,21.227887049659202,5.426957142857143,6,6,0,0,0,0,1,0,0,0,0,0,0,0,0,0,0,1,0
2022-06-05,水生根茎类,10.109,203.8012,25,4,138.97814,25,20.160371945790878,5.5591256,6,7,0,0,0,0,1,0,0,0,0,0,0,0,0,0,0,0,1
2022-06-06,水生根茎类,5.253,92.5164,14,3,61.58219999999999,14,17.612107367218734,4.398728571428571,6,1,0,0,0,0,1,0,0,0,0,0,0,0,0,0,0,0,0
2022-06-07,水生根茎类,6.311999999999999,100.7976,13,4,69.03612,13,15.969201520912549,5.310470769230769,6,2,0,0,0,0,1,0,0,0,0,0,0,1,0,0,0,0,0
2022-06-08,水生根茎类,6.7250000000000005,152.65560000000002,21,4,92.1908,21,22.69971747211896,4.390038095238095,6,3,0,0,0,0,1,0,0,0,0,0,0,0,1,0,0,0,0
2022-06-09,水生根茎类,5.2410000000000005,116.2664,14,4,66.52684,14,22.18401068498378,4.751917142857144,6,4,0,0,0,0,1,0,0,0,0,0,0,0,0,1,0,0,0
2022-06-10,水生根茎类,9.447000000000001,202.3878,22,4,114.06294,22,21.4234995236583,5.184679090909091,6,5,0,0,0,0,1,0,0,0,0,0,0,0,0,0,1,0,0
2022-06-11,水生根茎类,9.209,223.401,24,4,138.98936,24,24.25898577478554,5.791223333333334,6,6,0,0,0,0,1,0,0,0,0,0,0,0,0,0,0,1,0
2022-06-12,水生根茎类,10.588000000000001,218.9422,28,5,129.51452,28,20.678333962976954,4.625518571428572,6,7,0,0,0,0,1,0,0,0,0,0,0,0,0,0,0,0,1
2022-06-13,水生根茎类,3.944,85.9936,12,4,49.751689999999996,12,21.803651115618663,4.145974166666666,6,1,0,0,0,0,1,0,0,0,0,0,0,0,0,0,0,0,0
2022-06-14,水生根茎类,14.604000000000001,350.3868,40,5,223.06135,40,23.992522596548888,5.57653375,6,2,0,0,0,0,1,0,0,0,0,0,0,1,0,0,0,0,0
2022-06-15,水生根茎类,5.184,102.14800000000001,16,5,57.96944,16,19.704475308641978,3.62309,6,3,0,0,0,0,1,0,0,0,0,0,0,0,1,0,0,0,0
2022-06-16,水生根茎类,5.3469999999999995,110.4888,17,4,72.80714,17,20.66369927061904,4.282772941176471,6,4,0,0,0,0,1,0,0,0,0,0,0,0,0,1,0,0,0
2022-06-17,水生根茎类,6.77,130.8522,19,5,86.58057,19,19.328242245199412,4.556872105263158,6,5,0,0,0,0,1,0,0,0,0,0,0,0,0,0,1,0,0
2022-06-18,水生根茎类,18.483999999999998,408.96500000000003,46,5,252.83706,46,22.12535165548583,5.4964578260869565,6,6,0,0,0,0,1,0,0,0,0,0,0,0,0,0,0,1,0
2022-06-19,水生根茎类,15.541,376.7282,47,4,240.62987,47,24.240924007464127,5.119784468085107,6,7,0,0,0,0,1,0,0,0,0,0,0,0,0,0,0,0,1
2022-06-20,水生根茎类,8.896,214.5098,26,4,148.02107,26,24.113062050359712,5.693118076923077,6,1,0,0,0,0,1,0,0,0,0,0,0,0,0,0,0,0,0
2022-06-21,水生根茎类,6.063,120.025,20,5,80.13351,20,19.79630545934356,4.0066755,6,2,0,0,0,0,1,0,0,0,0,0,0,1,0,0,0,0,0
2022-06-22,水生根茎类,13.806000000000001,328.4452,37,4,223.02817000000002,37,23.790033318846877,6.0277883783783786,6,3,0,0,0,0,1,0,0,0,0,0,0,0,1,0,0,0,0
2022-06-23,水生根茎类,5.402,116.8704,18,4,75.15176,18,21.634653831914108,4.175097777777777,6,4,0,0,0,0,1,0,0,0,0,0,0,0,0,1,0,0,0
2022-06-24,水生根茎类,25.878,336.7208,45,5,227.85092,45,13.01185563026509,5.0633537777777775,6,5,0,0,0,0,1,0,0,0,0,0,0,0,0,0,1,0,0
2022-06-25,水生根茎类,40.332,459.5476,56,6,304.71415,56,11.394118813845086,5.441324107142857,6,6,0,0,0,0,1,0,0,0,0,0,0,0,0,0,0,1,0
2022-06-26,水生根茎类,31.364,530.6208,70,5,357.85985,70,16.918148195383242,5.112283571428572,6,7,0,0,0,0,1,0,0,0,0,0,0,0,0,0,0,0,1
2022-06-27,水生根茎类,12.659,235.8696,36,4,148.78227,36,18.63256181372936,4.132840833333334,6,1,0,0,0,0,1,0,0,0,0,0,0,0,0,0,0,0,0
2022-06-28,水生根茎类,19.501,278.0434,34,6,180.18867,34,14.257904722834727,5.299666764705883,6,2,0,0,0,0,1,0,0,0,0,0,0,1,0,0,0,0,0
2022-06-29,水生根茎类,16.118,341.00600000000003,40,4,219.59197,40,21.156843280804075,5.48979925,6,3,0,0,0,0,1,0,0,0,0,0,0,0,1,0,0,0,0
2022-06-30,水生根茎类,10.625,194.8452,30,4,132.4824,30,18.338371764705883,4.41608,6,4,0,0,0,0,1,0,0,0,0,0,0,0,0,1,0,0,0
2022-07-01,水生根茎类,15.086,290.4148,41,4,190.53898,41,19.250616465597243,4.647292195121952,7,5,0,0,0,0,0,1,0,0,0,0,0,0,0,0,1,0,0
2022-07-02,水生根茎类,28.667,552.19,75,3,355.58128,75,19.26221788118743,4.741083733333333,7,6,0,0,0,0,0,1,0,0,0,0,0,0,0,0,0,1,0
2022-07-03,水生根茎类,63.873000000000005,690.4424,92,5,420.89118,92,10.809612825450502,4.574904130434783,7,7,0,0,0,0,0,1,0,0,0,0,0,0,0,0,0,0,1
2022-07-04,水生根茎类,20.219,288.6132,44,4,188.36469,44,14.274355803946783,4.2810156818181815,7,1,0,0,0,0,0,1,0,0,0,0,0,0,0,0,0,0,0
2022-07-05,水生根茎类,34.508,488.4832,68,5,316.53919,68,14.155650863567868,4.654988088235294,7,2,0,0,0,0,0,1,0,0,0,0,0,1,0,0,0,0,0
2022-07-06,水生根茎类,39.018,425.6612,59,4,279.55126,59,10.909354656825055,4.738156949152542,7,3,0,0,0,0,0,1,0,0,0,0,0,0,1,0,0,0,0
2022-07-07,水生根茎类,43.066,456.1384,66,4,296.84882,66,10.59161287326429,4.4977093939393935,7,4,0,0,0,0,0,1,0,0,0,0,0,0,0,1,0,0,0
2022-07-08,水生根茎类,32.713,304.1364,48,5,197.54731,48,9.297111240179744,4.115568958333333,7,5,0,0,0,0,0,1,0,0,0,0,0,0,0,0,1,0,0
2022-07-09,水生根茎类,44.378,611.11,88,6,383.21121,88,13.770561990175313,4.354672840909091,7,6,0,0,0,0,0,1,0,0,0,0,0,0,0,0,0,1,0
2022-07-10,水生根茎类,35.703,381.6576,51,5,232.77057000000002,51,10.689790773884546,4.564128823529412,7,7,0,0,0,0,0,1,0,0,0,0,0,0,0,0,0,0,1
2022-07-11,水生根茎类,16.008,168.06480000000002,24,4,103.36263000000001,24,10.498800599700152,4.30677625,7,1,0,0,0,0,0,1,0,0,0,0,0,0,0,0,0,0,0
2022-07-12,水生根茎类,6.575,141.874,21,3,91.04955,21,21.577794676806082,4.335692857142857,7,2,0,0,0,0,0,1,0,0,0,0,0,1,0,0,0,0,0
2022-07-13,水生根茎类,9.644,227.48080000000002,27,3,146.85411,27,23.587805889672335,5.439041111111111,7,3,0,0,0,0,0,1,0,0,0,0,0,0,1,0,0,0,0
2022-07-14,水生根茎类,6.406,86.05,14,3,56.83683,14,13.43271932563222,4.059773571428571,7,4,0,0,0,0,0,1,0,0,0,0,0,0,0,1,0,0,0
2022-07-15,水生根茎类,11.528,218.762,26,5,139.04064,26,18.9765787647467,5.347716923076923,7,5,0,0,0,0,0,1,0,0,0,0,0,0,0,0,1,0,0
2022-07-16,水生根茎类,68.84,509.5844,56,5,329.95075,56,7.402446252178966,5.891977678571429,7,6,0,0,0,0,0,1,0,0,0,0,0,0,0,0,0,1,0
2022-07-17,水生根茎类,131.3,849.4144,125,4,596.24657,125,6.469264280274181,4.76997256,7,7,0,0,0,0,0,1,0,0,0,0,0,0,0,0,0,0,1
2022-07-18,水生根茎类,57.442,538.1616,85,5,372.78376000000003,85,9.368782424010307,4.385691294117647,7,1,0,0,0,0,0,1,0,0,0,0,0,0,0,0,0,0,0
2022-07-19,水生根茎类,90.19,564.6268,85,6,373.63227,85,6.260414680119747,4.395673764705882,7,2,0,0,0,0,0,1,0,0,0,0,0,1,0,0,0,0,0
2022-07-20,水生根茎类,89.355,618.3884,94,5,406.55789,94,6.920579710144928,4.325083936170213,7,3,0,0,0,0,0,1,0,0,0,0,0,0,1,0,0,0,0
2022-07-21,水生根茎类,75.92,649.4168,94,6,430.24351,94,8.553962065331929,4.577058617021277,7,4,0,0,0,0,0,1,0,0,0,0,0,0,0,1,0,0,0
2022-07-22,水生根茎类,44.43,529.7936,78,6,345.91819000000004,78,11.924231375196939,4.4348485897435905,7,5,0,0,0,0,0,1,0,0,0,0,0,0,0,0,1,0,0
2022-07-23,水生根茎类,63.395,835.2628,109,4,546.20348,109,13.175531193311775,5.011041100917431,7,6,0,0,0,0,0,1,0,0,0,0,0,0,0,0,0,1,0
2022-07-24,水生根茎类,112.091,860.7352,128,4,553.43234,128,7.678896610789448,4.32369015625,7,7,0,0,0,0,0,1,0,0,0,0,0,0,0,0,0,0,1
2022-07-25,水生根茎类,90.633,575.1684,85,5,363.0863,85,6.346125583396777,4.271603529411765,7,1,0,0,0,0,0,1,0,0,0,0,0,0,0,0,0,0,0
2022-07-26,水生根茎类,68.863,639.4624,85,4,386.34742,85,9.28600845156325,4.545263764705882,7,2,0,0,0,0,0,1,0,0,0,0,0,1,0,0,0,0,0
2022-07-27,水生根茎类,71.087,503.014,72,4,328.09687,72,7.076033592640004,4.5569009722222225,7,3,0,0,0,0,0,1,0,0,0,0,0,0,1,0,0,0,0
2022-07-28,水生根茎类,68.756,568.4468,74,5,356.20975,74,8.267595555296992,4.81364527027027,7,4,0,0,0,0,0,1,0,0,0,0,0,0,0,1,0,0,0
2022-07-29,水生根茎类,62.925,498.04560000000004,68,4,317.65654,68,7.9149082240762825,4.671419705882353,7,5,0,0,0,0,0,1,0,0,0,0,0,0,0,0,1,0,0
2022-07-30,水生根茎类,69.293,669.7092,105,5,437.63653,105,9.664889671395379,4.167966952380953,7,6,0,0,0,0,0,1,0,0,0,0,0,0,0,0,0,1,0
2022-07-31,水生根茎类,131.591,808.4,108,5,525.16453,108,6.143277275801536,4.862634537037037,7,7,0,0,0,0,0,1,0,0,0,0,0,0,0,0,0,0,1
2022-08-01,水生根茎类,90.918,573.0287999999999,81,5,384.67039,81,6.302699135484722,4.749017160493827,8,1,0,0,0,0,0,0,1,0,0,0,0,0,0,0,0,0,0
2022-08-02,水生根茎类,28.385,333.8544,61,4,217.11548,61,11.761648758146908,3.559270163934426,8,2,0,0,0,0,0,0,1,0,0,0,0,1,0,0,0,0,0
2022-08-03,水生根茎类,95.589,421.166,78,4,306.21159,78,4.406009059619831,3.9257896153846152,8,3,0,0,0,0,0,0,1,0,0,0,0,0,1,0,0,0,0
2022-08-04,水生根茎类,64.171,583.3256,102,5,407.93696,102,9.090174689501488,3.9993819607843135,8,4,0,0,0,0,0,0,1,0,0,0,0,0,0,1,0,0,0
2022-08-05,水生根茎类,43.931,474.2976,75,4,328.59926,75,10.796421661241492,4.381323466666667,8,5,0,0,0,0,0,0,1,0,0,0,0,0,0,0,1,0,0
2022-08-06,水生根茎类,105.798,696.6896,124,5,484.09146,124,6.585092345791036,3.9039633870967743,8,6,0,0,0,0,0,0,1,0,0,0,0,0,0,0,0,1,0
2022-08-07,水生根茎类,89.384,624.6704,108,5,439.76465,108,6.9886154121543,4.071894907407407,8,7,0,0,0,0,0,0,1,0,0,0,0,0,0,0,0,0,1
2022-08-08,水生根茎类,85.106,509.1492,80,5,358.63204,80,5.982530021385097,4.4829005,8,1,0,0,0,0,0,0,1,0,0,0,0,0,0,0,0,0,0
2022-08-09,水生根茎类,52.727,420.28520000000003,73,5,290.9511,73,7.970967436038463,3.985631506849315,8,2,0,0,0,0,0,0,1,0,0,0,0,1,0,0,0,0,0
2022-08-10,水生根茎类,89.154,506.708,87,5,345.67458999999997,87,5.683513919734393,3.973271149425287,8,3,0,0,0,0,0,0,1,0,0,0,0,0,1,0,0,0,0
2022-08-11,水生根茎类,69.603,463.97200000000004,67,5,314.60499000000004,67,6.665977041219489,4.695596865671642,8,4,0,0,0,0,0,0,1,0,0,0,0,0,0,1,0,0,0
2022-08-12,水生根茎类,77.693,508.17560000000003,84,5,340.08063000000004,84,6.540815774908937,4.048578928571429,8,5,0,0,0,0,0,0,1,0,0,0,0,0,0,0,1,0,0
2022-08-13,水生根茎类,139.761,795.986,127,4,534.28196,127,5.695337039660563,4.206944566929134,8,6,0,0,0,0,0,0,1,0,0,0,0,0,0,0,0,1,0
2022-08-14,水生根茎类,96.504,881.974,149,6,566.65316,149,9.139248114067811,3.8030413422818787,8,7,0,0,0,0,0,0,1,0,0,0,0,0,0,0,0,0,1
2022-08-15,水生根茎类,100.713,631.0052000000001,93,5,421.42984,93,6.2653798417284765,4.531503655913979,8,1,0,0,0,0,0,0,1,0,0,0,0,0,0,0,0,0,0
2022-08-16,水生根茎类,68.594,571.4556,93,6,353.03236000000004,93,8.330985217365951,3.7960468817204305,8,2,0,0,0,0,0,0,1,0,0,0,0,1,0,0,0,0,0
2022-08-17,水生根茎类,102.184,628.1024,109,6,435.37777,109,6.1467783606044,3.994291467889908,8,3,0,0,0,0,0,0,1,0,0,0,0,0,1,0,0,0,0
2022-08-18,水生根茎类,78.82,594.4264000000001,102,6,403.8762,102,7.541568129916266,3.959570588235294,8,4,0,0,0,0,0,0,1,0,0,0,0,0,0,1,0,0,0
2022-08-19,水生根茎类,141.122,1081.212,157,6,763.27408,157,7.6615410779325686,4.861618343949044,8,5,0,0,0,0,0,0,1,0,0,0,0,0,0,0,1,0,0
2022-08-20,水生根茎类,94.255,747.8864,130,5,514.38522,130,7.934713277810196,3.9568093846153847,8,6,0,0,0,0,0,0,1,0,0,0,0,0,0,0,0,1,0
2022-08-21,水生根茎类,87.765,679.6896,131,5,469.33647,131,7.7444265937446595,3.582721145038168,8,7,0,0,0,0,0,0,1,0,0,0,0,0,0,0,0,0,1
2022-08-22,水生根茎类,64.148,346.4032,61,5,246.38493,61,5.400062355802208,4.039097213114754,8,1,0,0,0,0,0,0,1,0,0,0,0,0,0,0,0,0,0
2022-08-23,水生根茎类,84.924,487.3448,91,5,336.31556,91,5.73859921812444,3.6957753846153847,8,2,0,0,0,0,0,0,1,0,0,0,0,1,0,0,0,0,0
2022-08-24,水生根茎类,54.235,331.616,72,4,239.50831000000002,72,6.114427952429243,3.326504305555556,8,3,0,0,0,0,0,0,1,0,0,0,0,0,1,0,0,0,0
2022-08-25,水生根茎类,49.421,376.6924,72,4,271.97607,72,7.622112057627325,3.7774454166666667,8,4,0,0,0,0,0,0,1,0,0,0,0,0,0,1,0,0,0
2022-08-26,水生根茎类,46.976,292.4932,66,3,209.71124,66,6.226439032697548,3.1774430303030305,8,5,0,0,0,0,0,0,1,0,0,0,0,0,0,0,1,0,0
2022-08-27,水生根茎类,103.361,640.1652,127,4,433.43592,127,6.193488840084751,3.4128812598425196,8,6,0,0,0,0,0,0,1,0,0,0,0,0,0,0,0,1,0
2022-08-28,水生根茎类,102.31,730.2712,132,4,497.78228,132,7.137828169289414,3.771077878787879,8,7,0,0,0,0,0,0,1,0,0,0,0,0,0,0,0,0,1
2022-08-29,水生根茎类,58.775,381.18,63,3,272.81175,63,6.485410463632497,4.330345238095238,8,1,0,0,0,0,0,0,1,0,0,0,0,0,0,0,0,0,0
2022-08-30,水生根茎类,93.293,526.4792,102,4,371.3697,102,5.643287277716441,3.6408794117647063,8,2,0,0,0,0,0,0,1,0,0,0,0,1,0,0,0,0,0
2022-08-31,水生根茎类,28.994,226.7568,43,2,161.2703,43,7.820818100296613,3.7504720930232556,8,3,0,0,0,0,0,0,1,0,0,0,0,0,1,0,0,0,0
2022-09-01,水生根茎类,51.993,520.0654000000001,95,4,339.24211,95,10.00260419671879,3.5709695789473686,9,4,0,0,0,0,0,0,0,1,0,0,0,0,0,1,0,0,0
2022-09-02,水生根茎类,48.667,425.3118,79,3,296.09434,79,8.739223703947234,3.748029620253164,9,5,0,0,0,0,0,0,0,1,0,0,0,0,0,0,1,0,0
2022-09-03,水生根茎类,86.384,742.599,119,3,531.34474,119,8.596487775513985,4.465081848739496,9,6,0,0,0,0,0,0,0,1,0,0,0,0,0,0,0,1,0
2022-09-04,水生根茎类,121.857,940.594,161,4,656.37689,161,7.7188343714353715,4.076875093167702,9,7,0,0,0,0,0,0,0,1,0,0,0,0,0,0,0,0,1
2022-09-05,水生根茎类,59.199,444.63640000000004,75,4,311.79792,75,7.510876872920152,4.1573056,9,1,0,0,0,0,0,0,0,1,0,0,0,0,0,0,0,0,0
2022-09-06,水生根茎类,47.777,374.2398,67,4,259.10878,67,7.833053561337045,3.8672952238805975,9,2,0,0,0,0,0,0,0,1,0,0,0,1,0,0,0,0,0
2022-09-07,水生根茎类,50.688,362.6694,61,4,254.70144,61,7.154936079545454,4.175433442622951,9,3,0,0,0,0,0,0,0,1,0,0,0,0,1,0,0,0,0
2022-09-08,水生根茎类,39.867,326.2872,60,4,228.31204,60,8.184393107081045,3.8052006666666665,9,4,0,0,0,0,0,0,0,1,0,0,0,0,0,1,0,0,0
2022-09-09,水生根茎类,95.459,843.9544000000001,113,4,592.22989,113,8.841014466943925,5.240972477876106,9,5,0,0,0,0,0,0,0,1,0,0,0,0,0,0,1,0,0
2022-09-10,水生根茎类,155.467,1119.5176000000001,190,5,748.99553,190,7.2009982825937335,3.9420817368421055,9,6,0,0,0,0,0,0,0,1,0,0,0,0,0,0,0,1,0
2022-09-11,水生根茎类,95.482,783.288,137,4,528.20109,137,8.203514798600784,3.855482408759124,9,7,0,0,0,0,0,0,0,1,0,0,0,0,0,0,0,0,1
2022-09-12,水生根茎类,33.861,329.5076,39,4,237.95753,39,9.73118336729571,6.101475128205128,9,1,0,0,0,0,0,0,0,1,0,0,0,0,0,0,0,0,0
2022-09-13,水生根茎类,17.11,168.714,26,4,103.58657,26,9.860549386323788,3.984098846153846,9,2,0,0,0,0,0,0,0,1,0,0,0,1,0,0,0,0,0
2022-09-14,水生根茎类,23.651,160.2716,24,4,95.93059,24,6.776525305483912,3.9971079166666663,9,3,0,0,0,0,0,0,0,1,0,0,0,0,1,0,0,0,0
2022-09-15,水生根茎类,21.823,170.1288,23,4,110.20701,23,7.795848416807956,4.791609130434782,9,4,0,0,0,0,0,0,0,1,0,0,0,0,0,1,0,0,0
2022-09-16,水生根茎类,13.137,161.6464,22,4,104.54286,22,12.304666209941386,4.751948181818182,9,5,0,0,0,0,0,0,0,1,0,0,0,0,0,0,1,0,0
2022-09-17,水生根茎类,42.769,369.1852,45,6,250.28065,45,8.632074633496224,5.5617922222222225,9,6,0,0,0,0,0,0,0,1,0,0,0,0,0,0,0,1,0
2022-09-18,水生根茎类,54.627,314.818,36,5,207.5109,36,5.763047577205411,5.764191666666666,9,7,0,0,0,0,0,0,0,1,0,0,0,0,0,0,0,0,1
2022-09-19,水生根茎类,7.422,75.49600000000001,9,3,55.89636,9,10.171921315009433,6.210706666666667,9,1,0,0,0,0,0,0,0,1,0,0,0,0,0,0,0,0,0
2022-09-20,水生根茎类,14.946,138.0888,21,3,101.19698,21,9.239181051786431,4.8189038095238095,9,2,0,0,0,0,0,0,0,1,0,0,0,1,0,0,0,0,0
2022-09-21,水生根茎类,13.259,180.88240000000002,22,3,111.72327,22,13.64223546270458,5.078330454545455,9,3,0,0,0,0,0,0,0,1,0,0,0,0,1,0,0,0,0
2022-09-22,水生根茎类,17.694,182.62040000000002,23,3,120.40391,23,10.321035379224597,5.234952608695652,9,4,0,0,0,0,0,0,0,1,0,0,0,0,0,1,0,0,0
2022-09-23,水生根茎类,25.662,260.0312,30,3,171.05478,30,10.13292806484296,5.701826,9,5,0,0,0,0,0,0,0,1,0,0,0,0,0,0,1,0,0
2022-09-24,水生根茎类,45.677,475.14520000000005,52,2,325.94389,52,10.402285614204086,6.268151730769231,9,6,0,0,0,0,0,0,0,1,0,0,0,0,0,0,0,1,0
2022-09-25,水生根茎类,13.012,201.85920000000002,36,3,101.10012,36,15.513310790039963,2.808336666666667,9,7,0,0,0,0,0,0,0,1,0,0,0,0,0,0,0,0,1
2022-09-26,水生根茎类,32.568,311.1084,53,4,203.30675,53,9.552579218865144,3.8359764150943394,9,1,0,0,0,0,0,0,0,1,0,0,0,0,0,0,0,0,0
2022-09-27,水生根茎类,35.242,284.9848,50,3,199.28364,50,8.086510413710913,3.9856727999999997,9,2,0,0,0,0,0,0,0,1,0,0,0,1,0,0,0,0,0
2022-09-28,水生根茎类,61.331,436.8388,77,3,318.36048999999997,77,7.122642709233503,4.1345518181818175,9,3,0,0,0,0,0,0,0,1,0,0,0,0,1,0,0,0,0
2022-09-29,水生根茎类,40.177,341.4152,54,4,233.10147,54,8.497777335291337,4.316693888888889,9,4,0,0,0,0,0,0,0,1,0,0,0,0,0,1,0,0,0
2022-09-30,水生根茎类,59.066,451.3884,89,5,315.92361,89,7.642102055327938,3.549703483146067,9,5,0,0,0,0,0,0,0,1,0,0,0,0,0,0,1,0,0
2022-10-01,水生根茎类,90.731,654.3892,118,3,471.89871,118,7.212410311800817,3.9991416101694917,10,6,0,0,0,0,0,0,0,0,1,0,0,0,0,0,0,1,0
2022-10-02,水生根茎类,76.871,647.3404,112,4,425.83754,112,8.421126302506798,3.802120892857143,10,7,0,0,0,0,0,0,0,0,1,0,0,0,0,0,0,0,1
2022-10-03,水生根茎类,76.09,579.2584,97,3,410.11223,97,7.61280588776449,4.227961134020618,10,1,0,0,0,0,0,0,0,0,1,0,0,0,0,0,0,0,0
2022-10-04,水生根茎类,87.954,703.4988,125,4,468.76926000000003,125,7.998485572003547,3.75015408,10,2,0,0,0,0,0,0,0,0,1,0,0,1,0,0,0,0,0
2022-10-05,水生根茎类,92.873,754.7906,116,3,486.39916999999997,116,8.127126290741119,4.193096293103448,10,3,0,0,0,0,0,0,0,0,1,0,0,0,1,0,0,0,0
2022-10-06,水生根茎类,120.357,1049.7626,173,4,618.55776,173,8.722073498010086,3.5754783815028905,10,4,0,0,0,0,0,0,0,0,1,0,0,0,0,1,0,0,0
2022-10-07,水生根茎类,95.636,777.996,137,4,501.6902,137,8.134970094943327,3.661972262773723,10,5,0,0,0,0,0,0,0,0,1,0,0,0,0,0,1,0,0
2022-10-08,水生根茎类,74.876,544.4472000000001,106,4,385.85712,106,7.271317912281639,3.6401615094339626,10,6,0,0,0,0,0,0,0,0,1,0,0,0,0,0,0,1,0
2022-10-09,水生根茎类,62.718,518.2612,102,4,330.20886,102,8.263356612136867,3.2373417647058824,10,7,0,0,0,0,0,0,0,0,1,0,0,0,0,0,0,0,1
2022-10-10,水生根茎类,42.834,311.9464,56,3,211.44654,56,7.282681981603398,3.775831071428571,10,1,0,0,0,0,0,0,0,0,1,0,0,0,0,0,0,0,0
2022-10-11,水生根茎类,47.596000000000004,317.4864,62,3,217.29412,62,6.67044289436087,3.504743870967742,10,2,0,0,0,0,0,0,0,0,1,0,0,1,0,0,0,0,0
2022-10-12,水生根茎类,33.24,249.784,49,4,161.378,49,7.514560770156438,3.293428571428571,10,3,0,0,0,0,0,0,0,0,1,0,0,0,1,0,0,0,0
2022-10-13,水生根茎类,53.877,382.8168,73,4,254.58046,73,7.1053844868867975,3.4874035616438355,10,4,0,0,0,0,0,0,0,0,1,0,0,0,0,1,0,0,0
2022-10-14,水生根茎类,6.854,63.9864,13,4,36.6631,13,9.335628829880362,2.8202384615384615,10,5,0,0,0,0,0,0,0,0,1,0,0,0,0,0,1,0,0
2022-10-15,水生根茎类,89.798,596.5256,126,3,407.23443999999995,126,6.64297200383082,3.2320193650793647,10,6,0,0,0,0,0,0,0,0,1,0,0,0,0,0,0,1,0
2022-10-16,水生根茎类,83.93599999999999,552.8864,111,3,380.61060000000003,111,6.586999618757148,3.4289243243243246,10,7,0,0,0,0,0,0,0,0,1,0,0,0,0,0,0,0,1
2022-10-17,水生根茎类,34.023,251.4408,51,3,169.87365,51,7.39031831408165,3.330855882352941,10,1,0,0,0,0,0,0,0,0,1,0,0,0,0,0,0,0,0
2022-10-18,水生根茎类,37.728,266.9088,57,3,184.41116,57,7.074554707379134,3.23528350877193,10,2,0,0,0,0,0,0,0,0,1,0,0,1,0,0,0,0,0
2022-10-19,水生根茎类,36.515,246.084,46,2,178.04420000000002,46,6.7392578392441465,3.8705260869565223,10,3,0,0,0,0,0,0,0,0,1,0,0,0,1,0,0,0,0
2022-10-20,水生根茎类,46.368,332.4608,57,2,236.85872,57,7.1700483091787435,4.155416140350877,10,4,0,0,0,0,0,0,0,0,1,0,0,0,0,1,0,0,0
2022-10-21,水生根茎类,92.057,843.9832,127,3,513.03825,127,9.16805022974896,4.039671259842519,10,5,0,0,0,0,0,0,0,0,1,0,0,0,0,0,1,0,0
2022-10-22,水生根茎类,63.747,387.2072,75,3,294.78739,75,6.074124272514785,3.9304985333333335,10,6,0,0,0,0,0,0,0,0,1,0,0,0,0,0,0,1,0
2022-10-23,水生根茎类,57.265,377.884,70,2,274.08889999999997,70,6.598864926220204,3.915555714285714,10,7,0,0,0,0,0,0,0,0,1,0,0,0,0,0,0,0,1
2022-10-24,水生根茎类,31.405,190.236,43,3,131.26394,43,6.057506766438465,3.0526497674418605,10,1,0,0,0,0,0,0,0,0,1,0,0,0,0,0,0,0,0
2022-10-25,水生根茎类,30.034,229.6544,44,3,145.51585,44,7.646480655257376,3.307178409090909,10,2,0,0,0,0,0,0,0,0,1,0,0,1,0,0,0,0,0
2022-10-26,水生根茎类,28.485,206.636,37,3,140.14645,37,7.2542039670001754,3.7877418918918915,10,3,0,0,0,0,0,0,0,0,1,0,0,0,1,0,0,0,0
2022-10-27,水生根茎类,35.119,271.0424,49,3,174.6993,49,7.7178279563768895,3.5652918367346937,10,4,0,0,0,0,0,0,0,0,1,0,0,0,0,1,0,0,0
2022-10-28,水生根茎类,47.812,368.0672,61,3,237.1756,61,7.698218020580608,3.8881245901639345,10,5,0,0,0,0,0,0,0,0,1,0,0,0,0,0,1,0,0
2022-10-29,水生根茎类,83.593,603.4328,107,3,406.7199,107,7.218700130393693,3.8011205607476635,10,6,0,0,0,0,0,0,0,0,1,0,0,0,0,0,0,1,0
2022-10-30,水生根茎类,59.957,403.3592,84,2,281.17584999999997,84,6.727474690194639,3.347331547619047,10,7,0,0,0,0,0,0,0,0,1,0,0,0,0,0,0,0,1
2022-10-31,水生根茎类,31.213,208.2248,38,3,139.09653,38,6.671092173132989,3.660435,10,1,0,0,0,0,0,0,0,0,1,0,0,0,0,0,0,0,0
2022-11-01,水生根茎类,26.046,198.02720000000002,30,3,136.3633,30,7.60297934423712,4.545443333333334,11,2,0,0,0,0,0,0,0,0,0,1,0,1,0,0,0,0,0
2022-11-03,水生根茎类,10.926,101.6152,14,2,67.29436,14,9.300311184330953,4.80674,11,4,0,0,0,0,0,0,0,0,0,1,0,0,0,1,0,0,0
2022-11-05,水生根茎类,73.55,568.698,101,3,373.32275,101,7.73212780421482,3.6962648514851484,11,6,0,0,0,0,0,0,0,0,0,1,0,0,0,0,0,1,0
2022-11-06,水生根茎类,58.806,387.0944,74,3,268.69957999999997,74,6.582566404788627,3.631075405405405,11,7,0,0,0,0,0,0,0,0,0,1,0,0,0,0,0,0,1
2022-11-07,水生根茎类,22.799,174.59040000000002,31,3,110.08673,31,7.657809553050574,3.5511848387096774,11,1,0,0,0,0,0,0,0,0,0,1,0,0,0,0,0,0,0
2022-11-08,水生根茎类,30.844,261.7976,37,3,162.84318,37,8.487796654130463,4.401167027027027,11,2,0,0,0,0,0,0,0,0,0,1,0,1,0,0,0,0,0
2022-11-09,水生根茎类,20.313,160.01600000000002,35,3,96.66387999999999,35,7.87751686112342,2.7618251428571425,11,3,0,0,0,0,0,0,0,0,0,1,0,0,1,0,0,0,0
2022-11-10,水生根茎类,15.668,131.8736,22,2,88.20504,22,8.416747510850142,4.00932,11,4,0,0,0,0,0,0,0,0,0,1,0,0,0,1,0,0,0
2022-11-11,水生根茎类,36.481,316.2912,55,3,193.50493,55,8.670025492722239,3.5182714545454545,11,5,0,0,0,0,0,0,0,0,0,1,0,0,0,0,1,0,0
2022-11-12,水生根茎类,71.358,537.7916,94,3,352.23417,94,7.5365284901482665,3.747172021276596,11,6,0,0,0,0,0,0,0,0,0,1,0,0,0,0,0,1,0
2022-11-13,水生根茎类,52.173,361.59360000000004,68,3,234.59121,68,6.930665286642517,3.4498707352941174,11,7,0,0,0,0,0,0,0,0,0,1,0,0,0,0,0,0,1
2022-11-14,水生根茎类,26.464,188.0128,34,2,130.93496,34,7.10447400241838,3.8510282352941174,11,1,0,0,0,0,0,0,0,0,0,1,0,0,0,0,0,0,0
2022-11-15,水生根茎类,31.82,260.6024,42,3,169.10532,42,8.189893148962916,4.026317142857143,11,2,0,0,0,0,0,0,0,0,0,1,0,1,0,0,0,0,0
2022-11-16,水生根茎类,17.224,136.70520000000002,26,3,89.95758,26,7.936901997213192,3.4599069230769226,11,3,0,0,0,0,0,0,0,0,0,1,0,0,1,0,0,0,0
2022-11-17,水生根茎类,40.679,397.0158,48,4,250.28431,48,9.759723690356203,5.214256458333334,11,4,0,0,0,0,0,0,0,0,0,1,0,0,0,1,0,0,0
2022-11-18,水生根茎类,58.711,476.89340000000004,70,4,310.74497,70,8.122726575939774,4.439213857142858,11,5,0,0,0,0,0,0,0,0,0,1,0,0,0,0,1,0,0
2022-11-19,水生根茎类,182.523,1217.6246,217,4,825.08429,217,6.671074878234524,3.802231751152074,11,6,0,0,0,0,0,0,0,0,0,1,0,0,0,0,0,1,0
2022-11-20,水生根茎类,67.057,574.9826,74,3,373.02538,74,8.574535097007024,5.0408835135135135,11,7,0,0,0,0,0,0,0,0,0,1,0,0,0,0,0,0,1
2022-11-21,水生根茎类,264.657,2026.8300000000002,287,5,1306.46027,287,7.658327571158142,4.55212637630662,11,1,0,0,0,0,0,0,0,0,0,1,0,0,0,0,0,0,0
2022-11-22,水生根茎类,30.541,206.6936,32,3,139.2107,32,6.767741724239547,4.350334375,11,2,0,0,0,0,0,0,0,0,0,1,0,1,0,0,0,0,0
2022-11-23,水生根茎类,50.24,405.128,46,3,256.92721,46,8.063853503184713,5.585374130434783,11,3,0,0,0,0,0,0,0,0,0,1,0,0,1,0,0,0,0
2022-11-24,水生根茎类,29.738,196.0608,29,3,123.32081,29,6.592938328065102,4.252441724137931,11,4,0,0,0,0,0,0,0,0,0,1,0,0,0,1,0,0,0
2022-11-25,水生根茎类,62.003,486.3288,55,3,283.85634,55,7.843633372578746,5.161024363636363,11,5,0,0,0,0,0,0,0,0,0,1,0,0,0,0,1,0,0
2022-11-26,水生根茎类,37.043,331.8968,38,3,188.76675,38,8.959771076856626,4.967546052631579,11,6,0,0,0,0,0,0,0,0,0,1,0,0,0,0,0,1,0
2022-11-27,水生根茎类,3.165,17.723999999999997,2,1,14.400749999999999,2,5.599999999999999,7.200374999999999,11,7,0,0,0,0,0,0,0,0,0,1,0,0,0,0,0,0,1
2022-11-28,水生根茎类,1.8090000000000002,15.330400000000001,2,2,9.97712,2,8.474516307352127,4.98856,11,1,0,0,0,0,0,0,0,0,0,1,0,0,0,0,0,0,0
2022-11-29,水生根茎类,9.193999999999999,61.886399999999995,7,2,43.1357,7,6.731172503806831,6.162242857142857,11,2,0,0,0,0,0,0,0,0,0,1,0,1,0,0,0,0,0
2022-12-04,水生根茎类,18.158,132.8848,16,2,89.4162,16,7.318250908690384,5.5885125,12,7,0,0,0,0,0,0,0,0,0,0,1,0,0,0,0,0,1
2022-12-05,水生根茎类,41.811,421.3416,44,2,275.0229,44,10.077290665135969,6.2505204545454545,12,1,0,0,0,0,0,0,0,0,0,0,1,0,0,0,0,0,0
2022-12-06,水生根茎类,58.863,438.8328,61,2,295.04433,61,7.455155190866929,4.836792295081967,12,2,0,0,0,0,0,0,0,0,0,0,1,1,0,0,0,0,0
2022-12-07,水生根茎类,58.331,430.6536,59,2,288.72428,59,7.382928459995542,4.89363186440678,12,3,0,0,0,0,0,0,0,0,0,0,1,0,1,0,0,0,0
2022-12-08,水生根茎类,39.48,238.0,39,2,175.0224,39,6.028368794326242,4.487753846153846,12,4,0,0,0,0,0,0,0,0,0,0,1,0,0,1,0,0,0
2022-12-09,水生根茎类,27.039,208.0038,28,3,143.1165,28,7.692732719405304,5.1113035714285715,12,5,0,0,0,0,0,0,0,0,0,0,1,0,0,0,1,0,0
2022-12-10,水生根茎类,69.28,496.7422,80,4,342.0079,80,7.170066397228638,4.27509875,12,6,0,0,0,0,0,0,0,0,0,0,1,0,0,0,0,1,0
2022-12-11,水生根茎类,62.385,492.11740000000003,70,3,321.2856,70,7.888393043199488,4.5897942857142855,12,7,0,0,0,0,0,0,0,0,0,0,1,0,0,0,0,0,1
2022-12-12,水生根茎类,30.168,202.0678,36,4,117.12406999999999,36,6.698084062582869,3.2534463888888885,12,1,0,0,0,0,0,0,0,0,0,0,1,0,0,0,0,0,0
2022-12-13,水生根茎类,50.434,337.144,66,5,221.10694,66,6.684855454653607,3.3501051515151516,12,2,0,0,0,0,0,0,0,0,0,0,1,1,0,0,0,0,0
2022-12-14,水生根茎类,29.923,182.5888,27,4,135.06769,27,6.101955017879224,5.002507037037037,12,3,0,0,0,0,0,0,0,0,0,0,1,0,1,0,0,0,0
2022-12-15,水生根茎类,60.996,374.22040000000004,64,3,280.15415,64,6.135162961505673,4.37740859375,12,4,0,0,0,0,0,0,0,0,0,0,1,0,0,1,0,0,0
2022-12-16,水生根茎类,59.198,337.3272,62,3,245.08616,62,5.698287104294064,3.9530025806451614,12,5,0,0,0,0,0,0,0,0,0,0,1,0,0,0,1,0,0
2022-12-17,水生根茎类,97.791,735.7080000000001,113,3,492.05961,113,7.523269012485812,4.35450982300885,12,6,0,0,0,0,0,0,0,0,0,0,1,0,0,0,0,1,0
2022-12-18,水生根茎类,65.117,444.076,82,4,302.15818,82,6.819663068016032,3.684855853658537,12,7,0,0,0,0,0,0,0,0,0,0,1,0,0,0,0,0,1
2022-12-19,水生根茎类,67.122,496.088,82,5,334.0885,82,7.390840558982152,4.07425,12,1,0,0,0,0,0,0,0,0,0,0,1,0,0,0,0,0,0
2022-12-20,水生根茎类,53.792,348.704,61,4,234.22624,61,6.482450922070196,3.839774426229508,12,2,0,0,0,0,0,0,0,0,0,0,1,1,0,0,0,0,0
2022-12-21,水生根茎类,61.52,405.4492,72,4,265.72822,72,6.590526657997399,3.6906697222222227,12,3,0,0,0,0,0,0,0,0,0,0,1,0,1,0,0,0,0
2022-12-22,水生根茎类,45.018,270.321,51,4,172.25392,51,6.004731440757031,3.377527843137255,12,4,0,0,0,0,0,0,0,0,0,0,1,0,0,1,0,0,0
2022-12-23,水生根茎类,54.487,373.116,61,5,254.19634,61,6.847798557454071,4.1671531147540986,12,5,0,0,0,0,0,0,0,0,0,0,1,0,0,0,1,0,0
2022-12-24,水生根茎类,61.874,442.4368,72,4,290.32622,72,7.15060930277661,4.032308611111111,12,6,0,0,0,0,0,0,0,0,0,0,1,0,0,0,0,1,0
2022-12-25,水生根茎类,104.56,711.6144,135,5,454.13126,135,6.805799540933435,3.363935259259259,12,7,0,0,0,0,0,0,0,0,0,0,1,0,0,0,0,0,1
2022-12-26,水生根茎类,56.004,411.8712,74,5,267.92517,74,7.354317548746518,3.6206104054054054,12,1,0,0,0,0,0,0,0,0,0,0,1,0,0,0,0,0,0
2022-12-27,水生根茎类,70.514,547.8802000000001,95,6,355.36904,95,7.769807414130528,3.740726736842105,12,2,0,0,0,0,0,0,0,0,0,0,1,1,0,0,0,0,0
2022-12-28,水生根茎类,59.631,423.7614,79,6,283.20318,79,7.106394325099361,3.584850379746835,12,3,0,0,0,0,0,0,0,0,0,0,1,0,1,0,0,0,0
2022-12-29,水生根茎类,64.593,491.7226,85,6,326.69932,85,7.612629851531899,3.843521411764706,12,4,0,0,0,0,0,0,0,0,0,0,1,0,0,1,0,0,0
2022-12-30,水生根茎类,60.665,423.702,78,5,282.51667000000003,78,6.9842907772191545,3.62200858974359,12,5,0,0,0,0,0,0,0,0,0,0,1,0,0,0,1,0,0
2022-12-31,水生根茎类,102.821,737.738,124,5,480.01475,124,7.174973983913793,3.871086693548387,12,6,0,0,0,0,0,0,0,0,0,0,1,0,0,0,0,1,0
2023-01-01,水生根茎类,91.56400000000001,658.718,127,6,438.93775,127,7.194071905989253,3.4562027559055117,1,7,0,0,0,0,0,0,0,0,0,0,0,0,0,0,0,0,1
2023-01-02,水生根茎类,52.659,447.8212,83,5,271.56521,83,8.504172126322185,3.27187,1,1,0,0,0,0,0,0,0,0,0,0,0,0,0,0,0,0,0
2023-01-03,水生根茎类,48.556,387.7632,66,4,233.40701,66,7.9858966965977425,3.536469848484849,1,2,0,0,0,0,0,0,0,0,0,0,0,1,0,0,0,0,0
2023-01-04,水生根茎类,40.58,371.91720000000004,59,5,233.44813,59,9.165036964021686,3.9567479661016947,1,3,0,0,0,0,0,0,0,0,0,0,0,0,1,0,0,0,0
2023-01-05,水生根茎类,27.746,244.5426,44,4,156.20698000000002,44,8.813616377135443,3.5501586363636366,1,4,0,0,0,0,0,0,0,0,0,0,0,0,0,1,0,0,0
2023-01-06,水生根茎类,59.76,430.916,70,6,292.23217,70,7.210776439089693,4.174745285714286,1,5,0,0,0,0,0,0,0,0,0,0,0,0,0,0,1,0,0
2023-01-07,水生根茎类,50.705,372.38960000000003,65,5,234.35162,65,7.344238240804655,3.6054095384615383,1,6,0,0,0,0,0,0,0,0,0,0,0,0,0,0,0,1,0
2023-01-08,水生根茎类,56.788,412.06100000000004,76,5,272.91141,76,7.256128055222935,3.590939605263158,1,7,0,0,0,0,0,0,0,0,0,0,0,0,0,0,0,0,1
2023-01-09,水生根茎类,38.799,248.19639999999998,53,5,159.88958,53,6.396979303590299,3.0167845283018866,1,1,0,0,0,0,0,0,0,0,0,0,0,0,0,0,0,0,0
2023-01-10,水生根茎类,43.848,348.4746,56,5,217.73563,56,7.947331691297209,3.8881362499999996,1,2,0,0,0,0,0,0,0,0,0,0,0,1,0,0,0,0,0
2023-01-11,水生根茎类,36.671,193.3656,55,4,119.31308,55,5.272984101878869,2.169328727272727,1,3,0,0,0,0,0,0,0,0,0,0,0,0,1,0,0,0,0
2023-01-12,水生根茎类,37.65,215.916,55,4,126.50644,55,5.734820717131474,2.3001170909090907,1,4,0,0,0,0,0,0,0,0,0,0,0,0,0,1,0,0,0
2023-01-13,水生根茎类,27.782,161.93959999999998,40,3,102.70416,40,5.82893960118062,2.567604,1,5,0,0,0,0,0,0,0,0,0,0,0,0,0,0,1,0,0
2023-01-14,水生根茎类,111.361,920.8344000000001,128,4,602.75788,128,8.268912815078888,4.7090459375,1,6,0,0,0,0,0,0,0,0,0,0,0,0,0,0,0,1,0
2023-01-15,水生根茎类,92.61,866.9470000000001,81,3,555.0183499999999,81,9.361267681675846,6.852078395061728,1,7,0,0,0,0,0,0,0,0,0,0,0,0,0,0,0,0,1
2023-01-16,水生根茎类,60.379,498.46360000000004,67,4,318.81388,67,8.255578926447939,4.758416119402985,1,1,0,0,0,0,0,0,0,0,0,0,0,0,0,0,0,0,0
2023-01-17,水生根茎类,86.319,721.0308,84,4,466.01061999999996,84,8.35309491537205,5.547745476190475,1,2,0,0,0,0,0,0,0,0,0,0,0,1,0,0,0,0,0
2023-01-18,水生根茎类,83.28,720.9232000000001,83,4,466.94014,83,8.656618635926995,5.625784819277108,1,3,0,0,0,0,0,0,0,0,0,0,0,0,1,0,0,0,0
2023-01-19,水生根茎类,156.124,1348.7014000000001,162,4,878.02972,162,8.638655171530324,5.419936543209877,1,4,0,0,0,0,0,0,0,0,0,0,0,0,0,1,0,0,0
2023-01-20,水生根茎类,252.074,2054.9944,287,4,1316.52804,287,8.15234573974309,4.587205714285714,1,5,0,0,0,0,0,0,0,0,0,0,0,0,0,0,1,0,0
2023-01-22,水生根茎类,36.08,271.56,38,2,174.106,38,7.526607538802661,4.581736842105263,1,7,0,0,0,0,0,0,0,0,0,0,0,0,0,0,0,0,1
2023-01-23,水生根茎类,44.756,370.29200000000003,54,2,220.62279999999998,54,8.273572258468139,4.085607407407407,1,1,0,0,0,0,0,0,0,0,0,0,0,0,0,0,0,0,0
2023-01-24,水生根茎类,84.834,690.6168,92,3,439.33158,92,8.14080203691916,4.7753432608695645,1,2,0,0,0,0,0,0,0,0,0,0,0,1,0,0,0,0,0
2023-01-25,水生根茎类,87.229,700.29,99,3,449.05821,99,8.028178702037167,4.535941515151515,1,3,0,0,0,0,0,0,0,0,0,0,0,0,1,0,0,0,0
2023-01-26,水生根茎类,66.927,511.8716,80,3,321.32789,80,7.648207748741165,4.016598625,1,4,0,0,0,0,0,0,0,0,0,0,0,0,0,1,0,0,0
2023-01-27,水生根茎类,87.434,656.2912,102,3,448.2712,102,7.506132625751996,4.39481568627451,1,5,0,0,0,0,0,0,0,0,0,0,0,0,0,0,1,0,0
2023-01-28,水生根茎类,59.873,430.6448,72,3,290.44858,72,7.192637749903963,4.034008055555556,1,6,0,0,0,0,0,0,0,0,0,0,0,0,0,0,0,1,0
2023-01-29,水生根茎类,48.473,375.852,57,4,251.64885999999998,57,7.753842345223114,4.414892280701754,1,7,0,0,0,0,0,0,0,0,0,0,0,0,0,0,0,0,1
2023-01-30,水生根茎类,48.383,371.5072,59,4,246.32635000000002,59,7.678465576752165,4.1750228813559325,1,1,0,0,0,0,0,0,0,0,0,0,0,0,0,0,0,0,0
2023-01-31,水生根茎类,40.683,295.0536,57,4,207.22638,57,7.2525035026915425,3.6355505263157895,1,2,0,0,0,0,0,0,0,0,0,0,0,1,0,0,0,0,0
2023-02-01,水生根茎类,31.281,212.5728,40,4,145.02315000000002,40,6.79558837633068,3.6255787500000003,2,3,1,0,0,0,0,0,0,0,0,0,0,0,1,0,0,0,0
2023-02-02,水生根茎类,32.252,236.2056,40,4,158.02718,40,7.323750465087436,3.9506794999999997,2,4,1,0,0,0,0,0,0,0,0,0,0,0,0,1,0,0,0
2023-02-03,水生根茎类,53.97,332.2464,66,4,219.57856,66,6.156131183991106,3.326947878787879,2,5,1,0,0,0,0,0,0,0,0,0,0,0,0,0,1,0,0
2023-02-04,水生根茎类,80.605,511.1184,103,4,302.07954,103,6.34102599094349,2.932811067961165,2,6,1,0,0,0,0,0,0,0,0,0,0,0,0,0,0,1,0
2023-02-05,水生根茎类,79.513,457.5876,93,5,349.15166999999997,93,5.754877818721467,3.754319032258064,2,7,1,0,0,0,0,0,0,0,0,0,0,0,0,0,0,0,1
2023-02-06,水生根茎类,8.573,51.437999999999995,17,1,36.0066,17,5.999999999999999,2.118035294117647,2,1,1,0,0,0,0,0,0,0,0,0,0,0,0,0,0,0,0
2023-02-07,水生根茎类,22.399,126.792,40,4,79.54437,40,5.660609848653958,1.98860925,2,2,1,0,0,0,0,0,0,0,0,0,0,1,0,0,0,0,0
2023-02-08,水生根茎类,38.676,239.2644,54,4,149.10701,54,6.186379149860378,2.761240925925926,2,3,1,0,0,0,0,0,0,0,0,0,0,0,1,0,0,0,0
2023-02-09,水生根茎类,38.900999999999996,260.0952,52,4,168.96887,52,6.6860800493560575,3.2494013461538462,2,4,1,0,0,0,0,0,0,0,0,0,0,0,0,1,0,0,0
2023-02-10,水生根茎类,44.946,306.7692,61,3,201.04034000000001,61,6.825283673741824,3.295743278688525,2,5,1,0,0,0,0,0,0,0,0,0,0,0,0,0,1,0,0
2023-02-11,水生根茎类,72.161,447.4378,89,4,300.69266,89,6.2005487728828586,3.378569213483146,2,6,1,0,0,0,0,0,0,0,0,0,0,0,0,0,0,1,0
2023-02-12,水生根茎类,71.738,405.5596,85,4,269.57189999999997,85,5.653344113301179,3.1714341176470584,2,7,1,0,0,0,0,0,0,0,0,0,0,0,0,0,0,0,1
2023-02-13,水生根茎类,29.092,252.36800000000002,31,2,171.36692,31,8.674824694073973,5.5279651612903224,2,1,1,0,0,0,0,0,0,0,0,0,0,0,0,0,0,0,0
2023-02-14,水生根茎类,37.561,224.60000000000002,58,3,160.44229,58,5.979606506749022,2.766246379310345,2,2,1,0,0,0,0,0,0,0,0,0,0,1,0,0,0,0,0
2023-02-15,水生根茎类,38.839,207.984,49,3,143.96609,49,5.355029738149798,2.938083469387755,2,3,1,0,0,0,0,0,0,0,0,0,0,0,1,0,0,0,0
2023-02-16,水生根茎类,28.783,200.0328,39,3,127.03329,39,6.949685578292742,3.257263846153846,2,4,1,0,0,0,0,0,0,0,0,0,0,0,0,1,0,0,0
2023-02-17,水生根茎类,21.471,152.0744,26,3,97.22453999999999,26,7.082781426109636,3.739405384615384,2,5,1,0,0,0,0,0,0,0,0,0,0,0,0,0,1,0,0
2023-02-18,水生根茎类,57.745,382.7464,80,3,250.5975,80,6.628217161659018,3.13246875,2,6,1,0,0,0,0,0,0,0,0,0,0,0,0,0,0,1,0
2023-02-19,水生根茎类,46.268,321.8368,58,3,206.5268,58,6.95592634218034,3.5608068965517243,2,7,1,0,0,0,0,0,0,0,0,0,0,0,0,0,0,0,1
2023-02-20,水生根茎类,21.15,140.7848,28,3,89.02172,28,6.656491725768322,3.179347142857143,2,1,1,0,0,0,0,0,0,0,0,0,0,0,0,0,0,0,0
2023-02-21,水生根茎类,21.144,145.228,35,3,94.73424,35,6.868520620507001,2.7066925714285714,2,2,1,0,0,0,0,0,0,0,0,0,0,1,0,0,0,0,0
2023-02-22,水生根茎类,28.124,186.7924,34,3,117.938,34,6.641743706442895,3.468764705882353,2,3,1,0,0,0,0,0,0,0,0,0,0,0,1,0,0,0,0
2023-02-23,水生根茎类,18.699,106.6524,24,3,65.78744999999999,24,5.703641905984277,2.7411437499999995,2,4,1,0,0,0,0,0,0,0,0,0,0,0,0,1,0,0,0
2023-02-24,水生根茎类,29.391,176.70159999999998,41,3,112.75573,41,6.0120989418529485,2.750139756097561,2,5,1,0,0,0,0,0,0,0,0,0,0,0,0,0,1,0,0
2023-02-25,水生根茎类,36.824,236.336,48,3,151.0428,48,6.4179882685205305,3.146725,2,6,1,0,0,0,0,0,0,0,0,0,0,0,0,0,0,1,0
2023-02-26,水生根茎类,34.64,208.272,48,2,130.3532,48,6.012471131639723,2.7156916666666664,2,7,1,0,0,0,0,0,0,0,0,0,0,0,0,0,0,0,1
2023-02-27,水生根茎类,12.036,95.8364,14,3,62.62611,14,7.962479228979728,4.473293571428571,2,1,1,0,0,0,0,0,0,0,0,0,0,0,0,0,0,0,0
2023-02-28,水生根茎类,21.011,147.9436,30,3,95.24860000000001,30,7.041245062110324,3.1749533333333337,2,2,1,0,0,0,0,0,0,0,0,0,0,1,0,0,0,0,0
2023-03-01,水生根茎类,14.748,97.8176,22,3,62.30892,22,6.632601030648224,2.8322236363636364,3,3,0,1,0,0,0,0,0,0,0,0,0,0,1,0,0,0,0
2023-03-02,水生根茎类,19.735,114.6508,28,3,70.30273,28,5.8095160881682295,2.5108117857142855,3,4,0,1,0,0,0,0,0,0,0,0,0,0,0,1,0,0,0
2023-03-03,水生根茎类,29.054,202.7784,40,3,131.13348,40,6.979362566255937,3.2783369999999996,3,5,0,1,0,0,0,0,0,0,0,0,0,0,0,0,1,0,0
2023-03-04,水生根茎类,34.038,215.8544,48,3,137.0581,48,6.341571185146014,2.8553770833333334,3,6,0,1,0,0,0,0,0,0,0,0,0,0,0,0,0,1,0
2023-03-05,水生根茎类,31.386,224.15200000000002,37,3,145.81592,37,7.141782960555663,3.940970810810811,3,7,0,1,0,0,0,0,0,0,0,0,0,0,0,0,0,0,1
2023-03-06,水生根茎类,15.767,157.2372,26,4,105.81936,26,9.972550263207966,4.069975384615384,3,1,0,1,0,0,0,0,0,0,0,0,0,0,0,0,0,0,0
2023-03-07,水生根茎类,19.542,117.2768,28,3,74.50768,28,6.001269061508545,2.6609885714285713,3,2,0,1,0,0,0,0,0,0,0,0,0,1,0,0,0,0,0
2023-03-08,水生根茎类,15.906,154.954,26,4,102.4418,26,9.741858418206967,3.9400692307692307,3,3,0,1,0,0,0,0,0,0,0,0,0,0,1,0,0,0,0
2023-03-09,水生根茎类,22.284,193.61960000000002,23,3,128.17855,23,8.68872733800036,5.572980434782608,3,4,0,1,0,0,0,0,0,0,0,0,0,0,0,1,0,0,0
2023-03-10,水生根茎类,20.047,186.7652,32,4,123.22372,32,9.31636653863421,3.85074125,3,5,0,1,0,0,0,0,0,0,0,0,0,0,0,0,1,0,0
2023-03-11,水生根茎类,38.155,276.412,57,4,169.26435,57,7.244450268641068,2.96955,3,6,0,1,0,0,0,0,0,0,0,0,0,0,0,0,0,1,0
2023-03-12,水生根茎类,33.314,245.4164,51,4,145.38135,51,7.366764723539653,2.8506147058823528,3,7,0,1,0,0,0,0,0,0,0,0,0,0,0,0,0,0,1
2023-03-13,水生根茎类,17.418,161.9948,29,4,100.623,29,9.300424847858537,3.4697586206896553,3,1,0,1,0,0,0,0,0,0,0,0,0,0,0,0,0,0,0
2023-03-14,水生根茎类,9.612,73.21600000000001,13,3,46.0572,13,7.617145235122764,3.5428615384615387,3,2,0,1,0,0,0,0,0,0,0,0,0,1,0,0,0,0,0
2023-03-15,水生根茎类,16.301000000000002,157.1628,27,4,97.80628,27,9.6412980798724,3.622454814814815,3,3,0,1,0,0,0,0,0,0,0,0,0,0,1,0,0,0,0
2023-03-16,水生根茎类,24.263,200.7816,35,4,121.57477,35,8.27521740922392,3.4735648571428572,3,4,0,1,0,0,0,0,0,0,0,0,0,0,0,1,0,0,0
2023-03-17,水生根茎类,40.211,355.3404,57,4,223.21873,57,8.836895376886922,3.9161180701754383,3,5,0,1,0,0,0,0,0,0,0,0,0,0,0,0,1,0,0
2023-03-18,水生根茎类,53.936,421.13,89,4,260.24779,89,7.807957579353308,2.9241324719101125,3,6,0,1,0,0,0,0,0,0,0,0,0,0,0,0,0,1,0
2023-03-19,水生根茎类,41.768,349.794,64,4,212.47719999999998,64,8.374688756943113,3.3199562499999997,3,7,0,1,0,0,0,0,0,0,0,0,0,0,0,0,0,0,1
2023-03-20,水生根茎类,22.509999999999998,245.38600000000002,31,4,153.10474,31,10.9011994669036,4.938862580645161,3,1,0,1,0,0,0,0,0,0,0,0,0,0,0,0,0,0,0
2023-03-21,水生根茎类,12.402,159.7684,25,4,96.22993000000001,25,12.882470569263024,3.8491972000000003,3,2,0,1,0,0,0,0,0,0,0,0,0,1,0,0,0,0,0
2023-03-22,水生根茎类,17.337,171.1476,26,4,106.96542,26,9.871811732133589,4.114054615384616,3,3,0,1,0,0,0,0,0,0,0,0,0,0,1,0,0,0,0
2023-03-23,水生根茎类,24.959,220.74280000000002,37,4,138.59896,37,8.84421651508474,3.745917837837838,3,4,0,1,0,0,0,0,0,0,0,0,0,0,0,1,0,0,0
2023-03-24,水生根茎类,21.756,230.48420000000002,42,4,136.91212000000002,42,10.594052215480788,3.2598123809523813,3,5,0,1,0,0,0,0,0,0,0,0,0,0,0,0,1,0,0
2023-03-25,水生根茎类,40.776,421.2706,65,4,260.89644,65,10.331337061016283,4.013791384615384,3,6,0,1,0,0,0,0,0,0,0,0,0,0,0,0,0,1,0
2023-03-26,水生根茎类,30.047,239.4442,44,4,143.05338,44,7.96898858455087,3.2512131818181818,3,7,0,1,0,0,0,0,0,0,0,0,0,0,0,0,0,0,1
2023-03-27,水生根茎类,15.155000000000001,169.589,28,4,101.93464,28,11.190300230946882,3.6405228571428574,3,1,0,1,0,0,0,0,0,0,0,0,0,0,0,0,0,0,0
2023-03-28,水生根茎类,13.283999999999999,142.9084,28,4,85.87913999999999,28,10.75793435712135,3.0671121428571424,3,2,0,1,0,0,0,0,0,0,0,0,0,1,0,0,0,0,0
2023-03-29,水生根茎类,18.377,134.183,25,4,77.23872,25,7.301681449638135,3.0895488,3,3,0,1,0,0,0,0,0,0,0,0,0,0,1,0,0,0,0
2023-03-30,水生根茎类,11.542,122.593,25,3,75.75670000000001,25,10.621469416045747,3.0302680000000004,3,4,0,1,0,0,0,0,0,0,0,0,0,0,0,1,0,0,0
2023-03-31,水生根茎类,19.923000000000002,248.2468,40,4,145.15897999999999,40,12.460312201977613,3.6289744999999995,3,5,0,1,0,0,0,0,0,0,0,0,0,0,0,0,1,0,0
2023-04-01,水生根茎类,26.836,237.257,41,4,142.16274,41,8.840997167983307,3.4673839024390247,4,6,0,0,1,0,0,0,0,0,0,0,0,0,0,0,0,1,0
2023-04-02,水生根茎类,27.876,231.8548,42,4,141.0178,42,8.3173626058258,3.3575666666666666,4,7,0,0,1,0,0,0,0,0,0,0,0,0,0,0,0,0,1
2023-04-03,水生根茎类,27.654,310.8064,50,4,185.07643,50,11.239111882548636,3.7015285999999996,4,1,0,0,1,0,0,0,0,0,0,0,0,0,0,0,0,0,0
2023-04-04,水生根茎类,14.977,124.5466,29,4,75.3895,29,8.315857648394203,2.599637931034483,4,2,0,0,1,0,0,0,0,0,0,0,0,1,0,0,0,0,0
2023-04-05,水生根茎类,24.199,181.184,44,4,106.59595,44,7.487251539319806,2.4226352272727274,4,3,0,0,1,0,0,0,0,0,0,0,0,0,1,0,0,0,0
2023-04-06,水生根茎类,9.889,141.0192,23,3,81.0667,23,14.260208312266156,3.5246391304347826,4,4,0,0,1,0,0,0,0,0,0,0,0,0,0,1,0,0,0
2023-04-07,水生根茎类,16.629,194.48760000000001,31,4,118.72428,31,11.695688255457334,3.8298154838709677,4,5,0,0,1,0,0,0,0,0,0,0,0,0,0,0,1,0,0
2023-04-08,水生根茎类,20.358,200.2926,33,4,116.786,33,9.838520483348068,3.538969696969697,4,6,0,0,1,0,0,0,0,0,0,0,0,0,0,0,0,1,0
2023-04-09,水生根茎类,31.303,355.38800000000003,43,4,214.75388999999998,43,11.353161038878063,4.994276511627906,4,7,0,0,1,0,0,0,0,0,0,0,0,0,0,0,0,0,1
2023-04-10,水生根茎类,17.868,191.16320000000002,29,4,110.09803,29,10.6986344302664,3.796483793103448,4,1,0,0,1,0,0,0,0,0,0,0,0,0,0,0,0,0,0
2023-04-11,水生根茎类,6.577,61.9862,11,4,37.587959999999995,11,9.424692108864223,3.4170872727272723,4,2,0,0,1,0,0,0,0,0,0,0,0,1,0,0,0,0,0
2023-04-12,水生根茎类,19.088,196.649,35,4,117.09326999999999,35,10.302231768650461,3.345522,4,3,0,0,1,0,0,0,0,0,0,0,0,0,1,0,0,0,0
2023-04-13,水生根茎类,15.052000000000001,141.9922,23,4,81.60545,23,9.433444060589954,3.548063043478261,4,4,0,0,1,0,0,0,0,0,0,0,0,0,0,1,0,0,0
2023-04-14,水生根茎类,26.338,289.3534,35,4,175.369,35,10.986156883590251,5.010542857142857,4,5,0,0,1,0,0,0,0,0,0,0,0,0,0,0,1,0,0
2023-04-15,水生根茎类,27.541,282.3264,44,4,162.16898,44,10.251131040993426,3.6856586363636366,4,6,0,0,1,0,0,0,0,0,0,0,0,0,0,0,0,1,0
2023-04-16,水生根茎类,16.458,192.3828,35,3,125.6645,35,11.689318264673716,3.590414285714286,4,7,0,0,1,0,0,0,0,0,0,0,0,0,0,0,0,0,1
2023-04-17,水生根茎类,6.313,85.8424,13,3,56.33256,13,13.597718992555045,4.333273846153846,4,1,0,0,1,0,0,0,0,0,0,0,0,0,0,0,0,0,0
2023-04-18,水生根茎类,15.097,139.608,20,3,90.46704,20,9.247400145724317,4.523352,4,2,0,0,1,0,0,0,0,0,0,0,0,1,0,0,0,0,0
2023-04-19,水生根茎类,12.216,123.2812,15,4,80.43108,15,10.091781270464965,5.3620719999999995,4,3,0,0,1,0,0,0,0,0,0,0,0,0,1,0,0,0,0
2023-04-20,水生根茎类,12.171,132.9264,21,4,88.0648,21,10.921567660833128,4.193561904761905,4,4,0,0,1,0,0,0,0,0,0,0,0,0,0,1,0,0,0
2023-04-21,水生根茎类,25.82,223.4644,37,4,146.47119,37,8.654701781564679,3.958680810810811,4,5,0,0,1,0,0,0,0,0,0,0,0,0,0,0,1,0,0
2023-04-22,水生根茎类,25.397000000000002,207.7816,42,4,131.58645,42,8.181344253258258,3.1330107142857146,4,6,0,0,1,0,0,0,0,0,0,0,0,0,0,0,0,1,0
2023-04-23,水生根茎类,10.291,109.7128,23,3,70.04139,23,10.661043630356621,3.0452778260869566,4,7,0,0,1,0,0,0,0,0,0,0,0,0,0,0,0,0,1
2023-04-24,水生根茎类,12.517,103.5824,22,3,66.70435,22,8.275337540944317,3.032015909090909,4,1,0,0,1,0,0,0,0,0,0,0,0,0,0,0,0,0,0
2023-04-25,水生根茎类,9.321,77.2244,15,3,49.80901,15,8.284990880806781,3.3206006666666665,4,2,0,0,1,0,0,0,0,0,0,0,0,1,0,0,0,0,0
2023-04-26,水生根茎类,4.702,84.04920000000001,14,4,58.73834,14,17.875202041684393,4.195595714285714,4,3,0,0,1,0,0,0,0,0,0,0,0,0,1,0,0,0,0
2023-04-27,水生根茎类,10.343,150.518,20,4,108.42961,20,14.552644300493087,5.4214804999999995,4,4,0,0,1,0,0,0,0,0,0,0,0,0,0,1,0,0,0
2023-04-28,水生根茎类,13.908999999999999,128.5204,19,4,86.80284999999999,19,9.240089150909483,4.568571052631579,4,5,0,0,1,0,0,0,0,0,0,0,0,0,0,0,1,0,0
2023-04-29,水生根茎类,23.006,186.1576,39,4,121.72222,39,8.091697817960531,3.121082564102564,4,6,0,0,1,0,0,0,0,0,0,0,0,0,0,0,0,1,0
2023-04-30,水生根茎类,16.389,201.184,34,4,143.20943,34,12.275550674232717,4.2120420588235294,4,7,0,0,1,0,0,0,0,0,0,0,0,0,0,0,0,0,1
2023-05-01,水生根茎类,22.254,255.1604,43,5,182.6158,43,11.46582187471915,4.246879069767442,5,1,0,0,0,1,0,0,0,0,0,0,0,0,0,0,0,0,0
2023-05-02,水生根茎类,20.191,203.09,45,4,141.49565,45,10.058441880045565,3.144347777777778,5,2,0,0,0,1,0,0,0,0,0,0,0,1,0,0,0,0,0
2023-05-03,水生根茎类,11.586,108.98440000000001,19,3,73.37644,19,9.40655964094597,3.8619178947368424,5,3,0,0,0,1,0,0,0,0,0,0,0,0,1,0,0,0,0
2023-05-04,水生根茎类,9.037,92.9884,24,4,65.06786,24,10.28974217107447,2.711160833333333,5,4,0,0,0,1,0,0,0,0,0,0,0,0,0,1,0,0,0
2023-05-05,水生根茎类,13.454,107.6232,28,4,71.96589,28,7.999345919429166,2.5702103571428574,5,5,0,0,0,1,0,0,0,0,0,0,0,0,0,0,1,0,0
2023-05-06,水生根茎类,17.781,146.7472,36,3,99.44632,36,8.253034137562567,2.7623977777777777,5,6,0,0,0,1,0,0,0,0,0,0,0,0,0,0,0,1,0
2023-05-07,水生根茎类,18.818,161.2712,42,4,107.20315,42,8.57004995217345,2.552455952380952,5,7,0,0,0,1,0,0,0,0,0,0,0,0,0,0,0,0,1
2023-05-08,水生根茎类,9.134,125.03760000000001,20,5,83.57702,20,13.689248959929932,4.178851,5,1,0,0,0,1,0,0,0,0,0,0,0,0,0,0,0,0,0
2023-05-09,水生根茎类,7.406,106.79,16,5,68.02854,16,14.419389684039968,4.25178375,5,2,0,0,0,1,0,0,0,0,0,0,0,1,0,0,0,0,0
2023-05-10,水生根茎类,10.336,81.3416,19,5,51.03916,19,7.8697368421052625,2.6862715789473683,5,3,0,0,0,1,0,0,0,0,0,0,0,0,1,0,0,0,0
2023-05-11,水生根茎类,9.518,145.5552,16,4,97.54654,16,15.292624500945577,6.09665875,5,4,0,0,0,1,0,0,0,0,0,0,0,0,0,1,0,0,0
2023-05-12,水生根茎类,16.347,284.1632,39,5,196.40534000000002,39,17.383201810729798,5.0360343589743595,5,5,0,0,0,1,0,0,0,0,0,0,0,0,0,0,1,0,0
2023-05-13,水生根茎类,20.655,362.9852,42,5,243.30772,42,17.57372064875333,5.793040952380952,5,6,0,0,0,1,0,0,0,0,0,0,0,0,0,0,0,1,0
2023-05-14,水生根茎类,15.86,178.3172,29,4,113.47585000000001,29,11.243203026481716,3.9129603448275865,5,7,0,0,0,1,0,0,0,0,0,0,0,0,0,0,0,0,1
2023-05-15,水生根茎类,7.475,73.4192,16,4,46.33279,16,9.821966555183947,2.895799375,5,1,0,0,0,1,0,0,0,0,0,0,0,0,0,0,0,0,0
2023-05-16,水生根茎类,9.603,97.964,20,4,61.50406,20,10.201395397271686,3.075203,5,2,0,0,0,1,0,0,0,0,0,0,0,1,0,0,0,0,0
2023-05-17,水生根茎类,12.893,175.1852,29,5,109.90105,29,13.58762118979291,3.789691379310345,5,3,0,0,0,1,0,0,0,0,0,0,0,0,1,0,0,0,0
2023-05-18,水生根茎类,8.812,108.29560000000001,18,5,70.19779,18,12.289559691330005,3.899877222222222,5,4,0,0,0,1,0,0,0,0,0,0,0,0,0,1,0,0,0
2023-05-19,水生根茎类,9.66,103.8612,16,5,68.35289,16,10.75167701863354,4.272055625,5,5,0,0,0,1,0,0,0,0,0,0,0,0,0,0,1,0,0
2023-05-20,水生根茎类,11.094,182.85320000000002,25,6,119.32049,25,16.48217054263566,4.7728196,5,6,0,0,0,1,0,0,0,0,0,0,0,0,0,0,0,1,0
2023-05-21,水生根茎类,13.615,232.0232,29,6,152.57106000000002,29,17.041733382298936,5.261071034482759,5,7,0,0,0,1,0,0,0,0,0,0,0,0,0,0,0,0,1
2023-05-22,水生根茎类,8.411,81.5396,14,5,53.30969,14,9.694400190227084,3.8078350000000003,5,1,0,0,0,1,0,0,0,0,0,0,0,0,0,0,0,0,0
2023-05-23,水生根茎类,14.637,159.81719999999999,27,5,104.96646,27,10.918712850994055,3.8876466666666665,5,2,0,0,0,1,0,0,0,0,0,0,0,1,0,0,0,0,0
2023-05-24,水生根茎类,9.414,137.686,23,6,89.14425,23,14.625663904822606,3.875836956521739,5,3,0,0,0,1,0,0,0,0,0,0,0,0,1,0,0,0,0
2023-05-25,水生根茎类,13.962,212.8628,29,6,139.24169999999998,29,15.245867354247242,4.801437931034482,5,4,0,0,0,1,0,0,0,0,0,0,0,0,0,1,0,0,0
2023-05-26,水生根茎类,20.081,296.9576,37,6,190.95867,37,14.787988645983766,5.161045135135136,5,5,0,0,0,1,0,0,0,0,0,0,0,0,0,0,1,0,0
2023-05-27,水生根茎类,23.978,328.3,51,6,221.76932,51,13.691717407623655,4.348418039215686,5,6,0,0,0,1,0,0,0,0,0,0,0,0,0,0,0,1,0
2023-05-28,水生根茎类,22.807,296.5116,53,6,194.87630000000001,53,13.000903231464024,3.676911320754717,5,7,0,0,0,1,0,0,0,0,0,0,0,0,0,0,0,0,1
2023-05-29,水生根茎类,12.75,169.808,24,6,120.25359999999999,24,13.31827450980392,5.010566666666667,5,1,0,0,0,1,0,0,0,0,0,0,0,0,0,0,0,0,0
2023-05-30,水生根茎类,8.852,125.03320000000001,23,5,89.0344,23,14.124853140533213,3.8710608695652176,5,2,0,0,0,1,0,0,0,0,0,0,0,1,0,0,0,0,0
2023-05-31,水生根茎类,7.86,121.5896,18,4,88.84164,18,15.46941475826972,4.935646666666667,5,3,0,0,0,1,0,0,0,0,0,0,0,0,1,0,0,0,0
2023-06-01,水生根茎类,9.741,150.5268,23,6,108.47387,23,15.452910378811211,4.716255217391304,6,4,0,0,0,0,1,0,0,0,0,0,0,0,0,1,0,0,0
2023-06-02,水生根茎类,11.988,193.018,25,5,137.56871,25,16.100934267600934,5.502748400000001,6,5,0,0,0,0,1,0,0,0,0,0,0,0,0,0,1,0,0
2023-06-03,水生根茎类,28.183,404.5774,59,7,278.1598,59,14.355370258666573,4.714572881355933,6,6,0,0,0,0,1,0,0,0,0,0,0,0,0,0,0,1,0
2023-06-04,水生根茎类,21.047,250.0524,47,6,166.70652,47,11.880667078443484,3.5469472340425536,6,7,0,0,0,0,1,0,0,0,0,0,0,0,0,0,0,0,1
2023-06-05,水生根茎类,12.58,159.032,24,5,115.39249000000001,24,12.641653418124006,4.808020416666667,6,1,0,0,0,0,1,0,0,0,0,0,0,0,0,0,0,0,0
2023-06-06,水生根茎类,14.408,185.6728,30,5,133.2381,30,12.886785119378123,4.44127,6,2,0,0,0,0,1,0,0,0,0,0,0,1,0,0,0,0,0
2023-06-07,水生根茎类,14.142,214.79160000000002,30,6,160.10688000000002,30,15.188205345778535,5.336896,6,3,0,0,0,0,1,0,0,0,0,0,0,0,1,0,0,0,0
2023-06-08,水生根茎类,9.254,136.19320000000002,24,6,99.8277,24,14.717224983790796,4.1594875,6,4,0,0,0,0,1,0,0,0,0,0,0,0,0,1,0,0,0
2023-06-09,水生根茎类,14.628,174.9096,35,6,131.29523,35,11.957178014766203,3.751292285714286,6,5,0,0,0,0,1,0,0,0,0,0,0,0,0,0,1,0,0
2023-06-10,水生根茎类,18.153,213.0464,41,6,152.25397999999998,41,11.736153803778992,3.713511707317073,6,6,0,0,0,0,1,0,0,0,0,0,0,0,0,0,0,1,0
2023-06-11,水生根茎类,19.931,287.9262,46,6,217.70763,46,14.446149214791028,4.732774565217391,6,7,0,0,0,0,1,0,0,0,0,0,0,0,0,0,0,0,1
2023-06-12,水生根茎类,10.351,142.9268,18,5,101.42996,18,13.808018548932468,5.6349977777777776,6,1,0,0,0,0,1,0,0,0,0,0,0,0,0,0,0,0,0
2023-06-13,水生根茎类,10.921,166.0136,27,6,118.62578,27,15.201318560571377,4.393547407407407,6,2,0,0,0,0,1,0,0,0,0,0,0,1,0,0,0,0,0
2023-06-14,水生根茎类,7.284,107.2968,15,3,78.0198,15,14.730477759472818,5.20132,6,3,0,0,0,0,1,0,0,0,0,0,0,0,1,0,0,0,0
2023-06-15,水生根茎类,14.233,169.4908,27,6,122.95196,27,11.908297618211199,4.553776296296296,6,4,0,0,0,0,1,0,0,0,0,0,0,0,0,1,0,0,0
2023-06-16,水生根茎类,13.37,229.7156,35,5,131.47217,35,17.18142109199701,3.7563477142857145,6,5,0,0,0,0,1,0,0,0,0,0,0,0,0,0,1,0,0
2023-06-17,水生根茎类,18.215,266.2412,43,5,183.33642,43,14.616590721932473,4.263637674418605,6,6,0,0,0,0,1,0,0,0,0,0,0,0,0,0,0,1,0
2023-06-18,水生根茎类,21.573,337.7072,51,4,232.14146,51,15.65416029295879,4.551793333333333,6,7,0,0,0,0,1,0,0,0,0,0,0,0,0,0,0,0,1
2023-06-19,水生根茎类,8.196,175.7448,15,4,119.44796,15,21.442752562225476,7.963197333333333,6,1,0,0,0,0,1,0,0,0,0,0,0,0,0,0,0,0,0
2023-06-20,水生根茎类,11.657,221.8696,29,5,154.07628,29,19.033164622115468,5.312975172413793,6,2,0,0,0,0,1,0,0,0,0,0,0,1,0,0,0,0,0
2023-06-21,水生根茎类,19.286,363.6584,48,6,249.06364,48,18.85608213211656,5.1888258333333335,6,3,0,0,0,0,1,0,0,0,0,0,0,0,1,0,0,0,0
2023-06-22,水生根茎类,29.007,548.832,65,6,375.36544000000004,65,18.920674319991726,5.774852923076923,6,4,0,0,0,0,1,0,0,0,0,0,0,0,0,1,0,0,0
2023-06-23,水生根茎类,12.227,228.2348,34,5,156.84219000000002,34,18.666459474932527,4.6130055882352945,6,5,0,0,0,0,1,0,0,0,0,0,0,0,0,0,1,0,0
2023-06-24,水生根茎类,12.69,217.0984,31,5,148.49616,31,17.1078329393223,4.790198709677419,6,6,0,0,0,0,1,0,0,0,0,0,0,0,0,0,0,1,0
2023-06-25,水生根茎类,9.870000000000001,171.7648,25,6,119.02043,25,17.40271529888551,4.7608172,6,7,0,0,0,0,1,0,0,0,0,0,0,0,0,0,0,0,1
2023-06-26,水生根茎类,9.393,176.3328,20,5,122.91243,20,18.77278824656659,6.1456215,6,1,0,0,0,0,1,0,0,0,0,0,0,0,0,0,0,0,0
2023-06-27,水生根茎类,8.721,165.8056,22,6,110.56891,22,19.012223368879717,5.025859545454545,6,2,0,0,0,0,1,0,0,0,0,0,0,1,0,0,0,0,0
2023-06-28,水生根茎类,5.986,96.3584,16,5,64.31833999999999,16,16.097293685265623,4.0198962499999995,6,3,0,0,0,0,1,0,0,0,0,0,0,0,1,0,0,0,0
2023-06-29,水生根茎类,18.558,336.196,42,7,228.5498,42,18.115960771634875,5.441661904761905,6,4,0,0,0,0,1,0,0,0,0,0,0,0,0,1,0,0,0
2023-06-30,水生根茎类,10.34,165.2952,26,6,108.46771000000001,26,15.985996131528045,4.171835000000001,6,5,0,0,0,0,1,0,0,0,0,0,0,0,0,0,1,0,0
2020-07-01,花叶类,191.717,1446.6496,413,16,941.89255,413,7.545755462478549,2.280611501210654,7,3,0,0,0,0,0,1,0,0,0,0,0,0,1,0,0,0,0
2020-07-02,花叶类,179.0,1317.6876,389,16,752.19713,389,7.361383240223463,1.9336687146529563,7,4,0,0,0,0,0,1,0,0,0,0,0,0,0,1,0,0,0
2020-07-03,花叶类,184.947,1373.2026,392,16,814.47401,392,7.424843874190985,2.0777398214285716,7,5,0,0,0,0,0,1,0,0,0,0,0,0,0,0,1,0,0
2020-07-04,花叶类,234.573,1828.3128,523,13,1128.83411,523,7.794216725710119,2.158382619502868,7,6,0,0,0,0,0,1,0,0,0,0,0,0,0,0,0,1,0
2020-07-05,花叶类,219.64600000000002,1544.142,502,13,937.91584,502,7.030139406135326,1.8683582470119522,7,7,0,0,0,0,0,1,0,0,0,0,0,0,0,0,0,0,1
2020-07-06,花叶类,183.439,1434.666,404,14,896.6381200000001,404,7.82094320182731,2.219401287128713,7,1,0,0,0,0,0,1,0,0,0,0,0,0,0,0,0,0,0
2020-07-07,花叶类,159.875,1278.678,355,15,783.12681,355,7.997985926505083,2.205991014084507,7,2,0,0,0,0,0,1,0,0,0,0,0,1,0,0,0,0,0
2020-07-08,花叶类,143.354,1171.165,305,16,710.21359,305,8.16974064204696,2.3285691475409833,7,3,0,0,0,0,0,1,0,0,0,0,0,0,1,0,0,0,0
2020-07-09,花叶类,187.151,1395.671,390,15,850.52238,390,7.457459484587312,2.1808266153846154,7,4,0,0,0,0,0,1,0,0,0,0,0,0,0,1,0,0,0
2020-07-10,花叶类,154.964,1166.6546,334,16,713.33904,334,7.5285524379855975,2.135745628742515,7,5,0,0,0,0,0,1,0,0,0,0,0,0,0,0,1,0,0
2020-07-11,花叶类,238.911,1890.437,500,15,1149.27973,500,7.9127248222141295,2.29855946,7,6,0,0,0,0,0,1,0,0,0,0,0,0,0,0,0,1,0
2020-07-12,花叶类,271.355,2022.577,586,15,1222.52262,586,7.4536197969449605,2.086216075085324,7,7,0,0,0,0,0,1,0,0,0,0,0,0,0,0,0,0,1
2020-07-13,花叶类,170.921,1297.551,357,13,805.05504,357,7.591524739499535,2.2550561344537816,7,1,0,0,0,0,0,1,0,0,0,0,0,0,0,0,0,0,0
2020-07-14,花叶类,183.131,1327.923,396,13,795.75309,396,7.251219072685673,2.0094775,7,2,0,0,0,0,0,1,0,0,0,0,0,1,0,0,0,0,0
2020-07-15,花叶类,209.644,1441.991,437,12,864.67832,437,6.878284138825819,1.9786689244851259,7,3,0,0,0,0,0,1,0,0,0,0,0,0,1,0,0,0,0
2020-07-16,花叶类,195.549,1409.919,422,13,834.5548699999999,422,7.210054768881457,1.97761817535545,7,4,0,0,0,0,0,1,0,0,0,0,0,0,0,1,0,0,0
2020-07-17,花叶类,173.432,1202.146,378,14,711.91414,378,6.931512062364501,1.8833707407407407,7,5,0,0,0,0,0,1,0,0,0,0,0,0,0,0,1,0,0
2020-07-18,花叶类,231.29,1756.632,508,13,1055.62288,508,7.594932768386009,2.07799779527559,7,6,0,0,0,0,0,1,0,0,0,0,0,0,0,0,0,1,0
2020-07-19,花叶类,269.199,1984.162,569,12,1206.74747,569,7.370614303916433,2.1208215641476276,7,7,0,0,0,0,0,1,0,0,0,0,0,0,0,0,0,0,1
2020-07-20,花叶类,182.337,1285.781,388,12,763.96578,388,7.051673549526426,1.9689839690721649,7,1,0,0,0,0,0,1,0,0,0,0,0,0,0,0,0,0,0
2020-07-21,花叶类,200.51,1501.276,399,13,898.71414,399,7.4872874170864305,2.2524163909774435,7,2,0,0,0,0,0,1,0,0,0,0,0,1,0,0,0,0,0
2020-07-22,花叶类,205.455,1494.9180000000001,441,13,874.41449,441,7.276133459881726,1.9827992970521542,7,3,0,0,0,0,0,1,0,0,0,0,0,0,1,0,0,0,0
2020-07-23,花叶类,172.376,1298.497,367,13,736.56099,367,7.532933819093145,2.006978174386921,7,4,0,0,0,0,0,1,0,0,0,0,0,0,0,1,0,0,0
2020-07-24,花叶类,159.929,1224.398,336,11,724.9669,336,7.6558847988795025,2.1576395833333333,7,5,0,0,0,0,0,1,0,0,0,0,0,0,0,0,1,0,0
2020-07-25,花叶类,204.513,1657.4254,456,13,976.59326,456,8.104254497269123,2.141651885964912,7,6,0,0,0,0,0,1,0,0,0,0,0,0,0,0,0,1,0
2020-07-26,花叶类,215.73,1810.411,480,13,1044.04576,480,8.392022435451723,2.175095333333333,7,7,0,0,0,0,0,1,0,0,0,0,0,0,0,0,0,0,1
2020-07-27,花叶类,179.605,1431.734,364,12,824.1759500000001,364,7.9715709473567,2.264219642857143,7,1,0,0,0,0,0,1,0,0,0,0,0,0,0,0,0,0,0
2020-07-28,花叶类,142.605,1186.858,310,13,668.2193,310,8.32269555765927,2.155546129032258,7,2,0,0,0,0,0,1,0,0,0,0,0,1,0,0,0,0,0
2020-07-29,花叶类,175.106,1397.8354,370,12,821.923,370,7.982795563829908,2.2214135135135136,7,3,0,0,0,0,0,1,0,0,0,0,0,0,1,0,0,0,0
2020-07-30,花叶类,175.812,1415.987,361,11,820.7869000000001,361,8.05398380087821,2.2736479224376733,7,4,0,0,0,0,0,1,0,0,0,0,0,0,0,1,0,0,0
2020-07-31,花叶类,195.166,1522.4384,435,13,861.31641,435,7.800735783896785,1.980037724137931,7,5,0,0,0,0,0,1,0,0,0,0,0,0,0,0,1,0,0
2020-08-01,花叶类,202.487,1661.564,470,14,928.53498,470,8.205781111873849,1.975606340425532,8,6,0,0,0,0,0,0,1,0,0,0,0,0,0,0,0,1,0
2020-08-02,花叶类,234.102,2030.415,531,17,1169.88496,531,8.673206550990594,2.2031731826742,8,7,0,0,0,0,0,0,1,0,0,0,0,0,0,0,0,0,1
2020-08-03,花叶类,206.505,1672.5918,467,16,993.53304,467,8.099522045471053,2.127479743040685,8,1,0,0,0,0,0,0,1,0,0,0,0,0,0,0,0,0,0
2020-08-04,花叶类,178.012,1314.9652,385,17,760.30179,385,7.3869469473968055,1.9748098441558442,8,2,0,0,0,0,0,0,1,0,0,0,0,1,0,0,0,0,0
2020-08-05,花叶类,240.806,1868.8282,536,18,1109.09823,536,7.760721078378445,2.069213115671642,8,3,0,0,0,0,0,0,1,0,0,0,0,0,1,0,0,0,0
2020-08-06,花叶类,218.037,1711.7664,462,17,996.44077,462,7.850806973128414,2.1567982034632034,8,4,0,0,0,0,0,0,1,0,0,0,0,0,0,1,0,0,0
2020-08-07,花叶类,198.712,1632.6442,415,17,936.44476,415,8.21613289584927,2.2564933975903614,8,5,0,0,0,0,0,0,1,0,0,0,0,0,0,0,1,0,0
2020-08-08,花叶类,310.161,2499.8686000000002,647,16,1485.56959,647,8.059906306724573,2.2960890108191654,8,6,0,0,0,0,0,0,1,0,0,0,0,0,0,0,0,1,0
2020-08-09,花叶类,245.052,1981.576,497,16,1159.75049,497,8.08634901979988,2.33350199195171,8,7,0,0,0,0,0,0,1,0,0,0,0,0,0,0,0,0,1
2020-08-10,花叶类,204.951,1703.9950000000001,453,15,996.8182,453,8.314158018258023,2.2004816777041944,8,1,0,0,0,0,0,0,1,0,0,0,0,0,0,0,0,0,0
2020-08-11,花叶类,200.068,1513.7816,424,15,919.47937,424,7.566335445948377,2.1685834198113207,8,2,0,0,0,0,0,0,1,0,0,0,0,1,0,0,0,0,0
2020-08-12,花叶类,194.523,1486.1114,408,14,906.49565,408,7.639772160618539,2.22180306372549,8,3,0,0,0,0,0,0,1,0,0,0,0,0,1,0,0,0,0
2020-08-13,花叶类,179.955,1323.5884,376,15,798.72631,376,7.35510766580534,2.1242721010638297,8,4,0,0,0,0,0,0,1,0,0,0,0,0,0,1,0,0,0
2020-08-14,花叶类,211.056,1565.6416,467,15,911.67519,467,7.418133575922977,1.952195267665953,8,5,0,0,0,0,0,0,1,0,0,0,0,0,0,0,1,0,0
2020-08-15,花叶类,245.136,1933.717,507,14,1122.52543,507,7.888343613341166,2.2140541025641025,8,6,0,0,0,0,0,0,1,0,0,0,0,0,0,0,0,1,0
2020-08-16,花叶类,241.48,1826.1872,483,13,1043.14125,483,7.562478052012589,2.1597127329192545,8,7,0,0,0,0,0,0,1,0,0,0,0,0,0,0,0,0,1
2020-08-17,花叶类,213.346,1431.264,460,13,868.86756,460,6.708651673806867,1.8888425217391305,8,1,0,0,0,0,0,0,1,0,0,0,0,0,0,0,0,0,0
2020-08-18,花叶类,225.113,1601.7918,470,13,972.57971,470,7.115501103890046,2.0693185319148935,8,2,0,0,0,0,0,0,1,0,0,0,0,1,0,0,0,0,0
2020-08-19,花叶类,214.173,1519.7384,437,13,897.7111,437,7.095844947775864,2.05425881006865,8,3,0,0,0,0,0,0,1,0,0,0,0,0,1,0,0,0,0
2020-08-20,花叶类,233.532,1683.267,470,13,982.1584899999999,470,7.207864446842403,2.0896989148936167,8,4,0,0,0,0,0,0,1,0,0,0,0,0,0,1,0,0,0
2020-08-21,花叶类,201.695,1524.761,412,13,914.1101199999999,412,7.5597362354049435,2.2187138834951456,8,5,0,0,0,0,0,0,1,0,0,0,0,0,0,0,1,0,0
2020-08-22,花叶类,264.51,1934.503,540,14,1150.89608,540,7.313534459944804,2.131289037037037,8,6,0,0,0,0,0,0,1,0,0,0,0,0,0,0,0,1,0
2020-08-23,花叶类,255.886,1947.558,512,13,1143.67688,512,7.611037727738133,2.23374390625,8,7,0,0,0,0,0,0,1,0,0,0,0,0,0,0,0,0,1
2020-08-24,花叶类,260.694,1777.826,485,15,1089.82549,485,6.819589250232072,2.247062865979381,8,1,0,0,0,0,0,0,1,0,0,0,0,0,0,0,0,0,0
2020-08-25,花叶类,342.321,1908.7052,567,14,1259.34111,567,5.575775952979805,2.221060158730159,8,2,0,0,0,0,0,0,1,0,0,0,0,1,0,0,0,0,0
2020-08-26,花叶类,236.927,1599.257,485,14,936.35249,485,6.749998944822667,1.9306236907216494,8,3,0,0,0,0,0,0,1,0,0,0,0,0,1,0,0,0,0
2020-08-27,花叶类,199.007,1573.879,406,14,924.13751,406,7.908661504369192,2.276200763546798,8,4,0,0,0,0,0,0,1,0,0,0,0,0,0,1,0,0,0
2020-08-28,花叶类,195.032,1479.211,417,13,868.12294,417,7.58445280774437,2.081829592326139,8,5,0,0,0,0,0,0,1,0,0,0,0,0,0,0,1,0,0
2020-08-29,花叶类,267.031,2101.76,543,13,1279.23894,543,7.87084645602945,2.355872817679558,8,6,0,0,0,0,0,0,1,0,0,0,0,0,0,0,0,1,0
2020-08-30,花叶类,261.124,2037.9178,525,12,1204.83477,525,7.804406335687259,2.2949233714285713,8,7,0,0,0,0,0,0,1,0,0,0,0,0,0,0,0,0,1
2020-08-31,花叶类,224.882,1721.1058,464,14,1047.2636,464,7.653372879999289,2.257033620689655,8,1,0,0,0,0,0,0,1,0,0,0,0,0,0,0,0,0,0
2020-09-01,花叶类,184.319,1415.529,382,12,881.7419600000001,382,7.679777993587205,2.3082250261780106,9,2,0,0,0,0,0,0,0,1,0,0,0,1,0,0,0,0,0
2020-09-02,花叶类,179.819,1354.1118,365,14,788.44662,365,7.530415584560029,2.1601277260273974,9,3,0,0,0,0,0,0,0,1,0,0,0,0,1,0,0,0,0
2020-09-03,花叶类,184.89000000000001,1292.1453999999999,368,13,759.4865100000001,368,6.988725187949591,2.0638220380434786,9,4,0,0,0,0,0,0,0,1,0,0,0,0,0,1,0,0,0
2020-09-04,花叶类,176.316,1276.8378,347,14,751.15829,347,7.241757979990472,2.164721296829971,9,5,0,0,0,0,0,0,0,1,0,0,0,0,0,0,1,0,0
2020-09-05,花叶类,239.841,1804.013,478,15,1039.99528,478,7.521703962208296,2.1757223430962345,9,6,0,0,0,0,0,0,0,1,0,0,0,0,0,0,0,1,0
2020-09-06,花叶类,272.15,2125.3094,557,15,1198.6959,557,7.809330883703841,2.1520572710951527,9,7,0,0,0,0,0,0,0,1,0,0,0,0,0,0,0,0,1
2020-09-07,花叶类,142.541,1127.2042,306,15,626.85321,306,7.907929648311713,2.048539901960784,9,1,0,0,0,0,0,0,0,1,0,0,0,0,0,0,0,0,0
2020-09-08,花叶类,143.853,1077.3878,283,16,608.88954,283,7.489505258840621,2.151553144876325,9,2,0,0,0,0,0,0,0,1,0,0,0,1,0,0,0,0,0
2020-09-09,花叶类,130.623,975.5312,286,15,544.9775099999999,286,7.468295782519159,1.905515769230769,9,3,0,0,0,0,0,0,0,1,0,0,0,0,1,0,0,0,0
2020-09-10,花叶类,119.919,852.5874,244,13,480.07622000000003,244,7.109694043479349,1.9675254918032787,9,4,0,0,0,0,0,0,0,1,0,0,0,0,0,1,0,0,0
2020-09-11,花叶类,151.957,1064.8528000000001,309,14,628.20529,309,7.007592937475734,2.0330268284789645,9,5,0,0,0,0,0,0,0,1,0,0,0,0,0,0,1,0,0
2020-09-12,花叶类,230.844,1687.8098,449,15,965.13092,449,7.311473549236714,2.1495120712694877,9,6,0,0,0,0,0,0,0,1,0,0,0,0,0,0,0,1,0
2020-09-13,花叶类,262.477,1799.885,481,14,1047.23614,481,6.857305592490009,2.1772061122661124,9,7,0,0,0,0,0,0,0,1,0,0,0,0,0,0,0,0,1
2020-09-14,花叶类,175.124,1177.6894,349,16,689.13057,349,6.724888650327768,1.974586160458453,9,1,0,0,0,0,0,0,0,1,0,0,0,0,0,0,0,0,0
2020-09-15,花叶类,154.468,1070.4354,330,16,620.58386,330,6.929819768495741,1.8805571515151513,9,2,0,0,0,0,0,0,0,1,0,0,0,1,0,0,0,0,0
2020-09-16,花叶类,176.949,1141.97,354,17,744.25851,354,6.45366744090105,2.1024251694915255,9,3,0,0,0,0,0,0,0,1,0,0,0,0,1,0,0,0,0
2020-09-17,花叶类,142.796,1052.2506,295,17,582.92385,295,7.368908092663661,1.9760130508474576,9,4,0,0,0,0,0,0,0,1,0,0,0,0,0,1,0,0,0
2020-09-18,花叶类,154.388,1117.1474,313,17,620.24252,313,7.235973003083141,1.9816054952076678,9,5,0,0,0,0,0,0,0,1,0,0,0,0,0,0,1,0,0
2020-09-19,花叶类,235.102,1637.1406,462,15,909.19297,462,6.963533274918971,1.9679501515151514,9,6,0,0,0,0,0,0,0,1,0,0,0,0,0,0,0,1,0
2020-09-20,花叶类,317.998,2192.5508,639,16,1183.5370699999999,639,6.894857200359751,1.8521706885758997,9,7,0,0,0,0,0,0,0,1,0,0,0,0,0,0,0,0,1
2020-09-21,花叶类,212.997,1403.691,408,15,710.93369,408,6.590191411146636,1.7424845343137254,9,1,0,0,0,0,0,0,0,1,0,0,0,0,0,0,0,0,0
2020-09-22,花叶类,232.243,1687.4828,428,16,933.17877,428,7.266022226719428,2.1803242289719624,9,2,0,0,0,0,0,0,0,1,0,0,0,1,0,0,0,0,0
2020-09-23,花叶类,179.262,1292.233,357,15,704.81754,357,7.208627595363211,1.9742788235294118,9,3,0,0,0,0,0,0,0,1,0,0,0,0,1,0,0,0,0
2020-09-24,花叶类,162.861,1263.2616,324,17,729.83646,324,7.7566857627056205,2.2525816666666665,9,4,0,0,0,0,0,0,0,1,0,0,0,0,0,1,0,0,0
2020-09-25,花叶类,173.781,1331.6094,368,20,780.0225800000001,368,7.662571857682946,2.1196265760869566,9,5,0,0,0,0,0,0,0,1,0,0,0,0,0,0,1,0,0
2020-09-26,花叶类,227.771,1782.8668,454,18,1063.50428,454,7.827453012016456,2.3425204405286344,9,6,0,0,0,0,0,0,0,1,0,0,0,0,0,0,0,1,0
2020-09-27,花叶类,199.813,1507.6782,371,17,870.59019,371,7.545445992002523,2.3466042857142857,9,7,0,0,0,0,0,0,0,1,0,0,0,0,0,0,0,0,1
2020-09-28,花叶类,114.425,935.3418,238,15,539.26319,238,8.174278348263055,2.2658117226890755,9,1,0,0,0,0,0,0,0,1,0,0,0,0,0,0,0,0,0
2020-09-29,花叶类,156.737,1280.2984,313,16,773.49447,313,8.168450333998992,2.471228338658147,9,2,0,0,0,0,0,0,0,1,0,0,0,1,0,0,0,0,0
2020-09-30,花叶类,169.947,1329.57,337,16,786.06908,337,7.823439072181326,2.3325491988130564,9,3,0,0,0,0,0,0,0,1,0,0,0,0,1,0,0,0,0
2020-10-01,花叶类,225.69,1866.6766,440,15,1097.54274,440,8.27097611768355,2.4944153181818183,10,4,0,0,0,0,0,0,0,0,1,0,0,0,0,1,0,0,0
2020-10-02,花叶类,244.124,1975.4444,486,16,1173.76311,486,8.091971293277188,2.415150432098766,10,5,0,0,0,0,0,0,0,0,1,0,0,0,0,0,1,0,0
2020-10-03,花叶类,298.341,2252.0622,497,14,1383.20974,497,7.548617856747815,2.7831181891348087,10,6,0,0,0,0,0,0,0,0,1,0,0,0,0,0,0,1,0
2020-10-04,花叶类,232.776,1732.616,416,13,1007.49485,416,7.443275939100251,2.4218626201923077,10,7,0,0,0,0,0,0,0,0,1,0,0,0,0,0,0,0,1
2020-10-05,花叶类,294.623,1926.411,470,14,1146.82843,470,6.538562841326034,2.440060489361702,10,1,0,0,0,0,0,0,0,0,1,0,0,0,0,0,0,0,0
2020-10-06,花叶类,287.297,2227.083,516,15,1231.54373,516,7.751849131734755,2.38671265503876,10,2,0,0,0,0,0,0,0,0,1,0,0,1,0,0,0,0,0
2020-10-07,花叶类,253.996,1865.728,449,14,1050.04122,449,7.345501503960692,2.3386218708240536,10,3,0,0,0,0,0,0,0,0,1,0,0,0,1,0,0,0,0
2020-10-08,花叶类,252.73,1907.876,449,14,1121.28682,449,7.549068175523286,2.497298040089087,10,4,0,0,0,0,0,0,0,0,1,0,0,0,0,1,0,0,0
2020-10-09,花叶类,162.518,1305.61,328,14,763.8699,328,8.0336331975535,2.3288716463414634,10,5,0,0,0,0,0,0,0,0,1,0,0,0,0,0,1,0,0
2020-10-10,花叶类,175.163,1443.301,351,15,825.37025,351,8.23975953825865,2.3514821937321937,10,6,0,0,0,0,0,0,0,0,1,0,0,0,0,0,0,1,0
2020-10-11,花叶类,235.733,1852.986,491,14,1095.17697,491,7.86052864893757,2.2305029938900205,10,7,0,0,0,0,0,0,0,0,1,0,0,0,0,0,0,0,1
2020-10-12,花叶类,170.212,1234.194,365,13,784.43833,365,7.2509223791507065,2.149146109589041,10,1,0,0,0,0,0,0,0,0,1,0,0,0,0,0,0,0,0
2020-10-13,花叶类,175.188,1167.4726,363,15,704.32906,363,6.664112838778912,1.94030044077135,10,2,0,0,0,0,0,0,0,0,1,0,0,1,0,0,0,0,0
2020-10-14,花叶类,182.96,1332.636,353,13,796.74856,353,7.283756012243113,2.257078073654391,10,3,0,0,0,0,0,0,0,0,1,0,0,0,1,0,0,0,0
2020-10-15,花叶类,190.238,1356.509,359,14,770.58822,359,7.1305890516090376,2.1464852924791087,10,4,0,0,0,0,0,0,0,0,1,0,0,0,0,1,0,0,0
2020-10-16,花叶类,170.77,1224.072,353,15,683.20645,353,7.167956901095039,1.9354290368271956,10,5,0,0,0,0,0,0,0,0,1,0,0,0,0,0,1,0,0
2020-10-17,花叶类,249.493,1758.571,504,17,1022.90007,504,7.048578517232948,2.029563630952381,10,6,0,0,0,0,0,0,0,0,1,0,0,0,0,0,0,1,0
2020-10-18,花叶类,226.735,1616.49,468,17,955.7016,468,7.129424217699076,2.042097435897436,10,7,0,0,0,0,0,0,0,0,1,0,0,0,0,0,0,0,1
2020-10-19,花叶类,152.709,980.456,293,16,577.14368,293,6.420420538409655,1.9697736518771332,10,1,0,0,0,0,0,0,0,0,1,0,0,0,0,0,0,0,0
2020-10-20,花叶类,186.078,1231.602,314,16,728.55115,314,6.618740528165608,2.320226592356688,10,2,0,0,0,0,0,0,0,0,1,0,0,1,0,0,0,0,0
2020-10-21,花叶类,168.765,1078.5602000000001,303,15,626.19684,303,6.390899771872131,2.066656237623762,10,3,0,0,0,0,0,0,0,0,1,0,0,0,1,0,0,0,0
2020-10-22,花叶类,117.235,794.8454,235,16,472.68766,235,6.779932613980467,2.01143685106383,10,4,0,0,0,0,0,0,0,0,1,0,0,0,0,1,0,0,0
2020-10-23,花叶类,190.254,1068.779,315,15,679.48454,315,5.617642730244831,2.157093777777778,10,5,0,0,0,0,0,0,0,0,1,0,0,0,0,0,1,0,0
2020-10-24,花叶类,282.107,1656.383,510,15,1018.07364,510,5.871470754004686,1.9962228235294117,10,6,0,0,0,0,0,0,0,0,1,0,0,0,0,0,0,1,0
2020-10-25,花叶类,223.397,1410.5256,457,17,866.05678,457,6.313986311364969,1.8950914223194748,10,7,0,0,0,0,0,0,0,0,1,0,0,0,0,0,0,0,1
2020-10-26,花叶类,157.832,940.033,315,17,559.08318,315,5.9559088144356025,1.774867238095238,10,1,0,0,0,0,0,0,0,0,1,0,0,0,0,0,0,0,0
2020-10-27,花叶类,154.566,842.1276,282,17,515.28803,282,5.448336632894686,1.8272625177304966,10,2,0,0,0,0,0,0,0,0,1,0,0,1,0,0,0,0,0
2020-10-28,花叶类,167.542,954.701,318,17,582.60574,318,5.698278640579676,1.8320935220125785,10,3,0,0,0,0,0,0,0,0,1,0,0,0,1,0,0,0,0
2020-10-29,花叶类,120.551,702.4834,241,18,423.38031,241,5.82727144528042,1.7567647717842323,10,4,0,0,0,0,0,0,0,0,1,0,0,0,0,1,0,0,0
2020-10-30,花叶类,148.243,823.897,284,19,504.91188999999997,284,5.557746402865566,1.7778587676056337,10,5,0,0,0,0,0,0,0,0,1,0,0,0,0,0,1,0,0
2020-10-31,花叶类,248.102,1393.8188,494,17,862.0477999999999,494,5.617926497972608,1.7450360323886638,10,6,0,0,0,0,0,0,0,0,1,0,0,0,0,0,0,1,0
2020-11-01,花叶类,206.956,1063.2486,400,18,651.66904,400,5.137558708131197,1.6291726,11,7,0,0,0,0,0,0,0,0,0,1,0,0,0,0,0,0,1
2020-11-02,花叶类,143.656,669.6758,265,16,414.74962999999997,265,4.661662582836777,1.5650929433962264,11,1,0,0,0,0,0,0,0,0,0,1,0,0,0,0,0,0,0
2020-11-03,花叶类,131.679,630.57,259,16,374.55631999999997,259,4.788690679607227,1.4461633976833976,11,2,0,0,0,0,0,0,0,0,0,1,0,1,0,0,0,0,0
2020-11-04,花叶类,122.114,571.8402,223,15,330.47232,223,4.682838986520792,1.4819386547085203,11,3,0,0,0,0,0,0,0,0,0,1,0,0,1,0,0,0,0
2020-11-05,花叶类,146.327,698.3254,287,16,399.90758,287,4.772361901767958,1.3934062020905924,11,4,0,0,0,0,0,0,0,0,0,1,0,0,0,1,0,0,0
2020-11-06,花叶类,142.586,689.5884,271,16,391.52162,271,4.8362980937819975,1.4447292250922508,11,5,0,0,0,0,0,0,0,0,0,1,0,0,0,0,1,0,0
2020-11-07,花叶类,224.3,1053.7168,379,16,648.01052,379,4.697801159161836,1.709790290237467,11,6,0,0,0,0,0,0,0,0,0,1,0,0,0,0,0,1,0
2020-11-08,花叶类,209.808,1000.6624,378,16,572.44891,378,4.769419659879509,1.5144151058201056,11,7,0,0,0,0,0,0,0,0,0,1,0,0,0,0,0,0,1
2020-11-09,花叶类,144.911,691.2118,269,17,395.19211,269,4.769905666236518,1.4691156505576208,11,1,0,0,0,0,0,0,0,0,0,1,0,0,0,0,0,0,0
2020-11-10,花叶类,157.962,656.1002,294,16,380.07968,294,4.153531862093415,1.2927880272108843,11,2,0,0,0,0,0,0,0,0,0,1,0,1,0,0,0,0,0
2020-11-11,花叶类,149.866,578.8088,262,18,354.45153,262,3.8621755434855136,1.3528684351145037,11,3,0,0,0,0,0,0,0,0,0,1,0,0,1,0,0,0,0
2020-11-12,花叶类,151.144,583.2938,253,18,361.84571,253,3.859192558090298,1.4302201976284585,11,4,0,0,0,0,0,0,0,0,0,1,0,0,0,1,0,0,0
2020-11-13,花叶类,141.0,519.4276,217,16,286.89825,217,3.683883687943262,1.322111751152074,11,5,0,0,0,0,0,0,0,0,0,1,0,0,0,0,1,0,0
2020-11-14,花叶类,207.145,933.8278,373,19,526.79785,373,4.508087571507881,1.4123266756032173,11,6,0,0,0,0,0,0,0,0,0,1,0,0,0,0,0,1,0
2020-11-15,花叶类,227.231,1019.4928,364,17,566.6366,364,4.4865920583019046,1.556693956043956,11,7,0,0,0,0,0,0,0,0,0,1,0,0,0,0,0,0,1
2020-11-16,花叶类,140.087,646.0148,256,16,373.23369,256,4.611525694746836,1.4579441015625,11,1,0,0,0,0,0,0,0,0,0,1,0,0,0,0,0,0,0
2020-11-17,花叶类,222.517,850.9528,349,16,501.54982,349,3.82421477909553,1.4371055014326648,11,2,0,0,0,0,0,0,0,0,0,1,0,1,0,0,0,0,0
2020-11-18,花叶类,203.322,827.3134,372,18,484.60914,372,4.068981221904171,1.302712741935484,11,3,0,0,0,0,0,0,0,0,0,1,0,0,1,0,0,0,0
2020-11-19,花叶类,206.35,675.36,302,17,403.40461999999997,302,3.2728858735158712,1.3357768874172185,11,4,0,0,0,0,0,0,0,0,0,1,0,0,0,1,0,0,0
2020-11-20,花叶类,244.555,756.6246,346,16,451.0998,346,3.093883175563779,1.303756647398844,11,5,0,0,0,0,0,0,0,0,0,1,0,0,0,0,1,0,0
2020-11-21,花叶类,460.646,1463.7466,707,18,859.78778,707,3.1775953769271847,1.2161071852899576,11,6,0,0,0,0,0,0,0,0,0,1,0,0,0,0,0,1,0
2020-11-22,花叶类,371.968,1141.9126,534,17,674.96555,534,3.06992160615967,1.2639804307116105,11,7,0,0,0,0,0,0,0,0,0,1,0,0,0,0,0,0,1
2020-11-23,花叶类,294.311,1016.226,420,17,588.3084699999999,420,3.4528984645494054,1.4007344523809522,11,1,0,0,0,0,0,0,0,0,0,1,0,0,0,0,0,0,0
2020-11-24,花叶类,220.189,871.6004,377,14,502.49499000000003,377,3.958419357915246,1.3328779575596819,11,2,0,0,0,0,0,0,0,0,0,1,0,1,0,0,0,0,0
2020-11-25,花叶类,237.713,822.822,381,16,473.72306000000003,381,3.4614093465649756,1.2433676115485566,11,3,0,0,0,0,0,0,0,0,0,1,0,0,1,0,0,0,0
2020-11-26,花叶类,268.633,648.9864,294,16,392.81088,294,2.415884868947598,1.3360914285714285,11,4,0,0,0,0,0,0,0,0,0,1,0,0,0,1,0,0,0
2020-11-27,花叶类,225.596,670.474,305,17,385.21107,305,2.972011915104878,1.2629871147540983,11,5,0,0,0,0,0,0,0,0,0,1,0,0,0,0,1,0,0
2020-11-28,花叶类,400.295,1043.2144,493,18,616.87674,493,2.606113990931688,1.2512712778904667,11,6,0,0,0,0,0,0,0,0,0,1,0,0,0,0,0,1,0
2020-11-29,花叶类,287.707,814.801,424,17,509.88335,424,2.8320513578049895,1.202555070754717,11,7,0,0,0,0,0,0,0,0,0,1,0,0,0,0,0,0,1
2020-11-30,花叶类,207.353,629.2276,310,17,377.83221000000003,310,3.034571961823557,1.2188135806451614,11,1,0,0,0,0,0,0,0,0,0,1,0,0,0,0,0,0,0
2020-12-01,花叶类,287.797,738.5806,368,16,446.03996,368,2.5663248748249634,1.2120651086956522,12,2,0,0,0,0,0,0,0,0,0,0,1,1,0,0,0,0,0
2020-12-02,花叶类,213.665,617.9328,297,16,368.34456,297,2.8920637446469946,1.2402173737373738,12,3,0,0,0,0,0,0,0,0,0,0,1,0,1,0,0,0,0
2020-12-03,花叶类,273.297,686.3304,307,18,404.37604,307,2.511298697021921,1.3171857980456025,12,4,0,0,0,0,0,0,0,0,0,0,1,0,0,1,0,0,0
2020-12-04,花叶类,241.79,713.1882,354,18,457.32875,354,2.9496182637826216,1.2918891242937853,12,5,0,0,0,0,0,0,0,0,0,0,1,0,0,0,1,0,0
2020-12-05,花叶类,306.959,842.0552,398,18,557.25245,398,2.743217172325946,1.400131783919598,12,6,0,0,0,0,0,0,0,0,0,0,1,0,0,0,0,1,0
2020-12-06,花叶类,367.129,941.8606,423,18,606.326,423,2.565475895393717,1.4333947990543736,12,7,0,0,0,0,0,0,0,0,0,0,1,0,0,0,0,0,1
2020-12-07,花叶类,197.718,576.0326,266,19,368.42121,266,2.9134049504850346,1.3850421428571427,12,1,0,0,0,0,0,0,0,0,0,0,1,0,0,0,0,0,0
2020-12-08,花叶类,183.98,523.691,243,17,340.27263,243,2.8464561365365806,1.4002988888888888,12,2,0,0,0,0,0,0,0,0,0,0,1,1,0,0,0,0,0
2020-12-09,花叶类,179.506,537.1834,251,14,354.97035999999997,251,2.9925651510255924,1.414224541832669,12,3,0,0,0,0,0,0,0,0,0,0,1,0,1,0,0,0,0
2020-12-10,花叶类,188.539,540.4644,283,16,370.48021,283,2.8665920578766197,1.3091173498233215,12,4,0,0,0,0,0,0,0,0,0,0,1,0,0,1,0,0,0
2020-12-11,花叶类,212.51,555.6912,274,17,362.65751,274,2.614894357912569,1.3235675547445256,12,5,0,0,0,0,0,0,0,0,0,0,1,0,0,0,1,0,0
2020-12-12,花叶类,269.619,761.357,377,17,501.47745,377,2.823825472240457,1.3301789124668435,12,6,0,0,0,0,0,0,0,0,0,0,1,0,0,0,0,1,0
2020-12-13,花叶类,375.781,1015.5982,484,17,642.78478,484,2.7026331826249863,1.3280677272727273,12,7,0,0,0,0,0,0,0,0,0,0,1,0,0,0,0,0,1
2020-12-14,花叶类,196.775,614.5436,250,16,388.58261,250,3.1230776267310376,1.55433044,12,1,0,0,0,0,0,0,0,0,0,0,1,0,0,0,0,0,0
2020-12-15,花叶类,203.808,628.2684,282,15,422.34838,282,3.0826483749411215,1.497689290780142,12,2,0,0,0,0,0,0,0,0,0,0,1,1,0,0,0,0,0
2020-12-16,花叶类,143.474,468.2484,200,16,317.91383,200,3.2636463749529536,1.58956915,12,3,0,0,0,0,0,0,0,0,0,0,1,0,1,0,0,0,0
2020-12-17,花叶类,167.799,497.9648,232,16,314.07998000000003,232,2.9676267439019304,1.3537930172413795,12,4,0,0,0,0,0,0,0,0,0,0,1,0,0,1,0,0,0
2020-12-18,花叶类,145.775,555.075,235,17,353.974,235,3.8077516720974107,1.5062723404255318,12,5,0,0,0,0,0,0,0,0,0,0,1,0,0,0,1,0,0
2020-12-19,花叶类,264.54,897.7664,396,18,565.46951,396,3.393688667120284,1.4279533080808082,12,6,0,0,0,0,0,0,0,0,0,0,1,0,0,0,0,1,0
2020-12-20,花叶类,276.911,912.46,417,18,587.81938,417,3.2951381490803904,1.4096388009592327,12,7,0,0,0,0,0,0,0,0,0,0,1,0,0,0,0,0,1
2020-12-21,花叶类,135.374,491.6214,201,16,304.48199,201,3.6315791806403004,1.5148357711442786,12,1,0,0,0,0,0,0,0,0,0,0,1,0,0,0,0,0,0
2020-12-22,花叶类,142.433,464.1348,203,15,301.54513000000003,203,3.2586184381428462,1.4854439901477834,12,2,0,0,0,0,0,0,0,0,0,0,1,1,0,0,0,0,0
2020-12-23,花叶类,143.036,574.7542,235,16,402.85592,235,4.01824855281188,1.714280510638298,12,3,0,0,0,0,0,0,0,0,0,0,1,0,1,0,0,0,0
2020-12-24,花叶类,218.21,629.088,286,16,415.70635,286,2.8829476192658445,1.4535187062937063,12,4,0,0,0,0,0,0,0,0,0,0,1,0,0,1,0,0,0
2020-12-25,花叶类,159.654,619.9966,254,15,411.65395,254,3.8833765517932526,1.6206848425196851,12,5,0,0,0,0,0,0,0,0,0,0,1,0,0,0,1,0,0
2020-12-26,花叶类,285.224,871.8724,358,15,574.74144,358,3.056798866855524,1.6054230167597765,12,6,0,0,0,0,0,0,0,0,0,0,1,0,0,0,0,1,0
2020-12-27,花叶类,288.755,850.3522,379,14,574.1713,379,2.944891690187183,1.514963852242744,12,7,0,0,0,0,0,0,0,0,0,0,1,0,0,0,0,0,1
2020-12-28,花叶类,251.455,724.4486,323,14,472.95274,323,2.8810268238849894,1.4642499690402477,12,1,0,0,0,0,0,0,0,0,0,0,1,0,0,0,0,0,0
2020-12-29,花叶类,223.512,647.989,256,15,432.96647,256,2.899123984394574,1.6912752734375,12,2,0,0,0,0,0,0,0,0,0,0,1,1,0,0,0,0,0
2020-12-30,花叶类,146.39000000000001,554.7568,210,15,330.23246,210,3.789581255550242,1.5725355238095238,12,3,0,0,0,0,0,0,0,0,0,0,1,0,1,0,0,0,0
2020-12-31,花叶类,178.876,830.037,286,15,505.43372,286,4.640292716742325,1.7672507692307693,12,4,0,0,0,0,0,0,0,0,0,0,1,0,0,1,0,0,0
2021-01-01,花叶类,224.797,976.433,354,15,612.11973,354,4.343621133733991,1.729151779661017,1,5,0,0,0,0,0,0,0,0,0,0,0,0,0,0,1,0,0
2021-01-02,花叶类,212.911,942.0994,336,15,605.99028,336,4.424850759237428,1.8035425,1,6,0,0,0,0,0,0,0,0,0,0,0,0,0,0,0,1,0
2021-01-03,花叶类,211.636,854.7096,310,15,540.86641,310,4.0385832278062335,1.7447303548387096,1,7,0,0,0,0,0,0,0,0,0,0,0,0,0,0,0,0,1
2021-01-04,花叶类,177.80100000000002,707.2598,277,15,463.70122000000003,277,3.977816772684068,1.6740116245487366,1,1,0,0,0,0,0,0,0,0,0,0,0,0,0,0,0,0,0
2021-01-05,花叶类,154.654,709.0252,250,14,448.7869,250,4.5845901172940895,1.7951476,1,2,0,0,0,0,0,0,0,0,0,0,0,1,0,0,0,0,0
2021-01-06,花叶类,176.824,721.8798,268,15,477.37054,268,4.082476360675021,1.7812333582089552,1,3,0,0,0,0,0,0,0,0,0,0,0,0,1,0,0,0,0
2021-01-07,花叶类,161.62800000000001,756.4826,251,15,495.97546,251,4.680393248694533,1.9759978486055776,1,4,0,0,0,0,0,0,0,0,0,0,0,0,0,1,0,0,0
2021-01-08,花叶类,234.462,1025.355,330,15,659.4487,330,4.373224659006577,1.998329393939394,1,5,0,0,0,0,0,0,0,0,0,0,0,0,0,0,1,0,0
2021-01-09,花叶类,233.427,1205.1096,387,14,831.92506,387,5.162682980117982,2.149677157622739,1,6,0,0,0,0,0,0,0,0,0,0,0,0,0,0,0,1,0
2021-01-10,花叶类,250.645,1093.6132,368,14,721.8794399999999,368,4.363195754952223,1.961628913043478,1,7,0,0,0,0,0,0,0,0,0,0,0,0,0,0,0,0,1
2021-01-11,花叶类,182.204,778.0854,261,14,527.02612,261,4.270407894447981,2.019257164750958,1,1,0,0,0,0,0,0,0,0,0,0,0,0,0,0,0,0,0
2021-01-12,花叶类,172.596,736.6122,227,12,468.6523,227,4.267840506153098,2.0645475770925112,1,2,0,0,0,0,0,0,0,0,0,0,0,1,0,0,0,0,0
2021-01-13,花叶类,172.101,816.0732,261,14,508.55728,261,4.741827182875173,1.948495325670498,1,3,0,0,0,0,0,0,0,0,0,0,0,0,1,0,0,0,0
2021-01-14,花叶类,148.947,761.967,218,13,513.86231,218,5.11569215895587,2.3571665596330273,1,4,0,0,0,0,0,0,0,0,0,0,0,0,0,1,0,0,0
2021-01-15,花叶类,171.213,899.3304,254,13,586.99227,254,5.252699269331185,2.310993188976378,1,5,0,0,0,0,0,0,0,0,0,0,0,0,0,0,1,0,0
2021-01-16,花叶类,252.825,1387.805,392,13,920.2007100000001,392,5.489192128942945,2.347450790816327,1,6,0,0,0,0,0,0,0,0,0,0,0,0,0,0,0,1,0
2021-01-17,花叶类,228.99099999999999,1196.0910000000001,354,14,788.90446,354,5.223310086422611,2.228543672316384,1,7,0,0,0,0,0,0,0,0,0,0,0,0,0,0,0,0,1
2021-01-18,花叶类,167.119,1106.7738,302,16,698.88653,302,6.622668876668721,2.31419380794702,1,1,0,0,0,0,0,0,0,0,0,0,0,0,0,0,0,0,0
2021-01-19,花叶类,216.055,1039.964,278,15,700.02945,278,4.813422508157645,2.51809154676259,1,2,0,0,0,0,0,0,0,0,0,0,0,1,0,0,0,0,0
2021-01-20,花叶类,197.353,1143.869,328,15,811.11438,328,5.796055798493055,2.472909695121951,1,3,0,0,0,0,0,0,0,0,0,0,0,0,1,0,0,0,0
2021-01-21,花叶类,219.93,1127.933,320,15,776.10055,320,5.128600009093803,2.42531421875,1,4,0,0,0,0,0,0,0,0,0,0,0,0,0,1,0,0,0
2021-01-22,花叶类,218.136,1295.8024,345,16,885.29569,345,5.940341805112407,2.566074463768116,1,5,0,0,0,0,0,0,0,0,0,0,0,0,0,0,1,0,0
2021-01-23,花叶类,214.815,1125.9848,354,15,751.08107,354,5.241648860647533,2.1216979378531073,1,6,0,0,0,0,0,0,0,0,0,0,0,0,0,0,0,1,0
2021-01-24,花叶类,350.342,1945.479,535,16,1331.40329,535,5.553085270963802,2.4886042803738317,1,7,0,0,0,0,0,0,0,0,0,0,0,0,0,0,0,0,1
2021-01-25,花叶类,224.149,1167.54,354,16,801.34708,354,5.208767382410807,2.263692316384181,1,1,0,0,0,0,0,0,0,0,0,0,0,0,0,0,0,0,0
2021-01-26,花叶类,215.643,1146.6654,340,17,747.79227,340,5.317424632378515,2.1993890294117646,1,2,0,0,0,0,0,0,0,0,0,0,0,1,0,0,0,0,0
2021-01-27,花叶类,208.029,1220.949,347,15,784.88594,347,5.869128823385202,2.261919135446686,1,3,0,0,0,0,0,0,0,0,0,0,0,0,1,0,0,0,0
2021-01-28,花叶类,160.38400000000001,989.4408,266,14,625.2945,266,6.169198922585793,2.3507312030075185,1,4,0,0,0,0,0,0,0,0,0,0,0,0,0,1,0,0,0
2021-01-29,花叶类,151.962,838.3594,240,16,550.5778,240,5.516901593819508,2.294074166666667,1,5,0,0,0,0,0,0,0,0,0,0,0,0,0,0,1,0,0
2021-01-30,花叶类,195.893,1101.2396,328,15,701.72189,328,5.621638343381337,2.139396006097561,1,6,0,0,0,0,0,0,0,0,0,0,0,0,0,0,0,1,0
2021-01-31,花叶类,249.269,1405.8184,421,15,938.43938,421,5.639764270727608,2.22907216152019,1,7,0,0,0,0,0,0,0,0,0,0,0,0,0,0,0,0,1
2021-02-01,花叶类,181.621,914.8342,295,15,570.5107399999999,295,5.037050781572615,1.9339347118644066,2,1,1,0,0,0,0,0,0,0,0,0,0,0,0,0,0,0,0
2021-02-02,花叶类,193.791,923.6398,305,17,583.76089,305,4.766164579366431,1.913970131147541,2,2,1,0,0,0,0,0,0,0,0,0,0,1,0,0,0,0,0
2021-02-03,花叶类,220.536,973.058,319,15,648.25995,319,4.412241085355679,2.0321628526645767,2,3,1,0,0,0,0,0,0,0,0,0,0,0,1,0,0,0,0
2021-02-04,花叶类,197.832,1015.608,299,15,667.00563,299,5.133689190828582,2.230788060200669,2,4,1,0,0,0,0,0,0,0,0,0,0,0,0,1,0,0,0
2021-02-05,花叶类,194.292,1055.124,324,19,689.73468,324,5.430609597924773,2.128810740740741,2,5,1,0,0,0,0,0,0,0,0,0,0,0,0,0,1,0,0
2021-02-06,花叶类,212.817,1042.609,332,19,676.68669,332,4.899087009026534,2.038212921686747,2,6,1,0,0,0,0,0,0,0,0,0,0,0,0,0,0,1,0
2021-02-07,花叶类,193.778,893.12,279,18,587.18326,279,4.6089855401541975,2.1045994982078855,2,7,1,0,0,0,0,0,0,0,0,0,0,0,0,0,0,0,1
2021-02-08,花叶类,234.405,1232.6736,344,20,750.39776,344,5.258734242017022,2.181388837209302,2,1,1,0,0,0,0,0,0,0,0,0,0,0,0,0,0,0,0
2021-02-09,花叶类,282.558,1807.8899999999999,419,18,1035.8827899999999,419,6.398296986813326,2.4722739618138423,2,2,1,0,0,0,0,0,0,0,0,0,0,1,0,0,0,0,0
2021-02-10,花叶类,503.976,3640.722,768,17,1976.3025499999999,768,7.223998761845802,2.5733106119791667,2,3,1,0,0,0,0,0,0,0,0,0,0,0,1,0,0,0,0
2021-02-13,花叶类,243.485,1814.1526,382,13,958.30666,382,7.450777665975316,2.508656178010471,2,6,1,0,0,0,0,0,0,0,0,0,0,0,0,0,0,1,0
2021-02-14,花叶类,120.018,845.8186,197,15,464.74764,197,7.0474312186505355,2.359125076142132,2,7,1,0,0,0,0,0,0,0,0,0,0,0,0,0,0,0,1
2021-02-15,花叶类,291.13,1603.0622,474,12,1022.22814,474,5.506344931817401,2.156599451476793,2,1,1,0,0,0,0,0,0,0,0,0,0,0,0,0,0,0,0
2021-02-16,花叶类,253.696,1518.1286,414,13,1007.77428,414,5.9840462600908175,2.4342373913043476,2,2,1,0,0,0,0,0,0,0,0,0,0,1,0,0,0,0,0
2021-02-17,花叶类,180.052,943.6824,303,16,607.2291299999999,303,5.241165885410882,2.0040565346534653,2,3,1,0,0,0,0,0,0,0,0,0,0,0,1,0,0,0,0
2021-02-18,花叶类,227.336,1299.145,410,16,876.09736,410,5.714647042263434,2.1368228292682927,2,4,1,0,0,0,0,0,0,0,0,0,0,0,0,1,0,0,0
2021-02-19,花叶类,184.169,994.0222,312,16,701.70511,312,5.3973372283066094,2.24905483974359,2,5,1,0,0,0,0,0,0,0,0,0,0,0,0,0,1,0,0
2021-02-20,花叶类,175.262,1075.3956,332,17,733.76533,332,6.1359313484953955,2.210136536144578,2,6,1,0,0,0,0,0,0,0,0,0,0,0,0,0,0,1,0
2021-02-21,花叶类,144.855,896.6858,294,15,640.87646,294,6.19023023023023,2.1798519047619047,2,7,1,0,0,0,0,0,0,0,0,0,0,0,0,0,0,0,1
2021-02-22,花叶类,139.491,753.278,266,15,545.86416,266,5.400190693306378,2.052120902255639,2,1,1,0,0,0,0,0,0,0,0,0,0,0,0,0,0,0,0
2021-02-23,花叶类,136.05,814.9998,283,15,563.26723,283,5.99044321940463,1.9903435689045939,2,2,1,0,0,0,0,0,0,0,0,0,0,1,0,0,0,0,0
2021-02-24,花叶类,190.158,959.482,314,16,559.00708,314,5.045709357481673,1.7802773248407642,2,3,1,0,0,0,0,0,0,0,0,0,0,0,1,0,0,0,0
2021-02-25,花叶类,156.613,867.957,300,17,489.97355,300,5.542049510577027,1.6332451666666665,2,4,1,0,0,0,0,0,0,0,0,0,0,0,0,1,0,0,0
2021-02-26,花叶类,276.322,1512.9768,459,14,842.9223900000001,459,5.475412019310804,1.8364322222222225,2,5,1,0,0,0,0,0,0,0,0,0,0,0,0,0,1,0,0
2021-02-27,花叶类,218.04,1185.838,361,11,713.62186,361,5.43862594019446,1.9767918559556785,2,6,1,0,0,0,0,0,0,0,0,0,0,0,0,0,0,1,0
2021-02-28,花叶类,309.688,1454.2618,460,16,923.33895,460,4.695893286146057,2.007258586956522,2,7,1,0,0,0,0,0,0,0,0,0,0,0,0,0,0,0,1
2021-03-01,花叶类,241.709,1334.866,432,19,872.65901,432,5.5226160382939815,2.0200440046296295,3,1,0,1,0,0,0,0,0,0,0,0,0,0,0,0,0,0,0
2021-03-02,花叶类,182.984,1158.5064,333,20,748.3123,333,6.331189612206531,2.2471840840840844,3,2,0,1,0,0,0,0,0,0,0,0,0,1,0,0,0,0,0
2021-03-03,花叶类,186.008,1202.33,328,18,732.01629,328,6.463861769386262,2.231756981707317,3,3,0,1,0,0,0,0,0,0,0,0,0,0,1,0,0,0,0
2021-03-04,花叶类,145.281,826.6526,269,17,540.42934,269,5.690025536718497,2.0090310037174723,3,4,0,1,0,0,0,0,0,0,0,0,0,0,0,1,0,0,0
2021-03-05,花叶类,211.185,1031.8946,331,19,636.10329,331,4.886211615408292,1.9217622054380665,3,5,0,1,0,0,0,0,0,0,0,0,0,0,0,0,1,0,0
2021-03-06,花叶类,288.817,1462.1032,483,22,901.30293,483,5.062386216877815,1.8660516149068322,3,6,0,1,0,0,0,0,0,0,0,0,0,0,0,0,0,1,0
2021-03-07,花叶类,262.314,1189.7832,454,22,703.18556,454,4.535721311100437,1.548866872246696,3,7,0,1,0,0,0,0,0,0,0,0,0,0,0,0,0,0,1
2021-03-08,花叶类,211.746,1129.3342,353,21,662.62882,353,5.333438175927762,1.8771354674220964,3,1,0,1,0,0,0,0,0,0,0,0,0,0,0,0,0,0,0
2021-03-09,花叶类,170.907,914.3914,314,24,509.37032,314,5.350227901724329,1.6221984713375797,3,2,0,1,0,0,0,0,0,0,0,0,0,1,0,0,0,0,0
2021-03-10,花叶类,119.599,674.7836,231,20,372.42845,231,5.6420505188170464,1.6122443722943722,3,3,0,1,0,0,0,0,0,0,0,0,0,0,1,0,0,0,0
2021-03-11,花叶类,158.357,963.002,295,20,540.8107,295,6.081208914036007,1.8332566101694916,3,4,0,1,0,0,0,0,0,0,0,0,0,0,0,1,0,0,0
2021-03-12,花叶类,152.44,975.3532,261,20,587.2646,261,6.3982760430333245,2.250055938697318,3,5,0,1,0,0,0,0,0,0,0,0,0,0,0,0,1,0,0
2021-03-13,花叶类,169.055,1138.2034,350,24,682.69902,350,6.732740232468723,1.9505686285714285,3,6,0,1,0,0,0,0,0,0,0,0,0,0,0,0,0,1,0
2021-03-14,花叶类,176.032,1191.3326,380,21,734.18232,380,6.767704735502635,1.9320587368421054,3,7,0,1,0,0,0,0,0,0,0,0,0,0,0,0,0,0,1
2021-03-15,花叶类,90.812,628.476,179,18,383.83527,179,6.9206272298815135,2.1443311173184356,3,1,0,1,0,0,0,0,0,0,0,0,0,0,0,0,0,0,0
2021-03-16,花叶类,100.121,629.4896,203,20,369.5665,203,6.287288381058919,1.820524630541872,3,2,0,1,0,0,0,0,0,0,0,0,0,1,0,0,0,0,0
2021-03-17,花叶类,107.653,699.0722,236,21,437.2334,236,6.493754934836929,1.8526838983050848,3,3,0,1,0,0,0,0,0,0,0,0,0,0,1,0,0,0,0
2021-03-18,花叶类,128.058,852.0296,272,20,530.35204,272,6.653466398038389,1.9498236764705883,3,4,0,1,0,0,0,0,0,0,0,0,0,0,0,1,0,0,0
2021-03-19,花叶类,140.893,813.718,287,21,508.48224,287,5.7754324203473555,1.7717151219512195,3,5,0,1,0,0,0,0,0,0,0,0,0,0,0,0,1,0,0
2021-03-20,花叶类,267.979,1811.3624,530,20,1147.15538,530,6.759344575507782,2.164444113207547,3,6,0,1,0,0,0,0,0,0,0,0,0,0,0,0,0,1,0
2021-03-21,花叶类,199.712,1261.989,385,21,704.74046,385,6.319044423970518,1.8304947012987012,3,7,0,1,0,0,0,0,0,0,0,0,0,0,0,0,0,0,1
2021-03-22,花叶类,115.022,789.3078,240,21,470.52455,240,6.86223331188816,1.9605189583333333,3,1,0,1,0,0,0,0,0,0,0,0,0,0,0,0,0,0,0
2021-03-23,花叶类,134.706,801.274,254,19,460.08043,254,5.948317075705611,1.811340275590551,3,2,0,1,0,0,0,0,0,0,0,0,0,1,0,0,0,0,0
2021-03-24,花叶类,103.505,704.0186,211,19,424.09147,211,6.801783488720352,2.009912180094787,3,3,0,1,0,0,0,0,0,0,0,0,0,0,1,0,0,0,0
2021-03-25,花叶类,86.632,650.141,206,18,395.71529,206,7.504628774586757,1.9209480097087377,3,4,0,1,0,0,0,0,0,0,0,0,0,0,0,1,0,0,0
2021-03-26,花叶类,164.599,1294.5048,341,16,756.20883,341,7.86459699026118,2.217621202346041,3,5,0,1,0,0,0,0,0,0,0,0,0,0,0,0,1,0,0
2021-03-27,花叶类,199.238,1467.568,400,19,876.5253,400,7.3659040946004275,2.19131325,3,6,0,1,0,0,0,0,0,0,0,0,0,0,0,0,0,1,0
2021-03-28,花叶类,161.164,1238.1616,327,19,783.6051199999999,327,7.6826189471594155,2.3963459327217125,3,7,0,1,0,0,0,0,0,0,0,0,0,0,0,0,0,0,1
2021-03-29,花叶类,111.308,853.9466,230,19,544.25825,230,7.671924749344162,2.366340217391304,3,1,0,1,0,0,0,0,0,0,0,0,0,0,0,0,0,0,0
2021-03-30,花叶类,130.803,925.849,259,17,603.1358,259,7.078193925215783,2.3287096525096525,3,2,0,1,0,0,0,0,0,0,0,0,0,1,0,0,0,0,0
2021-03-31,花叶类,143.294,1024.061,243,16,640.64944,243,7.146572780437421,2.636417448559671,3,3,0,1,0,0,0,0,0,0,0,0,0,0,1,0,0,0,0
2021-04-01,花叶类,159.915,1120.0096,309,20,761.13394,309,7.003780758527969,2.4632166343042075,4,4,0,0,1,0,0,0,0,0,0,0,0,0,0,1,0,0,0
2021-04-02,花叶类,175.184,1198.7654,356,23,851.39519,356,6.8428931865923825,2.39155952247191,4,5,0,0,1,0,0,0,0,0,0,0,0,0,0,0,1,0,0
2021-04-03,花叶类,212.267,1581.0556,427,23,1031.65338,427,7.4484286299801665,2.416050070257611,4,6,0,0,1,0,0,0,0,0,0,0,0,0,0,0,0,1,0
2021-04-04,花叶类,192.021,1269.6168,371,20,772.43723,371,6.611864327339198,2.082041051212938,4,7,0,0,1,0,0,0,0,0,0,0,0,0,0,0,0,0,1
2021-04-05,花叶类,178.469,1196.6456,347,21,745.0008,347,6.70506138320941,2.146976368876081,4,1,0,0,1,0,0,0,0,0,0,0,0,0,0,0,0,0,0
2021-04-06,花叶类,51.363,298.9352,93,19,196.12558,93,5.820049451940113,2.1088772043010753,4,2,0,0,1,0,0,0,0,0,0,0,0,1,0,0,0,0,0
2021-04-07,花叶类,198.107,1341.5794,354,19,822.28918,354,6.771993922476238,2.322850790960452,4,3,0,0,1,0,0,0,0,0,0,0,0,0,1,0,0,0,0
2021-04-08,花叶类,136.146,838.9802,260,24,520.91204,260,6.162356587780765,2.0035078461538465,4,4,0,0,1,0,0,0,0,0,0,0,0,0,0,1,0,0,0
2021-04-09,花叶类,140.613,974.0776,274,22,624.23727,274,6.927365179606437,2.278238211678832,4,5,0,0,1,0,0,0,0,0,0,0,0,0,0,0,1,0,0
2021-04-10,花叶类,204.156,1306.3310000000001,367,19,816.46435,367,6.3986902172848215,2.224698501362398,4,6,0,0,1,0,0,0,0,0,0,0,0,0,0,0,0,1,0
2021-04-11,花叶类,211.619,1424.2648,420,18,895.70408,420,6.730325726895978,2.132628761904762,4,7,0,0,1,0,0,0,0,0,0,0,0,0,0,0,0,0,1
2021-04-12,花叶类,148.371,944.04,270,17,609.77403,270,6.362698910164385,2.2584223333333333,4,1,0,0,1,0,0,0,0,0,0,0,0,0,0,0,0,0,0
2021-04-13,花叶类,127.207,778.0074,253,17,505.57376999999997,253,6.116073800970073,1.9983152964426876,4,2,0,0,1,0,0,0,0,0,0,0,0,1,0,0,0,0,0
2021-04-14,花叶类,151.83,836.6424,265,21,523.57668,265,5.5103892511361385,1.9757610566037735,4,3,0,0,1,0,0,0,0,0,0,0,0,0,1,0,0,0,0
2021-04-15,花叶类,130.081,742.2238,225,20,457.54397,225,5.705858657298146,2.0335287555555555,4,4,0,0,1,0,0,0,0,0,0,0,0,0,0,1,0,0,0
2021-04-16,花叶类,130.808,701.8084,240,20,436.02414,240,5.365179499724788,1.81676725,4,5,0,0,1,0,0,0,0,0,0,0,0,0,0,0,1,0,0
2021-04-17,花叶类,194.951,1138.454,371,20,705.05686,371,5.839693051074373,1.9004228032345014,4,6,0,0,1,0,0,0,0,0,0,0,0,0,0,0,0,1,0
2021-04-18,花叶类,194.451,1123.6348,368,20,703.93083,368,5.778498439195479,1.912855516304348,4,7,0,0,1,0,0,0,0,0,0,0,0,0,0,0,0,0,1
2021-04-19,花叶类,134.781,762.6614,257,20,485.30347,257,5.658523085598118,1.8883403501945526,4,1,0,0,1,0,0,0,0,0,0,0,0,0,0,0,0,0,0
2021-04-20,花叶类,146.004,815.4694,298,19,525.25102,298,5.585253828662228,1.7625873154362417,4,2,0,0,1,0,0,0,0,0,0,0,0,1,0,0,0,0,0
2021-04-21,花叶类,182.939,849.032,323,18,542.63873,323,4.641066147732305,1.6799960681114552,4,3,0,0,1,0,0,0,0,0,0,0,0,0,1,0,0,0,0
2021-04-22,花叶类,150.806,786.2776,289,18,505.18151,289,5.213834993302654,1.7480329065743945,4,4,0,0,1,0,0,0,0,0,0,0,0,0,0,1,0,0,0
2021-04-23,花叶类,156.392,812.8268,310,17,521.44179,310,5.197368151823623,1.6820702903225806,4,5,0,0,1,0,0,0,0,0,0,0,0,0,0,0,1,0,0
2021-04-24,花叶类,264.803,1347.0164,519,21,849.44534,519,5.086862308961757,1.6366962235067437,4,6,0,0,1,0,0,0,0,0,0,0,0,0,0,0,0,1,0
2021-04-25,花叶类,221.785,1119.8696,387,20,716.27592,387,5.0493477917803276,1.8508421705426357,4,7,0,0,1,0,0,0,0,0,0,0,0,0,0,0,0,0,1
2021-04-26,花叶类,151.258,744.8266,284,20,487.64889999999997,284,4.92421293419191,1.7170735915492956,4,1,0,0,1,0,0,0,0,0,0,0,0,0,0,0,0,0,0
2021-04-27,花叶类,135.216,640.3558,235,19,395.03772,235,4.735799017867708,1.681011574468085,4,2,0,0,1,0,0,0,0,0,0,0,0,1,0,0,0,0,0
2021-04-28,花叶类,125.785,609.4352,242,20,397.69498,242,4.8450546567555755,1.6433676859504132,4,3,0,0,1,0,0,0,0,0,0,0,0,0,1,0,0,0,0
2021-04-29,花叶类,128.457,596.4934000000001,261,20,372.3849,261,4.643525849116826,1.4267620689655174,4,4,0,0,1,0,0,0,0,0,0,0,0,0,0,1,0,0,0
2021-04-30,花叶类,136.111,676.3816,265,19,438.29602,265,4.969338260684295,1.6539472452830188,4,5,0,0,1,0,0,0,0,0,0,0,0,0,0,0,1,0,0
2021-05-01,花叶类,171.826,890.2396,321,20,580.06768,321,5.181052925634072,1.8070644236760125,5,6,0,0,0,1,0,0,0,0,0,0,0,0,0,0,0,1,0
2021-05-02,花叶类,198.544,1065.5776,378,19,696.95727,378,5.366959464904505,1.8438023015873015,5,7,0,0,0,1,0,0,0,0,0,0,0,0,0,0,0,0,1
2021-05-03,花叶类,226.265,1100.4112,424,19,730.24046,424,4.863373478001459,1.7222652358490567,5,1,0,0,0,1,0,0,0,0,0,0,0,0,0,0,0,0,0
2021-05-04,花叶类,200.985,1066.0246,404,19,705.76431,404,5.3040007960793085,1.7469413613861386,5,2,0,0,0,1,0,0,0,0,0,0,0,1,0,0,0,0,0
2021-05-05,花叶类,200.391,990.7908,403,20,649.78242,403,4.944287917122026,1.6123633250620348,5,3,0,0,0,1,0,0,0,0,0,0,0,0,1,0,0,0,0
2021-05-06,花叶类,148.875,808.9754,319,20,545.30923,319,5.4339237615449205,1.7094333228840124,5,4,0,0,0,1,0,0,0,0,0,0,0,0,0,1,0,0,0
2021-05-07,花叶类,147.508,706.4214,300,20,445.90741,300,4.789037882691107,1.4863580333333335,5,5,0,0,0,1,0,0,0,0,0,0,0,0,0,0,1,0,0
2021-05-08,花叶类,160.786,817.532,326,19,532.85686,326,5.0845969176420835,1.634530245398773,5,6,0,0,0,1,0,0,0,0,0,0,0,0,0,0,0,1,0
2021-05-09,花叶类,216.668,1128.83,446,20,688.58091,446,5.209952554138128,1.5439033856502242,5,7,0,0,0,1,0,0,0,0,0,0,0,0,0,0,0,0,1
2021-05-10,花叶类,157.721,646.5558,323,17,458.69973999999996,323,4.09936406692831,1.4201230340557274,5,1,0,0,0,1,0,0,0,0,0,0,0,0,0,0,0,0,0
2021-05-11,花叶类,189.86,730.438,378,17,487.3106,378,3.847245338670599,1.2891814814814815,5,2,0,0,0,1,0,0,0,0,0,0,0,1,0,0,0,0,0
2021-05-12,花叶类,182.519,765.7536,364,21,478.13729,364,4.19547334798021,1.3135639835164836,5,3,0,0,0,1,0,0,0,0,0,0,0,0,1,0,0,0,0
2021-05-13,花叶类,126.864,615.9174,247,18,365.85725,247,4.854942300416194,1.4812034412955466,5,4,0,0,0,1,0,0,0,0,0,0,0,0,0,1,0,0,0
2021-05-14,花叶类,191.116,884.0084,400,20,536.62845,400,4.625507021913393,1.3415711250000002,5,5,0,0,0,1,0,0,0,0,0,0,0,0,0,0,1,0,0
2021-05-15,花叶类,258.278,1169.0012,511,19,682.91963,511,4.526135404486638,1.3364376320939335,5,6,0,0,0,1,0,0,0,0,0,0,0,0,0,0,0,1,0
2021-05-16,花叶类,212.588,1029.1526,415,16,588.40276,415,4.841066287843152,1.4178379759036144,5,7,0,0,0,1,0,0,0,0,0,0,0,0,0,0,0,0,1
2021-05-17,花叶类,176.658,751.529,359,19,434.48645,359,4.25414642982486,1.2102686629526462,5,1,0,0,0,1,0,0,0,0,0,0,0,0,0,0,0,0,0
2021-05-18,花叶类,171.667,755.1496,336,20,436.81952,336,4.398921167143365,1.3000580952380953,5,2,0,0,0,1,0,0,0,0,0,0,0,1,0,0,0,0,0
2021-05-19,花叶类,140.823,591.6644,257,17,352.96389,257,4.201475611228279,1.3734003501945524,5,3,0,0,0,1,0,0,0,0,0,0,0,0,1,0,0,0,0
2021-05-20,花叶类,144.001,632.2808,275,20,362.87359,275,4.390808397163909,1.3195403272727273,5,4,0,0,0,1,0,0,0,0,0,0,0,0,0,1,0,0,0
2021-05-21,花叶类,105.372,473.5946,210,17,266.33399000000003,210,4.4945013855673235,1.2682570952380954,5,5,0,0,0,1,0,0,0,0,0,0,0,0,0,0,1,0,0
2021-05-22,花叶类,190.363,989.5566,407,18,552.86738,407,5.19826121672804,1.358396511056511,5,6,0,0,0,1,0,0,0,0,0,0,0,0,0,0,0,1,0
2021-05-23,花叶类,217.25900000000001,1105.2308,475,15,616.1234900000001,475,5.087157724190942,1.2971020842105265,5,7,0,0,0,1,0,0,0,0,0,0,0,0,0,0,0,0,1
2021-05-24,花叶类,148.831,785.9468,339,17,485.20183000000003,339,5.280800370890474,1.4312738348082596,5,1,0,0,0,1,0,0,0,0,0,0,0,0,0,0,0,0,0
2021-05-25,花叶类,130.325,664.059,284,16,414.40319999999997,284,5.095407634759256,1.4591661971830985,5,2,0,0,0,1,0,0,0,0,0,0,0,1,0,0,0,0,0
2021-05-26,花叶类,164.467,836.8032000000001,355,18,533.70732,355,5.087970231110193,1.5034009014084506,5,3,0,0,0,1,0,0,0,0,0,0,0,0,1,0,0,0,0
2021-05-27,花叶类,145.237,677.9590000000001,280,19,422.5655,280,4.667949627161123,1.5091625,5,4,0,0,0,1,0,0,0,0,0,0,0,0,0,1,0,0,0
2021-05-28,花叶类,123.824,586.6604,248,17,377.57743,248,4.737856958263341,1.5224896370967742,5,5,0,0,0,1,0,0,0,0,0,0,0,0,0,0,1,0,0
2021-05-29,花叶类,180.875,954.1888,338,18,584.08837,338,5.2754045611610225,1.7280721005917161,5,6,0,0,0,1,0,0,0,0,0,0,0,0,0,0,0,1,0
2021-05-30,花叶类,196.236,987.7686,400,17,625.1465499999999,400,5.033574879227054,1.5628663749999998,5,7,0,0,0,1,0,0,0,0,0,0,0,0,0,0,0,0,1
2021-05-31,花叶类,191.98,1014.1018,374,18,660.13675,374,5.282330451088655,1.7650715240641712,5,1,0,0,0,1,0,0,0,0,0,0,0,0,0,0,0,0,0
2021-06-01,花叶类,151.091,773.1038,312,17,520.47027,312,5.116809075325466,1.6681739423076924,6,2,0,0,0,0,1,0,0,0,0,0,0,1,0,0,0,0,0
2021-06-02,花叶类,178.517,895.9152,381,19,589.02003,381,5.018654805984864,1.5459843307086614,6,3,0,0,0,0,1,0,0,0,0,0,0,0,1,0,0,0,0
2021-06-03,花叶类,142.37199999999999,654.9906,299,19,411.29271,299,4.6005576939285815,1.3755609030100335,6,4,0,0,0,0,1,0,0,0,0,0,0,0,0,1,0,0,0
2021-06-04,花叶类,121.093,601.6274,262,16,371.4679,262,4.968308655331026,1.4178164122137404,6,5,0,0,0,0,1,0,0,0,0,0,0,0,0,0,1,0,0
2021-06-05,花叶类,204.287,1054.9114,444,18,648.17591,444,5.163869458164249,1.4598556531531532,6,6,0,0,0,0,1,0,0,0,0,0,0,0,0,0,0,1,0
2021-06-06,花叶类,221.028,1052.837,437,17,615.16077,437,4.763364822556419,1.4076905491990845,6,7,0,0,0,0,1,0,0,0,0,0,0,0,0,0,0,0,1
2021-06-07,花叶类,148.539,805.0144,308,19,463.92394,308,5.419549074653795,1.5062465584415585,6,1,0,0,0,0,1,0,0,0,0,0,0,0,0,0,0,0,0
2021-06-08,花叶类,144.123,686.8376,294,20,410.48317000000003,294,4.765634909070724,1.3962012585034014,6,2,0,0,0,0,1,0,0,0,0,0,0,1,0,0,0,0,0
2021-06-09,花叶类,126.359,715.7282,272,21,426.08278,272,5.664243939885565,1.5664808088235294,6,3,0,0,0,0,1,0,0,0,0,0,0,0,1,0,0,0,0
2021-06-10,花叶类,122.004,711.3776,267,21,389.18063,267,5.830772761548801,1.4576053558052435,6,4,0,0,0,0,1,0,0,0,0,0,0,0,0,1,0,0,0
2021-06-11,花叶类,129.982,789.5222,277,20,442.26713,277,6.074088719976612,1.596632238267148,6,5,0,0,0,0,1,0,0,0,0,0,0,0,0,0,1,0,0
2021-06-12,花叶类,210.267,1237.7112,451,20,701.90212,451,5.886378747021644,1.5563239911308204,6,6,0,0,0,0,1,0,0,0,0,0,0,0,0,0,0,1,0
2021-06-13,花叶类,210.317,1106.005,437,19,655.86796,437,5.258752264438919,1.5008420137299772,6,7,0,0,0,0,1,0,0,0,0,0,0,0,0,0,0,0,1
2021-06-14,花叶类,170.272,873.5112,368,14,511.8259,368,5.130093027626386,1.39083125,6,1,0,0,0,0,1,0,0,0,0,0,0,0,0,0,0,0,0
2021-06-15,花叶类,127.719,643.0562,270,17,382.03246,270,5.034929806841582,1.414935037037037,6,2,0,0,0,0,1,0,0,0,0,0,0,1,0,0,0,0,0
2021-06-16,花叶类,104.588,558.6444,235,15,324.4617,235,5.3413814204306425,1.380688085106383,6,3,0,0,0,0,1,0,0,0,0,0,0,0,1,0,0,0,0
2021-06-17,花叶类,113.507,546.9986,258,16,312.10902,258,4.819073713515466,1.2097248837209302,6,4,0,0,0,0,1,0,0,0,0,0,0,0,0,1,0,0,0
2021-06-18,花叶类,150.875,809.407,308,14,456.13704,308,5.364752278376139,1.4809644155844157,6,5,0,0,0,0,1,0,0,0,0,0,0,0,0,0,1,0,0
2021-06-19,花叶类,203.369,1137.2068,450,16,652.96319,450,5.591839464225127,1.4510293111111112,6,6,0,0,0,0,1,0,0,0,0,0,0,0,0,0,0,1,0
2021-06-20,花叶类,202.307,1083.797,425,16,634.78027,425,5.357189815478456,1.4936006352941176,6,7,0,0,0,0,1,0,0,0,0,0,0,0,0,0,0,0,1
2021-06-21,花叶类,150.07,809.2008,309,15,487.06189,309,5.392155660691677,1.576252071197411,6,1,0,0,0,0,1,0,0,0,0,0,0,0,0,0,0,0,0
2021-06-22,花叶类,126.251,737.1756,265,16,396.82262000000003,265,5.83896840421066,1.497443849056604,6,2,0,0,0,0,1,0,0,0,0,0,0,1,0,0,0,0,0
2021-06-23,花叶类,120.814,713.2432,256,18,419.63944,256,5.90364692833612,1.6392165625,6,3,0,0,0,0,1,0,0,0,0,0,0,0,1,0,0,0,0
2021-06-24,花叶类,125.313,722.073,293,19,424.61421,293,5.762155562471571,1.4491952559726964,6,4,0,0,0,0,1,0,0,0,0,0,0,0,0,1,0,0,0
2021-06-25,花叶类,146.582,880.3358000000001,308,17,534.14961,308,6.005756504891461,1.7342519805194807,6,5,0,0,0,0,1,0,0,0,0,0,0,0,0,0,1,0,0
2021-06-26,花叶类,197.69,1211.443,430,15,714.17697,430,6.127993322879256,1.6608766744186045,6,6,0,0,0,0,1,0,0,0,0,0,0,0,0,0,0,1,0
2021-06-27,花叶类,213.547,1296.8696,456,16,773.25918,456,6.0729937671800585,1.6957438157894738,6,7,0,0,0,0,1,0,0,0,0,0,0,0,0,0,0,0,1
2021-06-28,花叶类,124.892,789.7072000000001,278,17,469.50084,278,6.323120776350768,1.688851942446043,6,1,0,0,0,0,1,0,0,0,0,0,0,0,0,0,0,0,0
2021-06-29,花叶类,110.196,673.6922,244,18,387.39842,244,6.113581255217975,1.5876984426229508,6,2,0,0,0,0,1,0,0,0,0,0,0,1,0,0,0,0,0
2021-06-30,花叶类,125.415,795.0218,282,15,458.68619,282,6.339128493401906,1.6265467730496455,6,3,0,0,0,0,1,0,0,0,0,0,0,0,1,0,0,0,0
2021-07-01,花叶类,148.597,966.3102,334,18,567.2133200000001,334,6.5028917138300235,1.6982434730538924,7,4,0,0,0,0,0,1,0,0,0,0,0,0,0,1,0,0,0
2021-07-02,花叶类,133.047,813.2206,296,17,473.86216,296,6.112280622637114,1.6008856756756757,7,5,0,0,0,0,0,1,0,0,0,0,0,0,0,0,1,0,0
2021-07-03,花叶类,197.925,1228.9836,432,19,707.3629099999999,432,6.209339901477832,1.6374141435185183,7,6,0,0,0,0,0,1,0,0,0,0,0,0,0,0,0,1,0
2021-07-04,花叶类,197.322,1195.2086,414,19,698.21721,414,6.057148214593405,1.686515,7,7,0,0,0,0,0,1,0,0,0,0,0,0,0,0,0,0,1
2021-07-05,花叶类,176.276,1105.9436,382,19,635.71805,382,6.2739317887857675,1.6641833769633507,7,1,0,0,0,0,0,1,0,0,0,0,0,0,0,0,0,0,0
2021-07-06,花叶类,173.864,1063.0446,385,19,622.30949,385,6.114230663046979,1.6163882857142857,7,2,0,0,0,0,0,1,0,0,0,0,0,1,0,0,0,0,0
2021-07-07,花叶类,149.514,865.4684,317,19,522.59559,317,5.788544216595101,1.6485665299684542,7,3,0,0,0,0,0,1,0,0,0,0,0,0,1,0,0,0,0
2021-07-08,花叶类,143.491,860.8002,299,18,503.29547,299,5.9989839083984355,1.683262441471572,7,4,0,0,0,0,0,1,0,0,0,0,0,0,0,1,0,0,0
2021-07-09,花叶类,114.966,726.2382,260,17,413.50282,260,6.316982412191431,1.5903954615384615,7,5,0,0,0,0,0,1,0,0,0,0,0,0,0,0,1,0,0
2021-07-10,花叶类,149.909,915.308,305,19,491.71131,305,6.105757492879014,1.6121682295081967,7,6,0,0,0,0,0,1,0,0,0,0,0,0,0,0,0,1,0
2021-07-11,花叶类,159.268,963.402,322,17,531.6153,322,6.048936383956602,1.650979192546584,7,7,0,0,0,0,0,1,0,0,0,0,0,0,0,0,0,0,1
2021-07-12,花叶类,113.732,696.778,233,17,407.56778,233,6.126490345725038,1.7492179399141632,7,1,0,0,0,0,0,1,0,0,0,0,0,0,0,0,0,0,0
2021-07-13,花叶类,125.696,836.301,254,15,474.19067,254,6.6533620799389,1.8668924015748032,7,2,0,0,0,0,0,1,0,0,0,0,0,1,0,0,0,0,0
2021-07-14,花叶类,127.959,677.3820000000001,264,16,358.86091999999996,264,5.293742526903149,1.3593216666666665,7,3,0,0,0,0,0,1,0,0,0,0,0,0,1,0,0,0,0
2021-07-15,花叶类,113.94200000000001,686.1154,220,17,389.86596000000003,220,6.021619771462674,1.772118,7,4,0,0,0,0,0,1,0,0,0,0,0,0,0,1,0,0,0
2021-07-16,花叶类,236.055,1379.338,502,16,747.76461,502,5.843290758509669,1.48957093625498,7,5,0,0,0,0,0,1,0,0,0,0,0,0,0,0,1,0,0
2021-07-17,花叶类,223.655,1427.3442,486,17,806.24596,486,6.3819015895016875,1.6589423045267488,7,6,0,0,0,0,0,1,0,0,0,0,0,0,0,0,0,1,0
2021-07-18,花叶类,230.327,1379.9988,486,20,801.80126,486,5.991476466067808,1.64979683127572,7,7,0,0,0,0,0,1,0,0,0,0,0,0,0,0,0,0,1
2021-07-19,花叶类,172.294,1081.8358,367,17,621.97476,367,6.279010296353906,1.6947541144414167,7,1,0,0,0,0,0,1,0,0,0,0,0,0,0,0,0,0,0
2021-07-20,花叶类,152.362,988.2304,311,20,555.46403,311,6.4860687047951595,1.7860579742765272,7,2,0,0,0,0,0,1,0,0,0,0,0,1,0,0,0,0,0
2021-07-21,花叶类,152.653,976.6402,327,22,555.2549300000001,327,6.397779277184203,1.6980273088685016,7,3,0,0,0,0,0,1,0,0,0,0,0,0,1,0,0,0,0
2021-07-22,花叶类,154.625,1038.613,327,22,563.7747800000001,327,6.716979789814067,1.724081896024465,7,4,0,0,0,0,0,1,0,0,0,0,0,0,0,1,0,0,0
2021-07-23,花叶类,150.636,975.7726,328,20,535.64744,328,6.477685281074909,1.633071463414634,7,5,0,0,0,0,0,1,0,0,0,0,0,0,0,0,1,0,0
2021-07-24,花叶类,206.036,1337.4462,432,16,748.26193,432,6.491322875613971,1.732087800925926,7,6,0,0,0,0,0,1,0,0,0,0,0,0,0,0,0,1,0
2021-07-25,花叶类,248.368,1559.6314,517,16,935.49554,517,6.279518295432584,1.8094691295938106,7,7,0,0,0,0,0,1,0,0,0,0,0,0,0,0,0,0,1
2021-07-26,花叶类,154.647,984.0568,357,16,577.61551,357,6.363245326453148,1.6179706162464986,7,1,0,0,0,0,0,1,0,0,0,0,0,0,0,0,0,0,0
2021-07-27,花叶类,189.082,1108.737,383,17,663.71012,383,5.8637892554553055,1.732924595300261,7,2,0,0,0,0,0,1,0,0,0,0,0,1,0,0,0,0,0
2021-07-28,花叶类,205.803,1317.1194,413,19,791.36123,413,6.39990379148992,1.9161288861985473,7,3,0,0,0,0,0,1,0,0,0,0,0,0,1,0,0,0,0
2021-07-29,花叶类,193.613,1300.9928,399,17,798.25725,399,6.719552922582678,2.0006447368421054,7,4,0,0,0,0,0,1,0,0,0,0,0,0,0,1,0,0,0
2021-07-30,花叶类,214.155,1472.2514,412,20,868.6255100000001,412,6.874700100394574,2.108314344660194,7,5,0,0,0,0,0,1,0,0,0,0,0,0,0,0,1,0,0
2021-07-31,花叶类,255.633,1735.4950000000001,492,19,1003.35983,492,6.789010026092093,2.0393492479674795,7,6,0,0,0,0,0,1,0,0,0,0,0,0,0,0,0,1,0
2021-08-01,花叶类,247.075,1663.3868,501,18,969.1646000000001,501,6.732315288879895,1.9344602794411179,8,7,0,0,0,0,0,0,1,0,0,0,0,0,0,0,0,0,1
2021-08-02,花叶类,281.264,1879.2524,545,16,1067.13064,545,6.681453723192446,1.9580378715596332,8,1,0,0,0,0,0,0,1,0,0,0,0,0,0,0,0,0,0
2021-08-03,花叶类,264.825,1646.6174,473,18,938.85339,473,6.217756631737941,1.98489088794926,8,2,0,0,0,0,0,0,1,0,0,0,0,1,0,0,0,0,0
2021-08-04,花叶类,313.269,1981.2976,594,15,1165.11302,594,6.324588771949986,1.9614697306397306,8,3,0,0,0,0,0,0,1,0,0,0,0,0,1,0,0,0,0
2021-08-05,花叶类,244.992,1566.3924,510,16,925.75222,510,6.393647139498433,1.815200431372549,8,4,0,0,0,0,0,0,1,0,0,0,0,0,0,1,0,0,0
2021-08-06,花叶类,189.756,1238.855,405,17,749.81678,405,6.528673665127848,1.8513994567901235,8,5,0,0,0,0,0,0,1,0,0,0,0,0,0,0,1,0,0
2021-08-07,花叶类,232.089,1516.8392,501,16,899.24066,501,6.535592811378393,1.7948915369261478,8,6,0,0,0,0,0,0,1,0,0,0,0,0,0,0,0,1,0
2021-08-08,花叶类,265.313,1848.8332,534,17,1085.10313,534,6.968498339696887,2.0320283333333333,8,7,0,0,0,0,0,0,1,0,0,0,0,0,0,0,0,0,1
2021-08-09,花叶类,234.344,1618.7516,444,17,944.24291,444,6.907587136858636,2.1266732207207206,8,1,0,0,0,0,0,0,1,0,0,0,0,0,0,0,0,0,0
2021-08-10,花叶类,193.189,1428.8936,421,17,810.83641,421,7.396350723902501,1.925977220902613,8,2,0,0,0,0,0,0,1,0,0,0,0,1,0,0,0,0,0
2021-08-11,花叶类,225.45,1570.7226,434,16,910.63705,434,6.967055222887558,2.0982420506912445,8,3,0,0,0,0,0,0,1,0,0,0,0,0,1,0,0,0,0
2021-08-12,花叶类,232.855,1569.154,461,17,929.86541,461,6.738760172639626,2.0170616268980477,8,4,0,0,0,0,0,0,1,0,0,0,0,0,0,1,0,0,0
2021-08-13,花叶类,256.322,1792.7274,523,17,1093.3541,523,6.994044210017088,2.090543212237094,8,5,0,0,0,0,0,0,1,0,0,0,0,0,0,0,1,0,0
2021-08-14,花叶类,254.376,1779.0426,515,17,1071.94716,515,6.993751769034814,2.0814507961165045,8,6,0,0,0,0,0,0,1,0,0,0,0,0,0,0,0,1,0
2021-08-15,花叶类,241.663,1758.9154,506,15,1038.87495,506,7.27838105129871,2.0531125494071145,8,7,0,0,0,0,0,0,1,0,0,0,0,0,0,0,0,0,1
2021-08-16,花叶类,164.836,1262.7722,351,18,749.68632,351,7.660779198718727,2.1358584615384615,8,1,0,0,0,0,0,0,1,0,0,0,0,0,0,0,0,0,0
2021-08-17,花叶类,171.909,1335.0646,380,13,798.19562,380,7.766112303602488,2.100514789473684,8,2,0,0,0,0,0,0,1,0,0,0,0,1,0,0,0,0,0
2021-08-18,花叶类,175.453,1328.3068,364,17,806.0572,364,7.5707272032966095,2.214442857142857,8,3,0,0,0,0,0,0,1,0,0,0,0,0,1,0,0,0,0
2021-08-19,花叶类,181.549,1417.654,353,17,853.03744,353,7.80865771775113,2.416536657223796,8,4,0,0,0,0,0,0,1,0,0,0,0,0,0,1,0,0,0
2021-08-20,花叶类,191.812,1425.9132,369,18,853.20835,369,7.4339102871561735,2.312217750677507,8,5,0,0,0,0,0,0,1,0,0,0,0,0,0,0,1,0,0
2021-08-21,花叶类,229.468,1734.0602,482,17,1037.61688,482,7.556871546359405,2.1527321161825728,8,6,0,0,0,0,0,0,1,0,0,0,0,0,0,0,0,1,0
2021-08-22,花叶类,270.754,2015.621,552,16,1202.89867,552,7.444473581184396,2.1791642572463767,8,7,0,0,0,0,0,0,1,0,0,0,0,0,0,0,0,0,1
2021-08-23,花叶类,167.374,1268.273,341,15,734.9783,341,7.57747917836701,2.1553615835777125,8,1,0,0,0,0,0,0,1,0,0,0,0,0,0,0,0,0,0
2021-08-24,花叶类,153.012,1226.313,320,16,719.44843,320,8.014489059681594,2.24827634375,8,2,0,0,0,0,0,0,1,0,0,0,0,1,0,0,0,0,0
2021-08-25,花叶类,137.216,1198.446,314,14,718.19363,314,8.734010611007461,2.2872408598726115,8,3,0,0,0,0,0,0,1,0,0,0,0,0,1,0,0,0,0
2021-08-26,花叶类,248.505,1920.1194,493,16,1171.4229599999999,493,7.726683165328666,2.376111480730223,8,4,0,0,0,0,0,0,1,0,0,0,0,0,0,1,0,0,0
2021-08-27,花叶类,259.053,1971.2064,500,16,1186.38359,500,7.609278410209494,2.37276718,8,5,0,0,0,0,0,0,1,0,0,0,0,0,0,0,1,0,0
2021-08-28,花叶类,244.915,1784.108,470,17,1088.54008,470,7.2846007798624015,2.316042723404255,8,6,0,0,0,0,0,0,1,0,0,0,0,0,0,0,0,1,0
2021-08-29,花叶类,229.082,1771.7462,479,17,1120.11825,479,7.7341135488602335,2.3384514613778706,8,7,0,0,0,0,0,0,1,0,0,0,0,0,0,0,0,0,1
2021-08-30,花叶类,178.587,1399.7246,376,17,894.4554899999999,376,7.837774306080511,2.378870984042553,8,1,0,0,0,0,0,0,1,0,0,0,0,0,0,0,0,0,0
2021-08-31,花叶类,165.821,1290.6386,346,17,827.70549,346,7.783324186924455,2.392212398843931,8,2,0,0,0,0,0,0,1,0,0,0,0,1,0,0,0,0,0
2021-09-01,花叶类,143.034,1128.3982,293,18,695.32861,293,7.889020792259184,2.3731351877133107,9,3,0,0,0,0,0,0,0,1,0,0,0,0,1,0,0,0,0
2021-09-02,花叶类,136.439,1127.1944,269,18,680.83334,269,8.261526396411584,2.5309789591078067,9,4,0,0,0,0,0,0,0,1,0,0,0,0,0,1,0,0,0
2021-09-03,花叶类,129.696,1073.351,260,18,649.1547,260,8.275899025413276,2.4967488461538463,9,5,0,0,0,0,0,0,0,1,0,0,0,0,0,0,1,0,0
2021-09-04,花叶类,184.978,1497.77,364,18,911.3610600000001,364,8.09701694255533,2.503739175824176,9,6,0,0,0,0,0,0,0,1,0,0,0,0,0,0,0,1,0
2021-09-05,花叶类,200.836,1580.4802,376,18,959.28615,376,7.869506462984723,2.5512929521276595,9,7,0,0,0,0,0,0,0,1,0,0,0,0,0,0,0,0,1
2021-09-06,花叶类,184.637,1522.042,343,18,943.08125,343,8.243428998521424,2.7495080174927113,9,1,0,0,0,0,0,0,0,1,0,0,0,0,0,0,0,0,0
2021-09-07,花叶类,152.285,1295.5886,283,18,807.0718400000001,283,8.507657352989462,2.8518439575971732,9,2,0,0,0,0,0,0,0,1,0,0,0,1,0,0,0,0,0
2021-09-08,花叶类,144.871,1170.2862,290,17,718.36681,290,8.078126056974826,2.4771269310344826,9,3,0,0,0,0,0,0,0,1,0,0,0,0,1,0,0,0,0
2021-09-09,花叶类,97.642,835.5844,200,18,508.82677,200,8.557632985805288,2.54413385,9,4,0,0,0,0,0,0,0,1,0,0,0,0,0,1,0,0,0
2021-09-10,花叶类,118.052,982.163,237,18,591.65264,237,8.319748924202893,2.496424641350211,9,5,0,0,0,0,0,0,0,1,0,0,0,0,0,0,1,0,0
2021-09-11,花叶类,216.04,1881.1184,441,18,1200.24981,441,8.707269024254769,2.721654897959184,9,6,0,0,0,0,0,0,0,1,0,0,0,0,0,0,0,1,0
2021-09-12,花叶类,256.442,2201.1678,551,18,1469.19759,551,8.583491783717177,2.6664203085299456,9,7,0,0,0,0,0,0,0,1,0,0,0,0,0,0,0,0,1
2021-09-13,花叶类,122.525,980.4632,253,18,589.39675,253,8.002148133034074,2.3296314229249013,9,1,0,0,0,0,0,0,0,1,0,0,0,0,0,0,0,0,0
2021-09-14,花叶类,131.435,1129.532,294,18,692.62684,294,8.593844866283714,2.3558736054421767,9,2,0,0,0,0,0,0,0,1,0,0,0,1,0,0,0,0,0
2021-09-15,花叶类,126.204,1055.373,292,20,654.40612,292,8.362437006750975,2.2411168493150684,9,3,0,0,0,0,0,0,0,1,0,0,0,0,1,0,0,0,0
2021-09-16,花叶类,77.672,663.0808,197,19,398.37199,197,8.536934802760324,2.0221928426395936,9,4,0,0,0,0,0,0,0,1,0,0,0,0,0,1,0,0,0
2021-09-17,花叶类,126.071,1090.0006,282,19,658.49536,282,8.64592650173315,2.335089929078014,9,5,0,0,0,0,0,0,0,1,0,0,0,0,0,0,1,0,0
2021-09-18,花叶类,124.031,1007.6168,270,19,599.74055,270,8.123910957744435,2.221261296296296,9,6,0,0,0,0,0,0,0,1,0,0,0,0,0,0,0,1,0
2021-09-19,花叶类,195.799,1683.458,425,19,991.50358,425,8.597888651116707,2.3329496,9,7,0,0,0,0,0,0,0,1,0,0,0,0,0,0,0,0,1
2021-09-20,花叶类,201.146,1699.4,416,20,1008.44657,416,8.448589581696877,2.424150408653846,9,1,0,0,0,0,0,0,0,1,0,0,0,0,0,0,0,0,0
2021-09-21,花叶类,213.26,1762.589,467,19,1048.90742,467,8.264977023351777,2.24605443254818,9,2,0,0,0,0,0,0,0,1,0,0,0,1,0,0,0,0,0
2021-09-22,花叶类,121.518,1044.475,280,18,610.82199,280,8.595228690399775,2.181507107142857,9,3,0,0,0,0,0,0,0,1,0,0,0,0,1,0,0,0,0
2021-09-23,花叶类,93.684,773.2886,204,18,458.68154,204,8.25422270611844,2.2484389215686273,9,4,0,0,0,0,0,0,0,1,0,0,0,0,0,1,0,0,0
2021-09-24,花叶类,101.849,812.3296,239,17,486.42269,239,7.975823032135809,2.035241380753138,9,5,0,0,0,0,0,0,0,1,0,0,0,0,0,0,1,0,0
2021-09-25,花叶类,170.897,1404.864,399,18,838.00701,399,8.220530494976506,2.100268195488722,9,6,0,0,0,0,0,0,0,1,0,0,0,0,0,0,0,1,0
2021-09-26,花叶类,150.342,1179.8736,342,18,705.91846,342,7.847930717963043,2.064089064327485,9,7,0,0,0,0,0,0,0,1,0,0,0,0,0,0,0,0,1
2021-09-27,花叶类,93.809,715.0326,220,18,430.9241,220,7.622217484463111,1.9587459090909092,9,1,0,0,0,0,0,0,0,1,0,0,0,0,0,0,0,0,0
2021-09-28,花叶类,100.088,769.4224,228,17,458.99788,228,7.687459036048279,2.013148596491228,9,2,0,0,0,0,0,0,0,1,0,0,0,1,0,0,0,0,0
2021-09-29,花叶类,106.577,857.554,245,18,486.75518,245,8.046332698424614,1.9867558367346938,9,3,0,0,0,0,0,0,0,1,0,0,0,0,1,0,0,0,0
2021-09-30,花叶类,102.48,805.0632,238,18,458.03216000000003,238,7.8558079625292745,1.92450487394958,9,4,0,0,0,0,0,0,0,1,0,0,0,0,0,1,0,0,0
2021-10-01,花叶类,193.343,1542.5834,445,17,905.93023,445,7.978480731135857,2.0357982696629215,10,5,0,0,0,0,0,0,0,0,1,0,0,0,0,0,1,0,0
2021-10-02,花叶类,151.125,1153.4016,327,17,698.3444000000001,327,7.632103225806451,2.135609785932722,10,6,0,0,0,0,0,0,0,0,1,0,0,0,0,0,0,1,0
2021-10-03,花叶类,159.787,1218.3648,348,18,692.15203,348,7.624930688979704,1.9889426149425287,10,7,0,0,0,0,0,0,0,0,1,0,0,0,0,0,0,0,1
2021-10-04,花叶类,148.289,1130.069,323,17,692.6991,323,7.620720350127117,2.1445792569659443,10,1,0,0,0,0,0,0,0,0,1,0,0,0,0,0,0,0,0
2021-10-05,花叶类,163.77100000000002,1306.8678,352,16,783.46985,352,7.979848691160217,2.2257666193181818,10,2,0,0,0,0,0,0,0,0,1,0,0,1,0,0,0,0,0
2021-10-06,花叶类,238.92,1877.9634,523,18,1117.85782,523,7.860218483174285,2.137395449330784,10,3,0,0,0,0,0,0,0,0,1,0,0,0,1,0,0,0,0
2021-10-07,花叶类,162.889,1212.015,376,19,717.6461,376,7.4407418548827735,1.9086332446808512,10,4,0,0,0,0,0,0,0,0,1,0,0,0,0,1,0,0,0
2021-10-08,花叶类,118.176,866.4694,273,17,512.33703,273,7.332025115082589,1.8766924175824178,10,5,0,0,0,0,0,0,0,0,1,0,0,0,0,0,1,0,0
2021-10-09,花叶类,114.522,961.9772,280,19,546.36031,280,8.399933637205079,1.9512868214285715,10,6,0,0,0,0,0,0,0,0,1,0,0,0,0,0,0,1,0
2021-10-10,花叶类,230.913,1948.3524,532,17,1146.02222,532,8.437603772849513,2.154177105263158,10,7,0,0,0,0,0,0,0,0,1,0,0,0,0,0,0,0,1
2021-10-11,花叶类,79.294,632.7748,196,18,389.79612,196,7.980109466037784,1.9887557142857142,10,1,0,0,0,0,0,0,0,0,1,0,0,0,0,0,0,0,0
2021-10-12,花叶类,91.045,753.9646,220,16,432.40428,220,8.281230160909441,1.9654740000000002,10,2,0,0,0,0,0,0,0,0,1,0,0,1,0,0,0,0,0
2021-10-13,花叶类,83.911,641.4564,195,17,373.44554,195,7.644485228396754,1.9151053333333332,10,3,0,0,0,0,0,0,0,0,1,0,0,0,1,0,0,0,0
2021-10-14,花叶类,72.134,646.1236,184,19,394.7582,184,8.957268417112596,2.145425,10,4,0,0,0,0,0,0,0,0,1,0,0,0,0,1,0,0,0
2021-10-15,花叶类,135.347,1331.5452,294,19,820.94657,294,9.838010447220846,2.7923352721088435,10,5,0,0,0,0,0,0,0,0,1,0,0,0,0,0,1,0,0
2021-10-16,花叶类,210.037,1943.219,487,19,1190.18877,487,9.251793731580626,2.4439194455852156,10,6,0,0,0,0,0,0,0,0,1,0,0,0,0,0,0,1,0
2021-10-17,花叶类,148.676,1430.505,353,20,872.26845,353,9.621626893378892,2.4710154390934846,10,7,0,0,0,0,0,0,0,0,1,0,0,0,0,0,0,0,1
2021-10-18,花叶类,84.784,795.0074000000001,204,17,492.10825,204,9.376856482355162,2.412295343137255,10,1,0,0,0,0,0,0,0,0,1,0,0,0,0,0,0,0,0
2021-10-19,花叶类,78.684,687.9512,184,18,416.51809,184,8.743215901581008,2.2636852717391305,10,2,0,0,0,0,0,0,0,0,1,0,0,1,0,0,0,0,0
2021-10-20,花叶类,109.339,1102.1848,260,18,660.30038,260,10.080436074959529,2.539616846153846,10,3,0,0,0,0,0,0,0,0,1,0,0,0,1,0,0,0,0
2021-10-21,花叶类,79.858,825.327,188,17,485.08429,188,10.334932004307646,2.580235585106383,10,4,0,0,0,0,0,0,0,0,1,0,0,0,0,1,0,0,0
2021-10-22,花叶类,75.936,759.924,179,16,447.91624,179,10.007427307206067,2.5023253631284916,10,5,0,0,0,0,0,0,0,0,1,0,0,0,0,0,1,0,0
2021-10-23,花叶类,100.678,1074.8462,246,17,619.11637,246,10.676078189872664,2.5167332113821135,10,6,0,0,0,0,0,0,0,0,1,0,0,0,0,0,0,1,0
2021-10-24,花叶类,101.014,1038.1104,240,16,614.29736,240,10.27689627180391,2.5595723333333336,10,7,0,0,0,0,0,0,0,0,1,0,0,0,0,0,0,0,1
2021-10-25,花叶类,48.556,479.7944,119,16,305.36851,119,9.881258752780296,2.5661219327731093,10,1,0,0,0,0,0,0,0,0,1,0,0,0,0,0,0,0,0
2021-10-26,花叶类,66.948,680.849,168,16,440.1418,168,10.1698183664934,2.6198916666666667,10,2,0,0,0,0,0,0,0,0,1,0,0,1,0,0,0,0,0
2021-10-27,花叶类,63.042,578.8348,144,15,362.84752000000003,144,9.18173281304527,2.5197744444444448,10,3,0,0,0,0,0,0,0,0,1,0,0,0,1,0,0,0,0
2021-10-28,花叶类,52.952,520.781,117,16,328.46329000000003,117,9.834963740746336,2.8073785470085473,10,4,0,0,0,0,0,0,0,0,1,0,0,0,0,1,0,0,0
2021-10-29,花叶类,70.022,728.7726,167,16,465.87753,167,10.407766130644655,2.789685808383233,10,5,0,0,0,0,0,0,0,0,1,0,0,0,0,0,1,0,0
2021-10-30,花叶类,98.538,892.4398,214,17,586.04122,214,9.056808540867483,2.7385103738317755,10,6,0,0,0,0,0,0,0,0,1,0,0,0,0,0,0,1,0
2021-10-31,花叶类,78.795,734.791,211,16,505.69392,211,9.325350593311759,2.3966536492890995,10,7,0,0,0,0,0,0,0,0,1,0,0,0,0,0,0,0,1
2021-11-01,花叶类,60.969,564.2226,158,16,379.94978,158,9.254253801112041,2.4047454430379744,11,1,0,0,0,0,0,0,0,0,0,1,0,0,0,0,0,0,0
2021-11-02,花叶类,67.422,512.5218,163,17,325.04377,163,7.601699741924001,1.9941335582822086,11,2,0,0,0,0,0,0,0,0,0,1,0,1,0,0,0,0,0
2021-11-03,花叶类,50.06,389.521,125,17,254.89469,125,7.7810827007590895,2.03915752,11,3,0,0,0,0,0,0,0,0,0,1,0,0,1,0,0,0,0
2021-11-04,花叶类,62.916,475.293,144,14,294.0549,144,7.5544058744993325,2.0420479166666663,11,4,0,0,0,0,0,0,0,0,0,1,0,0,0,1,0,0,0
2021-11-05,花叶类,82.06,568.7416000000001,193,17,360.5149,193,6.930801852303193,1.8679528497409328,11,5,0,0,0,0,0,0,0,0,0,1,0,0,0,0,1,0,0
2021-11-06,花叶类,108.548,903.357,261,16,544.10324,261,8.322189261893355,2.0846867432950194,11,6,0,0,0,0,0,0,0,0,0,1,0,0,0,0,0,1,0
2021-11-07,花叶类,145.887,1285.215,362,15,754.40368,362,8.809660901930945,2.0839880662983425,11,7,0,0,0,0,0,0,0,0,0,1,0,0,0,0,0,0,1
2021-11-08,花叶类,66.376,526.511,163,18,300.55365,163,7.932249608292152,1.8438874233128835,11,1,0,0,0,0,0,0,0,0,0,1,0,0,0,0,0,0,0
2021-11-09,花叶类,44.867,372.216,112,17,199.93290000000002,112,8.295985913923374,1.7851151785714288,11,2,0,0,0,0,0,0,0,0,0,1,0,1,0,0,0,0,0
2021-11-10,花叶类,49.063,364.34000000000003,128,15,198.40285,128,7.4259625379613965,1.550022265625,11,3,0,0,0,0,0,0,0,0,0,1,0,0,1,0,0,0,0
2021-11-11,花叶类,48.787,417.418,122,17,224.0666,122,8.555926783774366,1.836611475409836,11,4,0,0,0,0,0,0,0,0,0,1,0,0,0,1,0,0,0
2021-11-12,花叶类,49.34,370.335,120,15,200.23336,120,7.505776246453181,1.6686113333333334,11,5,0,0,0,0,0,0,0,0,0,1,0,0,0,0,1,0,0
2021-11-13,花叶类,69.273,555.374,159,15,323.17198,159,8.017178410058754,2.032528176100629,11,6,0,0,0,0,0,0,0,0,0,1,0,0,0,0,0,1,0
2021-11-14,花叶类,92.941,796.326,229,16,485.36311,229,8.568080825469922,2.119489563318777,11,7,0,0,0,0,0,0,0,0,0,1,0,0,0,0,0,0,1
2021-11-15,花叶类,42.62,349.285,102,14,209.40947,102,8.195330830595966,2.053034019607843,11,1,0,0,0,0,0,0,0,0,0,1,0,0,0,0,0,0,0
2021-11-16,花叶类,44.875,353.245,108,14,216.17950000000002,108,7.871754874651811,2.001662037037037,11,2,0,0,0,0,0,0,0,0,0,1,0,1,0,0,0,0,0
2021-11-17,花叶类,39.852,333.755,104,15,198.69471000000001,104,8.374861989360635,1.9105260576923078,11,3,0,0,0,0,0,0,0,0,0,1,0,0,1,0,0,0,0
2021-11-18,花叶类,38.199,316.61039999999997,95,16,186.42398,95,8.288447341553443,1.9623576842105264,11,4,0,0,0,0,0,0,0,0,0,1,0,0,0,1,0,0,0
2021-11-19,花叶类,32.88,261.829,87,15,149.81417,87,7.963169099756691,1.7220019540229885,11,5,0,0,0,0,0,0,0,0,0,1,0,0,0,0,1,0,0
2021-11-20,花叶类,82.762,590.131,189,18,352.6376,189,7.130458422947729,1.8658074074074076,11,6,0,0,0,0,0,0,0,0,0,1,0,0,0,0,0,1,0
2021-11-21,花叶类,76.338,582.9242,196,16,354.74386,196,7.636094736566324,1.8099176530612244,11,7,0,0,0,0,0,0,0,0,0,1,0,0,0,0,0,0,1
2021-11-22,花叶类,42.247,389.7362,96,14,221.02235,96,9.225180486188368,2.302316145833333,11,1,0,0,0,0,0,0,0,0,0,1,0,0,0,0,0,0,0
2021-11-23,花叶类,55.622,415.019,130,15,243.73575,130,7.461418143899896,1.8748903846153846,11,2,0,0,0,0,0,0,0,0,0,1,0,1,0,0,0,0,0
2021-11-24,花叶类,39.991,280.052,93,13,164.03511,93,7.002875647020581,1.7638183870967743,11,3,0,0,0,0,0,0,0,0,0,1,0,0,1,0,0,0,0
2021-11-25,花叶类,44.906,332.2348,103,14,193.3072,103,7.398450095755579,1.876768932038835,11,4,0,0,0,0,0,0,0,0,0,1,0,0,0,1,0,0,0
2021-11-26,花叶类,39.951,292.7036,98,14,172.02815999999999,98,7.326565042176666,1.755389387755102,11,5,0,0,0,0,0,0,0,0,0,1,0,0,0,0,1,0,0
2021-11-27,花叶类,60.563,395.9572,153,13,244.19731000000002,153,6.537939005663524,1.5960608496732027,11,6,0,0,0,0,0,0,0,0,0,1,0,0,0,0,0,1,0
2021-11-28,花叶类,68.866,438.5374,170,14,263.98361,170,6.367981297011587,1.5528447647058823,11,7,0,0,0,0,0,0,0,0,0,1,0,0,0,0,0,0,1
2021-11-29,花叶类,51.267,287.5984,121,13,173.62531,121,5.60981528078491,1.434919917355372,11,1,0,0,0,0,0,0,0,0,0,1,0,0,0,0,0,0,0
2021-11-30,花叶类,35.867,230.1816,95,13,134.63351,95,6.417642958708563,1.4171948421052631,11,2,0,0,0,0,0,0,0,0,0,1,0,1,0,0,0,0,0
2021-12-01,花叶类,74.607,437.6672,170,14,285.28918,170,5.866302089616256,1.6781716470588235,12,3,0,0,0,0,0,0,0,0,0,0,1,0,1,0,0,0,0
2021-12-02,花叶类,58.359,309.54200000000003,130,15,204.17558,130,5.304100481502425,1.5705813846153847,12,4,0,0,0,0,0,0,0,0,0,0,1,0,0,1,0,0,0
2021-12-03,花叶类,73.847,394.2322,159,15,270.10543,159,5.338499871355641,1.6987762893081761,12,5,0,0,0,0,0,0,0,0,0,0,1,0,0,0,1,0,0
2021-12-04,花叶类,93.905,571.4062,220,13,382.45694000000003,220,6.084939034130238,1.7384406363636364,12,6,0,0,0,0,0,0,0,0,0,0,1,0,0,0,0,1,0
2021-12-05,花叶类,115.184,678.942,269,14,449.69102,269,5.894412418391443,1.6717138289962825,12,7,0,0,0,0,0,0,0,0,0,0,1,0,0,0,0,0,1
2021-12-06,花叶类,62.656,428.08480000000003,154,13,259.98278,154,6.8323033707865175,1.6881998701298702,12,1,0,0,0,0,0,0,0,0,0,0,1,0,0,0,0,0,0
2021-12-07,花叶类,63.263,396.13280000000003,158,14,256.13266,158,6.261682183898962,1.6210927848101264,12,2,0,0,0,0,0,0,0,0,0,0,1,1,0,0,0,0,0
2021-12-08,花叶类,70.377,414.1696,152,15,277.46696000000003,152,5.885013569774216,1.8254405263157896,12,3,0,0,0,0,0,0,0,0,0,0,1,0,1,0,0,0,0
2021-12-09,花叶类,57.675,328.8956,139,14,220.20795999999999,139,5.702567837017773,1.5842299280575538,12,4,0,0,0,0,0,0,0,0,0,0,1,0,0,1,0,0,0
2021-12-10,花叶类,68.296,387.6958,166,14,254.71349,166,5.676698488930537,1.5344186144578313,12,5,0,0,0,0,0,0,0,0,0,0,1,0,0,0,1,0,0
2021-12-11,花叶类,141.287,837.066,336,15,534.14689,336,5.924579048320086,1.589722886904762,12,6,0,0,0,0,0,0,0,0,0,0,1,0,0,0,0,1,0
2021-12-12,花叶类,116.349,699.8226,279,15,445.27326,279,6.014857024985173,1.595961505376344,12,7,0,0,0,0,0,0,0,0,0,0,1,0,0,0,0,0,1
2021-12-13,花叶类,61.915,340.7078,147,13,211.56911,147,5.502831300977147,1.4392456462585033,12,1,0,0,0,0,0,0,0,0,0,0,1,0,0,0,0,0,0
2021-12-14,花叶类,66.116,391.4882,149,13,223.99925,149,5.921232379454293,1.5033506711409395,12,2,0,0,0,0,0,0,0,0,0,0,1,1,0,0,0,0,0
2021-12-15,花叶类,83.666,451.6702,170,15,278.67898,170,5.398491621447183,1.639288117647059,12,3,0,0,0,0,0,0,0,0,0,0,1,0,1,0,0,0,0
2021-12-16,花叶类,85.528,387.46840000000003,162,19,224.42324,162,4.530310541577028,1.3853286419753086,12,4,0,0,0,0,0,0,0,0,0,0,1,0,0,1,0,0,0
2021-12-17,花叶类,92.564,438.6978,171,19,259.12681,171,4.739399766647941,1.515361461988304,12,5,0,0,0,0,0,0,0,0,0,0,1,0,0,0,1,0,0
2021-12-18,花叶类,105.588,501.2772,240,13,306.50124999999997,240,4.7474826684850555,1.2770885416666666,12,6,0,0,0,0,0,0,0,0,0,0,1,0,0,0,0,1,0
2021-12-19,花叶类,142.167,624.0972,279,15,387.91603,279,4.389887948680074,1.3903800358422937,12,7,0,0,0,0,0,0,0,0,0,0,1,0,0,0,0,0,1
2021-12-20,花叶类,81.83200000000001,340.834,171,15,209.88325,171,4.165045458989148,1.2273874269005849,12,1,0,0,0,0,0,0,0,0,0,0,1,0,0,0,0,0,0
2021-12-21,花叶类,71.006,293.738,153,13,180.00814,153,4.13680534039377,1.1765237908496733,12,2,0,0,0,0,0,0,0,0,0,0,1,1,0,0,0,0,0
2021-12-22,花叶类,69.896,336.245,148,13,202.97216,148,4.8106472473389035,1.3714335135135136,12,3,0,0,0,0,0,0,0,0,0,0,1,0,1,0,0,0,0
2021-12-23,花叶类,89.213,408.1322,181,16,234.30647000000002,181,4.574806362301459,1.2945108839779007,12,4,0,0,0,0,0,0,0,0,0,0,1,0,0,1,0,0,0
2021-12-24,花叶类,111.944,458.7304,191,21,244.89141,191,4.097856070892589,1.2821539790575918,12,5,0,0,0,0,0,0,0,0,0,0,1,0,0,0,1,0,0
2021-12-25,花叶类,178.787,797.295,335,23,444.57906,335,4.459468529591077,1.3271016716417912,12,6,0,0,0,0,0,0,0,0,0,0,1,0,0,0,0,1,0
2021-12-26,花叶类,208.712,925.86,419,21,533.7623600000001,419,4.436065008241021,1.27389584725537,12,7,0,0,0,0,0,0,0,0,0,0,1,0,0,0,0,0,1
2021-12-27,花叶类,70.705,303.202,133,20,158.04719,133,4.288268156424581,1.1883247368421053,12,1,0,0,0,0,0,0,0,0,0,0,1,0,0,0,0,0,0
2021-12-28,花叶类,81.043,343.2462,147,22,188.48121,147,4.235359006946929,1.2821851020408164,12,2,0,0,0,0,0,0,0,0,0,0,1,1,0,0,0,0,0
2021-12-29,花叶类,67.165,307.548,160,16,178.86563999999998,160,4.5789920345418,1.11791025,12,3,0,0,0,0,0,0,0,0,0,0,1,0,1,0,0,0,0
2021-12-30,花叶类,76.271,311.896,146,21,177.64507,146,4.089313107209818,1.2167470547945205,12,4,0,0,0,0,0,0,0,0,0,0,1,0,0,1,0,0,0
2021-12-31,花叶类,122.701,556.6304,229,23,323.11984,229,4.5364781053129155,1.4110036681222708,12,5,0,0,0,0,0,0,0,0,0,0,1,0,0,0,1,0,0
2022-01-01,花叶类,123.402,563.017,240,20,316.43448,240,4.562462520866761,1.3184770000000001,1,6,0,0,0,0,0,0,0,0,0,0,0,0,0,0,0,1,0
2022-01-02,花叶类,90.543,400.3858,187,20,219.27465,187,4.422051400991794,1.1725917112299467,1,7,0,0,0,0,0,0,0,0,0,0,0,0,0,0,0,0,1
2022-01-03,花叶类,79.081,359.8412,148,20,204.27944,148,4.550286415194547,1.3802664864864864,1,1,0,0,0,0,0,0,0,0,0,0,0,0,0,0,0,0,0
2022-01-04,花叶类,60.388,265.0908,115,20,141.16281,115,4.3897926740412005,1.227502695652174,1,2,0,0,0,0,0,0,0,0,0,0,0,1,0,0,0,0,0
2022-01-05,花叶类,62.654,253.7934,117,20,138.21705,117,4.050713442078718,1.1813423076923077,1,3,0,0,0,0,0,0,0,0,0,0,0,0,1,0,0,0,0
2022-01-06,花叶类,59.316,228.244,102,19,120.98187,102,3.8479331040528693,1.1860967647058824,1,4,0,0,0,0,0,0,0,0,0,0,0,0,0,1,0,0,0
2022-01-07,花叶类,88.664,352.984,166,22,220.24318,166,3.981142289993684,1.3267661445783132,1,5,0,0,0,0,0,0,0,0,0,0,0,0,0,0,1,0,0
2022-01-08,花叶类,129.766,512.1044,232,21,292.69157,232,3.946368077924881,1.2616015948275863,1,6,0,0,0,0,0,0,0,0,0,0,0,0,0,0,0,1,0
2022-01-09,花叶类,140.528,560.8886,251,19,318.45256,251,3.991294261641808,1.2687352988047809,1,7,0,0,0,0,0,0,0,0,0,0,0,0,0,0,0,0,1
2022-01-10,花叶类,72.365,273.7392,133,20,143.59502,133,3.7827568575969046,1.0796618045112782,1,1,0,0,0,0,0,0,0,0,0,0,0,0,0,0,0,0,0
2022-01-11,花叶类,80.15,313.407,152,21,164.71348,152,3.9102557704304424,1.0836413157894738,1,2,0,0,0,0,0,0,0,0,0,0,0,1,0,0,0,0,0
2022-01-12,花叶类,74.232,304.33,136,20,163.17691,136,4.099714408880267,1.1998302205882352,1,3,0,0,0,0,0,0,0,0,0,0,0,0,1,0,0,0,0
2022-01-13,花叶类,60.369,235.3266,99,20,124.48575,99,3.8981364607662874,1.257431818181818,1,4,0,0,0,0,0,0,0,0,0,0,0,0,0,1,0,0,0
2022-01-14,花叶类,90.099,353.9884,170,21,193.52374,170,3.9288826735035904,1.1383749411764705,1,5,0,0,0,0,0,0,0,0,0,0,0,0,0,0,1,0,0
2022-01-15,花叶类,110.109,451.0588,210,19,239.82801,210,4.096475310828361,1.142038142857143,1,6,0,0,0,0,0,0,0,0,0,0,0,0,0,0,0,1,0
2022-01-16,花叶类,132.15,531.914,248,19,283.56157,248,4.0250775633749525,1.143393427419355,1,7,0,0,0,0,0,0,0,0,0,0,0,0,0,0,0,0,1
2022-01-17,花叶类,84.383,373.611,161,17,197.84767,161,4.4275624237109374,1.2288675155279503,1,1,0,0,0,0,0,0,0,0,0,0,0,0,0,0,0,0,0
2022-01-18,花叶类,70.852,288.546,125,17,148.29892999999998,125,4.072517360130977,1.18639144,1,2,0,0,0,0,0,0,0,0,0,0,0,1,0,0,0,0,0
2022-01-19,花叶类,117.677,498.2736,195,19,252.89489,195,4.2342479838881,1.296896871794872,1,3,0,0,0,0,0,0,0,0,0,0,0,0,1,0,0,0,0
2022-01-20,花叶类,127.88,561.3784,230,19,304.70938,230,4.389884266499844,1.324823391304348,1,4,0,0,0,0,0,0,0,0,0,0,0,0,0,1,0,0,0
2022-01-21,花叶类,138.062,583.768,252,20,303.57024,252,4.2283032260868305,1.2046438095238097,1,5,0,0,0,0,0,0,0,0,0,0,0,0,0,0,1,0,0
2022-01-22,花叶类,209.297,1084.3298,415,21,612.54021,415,5.180818645274418,1.4760005060240964,1,6,0,0,0,0,0,0,0,0,0,0,0,0,0,0,0,1,0
2022-01-23,花叶类,186.693,1042.094,321,22,576.09006,321,5.581858987749943,1.7946730841121494,1,7,0,0,0,0,0,0,0,0,0,0,0,0,0,0,0,0,1
2022-01-24,花叶类,169.463,799.58,274,25,478.09143,274,4.718316092598385,1.7448592335766424,1,1,0,0,0,0,0,0,0,0,0,0,0,0,0,0,0,0,0
2022-01-25,花叶类,138.198,802.3786,241,22,484.343,241,5.806007322826669,2.009721991701245,1,2,0,0,0,0,0,0,0,0,0,0,0,1,0,0,0,0,0
2022-01-26,花叶类,162.651,1009.405,257,24,569.40216,257,6.205956311366053,2.215572607003891,1,3,0,0,0,0,0,0,0,0,0,0,0,0,1,0,0,0,0
2022-01-27,花叶类,156.708,815.1566,233,22,453.11142,233,5.201754856165608,1.9446842060085838,1,4,0,0,0,0,0,0,0,0,0,0,0,0,0,1,0,0,0
2022-01-28,花叶类,176.131,1050.326,263,23,612.44682,263,5.963322754086447,2.3286951330798478,1,5,0,0,0,0,0,0,0,0,0,0,0,0,0,0,1,0,0
2022-01-29,花叶类,208.256,1440.725,333,15,835.25224,333,6.918047979409956,2.508264984984985,1,6,0,0,0,0,0,0,0,0,0,0,0,0,0,0,0,1,0
2022-01-30,花叶类,225.022,1814.893,395,14,983.60199,395,8.065402493978366,2.4901316202531647,1,7,0,0,0,0,0,0,0,0,0,0,0,0,0,0,0,0,1
2022-02-01,花叶类,63.003,596.783,130,12,326.05925,130,9.47229497008079,2.508148076923077,2,2,1,0,0,0,0,0,0,0,0,0,0,1,0,0,0,0,0
2022-02-02,花叶类,88.412,698.808,177,13,373.39684,177,7.903994932814549,2.1095866666666665,2,3,1,0,0,0,0,0,0,0,0,0,0,0,1,0,0,0,0
2022-02-03,花叶类,116.536,705.078,194,12,436.80661,194,6.050302052584609,2.251580463917526,2,4,1,0,0,0,0,0,0,0,0,0,0,0,0,1,0,0,0
2022-02-04,花叶类,216.497,1324.3794,347,20,763.78565,347,6.117310632479896,2.2011113832853026,2,5,1,0,0,0,0,0,0,0,0,0,0,0,0,0,1,0,0
2022-02-05,花叶类,208.189,1364.369,356,22,796.86634,356,6.55351147274832,2.238388595505618,2,6,1,0,0,0,0,0,0,0,0,0,0,0,0,0,0,1,0
2022-02-06,花叶类,216.985,1392.5696,392,19,833.83487,392,6.4178150563403,2.1271297704081635,2,7,1,0,0,0,0,0,0,0,0,0,0,0,0,0,0,0,1
2022-02-07,花叶类,153.054,820.713,246,17,444.10067,246,5.362244697949743,1.805287276422764,2,1,1,0,0,0,0,0,0,0,0,0,0,0,0,0,0,0,0
2022-02-08,花叶类,160.297,960.0962,279,19,547.08543,279,5.989483271676949,1.9608796774193546,2,2,1,0,0,0,0,0,0,0,0,0,0,1,0,0,0,0,0
2022-02-09,花叶类,138.288,740.5578,235,20,411.09138,235,5.355184831655675,1.7493250212765958,2,3,1,0,0,0,0,0,0,0,0,0,0,0,1,0,0,0,0
2022-02-10,花叶类,99.133,543.2774000000001,163,17,303.11683,163,5.480288097807996,1.8596124539877301,2,4,1,0,0,0,0,0,0,0,0,0,0,0,0,1,0,0,0
2022-02-11,花叶类,124.508,655.6574,205,19,383.05613999999997,205,5.265986121373728,1.8685665365853656,2,5,1,0,0,0,0,0,0,0,0,0,0,0,0,0,1,0,0
2022-02-12,花叶类,148.467,856.5256,256,20,498.21535,256,5.769131187401914,1.9461537109375,2,6,1,0,0,0,0,0,0,0,0,0,0,0,0,0,0,1,0
2022-02-13,花叶类,162.85,874.7966,272,19,524.02948,272,5.371793675161191,1.9265789705882355,2,7,1,0,0,0,0,0,0,0,0,0,0,0,0,0,0,0,1
2022-02-14,花叶类,140.014,605.5668000000001,207,17,346.88345,207,4.325044638393304,1.675765458937198,2,1,1,0,0,0,0,0,0,0,0,0,0,0,0,0,0,0,0
2022-02-15,花叶类,151.453,813.5562,259,18,463.09798,259,5.371674380831017,1.7880230888030888,2,2,1,0,0,0,0,0,0,0,0,0,0,1,0,0,0,0,0
2022-02-16,花叶类,83.015,320.573,119,13,162.26073,119,3.8616274167319156,1.3635355462184873,2,3,1,0,0,0,0,0,0,0,0,0,0,0,1,0,0,0,0
2022-02-17,花叶类,110.077,452.909,170,14,262.04125999999997,170,4.11447441336519,1.541419176470588,2,4,1,0,0,0,0,0,0,0,0,0,0,0,0,1,0,0,0
2022-02-18,花叶类,84.783,414.6188,149,17,225.9258,149,4.890353018883503,1.5162805369127517,2,5,1,0,0,0,0,0,0,0,0,0,0,0,0,0,1,0,0
2022-02-19,花叶类,119.64,751.245,222,18,409.86375,222,6.279212637913742,1.846233108108108,2,6,1,0,0,0,0,0,0,0,0,0,0,0,0,0,0,1,0
2022-02-20,花叶类,100.918,650.4082,193,15,364.95789,193,6.444917655918666,1.8909735233160623,2,7,1,0,0,0,0,0,0,0,0,0,0,0,0,0,0,0,1
2022-02-21,花叶类,77.387,457.8952,125,15,251.01198,125,5.916952459715456,2.0080958399999997,2,1,1,0,0,0,0,0,0,0,0,0,0,0,0,0,0,0,0
2022-02-22,花叶类,66.356,424.791,120,15,241.37957,120,6.401696907589367,2.0114964166666667,2,2,1,0,0,0,0,0,0,0,0,0,0,1,0,0,0,0,0
2022-02-23,花叶类,61.21,390.198,109,19,208.36473,109,6.374742689103087,1.9116030275229359,2,3,1,0,0,0,0,0,0,0,0,0,0,0,1,0,0,0,0
2022-02-24,花叶类,57.146,320.918,107,15,192.9521,107,5.615756133412662,1.8032906542056075,2,4,1,0,0,0,0,0,0,0,0,0,0,0,0,1,0,0,0
2022-02-25,花叶类,85.432,561.3488,164,16,347.45889,164,6.570708867871523,2.118651768292683,2,5,1,0,0,0,0,0,0,0,0,0,0,0,0,0,1,0,0
2022-02-26,花叶类,115.507,826.3856,236,17,470.09729,236,7.154420078436804,1.9919376694915254,2,6,1,0,0,0,0,0,0,0,0,0,0,0,0,0,0,1,0
2022-02-27,花叶类,90.607,567.3276,191,15,317.4411,191,6.2614102663149644,1.6619952879581152,2,7,1,0,0,0,0,0,0,0,0,0,0,0,0,0,0,0,1
2022-02-28,花叶类,65.285,429.4546,155,17,236.756,155,6.578151183273341,1.527458064516129,2,1,1,0,0,0,0,0,0,0,0,0,0,0,0,0,0,0,0
2022-03-01,花叶类,63.286,414.8974,137,17,259.44737,137,6.5559112599943115,1.8937764233576642,3,2,0,1,0,0,0,0,0,0,0,0,0,1,0,0,0,0,0
2022-03-02,花叶类,61.109,373.6318,125,17,237.93004000000002,125,6.114186126429822,1.90344032,3,3,0,1,0,0,0,0,0,0,0,0,0,0,1,0,0,0,0
2022-03-03,花叶类,55.041,344.3576,124,17,204.9365,124,6.256383423266293,1.6527137096774194,3,4,0,1,0,0,0,0,0,0,0,0,0,0,0,1,0,0,0
2022-03-04,花叶类,73.622,492.9668,135,17,311.27432,135,6.6959169813371,2.3057357037037036,3,5,0,1,0,0,0,0,0,0,0,0,0,0,0,0,1,0,0
2022-03-05,花叶类,124.495,803.8016,235,19,522.05568,235,6.45649704807422,2.2215135319148938,3,6,0,1,0,0,0,0,0,0,0,0,0,0,0,0,0,1,0
2022-03-06,花叶类,139.174,947.6866,282,18,564.85832,282,6.8093652550045265,2.0030436879432627,3,7,0,1,0,0,0,0,0,0,0,0,0,0,0,0,0,0,1
2022-03-07,花叶类,74.68599999999999,506.5536,147,17,315.60305,147,6.782443831507914,2.1469595238095236,3,1,0,1,0,0,0,0,0,0,0,0,0,0,0,0,0,0,0
2022-03-08,花叶类,79.174,451.8338,159,17,262.99861,159,5.706845681663172,1.6540793081761005,3,2,0,1,0,0,0,0,0,0,0,0,0,1,0,0,0,0,0
2022-03-09,花叶类,61.059,351.1636,124,14,220.21235000000001,124,5.751217674708069,1.775906048387097,3,3,0,1,0,0,0,0,0,0,0,0,0,0,1,0,0,0,0
2022-03-10,花叶类,66.508,364.4612,134,16,221.36243000000002,134,5.479960305527155,1.651958432835821,3,4,0,1,0,0,0,0,0,0,0,0,0,0,0,1,0,0,0
2022-03-11,花叶类,77.822,506.7428,165,20,310.5876,165,6.511562283159003,1.882349090909091,3,5,0,1,0,0,0,0,0,0,0,0,0,0,0,0,1,0,0
2022-03-12,花叶类,129.766,890.7004000000001,247,16,548.41943,247,6.863896552255599,2.2203215789473685,3,6,0,1,0,0,0,0,0,0,0,0,0,0,0,0,0,1,0
2022-03-13,花叶类,100.51,569.8736,181,19,339.68227,181,5.669819918416078,1.8766976243093925,3,7,0,1,0,0,0,0,0,0,0,0,0,0,0,0,0,0,1
2022-03-14,花叶类,88.279,523.0912,158,22,328.3143,158,5.925431869414017,2.0779386075949366,3,1,0,1,0,0,0,0,0,0,0,0,0,0,0,0,0,0,0
2022-03-15,花叶类,92.629,575.825,156,24,357.01576,156,6.216465685692386,2.288562564102564,3,2,0,1,0,0,0,0,0,0,0,0,0,1,0,0,0,0,0
2022-03-16,花叶类,101.619,572.898,186,26,379.47302,186,5.637705547190978,2.0401775268817204,3,3,0,1,0,0,0,0,0,0,0,0,0,0,1,0,0,0,0
2022-03-17,花叶类,98.394,511.266,176,25,309.48508,176,5.196109518873102,1.7584379545454545,3,4,0,1,0,0,0,0,0,0,0,0,0,0,0,1,0,0,0
2022-03-18,花叶类,97.098,465.3154,191,23,276.69849,191,4.7922243506560385,1.4486831937172775,3,5,0,1,0,0,0,0,0,0,0,0,0,0,0,0,1,0,0
2022-03-19,花叶类,201.276,1278.1608,406,25,776.32399,406,6.350289155189889,1.9121280541871921,3,6,0,1,0,0,0,0,0,0,0,0,0,0,0,0,0,1,0
2022-03-20,花叶类,173.788,1120.3332,357,25,732.14908,357,6.446550970147536,2.0508377591036417,3,7,0,1,0,0,0,0,0,0,0,0,0,0,0,0,0,0,1
2022-03-21,花叶类,176.437,1035.5206,325,25,623.94975,325,5.86906714578008,1.9198453846153847,3,1,0,1,0,0,0,0,0,0,0,0,0,0,0,0,0,0,0
2022-03-22,花叶类,127.688,825.491,242,23,482.06854,242,6.464906647453167,1.9920187603305783,3,2,0,1,0,0,0,0,0,0,0,0,0,1,0,0,0,0,0
2022-03-23,花叶类,86.931,571.3268,170,19,335.67012,170,6.572187136924688,1.9745301176470589,3,3,0,1,0,0,0,0,0,0,0,0,0,0,1,0,0,0,0
2022-03-24,花叶类,86.534,520.9784,152,24,307.97597,152,6.0205052349365555,2.026157697368421,3,4,0,1,0,0,0,0,0,0,0,0,0,0,0,1,0,0,0
2022-03-25,花叶类,108.611,645.8358,186,25,374.19175,186,5.946320354291922,2.0117836021505378,3,5,0,1,0,0,0,0,0,0,0,0,0,0,0,0,1,0,0
2022-03-26,花叶类,134.192,1092.5612,282,24,640.17342,282,8.14177596279957,2.270118510638298,3,6,0,1,0,0,0,0,0,0,0,0,0,0,0,0,0,1,0
2022-03-27,花叶类,132.704,962.0872,262,25,575.10318,262,7.24987340245961,2.195050305343511,3,7,0,1,0,0,0,0,0,0,0,0,0,0,0,0,0,0,1
2022-03-28,花叶类,65.85,442.63980000000004,118,20,291.7127,118,6.721940774487472,2.4721415254237287,3,1,0,1,0,0,0,0,0,0,0,0,0,0,0,0,0,0,0
2022-03-29,花叶类,67.286,512.9804,155,23,350.28822,155,7.623880153375145,2.2599240000000003,3,2,0,1,0,0,0,0,0,0,0,0,0,1,0,0,0,0,0
2022-03-30,花叶类,81.195,559.4882,175,23,337.59339,175,6.89067307100191,1.9291050857142857,3,3,0,1,0,0,0,0,0,0,0,0,0,0,1,0,0,0,0
2022-03-31,花叶类,83.587,551.1436,157,26,317.15879,157,6.593652122937777,2.0201196815286626,3,4,0,1,0,0,0,0,0,0,0,0,0,0,0,1,0,0,0
2022-04-01,花叶类,122.262,765.9334,223,23,432.43285,223,6.26468894668826,1.9391607623318385,4,5,0,0,1,0,0,0,0,0,0,0,0,0,0,0,1,0,0
2022-04-02,花叶类,127.168,830.0812,230,27,479.97921,230,6.527437720181177,2.0868661304347826,4,6,0,0,1,0,0,0,0,0,0,0,0,0,0,0,0,1,0
2022-04-03,花叶类,103.94500000000001,712.6144,199,26,419.42220000000003,199,6.855687142238684,2.107649246231156,4,7,0,0,1,0,0,0,0,0,0,0,0,0,0,0,0,0,1
2022-04-04,花叶类,142.726,953.4308,283,23,573.134,283,6.680147975841822,2.025208480565371,4,1,0,0,1,0,0,0,0,0,0,0,0,0,0,0,0,0,0
2022-04-05,花叶类,134.419,848.2226,257,24,482.2547,257,6.310287980121858,1.8764774319066149,4,2,0,0,1,0,0,0,0,0,0,0,0,1,0,0,0,0,0
2022-04-06,花叶类,85.94500000000001,526.199,161,28,318.40867000000003,161,6.122508581069288,1.9776936024844722,4,3,0,0,1,0,0,0,0,0,0,0,0,0,1,0,0,0,0
2022-04-07,花叶类,67.201,478.3872,144,23,280.69138,144,7.11875120905939,1.9492456944444443,4,4,0,0,1,0,0,0,0,0,0,0,0,0,0,1,0,0,0
2022-04-08,花叶类,80.65,464.8732,145,23,255.49912,145,5.764081835089894,1.7620628965517242,4,5,0,0,1,0,0,0,0,0,0,0,0,0,0,0,1,0,0
2022-04-09,花叶类,136.102,801.6178,248,28,434.2953,248,5.889831156044731,1.7511907258064516,4,6,0,0,1,0,0,0,0,0,0,0,0,0,0,0,0,1,0
2022-04-10,花叶类,174.591,1032.2406,288,26,572.57444,288,5.912335687406568,1.9881056944444444,4,7,0,0,1,0,0,0,0,0,0,0,0,0,0,0,0,0,1
2022-04-11,花叶类,86.428,526.1698,162,22,272.67949,162,6.087955292266395,1.6832067283950616,4,1,0,0,1,0,0,0,0,0,0,0,0,0,0,0,0,0,0
2022-04-12,花叶类,105.967,666.913,205,26,374.6492,205,6.293591401096568,1.8275570731707318,4,2,0,0,1,0,0,0,0,0,0,0,0,1,0,0,0,0,0
2022-04-13,花叶类,97.07900000000001,640.4462,199,25,359.24046,199,6.597165195356358,1.8052284422110552,4,3,0,0,1,0,0,0,0,0,0,0,0,0,1,0,0,0,0
2022-04-14,花叶类,105.586,546.8548,202,23,325.96544,202,5.179235883545166,1.613690297029703,4,4,0,0,1,0,0,0,0,0,0,0,0,0,0,1,0,0,0
2022-04-15,花叶类,118.828,664.6378,223,23,397.81077,223,5.593275995556603,1.783904798206278,4,5,0,0,1,0,0,0,0,0,0,0,0,0,0,0,1,0,0
2022-04-16,花叶类,116.808,634.443,217,25,381.13503000000003,217,5.4315029792479965,1.7563826267281106,4,6,0,0,1,0,0,0,0,0,0,0,0,0,0,0,0,1,0
2022-04-17,花叶类,107.18900000000001,716.8362,227,20,448.91537,227,6.687591077442647,1.9776007488986784,4,7,0,0,1,0,0,0,0,0,0,0,0,0,0,0,0,0,1
2022-04-18,花叶类,97.319,511.0034,162,23,277.05125,162,5.250808166956093,1.7101929012345678,4,1,0,0,1,0,0,0,0,0,0,0,0,0,0,0,0,0,0
2022-04-19,花叶类,95.391,564.2434,157,29,320.10338,157,5.9150590726588455,2.038875031847134,4,2,0,0,1,0,0,0,0,0,0,0,0,1,0,0,0,0,0
2022-04-20,花叶类,86.275,467.94440000000003,151,23,264.87578,151,5.423870182555781,1.754144238410596,4,3,0,0,1,0,0,0,0,0,0,0,0,0,1,0,0,0,0
2022-04-21,花叶类,85.841,456.8414,147,28,257.77686,147,5.321948719143533,1.7535840816326531,4,4,0,0,1,0,0,0,0,0,0,0,0,0,0,1,0,0,0
2022-04-22,花叶类,107.043,600.2648,204,30,346.617,204,5.607697841054529,1.6991029411764706,4,5,0,0,1,0,0,0,0,0,0,0,0,0,0,0,1,0,0
2022-04-23,花叶类,118.653,794.7858,255,24,463.01021,255,6.6984045915400365,1.81572631372549,4,6,0,0,1,0,0,0,0,0,0,0,0,0,0,0,0,1,0
2022-04-24,花叶类,96.18900000000001,535.3594,181,21,313.40394,181,5.5657029390055,1.7315134806629833,4,7,0,0,1,0,0,0,0,0,0,0,0,0,0,0,0,0,1
2022-04-25,花叶类,106.365,543.257,207,25,313.92498,207,5.1074789639449065,1.5165457971014493,4,1,0,0,1,0,0,0,0,0,0,0,0,0,0,0,0,0,0
2022-04-26,花叶类,77.764,459.4498,156,21,263.26991,156,5.908258320045265,1.6876276282051281,4,2,0,0,1,0,0,0,0,0,0,0,0,1,0,0,0,0,0
2022-04-27,花叶类,85.807,469.6012,180,22,287.48073,180,5.472760963557752,1.5971151666666665,4,3,0,0,1,0,0,0,0,0,0,0,0,0,1,0,0,0,0
2022-04-28,花叶类,106.594,536.4222,214,23,346.60059,214,5.0323864382610655,1.6196289252336449,4,4,0,0,1,0,0,0,0,0,0,0,0,0,0,1,0,0,0
2022-04-29,花叶类,98.05199999999999,503.4018,189,23,288.63283,189,5.134028882633705,1.5271578306878308,4,5,0,0,1,0,0,0,0,0,0,0,0,0,0,0,1,0,0
2022-04-30,花叶类,142.039,857.508,323,14,515.33936,323,6.03713064721661,1.5954778947368422,4,6,0,0,1,0,0,0,0,0,0,0,0,0,0,0,0,1,0
2022-05-01,花叶类,137.677,861.176,283,18,488.15518000000003,283,6.255046231396675,1.724929964664311,5,7,0,0,0,1,0,0,0,0,0,0,0,0,0,0,0,0,1
2022-05-02,花叶类,115.468,755.5264,266,17,428.98993,266,6.543166938026119,1.612744097744361,5,1,0,0,0,1,0,0,0,0,0,0,0,0,0,0,0,0,0
2022-05-03,花叶类,88.193,604.928,195,14,349.60641,195,6.859138480378261,1.7928533846153845,5,2,0,0,0,1,0,0,0,0,0,0,0,1,0,0,0,0,0
2022-05-04,花叶类,105.769,716.9224,244,15,430.36973,244,6.778190206960452,1.7638103688524591,5,3,0,0,0,1,0,0,0,0,0,0,0,0,1,0,0,0,0
2022-05-05,花叶类,90.652,559.9934,192,15,335.36018,192,6.177397078939239,1.7466676041666667,5,4,0,0,0,1,0,0,0,0,0,0,0,0,0,1,0,0,0
2022-05-06,花叶类,95.683,596.7356,201,15,351.127,201,6.236589571815264,1.7469004975124378,5,5,0,0,0,1,0,0,0,0,0,0,0,0,0,0,1,0,0
2022-05-07,花叶类,113.896,720.4954,240,15,428.77694,240,6.325906089766103,1.7865705833333334,5,6,0,0,0,1,0,0,0,0,0,0,0,0,0,0,0,1,0
2022-05-08,花叶类,116.519,746.6144,253,15,440.54221,253,6.407662269672757,1.741273557312253,5,7,0,0,0,1,0,0,0,0,0,0,0,0,0,0,0,0,1
2022-05-09,花叶类,79.181,563.0562,177,15,314.68316,177,7.11100137659287,1.7778709604519773,5,1,0,0,0,1,0,0,0,0,0,0,0,0,0,0,0,0,0
2022-05-10,花叶类,81.925,522.2156,200,14,312.88606,200,6.37431309124199,1.5644303,5,2,0,0,0,1,0,0,0,0,0,0,0,1,0,0,0,0,0
2022-05-11,花叶类,69.604,450.8652,152,11,265.54944,152,6.477576001379231,1.7470357894736843,5,3,0,0,0,1,0,0,0,0,0,0,0,0,1,0,0,0,0
2022-05-12,花叶类,69.699,491.656,157,11,293.33799,157,7.053989296833527,1.8683948407643312,5,4,0,0,0,1,0,0,0,0,0,0,0,0,0,1,0,0,0
2022-05-13,花叶类,90.81700000000001,632.4848,208,13,370.24913,208,6.964387724765186,1.780043894230769,5,5,0,0,0,1,0,0,0,0,0,0,0,0,0,0,1,0,0
2022-05-14,花叶类,134.557,1004.5764,306,14,599.6220099999999,306,7.465805569386952,1.9595490522875816,5,6,0,0,0,1,0,0,0,0,0,0,0,0,0,0,0,1,0
2022-05-15,花叶类,137.292,891.0644,297,15,522.19203,297,6.49028639687673,1.7582223232323233,5,7,0,0,0,1,0,0,0,0,0,0,0,0,0,0,0,0,1
2022-05-16,花叶类,74.544,486.87239999999997,170,14,278.25155,170,6.531342562781712,1.6367738235294118,5,1,0,0,0,1,0,0,0,0,0,0,0,0,0,0,0,0,0
2022-05-17,花叶类,62.994,407.5358,144,13,248.77077,144,6.469438359208813,1.7275747916666666,5,2,0,0,0,1,0,0,0,0,0,0,0,1,0,0,0,0,0
2022-05-18,花叶类,84.822,561.8018,174,15,349.43001,174,6.623302916696139,2.008218448275862,5,3,0,0,0,1,0,0,0,0,0,0,0,0,1,0,0,0,0
2022-05-19,花叶类,86.864,555.639,206,15,354.13164,206,6.396654540431018,1.7190856310679612,5,4,0,0,0,1,0,0,0,0,0,0,0,0,0,1,0,0,0
2022-05-20,花叶类,76.713,512.862,165,13,314.09593,165,6.685464002189981,1.903611696969697,5,5,0,0,0,1,0,0,0,0,0,0,0,0,0,0,1,0,0
2022-05-21,花叶类,138.736,946.5354,295,13,584.04544,295,6.822565159727829,1.9798150508474577,5,6,0,0,0,1,0,0,0,0,0,0,0,0,0,0,0,1,0
2022-05-22,花叶类,164.686,1096.6,356,15,694.0898099999999,356,6.658732375551048,1.9496904775280897,5,7,0,0,0,1,0,0,0,0,0,0,0,0,0,0,0,0,1
2022-05-23,花叶类,92.654,603.2676,205,14,359.12878,205,6.5109720033673675,1.7518477073170733,5,1,0,0,0,1,0,0,0,0,0,0,0,0,0,0,0,0,0
2022-05-24,花叶类,122.403,753.5644,271,16,449.63621,271,6.1564210027532,1.6591742066420665,5,2,0,0,0,1,0,0,0,0,0,0,0,1,0,0,0,0,0
2022-05-25,花叶类,84.787,512.604,180,16,303.14743,180,6.045785320862868,1.6841523888888887,5,3,0,0,0,1,0,0,0,0,0,0,0,0,1,0,0,0,0
2022-05-26,花叶类,88.361,548.176,205,15,325.25517,205,6.203822953565488,1.5866105853658539,5,4,0,0,0,1,0,0,0,0,0,0,0,0,0,1,0,0,0
2022-05-27,花叶类,86.554,556.384,185,14,322.94214,185,6.4281720082260785,1.7456331891891892,5,5,0,0,0,1,0,0,0,0,0,0,0,0,0,0,1,0,0
2022-05-28,花叶类,188.829,999.5818,417,15,599.81242,417,5.293582023947593,1.4383990887290168,5,6,0,0,0,1,0,0,0,0,0,0,0,0,0,0,0,1,0
2022-05-29,花叶类,178.516,924.1214,388,15,547.00163,388,5.176686683546573,1.4097980154639174,5,7,0,0,0,1,0,0,0,0,0,0,0,0,0,0,0,0,1
2022-05-30,花叶类,92.512,470.0318,205,14,282.12783,205,5.080765738498789,1.3762333170731709,5,1,0,0,0,1,0,0,0,0,0,0,0,0,0,0,0,0,0
2022-05-31,花叶类,87.827,432.1968,199,14,258.867,199,4.921001514340692,1.3008391959798995,5,2,0,0,0,1,0,0,0,0,0,0,0,1,0,0,0,0,0
2022-06-01,花叶类,90.488,412.1648,208,16,264.86964,208,4.554911148439572,1.2734117307692308,6,3,0,0,0,0,1,0,0,0,0,0,0,0,1,0,0,0,0
2022-06-02,花叶类,112.624,503.80740000000003,245,12,298.81478,245,4.47335736610314,1.2196521632653061,6,4,0,0,0,0,1,0,0,0,0,0,0,0,0,1,0,0,0
2022-06-03,花叶类,185.595,854.6286,382,13,500.42289999999997,382,4.604804008728683,1.3100075916230365,6,5,0,0,0,0,1,0,0,0,0,0,0,0,0,0,1,0,0
2022-06-04,花叶类,113.331,509.4,235,13,289.7625,235,4.494798422320459,1.233031914893617,6,6,0,0,0,0,1,0,0,0,0,0,0,0,0,0,0,1,0
2022-06-05,花叶类,102.505,487.998,234,13,286.91823,234,4.760723867128433,1.226146282051282,6,7,0,0,0,0,1,0,0,0,0,0,0,0,0,0,0,0,1
2022-06-06,花叶类,104.547,505.5236,241,12,287.61052,241,4.835371651027767,1.1934046473029045,6,1,0,0,0,0,1,0,0,0,0,0,0,0,0,0,0,0,0
2022-06-07,花叶类,105.767,482.7654,239,13,285.57704,239,4.564423686026832,1.1948830125523013,6,2,0,0,0,0,1,0,0,0,0,0,0,1,0,0,0,0,0
2022-06-08,花叶类,113.862,546.4596,243,13,312.02542,243,4.799314960214997,1.2840552263374485,6,3,0,0,0,0,1,0,0,0,0,0,0,0,1,0,0,0,0
2022-06-09,花叶类,281.247,1425.944,276,14,794.8011,276,5.070077191934491,2.879714130434783,6,4,0,0,0,0,1,0,0,0,0,0,0,0,0,1,0,0,0
2022-06-10,花叶类,115.093,464.6108,253,12,259.29417,253,4.036829346702232,1.0248781422924902,6,5,0,0,0,0,1,0,0,0,0,0,0,0,0,0,1,0,0
2022-06-11,花叶类,195.647,818.072,426,13,459.77753,426,4.181367462828462,1.0792899765258217,6,6,0,0,0,0,1,0,0,0,0,0,0,0,0,0,0,1,0
2022-06-12,花叶类,166.51500000000001,739.6814,383,13,421.88559,383,4.442130738972465,1.101528955613577,6,7,0,0,0,0,1,0,0,0,0,0,0,0,0,0,0,0,1
2022-06-13,花叶类,116.051,550.7454,251,13,313.30894,251,4.745718692643751,1.2482427888446215,6,1,0,0,0,0,1,0,0,0,0,0,0,0,0,0,0,0,0
2022-06-14,花叶类,110.671,523.7242,247,13,309.46301,247,4.732262290934391,1.2528866801619434,6,2,0,0,0,0,1,0,0,0,0,0,0,1,0,0,0,0,0
2022-06-15,花叶类,106.544,451.951,229,13,257.80584,229,4.241918831656405,1.125789694323144,6,3,0,0,0,0,1,0,0,0,0,0,0,0,1,0,0,0,0
2022-06-16,花叶类,109.346,488.562,250,15,283.81541,250,4.468037239588097,1.13526164,6,4,0,0,0,0,1,0,0,0,0,0,0,0,0,1,0,0,0
2022-06-17,花叶类,119.07300000000001,523.9212,252,14,309.86589,252,4.3999999999999995,1.2296265476190475,6,5,0,0,0,0,1,0,0,0,0,0,0,0,0,0,1,0,0
2022-06-18,花叶类,192.524,829.6358,425,14,488.11362,425,4.309259105358293,1.1485026352941177,6,6,0,0,0,0,1,0,0,0,0,0,0,0,0,0,0,1,0
2022-06-19,花叶类,187.623,829.0606,403,14,480.6596,403,4.418757828198036,1.1927037220843673,6,7,0,0,0,0,1,0,0,0,0,0,0,0,0,0,0,0,1
2022-06-20,花叶类,123.54,557.3336,267,15,323.69632,267,4.511361502347418,1.2123457677902623,6,1,0,0,0,0,1,0,0,0,0,0,0,0,0,0,0,0,0
2022-06-21,花叶类,110.973,512.5522,226,16,306.94498,226,4.618710857595992,1.358163628318584,6,2,0,0,0,0,1,0,0,0,0,0,0,1,0,0,0,0,0
2022-06-22,花叶类,108.759,484.8422,239,18,289.56407,239,4.45795014665453,1.2115651464435147,6,3,0,0,0,0,1,0,0,0,0,0,0,0,1,0,0,0,0
2022-06-23,花叶类,84.617,382.3718,169,12,229.45613,169,4.518853185530094,1.3577285798816567,6,4,0,0,0,0,1,0,0,0,0,0,0,0,0,1,0,0,0
2022-06-24,花叶类,104.325,483.137,228,15,282.86613,228,4.631075964533908,1.2406409210526315,6,5,0,0,0,0,1,0,0,0,0,0,0,0,0,0,1,0,0
2022-06-25,花叶类,156.216,822.1928,333,17,468.25485,333,5.2631791877912635,1.4061707207207206,6,6,0,0,0,0,1,0,0,0,0,0,0,0,0,0,0,1,0
2022-06-26,花叶类,163.919,777.5194,349,15,452.21451,349,4.743314685911944,1.2957435816618912,6,7,0,0,0,0,1,0,0,0,0,0,0,0,0,0,0,0,1
2022-06-27,花叶类,105.20700000000001,532.3742,235,15,311.99252,235,5.060254545800184,1.327627744680851,6,1,0,0,0,0,1,0,0,0,0,0,0,0,0,0,0,0,0
2022-06-28,花叶类,124.599,609.7856,276,17,368.51866,276,4.89398470292699,1.335212536231884,6,2,0,0,0,0,1,0,0,0,0,0,0,1,0,0,0,0,0
2022-06-29,花叶类,155.09,758.3770000000001,326,20,457.56084,326,4.889915532916372,1.4035608588957054,6,3,0,0,0,0,1,0,0,0,0,0,0,0,1,0,0,0,0
2022-06-30,花叶类,125.274,633.2496,268,19,390.17944,268,5.0549164232003445,1.4558934328358208,6,4,0,0,0,0,1,0,0,0,0,0,0,0,0,1,0,0,0
2022-07-01,花叶类,149.719,720.7138,290,19,403.99776,290,4.813776474595743,1.3930957241379311,7,5,0,0,0,0,0,1,0,0,0,0,0,0,0,0,1,0,0
2022-07-02,花叶类,191.928,1044.7582,394,22,585.92129,394,5.4434902671835275,1.4871098730964467,7,6,0,0,0,0,0,1,0,0,0,0,0,0,0,0,0,1,0
2022-07-03,花叶类,189.083,1030.8402,385,15,574.96054,385,5.451786781466341,1.4934040000000002,7,7,0,0,0,0,0,1,0,0,0,0,0,0,0,0,0,0,1
2022-07-04,花叶类,116.605,681.672,268,14,382.21627,268,5.845992881951889,1.4261801119402986,7,1,0,0,0,0,0,1,0,0,0,0,0,0,0,0,0,0,0
2022-07-05,花叶类,133.21,681.1204,297,14,390.08852,297,5.113132647699121,1.3134293602693603,7,2,0,0,0,0,0,1,0,0,0,0,0,1,0,0,0,0,0
2022-07-06,花叶类,164.461,854.6882,327,15,470.21752,327,5.1969050413167865,1.4379740672782875,7,3,0,0,0,0,0,1,0,0,0,0,0,0,1,0,0,0,0
2022-07-07,花叶类,134.044,722.7684,286,15,402.10639,286,5.392023514666826,1.4059663986013986,7,4,0,0,0,0,0,1,0,0,0,0,0,0,0,1,0,0,0
2022-07-08,花叶类,129.05,735.0228,271,15,420.61193000000003,271,5.69564354901201,1.5520735424354244,7,5,0,0,0,0,0,1,0,0,0,0,0,0,0,0,1,0,0
2022-07-09,花叶类,173.971,1015.6832,391,15,594.98329,391,5.838232808916429,1.5216963938618926,7,6,0,0,0,0,0,1,0,0,0,0,0,0,0,0,0,1,0
2022-07-10,花叶类,186.916,1031.0776,405,15,586.17366,405,5.51626185024289,1.4473423703703705,7,7,0,0,0,0,0,1,0,0,0,0,0,0,0,0,0,0,1
2022-07-11,花叶类,133.768,702.5188,282,15,412.70104,282,5.251770229053287,1.463478865248227,7,1,0,0,0,0,0,1,0,0,0,0,0,0,0,0,0,0,0
2022-07-12,花叶类,129.271,666.988,283,15,392.99409,283,5.159610430800413,1.3886716961130743,7,2,0,0,0,0,0,1,0,0,0,0,0,1,0,0,0,0,0
2022-07-13,花叶类,150.034,842.4026,333,15,469.7223,333,5.614744657877548,1.4105774774774775,7,3,0,0,0,0,0,1,0,0,0,0,0,0,1,0,0,0,0
2022-07-14,花叶类,131.965,798.3542,297,15,445.8368,297,6.049741977039366,1.5011340067340067,7,4,0,0,0,0,0,1,0,0,0,0,0,0,0,1,0,0,0
2022-07-15,花叶类,118.425,697.7156,272,13,390.72706999999997,272,5.891624234747731,1.4364965808823529,7,5,0,0,0,0,0,1,0,0,0,0,0,0,0,0,1,0,0
2022-07-16,花叶类,175.925,1154.7206,401,14,687.95914,401,6.563709535313344,1.7156088279301747,7,6,0,0,0,0,0,1,0,0,0,0,0,0,0,0,0,1,0
2022-07-17,花叶类,190.249,1126.1988000000001,395,15,683.2762299999999,395,5.919604308038414,1.729813240506329,7,7,0,0,0,0,0,1,0,0,0,0,0,0,0,0,0,0,1
2022-07-18,花叶类,132.053,795.8266,300,15,472.54967,300,6.026569634919313,1.5751655666666666,7,1,0,0,0,0,0,1,0,0,0,0,0,0,0,0,0,0,0
2022-07-19,花叶类,134.777,791.3954,285,15,461.8254,285,5.871887636614557,1.62044,7,2,0,0,0,0,0,1,0,0,0,0,0,1,0,0,0,0,0
2022-07-20,花叶类,161.158,1009.3716000000001,369,16,620.86843,369,6.2632422839697695,1.68257027100271,7,3,0,0,0,0,0,1,0,0,0,0,0,0,1,0,0,0,0
2022-07-21,花叶类,140.656,803.201,299,15,474.50533,299,5.710392731202366,1.586974347826087,7,4,0,0,0,0,0,1,0,0,0,0,0,0,0,1,0,0,0
2022-07-22,花叶类,119.449,745.2212,265,15,438.29001,265,6.238823263484834,1.6539245660377357,7,5,0,0,0,0,0,1,0,0,0,0,0,0,0,0,1,0,0
2022-07-23,花叶类,163.238,1026.5819999999999,361,15,624.28625,361,6.2888665629326495,1.7293247922437673,7,6,0,0,0,0,0,1,0,0,0,0,0,0,0,0,0,1,0
2022-07-24,花叶类,187.595,1095.2766,372,15,683.44477,372,5.8385170180441905,1.8372171236559138,7,7,0,0,0,0,0,1,0,0,0,0,0,0,0,0,0,0,1
2022-07-25,花叶类,128.305,739.2714,272,15,473.77825,272,5.7618284556330615,1.7418318014705882,7,1,0,0,0,0,0,1,0,0,0,0,0,0,0,0,0,0,0
2022-07-26,花叶类,158.702,990.7189999999999,319,16,616.51341,319,6.242637143829315,1.932643918495298,7,2,0,0,0,0,0,1,0,0,0,0,0,1,0,0,0,0,0
2022-07-27,花叶类,131.633,823.4824,287,15,510.94264,287,6.25589631779265,1.780287944250871,7,3,0,0,0,0,0,1,0,0,0,0,0,0,1,0,0,0,0
2022-07-28,花叶类,168.258,1029.7808,362,16,649.27842,362,6.120248665739519,1.7935867955801104,7,4,0,0,0,0,0,1,0,0,0,0,0,0,0,1,0,0,0
2022-07-29,花叶类,267.236,1048.884,280,15,560.52789,280,3.9249352632130403,2.0018853214285715,7,5,0,0,0,0,0,1,0,0,0,0,0,0,0,0,1,0,0
2022-07-30,花叶类,285.343,1113.9402,334,17,582.73166,334,3.903863770970376,1.7447055688622755,7,6,0,0,0,0,0,1,0,0,0,0,0,0,0,0,0,1,0
2022-07-31,花叶类,290.928,1148.24,354,15,650.24204,354,3.946818456800308,1.8368419209039548,7,7,0,0,0,0,0,1,0,0,0,0,0,0,0,0,0,0,1
2022-08-01,花叶类,248.399,992.1186,287,15,539.96916,287,3.9940523109996415,1.8814256445993032,8,1,0,0,0,0,0,0,1,0,0,0,0,0,0,0,0,0,0
2022-08-02,花叶类,216.466,904.8256,253,16,496.63225,253,4.179989467168054,1.9629733201581028,8,2,0,0,0,0,0,0,1,0,0,0,0,1,0,0,0,0,0
2022-08-03,花叶类,266.105,1035.0118,294,18,563.59942,294,3.889486480900396,1.9170048299319729,8,3,0,0,0,0,0,0,1,0,0,0,0,0,1,0,0,0,0
2022-08-04,花叶类,275.404,1059.3222,296,19,624.6841900000001,296,3.846429971968454,2.110419560810811,8,4,0,0,0,0,0,0,1,0,0,0,0,0,0,1,0,0,0
2022-08-05,花叶类,263.757,1087.5448,298,19,609.0024,298,4.123283173527148,2.0436322147651005,8,5,0,0,0,0,0,0,1,0,0,0,0,0,0,0,1,0,0
2022-08-06,花叶类,290.986,1211.2654,317,20,672.72342,317,4.162624318695745,2.122155899053628,8,6,0,0,0,0,0,0,1,0,0,0,0,0,0,0,0,1,0
2022-08-07,花叶类,283.52,1202.7944,326,17,667.7624999999999,326,4.242361738148984,2.048351226993865,8,7,0,0,0,0,0,0,1,0,0,0,0,0,0,0,0,0,1
2022-08-08,花叶类,246.077,945.0838,256,15,483.57794,256,3.84060192541359,1.888976328125,8,1,0,0,0,0,0,0,1,0,0,0,0,0,0,0,0,0,0
2022-08-09,花叶类,268.443,1091.1417999999999,291,16,579.47645,291,4.064705728962945,1.9913280068728523,8,2,0,0,0,0,0,0,1,0,0,0,0,1,0,0,0,0,0
2022-08-10,花叶类,238.428,1023.107,266,17,556.30117,266,4.291052225409767,2.091357781954887,8,3,0,0,0,0,0,0,1,0,0,0,0,0,1,0,0,0,0
2022-08-11,花叶类,260.035,980.0108,273,17,442.98690999999997,273,3.7687649739458147,1.622662673992674,8,4,0,0,0,0,0,0,1,0,0,0,0,0,0,1,0,0,0
2022-08-12,花叶类,285.532,1190.4841999999999,322,17,605.9245,322,4.169354748329434,1.881753105590062,8,5,0,0,0,0,0,0,1,0,0,0,0,0,0,0,1,0,0
2022-08-13,花叶类,383.304,1522.48,409,18,786.41074,409,3.971990900173231,1.9227646454767726,8,6,0,0,0,0,0,0,1,0,0,0,0,0,0,0,0,1,0
2022-08-14,花叶类,374.997,1462.4814,382,16,783.68374,382,3.8999815998527985,2.051528115183246,8,7,0,0,0,0,0,0,1,0,0,0,0,0,0,0,0,0,1
2022-08-15,花叶类,302.367,1209.887,316,16,672.29971,316,4.00138573323147,2.1275307278481015,8,1,0,0,0,0,0,0,1,0,0,0,0,0,0,0,0,0,0
2022-08-16,花叶类,321.252,1254.1988,353,17,739.87963,353,3.904096472551143,2.0959762889518414,8,2,0,0,0,0,0,0,1,0,0,0,0,1,0,0,0,0,0
2022-08-17,花叶类,288.796,1172.079,307,15,616.43557,307,4.0585015027908975,2.0079334527687296,8,3,0,0,0,0,0,0,1,0,0,0,0,0,1,0,0,0,0
2022-08-18,花叶类,406.218,1767.9992,431,17,979.19931,431,4.352340861310921,2.2719241531322507,8,4,0,0,0,0,0,0,1,0,0,0,0,0,0,1,0,0,0
2022-08-19,花叶类,401.426,1816.6704,510,16,993.82136,510,4.525542441197132,1.9486693333333334,8,5,0,0,0,0,0,0,1,0,0,0,0,0,0,0,1,0,0
2022-08-20,花叶类,402.043,1737.4066,422,14,977.25082,422,4.3214447210870475,2.3157602369668244,8,6,0,0,0,0,0,0,1,0,0,0,0,0,0,0,0,1,0
2022-08-21,花叶类,352.675,1537.35,377,15,869.22774,377,4.359112497341745,2.3056438726790454,8,7,0,0,0,0,0,0,1,0,0,0,0,0,0,0,0,0,1
2022-08-22,花叶类,225.2,892.7568,244,15,466.93147,244,3.964284191829485,1.9136535655737705,8,1,0,0,0,0,0,0,1,0,0,0,0,0,0,0,0,0,0
2022-08-23,花叶类,192.283,829.8632,216,17,465.49694,216,4.3158427942147775,2.1550784259259257,8,2,0,0,0,0,0,0,1,0,0,0,0,1,0,0,0,0,0
2022-08-24,花叶类,164.961,720.9564,194,16,436.07146,194,4.3704657464491605,2.2477910309278353,8,3,0,0,0,0,0,0,1,0,0,0,0,0,1,0,0,0,0
2022-08-25,花叶类,223.786,1109.5782,326,24,651.3147799999999,326,4.958210969408274,1.997898098159509,8,4,0,0,0,0,0,0,1,0,0,0,0,0,0,1,0,0,0
2022-08-26,花叶类,198.263,982.8542,264,18,579.60577,264,4.957325370845796,2.1954764015151516,8,5,0,0,0,0,0,0,1,0,0,0,0,0,0,0,1,0,0
2022-08-27,花叶类,321.195,1442.5086,408,18,695.49432,408,4.491068042777751,1.7046429411764705,8,6,0,0,0,0,0,0,1,0,0,0,0,0,0,0,0,1,0
2022-08-28,花叶类,247.638,1377.5452,337,14,794.98881,337,5.562737544318724,2.3590172403560827,8,7,0,0,0,0,0,0,1,0,0,0,0,0,0,0,0,0,1
2022-08-29,花叶类,284.118,1234.5184,293,17,721.76474,293,4.345090420177532,2.4633608873720134,8,1,0,0,0,0,0,0,1,0,0,0,0,0,0,0,0,0,0
2022-08-30,花叶类,224.727,952.8636,252,15,599.32884,252,4.240093980696579,2.3782890476190475,8,2,0,0,0,0,0,0,1,0,0,0,0,1,0,0,0,0,0
2022-08-31,花叶类,203.409,872.7332,211,15,530.47302,211,4.290533850517923,2.5140901421800947,8,3,0,0,0,0,0,0,1,0,0,0,0,0,1,0,0,0,0
2022-09-01,花叶类,271.034,1204.202,289,16,794.9483799999999,289,4.442992392098408,2.750686435986159,9,4,0,0,0,0,0,0,0,1,0,0,0,0,0,1,0,0,0
2022-09-02,花叶类,267.717,1287.577,291,18,889.51102,291,4.8094704482718695,3.056738900343643,9,5,0,0,0,0,0,0,0,1,0,0,0,0,0,0,1,0,0
2022-09-03,花叶类,333.715,1644.2162,363,18,1062.58801,363,4.927007176782585,2.9272396969696968,9,6,0,0,0,0,0,0,0,1,0,0,0,0,0,0,0,1,0
2022-09-04,花叶类,408.528,2026.066,427,18,1370.67857,427,4.959429953393648,3.2100200702576114,9,7,0,0,0,0,0,0,0,1,0,0,0,0,0,0,0,0,1
2022-09-05,花叶类,202.456,1207.0328,233,16,670.56559,233,5.961951238787687,2.8779639055793993,9,1,0,0,0,0,0,0,0,1,0,0,0,0,0,0,0,0,0
2022-09-06,花叶类,178.559,1149.0188,207,16,630.3360299999999,207,6.434953152739431,3.0451015942028983,9,2,0,0,0,0,0,0,0,1,0,0,0,1,0,0,0,0,0
2022-09-07,花叶类,204.624,1271.5916,222,14,513.15477,222,6.214283759480804,2.311507972972973,9,3,0,0,0,0,0,0,0,1,0,0,0,0,1,0,0,0,0
2022-09-08,花叶类,176.914,1199.5628,221,17,633.47121,221,6.780485433600506,2.86638556561086,9,4,0,0,0,0,0,0,0,1,0,0,0,0,0,1,0,0,0
2022-09-09,花叶类,212.923,1404.556,250,18,770.28075,250,6.596544290659065,3.081123,9,5,0,0,0,0,0,0,0,1,0,0,0,0,0,0,1,0,0
2022-09-10,花叶类,399.263,2652.9512,522,19,1421.30525,522,6.644620713664928,2.7228069923371647,9,6,0,0,0,0,0,0,0,1,0,0,0,0,0,0,0,1,0
2022-09-11,花叶类,289.554,1937.6960000000001,364,19,1026.23089,364,6.692002182667138,2.819315631868132,9,7,0,0,0,0,0,0,0,1,0,0,0,0,0,0,0,0,1
2022-09-12,花叶类,261.19,1711.4432,332,19,909.73915,332,6.552483632604617,2.7401781626506025,9,1,0,0,0,0,0,0,0,1,0,0,0,0,0,0,0,0,0
2022-09-13,花叶类,152.625,1015.3216,202,17,542.01751,202,6.652393775593776,2.683255,9,2,0,0,0,0,0,0,0,1,0,0,0,1,0,0,0,0,0
2022-09-14,花叶类,130.157,809.6104,161,17,388.27433,161,6.220260147360495,2.411641801242236,9,3,0,0,0,0,0,0,0,1,0,0,0,0,1,0,0,0,0
2022-09-15,花叶类,118.569,763.5448,149,14,381.40233,149,6.439666354612083,2.5597471812080537,9,4,0,0,0,0,0,0,0,1,0,0,0,0,0,1,0,0,0
2022-09-16,花叶类,130.133,829.33,170,19,416.81317,170,6.372941529051047,2.4518421764705884,9,5,0,0,0,0,0,0,0,1,0,0,0,0,0,0,1,0,0
2022-09-17,花叶类,271.045,1666.6628,326,19,884.96877,326,6.149026176465163,2.714628128834356,9,6,0,0,0,0,0,0,0,1,0,0,0,0,0,0,0,1,0
2022-09-18,花叶类,308.257,1722.2012,387,18,901.64863,387,5.586900540782529,2.3298414211886307,9,7,0,0,0,0,0,0,0,1,0,0,0,0,0,0,0,0,1
2022-09-19,花叶类,151.608,850.5988,210,18,480.0996,210,5.610513957047122,2.2861885714285717,9,1,0,0,0,0,0,0,0,1,0,0,0,0,0,0,0,0,0
2022-09-20,花叶类,178.637,947.2284,252,19,521.4583,252,5.302531950267862,2.0692789682539683,9,2,0,0,0,0,0,0,0,1,0,0,0,1,0,0,0,0,0
2022-09-21,花叶类,162.558,821.9996,214,20,435.24447,214,5.056654240332682,2.033852663551402,9,3,0,0,0,0,0,0,0,1,0,0,0,0,1,0,0,0,0
2022-09-22,花叶类,153.00900000000001,800.3442,201,18,434.21192,201,5.230700154892849,2.1602583084577116,9,4,0,0,0,0,0,0,0,1,0,0,0,0,0,1,0,0,0
2022-09-23,花叶类,164.335,832.172,232,17,426.53772,232,5.063875619922719,1.8385246551724137,9,5,0,0,0,0,0,0,0,1,0,0,0,0,0,0,1,0,0
2022-09-24,花叶类,282.954,1514.3310000000001,388,19,735.01469,388,5.351862846964525,1.8943677577319586,9,6,0,0,0,0,0,0,0,1,0,0,0,0,0,0,0,1,0
2022-09-25,花叶类,248.889,1185.1096,310,19,521.46189,310,4.7615989457147565,1.6821351290322581,9,7,0,0,0,0,0,0,0,1,0,0,0,0,0,0,0,0,1
2022-09-26,花叶类,134.761,711.5392,179,19,339.90798,179,5.280008311009863,1.8989272625698324,9,1,0,0,0,0,0,0,0,1,0,0,0,0,0,0,0,0,0
2022-09-27,花叶类,95.891,481.0074,132,15,204.82958,132,5.01618921483768,1.5517392424242424,9,2,0,0,0,0,0,0,0,1,0,0,0,1,0,0,0,0,0
2022-09-28,花叶类,103.124,500.1332,134,16,226.06665,134,4.84982351344013,1.6870645522388061,9,3,0,0,0,0,0,0,0,1,0,0,0,0,1,0,0,0,0
2022-09-29,花叶类,117.757,560.3396,154,19,252.05035999999998,154,4.758439837971416,1.6366906493506492,9,4,0,0,0,0,0,0,0,1,0,0,0,0,0,1,0,0,0
2022-09-30,花叶类,173.098,805.2442,240,18,367.91356,240,4.651955539636506,1.5329731666666668,9,5,0,0,0,0,0,0,0,1,0,0,0,0,0,0,1,0,0
2022-10-01,花叶类,268.48,1252.5794,360,21,585.14032,360,4.665447705601907,1.6253897777777777,10,6,0,0,0,0,0,0,0,0,1,0,0,0,0,0,0,1,0
2022-10-02,花叶类,236.473,1159.3634,310,16,565.80364,310,4.902730544290468,1.8251730322580644,10,7,0,0,0,0,0,0,0,0,1,0,0,0,0,0,0,0,1
2022-10-03,花叶类,249.427,1101.1468,305,17,497.94187999999997,305,4.414705705476953,1.6325963278688524,10,1,0,0,0,0,0,0,0,0,1,0,0,0,0,0,0,0,0
2022-10-04,花叶类,325.918,1570.4668,384,19,728.6978799999999,384,4.818594861284127,1.8976507291666664,10,2,0,0,0,0,0,0,0,0,1,0,0,1,0,0,0,0,0
2022-10-05,花叶类,373.666,1752.4306,441,20,804.61878,441,4.689831560805639,1.824532380952381,10,3,0,0,0,0,0,0,0,0,1,0,0,0,1,0,0,0,0
2022-10-06,花叶类,353.217,1476.3984,419,16,692.24611,419,4.179862237661268,1.6521386873508355,10,4,0,0,0,0,0,0,0,0,1,0,0,0,0,1,0,0,0
2022-10-07,花叶类,456.773,2025.8162,521,14,1061.44306,521,4.4350611791852845,2.0373187332053746,10,5,0,0,0,0,0,0,0,0,1,0,0,0,0,0,1,0,0
2022-10-08,花叶类,307.779,1334.9582,356,17,649.16702,356,4.337392089778705,1.8235028651685392,10,6,0,0,0,0,0,0,0,0,1,0,0,0,0,0,0,1,0
2022-10-09,花叶类,268.075,1207.9198,321,16,589.73672,321,4.505902452671827,1.837186043613707,10,7,0,0,0,0,0,0,0,0,1,0,0,0,0,0,0,0,1
2022-10-10,花叶类,230.65,1057.3636,269,15,506.30692,269,4.584277476696292,1.8821818587360595,10,1,0,0,0,0,0,0,0,0,1,0,0,0,0,0,0,0,0
2022-10-11,花叶类,157.759,726.8318,198,13,370.26988,198,4.607228747646728,1.870049898989899,10,2,0,0,0,0,0,0,0,0,1,0,0,1,0,0,0,0,0
2022-10-12,花叶类,177.312,779.2144,203,14,381.22519,203,4.3945948384768085,1.8779566009852218,10,3,0,0,0,0,0,0,0,0,1,0,0,0,1,0,0,0,0
2022-10-13,花叶类,142.085,614.5812,171,15,291.9134,171,4.325447443431748,1.7070959064327487,10,4,0,0,0,0,0,0,0,0,1,0,0,0,0,1,0,0,0
2022-10-14,花叶类,56.637,263.0692,70,15,126.81956,70,4.644829351837139,1.8117079999999999,10,5,0,0,0,0,0,0,0,0,1,0,0,0,0,0,1,0,0
2022-10-15,花叶类,322.574,1417.4014,400,15,682.60198,400,4.394034857118056,1.70650495,10,6,0,0,0,0,0,0,0,0,1,0,0,0,0,0,0,1,0
2022-10-16,花叶类,313.582,1347.5472,387,16,655.20777,387,4.297272164856401,1.6930433333333332,10,7,0,0,0,0,0,0,0,0,1,0,0,0,0,0,0,0,1
2022-10-17,花叶类,186.582,767.058,227,15,376.93453,227,4.111103965012703,1.6605045374449339,10,1,0,0,0,0,0,0,0,0,1,0,0,0,0,0,0,0,0
2022-10-18,花叶类,205.504,917.71,269,16,470.72283,269,4.4656551697290565,1.7498989962825278,10,2,0,0,0,0,0,0,0,0,1,0,0,1,0,0,0,0,0
2022-10-19,花叶类,163.822,704.3856,215,14,395.12674,215,4.299700894873704,1.8377987906976743,10,3,0,0,0,0,0,0,0,0,1,0,0,0,1,0,0,0,0
2022-10-20,花叶类,177.522,719.857,210,17,362.7289,210,4.055029799123489,1.7272804761904763,10,4,0,0,0,0,0,0,0,0,1,0,0,0,0,1,0,0,0
2022-10-21,花叶类,613.973,2548.446,667,20,1278.85535,667,4.15074604257842,1.9173243628185908,10,5,0,0,0,0,0,0,0,0,1,0,0,0,0,0,1,0,0
2022-10-22,花叶类,284.104,1156.9462,328,17,550.63347,328,4.072262974122153,1.6787605792682927,10,6,0,0,0,0,0,0,0,0,1,0,0,0,0,0,0,1,0
2022-10-23,花叶类,200.892,867.5434,256,14,429.25723,256,4.318456683192959,1.6767860546875,10,7,0,0,0,0,0,0,0,0,1,0,0,0,0,0,0,0,1
2022-10-24,花叶类,163.326,675.2516,192,15,368.64973,192,4.134379094571593,1.9200506770833332,10,1,0,0,0,0,0,0,0,0,1,0,0,0,0,0,0,0,0
2022-10-25,花叶类,162.908,696.9634,197,15,382.39843,197,4.278263805337982,1.9411087817258885,10,2,0,0,0,0,0,0,0,0,1,0,0,1,0,0,0,0,0
2022-10-26,花叶类,165.091,664.2524,199,15,365.19805,199,4.023553070730688,1.8351660804020102,10,3,0,0,0,0,0,0,0,0,1,0,0,0,1,0,0,0,0
2022-10-27,花叶类,145.988,587.4634,187,16,311.30573,187,4.024052661862619,1.664736524064171,10,4,0,0,0,0,0,0,0,0,1,0,0,0,0,1,0,0,0
2022-10-28,花叶类,169.963,693.5364,206,15,353.80334,206,4.0805139942222715,1.7174919417475727,10,5,0,0,0,0,0,0,0,0,1,0,0,0,0,0,1,0,0
2022-10-29,花叶类,289.131,1192.2806,360,16,608.63377,360,4.123669201849681,1.690649361111111,10,6,0,0,0,0,0,0,0,0,1,0,0,0,0,0,0,1,0
2022-10-30,花叶类,202.897,1022.5636,378,18,614.86483,378,5.039816261452855,1.6266265343915343,10,7,0,0,0,0,0,0,0,0,1,0,0,0,0,0,0,0,1
2022-10-31,花叶类,85.398,494.393,173,15,293.30412,173,5.789280779409354,1.6953995375722544,10,1,0,0,0,0,0,0,0,0,1,0,0,0,0,0,0,0,0
2022-11-01,花叶类,95.544,489.923,178,16,281.84131,178,5.12772125931508,1.583378146067416,11,2,0,0,0,0,0,0,0,0,0,1,0,1,0,0,0,0,0
2022-11-03,花叶类,80.973,443.1502,172,18,255.37218,172,5.472814394921764,1.484721976744186,11,4,0,0,0,0,0,0,0,0,0,1,0,0,0,1,0,0,0
2022-11-05,花叶类,168.851,850.063,332,16,486.12161,332,5.034397190422325,1.4642217168674698,11,6,0,0,0,0,0,0,0,0,0,1,0,0,0,0,0,1,0
2022-11-06,花叶类,162.064,726.2628,315,17,430.55135,315,4.481333300424524,1.3668296825396826,11,7,0,0,0,0,0,0,0,0,0,1,0,0,0,0,0,0,1
2022-11-07,花叶类,102.677,441.9412,192,15,243.6022,192,4.304188864107833,1.2687614583333333,11,1,0,0,0,0,0,0,0,0,0,1,0,0,0,0,0,0,0
2022-11-08,花叶类,96.371,400.1634,158,18,208.38012,158,4.152321756545019,1.3188615189873418,11,2,0,0,0,0,0,0,0,0,0,1,0,1,0,0,0,0,0
2022-11-09,花叶类,94.56,340.033,129,16,173.129,129,3.5959496615905246,1.3420852713178293,11,3,0,0,0,0,0,0,0,0,0,1,0,0,1,0,0,0,0
2022-11-10,花叶类,102.059,331.5884,138,21,171.95972,138,3.248987350454149,1.246084927536232,11,4,0,0,0,0,0,0,0,0,0,1,0,0,0,1,0,0,0
2022-11-11,花叶类,147.21,476.0468,188,22,226.08247,188,3.233793899870933,1.202566329787234,11,5,0,0,0,0,0,0,0,0,0,1,0,0,0,0,1,0,0
2022-11-12,花叶类,274.677,853.2066,365,20,405.66877,365,3.1062178486003558,1.1114212876712328,11,6,0,0,0,0,0,0,0,0,0,1,0,0,0,0,0,1,0
2022-11-13,花叶类,282.032,803.1566,373,20,358.72523,373,2.847749900720486,0.9617298391420912,11,7,0,0,0,0,0,0,0,0,0,1,0,0,0,0,0,0,1
2022-11-14,花叶类,131.632,341.07099999999997,163,16,145.77925,163,2.5910948705481944,0.8943512269938649,11,1,0,0,0,0,0,0,0,0,0,1,0,0,0,0,0,0,0
2022-11-15,花叶类,127.843,355.8936,149,19,124.33723,149,2.783833295526544,0.8344780536912753,11,2,0,0,0,0,0,0,0,0,0,1,0,1,0,0,0,0,0
2022-11-16,花叶类,149.406,436.1956,179,20,212.0936,179,2.9195320134398886,1.1848804469273744,11,3,0,0,0,0,0,0,0,0,0,1,0,0,1,0,0,0,0
2022-11-17,花叶类,167.727,484.8272,197,20,208.8049,197,2.8905733722060254,1.059923350253807,11,4,0,0,0,0,0,0,0,0,0,1,0,0,0,1,0,0,0
2022-11-18,花叶类,286.966,831.5598,338,20,354.01944000000003,338,2.897764195061436,1.0473947928994083,11,5,0,0,0,0,0,0,0,0,0,1,0,0,0,0,1,0,0
2022-11-19,花叶类,1213.473,3566.8856,1385,25,1284.23769,1385,2.9394025248192586,0.9272474296028881,11,6,0,0,0,0,0,0,0,0,0,1,0,0,0,0,0,1,0
2022-11-20,花叶类,144.034,491.8012,209,18,207.62073999999998,209,3.4144799144646405,0.9934006698564593,11,7,0,0,0,0,0,0,0,0,0,1,0,0,0,0,0,0,1
2022-11-21,花叶类,751.168,2582.5292,891,23,1411.10924,891,3.4380181264377607,1.5837365207631875,11,1,0,0,0,0,0,0,0,0,0,1,0,0,0,0,0,0,0
2022-11-22,花叶类,170.192,509.0032,199,19,237.58852,199,2.990758672558052,1.19391216080402,11,2,0,0,0,0,0,0,0,0,0,1,0,1,0,0,0,0,0
2022-11-23,花叶类,244.572,697.6224,248,20,371.37957,248,2.8524213728472594,1.4974982661290324,11,3,0,0,0,0,0,0,0,0,0,1,0,0,1,0,0,0,0
2022-11-24,花叶类,260.618,831.5844,284,16,312.26608,284,3.1908172113975244,1.0995284507042253,11,4,0,0,0,0,0,0,0,0,0,1,0,0,0,1,0,0,0
2022-11-25,花叶类,228.796,701.4182,226,18,255.12091999999998,226,3.0656925820381473,1.128853628318584,11,5,0,0,0,0,0,0,0,0,0,1,0,0,0,0,1,0,0
2022-11-26,花叶类,352.511,1096.8766,348,16,461.30337000000003,348,3.11160956679366,1.3255843965517242,11,6,0,0,0,0,0,0,0,0,0,1,0,0,0,0,0,1,0
2022-11-27,花叶类,40.471,123.9824,39,10,55.83801,39,3.0634874354476045,1.431743846153846,11,7,0,0,0,0,0,0,0,0,0,1,0,0,0,0,0,0,1
2022-11-28,花叶类,40.862,104.1144,33,10,48.08452,33,2.547951642112476,1.4571066666666666,11,1,0,0,0,0,0,0,0,0,0,1,0,0,0,0,0,0,0
2022-11-29,花叶类,31.298,92.7414,35,11,37.7205,35,2.963173365710269,1.0777285714285714,11,2,0,0,0,0,0,0,0,0,0,1,0,1,0,0,0,0,0
2022-12-04,花叶类,86.399,295.0424,108,10,138.851,108,3.414882116691165,1.2856574074074074,12,7,0,0,0,0,0,0,0,0,0,0,1,0,0,0,0,0,1
2022-12-05,花叶类,170.093,558.7841999999999,186,11,268.93524,186,3.2851687018278235,1.4458883870967743,12,1,0,0,0,0,0,0,0,0,0,0,1,0,0,0,0,0,0
2022-12-06,花叶类,209.171,809.3966,277,14,438.0121,277,3.869545013410081,1.581271119133574,12,2,0,0,0,0,0,0,0,0,0,0,1,1,0,0,0,0,0
2022-12-07,花叶类,235.787,774.432,268,13,384.27456,268,3.284455886032733,1.4338602985074627,12,3,0,0,0,0,0,0,0,0,0,0,1,0,1,0,0,0,0
2022-12-08,花叶类,150.924,459.253,174,14,232.87358,174,3.0429421430653836,1.338353908045977,12,4,0,0,0,0,0,0,0,0,0,0,1,0,0,1,0,0,0
2022-12-09,花叶类,123.88,459.6118,156,14,271.18188,156,3.7101372295770103,1.7383453846153845,12,5,0,0,0,0,0,0,0,0,0,0,1,0,0,0,1,0,0
2022-12-10,花叶类,221.009,774.266,269,17,431.66552,269,3.5033233940699247,1.6047045353159852,12,6,0,0,0,0,0,0,0,0,0,0,1,0,0,0,0,1,0
2022-12-11,花叶类,199.007,667.8418,234,18,361.54882000000003,234,3.3558708990136026,1.5450804273504275,12,7,0,0,0,0,0,0,0,0,0,0,1,0,0,0,0,0,1
2022-12-12,花叶类,154.035,511.9146,180,16,280.87073,180,3.3233654688869416,1.5603929444444444,12,1,0,0,0,0,0,0,0,0,0,0,1,0,0,0,0,0,0
2022-12-13,花叶类,179.802,544.741,213,17,310.18797,213,3.029671527569215,1.4562815492957746,12,2,0,0,0,0,0,0,0,0,0,0,1,1,0,0,0,0,0
2022-12-14,花叶类,219.115,671.9872,225,18,376.78295,225,3.0668242703603132,1.674590888888889,12,3,0,0,0,0,0,0,0,0,0,0,1,0,1,0,0,0,0
2022-12-15,花叶类,291.759,879.483,313,16,485.75353,313,3.014416007732409,1.5519282108626198,12,4,0,0,0,0,0,0,0,0,0,0,1,0,0,1,0,0,0
2022-12-16,花叶类,306.951,868.2426,323,15,434.28679,323,2.828603262409961,1.3445411455108358,12,5,0,0,0,0,0,0,0,0,0,0,1,0,0,0,1,0,0
2022-12-17,花叶类,265.09,951.5306,361,21,540.81065,361,3.58946244671621,1.4980904432132964,12,6,0,0,0,0,0,0,0,0,0,0,1,0,0,0,0,1,0
2022-12-18,花叶类,295.364,926.2246,352,15,472.48267,352,3.135875055863274,1.3422803125,12,7,0,0,0,0,0,0,0,0,0,0,1,0,0,0,0,0,1
2022-12-19,花叶类,200.178,789.5082,266,15,444.98252,266,3.9440308125768064,1.6728666165413535,12,1,0,0,0,0,0,0,0,0,0,0,1,0,0,0,0,0,0
2022-12-20,花叶类,251.224,783.2078,296,14,451.46979,296,3.117567589083846,1.525235777027027,12,2,0,0,0,0,0,0,0,0,0,0,1,1,0,0,0,0,0
2022-12-21,花叶类,285.265,1019.3614,349,18,583.66072,349,3.5733840464129845,1.6723802865329511,12,3,0,0,0,0,0,0,0,0,0,0,1,0,1,0,0,0,0
2022-12-22,花叶类,217.75,852.395,267,16,481.98835,267,3.9145579793340985,1.8051998127340825,12,4,0,0,0,0,0,0,0,0,0,0,1,0,0,1,0,0,0
2022-12-23,花叶类,195.623,748.8188,234,13,449.7641,234,3.827866866370519,1.9220688034188034,12,5,0,0,0,0,0,0,0,0,0,0,1,0,0,0,1,0,0
2022-12-24,花叶类,274.955,940.3332,312,12,547.00657,312,3.419953083231802,1.7532261858974358,12,6,0,0,0,0,0,0,0,0,0,0,1,0,0,0,0,1,0
2022-12-25,花叶类,350.94,1236.669,414,15,737.8237399999999,414,3.5238758762181575,1.7821829468599033,12,7,0,0,0,0,0,0,0,0,0,0,1,0,0,0,0,0,1
2022-12-26,花叶类,232.075,882.5618,276,16,564.26256,276,3.802916298610363,2.044429565217391,12,1,0,0,0,0,0,0,0,0,0,0,1,0,0,0,0,0,0
2022-12-27,花叶类,228.592,803.9272,266,12,529.18643,266,3.516864982151606,1.9894226691729322,12,2,0,0,0,0,0,0,0,0,0,0,1,1,0,0,0,0,0
2022-12-28,花叶类,250.429,942.306,295,16,598.67806,295,3.762767091670693,2.0294171525423725,12,3,0,0,0,0,0,0,0,0,0,0,1,0,1,0,0,0,0
2022-12-29,花叶类,222.635,844.0208,261,16,525.25191,261,3.791051721427449,2.012459425287356,12,4,0,0,0,0,0,0,0,0,0,0,1,0,0,1,0,0,0
2022-12-30,花叶类,228.35,831.7028,261,16,500.54422,261,3.642228158528575,1.9177939463601532,12,5,0,0,0,0,0,0,0,0,0,0,1,0,0,0,1,0,0
2022-12-31,花叶类,307.509,1134.888,349,14,721.40617,349,3.690584665814659,2.067066389684814,12,6,0,0,0,0,0,0,0,0,0,0,1,0,0,0,0,1,0
2023-01-01,花叶类,304.635,1235.2808,356,14,745.28327,356,4.0549536330362566,2.0934923314606744,1,7,0,0,0,0,0,0,0,0,0,0,0,0,0,0,0,0,1
2023-01-02,花叶类,276.026,1077.6312,309,12,594.07021,309,3.904093092679675,1.9225573139158576,1,1,0,0,0,0,0,0,0,0,0,0,0,0,0,0,0,0,0
2023-01-03,花叶类,181.984,753.3276,223,13,442.8859,223,4.139526551784772,1.9860354260089685,1,2,0,0,0,0,0,0,0,0,0,0,0,1,0,0,0,0,0
2023-01-04,花叶类,150.91,665.5416,189,14,387.36633,189,4.41018885428401,2.0495573015873014,1,3,0,0,0,0,0,0,0,0,0,0,0,0,1,0,0,0,0
2023-01-05,花叶类,165.069,767.428,211,14,416.64405,211,4.649134604316983,1.9746163507109005,1,4,0,0,0,0,0,0,0,0,0,0,0,0,0,1,0,0,0
2023-01-06,花叶类,161.912,707.9876,194,14,396.54304,194,4.372669104204753,2.044036288659794,1,5,0,0,0,0,0,0,0,0,0,0,0,0,0,0,1,0,0
2023-01-07,花叶类,159.324,790.5194,214,19,458.37198,214,4.961709472521402,2.141925140186916,1,6,0,0,0,0,0,0,0,0,0,0,0,0,0,0,0,1,0
2023-01-08,花叶类,196.286,876.9596,246,18,508.0546,246,4.467764384622439,2.0652626016260163,1,7,0,0,0,0,0,0,0,0,0,0,0,0,0,0,0,0,1
2023-01-09,花叶类,157.866,747.3388,176,17,421.5231,176,4.734007322666058,2.3950176136363637,1,1,0,0,0,0,0,0,0,0,0,0,0,0,0,0,0,0,0
2023-01-10,花叶类,174.803,813.3306,209,18,438.22674,209,4.652841198377602,2.0967786602870815,1,2,0,0,0,0,0,0,0,0,0,0,0,1,0,0,0,0,0
2023-01-11,花叶类,156.831,753.4676000000001,180,17,425.31795999999997,180,4.804328225924722,2.3628775555555555,1,3,0,0,0,0,0,0,0,0,0,0,0,0,1,0,0,0,0
2023-01-12,花叶类,167.359,762.243,198,15,412.21729,198,4.554538447289958,2.081905505050505,1,4,0,0,0,0,0,0,0,0,0,0,0,0,0,1,0,0,0
2023-01-13,花叶类,196.982,926.2008000000001,239,15,494.23971,239,4.701956523946351,2.0679485774058577,1,5,0,0,0,0,0,0,0,0,0,0,0,0,0,0,1,0,0
2023-01-14,花叶类,427.993,2093.647,493,15,1133.96454,493,4.891778603855671,2.3001309127789047,1,6,0,0,0,0,0,0,0,0,0,0,0,0,0,0,0,1,0
2023-01-15,花叶类,268.18,1334.9,322,14,736.62584,322,4.977626966962488,2.287657888198758,1,7,0,0,0,0,0,0,0,0,0,0,0,0,0,0,0,0,1
2023-01-16,花叶类,207.173,988.3856000000001,247,12,546.27468,247,4.770822452732741,2.2116383805668014,1,1,0,0,0,0,0,0,0,0,0,0,0,0,0,0,0,0,0
2023-01-17,花叶类,171.498,958.3484,212,14,528.0776500000001,212,5.588102485160177,2.490932311320755,1,2,0,0,0,0,0,0,0,0,0,0,0,1,0,0,0,0,0
2023-01-18,花叶类,261.544,1410.9884,328,12,781.38548,328,5.394841403358518,2.382272804878049,1,3,0,0,0,0,0,0,0,0,0,0,0,0,1,0,0,0,0
2023-01-19,花叶类,363.429,2132.0392,438,13,1163.84203,438,5.866453144905884,2.657173584474886,1,4,0,0,0,0,0,0,0,0,0,0,0,0,0,1,0,0,0
2023-01-20,花叶类,578.656,3866.9624,761,15,2024.27265,761,6.682661892385114,2.660016622864652,1,5,0,0,0,0,0,0,0,0,0,0,0,0,0,0,1,0,0
2023-01-22,花叶类,211.378,1505.8592,292,13,838.75326,292,7.1240110134451085,2.8724426712328768,1,7,0,0,0,0,0,0,0,0,0,0,0,0,0,0,0,0,1
2023-01-23,花叶类,283.984,1988.2456,379,13,1001.18379,379,7.00125922587188,2.641645883905013,1,1,0,0,0,0,0,0,0,0,0,0,0,0,0,0,0,0,0
2023-01-24,花叶类,203.447,1119.95,287,9,681.67466,287,5.504873505138931,2.375173031358885,1,2,0,0,0,0,0,0,0,0,0,0,0,1,0,0,0,0,0
2023-01-25,花叶类,245.072,1957.5438000000001,352,10,1213.42536,352,7.987627309525364,3.4472311363636363,1,3,0,0,0,0,0,0,0,0,0,0,0,0,1,0,0,0,0
2023-01-26,花叶类,272.125,2322.2886,416,10,1538.58313,416,8.533903904455672,3.698517139423077,1,4,0,0,0,0,0,0,0,0,0,0,0,0,0,1,0,0,0
2023-01-27,花叶类,283.135,2021.0304,456,10,1182.75713,456,7.138045102159747,2.593765635964912,1,5,0,0,0,0,0,0,0,0,0,0,0,0,0,0,1,0,0
2023-01-28,花叶类,235.443,1705.154,332,10,983.92591,332,7.242321920804611,2.9636322590361446,1,6,0,0,0,0,0,0,0,0,0,0,0,0,0,0,0,1,0
2023-01-29,花叶类,229.694,1388.4644,312,13,907.98214,312,6.044844009856592,2.9101991666666667,1,7,0,0,0,0,0,0,0,0,0,0,0,0,0,0,0,0,1
2023-01-30,花叶类,211.18,1171.8548,248,11,759.05614,248,5.549080405341415,3.060710241935484,1,1,0,0,0,0,0,0,0,0,0,0,0,0,0,0,0,0,0
2023-01-31,花叶类,189.836,1221.2896,244,15,774.63796,244,6.433393033987231,3.174745737704918,1,2,0,0,0,0,0,0,0,0,0,0,0,1,0,0,0,0,0
2023-02-01,花叶类,150.42,1012.9592,215,15,671.00097,215,6.734205557771573,3.1209347441860467,2,3,1,0,0,0,0,0,0,0,0,0,0,0,1,0,0,0,0
2023-02-02,花叶类,185.688,1078.8902,242,14,745.35134,242,5.810231140407566,3.0799642148760333,2,4,1,0,0,0,0,0,0,0,0,0,0,0,0,1,0,0,0
2023-02-03,花叶类,179.282,1144.8684,253,14,828.93603,253,6.385852455907453,3.2764269960474306,2,5,1,0,0,0,0,0,0,0,0,0,0,0,0,0,1,0,0
2023-02-04,花叶类,244.725,1691.3176,345,18,1156.33077,345,6.9110944938195935,3.351683391304348,2,6,1,0,0,0,0,0,0,0,0,0,0,0,0,0,0,1,0
2023-02-05,花叶类,272.351,1755.1028000000001,363,17,1101.20048,363,6.44426787491142,3.033610137741047,2,7,1,0,0,0,0,0,0,0,0,0,0,0,0,0,0,0,1
2023-02-06,花叶类,168.042,859.7388,211,16,505.01404,211,5.116213803691934,2.393431469194313,2,1,1,0,0,0,0,0,0,0,0,0,0,0,0,0,0,0,0
2023-02-07,花叶类,143.34,743.7436,174,16,441.49143,174,5.1886675038370305,2.537307068965517,2,2,1,0,0,0,0,0,0,0,0,0,0,1,0,0,0,0,0
2023-02-08,花叶类,141.576,843.2268,186,15,501.68787,186,5.9560010171215465,2.6972466129032258,2,3,1,0,0,0,0,0,0,0,0,0,0,0,1,0,0,0,0
2023-02-09,花叶类,178.645,995.6908,229,17,587.97289,229,5.573572168266674,2.5675672052401746,2,4,1,0,0,0,0,0,0,0,0,0,0,0,0,1,0,0,0
2023-02-10,花叶类,166.847,933.5128,197,18,539.73161,197,5.595022985130089,2.739754365482234,2,5,1,0,0,0,0,0,0,0,0,0,0,0,0,0,1,0,0
2023-02-11,花叶类,240.908,1417.1924000000001,324,19,888.33937,324,5.882712072658443,2.741788179012346,2,6,1,0,0,0,0,0,0,0,0,0,0,0,0,0,0,1,0
2023-02-12,花叶类,307.307,1595.4994,375,18,931.12202,375,5.191874574936464,2.482992053333333,2,7,1,0,0,0,0,0,0,0,0,0,0,0,0,0,0,0,1
2023-02-13,花叶类,213.189,1042.986,263,19,565.60317,263,4.892306826337195,2.1505823954372625,2,1,1,0,0,0,0,0,0,0,0,0,0,0,0,0,0,0,0
2023-02-14,花叶类,153.034,779.8062,191,15,431.81533,191,5.095640184534156,2.2608132460732984,2,2,1,0,0,0,0,0,0,0,0,0,0,1,0,0,0,0,0
2023-02-15,花叶类,163.83,836.4596,195,18,469.29188,195,5.105655862784594,2.4066250256410258,2,3,1,0,0,0,0,0,0,0,0,0,0,0,1,0,0,0,0
2023-02-16,花叶类,144.735,727.0418,183,18,415.38205,183,5.023261823332296,2.269847267759563,2,4,1,0,0,0,0,0,0,0,0,0,0,0,0,1,0,0,0
2023-02-17,花叶类,135.609,780.0024,180,21,444.99549,180,5.751848328650753,2.4721971666666667,2,5,1,0,0,0,0,0,0,0,0,0,0,0,0,0,1,0,0
2023-02-18,花叶类,282.815,1776.4636,376,21,1043.24044,376,6.281362728285275,2.7745756382978723,2,6,1,0,0,0,0,0,0,0,0,0,0,0,0,0,0,1,0
2023-02-19,花叶类,181.404,1056.1448,225,21,634.81284,225,5.822059050517078,2.8213904000000003,2,7,1,0,0,0,0,0,0,0,0,0,0,0,0,0,0,0,1
2023-02-20,花叶类,108.164,562.004,133,19,324.59266,133,5.1958507451647495,2.440546315789474,2,1,1,0,0,0,0,0,0,0,0,0,0,0,0,0,0,0,0
2023-02-21,花叶类,124.047,679.429,147,16,408.73656,147,5.477190097301829,2.7805208163265305,2,2,1,0,0,0,0,0,0,0,0,0,0,1,0,0,0,0,0
2023-02-22,花叶类,108.874,624.1778,139,17,369.18744,139,5.733029006006944,2.6560247482014385,2,3,1,0,0,0,0,0,0,0,0,0,0,0,1,0,0,0,0
2023-02-23,花叶类,126.467,686.8976,166,19,419.42502,166,5.431437450085793,2.526656746987952,2,4,1,0,0,0,0,0,0,0,0,0,0,0,0,1,0,0,0
2023-02-24,花叶类,119.956,659.7180000000001,148,15,375.56683,148,5.499666544399614,2.537613716216216,2,5,1,0,0,0,0,0,0,0,0,0,0,0,0,0,1,0,0
2023-02-25,花叶类,180.47,1027.1502,227,17,662.09842,227,5.691528785947804,2.916733127753304,2,6,1,0,0,0,0,0,0,0,0,0,0,0,0,0,0,1,0
2023-02-26,花叶类,196.01,986.9628,249,20,584.11745,249,5.035267588388348,2.3458532128514054,2,7,1,0,0,0,0,0,0,0,0,0,0,0,0,0,0,0,1
2023-02-27,花叶类,128.926,695.2076,156,15,406.64169,156,5.39229945860416,2.6066775,2,1,1,0,0,0,0,0,0,0,0,0,0,0,0,0,0,0,0
2023-02-28,花叶类,107.968,573.9288,141,20,323.49645,141,5.315730586840545,2.294301063829787,2,2,1,0,0,0,0,0,0,0,0,0,0,1,0,0,0,0,0
2023-03-01,花叶类,117.125,587.2802,146,17,322.43947,146,5.014131910352188,2.208489520547945,3,3,0,1,0,0,0,0,0,0,0,0,0,0,1,0,0,0,0
2023-03-02,花叶类,95.001,497.7764,117,17,268.42429,117,5.239696424248166,2.2942247008547008,3,4,0,1,0,0,0,0,0,0,0,0,0,0,0,1,0,0,0
2023-03-03,花叶类,118.142,559.221,132,16,289.72624,132,4.733464813529482,2.1948957575757575,3,5,0,1,0,0,0,0,0,0,0,0,0,0,0,0,1,0,0
2023-03-04,花叶类,142.918,748.1904000000001,171,19,388.72996,171,5.235102646272688,2.273274619883041,3,6,0,1,0,0,0,0,0,0,0,0,0,0,0,0,0,1,0
2023-03-05,花叶类,152.491,831.3032000000001,181,17,414.47043,181,5.451490251883718,2.2898918784530387,3,7,0,1,0,0,0,0,0,0,0,0,0,0,0,0,0,0,1
2023-03-06,花叶类,90.018,516.4830000000001,107,15,282.66095,107,5.7375524895021,2.6416911214953274,3,1,0,1,0,0,0,0,0,0,0,0,0,0,0,0,0,0,0
2023-03-07,花叶类,106.406,589.0918,131,17,307.19867,131,5.536264872281638,2.3450280152671756,3,2,0,1,0,0,0,0,0,0,0,0,0,1,0,0,0,0,0
2023-03-08,花叶类,104.807,599.508,138,14,311.95966,138,5.720114114515252,2.2605772463768115,3,3,0,1,0,0,0,0,0,0,0,0,0,0,1,0,0,0,0
2023-03-09,花叶类,99.336,585.549,130,18,290.90481,130,5.894630345494081,2.2377293076923075,3,4,0,1,0,0,0,0,0,0,0,0,0,0,0,1,0,0,0
2023-03-10,花叶类,97.762,543.0666,140,14,283.09076,140,5.554986600110472,2.022076857142857,3,5,0,1,0,0,0,0,0,0,0,0,0,0,0,0,1,0,0
2023-03-11,花叶类,181.131,953.4852,227,16,467.91425,227,5.264064130380774,2.061296255506608,3,6,0,1,0,0,0,0,0,0,0,0,0,0,0,0,0,1,0
2023-03-12,花叶类,186.971,1078.9228,250,16,532.14677,250,5.77053553759674,2.12858708,3,7,0,1,0,0,0,0,0,0,0,0,0,0,0,0,0,0,1
2023-03-13,花叶类,132.956,790.9132000000001,172,14,354.97473,172,5.948683775083487,2.063806569767442,3,1,0,1,0,0,0,0,0,0,0,0,0,0,0,0,0,0,0
2023-03-14,花叶类,129.747,729.9174,185,17,362.7461,185,5.625697703993156,1.9607897297297299,3,2,0,1,0,0,0,0,0,0,0,0,0,1,0,0,0,0,0
2023-03-15,花叶类,128.813,642.5856,196,17,321.14594999999997,196,4.988515134342031,1.638499744897959,3,3,0,1,0,0,0,0,0,0,0,0,0,0,1,0,0,0,0
2023-03-16,花叶类,163.911,854.0738,217,14,412.48073,217,5.210594773993203,1.9008328571428572,3,4,0,1,0,0,0,0,0,0,0,0,0,0,0,1,0,0,0
2023-03-17,花叶类,201.58,1095.3276,273,14,569.63252,273,5.4337116777458085,2.0865660073260073,3,5,0,1,0,0,0,0,0,0,0,0,0,0,0,0,1,0,0
2023-03-18,花叶类,282.075,1604.133,399,13,813.29788,399,5.686902419569264,2.038340551378446,3,6,0,1,0,0,0,0,0,0,0,0,0,0,0,0,0,1,0
2023-03-19,花叶类,243.51,1164.5716,323,10,605.3448,323,4.782438503552216,1.874132507739938,3,7,0,1,0,0,0,0,0,0,0,0,0,0,0,0,0,0,1
2023-03-20,花叶类,180.04,855.905,231,13,438.4044,231,4.7539713397022885,1.8978545454545455,3,1,0,1,0,0,0,0,0,0,0,0,0,0,0,0,0,0,0
2023-03-21,花叶类,160.208,755.8492,208,15,442.6067,208,4.717924198541896,2.127916826923077,3,2,0,1,0,0,0,0,0,0,0,0,0,1,0,0,0,0,0
2023-03-22,花叶类,124.098,585.8548000000001,176,14,345.02358,176,4.720904446485842,1.9603612499999998,3,3,0,1,0,0,0,0,0,0,0,0,0,0,1,0,0,0,0
2023-03-23,花叶类,139.273,712.3676,186,17,458.50660999999997,186,5.114900949932866,2.4650893010752686,3,4,0,1,0,0,0,0,0,0,0,0,0,0,0,1,0,0,0
2023-03-24,花叶类,129.414,690.0302,176,12,439.92179,176,5.331959447973172,2.4995556249999997,3,5,0,1,0,0,0,0,0,0,0,0,0,0,0,0,1,0,0
2023-03-25,花叶类,205.087,1148.77,299,15,728.4317,299,5.60137892699196,2.4362264214046823,3,6,0,1,0,0,0,0,0,0,0,0,0,0,0,0,0,1,0
2023-03-26,花叶类,189.268,1027.039,260,14,662.45289,260,5.426374241815838,2.547895730769231,3,7,0,1,0,0,0,0,0,0,0,0,0,0,0,0,0,0,1
2023-03-27,花叶类,114.807,733.2256,164,13,455.36771999999996,164,6.3865931519855055,2.77663243902439,3,1,0,1,0,0,0,0,0,0,0,0,0,0,0,0,0,0,0
2023-03-28,花叶类,97.516,518.9228,135,14,326.53016,135,5.321411870872472,2.418741925925926,3,2,0,1,0,0,0,0,0,0,0,0,0,1,0,0,0,0,0
2023-03-29,花叶类,96.475,566.2892,130,15,346.61994,130,5.869802539518011,2.6663072307692306,3,3,0,1,0,0,0,0,0,0,0,0,0,0,1,0,0,0,0
2023-03-30,花叶类,121.581,620.9308,152,14,371.98723,152,5.107136805915397,2.447284407894737,3,4,0,1,0,0,0,0,0,0,0,0,0,0,0,1,0,0,0
2023-03-31,花叶类,146.231,691.8672,181,14,432.1503,181,4.731330566022253,2.3875707182320443,3,5,0,1,0,0,0,0,0,0,0,0,0,0,0,0,1,0,0
2023-04-01,花叶类,177.142,875.543,250,14,581.84189,250,4.942605367445326,2.3273675600000003,4,6,0,0,1,0,0,0,0,0,0,0,0,0,0,0,0,1,0
2023-04-02,花叶类,168.834,936.6386,303,16,610.87863,303,5.547689446438514,2.016101089108911,4,7,0,0,1,0,0,0,0,0,0,0,0,0,0,0,0,0,1
2023-04-03,花叶类,153.149,844.0348,226,16,487.1791,226,5.511200203723171,2.155659734513274,4,1,0,0,1,0,0,0,0,0,0,0,0,0,0,0,0,0,0
2023-04-04,花叶类,156.641,803.905,206,14,470.55563,206,5.132149309567738,2.284250631067961,4,2,0,0,1,0,0,0,0,0,0,0,0,1,0,0,0,0,0
2023-04-05,花叶类,203.271,955.6602,272,15,541.01041,272,4.701409448470269,1.9890088602941176,4,3,0,0,1,0,0,0,0,0,0,0,0,0,1,0,0,0,0
2023-04-06,花叶类,122.403,582.5124,164,13,348.56292,164,4.758971593833484,2.1253836585365855,4,4,0,0,1,0,0,0,0,0,0,0,0,0,0,1,0,0,0
2023-04-07,花叶类,97.267,442.74580000000003,136,14,268.95493,136,4.551860343179085,1.9776097794117646,4,5,0,0,1,0,0,0,0,0,0,0,0,0,0,0,1,0,0
2023-04-08,花叶类,155.424,768.9114,220,15,473.60757,220,4.947185762816553,2.152761681818182,4,6,0,0,1,0,0,0,0,0,0,0,0,0,0,0,0,1,0
2023-04-09,花叶类,171.616,780.9702,233,14,505.29711,233,4.550684085399962,2.168657124463519,4,7,0,0,1,0,0,0,0,0,0,0,0,0,0,0,0,0,1
2023-04-10,花叶类,103.411,456.3788,137,12,293.27272,137,4.413251975128372,2.140676788321168,4,1,0,0,1,0,0,0,0,0,0,0,0,0,0,0,0,0,0
2023-04-11,花叶类,99.675,448.9882,127,13,284.98824,127,4.504521695510409,2.2440018897637795,4,2,0,0,1,0,0,0,0,0,0,0,0,1,0,0,0,0,0
2023-04-12,花叶类,98.089,464.3952,138,12,310.17044,138,4.7344268980211845,2.247611884057971,4,3,0,0,1,0,0,0,0,0,0,0,0,0,1,0,0,0,0
2023-04-13,花叶类,81.82000000000001,443.982,129,14,292.88149,129,5.42632608164263,2.2703991472868217,4,4,0,0,1,0,0,0,0,0,0,0,0,0,0,1,0,0,0
2023-04-14,花叶类,93.087,389.873,126,10,249.20827,126,4.188264741585828,1.9778434126984128,4,5,0,0,1,0,0,0,0,0,0,0,0,0,0,0,1,0,0
2023-04-15,花叶类,187.791,812.0936,245,13,549.25079,245,4.324454313572003,2.2418399591836735,4,6,0,0,1,0,0,0,0,0,0,0,0,0,0,0,0,1,0
2023-04-16,花叶类,175.215,829.8538,271,17,588.7799,271,4.7362029506606165,2.172619557195572,4,7,0,0,1,0,0,0,0,0,0,0,0,0,0,0,0,0,1
2023-04-17,花叶类,89.884,395.7244,144,15,285.43124,144,4.40261225579636,1.982161388888889,4,1,0,0,1,0,0,0,0,0,0,0,0,0,0,0,0,0,0
2023-04-18,花叶类,151.76,640.082,200,14,449.06871,200,4.217725355824987,2.24534355,4,2,0,0,1,0,0,0,0,0,0,0,0,1,0,0,0,0,0
2023-04-19,花叶类,126.971,547.667,173,14,382.51342999999997,173,4.313323514818345,2.211060289017341,4,3,0,0,1,0,0,0,0,0,0,0,0,0,1,0,0,0,0
2023-04-20,花叶类,103.475,483.0106,170,16,354.80895,170,4.667896593380044,2.087111470588235,4,4,0,0,1,0,0,0,0,0,0,0,0,0,0,1,0,0,0
2023-04-21,花叶类,192.551,840.9882,254,16,587.05042,254,4.36761273636595,2.3112221259842523,4,5,0,0,1,0,0,0,0,0,0,0,0,0,0,0,1,0,0
2023-04-22,花叶类,302.374,1406.1246,433,15,983.59917,433,4.650282762406821,2.2715916166281755,4,6,0,0,1,0,0,0,0,0,0,0,0,0,0,0,0,1,0
2023-04-23,花叶类,243.486,994.4682,316,14,681.37106,316,4.08429314211084,2.1562375316455697,4,7,0,0,1,0,0,0,0,0,0,0,0,0,0,0,0,0,1
2023-04-24,花叶类,169.83,715.5634,213,11,487.98014,213,4.213409880468704,2.290986572769953,4,1,0,0,1,0,0,0,0,0,0,0,0,0,0,0,0,0,0
2023-04-25,花叶类,146.007,608.0146,195,12,417.00205,195,4.164283904196374,2.138472051282051,4,2,0,0,1,0,0,0,0,0,0,0,0,1,0,0,0,0,0
2023-04-26,花叶类,126.458,549.2774,186,13,391.04542,186,4.343555963244714,2.1023947311827955,4,3,0,0,1,0,0,0,0,0,0,0,0,0,1,0,0,0,0
2023-04-27,花叶类,106.949,470.9916,159,13,323.03475,159,4.403889704438564,2.0316650943396226,4,4,0,0,1,0,0,0,0,0,0,0,0,0,0,1,0,0,0
2023-04-28,花叶类,134.339,593.574,183,13,401.70995,183,4.418478624971155,2.195136338797814,4,5,0,0,1,0,0,0,0,0,0,0,0,0,0,0,1,0,0
2023-04-29,花叶类,152.554,756.567,210,13,515.14084,210,4.959338988161569,2.4530516190476193,4,6,0,0,1,0,0,0,0,0,0,0,0,0,0,0,0,1,0
2023-04-30,花叶类,117.666,602.2892,178,13,421.10684,178,5.118634099909915,2.365768764044944,4,7,0,0,1,0,0,0,0,0,0,0,0,0,0,0,0,0,1
2023-05-01,花叶类,160.855,820.6678,230,14,588.6683800000001,230,5.101910416213361,2.559427739130435,5,1,0,0,0,1,0,0,0,0,0,0,0,0,0,0,0,0,0
2023-05-02,花叶类,178.091,926.2094,256,14,674.15391,256,5.2007647775575405,2.6334137109375,5,2,0,0,0,1,0,0,0,0,0,0,0,1,0,0,0,0,0
2023-05-03,花叶类,239.366,1208.4628,338,14,863.93228,338,5.048598380722408,2.5560126627218933,5,3,0,0,0,1,0,0,0,0,0,0,0,0,1,0,0,0,0
2023-05-04,花叶类,108.428,601.5344,166,10,424.93014,166,5.547777326889734,2.5598201204819278,5,4,0,0,0,1,0,0,0,0,0,0,0,0,0,1,0,0,0
2023-05-05,花叶类,108.371,660.4214,185,13,460.77803,185,6.094078674184053,2.4906920540540542,5,5,0,0,0,1,0,0,0,0,0,0,0,0,0,0,1,0,0
2023-05-06,花叶类,160.743,895.5712,225,15,614.42982,225,5.571447590252764,2.7307992,5,6,0,0,0,1,0,0,0,0,0,0,0,0,0,0,0,1,0
2023-05-07,花叶类,234.132,1234.3029999999999,331,15,835.35986,331,5.271825295132659,2.5237458006042295,5,7,0,0,0,1,0,0,0,0,0,0,0,0,0,0,0,0,1
2023-05-08,花叶类,141.689,820.2662,211,13,553.81016,211,5.78920170231987,2.624692701421801,5,1,0,0,0,1,0,0,0,0,0,0,0,0,0,0,0,0,0
2023-05-09,花叶类,134.554,665.398,194,12,437.43331,194,4.9452115879126595,2.25481087628866,5,2,0,0,0,1,0,0,0,0,0,0,0,1,0,0,0,0,0
2023-05-10,花叶类,146.834,774.6214,221,13,507.01434,221,5.2754906901671275,2.2941825339366515,5,3,0,0,0,1,0,0,0,0,0,0,0,0,1,0,0,0,0
2023-05-11,花叶类,148.549,761.3816,232,13,501.26759999999996,232,5.125457593117423,2.1606362068965517,5,4,0,0,0,1,0,0,0,0,0,0,0,0,0,1,0,0,0
2023-05-12,花叶类,133.706,731.074,220,12,480.64366,220,5.467772575651056,2.1847439090909093,5,5,0,0,0,1,0,0,0,0,0,0,0,0,0,0,1,0,0
2023-05-13,花叶类,170.984,936.0536,270,16,621.82295,270,5.474509895662751,2.303047962962963,5,6,0,0,0,1,0,0,0,0,0,0,0,0,0,0,0,1,0
2023-05-14,花叶类,186.781,1014.544,304,14,665.87782,304,5.431730208104678,2.190387565789474,5,7,0,0,0,1,0,0,0,0,0,0,0,0,0,0,0,0,1
2023-05-15,花叶类,146.336,736.159,216,16,484.40084,216,5.030607642685326,2.2425964814814816,5,1,0,0,0,1,0,0,0,0,0,0,0,0,0,0,0,0,0
2023-05-16,花叶类,171.274,890.102,250,15,573.698,250,5.1969475810689305,2.2947919999999997,5,2,0,0,0,1,0,0,0,0,0,0,0,1,0,0,0,0,0
2023-05-17,花叶类,140.47,737.937,224,14,481.89837,224,5.25334235067986,2.1513320089285712,5,3,0,0,0,1,0,0,0,0,0,0,0,0,1,0,0,0,0
2023-05-18,花叶类,103.986,558.926,174,15,351.79596,174,5.375012020848961,2.0218158620689652,5,4,0,0,0,1,0,0,0,0,0,0,0,0,0,1,0,0,0
2023-05-19,花叶类,121.327,610.326,178,13,402.3362,178,5.030421917627569,2.2603157303370787,5,5,0,0,0,1,0,0,0,0,0,0,0,0,0,0,1,0,0
2023-05-20,花叶类,147.822,722.468,240,12,471.23249,240,4.887418652162736,1.9634687083333333,5,6,0,0,0,1,0,0,0,0,0,0,0,0,0,0,0,1,0
2023-05-21,花叶类,194.446,1073.1488,311,13,659.716,311,5.519006819374016,2.1212733118971063,5,7,0,0,0,1,0,0,0,0,0,0,0,0,0,0,0,0,1
2023-05-22,花叶类,134.741,688.119,208,12,400.68207,208,5.106975605049688,1.9263561057692309,5,1,0,0,0,1,0,0,0,0,0,0,0,0,0,0,0,0,0
2023-05-23,花叶类,122.592,589.105,159,10,354.79731,159,4.805411446097625,2.2314296226415093,5,2,0,0,0,1,0,0,0,0,0,0,0,1,0,0,0,0,0
2023-05-24,花叶类,120.51,613.604,185,12,378.50325000000004,185,5.091726827649158,2.045963513513514,5,3,0,0,0,1,0,0,0,0,0,0,0,0,1,0,0,0,0
2023-05-25,花叶类,108.755,577.172,180,10,362.62867,180,5.307084731736472,2.014603722222222,5,4,0,0,0,1,0,0,0,0,0,0,0,0,0,1,0,0,0
2023-05-26,花叶类,148.816,762.5774,248,15,485.44618,248,5.124297118589399,1.9574442741935485,5,5,0,0,0,1,0,0,0,0,0,0,0,0,0,0,1,0,0
2023-05-27,花叶类,263.537,1337.1152,397,15,887.47412,397,5.073728546655688,2.235451183879093,5,6,0,0,0,1,0,0,0,0,0,0,0,0,0,0,0,1,0
2023-05-28,花叶类,251.705,1322.8402,376,15,870.7271,376,5.25551816610715,2.3157635638297873,5,7,0,0,0,1,0,0,0,0,0,0,0,0,0,0,0,0,1
2023-05-29,花叶类,132.604,695.3388,209,16,447.52434,209,5.243724171216554,2.141264784688995,5,1,0,0,0,1,0,0,0,0,0,0,0,0,0,0,0,0,0
2023-05-30,花叶类,134.287,695.4639999999999,223,14,457.61301,223,5.178937648469322,2.0520762780269055,5,2,0,0,0,1,0,0,0,0,0,0,0,1,0,0,0,0,0
2023-05-31,花叶类,133.132,712.956,197,13,467.44126,197,5.355256437220202,2.372798274111675,5,3,0,0,0,1,0,0,0,0,0,0,0,0,1,0,0,0,0
2023-06-01,花叶类,123.982,669.2904,196,12,443.24508,196,5.3982868480908515,2.261454489795918,6,4,0,0,0,0,1,0,0,0,0,0,0,0,0,1,0,0,0
2023-06-02,花叶类,144.142,792.086,224,13,503.76776,224,5.495178365778191,2.2489632142857143,6,5,0,0,0,0,1,0,0,0,0,0,0,0,0,0,1,0,0
2023-06-03,花叶类,202.081,1131.2974,317,15,700.5074,317,5.598237340472385,2.209802523659306,6,6,0,0,0,0,1,0,0,0,0,0,0,0,0,0,0,1,0
2023-06-04,花叶类,201.285,1095.1152,307,15,710.18196,307,5.440620016394664,2.313296286644951,6,7,0,0,0,0,1,0,0,0,0,0,0,0,0,0,0,0,1
2023-06-05,花叶类,125.623,730.9716,220,16,456.57497,220,5.818772040151883,2.0753407727272726,6,1,0,0,0,0,1,0,0,0,0,0,0,0,0,0,0,0,0
2023-06-06,花叶类,136.393,775.7146,197,13,500.53209,197,5.687349057502951,2.5407720304568526,6,2,0,0,0,0,1,0,0,0,0,0,0,1,0,0,0,0,0
2023-06-07,花叶类,123.913,671.528,193,15,434.27205,193,5.4193506734563766,2.250114248704663,6,3,0,0,0,0,1,0,0,0,0,0,0,0,1,0,0,0,0
2023-06-08,花叶类,105.298,571.6952,158,14,376.74012,158,5.429307299283937,2.3844311392405064,6,4,0,0,0,0,1,0,0,0,0,0,0,0,0,1,0,0,0
2023-06-09,花叶类,112.823,624.7904,184,15,406.04374,184,5.537792825930883,2.206759456521739,6,5,0,0,0,0,1,0,0,0,0,0,0,0,0,0,1,0,0
2023-06-10,花叶类,212.159,1187.2712,334,16,782.00612,334,5.596138744997855,2.3413356886227543,6,6,0,0,0,0,1,0,0,0,0,0,0,0,0,0,0,1,0
2023-06-11,花叶类,192.119,1072.5268,313,14,720.77109,313,5.582617023823777,2.30278303514377,6,7,0,0,0,0,1,0,0,0,0,0,0,0,0,0,0,0,1
2023-06-12,花叶类,105.231,566.9816,157,14,383.41838,157,5.387971225209301,2.442155286624204,6,1,0,0,0,0,1,0,0,0,0,0,0,0,0,0,0,0,0
2023-06-13,花叶类,122.404,706.2312,185,14,469.31321,185,5.769674193653802,2.5368281621621622,6,2,0,0,0,0,1,0,0,0,0,0,0,1,0,0,0,0,0
2023-06-14,花叶类,97.688,580.7948,154,14,359.37774,154,5.945405781672263,2.3336216883116885,6,3,0,0,0,0,1,0,0,0,0,0,0,0,1,0,0,0,0
2023-06-15,花叶类,101.42,535.4972,159,13,342.82989,159,5.279996056004733,2.1561628301886793,6,4,0,0,0,0,1,0,0,0,0,0,0,0,0,1,0,0,0
2023-06-16,花叶类,143.11,808.5056,181,14,483.12109,181,5.649539515058346,2.6691772928176793,6,5,0,0,0,0,1,0,0,0,0,0,0,0,0,0,1,0,0
2023-06-17,花叶类,230.472,1247.585,388,15,746.41894,388,5.413173834565587,1.9237601546391754,6,6,0,0,0,0,1,0,0,0,0,0,0,0,0,0,0,1,0
2023-06-18,花叶类,241.916,1260.29,362,15,791.98988,362,5.2096182145868815,2.1878173480662984,6,7,0,0,0,0,1,0,0,0,0,0,0,0,0,0,0,0,1
2023-06-19,花叶类,116.749,587.3598,193,15,374.45265,193,5.030962149568733,1.940169170984456,6,1,0,0,0,0,1,0,0,0,0,0,0,0,0,0,0,0,0
2023-06-20,花叶类,100.466,536.1116,164,14,347.61306,164,5.336249079290506,2.119591829268293,6,2,0,0,0,0,1,0,0,0,0,0,0,1,0,0,0,0,0
2023-06-21,花叶类,106.137,501.5612,184,15,316.28198,184,4.725601816520157,1.7189238043478259,6,3,0,0,0,0,1,0,0,0,0,0,0,0,1,0,0,0,0
2023-06-22,花叶类,163.919,832.432,270,15,481.51364,270,5.078313069259817,1.7833838518518519,6,4,0,0,0,0,1,0,0,0,0,0,0,0,0,1,0,0,0
2023-06-23,花叶类,147.99699999999999,753.896,228,13,461.86998,228,5.0939951485503085,2.0257455263157893,6,5,0,0,0,0,1,0,0,0,0,0,0,0,0,0,1,0,0
2023-06-24,花叶类,146.656,762.1928,236,14,498.62915,236,5.197147065241109,2.112835381355932,6,6,0,0,0,0,1,0,0,0,0,0,0,0,0,0,0,1,0
2023-06-25,花叶类,87.895,454.7804,153,13,301.97696,153,5.174132772057569,1.9737056209150328,6,7,0,0,0,0,1,0,0,0,0,0,0,0,0,0,0,0,1
2023-06-26,花叶类,64.597,381.2596,144,14,229.03308,144,5.902125485703671,1.5905075000000002,6,1,0,0,0,0,1,0,0,0,0,0,0,0,0,0,0,0,0
2023-06-27,花叶类,108.063,558.6156,173,15,364.53916,173,5.169351211793121,2.107162774566474,6,2,0,0,0,0,1,0,0,0,0,0,0,1,0,0,0,0,0
2023-06-28,花叶类,107.625,550.184,165,12,376.42578,165,5.112046457607433,2.2813683636363633,6,3,0,0,0,0,1,0,0,0,0,0,0,0,1,0,0,0,0
2023-06-29,花叶类,116.09,583.3398,181,12,382.70504,181,5.024892755620638,2.114392486187845,6,4,0,0,0,0,1,0,0,0,0,0,0,0,0,1,0,0,0
2023-06-30,花叶类,120.104,620.9988,181,12,370.76124,181,5.170508892293346,2.048404640883978,6,5,0,0,0,0,1,0,0,0,0,0,0,0,0,0,1,0,0
2020-07-01,花菜类,47.076,598.634,102,2,395.83628000000004,102,12.716331039170703,3.8807478431372555,7,3,0,0,0,0,0,1,0,0,0,0,0,0,1,0,0,0,0
2020-07-02,花菜类,43.943,546.032,95,2,344.33378,95,12.4259153903921,3.624566105263158,7,4,0,0,0,0,0,1,0,0,0,0,0,0,0,1,0,0,0
2020-07-03,花菜类,42.076,495.368,96,2,312.45916,96,11.773172354786576,3.2547829166666666,7,5,0,0,0,0,0,1,0,0,0,0,0,0,0,0,1,0,0
2020-07-04,花菜类,55.662,702.186,126,2,457.40441999999996,126,12.615177320254393,3.630193809523809,7,6,0,0,0,0,0,1,0,0,0,0,0,0,0,0,0,1,0
2020-07-05,花菜类,55.474,697.982,106,2,465.82392000000004,106,12.582146591195876,4.394565283018868,7,7,0,0,0,0,0,1,0,0,0,0,0,0,0,0,0,0,1
2020-07-06,花菜类,42.277,500.443,85,2,329.8324,85,11.837240106913924,3.8803811764705882,7,1,0,0,0,0,0,1,0,0,0,0,0,0,0,0,0,0,0
2020-07-07,花菜类,45.749,526.991,97,2,334.62056,97,11.519180747120155,3.449696494845361,7,2,0,0,0,0,0,1,0,0,0,0,0,1,0,0,0,0,0
2020-07-08,花菜类,45.433,532.102,95,2,333.56052999999997,95,11.711795391015341,3.5111634736842103,7,3,0,0,0,0,0,1,0,0,0,0,0,0,1,0,0,0,0
2020-07-09,花菜类,41.131,496.204,89,2,310.57561,89,12.063990663976076,3.489613595505618,7,4,0,0,0,0,0,1,0,0,0,0,0,0,0,1,0,0,0
2020-07-10,花菜类,57.167,613.936,126,2,376.2169,126,10.73934262773978,2.9858484126984126,7,5,0,0,0,0,0,1,0,0,0,0,0,0,0,0,1,0,0
2020-07-11,花菜类,69.376,719.439,125,2,436.46641,125,10.370142412361622,3.4917312799999998,7,6,0,0,0,0,0,1,0,0,0,0,0,0,0,0,0,1,0
2020-07-12,花菜类,64.004,707.371,131,2,408.34941000000003,131,11.051981126179612,3.1171710687022904,7,7,0,0,0,0,0,1,0,0,0,0,0,0,0,0,0,0,1
2020-07-13,花菜类,29.221,296.998,66,2,172.74257,66,10.163854761986242,2.6173116666666667,7,1,0,0,0,0,0,1,0,0,0,0,0,0,0,0,0,0,0
2020-07-14,花菜类,53.035000000000004,520.53,105,2,279.41175,105,9.81483925709437,2.6610642857142857,7,2,0,0,0,0,0,1,0,0,0,0,0,1,0,0,0,0,0
2020-07-15,花菜类,34.894,345.916,70,2,183.61319,70,9.913337536539233,2.6230455714285714,7,3,0,0,0,0,0,1,0,0,0,0,0,0,1,0,0,0,0
2020-07-16,花菜类,35.3,388.648,74,2,208.30752,74,11.009858356940512,2.8149664864864867,7,4,0,0,0,0,0,1,0,0,0,0,0,0,0,1,0,0,0
2020-07-17,花菜类,39.855,413.474,82,2,226.4016,82,10.374457408104378,2.7609951219512197,7,5,0,0,0,0,0,1,0,0,0,0,0,0,0,0,1,0,0
2020-07-18,花菜类,51.371,537.642,104,2,295.09449,104,10.465865955500185,2.8374470192307695,7,6,0,0,0,0,0,1,0,0,0,0,0,0,0,0,0,1,0
2020-07-19,花菜类,67.928,723.6560000000001,147,2,403.76422,147,10.653279943469558,2.74669537414966,7,7,0,0,0,0,0,1,0,0,0,0,0,0,0,0,0,0,1
2020-07-20,花菜类,42.51,381.084,88,2,214.25724,88,8.964573041637262,2.4347413636363635,7,1,0,0,0,0,0,1,0,0,0,0,0,0,0,0,0,0,0
2020-07-21,花菜类,44.897,421.454,104,2,234.94249,104,9.387130543243424,2.259062403846154,7,2,0,0,0,0,0,1,0,0,0,0,0,1,0,0,0,0,0
2020-07-22,花菜类,48.839,482.514,105,2,268.32773000000003,105,9.879686316263642,2.555502190476191,7,3,0,0,0,0,0,1,0,0,0,0,0,0,1,0,0,0,0
2020-07-23,花菜类,36.344,396.178,82,2,234.68367,82,10.900781421967862,2.8619959756097564,7,4,0,0,0,0,0,1,0,0,0,0,0,0,0,1,0,0,0
2020-07-24,花菜类,34.424,376.288,71,2,227.87968,71,10.930978387171741,3.209572957746479,7,5,0,0,0,0,0,1,0,0,0,0,0,0,0,0,1,0,0
2020-07-25,花菜类,49.636,551.126,103,2,347.58535,103,11.103352405512128,3.3746150485436894,7,6,0,0,0,0,0,1,0,0,0,0,0,0,0,0,0,1,0
2020-07-26,花菜类,54.93,622.632,119,2,401.30612,119,11.335008192244674,3.372320336134454,7,7,0,0,0,0,0,1,0,0,0,0,0,0,0,0,0,0,1
2020-07-27,花菜类,37.663,413.06,78,2,264.35149,78,10.9672622998699,3.389121666666667,7,1,0,0,0,0,0,1,0,0,0,0,0,0,0,0,0,0,0
2020-07-28,花菜类,32.735,353.992,65,2,222.97254999999998,65,10.813868947609594,3.430346923076923,7,2,0,0,0,0,0,1,0,0,0,0,0,1,0,0,0,0,0
2020-07-29,花菜类,38.031,439.866,86,2,282.10945,86,11.565985643290999,3.2803424418604648,7,3,0,0,0,0,0,1,0,0,0,0,0,0,1,0,0,0,0
2020-07-30,花菜类,32.394,342.73199999999997,70,2,214.86252000000002,70,10.580107427301352,3.0694645714285715,7,4,0,0,0,0,0,1,0,0,0,0,0,0,0,1,0,0,0
2020-07-31,花菜类,36.922,390.57800000000003,73,2,247.16234,73,10.578462705162236,3.3857854794520548,7,5,0,0,0,0,0,1,0,0,0,0,0,0,0,0,1,0,0
2020-08-01,花菜类,50.603,567.742,111,2,374.94429,111,11.219532438788214,3.3778764864864868,8,6,0,0,0,0,0,0,1,0,0,0,0,0,0,0,0,1,0
2020-08-02,花菜类,49.219,556.502,99,2,373.27852,99,11.306649870984781,3.7704901010101013,8,7,0,0,0,0,0,0,1,0,0,0,0,0,0,0,0,0,1
2020-08-03,花菜类,44.426,492.028,89,2,314.65907999999996,89,11.075226218880836,3.5354952808988758,8,1,0,0,0,0,0,0,1,0,0,0,0,0,0,0,0,0,0
2020-08-04,花菜类,44.534,484.39,99,2,299.01651,99,10.876858130866305,3.0203687878787875,8,2,0,0,0,0,0,0,1,0,0,0,0,1,0,0,0,0,0
2020-08-05,花菜类,43.631,446.41,101,2,271.85225,101,10.231486786917559,2.6916064356435645,8,3,0,0,0,0,0,0,1,0,0,0,0,0,1,0,0,0,0
2020-08-06,花菜类,40.827,394.476,84,2,238.4952,84,9.662135351605556,2.8392285714285714,8,4,0,0,0,0,0,0,1,0,0,0,0,0,0,1,0,0,0
2020-08-07,花菜类,40.272,438.672,89,2,266.26655999999997,89,10.892729439809298,2.9917591011235953,8,5,0,0,0,0,0,0,1,0,0,0,0,0,0,0,1,0,0
2020-08-08,花菜类,58.156,619.868,132,2,371.36375999999996,132,10.658711053029783,2.813361818181818,8,6,0,0,0,0,0,0,1,0,0,0,0,0,0,0,0,1,0
2020-08-09,花菜类,54.876,655.23,117,2,449.74826,117,11.940192433850864,3.8440022222222225,8,7,0,0,0,0,0,0,1,0,0,0,0,0,0,0,0,0,1
2020-08-10,花菜类,50.7,589.83,116,2,405.46511000000004,116,11.633727810650887,3.495388879310345,8,1,0,0,0,0,0,0,1,0,0,0,0,0,0,0,0,0,0
2020-08-11,花菜类,56.279,643.296,133,2,397.34051,133,11.430480285719362,2.987522631578947,8,2,0,0,0,0,0,0,1,0,0,0,0,1,0,0,0,0,0
2020-08-12,花菜类,50.065,581.3,111,2,348.64304,111,11.610905822430839,3.140928288288288,8,3,0,0,0,0,0,0,1,0,0,0,0,0,1,0,0,0,0
2020-08-13,花菜类,47.468,494.769,113,2,330.91526,113,10.423211426645318,2.928453628318584,8,4,0,0,0,0,0,0,1,0,0,0,0,0,0,1,0,0,0
2020-08-14,花菜类,58.582,598.5409999999999,137,2,366.74234,137,10.217148612201699,2.676951386861314,8,5,0,0,0,0,0,0,1,0,0,0,0,0,0,0,1,0,0
2020-08-15,花菜类,79.38,680.84,169,2,403.864,169,8.576971529352482,2.3897278106508875,8,6,0,0,0,0,0,0,1,0,0,0,0,0,0,0,0,1,0
2020-08-16,花菜类,60.231,634.4398,137,2,409.64099,137,10.533442911457554,2.990080218978102,8,7,0,0,0,0,0,0,1,0,0,0,0,0,0,0,0,0,1
2020-08-17,花菜类,51.749,535.147,121,2,326.53364,121,10.341204660959633,2.698625123966942,8,1,0,0,0,0,0,0,1,0,0,0,0,0,0,0,0,0,0
2020-08-18,花菜类,55.92,551.62,129,2,344.0431,129,9.86444921316166,2.6670007751937983,8,2,0,0,0,0,0,0,1,0,0,0,0,1,0,0,0,0,0
2020-08-19,花菜类,64.061,591.306,140,2,416.34862,140,9.230358564493217,2.973918714285714,8,3,0,0,0,0,0,0,1,0,0,0,0,0,1,0,0,0,0
2020-08-20,花菜类,69.587,630.3,150,2,427.62940000000003,150,9.057726299452483,2.850862666666667,8,4,0,0,0,0,0,0,1,0,0,0,0,0,0,1,0,0,0
2020-08-21,花菜类,50.062,507.66,108,2,303.71992,108,10.140625624225962,2.8122214814814814,8,5,0,0,0,0,0,0,1,0,0,0,0,0,0,0,1,0,0
2020-08-22,花菜类,55.886,563.756,132,2,330.70092999999997,132,10.08760691407508,2.5053100757575755,8,6,0,0,0,0,0,0,1,0,0,0,0,0,0,0,0,1,0
2020-08-23,花菜类,71.556,775.273,158,2,455.41546999999997,158,10.834493264016995,2.882376392405063,8,7,0,0,0,0,0,0,1,0,0,0,0,0,0,0,0,0,1
2020-08-24,花菜类,41.784,439.187,89,2,279.61451,89,10.510889335630864,3.14173606741573,8,1,0,0,0,0,0,0,1,0,0,0,0,0,0,0,0,0,0
2020-08-25,花菜类,47.761,527.521,106,2,326.61766,106,11.045015807876718,3.081298679245283,8,2,0,0,0,0,0,0,1,0,0,0,0,1,0,0,0,0,0
2020-08-26,花菜类,63.106,701.443,133,2,463.21959000000004,133,11.115313916267866,3.4828540601503764,8,3,0,0,0,0,0,0,1,0,0,0,0,0,1,0,0,0,0
2020-08-27,花菜类,65.932,710.968,141,2,490.11478,141,10.78335254504641,3.4759913475177306,8,4,0,0,0,0,0,0,1,0,0,0,0,0,0,1,0,0,0
2020-08-28,花菜类,39.93,387.056,84,2,265.3225,84,9.69336338592537,3.1586011904761904,8,5,0,0,0,0,0,0,1,0,0,0,0,0,0,0,1,0,0
2020-08-29,花菜类,56.803,583.74,116,2,405.23382999999995,116,10.27656989947714,3.4933950862068963,8,6,0,0,0,0,0,0,1,0,0,0,0,0,0,0,0,1,0
2020-08-30,花菜类,80.779,815.7,170,2,547.64319,170,10.097921489496033,3.221430529411765,8,7,0,0,0,0,0,0,1,0,0,0,0,0,0,0,0,0,1
2020-08-31,花菜类,54.722,546.932,113,2,337.23513,113,9.994737034465114,2.9843816814159294,8,1,0,0,0,0,0,0,1,0,0,0,0,0,0,0,0,0,0
2020-09-01,花菜类,55.858,566.672,118,2,368.32108,118,10.144867342189123,3.121365084745763,9,2,0,0,0,0,0,0,0,1,0,0,0,1,0,0,0,0,0
2020-09-02,花菜类,38.716,393.956,90,2,250.92916,90,10.175534662671764,2.788101777777778,9,3,0,0,0,0,0,0,0,1,0,0,0,0,1,0,0,0,0
2020-09-03,花菜类,38.893,386.36,86,2,233.54348,86,9.933921271179903,2.715621860465116,9,4,0,0,0,0,0,0,0,1,0,0,0,0,0,1,0,0,0
2020-09-04,花菜类,46.612,460.088,101,2,270.37846,101,9.870591264052175,2.6770144554455446,9,5,0,0,0,0,0,0,0,1,0,0,0,0,0,0,1,0,0
2020-09-05,花菜类,57.828,582.46,125,2,348.38913,125,10.072283322957738,2.7871130400000004,9,6,0,0,0,0,0,0,0,1,0,0,0,0,0,0,0,1,0
2020-09-06,花菜类,53.202,592.318,131,2,336.23988,131,11.133378444419384,2.566716641221374,9,7,0,0,0,0,0,0,0,1,0,0,0,0,0,0,0,0,1
2020-09-07,花菜类,26.257,293.354,64,2,166.37875,64,11.172411166546063,2.59966796875,9,1,0,0,0,0,0,0,0,1,0,0,0,0,0,0,0,0,0
2020-09-08,花菜类,33.239,371.65,83,2,219.41044,83,11.18114263365324,2.643499277108434,9,2,0,0,0,0,0,0,0,1,0,0,0,1,0,0,0,0,0
2020-09-09,花菜类,32.73,363.64,75,2,218.9349,75,11.110296364191873,2.919132,9,3,0,0,0,0,0,0,0,1,0,0,0,0,1,0,0,0,0
2020-09-10,花菜类,52.067,608.048,121,2,399.54048,121,11.678183878464287,3.301987438016529,9,4,0,0,0,0,0,0,0,1,0,0,0,0,0,1,0,0,0
2020-09-11,花菜类,30.406,282.612,64,2,200.7377,64,9.29461290534763,3.1365265625,9,5,0,0,0,0,0,0,0,1,0,0,0,0,0,0,1,0,0
2020-09-12,花菜类,43.337,451.515,89,2,316.75634,89,10.418695341163438,3.55906,9,6,0,0,0,0,0,0,0,1,0,0,0,0,0,0,0,1,0
2020-09-13,花菜类,41.704,419.798,95,2,291.04016,95,10.066132745060425,3.0635806315789473,9,7,0,0,0,0,0,0,0,1,0,0,0,0,0,0,0,0,1
2020-09-14,花菜类,64.257,677.225,148,2,429.13529,148,10.53931867345192,2.89956277027027,9,1,0,0,0,0,0,0,0,1,0,0,0,0,0,0,0,0,0
2020-09-15,花菜类,29.878,305.848,67,2,192.07706,67,10.236562018876766,2.8668217910447757,9,2,0,0,0,0,0,0,0,1,0,0,0,1,0,0,0,0,0
2020-09-16,花菜类,53.167,557.863,117,2,357.46245999999996,117,10.49265521846258,3.0552347008547005,9,3,0,0,0,0,0,0,0,1,0,0,0,0,1,0,0,0,0
2020-09-17,花菜类,32.648,331.394,70,2,211.13358,70,10.150514579759863,3.016194,9,4,0,0,0,0,0,0,0,1,0,0,0,0,0,1,0,0,0
2020-09-18,花菜类,27.705,279.765,60,2,174.4536,60,10.097996751488902,2.9075599999999997,9,5,0,0,0,0,0,0,0,1,0,0,0,0,0,0,1,0,0
2020-09-19,花菜类,72.746,697.446,158,2,457.29004,158,9.587413740961704,2.8942407594936705,9,6,0,0,0,0,0,0,0,1,0,0,0,0,0,0,0,1,0
2020-09-20,花菜类,53.497,480.424,97,2,284.49703,97,8.980391423818158,2.9329590721649486,9,7,0,0,0,0,0,0,0,1,0,0,0,0,0,0,0,0,1
2020-09-21,花菜类,39.191,366.707,82,2,222.59873000000002,82,9.356918680309255,2.7146186585365855,9,1,0,0,0,0,0,0,0,1,0,0,0,0,0,0,0,0,0
2020-09-22,花菜类,40.905,433.26,78,2,271.42425,78,10.591859185918592,3.4797980769230765,9,2,0,0,0,0,0,0,0,1,0,0,0,1,0,0,0,0,0
2020-09-23,花菜类,31.972,356.026,68,2,214.58402,68,11.135556111597648,3.155647352941177,9,3,0,0,0,0,0,0,0,1,0,0,0,0,1,0,0,0,0
2020-09-24,花菜类,38.952,480.076,88,2,314.92248,88,12.32481002259191,3.5786645454545454,9,4,0,0,0,0,0,0,0,1,0,0,0,0,0,1,0,0,0
2020-09-25,花菜类,41.561,545.658,92,2,353.79605,92,13.129087365559059,3.8456092391304346,9,5,0,0,0,0,0,0,0,1,0,0,0,0,0,0,1,0,0
2020-09-26,花菜类,86.643,1074.982,178,2,668.78874,178,12.407026534168946,3.7572401123595505,9,6,0,0,0,0,0,0,0,1,0,0,0,0,0,0,0,1,0
2020-09-27,花菜类,35.964,420.324,82,2,258.90353999999996,82,11.687354020687355,3.1573602439024384,9,7,0,0,0,0,0,0,0,1,0,0,0,0,0,0,0,0,1
2020-09-28,花菜类,24.576,296.928,53,2,185.59008,53,12.08203125,3.5016996226415094,9,1,0,0,0,0,0,0,0,1,0,0,0,0,0,0,0,0,0
2020-09-29,花菜类,28.105,341.57,58,2,206.34635,58,12.153353495819248,3.5576956896551724,9,2,0,0,0,0,0,0,0,1,0,0,0,1,0,0,0,0,0
2020-09-30,花菜类,58.301,712.519,107,2,431.45181,107,12.22138556800055,4.032259906542056,9,3,0,0,0,0,0,0,0,1,0,0,0,0,1,0,0,0,0
2020-10-01,花菜类,88.759,1075.406,171,2,670.40833,171,12.11602203720186,3.920516549707602,10,4,0,0,0,0,0,0,0,0,1,0,0,0,0,1,0,0,0
2020-10-02,花菜类,63.205,760.574,123,2,479.01788000000005,123,12.033446720987262,3.89445430894309,10,5,0,0,0,0,0,0,0,0,1,0,0,0,0,0,1,0,0
2020-10-03,花菜类,44.493,531.162,92,2,342.17119,92,11.938102622884498,3.7192520652173915,10,6,0,0,0,0,0,0,0,0,1,0,0,0,0,0,0,1,0
2020-10-04,花菜类,34.491,397.086,69,2,222.41210999999998,69,11.512742454553361,3.223363913043478,10,7,0,0,0,0,0,0,0,0,1,0,0,0,0,0,0,0,1
2020-10-05,花菜类,82.648,737.352,154,2,468.55048000000005,154,8.921595198915885,3.042535584415585,10,1,0,0,0,0,0,0,0,0,1,0,0,0,0,0,0,0,0
2020-10-06,花菜类,108.157,806.134,189,2,486.633,189,7.453368713999095,2.574777777777778,10,2,0,0,0,0,0,0,0,0,1,0,0,1,0,0,0,0,0
2020-10-07,花菜类,50.932,491.208,101,2,286.54758,101,9.64438859656012,2.8371047524752475,10,3,0,0,0,0,0,0,0,0,1,0,0,0,1,0,0,0,0
2020-10-08,花菜类,49.58,455.944,91,2,277.552,91,9.196127470754337,3.050021978021978,10,4,0,0,0,0,0,0,0,0,1,0,0,0,0,1,0,0,0
2020-10-09,花菜类,55.845,650.552,112,2,371.744,112,11.649243441668906,3.3191428571428574,10,5,0,0,0,0,0,0,0,0,1,0,0,0,0,0,1,0,0
2020-10-10,花菜类,37.393,380.184,63,2,222.83127000000002,63,10.167250554916697,3.537004285714286,10,6,0,0,0,0,0,0,0,0,1,0,0,0,0,0,0,1,0
2020-10-11,花菜类,60.47,676.9,127,2,403.8281,127,11.1939804861915,3.1797488188976377,10,7,0,0,0,0,0,0,0,0,1,0,0,0,0,0,0,0,1
2020-10-12,花菜类,34.815,336.77,69,2,195.23195,69,9.673129398247882,2.8294485507246376,10,1,0,0,0,0,0,0,0,0,1,0,0,0,0,0,0,0,0
2020-10-13,花菜类,47.321,423.00600000000003,99,2,241.80795,99,8.93907567464762,2.4425045454545455,10,2,0,0,0,0,0,0,0,0,1,0,0,1,0,0,0,0,0
2020-10-14,花菜类,48.259,434.52,94,2,254.69506,94,9.00391636793137,2.709521914893617,10,3,0,0,0,0,0,0,0,0,1,0,0,0,1,0,0,0,0
2020-10-15,花菜类,59.624,473.1296,142,2,325.41806,142,7.9352207164900035,2.2916764788732396,10,4,0,0,0,0,0,0,0,0,1,0,0,0,0,1,0,0,0
2020-10-16,花菜类,80.029,626.118,163,2,395.59696,163,7.8236389308875545,2.4269752147239267,10,5,0,0,0,0,0,0,0,0,1,0,0,0,0,0,1,0,0
2020-10-17,花菜类,109.311,988.018,207,2,601.99676,207,9.038596298634172,2.9081969082125605,10,6,0,0,0,0,0,0,0,0,1,0,0,0,0,0,0,1,0
2020-10-18,花菜类,91.59700000000001,818.306,173,2,507.28905,173,8.933764206251295,2.932306647398844,10,7,0,0,0,0,0,0,0,0,1,0,0,0,0,0,0,0,1
2020-10-19,花菜类,57.412,490.304,114,2,302.04812,114,8.540096147146938,2.6495449122807018,10,1,0,0,0,0,0,0,0,0,1,0,0,0,0,0,0,0,0
2020-10-20,花菜类,30.899,259.082,63,2,152.45547,63,8.384802097155248,2.4199280952380953,10,2,0,0,0,0,0,0,0,0,1,0,0,1,0,0,0,0,0
2020-10-21,花菜类,40.555,356.971,80,2,216.22195,80,8.80214523486623,2.7027743749999997,10,3,0,0,0,0,0,0,0,0,1,0,0,0,1,0,0,0,0
2020-10-22,花菜类,26.166,223.062,48,2,141.15934,48,8.524879614767256,2.940819583333333,10,4,0,0,0,0,0,0,0,0,1,0,0,0,0,1,0,0,0
2020-10-23,花菜类,23.854,221.518,50,2,131.74965,50,9.286408988010397,2.634993,10,5,0,0,0,0,0,0,0,0,1,0,0,0,0,0,1,0,0
2020-10-24,花菜类,31.113,278.339,64,2,165.34637,64,8.946067560183845,2.58353703125,10,6,0,0,0,0,0,0,0,0,1,0,0,0,0,0,0,1,0
2020-10-25,花菜类,43.114,383.49,79,2,239.55662,79,8.89479055527207,3.032362278481013,10,7,0,0,0,0,0,0,0,0,1,0,0,0,0,0,0,0,1
2020-10-26,花菜类,22.371,213.357,44,2,137.65689,44,9.537213356577713,3.128565681818182,10,1,0,0,0,0,0,0,0,0,1,0,0,0,0,0,0,0,0
2020-10-27,花菜类,23.305,228.922,49,2,162.6137,49,9.822870628620468,3.31864693877551,10,2,0,0,0,0,0,0,0,0,1,0,0,1,0,0,0,0,0
2020-10-28,花菜类,30.297,274.372,58,2,174.49954,58,9.056078159553751,3.0086127586206897,10,3,0,0,0,0,0,0,0,0,1,0,0,0,1,0,0,0,0
2020-10-29,花菜类,24.902,215.896,44,2,145.55852,44,8.669825716809894,3.3081481818181815,10,4,0,0,0,0,0,0,0,0,1,0,0,0,0,1,0,0,0
2020-10-30,花菜类,28.939,243.1674,58,2,170.27959,58,8.402757524447976,2.935855,10,5,0,0,0,0,0,0,0,0,1,0,0,0,0,0,1,0,0
2020-10-31,花菜类,82.701,712.524,166,2,486.14199,166,8.615663655820365,2.928566204819277,10,6,0,0,0,0,0,0,0,0,1,0,0,0,0,0,0,1,0
2020-11-01,花菜类,69.062,608.448,122,2,415.18102,122,8.810170571370653,3.403123114754098,11,7,0,0,0,0,0,0,0,0,0,1,0,0,0,0,0,0,1
2020-11-02,花菜类,32.726,271.2468,62,2,184.01500000000001,62,8.288418994071993,2.967983870967742,11,1,0,0,0,0,0,0,0,0,0,1,0,0,0,0,0,0,0
2020-11-03,花菜类,52.37,444.17839999999995,105,2,257.69936,105,8.481542868054229,2.454279619047619,11,2,0,0,0,0,0,0,0,0,0,1,0,1,0,0,0,0,0
2020-11-04,花菜类,67.527,474.668,130,2,315.74894,130,7.029306795800198,2.428838,11,3,0,0,0,0,0,0,0,0,0,1,0,0,1,0,0,0,0
2020-11-05,花菜类,57.354,400.5954,105,2,253.35855,105,6.984611361021027,2.4129385714285716,11,4,0,0,0,0,0,0,0,0,0,1,0,0,0,1,0,0,0
2020-11-06,花菜类,95.136,458.1672,169,2,311.60998,169,4.815918264379415,1.8438460355029587,11,5,0,0,0,0,0,0,0,0,0,1,0,0,0,0,1,0,0
2020-11-07,花菜类,121.453,703.7704,238,2,468.38883,238,5.794590500028818,1.968020294117647,11,6,0,0,0,0,0,0,0,0,0,1,0,0,0,0,0,1,0
2020-11-08,花菜类,125.591,705.308,233,2,495.55668000000003,233,5.6159119682142835,2.126852703862661,11,7,0,0,0,0,0,0,0,0,0,1,0,0,0,0,0,0,1
2020-11-09,花菜类,57.592,349.243,114,2,244.11564,114,6.064088762328101,2.141365263157895,11,1,0,0,0,0,0,0,0,0,0,1,0,0,0,0,0,0,0
2020-11-10,花菜类,25.698,160.224,50,2,92.7315,50,6.234882091991595,1.85463,11,2,0,0,0,0,0,0,0,0,0,1,0,1,0,0,0,0,0
2020-11-11,花菜类,63.25,364.272,127,2,284.98108,127,5.759241106719368,2.243945511811024,11,3,0,0,0,0,0,0,0,0,0,1,0,0,1,0,0,0,0
2020-11-12,花菜类,13.406,77.774,35,2,52.41470999999999,35,5.801432194539758,1.4975631428571425,11,4,0,0,0,0,0,0,0,0,0,1,0,0,0,1,0,0,0
2020-11-13,花菜类,60.306,332.536,104,2,243.56907999999999,104,5.514144529565881,2.3420103846153846,11,5,0,0,0,0,0,0,0,0,0,1,0,0,0,0,1,0,0
2020-11-14,花菜类,84.001,457.3816,160,2,354.68219,160,5.444954226735396,2.2167636875,11,6,0,0,0,0,0,0,0,0,0,1,0,0,0,0,0,1,0
2020-11-15,花菜类,77.798,423.28639999999996,154,2,311.32243,154,5.4408390961207225,2.021574220779221,11,7,0,0,0,0,0,0,0,0,0,1,0,0,0,0,0,0,1
2020-11-16,花菜类,48.64,260.72159999999997,96,2,183.28308,96,5.360230263157894,1.90919875,11,1,0,0,0,0,0,0,0,0,0,1,0,0,0,0,0,0,0
2020-11-17,花菜类,43.621,238.6088,85,2,170.62213,85,5.4700442447445035,2.007319176470588,11,2,0,0,0,0,0,0,0,0,0,1,0,1,0,0,0,0,0
2020-11-18,花菜类,50.438,240.732,98,2,184.58518,98,4.772830009120107,1.8835222448979592,11,3,0,0,0,0,0,0,0,0,0,1,0,0,1,0,0,0,0
2020-11-19,花菜类,77.165,362.2798,135,2,255.03033,135,4.694872027473595,1.8891135555555556,11,4,0,0,0,0,0,0,0,0,0,1,0,0,0,1,0,0,0
2020-11-20,花菜类,52.701,256.383,101,2,178.1151,101,4.864860249331132,1.7635158415841585,11,5,0,0,0,0,0,0,0,0,0,1,0,0,0,0,1,0,0
2020-11-21,花菜类,114.066,487.836,208,2,339.02046,208,4.276787123244437,1.6299060576923077,11,6,0,0,0,0,0,0,0,0,0,1,0,0,0,0,0,1,0
2020-11-22,花菜类,119.596,508.1144,216,2,289.64544,216,4.248590253854644,1.3409511111111112,11,7,0,0,0,0,0,0,0,0,0,1,0,0,0,0,0,0,1
2020-11-23,花菜类,74.623,304.9214,124,2,169.30252000000002,124,4.086158423006312,1.3653429032258066,11,1,0,0,0,0,0,0,0,0,0,1,0,0,0,0,0,0,0
2020-11-24,花菜类,60.927,268.04519999999997,94,2,143.29112,94,4.399448520360431,1.5243736170212767,11,2,0,0,0,0,0,0,0,0,0,1,0,1,0,0,0,0,0
2020-11-25,花菜类,37.137,152.5724,71,2,96.98231,71,4.1083663193041975,1.365948028169014,11,3,0,0,0,0,0,0,0,0,0,1,0,0,1,0,0,0,0
2020-11-26,花菜类,34.766,162.3144,66,2,106.59752,66,4.668768336880861,1.6151139393939395,11,4,0,0,0,0,0,0,0,0,0,1,0,0,0,1,0,0,0
2020-11-27,花菜类,28.934,135.982,52,2,85.63918,52,4.699730420958042,1.6469073076923075,11,5,0,0,0,0,0,0,0,0,0,1,0,0,0,0,1,0,0
2020-11-28,花菜类,79.441,429.056,143,2,295.67568,143,5.400939061693584,2.067662097902098,11,6,0,0,0,0,0,0,0,0,0,1,0,0,0,0,0,1,0
2020-11-29,花菜类,77.335,423.094,150,2,304.54659999999996,150,5.470925195577682,2.0303106666666664,11,7,0,0,0,0,0,0,0,0,0,1,0,0,0,0,0,0,1
2020-11-30,花菜类,41.156,217.5304,79,2,143.14288,79,5.285508795801341,1.8119351898734175,11,1,0,0,0,0,0,0,0,0,0,1,0,0,0,0,0,0,0
2020-12-01,花菜类,25.82,140.336,51,2,94.76472,51,5.435166537567778,1.8581317647058824,12,2,0,0,0,0,0,0,0,0,0,0,1,1,0,0,0,0,0
2020-12-02,花菜类,24.46,134.512,51,2,89.63816,51,5.4992641046606705,1.757610980392157,12,3,0,0,0,0,0,0,0,0,0,0,1,0,1,0,0,0,0
2020-12-03,花菜类,27.342,162.46439999999998,52,2,114.22488,52,5.941935483870967,2.1966323076923078,12,4,0,0,0,0,0,0,0,0,0,0,1,0,0,1,0,0,0
2020-12-04,花菜类,27.457,169.067,53,2,122.26133,53,6.157519029755618,2.3068175471698114,12,5,0,0,0,0,0,0,0,0,0,0,1,0,0,0,1,0,0
2020-12-05,花菜类,72.116,422.4912,141,2,347.32772,141,5.858494647512341,2.4633171631205673,12,6,0,0,0,0,0,0,0,0,0,0,1,0,0,0,0,1,0
2020-12-06,花菜类,67.968,486.784,135,2,322.46912000000003,135,7.161958568738229,2.388660148148148,12,7,0,0,0,0,0,0,0,0,0,0,1,0,0,0,0,0,1
2020-12-07,花菜类,29.017,196.98000000000002,56,2,136.58576,56,6.788434366061275,2.4390314285714285,12,1,0,0,0,0,0,0,0,0,0,0,1,0,0,0,0,0,0
2020-12-08,花菜类,29.686,211.4,57,2,149.55875999999998,57,7.121201913359833,2.623837894736842,12,2,0,0,0,0,0,0,0,0,0,0,1,1,0,0,0,0,0
2020-12-09,花菜类,20.825,146.632,45,2,105.38093,45,7.041152460984394,2.3417984444444446,12,3,0,0,0,0,0,0,0,0,0,0,1,0,1,0,0,0,0
2020-12-10,花菜类,20.405,137.45000000000002,44,2,99.9531,44,6.7360940945846615,2.2716613636363636,12,4,0,0,0,0,0,0,0,0,0,0,1,0,0,1,0,0,0
2020-12-11,花菜类,30.644,220.466,63,2,158.32273,63,7.194426315102468,2.5130592063492063,12,5,0,0,0,0,0,0,0,0,0,0,1,0,0,0,1,0,0
2020-12-12,花菜类,65.792,467.162,141,2,339.11096000000003,141,7.100589737354085,2.4050422695035465,12,6,0,0,0,0,0,0,0,0,0,0,1,0,0,0,0,1,0
2020-12-13,花菜类,78.67,560.82,157,2,379.4652,157,7.128765730265667,2.416975796178344,12,7,0,0,0,0,0,0,0,0,0,0,1,0,0,0,0,0,1
2020-12-14,花菜类,33.376,228.478,61,2,152.64342,61,6.84557766059444,2.5023511475409834,12,1,0,0,0,0,0,0,0,0,0,0,1,0,0,0,0,0,0
2020-12-15,花菜类,33.43,223.388,71,2,149.02156,71,6.682261441818726,2.0988952112676054,12,2,0,0,0,0,0,0,0,0,0,0,1,1,0,0,0,0,0
2020-12-16,花菜类,26.065,190.154,56,2,123.24762000000001,56,7.295376942259735,2.2008503571428575,12,3,0,0,0,0,0,0,0,0,0,0,1,0,1,0,0,0,0
2020-12-17,花菜类,31.098,209.044,59,2,136.60399999999998,59,6.722104315390058,2.3153220338983047,12,4,0,0,0,0,0,0,0,0,0,0,1,0,0,1,0,0,0
2020-12-18,花菜类,26.454,186.446,48,2,125.87554,48,7.047932259771679,2.6224070833333335,12,5,0,0,0,0,0,0,0,0,0,0,1,0,0,0,1,0,0
2020-12-19,花菜类,60.29,432.552,128,2,291.13084000000003,128,7.174523138165534,2.2744596875000003,12,6,0,0,0,0,0,0,0,0,0,0,1,0,0,0,0,1,0
2020-12-20,花菜类,89.851,648.932,196,2,421.10704,196,7.222312495130828,2.148505306122449,12,7,0,0,0,0,0,0,0,0,0,0,1,0,0,0,0,0,1
2020-12-21,花菜类,32.408,228.36,65,2,153.87496000000002,65,7.046408294248334,2.367307076923077,12,1,0,0,0,0,0,0,0,0,0,0,1,0,0,0,0,0,0
2020-12-22,花菜类,27.346,199.3,55,2,141.65108,55,7.288086008922694,2.575474181818182,12,2,0,0,0,0,0,0,0,0,0,0,1,1,0,0,0,0,0
2020-12-23,花菜类,39.823,310.532,85,2,216.8824,85,7.797805288401174,2.5515576470588233,12,3,0,0,0,0,0,0,0,0,0,0,1,0,1,0,0,0,0
2020-12-24,花菜类,39.293,288.801,87,2,204.26182999999997,87,7.349935102944545,2.347837126436781,12,4,0,0,0,0,0,0,0,0,0,0,1,0,0,1,0,0,0
2020-12-25,花菜类,33.711,253.322,79,2,192.05886,79,7.514520482928422,2.4311248101265823,12,5,0,0,0,0,0,0,0,0,0,0,1,0,0,0,1,0,0
2020-12-26,花菜类,62.717,539.789,129,2,366.85686000000004,129,8.606741393880448,2.843851627906977,12,6,0,0,0,0,0,0,0,0,0,0,1,0,0,0,0,1,0
2020-12-27,花菜类,51.016,403.328,95,2,296.08852,95,7.905911870785635,3.116721263157895,12,7,0,0,0,0,0,0,0,0,0,0,1,0,0,0,0,0,1
2020-12-28,花菜类,33.949,257.134,70,2,189.63585,70,7.574125894724441,2.7090835714285717,12,1,0,0,0,0,0,0,0,0,0,0,1,0,0,0,0,0,0
2020-12-29,花菜类,33.714,273.704,71,2,197.41744,71,8.118407783116806,2.780527323943662,12,2,0,0,0,0,0,0,0,0,0,0,1,1,0,0,0,0,0
2020-12-30,花菜类,33.438,283.356,65,2,193.73724,65,8.47407141575453,2.9805729230769233,12,3,0,0,0,0,0,0,0,0,0,0,1,0,1,0,0,0,0
2020-12-31,花菜类,23.092,208.71,48,2,134.65163,48,9.038195045903343,2.805242291666667,12,4,0,0,0,0,0,0,0,0,0,0,1,0,0,1,0,0,0
2021-01-01,花菜类,55.985,503.32800000000003,107,2,327.52973,107,8.99040814503885,3.0610255140186915,1,5,0,0,0,0,0,0,0,0,0,0,0,0,0,0,1,0,0
2021-01-02,花菜类,31.833,275.116,64,2,178.82201999999998,64,8.642477931706091,2.7940940624999997,1,6,0,0,0,0,0,0,0,0,0,0,0,0,0,0,0,1,0
2021-01-03,花菜类,50.09,464.002,101,2,311.01524,101,9.263365941305649,3.079358811881188,1,7,0,0,0,0,0,0,0,0,0,0,0,0,0,0,0,0,1
2021-01-04,花菜类,24.728,223.924,52,2,153.6416,52,9.055483662245228,2.954646153846154,1,1,0,0,0,0,0,0,0,0,0,0,0,0,0,0,0,0,0
2021-01-05,花菜类,45.052,397.108,97,2,268.42648,97,8.814436650981088,2.7672832989690725,1,2,0,0,0,0,0,0,0,0,0,0,0,1,0,0,0,0,0
2021-01-06,花菜类,41.283,366.134,94,2,247.8546,94,8.868880653053315,2.636751063829787,1,3,0,0,0,0,0,0,0,0,0,0,0,0,1,0,0,0,0
2021-01-07,花菜类,42.427,379.626,85,2,259.42153,85,8.947745539397081,3.0520180000000003,1,4,0,0,0,0,0,0,0,0,0,0,0,0,0,1,0,0,0
2021-01-08,花菜类,29.703,287.149,67,2,184.97218,67,9.667339999326668,2.7607788059701495,1,5,0,0,0,0,0,0,0,0,0,0,0,0,0,0,1,0,0
2021-01-09,花菜类,47.188,525.928,108,2,331.66312,108,11.145375943036365,3.0709548148148147,1,6,0,0,0,0,0,0,0,0,0,0,0,0,0,0,0,1,0
2021-01-10,花菜类,57.696,649.778,117,2,428.98727,117,11.262097892401554,3.6665578632478635,1,7,0,0,0,0,0,0,0,0,0,0,0,0,0,0,0,0,1
2021-01-11,花菜类,28.862,339.026,63,2,206.92352,63,11.746448617559421,3.2845003174603176,1,1,0,0,0,0,0,0,0,0,0,0,0,0,0,0,0,0,0
2021-01-12,花菜类,18.847,235.887,45,2,142.75469,45,12.51589112325569,3.172326444444445,1,2,0,0,0,0,0,0,0,0,0,0,0,1,0,0,0,0,0
2021-01-13,花菜类,23.848,294.021,59,2,193.0428,59,12.328958403220398,3.2719118644067797,1,3,0,0,0,0,0,0,0,0,0,0,0,0,1,0,0,0,0
2021-01-14,花菜类,31.086,383.927,62,2,267.32063,62,12.350479315447469,4.311623064516129,1,4,0,0,0,0,0,0,0,0,0,0,0,0,0,1,0,0,0
2021-01-15,花菜类,30.326999999999998,379.991,67,2,248.29757999999998,67,12.529791934579748,3.705934029850746,1,5,0,0,0,0,0,0,0,0,0,0,0,0,0,0,1,0,0
2021-01-16,花菜类,45.807,570.161,101,2,376.37016,101,12.447027746850916,3.7264372277227724,1,6,0,0,0,0,0,0,0,0,0,0,0,0,0,0,0,1,0
2021-01-17,花菜类,45.21,601.6602,93,3,376.03335,93,13.308122096881222,4.04336935483871,1,7,0,0,0,0,0,0,0,0,0,0,0,0,0,0,0,0,1
2021-01-18,花菜类,26.404,356.782,56,2,229.1326,56,13.512422360248447,4.091653571428571,1,1,0,0,0,0,0,0,0,0,0,0,0,0,0,0,0,0,0
2021-01-19,花菜类,28.877,369.93,61,3,237.01904,61,12.810541261211345,3.8855580327868853,1,2,0,0,0,0,0,0,0,0,0,0,0,1,0,0,0,0,0
2021-01-20,花菜类,33.627,436.85,75,3,284.92769,75,12.991048859547387,3.7990358666666664,1,3,0,0,0,0,0,0,0,0,0,0,0,0,1,0,0,0,0
2021-01-21,花菜类,27.553,358.742,66,3,233.52339,66,13.020070409755744,3.538233181818182,1,4,0,0,0,0,0,0,0,0,0,0,0,0,0,1,0,0,0
2021-01-22,花菜类,32.636,421.646,68,2,275.5851,68,12.919659271969604,4.052722058823529,1,5,0,0,0,0,0,0,0,0,0,0,0,0,0,0,1,0,0
2021-01-23,花菜类,48.218,604.244,110,3,397.96052,110,12.531502758306026,3.6178229090909086,1,6,0,0,0,0,0,0,0,0,0,0,0,0,0,0,0,1,0
2021-01-24,花菜类,56.086,727.484,124,3,473.42830999999995,124,12.970866169810648,3.8179702419354835,1,7,0,0,0,0,0,0,0,0,0,0,0,0,0,0,0,0,1
2021-01-25,花菜类,34.554,408.4852,78,2,291.58212,78,11.821647276726283,3.738232307692307,1,1,0,0,0,0,0,0,0,0,0,0,0,0,0,0,0,0,0
2021-01-26,花菜类,36.857,436.5836,78,3,279.97139,78,11.845337385028625,3.5893767948717947,1,2,0,0,0,0,0,0,0,0,0,0,0,1,0,0,0,0,0
2021-01-27,花菜类,50.986000000000004,539.164,113,3,382.93136,113,10.574746008708273,3.3887730973451324,1,3,0,0,0,0,0,0,0,0,0,0,0,0,1,0,0,0,0
2021-01-28,花菜类,47.788,527.25,104,2,335.59205,104,11.033104545074078,3.2268466346153843,1,4,0,0,0,0,0,0,0,0,0,0,0,0,0,1,0,0,0
2021-01-29,花菜类,56.588,567.098,121,3,393.49366000000003,121,10.02152399802078,3.2520137190082647,1,5,0,0,0,0,0,0,0,0,0,0,0,0,0,0,1,0,0
2021-01-30,花菜类,63.124,631.24,126,2,415.48363,126,10.0,3.297489126984127,1,6,0,0,0,0,0,0,0,0,0,0,0,0,0,0,0,1,0
2021-01-31,花菜类,37.907,379.07,84,2,244.90814,84,10.0,2.9155730952380954,1,7,0,0,0,0,0,0,0,0,0,0,0,0,0,0,0,0,1
2021-02-01,花菜类,25.144,251.44,51,2,164.55252,51,10.0,3.22652,2,1,1,0,0,0,0,0,0,0,0,0,0,0,0,0,0,0,0
2021-02-02,花菜类,41.328,413.28,93,2,269.76016,93,9.999999999999998,2.90064688172043,2,2,1,0,0,0,0,0,0,0,0,0,0,1,0,0,0,0,0
2021-02-03,花菜类,84.615,697.917,171,2,508.49226000000004,171,8.248147491579507,2.9736389473684213,2,3,1,0,0,0,0,0,0,0,0,0,0,0,1,0,0,0,0
2021-02-04,花菜类,69.983,580.868,142,2,363.27693,142,8.300130031579098,2.5582882394366195,2,4,1,0,0,0,0,0,0,0,0,0,0,0,0,1,0,0,0
2021-02-05,花菜类,58.169,482.492,113,2,298.18845,113,8.294658666987571,2.6388358407079644,2,5,1,0,0,0,0,0,0,0,0,0,0,0,0,0,1,0,0
2021-02-06,花菜类,75.497,631.751,151,2,382.86315,151,8.36789541306277,2.5355175496688744,2,6,1,0,0,0,0,0,0,0,0,0,0,0,0,0,0,1,0
2021-02-07,花菜类,53.682,463.148,112,2,272.1499,112,8.627621921686972,2.4299098214285713,2,7,1,0,0,0,0,0,0,0,0,0,0,0,0,0,0,0,1
2021-02-08,花菜类,122.215,961.794,213,2,590.60659,213,7.86968866342102,2.7728008920187794,2,1,1,0,0,0,0,0,0,0,0,0,0,0,0,0,0,0,0
2021-02-09,花菜类,139.056,1149.585,235,3,621.16207,235,8.26706506731101,2.6432428510638295,2,2,1,0,0,0,0,0,0,0,0,0,0,1,0,0,0,0,0
2021-02-10,花菜类,167.055,1508.258,259,2,826.10029,259,9.028511568046452,3.189576409266409,2,3,1,0,0,0,0,0,0,0,0,0,0,0,1,0,0,0,0
2021-02-13,花菜类,22.759,182.072,39,1,95.5878,39,8.0,2.450969230769231,2,6,1,0,0,0,0,0,0,0,0,0,0,0,0,0,0,1,0
2021-02-14,花菜类,11.692,104.162,22,2,68.33946,22,8.908826548067054,3.106339090909091,2,7,1,0,0,0,0,0,0,0,0,0,0,0,0,0,0,0,1
2021-02-15,花菜类,41.123,327.813,73,2,208.87315999999998,73,7.971524451037133,2.8612761643835616,2,1,1,0,0,0,0,0,0,0,0,0,0,0,0,0,0,0,0
2021-02-16,花菜类,40.493,337.344,82,2,231.4215,82,8.330921393821153,2.8222134146341467,2,2,1,0,0,0,0,0,0,0,0,0,0,1,0,0,0,0,0
2021-02-17,花菜类,33.589,255.793,70,2,187.29735,70,7.615380035130549,2.6756764285714283,2,3,1,0,0,0,0,0,0,0,0,0,0,0,1,0,0,0,0
2021-02-18,花菜类,56.001,366.756,106,2,297.0117,106,6.549097337547543,2.801997169811321,2,4,1,0,0,0,0,0,0,0,0,0,0,0,0,1,0,0,0
2021-02-19,花菜类,47.197,285.229,103,2,230.97466,103,6.043371400724622,2.242472427184466,2,5,1,0,0,0,0,0,0,0,0,0,0,0,0,0,1,0,0
2021-02-20,花菜类,39.445,255.507,81,2,176.15975999999998,81,6.477551020408163,2.1748118518518518,2,6,1,0,0,0,0,0,0,0,0,0,0,0,0,0,0,1,0
2021-02-21,花菜类,35.248,246.917,84,2,165.82774,84,7.005135043123015,1.974139761904762,2,7,1,0,0,0,0,0,0,0,0,0,0,0,0,0,0,0,1
2021-02-22,花菜类,30.813,193.84,66,2,145.28305,66,6.290851264076851,2.2012583333333335,2,1,1,0,0,0,0,0,0,0,0,0,0,0,0,0,0,0,0
2021-02-23,花菜类,24.456,153.632,59,2,115.28,59,6.281975793261368,1.9538983050847458,2,2,1,0,0,0,0,0,0,0,0,0,0,1,0,0,0,0,0
2021-02-24,花菜类,37.410000000000004,224.46,78,2,148.42038,78,6.0,1.9028253846153846,2,3,1,0,0,0,0,0,0,0,0,0,0,0,1,0,0,0,0
2021-02-25,花菜类,39.885,239.31,83,2,165.32732,83,6.0,1.9918954216867468,2,4,1,0,0,0,0,0,0,0,0,0,0,0,0,1,0,0,0
2021-02-26,花菜类,70.064,490.668,151,2,331.89714,151,7.003139986298242,2.1979943046357615,2,5,1,0,0,0,0,0,0,0,0,0,0,0,0,0,1,0,0
2021-02-27,花菜类,74.704,577.005,153,2,364.58907999999997,153,7.723883593917328,2.3829351633986926,2,6,1,0,0,0,0,0,0,0,0,0,0,0,0,0,0,1,0
2021-02-28,花菜类,54.673,410.4034,108,2,267.47766,108,7.506509611691328,2.476645,2,7,1,0,0,0,0,0,0,0,0,0,0,0,0,0,0,0,1
2021-03-01,花菜类,28.579,230.27,59,2,137.09945,59,8.057314811574933,2.3237194915254236,3,1,0,1,0,0,0,0,0,0,0,0,0,0,0,0,0,0,0
2021-03-02,花菜类,40.61,330.168,85,2,213.19136,85,8.13021423294755,2.5081336470588234,3,2,0,1,0,0,0,0,0,0,0,0,0,1,0,0,0,0,0
2021-03-03,花菜类,22.01,186.7806,47,2,105.78056,47,8.48616992276238,2.250650212765957,3,3,0,1,0,0,0,0,0,0,0,0,0,0,1,0,0,0,0
2021-03-04,花菜类,18.952,157.2054,39,2,89.00779999999999,39,8.294924018573237,2.282251282051282,3,4,0,1,0,0,0,0,0,0,0,0,0,0,0,1,0,0,0
2021-03-05,花菜类,41.955,344.39799999999997,89,2,200.54784999999998,89,8.208747467524729,2.253346629213483,3,5,0,1,0,0,0,0,0,0,0,0,0,0,0,0,1,0,0
2021-03-06,花菜类,64.332,527.4452,126,2,316.75602000000003,126,8.198799975129019,2.513936666666667,3,6,0,1,0,0,0,0,0,0,0,0,0,0,0,0,0,1,0
2021-03-07,花菜类,84.586,561.3356,163,2,377.41664000000003,163,6.636270777670064,2.315439509202454,3,7,0,1,0,0,0,0,0,0,0,0,0,0,0,0,0,0,1
2021-03-08,花菜类,45.65,323.4144,103,2,181.32232,103,7.084652792990143,1.7604108737864077,3,1,0,1,0,0,0,0,0,0,0,0,0,0,0,0,0,0,0
2021-03-09,花菜类,34.073,241.632,62,2,146.37505,62,7.091597452528395,2.360887903225806,3,2,0,1,0,0,0,0,0,0,0,0,0,1,0,0,0,0,0
2021-03-10,花菜类,25.101,197.311,56,2,108.68581,56,7.860682841321063,1.9408180357142857,3,3,0,1,0,0,0,0,0,0,0,0,0,0,1,0,0,0,0
2021-03-11,花菜类,30.749,257.843,66,2,128.16876,66,8.385410907671796,1.941950909090909,3,4,0,1,0,0,0,0,0,0,0,0,0,0,0,1,0,0,0
2021-03-12,花菜类,31.282,267.604,67,2,151.7415,67,8.554568122242824,2.2647985074626864,3,5,0,1,0,0,0,0,0,0,0,0,0,0,0,0,1,0,0
2021-03-13,花菜类,43.017,381.088,92,2,216.86469,92,8.859009228909501,2.3572248913043476,3,6,0,1,0,0,0,0,0,0,0,0,0,0,0,0,0,1,0
2021-03-14,花菜类,41.13,376.356,84,2,245.06112000000002,84,9.150401167031363,2.917394285714286,3,7,0,1,0,0,0,0,0,0,0,0,0,0,0,0,0,0,1
2021-03-15,花菜类,28.603,249.53799999999998,58,2,169.90225,58,8.724189770303813,2.929349137931035,3,1,0,1,0,0,0,0,0,0,0,0,0,0,0,0,0,0,0
2021-03-16,花菜类,19.792,171.139,40,2,117.01238000000001,40,8.646877526273242,2.9253095,3,2,0,1,0,0,0,0,0,0,0,0,0,1,0,0,0,0,0
2021-03-17,花菜类,29.326,267.166,59,2,179.94518,59,9.11020937052445,3.049918305084746,3,3,0,1,0,0,0,0,0,0,0,0,0,0,1,0,0,0,0
2021-03-18,花菜类,29.081,239.657,58,2,169.74944000000002,58,8.241016471235515,2.926714482758621,3,4,0,1,0,0,0,0,0,0,0,0,0,0,0,1,0,0,0
2021-03-19,花菜类,42.902,315.692,87,2,215.92556000000002,87,7.3584448277469585,2.4819029885057473,3,5,0,1,0,0,0,0,0,0,0,0,0,0,0,0,1,0,0
2021-03-20,花菜类,34.377,289.518,72,2,192.07302,72,8.421851819530499,2.6676808333333337,3,6,0,1,0,0,0,0,0,0,0,0,0,0,0,0,0,1,0
2021-03-21,花菜类,51.413000000000004,394.756,103,2,239.51270000000002,103,7.678135880030341,2.325366019417476,3,7,0,1,0,0,0,0,0,0,0,0,0,0,0,0,0,0,1
2021-03-22,花菜类,30.625,266.1004,66,2,153.34105,66,8.688992653061224,2.3233492424242423,3,1,0,1,0,0,0,0,0,0,0,0,0,0,0,0,0,0,0
2021-03-23,花菜类,28.634,258.62,62,2,168.566,62,9.031920094991968,2.7188064516129034,3,2,0,1,0,0,0,0,0,0,0,0,0,1,0,0,0,0,0
2021-03-24,花菜类,27.331,239.982,59,2,159.9208,59,8.780578829900113,2.710522033898305,3,3,0,1,0,0,0,0,0,0,0,0,0,0,1,0,0,0,0
2021-03-25,花菜类,25.174,222.566,59,2,149.15226,59,8.841105902915707,2.528004406779661,3,4,0,1,0,0,0,0,0,0,0,0,0,0,0,1,0,0,0
2021-03-26,花菜类,48.956,453.628,103,2,306.20799999999997,103,9.266034806765258,2.972893203883495,3,5,0,1,0,0,0,0,0,0,0,0,0,0,0,0,1,0,0
2021-03-27,花菜类,51.805,508.622,97,2,339.72463,97,9.818009844609595,3.502315773195876,3,6,0,1,0,0,0,0,0,0,0,0,0,0,0,0,0,1,0
2021-03-28,花菜类,50.119,482.324,97,2,336.2941,97,9.623575889383268,3.4669494845360824,3,7,0,1,0,0,0,0,0,0,0,0,0,0,0,0,0,0,1
2021-03-29,花菜类,60.434,535.972,113,2,392.6787,113,8.868716285534633,3.475032743362832,3,1,0,1,0,0,0,0,0,0,0,0,0,0,0,0,0,0,0
2021-03-30,花菜类,26.924,278.008,52,2,181.0196,52,10.325657406031793,3.481146153846154,3,2,0,1,0,0,0,0,0,0,0,0,0,1,0,0,0,0,0
2021-03-31,花菜类,28.74,301.82,56,2,181.192,56,10.501739735560195,3.2355714285714288,3,3,0,1,0,0,0,0,0,0,0,0,0,0,1,0,0,0,0
2021-04-01,花菜类,39.109,350.454,76,2,244.21368999999999,76,8.960955278836073,3.2133380263157894,4,4,0,0,1,0,0,0,0,0,0,0,0,0,0,1,0,0,0
2021-04-02,花菜类,69.53,494.456,136,2,420.58732000000003,136,7.111405148856608,3.092553823529412,4,5,0,0,1,0,0,0,0,0,0,0,0,0,0,0,1,0,0
2021-04-03,花菜类,68.593,566.114,132,2,417.69072,132,8.253232837169973,3.1643236363636364,4,6,0,0,1,0,0,0,0,0,0,0,0,0,0,0,0,1,0
2021-04-04,花菜类,71.456,565.492,148,2,407.95783,148,7.913849081952529,2.7564718243243242,4,7,0,0,1,0,0,0,0,0,0,0,0,0,0,0,0,0,1
2021-04-05,花菜类,59.759,578.29,130,2,399.91158,130,9.677036094981508,3.076242923076923,4,1,0,0,1,0,0,0,0,0,0,0,0,0,0,0,0,0,0
2021-04-06,花菜类,13.129999999999999,103.404,31,2,75.49268,31,7.875399847677076,2.4352477419354837,4,2,0,0,1,0,0,0,0,0,0,0,0,1,0,0,0,0,0
2021-04-07,花菜类,26.939,212.655,58,2,162.98430000000002,58,7.893945580756524,2.8100741379310348,4,3,0,0,1,0,0,0,0,0,0,0,0,0,1,0,0,0,0
2021-04-08,花菜类,22.294,190.028,51,2,137.83416,51,8.523728357405579,2.702630588235294,4,4,0,0,1,0,0,0,0,0,0,0,0,0,0,1,0,0,0
2021-04-09,花菜类,51.978,399.163,108,2,327.68462,108,7.6794605409981145,3.0341168518518518,4,5,0,0,1,0,0,0,0,0,0,0,0,0,0,0,1,0,0
2021-04-10,花菜类,50.186,379.74,104,2,288.93624,104,7.566652054357789,2.778233076923077,4,6,0,0,1,0,0,0,0,0,0,0,0,0,0,0,0,1,0
2021-04-11,花菜类,47.112,325.418,94,2,254.23522,94,6.907327220241127,2.70463,4,7,0,0,1,0,0,0,0,0,0,0,0,0,0,0,0,0,1
2021-04-12,花菜类,32.027,226.352,66,2,172.01707000000002,66,7.067536765853811,2.6063192424242425,4,1,0,0,1,0,0,0,0,0,0,0,0,0,0,0,0,0,0
2021-04-13,花菜类,28.593,195.392,62,2,133.72435000000002,62,6.833560661700416,2.15684435483871,4,2,0,0,1,0,0,0,0,0,0,0,0,1,0,0,0,0,0
2021-04-14,花菜类,30.12,205.605,66,2,139.59315,66,6.826195219123505,2.1150477272727275,4,3,0,0,1,0,0,0,0,0,0,0,0,0,1,0,0,0,0
2021-04-15,花菜类,27.05,171.954,58,2,115.07749999999999,58,6.356894639556377,1.9840948275862067,4,4,0,0,1,0,0,0,0,0,0,0,0,0,0,1,0,0,0
2021-04-16,花菜类,40.232,217.8486,79,2,139.10210999999998,79,5.414809107178366,1.7607862025316454,4,5,0,0,1,0,0,0,0,0,0,0,0,0,0,0,1,0,0
2021-04-17,花菜类,77.636,455.0196,153,2,306.47596,153,5.860935648410532,2.0031108496732024,4,6,0,0,1,0,0,0,0,0,0,0,0,0,0,0,0,1,0
2021-04-18,花菜类,48.315,285.003,98,2,191.61972,98,5.8988512884197455,1.9553032653061224,4,7,0,0,1,0,0,0,0,0,0,0,0,0,0,0,0,0,1
2021-04-19,花菜类,25.092,129.3288,45,2,89.98908,45,5.154184600669536,1.9997573333333334,4,1,0,0,1,0,0,0,0,0,0,0,0,0,0,0,0,0,0
2021-04-20,花菜类,30.338,168.8158,60,2,123.13166000000001,60,5.564499967038038,2.0521943333333335,4,2,0,0,1,0,0,0,0,0,0,0,0,1,0,0,0,0,0
2021-04-21,花菜类,49.748,234.094,95,2,157.75495999999998,95,4.705596204872558,1.6605785263157893,4,3,0,0,1,0,0,0,0,0,0,0,0,0,1,0,0,0,0
2021-04-22,花菜类,34.615,155.3174,72,2,100.93188,72,4.4869969666329625,1.4018316666666668,4,4,0,0,1,0,0,0,0,0,0,0,0,0,0,1,0,0,0
2021-04-23,花菜类,47.035000000000004,216.0528,94,2,174.75997999999998,94,4.593447432762836,1.8591487234042552,4,5,0,0,1,0,0,0,0,0,0,0,0,0,0,0,1,0,0
2021-04-24,花菜类,107.309,365.8678,164,2,288.58669,164,3.4094791676373837,1.7596749390243902,4,6,0,0,1,0,0,0,0,0,0,0,0,0,0,0,0,1,0
2021-04-25,花菜类,94.264,323.828,169,2,218.20574000000002,169,3.4353305609776794,1.2911582248520712,4,7,0,0,1,0,0,0,0,0,0,0,0,0,0,0,0,0,1
2021-04-26,花菜类,43.118,151.9592,70,2,102.70844,70,3.5242636485922354,1.4672634285714286,4,1,0,0,1,0,0,0,0,0,0,0,0,0,0,0,0,0,0
2021-04-27,花菜类,26.49,96.8418,55,2,71.54603999999999,55,3.655787089467724,1.3008370909090907,4,2,0,0,1,0,0,0,0,0,0,0,0,1,0,0,0,0,0
2021-04-28,花菜类,29.405,132.7064,59,2,75.30033999999999,59,4.513055602788642,1.2762769491525423,4,3,0,0,1,0,0,0,0,0,0,0,0,0,1,0,0,0,0
2021-04-29,花菜类,33.858,136.6938,65,2,100.08075000000001,65,4.037267410951622,1.5397038461538464,4,4,0,0,1,0,0,0,0,0,0,0,0,0,0,1,0,0,0
2021-04-30,花菜类,38.125,150.3458,75,2,132.53476,75,3.943496393442623,1.7671301333333334,4,5,0,0,1,0,0,0,0,0,0,0,0,0,0,0,1,0,0
2021-05-01,花菜类,57.443,269.28000000000003,106,2,171.37311,106,4.687777448949394,1.6167274528301887,5,6,0,0,0,1,0,0,0,0,0,0,0,0,0,0,0,1,0
2021-05-02,花菜类,36.466,180.8418,70,2,106.22039000000001,70,4.9591893818899795,1.517434142857143,5,7,0,0,0,1,0,0,0,0,0,0,0,0,0,0,0,0,1
2021-05-03,花菜类,37.613,192.054,80,2,107.83706,80,5.106053758009199,1.3479632499999998,5,1,0,0,0,1,0,0,0,0,0,0,0,0,0,0,0,0,0
2021-05-04,花菜类,37.838,178.5666,84,2,103.07858,84,4.71923991754321,1.2271259523809523,5,2,0,0,0,1,0,0,0,0,0,0,0,1,0,0,0,0,0
2021-05-05,花菜类,34.156,173.078,87,2,108.70072,87,5.067279540929851,1.2494335632183908,5,3,0,0,0,1,0,0,0,0,0,0,0,0,1,0,0,0,0
2021-05-06,花菜类,21.199,125.636,52,2,87.43221,52,5.926505967262606,1.6813886538461538,5,4,0,0,0,1,0,0,0,0,0,0,0,0,0,1,0,0,0
2021-05-07,花菜类,26.046,144.947,58,2,98.22301999999999,58,5.565038777547416,1.693500344827586,5,5,0,0,0,1,0,0,0,0,0,0,0,0,0,0,1,0,0
2021-05-08,花菜类,28.122,155.276,61,2,97.51408,61,5.521513405874405,1.5985914754098363,5,6,0,0,0,1,0,0,0,0,0,0,0,0,0,0,0,1,0
2021-05-09,花菜类,37.443,209.252,77,2,128.86073000000002,77,5.588547926181129,1.6735159740259742,5,7,0,0,0,1,0,0,0,0,0,0,0,0,0,0,0,0,1
2021-05-10,花菜类,30.866,169.933,64,2,101.55971,64,5.505507678351584,1.58687046875,5,1,0,0,0,1,0,0,0,0,0,0,0,0,0,0,0,0,0
2021-05-11,花菜类,27.768,154.377,59,2,92.19981,59,5.559528954191876,1.5627086440677966,5,2,0,0,0,1,0,0,0,0,0,0,0,1,0,0,0,0,0
2021-05-12,花菜类,19.252,108.703,45,2,65.72645,45,5.646322460004156,1.4605877777777778,5,3,0,0,0,1,0,0,0,0,0,0,0,0,1,0,0,0,0
2021-05-13,花菜类,24.095,156.497,47,2,86.01733,47,6.4949989624403415,1.8301559574468085,5,4,0,0,0,1,0,0,0,0,0,0,0,0,0,1,0,0,0
2021-05-14,花菜类,40.997,246.091,90,2,155.69643,90,6.002658731126668,1.7299603333333333,5,5,0,0,0,1,0,0,0,0,0,0,0,0,0,0,1,0,0
2021-05-15,花菜类,37.347,234.279,78,2,158.29631999999998,78,6.273033978632822,2.0294399999999997,5,6,0,0,0,1,0,0,0,0,0,0,0,0,0,0,0,1,0
2021-05-16,花菜类,52.382,355.864,109,2,238.75008,109,6.793631400099271,2.1903677064220184,5,7,0,0,0,1,0,0,0,0,0,0,0,0,0,0,0,0,1
2021-05-17,花菜类,27.587,174.97,56,2,106.25435,56,6.342480153695582,1.897399107142857,5,1,0,0,0,1,0,0,0,0,0,0,0,0,0,0,0,0,0
2021-05-18,花菜类,31.098,220.047,53,2,129.03645,53,7.0759212811113255,2.43465,5,2,0,0,0,1,0,0,0,0,0,0,0,1,0,0,0,0,0
2021-05-19,花菜类,33.901,215.813,61,2,138.68386,61,6.365977404796317,2.2735059016393446,5,3,0,0,0,1,0,0,0,0,0,0,0,0,1,0,0,0,0
2021-05-20,花菜类,17.189,110.458,41,2,63.6541,41,6.426086450637035,1.552539024390244,5,4,0,0,0,1,0,0,0,0,0,0,0,0,0,1,0,0,0
2021-05-21,花菜类,33.979,249.524,66,2,149.4647,66,7.343476853350599,2.2646166666666665,5,5,0,0,0,1,0,0,0,0,0,0,0,0,0,0,1,0,0
2021-05-22,花菜类,34.962,276.9096,76,2,172.64292,76,7.920302042217264,2.2716173684210528,5,6,0,0,0,1,0,0,0,0,0,0,0,0,0,0,0,1,0
2021-05-23,花菜类,64.231,506.4336,133,2,304.57242,133,7.884566642275537,2.290018195488722,5,7,0,0,0,1,0,0,0,0,0,0,0,0,0,0,0,0,1
2021-05-24,花菜类,40.924,302.762,88,2,187.29942,88,7.398152673247972,2.1284025,5,1,0,0,0,1,0,0,0,0,0,0,0,0,0,0,0,0,0
2021-05-25,花菜类,29.554,224.739,66,2,136.77858,66,7.604351356838331,2.0724027272727272,5,2,0,0,0,1,0,0,0,0,0,0,0,1,0,0,0,0,0
2021-05-26,花菜类,46.547,347.63,106,2,209.26188000000002,106,7.468365308183127,1.9741686792452833,5,3,0,0,0,1,0,0,0,0,0,0,0,0,1,0,0,0,0
2021-05-27,花菜类,43.952,335.414,88,2,204.4577,88,7.6313705860939205,2.3233829545454543,5,4,0,0,0,1,0,0,0,0,0,0,0,0,0,1,0,0,0
2021-05-28,花菜类,42.189,323.658,81,2,202.00887,81,7.671620564602148,2.4939366666666665,5,5,0,0,0,1,0,0,0,0,0,0,0,0,0,0,1,0,0
2021-05-29,花菜类,52.779,348.8,106,2,268.75809000000004,106,6.608689061937513,2.5354536792452835,5,6,0,0,0,1,0,0,0,0,0,0,0,0,0,0,0,1,0
2021-05-30,花菜类,21.296,120.827,34,2,99.71473999999999,34,5.673694590533434,2.932786470588235,5,7,0,0,0,1,0,0,0,0,0,0,0,0,0,0,0,0,1
2021-05-31,花菜类,39.165,249.173,67,2,196.51225000000002,67,6.3621345589174005,2.9330186567164183,5,1,0,0,0,1,0,0,0,0,0,0,0,0,0,0,0,0,0
2021-06-01,花菜类,41.593,286.175,84,2,203.98636,84,6.8803644844084335,2.4284090476190476,6,2,0,0,0,0,1,0,0,0,0,0,0,1,0,0,0,0,0
2021-06-02,花菜类,43.414,296.502,76,2,181.62537,76,6.829640208227761,2.3898075,6,3,0,0,0,0,1,0,0,0,0,0,0,0,1,0,0,0,0
2021-06-03,花菜类,36.284,262.136,69,2,165.18388,69,7.224561790320803,2.3939692753623185,6,4,0,0,0,0,1,0,0,0,0,0,0,0,0,1,0,0,0
2021-06-04,花菜类,31.416,249.537,69,2,152.22403,69,7.942990832696715,2.2061453623188405,6,5,0,0,0,0,1,0,0,0,0,0,0,0,0,0,1,0,0
2021-06-05,花菜类,61.486,499.182,106,2,301.41589999999997,106,8.11862863090785,2.843546226415094,6,6,0,0,0,0,1,0,0,0,0,0,0,0,0,0,0,1,0
2021-06-06,花菜类,42.143,302.29200000000003,80,2,193.90641000000002,80,7.173006193199345,2.4238301250000003,6,7,0,0,0,0,1,0,0,0,0,0,0,0,0,0,0,0,1
2021-06-07,花菜类,24.819,197.02800000000002,44,2,118.93524000000001,44,7.938595430919861,2.7030736363636367,6,1,0,0,0,0,1,0,0,0,0,0,0,0,0,0,0,0,0
2021-06-08,花菜类,25.106,185.61599999999999,43,2,113.18264,43,7.393292440054169,2.6321544186046513,6,2,0,0,0,0,1,0,0,0,0,0,0,1,0,0,0,0,0
2021-06-09,花菜类,26.845,219.741,46,2,133.86741,46,8.185546656733099,2.910161086956522,6,3,0,0,0,0,1,0,0,0,0,0,0,0,1,0,0,0,0
2021-06-10,花菜类,13.847,103.589,26,2,60.467090000000006,26,7.480970607351773,2.3256573076923077,6,4,0,0,0,0,1,0,0,0,0,0,0,0,0,1,0,0,0
2021-06-11,花菜类,21.048,164.928,32,2,101.52504,32,7.835803876852908,3.1726575,6,5,0,0,0,0,1,0,0,0,0,0,0,0,0,0,1,0,0
2021-06-12,花菜类,52.462,388.222,101,2,283.97951,101,7.400060996530821,2.8116783168316832,6,6,0,0,0,0,1,0,0,0,0,0,0,0,0,0,0,1,0
2021-06-13,花菜类,61.91,473.504,121,2,378.20946,121,7.6482636084639,3.1256980165289256,6,7,0,0,0,0,1,0,0,0,0,0,0,0,0,0,0,0,1
2021-06-14,花菜类,73.037,547.068,138,2,411.75256,138,7.490285745581006,2.983714202898551,6,1,0,0,0,0,1,0,0,0,0,0,0,0,0,0,0,0,0
2021-06-15,花菜类,45.326,379.8,90,2,233.21355,90,8.379296650928827,2.5912616666666666,6,2,0,0,0,0,1,0,0,0,0,0,0,1,0,0,0,0,0
2021-06-16,花菜类,12.99,110.964,24,2,68.43978,24,8.542263279445727,2.8516575,6,3,0,0,0,0,1,0,0,0,0,0,0,0,1,0,0,0,0
2021-06-17,花菜类,20.793,165.65,37,2,100.84711,37,7.966623382869235,2.7255975675675677,6,4,0,0,0,0,1,0,0,0,0,0,0,0,0,1,0,0,0
2021-06-18,花菜类,34.971,280.474,65,2,180.98338999999999,65,8.020188155900604,2.784359846153846,6,5,0,0,0,0,1,0,0,0,0,0,0,0,0,0,1,0,0
2021-06-19,花菜类,44.511,392.409,76,2,238.43536,76,8.816000539192558,3.1373073684210526,6,6,0,0,0,0,1,0,0,0,0,0,0,0,0,0,0,1,0
2021-06-20,花菜类,43.614,374.973,65,2,231.46532,65,8.597537487962581,3.561004923076923,6,7,0,0,0,0,1,0,0,0,0,0,0,0,0,0,0,0,1
2021-06-21,花菜类,54.07,492.096,112,2,296.11958,112,9.10109117810246,2.643924821428571,6,1,0,0,0,0,1,0,0,0,0,0,0,0,0,0,0,0,0
2021-06-22,花菜类,26.162,235.68,50,2,146.32234,50,9.008485589786714,2.9264468,6,2,0,0,0,0,1,0,0,0,0,0,0,1,0,0,0,0,0
2021-06-23,花菜类,57.723,511.89,116,2,332.90286,116,8.868042201548777,2.86985224137931,6,3,0,0,0,0,1,0,0,0,0,0,0,0,1,0,0,0,0
2021-06-24,花菜类,34.885,313.81,65,2,205.88665,65,8.995556829582917,3.167486923076923,6,4,0,0,0,0,1,0,0,0,0,0,0,0,0,1,0,0,0
2021-06-25,花菜类,40.437,361.436,77,2,237.80387,77,8.938249622870144,3.088361948051948,6,5,0,0,0,0,1,0,0,0,0,0,0,0,0,0,1,0,0
2021-06-26,花菜类,71.821,679.586,149,2,439.76939,149,9.462218571169993,2.9514724161073826,6,6,0,0,0,0,1,0,0,0,0,0,0,0,0,0,0,1,0
2021-06-27,花菜类,56.542,523.866,113,2,326.83734999999996,113,9.265077287679954,2.8923659292035393,6,7,0,0,0,0,1,0,0,0,0,0,0,0,0,0,0,0,1
2021-06-28,花菜类,35.784,328.412,79,2,202.5324,79,9.177621283255085,2.5637012658227847,6,1,0,0,0,0,1,0,0,0,0,0,0,0,0,0,0,0,0
2021-06-29,花菜类,34.383,320.576,73,2,199.1226,73,9.32367739871448,2.7277068493150685,6,2,0,0,0,0,1,0,0,0,0,0,0,1,0,0,0,0,0
2021-06-30,花菜类,27.052,249.294,55,2,154.0294,55,9.215363004583764,2.800534545454546,6,3,0,0,0,0,1,0,0,0,0,0,0,0,1,0,0,0,0
2021-07-01,花菜类,33.72,298.347,64,2,192.28851,64,8.847775800711743,3.00450796875,7,4,0,0,0,0,0,1,0,0,0,0,0,0,0,1,0,0,0
2021-07-02,花菜类,24.972,231.672,56,2,135.56956000000002,56,9.277270543008168,2.4208850000000006,7,5,0,0,0,0,0,1,0,0,0,0,0,0,0,0,1,0,0
2021-07-03,花菜类,48.497,428.046,94,2,255.35986,94,8.82623667443347,2.716594255319149,7,6,0,0,0,0,0,1,0,0,0,0,0,0,0,0,0,1,0
2021-07-04,花菜类,45.679,397.654,86,2,230.06310000000002,86,8.705400731189386,2.6751523255813954,7,7,0,0,0,0,0,1,0,0,0,0,0,0,0,0,0,0,1
2021-07-05,花菜类,66.355,533.562,127,2,304.98276000000004,127,8.04102177680657,2.4014390551181104,7,1,0,0,0,0,0,1,0,0,0,0,0,0,0,0,0,0,0
2021-07-06,花菜类,44.901,394.034,100,2,223.2704,100,8.775617469544107,2.232704,7,2,0,0,0,0,0,1,0,0,0,0,0,1,0,0,0,0,0
2021-07-07,花菜类,40.488,347.548,86,2,199.01255999999998,86,8.583975498913258,2.3140995348837206,7,3,0,0,0,0,0,1,0,0,0,0,0,0,1,0,0,0,0
2021-07-08,花菜类,61.361,480.018,116,2,279.41238,116,7.822851648441192,2.408727413793103,7,4,0,0,0,0,0,1,0,0,0,0,0,0,0,1,0,0,0
2021-07-09,花菜类,28.476,238.076,68,2,136.49701000000002,68,8.360584351734794,2.0073089705882357,7,5,0,0,0,0,0,1,0,0,0,0,0,0,0,0,1,0,0
2021-07-10,花菜类,32.422,259.789,61,2,135.06756000000001,61,8.012738264141632,2.2142222950819677,7,6,0,0,0,0,0,1,0,0,0,0,0,0,0,0,0,1,0
2021-07-11,花菜类,48.854,349.922,96,2,224.20684,96,7.162606951324355,2.3354879166666667,7,7,0,0,0,0,0,1,0,0,0,0,0,0,0,0,0,0,1
2021-07-12,花菜类,4.027,35.797,9,2,21.130159999999997,9,8.88924757884281,2.347795555555555,7,1,0,0,0,0,0,1,0,0,0,0,0,0,0,0,0,0,0
2021-07-13,花菜类,16.472,130.25,30,2,82.81736,30,7.907357940747935,2.7605786666666665,7,2,0,0,0,0,0,1,0,0,0,0,0,1,0,0,0,0,0
2021-07-14,花菜类,33.413,238.613,56,2,150.47006,56,7.141322239846767,2.686965357142857,7,3,0,0,0,0,0,1,0,0,0,0,0,0,1,0,0,0,0
2021-07-15,花菜类,13.019,96.575,26,2,59.71548,26,7.418004455027268,2.2967492307692305,7,4,0,0,0,0,0,1,0,0,0,0,0,0,0,1,0,0,0
2021-07-16,花菜类,39.074,298.02,83,2,196.07682,83,7.627066591595434,2.3623713253012046,7,5,0,0,0,0,0,1,0,0,0,0,0,0,0,0,1,0,0
2021-07-17,花菜类,79.353,592.918,147,2,374.91111,147,7.471904023792422,2.5504157142857142,7,6,0,0,0,0,0,1,0,0,0,0,0,0,0,0,0,1,0
2021-07-18,花菜类,60.81,458.842,110,2,280.72564,110,7.545502384476237,2.552051272727273,7,7,0,0,0,0,0,1,0,0,0,0,0,0,0,0,0,0,1
2021-07-19,花菜类,34.935,270.339,76,2,171.3363,76,7.738342636324602,2.254425,7,1,0,0,0,0,0,1,0,0,0,0,0,0,0,0,0,0,0
2021-07-20,花菜类,46.461,363.393,101,2,236.23989,101,7.821463162652547,2.3390088118811883,7,2,0,0,0,0,0,1,0,0,0,0,0,1,0,0,0,0,0
2021-07-21,花菜类,52.983,412.202,103,2,292.86789,103,7.7798916633637205,2.843377572815534,7,3,0,0,0,0,0,1,0,0,0,0,0,0,1,0,0,0,0
2021-07-22,花菜类,34.223,273.784,68,2,186.09568,68,8.0,2.736701176470588,7,4,0,0,0,0,0,1,0,0,0,0,0,0,0,1,0,0,0
2021-07-23,花菜类,21.488,189.352,47,2,123.36568,47,8.811988086373791,2.6248017021276597,7,5,0,0,0,0,0,1,0,0,0,0,0,0,0,0,1,0,0
2021-07-24,花菜类,32.248,316.075,73,2,202.08024,73,9.80138303150583,2.768222465753425,7,6,0,0,0,0,0,1,0,0,0,0,0,0,0,0,0,1,0
2021-07-25,花菜类,45.96,457.02,109,2,306.5532,109,9.943864229765012,2.8124146788990827,7,7,0,0,0,0,0,1,0,0,0,0,0,0,0,0,0,0,1
2021-07-26,花菜类,12.073,117.205,29,2,80.65939,29,9.708026174107513,2.781358275862069,7,1,0,0,0,0,0,1,0,0,0,0,0,0,0,0,0,0,0
2021-07-27,花菜类,38.891,385.043,89,2,263.56497,89,9.900568254866165,2.961404157303371,7,2,0,0,0,0,0,1,0,0,0,0,0,1,0,0,0,0,0
2021-07-28,花菜类,58.303,551.396,115,2,390.86558,115,9.457420715915132,3.398831130434783,7,3,0,0,0,0,0,1,0,0,0,0,0,0,1,0,0,0,0
2021-07-29,花菜类,31.376,291.748,60,2,202.78616,60,9.29844467108618,3.3797693333333334,7,4,0,0,0,0,0,1,0,0,0,0,0,0,0,1,0,0,0
2021-07-30,花菜类,43.27,409.18,94,2,273.7601,94,9.456436330020798,2.9123414893617023,7,5,0,0,0,0,0,1,0,0,0,0,0,0,0,0,1,0,0
2021-07-31,花菜类,47.859,468.086,103,2,305.85648,103,9.780521949894482,2.969480388349514,7,6,0,0,0,0,0,1,0,0,0,0,0,0,0,0,0,1,0
2021-08-01,花菜类,10.801,108.01,21,1,71.50262000000001,21,10.0,3.404886666666667,8,7,0,0,0,0,0,0,1,0,0,0,0,0,0,0,0,0,1
2021-08-02,花菜类,2.36,23.6,5,1,15.8356,5,10.000000000000002,3.1671199999999997,8,1,0,0,0,0,0,0,1,0,0,0,0,0,0,0,0,0,0
2021-08-03,花菜类,3.654,36.239,8,2,24.81311,8,9.917624521072796,3.10163875,8,2,0,0,0,0,0,0,1,0,0,0,0,1,0,0,0,0,0
2021-08-04,花菜类,1.055,10.137,3,2,5.9482800000000005,3,9.608530805687204,1.98276,8,3,0,0,0,0,0,0,1,0,0,0,0,0,1,0,0,0,0
2021-08-05,花菜类,10.352,98.91,20,2,62.38844,20,9.554675425038639,3.119422,8,4,0,0,0,0,0,0,1,0,0,0,0,0,0,1,0,0,0
2021-08-06,花菜类,28.948,287.259,65,2,201.35531999999998,65,9.92327621942794,3.0977741538461534,8,5,0,0,0,0,0,0,1,0,0,0,0,0,0,0,1,0,0
2021-08-07,花菜类,40.416,404.16,93,1,283.72032,93,10.000000000000002,3.050756129032258,8,6,0,0,0,0,0,0,1,0,0,0,0,0,0,0,0,1,0
2021-08-08,花菜类,50.406,504.06,114,1,353.85012,114,10.0,3.103948421052632,8,7,0,0,0,0,0,0,1,0,0,0,0,0,0,0,0,0,1
2021-08-09,花菜类,56.607,566.07,142,1,385.49367,142,10.000000000000002,2.7147441549295777,8,1,0,0,0,0,0,0,1,0,0,0,0,0,0,0,0,0,0
2021-08-10,花菜类,10.586,105.257,26,2,70.16642,26,9.943037974683545,2.6987084615384616,8,2,0,0,0,0,0,0,1,0,0,0,0,1,0,0,0,0,0
2021-08-11,花菜类,1.054,10.540000000000001,1,1,7.146120000000001,1,10.0,7.146120000000001,8,3,0,0,0,0,0,0,1,0,0,0,0,0,1,0,0,0,0
2021-08-12,花菜类,12.87,128.7,20,2,74.99082,20,10.0,3.749541,8,4,0,0,0,0,0,0,1,0,0,0,0,0,0,1,0,0,0
2021-08-13,花菜类,3.504,35.04,6,1,25.43904,6,10.0,4.23984,8,5,0,0,0,0,0,0,1,0,0,0,0,0,0,0,1,0,0
2021-08-14,花菜类,16.528,165.28,15,1,120.65440000000001,15,10.0,8.043626666666666,8,6,0,0,0,0,0,0,1,0,0,0,0,0,0,0,0,1,0
2021-08-15,花菜类,8.103,81.03,9,1,59.55705,9,10.0,6.61745,8,7,0,0,0,0,0,0,1,0,0,0,0,0,0,0,0,0,1
2021-08-16,花菜类,6.045,60.45,5,1,44.733000000000004,5,10.0,8.9466,8,1,0,0,0,0,0,0,1,0,0,0,0,0,0,0,0,0,0
2021-08-17,花菜类,9.498000000000001,94.98,10,1,70.38018,10,10.0,7.038017999999999,8,2,0,0,0,0,0,0,1,0,0,0,0,1,0,0,0,0,0
2021-08-18,花菜类,7.078,70.78,6,1,53.01422,6,10.0,8.835703333333333,8,3,0,0,0,0,0,0,1,0,0,0,0,0,1,0,0,0,0
2021-08-19,花菜类,8.906,89.06,8,1,66.70594,8,10.0,8.3382425,8,4,0,0,0,0,0,0,1,0,0,0,0,0,0,1,0,0,0
2021-08-20,花菜类,9.237,92.37,13,2,64.30213,13,10.0,4.946317692307693,8,5,0,0,0,0,0,0,1,0,0,0,0,0,0,0,1,0,0
2021-08-21,花菜类,12.057,120.57,17,2,83.70715,17,10.0,4.92395,8,6,0,0,0,0,0,0,1,0,0,0,0,0,0,0,0,1,0
2021-08-22,花菜类,1.546,15.46,2,1,11.95058,2,10.0,5.97529,8,7,0,0,0,0,0,0,1,0,0,0,0,0,0,0,0,0,1
2021-08-23,花菜类,4.509,45.09,4,1,32.05899,4,10.0,8.0147475,8,1,0,0,0,0,0,0,1,0,0,0,0,0,0,0,0,0,0
2021-08-24,花菜类,9.206999999999999,92.07,7,1,64.17278999999999,7,10.0,9.167541428571427,8,2,0,0,0,0,0,0,1,0,0,0,0,1,0,0,0,0,0
2021-08-25,花菜类,2.219,22.189999999999998,3,2,14.84638,3,10.0,4.948793333333334,8,3,0,0,0,0,0,0,1,0,0,0,0,0,1,0,0,0,0
2021-08-26,花菜类,5.452,54.52,6,2,38.92521,6,10.0,6.487535,8,4,0,0,0,0,0,0,1,0,0,0,0,0,0,1,0,0,0
2021-08-27,花菜类,4.338,43.379999999999995,5,2,29.350059999999996,5,9.999999999999998,5.870011999999999,8,5,0,0,0,0,0,0,1,0,0,0,0,0,0,0,1,0,0
2021-08-28,花菜类,17.962,179.62,17,2,129.48477999999997,17,10.0,7.616751764705881,8,6,0,0,0,0,0,0,1,0,0,0,0,0,0,0,0,1,0
2021-08-29,花菜类,20.042,200.42,23,2,136.50791,23,9.999999999999998,5.9351265217391305,8,7,0,0,0,0,0,0,1,0,0,0,0,0,0,0,0,0,1
2021-08-30,花菜类,11.245000000000001,112.45,13,2,81.64340000000001,13,10.0,6.28026153846154,8,1,0,0,0,0,0,0,1,0,0,0,0,0,0,0,0,0,0
2021-08-31,花菜类,9.46,94.6,14,2,56.0856,14,9.999999999999998,4.006114285714285,8,2,0,0,0,0,0,0,1,0,0,0,0,1,0,0,0,0,0
2021-09-01,花菜类,8.003,80.03,9,1,65.30448,9,10.0,7.256053333333333,9,3,0,0,0,0,0,0,0,1,0,0,0,0,1,0,0,0,0
2021-09-02,花菜类,27.869,334.428,71,1,227.68973,71,12.0,3.2068976056338028,9,4,0,0,0,0,0,0,0,1,0,0,0,0,0,1,0,0,0
2021-09-03,花菜类,24.967,299.604,60,1,210.97115,60,12.0,3.516185833333333,9,5,0,0,0,0,0,0,0,1,0,0,0,0,0,0,1,0,0
2021-09-04,花菜类,32.878,394.536,77,1,286.69616,77,12.0,3.7233267532467536,9,6,0,0,0,0,0,0,0,1,0,0,0,0,0,0,0,1,0
2021-09-05,花菜类,51.129,612.022,112,2,453.77397,112,11.970153924387336,4.051553303571429,9,7,0,0,0,0,0,0,0,1,0,0,0,0,0,0,0,0,1
2021-09-06,花菜类,3.286,39.432,6,1,25.82796,6,12.0,4.30466,9,1,0,0,0,0,0,0,0,1,0,0,0,0,0,0,0,0,0
2021-09-07,花菜类,2.449,29.387999999999998,7,1,19.12669,7,12.0,2.7323842857142857,9,2,0,0,0,0,0,0,0,1,0,0,0,1,0,0,0,0,0
2021-09-08,花菜类,2.742,32.904,4,1,21.30534,4,12.000000000000002,5.326335,9,3,0,0,0,0,0,0,0,1,0,0,0,0,1,0,0,0,0
2021-09-09,花菜类,0.964,10.242,2,2,6.574730000000001,2,10.624481327800831,3.2873650000000003,9,4,0,0,0,0,0,0,0,1,0,0,0,0,0,1,0,0,0
2021-09-10,花菜类,4.148,49.776,8,1,32.81068,8,12.000000000000002,4.101335,9,5,0,0,0,0,0,0,0,1,0,0,0,0,0,0,1,0,0
2021-09-11,花菜类,18.06,145.926,17,2,144.34896,17,8.080066445182725,8.491115294117648,9,6,0,0,0,0,0,0,0,1,0,0,0,0,0,0,0,1,0
2021-09-12,花菜类,32.063,256.504,28,1,224.76163,28,8.0,8.027201071428571,9,7,0,0,0,0,0,0,0,1,0,0,0,0,0,0,0,0,1
2021-09-13,花菜类,11.356,136.272,28,1,76.31232,28,12.0,2.72544,9,1,0,0,0,0,0,0,0,1,0,0,0,0,0,0,0,0,0
2021-09-14,花菜类,10.777000000000001,129.324,25,1,84.0606,25,12.0,3.362424,9,2,0,0,0,0,0,0,0,1,0,0,0,1,0,0,0,0,0
2021-09-15,花菜类,12.702,152.424,33,1,99.0756,33,12.0,3.002290909090909,9,3,0,0,0,0,0,0,0,1,0,0,0,0,1,0,0,0,0
2021-09-16,花菜类,9.283,111.396,22,1,72.68589,22,12.0,3.303904090909091,9,4,0,0,0,0,0,0,0,1,0,0,0,0,0,1,0,0,0
2021-09-17,花菜类,13.163,157.956,34,1,93.98382,34,11.999999999999998,2.76423,9,5,0,0,0,0,0,0,0,1,0,0,0,0,0,0,1,0,0
2021-09-18,花菜类,21.562,258.744,47,1,144.24978000000002,47,12.0,3.0691442553191495,9,6,0,0,0,0,0,0,0,1,0,0,0,0,0,0,0,1,0
2021-09-19,花菜类,51.647,516.47,110,1,320.72787,110,10.0,2.915707909090909,9,7,0,0,0,0,0,0,0,1,0,0,0,0,0,0,0,0,1
2021-09-20,花菜类,70.426,702.1164,135,2,449.50082000000003,135,9.969562377531025,3.329635703703704,9,1,0,0,0,0,0,0,0,1,0,0,0,0,0,0,0,0,0
2021-09-21,花菜类,56.3,563.0,124,1,387.344,124,10.0,3.123741935483871,9,2,0,0,0,0,0,0,0,1,0,0,0,1,0,0,0,0,0
2021-09-22,花菜类,39.227000000000004,392.27,98,1,248.69917999999998,98,9.999999999999998,2.5377467346938776,9,3,0,0,0,0,0,0,0,1,0,0,0,0,1,0,0,0,0
2021-09-23,花菜类,27.567,275.67,68,1,174.22344,68,10.0,2.562109411764706,9,4,0,0,0,0,0,0,0,1,0,0,0,0,0,1,0,0,0
2021-09-24,花菜类,8.431000000000001,67.44800000000001,10,1,51.34479,10,8.0,5.134479000000001,9,5,0,0,0,0,0,0,0,1,0,0,0,0,0,0,1,0,0
2021-09-25,花菜类,48.621,388.968,42,1,285.40527000000003,42,8.0,6.795363571428572,9,6,0,0,0,0,0,0,0,1,0,0,0,0,0,0,0,1,0
2021-09-26,花菜类,2.299,18.392,2,1,13.70204,2,8.0,6.85102,9,7,0,0,0,0,0,0,0,1,0,0,0,0,0,0,0,0,1
2021-09-27,花菜类,4.863,38.904,4,1,28.15677,4,8.0,7.0391925,9,1,0,0,0,0,0,0,0,1,0,0,0,0,0,0,0,0,0
2021-09-28,花菜类,12.669,122.598,32,2,79.56883,32,9.67700686715605,2.4865259375,9,2,0,0,0,0,0,0,0,1,0,0,0,1,0,0,0,0,0
2021-09-29,花菜类,23.336,233.36,55,1,153.31752,55,10.000000000000002,2.7875912727272727,9,3,0,0,0,0,0,0,0,1,0,0,0,0,1,0,0,0,0
2021-09-30,花菜类,34.511,345.11,75,1,226.73727000000002,75,10.0,3.0231636,9,4,0,0,0,0,0,0,0,1,0,0,0,0,0,1,0,0,0
2021-10-01,花菜类,40.043,400.43,88,1,274.69498,88,10.0,3.1215338636363636,10,5,0,0,0,0,0,0,0,0,1,0,0,0,0,0,1,0,0
2021-10-02,花菜类,30.18,301.8,70,1,223.03019999999998,70,10.0,3.186145714285714,10,6,0,0,0,0,0,0,0,0,1,0,0,0,0,0,0,1,0
2021-10-03,花菜类,29.114,291.14,72,1,204.67142,72,10.0,2.842658611111111,10,7,0,0,0,0,0,0,0,0,1,0,0,0,0,0,0,0,1
2021-10-04,花菜类,40.928,409.28,107,1,286.496,107,10.0,2.677532710280374,10,1,0,0,0,0,0,0,0,0,1,0,0,0,0,0,0,0,0
2021-10-05,花菜类,51.957,519.5699999999999,131,1,363.699,131,9.999999999999998,2.776328244274809,10,2,0,0,0,0,0,0,0,0,1,0,0,1,0,0,0,0,0
2021-10-06,花菜类,42.165,421.65,100,1,304.00965,100,10.0,3.0400965,10,3,0,0,0,0,0,0,0,0,1,0,0,0,1,0,0,0,0
2021-10-07,花菜类,23.278,279.336,60,1,183.43064,60,12.000000000000002,3.0571773333333336,10,4,0,0,0,0,0,0,0,0,1,0,0,0,0,1,0,0,0
2021-10-08,花菜类,19.823,277.522,55,1,166.5132,55,14.0,3.0275127272727276,10,5,0,0,0,0,0,0,0,0,1,0,0,0,0,0,1,0,0
2021-10-09,花菜类,22.221999999999998,311.108,55,1,194.66472,55,14.000000000000002,3.539358545454545,10,6,0,0,0,0,0,0,0,0,1,0,0,0,0,0,0,1,0
2021-10-10,花菜类,40.973,573.622,100,1,363.84024000000005,100,14.0,3.6384024000000004,10,7,0,0,0,0,0,0,0,0,1,0,0,0,0,0,0,0,1
2021-10-12,花菜类,13.305,186.27,32,1,122.1399,32,14.000000000000002,3.816871875,10,2,0,0,0,0,0,0,0,0,1,0,0,1,0,0,0,0,0
2021-10-13,花菜类,10.991,153.874,30,1,103.86495,30,14.0,3.4621649999999997,10,3,0,0,0,0,0,0,0,0,1,0,0,0,1,0,0,0,0
2021-10-14,花菜类,10.038,140.532,26,1,94.8591,26,14.0,3.648426923076923,10,4,0,0,0,0,0,0,0,0,1,0,0,0,0,1,0,0,0
2021-10-15,花菜类,17.572,220.024,30,2,141.48136000000002,30,12.521283860687458,4.7160453333333345,10,5,0,0,0,0,0,0,0,0,1,0,0,0,0,0,1,0,0
2021-10-16,花菜类,27.418,383.852,58,1,259.64846,58,14.0,4.476697586206897,10,6,0,0,0,0,0,0,0,0,1,0,0,0,0,0,0,1,0
2021-10-17,花菜类,21.384,299.376,56,1,204.85872,56,13.999999999999998,3.6581914285714285,10,7,0,0,0,0,0,0,0,0,1,0,0,0,0,0,0,0,1
2021-10-18,花菜类,20.605999999999998,293.1124,53,2,202.26808,53,14.224614190041736,3.816378867924528,10,1,0,0,0,0,0,0,0,0,1,0,0,0,0,0,0,0,0
2021-10-19,花菜类,16.958,237.412,48,1,173.31076000000002,48,14.000000000000002,3.6106408333333335,10,2,0,0,0,0,0,0,0,0,1,0,0,1,0,0,0,0,0
2021-10-20,花菜类,25.154,352.156,63,1,286.7556,63,14.0,4.551676190476191,10,3,0,0,0,0,0,0,0,0,1,0,0,0,1,0,0,0,0
2021-10-21,花菜类,11.947,215.046,30,1,136.19580000000002,30,18.0,4.539860000000001,10,4,0,0,0,0,0,0,0,0,1,0,0,0,0,1,0,0,0
2021-10-22,花菜类,16.412,295.416,48,1,197.10811999999999,48,18.0,4.106419166666666,10,5,0,0,0,0,0,0,0,0,1,0,0,0,0,0,1,0,0
2021-10-23,花菜类,18.086,358.1028,53,1,227.52188,53,19.8,4.292865660377359,10,6,0,0,0,0,0,0,0,0,1,0,0,0,0,0,0,1,0
2021-10-24,花菜类,9.108,180.3384,28,1,121.50072,28,19.8,4.3393114285714285,10,7,0,0,0,0,0,0,0,0,1,0,0,0,0,0,0,0,1
2021-10-25,花菜类,8.749,173.2302,27,1,125.81062,27,19.799999999999997,4.659652592592592,10,1,0,0,0,0,0,0,0,0,1,0,0,0,0,0,0,0,0
2021-10-26,花菜类,12.041,238.41180000000003,33,1,173.14958000000001,33,19.8,5.24695696969697,10,2,0,0,0,0,0,0,0,0,1,0,0,1,0,0,0,0,0
2021-10-27,花菜类,15.305,303.039,42,1,217.6371,42,19.8,5.1818357142857145,10,3,0,0,0,0,0,0,0,0,1,0,0,0,1,0,0,0,0
2021-10-28,花菜类,6.449,127.6902,17,1,90.286,17,19.8,5.310941176470588,10,4,0,0,0,0,0,0,0,0,1,0,0,0,0,1,0,0,0
2021-10-29,花菜类,13.574,244.332,35,1,190.30748,35,18.0,5.437356571428571,10,5,0,0,0,0,0,0,0,0,1,0,0,0,0,0,1,0,0
2021-10-30,花菜类,17.279,241.906,41,1,238.79578,41,14.0,5.824287317073171,10,6,0,0,0,0,0,0,0,0,1,0,0,0,0,0,0,1,0
2021-10-31,花菜类,28.424,397.936,75,1,276.56552,75,14.0,3.6875402666666663,10,7,0,0,0,0,0,0,0,0,1,0,0,0,0,0,0,0,1
2021-11-01,花菜类,26.24,314.88,58,1,226.45120000000003,58,12.0,3.9043310344827593,11,1,0,0,0,0,0,0,0,0,0,1,0,0,0,0,0,0,0
2021-11-02,花菜类,25.844,310.128,57,1,223.29216000000002,57,11.999999999999998,3.9174063157894743,11,2,0,0,0,0,0,0,0,0,0,1,0,1,0,0,0,0,0
2021-11-03,花菜类,27.868,334.416,62,1,240.77952000000002,62,12.0,3.8835406451612906,11,3,0,0,0,0,0,0,0,0,0,1,0,0,1,0,0,0,0
2021-11-04,花菜类,23.879,286.548,48,1,206.07577000000003,48,12.0,4.293245208333334,11,4,0,0,0,0,0,0,0,0,0,1,0,0,0,1,0,0,0
2021-11-05,花菜类,37.479,448.344,72,2,322.92273,72,11.962539021852237,4.485037916666666,11,5,0,0,0,0,0,0,0,0,0,1,0,0,0,0,1,0,0
2021-11-06,花菜类,2.157,25.884,5,1,14.84016,5,12.0,2.968032,11,6,0,0,0,0,0,0,0,0,0,1,0,0,0,0,0,1,0
2021-11-07,花菜类,5.343,64.116,10,1,41.40825,10,12.0,4.140825,11,7,0,0,0,0,0,0,0,0,0,1,0,0,0,0,0,0,1
2021-11-08,花菜类,5.928,71.136,10,1,49.97304,10,12.0,4.997304,11,1,0,0,0,0,0,0,0,0,0,1,0,0,0,0,0,0,0
2021-11-09,花菜类,4.046,48.552,7,1,34.47192,7,12.0,4.92456,11,2,0,0,0,0,0,0,0,0,0,1,0,1,0,0,0,0,0
2021-11-10,花菜类,2.033,24.396,5,1,18.25634,5,12.0,3.6512680000000004,11,3,0,0,0,0,0,0,0,0,0,1,0,0,1,0,0,0,0
2021-11-11,花菜类,13.156,184.184,33,1,119.32492,33,14.0,3.615906666666667,11,4,0,0,0,0,0,0,0,0,0,1,0,0,0,1,0,0,0
2021-11-12,花菜类,18.935,265.09,43,1,168.33215,43,14.0,3.914701162790698,11,5,0,0,0,0,0,0,0,0,0,1,0,0,0,0,1,0,0
2021-11-13,花菜类,20.049,280.686,43,1,177.83462999999998,43,14.0,4.135689069767441,11,6,0,0,0,0,0,0,0,0,0,1,0,0,0,0,0,1,0
2021-11-14,花菜类,30.582,428.148,70,1,271.87398,70,14.0,3.8839140000000003,11,7,0,0,0,0,0,0,0,0,0,1,0,0,0,0,0,0,1
2021-11-15,花菜类,12.677,177.478,30,1,112.69853,30,14.000000000000002,3.7566176666666666,11,1,0,0,0,0,0,0,0,0,0,1,0,0,0,0,0,0,0
2021-11-16,花菜类,12.525,175.35,30,1,111.34725,30,14.0,3.7115750000000003,11,2,0,0,0,0,0,0,0,0,0,1,0,1,0,0,0,0,0
2021-11-17,花菜类,15.791,221.074,35,1,142.43482,35,14.0,4.069566285714286,11,3,0,0,0,0,0,0,0,0,0,1,0,0,1,0,0,0,0
2021-11-18,花菜类,6.018,84.25200000000001,18,1,54.884159999999994,18,14.000000000000002,3.04912,11,4,0,0,0,0,0,0,0,0,0,1,0,0,0,1,0,0,0
2021-11-19,花菜类,8.768,122.752,23,1,80.75328,23,13.999999999999998,3.5110121739130435,11,5,0,0,0,0,0,0,0,0,0,1,0,0,0,0,1,0,0
2021-11-20,花菜类,14.406,230.496,36,1,133.11144000000002,36,16.0,3.6975400000000005,11,6,0,0,0,0,0,0,0,0,0,1,0,0,0,0,0,1,0
2021-11-21,花菜类,19.739,315.824,51,1,182.38836,51,16.0,3.5762423529411764,11,7,0,0,0,0,0,0,0,0,0,1,0,0,0,0,0,0,1
2021-11-22,花菜类,9.756,136.584,23,1,90.14544000000001,23,14.0,3.9193669565217393,11,1,0,0,0,0,0,0,0,0,0,1,0,0,0,0,0,0,0
2021-11-23,花菜类,9.495,132.93,21,1,99.5076,21,14.000000000000002,4.7384571428571425,11,2,0,0,0,0,0,0,0,0,0,1,0,1,0,0,0,0,0
2021-11-24,花菜类,12.559,175.826,19,1,132.37186,19,14.0,6.96694,11,3,0,0,0,0,0,0,0,0,0,1,0,0,1,0,0,0,0
2021-11-25,花菜类,10.217,143.038,24,1,109.21973,24,14.0,4.550822083333333,11,4,0,0,0,0,0,0,0,0,0,1,0,0,0,1,0,0,0
2021-11-26,花菜类,17.511,210.132,37,1,144.99107999999998,37,12.0,3.9186778378378375,11,5,0,0,0,0,0,0,0,0,0,1,0,0,0,0,1,0,0
2021-11-27,花菜类,23.115,277.38,51,1,196.9398,51,12.0,3.8615647058823526,11,6,0,0,0,0,0,0,0,0,0,1,0,0,0,0,0,1,0
2021-11-28,花菜类,21.817,261.80400000000003,47,1,187.62619999999998,47,12.000000000000002,3.9920468085106378,11,7,0,0,0,0,0,0,0,0,0,1,0,0,0,0,0,0,1
2021-11-29,花菜类,9.182,110.184,18,1,83.83166000000001,18,12.0,4.657314444444445,11,1,0,0,0,0,0,0,0,0,0,1,0,0,0,0,0,0,0
2021-11-30,花菜类,25.737,257.37,54,1,208.72706999999997,54,10.0,3.8653161111111105,11,2,0,0,0,0,0,0,0,0,0,1,0,1,0,0,0,0,0
2021-12-01,花菜类,18.93,189.3,43,1,136.6746,43,10.0,3.178479069767442,12,3,0,0,0,0,0,0,0,0,0,0,1,0,1,0,0,0,0
2021-12-02,花菜类,18.262999999999998,182.63,42,1,133.13727,42,10.0,3.169935,12,4,0,0,0,0,0,0,0,0,0,0,1,0,0,1,0,0,0
2021-12-03,花菜类,20.739,248.868,42,1,155.12772,42,12.0,3.693517142857143,12,5,0,0,0,0,0,0,0,0,0,0,1,0,0,0,1,0,0
2021-12-04,花菜类,22.865000000000002,320.11,46,1,190.92274999999998,46,14.0,4.150494565217391,12,6,0,0,0,0,0,0,0,0,0,0,1,0,0,0,0,1,0
2021-12-05,花菜类,25.795,361.13,52,1,218.48365,52,13.999999999999998,4.201608653846154,12,7,0,0,0,0,0,0,0,0,0,0,1,0,0,0,0,0,1
2021-12-06,花菜类,14.424,173.088,31,1,124.62336,31,12.0,4.020108387096775,12,1,0,0,0,0,0,0,0,0,0,0,1,0,0,0,0,0,0
2021-12-07,花菜类,16.639,199.668,40,1,145.92403,40,12.0,3.64810075,12,2,0,0,0,0,0,0,0,0,0,0,1,1,0,0,0,0,0
2021-12-08,花菜类,15.059000000000001,210.826,32,1,134.92864,32,13.999999999999998,4.21652,12,3,0,0,0,0,0,0,0,0,0,0,1,0,1,0,0,0,0
2021-12-09,花菜类,12.175,170.45,24,1,111.03599999999999,24,13.999999999999998,4.626499999999999,12,4,0,0,0,0,0,0,0,0,0,0,1,0,0,1,0,0,0
2021-12-10,花菜类,14.231,199.234,33,1,133.20216,33,14.0,4.036429090909091,12,5,0,0,0,0,0,0,0,0,0,0,1,0,0,0,1,0,0
2021-12-11,花菜类,30.45,426.3,67,1,286.839,67,14.0,4.281179104477612,12,6,0,0,0,0,0,0,0,0,0,0,1,0,0,0,0,1,0
2021-12-12,花菜类,15.656,219.184,37,1,146.3836,37,14.0,3.9563135135135137,12,7,0,0,0,0,0,0,0,0,0,0,1,0,0,0,0,0,1
2021-12-13,花菜类,27.925,298.064,50,2,225.99985999999998,50,10.673733213965981,4.5199972,12,1,0,0,0,0,0,0,0,0,0,0,1,0,0,0,0,0,0
2021-12-14,花菜类,13.141,183.974,30,1,107.88761000000001,30,14.0,3.596253666666667,12,2,0,0,0,0,0,0,0,0,0,0,1,1,0,0,0,0,0
2021-12-15,花菜类,18.179,218.148,34,1,146.52274,34,12.0,4.309492352941176,12,3,0,0,0,0,0,0,0,0,0,0,1,0,1,0,0,0,0
2021-12-16,花菜类,25.768,206.144,46,1,192.48695999999998,46,8.0,4.184499130434782,12,4,0,0,0,0,0,0,0,0,0,0,1,0,0,1,0,0,0
2021-12-17,花菜类,34.299,274.392,72,1,234.60515999999998,72,8.0,3.2584049999999998,12,5,0,0,0,0,0,0,0,0,0,0,1,0,0,0,1,0,0
2021-12-18,花菜类,42.242,337.936,89,1,285.55592,89,8.0,3.2084934831460674,12,6,0,0,0,0,0,0,0,0,0,0,1,0,0,0,0,1,0
2021-12-19,花菜类,51.133,409.064,108,1,324.18322,108,8.0,3.0016964814814817,12,7,0,0,0,0,0,0,0,0,0,0,1,0,0,0,0,0,1
2021-12-20,花菜类,25.78,206.24,52,1,127.86880000000001,52,8.0,2.459015384615385,12,1,0,0,0,0,0,0,0,0,0,0,1,0,0,0,0,0,0
2021-12-21,花菜类,18.202,145.616,36,1,90.46394,36,8.0,2.512887222222222,12,2,0,0,0,0,0,0,0,0,0,0,1,1,0,0,0,0,0
2021-12-22,花菜类,14.458,115.664,31,1,72.00084000000001,31,8.0,2.3226077419354842,12,3,0,0,0,0,0,0,0,0,0,0,1,0,1,0,0,0,0
2021-12-23,花菜类,24.073,191.174,47,2,120.91609,47,7.941428156025423,2.5726827659574467,12,4,0,0,0,0,0,0,0,0,0,0,1,0,0,1,0,0,0
2021-12-24,花菜类,30.134999999999998,271.215,58,1,166.9479,58,9.0,2.8784120689655173,12,5,0,0,0,0,0,0,0,0,0,0,1,0,0,0,1,0,0
2021-12-25,花菜类,33.162,298.458,74,1,188.69178000000002,74,9.000000000000002,2.5498889189189193,12,6,0,0,0,0,0,0,0,0,0,0,1,0,0,0,0,1,0
2021-12-26,花菜类,28.498,256.482,54,1,169.84808,54,9.0,3.145334814814815,12,7,0,0,0,0,0,0,0,0,0,0,1,0,0,0,0,0,1
2021-12-27,花菜类,15.213,136.917,36,1,90.82160999999999,36,9.0,2.5228224999999997,12,1,0,0,0,0,0,0,0,0,0,0,1,0,0,0,0,0,0
2021-12-28,花菜类,24.145,217.305,48,1,143.4213,48,9.0,2.98794375,12,2,0,0,0,0,0,0,0,0,0,0,1,1,0,0,0,0,0
2021-12-29,花菜类,24.749,197.992,44,1,140.57432,44,8.0,3.194870909090909,12,3,0,0,0,0,0,0,0,0,0,0,1,0,1,0,0,0,0
2021-12-30,花菜类,17.651,141.208,35,1,90.19661,35,8.0,2.577046,12,4,0,0,0,0,0,0,0,0,0,0,1,0,0,1,0,0,0
2021-12-31,花菜类,69.793,395.916,114,2,271.53251,114,5.6727178943447045,2.3818641228070176,12,5,0,0,0,0,0,0,0,0,0,0,1,0,0,0,1,0,0
2022-01-01,花菜类,38.272,306.176,61,1,198.63168000000002,61,8.0,3.256257049180328,1,6,0,0,0,0,0,0,0,0,0,0,0,0,0,0,0,1,0
2022-01-02,花菜类,26.605,212.84,46,1,143.667,46,8.0,3.123195652173913,1,7,0,0,0,0,0,0,0,0,0,0,0,0,0,0,0,0,1
2022-01-03,花菜类,38.027,228.162,70,1,211.81039,70,6.0,3.0258627142857146,1,1,0,0,0,0,0,0,0,0,0,0,0,0,0,0,0,0,0
2022-01-04,花菜类,45.257,271.542,86,1,243.48265999999998,86,6.0,2.8311937209302322,1,2,0,0,0,0,0,0,0,0,0,0,0,1,0,0,0,0,0
2022-01-05,花菜类,39.688,238.128,84,1,216.69648,84,5.999999999999999,2.57972,1,3,0,0,0,0,0,0,0,0,0,0,0,0,1,0,0,0,0
2022-01-06,花菜类,35.897,215.382,71,1,194.20277000000002,71,6.0,2.735250281690141,1,4,0,0,0,0,0,0,0,0,0,0,0,0,0,1,0,0,0
2022-01-07,花菜类,31.834,254.672,66,1,162.3534,66,8.0,2.4598999999999998,1,5,0,0,0,0,0,0,0,0,0,0,0,0,0,0,1,0,0
2022-01-08,花菜类,43.284,346.272,88,1,209.49456,88,8.0,2.38062,1,6,0,0,0,0,0,0,0,0,0,0,0,0,0,0,0,1,0
2022-01-09,花菜类,114.262,684.512,211,2,428.99971999999997,211,5.99072307503807,2.0331740284360187,1,7,0,0,0,0,0,0,0,0,0,0,0,0,0,0,0,0,1
2022-01-10,花菜类,35.175,211.05,63,1,134.36849999999998,63,6.000000000000001,2.132833333333333,1,1,0,0,0,0,0,0,0,0,0,0,0,0,0,0,0,0,0
2022-01-11,花菜类,54.466,326.796,92,1,221.13195999999996,92,6.0,2.403608260869565,1,2,0,0,0,0,0,0,0,0,0,0,0,1,0,0,0,0,0
2022-01-12,花菜类,35.007,210.042,67,1,131.62632,67,6.0,1.9645719402985073,1,3,0,0,0,0,0,0,0,0,0,0,0,0,1,0,0,0,0
2022-01-13,花菜类,21.816,130.89600000000002,47,1,87.264,47,6.000000000000001,1.8566808510638297,1,4,0,0,0,0,0,0,0,0,0,0,0,0,0,1,0,0,0
2022-01-14,花菜类,23.405,163.835,48,1,93.62,48,7.0,1.9504166666666667,1,5,0,0,0,0,0,0,0,0,0,0,0,0,0,0,1,0,0
2022-01-15,花菜类,37.538,262.766,79,1,150.152,79,7.000000000000001,1.900658227848101,1,6,0,0,0,0,0,0,0,0,0,0,0,0,0,0,0,1,0
2022-01-16,花菜类,58.007,348.042,85,1,235.50841999999997,85,6.0,2.770687294117647,1,7,0,0,0,0,0,0,0,0,0,0,0,0,0,0,0,0,1
2022-01-17,花菜类,11.754999999999999,82.285,31,1,48.78325,31,7.0,1.5736532258064517,1,1,0,0,0,0,0,0,0,0,0,0,0,0,0,0,0,0,0
2022-01-18,花菜类,9.211,64.477,24,1,37.7651,24,7.0,1.5735458333333332,1,2,0,0,0,0,0,0,0,0,0,0,0,1,0,0,0,0,0
2022-01-19,花菜类,16.223,113.56099999999999,36,1,66.51429999999999,36,7.0,1.8476194444444443,1,3,0,0,0,0,0,0,0,0,0,0,0,0,1,0,0,0,0
2022-01-20,花菜类,32.318,226.226,68,1,134.44288,68,7.0,1.9771011764705884,1,4,0,0,0,0,0,0,0,0,0,0,0,0,0,1,0,0,0
2022-01-21,花菜类,32.031,224.217,69,1,142.21764000000002,69,7.000000000000001,2.0611252173913046,1,5,0,0,0,0,0,0,0,0,0,0,0,0,0,0,1,0,0
2022-01-22,花菜类,64.541,516.328,121,1,302.05188,121,8.0,2.49629652892562,1,6,0,0,0,0,0,0,0,0,0,0,0,0,0,0,0,1,0
2022-01-23,花菜类,74.249,590.2622,137,2,378.63408,137,7.949766326819217,2.763752408759124,1,7,0,0,0,0,0,0,0,0,0,0,0,0,0,0,0,0,1
2022-01-24,花菜类,22.147,199.323,45,1,126.90231,45,9.000000000000002,2.8200513333333332,1,1,0,0,0,0,0,0,0,0,0,0,0,0,0,0,0,0,0
2022-01-25,花菜类,48.877,488.77,86,1,293.262,86,10.0,3.4100232558139534,1,2,0,0,0,0,0,0,0,0,0,0,0,1,0,0,0,0,0
2022-01-26,花菜类,32.217,322.17,63,1,200.38974,63,10.0,3.1807895238095236,1,3,0,0,0,0,0,0,0,0,0,0,0,0,1,0,0,0,0
2022-01-27,花菜类,58.027,580.27,89,1,371.37280000000004,89,10.0,4.172728089887641,1,4,0,0,0,0,0,0,0,0,0,0,0,0,0,1,0,0,0
2022-01-28,花菜类,85.253,852.53,124,1,538.7989600000001,124,10.0,4.345152903225807,1,5,0,0,0,0,0,0,0,0,0,0,0,0,0,0,1,0,0
2022-01-29,花菜类,90.907,909.07,129,1,557.25991,129,10.000000000000002,4.319844263565892,1,6,0,0,0,0,0,0,0,0,0,0,0,0,0,0,0,1,0
2022-01-30,花菜类,102.128,999.3668,166,2,618.6253800000001,166,9.785433965220117,3.726658915662651,1,7,0,0,0,0,0,0,0,0,0,0,0,0,0,0,0,0,1
2022-02-01,花菜类,13.968,139.68,23,1,89.3952,23,10.0,3.886747826086957,2,2,1,0,0,0,0,0,0,0,0,0,0,1,0,0,0,0,0
2022-02-02,花菜类,38.729,387.29,67,1,247.86560000000003,67,10.0,3.6994865671641795,2,3,1,0,0,0,0,0,0,0,0,0,0,0,1,0,0,0,0
2022-02-03,花菜类,26.229,262.29,54,1,167.8656,54,10.000000000000002,3.1086222222222224,2,4,1,0,0,0,0,0,0,0,0,0,0,0,0,1,0,0,0
2022-02-04,花菜类,48.036,480.36,97,1,302.6268,97,10.0,3.119863917525773,2,5,1,0,0,0,0,0,0,0,0,0,0,0,0,0,1,0,0
2022-02-05,花菜类,45.665,410.985,93,1,239.2846,93,9.0,2.5729526881720433,2,6,1,0,0,0,0,0,0,0,0,0,0,0,0,0,0,1,0
2022-02-06,花菜类,52.784,475.056,115,1,274.4768,115,9.0,2.386754782608696,2,7,1,0,0,0,0,0,0,0,0,0,0,0,0,0,0,0,1
2022-02-07,花菜类,43.144,388.296,99,1,235.99768,99,9.0,2.3838149494949494,2,1,1,0,0,0,0,0,0,0,0,0,0,0,0,0,0,0,0
2022-02-08,花菜类,44.616,341.6072,83,2,230.98934,83,7.656607495069033,2.7830040963855422,2,2,1,0,0,0,0,0,0,0,0,0,0,1,0,0,0,0,0
2022-02-09,花菜类,25.255,227.29500000000002,61,1,150.26725,61,9.000000000000002,2.4633975409836064,2,3,1,0,0,0,0,0,0,0,0,0,0,0,1,0,0,0,0
2022-02-10,花菜类,23.057,184.456,51,1,119.8964,51,8.0,2.3509098039215686,2,4,1,0,0,0,0,0,0,0,0,0,0,0,0,1,0,0,0
2022-02-11,花菜类,24.982,199.856,55,1,129.9064,55,8.0,2.3619345454545453,2,5,1,0,0,0,0,0,0,0,0,0,0,0,0,0,1,0,0
2022-02-12,花菜类,35.481,283.848,78,1,188.75892000000002,78,8.0,2.4199861538461542,2,6,1,0,0,0,0,0,0,0,0,0,0,0,0,0,0,1,0
2022-02-13,花菜类,37.882,303.056,78,1,205.69925999999998,78,8.0,2.63717,2,7,1,0,0,0,0,0,0,0,0,0,0,0,0,0,0,0,1
2022-02-14,花菜类,35.754,286.032,80,1,187.35096000000001,80,8.0,2.3418870000000003,2,1,1,0,0,0,0,0,0,0,0,0,0,0,0,0,0,0,0
2022-02-15,花菜类,30.547,244.376,70,1,155.48423,70,8.0,2.2212032857142856,2,2,1,0,0,0,0,0,0,0,0,0,0,1,0,0,0,0,0
2022-02-16,花菜类,21.875,175.0,47,1,112.875,47,8.0,2.401595744680851,2,3,1,0,0,0,0,0,0,0,0,0,0,0,1,0,0,0,0
2022-02-17,花菜类,20.645,165.16,47,1,109.4185,47,8.0,2.3280531914893614,2,4,1,0,0,0,0,0,0,0,0,0,0,0,0,1,0,0,0
2022-02-18,花菜类,24.401,195.208,52,1,129.3253,52,8.0,2.487025,2,5,1,0,0,0,0,0,0,0,0,0,0,0,0,0,1,0,0
2022-02-19,花菜类,49.665,397.32,88,1,263.2245,88,8.0,2.9911874999999997,2,6,1,0,0,0,0,0,0,0,0,0,0,0,0,0,0,1,0
2022-02-20,花菜类,36.386,278.538,67,2,181.22440999999998,67,7.655087121420326,2.704841940298507,2,7,1,0,0,0,0,0,0,0,0,0,0,0,0,0,0,0,1
2022-02-21,花菜类,28.045,224.36,53,1,151.443,53,8.0,2.857415094339623,2,1,1,0,0,0,0,0,0,0,0,0,0,0,0,0,0,0,0
2022-02-22,花菜类,21.47,171.76,44,1,117.8703,44,8.0,2.6788704545454545,2,2,1,0,0,0,0,0,0,0,0,0,0,1,0,0,0,0,0
2022-02-23,花菜类,28.796,230.368,65,1,161.2576,65,8.0,2.480886153846154,2,3,1,0,0,0,0,0,0,0,0,0,0,0,1,0,0,0,0
2022-02-24,花菜类,34.624,276.992,69,1,198.74176,69,8.0,2.8803153623188407,2,4,1,0,0,0,0,0,0,0,0,0,0,0,0,1,0,0,0
2022-02-25,花菜类,25.668,205.344,51,1,154.008,51,8.0,3.0197647058823534,2,5,1,0,0,0,0,0,0,0,0,0,0,0,0,0,1,0,0
2022-02-26,花菜类,29.244,292.44,61,1,177.51108000000002,61,10.0,2.910017704918033,2,6,1,0,0,0,0,0,0,0,0,0,0,0,0,0,0,1,0
2022-02-27,花菜类,34.072,340.72,70,1,224.87519999999998,70,10.0,3.212502857142857,2,7,1,0,0,0,0,0,0,0,0,0,0,0,0,0,0,0,1
2022-02-28,花菜类,22.582,225.82,45,1,149.0412,45,10.0,3.3120266666666667,2,1,1,0,0,0,0,0,0,0,0,0,0,0,0,0,0,0,0
2022-03-01,花菜类,22.944,229.44,44,1,151.4304,44,10.0,3.4415999999999998,3,2,0,1,0,0,0,0,0,0,0,0,0,1,0,0,0,0,0
2022-03-02,花菜类,18.905,189.05,42,1,124.773,42,10.0,2.9707857142857144,3,3,0,1,0,0,0,0,0,0,0,0,0,0,1,0,0,0,0
2022-03-03,花菜类,21.88,218.8,42,1,144.408,42,10.000000000000002,3.438285714285714,3,4,0,1,0,0,0,0,0,0,0,0,0,0,0,1,0,0,0
2022-03-04,花菜类,20.119,201.19,48,1,132.78539999999998,48,10.0,2.7663624999999996,3,5,0,1,0,0,0,0,0,0,0,0,0,0,0,0,1,0,0
2022-03-05,花菜类,29.269,292.69,60,1,193.1754,60,10.0,3.2195899999999997,3,6,0,1,0,0,0,0,0,0,0,0,0,0,0,0,0,1,0
2022-03-06,花菜类,31.384,310.01,64,2,205.08151999999998,64,9.87796329339791,3.2043987499999997,3,7,0,1,0,0,0,0,0,0,0,0,0,0,0,0,0,0,1
2022-03-07,花菜类,0.632,6.32,2,1,4.1712,2,10.0,2.0856,3,1,0,1,0,0,0,0,0,0,0,0,0,0,0,0,0,0,0
2022-03-08,花菜类,2.088,20.880000000000003,4,1,10.0224,4,10.0,2.5056,3,2,0,1,0,0,0,0,0,0,0,0,0,1,0,0,0,0,0
2022-03-09,花菜类,1.024,10.24,2,1,4.9152,2,10.0,2.4576,3,3,0,1,0,0,0,0,0,0,0,0,0,0,1,0,0,0,0
2022-03-10,花菜类,2.189,21.89,4,1,10.87933,4,10.0,2.7198325,3,4,0,1,0,0,0,0,0,0,0,0,0,0,0,1,0,0,0
2022-03-11,花菜类,3.2479999999999998,33.644,8,2,17.49812,8,10.358374384236454,2.187265,3,5,0,1,0,0,0,0,0,0,0,0,0,0,0,0,1,0,0
2022-03-12,花菜类,3.1109999999999998,34.230000000000004,7,2,22.87906,7,11.002892960462876,3.2684371428571426,3,6,0,1,0,0,0,0,0,0,0,0,0,0,0,0,0,1,0
2022-03-13,花菜类,3.223,32.230000000000004,7,1,22.561,7,10.000000000000002,3.223,3,7,0,1,0,0,0,0,0,0,0,0,0,0,0,0,0,0,1
2022-03-14,花菜类,9.127,91.27,19,1,63.888999999999996,19,9.999999999999998,3.3625789473684207,3,1,0,1,0,0,0,0,0,0,0,0,0,0,0,0,0,0,0
2022-03-15,花菜类,7.721,77.21000000000001,14,1,52.27117,14,10.000000000000002,3.7336549999999997,3,2,0,1,0,0,0,0,0,0,0,0,0,1,0,0,0,0,0
2022-03-16,花菜类,11.876999999999999,119.898,25,2,84.16017,25,10.094973478151049,3.3664067999999996,3,3,0,1,0,0,0,0,0,0,0,0,0,0,1,0,0,0,0
2022-03-17,花菜类,12.813,128.13,25,1,92.12547,25,10.0,3.6850188000000004,3,4,0,1,0,0,0,0,0,0,0,0,0,0,0,1,0,0,0
2022-03-18,花菜类,14.473,173.676,30,1,101.60046,30,11.999999999999998,3.386682,3,5,0,1,0,0,0,0,0,0,0,0,0,0,0,0,1,0,0
2022-03-19,花菜类,24.298000000000002,291.576,50,1,170.57196,50,12.0,3.4114392,3,6,0,1,0,0,0,0,0,0,0,0,0,0,0,0,0,1,0
2022-03-20,花菜类,16.749,200.988,35,1,120.92778,35,12.0,3.4550794285714286,3,7,0,1,0,0,0,0,0,0,0,0,0,0,0,0,0,0,1
2022-03-21,花菜类,13.613,163.356,23,1,99.3749,23,12.0,4.320647826086956,3,1,0,1,0,0,0,0,0,0,0,0,0,0,0,0,0,0,0
2022-03-22,花菜类,16.239,194.868,28,1,118.54469999999999,28,12.0,4.233739285714285,3,2,0,1,0,0,0,0,0,0,0,0,0,1,0,0,0,0,0
2022-03-23,花菜类,7.625,91.5,14,1,55.433749999999996,14,12.0,3.9595535714285712,3,3,0,1,0,0,0,0,0,0,0,0,0,0,1,0,0,0,0
2022-03-24,花菜类,7.711,92.532,15,1,55.67342,15,11.999999999999998,3.7115613333333335,3,4,0,1,0,0,0,0,0,0,0,0,0,0,0,1,0,0,0
2022-03-25,花菜类,14.528,168.9096,25,2,104.09660000000001,25,11.626486784140969,4.163864,3,5,0,1,0,0,0,0,0,0,0,0,0,0,0,0,1,0,0
2022-03-26,花菜类,16.707,167.07,30,1,123.6318,30,10.0,4.12106,3,6,0,1,0,0,0,0,0,0,0,0,0,0,0,0,0,1,0
2022-03-27,花菜类,11.68,116.80000000000001,25,1,86.432,25,10.000000000000002,3.45728,3,7,0,1,0,0,0,0,0,0,0,0,0,0,0,0,0,0,1
2022-03-28,花菜类,2.089,20.89,3,1,14.05897,3,10.0,4.686323333333333,3,1,0,1,0,0,0,0,0,0,0,0,0,0,0,0,0,0,0
2022-03-30,花菜类,3.1020000000000003,31.020000000000003,6,1,20.9385,6,10.0,3.4897500000000004,3,3,0,1,0,0,0,0,0,0,0,0,0,0,1,0,0,0,0
2022-03-31,花菜类,1.787,17.87,4,1,12.062249999999999,4,10.000000000000002,3.0155624999999997,3,4,0,1,0,0,0,0,0,0,0,0,0,0,0,1,0,0,0
2022-04-01,花菜类,5.261,52.61,9,1,38.51052,9,10.0,4.278946666666666,4,5,0,0,1,0,0,0,0,0,0,0,0,0,0,0,1,0,0
2022-04-02,花菜类,4.047,40.47,8,1,29.9478,8,10.0,3.743475,4,6,0,0,1,0,0,0,0,0,0,0,0,0,0,0,0,1,0
2022-04-03,花菜类,2.1189999999999998,21.189999999999998,5,1,15.85012,5,10.0,3.170024,4,7,0,0,1,0,0,0,0,0,0,0,0,0,0,0,0,0,1
2022-04-04,花菜类,22.224,266.688,46,1,166.23552,46,12.0,3.6138156521739133,4,1,0,0,1,0,0,0,0,0,0,0,0,0,0,0,0,0,0
2022-04-05,花菜类,21.248,254.976,41,1,158.93504000000001,41,12.0,3.876464390243903,4,2,0,0,1,0,0,0,0,0,0,0,0,1,0,0,0,0,0
2022-04-06,花菜类,17.497,168.786,32,2,104.45501,32,9.646567983082814,3.2642190625,4,3,0,0,1,0,0,0,0,0,0,0,0,0,1,0,0,0,0
2022-04-07,花菜类,10.494,125.928,21,1,78.49512,21,12.0,3.737862857142857,4,4,0,0,1,0,0,0,0,0,0,0,0,0,0,1,0,0,0
2022-04-08,花菜类,10.629,127.548,22,1,79.50492,22,12.0,3.61386,4,5,0,0,1,0,0,0,0,0,0,0,0,0,0,0,1,0,0
2022-04-09,花菜类,15.591,218.274,30,1,119.73888,30,14.0,3.9912959999999997,4,6,0,0,1,0,0,0,0,0,0,0,0,0,0,0,0,1,0
2022-04-10,花菜类,7.757000000000001,108.598,13,1,61.668150000000004,13,13.999999999999998,4.7437038461538465,4,7,0,0,1,0,0,0,0,0,0,0,0,0,0,0,0,0,1
2022-04-11,花菜类,6.383,76.596,17,1,50.80868,17,12.0,2.988745882352941,4,1,0,0,1,0,0,0,0,0,0,0,0,0,0,0,0,0,0
2022-04-12,花菜类,6.375,89.25,16,1,50.745,16,14.0,3.1715625,4,2,0,0,1,0,0,0,0,0,0,0,0,1,0,0,0,0,0
2022-04-13,花菜类,9.797,137.158,24,1,76.4166,24,13.999999999999998,3.184025,4,3,0,0,1,0,0,0,0,0,0,0,0,0,1,0,0,0,0
2022-04-14,花菜类,6.047,84.658,14,1,46.68284,14,14.0,3.3344885714285715,4,4,0,0,1,0,0,0,0,0,0,0,0,0,0,1,0,0,0
2022-04-15,花菜类,10.73,150.22,22,1,89.2736,22,14.0,4.057890909090909,4,5,0,0,1,0,0,0,0,0,0,0,0,0,0,0,1,0,0
2022-04-16,花菜类,12.666,177.32399999999998,29,1,105.38112,29,13.999999999999998,3.6338317241379308,4,6,0,0,1,0,0,0,0,0,0,0,0,0,0,0,0,1,0
2022-04-17,花菜类,20.254,283.556,48,1,170.1336,48,13.999999999999998,3.54445,4,7,0,0,1,0,0,0,0,0,0,0,0,0,0,0,0,0,1
2022-04-18,花菜类,12.087,169.218,29,1,103.9482,29,14.0,3.5844206896551722,4,1,0,0,1,0,0,0,0,0,0,0,0,0,0,0,0,0,0
2022-04-19,花菜类,7.869,110.166,20,1,67.6734,20,14.0,3.38367,4,2,0,0,1,0,0,0,0,0,0,0,0,1,0,0,0,0,0
2022-04-20,花菜类,11.413,159.782,24,1,106.59742,24,14.0,4.441559166666667,4,3,0,0,1,0,0,0,0,0,0,0,0,0,1,0,0,0,0
2022-04-21,花菜类,8.548,120.086,17,2,81.69598,17,14.048432381843705,4.805645882352941,4,4,0,0,1,0,0,0,0,0,0,0,0,0,0,1,0,0,0
2022-04-22,花菜类,18.726,262.164,37,1,177.897,37,14.0,4.808027027027027,4,5,0,0,1,0,0,0,0,0,0,0,0,0,0,0,1,0,0
2022-04-23,花菜类,19.648,227.016,37,3,153.96034,37,11.55415309446254,4.16109027027027,4,6,0,0,1,0,0,0,0,0,0,0,0,0,0,0,0,1,0
2022-04-24,花菜类,15.603,218.442,29,1,146.20011,29,14.0,5.0413831034482754,4,7,0,0,1,0,0,0,0,0,0,0,0,0,0,0,0,0,1
2022-04-25,花菜类,16.833,201.996,41,1,139.20891,41,12.000000000000002,3.395339268292683,4,1,0,0,1,0,0,0,0,0,0,0,0,0,0,0,0,0,0
2022-04-26,花菜类,9.969,114.58,19,2,79.782,19,11.493630253786739,4.199052631578947,4,2,0,0,1,0,0,0,0,0,0,0,0,1,0,0,0,0,0
2022-04-27,花菜类,9.138,109.656,22,1,67.98672,22,12.0,3.090305454545455,4,3,0,0,1,0,0,0,0,0,0,0,0,0,1,0,0,0,0
2022-04-28,花菜类,11.202,134.424,23,1,80.43036,23,12.0,3.496972173913043,4,4,0,0,1,0,0,0,0,0,0,0,0,0,0,1,0,0,0
2022-04-29,花菜类,21.479,258.478,42,2,155.06967,42,12.033986684668747,3.692135,4,5,0,0,1,0,0,0,0,0,0,0,0,0,0,0,1,0,0
2022-04-30,花菜类,28.319,283.19,62,1,191.71963,62,10.0,3.0922520967741933,4,6,0,0,1,0,0,0,0,0,0,0,0,0,0,0,0,1,0
2022-05-01,花菜类,23.295,232.95,49,1,142.79835,49,9.999999999999998,2.9142520408163266,5,7,0,0,0,1,0,0,0,0,0,0,0,0,0,0,0,0,1
2022-05-02,花菜类,1.335,13.350000000000001,2,1,7.67625,2,10.000000000000002,3.838125,5,1,0,0,0,1,0,0,0,0,0,0,0,0,0,0,0,0,0
2022-05-03,花菜类,27.601,220.808,56,1,159.53378,56,8.0,2.8488175,5,2,0,0,0,1,0,0,0,0,0,0,0,1,0,0,0,0,0
2022-05-04,花菜类,3.319,30.534799999999997,6,1,19.283389999999997,6,9.2,3.213898333333333,5,3,0,0,0,1,0,0,0,0,0,0,0,0,1,0,0,0,0
2022-05-05,花菜类,1.19,10.948,2,1,6.9139,2,9.200000000000001,3.45695,5,4,0,0,0,1,0,0,0,0,0,0,0,0,0,1,0,0,0
2022-05-06,花菜类,3.438,31.629599999999996,7,1,11.6892,7,9.2,1.6698857142857142,5,5,0,0,0,1,0,0,0,0,0,0,0,0,0,0,1,0,0
2022-05-07,花菜类,23.375,140.25,29,1,74.8,29,6.0,2.579310344827586,5,6,0,0,0,1,0,0,0,0,0,0,0,0,0,0,0,1,0
2022-05-08,花菜类,42.607,255.642,52,1,184.06224,52,6.0,3.5396584615384614,5,7,0,0,0,1,0,0,0,0,0,0,0,0,0,0,0,0,1
2022-05-09,花菜类,29.087,232.696,61,1,170.15895,61,8.0,2.7894909836065573,5,1,0,0,0,1,0,0,0,0,0,0,0,0,0,0,0,0,0
2022-05-10,花菜类,22.638,181.104,49,1,100.05996,49,8.0,2.04204,5,2,0,0,0,1,0,0,0,0,0,0,0,1,0,0,0,0,0
2022-05-11,花菜类,19.261,154.088,47,1,100.1572,47,8.0,2.131004255319149,5,3,0,0,0,1,0,0,0,0,0,0,0,0,1,0,0,0,0
2022-05-12,花菜类,24.59,196.72,55,1,135.245,55,8.0,2.459,5,4,0,0,0,1,0,0,0,0,0,0,0,0,0,1,0,0,0
2022-05-13,花菜类,21.993,175.944,48,1,119.64192000000001,48,8.0,2.4925400000000004,5,5,0,0,0,1,0,0,0,0,0,0,0,0,0,0,1,0,0
2022-05-14,花菜类,48.521,388.168,108,1,263.46903,108,8.0,2.4395280555555554,5,6,0,0,0,1,0,0,0,0,0,0,0,0,0,0,0,1,0
2022-05-15,花菜类,43.781,350.248,96,1,245.61141,96,8.0,2.5584521875,5,7,0,0,0,1,0,0,0,0,0,0,0,0,0,0,0,0,1
2022-05-16,花菜类,23.633,189.064,51,1,128.79985,51,8.0,2.5254872549019605,5,1,0,0,0,1,0,0,0,0,0,0,0,0,0,0,0,0,0
2022-05-17,花菜类,15.163,121.304,35,1,92.4943,35,8.0,2.6426942857142857,5,2,0,0,0,1,0,0,0,0,0,0,0,1,0,0,0,0,0
2022-05-18,花菜类,20.24,161.92,44,1,120.6304,44,8.0,2.7416,5,3,0,0,0,1,0,0,0,0,0,0,0,0,1,0,0,0,0
2022-05-19,花菜类,17.603,140.824,42,1,98.75283,42,8.0,2.351257857142857,5,4,0,0,0,1,0,0,0,0,0,0,0,0,0,1,0,0,0
2022-05-20,花菜类,13.908,127.9536,28,1,77.74571999999999,28,9.2,2.776632857142857,5,5,0,0,0,1,0,0,0,0,0,0,0,0,0,0,1,0,0
2022-05-21,花菜类,26.494,243.7448,52,1,147.57158,52,9.2,2.837915,5,6,0,0,0,1,0,0,0,0,0,0,0,0,0,0,0,1,0
2022-05-22,花菜类,23.847,219.39239999999998,55,1,139.50494999999998,55,9.2,2.536453636363636,5,7,0,0,0,1,0,0,0,0,0,0,0,0,0,0,0,0,1
2022-05-23,花菜类,15.361,141.32119999999998,32,1,100.92177000000001,32,9.199999999999998,3.1538053125000003,5,1,0,0,0,1,0,0,0,0,0,0,0,0,0,0,0,0,0
2022-05-24,花菜类,27.64,221.12,54,1,178.278,54,8.0,3.3014444444444444,5,2,0,0,0,1,0,0,0,0,0,0,0,1,0,0,0,0,0
2022-05-25,花菜类,19.562,156.496,42,1,120.30630000000001,42,8.0,2.8644357142857144,5,3,0,0,0,1,0,0,0,0,0,0,0,0,1,0,0,0,0
2022-05-26,花菜类,25.011,200.088,54,1,170.57502000000002,54,8.0,3.158796666666667,5,4,0,0,0,1,0,0,0,0,0,0,0,0,0,1,0,0,0
2022-05-27,花菜类,18.568,148.544,37,1,126.63376000000001,37,8.0,3.4225340540540543,5,5,0,0,0,1,0,0,0,0,0,0,0,0,0,0,1,0,0
2022-05-28,花菜类,35.114,280.912,84,1,217.00451999999999,84,8.0,2.5833871428571427,5,6,0,0,0,1,0,0,0,0,0,0,0,0,0,0,0,1,0
2022-05-29,花菜类,42.403,339.224,88,1,241.27307000000002,88,8.0,2.741739431818182,5,7,0,0,0,1,0,0,0,0,0,0,0,0,0,0,0,0,1
2022-05-30,花菜类,24.336,194.688,54,1,138.47184000000001,54,8.0,2.5642933333333335,5,1,0,0,0,1,0,0,0,0,0,0,0,0,0,0,0,0,0
2022-05-31,花菜类,15.854,126.832,36,1,90.20926,36,8.0,2.505812777777778,5,2,0,0,0,1,0,0,0,0,0,0,0,1,0,0,0,0,0
2022-06-01,花菜类,22.234,177.872,54,1,127.17848,54,8.0,2.3551570370370367,6,3,0,0,0,0,1,0,0,0,0,0,0,0,1,0,0,0,0
2022-06-02,花菜类,20.605,164.84,47,1,119.509,47,8.0,2.542744680851064,6,4,0,0,0,0,1,0,0,0,0,0,0,0,0,1,0,0,0
2022-06-03,花菜类,29.489,271.29879999999997,65,1,172.21576,65,9.2,2.649473230769231,6,5,0,0,0,0,1,0,0,0,0,0,0,0,0,0,1,0,0
2022-06-04,花菜类,13.898,127.8616,36,1,86.16760000000001,36,9.2,2.3935444444444447,6,6,0,0,0,0,1,0,0,0,0,0,0,0,0,0,0,1,0
2022-06-05,花菜类,21.97,219.7,54,1,137.5322,54,10.0,2.5468925925925925,6,7,0,0,0,0,1,0,0,0,0,0,0,0,0,0,0,0,1
2022-06-06,花菜类,23.309,214.44279999999998,57,1,150.57614,57,9.2,2.6416866666666667,6,1,0,0,0,0,1,0,0,0,0,0,0,0,0,0,0,0,0
2022-06-07,花菜类,20.909,192.3628,50,1,136.74486000000002,50,9.2,2.7348972000000003,6,2,0,0,0,0,1,0,0,0,0,0,0,1,0,0,0,0,0
2022-06-08,花菜类,17.046,156.82319999999999,41,1,114.71958000000001,41,9.2,2.798038536585366,6,3,0,0,0,0,1,0,0,0,0,0,0,0,1,0,0,0,0
2022-06-09,花菜类,21.532,198.09439999999998,57,1,140.17332,57,9.2,2.4591810526315787,6,4,0,0,0,0,1,0,0,0,0,0,0,0,0,1,0,0,0
2022-06-10,花菜类,13.058,130.57999999999998,34,1,81.87366,34,9.999999999999998,2.4080488235294117,6,5,0,0,0,0,1,0,0,0,0,0,0,0,0,0,1,0,0
2022-06-11,花菜类,34.691,346.91,97,1,223.75695000000002,97,10.0,2.3067726804123714,6,6,0,0,0,0,1,0,0,0,0,0,0,0,0,0,0,1,0
2022-06-12,花菜类,29.698,296.98,79,1,199.27358,79,10.0,2.5224503797468354,6,7,0,0,0,0,1,0,0,0,0,0,0,0,0,0,0,0,1
2022-06-13,花菜类,23.638,236.38,49,1,147.50112000000001,49,9.999999999999998,3.0102269387755105,6,1,0,0,0,0,1,0,0,0,0,0,0,0,0,0,0,0,0
2022-06-14,花菜类,23.587,235.87,50,1,149.77745,50,10.0,2.9955489999999996,6,2,0,0,0,0,1,0,0,0,0,0,0,1,0,0,0,0,0
2022-06-15,花菜类,18.931,189.31,39,1,120.21185,39,10.0,3.082355128205128,6,3,0,0,0,0,1,0,0,0,0,0,0,0,1,0,0,0,0
2022-06-16,花菜类,18.079,180.79,36,1,116.24797,36,10.0,3.2291102777777776,6,4,0,0,0,0,1,0,0,0,0,0,0,0,0,1,0,0,0
2022-06-17,花菜类,27.301,273.01,63,1,175.81844,63,10.0,2.790768888888889,6,5,0,0,0,0,1,0,0,0,0,0,0,0,0,0,1,0,0
2022-06-18,花菜类,29.834,298.34,65,1,181.39072000000002,65,10.0,2.7906264615384617,6,6,0,0,0,0,1,0,0,0,0,0,0,0,0,0,0,1,0
2022-06-19,花菜类,31.956,293.99519999999995,70,1,193.97292000000002,70,9.2,2.7710417142857144,6,7,0,0,0,0,1,0,0,0,0,0,0,0,0,0,0,0,1
2022-06-20,花菜类,26.02,239.384,58,1,157.94140000000002,58,9.2,2.7231275862068967,6,1,0,0,0,0,1,0,0,0,0,0,0,0,0,0,0,0,0
2022-06-21,花菜类,22.014,158.5008,48,1,130.10274,48,7.2,2.7104737500000002,6,2,0,0,0,0,1,0,0,0,0,0,0,1,0,0,0,0,0
2022-06-22,花菜类,23.449,168.8328,51,1,140.694,51,7.199999999999999,2.758705882352941,6,3,0,0,0,0,1,0,0,0,0,0,0,0,1,0,0,0,0
2022-06-23,花菜类,14.583,104.9976,29,1,87.06051,29,7.2,3.0020865517241377,6,4,0,0,0,0,1,0,0,0,0,0,0,0,0,1,0,0,0
2022-06-24,花菜类,17.64,162.28799999999998,34,1,89.082,34,9.2,2.6200588235294116,6,5,0,0,0,0,1,0,0,0,0,0,0,0,0,0,1,0,0
2022-06-25,花菜类,22.426,179.408,49,1,116.39094000000001,49,8.0,2.3753253061224493,6,6,0,0,0,0,1,0,0,0,0,0,0,0,0,0,0,1,0
2022-06-26,花菜类,36.32,261.504,85,1,180.1472,85,7.2,2.1193788235294115,6,7,0,0,0,0,1,0,0,0,0,0,0,0,0,0,0,0,1
2022-06-27,花菜类,21.772000000000002,156.7584,51,1,107.55368000000001,51,7.199999999999999,2.10889568627451,6,1,0,0,0,0,1,0,0,0,0,0,0,0,0,0,0,0,0
2022-06-28,花菜类,23.307,186.456,53,1,134.01525,53,8.0,2.5285896226415097,6,2,0,0,0,0,1,0,0,0,0,0,0,1,0,0,0,0,0
2022-06-29,花菜类,31.82,245.9672,65,2,169.35617,65,7.729956002514141,2.6054795384615383,6,3,0,0,0,0,1,0,0,0,0,0,0,0,1,0,0,0,0
2022-06-30,花菜类,42.053,324.7808,76,2,228.98041,76,7.7231303355289755,3.0129001315789474,6,4,0,0,0,0,1,0,0,0,0,0,0,0,0,1,0,0,0
2022-07-01,花菜类,28.213,249.2796,56,2,164.57547,56,8.835628965370573,2.9388476785714284,7,5,0,0,0,0,0,1,0,0,0,0,0,0,0,0,1,0,0
2022-07-02,花菜类,51.302,455.04639999999995,96,2,292.84158,96,8.869954387743167,3.050433125,7,6,0,0,0,0,0,1,0,0,0,0,0,0,0,0,0,1,0
2022-07-03,花菜类,48.366,460.468,92,2,289.59728,92,9.520489600132326,3.1477965217391306,7,7,0,0,0,0,0,1,0,0,0,0,0,0,0,0,0,0,1
2022-07-04,花菜类,27.955000000000002,279.55,62,1,175.27785,62,10.0,2.8270620967741937,7,1,0,0,0,0,0,1,0,0,0,0,0,0,0,0,0,0,0
2022-07-05,花菜类,42.64,387.654,75,2,242.24966,75,9.091322701688554,3.229995466666667,7,2,0,0,0,0,0,1,0,0,0,0,0,1,0,0,0,0,0
2022-07-06,花菜类,29.201,264.116,55,2,166.34063,55,9.044758741139,3.024375090909091,7,3,0,0,0,0,0,1,0,0,0,0,0,0,1,0,0,0,0
2022-07-07,花菜类,50.962,407.696,87,2,282.84436,87,8.0,3.2510845977011495,7,4,0,0,0,0,0,1,0,0,0,0,0,0,0,1,0,0,0
2022-07-08,花菜类,47.678,381.424,98,2,254.76238,98,8.0,2.5996161224489795,7,5,0,0,0,0,0,1,0,0,0,0,0,0,0,0,1,0,0
2022-07-09,花菜类,44.535000000000004,356.28000000000003,113,1,249.396,113,8.0,2.2070442477876107,7,6,0,0,0,0,0,1,0,0,0,0,0,0,0,0,0,1,0
2022-07-10,花菜类,66.917,535.336,140,2,357.1158,140,8.0,2.5508271428571425,7,7,0,0,0,0,0,1,0,0,0,0,0,0,0,0,0,0,1
2022-07-11,花菜类,24.264,194.112,61,2,144.1639,61,8.0,2.36334262295082,7,1,0,0,0,0,0,1,0,0,0,0,0,0,0,0,0,0,0
2022-07-12,花菜类,56.26,450.08,126,2,311.24170000000004,126,8.0,2.4701722222222227,7,2,0,0,0,0,0,1,0,0,0,0,0,1,0,0,0,0,0
2022-07-13,花菜类,44.4,355.2,93,2,261.58272999999997,93,8.0,2.81271752688172,7,3,0,0,0,0,0,1,0,0,0,0,0,0,1,0,0,0,0
2022-07-14,花菜类,34.033,340.33,83,1,211.0046,83,10.0,2.5422240963855423,7,4,0,0,0,0,0,1,0,0,0,0,0,0,0,1,0,0,0
2022-07-15,花菜类,30.18,301.8,65,1,187.116,65,10.0,2.8787076923076924,7,5,0,0,0,0,0,1,0,0,0,0,0,0,0,0,1,0,0
2022-07-16,花菜类,59.714,597.14,141,1,365.44968,141,10.0,2.5918417021276596,7,6,0,0,0,0,0,1,0,0,0,0,0,0,0,0,0,1,0
2022-07-17,花菜类,53.705,535.818,126,2,327.39722,126,9.977059864072247,2.598390634920635,7,7,0,0,0,0,0,1,0,0,0,0,0,0,0,0,0,0,1
2022-07-18,花菜类,43.19,431.9,94,1,243.1597,94,10.0,2.586805319148936,7,1,0,0,0,0,0,1,0,0,0,0,0,0,0,0,0,0,0
2022-07-19,花菜类,33.363,332.274,73,2,183.67956,73,9.959356173006025,2.5161583561643837,7,2,0,0,0,0,0,1,0,0,0,0,0,1,0,0,0,0,0
2022-07-20,花菜类,43.777,402.74839999999995,98,1,248.65336,98,9.2,2.537279183673469,7,3,0,0,0,0,0,1,0,0,0,0,0,0,1,0,0,0,0
2022-07-21,花菜类,38.147,350.95239999999995,80,1,226.59318000000002,80,9.2,2.8324147500000003,7,4,0,0,0,0,0,1,0,0,0,0,0,0,0,1,0,0,0
2022-07-22,花菜类,33.655,309.626,75,1,201.93,75,9.2,2.6924,7,5,0,0,0,0,0,1,0,0,0,0,0,0,0,0,1,0,0
2022-07-23,花菜类,45.47,418.32399999999996,106,1,272.82,106,9.2,2.5737735849056604,7,6,0,0,0,0,0,1,0,0,0,0,0,0,0,0,0,1,0
2022-07-24,花菜类,45.96,422.832,112,1,258.7548,112,9.2,2.310310714285714,7,7,0,0,0,0,0,1,0,0,0,0,0,0,0,0,0,0,1
2022-07-25,花菜类,78.159,680.766,178,2,489.00801,178,8.710014201819368,2.7472360112359553,7,1,0,0,0,0,0,1,0,0,0,0,0,0,0,0,0,0,0
2022-07-26,花菜类,74.221,650.2772,153,2,448.32576,153,8.761364034437692,2.9302337254901962,7,2,0,0,0,0,0,1,0,0,0,0,0,1,0,0,0,0,0
2022-07-27,花菜类,67.503,645.2292,145,2,404.20068,145,9.558526287720545,2.7875908965517238,7,3,0,0,0,0,0,1,0,0,0,0,0,0,1,0,0,0,0
2022-07-28,花菜类,60.76,573.9504,125,2,354.2778,125,9.446188281764318,2.8342224000000003,7,4,0,0,0,0,0,1,0,0,0,0,0,0,0,1,0,0,0
2022-07-29,花菜类,56.633,540.5652,117,2,316.99071,117,9.545056769021595,2.7093223076923074,7,5,0,0,0,0,0,1,0,0,0,0,0,0,0,0,1,0,0
2022-07-30,花菜类,57.917,543.8428,127,2,309.15254,127,9.39003746741026,2.434271968503937,7,6,0,0,0,0,0,1,0,0,0,0,0,0,0,0,0,1,0
2022-07-31,花菜类,48.748,449.1728,106,2,251.40144,106,9.2141790432428,2.3717116981132076,7,7,0,0,0,0,0,1,0,0,0,0,0,0,0,0,0,0,1
2022-08-01,花菜类,80.636,682.256,166,2,413.10832,166,8.460935562279875,2.4886043373493973,8,1,0,0,0,0,0,0,1,0,0,0,0,0,0,0,0,0,0
2022-08-02,花菜类,79.66,697.274,173,2,375.27828,173,8.753125784584485,2.169238612716763,8,2,0,0,0,0,0,0,1,0,0,0,0,1,0,0,0,0,0
2022-08-03,花菜类,64.038,501.693,155,2,340.72001,155,7.83430150847934,2.198193612903226,8,3,0,0,0,0,0,0,1,0,0,0,0,0,1,0,0,0,0
2022-08-04,花菜类,61.589,475.613,135,2,316.68091000000004,135,7.722369254249948,2.345784518518519,8,4,0,0,0,0,0,0,1,0,0,0,0,0,0,1,0,0,0
2022-08-05,花菜类,64.146,475.94280000000003,137,2,301.998,137,7.419680104761015,2.2043649635036497,8,5,0,0,0,0,0,0,1,0,0,0,0,0,0,0,1,0,0
2022-08-06,花菜类,84.365,617.8448,183,2,378.92363,183,7.323473004207906,2.0706209289617488,8,6,0,0,0,0,0,0,1,0,0,0,0,0,0,0,0,1,0
2022-08-07,花菜类,76.558,552.5524,158,2,343.47846000000004,158,7.217435147208652,2.1739143037974684,8,7,0,0,0,0,0,0,1,0,0,0,0,0,0,0,0,0,1
2022-08-08,花菜类,71.07000000000001,525.6834,153,2,328.30614,153,7.3966990291262125,2.1457917647058826,8,1,0,0,0,0,0,0,1,0,0,0,0,0,0,0,0,0,0
2022-08-09,花菜类,71.672,531.7712,152,2,330.73232,152,7.419511106150241,2.1758705263157894,8,2,0,0,0,0,0,0,1,0,0,0,0,1,0,0,0,0,0
2022-08-10,花菜类,69.171,512.907,140,2,313.67504,140,7.415058333694756,2.240536,8,3,0,0,0,0,0,0,1,0,0,0,0,0,1,0,0,0,0
2022-08-11,花菜类,70.278,522.2364,146,2,320.8133,146,7.431008281396738,2.197351369863014,8,4,0,0,0,0,0,0,1,0,0,0,0,0,0,1,0,0,0
2022-08-12,花菜类,74.91,559.3908,150,2,324.77943999999997,150,7.467505006007209,2.1651962666666664,8,5,0,0,0,0,0,0,1,0,0,0,0,0,0,0,1,0,0
2022-08-13,花菜类,90.519,665.8944,195,2,388.25576,195,7.35640473270805,1.9910551794871796,8,6,0,0,0,0,0,0,1,0,0,0,0,0,0,0,0,1,0
2022-08-14,花菜类,115.096,868.4920000000001,236,2,463.67359999999996,236,7.545805240842427,1.9647186440677964,8,7,0,0,0,0,0,0,1,0,0,0,0,0,0,0,0,0,1
2022-08-15,花菜类,78.549,592.5498,172,2,332.73904,172,7.543696291486842,1.9345293023255814,8,1,0,0,0,0,0,0,1,0,0,0,0,0,0,0,0,0,0
2022-08-16,花菜类,81.22,618.6484,171,2,343.17371999999995,171,7.616946564885497,2.0068638596491226,8,2,0,0,0,0,0,0,1,0,0,0,0,1,0,0,0,0,0
2022-08-17,花菜类,82.876,623.9008,171,2,351.49931999999995,171,7.528123944205801,2.055551578947368,8,3,0,0,0,0,0,0,1,0,0,0,0,0,1,0,0,0,0
2022-08-18,花菜类,120.55,920.8108000000001,250,2,502.86628,250,7.638413936126089,2.01146512,8,4,0,0,0,0,0,0,1,0,0,0,0,0,0,1,0,0,0
2022-08-19,花菜类,186.155,1516.4584,352,2,842.12545,352,8.146213639171657,2.392401846590909,8,5,0,0,0,0,0,0,1,0,0,0,0,0,0,0,1,0,0
2022-08-20,花菜类,123.124,1020.8008,221,2,553.95891,221,8.290835255514766,2.506601402714932,8,6,0,0,0,0,0,0,1,0,0,0,0,0,0,0,0,1,0
2022-08-21,花菜类,82.198,684.244,152,2,367.06787,152,8.324338791698096,2.414920197368421,8,7,0,0,0,0,0,0,1,0,0,0,0,0,0,0,0,0,1
2022-08-22,花菜类,45.204,407.6388,88,2,199.74393,88,9.017759490310592,2.2698173863636364,8,1,0,0,0,0,0,0,1,0,0,0,0,0,0,0,0,0,0
2022-08-23,花菜类,43.039,390.24559999999997,88,2,196.6214,88,9.067255280094797,2.234334090909091,8,2,0,0,0,0,0,0,1,0,0,0,0,1,0,0,0,0,0
2022-08-24,花菜类,43.512,388.3728,77,2,188.61756,77,8.925648097076667,2.449578701298701,8,3,0,0,0,0,0,0,1,0,0,0,0,0,1,0,0,0,0
2022-08-25,花菜类,63.776,574.5004,134,2,307.7592,134,9.008097089814349,2.2967104477611944,8,4,0,0,0,0,0,0,1,0,0,0,0,0,0,1,0,0,0
2022-08-26,花菜类,45.894,415.2564,87,2,239.53482000000002,87,9.048163158582822,2.7532737931034488,8,5,0,0,0,0,0,0,1,0,0,0,0,0,0,0,1,0,0
2022-08-27,花菜类,57.998,565.3100000000001,128,2,326.7506,128,9.747060243456673,2.5527390625,8,6,0,0,0,0,0,0,1,0,0,0,0,0,0,0,0,1,0
2022-08-28,花菜类,88.504,850.6,186,2,520.62728,186,9.610865045647653,2.799071397849463,8,7,0,0,0,0,0,0,1,0,0,0,0,0,0,0,0,0,1
2022-08-29,花菜类,45.407000000000004,414.3284,104,2,313.7933,104,9.124769308696896,3.017243269230769,8,1,0,0,0,0,0,0,1,0,0,0,0,0,0,0,0,0,0
2022-08-30,花菜类,66.738,800.856,166,2,441.62496,166,12.0,2.660391325301205,8,2,0,0,0,0,0,0,1,0,0,0,0,1,0,0,0,0,0
2022-08-31,花菜类,35.261,462.716,82,2,263.62467,82,13.122600039703922,3.2149349999999997,8,3,0,0,0,0,0,0,1,0,0,0,0,0,1,0,0,0,0
2022-09-01,花菜类,47.503,608.526,103,2,376.49636,103,12.810264614866428,3.6553044660194174,9,4,0,0,0,0,0,0,0,1,0,0,0,0,0,1,0,0,0
2022-09-02,花菜类,42.416000000000004,547.22,95,2,343.41716,95,12.90126367408525,3.6149174736842107,9,5,0,0,0,0,0,0,0,1,0,0,0,0,0,0,1,0,0
2022-09-03,花菜类,50.065,635.654,111,2,413.21184,111,12.696574453210827,3.722629189189189,9,6,0,0,0,0,0,0,0,1,0,0,0,0,0,0,0,1,0
2022-09-04,花菜类,58.367,754.244,130,2,470.72657999999996,130,12.922439049462882,3.620973692307692,9,7,0,0,0,0,0,0,0,1,0,0,0,0,0,0,0,0,1
2022-09-05,花菜类,50.342,653.078,106,2,420.81944999999996,106,12.972825871042073,3.9699948113207544,9,1,0,0,0,0,0,0,0,1,0,0,0,0,0,0,0,0,0
2022-09-06,花菜类,33.115,422.266,68,2,279.60508,68,12.751502340329155,4.111839411764706,9,2,0,0,0,0,0,0,0,1,0,0,0,1,0,0,0,0,0
2022-09-07,花菜类,36.812,515.368,78,3,322.65567999999996,78,14.000000000000002,4.136611282051281,9,3,0,0,0,0,0,0,0,1,0,0,0,0,1,0,0,0,0
2022-09-08,花菜类,41.84,585.76,100,3,348.45357,100,13.999999999999998,3.4845357000000003,9,4,0,0,0,0,0,0,0,1,0,0,0,0,0,1,0,0,0
2022-09-09,花菜类,67.57,945.98,155,2,564.0472199999999,155,14.000000000000002,3.639014322580645,9,5,0,0,0,0,0,0,0,1,0,0,0,0,0,0,1,0,0
2022-09-10,花菜类,72.293,1012.102,175,2,630.42185,175,13.999999999999998,3.602410571428571,9,6,0,0,0,0,0,0,0,1,0,0,0,0,0,0,0,1,0
2022-09-11,花菜类,57.265,801.71,136,2,531.9662,136,14.0,3.911516176470588,9,7,0,0,0,0,0,0,0,1,0,0,0,0,0,0,0,0,1
2022-09-12,花菜类,66.044,924.616,150,2,600.49396,150,14.0,4.003293066666667,9,1,0,0,0,0,0,0,0,1,0,0,0,0,0,0,0,0,0
2022-09-13,花菜类,43.064,557.236,100,2,353.19274,100,12.939717629574586,3.5319274000000003,9,2,0,0,0,0,0,0,0,1,0,0,0,1,0,0,0,0,0
2022-09-14,花菜类,33.92,433.906,76,2,277.52635,76,12.792040094339622,3.6516624999999996,9,3,0,0,0,0,0,0,0,1,0,0,0,0,1,0,0,0,0
2022-09-15,花菜类,21.549,269.966,51,2,171.46454,51,12.52800593995081,3.3620498039215687,9,4,0,0,0,0,0,0,0,1,0,0,0,0,0,1,0,0,0
2022-09-16,花菜类,37.213,429.584,79,2,298.12136,79,11.543922822669497,3.7736881012658228,9,5,0,0,0,0,0,0,0,1,0,0,0,0,0,0,1,0,0
2022-09-17,花菜类,62.577,726.6990000000001,144,2,485.1732,144,11.612876935615324,3.3692583333333332,9,6,0,0,0,0,0,0,0,1,0,0,0,0,0,0,0,1,0
2022-09-18,花菜类,57.716,668.776,127,2,402.34695999999997,127,11.587358791323028,3.168086299212598,9,7,0,0,0,0,0,0,0,1,0,0,0,0,0,0,0,0,1
2022-09-19,花菜类,37.255,431.873,82,2,238.77322,82,11.592350020131525,2.911868536585366,9,1,0,0,0,0,0,0,0,1,0,0,0,0,0,0,0,0,0
2022-09-20,花菜类,38.15,420.11400000000003,81,2,228.19629999999998,81,11.012162516382702,2.8172382716049382,9,2,0,0,0,0,0,0,0,1,0,0,0,1,0,0,0,0,0
2022-09-21,花菜类,32.068,344.4064,65,2,190.64244000000002,65,10.73987775976051,2.9329606153846157,9,3,0,0,0,0,0,0,0,1,0,0,0,0,1,0,0,0,0
2022-09-22,花菜类,48.117,504.5872,102,2,277.52178000000004,102,10.486672070162314,2.720801764705883,9,4,0,0,0,0,0,0,0,1,0,0,0,0,0,1,0,0,0
2022-09-23,花菜类,52.59,536.9048,118,2,305.18574,118,10.20925651264499,2.5863198305084745,9,5,0,0,0,0,0,0,0,1,0,0,0,0,0,0,1,0,0
2022-09-24,花菜类,68.758,711.3796,140,2,406.04359,140,10.346135722388668,2.900311357142857,9,6,0,0,0,0,0,0,0,1,0,0,0,0,0,0,0,1,0
2022-09-25,花菜类,49.526,545.8272,98,2,313.45588000000004,98,11.021023300892459,3.1985293877551024,9,7,0,0,0,0,0,0,0,1,0,0,0,0,0,0,0,0,1
2022-09-26,花菜类,27.747,300.8292,55,2,179.85387,55,10.841863985295708,3.2700703636363637,9,1,0,0,0,0,0,0,0,1,0,0,0,0,0,0,0,0,0
2022-09-27,花菜类,21.114,215.676,55,2,126.90198000000001,55,10.214833759590793,2.3073087272727273,9,2,0,0,0,0,0,0,0,1,0,0,0,1,0,0,0,0,0
2022-09-28,花菜类,31.205,322.2844,70,2,191.96624,70,10.327973081236982,2.742374857142857,9,3,0,0,0,0,0,0,0,1,0,0,0,0,1,0,0,0,0
2022-09-29,花菜类,24.432,245.9688,55,2,144.99981,55,10.067485265225933,2.6363601818181817,9,4,0,0,0,0,0,0,0,1,0,0,0,0,0,1,0,0,0
2022-09-30,花菜类,38.331,400.276,88,2,238.01559999999998,88,10.442618246328037,2.7047227272727272,9,5,0,0,0,0,0,0,0,1,0,0,0,0,0,0,1,0,0
2022-10-01,花菜类,64.375,694.9456,132,2,415.70877,132,10.79527145631068,3.1493088636363638,10,6,0,0,0,0,0,0,0,0,1,0,0,0,0,0,0,1,0
2022-10-02,花菜类,51.346,539.6364,114,2,326.11902000000003,114,10.509804074319325,2.860693157894737,10,7,0,0,0,0,0,0,0,0,1,0,0,0,0,0,0,0,1
2022-10-03,花菜类,42.28,438.5164,95,2,256.98816,95,10.371721854304635,2.7051385263157894,10,1,0,0,0,0,0,0,0,0,1,0,0,0,0,0,0,0,0
2022-10-04,花菜类,46.275999999999996,510.5596,100,2,286.92015000000004,100,11.032924193966636,2.8692015000000004,10,2,0,0,0,0,0,0,0,0,1,0,0,1,0,0,0,0,0
2022-10-05,花菜类,39.917,479.004,94,1,286.60406,94,12.0,3.048979361702128,10,3,0,0,0,0,0,0,0,0,1,0,0,0,1,0,0,0,0
2022-10-06,花菜类,71.588,761.2072,140,2,422.46028,140,10.633167569983796,3.0175734285714286,10,4,0,0,0,0,0,0,0,0,1,0,0,0,0,1,0,0,0
2022-10-07,花菜类,84.51,813.6048,176,2,531.30876,176,9.627319843805466,3.018799772727273,10,5,0,0,0,0,0,0,0,0,1,0,0,0,0,0,1,0,0
2022-10-08,花菜类,35.03,341.63439999999997,73,2,229.79376,73,9.752623465600912,3.1478597260273973,10,6,0,0,0,0,0,0,0,0,1,0,0,0,0,0,0,1,0
2022-10-09,花菜类,41.606,404.216,85,2,266.84415,85,9.7153295197808,3.1393429411764706,10,7,0,0,0,0,0,0,0,0,1,0,0,0,0,0,0,0,1
2022-10-10,花菜类,41.859,404.4228,84,2,260.12283,84,9.661549487565397,3.0967003571428573,10,1,0,0,0,0,0,0,0,0,1,0,0,0,0,0,0,0,0
2022-10-11,花菜类,25.248,277.2328,57,2,164.1317,57,10.980386565272497,2.8795035087719296,10,2,0,0,0,0,0,0,0,0,1,0,0,1,0,0,0,0,0
2022-10-12,花菜类,25.269000000000002,275.2,59,2,165.66442,59,10.890814832403338,2.807871525423729,10,3,0,0,0,0,0,0,0,0,1,0,0,0,1,0,0,0,0
2022-10-13,花菜类,27.996,303.0548,66,2,184.87483,66,10.82493213316188,2.801133787878788,10,4,0,0,0,0,0,0,0,0,1,0,0,0,0,1,0,0,0
2022-10-14,花菜类,9.171,102.5928,21,2,63.28638,21,11.186653581943082,3.013637142857143,10,5,0,0,0,0,0,0,0,0,1,0,0,0,0,0,1,0,0
2022-10-15,花菜类,56.751,625.4096,117,2,385.46094,117,11.020239290937605,3.2945379487179487,10,6,0,0,0,0,0,0,0,0,1,0,0,0,0,0,0,1,0
2022-10-16,花菜类,53.177,582.1772,121,2,365.17908,121,10.947913571656919,3.0180089256198346,10,7,0,0,0,0,0,0,0,0,1,0,0,0,0,0,0,0,1
2022-10-17,花菜类,29.683,317.9228,64,2,204.81853999999998,64,10.71060202809689,3.2002896874999998,10,1,0,0,0,0,0,0,0,0,1,0,0,0,0,0,0,0,0
2022-10-18,花菜类,47.305,495.2156,111,2,314.88897000000003,111,10.46856780467181,2.8368375675675677,10,2,0,0,0,0,0,0,0,0,1,0,0,1,0,0,0,0,0
2022-10-19,花菜类,27.877,328.7448,52,2,223.95837,52,11.79268931377121,4.306891730769231,10,3,0,0,0,0,0,0,0,0,1,0,0,0,1,0,0,0,0
2022-10-20,花菜类,30.363,335.2528,69,2,204.76308,69,11.041491288739584,2.9675808695652175,10,4,0,0,0,0,0,0,0,0,1,0,0,0,0,1,0,0,0
2022-10-21,花菜类,95.213,1025.7456,200,2,606.38125,200,10.773167529644061,3.03190625,10,5,0,0,0,0,0,0,0,0,1,0,0,0,0,0,1,0,0
2022-10-22,花菜类,56.496,586.1904,124,2,333.05412,124,10.375785896346644,2.685920322580645,10,6,0,0,0,0,0,0,0,0,1,0,0,0,0,0,0,1,0
2022-10-23,花菜类,38.66,412.96,86,2,239.62640000000002,86,10.681841696844284,2.786353488372093,10,7,0,0,0,0,0,0,0,0,1,0,0,0,0,0,0,0,1
2022-10-24,花菜类,23.031,252.2192,51,2,152.69256000000001,51,10.951291737223743,2.9939717647058828,10,1,0,0,0,0,0,0,0,0,1,0,0,0,0,0,0,0,0
2022-10-25,花菜类,33.984,361.3028,81,2,218.03866000000002,81,10.631556026365347,2.6918353086419757,10,2,0,0,0,0,0,0,0,0,1,0,0,1,0,0,0,0,0
2022-10-26,花菜类,29.875,301.36879999999996,74,2,178.3283,74,10.087658577405856,2.409841891891892,10,3,0,0,0,0,0,0,0,0,1,0,0,0,1,0,0,0,0
2022-10-27,花菜类,21.197,238.564,42,2,152.55738,42,11.254611501627588,3.6323185714285713,10,4,0,0,0,0,0,0,0,0,1,0,0,0,0,1,0,0,0
2022-10-28,花菜类,37.551,337.563,79,2,240.25443,79,8.989454342094751,3.0411953164556964,10,5,0,0,0,0,0,0,0,0,1,0,0,0,0,0,1,0,0
2022-10-29,花菜类,64.488,572.235,136,2,376.72151,136,8.873511350949014,2.7700111029411767,10,6,0,0,0,0,0,0,0,0,1,0,0,0,0,0,0,1,0
2022-10-30,花菜类,76.791,626.6171999999999,173,2,352.12518,173,8.160034379028792,2.0354056647398844,10,7,0,0,0,0,0,0,0,0,1,0,0,0,0,0,0,0,1
2022-10-31,花菜类,47.777,349.751,105,2,206.8652,105,7.320488938192017,1.9701447619047618,10,1,0,0,0,0,0,0,0,0,1,0,0,0,0,0,0,0,0
2022-11-01,花菜类,37.849000000000004,310.83459999999997,91,2,189.64687999999998,91,8.212491743507092,2.0840316483516483,11,2,0,0,0,0,0,0,0,0,0,1,0,1,0,0,0,0,0
2022-11-03,花菜类,63.801,440.0036,146,2,271.46949,146,6.896500054858074,1.8593800684931507,11,4,0,0,0,0,0,0,0,0,0,1,0,0,0,1,0,0,0
2022-11-05,花菜类,70.758,505.9754,151,2,291.4652,151,7.1507871901410445,1.9302331125827814,11,6,0,0,0,0,0,0,0,0,0,1,0,0,0,0,0,1,0
2022-11-06,花菜类,75.888,519.408,144,2,317.39877,144,6.844402277039848,2.204158125,11,7,0,0,0,0,0,0,0,0,0,1,0,0,0,0,0,0,1
2022-11-07,花菜类,47.225,298.7728,97,2,196.5542,97,6.326581259925887,2.0263319587628867,11,1,0,0,0,0,0,0,0,0,0,1,0,0,0,0,0,0,0
2022-11-08,花菜类,41.117,259.1152,86,2,169.14282,86,6.301899457645257,1.966776976744186,11,2,0,0,0,0,0,0,0,0,0,1,0,1,0,0,0,0,0
2022-11-09,花菜类,29.55,195.8784,62,2,130.48968,62,6.628710659898477,2.104672258064516,11,3,0,0,0,0,0,0,0,0,0,1,0,0,1,0,0,0,0
2022-11-10,花菜类,31.734,219.5328,66,2,119.45246999999999,66,6.917905086027605,1.809885909090909,11,4,0,0,0,0,0,0,0,0,0,1,0,0,0,1,0,0,0
2022-11-11,花菜类,44.014,284.4416,93,2,148.97969,93,6.462525560049075,1.6019321505376345,11,5,0,0,0,0,0,0,0,0,0,1,0,0,0,0,1,0,0
2022-11-12,花菜类,52.402,355.1744,117,2,193.54202,117,6.777878706919583,1.6542052991452991,11,6,0,0,0,0,0,0,0,0,0,1,0,0,0,0,0,1,0
2022-11-13,花菜类,50.219,326.152,113,2,182.13334,113,6.494593679682988,1.6117994690265487,11,7,0,0,0,0,0,0,0,0,0,1,0,0,0,0,0,0,1
2022-11-14,花菜类,36.875,229.7488,87,2,127.56707999999999,87,6.230475932203389,1.4662882758620688,11,1,0,0,0,0,0,0,0,0,0,1,0,0,0,0,0,0,0
2022-11-15,花菜类,37.495,232.2964,87,2,148.92229,87,6.195396719562609,1.711750459770115,11,2,0,0,0,0,0,0,0,0,0,1,0,1,0,0,0,0,0
2022-11-16,花菜类,17.937,115.8108,41,2,74.3448,41,6.456531192507108,1.813287804878049,11,3,0,0,0,0,0,0,0,0,0,1,0,0,1,0,0,0,0
2022-11-17,花菜类,38.752,212.821,83,2,107.54016,83,5.491871387283236,1.295664578313253,11,4,0,0,0,0,0,0,0,0,0,1,0,0,0,1,0,0,0
2022-11-18,花菜类,68.424,404.817,143,2,218.29326,143,5.916301297790248,1.5265262937062938,11,5,0,0,0,0,0,0,0,0,0,1,0,0,0,0,1,0,0
2022-11-19,花菜类,122.879,793.6712,257,2,469.4692,257,6.458965323611031,1.8267284046692607,11,6,0,0,0,0,0,0,0,0,0,1,0,0,0,0,0,1,0
2022-11-20,花菜类,97.969,581.4634,206,2,330.09036,206,5.935177454092622,1.6023803883495145,11,7,0,0,0,0,0,0,0,0,0,1,0,0,0,0,0,0,1
2022-11-21,花菜类,131.309,850.3228,252,2,494.65976,252,6.4757389059394255,1.9629355555555557,11,1,0,0,0,0,0,0,0,0,0,1,0,0,0,0,0,0,0
2022-11-22,花菜类,36.972,202.5324,72,2,102.41496000000001,72,5.4779941577409925,1.42243,11,2,0,0,0,0,0,0,0,0,0,1,0,1,0,0,0,0,0
2022-11-23,花菜类,31.84,191.0482,62,2,99.60813,62,6.000257537688443,1.606582741935484,11,3,0,0,0,0,0,0,0,0,0,1,0,0,1,0,0,0,0
2022-11-24,花菜类,31.131,187.5174,61,2,96.7482,61,6.023494266165558,1.5860360655737704,11,4,0,0,0,0,0,0,0,0,0,1,0,0,0,1,0,0,0
2022-11-25,花菜类,46.435,277.921,88,2,176.96085,88,5.985162054484763,2.01091875,11,5,0,0,0,0,0,0,0,0,0,1,0,0,0,0,1,0,0
2022-11-26,花菜类,47.408,265.7438,97,2,65.08373,97,5.6054632129598385,0.6709662886597938,11,6,0,0,0,0,0,0,0,0,0,1,0,0,0,0,0,1,0
2022-11-27,花菜类,3.192,15.3216,7,1,4.6603200000000005,7,4.8,0.66576,11,7,0,0,0,0,0,0,0,0,0,1,0,0,0,0,0,0,1
2022-11-28,花菜类,10.708,56.013999999999996,22,2,19.9997,22,5.231042211430705,0.9090772727272728,11,1,0,0,0,0,0,0,0,0,0,1,0,0,0,0,0,0,0
2022-11-29,花菜类,7.624,40.2934,15,2,14.55842,15,5.285073452256033,0.9705613333333333,11,2,0,0,0,0,0,0,0,0,0,1,0,1,0,0,0,0,0
2022-12-04,花菜类,24.722,125.0522,54,2,41.2128,54,5.0583367041501495,0.7632,12,7,0,0,0,0,0,0,0,0,0,0,1,0,0,0,0,0,1
2022-12-05,花菜类,30.282,145.3536,71,1,44.51454,71,4.8,0.626965352112676,12,1,0,0,0,0,0,0,0,0,0,0,1,0,0,0,0,0,0
2022-12-06,花菜类,33.994,226.36180000000002,68,2,127.55231,68,6.658875095605107,1.8757692647058823,12,2,0,0,0,0,0,0,0,0,0,0,1,1,0,0,0,0,0
2022-12-07,花菜类,24.04,168.28,50,1,103.8528,50,7.0,2.0770560000000002,12,3,0,0,0,0,0,0,0,0,0,0,1,0,1,0,0,0,0
2022-12-08,花菜类,45.265,267.375,94,2,165.5672,94,5.906881696675136,1.7613531914893619,12,4,0,0,0,0,0,0,0,0,0,0,1,0,0,1,0,0,0
2022-12-09,花菜类,35.891,199.91219999999998,84,2,108.35581,84,5.569981332367446,1.289950119047619,12,5,0,0,0,0,0,0,0,0,0,0,1,0,0,0,1,0,0
2022-12-10,花菜类,55.053,304.71479999999997,114,2,186.46992,114,5.534935425862351,1.635701052631579,12,6,0,0,0,0,0,0,0,0,0,0,1,0,0,0,0,1,0
2022-12-11,花菜类,61.213,323.0016,128,2,172.86792,128,5.2766830575204615,1.350530625,12,7,0,0,0,0,0,0,0,0,0,0,1,0,0,0,0,0,1
2022-12-12,花菜类,21.754,110.9436,51,2,56.773619999999994,51,5.099917256596488,1.1132082352941175,12,1,0,0,0,0,0,0,0,0,0,0,1,0,0,0,0,0,0
2022-12-13,花菜类,35.524,201.3252,72,2,141.49937,72,5.667300979619412,1.9652690277777778,12,2,0,0,0,0,0,0,0,0,0,0,1,1,0,0,0,0,0
2022-12-14,花菜类,40.701,250.3956,88,2,152.59437,88,6.1520748875949,1.7340269318181818,12,3,0,0,0,0,0,0,0,0,0,0,1,0,1,0,0,0,0
2022-12-15,花菜类,44.891,271.4558,94,2,164.33585,94,6.046998284734134,1.7482537234042552,12,4,0,0,0,0,0,0,0,0,0,0,1,0,0,1,0,0,0
2022-12-16,花菜类,28.131,190.6338,53,2,131.80569,53,6.776644982403754,2.4868998113207548,12,5,0,0,0,0,0,0,0,0,0,0,1,0,0,0,1,0,0
2022-12-17,花菜类,43.945,306.2752,71,2,222.90856000000002,71,6.969511889862328,3.1395571830985918,12,6,0,0,0,0,0,0,0,0,0,0,1,0,0,0,0,1,0
2022-12-18,花菜类,68.962,404.7022,145,2,260.70796,145,5.86848119254082,1.7979859310344828,12,7,0,0,0,0,0,0,0,0,0,0,1,0,0,0,0,0,1
2022-12-19,花菜类,47.456,265.2482,103,2,171.92684,103,5.589350134861767,1.6691926213592232,12,1,0,0,0,0,0,0,0,0,0,0,1,0,0,0,0,0,0
2022-12-20,花菜类,45.501,294.8592,96,2,189.30591,96,6.48027955429551,1.9719365625,12,2,0,0,0,0,0,0,0,0,0,0,1,1,0,0,0,0,0
2022-12-21,花菜类,72.494,439.84,172,2,294.57934,172,6.067260738819764,1.712670581395349,12,3,0,0,0,0,0,0,0,0,0,0,1,0,1,0,0,0,0
2022-12-22,花菜类,33.671,213.7264,69,2,147.1875,69,6.34749190698227,2.1331521739130435,12,4,0,0,0,0,0,0,0,0,0,0,1,0,0,1,0,0,0
2022-12-23,花菜类,29.486,185.7568,58,2,129.49342000000001,58,6.299830427999728,2.2326451724137932,12,5,0,0,0,0,0,0,0,0,0,0,1,0,0,0,1,0,0
2022-12-24,花菜类,47.279,325.6576,110,2,213.35109,110,6.8879967850419845,1.9395553636363636,12,6,0,0,0,0,0,0,0,0,0,0,1,0,0,0,0,1,0
2022-12-25,花菜类,51.689,349.22799999999995,121,2,230.22142,121,6.756331134283889,1.9026563636363636,12,7,0,0,0,0,0,0,0,0,0,0,1,0,0,0,0,0,1
2022-12-26,花菜类,27.542,186.4888,70,2,128.4262,70,6.771069639096652,1.83466,12,1,0,0,0,0,0,0,0,0,0,0,1,0,0,0,0,0,0
2022-12-27,花菜类,39.024,271.4256,85,2,194.5008,85,6.955350553505534,2.2882447058823527,12,2,0,0,0,0,0,0,0,0,0,0,1,1,0,0,0,0,0
2022-12-28,花菜类,34.687,257.582,72,2,189.85852,72,7.42589442730706,2.636923888888889,12,3,0,0,0,0,0,0,0,0,0,0,1,0,1,0,0,0,0
2022-12-29,花菜类,24.809,184.03879999999998,58,2,132.56251,58,7.418227256237655,2.2855605172413793,12,4,0,0,0,0,0,0,0,0,0,0,1,0,0,1,0,0,0
2022-12-30,花菜类,29.381,192.7732,76,2,130.56517,76,6.561151764745924,1.7179627631578946,12,5,0,0,0,0,0,0,0,0,0,0,1,0,0,0,1,0,0
2022-12-31,花菜类,37.752,312.3792,82,2,218.83320999999998,82,8.274507310870947,2.668697682926829,12,6,0,0,0,0,0,0,0,0,0,0,1,0,0,0,0,1,0
2023-01-01,花菜类,39.38,297.2144,93,2,202.79494,93,7.547343829355002,2.180590752688172,1,7,0,0,0,0,0,0,0,0,0,0,0,0,0,0,0,0,1
2023-01-02,花菜类,35.047,256.6636,81,2,179.08729,81,7.323411418951693,2.210954197530864,1,1,0,0,0,0,0,0,0,0,0,0,0,0,0,0,0,0,0
2023-01-03,花菜类,30.25,322.7444,60,2,167.95009,60,10.669236363636363,2.7991681666666666,1,2,0,0,0,0,0,0,0,0,0,0,0,1,0,0,0,0,0
2023-01-04,花菜类,26.555,281.5824,55,2,152.02879000000001,55,10.603743174543402,2.7641598181818186,1,3,0,0,0,0,0,0,0,0,0,0,0,0,1,0,0,0,0
2023-01-05,花菜类,24.552,260.2036,48,2,144.3066,48,10.598061257738678,3.0063875,1,4,0,0,0,0,0,0,0,0,0,0,0,0,0,1,0,0,0
2023-01-06,花菜类,27.047,291.3,62,2,174.0198,62,10.7701408659001,2.8067709677419357,1,5,0,0,0,0,0,0,0,0,0,0,0,0,0,0,1,0,0
2023-01-07,花菜类,22.914,252.9572,50,2,159.04158,50,11.039416950336038,3.1808316000000003,1,6,0,0,0,0,0,0,0,0,0,0,0,0,0,0,0,1,0
2023-01-08,花菜类,33.395,372.9528,67,2,242.53272,67,11.167923341817637,3.6198913432835824,1,7,0,0,0,0,0,0,0,0,0,0,0,0,0,0,0,0,1
2023-01-09,花菜类,30.413,334.8168,62,2,214.09088,62,11.00900272909611,3.453078709677419,1,1,0,0,0,0,0,0,0,0,0,0,0,0,0,0,0,0,0
2023-01-10,花菜类,14.91,164.0968,34,2,104.71612,34,11.00582159624413,3.0798858823529414,1,2,0,0,0,0,0,0,0,0,0,0,0,1,0,0,0,0,0
2023-01-11,花菜类,30.216,322.39799999999997,62,2,206.45186999999999,62,10.669777601270848,3.3298688709677418,1,3,0,0,0,0,0,0,0,0,0,0,0,0,1,0,0,0,0
2023-01-12,花菜类,27.526,307.4416,52,2,201.28518,52,11.16913463634382,3.8708688461538463,1,4,0,0,0,0,0,0,0,0,0,0,0,0,0,1,0,0,0
2023-01-13,花菜类,28.9,297.18399999999997,59,2,176.941,59,10.28318339100346,2.999,1,5,0,0,0,0,0,0,0,0,0,0,0,0,0,0,1,0,0
2023-01-14,花菜类,52.819,561.112,107,2,337.21218,107,10.623298434275544,3.1515157009345796,1,6,0,0,0,0,0,0,0,0,0,0,0,0,0,0,0,1,0
2023-01-15,花菜类,59.967,616.5472,122,2,365.55837,122,10.281441459469375,2.9963800819672133,1,7,0,0,0,0,0,0,0,0,0,0,0,0,0,0,0,0,1
2023-01-16,花菜类,42.324,425.41679999999997,90,2,266.18324,90,10.05143181173802,2.9575915555555556,1,1,0,0,0,0,0,0,0,0,0,0,0,0,0,0,0,0,0
2023-01-17,花菜类,38.952,402.966,77,2,262.41424,77,10.345194085027726,3.407977142857143,1,2,0,0,0,0,0,0,0,0,0,0,0,1,0,0,0,0,0
2023-01-18,花菜类,56.957,633.1104,102,3,402.91997,102,11.115585441648964,3.9501957843137254,1,3,0,0,0,0,0,0,0,0,0,0,0,0,1,0,0,0,0
2023-01-19,花菜类,104.101,1145.8716,171,3,647.77489,171,11.007306365933085,3.7881572514619886,1,4,0,0,0,0,0,0,0,0,0,0,0,0,0,1,0,0,0
2023-01-20,花菜类,138.786,1563.1508,239,3,890.09972,239,11.263029412188548,3.724266610878661,1,5,0,0,0,0,0,0,0,0,0,0,0,0,0,0,1,0,0
2023-01-22,花菜类,34.134,373.1716,56,2,212.55766,56,10.932548192418118,3.7956725,1,7,0,0,0,0,0,0,0,0,0,0,0,0,0,0,0,0,1
2023-01-23,花菜类,66.018,725.884,110,2,419.95779999999996,110,10.995243721409313,3.8177981818181816,1,1,0,0,0,0,0,0,0,0,0,0,0,0,0,0,0,0,0
2023-01-24,花菜类,89.421,1008.12,161,2,489.38946,161,11.273861844533162,3.0396860869565216,1,2,0,0,0,0,0,0,0,0,0,0,0,1,0,0,0,0,0
2023-01-25,花菜类,114.337,1308.594,190,3,719.58567,190,11.445061528639023,3.7872930000000005,1,3,0,0,0,0,0,0,0,0,0,0,0,0,1,0,0,0,0
2023-01-26,花菜类,60.15,665.7484,114,3,389.34474,114,11.068136325852036,3.4153047368421054,1,4,0,0,0,0,0,0,0,0,0,0,0,0,0,1,0,0,0
2023-01-27,花菜类,69.283,738.0592,124,3,440.10471,124,10.65281815163893,3.5492315322580645,1,5,0,0,0,0,0,0,0,0,0,0,0,0,0,0,1,0,0
2023-01-28,花菜类,43.626,484.664,80,2,274.73830000000004,80,11.109521844771466,3.4342287500000004,1,6,0,0,0,0,0,0,0,0,0,0,0,0,0,0,0,1,0
2023-01-29,花菜类,40.249,436.3428,87,2,264.88944,87,10.841084250540385,3.0447062068965516,1,7,0,0,0,0,0,0,0,0,0,0,0,0,0,0,0,0,1
2023-01-30,花菜类,41.419,399.0628,88,2,271.28511,88,9.634776310388952,3.0827853409090906,1,1,0,0,0,0,0,0,0,0,0,0,0,0,0,0,0,0,0
2023-01-31,花菜类,36.497,353.5876,79,2,240.84895,79,9.688127791325314,3.0487208860759494,1,2,0,0,0,0,0,0,0,0,0,0,0,1,0,0,0,0,0
2023-02-01,花菜类,31.779,308.9788,57,2,204.90787,57,9.72273513955757,3.594874912280702,2,3,1,0,0,0,0,0,0,0,0,0,0,0,1,0,0,0,0
2023-02-02,花菜类,41.376,402.3264,88,2,279.15384,88,9.723665893271463,3.1722027272727273,2,4,1,0,0,0,0,0,0,0,0,0,0,0,0,1,0,0,0
2023-02-03,花菜类,52.783,512.4843999999999,106,2,338.87076,106,9.709270030123333,3.1968939622641512,2,5,1,0,0,0,0,0,0,0,0,0,0,0,0,0,1,0,0
2023-02-04,花菜类,38.898,396.0528,84,2,245.72922,84,10.18182939996915,2.925347857142857,2,6,1,0,0,0,0,0,0,0,0,0,0,0,0,0,0,1,0
2023-02-05,花菜类,37.36,379.1384,79,3,234.33644999999999,79,10.148244111349037,2.9662841772151896,2,7,1,0,0,0,0,0,0,0,0,0,0,0,0,0,0,0,1
2023-02-06,花菜类,33.410000000000004,342.58480000000003,67,2,222.73348,67,10.25395989224783,3.3243802985074624,2,1,1,0,0,0,0,0,0,0,0,0,0,0,0,0,0,0,0
2023-02-07,花菜类,29.992,347.73720000000003,65,2,205.27156,65,11.594331821819152,3.1580239999999997,2,2,1,0,0,0,0,0,0,0,0,0,0,1,0,0,0,0,0
2023-02-08,花菜类,31.284,359.8392,68,2,214.16459999999998,68,11.502339854238588,3.1494794117647054,2,3,1,0,0,0,0,0,0,0,0,0,0,0,1,0,0,0,0
2023-02-09,花菜类,23.666,272.982,55,2,164.88941,55,11.534775627482466,2.997989272727273,2,4,1,0,0,0,0,0,0,0,0,0,0,0,0,1,0,0,0
2023-02-10,花菜类,29.255,341.1096,65,2,204.45332,65,11.65987352589301,3.145435692307692,2,5,1,0,0,0,0,0,0,0,0,0,0,0,0,0,1,0,0
2023-02-11,花菜类,53.417,534.17,109,2,368.36576,109,9.999999999999998,3.3795023853211013,2,6,1,0,0,0,0,0,0,0,0,0,0,0,0,0,0,1,0
2023-02-12,花菜类,47.384,473.84000000000003,105,2,322.43354,105,10.0,3.070795619047619,2,7,1,0,0,0,0,0,0,0,0,0,0,0,0,0,0,0,1
2023-02-13,花菜类,33.601,322.3692,73,2,213.03501,73,9.594035891788934,2.918287808219178,2,1,1,0,0,0,0,0,0,0,0,0,0,0,0,0,0,0,0
2023-02-14,花菜类,35.953,341.4428,82,2,225.73238,82,9.496920980168552,2.7528339024390243,2,2,1,0,0,0,0,0,0,0,0,0,0,1,0,0,0,0,0
2023-02-15,花菜类,28.715,271.1092,65,2,165.35137,65,9.441379070172383,2.543867230769231,2,3,1,0,0,0,0,0,0,0,0,0,0,0,1,0,0,0,0
2023-02-16,花菜类,32.502,305.6672,70,2,186.47244,70,9.40456587286936,2.663892,2,4,1,0,0,0,0,0,0,0,0,0,0,0,0,1,0,0,0
2023-02-17,花菜类,37.158,351.17359999999996,83,3,207.63808,83,9.450820819204477,2.5016636144578315,2,5,1,0,0,0,0,0,0,0,0,0,0,0,0,0,1,0,0
2023-02-18,花菜类,45.948,430.5696,109,2,258.18005999999997,109,9.370801775920606,2.3686244036697244,2,6,1,0,0,0,0,0,0,0,0,0,0,0,0,0,0,1,0
2023-02-19,花菜类,35.059,328.90439999999995,81,2,199.49227,81,9.38145412019738,2.4628675308641976,2,7,1,0,0,0,0,0,0,0,0,0,0,0,0,0,0,0,1
2023-02-20,花菜类,23.543,220.11319999999998,51,2,135.29366,51,9.34941171473474,2.6528168627450976,2,1,1,0,0,0,0,0,0,0,0,0,0,0,0,0,0,0,0
2023-02-21,花菜类,28.724,250.2654,70,3,154.58822,70,8.712762846400222,2.208403142857143,2,2,1,0,0,0,0,0,0,0,0,0,0,1,0,0,0,0,0
2023-02-22,花菜类,24.656,215.96439999999998,53,2,131.75030999999998,53,8.759101232965607,2.485854905660377,2,3,1,0,0,0,0,0,0,0,0,0,0,0,1,0,0,0,0
2023-02-23,花菜类,25.902,220.42999999999998,53,3,139.24814,53,8.510153656088331,2.6273233962264153,2,4,1,0,0,0,0,0,0,0,0,0,0,0,0,1,0,0,0
2023-02-24,花菜类,28.971,256.674,59,2,162.25433999999998,59,8.859687273480375,2.7500735593220336,2,5,1,0,0,0,0,0,0,0,0,0,0,0,0,0,1,0,0
2023-02-25,花菜类,42.154,369.2252,91,2,231.17248,91,8.758960003795606,2.540356923076923,2,6,1,0,0,0,0,0,0,0,0,0,0,0,0,0,0,1,0
2023-02-26,花菜类,42.597,376.662,86,2,239.05461,86,8.842453693922106,2.7797047674418605,2,7,1,0,0,0,0,0,0,0,0,0,0,0,0,0,0,0,1
2023-02-27,花菜类,13.221,121.63319999999999,33,1,83.42451,33,9.2,2.5280154545454545,2,1,1,0,0,0,0,0,0,0,0,0,0,0,0,0,0,0,0
2023-02-28,花菜类,26.816,230.60559999999998,55,2,153.10456,55,8.599552505966587,2.7837192727272724,2,2,1,0,0,0,0,0,0,0,0,0,0,1,0,0,0,0,0
2023-03-01,花菜类,21.744,191.088,51,2,131.48352,51,8.788079470198676,2.578108235294118,3,3,0,1,0,0,0,0,0,0,0,0,0,0,1,0,0,0,0
2023-03-02,花菜类,23.067,204.7668,51,2,143.96791000000002,51,8.877045129405644,2.822900196078432,3,4,0,1,0,0,0,0,0,0,0,0,0,0,0,1,0,0,0
2023-03-03,花菜类,29.401,267.5848,65,2,191.50047,65,9.101214244413454,2.946161076923077,3,5,0,1,0,0,0,0,0,0,0,0,0,0,0,0,1,0,0
2023-03-04,花菜类,32.341,293.2124,64,2,211.48449,64,9.066275006957113,3.30444515625,3,6,0,1,0,0,0,0,0,0,0,0,0,0,0,0,0,1,0
2023-03-05,花菜类,43.567,396.38239999999996,92,2,285.40003,92,9.09822572130282,3.1021742391304348,3,7,0,1,0,0,0,0,0,0,0,0,0,0,0,0,0,0,1
2023-03-06,花菜类,18.623,168.9756,42,2,118.76458,42,9.073489770713632,2.827728095238095,3,1,0,1,0,0,0,0,0,0,0,0,0,0,0,0,0,0,0
2023-03-07,花菜类,25.548000000000002,233.3928,62,2,168.76326,62,9.135462658525128,2.721988064516129,3,2,0,1,0,0,0,0,0,0,0,0,0,1,0,0,0,0,0
2023-03-08,花菜类,17.74,159.3616,40,2,105.44536000000001,40,8.983179255918829,2.636134,3,3,0,1,0,0,0,0,0,0,0,0,0,0,1,0,0,0,0
2023-03-09,花菜类,19.79,179.236,47,2,120.4265,47,9.05689742294088,2.5622659574468085,3,4,0,1,0,0,0,0,0,0,0,0,0,0,0,1,0,0,0
2023-03-10,花菜类,6.6,58.888000000000005,15,2,35.7982,15,8.922424242424244,2.386546666666667,3,5,0,1,0,0,0,0,0,0,0,0,0,0,0,0,1,0,0
2023-03-11,花菜类,14.786,130.1168,33,1,73.93,33,8.8,2.2403030303030307,3,6,0,1,0,0,0,0,0,0,0,0,0,0,0,0,0,1,0
2023-03-12,花菜类,14.147,124.49360000000001,34,1,71.15941000000001,34,8.8,2.092923823529412,3,7,0,1,0,0,0,0,0,0,0,0,0,0,0,0,0,0,1
2023-03-13,花菜类,7.536,66.3168,17,1,37.303200000000004,17,8.8,2.1943058823529413,3,1,0,1,0,0,0,0,0,0,0,0,0,0,0,0,0,0,0
2023-03-14,花菜类,7.774,68.41120000000001,16,1,31.40696,16,8.8,1.962935,3,2,0,1,0,0,0,0,0,0,0,0,0,1,0,0,0,0,0
2023-03-15,花菜类,6.623,58.2824,15,1,30.13465,15,8.8,2.008976666666667,3,3,0,1,0,0,0,0,0,0,0,0,0,0,1,0,0,0,0
2023-03-16,花菜类,27.737000000000002,251.3532,64,2,187.26086,64,9.0620182427804,2.9259509375,3,4,0,1,0,0,0,0,0,0,0,0,0,0,0,1,0,0,0
2023-03-17,花菜类,41.379,397.53000000000003,102,2,292.7481,102,9.607047052852897,2.870079411764706,3,5,0,1,0,0,0,0,0,0,0,0,0,0,0,0,1,0,0
2023-03-18,花菜类,59.217,568.8216,137,2,412.97093,137,9.605714575206445,3.0143863503649637,3,6,0,1,0,0,0,0,0,0,0,0,0,0,0,0,0,1,0
2023-03-19,花菜类,49.399,478.3444,104,2,363.65458,104,9.683281038077693,3.496678653846154,3,7,0,1,0,0,0,0,0,0,0,0,0,0,0,0,0,0,1
2023-03-20,花菜类,32.76,313.8576,80,2,236.58712,80,9.580512820512821,2.957339,3,1,0,1,0,0,0,0,0,0,0,0,0,0,0,0,0,0,0
2023-03-21,花菜类,33.645,313.95000000000005,75,2,257.202,75,9.331252786446724,3.42936,3,2,0,1,0,0,0,0,0,0,0,0,0,1,0,0,0,0,0
2023-03-22,花菜类,25.472,263.9544,56,2,201.89816,56,10.362531407035176,3.6053242857142855,3,3,0,1,0,0,0,0,0,0,0,0,0,0,1,0,0,0,0
2023-03-23,花菜类,25.426,278.1782,55,2,203.56603,55,10.940698497600883,3.7012005454545456,3,4,0,1,0,0,0,0,0,0,0,0,0,0,0,1,0,0,0
2023-03-24,花菜类,25.198,275.3988,57,2,210.80912,57,10.929391221525517,3.698405614035088,3,5,0,1,0,0,0,0,0,0,0,0,0,0,0,0,1,0,0
2023-03-25,花菜类,24.481,267.5144,58,2,190.58593,58,10.927429435072098,3.2859643103448275,3,6,0,1,0,0,0,0,0,0,0,0,0,0,0,0,0,1,0
2023-03-26,花菜类,40.894,445.3842,89,2,308.79199,89,10.89118697119382,3.4695729213483144,3,7,0,1,0,0,0,0,0,0,0,0,0,0,0,0,0,0,1
2023-03-27,花菜类,18.117,197.9358,44,2,137.41896,44,10.92541811558205,3.123158181818182,3,1,0,1,0,0,0,0,0,0,0,0,0,0,0,0,0,0,0
2023-03-28,花菜类,15.972,174.15300000000002,39,2,121.07939999999999,39,10.903643876784374,3.1046,3,2,0,1,0,0,0,0,0,0,0,0,0,1,0,0,0,0,0
2023-03-29,花菜类,23.485,256.5874,55,2,178.13648,55,10.925586544602938,3.238845090909091,3,3,0,1,0,0,0,0,0,0,0,0,0,0,1,0,0,0,0
2023-03-30,花菜类,23.327,255.1396,55,2,178.37825,55,10.937523041968534,3.2432409090909093,3,4,0,1,0,0,0,0,0,0,0,0,0,0,0,1,0,0,0
2023-03-31,花菜类,27.511,300.17060000000004,65,2,210.9214,65,10.910930173385193,3.2449446153846155,3,5,0,1,0,0,0,0,0,0,0,0,0,0,0,0,1,0,0
2023-04-01,花菜类,33.443,365.71160000000003,72,2,255.35557,72,10.935370630625245,3.546605138888889,4,6,0,0,1,0,0,0,0,0,0,0,0,0,0,0,0,1,0
2023-04-02,花菜类,37.634,411.2446,79,2,307.03478,79,10.927475155444544,3.8865162025316455,4,7,0,0,1,0,0,0,0,0,0,0,0,0,0,0,0,0,1
2023-04-03,花菜类,15.722,172.46620000000001,35,2,124.76858,35,10.969736674723318,3.5648165714285716,4,1,0,0,1,0,0,0,0,0,0,0,0,0,0,0,0,0,0
2023-04-04,花菜类,18.145,198.79,41,2,150.06075,41,10.955635161201434,3.660018292682927,4,2,0,0,1,0,0,0,0,0,0,0,0,1,0,0,0,0,0
2023-04-05,花菜类,35.593,388.81440000000003,80,2,310.1599,80,10.923900767004747,3.87699875,4,3,0,0,1,0,0,0,0,0,0,0,0,0,1,0,0,0,0
2023-04-06,花菜类,21.953,271.45,49,2,187.49686,49,12.365052612399216,3.8264665306122447,4,4,0,0,1,0,0,0,0,0,0,0,0,0,0,1,0,0,0
2023-04-07,花菜类,28.696,342.065,60,2,227.45745,60,11.920302481182045,3.7909574999999998,4,5,0,0,1,0,0,0,0,0,0,0,0,0,0,0,1,0,0
2023-04-08,花菜类,32.245,373.889,68,2,252.53467999999998,68,11.595255078306716,3.713745294117647,4,6,0,0,1,0,0,0,0,0,0,0,0,0,0,0,0,1,0
2023-04-09,花菜类,27.396,301.356,57,2,211.58079999999998,57,11.0,3.7119438596491223,4,7,0,0,1,0,0,0,0,0,0,0,0,0,0,0,0,0,1
2023-04-10,花菜类,17.58,181.449,40,2,133.56513,40,10.32133105802048,3.3391282500000004,4,1,0,0,1,0,0,0,0,0,0,0,0,0,0,0,0,0,0
2023-04-11,花菜类,13.663,140.5,29,2,103.9011,29,10.283246724731026,3.582796551724138,4,2,0,0,1,0,0,0,0,0,0,0,0,1,0,0,0,0,0
2023-04-12,花菜类,16.389,167.174,31,2,123.8934,31,10.200378302519983,3.9965612903225805,4,3,0,0,1,0,0,0,0,0,0,0,0,0,1,0,0,0,0
2023-04-13,花菜类,16.783,172.127,35,2,124.59080999999999,35,10.256032890424834,3.5597374285714283,4,4,0,0,1,0,0,0,0,0,0,0,0,0,0,1,0,0,0
2023-04-14,花菜类,15.344,183.01500000000001,29,2,117.71319,29,11.927463503649637,4.0590755172413795,4,5,0,0,1,0,0,0,0,0,0,0,0,0,0,0,1,0,0
2023-04-15,花菜类,20.852,227.964,45,2,153.90855,45,10.932476501055055,3.42019,4,6,0,0,1,0,0,0,0,0,0,0,0,0,0,0,0,1,0
2023-04-16,花菜类,23.472,243.264,50,2,164.36159999999998,50,10.3640081799591,3.2872319999999995,4,7,0,0,1,0,0,0,0,0,0,0,0,0,0,0,0,0,1
2023-04-17,花菜类,13.52,149.824,31,2,97.0752,31,11.08165680473373,3.1314580645161287,4,1,0,0,1,0,0,0,0,0,0,0,0,0,0,0,0,0,0
2023-04-18,花菜类,16.779,178.784,38,2,114.79935,38,10.655223791644318,3.0210355263157895,4,2,0,0,1,0,0,0,0,0,0,0,0,1,0,0,0,0,0
2023-04-19,花菜类,19.103,206.372,41,2,133.47692,41,10.803119928806993,3.2555346341463416,4,3,0,0,1,0,0,0,0,0,0,0,0,0,1,0,0,0,0
2023-04-20,花菜类,17.143,180.136,39,2,120.23649999999999,39,10.507845767951933,3.0829871794871795,4,4,0,0,1,0,0,0,0,0,0,0,0,0,0,1,0,0,0
2023-04-21,花菜类,25.29,267.636,56,2,178.88201999999998,56,10.582680901542112,3.1943217857142856,4,5,0,0,1,0,0,0,0,0,0,0,0,0,0,0,1,0,0
2023-04-22,花菜类,38.079,397.392,84,2,264.30521999999996,84,10.435988340029937,3.1464907142857137,4,6,0,0,1,0,0,0,0,0,0,0,0,0,0,0,0,1,0
2023-04-23,花菜类,21.763,257.2008,47,2,175.73739999999998,47,11.818260350135551,3.7390936170212763,4,7,0,0,1,0,0,0,0,0,0,0,0,0,0,0,0,0,1
2023-04-24,花菜类,16.823,177.2712,38,2,119.2387,38,10.537430898175117,3.1378605263157895,4,1,0,0,1,0,0,0,0,0,0,0,0,0,0,0,0,0,0
2023-04-25,花菜类,15.89,158.16,36,2,105.095,36,9.953429830081811,2.9193055555555554,4,2,0,0,1,0,0,0,0,0,0,0,0,1,0,0,0,0,0
2023-04-26,花菜类,21.236,203.6784,48,2,142.1642,48,9.591184780561312,2.9617541666666667,4,3,0,0,1,0,0,0,0,0,0,0,0,0,1,0,0,0,0
2023-04-27,花菜类,14.24,145.2768,35,2,102.20617999999999,35,10.202022471910112,2.9201765714285712,4,4,0,0,1,0,0,0,0,0,0,0,0,0,0,1,0,0,0
2023-04-28,花菜类,22.806,229.644,53,2,167.41673999999998,53,10.069455406471981,3.158806415094339,4,5,0,0,1,0,0,0,0,0,0,0,0,0,0,0,1,0,0
2023-04-29,花菜类,27.577,266.744,66,2,206.5565,66,9.672698263045291,3.1296439393939393,4,6,0,0,1,0,0,0,0,0,0,0,0,0,0,0,0,1,0
2023-04-30,花菜类,24.85,253.869,50,2,192.09617,50,10.216056338028169,3.8419234,4,7,0,0,1,0,0,0,0,0,0,0,0,0,0,0,0,0,1
2023-05-01,花菜类,29.389,293.397,66,2,227.95018,66,9.98322501616251,3.453790606060606,5,1,0,0,0,1,0,0,0,0,0,0,0,0,0,0,0,0,0
2023-05-02,花菜类,21.64,227.601,46,2,161.88702,46,10.51760628465804,3.519283043478261,5,2,0,0,0,1,0,0,0,0,0,0,0,1,0,0,0,0,0
2023-05-03,花菜类,32.371,336.015,70,2,216.39752000000001,70,10.380124185227517,3.091393142857143,5,3,0,0,0,1,0,0,0,0,0,0,0,0,1,0,0,0,0
2023-05-04,花菜类,32.116,330.51300000000003,71,2,222.13631999999998,71,10.291225557354592,3.1286805633802817,5,4,0,0,0,1,0,0,0,0,0,0,0,0,0,1,0,0,0
2023-05-05,花菜类,28.675,296.607,57,2,205.15166,57,10.343748910200524,3.5991519298245613,5,5,0,0,0,1,0,0,0,0,0,0,0,0,0,0,1,0,0
2023-05-06,花菜类,32.256,319.332,69,2,196.62944,69,9.899925595238095,2.849702028985507,5,6,0,0,0,1,0,0,0,0,0,0,0,0,0,0,0,1,0
2023-05-07,花菜类,54.158,570.003,113,2,350.70392,113,10.524816278296836,3.103574513274336,5,7,0,0,0,1,0,0,0,0,0,0,0,0,0,0,0,0,1
2023-05-08,花菜类,17.863,202.356,40,2,134.64434,40,11.328220343727258,3.3661085,5,1,0,0,0,1,0,0,0,0,0,0,0,0,0,0,0,0,0
2023-05-09,花菜类,25.81,257.9568,60,2,167.88196,60,9.994451762882603,2.7980326666666664,5,2,0,0,0,1,0,0,0,0,0,0,0,1,0,0,0,0,0
2023-05-10,花菜类,26.422,264.2208,55,2,171.98587,55,10.000030277798803,3.1270158181818184,5,3,0,0,0,1,0,0,0,0,0,0,0,0,1,0,0,0,0
2023-05-11,花菜类,21.514,217.8624,45,2,142.64843,45,10.126540857116296,3.169965111111111,5,4,0,0,0,1,0,0,0,0,0,0,0,0,0,1,0,0,0
2023-05-12,花菜类,21.102,197.72,47,2,153.47732,47,9.369727987868448,3.265474893617021,5,5,0,0,0,1,0,0,0,0,0,0,0,0,0,0,1,0,0
2023-05-13,花菜类,44.556,391.6292,92,2,285.71376999999995,92,8.789595116258193,3.1055844565217385,5,6,0,0,0,1,0,0,0,0,0,0,0,0,0,0,0,1,0
2023-05-14,花菜类,43.642,374.47,81,2,262.55429,81,8.580495852619038,3.2414109876543207,5,7,0,0,0,1,0,0,0,0,0,0,0,0,0,0,0,0,1
2023-05-15,花菜类,26.535,271.4136,57,2,174.92118,57,10.228513284341435,3.068792631578947,5,1,0,0,0,1,0,0,0,0,0,0,0,0,0,0,0,0,0
2023-05-16,花菜类,25.394,271.536,47,2,178.14821,47,10.692919587304088,3.7903874468085106,5,2,0,0,0,1,0,0,0,0,0,0,0,1,0,0,0,0,0
2023-05-17,花菜类,16.59,183.792,39,2,121.8567,39,11.078481012658228,3.1245307692307693,5,3,0,0,0,1,0,0,0,0,0,0,0,0,1,0,0,0,0
2023-05-18,花菜类,20.407,224.0952,44,2,154.23573,44,10.981290733571814,3.5053574999999997,5,4,0,0,0,1,0,0,0,0,0,0,0,0,0,1,0,0,0
2023-05-19,花菜类,18.183,189.3624,38,2,131.23362999999998,38,10.414255073420229,3.453516578947368,5,5,0,0,0,1,0,0,0,0,0,0,0,0,0,0,1,0,0
2023-05-20,花菜类,24.448,258.1728,51,2,187.8604,51,10.560078534031414,3.6835372549019607,5,6,0,0,0,1,0,0,0,0,0,0,0,0,0,0,0,1,0
2023-05-21,花菜类,29.13,298.572,62,2,221.19654,62,10.249639546858909,3.567686129032258,5,7,0,0,0,1,0,0,0,0,0,0,0,0,0,0,0,0,1
2023-05-22,花菜类,14.031,152.68,33,2,115.43775000000001,33,10.881619271612857,3.4981136363636365,5,1,0,0,0,1,0,0,0,0,0,0,0,0,0,0,0,0,0
2023-05-23,花菜类,19.667,213.988,39,2,161.09782,39,10.880561346417856,4.1307133333333335,5,2,0,0,0,1,0,0,0,0,0,0,0,1,0,0,0,0,0
2023-05-24,花菜类,15.923,178.796,35,2,135.25172,35,11.228788544872197,3.8643348571428575,5,3,0,0,0,1,0,0,0,0,0,0,0,0,1,0,0,0,0
2023-05-25,花菜类,14.078,129.401,31,2,112.7393,31,9.191717573518966,3.636751612903226,5,4,0,0,0,1,0,0,0,0,0,0,0,0,0,1,0,0,0
2023-05-26,花菜类,23.304,246.4064,53,2,197.95248,53,10.57356676965328,3.7349524528301887,5,5,0,0,0,1,0,0,0,0,0,0,0,0,0,0,1,0,0
2023-05-27,花菜类,41.279,429.4078,86,2,350.70795000000004,86,10.402572736742654,4.0779994186046515,5,6,0,0,0,1,0,0,0,0,0,0,0,0,0,0,0,1,0
2023-05-28,花菜类,33.111,377.31719999999996,70,2,292.01063999999997,70,11.39552414605418,4.171580571428571,5,7,0,0,0,1,0,0,0,0,0,0,0,0,0,0,0,0,1
2023-05-29,花菜类,16.312,214.2842,39,2,146.44164,39,13.136598822952427,3.7549138461538463,5,1,0,0,0,1,0,0,0,0,0,0,0,0,0,0,0,0,0
2023-05-30,花菜类,14.652000000000001,201.923,33,2,143.85538,33,13.78125853125853,4.359253939393939,5,2,0,0,0,1,0,0,0,0,0,0,0,1,0,0,0,0,0
2023-05-31,花菜类,16.723,228.404,43,2,164.68189999999998,43,13.658075704120074,3.8298116279069765,5,3,0,0,0,1,0,0,0,0,0,0,0,0,1,0,0,0,0
2023-06-01,花菜类,19.364,265.101,47,2,192.12572,47,13.69040487502582,4.087781276595745,6,4,0,0,0,0,1,0,0,0,0,0,0,0,0,1,0,0,0
2023-06-02,花菜类,16.172,223.033,49,2,164.64928,49,13.791305960920107,3.3601893877551023,6,5,0,0,0,0,1,0,0,0,0,0,0,0,0,0,1,0,0
2023-06-03,花菜类,33.243,457.14799999999997,81,2,328.60056000000003,81,13.751707126312304,4.056797037037037,6,6,0,0,0,0,1,0,0,0,0,0,0,0,0,0,0,1,0
2023-06-04,花菜类,25.117,346.953,63,2,242.23593999999997,63,13.813472946609865,3.8450149206349202,6,7,0,0,0,0,1,0,0,0,0,0,0,0,0,0,0,0,1
2023-06-05,花菜类,22.57,308.696,56,2,210.38309999999998,56,13.677270713336288,3.756841071428571,6,1,0,0,0,0,1,0,0,0,0,0,0,0,0,0,0,0,0
2023-06-06,花菜类,21.351,297.789,53,2,211.18149,53,13.94730925951946,3.9845564150943398,6,2,0,0,0,0,1,0,0,0,0,0,0,1,0,0,0,0,0
2023-06-07,花菜类,11.835,179.892,32,1,117.6399,32,15.2,3.676246875,6,3,0,0,0,0,1,0,0,0,0,0,0,0,1,0,0,0,0
2023-06-08,花菜类,15.446,232.016,35,2,155.5559,35,15.021105787906254,4.444454285714286,6,4,0,0,0,0,1,0,0,0,0,0,0,0,0,1,0,0,0
2023-06-09,花菜类,13.684,203.456,26,2,144.39916,26,14.868167202572348,5.5538138461538455,6,5,0,0,0,0,1,0,0,0,0,0,0,0,0,0,1,0,0
2023-06-10,花菜类,26.311,386.48519999999996,59,2,275.4826,59,14.689111018205312,4.669196610169491,6,6,0,0,0,0,1,0,0,0,0,0,0,0,0,0,0,1,0
2023-06-11,花菜类,25.002,362.09819999999996,55,2,250.62518999999998,55,14.482769378449722,4.556821636363636,6,7,0,0,0,0,1,0,0,0,0,0,0,0,0,0,0,0,1
2023-06-12,花菜类,15.725,219.0704,33,2,146.1352,33,13.931344992050875,4.428339393939394,6,1,0,0,0,0,1,0,0,0,0,0,0,0,0,0,0,0,0
2023-06-13,花菜类,10.189,154.87279999999998,27,1,105.55803999999999,27,15.199999999999998,3.9095570370370365,6,2,0,0,0,0,1,0,0,0,0,0,0,1,0,0,0,0,0
2023-06-14,花菜类,9.175,138.8506,21,2,94.81201,21,15.133580381471386,4.5148576190476195,6,3,0,0,0,0,1,0,0,0,0,0,0,0,1,0,0,0,0
2023-06-15,花菜类,9.461,141.7898,19,2,97.23651,19,14.986766726561676,5.117711052631579,6,4,0,0,0,0,1,0,0,0,0,0,0,0,0,1,0,0,0
2023-06-16,花菜类,22.692,310.35,43,3,207.39616,43,13.676626123744052,4.823166511627907,6,5,0,0,0,0,1,0,0,0,0,0,0,0,0,0,1,0,0
2023-06-17,花菜类,26.791,407.22319999999996,56,1,264.42717,56,15.2,4.72191375,6,6,0,0,0,0,1,0,0,0,0,0,0,0,0,0,0,1,0
2023-06-18,花菜类,23.098,348.2312,51,2,225.90782000000002,51,15.076249025889688,4.429565098039216,6,7,0,0,0,0,1,0,0,0,0,0,0,0,0,0,0,0,1
2023-06-19,花菜类,12.363,187.9176,25,1,118.19028,25,15.2,4.7276112,6,1,0,0,0,0,1,0,0,0,0,0,0,0,0,0,0,0,0
2023-06-20,花菜类,13.919,209.518,28,2,131.31712000000002,28,15.052661829154394,4.689897142857143,6,2,0,0,0,0,1,0,0,0,0,0,0,1,0,0,0,0,0
2023-06-21,花菜类,16.697,220.4004,36,1,156.45089,36,13.2,4.3458580555555555,6,3,0,0,0,0,1,0,0,0,0,0,0,0,1,0,0,0,0
2023-06-22,花菜类,17.912,250.768,38,1,164.79039999999998,38,14.0,4.33658947368421,6,4,0,0,0,0,1,0,0,0,0,0,0,0,0,1,0,0,0
2023-06-23,花菜类,9.279,129.906,22,1,86.01633,22,14.0,3.9098331818181817,6,5,0,0,0,0,1,0,0,0,0,0,0,0,0,0,1,0,0
2023-06-24,花菜类,11.548,161.672,27,2,100.41083,27,14.0,3.71891962962963,6,6,0,0,0,0,1,0,0,0,0,0,0,0,0,0,0,1,0
2023-06-25,花菜类,10.681,149.534,26,1,87.05015,26,14.0,3.3480826923076923,6,7,0,0,0,0,1,0,0,0,0,0,0,0,0,0,0,0,1
2023-06-26,花菜类,8.083,113.162,20,1,64.17902000000001,20,14.0,3.2089510000000003,6,1,0,0,0,0,1,0,0,0,0,0,0,0,0,0,0,0,0
2023-06-27,花菜类,14.272,171.264,28,1,111.3216,28,12.0,3.9757714285714285,6,2,0,0,0,0,1,0,0,0,0,0,0,1,0,0,0,0,0
2023-06-28,花菜类,16.069,198.16400000000002,36,2,126.35737,36,12.332067956935717,3.5099269444444445,6,3,0,0,0,0,1,0,0,0,0,0,0,0,1,0,0,0,0
2023-06-29,花菜类,23.272000000000002,283.304,50,2,187.082,50,12.173599174974216,3.74164,6,4,0,0,0,0,1,0,0,0,0,0,0,0,0,1,0,0,0
2023-06-30,花菜类,24.080000000000002,282.62,52,2,188.5112,52,11.736710963455149,3.6252153846153847,6,5,0,0,0,0,1,0,0,0,0,0,0,0,0,0,1,0,0
2020-07-01,茄类,35.374,176.818,60,2,144.72834999999998,60,4.998529993780743,2.4121391666666665,7,3,0,0,0,0,0,1,0,0,0,0,0,0,1,0,0,0,0
2020-07-02,茄类,32.199,172.092,56,2,79.62686000000001,56,5.344638032237027,1.4219082142857145,7,4,0,0,0,0,0,1,0,0,0,0,0,0,0,1,0,0,0
2020-07-03,茄类,35.896,196.243,57,2,142.29532,57,5.466987965232895,2.4964091228070178,7,5,0,0,0,0,0,1,0,0,0,0,0,0,0,0,1,0,0
2020-07-04,茄类,57.067,327.403,99,2,177.76086,99,5.7371685913049575,1.7955642424242424,7,6,0,0,0,0,0,1,0,0,0,0,0,0,0,0,0,1,0
2020-07-05,茄类,60.942,403.455,109,3,243.36384,109,6.620311115486856,2.2326957798165137,7,7,0,0,0,0,0,1,0,0,0,0,0,0,0,0,0,0,1
2020-07-06,茄类,30.727,201.412,57,3,102.02501,57,6.554886581833567,1.7899124561403508,7,1,0,0,0,0,0,1,0,0,0,0,0,0,0,0,0,0,0
2020-07-07,茄类,32.112,186.848,56,2,105.2496,56,5.818634778276034,1.879457142857143,7,2,0,0,0,0,0,1,0,0,0,0,0,1,0,0,0,0,0
2020-07-08,茄类,39.094,228.424,63,2,137.21004,63,5.842942651046196,2.1779371428571426,7,3,0,0,0,0,0,1,0,0,0,0,0,0,1,0,0,0,0
2020-07-09,茄类,25.921,205.51999999999998,48,3,101.05523,48,7.928706454226303,2.1053172916666667,7,4,0,0,0,0,0,1,0,0,0,0,0,0,0,1,0,0,0
2020-07-10,茄类,34.162,241.684,56,3,155.7515,56,7.074644341666179,2.7812767857142857,7,5,0,0,0,0,0,1,0,0,0,0,0,0,0,0,1,0,0
2020-07-11,茄类,60.323,359.14799999999997,103,2,227.27608999999998,103,5.9537489846327265,2.206563980582524,7,6,0,0,0,0,0,1,0,0,0,0,0,0,0,0,0,1,0
2020-07-12,茄类,73.13,528.386,118,3,312.41517,118,7.225297415561329,2.647586186440678,7,7,0,0,0,0,0,1,0,0,0,0,0,0,0,0,0,0,1
2020-07-13,茄类,43.262,300.898,77,3,174.4209,77,6.955249410568166,2.2652064935064935,7,1,0,0,0,0,0,1,0,0,0,0,0,0,0,0,0,0,0
2020-07-14,茄类,31.76,209.65800000000002,60,3,122.22252999999999,60,6.601322418136021,2.0370421666666667,7,2,0,0,0,0,0,1,0,0,0,0,0,1,0,0,0,0,0
2020-07-15,茄类,37.756,271.6934,69,3,153.48084,69,7.196032418688421,2.22436,7,3,0,0,0,0,0,1,0,0,0,0,0,0,1,0,0,0,0
2020-07-16,茄类,24.031,178.9112,49,3,98.19466,49,7.445016853231244,2.0039726530612243,7,4,0,0,0,0,0,1,0,0,0,0,0,0,0,1,0,0,0
2020-07-17,茄类,32.499,257.2918,61,3,147.01021,61,7.916914366595895,2.410003442622951,7,5,0,0,0,0,0,1,0,0,0,0,0,0,0,0,1,0,0
2020-07-18,茄类,48.153,342.49559999999997,81,3,188.01416,81,7.112653417232571,2.3211624691358024,7,6,0,0,0,0,0,1,0,0,0,0,0,0,0,0,0,1,0
2020-07-19,茄类,59.817,477.778,105,3,263.80764999999997,105,7.987328017118879,2.512453809523809,7,7,0,0,0,0,0,1,0,0,0,0,0,0,0,0,0,0,1
2020-07-20,茄类,30.078,251.45,56,3,131.47596,56,8.359930846465856,2.3477849999999996,7,1,0,0,0,0,0,1,0,0,0,0,0,0,0,0,0,0,0
2020-07-21,茄类,25.59,197.0276,49,3,109.93542,49,7.699398202422822,2.2435799999999997,7,2,0,0,0,0,0,1,0,0,0,0,0,1,0,0,0,0,0
2020-07-22,茄类,46.498,359.2788,84,3,190.76296,84,7.726758140135059,2.270987619047619,7,3,0,0,0,0,0,1,0,0,0,0,0,0,1,0,0,0,0
2020-07-23,茄类,40.714,319.7556,65,3,176.61182,65,7.853701429483716,2.717104923076923,7,4,0,0,0,0,0,1,0,0,0,0,0,0,0,1,0,0,0
2020-07-24,茄类,32.416,270.2736,50,3,155.84904,50,8.33766041461007,3.1169808,7,5,0,0,0,0,0,1,0,0,0,0,0,0,0,0,1,0,0
2020-07-25,茄类,49.419,358.85319999999996,89,3,233.9135,89,7.261441955523179,2.6282415730337076,7,6,0,0,0,0,0,1,0,0,0,0,0,0,0,0,0,1,0
2020-07-26,茄类,61.884,471.0168,99,3,290.24188,99,7.611285631180919,2.9317361616161612,7,7,0,0,0,0,0,1,0,0,0,0,0,0,0,0,0,0,1
2020-07-27,茄类,30.576,232.9424,49,3,149.36808,49,7.618472004186289,3.048328163265306,7,1,0,0,0,0,0,1,0,0,0,0,0,0,0,0,0,0,0
2020-07-28,茄类,33.677,268.186,51,3,166.83366,51,7.963476556700418,3.271248235294118,7,2,0,0,0,0,0,1,0,0,0,0,0,1,0,0,0,0,0
2020-07-29,茄类,35.535,284.44,59,3,173.04929,59,8.0045026030674,2.9330388135593224,7,3,0,0,0,0,0,1,0,0,0,0,0,0,1,0,0,0,0
2020-07-30,茄类,40.509,318.622,71,3,195.71698,71,7.865461996099633,2.7565771830985915,7,4,0,0,0,0,0,1,0,0,0,0,0,0,0,1,0,0,0
2020-07-31,茄类,34.092,265.107,53,3,163.00838000000002,53,7.776223160858853,3.075629811320755,7,5,0,0,0,0,0,1,0,0,0,0,0,0,0,0,1,0,0
2020-08-01,茄类,45.654,335.528,85,3,202.3995,85,7.349366977701844,2.381170588235294,8,6,0,0,0,0,0,0,1,0,0,0,0,0,0,0,0,1,0
2020-08-02,茄类,50.893,352.942,93,3,217.69269,93,6.934981235140393,2.3407816129032257,8,7,0,0,0,0,0,0,1,0,0,0,0,0,0,0,0,0,1
2020-08-03,茄类,45.191,302.953,82,3,173.03303,82,6.703834834369674,2.110158902439024,8,1,0,0,0,0,0,0,1,0,0,0,0,0,0,0,0,0,0
2020-08-04,茄类,30.591,228.636,56,3,117.24104,56,7.4739629302736095,2.09359,8,2,0,0,0,0,0,0,1,0,0,0,0,1,0,0,0,0,0
2020-08-05,茄类,49.472,368.65,85,3,200.24669,85,7.451689844760672,2.355843411764706,8,3,0,0,0,0,0,0,1,0,0,0,0,0,1,0,0,0,0
2020-08-06,茄类,31.596,252.768,57,2,148.62488000000002,57,8.0,2.6074540350877196,8,4,0,0,0,0,0,0,1,0,0,0,0,0,0,1,0,0,0
2020-08-07,茄类,51.799,266.16,90,3,199.68932,90,5.138323133651229,2.2187702222222225,8,5,0,0,0,0,0,0,1,0,0,0,0,0,0,0,1,0,0
2020-08-08,茄类,63.764,323.176,111,3,166.4073,111,5.068314409384605,1.4991648648648648,8,6,0,0,0,0,0,0,1,0,0,0,0,0,0,0,0,1,0
2020-08-09,茄类,51.835,259.75,95,3,146.42949,95,5.0110928909038295,1.541363052631579,8,7,0,0,0,0,0,0,1,0,0,0,0,0,0,0,0,0,1
2020-08-10,茄类,47.664,237.186,85,3,127.70948,85,4.976208459214502,1.5024644705882353,8,1,0,0,0,0,0,0,1,0,0,0,0,0,0,0,0,0,0
2020-08-11,茄类,33.572,167.394,60,3,86.03678,60,4.986119385201953,1.4339463333333333,8,2,0,0,0,0,0,0,1,0,0,0,0,1,0,0,0,0,0
2020-08-12,茄类,36.009,244.553,66,3,122.45574,66,6.791441028631731,1.85539,8,3,0,0,0,0,0,0,1,0,0,0,0,0,1,0,0,0,0
2020-08-13,茄类,31.109,212.74200000000002,58,3,85.04629,58,6.838599762126716,1.4663153448275863,8,4,0,0,0,0,0,0,1,0,0,0,0,0,0,1,0,0,0
2020-08-14,茄类,37.826,276.063,67,3,199.61494,67,7.298234018928778,2.979327462686567,8,5,0,0,0,0,0,0,1,0,0,0,0,0,0,0,1,0,0
2020-08-15,茄类,43.278999999999996,318.823,82,3,221.52634999999998,82,7.366690542757458,2.7015408536585364,8,6,0,0,0,0,0,0,1,0,0,0,0,0,0,0,0,1,0
2020-08-16,茄类,48.366,341.816,84,3,203.41248000000002,84,7.067278666832071,2.421577142857143,8,7,0,0,0,0,0,0,1,0,0,0,0,0,0,0,0,0,1
2020-08-17,茄类,35.014,259.046,64,3,179.04629,64,7.39835494373679,2.79759828125,8,1,0,0,0,0,0,0,1,0,0,0,0,0,0,0,0,0,0
2020-08-18,茄类,34.019,259.425,66,3,160.15517,66,7.625885534554221,2.426593484848485,8,2,0,0,0,0,0,0,1,0,0,0,0,1,0,0,0,0,0
2020-08-19,茄类,30.347,232.61599999999999,57,3,146.705,57,7.665205786403927,2.5737719298245616,8,3,0,0,0,0,0,0,1,0,0,0,0,0,1,0,0,0,0
2020-08-20,茄类,37.957,329.806,67,3,215.15592,67,8.688937481887399,3.2112823880597015,8,4,0,0,0,0,0,0,1,0,0,0,0,0,0,1,0,0,0
2020-08-21,茄类,29.694,247.648,54,3,159.25308,54,8.340001347073484,2.9491311111111114,8,5,0,0,0,0,0,0,1,0,0,0,0,0,0,0,1,0,0
2020-08-22,茄类,30.422,295.327,58,3,171.40382,58,9.707678653605942,2.9552382758620688,8,6,0,0,0,0,0,0,1,0,0,0,0,0,0,0,0,1,0
2020-08-23,茄类,47.316,454.528,90,3,306.55948,90,9.606221996787555,3.4062164444444445,8,7,0,0,0,0,0,0,1,0,0,0,0,0,0,0,0,0,1
2020-08-24,茄类,26.874,233.149,55,3,154.31721,55,8.675634442211804,2.8057674545454545,8,1,0,0,0,0,0,0,1,0,0,0,0,0,0,0,0,0,0
2020-08-25,茄类,23.272,230.431,52,3,147.83591,52,9.90164145754555,2.8429982692307694,8,2,0,0,0,0,0,0,1,0,0,0,0,1,0,0,0,0,0
2020-08-26,茄类,30.722,304.665,55,3,208.65251,55,9.916834841481675,3.793682,8,3,0,0,0,0,0,0,1,0,0,0,0,0,1,0,0,0,0
2020-08-27,茄类,19.129,191.572,32,4,114.34327,32,10.014742014742014,3.5732271875,8,4,0,0,0,0,0,0,1,0,0,0,0,0,0,1,0,0,0
2020-08-28,茄类,24.597,259.176,43,3,157.60784999999998,43,10.536894743261373,3.665298837209302,8,5,0,0,0,0,0,0,1,0,0,0,0,0,0,0,1,0,0
2020-08-29,茄类,30.675,324.78,52,3,197.99136000000001,52,10.587775061124693,3.8075261538461542,8,6,0,0,0,0,0,0,1,0,0,0,0,0,0,0,0,1,0
2020-08-30,茄类,21.641000000000002,219.287,39,3,138.1262,39,10.132942100642298,3.541697435897436,8,7,0,0,0,0,0,0,1,0,0,0,0,0,0,0,0,0,1
2020-08-31,茄类,15.943,157.332,30,3,120.12608,30,9.868406197077087,4.004202666666667,8,1,0,0,0,0,0,0,1,0,0,0,0,0,0,0,0,0,0
2020-09-01,茄类,26.329,263.517,43,3,192.83601000000002,43,10.008621671920695,4.484558372093024,9,2,0,0,0,0,0,0,0,1,0,0,0,1,0,0,0,0,0
2020-09-02,茄类,13.873000000000001,138.294,25,3,104.18171,25,9.968572046421105,4.1672684,9,3,0,0,0,0,0,0,0,1,0,0,0,0,1,0,0,0,0
2020-09-03,茄类,14.172,141.414,28,3,100.08683,28,9.978408128704487,3.574529642857143,9,4,0,0,0,0,0,0,0,1,0,0,0,0,0,1,0,0,0
2020-09-04,茄类,20.233,186.4,39,3,141.06004000000001,39,9.21267236692532,3.616924102564103,9,5,0,0,0,0,0,0,0,1,0,0,0,0,0,0,1,0,0
2020-09-05,茄类,33.731,325.696,62,4,249.25205,62,9.655687646378702,4.02019435483871,9,6,0,0,0,0,0,0,0,1,0,0,0,0,0,0,0,1,0
2020-09-06,茄类,33.397,331.628,62,4,249.37873,62,9.929873940773124,4.022237580645161,9,7,0,0,0,0,0,0,0,1,0,0,0,0,0,0,0,0,1
2020-09-07,茄类,17.365000000000002,166.346,32,4,115.65263,32,9.57938381802476,3.6141446875,9,1,0,0,0,0,0,0,0,1,0,0,0,0,0,0,0,0,0
2020-09-08,茄类,20.623,199.11599999999999,37,4,137.57209,37,9.655045337729717,3.7181645945945947,9,2,0,0,0,0,0,0,0,1,0,0,0,1,0,0,0,0,0
2020-09-09,茄类,12.041,105.454,25,4,79.53387,25,8.757910472552112,3.1813548,9,3,0,0,0,0,0,0,0,1,0,0,0,0,1,0,0,0,0
2020-09-10,茄类,16.916,154.97,32,4,112.03656000000001,32,9.161149207850555,3.5011425000000003,9,4,0,0,0,0,0,0,0,1,0,0,0,0,0,1,0,0,0
2020-09-11,茄类,20.416,150.337,31,3,101.24249999999999,31,7.363685344827585,3.2658870967741933,9,5,0,0,0,0,0,0,0,1,0,0,0,0,0,0,1,0,0
2020-09-12,茄类,21.411,191.94,41,4,128.09423,41,8.964550931764046,3.124249512195122,9,6,0,0,0,0,0,0,0,1,0,0,0,0,0,0,0,1,0
2020-09-13,茄类,28.737,281.08,57,3,180.09426000000002,57,9.781118418763267,3.159548421052632,9,7,0,0,0,0,0,0,0,1,0,0,0,0,0,0,0,0,1
2020-09-14,茄类,16.134,135.657,31,3,88.0452,31,8.4081442915582,2.840167741935484,9,1,0,0,0,0,0,0,0,1,0,0,0,0,0,0,0,0,0
2020-09-15,茄类,13.243,102.405,27,3,54.5387,27,7.73276447934758,2.019951851851852,9,2,0,0,0,0,0,0,0,1,0,0,0,1,0,0,0,0,0
2020-09-16,茄类,15.194,129.216,30,3,83.69206,30,8.504409635382387,2.7897353333333332,9,3,0,0,0,0,0,0,0,1,0,0,0,0,1,0,0,0,0
2020-09-17,茄类,22.924,176.784,39,3,117.12405,39,7.711743151282499,3.0031807692307693,9,4,0,0,0,0,0,0,0,1,0,0,0,0,0,1,0,0,0
2020-09-18,茄类,13.805,108.193,27,3,65.27862,27,7.837232886635277,2.417726666666667,9,5,0,0,0,0,0,0,0,1,0,0,0,0,0,0,1,0,0
2020-09-19,茄类,30.406,241.87,57,3,150.52898,57,7.954679997368941,2.640859298245614,9,6,0,0,0,0,0,0,0,1,0,0,0,0,0,0,0,1,0
2020-09-20,茄类,41.474,305.707,79,3,195.74039,79,7.371051743260838,2.477726455696202,9,7,0,0,0,0,0,0,0,1,0,0,0,0,0,0,0,0,1
2020-09-21,茄类,20.868,154.166,42,3,86.91676,42,7.387674908951505,2.0694466666666664,9,1,0,0,0,0,0,0,0,1,0,0,0,0,0,0,0,0,0
2020-09-22,茄类,25.819,177.746,48,3,102.79702999999999,48,6.884310004260429,2.1416047916666665,9,2,0,0,0,0,0,0,0,1,0,0,0,1,0,0,0,0,0
2020-09-23,茄类,22.515,153.852,43,3,93.96681,43,6.833311125916056,2.1852746511627905,9,3,0,0,0,0,0,0,0,1,0,0,0,0,1,0,0,0,0
2020-09-24,茄类,18.9,130.59,36,3,81.23044,36,6.90952380952381,2.2564011111111113,9,4,0,0,0,0,0,0,0,1,0,0,0,0,0,1,0,0,0
2020-09-25,茄类,26.529,168.448,45,3,103.01684,45,6.3495797052282414,2.289263111111111,9,5,0,0,0,0,0,0,0,1,0,0,0,0,0,0,1,0,0
2020-09-26,茄类,33.517,223.189,58,3,137.31744,58,6.6589790255691135,2.367542068965517,9,6,0,0,0,0,0,0,0,1,0,0,0,0,0,0,0,1,0
2020-09-27,茄类,20.532,146.238,36,3,90.31764,36,7.122443015780245,2.5088233333333334,9,7,0,0,0,0,0,0,0,1,0,0,0,0,0,0,0,0,1
2020-09-28,茄类,18.401,112.097,30,3,71.38222,30,6.091897179501114,2.3794073333333334,9,1,0,0,0,0,0,0,0,1,0,0,0,0,0,0,0,0,0
2020-09-29,茄类,24.719,147.12800000000001,47,3,101.35186,47,5.952020712812007,2.1564225531914896,9,2,0,0,0,0,0,0,0,1,0,0,0,1,0,0,0,0,0
2020-09-30,茄类,25.865,154.139,44,3,99.53446,44,5.959365938526967,2.2621468181818183,9,3,0,0,0,0,0,0,0,1,0,0,0,0,1,0,0,0,0
2020-10-01,茄类,32.482,187.865,53,3,118.56568,53,5.783664798965582,2.2370883018867924,10,4,0,0,0,0,0,0,0,0,1,0,0,0,0,1,0,0,0
2020-10-02,茄类,38.762,206.5024,66,3,146.16846,66,5.3274444043135025,2.2146736363636363,10,5,0,0,0,0,0,0,0,0,1,0,0,0,0,0,1,0,0
2020-10-03,茄类,63.535,340.6044,109,4,234.76365,109,5.360893995435587,2.1537949541284407,10,6,0,0,0,0,0,0,0,0,1,0,0,0,0,0,0,1,0
2020-10-04,茄类,43.849,228.37279999999998,83,3,166.14138,83,5.208164382312026,2.0017033734939758,10,7,0,0,0,0,0,0,0,0,1,0,0,0,0,0,0,0,1
2020-10-05,茄类,31.128,184.84,54,3,120.28015,54,5.938062194808532,2.2274101851851853,10,1,0,0,0,0,0,0,0,0,1,0,0,0,0,0,0,0,0
2020-10-06,茄类,42.318,262.756,82,4,172.40361000000001,82,6.209083605085306,2.102483048780488,10,2,0,0,0,0,0,0,0,0,1,0,0,1,0,0,0,0,0
2020-10-07,茄类,29.085,192.1696,55,4,124.07689,55,6.6071720818291215,2.255943454545455,10,3,0,0,0,0,0,0,0,0,1,0,0,0,1,0,0,0,0
2020-10-08,茄类,33.49,208.265,61,4,129.45595,61,6.218722006569124,2.12222868852459,10,4,0,0,0,0,0,0,0,0,1,0,0,0,0,1,0,0,0
2020-10-09,茄类,24.289,171.199,40,4,105.71575,40,7.048416978879328,2.64289375,10,5,0,0,0,0,0,0,0,0,1,0,0,0,0,0,1,0,0
2020-10-10,茄类,26.814,178.062,48,4,107.57148,48,6.640635488923697,2.2410725,10,6,0,0,0,0,0,0,0,0,1,0,0,0,0,0,0,1,0
2020-10-11,茄类,34.726,246.407,60,4,155.92687999999998,60,7.09574958244543,2.598781333333333,10,7,0,0,0,0,0,0,0,0,1,0,0,0,0,0,0,0,1
2020-10-12,茄类,17.876,132.674,32,4,81.73083,32,7.421906466771089,2.5540884375,10,1,0,0,0,0,0,0,0,0,1,0,0,0,0,0,0,0,0
2020-10-13,茄类,23.119,169.698,47,4,109.07627,47,7.340196375275748,2.3207717021276593,10,2,0,0,0,0,0,0,0,0,1,0,0,1,0,0,0,0,0
2020-10-14,茄类,13.741999999999999,100.99499999999999,29,4,65.26072,29,7.34936690438073,2.250369655172414,10,3,0,0,0,0,0,0,0,0,1,0,0,0,1,0,0,0,0
2020-10-15,茄类,19.447,133.0996,40,4,90.38137,40,6.844222759294493,2.25953425,10,4,0,0,0,0,0,0,0,0,1,0,0,0,0,1,0,0,0
2020-10-16,茄类,20.139,132.2908,40,4,92.79767000000001,40,6.568886240627638,2.3199417500000004,10,5,0,0,0,0,0,0,0,0,1,0,0,0,0,0,1,0,0
2020-10-17,茄类,30.556,198.0428,61,4,140.32328,61,6.48130645372431,2.3003816393442627,10,6,0,0,0,0,0,0,0,0,1,0,0,0,0,0,0,1,0
2020-10-18,茄类,36.361,233.739,72,4,161.48421000000002,72,6.428288550919942,2.2428362500000003,10,7,0,0,0,0,0,0,0,0,1,0,0,0,0,0,0,0,1
2020-10-19,茄类,20.03,128.309,35,4,89.50899000000001,35,6.405841238142785,2.5573997142857148,10,1,0,0,0,0,0,0,0,0,1,0,0,0,0,0,0,0,0
2020-10-20,茄类,13.777,87.99080000000001,30,4,62.39197,30,6.386789576830951,2.0797323333333333,10,2,0,0,0,0,0,0,0,0,1,0,0,1,0,0,0,0,0
2020-10-21,茄类,15.327,104.6112,31,4,66.67743,31,6.825288706204737,2.1508848387096773,10,3,0,0,0,0,0,0,0,0,1,0,0,0,1,0,0,0,0
2020-10-22,茄类,14.725,104.8152,28,4,65.30019,28,7.118179966044143,2.332149642857143,10,4,0,0,0,0,0,0,0,0,1,0,0,0,0,1,0,0,0
2020-10-23,茄类,14.427,96.299,30,4,63.43361,30,6.674915089762252,2.114453666666667,10,5,0,0,0,0,0,0,0,0,1,0,0,0,0,0,1,0,0
2020-10-24,茄类,22.221,146.6556,39,4,94.87101,39,6.599864992574592,2.43259,10,6,0,0,0,0,0,0,0,0,1,0,0,0,0,0,0,1,0
2020-10-25,茄类,30.136,200.056,53,4,135.01994,53,6.638439076187948,2.5475460377358488,10,7,0,0,0,0,0,0,0,0,1,0,0,0,0,0,0,0,1
2020-10-26,茄类,10.797,70.918,21,3,49.780210000000004,21,6.568306010928962,2.3704861904761905,10,1,0,0,0,0,0,0,0,0,1,0,0,0,0,0,0,0,0
2020-10-27,茄类,13.444,85.262,24,4,62.319379999999995,24,6.342011306158881,2.5966408333333333,10,2,0,0,0,0,0,0,0,0,1,0,0,1,0,0,0,0,0
2020-10-28,茄类,12.238,75.568,25,4,58.04166,25,6.174865174048047,2.3216664,10,3,0,0,0,0,0,0,0,0,1,0,0,0,1,0,0,0,0
2020-10-29,茄类,14.436,93.9092,27,4,62.57149999999999,27,6.505209199224161,2.3174629629629626,10,4,0,0,0,0,0,0,0,0,1,0,0,0,0,1,0,0,0
2020-10-30,茄类,12.192,83.9566,31,4,56.9113,31,6.88620406824147,1.8358483870967741,10,5,0,0,0,0,0,0,0,0,1,0,0,0,0,0,1,0,0
2020-10-31,茄类,16.499,102.11919999999999,32,4,70.25032,32,6.189417540456997,2.1953225,10,6,0,0,0,0,0,0,0,0,1,0,0,0,0,0,0,1,0
2020-11-01,茄类,15.407,100.832,28,4,65.48776,28,6.544557668592198,2.338848571428571,11,7,0,0,0,0,0,0,0,0,0,1,0,0,0,0,0,0,1
2020-11-02,茄类,11.378,72.4372,22,4,49.7922,22,6.366426436983653,2.2632818181818184,11,1,0,0,0,0,0,0,0,0,0,1,0,0,0,0,0,0,0
2020-11-03,茄类,10.846,70.61959999999999,23,4,46.96873,23,6.511119306656831,2.042118695652174,11,2,0,0,0,0,0,0,0,0,0,1,0,1,0,0,0,0,0
2020-11-04,茄类,10.702,70.6324,22,4,46.35076,22,6.599925247617268,2.1068527272727273,11,3,0,0,0,0,0,0,0,0,0,1,0,0,1,0,0,0,0
2020-11-05,茄类,9.067,59.2802,21,3,38.44618,21,6.538016984669682,1.8307704761904762,11,4,0,0,0,0,0,0,0,0,0,1,0,0,0,1,0,0,0
2020-11-06,茄类,7.22,45.1492,17,4,31.21622,17,6.253351800554017,1.8362482352941176,11,5,0,0,0,0,0,0,0,0,0,1,0,0,0,0,1,0,0
2020-11-07,茄类,10.878,68.2188,26,4,44.651030000000006,26,6.2712630998345285,1.7173473076923078,11,6,0,0,0,0,0,0,0,0,0,1,0,0,0,0,0,1,0
2020-11-08,茄类,16.906,104.15,31,4,70.6837,31,6.160534721400687,2.2801193548387095,11,7,0,0,0,0,0,0,0,0,0,1,0,0,0,0,0,0,1
2020-11-09,茄类,10.063,61.8228,21,4,40.82996,21,6.143575474510583,1.9442838095238095,11,1,0,0,0,0,0,0,0,0,0,1,0,0,0,0,0,0,0
2020-11-10,茄类,9.574,60.8912,20,4,41.1344,20,6.360058491748485,2.05672,11,2,0,0,0,0,0,0,0,0,0,1,0,1,0,0,0,0,0
2020-11-11,茄类,15.584999999999999,94.9084,30,4,64.36299,30,6.089727301892846,2.1454329999999997,11,3,0,0,0,0,0,0,0,0,0,1,0,0,1,0,0,0,0
2020-11-12,茄类,15.508000000000001,99.9248,32,4,65.37491,32,6.443435646118132,2.0429659375,11,4,0,0,0,0,0,0,0,0,0,1,0,0,0,1,0,0,0
2020-11-13,茄类,8.044,48.0704,18,3,32.42089,18,5.975932371954251,1.8011605555555557,11,5,0,0,0,0,0,0,0,0,0,1,0,0,0,0,1,0,0
2020-11-14,茄类,18.146,93.6662,36,4,63.38496,36,5.161809765237518,1.7606933333333332,11,6,0,0,0,0,0,0,0,0,0,1,0,0,0,0,0,1,0
2020-11-15,茄类,18.318,100.4406,35,4,67.0864,35,5.483164100884376,1.9167542857142856,11,7,0,0,0,0,0,0,0,0,0,1,0,0,0,0,0,0,1
2020-11-16,茄类,15.672,86.9058,34,4,56.0915,34,5.545290964777948,1.64975,11,1,0,0,0,0,0,0,0,0,0,1,0,0,0,0,0,0,0
2020-11-17,茄类,12.224,68.9412,28,4,47.152680000000004,28,5.639823298429319,1.6840242857142858,11,2,0,0,0,0,0,0,0,0,0,1,0,1,0,0,0,0,0
2020-11-18,茄类,15.946,96.8378,37,4,62.77084,37,6.0728583970901795,1.6965091891891892,11,3,0,0,0,0,0,0,0,0,0,1,0,0,1,0,0,0,0
2020-11-19,茄类,12.808,86.4716,28,4,57.55607,28,6.751374141161774,2.0555739285714285,11,4,0,0,0,0,0,0,0,0,0,1,0,0,0,1,0,0,0
2020-11-20,茄类,9.804,65.911,19,4,43.43107,19,6.7228682170542635,2.2858457894736843,11,5,0,0,0,0,0,0,0,0,0,1,0,0,0,0,1,0,0
2020-11-21,茄类,25.451,169.4252,53,4,113.65217,53,6.656917213469018,2.1443805660377357,11,6,0,0,0,0,0,0,0,0,0,1,0,0,0,0,0,1,0
2020-11-22,茄类,26.933,183.6438,58,4,126.00174,58,6.8185423086919394,2.172443793103448,11,7,0,0,0,0,0,0,0,0,0,1,0,0,0,0,0,0,1
2020-11-23,茄类,15.902,103.206,30,3,77.96667,30,6.490127028046787,2.598889,11,1,0,0,0,0,0,0,0,0,0,1,0,0,0,0,0,0,0
2020-11-24,茄类,13.897,85.793,30,4,63.64324,30,6.173490681442038,2.1214413333333333,11,2,0,0,0,0,0,0,0,0,0,1,0,1,0,0,0,0,0
2020-11-25,茄类,13.199,85.3798,23,4,54.33995,23,6.468656716417911,2.3626065217391305,11,3,0,0,0,0,0,0,0,0,0,1,0,0,1,0,0,0,0
2020-11-26,茄类,12.868,91.0904,27,4,55.93294,27,7.078831209201119,2.0715903703703704,11,4,0,0,0,0,0,0,0,0,0,1,0,0,0,1,0,0,0
2020-11-27,茄类,13.175,103.37440000000001,26,4,65.42881,26,7.846254269449716,2.5164926923076925,11,5,0,0,0,0,0,0,0,0,0,1,0,0,0,0,1,0,0
2020-11-28,茄类,18.759,138.701,39,4,100.51427,39,7.393837624606855,2.577288974358974,11,6,0,0,0,0,0,0,0,0,0,1,0,0,0,0,0,1,0
2020-11-29,茄类,20.702,156.622,43,4,114.63286000000001,43,7.565549222297363,2.6658804651162793,11,7,0,0,0,0,0,0,0,0,0,1,0,0,0,0,0,0,1
2020-11-30,茄类,18.29,137.4694,34,5,94.99952,34,7.516096227446693,2.794103529411765,11,1,0,0,0,0,0,0,0,0,0,1,0,0,0,0,0,0,0
2020-12-01,茄类,9.271,77.7902,23,5,53.275600000000004,23,8.390702189623557,2.316330434782609,12,2,0,0,0,0,0,0,0,0,0,0,1,1,0,0,0,0,0
2020-12-02,茄类,9.603,78.403,24,5,51.94431,24,8.164427782984484,2.16434625,12,3,0,0,0,0,0,0,0,0,0,0,1,0,1,0,0,0,0
2020-12-03,茄类,12.913,115.8798,29,5,76.31905,29,8.973886780763571,2.631691379310345,12,4,0,0,0,0,0,0,0,0,0,0,1,0,0,1,0,0,0
2020-12-04,茄类,11.517,92.636,24,5,62.65248,24,8.043414083528697,2.6105199999999997,12,5,0,0,0,0,0,0,0,0,0,0,1,0,0,0,1,0,0
2020-12-05,茄类,18.692999999999998,149.888,37,5,105.3323,37,8.0184026106029,2.846818918918919,12,6,0,0,0,0,0,0,0,0,0,0,1,0,0,0,0,1,0
2020-12-06,茄类,18.881,146.9104,39,4,102.17144,39,7.780859064668185,2.6197805128205127,12,7,0,0,0,0,0,0,0,0,0,0,1,0,0,0,0,0,1
2020-12-07,茄类,10.536999999999999,86.114,25,4,59.529270000000004,25,8.172534877099745,2.3811708,12,1,0,0,0,0,0,0,0,0,0,0,1,0,0,0,0,0,0
2020-12-08,茄类,10.904,92.342,25,4,63.35895,25,8.46863536316948,2.534358,12,2,0,0,0,0,0,0,0,0,0,0,1,1,0,0,0,0,0
2020-12-09,茄类,9.89,81.304,19,3,56.786120000000004,19,8.22082912032356,2.988743157894737,12,3,0,0,0,0,0,0,0,0,0,0,1,0,1,0,0,0,0
2020-12-10,茄类,11.411,93.746,25,4,64.34791,25,8.215406187012531,2.5739164,12,4,0,0,0,0,0,0,0,0,0,0,1,0,0,1,0,0,0
2020-12-11,茄类,14.918,128.516,31,4,85.37955000000001,31,8.614827724896099,2.754179032258065,12,5,0,0,0,0,0,0,0,0,0,0,1,0,0,0,1,0,0
2020-12-12,茄类,11.965,108.842,23,4,68.13326,23,9.096698704554951,2.9623156521739133,12,6,0,0,0,0,0,0,0,0,0,0,1,0,0,0,0,1,0
2020-12-13,茄类,20.845,178.528,48,4,115.60455,48,8.564547853202207,2.408428125,12,7,0,0,0,0,0,0,0,0,0,0,1,0,0,0,0,0,1
2020-12-14,茄类,12.715,108.766,32,3,66.08778,32,8.554148643334644,2.065243125,12,1,0,0,0,0,0,0,0,0,0,0,1,0,0,0,0,0,0
2020-12-15,茄类,10.295,86.829,24,4,56.61917,24,8.434094220495385,2.3591320833333334,12,2,0,0,0,0,0,0,0,0,0,0,1,1,0,0,0,0,0
2020-12-16,茄类,9.313,74.504,20,2,50.44582,20,8.0,2.522291,12,3,0,0,0,0,0,0,0,0,0,0,1,0,1,0,0,0,0
2020-12-17,茄类,12.154,101.346,27,4,64.60928,27,8.338489386210302,2.392936296296296,12,4,0,0,0,0,0,0,0,0,0,0,1,0,0,1,0,0,0
2020-12-18,茄类,19.541,157.787,39,4,108.17008,39,8.07466352796684,2.7735917948717947,12,5,0,0,0,0,0,0,0,0,0,0,1,0,0,0,1,0,0
2020-12-19,茄类,14.524000000000001,116.19200000000001,28,3,79.13907999999999,28,8.0,2.826395714285714,12,6,0,0,0,0,0,0,0,0,0,0,1,0,0,0,0,1,0
2020-12-20,茄类,14.386,115.088,34,3,80.73133,34,8.0,2.3744508823529413,12,7,0,0,0,0,0,0,0,0,0,0,1,0,0,0,0,0,1
2020-12-21,茄类,12.997,102.584,28,3,74.22821,28,7.892898361160268,2.6510075,12,1,0,0,0,0,0,0,0,0,0,0,1,0,0,0,0,0,0
2020-12-22,茄类,11.078999999999999,91.134,25,4,61.389129999999994,25,8.22583265637693,2.4555651999999997,12,2,0,0,0,0,0,0,0,0,0,0,1,1,0,0,0,0,0
2020-12-23,茄类,9.4,78.989,20,4,53.24067,20,8.40308510638298,2.6620335,12,3,0,0,0,0,0,0,0,0,0,0,1,0,1,0,0,0,0
2020-12-24,茄类,9.801,79.594,22,3,57.90406,22,8.121008060402,2.6320027272727273,12,4,0,0,0,0,0,0,0,0,0,0,1,0,0,1,0,0,0
2020-12-25,茄类,10.328,78.2,25,2,58.82942,25,7.571649883811,2.3531768,12,5,0,0,0,0,0,0,0,0,0,0,1,0,0,0,1,0,0
2020-12-26,茄类,16.19,127.232,33,3,86.71288,33,7.858678196417541,2.6276630303030304,12,6,0,0,0,0,0,0,0,0,0,0,1,0,0,0,0,1,0
2020-12-27,茄类,11.874,99.642,24,2,70.38378,24,8.391611925214754,2.9326575,12,7,0,0,0,0,0,0,0,0,0,0,1,0,0,0,0,0,1
2020-12-28,茄类,13.266,116.472,26,3,80.24844,26,8.779737675260062,3.0864784615384617,12,1,0,0,0,0,0,0,0,0,0,0,1,0,0,0,0,0,0
2020-12-29,茄类,12.741,109.291,27,3,75.74978999999999,27,8.577898124166078,2.8055477777777775,12,2,0,0,0,0,0,0,0,0,0,0,1,1,0,0,0,0,0
2020-12-30,茄类,16.318,146.629,32,3,98.51034,32,8.985721289373696,3.078448125,12,3,0,0,0,0,0,0,0,0,0,0,1,0,1,0,0,0,0
2020-12-31,茄类,20.725,187.641,43,3,137.35988,43,9.05384800965018,3.1944158139534884,12,4,0,0,0,0,0,0,0,0,0,0,1,0,0,1,0,0,0
2021-01-01,茄类,18.037,159.249,37,2,117.55833,37,8.829018129400676,3.177252162162162,1,5,0,0,0,0,0,0,0,0,0,0,0,0,0,0,1,0,0
2021-01-02,茄类,18.302,161.774,38,2,120.48804000000001,38,8.839143263031364,3.1707378947368423,1,6,0,0,0,0,0,0,0,0,0,0,0,0,0,0,0,1,0
2021-01-03,茄类,13.385,119.074,31,2,90.49938,31,8.896077698916697,2.9193348387096774,1,7,0,0,0,0,0,0,0,0,0,0,0,0,0,0,0,0,1
2021-01-04,茄类,9.867,87.901,23,2,63.50982,23,8.908584169453734,2.7612965217391303,1,1,0,0,0,0,0,0,0,0,0,0,0,0,0,0,0,0,0
2021-01-05,茄类,14.439,128.986,34,2,93.60937,34,8.933167116836346,2.7532167647058823,1,2,0,0,0,0,0,0,0,0,0,0,0,1,0,0,0,0,0
2021-01-06,茄类,13.689,133.282,29,2,89.07185,29,9.736430710789685,3.0714431034482756,1,3,0,0,0,0,0,0,0,0,0,0,0,0,1,0,0,0,0
2021-01-07,茄类,12.56,123.068,25,2,83.97142000000001,25,9.798407643312101,3.3588568000000003,1,4,0,0,0,0,0,0,0,0,0,0,0,0,0,1,0,0,0
2021-01-08,茄类,12.049,119.387,30,2,86.64859999999999,30,9.908457133372064,2.8882866666666662,1,5,0,0,0,0,0,0,0,0,0,0,0,0,0,0,1,0,0
2021-01-09,茄类,17.965,179.004,43,2,128.90165,43,9.964041191205121,2.9977127906976744,1,6,0,0,0,0,0,0,0,0,0,0,0,0,0,0,0,1,0
2021-01-10,茄类,23.755,235.033,52,2,158.98557,52,9.89404335929278,3.057414807692308,1,7,0,0,0,0,0,0,0,0,0,0,0,0,0,0,0,0,1
2021-01-11,茄类,15.841,156.628,32,2,108.68726,32,9.88750710182438,3.396476875,1,1,0,0,0,0,0,0,0,0,0,0,0,0,0,0,0,0,0
2021-01-12,茄类,6.304,63.04,17,1,44.38016,17,10.0,2.6105976470588232,1,2,0,0,0,0,0,0,0,0,0,0,0,1,0,0,0,0,0
2021-01-14,茄类,18.643,171.174,35,2,120.41641,35,9.181676768760394,3.440468857142857,1,4,0,0,0,0,0,0,0,0,0,0,0,0,0,1,0,0,0
2021-01-15,茄类,14.644,135.712,33,2,94.8658,33,9.267413275061458,2.874721212121212,1,5,0,0,0,0,0,0,0,0,0,0,0,0,0,0,1,0,0
2021-01-16,茄类,20.109,183.423,47,2,122.69805000000001,47,9.121438162017007,2.6105968085106386,1,6,0,0,0,0,0,0,0,0,0,0,0,0,0,0,0,1,0
2021-01-17,茄类,24.613,227.127,52,2,148.23701,52,9.227928330557024,2.850711730769231,1,7,0,0,0,0,0,0,0,0,0,0,0,0,0,0,0,0,1
2021-01-18,茄类,10.266,103.836,25,2,61.83726,25,10.114552893045003,2.4734904,1,1,0,0,0,0,0,0,0,0,0,0,0,0,0,0,0,0,0
2021-01-19,茄类,9.304,94.225,22,2,58.31332,22,10.127364574376612,2.6506054545454543,1,2,0,0,0,0,0,0,0,0,0,0,0,1,0,0,0,0,0
2021-01-20,茄类,19.321,196.406,38,2,122.53441,38,10.165415868743853,3.224589736842105,1,3,0,0,0,0,0,0,0,0,0,0,0,0,1,0,0,0,0
2021-01-21,茄类,23.411,240.785,44,2,152.58937,44,10.285122378369142,3.4679402272727273,1,4,0,0,0,0,0,0,0,0,0,0,0,0,0,1,0,0,0
2021-01-22,茄类,12.333,112.763,28,2,77.88594,28,9.143193059271873,2.7816407142857145,1,5,0,0,0,0,0,0,0,0,0,0,0,0,0,0,1,0,0
2021-01-23,茄类,20.333,189.317,43,2,137.26714,43,9.310824767619142,3.192259069767442,1,6,0,0,0,0,0,0,0,0,0,0,0,0,0,0,0,1,0
2021-01-24,茄类,23.807,219.601,53,2,154.78188,53,9.224219767295335,2.9204128301886794,1,7,0,0,0,0,0,0,0,0,0,0,0,0,0,0,0,0,1
2021-01-25,茄类,20.041,189.411,43,2,134.06414,43,9.45117509106332,3.117770697674419,1,1,0,0,0,0,0,0,0,0,0,0,0,0,0,0,0,0,0
2021-01-26,茄类,16.078,152.34,36,2,111.17434,36,9.475059086951115,3.0881761111111112,1,2,0,0,0,0,0,0,0,0,0,0,0,1,0,0,0,0,0
2021-01-27,茄类,11.937,114.045,27,2,84.48114000000001,27,9.553908017089721,3.1289311111111116,1,3,0,0,0,0,0,0,0,0,0,0,0,0,1,0,0,0,0
2021-01-28,茄类,17.792,185.162,36,2,123.09026,36,10.407036870503596,3.419173888888889,1,4,0,0,0,0,0,0,0,0,0,0,0,0,0,1,0,0,0
2021-01-29,茄类,15.072,154.728,26,2,105.40751999999999,26,10.265923566878982,4.0541353846153845,1,5,0,0,0,0,0,0,0,0,0,0,0,0,0,0,1,0,0
2021-01-30,茄类,23.084,279.616,50,3,188.9331,50,12.11297868653613,3.7786619999999997,1,6,0,0,0,0,0,0,0,0,0,0,0,0,0,0,0,1,0
2021-01-31,茄类,24.61,276.77,53,3,195.89011,53,11.246241365298658,3.6960398113207544,1,7,0,0,0,0,0,0,0,0,0,0,0,0,0,0,0,0,1
2021-02-01,茄类,13.664,174.774,30,4,115.04617,30,12.790837236533958,3.8348723333333337,2,1,1,0,0,0,0,0,0,0,0,0,0,0,0,0,0,0,0
2021-02-02,茄类,24.133,323.99,51,4,215.33753,51,13.425185430737994,4.222304509803921,2,2,1,0,0,0,0,0,0,0,0,0,0,1,0,0,0,0,0
2021-02-03,茄类,14.938,194.198,33,4,129.0469,33,13.00026777346365,3.910512121212121,2,3,1,0,0,0,0,0,0,0,0,0,0,0,1,0,0,0,0
2021-02-04,茄类,27.716,342.54,51,4,237.80864,51,12.358926251984414,4.6629145098039215,2,4,1,0,0,0,0,0,0,0,0,0,0,0,0,1,0,0,0
2021-02-05,茄类,25.906,336.963,47,5,225.38851,47,13.00714120281016,4.795500212765957,2,5,1,0,0,0,0,0,0,0,0,0,0,0,0,0,1,0,0
2021-02-06,茄类,39.051,474.408,78,5,320.53384,78,12.148421295229316,4.109408205128205,2,6,1,0,0,0,0,0,0,0,0,0,0,0,0,0,0,1,0
2021-02-07,茄类,43.635,579.03,73,5,397.65967,73,13.269852182880715,5.447392739726028,2,7,1,0,0,0,0,0,0,0,0,0,0,0,0,0,0,0,1
2021-02-08,茄类,58.326,775.564,93,5,516.24443,93,13.297054486849774,5.551015376344085,2,1,1,0,0,0,0,0,0,0,0,0,0,0,0,0,0,0,0
2021-02-09,茄类,87.912,1080.738,135,2,764.10408,135,12.293407043407043,5.660030222222222,2,2,1,0,0,0,0,0,0,0,0,0,0,1,0,0,0,0,0
2021-02-10,茄类,118.931,1433.7474,188,3,1035.31056,188,12.055287519654254,5.506971063829787,2,3,1,0,0,0,0,0,0,0,0,0,0,0,1,0,0,0,0
2021-02-13,茄类,28.967,347.604,51,1,256.06828,51,12.0,5.020946666666667,2,6,1,0,0,0,0,0,0,0,0,0,0,0,0,0,0,1,0
2021-02-14,茄类,25.06,300.72,49,1,221.5304,49,12.000000000000002,4.521028571428571,2,7,1,0,0,0,0,0,0,0,0,0,0,0,0,0,0,0,1
2021-02-15,茄类,39.655,475.86,72,1,348.17089999999996,72,12.0,4.835706944444444,2,1,1,0,0,0,0,0,0,0,0,0,0,0,0,0,0,0,0
2021-02-16,茄类,31.647,379.764,64,1,260.77128,64,12.000000000000002,4.07455125,2,2,1,0,0,0,0,0,0,0,0,0,0,1,0,0,0,0,0
2021-02-17,茄类,30.358,364.296,67,1,245.8998,67,12.0,3.6701462686567163,2,3,1,0,0,0,0,0,0,0,0,0,0,0,1,0,0,0,0
2021-02-18,茄类,18.169999999999998,218.04,44,1,144.6332,44,12.0,3.2871181818181814,2,4,1,0,0,0,0,0,0,0,0,0,0,0,0,1,0,0,0
2021-02-19,茄类,13.769,160.8572,31,2,120.14468,31,11.682562277580072,3.875634838709677,2,5,1,0,0,0,0,0,0,0,0,0,0,0,0,0,1,0,0
2021-02-20,茄类,21.798000000000002,238.3638,52,4,181.39203,52,10.935122488301678,3.488308269230769,2,6,1,0,0,0,0,0,0,0,0,0,0,0,0,0,0,1,0
2021-02-21,茄类,33.803,346.29,67,4,258.28077,67,10.244357009732866,3.854936865671642,2,7,1,0,0,0,0,0,0,0,0,0,0,0,0,0,0,0,1
2021-02-22,茄类,15.47,151.63840000000002,35,4,101.36435,35,9.802094376212024,2.896124285714286,2,1,1,0,0,0,0,0,0,0,0,0,0,0,0,0,0,0,0
2021-02-23,茄类,25.429,252.323,54,4,162.24312,54,9.922647371111724,3.0045022222222224,2,2,1,0,0,0,0,0,0,0,0,0,0,1,0,0,0,0,0
2021-02-24,茄类,22.668,207.287,47,4,122.12362,47,9.14447679548262,2.5983748936170215,2,3,1,0,0,0,0,0,0,0,0,0,0,0,1,0,0,0,0
2021-02-25,茄类,34.618,293.604,71,4,171.27707999999998,71,8.481252527586804,2.4123532394366194,2,4,1,0,0,0,0,0,0,0,0,0,0,0,0,1,0,0,0
2021-02-26,茄类,31.286,280.036,67,4,160.43851,67,8.950840631592405,2.3946046268656715,2,5,1,0,0,0,0,0,0,0,0,0,0,0,0,0,1,0,0
2021-02-27,茄类,22.579,186.376,49,4,118.31030999999999,49,8.254395677399353,2.414496122448979,2,6,1,0,0,0,0,0,0,0,0,0,0,0,0,0,0,1,0
2021-02-28,茄类,27.705,252.252,59,4,147.88609,59,9.104926908500271,2.5065438983050847,2,7,1,0,0,0,0,0,0,0,0,0,0,0,0,0,0,0,1
2021-03-01,茄类,27.232,226.776,58,4,139.5404,58,8.327555816686251,2.4058689655172416,3,1,0,1,0,0,0,0,0,0,0,0,0,0,0,0,0,0,0
2021-03-02,茄类,16.541,132.84,34,3,84.93540999999999,34,8.030953388549664,2.4981002941176467,3,2,0,1,0,0,0,0,0,0,0,0,0,1,0,0,0,0,0
2021-03-03,茄类,23.654,220.226,47,4,135.70114,47,9.310306924833009,2.8872582978723407,3,3,0,1,0,0,0,0,0,0,0,0,0,0,1,0,0,0,0
2021-03-04,茄类,20.344,175.227,44,4,112.66339,44,8.613202909948878,2.560531590909091,3,4,0,1,0,0,0,0,0,0,0,0,0,0,0,1,0,0,0
2021-03-05,茄类,22.986,183.888,47,2,118.97016,47,8.0,2.53128,3,5,0,1,0,0,0,0,0,0,0,0,0,0,0,0,1,0,0
2021-03-06,茄类,38.176,305.408,80,2,184.73608000000002,80,8.0,2.3092010000000003,3,6,0,1,0,0,0,0,0,0,0,0,0,0,0,0,0,1,0
2021-03-07,茄类,26.748,236.948,60,3,134.0764,60,8.858531478989082,2.2346066666666666,3,7,0,1,0,0,0,0,0,0,0,0,0,0,0,0,0,0,1
2021-03-08,茄类,19.815,177.40699999999998,42,3,114.77313,42,8.953166792833711,2.7326935714285714,3,1,0,1,0,0,0,0,0,0,0,0,0,0,0,0,0,0,0
2021-03-09,茄类,20.838,182.706,46,2,122.42796,46,8.767923985027354,2.6614773913043477,3,2,0,1,0,0,0,0,0,0,0,0,0,1,0,0,0,0,0
2021-03-10,茄类,14.35,114.8,32,2,88.6658,32,8.0,2.77080625,3,3,0,1,0,0,0,0,0,0,0,0,0,0,1,0,0,0,0
2021-03-11,茄类,16.37,147.043,31,3,88.29769,31,8.982467929138668,2.8483125806451612,3,4,0,1,0,0,0,0,0,0,0,0,0,0,0,1,0,0,0
2021-03-12,茄类,23.836000000000002,214.491,40,3,123.08153999999999,40,8.998615539520053,3.0770384999999996,3,5,0,1,0,0,0,0,0,0,0,0,0,0,0,0,1,0,0
2021-03-13,茄类,26.434,235.261,53,3,164.70396,53,8.89993947189226,3.1076218867924528,3,6,0,1,0,0,0,0,0,0,0,0,0,0,0,0,0,1,0
2021-03-14,茄类,17.721,164.07,37,3,111.4119,37,9.258506856272218,3.0111324324324324,3,7,0,1,0,0,0,0,0,0,0,0,0,0,0,0,0,0,1
2021-03-15,茄类,13.658,109.264,28,2,83.36983,28,8.0,2.977493928571428,3,1,0,1,0,0,0,0,0,0,0,0,0,0,0,0,0,0,0
2021-03-16,茄类,13.577,110.688,27,3,83.68517,27,8.15261103336525,3.099450740740741,3,2,0,1,0,0,0,0,0,0,0,0,0,1,0,0,0,0,0
2021-03-17,茄类,19.313,154.504,42,2,119.30687999999999,42,8.0,2.8406399999999996,3,3,0,1,0,0,0,0,0,0,0,0,0,0,1,0,0,0,0
2021-03-18,茄类,11.866,97.86,29,3,74.3852,29,8.247092533288388,2.565006896551724,3,4,0,1,0,0,0,0,0,0,0,0,0,0,0,1,0,0,0
2021-03-19,茄类,16.235,133.534,37,3,102.1089,37,8.2250692947336,2.7597,3,5,0,1,0,0,0,0,0,0,0,0,0,0,0,0,1,0,0
2021-03-20,茄类,21.477,190.952,43,3,129.15424,43,8.890999674069935,3.003586976744186,3,6,0,1,0,0,0,0,0,0,0,0,0,0,0,0,0,1,0
2021-03-21,茄类,17.948999999999998,151.954,40,3,104.83108,40,8.465875536241574,2.620777,3,7,0,1,0,0,0,0,0,0,0,0,0,0,0,0,0,0,1
2021-03-22,茄类,11.561,96.358,26,2,67.73595,26,8.334746129227575,2.6052288461538464,3,1,0,1,0,0,0,0,0,0,0,0,0,0,0,0,0,0,0
2021-03-23,茄类,19.312,162.106,35,3,111.9348,35,8.394055509527753,3.1981371428571426,3,2,0,1,0,0,0,0,0,0,0,0,0,1,0,0,0,0,0
2021-03-24,茄类,15.113,125.694,29,2,88.12452,29,8.316945675908158,3.038776551724138,3,3,0,1,0,0,0,0,0,0,0,0,0,0,1,0,0,0,0
2021-03-25,茄类,14.621,129.514,32,3,87.31843,32,8.858080842623623,2.7287009375,3,4,0,1,0,0,0,0,0,0,0,0,0,0,0,1,0,0,0
2021-03-26,茄类,21.313,182.15800000000002,46,3,124.55427,46,8.546802421057572,2.7077015217391307,3,5,0,1,0,0,0,0,0,0,0,0,0,0,0,0,1,0,0
2021-03-27,茄类,26.111,216.366,52,3,158.01514,52,8.286392708054077,3.038752692307692,3,6,0,1,0,0,0,0,0,0,0,0,0,0,0,0,0,1,0
2021-03-28,茄类,19.628,163.62,48,3,117.75207999999999,48,8.336050540044834,2.453168333333333,3,7,0,1,0,0,0,0,0,0,0,0,0,0,0,0,0,0,1
2021-03-29,茄类,16.139,135.84799999999998,34,3,97.64068,34,8.417374062829172,2.871784705882353,3,1,0,1,0,0,0,0,0,0,0,0,0,0,0,0,0,0,0
2021-03-30,茄类,21.407,178.872,48,3,130.98719,48,8.355771476619799,2.7288997916666666,3,2,0,1,0,0,0,0,0,0,0,0,0,1,0,0,0,0,0
2021-03-31,茄类,21.649,192.79,46,4,133.74004,46,8.905261212989052,2.9073921739130433,3,3,0,1,0,0,0,0,0,0,0,0,0,0,1,0,0,0,0
2021-04-01,茄类,20.604,191.844,43,3,130.59778,43,9.31100757134537,3.0371576744186046,4,4,0,0,1,0,0,0,0,0,0,0,0,0,0,1,0,0,0
2021-04-02,茄类,20.665,174.358,45,4,125.6304,45,8.437357851439632,2.7917866666666664,4,5,0,0,1,0,0,0,0,0,0,0,0,0,0,0,1,0,0
2021-04-03,茄类,32.71,282.784,67,3,200.96578,67,8.645184958728217,2.999489253731343,4,6,0,0,1,0,0,0,0,0,0,0,0,0,0,0,0,1,0
2021-04-04,茄类,22.976,196.462,49,4,132.99284,49,8.55074860724234,2.7141395918367346,4,7,0,0,1,0,0,0,0,0,0,0,0,0,0,0,0,0,1
2021-04-05,茄类,16.492,141.056,35,3,97.20248,35,8.55299539170507,2.7772137142857143,4,1,0,0,1,0,0,0,0,0,0,0,0,0,0,0,0,0,0
2021-04-06,茄类,3.138,26.272,6,3,16.88014,6,8.37221159974506,2.813356666666667,4,2,0,0,1,0,0,0,0,0,0,0,0,1,0,0,0,0,0
2021-04-07,茄类,16.213,118.714,38,3,86.75452,38,7.32214889286375,2.2830136842105264,4,3,0,0,1,0,0,0,0,0,0,0,0,0,1,0,0,0,0
2021-04-08,茄类,20.319,123.742,48,2,112.01886,48,6.089965057335499,2.3337262500000002,4,4,0,0,1,0,0,0,0,0,0,0,0,0,0,1,0,0,0
2021-04-09,茄类,17.451,165.081,38,3,93.94073,38,9.45968712394705,2.4721244736842105,4,5,0,0,1,0,0,0,0,0,0,0,0,0,0,0,1,0,0
2021-04-10,茄类,25.525,259.878,53,4,161.83326,53,10.181312438785504,3.0534577358490567,4,6,0,0,1,0,0,0,0,0,0,0,0,0,0,0,0,1,0
2021-04-11,茄类,24.902,253.232,54,3,156.93341,54,10.16914304071962,2.9061742592592594,4,7,0,0,1,0,0,0,0,0,0,0,0,0,0,0,0,0,1
2021-04-12,茄类,10.203,86.994,21,2,67.47404999999999,21,8.526315789473685,3.2130499999999995,4,1,0,0,1,0,0,0,0,0,0,0,0,0,0,0,0,0,0
2021-04-13,茄类,13.4,111.888,28,4,80.98388,28,8.349850746268658,2.8922814285714287,4,2,0,0,1,0,0,0,0,0,0,0,0,1,0,0,0,0,0
2021-04-14,茄类,18.975,161.502,44,3,120.02483000000001,44,8.511304347826087,2.7278370454545455,4,3,0,0,1,0,0,0,0,0,0,0,0,0,1,0,0,0,0
2021-04-15,茄类,12.151,109.578,29,4,70.63423,29,9.018023207966422,2.435663103448276,4,4,0,0,1,0,0,0,0,0,0,0,0,0,0,1,0,0,0
2021-04-16,茄类,15.371,137.131,34,4,85.12985,34,8.921410448246698,2.503819117647059,4,5,0,0,1,0,0,0,0,0,0,0,0,0,0,0,1,0,0
2021-04-17,茄类,20.407,172.24,41,4,105.17312,41,8.440241093742344,2.5651980487804877,4,6,0,0,1,0,0,0,0,0,0,0,0,0,0,0,0,1,0
2021-04-18,茄类,28.972,233.424,67,4,145.59361,67,8.056882507248378,2.173038955223881,4,7,0,0,1,0,0,0,0,0,0,0,0,0,0,0,0,0,1
2021-04-19,茄类,17.311,139.056,39,4,88.458,39,8.032811507134193,2.268153846153846,4,1,0,0,1,0,0,0,0,0,0,0,0,0,0,0,0,0,0
2021-04-20,茄类,16.233999999999998,125.125,30,4,80.27931000000001,30,7.707589010718246,2.6759770000000005,4,2,0,0,1,0,0,0,0,0,0,0,0,1,0,0,0,0,0
2021-04-21,茄类,26.622,181.548,55,3,127.62610000000001,55,6.8194726166328605,2.3204745454545455,4,3,0,0,1,0,0,0,0,0,0,0,0,0,1,0,0,0,0
2021-04-22,茄类,15.227,110.6084,36,4,67.48594,36,7.2639653247520855,1.8746094444444443,4,4,0,0,1,0,0,0,0,0,0,0,0,0,0,1,0,0,0
2021-04-23,茄类,27.427,187.599,56,4,123.49177999999999,56,6.8399387464906845,2.205210357142857,4,5,0,0,1,0,0,0,0,0,0,0,0,0,0,0,1,0,0
2021-04-24,茄类,37.796,255.6886,83,4,175.48060999999998,83,6.764964546512859,2.11422421686747,4,6,0,0,1,0,0,0,0,0,0,0,0,0,0,0,0,1,0
2021-04-25,茄类,24.708000000000002,190.9974,49,4,112.14077,49,7.730184555609519,2.2885871428571427,4,7,0,0,1,0,0,0,0,0,0,0,0,0,0,0,0,0,1
2021-04-26,茄类,12.618,101.5602,28,4,58.12068,28,8.048834997622443,2.0757385714285714,4,1,0,0,1,0,0,0,0,0,0,0,0,0,0,0,0,0,0
2021-04-27,茄类,24.32,179.2374,51,4,114.41278,51,7.369958881578947,2.243387843137255,4,2,0,0,1,0,0,0,0,0,0,0,0,1,0,0,0,0,0
2021-04-28,茄类,27.487000000000002,207.48760000000001,52,4,140.83053,52,7.5485720522428785,2.7082794230769234,4,3,0,0,1,0,0,0,0,0,0,0,0,0,1,0,0,0,0
2021-04-29,茄类,15.705,123.4332,32,4,82.60598,32,7.859484240687679,2.581436875,4,4,0,0,1,0,0,0,0,0,0,0,0,0,0,1,0,0,0
2021-04-30,茄类,26.786,229.9156,49,4,134.00569000000002,49,8.58342417680878,2.7348100000000004,4,5,0,0,1,0,0,0,0,0,0,0,0,0,0,0,1,0,0
2021-05-01,茄类,19.976,168.807,39,4,99.98773,39,8.450490588706447,2.5637879487179487,5,6,0,0,0,1,0,0,0,0,0,0,0,0,0,0,0,1,0
2021-05-02,茄类,22.784,166.1028,48,4,123.45658,48,7.290326544943821,2.5720120833333335,5,7,0,0,0,1,0,0,0,0,0,0,0,0,0,0,0,0,1
2021-05-03,茄类,25.175,213.0582,52,4,130.33144000000001,52,8.463086395233367,2.5063738461538465,5,1,0,0,0,1,0,0,0,0,0,0,0,0,0,0,0,0,0
2021-05-04,茄类,18.032,146.0018,38,4,79.8877,38,8.096816770186335,2.102307894736842,5,2,0,0,0,1,0,0,0,0,0,0,0,1,0,0,0,0,0
2021-05-05,茄类,17.339,135.448,37,4,74.47315,37,7.811753849702983,2.012787837837838,5,3,0,0,0,1,0,0,0,0,0,0,0,0,1,0,0,0,0
2021-05-06,茄类,22.682,185.983,49,4,110.96574,49,8.199585574464333,2.2646069387755103,5,4,0,0,0,1,0,0,0,0,0,0,0,0,0,1,0,0,0
2021-05-07,茄类,20.724,144.955,43,4,106.69709999999999,43,6.994547384674774,2.481327906976744,5,5,0,0,0,1,0,0,0,0,0,0,0,0,0,0,1,0,0
2021-05-08,茄类,14.241,114.115,32,4,78.60958,32,8.013131100344077,2.456549375,5,6,0,0,0,1,0,0,0,0,0,0,0,0,0,0,0,1,0
2021-05-09,茄类,30.75,214.354,67,4,157.73019,67,6.970861788617887,2.3541819402985076,5,7,0,0,0,1,0,0,0,0,0,0,0,0,0,0,0,0,1
2021-05-10,茄类,24.956,172.118,48,4,124.3354,48,6.896858470908799,2.5903208333333336,5,1,0,0,0,1,0,0,0,0,0,0,0,0,0,0,0,0,0
2021-05-11,茄类,26.533,167.1336,55,4,119.57095000000001,55,6.299084159348736,2.174017272727273,5,2,0,0,0,1,0,0,0,0,0,0,0,1,0,0,0,0,0
2021-05-12,茄类,19.247,109.28,38,4,75.06364,38,5.67776796383852,1.9753589473684212,5,3,0,0,0,1,0,0,0,0,0,0,0,0,1,0,0,0,0
2021-05-13,茄类,20.687,124.9306,35,4,76.75786,35,6.039087349543191,2.193081714285714,5,4,0,0,0,1,0,0,0,0,0,0,0,0,0,1,0,0,0
2021-05-14,茄类,32.193,166.5412,56,4,106.62819,56,5.173211567732116,1.9040748214285714,5,5,0,0,0,1,0,0,0,0,0,0,0,0,0,0,1,0,0
2021-05-15,茄类,40.776,253.839,75,4,148.05891,75,6.225206003531489,1.9741188,5,6,0,0,0,1,0,0,0,0,0,0,0,0,0,0,0,1,0
2021-05-16,茄类,19.009,102.39240000000001,38,4,64.79842,38,5.386522173707192,1.7052215789473681,5,7,0,0,0,1,0,0,0,0,0,0,0,0,0,0,0,0,1
2021-05-17,茄类,29.921,188.0966,64,4,108.96915,64,6.286440961197821,1.70264296875,5,1,0,0,0,1,0,0,0,0,0,0,0,0,0,0,0,0,0
2021-05-18,茄类,23.783,120.977,44,4,72.62246,44,5.086700584451078,1.6505104545454545,5,2,0,0,0,1,0,0,0,0,0,0,0,1,0,0,0,0,0
2021-05-19,茄类,20.578,116.524,41,3,74.54782,41,5.662552240256585,1.818239512195122,5,3,0,0,0,1,0,0,0,0,0,0,0,0,1,0,0,0,0
2021-05-20,茄类,22.177,119.748,44,4,74.66824,44,5.3996482842584665,1.6970054545454545,5,4,0,0,0,1,0,0,0,0,0,0,0,0,0,1,0,0,0
2021-05-21,茄类,21.886,127.547,46,3,72.02973,46,5.827789454445765,1.5658636956521739,5,5,0,0,0,1,0,0,0,0,0,0,0,0,0,0,1,0,0
2021-05-22,茄类,25.845,180.8472,53,4,92.53797,53,6.997376668601277,1.7459994339622642,5,6,0,0,0,1,0,0,0,0,0,0,0,0,0,0,0,1,0
2021-05-23,茄类,42.331,296.75939999999997,87,4,167.34998000000002,87,7.010450969738488,1.9235629885057473,5,7,0,0,0,1,0,0,0,0,0,0,0,0,0,0,0,0,1
2021-05-24,茄类,17.043,119.5666,34,4,69.47676,34,7.015584110778619,2.0434341176470587,5,1,0,0,0,1,0,0,0,0,0,0,0,0,0,0,0,0,0
2021-05-25,茄类,17.94,122.0698,36,4,73.07597,36,6.804336677814939,2.0298880555555554,5,2,0,0,0,1,0,0,0,0,0,0,0,1,0,0,0,0,0
2021-05-26,茄类,15.81,95.8226,32,4,57.393460000000005,32,6.060885515496521,1.7935456250000001,5,3,0,0,0,1,0,0,0,0,0,0,0,0,1,0,0,0,0
2021-05-27,茄类,15.645,94.813,33,4,61.41234,33,6.060274848194312,1.86098,5,4,0,0,0,1,0,0,0,0,0,0,0,0,0,1,0,0,0
2021-05-28,茄类,16.472,96.6398,35,4,62.24762,35,5.866913550267119,1.7785034285714285,5,5,0,0,0,1,0,0,0,0,0,0,0,0,0,0,1,0,0
2021-05-29,茄类,18.291,119.8882,36,4,75.02601,36,6.554491279864414,2.084055833333333,5,6,0,0,0,1,0,0,0,0,0,0,0,0,0,0,0,1,0
2021-05-30,茄类,27.038,159.936,55,4,103.71573000000001,55,5.915230416450921,1.8857405454545455,5,7,0,0,0,1,0,0,0,0,0,0,0,0,0,0,0,0,1
2021-05-31,茄类,25.363,139.95,45,4,78.98694,45,5.517880376927019,1.7552653333333335,5,1,0,0,0,1,0,0,0,0,0,0,0,0,0,0,0,0,0
2021-06-01,茄类,26.938000000000002,132.09,49,4,71.45501999999999,49,4.903482069938376,1.458265714285714,6,2,0,0,0,0,1,0,0,0,0,0,0,1,0,0,0,0,0
2021-06-02,茄类,27.706,148.873,54,4,86.21868,54,5.3733126398614015,1.5966422222222223,6,3,0,0,0,0,1,0,0,0,0,0,0,0,1,0,0,0,0
2021-06-03,茄类,11.679,70.836,23,4,41.32127,23,6.0652453120986385,1.796576956521739,6,4,0,0,0,0,1,0,0,0,0,0,0,0,0,1,0,0,0
2021-06-04,茄类,16.743,96.555,34,4,57.69858,34,5.766887654542198,1.6970170588235294,6,5,0,0,0,0,1,0,0,0,0,0,0,0,0,0,1,0,0
2021-06-05,茄类,36.367,221.95260000000002,67,4,136.36561,67,6.103131960293674,2.0353076119402984,6,6,0,0,0,0,1,0,0,0,0,0,0,0,0,0,0,1,0
2021-06-06,茄类,30.001,159.62720000000002,58,4,115.5953,58,5.320729309023033,1.9930224137931034,6,7,0,0,0,0,1,0,0,0,0,0,0,0,0,0,0,0,1
2021-06-07,茄类,29.868,118.4126,56,4,75.85598,56,3.9645306013124415,1.3545710714285715,6,1,0,0,0,0,1,0,0,0,0,0,0,0,0,0,0,0,0
2021-06-08,茄类,24.611,138.816,48,4,79.64075,48,5.640404697086669,1.6591822916666665,6,2,0,0,0,0,1,0,0,0,0,0,0,1,0,0,0,0,0
2021-06-09,茄类,19.353,93.38340000000001,37,4,54.03809,37,4.825267400403038,1.4604889189189187,6,3,0,0,0,0,1,0,0,0,0,0,0,0,1,0,0,0,0
2021-06-10,茄类,24.961,122.1056,47,4,68.87001000000001,47,4.891855294259044,1.4653193617021278,6,4,0,0,0,0,1,0,0,0,0,0,0,0,0,1,0,0,0
2021-06-11,茄类,16.567,49.643,30,4,29.225859999999997,30,2.9964990644051426,0.9741953333333332,6,5,0,0,0,0,1,0,0,0,0,0,0,0,0,0,1,0,0
2021-06-12,茄类,48.073,289.865,95,5,163.74904999999998,95,6.029684022216213,1.7236742105263156,6,6,0,0,0,0,1,0,0,0,0,0,0,0,0,0,0,1,0
2021-06-13,茄类,38.342,229.981,68,5,110.86616000000001,68,5.998148244744667,1.630384705882353,6,7,0,0,0,0,1,0,0,0,0,0,0,0,0,0,0,0,1
2021-06-14,茄类,37.545,176.36599999999999,72,5,122.71155999999999,72,4.697456385670528,1.704327222222222,6,1,0,0,0,0,1,0,0,0,0,0,0,0,0,0,0,0,0
2021-06-15,茄类,20.698,109.33200000000001,38,4,70.7024,38,5.28224949270461,1.8605894736842103,6,2,0,0,0,0,1,0,0,0,0,0,0,1,0,0,0,0,0
2021-06-16,茄类,19.793,92.512,39,4,57.88503,39,4.673975647956349,1.4842315384615385,6,3,0,0,0,0,1,0,0,0,0,0,0,0,1,0,0,0,0
2021-06-17,茄类,28.237000000000002,145.978,55,3,89.94573,55,5.1697418280978855,1.635376909090909,6,4,0,0,0,0,1,0,0,0,0,0,0,0,0,1,0,0,0
2021-06-18,茄类,27.339,147.666,50,3,85.55204,50,5.401294853505981,1.7110408000000001,6,5,0,0,0,0,1,0,0,0,0,0,0,0,0,0,1,0,0
2021-06-19,茄类,30.488,145.54,61,3,84.95013,61,4.7736814484387295,1.3926250819672132,6,6,0,0,0,0,1,0,0,0,0,0,0,0,0,0,0,1,0
2021-06-20,茄类,61.881,319.558,123,3,186.06579,123,5.164072978781856,1.51273,6,7,0,0,0,0,1,0,0,0,0,0,0,0,0,0,0,0,1
2021-06-21,茄类,18.566,80.476,37,3,46.01624,37,4.33459011095551,1.2436821621621623,6,1,0,0,0,0,1,0,0,0,0,0,0,0,0,0,0,0,0
2021-06-22,茄类,30.92,147.728,54,3,84.16249,54,4.7777490297542045,1.5585646296296298,6,2,0,0,0,0,1,0,0,0,0,0,0,1,0,0,0,0,0
2021-06-23,茄类,24.341,102.802,45,3,62.70313,45,4.223409062897991,1.393402888888889,6,3,0,0,0,0,1,0,0,0,0,0,0,0,1,0,0,0,0
2021-06-24,茄类,19.543,91.6968,36,2,54.957480000000004,36,4.69205342066213,1.5265966666666668,6,4,0,0,0,0,1,0,0,0,0,0,0,0,0,1,0,0,0
2021-06-25,茄类,12.896,67.6654,24,3,35.8859,24,5.24700682382134,1.4952458333333334,6,5,0,0,0,0,1,0,0,0,0,0,0,0,0,0,1,0,0
2021-06-26,茄类,35.449,185.3258,64,3,95.94308,64,5.227955654602386,1.499110625,6,6,0,0,0,0,1,0,0,0,0,0,0,0,0,0,0,1,0
2021-06-27,茄类,31.776,205.9788,65,3,124.68128999999999,65,6.4822129909365565,1.9181736923076922,6,7,0,0,0,0,1,0,0,0,0,0,0,0,0,0,0,0,1
2021-06-28,茄类,21.088,122.3342,40,3,72.67143,40,5.801128603945371,1.81678575,6,1,0,0,0,0,1,0,0,0,0,0,0,0,0,0,0,0,0
2021-06-29,茄类,19.721,98.915,44,3,58.39481,44,5.0157192840119675,1.3271547727272728,6,2,0,0,0,0,1,0,0,0,0,0,0,1,0,0,0,0,0
2021-06-30,茄类,27.425,137.863,49,3,78.8274,49,5.026909753874202,1.6087224489795917,6,3,0,0,0,0,1,0,0,0,0,0,0,0,1,0,0,0,0
2021-07-01,茄类,26.278,128.053,46,3,73.89687,46,4.873011644721821,1.606453695652174,7,4,0,0,0,0,0,1,0,0,0,0,0,0,0,1,0,0,0
2021-07-02,茄类,28.565,123.388,54,4,74.57191,54,4.3195518991773145,1.3809612962962963,7,5,0,0,0,0,0,1,0,0,0,0,0,0,0,0,1,0,0
2021-07-03,茄类,46.729,223.182,77,3,143.95381,77,4.776091934344839,1.8695300000000001,7,6,0,0,0,0,0,1,0,0,0,0,0,0,0,0,0,1,0
2021-07-04,茄类,39.241,194.218,71,3,114.47243,71,4.949364185418312,1.6122877464788732,7,7,0,0,0,0,0,1,0,0,0,0,0,0,0,0,0,0,1
2021-07-05,茄类,49.588,227.714,87,4,124.29521000000001,87,4.59211906106316,1.4286805747126439,7,1,0,0,0,0,0,1,0,0,0,0,0,0,0,0,0,0,0
2021-07-06,茄类,49.005,227.692,100,4,125.76644,100,4.646301397816549,1.2576644000000001,7,2,0,0,0,0,0,1,0,0,0,0,0,1,0,0,0,0,0
2021-07-07,茄类,31.752,116.248,66,4,80.15046,66,3.661123708742757,1.214400909090909,7,3,0,0,0,0,0,1,0,0,0,0,0,0,1,0,0,0,0
2021-07-08,茄类,33.078,139.172,63,4,76.0891,63,4.2073885966503415,1.207763492063492,7,4,0,0,0,0,0,1,0,0,0,0,0,0,0,1,0,0,0
2021-07-09,茄类,22.810000000000002,100.952,44,4,55.38601,44,4.4257781674704075,1.2587729545454545,7,5,0,0,0,0,0,1,0,0,0,0,0,0,0,0,1,0,0
2021-07-10,茄类,49.929,244.502,98,4,119.44253,98,4.896993731098159,1.2188013265306124,7,6,0,0,0,0,0,1,0,0,0,0,0,0,0,0,0,1,0
2021-07-11,茄类,40.365,185.3024,80,3,102.23376,80,4.590670135017961,1.277922,7,7,0,0,0,0,0,1,0,0,0,0,0,0,0,0,0,0,1
2021-07-12,茄类,24.025,121.8924,49,3,66.27266999999999,49,5.073565036420396,1.352503469387755,7,1,0,0,0,0,0,1,0,0,0,0,0,0,0,0,0,0,0
2021-07-13,茄类,28.125,148.3748,53,3,85.40223,53,5.2755484444444445,1.6113628301886793,7,2,0,0,0,0,0,1,0,0,0,0,0,1,0,0,0,0,0
2021-07-14,茄类,20.281,101.12,40,4,56.0251,40,4.985947438489227,1.4006275000000001,7,3,0,0,0,0,0,1,0,0,0,0,0,0,1,0,0,0,0
2021-07-15,茄类,17.221,112.035,35,3,60.70144,35,6.505719760757215,1.7343268571428572,7,4,0,0,0,0,0,1,0,0,0,0,0,0,0,1,0,0,0
2021-07-16,茄类,53.38,318.996,105,4,191.09958,105,5.975946047208692,1.819996,7,5,0,0,0,0,0,1,0,0,0,0,0,0,0,0,1,0,0
2021-07-17,茄类,29.918,198.727,56,5,111.16689,56,6.642389197138846,1.9851230357142857,7,6,0,0,0,0,0,1,0,0,0,0,0,0,0,0,0,1,0
2021-07-18,茄类,31.604,190.157,65,5,110.84248000000001,65,6.016864953803316,1.7052689230769231,7,7,0,0,0,0,0,1,0,0,0,0,0,0,0,0,0,0,1
2021-07-19,茄类,19.986,113.711,38,4,65.82059,38,5.689532672871009,1.732120789473684,7,1,0,0,0,0,0,1,0,0,0,0,0,0,0,0,0,0,0
2021-07-20,茄类,19.324,121.593,36,5,73.16496000000001,36,6.292330780376734,2.03236,7,2,0,0,0,0,0,1,0,0,0,0,0,1,0,0,0,0,0
2021-07-21,茄类,22.554,160.268,48,4,96.24656,48,7.105967899263989,2.0051366666666666,7,3,0,0,0,0,0,1,0,0,0,0,0,0,1,0,0,0,0
2021-07-22,茄类,26.636,210.27100000000002,54,4,114.64242,54,7.894240877008561,2.1230077777777776,7,4,0,0,0,0,0,1,0,0,0,0,0,0,0,1,0,0,0
2021-07-23,茄类,19.1,168.03300000000002,41,3,98.49738,41,8.797539267015708,2.4023751219512195,7,5,0,0,0,0,0,1,0,0,0,0,0,0,0,0,1,0,0
2021-07-24,茄类,37.029,292.866,76,4,207.2634,76,7.909098274325528,2.72715,7,6,0,0,0,0,0,1,0,0,0,0,0,0,0,0,0,1,0
2021-07-25,茄类,29.736,260.812,65,4,183.21137000000002,65,8.770917406510627,2.818636461538462,7,7,0,0,0,0,0,1,0,0,0,0,0,0,0,0,0,0,1
2021-07-26,茄类,16.386,151.355,34,3,104.16159999999999,34,9.23684852923227,3.063576470588235,7,1,0,0,0,0,0,1,0,0,0,0,0,0,0,0,0,0,0
2021-07-27,茄类,20.927,175.163,48,4,110.31126,48,8.3701916184833,2.29815125,7,2,0,0,0,0,0,1,0,0,0,0,0,1,0,0,0,0,0
2021-07-28,茄类,15.551,140.416,31,4,90.46064,31,9.029387177673462,2.9180851612903225,7,3,0,0,0,0,0,1,0,0,0,0,0,0,1,0,0,0,0
2021-07-29,茄类,59.522,286.203,116,4,184.34669,116,4.80835657403985,1.589195603448276,7,4,0,0,0,0,0,1,0,0,0,0,0,0,0,1,0,0,0
2021-07-30,茄类,33.845,227.4,68,3,136.91965,68,6.718865415866451,2.0135242647058824,7,5,0,0,0,0,0,1,0,0,0,0,0,0,0,0,1,0,0
2021-07-31,茄类,24.536,181.5038,47,4,115.67446000000001,47,7.397448646886208,2.4611587234042553,7,6,0,0,0,0,0,1,0,0,0,0,0,0,0,0,0,1,0
2021-08-01,茄类,10.155000000000001,60.2954,22,3,39.39652,22,5.9375086164451005,1.7907509090909093,8,7,0,0,0,0,0,0,1,0,0,0,0,0,0,0,0,0,1
2021-08-02,茄类,22.493,176.326,42,4,86.29334,42,7.839149957764638,2.0546033333333336,8,1,0,0,0,0,0,0,1,0,0,0,0,0,0,0,0,0,0
2021-08-03,茄类,16.811,142.606,34,4,85.8124,34,8.48289810243293,2.5238941176470586,8,2,0,0,0,0,0,0,1,0,0,0,0,1,0,0,0,0,0
2021-08-04,茄类,23.525,168.848,44,4,106.41383,44,7.177385759829969,2.4184961363636366,8,3,0,0,0,0,0,0,1,0,0,0,0,0,1,0,0,0,0
2021-08-05,茄类,21.576,166.29,47,4,104.34075,47,7.707174638487207,2.2200159574468086,8,4,0,0,0,0,0,0,1,0,0,0,0,0,0,1,0,0,0
2021-08-06,茄类,20.331,180.138,42,4,121.61214,42,8.860262653091338,2.895527142857143,8,5,0,0,0,0,0,0,1,0,0,0,0,0,0,0,1,0,0
2021-08-07,茄类,23.784,229.052,50,4,151.19157,50,9.630507904473596,3.0238314,8,6,0,0,0,0,0,0,1,0,0,0,0,0,0,0,0,1,0
2021-08-08,茄类,32.192,361.536,70,3,251.6262,70,11.23061630218688,3.59466,8,7,0,0,0,0,0,0,1,0,0,0,0,0,0,0,0,0,1
2021-08-09,茄类,31.015,238.654,64,4,155.30942,64,7.6947928421731415,2.4267096875,8,1,0,0,0,0,0,0,1,0,0,0,0,0,0,0,0,0,0
2021-08-10,茄类,22.361,200.91,48,4,146.6116,48,8.984839676221993,3.0544083333333334,8,2,0,0,0,0,0,0,1,0,0,0,0,1,0,0,0,0,0
2021-08-11,茄类,25.242,242.02700000000002,48,4,184.91074,48,9.588265589097537,3.8523070833333333,8,3,0,0,0,0,0,0,1,0,0,0,0,0,1,0,0,0,0
2021-08-12,茄类,37.175,284.422,75,4,186.94068,75,7.650894418291864,2.4925423999999996,8,4,0,0,0,0,0,0,1,0,0,0,0,0,0,1,0,0,0
2021-08-13,茄类,49.079,373.146,94,4,279.49166,94,7.6029666456121765,2.973315531914894,8,5,0,0,0,0,0,0,1,0,0,0,0,0,0,0,1,0,0
2021-08-14,茄类,35.09,245.624,70,4,145.10044,70,6.999829011114277,2.0728634285714285,8,6,0,0,0,0,0,0,1,0,0,0,0,0,0,0,0,1,0
2021-08-15,茄类,31.245,211.173,66,4,119.76970999999999,66,6.758617378780604,1.8146925757575756,8,7,0,0,0,0,0,0,1,0,0,0,0,0,0,0,0,0,1
2021-08-16,茄类,24.663,164.12199999999999,46,3,100.72729,46,6.65458378948222,2.189723695652174,8,1,0,0,0,0,0,0,1,0,0,0,0,0,0,0,0,0,0
2021-08-17,茄类,28.565,196.07,64,4,123.25821,64,6.863994398739716,1.92590953125,8,2,0,0,0,0,0,0,1,0,0,0,0,1,0,0,0,0,0
2021-08-18,茄类,25.035,192.989,48,4,123.77597,48,7.7087677251847415,2.5786660416666667,8,3,0,0,0,0,0,0,1,0,0,0,0,0,1,0,0,0,0
2021-08-19,茄类,31.478,229.489,58,4,143.17031,58,7.290456826990279,2.468453620689655,8,4,0,0,0,0,0,0,1,0,0,0,0,0,0,1,0,0,0
2021-08-20,茄类,25.752,248.066,51,4,139.94686,51,9.632882882882884,2.744056078431372,8,5,0,0,0,0,0,0,1,0,0,0,0,0,0,0,1,0,0
2021-08-21,茄类,33.887,231.688,68,4,157.36849,68,6.837076164900994,2.3142425,8,6,0,0,0,0,0,0,1,0,0,0,0,0,0,0,0,1,0
2021-08-22,茄类,21.861,159.385,50,4,116.66336,50,7.29083756461278,2.3332672,8,7,0,0,0,0,0,0,1,0,0,0,0,0,0,0,0,0,1
2021-08-23,茄类,29.713,199.834,65,4,150.09674,65,6.72547369838118,2.3091806153846157,8,1,0,0,0,0,0,0,1,0,0,0,0,0,0,0,0,0,0
2021-08-24,茄类,22.695,153.405,45,4,106.15805999999999,45,6.75941837409121,2.3590679999999997,8,2,0,0,0,0,0,0,1,0,0,0,0,1,0,0,0,0,0
2021-08-25,茄类,27.139,182.24,52,4,119.23246,52,6.7150595084564655,2.292931923076923,8,3,0,0,0,0,0,0,1,0,0,0,0,0,1,0,0,0,0
2021-08-26,茄类,34.355000000000004,245.598,71,3,140.06548,71,7.148828409256294,1.9727532394366198,8,4,0,0,0,0,0,0,1,0,0,0,0,0,0,1,0,0,0
2021-08-27,茄类,33.381,233.774,64,4,141.5766,64,7.0032054162547555,2.212134375,8,5,0,0,0,0,0,0,1,0,0,0,0,0,0,0,1,0,0
2021-08-28,茄类,34.078,253.705,67,4,157.54906,67,7.444832443218498,2.3514785074626867,8,6,0,0,0,0,0,0,1,0,0,0,0,0,0,0,0,1,0
2021-08-29,茄类,39.917,310.353,81,4,210.60255,81,7.774958037928702,2.6000314814814818,8,7,0,0,0,0,0,0,1,0,0,0,0,0,0,0,0,0,1
2021-08-30,茄类,41.208,314.522,82,4,204.29734,82,7.632547078237236,2.491430975609756,8,1,0,0,0,0,0,0,1,0,0,0,0,0,0,0,0,0,0
2021-08-31,茄类,39.432,305.287,78,4,195.55203,78,7.74211300466626,2.507077307692308,8,2,0,0,0,0,0,0,1,0,0,0,0,1,0,0,0,0,0
2021-09-01,茄类,27.264,231.483,57,4,144.24736000000001,57,8.490426936619718,2.5306554385964914,9,3,0,0,0,0,0,0,0,1,0,0,0,0,1,0,0,0,0
2021-09-02,茄类,24.511,205.6,50,4,117.2411,50,8.388070662151687,2.344822,9,4,0,0,0,0,0,0,0,1,0,0,0,0,0,1,0,0,0
2021-09-03,茄类,20.685,181.352,42,4,106.28744,42,8.767319313512207,2.5306533333333334,9,5,0,0,0,0,0,0,0,1,0,0,0,0,0,0,1,0,0
2021-09-04,茄类,26.823,241.69400000000002,56,4,146.3511,56,9.010699772583232,2.6134125,9,6,0,0,0,0,0,0,0,1,0,0,0,0,0,0,0,1,0
2021-09-05,茄类,30.823,260.966,60,4,166.97851,60,8.466599617168997,2.7829751666666667,9,7,0,0,0,0,0,0,0,1,0,0,0,0,0,0,0,0,1
2021-09-06,茄类,20.716,184.626,41,4,110.69957000000001,41,8.912241745510716,2.6999895121951223,9,1,0,0,0,0,0,0,0,1,0,0,0,0,0,0,0,0,0
2021-09-07,茄类,19.175,159.586,36,4,106.15316,36,8.322607561929596,2.948698888888889,9,2,0,0,0,0,0,0,0,1,0,0,0,1,0,0,0,0,0
2021-09-08,茄类,16.32,133.052,32,4,93.16695,32,8.152696078431372,2.9114671875,9,3,0,0,0,0,0,0,0,1,0,0,0,0,1,0,0,0,0
2021-09-09,茄类,12.804,107.132,23,4,74.42616000000001,23,8.367072789753202,3.2359200000000006,9,4,0,0,0,0,0,0,0,1,0,0,0,0,0,1,0,0,0
2021-09-10,茄类,13.491,113.028,29,4,73.64963999999999,29,8.378029797642874,2.5396427586206896,9,5,0,0,0,0,0,0,0,1,0,0,0,0,0,0,1,0,0
2021-09-11,茄类,26.026,214.934,54,4,139.44019999999998,54,8.25843387381849,2.5822259259259255,9,6,0,0,0,0,0,0,0,1,0,0,0,0,0,0,0,1,0
2021-09-12,茄类,34.906,282.924,73,4,175.87319,73,8.105311407780897,2.409221780821918,9,7,0,0,0,0,0,0,0,1,0,0,0,0,0,0,0,0,1
2021-09-13,茄类,26.428,204.868,59,4,125.25648,59,7.751929771454518,2.122991186440678,9,1,0,0,0,0,0,0,0,1,0,0,0,0,0,0,0,0,0
2021-09-14,茄类,24.411,186.907,48,4,115.31009,48,7.65667117283192,2.402293541666667,9,2,0,0,0,0,0,0,0,1,0,0,0,1,0,0,0,0,0
2021-09-15,茄类,20.887,157.743,45,4,93.24122,45,7.552209508306602,2.0720271111111113,9,3,0,0,0,0,0,0,0,1,0,0,0,0,1,0,0,0,0
2021-09-16,茄类,15.129,125.33500000000001,32,3,70.37229,32,8.28442064908454,2.1991340625,9,4,0,0,0,0,0,0,0,1,0,0,0,0,0,1,0,0,0
2021-09-17,茄类,14.774,109.58500000000001,29,4,63.68357,29,7.4174224989847035,2.1959851724137933,9,5,0,0,0,0,0,0,0,1,0,0,0,0,0,0,1,0,0
2021-09-18,茄类,12.482000000000001,97.313,25,3,56.73784,25,7.796266623938471,2.2695136,9,6,0,0,0,0,0,0,0,1,0,0,0,0,0,0,0,1,0
2021-09-19,茄类,14.896,115.92,33,4,63.34702,33,7.781954887218045,1.9196066666666667,9,7,0,0,0,0,0,0,0,1,0,0,0,0,0,0,0,0,1
2021-09-20,茄类,25.02,195.331,49,4,104.13046,49,7.806994404476418,2.1251114285714285,9,1,0,0,0,0,0,0,0,1,0,0,0,0,0,0,0,0,0
2021-09-21,茄类,21.495,167.376,45,4,85.20301,45,7.7867411025819955,1.8934002222222224,9,2,0,0,0,0,0,0,0,1,0,0,0,1,0,0,0,0,0
2021-09-22,茄类,15.663,122.44500000000001,30,4,61.59046,30,7.817467918023367,2.053015333333333,9,3,0,0,0,0,0,0,0,1,0,0,0,0,1,0,0,0,0
2021-09-23,茄类,10.501,79.913,22,4,41.51552,22,7.610037139320065,1.887069090909091,9,4,0,0,0,0,0,0,0,1,0,0,0,0,0,1,0,0,0
2021-09-24,茄类,9.878,77.227,23,3,41.734429999999996,23,7.818080583113991,1.8145404347826086,9,5,0,0,0,0,0,0,0,1,0,0,0,0,0,0,1,0,0
2021-09-25,茄类,15.333,120.637,35,3,66.48071999999999,35,7.867801473945086,1.8994491428571425,9,6,0,0,0,0,0,0,0,1,0,0,0,0,0,0,0,1,0
2021-09-26,茄类,28.75,216.667,65,4,121.16886,65,7.53624347826087,1.8641363076923076,9,7,0,0,0,0,0,0,0,1,0,0,0,0,0,0,0,0,1
2021-09-27,茄类,11.333,90.664,27,4,46.28623,27,8.0,1.714304814814815,9,1,0,0,0,0,0,0,0,1,0,0,0,0,0,0,0,0,0
2021-09-28,茄类,19.695999999999998,145.414,43,4,81.52673,43,7.3829203899268885,1.895970465116279,9,2,0,0,0,0,0,0,0,1,0,0,0,1,0,0,0,0,0
2021-09-29,茄类,14.816,114.188,34,4,68.16458,34,7.707073434125269,2.004840588235294,9,3,0,0,0,0,0,0,0,1,0,0,0,0,1,0,0,0,0
2021-09-30,茄类,18.757,144.26500000000001,42,4,82.50309,42,7.691261928879885,1.9643592857142858,9,4,0,0,0,0,0,0,0,1,0,0,0,0,0,1,0,0,0
2021-10-01,茄类,36.474,284.076,67,4,177.00346,67,7.788452048034218,2.641842686567164,10,5,0,0,0,0,0,0,0,0,1,0,0,0,0,0,1,0,0
2021-10-02,茄类,31.974,261.243,66,4,154.60023,66,8.170482266841809,2.3424277272727276,10,6,0,0,0,0,0,0,0,0,1,0,0,0,0,0,0,1,0
2021-10-03,茄类,27.065,219.23499999999999,59,4,118.39336,59,8.10031405874746,2.0066671186440677,10,7,0,0,0,0,0,0,0,0,1,0,0,0,0,0,0,0,1
2021-10-04,茄类,20.632,183.236,50,4,112.63705,50,8.88115548662272,2.252741,10,1,0,0,0,0,0,0,0,0,1,0,0,0,0,0,0,0,0
2021-10-05,茄类,36.423,262.416,73,4,213.71721,73,7.204678362573099,2.92763301369863,10,2,0,0,0,0,0,0,0,0,1,0,0,1,0,0,0,0,0
2021-10-06,茄类,24.095,212.685,52,4,146.81901,52,8.826935048765305,2.8234424999999996,10,3,0,0,0,0,0,0,0,0,1,0,0,0,1,0,0,0,0
2021-10-07,茄类,20.343,196.923,47,4,136.34073,47,9.680135673204543,2.900866595744681,10,4,0,0,0,0,0,0,0,0,1,0,0,0,0,1,0,0,0
2021-10-08,茄类,23.041,225.09799999999998,51,4,149.48863,51,9.769454450761685,2.931149607843137,10,5,0,0,0,0,0,0,0,0,1,0,0,0,0,0,1,0,0
2021-10-09,茄类,16.791999999999998,164.88,37,4,106.98128,37,9.818961410195332,2.891385945945946,10,6,0,0,0,0,0,0,0,0,1,0,0,0,0,0,0,1,0
2021-10-10,茄类,24.273,251.773,54,4,152.50977,54,10.372553866435958,2.824255,10,7,0,0,0,0,0,0,0,0,1,0,0,0,0,0,0,0,1
2021-10-11,茄类,14.56,130.286,28,4,82.1349,28,8.948214285714286,2.9333892857142856,10,1,0,0,0,0,0,0,0,0,1,0,0,0,0,0,0,0,0
2021-10-12,茄类,12.799,127.99000000000001,28,4,68.81765,28,10.000000000000002,2.4577732142857145,10,2,0,0,0,0,0,0,0,0,1,0,0,1,0,0,0,0,0
2021-10-13,茄类,11.277000000000001,116.582,24,4,69.33658,24,10.338033164848806,2.8890241666666667,10,3,0,0,0,0,0,0,0,0,1,0,0,0,1,0,0,0,0
2021-10-14,茄类,10.191,101.91,24,2,64.78599,24,9.999999999999998,2.69941625,10,4,0,0,0,0,0,0,0,0,1,0,0,0,0,1,0,0,0
2021-10-15,茄类,10.811,132.124,20,4,73.625,20,12.221256128017759,3.68125,10,5,0,0,0,0,0,0,0,0,1,0,0,0,0,0,1,0,0
2021-10-16,茄类,14.772,180.23000000000002,35,3,100.05572000000001,35,12.20078526942865,2.8587348571428572,10,6,0,0,0,0,0,0,0,0,1,0,0,0,0,0,0,1,0
2021-10-17,茄类,13.639,171.464,27,4,97.95888000000001,27,12.571596158076106,3.628106666666667,10,7,0,0,0,0,0,0,0,0,1,0,0,0,0,0,0,0,1
2021-10-18,茄类,10.502,138.232,22,4,77.19704999999999,22,13.16244524852409,3.508956818181818,10,1,0,0,0,0,0,0,0,0,1,0,0,0,0,0,0,0,0
2021-10-19,茄类,8.766,101.846,21,3,68.01273,21,11.618297969427333,3.238701428571429,10,2,0,0,0,0,0,0,0,0,1,0,0,1,0,0,0,0,0
2021-10-20,茄类,8.978,104.88,18,4,71.11379,18,11.681889062151926,3.9507661111111108,10,3,0,0,0,0,0,0,0,0,1,0,0,0,1,0,0,0,0
2021-10-21,茄类,11.262,154.95600000000002,24,4,84.74453,24,13.75919019712307,3.5310220833333332,10,4,0,0,0,0,0,0,0,0,1,0,0,0,0,1,0,0,0
2021-10-22,茄类,5.062,70.44,11,2,36.67382,11,13.915448439352033,3.3339836363636364,10,5,0,0,0,0,0,0,0,0,1,0,0,0,0,0,1,0,0
2021-10-23,茄类,9.346,129.192,21,2,73.40444,21,13.82323988872245,3.4954495238095236,10,6,0,0,0,0,0,0,0,0,1,0,0,0,0,0,0,1,0
2021-10-24,茄类,11.389,150.57,20,4,95.63458,20,13.220651505838967,4.781729,10,7,0,0,0,0,0,0,0,0,1,0,0,0,0,0,0,0,1
2021-10-25,茄类,7.279,97.404,16,3,64.52082,16,13.38150844896277,4.03255125,10,1,0,0,0,0,0,0,0,0,1,0,0,0,0,0,0,0,0
2021-10-26,茄类,8.68,115.686,18,4,79.69768,18,13.327880184331798,4.427648888888889,10,2,0,0,0,0,0,0,0,0,1,0,0,1,0,0,0,0,0
2021-10-27,茄类,6.836,97.2324,17,3,64.0786,17,14.223581041544762,3.7693294117647054,10,3,0,0,0,0,0,0,0,0,1,0,0,0,1,0,0,0,0
2021-10-28,茄类,3.122,44.8044,7,3,30.3961,7,14.351185137732223,4.3423,10,4,0,0,0,0,0,0,0,0,1,0,0,0,0,1,0,0,0
2021-10-29,茄类,11.124,125.136,21,3,97.6167,21,11.249190938511326,4.648414285714286,10,5,0,0,0,0,0,0,0,0,1,0,0,0,0,0,1,0,0
2021-10-30,茄类,12.133000000000001,129.792,25,3,114.51559999999999,25,10.697436742767659,4.580623999999999,10,6,0,0,0,0,0,0,0,0,1,0,0,0,0,0,0,1,0
2021-10-31,茄类,8.639,106.164,20,4,77.66584,20,12.288922328973262,3.883292,10,7,0,0,0,0,0,0,0,0,1,0,0,0,0,0,0,0,1
2021-11-01,茄类,10.293000000000001,114.52000000000001,17,3,74.30011,17,11.126007966579229,4.370594705882353,11,1,0,0,0,0,0,0,0,0,0,1,0,0,0,0,0,0,0
2021-11-02,茄类,13.551,152.258,27,4,92.62281,27,11.235923548077633,3.4304744444444446,11,2,0,0,0,0,0,0,0,0,0,1,0,1,0,0,0,0,0
2021-11-03,茄类,5.176,65.61,10,4,37.24003,10,12.6758114374034,3.7240029999999997,11,3,0,0,0,0,0,0,0,0,0,1,0,0,1,0,0,0,0
2021-11-04,茄类,12.227,132.4,21,3,81.64085,21,10.828494315858347,3.887659523809524,11,4,0,0,0,0,0,0,0,0,0,1,0,0,0,1,0,0,0
2021-11-05,茄类,6.524,68.56400000000001,14,3,43.98932,14,10.509503372164318,3.1420942857142857,11,5,0,0,0,0,0,0,0,0,0,1,0,0,0,0,1,0,0
2021-11-06,茄类,9.658,101.28,20,3,63.56765,20,10.486643197349348,3.1783825,11,6,0,0,0,0,0,0,0,0,0,1,0,0,0,0,0,1,0
2021-11-07,茄类,14.185,156.752,32,4,97.09075,32,11.05054635178005,3.0340859375,11,7,0,0,0,0,0,0,0,0,0,1,0,0,0,0,0,0,1
2021-11-08,茄类,10.662,128.23000000000002,22,3,73.26089999999999,22,12.026824235603078,3.3300409090909087,11,1,0,0,0,0,0,0,0,0,0,1,0,0,0,0,0,0,0
2021-11-09,茄类,3.419,41.028,10,1,23.38596,10,12.0,2.338596,11,2,0,0,0,0,0,0,0,0,0,1,0,1,0,0,0,0,0
2021-11-10,茄类,3.044,36.528,8,2,21.08162,8,12.0,2.6352025,11,3,0,0,0,0,0,0,0,0,0,1,0,0,1,0,0,0,0
2021-11-11,茄类,3.602,44.858000000000004,8,3,27.47819,8,12.453636868406443,3.43477375,11,4,0,0,0,0,0,0,0,0,0,1,0,0,0,1,0,0,0
2021-11-12,茄类,10.337,131.926,24,3,83.55568,24,12.762503627744993,3.4814866666666666,11,5,0,0,0,0,0,0,0,0,0,1,0,0,0,0,1,0,0
2021-11-13,茄类,10.383000000000001,114.23400000000001,24,3,75.59633000000001,24,11.002022536839064,3.149847083333334,11,6,0,0,0,0,0,0,0,0,0,1,0,0,0,0,0,1,0
2021-11-14,茄类,14.612,175.088,33,3,116.70779999999999,33,11.982480153298658,3.5366,11,7,0,0,0,0,0,0,0,0,0,1,0,0,0,0,0,0,1
2021-11-15,茄类,7.194,80.712,18,3,52.920640000000006,18,11.219349457881568,2.9400355555555557,11,1,0,0,0,0,0,0,0,0,0,1,0,0,0,0,0,0,0
2021-11-16,茄类,2.8339999999999996,34.814,7,3,21.650059999999996,7,12.284403669724773,3.092865714285714,11,2,0,0,0,0,0,0,0,0,0,1,0,1,0,0,0,0,0
2021-11-17,茄类,7.203,81.086,15,3,49.5999,15,11.257253921976954,3.30666,11,3,0,0,0,0,0,0,0,0,0,1,0,0,1,0,0,0,0
2021-11-18,茄类,3.246,37.936,8,3,23.17873,8,11.686999383857055,2.89734125,11,4,0,0,0,0,0,0,0,0,0,1,0,0,0,1,0,0,0
2021-11-19,茄类,6.776,77.76,15,3,47.24179,15,11.475796930342385,3.149452666666667,11,5,0,0,0,0,0,0,0,0,0,1,0,0,0,0,1,0,0
2021-11-20,茄类,9.051,107.478,21,3,66.13086,21,11.874709976798144,3.1490885714285715,11,6,0,0,0,0,0,0,0,0,0,1,0,0,0,0,0,1,0
2021-11-21,茄类,17.990000000000002,195.916,37,3,120.93329,37,10.890272373540855,3.2684672972972972,11,7,0,0,0,0,0,0,0,0,0,1,0,0,0,0,0,0,1
2021-11-22,茄类,9.175,101.89,22,3,64.692,22,11.105177111716621,2.9405454545454544,11,1,0,0,0,0,0,0,0,0,0,1,0,0,0,0,0,0,0
2021-11-23,茄类,5.163,63.722,12,3,37.29479,12,12.342049196203757,3.1078991666666664,11,2,0,0,0,0,0,0,0,0,0,1,0,1,0,0,0,0,0
2021-11-24,茄类,9.217,115.586,22,4,72.3133,22,12.540522946728869,3.2869681818181817,11,3,0,0,0,0,0,0,0,0,0,1,0,0,1,0,0,0,0
2021-11-25,茄类,5.166,64.892,12,2,41.74606,12,12.561362756484707,3.4788383333333335,11,4,0,0,0,0,0,0,0,0,0,1,0,0,0,1,0,0,0
2021-11-26,茄类,6.0600000000000005,67.744,17,3,42.17194,17,11.178877887788778,2.4807023529411762,11,5,0,0,0,0,0,0,0,0,0,1,0,0,0,0,1,0,0
2021-11-27,茄类,11.622,115.078,22,4,71.31187,22,9.901738082946137,3.241448636363636,11,6,0,0,0,0,0,0,0,0,0,1,0,0,0,0,0,1,0
2021-11-28,茄类,9.693999999999999,101.001,18,3,61.07475,18,10.418918918918921,3.393041666666667,11,7,0,0,0,0,0,0,0,0,0,1,0,0,0,0,0,0,1
2021-11-29,茄类,5.796,68.826,13,4,40.88892,13,11.874741200828156,3.1453015384615384,11,1,0,0,0,0,0,0,0,0,0,1,0,0,0,0,0,0,0
2021-11-30,茄类,7.103,77.79,16,4,43.94584,16,10.951710544840209,2.746615,11,2,0,0,0,0,0,0,0,0,0,1,0,1,0,0,0,0,0
2021-12-01,茄类,5.252,55.632,12,3,30.54525,12,10.592536176694592,2.5454375,12,3,0,0,0,0,0,0,0,0,0,0,1,0,1,0,0,0,0
2021-12-02,茄类,4.474,48.58,10,3,27.42953,10,10.858292355833704,2.742953,12,4,0,0,0,0,0,0,0,0,0,0,1,0,0,1,0,0,0
2021-12-03,茄类,5.683,60.126,13,2,33.79756,13,10.579975365124055,2.5998123076923076,12,5,0,0,0,0,0,0,0,0,0,0,1,0,0,0,1,0,0
2021-12-04,茄类,9.205,98.28,24,3,58.1274,24,10.67680608365019,2.421975,12,6,0,0,0,0,0,0,0,0,0,0,1,0,0,0,0,1,0
2021-12-05,茄类,10.65,116.658,23,3,66.80214000000001,23,10.953802816901408,2.9044408695652177,12,7,0,0,0,0,0,0,0,0,0,0,1,0,0,0,0,0,1
2021-12-06,茄类,2.92,36.324,7,3,21.15372,7,12.43972602739726,3.02196,12,1,0,0,0,0,0,0,0,0,0,0,1,0,0,0,0,0,0
2021-12-07,茄类,3.737,47.274,10,4,26.7774,10,12.65025421461065,2.67774,12,2,0,0,0,0,0,0,0,0,0,0,1,1,0,0,0,0,0
2021-12-08,茄类,3.331,38.042,9,3,24.682949999999998,9,11.420594416091264,2.7425499999999996,12,3,0,0,0,0,0,0,0,0,0,0,1,0,1,0,0,0,0
2021-12-09,茄类,2.214,30.996000000000002,4,1,17.97768,4,14.000000000000002,4.49442,12,4,0,0,0,0,0,0,0,0,0,0,1,0,0,1,0,0,0
2021-12-10,茄类,2.302,24.892,6,3,16.1263,6,10.813205907906168,2.6877166666666668,12,5,0,0,0,0,0,0,0,0,0,0,1,0,0,0,1,0,0
2021-12-11,茄类,10.714,114.906,23,3,63.08999,23,10.724845995893224,2.7430430434782607,12,6,0,0,0,0,0,0,0,0,0,0,1,0,0,0,0,1,0
2021-12-12,茄类,10.426,108.898,26,4,59.12083,26,10.444849414924228,2.2738780769230766,12,7,0,0,0,0,0,0,0,0,0,0,1,0,0,0,0,0,1
2021-12-13,茄类,1.537,17.46,4,2,11.5097,4,11.359791802212102,2.877425,12,1,0,0,0,0,0,0,0,0,0,0,1,0,0,0,0,0,0
2021-12-14,茄类,5.4719999999999995,59.52,14,4,37.16338,14,10.877192982456142,2.6545271428571424,12,2,0,0,0,0,0,0,0,0,0,0,1,1,0,0,0,0,0
2021-12-15,茄类,6.299,66.534,15,4,38.16767,15,10.56262898872837,2.5445113333333333,12,3,0,0,0,0,0,0,0,0,0,0,1,0,1,0,0,0,0
2021-12-16,茄类,4.506,47.468,11,4,27.06306,11,10.53439857967155,2.460278181818182,12,4,0,0,0,0,0,0,0,0,0,0,1,0,0,1,0,0,0
2021-12-17,茄类,10.173,111.22800000000001,20,3,66.66795,20,10.933647891477442,3.3333975000000002,12,5,0,0,0,0,0,0,0,0,0,0,1,0,0,0,1,0,0
2021-12-18,茄类,11.996,137.496,27,3,83.26804,27,11.461820606868956,3.0840014814814816,12,6,0,0,0,0,0,0,0,0,0,0,1,0,0,0,0,1,0
2021-12-19,茄类,9.451,105.486,23,3,63.212779999999995,23,11.161358586392975,2.7483817391304344,12,7,0,0,0,0,0,0,0,0,0,0,1,0,0,0,0,0,1
2021-12-20,茄类,6.115,66.738,15,3,39.73832,15,10.913818479149631,2.6492213333333337,12,1,0,0,0,0,0,0,0,0,0,0,1,0,0,0,0,0,0
2021-12-21,茄类,6.431,72.882,17,4,44.6105,17,11.332918675167159,2.6241470588235294,12,2,0,0,0,0,0,0,0,0,0,0,1,1,0,0,0,0,0
2021-12-22,茄类,3.371,43.942,10,2,28.08739,10,13.035301097597152,2.808739,12,3,0,0,0,0,0,0,0,0,0,0,1,0,1,0,0,0,0
2021-12-23,茄类,3.09,35.144,7,3,21.48405,7,11.37346278317152,3.06915,12,4,0,0,0,0,0,0,0,0,0,0,1,0,0,1,0,0,0
2021-12-24,茄类,2.088,23.488,5,3,13.04866,5,11.249042145593869,2.609732,12,5,0,0,0,0,0,0,0,0,0,0,1,0,0,0,1,0,0
2021-12-25,茄类,4.919,57.902,11,3,35.23932,11,11.771091685301892,3.2035745454545452,12,6,0,0,0,0,0,0,0,0,0,0,1,0,0,0,0,1,0
2021-12-26,茄类,9.123,105.474,22,2,63.881280000000004,22,11.561328510358436,2.9036945454545458,12,7,0,0,0,0,0,0,0,0,0,0,1,0,0,0,0,0,1
2021-12-27,茄类,5.35,60.724000000000004,12,2,36.59248,12,11.350280373831778,3.0493733333333335,12,1,0,0,0,0,0,0,0,0,0,0,1,0,0,0,0,0,0
2021-12-28,茄类,5.317,54.708,15,3,34.94822,15,10.289260861388,2.3298813333333332,12,2,0,0,0,0,0,0,0,0,0,0,1,1,0,0,0,0,0
2021-12-29,茄类,3.0269999999999997,29.114,7,2,16.90864,7,9.618103733069047,2.41552,12,3,0,0,0,0,0,0,0,0,0,0,1,0,1,0,0,0,0
2021-12-30,茄类,11.272,118.172,23,3,79.75482000000001,23,10.483676366217175,3.4676008695652176,12,4,0,0,0,0,0,0,0,0,0,0,1,0,0,1,0,0,0
2021-12-31,茄类,12.997,134.936,28,3,85.45807,28,10.382088174194045,3.0520739285714287,12,5,0,0,0,0,0,0,0,0,0,0,1,0,0,0,1,0,0
2022-01-01,茄类,18.428,190.12800000000001,39,3,110.05963,39,10.317343173431734,2.8220417948717946,1,6,0,0,0,0,0,0,0,0,0,0,0,0,0,0,0,1,0
2022-01-02,茄类,13.349,134.054,25,3,79.63723,25,10.042250355831898,3.1854892,1,7,0,0,0,0,0,0,0,0,0,0,0,0,0,0,0,0,1
2022-01-03,茄类,12.782,131.342,28,3,78.51584,28,10.27554373337506,2.804137142857143,1,1,0,0,0,0,0,0,0,0,0,0,0,0,0,0,0,0,0
2022-01-04,茄类,8.174,80.444,18,3,47.153400000000005,18,9.841448495228775,2.6196333333333337,1,2,0,0,0,0,0,0,0,0,0,0,0,1,0,0,0,0,0
2022-01-05,茄类,9.827,102.402,23,2,62.609669999999994,23,10.420474203724433,2.722159565217391,1,3,0,0,0,0,0,0,0,0,0,0,0,0,1,0,0,0,0
2022-01-06,茄类,7.001,78.092,14,3,41.75119,14,11.154406513355234,2.982227857142857,1,4,0,0,0,0,0,0,0,0,0,0,0,0,0,1,0,0,0
2022-01-07,茄类,16.284,178.166,36,4,102.10217,36,10.941169245885533,2.836171388888889,1,5,0,0,0,0,0,0,0,0,0,0,0,0,0,0,1,0,0
2022-01-08,茄类,14.224,152.986,31,4,92.1277,31,10.755483689538806,2.9718612903225807,1,6,0,0,0,0,0,0,0,0,0,0,0,0,0,0,0,1,0
2022-01-09,茄类,11.879,131.102,26,4,74.91404,26,11.036450879703679,2.8813092307692307,1,7,0,0,0,0,0,0,0,0,0,0,0,0,0,0,0,0,1
2022-01-10,茄类,8.581999999999999,92.157,22,3,54.14494,22,10.738405965975298,2.4611336363636362,1,1,0,0,0,0,0,0,0,0,0,0,0,0,0,0,0,0,0
2022-01-11,茄类,10.573,106.534,26,4,63.19104,26,10.076042750401967,2.4304246153846156,1,2,0,0,0,0,0,0,0,0,0,0,0,1,0,0,0,0,0
2022-01-12,茄类,10.637,114.042,22,4,66.19432,22,10.721255993231173,3.0088327272727273,1,3,0,0,0,0,0,0,0,0,0,0,0,0,1,0,0,0,0
2022-01-13,茄类,12.889,144.233,29,4,82.87105,29,11.190394910388704,2.8576224137931034,1,4,0,0,0,0,0,0,0,0,0,0,0,0,0,1,0,0,0
2022-01-14,茄类,6.196,70.362,16,3,39.50574,16,11.356036152356358,2.46910875,1,5,0,0,0,0,0,0,0,0,0,0,0,0,0,0,1,0,0
2022-01-15,茄类,9.146,93.468,20,3,57.56134,20,10.219549529849115,2.878067,1,6,0,0,0,0,0,0,0,0,0,0,0,0,0,0,0,1,0
2022-01-16,茄类,14.67,153.406,36,3,94.77028,36,10.457123381049762,2.6325077777777777,1,7,0,0,0,0,0,0,0,0,0,0,0,0,0,0,0,0,1
2022-01-17,茄类,10.665,111.798,24,3,69.34878,24,10.48270042194093,2.8895325,1,1,0,0,0,0,0,0,0,0,0,0,0,0,0,0,0,0,0
2022-01-18,茄类,8.478,89.446,18,3,54.68585,18,10.550365652276481,3.038102777777778,1,2,0,0,0,0,0,0,0,0,0,0,0,1,0,0,0,0,0
2022-01-19,茄类,4.2059999999999995,45.372,10,4,25.89169,10,10.787446504992868,2.589169,1,3,0,0,0,0,0,0,0,0,0,0,0,0,1,0,0,0,0
2022-01-20,茄类,22.912,250.06,53,4,147.77428,53,10.91393156424581,2.788193962264151,1,4,0,0,0,0,0,0,0,0,0,0,0,0,0,1,0,0,0
2022-01-21,茄类,23.798000000000002,254.982,55,3,152.42977,55,10.714429784015463,2.7714503636363634,1,5,0,0,0,0,0,0,0,0,0,0,0,0,0,0,1,0,0
2022-01-22,茄类,22.592,328.213,46,4,148.17749,46,14.527841713881022,3.221249782608696,1,6,0,0,0,0,0,0,0,0,0,0,0,0,0,0,0,1,0
2022-01-23,茄类,25.009,356.997,59,3,225.65760999999998,59,14.274741093206446,3.824705254237288,1,7,0,0,0,0,0,0,0,0,0,0,0,0,0,0,0,0,1
2022-01-24,茄类,25.579,367.668,49,3,239.64460999999997,49,14.373822276085852,4.890706326530612,1,1,0,0,0,0,0,0,0,0,0,0,0,0,0,0,0,0,0
2022-01-25,茄类,26.834,382.132,53,4,257.52779,53,14.24059029589327,4.859014905660377,1,2,0,0,0,0,0,0,0,0,0,0,0,1,0,0,0,0,0
2022-01-26,茄类,31.875,462.492,62,4,301.45772999999997,62,14.509552941176471,4.8622214516129025,1,3,0,0,0,0,0,0,0,0,0,0,0,0,1,0,0,0,0
2022-01-27,茄类,21.963,356.442,43,4,207.47759,43,16.22920366070209,4.8250602325581395,1,4,0,0,0,0,0,0,0,0,0,0,0,0,0,1,0,0,0
2022-01-28,茄类,54.803,968.3842,85,4,519.12252,85,17.67027717460723,6.107323764705883,1,5,0,0,0,0,0,0,0,0,0,0,0,0,0,0,1,0,0
2022-01-29,茄类,86.261,1518.482,138,4,870.81745,138,17.603343341718737,6.310271376811595,1,6,0,0,0,0,0,0,0,0,0,0,0,0,0,0,0,1,0
2022-01-30,茄类,88.028,1526.0572,142,4,922.0981099999999,142,17.336043077202707,6.4936486619718305,1,7,0,0,0,0,0,0,0,0,0,0,0,0,0,0,0,0,1
2022-02-01,茄类,18.86,328.4054,37,4,191.61738999999997,37,17.412799575821843,5.178848378378378,2,2,1,0,0,0,0,0,0,0,0,0,0,1,0,0,0,0,0
2022-02-02,茄类,29.266000000000002,507.798,58,3,307.38469,58,17.351124171393426,5.299736034482758,2,3,1,0,0,0,0,0,0,0,0,0,0,0,1,0,0,0,0
2022-02-03,茄类,51.214999999999996,732.486,91,3,558.56364,91,14.302177096553745,6.138061978021978,2,4,1,0,0,0,0,0,0,0,0,0,0,0,0,1,0,0,0
2022-02-04,茄类,49.812,717.406,105,4,530.78372,105,14.402272544768328,5.055083047619048,2,5,1,0,0,0,0,0,0,0,0,0,0,0,0,0,1,0,0
2022-02-05,茄类,43.637,541.492,82,2,475.95795,82,12.409010701927263,5.8043652439024385,2,6,1,0,0,0,0,0,0,0,0,0,0,0,0,0,0,1,0
2022-02-06,茄类,38.299,476.724,86,3,402.79350999999997,86,12.447426825765685,4.683645465116279,2,7,1,0,0,0,0,0,0,0,0,0,0,0,0,0,0,0,1
2022-02-07,茄类,25.718,319.606,63,3,272.75402,63,12.427327163854109,4.32942888888889,2,1,1,0,0,0,0,0,0,0,0,0,0,0,0,0,0,0,0
2022-02-08,茄类,28.361,349.446,63,3,237.63724,63,12.321356792778817,3.7720196825396823,2,2,1,0,0,0,0,0,0,0,0,0,0,1,0,0,0,0,0
2022-02-09,茄类,17.827,217.334,40,3,141.8353,40,12.191282885510741,3.5458825,2,3,1,0,0,0,0,0,0,0,0,0,0,0,1,0,0,0,0
2022-02-10,茄类,18.122,205.86,37,3,143.94774,37,11.35967332524004,3.89047945945946,2,4,1,0,0,0,0,0,0,0,0,0,0,0,0,1,0,0,0
2022-02-11,茄类,16.356,188.334,39,3,127.73811,39,11.514673514306676,3.275336153846154,2,5,1,0,0,0,0,0,0,0,0,0,0,0,0,0,1,0,0
2022-02-12,茄类,19.233,189.786,46,2,138.39586,46,9.86772734362814,3.008605652173913,2,6,1,0,0,0,0,0,0,0,0,0,0,0,0,0,0,1,0
2022-02-13,茄类,18.593,178.25900000000001,41,2,125.54072,41,9.587425375141184,3.061968780487805,2,7,1,0,0,0,0,0,0,0,0,0,0,0,0,0,0,0,1
2022-02-14,茄类,22.165,215.701,50,2,158.16317,50,9.731603879990978,3.1632634,2,1,1,0,0,0,0,0,0,0,0,0,0,0,0,0,0,0,0
2022-02-15,茄类,13.33,131.351,28,3,94.23454,28,9.853788447111778,3.3655192857142855,2,2,1,0,0,0,0,0,0,0,0,0,0,1,0,0,0,0,0
2022-02-16,茄类,8.002,80.02,20,1,52.253060000000005,20,9.999999999999998,2.6126530000000003,2,3,1,0,0,0,0,0,0,0,0,0,0,0,1,0,0,0,0
2022-02-17,茄类,16.258,151.975,37,2,97.64539,37,9.347705744864067,2.6390645945945947,2,4,1,0,0,0,0,0,0,0,0,0,0,0,0,1,0,0,0
2022-02-18,茄类,13.181,124.178,33,2,79.80447,33,9.420984750777635,2.4183172727272724,2,5,1,0,0,0,0,0,0,0,0,0,0,0,0,0,1,0,0
2022-02-19,茄类,19.604,194.127,52,3,125.39193,52,9.902417873903286,2.411383269230769,2,6,1,0,0,0,0,0,0,0,0,0,0,0,0,0,0,1,0
2022-02-20,茄类,19.499,188.78300000000002,45,2,130.68834,45,9.681675983383764,2.9041853333333334,2,7,1,0,0,0,0,0,0,0,0,0,0,0,0,0,0,0,1
2022-02-21,茄类,12.819,124.014,29,3,88.43058,29,9.674233559560028,3.0493303448275864,2,1,1,0,0,0,0,0,0,0,0,0,0,0,0,0,0,0,0
2022-02-22,茄类,14.993,140.705,32,2,111.0036,32,9.384712866004136,3.4688625,2,2,1,0,0,0,0,0,0,0,0,0,0,1,0,0,0,0,0
2022-02-23,茄类,10.987,121.351,27,4,85.21552,27,11.04496222808774,3.1561303703703705,2,3,1,0,0,0,0,0,0,0,0,0,0,0,1,0,0,0,0
2022-02-24,茄类,11.295,129.84,26,3,84.44142000000001,26,11.49535192563081,3.2477469230769236,2,4,1,0,0,0,0,0,0,0,0,0,0,0,0,1,0,0,0
2022-02-25,茄类,15.162,166.196,34,3,105.97494,34,10.961350745284262,3.1169100000000003,2,5,1,0,0,0,0,0,0,0,0,0,0,0,0,0,1,0,0
2022-02-26,茄类,22.413,256.314,49,4,173.92276,49,11.435952349083122,3.5494440816326533,2,6,1,0,0,0,0,0,0,0,0,0,0,0,0,0,0,1,0
2022-02-27,茄类,17.194,203.20000000000002,43,3,150.1173,43,11.81807607304874,3.4911,2,7,1,0,0,0,0,0,0,0,0,0,0,0,0,0,0,0,1
2022-02-28,茄类,14.358,156.606,36,3,105.15459,36,10.907229419139155,2.9209608333333335,2,1,1,0,0,0,0,0,0,0,0,0,0,0,0,0,0,0,0
2022-03-01,茄类,13.075,169.784,31,3,123.81525,31,12.985391969407265,3.9940403225806453,3,2,0,1,0,0,0,0,0,0,0,0,0,1,0,0,0,0,0
2022-03-02,茄类,8.61,113.056,21,4,74.79448000000001,21,13.130778164924507,3.5616419047619052,3,3,0,1,0,0,0,0,0,0,0,0,0,0,1,0,0,0,0
2022-03-03,茄类,14.025,193.3822,31,2,135.03413,31,13.788392156862745,4.355939677419355,3,4,0,1,0,0,0,0,0,0,0,0,0,0,0,1,0,0,0
2022-03-04,茄类,9.297,111.92699999999999,21,3,73.306,21,12.039044853178442,3.4907619047619045,3,5,0,1,0,0,0,0,0,0,0,0,0,0,0,0,1,0,0
2022-03-05,茄类,14.836,204.0128,39,4,137.25088,39,13.751199784308438,3.5192533333333333,3,6,0,1,0,0,0,0,0,0,0,0,0,0,0,0,0,1,0
2022-03-06,茄类,19.161,229.5456,38,3,152.76608,38,11.979834037889463,4.02016,3,7,0,1,0,0,0,0,0,0,0,0,0,0,0,0,0,0,1
2022-03-07,茄类,11.448,143.7516,27,3,89.39484,27,12.55691823899371,3.31092,3,1,0,1,0,0,0,0,0,0,0,0,0,0,0,0,0,0,0
2022-03-08,茄类,9.594,125.444,23,3,80.27159999999999,23,13.075255367938295,3.4900695652173908,3,2,0,1,0,0,0,0,0,0,0,0,0,1,0,0,0,0,0
2022-03-09,茄类,8.401,114.3952,21,3,74.4045,21,13.6168551362933,3.5430714285714284,3,3,0,1,0,0,0,0,0,0,0,0,0,0,1,0,0,0,0
2022-03-10,茄类,10.189,137.5708,23,3,89.27508,23,13.501894199627047,3.8815252173913044,3,4,0,1,0,0,0,0,0,0,0,0,0,0,0,1,0,0,0
2022-03-11,茄类,15.262,216.5368,38,3,145.12834,38,14.187970121871315,3.8191668421052634,3,5,0,1,0,0,0,0,0,0,0,0,0,0,0,0,1,0,0
2022-03-12,茄类,24.795,341.552,54,3,228.8238,54,13.775035289372857,4.2374777777777775,3,6,0,1,0,0,0,0,0,0,0,0,0,0,0,0,0,1,0
2022-03-13,茄类,19.47,248.4488,46,3,150.56065999999998,46,12.760595788392399,3.2730578260869563,3,7,0,1,0,0,0,0,0,0,0,0,0,0,0,0,0,0,1
2022-03-14,茄类,12.678,167.5332,30,2,103.21986,30,13.214481779460481,3.440662,3,1,0,1,0,0,0,0,0,0,0,0,0,0,0,0,0,0,0
2022-03-15,茄类,12.816,164.3842,32,3,95.23010000000001,32,12.826482521847689,2.9759406250000002,3,2,0,1,0,0,0,0,0,0,0,0,0,1,0,0,0,0,0
2022-03-16,茄类,12.564,164.55,30,3,102.20061,30,13.09694364851958,3.406687,3,3,0,1,0,0,0,0,0,0,0,0,0,0,1,0,0,0,0
2022-03-17,茄类,15.834,207.552,37,4,135.44944,37,13.107995452823038,3.660795675675676,3,4,0,1,0,0,0,0,0,0,0,0,0,0,0,1,0,0,0
2022-03-18,茄类,16.346,223.454,39,3,139.4038,39,13.670255720053836,3.57445641025641,3,5,0,1,0,0,0,0,0,0,0,0,0,0,0,0,1,0,0
2022-03-19,茄类,26.011,352.676,67,4,231.03391,67,13.558725154742225,3.4482673134328357,3,6,0,1,0,0,0,0,0,0,0,0,0,0,0,0,0,1,0
2022-03-20,茄类,21.443,292.992,55,3,182.56184,55,13.663759735111691,3.3193061818181815,3,7,0,1,0,0,0,0,0,0,0,0,0,0,0,0,0,0,1
2022-03-21,茄类,25.338,331.7456,59,3,202.47335999999999,59,13.09280921935433,3.4317518644067793,3,1,0,1,0,0,0,0,0,0,0,0,0,0,0,0,0,0,0
2022-03-22,茄类,21.947,287.2934,56,3,176.36508,56,13.09032669613159,3.1493764285714287,3,2,0,1,0,0,0,0,0,0,0,0,0,1,0,0,0,0,0
2022-03-23,茄类,17.569,228.95520000000002,48,2,139.6979,48,13.031771870908988,2.9103729166666668,3,3,0,1,0,0,0,0,0,0,0,0,0,0,1,0,0,0,0
2022-03-24,茄类,16.036,210.768,37,4,139.32292,37,13.143427288600648,3.7654843243243246,3,4,0,1,0,0,0,0,0,0,0,0,0,0,0,1,0,0,0
2022-03-25,茄类,17.128,242.96640000000002,39,3,166.4532,39,14.185333956095283,4.268030769230769,3,5,0,1,0,0,0,0,0,0,0,0,0,0,0,0,1,0,0
2022-03-26,茄类,23.286,298.1052,60,2,203.79012,60,12.80190672507086,3.396502,3,6,0,1,0,0,0,0,0,0,0,0,0,0,0,0,0,1,0
2022-03-27,茄类,26.977,353.91020000000003,58,3,240.03972,58,13.118960596063314,4.138615862068965,3,7,0,1,0,0,0,0,0,0,0,0,0,0,0,0,0,0,1
2022-03-28,茄类,15.998000000000001,211.4956,37,3,144.04792,37,13.220127515939492,3.893187027027027,3,1,0,1,0,0,0,0,0,0,0,0,0,0,0,0,0,0,0
2022-03-29,茄类,13.184,176.71460000000002,32,3,120.46576,32,13.403716626213594,3.764555,3,2,0,1,0,0,0,0,0,0,0,0,0,1,0,0,0,0,0
2022-03-30,茄类,17.223,243.9284,40,3,169.25249,40,14.162944899262616,4.23131225,3,3,0,1,0,0,0,0,0,0,0,0,0,0,1,0,0,0,0
2022-03-31,茄类,10.145,160.5566,23,3,102.16893,23,15.826180384425827,4.442127391304348,3,4,0,1,0,0,0,0,0,0,0,0,0,0,0,1,0,0,0
2022-04-01,茄类,16.697,250.1894,39,2,156.31791,39,14.984092950829492,4.008151538461539,4,5,0,0,1,0,0,0,0,0,0,0,0,0,0,0,1,0,0
2022-04-02,茄类,18.016000000000002,270.2158,41,3,169.14654000000002,41,14.998656749555948,4.125525365853659,4,6,0,0,1,0,0,0,0,0,0,0,0,0,0,0,0,1,0
2022-04-03,茄类,23.887,362.5468,54,3,250.78303,54,15.177577761962574,4.644130185185185,4,7,0,0,1,0,0,0,0,0,0,0,0,0,0,0,0,0,1
2022-04-04,茄类,23.387,365.1374,58,3,269.94816000000003,58,15.612836191046307,4.654278620689656,4,1,0,0,1,0,0,0,0,0,0,0,0,0,0,0,0,0,0
2022-04-05,茄类,15.356,224.4554,35,3,147.7274,35,14.616788226100548,4.220782857142857,4,2,0,0,1,0,0,0,0,0,0,0,0,1,0,0,0,0,0
2022-04-06,茄类,11.695,190.8228,29,3,126.91182,29,16.31661393758016,4.376269655172414,4,3,0,0,1,0,0,0,0,0,0,0,0,0,1,0,0,0,0
2022-04-07,茄类,14.479,211.828,36,3,139.16246999999998,36,14.630015885074938,3.865624166666666,4,4,0,0,1,0,0,0,0,0,0,0,0,0,0,1,0,0,0
2022-04-08,茄类,12.371,154.1644,32,3,115.52953000000001,32,12.461757335704469,3.6102978125000003,4,5,0,0,1,0,0,0,0,0,0,0,0,0,0,0,1,0,0
2022-04-09,茄类,27.258,318.8298,55,3,243.50046,55,11.696742240810037,4.427281090909091,4,6,0,0,1,0,0,0,0,0,0,0,0,0,0,0,0,1,0
2022-04-10,茄类,24.485,270.04359999999997,56,3,187.2679,56,11.028940167449457,3.344069642857143,4,7,0,0,1,0,0,0,0,0,0,0,0,0,0,0,0,0,1
2022-04-11,茄类,10.687,128.8316,24,3,84.54063000000001,24,12.054982689248622,3.5225262500000003,4,1,0,0,1,0,0,0,0,0,0,0,0,0,0,0,0,0,0
2022-04-12,茄类,20.041,202.224,43,3,125.86005,43,10.090514445386956,2.9269779069767443,4,2,0,0,1,0,0,0,0,0,0,0,0,1,0,0,0,0,0
2022-04-13,茄类,20.903,236.36599999999999,49,3,155.12118999999998,49,11.307754867722336,3.1657385714285713,4,3,0,0,1,0,0,0,0,0,0,0,0,0,1,0,0,0,0
2022-04-14,茄类,21.356,225.896,47,3,139.46888,47,10.577636261472184,2.9674229787234045,4,4,0,0,1,0,0,0,0,0,0,0,0,0,0,1,0,0,0
2022-04-15,茄类,17.358,185.42839999999998,44,3,121.99441,44,10.682590160156698,2.7726002272727275,4,5,0,0,1,0,0,0,0,0,0,0,0,0,0,0,1,0,0
2022-04-16,茄类,32.118,336.5016,62,3,220.97135,62,10.477040911638333,3.5640540322580647,4,6,0,0,1,0,0,0,0,0,0,0,0,0,0,0,0,1,0
2022-04-17,茄类,32.008,306.704,72,3,194.74468000000002,72,9.582104473881529,2.7047872222222225,4,7,0,0,1,0,0,0,0,0,0,0,0,0,0,0,0,0,1
2022-04-18,茄类,23.28,202.362,45,2,119.68078,45,8.692525773195875,2.659572888888889,4,1,0,0,1,0,0,0,0,0,0,0,0,0,0,0,0,0,0
2022-04-19,茄类,16.985,173.3884,34,4,92.44049,34,10.208324992640565,2.7188379411764707,4,2,0,0,1,0,0,0,0,0,0,0,0,1,0,0,0,0,0
2022-04-20,茄类,18.031,178.85,45,3,94.06046,45,9.919028340080972,2.0902324444444447,4,3,0,0,1,0,0,0,0,0,0,0,0,0,1,0,0,0,0
2022-04-21,茄类,11.668,124.46719999999999,28,3,68.07965,28,10.667398011655811,2.4314160714285715,4,4,0,0,1,0,0,0,0,0,0,0,0,0,0,1,0,0,0
2022-04-22,茄类,20.471,187.156,45,3,111.75838999999999,45,9.142494260172928,2.4835197777777775,4,5,0,0,1,0,0,0,0,0,0,0,0,0,0,0,1,0,0
2022-04-23,茄类,25.194,256.7528,55,4,159.2542,55,10.191029610224657,2.895530909090909,4,6,0,0,1,0,0,0,0,0,0,0,0,0,0,0,0,1,0
2022-04-24,茄类,13.679,117.642,26,3,76.8235,26,8.600190072373712,2.9547499999999998,4,7,0,0,1,0,0,0,0,0,0,0,0,0,0,0,0,0,1
2022-04-25,茄类,20.592,189.652,44,4,121.98685,44,9.20998445998446,2.7724284090909093,4,1,0,0,1,0,0,0,0,0,0,0,0,0,0,0,0,0,0
2022-04-26,茄类,14.113,139.246,33,3,86.16577,33,9.866506058244173,2.6110839393939393,4,2,0,0,1,0,0,0,0,0,0,0,0,1,0,0,0,0,0
2022-04-27,茄类,24.953,234.596,56,4,142.01931000000002,56,9.401514847914079,2.5360591071428575,4,3,0,0,1,0,0,0,0,0,0,0,0,0,1,0,0,0,0
2022-04-28,茄类,21.918,205.512,45,2,135.41226,45,9.37640295647413,3.0091613333333336,4,4,0,0,1,0,0,0,0,0,0,0,0,0,0,1,0,0,0
2022-04-29,茄类,29.707,234.4008,55,3,153.55676,55,7.890423132595012,2.791941090909091,4,5,0,0,1,0,0,0,0,0,0,0,0,0,0,0,1,0,0
2022-04-30,茄类,35.229,318.1612,72,3,194.82931,72,9.031229952595874,2.705962638888889,4,6,0,0,1,0,0,0,0,0,0,0,0,0,0,0,0,1,0
2022-05-01,茄类,36.606,332.5316,72,4,208.74516,72,9.084073649128559,2.8992383333333334,5,7,0,0,0,1,0,0,0,0,0,0,0,0,0,0,0,0,1
2022-05-02,茄类,15.378,157.1516,33,3,99.31085999999999,33,10.219248276759007,3.0094199999999995,5,1,0,0,0,1,0,0,0,0,0,0,0,0,0,0,0,0,0
2022-05-03,茄类,10.235,113.7,20,4,68.02787000000001,20,11.10893991206644,3.4013935,5,2,0,0,0,1,0,0,0,0,0,0,0,1,0,0,0,0,0
2022-05-04,茄类,10.399000000000001,129.64440000000002,26,4,85.17479,26,12.467006442927206,3.2759534615384616,5,3,0,0,0,1,0,0,0,0,0,0,0,0,1,0,0,0,0
2022-05-05,茄类,6.632,94.2492,13,4,61.89948,13,14.21127864897467,4.761498461538461,5,4,0,0,0,1,0,0,0,0,0,0,0,0,0,1,0,0,0
2022-05-06,茄类,8.599,96.6624,17,3,66.68970999999999,17,11.24112106058844,3.9229241176470584,5,5,0,0,0,1,0,0,0,0,0,0,0,0,0,0,1,0,0
2022-05-07,茄类,14.661,197.71120000000002,30,6,118.21088,30,13.485519405224748,3.9403626666666667,5,6,0,0,0,1,0,0,0,0,0,0,0,0,0,0,0,1,0
2022-05-08,茄类,11.505,153.756,29,5,94.18430000000001,29,13.364276401564537,3.247734482758621,5,7,0,0,0,1,0,0,0,0,0,0,0,0,0,0,0,0,1
2022-05-09,茄类,34.866,289.986,64,5,208.47429,64,8.317157115814833,3.25741078125,5,1,0,0,0,1,0,0,0,0,0,0,0,0,0,0,0,0,0
2022-05-10,茄类,13.224,146.094,30,4,90.15588,30,11.047640653357531,3.0051959999999998,5,2,0,0,0,1,0,0,0,0,0,0,0,1,0,0,0,0,0
2022-05-11,茄类,15.419,162.63,38,4,111.38978,38,10.547376613269343,2.93131,5,3,0,0,0,1,0,0,0,0,0,0,0,0,1,0,0,0,0
2022-05-12,茄类,22.173,193.796,47,4,144.25782,47,8.740179497587157,3.069315319148936,5,4,0,0,0,1,0,0,0,0,0,0,0,0,0,1,0,0,0
2022-05-13,茄类,45.528,383.834,82,5,283.01983,82,8.430723950096644,3.451461341463415,5,5,0,0,0,1,0,0,0,0,0,0,0,0,0,0,1,0,0
2022-05-14,茄类,51.014,498.366,98,5,304.60562999999996,98,9.769200611596816,3.108220714285714,5,6,0,0,0,1,0,0,0,0,0,0,0,0,0,0,0,1,0
2022-05-15,茄类,43.627,411.374,89,4,269.80241,89,9.429344213445802,3.0314877528089887,5,7,0,0,0,1,0,0,0,0,0,0,0,0,0,0,0,0,1
2022-05-16,茄类,19.412,167.984,41,5,112.06081,41,8.653616319802184,2.7331904878048783,5,1,0,0,0,1,0,0,0,0,0,0,0,0,0,0,0,0,0
2022-05-17,茄类,23.194,208.354,44,4,136.51977,44,8.98309907734759,3.1027220454545454,5,2,0,0,0,1,0,0,0,0,0,0,0,1,0,0,0,0,0
2022-05-18,茄类,21.794,208.002,43,3,128.03909,43,9.544002936588052,2.9776532558139532,5,3,0,0,0,1,0,0,0,0,0,0,0,0,1,0,0,0,0
2022-05-19,茄类,21.799,201.164,43,4,125.66637,43,9.228129730721593,2.9224737209302325,5,4,0,0,0,1,0,0,0,0,0,0,0,0,0,1,0,0,0
2022-05-20,茄类,22.675,215.24,40,5,135.07456000000002,40,9.49239250275634,3.3768640000000003,5,5,0,0,0,1,0,0,0,0,0,0,0,0,0,0,1,0,0
2022-05-21,茄类,43.426,357.99,80,5,235.91003,80,8.243678902040251,2.948875375,5,6,0,0,0,1,0,0,0,0,0,0,0,0,0,0,0,1,0
2022-05-22,茄类,29.841,269.788,57,4,188.73876,57,9.040849837471935,3.311206315789474,5,7,0,0,0,1,0,0,0,0,0,0,0,0,0,0,0,0,1
2022-05-23,茄类,26.0,221.768,50,3,152.25575,50,8.529538461538461,3.045115,5,1,0,0,0,1,0,0,0,0,0,0,0,0,0,0,0,0,0
2022-05-24,茄类,29.285,236.528,57,4,164.525,57,8.076762847874338,2.88640350877193,5,2,0,0,0,1,0,0,0,0,0,0,0,1,0,0,0,0,0
2022-05-25,茄类,22.563,169.7336,48,5,127.20473,48,7.5226521295926965,2.6500985416666665,5,3,0,0,0,1,0,0,0,0,0,0,0,0,1,0,0,0,0
2022-05-26,茄类,29.903,204.544,64,4,165.85653,64,6.840250142126209,2.59150828125,5,4,0,0,0,1,0,0,0,0,0,0,0,0,0,1,0,0,0
2022-05-27,茄类,27.341,165.806,47,4,114.28455,47,6.064372188288651,2.431586170212766,5,5,0,0,0,1,0,0,0,0,0,0,0,0,0,0,1,0,0
2022-05-28,茄类,54.447,280.6748,95,3,214.14114999999998,95,5.155009458739691,2.2541173684210523,5,6,0,0,0,1,0,0,0,0,0,0,0,0,0,0,0,1,0
2022-05-29,茄类,55.666,357.4074,104,3,222.43765000000002,104,6.42056910861208,2.138823557692308,5,7,0,0,0,1,0,0,0,0,0,0,0,0,0,0,0,0,1
2022-05-30,茄类,25.618,135.7424,48,3,86.46344,48,5.298711843235226,1.8013216666666667,5,1,0,0,0,1,0,0,0,0,0,0,0,0,0,0,0,0,0
2022-05-31,茄类,18.11,95.4294,34,4,60.89738,34,5.269431253451132,1.7910994117647059,5,2,0,0,0,1,0,0,0,0,0,0,0,1,0,0,0,0,0
2022-06-01,茄类,21.105,133.187,40,3,78.45499,40,6.310684671878702,1.9613747499999998,6,3,0,0,0,0,1,0,0,0,0,0,0,0,1,0,0,0,0
2022-06-02,茄类,34.716,198.594,58,4,127.82206000000001,58,5.720532319391634,2.2038286206896553,6,4,0,0,0,0,1,0,0,0,0,0,0,0,0,1,0,0,0
2022-06-03,茄类,59.95,343.148,123,4,222.58574000000002,123,5.723903252710592,1.809640162601626,6,5,0,0,0,0,1,0,0,0,0,0,0,0,0,0,1,0,0
2022-06-04,茄类,39.752,227.114,76,3,118.35254,76,5.713272288186758,1.5572702631578947,6,6,0,0,0,0,1,0,0,0,0,0,0,0,0,0,0,1,0
2022-06-05,茄类,42.328,218.9058,73,3,112.3419,73,5.171654696654696,1.5389301369863013,6,7,0,0,0,0,1,0,0,0,0,0,0,0,0,0,0,0,1
2022-06-06,茄类,37.312,194.708,75,4,108.31099,75,5.218374785591767,1.4441465333333334,6,1,0,0,0,0,1,0,0,0,0,0,0,0,0,0,0,0,0
2022-06-07,茄类,23.212,141.244,48,5,79.82162,48,6.084956057211787,1.6629504166666667,6,2,0,0,0,0,1,0,0,0,0,0,0,1,0,0,0,0,0
2022-06-08,茄类,27.37,126.99300000000001,51,3,78.20324000000001,51,4.639861161856047,1.5333968627450982,6,3,0,0,0,0,1,0,0,0,0,0,0,0,1,0,0,0,0
2022-06-09,茄类,35.271,156.211,61,4,105.77250000000001,61,4.428879249241587,1.7339754098360658,6,4,0,0,0,0,1,0,0,0,0,0,0,0,0,1,0,0,0
2022-06-10,茄类,38.776,192.547,73,3,129.00067,73,4.965623065813905,1.7671324657534249,6,5,0,0,0,0,1,0,0,0,0,0,0,0,0,0,1,0,0
2022-06-11,茄类,48.32,251.951,95,3,169.56888,95,5.214217715231788,1.7849355789473684,6,6,0,0,0,0,1,0,0,0,0,0,0,0,0,0,0,1,0
2022-06-12,茄类,49.505,274.6454,93,3,155.48379,93,5.547831532168467,1.6718687096774194,6,7,0,0,0,0,1,0,0,0,0,0,0,0,0,0,0,0,1
2022-06-13,茄类,33.306,162.5492,61,4,93.40175,61,4.880477991953403,1.5311762295081968,6,1,0,0,0,0,1,0,0,0,0,0,0,0,0,0,0,0,0
2022-06-14,茄类,29.762,197.5306,64,3,105.21835,64,6.637006921577851,1.64403671875,6,2,0,0,0,0,1,0,0,0,0,0,0,1,0,0,0,0,0
2022-06-15,茄类,33.776,226.2886,68,4,127.97021000000001,68,6.699686167693036,1.8819148529411767,6,3,0,0,0,0,1,0,0,0,0,0,0,0,1,0,0,0,0
2022-06-16,茄类,35.463,181.8748,61,3,104.99816,61,5.128579082423935,1.7212813114754097,6,4,0,0,0,0,1,0,0,0,0,0,0,0,0,1,0,0,0
2022-06-17,茄类,36.326,242.78400000000002,69,4,149.52483,69,6.683477399108077,2.1670265217391305,6,5,0,0,0,0,1,0,0,0,0,0,0,0,0,0,1,0,0
2022-06-18,茄类,48.073,332.4468,87,3,212.59283,87,6.915457741351694,2.443595747126437,6,6,0,0,0,0,1,0,0,0,0,0,0,0,0,0,0,1,0
2022-06-19,茄类,40.858,256.7484,81,3,161.28684,81,6.2839199177639635,1.9911955555555556,6,7,0,0,0,0,1,0,0,0,0,0,0,0,0,0,0,0,1
2022-06-20,茄类,27.416,176.7216,56,3,103.13952,56,6.445929384301138,1.841777142857143,6,1,0,0,0,0,1,0,0,0,0,0,0,0,0,0,0,0,0
2022-06-21,茄类,27.152,194.3994,52,3,116.77163,52,7.159671479080731,2.245608269230769,6,2,0,0,0,0,1,0,0,0,0,0,0,1,0,0,0,0,0
2022-06-22,茄类,22.451,163.3068,40,4,101.64844,40,7.273920983475124,2.5412109999999997,6,3,0,0,0,0,1,0,0,0,0,0,0,0,1,0,0,0,0
2022-06-23,茄类,17.152,100.5972,32,3,64.24556,32,5.86504197761194,2.00767375,6,4,0,0,0,0,1,0,0,0,0,0,0,0,0,1,0,0,0
2022-06-24,茄类,22.836,176.291,45,5,98.05372,45,7.719872131721843,2.1789715555555556,6,5,0,0,0,0,1,0,0,0,0,0,0,0,0,0,1,0,0
2022-06-25,茄类,28.57,207.693,58,4,127.234,58,7.269618480924047,2.1936896551724137,6,6,0,0,0,0,1,0,0,0,0,0,0,0,0,0,0,1,0
2022-06-26,茄类,33.783,258.274,66,3,168.15679,66,7.645087766036172,2.5478301515151514,6,7,0,0,0,0,1,0,0,0,0,0,0,0,0,0,0,0,1
2022-06-27,茄类,21.427,166.186,45,4,112.62125,45,7.755915433798479,2.5026944444444443,6,1,0,0,0,0,1,0,0,0,0,0,0,0,0,0,0,0,0
2022-06-28,茄类,13.137,98.02,29,4,67.71309,29,7.461368653421633,2.334934137931034,6,2,0,0,0,0,1,0,0,0,0,0,0,1,0,0,0,0,0
2022-06-29,茄类,26.758,183.3872,54,5,128.03351,54,6.853546602885119,2.370990925925926,6,3,0,0,0,0,1,0,0,0,0,0,0,0,1,0,0,0,0
2022-06-30,茄类,21.969,139.9018,39,4,92.62776000000001,39,6.3681460239428285,2.3750707692307693,6,4,0,0,0,0,1,0,0,0,0,0,0,0,0,1,0,0,0
2022-07-01,茄类,17.165,127.7002,35,4,74.83911,35,7.439568890183513,2.138260285714286,7,5,0,0,0,0,0,1,0,0,0,0,0,0,0,0,1,0,0
2022-07-02,茄类,27.475,169.2184,49,3,104.14894,49,6.158995450409463,2.1254885714285714,7,6,0,0,0,0,0,1,0,0,0,0,0,0,0,0,0,1,0
2022-07-03,茄类,42.368,315.1256,62,3,183.34616,62,7.437820996978852,2.957196129032258,7,7,0,0,0,0,0,1,0,0,0,0,0,0,0,0,0,0,1
2022-07-04,茄类,17.802,118.5072,34,3,61.88586,34,6.65695989214695,1.8201723529411764,7,1,0,0,0,0,0,1,0,0,0,0,0,0,0,0,0,0,0
2022-07-05,茄类,17.524,105.9122,31,3,59.787560000000006,31,6.043837023510614,1.9286309677419358,7,2,0,0,0,0,0,1,0,0,0,0,0,1,0,0,0,0,0
2022-07-06,茄类,9.038,58.964,20,3,29.73986,20,6.524009736667404,1.486993,7,3,0,0,0,0,0,1,0,0,0,0,0,0,1,0,0,0,0
2022-07-07,茄类,14.602,99.92099999999999,31,3,54.21101,31,6.842966716888097,1.7487422580645162,7,4,0,0,0,0,0,1,0,0,0,0,0,0,0,1,0,0,0
2022-07-08,茄类,7.971,55.827999999999996,14,3,30.07135,14,7.003889097980178,2.1479535714285714,7,5,0,0,0,0,0,1,0,0,0,0,0,0,0,0,1,0,0
2022-07-09,茄类,26.107,189.086,54,3,109.45273999999999,54,7.242731834373924,2.0269025925925925,7,6,0,0,0,0,0,1,0,0,0,0,0,0,0,0,0,1,0
2022-07-10,茄类,21.797,163.073,49,4,99.65265,49,7.481442400330321,2.0337275510204083,7,7,0,0,0,0,0,1,0,0,0,0,0,0,0,0,0,0,1
2022-07-11,茄类,30.141,231.333,57,3,141.16412,57,7.675027371354633,2.47656350877193,7,1,0,0,0,0,0,1,0,0,0,0,0,0,0,0,0,0,0
2022-07-12,茄类,19.218,142.25900000000001,40,3,71.47688000000001,40,7.4023831824331365,1.7869220000000001,7,2,0,0,0,0,0,1,0,0,0,0,0,1,0,0,0,0,0
2022-07-13,茄类,12.754999999999999,82.113,24,4,44.05444,24,6.437710701685614,1.8356016666666666,7,3,0,0,0,0,0,1,0,0,0,0,0,0,1,0,0,0,0
2022-07-14,茄类,14.374,112.302,35,3,47.18876,35,7.812856546542369,1.3482502857142857,7,4,0,0,0,0,0,1,0,0,0,0,0,0,0,1,0,0,0
2022-07-15,茄类,11.364,86.44500000000001,21,2,29.58147,21,7.606916578669483,1.4086414285714286,7,5,0,0,0,0,0,1,0,0,0,0,0,0,0,0,1,0,0
2022-07-16,茄类,18.431,151.3218,34,4,68.29964,34,8.21017850360805,2.0088129411764704,7,6,0,0,0,0,0,1,0,0,0,0,0,0,0,0,0,1,0
2022-07-17,茄类,21.934,176.5404,46,4,89.9367,46,8.048709765660618,1.955145652173913,7,7,0,0,0,0,0,1,0,0,0,0,0,0,0,0,0,0,1
2022-07-18,茄类,11.582,102.2544,25,3,45.62625,25,8.828734242790537,1.82505,7,1,0,0,0,0,0,1,0,0,0,0,0,0,0,0,0,0,0
2022-07-19,茄类,20.509,137.9192,45,3,79.09682,45,6.724813496513725,1.7577071111111109,7,2,0,0,0,0,0,1,0,0,0,0,0,1,0,0,0,0,0
2022-07-20,茄类,17.192,115.4996,33,3,61.596729999999994,33,6.718217775709633,1.8665675757575755,7,3,0,0,0,0,0,1,0,0,0,0,0,0,1,0,0,0,0
2022-07-21,茄类,18.296,100.971,29,3,58.7905,29,5.5187472671622215,2.027258620689655,7,4,0,0,0,0,0,1,0,0,0,0,0,0,0,1,0,0,0
2022-07-22,茄类,16.449,100.2446,32,3,71.9804,32,6.0942671287008325,2.2493875,7,5,0,0,0,0,0,1,0,0,0,0,0,0,0,0,1,0,0
2022-07-23,茄类,20.601,141.566,42,3,97.5492,42,6.871802339692248,2.3226,7,6,0,0,0,0,0,1,0,0,0,0,0,0,0,0,0,1,0
2022-07-24,茄类,10.549,63.823,18,3,42.723369999999996,18,6.050146933358612,2.3735205555555554,7,7,0,0,0,0,0,1,0,0,0,0,0,0,0,0,0,0,1
2022-07-25,茄类,17.972,121.798,35,3,88.9626,35,6.77709770754507,2.541788571428571,7,1,0,0,0,0,0,1,0,0,0,0,0,0,0,0,0,0,0
2022-07-26,茄类,18.262,113.055,34,3,77.03016,34,6.190723907567627,2.2655929411764704,7,2,0,0,0,0,0,1,0,0,0,0,0,1,0,0,0,0,0
2022-07-27,茄类,14.402,104.6026,28,3,67.46417,28,7.263060686015831,2.4094346428571427,7,3,0,0,0,0,0,1,0,0,0,0,0,0,1,0,0,0,0
2022-07-28,茄类,22.580000000000002,160.6842,43,3,104.8813,43,7.116217891939769,2.4391,7,4,0,0,0,0,0,1,0,0,0,0,0,0,0,1,0,0,0
2022-07-29,茄类,15.616,109.568,27,3,67.47456,27,7.016393442622951,2.499057777777778,7,5,0,0,0,0,0,1,0,0,0,0,0,0,0,0,1,0,0
2022-07-30,茄类,13.837,94.672,27,4,59.65709,27,6.841945508419455,2.209521851851852,7,6,0,0,0,0,0,1,0,0,0,0,0,0,0,0,0,1,0
2022-07-31,茄类,19.875,133.234,38,3,90.42739,38,6.70359748427673,2.379668157894737,7,7,0,0,0,0,0,1,0,0,0,0,0,0,0,0,0,0,1
2022-08-01,茄类,28.885,224.214,58,3,154.7769,58,7.7622987709884015,2.6685672413793107,8,1,0,0,0,0,0,0,1,0,0,0,0,0,0,0,0,0,0
2022-08-02,茄类,14.100999999999999,88.79,27,2,60.0083,27,6.296716544925893,2.2225296296296295,8,2,0,0,0,0,0,0,1,0,0,0,0,1,0,0,0,0,0
2022-08-03,茄类,15.584999999999999,123.155,33,3,79.5193,33,7.9021495027269815,2.4096757575757577,8,3,0,0,0,0,0,0,1,0,0,0,0,0,1,0,0,0,0
2022-08-04,茄类,17.149,128.411,34,4,91.31786,34,7.487958481544113,2.685819411764706,8,4,0,0,0,0,0,0,1,0,0,0,0,0,0,1,0,0,0
2022-08-05,茄类,13.432,105.374,26,3,75.29086,26,7.844997022036926,2.8958023076923074,8,5,0,0,0,0,0,0,1,0,0,0,0,0,0,0,1,0,0
2022-08-06,茄类,14.825000000000001,128.645,33,4,83.28654,33,8.677571669477235,2.5238345454545454,8,6,0,0,0,0,0,0,1,0,0,0,0,0,0,0,0,1,0
2022-08-07,茄类,26.316,234.197,56,4,136.77409,56,8.899414804681562,2.4423944642857145,8,7,0,0,0,0,0,0,1,0,0,0,0,0,0,0,0,0,1
2022-08-08,茄类,18.528,157.298,39,4,103.19774,39,8.48974525043178,2.6460958974358975,8,1,0,0,0,0,0,0,1,0,0,0,0,0,0,0,0,0,0
2022-08-09,茄类,17.542,171.487,37,5,93.37397999999999,37,9.775795234294835,2.523621081081081,8,2,0,0,0,0,0,0,1,0,0,0,0,1,0,0,0,0,0
2022-08-10,茄类,17.255,162.74,38,3,95.69604,38,9.43146913937989,2.518316842105263,8,3,0,0,0,0,0,0,1,0,0,0,0,0,1,0,0,0,0
2022-08-11,茄类,13.387,129.53,29,4,70.97394,29,9.67580488533652,2.4473772413793102,8,4,0,0,0,0,0,0,1,0,0,0,0,0,0,1,0,0,0
2022-08-12,茄类,15.139,141.765,35,3,70.79513,35,9.364224849725874,2.022718,8,5,0,0,0,0,0,0,1,0,0,0,0,0,0,0,1,0,0
2022-08-13,茄类,28.498,252.715,58,3,137.46408,58,8.867815285283177,2.370070344827586,8,6,0,0,0,0,0,0,1,0,0,0,0,0,0,0,0,1,0
2022-08-14,茄类,32.377,290.645,72,3,99.57633,72,8.976897180096982,1.3830045833333333,8,7,0,0,0,0,0,0,1,0,0,0,0,0,0,0,0,0,1
2022-08-15,茄类,24.222,223.29,57,3,81.53984,57,9.218479068615308,1.4305235087719297,8,1,0,0,0,0,0,0,1,0,0,0,0,0,0,0,0,0,0
2022-08-16,茄类,18.14,169.088,43,3,57.00016,43,9.3212789415656,1.3255851162790697,8,2,0,0,0,0,0,0,1,0,0,0,0,1,0,0,0,0,0
2022-08-17,茄类,19.802,185.45,44,3,68.68624,44,9.365215634784365,1.561050909090909,8,3,0,0,0,0,0,0,1,0,0,0,0,0,1,0,0,0,0
2022-08-18,茄类,26.979,246.517,61,3,95.23401,61,9.137366099558916,1.5612132786885247,8,4,0,0,0,0,0,0,1,0,0,0,0,0,0,1,0,0,0
2022-08-19,茄类,89.616,855.428,191,3,299.89592,191,9.545482949473309,1.5701357068062827,8,5,0,0,0,0,0,0,1,0,0,0,0,0,0,0,1,0,0
2022-08-20,茄类,18.641,152.442,47,3,82.41179,47,8.177780162008476,1.753442340425532,8,6,0,0,0,0,0,0,1,0,0,0,0,0,0,0,0,1,0
2022-08-21,茄类,18.233,186.173,39,2,82.73174,39,10.210771677727198,2.1213266666666666,8,7,0,0,0,0,0,0,1,0,0,0,0,0,0,0,0,0,1
2022-08-22,茄类,14.33,102.351,36,3,56.47099,36,7.142428471737613,1.568638611111111,8,1,0,0,0,0,0,0,1,0,0,0,0,0,0,0,0,0,0
2022-08-23,茄类,13.572000000000001,124.998,34,3,58.181160000000006,34,9.20999115826702,1.7112105882352944,8,2,0,0,0,0,0,0,1,0,0,0,0,1,0,0,0,0,0
2022-08-24,茄类,14.23,127.388,37,3,62.96722,37,8.952073085031623,1.7018167567567566,8,3,0,0,0,0,0,0,1,0,0,0,0,0,1,0,0,0,0
2022-08-25,茄类,12.514,120.976,33,3,54.515930000000004,33,9.667252677001759,1.6519978787878788,8,4,0,0,0,0,0,0,1,0,0,0,0,0,0,1,0,0,0
2022-08-26,茄类,11.488,100.84159999999999,30,3,61.014540000000004,30,8.77799442896936,2.033818,8,5,0,0,0,0,0,0,1,0,0,0,0,0,0,0,1,0,0
2022-08-27,茄类,14.129,139.457,39,3,53.67797,39,9.870266827093213,1.3763582051282053,8,6,0,0,0,0,0,0,1,0,0,0,0,0,0,0,0,1,0
2022-08-28,茄类,24.743,213.3148,59,4,127.03561,59,8.621218122297215,2.15314593220339,8,7,0,0,0,0,0,0,1,0,0,0,0,0,0,0,0,0,1
2022-08-29,茄类,12.904,112.199,35,3,62.00893,35,8.694900805951642,1.7716837142857143,8,1,0,0,0,0,0,0,1,0,0,0,0,0,0,0,0,0,0
2022-08-30,茄类,7.515,56.204,24,3,33.13874,24,7.47890884896873,1.3807808333333333,8,2,0,0,0,0,0,0,1,0,0,0,0,1,0,0,0,0,0
2022-08-31,茄类,3.3040000000000003,24.323,10,3,14.12548,10,7.361682808716706,1.412548,8,3,0,0,0,0,0,0,1,0,0,0,0,0,1,0,0,0,0
2022-09-01,茄类,10.138,118.247,27,2,58.50543,27,11.663740382718485,2.1668677777777776,9,4,0,0,0,0,0,0,0,1,0,0,0,0,0,1,0,0,0
2022-09-02,茄类,4.884,43.654,14,2,23.51926,14,8.938165438165438,1.6799471428571429,9,5,0,0,0,0,0,0,0,1,0,0,0,0,0,0,1,0,0
2022-09-03,茄类,15.738,143.333,42,2,95.75216999999999,42,9.107446943703138,2.2798135714285714,9,6,0,0,0,0,0,0,0,1,0,0,0,0,0,0,0,1,0
2022-09-04,茄类,18.362000000000002,171.937,49,2,136.47761,49,9.363740333297025,2.7852573469387756,9,7,0,0,0,0,0,0,0,1,0,0,0,0,0,0,0,0,1
2022-09-05,茄类,9.929,103.514,23,2,80.84678000000001,23,10.42542048544667,3.5150773913043483,9,1,0,0,0,0,0,0,0,1,0,0,0,0,0,0,0,0,0
2022-09-06,茄类,10.565,100.90899999999999,24,3,75.69366000000001,24,9.551254141031707,3.1539025000000005,9,2,0,0,0,0,0,0,0,1,0,0,0,1,0,0,0,0,0
2022-09-07,茄类,12.388,147.2144,29,3,92.49128,29,11.883629318695514,3.189354482758621,9,3,0,0,0,0,0,0,0,1,0,0,0,0,1,0,0,0,0
2022-09-08,茄类,7.918,92.7148,18,3,63.529180000000004,18,11.709371053296286,3.529398888888889,9,4,0,0,0,0,0,0,0,1,0,0,0,0,0,1,0,0,0
2022-09-09,茄类,4.65,50.896,11,3,35.92230000000001,11,10.945376344086021,3.265663636363637,9,5,0,0,0,0,0,0,0,1,0,0,0,0,0,0,1,0,0
2022-09-10,茄类,0.491,4.5172,2,1,2.7594200000000004,2,9.2,1.3797100000000002,9,6,0,0,0,0,0,0,0,1,0,0,0,0,0,0,0,1,0
2022-09-11,茄类,6.927,96.97800000000001,17,1,57.978989999999996,17,14.000000000000002,3.4105288235294116,9,7,0,0,0,0,0,0,0,1,0,0,0,0,0,0,0,0,1
2022-10-15,茄类,12.033,121.37100000000001,25,2,61.73331,25,10.086512091747695,2.4693324000000003,10,6,0,0,0,0,0,0,0,0,1,0,0,0,0,0,0,1,0
2022-10-16,茄类,2.55,25.5,7,1,13.464,7,10.0,1.9234285714285715,10,7,0,0,0,0,0,0,0,0,1,0,0,0,0,0,0,0,1
2022-10-17,茄类,5.7620000000000005,57.620000000000005,11,1,30.941940000000002,11,10.0,2.8129036363636364,10,1,0,0,0,0,0,0,0,0,1,0,0,0,0,0,0,0,0
2022-10-18,茄类,7.187,59.1,16,2,39.96931,16,8.223180743008209,2.498081875,10,2,0,0,0,0,0,0,0,0,1,0,0,1,0,0,0,0,0
2022-10-19,茄类,13.004,104.032,24,1,70.22160000000001,24,8.0,2.9259000000000004,10,3,0,0,0,0,0,0,0,0,1,0,0,0,1,0,0,0,0
2022-10-20,茄类,4.7010000000000005,37.608000000000004,9,1,25.43241,9,8.0,2.8258233333333336,10,4,0,0,0,0,0,0,0,0,1,0,0,0,0,1,0,0,0
2022-10-21,茄类,38.486,384.056,63,2,206.07464000000002,63,9.97910928649379,3.271026031746032,10,5,0,0,0,0,0,0,0,0,1,0,0,0,0,0,1,0,0
2022-10-22,茄类,7.952,79.52,13,1,36.976800000000004,13,10.0,2.844369230769231,10,6,0,0,0,0,0,0,0,0,1,0,0,0,0,0,0,1,0
2022-10-23,茄类,14.581,145.81,23,1,67.80165000000001,23,10.0,2.947897826086957,10,7,0,0,0,0,0,0,0,0,1,0,0,0,0,0,0,0,1
2022-10-24,茄类,3.223,32.230000000000004,7,1,14.986950000000002,7,10.000000000000002,2.1409928571428574,10,1,0,0,0,0,0,0,0,0,1,0,0,0,0,0,0,0,0
2022-10-25,茄类,4.156,41.56,9,1,19.325400000000002,9,10.000000000000002,2.147266666666667,10,2,0,0,0,0,0,0,0,0,1,0,0,1,0,0,0,0,0
2022-10-26,茄类,4.56,36.48,10,1,21.204,10,8.0,2.1204,10,3,0,0,0,0,0,0,0,0,1,0,0,0,1,0,0,0,0
2022-10-27,茄类,2.299,18.392,5,1,10.690350000000002,5,8.0,2.1380700000000004,10,4,0,0,0,0,0,0,0,0,1,0,0,0,0,1,0,0,0
2022-10-28,茄类,11.885,95.08,16,1,55.26525,16,8.0,3.454078125,10,5,0,0,0,0,0,0,0,0,1,0,0,0,0,0,1,0,0
2022-10-29,茄类,11.396,91.168,19,1,52.991400000000006,19,8.0,2.789021052631579,10,6,0,0,0,0,0,0,0,0,1,0,0,0,0,0,0,1,0
2022-10-30,茄类,10.805,75.635,21,1,50.24325,21,7.000000000000001,2.3925357142857147,10,7,0,0,0,0,0,0,0,0,1,0,0,0,0,0,0,0,1
2022-10-31,茄类,3.319,23.233,6,1,15.433350000000003,6,7.0,2.5722250000000004,10,1,0,0,0,0,0,0,0,0,1,0,0,0,0,0,0,0,0
2022-11-01,茄类,3.305,23.135,8,1,15.368250000000002,8,7.0,1.9210312500000002,11,2,0,0,0,0,0,0,0,0,0,1,0,1,0,0,0,0,0
2022-11-03,茄类,4.0120000000000005,24.072000000000003,10,1,16.489320000000003,10,6.0,1.6489320000000003,11,4,0,0,0,0,0,0,0,0,0,1,0,0,0,1,0,0,0
2022-11-05,茄类,9.815999999999999,58.896,22,1,39.55848,22,6.000000000000001,1.7981127272727273,11,6,0,0,0,0,0,0,0,0,0,1,0,0,0,0,0,1,0
2022-11-06,茄类,4.647,27.881999999999998,10,1,18.448590000000003,10,5.999999999999999,1.8448590000000002,11,7,0,0,0,0,0,0,0,0,0,1,0,0,0,0,0,0,1
2022-11-07,茄类,3.256,19.536,7,1,12.92632,7,6.000000000000001,1.846617142857143,11,1,0,0,0,0,0,0,0,0,0,1,0,0,0,0,0,0,0
2022-11-08,茄类,3.86,23.16,7,1,14.861,7,6.0,2.123,11,2,0,0,0,0,0,0,0,0,0,1,0,1,0,0,0,0,0
2022-11-09,茄类,2.871,17.226,5,1,10.85238,5,6.0,2.170476,11,3,0,0,0,0,0,0,0,0,0,1,0,0,1,0,0,0,0
2022-11-10,茄类,6.897,41.382,12,1,26.070659999999997,12,5.999999999999999,2.1725549999999996,11,4,0,0,0,0,0,0,0,0,0,1,0,0,0,1,0,0,0
2022-11-11,茄类,7.801,46.806000000000004,13,1,29.33176,13,6.000000000000001,2.2562892307692306,11,5,0,0,0,0,0,0,0,0,0,1,0,0,0,0,1,0,0
2022-11-12,茄类,10.572,63.432,19,1,39.645,19,6.000000000000001,2.0865789473684213,11,6,0,0,0,0,0,0,0,0,0,1,0,0,0,0,0,1,0
2022-11-13,茄类,7.366,44.196,16,1,27.47518,16,6.0,1.71719875,11,7,0,0,0,0,0,0,0,0,0,1,0,0,0,0,0,0,1
2022-11-14,茄类,5.605,33.63,11,1,20.00985,11,6.0,1.8190772727272728,11,1,0,0,0,0,0,0,0,0,0,1,0,0,0,0,0,0,0
2022-11-15,茄类,7.266,43.596,15,1,25.57632,15,5.999999999999999,1.705088,11,2,0,0,0,0,0,0,0,0,0,1,0,1,0,0,0,0,0
2022-11-16,茄类,2.568,15.408,7,1,9.03936,7,6.0,1.291337142857143,11,3,0,0,0,0,0,0,0,0,0,1,0,0,1,0,0,0,0
2022-11-17,茄类,8.038,48.228,14,1,27.65072,14,6.0,1.9750514285714285,11,4,0,0,0,0,0,0,0,0,0,1,0,0,0,1,0,0,0
2022-11-18,茄类,17.923,107.538,36,1,61.11743,36,6.0,1.6977063888888888,11,5,0,0,0,0,0,0,0,0,0,1,0,0,0,0,1,0,0
2022-11-19,茄类,35.948,216.492,61,2,121.25206,61,6.022365639256704,1.9877386885245902,11,6,0,0,0,0,0,0,0,0,0,1,0,0,0,0,0,1,0
2022-11-20,茄类,0.252,1.512,1,1,0.87192,1,6.0,0.87192,11,7,0,0,0,0,0,0,0,0,0,1,0,0,0,0,0,0,1
2022-11-21,茄类,54.83,333.906,85,2,189.91302000000002,85,6.089841327740288,2.2342708235294118,11,1,0,0,0,0,0,0,0,0,0,1,0,0,0,0,0,0,0
2022-11-22,茄类,4.816,28.896,8,1,16.32624,8,6.0,2.04078,11,2,0,0,0,0,0,0,0,0,0,1,0,1,0,0,0,0,0
2022-11-23,茄类,8.243,52.248,11,2,31.79901,11,6.338469004003397,2.890819090909091,11,3,0,0,0,0,0,0,0,0,0,1,0,0,1,0,0,0,0
2022-11-24,茄类,8.455,52.238,10,2,31.69718,10,6.178356002365464,3.169718,11,4,0,0,0,0,0,0,0,0,0,1,0,0,0,1,0,0,0
2022-11-25,茄类,16.927,105.782,22,2,60.60847999999999,22,6.249305842736456,2.7549309090909087,11,5,0,0,0,0,0,0,0,0,0,1,0,0,0,0,1,0,0
2022-11-26,茄类,9.863999999999999,60.013999999999996,16,2,22.24126,16,6.084144363341444,1.39007875,11,6,0,0,0,0,0,0,0,0,0,1,0,0,0,0,0,1,0
2022-11-27,茄类,4.146,24.875999999999998,5,1,18.698459999999997,5,6.0,3.7396919999999994,11,7,0,0,0,0,0,0,0,0,0,1,0,0,0,0,0,0,1
2022-11-28,茄类,1.04,3.12,1,1,4.2328,1,3.0,4.2328,11,1,0,0,0,0,0,0,0,0,0,1,0,0,0,0,0,0,0
2022-11-29,茄类,1.778,5.334,2,1,6.95198,2,2.9999999999999996,3.47599,11,2,0,0,0,0,0,0,0,0,0,1,0,1,0,0,0,0,0
2022-12-04,茄类,1.168,9.344,1,1,4.21648,1,8.0,4.21648,12,7,0,0,0,0,0,0,0,0,0,0,1,0,0,0,0,0,1
2022-12-06,茄类,7.977,63.816,17,1,36.773970000000006,17,8.0,2.163174705882353,12,2,0,0,0,0,0,0,0,0,0,0,1,1,0,0,0,0,0
2022-12-07,茄类,11.597,92.776,24,1,56.47739,24,8.0,2.353224583333333,12,3,0,0,0,0,0,0,0,0,0,0,1,0,1,0,0,0,0
2022-12-08,茄类,4.524,36.192,8,1,22.1676,8,8.0,2.77095,12,4,0,0,0,0,0,0,0,0,0,0,1,0,0,1,0,0,0
2022-12-09,茄类,4.422,35.376,11,1,21.71202,11,8.0,1.97382,12,5,0,0,0,0,0,0,0,0,0,0,1,0,0,0,1,0,0
2022-12-10,茄类,6.572,52.576,13,1,33.97724,13,8.0,2.613633846153846,12,6,0,0,0,0,0,0,0,0,0,0,1,0,0,0,0,1,0
2022-12-11,茄类,3.629,29.9488,8,2,20.59935,8,8.252631578947367,2.57491875,12,7,0,0,0,0,0,0,0,0,0,0,1,0,0,0,0,0,1
2022-12-12,茄类,3.379,27.032,6,1,18.34797,6,8.0,3.057995,12,1,0,0,0,0,0,0,0,0,0,0,1,0,0,0,0,0,0
2022-12-13,茄类,5.316,42.528,10,1,28.865879999999997,10,8.0,2.8865879999999997,12,2,0,0,0,0,0,0,0,0,0,0,1,1,0,0,0,0,0
2022-12-14,茄类,6.973,55.784,14,1,38.42123,14,8.0,2.7443735714285715,12,3,0,0,0,0,0,0,0,0,0,0,1,0,1,0,0,0,0
2022-12-15,茄类,8.607,68.856,16,1,48.80169,16,8.0,3.050105625,12,4,0,0,0,0,0,0,0,0,0,0,1,0,0,1,0,0,0
2022-12-16,茄类,6.8389999999999995,55.2748,12,2,37.93461,12,8.08229273285568,3.1612175,12,5,0,0,0,0,0,0,0,0,0,0,1,0,0,0,1,0,0
2022-12-17,茄类,16.786,139.1096,31,2,95.47314,31,8.287239366138449,3.079778709677419,12,6,0,0,0,0,0,0,0,0,0,0,1,0,0,0,0,1,0
2022-12-18,茄类,12.025,96.2,22,1,65.05525,22,8.0,2.9570568181818184,12,7,0,0,0,0,0,0,0,0,0,0,1,0,0,0,0,0,1
2022-12-19,茄类,11.56,92.48,24,1,59.64960000000001,24,8.0,2.4854000000000003,12,1,0,0,0,0,0,0,0,0,0,0,1,0,0,0,0,0,0
2022-12-20,茄类,6.731,53.848,13,1,33.85693,13,8.0,2.6043792307692306,12,2,0,0,0,0,0,0,0,0,0,0,1,1,0,0,0,0,0
2022-12-21,茄类,17.740000000000002,141.92000000000002,34,1,89.2322,34,8.0,2.6244764705882355,12,3,0,0,0,0,0,0,0,0,0,0,1,0,1,0,0,0,0
2022-12-22,茄类,8.883000000000001,71.06400000000001,17,1,45.21447,17,8.0,2.659674705882353,12,4,0,0,0,0,0,0,0,0,0,0,1,0,0,1,0,0,0
2022-12-23,茄类,8.921,71.368,17,1,47.63814,17,8.0,2.802243529411765,12,5,0,0,0,0,0,0,0,0,0,0,1,0,0,0,1,0,0
2022-12-24,茄类,11.582,92.656,24,1,63.237719999999996,24,8.0,2.634905,12,6,0,0,0,0,0,0,0,0,0,0,1,0,0,0,0,1,0
2022-12-25,茄类,5.742,45.936,13,1,31.006800000000002,13,8.0,2.3851384615384617,12,7,0,0,0,0,0,0,0,0,0,0,1,0,0,0,0,0,1
2022-12-26,茄类,12.022,99.688,25,2,64.36566,25,8.292131092996174,2.5746264,12,1,0,0,0,0,0,0,0,0,0,0,1,0,0,0,0,0,0
2022-12-27,茄类,6.541,53.364000000000004,15,2,35.02741,15,8.15838556795597,2.335160666666667,12,2,0,0,0,0,0,0,0,0,0,0,1,1,0,0,0,0,0
2022-12-28,茄类,8.167,65.336,19,1,43.611779999999996,19,8.0,2.295356842105263,12,3,0,0,0,0,0,0,0,0,0,0,1,0,1,0,0,0,0
2022-12-29,茄类,3.656,29.248,10,1,17.69504,10,8.0,1.769504,12,4,0,0,0,0,0,0,0,0,0,0,1,0,0,1,0,0,0
2022-12-30,茄类,6.173,50.856,16,2,31.13234,16,8.238457800097198,1.94577125,12,5,0,0,0,0,0,0,0,0,0,0,1,0,0,0,1,0,0
2022-12-31,茄类,5.574,46.232,13,2,28.8044,13,8.294223179045568,2.215723076923077,12,6,0,0,0,0,0,0,0,0,0,0,1,0,0,0,0,1,0
2023-01-01,茄类,7.926,66.416,18,2,43.11578,18,8.379510471864748,2.395321111111111,1,7,0,0,0,0,0,0,0,0,0,0,0,0,0,0,0,0,1
2023-01-02,茄类,17.834,147.42,27,2,102.26207,27,8.266233038017269,3.787484074074074,1,1,0,0,0,0,0,0,0,0,0,0,0,0,0,0,0,0,0
2023-01-03,茄类,3.617,30.64,9,2,21.184450000000002,9,8.471108653580316,2.353827777777778,1,2,0,0,0,0,0,0,0,0,0,0,0,1,0,0,0,0,0
2023-01-04,茄类,3.9290000000000003,36.1468,10,1,23.53471,10,9.2,2.353471,1,3,0,0,0,0,0,0,0,0,0,0,0,0,1,0,0,0,0
2023-01-05,茄类,5.835,54.947599999999994,12,2,34.63525,12,9.416898029134533,2.886270833333333,1,4,0,0,0,0,0,0,0,0,0,0,0,0,0,1,0,0,0
2023-01-06,茄类,6.648,62.2844,14,2,39.7907,14,9.368892900120336,2.8421928571428574,1,5,0,0,0,0,0,0,0,0,0,0,0,0,0,0,1,0,0
2023-01-07,茄类,10.688,101.1408,25,2,65.24736,25,9.463023952095808,2.6098944,1,6,0,0,0,0,0,0,0,0,0,0,0,0,0,0,0,1,0
2023-01-08,茄类,15.154,139.4168,32,1,100.92564,32,9.2,3.15392625,1,7,0,0,0,0,0,0,0,0,0,0,0,0,0,0,0,0,1
2023-01-09,茄类,11.607,106.78439999999999,23,1,79.62402,23,9.2,3.461913913043478,1,1,0,0,0,0,0,0,0,0,0,0,0,0,0,0,0,0,0
2023-01-10,茄类,9.06,92.456,18,2,55.87612,18,10.20485651214128,3.1042288888888887,1,2,0,0,0,0,0,0,0,0,0,0,0,1,0,0,0,0,0
2023-01-11,茄类,9.782,97.82000000000001,21,1,67.20234,21,10.0,3.2001114285714287,1,3,0,0,0,0,0,0,0,0,0,0,0,0,1,0,0,0,0
2023-01-12,茄类,9.159,91.59,19,1,62.92233,19,10.0,3.3117015789473685,1,4,0,0,0,0,0,0,0,0,0,0,0,0,0,1,0,0,0
2023-01-13,茄类,15.213000000000001,154.622,28,2,107.49967000000001,28,10.163807270097942,3.839273928571429,1,5,0,0,0,0,0,0,0,0,0,0,0,0,0,0,1,0,0
2023-01-14,茄类,31.542,378.504,68,2,242.21753999999999,68,12.0,3.562022647058823,1,6,0,0,0,0,0,0,0,0,0,0,0,0,0,0,0,1,0
2023-01-15,茄类,21.246,264.668,38,2,173.8959,38,12.457309611220937,4.576207894736842,1,7,0,0,0,0,0,0,0,0,0,0,0,0,0,0,0,0,1
2023-01-16,茄类,21.066,261.404,34,2,175.30958,34,12.408810405392575,5.156164117647059,1,1,0,0,0,0,0,0,0,0,0,0,0,0,0,0,0,0,0
2023-01-17,茄类,22.71,286.23,41,2,192.5412,41,12.603698811096434,4.696126829268293,1,2,0,0,0,0,0,0,0,0,0,0,0,1,0,0,0,0,0
2023-01-18,茄类,41.459,509.272,65,2,343.52047,65,12.283750211051881,5.284930307692307,1,3,0,0,0,0,0,0,0,0,0,0,0,0,1,0,0,0,0
2023-01-19,茄类,61.759,877.47,96,2,519.76773,96,14.207969688628378,5.4142471875,1,4,0,0,0,0,0,0,0,0,0,0,0,0,0,1,0,0,0
2023-01-20,茄类,75.97,1078.53,126,2,603.0247999999999,126,14.196788205870739,4.78591111111111,1,5,0,0,0,0,0,0,0,0,0,0,0,0,0,0,1,0,0
2023-01-22,茄类,17.629,246.806,29,1,149.31763,29,14.0,5.148883793103448,1,7,0,0,0,0,0,0,0,0,0,0,0,0,0,0,0,0,1
2023-01-23,茄类,31.043,434.602,51,1,278.14528,51,14.0,5.453829019607843,1,1,0,0,0,0,0,0,0,0,0,0,0,0,0,0,0,0,0
2023-01-24,茄类,30.799,450.614,56,2,280.91318,56,14.630799701289002,5.016306785714286,1,2,0,0,0,0,0,0,0,0,0,0,0,1,0,0,0,0,0
2023-01-25,茄类,38.246,557.6659999999999,76,2,355.44215,76,14.581028081367984,4.676870394736842,1,3,0,0,0,0,0,0,0,0,0,0,0,0,1,0,0,0,0
2023-01-26,茄类,32.835,467.186,65,2,312.13944,65,14.228292980051773,4.802145230769231,1,4,0,0,0,0,0,0,0,0,0,0,0,0,0,1,0,0,0
2023-01-27,茄类,31.75,444.5,60,2,290.44436,60,14.0,4.8407393333333335,1,5,0,0,0,0,0,0,0,0,0,0,0,0,0,0,1,0,0
2023-01-28,茄类,30.240000000000002,423.36,62,2,261.65241000000003,62,14.0,4.2202001612903235,1,6,0,0,0,0,0,0,0,0,0,0,0,0,0,0,0,1,0
2023-01-29,茄类,15.298,214.172,35,2,130.74153,35,14.0,3.735472285714286,1,7,0,0,0,0,0,0,0,0,0,0,0,0,0,0,0,0,1
2023-01-30,茄类,15.248,213.472,35,2,129.28198,35,14.000000000000002,3.6937708571428574,1,1,0,0,0,0,0,0,0,0,0,0,0,0,0,0,0,0,0
2023-01-31,茄类,13.52,189.28,32,2,114.2966,32,14.0,3.57176875,1,2,0,0,0,0,0,0,0,0,0,0,0,1,0,0,0,0,0
2023-02-01,茄类,12.689,177.64600000000002,30,2,107.48342000000001,30,14.000000000000002,3.582780666666667,2,3,1,0,0,0,0,0,0,0,0,0,0,0,1,0,0,0,0
2023-02-02,茄类,15.701,193.772,34,2,133.1369,34,12.341379529966243,3.915791176470588,2,4,1,0,0,0,0,0,0,0,0,0,0,0,0,1,0,0,0
2023-02-03,茄类,14.786,177.43200000000002,35,2,127.13588,35,12.000000000000002,3.6324537142857145,2,5,1,0,0,0,0,0,0,0,0,0,0,0,0,0,1,0,0
2023-02-04,茄类,20.698,248.376,49,2,180.90955,49,12.0,3.692031632653061,2,6,1,0,0,0,0,0,0,0,0,0,0,0,0,0,0,1,0
2023-02-05,茄类,15.281,183.372,36,2,128.02402,36,12.0,3.556222777777778,2,7,1,0,0,0,0,0,0,0,0,0,0,0,0,0,0,0,1
2023-02-06,茄类,12.377,148.524,28,2,96.94906,28,12.0,3.4624664285714286,2,1,1,0,0,0,0,0,0,0,0,0,0,0,0,0,0,0,0
2023-02-07,茄类,12.441,149.292,27,2,94.48599,27,12.0,3.4994811111111113,2,2,1,0,0,0,0,0,0,0,0,0,0,1,0,0,0,0,0
2023-02-08,茄类,8.429,101.148,19,2,63.60771,19,12.0,3.3477742105263157,2,3,1,0,0,0,0,0,0,0,0,0,0,0,1,0,0,0,0
2023-02-09,茄类,13.362,160.344,30,2,96.57732,30,12.0,3.219244,2,4,1,0,0,0,0,0,0,0,0,0,0,0,0,1,0,0,0
2023-02-10,茄类,12.794,153.528,27,2,88.10853999999999,27,11.999999999999998,3.2632792592592588,2,5,1,0,0,0,0,0,0,0,0,0,0,0,0,0,1,0,0
2023-02-11,茄类,16.919,176.416,39,2,111.96336,39,10.427093799869969,2.8708553846153846,2,6,1,0,0,0,0,0,0,0,0,0,0,0,0,0,0,1,0
2023-02-12,茄类,28.032,286.478,55,2,172.47823,55,10.219677511415526,3.1359678181818182,2,7,1,0,0,0,0,0,0,0,0,0,0,0,0,0,0,0,1
2023-02-13,茄类,14.143,143.554,32,2,86.81831,32,10.150180301209078,2.7130721875,2,1,1,0,0,0,0,0,0,0,0,0,0,0,0,0,0,0,0
2023-02-14,茄类,14.301,149.062,34,3,96.98728,34,10.423187189707015,2.8525670588235292,2,2,1,0,0,0,0,0,0,0,0,0,0,1,0,0,0,0,0
2023-02-15,茄类,6.735,75.498,16,2,51.20622,16,11.209799554565702,3.20038875,2,3,1,0,0,0,0,0,0,0,0,0,0,0,1,0,0,0,0
2023-02-16,茄类,7.394,87.924,18,3,59.168369999999996,18,11.891263186367325,3.2871316666666663,2,4,1,0,0,0,0,0,0,0,0,0,0,0,0,1,0,0,0
2023-02-17,茄类,8.283,100.256,19,3,70.23249,19,12.103827115779307,3.696446842105263,2,5,1,0,0,0,0,0,0,0,0,0,0,0,0,0,1,0,0
2023-02-18,茄类,21.074,252.888,46,2,162.34233,46,12.0,3.529181086956522,2,6,1,0,0,0,0,0,0,0,0,0,0,0,0,0,0,1,0
2023-02-19,茄类,17.567,212.15200000000002,38,3,150.76908,38,12.076734786816191,3.967607368421053,2,7,1,0,0,0,0,0,0,0,0,0,0,0,0,0,0,0,1
2023-02-20,茄类,7.391,91.786,15,2,67.05019,15,12.418617237180355,4.470012666666666,2,1,1,0,0,0,0,0,0,0,0,0,0,0,0,0,0,0,0
2023-02-21,茄类,12.593,151.116,26,2,109.52978,26,12.000000000000002,4.212683846153846,2,2,1,0,0,0,0,0,0,0,0,0,0,1,0,0,0,0,0
2023-02-22,茄类,9.991,119.892,26,2,88.24302,26,12.0,3.393962307692308,2,3,1,0,0,0,0,0,0,0,0,0,0,0,1,0,0,0,0
2023-02-23,茄类,11.31,139.09,27,3,102.87142,27,12.297966401414676,3.8100525925925925,2,4,1,0,0,0,0,0,0,0,0,0,0,0,0,1,0,0,0
2023-02-24,茄类,11.328,151.482,28,3,102.13098000000001,28,13.372351694915254,3.6475350000000004,2,5,1,0,0,0,0,0,0,0,0,0,0,0,0,0,1,0,0
2023-02-25,茄类,10.979000000000001,146.848,29,2,97.69895000000001,29,13.375352946534292,3.368929310344828,2,6,1,0,0,0,0,0,0,0,0,0,0,0,0,0,0,1,0
2023-02-26,茄类,14.041,187.376,32,3,136.69862,32,13.34491845310163,4.271831875,2,7,1,0,0,0,0,0,0,0,0,0,0,0,0,0,0,0,1
2023-02-27,茄类,8.846,122.39,21,3,88.17277,21,13.83563192403346,4.1987033333333335,2,1,1,0,0,0,0,0,0,0,0,0,0,0,0,0,0,0,0
2023-02-28,茄类,7.007,95.172,15,3,66.11032,15,13.582417582417582,4.4073546666666665,2,2,1,0,0,0,0,0,0,0,0,0,0,1,0,0,0,0,0
2023-03-01,茄类,9.504,127.974,22,2,85.14165,22,13.465277777777779,3.870075,3,3,0,1,0,0,0,0,0,0,0,0,0,0,1,0,0,0,0
2023-03-02,茄类,7.568,101.838,17,3,64.23817,17,13.456395348837209,3.778715882352941,3,4,0,1,0,0,0,0,0,0,0,0,0,0,0,1,0,0,0
2023-03-03,茄类,13.904,191.194,27,3,121.08852999999999,27,13.751006904487916,4.4847603703703705,3,5,0,1,0,0,0,0,0,0,0,0,0,0,0,0,1,0,0
2023-03-04,茄类,12.627,174.536,28,3,110.96584,28,13.822443969272195,3.9630657142857144,3,6,0,1,0,0,0,0,0,0,0,0,0,0,0,0,0,1,0
2023-03-05,茄类,16.193,195.19,33,3,144.96098999999998,33,12.053973939356512,4.392757272727272,3,7,0,1,0,0,0,0,0,0,0,0,0,0,0,0,0,0,1
2023-03-06,茄类,10.569,126.828,24,2,91.38355,24,12.0,3.807647916666667,3,1,0,1,0,0,0,0,0,0,0,0,0,0,0,0,0,0,0
2023-03-07,茄类,8.469,102.358,18,3,64.91901,18,12.086196717440076,3.6066116666666668,3,2,0,1,0,0,0,0,0,0,0,0,0,1,0,0,0,0,0
2023-03-08,茄类,11.717,143.67000000000002,22,2,87.55651,22,12.261671076214048,3.9798413636363636,3,3,0,1,0,0,0,0,0,0,0,0,0,0,1,0,0,0,0
2023-03-09,茄类,7.751,94.816,16,3,60.82803,16,12.232744162043607,3.801751875,3,4,0,1,0,0,0,0,0,0,0,0,0,0,0,1,0,0,0
2023-03-10,茄类,14.024000000000001,168.288,28,2,104.78816,28,12.0,3.742434285714286,3,5,0,1,0,0,0,0,0,0,0,0,0,0,0,0,1,0,0
2023-03-11,茄类,20.211,243.464,43,3,135.88958,43,12.046113502548119,3.160222790697674,3,6,0,1,0,0,0,0,0,0,0,0,0,0,0,0,0,1,0
2023-03-12,茄类,18.27,222.062,43,3,128.87483,43,12.154460864805694,2.997089069767442,3,7,0,1,0,0,0,0,0,0,0,0,0,0,0,0,0,0,1
2023-03-13,茄类,12.188,147.89000000000001,26,3,84.53629,26,12.134066294716115,3.251395769230769,3,1,0,1,0,0,0,0,0,0,0,0,0,0,0,0,0,0,0
2023-03-14,茄类,11.759,141.882,24,3,83.03273,24,12.065821923632962,3.4596970833333334,3,2,0,1,0,0,0,0,0,0,0,0,0,1,0,0,0,0,0
2023-03-15,茄类,8.036999999999999,97.33200000000001,19,3,57.9758,19,12.110488988428521,3.0513578947368423,3,3,0,1,0,0,0,0,0,0,0,0,0,0,1,0,0,0,0
2023-03-16,茄类,11.892,142.704,27,2,79.99179,27,12.000000000000002,2.9626588888888885,3,4,0,1,0,0,0,0,0,0,0,0,0,0,0,1,0,0,0
2023-03-17,茄类,16.576,199.714,42,3,120.28695,42,12.048383204633204,2.863975,3,5,0,1,0,0,0,0,0,0,0,0,0,0,0,0,1,0,0
2023-03-18,茄类,29.936,362.628,66,3,207.90192,66,12.113442009620524,3.150029090909091,3,6,0,1,0,0,0,0,0,0,0,0,0,0,0,0,0,1,0
2023-03-19,茄类,26.328,317.498,56,3,175.57538,56,12.059328471589183,3.135274642857143,3,7,0,1,0,0,0,0,0,0,0,0,0,0,0,0,0,0,1
2023-03-20,茄类,10.568999999999999,127.72999999999999,22,3,72.59119,22,12.08534393036238,3.2995995454545453,3,1,0,1,0,0,0,0,0,0,0,0,0,0,0,0,0,0,0
2023-03-21,茄类,10.702,118.3222,23,3,72.94462,23,11.056082975144832,3.1715052173913043,3,2,0,1,0,0,0,0,0,0,0,0,0,1,0,0,0,0,0
2023-03-22,茄类,12.133000000000001,129.6864,25,2,78.19378,25,10.688733206956234,3.1277512,3,3,0,1,0,0,0,0,0,0,0,0,0,0,1,0,0,0,0
2023-03-23,茄类,10.903,118.2402,23,2,71.92603,23,10.844739979822068,3.1272186956521737,3,4,0,1,0,0,0,0,0,0,0,0,0,0,0,1,0,0,0
2023-03-24,茄类,18.402,194.046,37,3,124.66979,37,10.544832083469187,3.369453783783784,3,5,0,1,0,0,0,0,0,0,0,0,0,0,0,0,1,0,0
2023-03-25,茄类,22.364,234.502,48,3,141.1857,48,10.485691289572527,2.94136875,3,6,0,1,0,0,0,0,0,0,0,0,0,0,0,0,0,1,0
2023-03-26,茄类,20.143,210.772,44,3,121.13241000000001,44,10.463783944794717,2.7530093181818183,3,7,0,1,0,0,0,0,0,0,0,0,0,0,0,0,0,0,1
2023-03-27,茄类,12.216,129.188,22,3,73.70708,22,10.575311067452521,3.3503218181818184,3,1,0,1,0,0,0,0,0,0,0,0,0,0,0,0,0,0,0
2023-03-28,茄类,15.485,148.3248,34,3,93.34801,34,9.578611559573782,2.745529705882353,3,2,0,1,0,0,0,0,0,0,0,0,0,1,0,0,0,0,0
2023-03-29,茄类,8.567,76.4642,22,2,47.73281,22,8.925434807984125,2.169673181818182,3,3,0,1,0,0,0,0,0,0,0,0,0,0,1,0,0,0,0
2023-03-30,茄类,14.654,137.1094,33,3,87.54259,33,9.356448751194213,2.6528057575757575,3,4,0,1,0,0,0,0,0,0,0,0,0,0,0,1,0,0,0
2023-03-31,茄类,21.134,189.8748,41,3,117.63445,41,8.984328570076654,2.8691329268292685,3,5,0,1,0,0,0,0,0,0,0,0,0,0,0,0,1,0,0
2023-04-01,茄类,23.388,200.756,53,3,129.80905,53,8.583718146057807,2.449227358490566,4,6,0,0,1,0,0,0,0,0,0,0,0,0,0,0,0,1,0
2023-04-02,茄类,20.488,182.944,44,3,119.77510000000001,44,8.929324482623974,2.722161363636364,4,7,0,0,1,0,0,0,0,0,0,0,0,0,0,0,0,0,1
2023-04-03,茄类,19.201,163.756,43,3,104.15219,43,8.528514139888546,2.4221439534883724,4,1,0,0,1,0,0,0,0,0,0,0,0,0,0,0,0,0,0
2023-04-04,茄类,20.162,174.996,47,3,109.64664,47,8.679496081737923,2.3329072340425534,4,2,0,0,1,0,0,0,0,0,0,0,0,1,0,0,0,0,0
2023-04-05,茄类,22.225,191.004,45,3,122.27383999999999,45,8.5941057367829,2.7171964444444443,4,3,0,0,1,0,0,0,0,0,0,0,0,0,1,0,0,0,0
2023-04-06,茄类,12.387,104.602,25,3,67.58958,25,8.444498264309356,2.7035831999999997,4,4,0,0,1,0,0,0,0,0,0,0,0,0,0,1,0,0,0
2023-04-07,茄类,9.746,80.512,20,2,51.89226,20,8.261030166222039,2.594613,4,5,0,0,1,0,0,0,0,0,0,0,0,0,0,0,1,0,0
2023-04-08,茄类,19.815,166.732,45,3,107.67233,45,8.414433509967196,2.3927184444444447,4,6,0,0,1,0,0,0,0,0,0,0,0,0,0,0,0,1,0
2023-04-09,茄类,15.846,144.424,35,2,100.08952,35,9.114224409945727,2.8597005714285713,4,7,0,0,1,0,0,0,0,0,0,0,0,0,0,0,0,0,1
2023-04-10,茄类,12.818,116.62400000000001,26,2,80.3636,26,9.09845529723826,3.0909076923076926,4,1,0,0,1,0,0,0,0,0,0,0,0,0,0,0,0,0,0
2023-04-11,茄类,13.366,111.53999999999999,26,3,78.15082,26,8.345054616190334,3.005800769230769,4,2,0,0,1,0,0,0,0,0,0,0,0,1,0,0,0,0,0
2023-04-12,茄类,8.998,79.34,20,3,53.216809999999995,20,8.817515003334075,2.6608405,4,3,0,0,1,0,0,0,0,0,0,0,0,0,1,0,0,0,0
2023-04-13,茄类,9.198,83.3806,21,3,51.86433,21,9.065079365079365,2.46973,4,4,0,0,1,0,0,0,0,0,0,0,0,0,0,1,0,0,0
2023-04-14,茄类,18.233,160.94559999999998,39,3,99.71385,39,8.82715954587835,2.5567653846153844,4,5,0,0,1,0,0,0,0,0,0,0,0,0,0,0,1,0,0
2023-04-15,茄类,16.674,153.079,34,3,97.48478,34,9.180700491783616,2.8671994117647057,4,6,0,0,1,0,0,0,0,0,0,0,0,0,0,0,0,1,0
2023-04-16,茄类,20.902,189.941,42,3,114.77925,42,9.087216534302938,2.732839285714286,4,7,0,0,1,0,0,0,0,0,0,0,0,0,0,0,0,0,1
2023-04-17,茄类,9.19,81.884,20,3,47.18215,20,8.910119695321002,2.3591075,4,1,0,0,1,0,0,0,0,0,0,0,0,0,0,0,0,0,0
2023-04-18,茄类,16.152,135.032,33,3,73.7254,33,8.360079247152056,2.23410303030303,4,2,0,0,1,0,0,0,0,0,0,0,0,1,0,0,0,0,0
2023-04-19,茄类,13.945,123.932,28,2,64.40487,28,8.887199713158838,2.3001739285714287,4,3,0,0,1,0,0,0,0,0,0,0,0,0,1,0,0,0,0
2023-04-20,茄类,10.307,86.816,25,3,44.633500000000005,25,8.423013485980402,1.7853400000000001,4,4,0,0,1,0,0,0,0,0,0,0,0,0,0,1,0,0,0
2023-04-21,茄类,30.95,255.632,57,3,133.16306,57,8.25951534733441,2.3361940350877193,4,5,0,0,1,0,0,0,0,0,0,0,0,0,0,0,1,0,0
2023-04-22,茄类,39.651,326.304,76,3,165.02161999999998,76,8.22940152833472,2.1713371052631576,4,6,0,0,1,0,0,0,0,0,0,0,0,0,0,0,0,1,0
2023-04-23,茄类,21.876,166.114,46,3,77.53981,46,7.593435728652405,1.685648043478261,4,7,0,0,1,0,0,0,0,0,0,0,0,0,0,0,0,0,1
2023-04-24,茄类,25.565,175.724,49,3,105.0042,49,6.8736162722472125,2.1429428571428573,4,1,0,0,1,0,0,0,0,0,0,0,0,0,0,0,0,0,0
2023-04-25,茄类,19.3,117.912,37,3,79.99446999999999,37,6.109430051813471,2.1620127027027025,4,2,0,0,1,0,0,0,0,0,0,0,0,1,0,0,0,0,0
2023-04-26,茄类,18.526,111.156,35,2,77.29856,35,6.0,2.2085302857142857,4,3,0,0,1,0,0,0,0,0,0,0,0,0,1,0,0,0,0
2023-04-27,茄类,18.48,114.274,38,3,78.7256,38,6.183658008658009,2.0717263157894736,4,4,0,0,1,0,0,0,0,0,0,0,0,0,0,1,0,0,0
2023-04-28,茄类,22.141000000000002,163.365,44,3,92.85941,44,7.378393026511901,2.110441136363636,4,5,0,0,1,0,0,0,0,0,0,0,0,0,0,0,1,0,0
2023-04-29,茄类,37.234,270.513,69,3,155.52333000000002,69,7.265214588816672,2.2539613043478264,4,6,0,0,1,0,0,0,0,0,0,0,0,0,0,0,0,1,0
2023-04-30,茄类,43.783,315.075,83,3,196.05332,83,7.196286229815224,2.3620881927710844,4,7,0,0,1,0,0,0,0,0,0,0,0,0,0,0,0,0,1
2023-05-01,茄类,31.862000000000002,254.89600000000002,68,3,157.84598,68,8.0,2.3212644117647057,5,1,0,0,0,1,0,0,0,0,0,0,0,0,0,0,0,0,0
2023-05-02,茄类,35.967,287.736,75,3,193.22134,75,8.0,2.5762845333333333,5,2,0,0,0,1,0,0,0,0,0,0,0,1,0,0,0,0,0
2023-05-03,茄类,22.717,181.736,44,1,120.62727,44,8.0,2.7415288636363635,5,3,0,0,0,1,0,0,0,0,0,0,0,0,1,0,0,0,0
2023-05-04,茄类,25.655,205.24,56,1,149.05554999999998,56,8.0,2.6617062499999995,5,4,0,0,0,1,0,0,0,0,0,0,0,0,0,1,0,0,0
2023-05-05,茄类,22.324,178.592,46,1,130.37216,46,8.0,2.834177391304348,5,5,0,0,0,1,0,0,0,0,0,0,0,0,0,0,1,0,0
2023-05-06,茄类,23.097,184.776,46,1,149.43759,46,8.0,3.248643260869565,5,6,0,0,0,1,0,0,0,0,0,0,0,0,0,0,0,1,0
2023-05-07,茄类,39.966,319.728,83,1,248.58852,83,8.0,2.995042409638554,5,7,0,0,0,1,0,0,0,0,0,0,0,0,0,0,0,0,1
2023-05-08,茄类,21.757,174.056,43,1,131.41228,43,8.0,3.056099534883721,5,1,0,0,0,1,0,0,0,0,0,0,0,0,0,0,0,0,0
2023-05-09,茄类,17.224,137.792,31,1,104.03296,31,8.0,3.355901935483871,5,2,0,0,0,1,0,0,0,0,0,0,0,1,0,0,0,0,0
2023-05-10,茄类,28.106,224.848,55,1,160.76632,55,8.0,2.9230240000000003,5,3,0,0,0,1,0,0,0,0,0,0,0,0,1,0,0,0,0
2023-05-11,茄类,13.908,111.264,31,1,63.83772,31,8.0,2.0592812903225806,5,4,0,0,0,1,0,0,0,0,0,0,0,0,0,1,0,0,0
2023-05-12,茄类,24.496,171.472,46,1,110.47695999999999,46,7.000000000000001,2.4016730434782607,5,5,0,0,0,1,0,0,0,0,0,0,0,0,0,0,1,0,0
2023-05-13,茄类,33.208,232.45600000000002,64,1,152.09264000000002,64,7.000000000000001,2.3764475000000003,5,6,0,0,0,1,0,0,0,0,0,0,0,0,0,0,0,1,0
2023-05-14,茄类,32.974000000000004,230.818,60,1,151.6804,60,7.0,2.5280066666666667,5,7,0,0,0,1,0,0,0,0,0,0,0,0,0,0,0,0,1
2023-05-15,茄类,21.584,150.601,45,2,100.27463,45,6.977436990363232,2.2283251111111113,5,1,0,0,0,1,0,0,0,0,0,0,0,0,0,0,0,0,0
2023-05-16,茄类,14.181000000000001,99.267,32,1,66.22527,32,6.999999999999999,2.0695396875,5,2,0,0,0,1,0,0,0,0,0,0,0,1,0,0,0,0,0
2023-05-17,茄类,14.296,100.072,27,1,61.901680000000006,27,7.000000000000001,2.292654814814815,5,3,0,0,0,1,0,0,0,0,0,0,0,0,1,0,0,0,0
2023-05-18,茄类,11.595,81.165,24,1,46.61189999999999,24,7.0,1.9421624999999996,5,4,0,0,0,1,0,0,0,0,0,0,0,0,0,1,0,0,0
2023-05-19,茄类,15.232,106.624,26,1,61.08032,26,7.0,2.3492430769230768,5,5,0,0,0,1,0,0,0,0,0,0,0,0,0,0,1,0,0
2023-05-20,茄类,33.825,236.775,65,1,133.947,65,7.0,2.060723076923077,5,6,0,0,0,1,0,0,0,0,0,0,0,0,0,0,0,1,0
2023-05-21,茄类,38.276,267.932,71,1,145.06604000000002,71,7.0,2.043183661971831,5,7,0,0,0,1,0,0,0,0,0,0,0,0,0,0,0,0,1
2023-05-22,茄类,25.981,180.55180000000001,52,2,97.72819,52,6.949378391901774,1.8793882692307693,5,1,0,0,0,1,0,0,0,0,0,0,0,0,0,0,0,0,0
2023-05-23,茄类,23.022,161.154,48,1,79.88634,48,7.0,1.6642987500000002,5,2,0,0,0,1,0,0,0,0,0,0,0,1,0,0,0,0,0
2023-05-24,茄类,15.749,110.243,30,1,51.49923,30,6.999999999999999,1.7166409999999999,5,3,0,0,0,1,0,0,0,0,0,0,0,0,1,0,0,0,0
2023-05-25,茄类,21.865,165.283,44,2,84.28961,44,7.559249942831008,1.9156729545454545,5,4,0,0,0,1,0,0,0,0,0,0,0,0,0,1,0,0,0
2023-05-26,茄类,18.213,152.022,42,3,76.3627,42,8.346895074946467,1.8181595238095238,5,5,0,0,0,1,0,0,0,0,0,0,0,0,0,0,1,0,0
2023-05-27,茄类,24.313,170.191,48,1,80.71916,48,7.0,1.6816491666666666,5,6,0,0,0,1,0,0,0,0,0,0,0,0,0,0,0,1,0
2023-05-28,茄类,38.881,233.286,76,2,146.82611,76,6.0,1.9319225,5,7,0,0,0,1,0,0,0,0,0,0,0,0,0,0,0,0,1
2023-05-29,茄类,28.536,215.766,69,3,138.10743,69,7.5611858704793935,2.001556956521739,5,1,0,0,0,1,0,0,0,0,0,0,0,0,0,0,0,0,0
2023-05-30,茄类,23.886,210.0594,53,3,129.15915,53,8.7942476764632,2.436965094339623,5,2,0,0,0,1,0,0,0,0,0,0,0,1,0,0,0,0,0
2023-05-31,茄类,17.471,116.2056,29,2,67.64736,29,6.651342224257341,2.3326675862068966,5,3,0,0,0,1,0,0,0,0,0,0,0,0,1,0,0,0,0
2023-06-01,茄类,18.475,166.3782,45,3,106.41554000000001,45,9.00558592692828,2.3647897777777778,6,4,0,0,0,0,1,0,0,0,0,0,0,0,0,1,0,0,0
2023-06-02,茄类,22.501,200.38459999999998,55,4,130.08624,55,8.905586418381404,2.3652043636363635,6,5,0,0,0,0,1,0,0,0,0,0,0,0,0,0,1,0,0
2023-06-03,茄类,39.399,334.3932,77,4,203.57393,77,8.487352470874894,2.6438172727272726,6,6,0,0,0,0,1,0,0,0,0,0,0,0,0,0,0,1,0
2023-06-04,茄类,34.741,305.3196,76,3,187.62300000000002,76,8.788451685328575,2.4687236842105267,6,7,0,0,0,0,1,0,0,0,0,0,0,0,0,0,0,0,1
2023-06-05,茄类,19.989,160.0238,42,3,100.44046,42,8.005593076191905,2.391439523809524,6,1,0,0,0,0,1,0,0,0,0,0,0,0,0,0,0,0,0
2023-06-06,茄类,19.081,157.2814,40,3,96.85645,40,8.242827944028091,2.42141125,6,2,0,0,0,0,1,0,0,0,0,0,0,1,0,0,0,0,0
2023-06-07,茄类,17.873,170.6024,38,3,93.93849,38,9.545258210708889,2.4720655263157894,6,3,0,0,0,0,1,0,0,0,0,0,0,0,1,0,0,0,0
2023-06-08,茄类,24.509,228.762,53,4,138.22237,53,9.33379574850055,2.607969245283019,6,4,0,0,0,0,1,0,0,0,0,0,0,0,0,1,0,0,0
2023-06-09,茄类,21.798,189.91,43,3,121.63714999999999,43,8.712267180475273,2.828770930232558,6,5,0,0,0,0,1,0,0,0,0,0,0,0,0,0,1,0,0
2023-06-10,茄类,38.116,307.584,78,4,205.8852,78,8.069682023297304,2.639553846153846,6,6,0,0,0,0,1,0,0,0,0,0,0,0,0,0,0,1,0
2023-06-11,茄类,43.303,360.96999999999997,79,4,238.16983,79,8.335912061519988,3.0148079746835443,6,7,0,0,0,0,1,0,0,0,0,0,0,0,0,0,0,0,1
2023-06-12,茄类,23.087,175.2404,44,4,123.97341,44,7.590436176203058,2.8175775,6,1,0,0,0,0,1,0,0,0,0,0,0,0,0,0,0,0,0
2023-06-13,茄类,17.659,130.944,40,2,93.59315,40,7.4151424202956,2.3398287499999997,6,2,0,0,0,0,1,0,0,0,0,0,0,1,0,0,0,0,0
2023-06-14,茄类,28.361,193.9656,56,4,128.82219999999998,56,6.8391664609851555,2.3003964285714282,6,3,0,0,0,0,1,0,0,0,0,0,0,0,1,0,0,0,0
2023-06-15,茄类,15.908,134.462,35,3,85.41456,35,8.452476741262258,2.440416,6,4,0,0,0,0,1,0,0,0,0,0,0,0,0,1,0,0,0
2023-06-16,茄类,24.133,195.85320000000002,52,4,119.17651000000001,52,8.115576181991464,2.2918559615384617,6,5,0,0,0,0,1,0,0,0,0,0,0,0,0,0,1,0,0
2023-06-17,茄类,46.628,334.5324,92,4,213.64036000000002,92,7.174496010980526,2.3221778260869566,6,6,0,0,0,0,1,0,0,0,0,0,0,0,0,0,0,1,0
2023-06-18,茄类,54.553,376.11400000000003,111,4,242.53952999999998,111,6.894469598372226,2.185040810810811,6,7,0,0,0,0,1,0,0,0,0,0,0,0,0,0,0,0,1
2023-06-19,茄类,21.207,162.26,45,4,102.22663,45,7.65124722968831,2.271702888888889,6,1,0,0,0,0,1,0,0,0,0,0,0,0,0,0,0,0,0
2023-06-20,茄类,21.592,153.984,44,4,94.50788,44,7.1315301963690265,2.1479063636363636,6,2,0,0,0,0,1,0,0,0,0,0,0,1,0,0,0,0,0
2023-06-21,茄类,24.123,175.453,44,5,106.44129,44,7.273266177506943,2.4191202272727272,6,3,0,0,0,0,1,0,0,0,0,0,0,0,1,0,0,0,0
2023-06-22,茄类,33.866,269.683,63,5,176.68482,63,7.963237465304435,2.8045209523809524,6,4,0,0,0,0,1,0,0,0,0,0,0,0,0,1,0,0,0
2023-06-23,茄类,25.398,187.924,51,5,117.7279,51,7.399165288605403,2.3083901960784314,6,5,0,0,0,0,1,0,0,0,0,0,0,0,0,0,1,0,0
2023-06-24,茄类,28.369,212.934,57,4,132.89276,57,7.505869082449152,2.3314519298245617,6,6,0,0,0,0,1,0,0,0,0,0,0,0,0,0,0,1,0
2023-06-25,茄类,23.315,156.08,45,4,98.02181999999999,45,6.69440274501394,2.1782626666666665,6,7,0,0,0,0,1,0,0,0,0,0,0,0,0,0,0,0,1
2023-06-26,茄类,21.224,134.97,37,3,85.74512,37,6.359310214851112,2.3174356756756755,6,1,0,0,0,0,1,0,0,0,0,0,0,0,0,0,0,0,0
2023-06-27,茄类,8.415,67.124,21,5,40.19603,21,7.9767082590612,1.9140966666666668,6,2,0,0,0,0,1,0,0,0,0,0,0,1,0,0,0,0,0
2023-06-28,茄类,15.651,121.6408,29,4,75.34492999999999,29,7.772078461440164,2.598101034482758,6,3,0,0,0,0,1,0,0,0,0,0,0,0,1,0,0,0,0
2023-06-29,茄类,11.511,86.3524,23,5,52.44396,23,7.501728781165842,2.2801721739130434,6,4,0,0,0,0,1,0,0,0,0,0,0,0,0,1,0,0,0
2023-06-30,茄类,24.53,198.8132,47,3,115.19815,47,8.104900122299226,2.4510244680851065,6,5,0,0,0,0,1,0,0,0,0,0,0,0,0,0,1,0,0
2020-07-01,辣椒类,76.715,759.9902,259,9,408.05555000000004,259,9.9066701427361,1.5755040540540541,7,3,0,0,0,0,0,1,0,0,0,0,0,0,1,0,0,0,0
2020-07-02,辣椒类,66.064,669.7044,226,10,376.85583,226,10.137206345362074,1.6675036725663719,7,4,0,0,0,0,0,1,0,0,0,0,0,0,0,1,0,0,0
2020-07-03,辣椒类,64.253,670.6646,227,10,401.82115,227,10.43787216161113,1.7701372246696034,7,5,0,0,0,0,0,1,0,0,0,0,0,0,0,0,1,0,0
2020-07-04,辣椒类,80.838,820.5558,292,10,461.83721,292,10.150619758034589,1.581634280821918,7,6,0,0,0,0,0,1,0,0,0,0,0,0,0,0,0,1,0
2020-07-05,辣椒类,98.031,1009.9126,351,10,591.33118,351,10.301971825238954,1.6847042165242165,7,7,0,0,0,0,0,1,0,0,0,0,0,0,0,0,0,0,1
2020-07-06,辣椒类,58.682,645.2908,223,10,365.2896,223,10.996400940663236,1.6380699551569506,7,1,0,0,0,0,0,1,0,0,0,0,0,0,0,0,0,0,0
2020-07-07,辣椒类,42.213,531.0704,191,10,287.56131,191,12.580731054414516,1.5055565968586386,7,2,0,0,0,0,0,1,0,0,0,0,0,1,0,0,0,0,0
2020-07-08,辣椒类,63.233,741.591,234,10,405.21524999999997,234,11.727911059098888,1.7316891025641024,7,3,0,0,0,0,0,1,0,0,0,0,0,0,1,0,0,0,0
2020-07-09,辣椒类,58.86,615.355,219,10,334.93565,219,10.454553177030242,1.5293865296803653,7,4,0,0,0,0,0,1,0,0,0,0,0,0,0,1,0,0,0
2020-07-10,辣椒类,56.666,687.1768,232,8,374.15941,232,12.126792079906823,1.6127560775862069,7,5,0,0,0,0,0,1,0,0,0,0,0,0,0,0,1,0,0
2020-07-11,辣椒类,77.453,965.465,273,9,548.3981699999999,273,12.465172427149367,2.0087845054945053,7,6,0,0,0,0,0,1,0,0,0,0,0,0,0,0,0,1,0
2020-07-12,辣椒类,66.173,786.1756,271,10,438.21702,271,11.880609916431172,1.6170369741697417,7,7,0,0,0,0,0,1,0,0,0,0,0,0,0,0,0,0,1
2020-07-13,辣椒类,57.943,631.1052,205,10,373.5995,205,10.891828175966035,1.8224365853658535,7,1,0,0,0,0,0,1,0,0,0,0,0,0,0,0,0,0,0
2020-07-14,辣椒类,63.273,677.4262,214,10,391.04045,214,10.70640241493212,1.8272918224299066,7,2,0,0,0,0,0,1,0,0,0,0,0,1,0,0,0,0,0
2020-07-15,辣椒类,69.084,712.721,229,10,424.34148,229,10.31673035724625,1.8530195633187772,7,3,0,0,0,0,0,1,0,0,0,0,0,0,1,0,0,0,0
2020-07-16,辣椒类,64.325,693.7892,210,9,413.43191,210,10.785685192382433,1.968723380952381,7,4,0,0,0,0,0,1,0,0,0,0,0,0,0,1,0,0,0
2020-07-17,辣椒类,55.82,638.3944,198,10,369.77257000000003,198,11.436660695091366,1.8675382323232326,7,5,0,0,0,0,0,1,0,0,0,0,0,0,0,0,1,0,0
2020-07-18,辣椒类,71.212,848.6156,273,10,472.66325,273,11.916749985957422,1.7313672161172162,7,6,0,0,0,0,0,1,0,0,0,0,0,0,0,0,0,1,0
2020-07-19,辣椒类,92.933,1011.9708,311,10,611.2885200000001,311,10.889251396167131,1.9655579421221867,7,7,0,0,0,0,0,1,0,0,0,0,0,0,0,0,0,0,1
2020-07-20,辣椒类,59.188,609.5218,217,9,393.49391,217,10.29806379671555,1.8133359907834103,7,1,0,0,0,0,0,1,0,0,0,0,0,0,0,0,0,0,0
2020-07-21,辣椒类,53.786,542.9398,192,10,327.31454,192,10.09444465102443,1.7047632291666668,7,2,0,0,0,0,0,1,0,0,0,0,0,1,0,0,0,0,0
2020-07-22,辣椒类,74.186,736.6684,262,9,441.61816,262,9.93001914107783,1.685565496183206,7,3,0,0,0,0,0,1,0,0,0,0,0,0,1,0,0,0,0
2020-07-23,辣椒类,53.861,606.3088,197,10,352.25663000000003,197,11.256916878632035,1.788104720812183,7,4,0,0,0,0,0,1,0,0,0,0,0,0,0,1,0,0,0
2020-07-24,辣椒类,53.392,548.679,179,8,352.11904,179,10.276427180101887,1.9671454748603352,7,5,0,0,0,0,0,1,0,0,0,0,0,0,0,0,1,0,0
2020-07-25,辣椒类,81.697,839.2218,272,10,569.43219,272,10.27236985446222,2.093500698529412,7,6,0,0,0,0,0,1,0,0,0,0,0,0,0,0,0,1,0
2020-07-26,辣椒类,88.468,924.617,305,9,601.74038,305,10.451428765203236,1.9729192786885243,7,7,0,0,0,0,0,1,0,0,0,0,0,0,0,0,0,0,1
2020-07-27,辣椒类,68.303,743.187,243,10,467.64774,243,10.880737302900313,1.9244762962962962,7,1,0,0,0,0,0,1,0,0,0,0,0,0,0,0,0,0,0
2020-07-28,辣椒类,57.4,585.683,201,10,393.29666,201,10.203536585365853,1.9566998009950247,7,2,0,0,0,0,0,1,0,0,0,0,0,1,0,0,0,0,0
2020-07-29,辣椒类,74.515,749.4174,254,9,510.10136,254,10.057269006240356,2.008273070866142,7,3,0,0,0,0,0,1,0,0,0,0,0,0,1,0,0,0,0
2020-07-30,辣椒类,62.365,596.7414,213,10,395.17228,213,9.568530425719555,1.8552689201877934,7,4,0,0,0,0,0,1,0,0,0,0,0,0,0,1,0,0,0
2020-07-31,辣椒类,41.104,440.091,152,10,274.71302000000003,152,10.706768197742313,1.8073225000000002,7,5,0,0,0,0,0,1,0,0,0,0,0,0,0,0,1,0,0
2020-08-01,辣椒类,62.532,658.8272,252,11,426.43953,252,10.535840849485064,1.6922203571428571,8,6,0,0,0,0,0,0,1,0,0,0,0,0,0,0,0,1,0
2020-08-02,辣椒类,67.963,661.0504,252,11,433.48687,252,9.726621838353221,1.720185992063492,8,7,0,0,0,0,0,0,1,0,0,0,0,0,0,0,0,0,1
2020-08-03,辣椒类,86.474,854.4544,295,11,529.03995,295,9.881055577398985,1.7933557627118644,8,1,0,0,0,0,0,0,1,0,0,0,0,0,0,0,0,0,0
2020-08-04,辣椒类,73.365,706.3548,225,8,446.36012,225,9.627953383766101,1.9838227555555554,8,2,0,0,0,0,0,0,1,0,0,0,0,1,0,0,0,0,0
2020-08-05,辣椒类,82.229,808.7544,272,7,518.91734,272,9.835391406924565,1.907784338235294,8,3,0,0,0,0,0,0,1,0,0,0,0,0,1,0,0,0,0
2020-08-06,辣椒类,74.047,731.4874,249,11,467.89794,249,9.878690561400193,1.8791081927710844,8,4,0,0,0,0,0,0,1,0,0,0,0,0,0,1,0,0,0
2020-08-07,辣椒类,78.611,789.528,262,10,503.61723,262,10.043479920112961,1.9222031679389313,8,5,0,0,0,0,0,0,1,0,0,0,0,0,0,0,1,0,0
2020-08-08,辣椒类,100.292,980.1272,340,8,641.57387,340,9.772735612012923,1.8869819705882354,8,6,0,0,0,0,0,0,1,0,0,0,0,0,0,0,0,1,0
2020-08-09,辣椒类,73.684,729.5186,255,10,472.64302,255,9.900637858965311,1.8535020392156862,8,7,0,0,0,0,0,0,1,0,0,0,0,0,0,0,0,0,1
2020-08-10,辣椒类,78.905,783.0778,262,9,511.73026000000004,262,9.924311513845764,1.95316893129771,8,1,0,0,0,0,0,0,1,0,0,0,0,0,0,0,0,0,0
2020-08-11,辣椒类,73.292,747.7902,256,10,474.80627000000004,256,10.202889810620531,1.8547119921875002,8,2,0,0,0,0,0,0,1,0,0,0,0,1,0,0,0,0,0
2020-08-12,辣椒类,85.166,860.6532,276,10,545.41116,276,10.105596129910998,1.9761273913043478,8,3,0,0,0,0,0,0,1,0,0,0,0,0,1,0,0,0,0
2020-08-13,辣椒类,61.768,613.2288,222,9,388.04931,222,9.927936795751846,1.7479698648648647,8,4,0,0,0,0,0,0,1,0,0,0,0,0,0,1,0,0,0
2020-08-14,辣椒类,76.489,776.5718,261,10,487.35945999999996,261,10.152725228464224,1.8672776245210727,8,5,0,0,0,0,0,0,1,0,0,0,0,0,0,0,1,0,0
2020-08-15,辣椒类,94.285,956.6032,327,10,585.00875,327,10.145868377790741,1.7890175840978593,8,6,0,0,0,0,0,0,1,0,0,0,0,0,0,0,0,1,0
2020-08-16,辣椒类,95.285,943.0664,329,9,574.08525,329,9.897322768536496,1.744939969604863,8,7,0,0,0,0,0,0,1,0,0,0,0,0,0,0,0,0,1
2020-08-17,辣椒类,72.953,690.9762,251,9,429.61867,251,9.47152550272093,1.7116281673306772,8,1,0,0,0,0,0,0,1,0,0,0,0,0,0,0,0,0,0
2020-08-18,辣椒类,76.92,725.141,258,10,435.74170000000004,258,9.427210088403536,1.6889213178294575,8,2,0,0,0,0,0,0,1,0,0,0,0,1,0,0,0,0,0
2020-08-19,辣椒类,80.919,658.47,277,9,446.05690000000004,277,8.137396655915175,1.6103137184115526,8,3,0,0,0,0,0,0,1,0,0,0,0,0,1,0,0,0,0
2020-08-20,辣椒类,75.953,633.024,270,10,412.38964,270,8.334417337037378,1.527369037037037,8,4,0,0,0,0,0,0,1,0,0,0,0,0,0,1,0,0,0
2020-08-21,辣椒类,85.19800000000001,694.994,282,10,461.62420000000003,282,8.157398060987347,1.6369652482269506,8,5,0,0,0,0,0,0,1,0,0,0,0,0,0,0,1,0,0
2020-08-22,辣椒类,116.801,959.536,374,9,661.33341,374,8.215135144390887,1.7682711497326202,8,6,0,0,0,0,0,0,1,0,0,0,0,0,0,0,0,1,0
2020-08-23,辣椒类,93.714,770.576,336,9,523.20137,336,8.222634825106175,1.5571469345238096,8,7,0,0,0,0,0,0,1,0,0,0,0,0,0,0,0,0,1
2020-08-24,辣椒类,97.079,760.6727999999999,281,10,542.45805,281,7.835606052802357,1.9304556939501778,8,1,0,0,0,0,0,0,1,0,0,0,0,0,0,0,0,0,0
2020-08-25,辣椒类,106.749,837.263,340,9,577.25435,340,7.843286588164761,1.697806911764706,8,2,0,0,0,0,0,0,1,0,0,0,0,1,0,0,0,0,0
2020-08-26,辣椒类,82.32000000000001,644.126,281,10,441.98508,281,7.824659863945577,1.572900640569395,8,3,0,0,0,0,0,0,1,0,0,0,0,0,1,0,0,0,0
2020-08-27,辣椒类,89.92,709.0151999999999,285,10,476.39111,285,7.884955516014234,1.671547754385965,8,4,0,0,0,0,0,0,1,0,0,0,0,0,0,1,0,0,0
2020-08-28,辣椒类,156.11,993.381,374,9,703.1012300000001,374,6.363339952597527,1.879949812834225,8,5,0,0,0,0,0,0,1,0,0,0,0,0,0,0,1,0,0
2020-08-29,辣椒类,145.627,945.657,396,10,656.2578500000001,396,6.493692790485281,1.6572167929292931,8,6,0,0,0,0,0,0,1,0,0,0,0,0,0,0,0,1,0
2020-08-30,辣椒类,155.811,1023.816,440,10,695.40085,440,6.570883955561546,1.5804564772727272,8,7,0,0,0,0,0,0,1,0,0,0,0,0,0,0,0,0,1
2020-08-31,辣椒类,117.965,790.7804,330,9,522.4238799999999,330,6.703517144915865,1.5831026666666665,8,1,0,0,0,0,0,0,1,0,0,0,0,0,0,0,0,0,0
2020-09-01,辣椒类,102.504,684.0116,291,10,452.24965000000003,291,6.673023491766175,1.5541225085910655,9,2,0,0,0,0,0,0,0,1,0,0,0,1,0,0,0,0,0
2020-09-02,辣椒类,83.969,559.7978,232,10,340.02181,232,6.666719860901048,1.46561125,9,3,0,0,0,0,0,0,0,1,0,0,0,0,1,0,0,0,0
2020-09-03,辣椒类,87.119,591.0916,263,9,381.33545999999996,263,6.784875859456605,1.449944714828897,9,4,0,0,0,0,0,0,0,1,0,0,0,0,0,1,0,0,0
2020-09-04,辣椒类,91.579,616.0522,273,10,439.67199,273,6.727002915515566,1.6105201098901099,9,5,0,0,0,0,0,0,0,1,0,0,0,0,0,0,1,0,0
2020-09-05,辣椒类,110.43900000000001,789.6522,344,9,542.56867,344,7.150120881210442,1.5772345058139534,9,6,0,0,0,0,0,0,0,1,0,0,0,0,0,0,0,1,0
2020-09-06,辣椒类,126.5,1095.6204,388,9,705.4271,388,8.661030830039525,1.8181110824742268,9,7,0,0,0,0,0,0,0,1,0,0,0,0,0,0,0,0,1
2020-09-07,辣椒类,56.473,496.2668,177,10,309.12605,177,8.787682609388558,1.7464748587570622,9,1,0,0,0,0,0,0,0,1,0,0,0,0,0,0,0,0,0
2020-09-08,辣椒类,50.259,444.6856,165,10,268.97108,165,8.84787998169482,1.6301277575757573,9,2,0,0,0,0,0,0,0,1,0,0,0,1,0,0,0,0,0
2020-09-09,辣椒类,39.795,359.266,133,9,223.70235,133,9.027918080160825,1.6819725563909773,9,3,0,0,0,0,0,0,0,1,0,0,0,0,1,0,0,0,0
2020-09-10,辣椒类,49.321,504.621,174,10,282.65827,174,10.231361894527685,1.6244728160919542,9,4,0,0,0,0,0,0,0,1,0,0,0,0,0,1,0,0,0
2020-09-11,辣椒类,50.22,518.5636,176,9,296.37394,176,10.325838311429708,1.6839428409090909,9,5,0,0,0,0,0,0,0,1,0,0,0,0,0,0,1,0,0
2020-09-12,辣椒类,74.51,801.8314,268,11,503.20880999999997,268,10.7613931015971,1.8776448134328356,9,6,0,0,0,0,0,0,0,1,0,0,0,0,0,0,0,1,0
2020-09-13,辣椒类,83.723,890.1392,283,11,596.0988,283,10.631955376658743,2.106356183745583,9,7,0,0,0,0,0,0,0,1,0,0,0,0,0,0,0,0,1
2020-09-14,辣椒类,48.55,512.871,163,9,344.11244,163,10.563769309989702,2.111119263803681,9,1,0,0,0,0,0,0,0,1,0,0,0,0,0,0,0,0,0
2020-09-15,辣椒类,49.991,518.87,172,8,339.98627,172,10.379268268288293,1.9766643604651162,9,2,0,0,0,0,0,0,0,1,0,0,0,1,0,0,0,0,0
2020-09-16,辣椒类,46.895,542.3644,162,10,338.51331,162,11.56550591747521,2.0895883333333334,9,3,0,0,0,0,0,0,0,1,0,0,0,0,1,0,0,0,0
2020-09-17,辣椒类,46.145,546.804,177,9,334.23099,177,11.849691190811571,1.8883106779661019,9,4,0,0,0,0,0,0,0,1,0,0,0,0,0,1,0,0,0
2020-09-18,辣椒类,48.075,513.4474,152,10,378.83333000000005,152,10.680133125325012,2.4923245394736844,9,5,0,0,0,0,0,0,0,1,0,0,0,0,0,0,1,0,0
2020-09-19,辣椒类,74.255,793.753,260,9,581.4703,260,10.68955625883779,2.236424230769231,9,6,0,0,0,0,0,0,0,1,0,0,0,0,0,0,0,1,0
2020-09-20,辣椒类,99.148,1115.9916,344,10,687.60644,344,11.255815548472992,1.9988559302325581,9,7,0,0,0,0,0,0,0,1,0,0,0,0,0,0,0,0,1
2020-09-21,辣椒类,56.561,640.6618,224,9,413.12796000000003,224,11.326917840915117,1.8443212500000001,9,1,0,0,0,0,0,0,0,1,0,0,0,0,0,0,0,0,0
2020-09-22,辣椒类,77.009,866.3646,229,10,630.43327,229,11.250173356360945,2.752983711790393,9,2,0,0,0,0,0,0,0,1,0,0,0,1,0,0,0,0,0
2020-09-23,辣椒类,54.327,656.8228,192,9,459.53156,192,12.090172474092073,2.3933935416666667,9,3,0,0,0,0,0,0,0,1,0,0,0,0,1,0,0,0,0
2020-09-24,辣椒类,50.486,608.2412,183,10,402.44183,183,12.04772016004437,2.199135683060109,9,4,0,0,0,0,0,0,0,1,0,0,0,0,0,1,0,0,0
2020-09-25,辣椒类,53.938,663.8968,195,10,427.47188,195,12.308517186399198,2.1921634871794873,9,5,0,0,0,0,0,0,0,1,0,0,0,0,0,0,1,0,0
2020-09-26,辣椒类,68.094,770.6292,241,9,517.1276,241,11.317138073839105,2.145757676348548,9,6,0,0,0,0,0,0,0,1,0,0,0,0,0,0,0,1,0
2020-09-27,辣椒类,54.459,626.7256,193,10,397.58907999999997,193,11.508209845939145,2.0600470466321243,9,7,0,0,0,0,0,0,0,1,0,0,0,0,0,0,0,0,1
2020-09-28,辣椒类,37.410000000000004,404.08820000000003,133,10,282.92303,133,10.801609195402298,2.127240827067669,9,1,0,0,0,0,0,0,0,1,0,0,0,0,0,0,0,0,0
2020-09-29,辣椒类,57.017,570.487,213,9,408.03877,213,10.005559745339108,1.9156749765258216,9,2,0,0,0,0,0,0,0,1,0,0,0,1,0,0,0,0,0
2020-09-30,辣椒类,53.628,542.9572,213,10,384.555,213,10.124509584545386,1.8054225352112676,9,3,0,0,0,0,0,0,0,1,0,0,0,0,1,0,0,0,0
2020-10-01,辣椒类,64.092,678.0898,257,10,451.93149,257,10.579944454846158,1.7584882879377433,10,4,0,0,0,0,0,0,0,0,1,0,0,0,0,1,0,0,0
2020-10-02,辣椒类,69.054,736.9588,284,10,475.61509,284,10.67221015437194,1.6747010211267606,10,5,0,0,0,0,0,0,0,0,1,0,0,0,0,0,1,0,0
2020-10-03,辣椒类,84.728,895.931,298,9,537.5504,298,10.574202152771223,1.8038604026845637,10,6,0,0,0,0,0,0,0,0,1,0,0,0,0,0,0,1,0
2020-10-04,辣椒类,75.21,804.531,273,9,536.95594,273,10.697128041483845,1.9668715750915753,10,7,0,0,0,0,0,0,0,0,1,0,0,0,0,0,0,0,1
2020-10-05,辣椒类,87.933,969.3614,279,9,594.43322,279,11.023863623440572,2.130585017921147,10,1,0,0,0,0,0,0,0,0,1,0,0,0,0,0,0,0,0
2020-10-06,辣椒类,81.727,920.1356,266,9,561.07739,266,11.258648916514737,2.1093134962406017,10,2,0,0,0,0,0,0,0,0,1,0,0,1,0,0,0,0,0
2020-10-07,辣椒类,63.151,757.9944,226,9,478.62931,226,12.002888315307754,2.1178288053097343,10,3,0,0,0,0,0,0,0,0,1,0,0,0,1,0,0,0,0
2020-10-08,辣椒类,72.023,851.7548,236,9,541.8622,236,11.826149979867544,2.2960262711864408,10,4,0,0,0,0,0,0,0,0,1,0,0,0,0,1,0,0,0
2020-10-09,辣椒类,51.243,570.2036,194,9,398.57172,194,11.127443748414418,2.0544934020618557,10,5,0,0,0,0,0,0,0,0,1,0,0,0,0,0,1,0,0
2020-10-10,辣椒类,52.511,557.3166,178,9,396.20029,178,10.613330540267754,2.2258443258426968,10,6,0,0,0,0,0,0,0,0,1,0,0,0,0,0,0,1,0
2020-10-11,辣椒类,70.214,790.5902,234,9,532.36962,234,11.25972313213889,2.2750838461538465,10,7,0,0,0,0,0,0,0,0,1,0,0,0,0,0,0,0,1
2020-10-12,辣椒类,48.979,535.7464,160,9,357.57429,160,10.938287837644705,2.2348393125,10,1,0,0,0,0,0,0,0,0,1,0,0,0,0,0,0,0,0
2020-10-13,辣椒类,49.116,546.9048,182,8,358.53848999999997,182,11.13496213046665,1.9699917032967031,10,2,0,0,0,0,0,0,0,0,1,0,0,1,0,0,0,0,0
2020-10-14,辣椒类,46.36,524.5342,165,9,339.80640999999997,165,11.314370146678172,2.0594327878787877,10,3,0,0,0,0,0,0,0,0,1,0,0,0,1,0,0,0,0
2020-10-15,辣椒类,45.236,501.1804,170,8,319.46719,170,11.079237775223275,1.8792187647058824,10,4,0,0,0,0,0,0,0,0,1,0,0,0,0,1,0,0,0
2020-10-16,辣椒类,44.67,467.9844,164,9,300.60712,164,10.47648085963734,1.8329702439024391,10,5,0,0,0,0,0,0,0,0,1,0,0,0,0,0,1,0,0
2020-10-17,辣椒类,97.155,899.0152,297,8,601.95161,297,9.253411558849262,2.0267730976430975,10,6,0,0,0,0,0,0,0,0,1,0,0,0,0,0,0,1,0
2020-10-18,辣椒类,88.247,829.5528,280,9,522.14521,280,9.400351286729295,1.8648043214285714,10,7,0,0,0,0,0,0,0,0,1,0,0,0,0,0,0,0,1
2020-10-19,辣椒类,56.69,546.0218,190,10,378.58709999999996,190,9.63171282413124,1.992563684210526,10,1,0,0,0,0,0,0,0,0,1,0,0,0,0,0,0,0,0
2020-10-20,辣椒类,49.296,484.3752,165,9,304.74482,165,9.825851996105161,1.846938303030303,10,2,0,0,0,0,0,0,0,0,1,0,0,1,0,0,0,0,0
2020-10-21,辣椒类,48.047,489.3048,157,9,318.86112,157,10.183878285845111,2.030962547770701,10,3,0,0,0,0,0,0,0,0,1,0,0,0,1,0,0,0,0
2020-10-22,辣椒类,50.037,491.2958,166,9,330.80734,166,9.818650198852849,1.9928153012048193,10,4,0,0,0,0,0,0,0,0,1,0,0,0,0,1,0,0,0
2020-10-23,辣椒类,43.758,464.33,160,10,305.2203,160,10.611316787787375,1.907626875,10,5,0,0,0,0,0,0,0,0,1,0,0,0,0,0,1,0,0
2020-10-24,辣椒类,77.097,755.7422,263,9,513.81476,263,9.802485181005746,1.9536682889733838,10,6,0,0,0,0,0,0,0,0,1,0,0,0,0,0,0,1,0
2020-10-25,辣椒类,72.537,756.301,243,10,495.9667,243,10.426416863118133,2.0410152263374486,10,7,0,0,0,0,0,0,0,0,1,0,0,0,0,0,0,0,1
2020-10-26,辣椒类,45.439,461.7382,139,10,310.48712,139,10.161715706771716,2.2337202877697844,10,1,0,0,0,0,0,0,0,0,1,0,0,0,0,0,0,0,0
2020-10-27,辣椒类,45.479,462.3914,157,9,314.05246999999997,157,10.167140878207524,2.000334203821656,10,2,0,0,0,0,0,0,0,0,1,0,0,1,0,0,0,0,0
2020-10-28,辣椒类,49.395,502.58480000000003,162,8,337.64588000000003,162,10.174811215710092,2.084233827160494,10,3,0,0,0,0,0,0,0,0,1,0,0,0,1,0,0,0,0
2020-10-29,辣椒类,52.653999999999996,532.7496,166,10,356.34441,166,10.117932160899457,2.1466530722891566,10,4,0,0,0,0,0,0,0,0,1,0,0,0,0,1,0,0,0
2020-10-30,辣椒类,46.452,504.0126,158,10,331.43869,158,10.850180831826401,2.0977132278481014,10,5,0,0,0,0,0,0,0,0,1,0,0,0,0,0,1,0,0
2020-10-31,辣椒类,81.292,885.327,257,10,587.14257,257,10.890702652167494,2.284601439688716,10,6,0,0,0,0,0,0,0,0,1,0,0,0,0,0,0,1,0
2020-11-01,辣椒类,73.722,731.8592,233,10,521.1385799999999,233,9.927283578850275,2.23664626609442,11,7,0,0,0,0,0,0,0,0,0,1,0,0,0,0,0,0,1
2020-11-02,辣椒类,54.351,590.4854,176,8,370.37681,176,10.864296885061913,2.1044136931818183,11,1,0,0,0,0,0,0,0,0,0,1,0,0,0,0,0,0,0
2020-11-03,辣椒类,66.834,551.5728,187,9,438.05188000000004,187,8.25287727803214,2.342523422459893,11,2,0,0,0,0,0,0,0,0,0,1,0,1,0,0,0,0,0
2020-11-04,辣椒类,59.731,500.4148,172,8,364.41662,172,8.377807168806818,2.1187012790697675,11,3,0,0,0,0,0,0,0,0,0,1,0,0,1,0,0,0,0
2020-11-05,辣椒类,45.282,482.5766,138,10,312.47156,138,10.65713970230997,2.2642866666666666,11,4,0,0,0,0,0,0,0,0,0,1,0,0,0,1,0,0,0
2020-11-06,辣椒类,49.287,485.6466,162,10,308.23663999999997,162,9.853442084119544,1.9026953086419751,11,5,0,0,0,0,0,0,0,0,0,1,0,0,0,0,1,0,0
2020-11-07,辣椒类,69.738,743.7168,238,10,479.90249,238,10.664441194183945,2.0163970168067227,11,6,0,0,0,0,0,0,0,0,0,1,0,0,0,0,0,1,0
2020-11-08,辣椒类,78.907,720.006,254,10,502.53430000000003,254,9.124741784632542,1.9784814960629922,11,7,0,0,0,0,0,0,0,0,0,1,0,0,0,0,0,0,1
2020-11-09,辣椒类,64.616,538.0968,186,10,377.42061,186,8.327609260864183,2.0291430645161292,11,1,0,0,0,0,0,0,0,0,0,1,0,0,0,0,0,0,0
2020-11-10,辣椒类,54.663,456.89,160,10,316.3695,160,8.35830452042515,1.9773093750000001,11,2,0,0,0,0,0,0,0,0,0,1,0,1,0,0,0,0,0
2020-11-11,辣椒类,65.834,590.5646,196,10,400.90973,196,8.970510678372877,2.045457806122449,11,3,0,0,0,0,0,0,0,0,0,1,0,0,1,0,0,0,0
2020-11-12,辣椒类,58.851,515.6316,179,10,358.77502,179,8.761645511546108,2.004329720670391,11,4,0,0,0,0,0,0,0,0,0,1,0,0,0,1,0,0,0
2020-11-13,辣椒类,70.246,566.3542,200,9,400.75788,200,8.062440566010876,2.0037894,11,5,0,0,0,0,0,0,0,0,0,1,0,0,0,0,1,0,0
2020-11-14,辣椒类,71.84,738.8982,247,10,486.88955,247,10.285331291759464,1.9712127530364372,11,6,0,0,0,0,0,0,0,0,0,1,0,0,0,0,0,1,0
2020-11-15,辣椒类,74.078,710.5856,236,10,472.24893000000003,236,9.592397202948243,2.0010547881355936,11,7,0,0,0,0,0,0,0,0,0,1,0,0,0,0,0,0,1
2020-11-16,辣椒类,45.345,430.45259999999996,149,10,285.596,149,9.492834932186568,1.916751677852349,11,1,0,0,0,0,0,0,0,0,0,1,0,0,0,0,0,0,0
2020-11-17,辣椒类,43.486,383.019,125,8,261.40249,125,8.807869199282528,2.09121992,11,2,0,0,0,0,0,0,0,0,0,1,0,1,0,0,0,0,0
2020-11-18,辣椒类,45.407000000000004,462.781,158,9,306.98726,158,10.191842667430132,1.942957341772152,11,3,0,0,0,0,0,0,0,0,0,1,0,0,1,0,0,0,0
2020-11-19,辣椒类,59.111,543.5856,178,10,370.47774000000004,178,9.196014278222329,2.0813356179775284,11,4,0,0,0,0,0,0,0,0,0,1,0,0,0,1,0,0,0
2020-11-20,辣椒类,53.492,545.285,174,10,357.88809,174,10.193767292305392,2.0568281034482756,11,5,0,0,0,0,0,0,0,0,0,1,0,0,0,0,1,0,0
2020-11-21,辣椒类,79.774,773.5536,275,9,531.60691,275,9.696813498132222,1.9331160363636362,11,6,0,0,0,0,0,0,0,0,0,1,0,0,0,0,0,1,0
2020-11-22,辣椒类,99.221,834.0508,286,10,596.33958,286,8.405990667298253,2.0851034265734265,11,7,0,0,0,0,0,0,0,0,0,1,0,0,0,0,0,0,1
2020-11-23,辣椒类,59.056,499.0114,181,9,328.90866,181,8.449800189650501,1.817174917127072,11,1,0,0,0,0,0,0,0,0,0,1,0,0,0,0,0,0,0
2020-11-24,辣椒类,52.157,479.5806,168,9,306.33094,168,9.194942193761145,1.8233984523809523,11,2,0,0,0,0,0,0,0,0,0,1,0,1,0,0,0,0,0
2020-11-25,辣椒类,39.054,386.1988,133,9,251.37811,133,9.88884109182158,1.890060977443609,11,3,0,0,0,0,0,0,0,0,0,1,0,0,1,0,0,0,0
2020-11-26,辣椒类,48.086,447.85499999999996,151,9,291.13302,151,9.313625587489081,1.9280332450331126,11,4,0,0,0,0,0,0,0,0,0,1,0,0,0,1,0,0,0
2020-11-27,辣椒类,53.116,470.1752,146,9,326.15928,146,8.851856314481513,2.233967671232877,11,5,0,0,0,0,0,0,0,0,0,1,0,0,0,0,1,0,0
2020-11-28,辣椒类,82.485,668.034,232,10,477.22312999999997,232,8.09885433715221,2.05699625,11,6,0,0,0,0,0,0,0,0,0,1,0,0,0,0,0,1,0
2020-11-29,辣椒类,66.151,612.9717999999999,204,9,408.35697999999996,204,9.26625145500446,2.001749901960784,11,7,0,0,0,0,0,0,0,0,0,1,0,0,0,0,0,0,1
2020-11-30,辣椒类,54.214,498.77599999999995,165,10,324.72787999999997,165,9.200132807024016,1.9680477575757573,11,1,0,0,0,0,0,0,0,0,0,1,0,0,0,0,0,0,0
2020-12-01,辣椒类,47.882,421.15639999999996,145,9,272.63918,145,8.795714464725783,1.8802702068965518,12,2,0,0,0,0,0,0,0,0,0,0,1,1,0,0,0,0,0
2020-12-02,辣椒类,48.74,461.395,152,10,298.95749,152,9.466454657365613,1.9668255921052633,12,3,0,0,0,0,0,0,0,0,0,0,1,0,1,0,0,0,0
2020-12-03,辣椒类,48.795,516.5613999999999,144,8,338.71977,144,10.586359258120707,2.3522206249999997,12,4,0,0,0,0,0,0,0,0,0,0,1,0,0,1,0,0,0
2020-12-04,辣椒类,42.929,438.33979999999997,153,9,284.12999,153,10.210808544340654,1.8570587581699347,12,5,0,0,0,0,0,0,0,0,0,0,1,0,0,0,1,0,0
2020-12-05,辣椒类,50.32,590.9724,171,10,392.33731,171,11.744284578696343,2.2943702339181287,12,6,0,0,0,0,0,0,0,0,0,0,1,0,0,0,0,1,0
2020-12-06,辣椒类,61.77,769.1412,217,10,478.20346,217,12.451694997571636,2.203702580645161,12,7,0,0,0,0,0,0,0,0,0,0,1,0,0,0,0,0,1
2020-12-07,辣椒类,39.566,559.2496,142,9,322.22276,142,14.134600414497294,2.2691743661971833,12,1,0,0,0,0,0,0,0,0,0,0,1,0,0,0,0,0,0
2020-12-08,辣椒类,38.132,516.9646,130,10,321.64061999999996,130,13.557238015315223,2.474158615384615,12,2,0,0,0,0,0,0,0,0,0,0,1,1,0,0,0,0,0
2020-12-09,辣椒类,36.059,477.8674,116,10,312.25249,116,13.252375273856735,2.6918318103448278,12,3,0,0,0,0,0,0,0,0,0,0,1,0,1,0,0,0,0
2020-12-10,辣椒类,45.747,609.4304,145,9,420.64331,145,13.3217566179203,2.900988344827586,12,4,0,0,0,0,0,0,0,0,0,0,1,0,0,1,0,0,0
2020-12-11,辣椒类,44.514,579.8594,145,10,397.40376,145,13.026450105584761,2.7407155862068966,12,5,0,0,0,0,0,0,0,0,0,0,1,0,0,0,1,0,0
2020-12-12,辣椒类,55.182,783.6884,192,9,562.80485,192,14.201884672538146,2.9312752604166668,12,6,0,0,0,0,0,0,0,0,0,0,1,0,0,0,0,1,0
2020-12-13,辣椒类,76.784,996.6764,238,9,718.07834,238,12.980261512815169,3.0171358823529415,12,7,0,0,0,0,0,0,0,0,0,0,1,0,0,0,0,0,1
2020-12-14,辣椒类,48.394,673.5412,160,6,484.56493,160,13.917865851138572,3.0285308125,12,1,0,0,0,0,0,0,0,0,0,0,1,0,0,0,0,0,0
2020-12-15,辣椒类,41.066,572.815,133,10,398.62216,133,13.94864364681245,2.997159097744361,12,2,0,0,0,0,0,0,0,0,0,0,1,1,0,0,0,0,0
2020-12-16,辣椒类,34.84,563.5352,118,9,366.50646,118,16.174948335246842,3.1059869491525425,12,3,0,0,0,0,0,0,0,0,0,0,1,0,1,0,0,0,0
2020-12-17,辣椒类,33.18,518.3186,104,9,343.17532,104,15.621416515973477,3.2997626923076924,12,4,0,0,0,0,0,0,0,0,0,0,1,0,0,1,0,0,0
2020-12-18,辣椒类,41.801,646.997,127,10,449.8369,127,15.478026841463121,3.5420228346456692,12,5,0,0,0,0,0,0,0,0,0,0,1,0,0,0,1,0,0
2020-12-19,辣椒类,68.24,1035.8708,203,10,751.45502,203,15.179818288393903,3.7017488669950738,12,6,0,0,0,0,0,0,0,0,0,0,1,0,0,0,0,1,0
2020-12-20,辣椒类,64.273,992.5268,206,10,748.0245600000001,206,15.442359933409053,3.6311871844660195,12,7,0,0,0,0,0,0,0,0,0,0,1,0,0,0,0,0,1
2020-12-21,辣椒类,30.846,494.1502,107,9,362.53121999999996,107,16.019911820009078,3.388142242990654,12,1,0,0,0,0,0,0,0,0,0,0,1,0,0,0,0,0,0
2020-12-22,辣椒类,38.615,584.1572,122,10,430.56818,122,15.12772756700764,3.52924737704918,12,2,0,0,0,0,0,0,0,0,0,0,1,1,0,0,0,0,0
2020-12-23,辣椒类,41.738,645.0766,135,10,470.63958,135,15.455378791508936,3.486219111111111,12,3,0,0,0,0,0,0,0,0,0,0,1,0,1,0,0,0,0
2020-12-24,辣椒类,37.463,624.1382,125,10,431.19267,125,16.66012332167739,3.44954136,12,4,0,0,0,0,0,0,0,0,0,0,1,0,0,1,0,0,0
2020-12-25,辣椒类,53.083,883.9124,173,10,594.33028,173,16.651515551118063,3.435435144508671,12,5,0,0,0,0,0,0,0,0,0,0,1,0,0,0,1,0,0
2020-12-26,辣椒类,52.907000000000004,1056.713,191,9,707.44384,191,19.97302814372389,3.7038944502617803,12,6,0,0,0,0,0,0,0,0,0,0,1,0,0,0,0,1,0
2020-12-27,辣椒类,52.745,1010.3044,169,10,688.52216,169,19.154505640345057,4.074095621301775,12,7,0,0,0,0,0,0,0,0,0,0,1,0,0,0,0,0,1
2020-12-28,辣椒类,45.863,892.2476,131,10,625.13641,131,19.45462791356867,4.772033664122137,12,1,0,0,0,0,0,0,0,0,0,0,1,0,0,0,0,0,0
2020-12-29,辣椒类,28.906,598.5574,97,7,425.93694,97,20.707029682418877,4.391102474226804,12,2,0,0,0,0,0,0,0,0,0,0,1,1,0,0,0,0,0
2020-12-30,辣椒类,32.167,666.8054,112,9,469.30488,112,20.729486741070037,4.190222142857143,12,3,0,0,0,0,0,0,0,0,0,0,1,0,1,0,0,0,0
2020-12-31,辣椒类,45.332,1010.7682,149,9,707.05182,149,22.29701314744551,4.74531422818792,12,4,0,0,0,0,0,0,0,0,0,0,1,0,0,1,0,0,0
2021-01-01,辣椒类,67.733,1412.1458,200,10,1021.19786,200,20.84871185389692,5.1059893,1,5,0,0,0,0,0,0,0,0,0,0,0,0,0,0,1,0,0
2021-01-02,辣椒类,62.422,1168.5486,185,9,935.91458,185,18.720140335138254,5.05899772972973,1,6,0,0,0,0,0,0,0,0,0,0,0,0,0,0,0,1,0
2021-01-03,辣椒类,73.797,1266.7624,213,9,994.62355,213,17.1654999525726,4.6695941314553995,1,7,0,0,0,0,0,0,0,0,0,0,0,0,0,0,0,0,1
2021-01-04,辣椒类,58.505,989.1726,172,8,754.8628100000001,172,16.90748824886762,4.3887372674418605,1,1,0,0,0,0,0,0,0,0,0,0,0,0,0,0,0,0,0
2021-01-05,辣椒类,37.556,728.413,119,10,501.29687,119,19.395382894876985,4.2125787394957985,1,2,0,0,0,0,0,0,0,0,0,0,0,1,0,0,0,0,0
2021-01-06,辣椒类,44.528,832.8802,150,10,627.56952,150,18.704639777218826,4.1837968,1,3,0,0,0,0,0,0,0,0,0,0,0,0,1,0,0,0,0
2021-01-07,辣椒类,32.617,643.3386,107,10,490.32439,107,19.724027347702123,4.582470934579439,1,4,0,0,0,0,0,0,0,0,0,0,0,0,0,1,0,0,0
2021-01-08,辣椒类,26.518,574.0952,98,10,419.04345,98,21.649264650426126,4.2759535714285715,1,5,0,0,0,0,0,0,0,0,0,0,0,0,0,0,1,0,0
2021-01-09,辣椒类,53.258,1036.0742,175,9,764.94838,175,19.453869841150624,4.3711336,1,6,0,0,0,0,0,0,0,0,0,0,0,0,0,0,0,1,0
2021-01-10,辣椒类,68.365,1300.1862,214,10,961.73208,214,19.018301762597822,4.494075140186916,1,7,0,0,0,0,0,0,0,0,0,0,0,0,0,0,0,0,1
2021-01-11,辣椒类,46.768,922.2998,149,10,690.32466,149,19.720744953814574,4.633051409395973,1,1,0,0,0,0,0,0,0,0,0,0,0,0,0,0,0,0,0
2021-01-12,辣椒类,35.595,746.7238,116,8,525.77598,116,20.97833403567917,4.532551551724138,1,2,0,0,0,0,0,0,0,0,0,0,0,1,0,0,0,0,0
2021-01-13,辣椒类,37.065,749.026,106,10,536.46277,106,20.208444624308648,5.060969528301887,1,3,0,0,0,0,0,0,0,0,0,0,0,0,1,0,0,0,0
2021-01-14,辣椒类,39.296,828.259,121,10,604.3670099999999,121,21.077437907166125,4.99476867768595,1,4,0,0,0,0,0,0,0,0,0,0,0,0,0,1,0,0,0
2021-01-15,辣椒类,39.211,755.986,126,9,572.68156,126,19.279946953660964,4.545091746031746,1,5,0,0,0,0,0,0,0,0,0,0,0,0,0,0,1,0,0
2021-01-16,辣椒类,76.17399999999999,1452.2698,228,10,1117.35709,228,19.065163966707804,4.90068899122807,1,6,0,0,0,0,0,0,0,0,0,0,0,0,0,0,0,1,0
2021-01-17,辣椒类,74.534,1643.2842,235,10,1095.95077,235,22.04744411946226,4.66362029787234,1,7,0,0,0,0,0,0,0,0,0,0,0,0,0,0,0,0,1
2021-01-18,辣椒类,48.166,1024.5664,149,10,726.6568,149,21.27156915666653,4.876891275167785,1,1,0,0,0,0,0,0,0,0,0,0,0,0,0,0,0,0,0
2021-01-19,辣椒类,50.827,1120.584,155,9,804.9022,155,22.047022251952704,5.192917419354838,1,2,0,0,0,0,0,0,0,0,0,0,0,1,0,0,0,0,0
2021-01-20,辣椒类,51.058,1132.4638,150,9,834.53701,150,22.17994829409691,5.563580066666667,1,3,0,0,0,0,0,0,0,0,0,0,0,0,1,0,0,0,0
2021-01-21,辣椒类,57.724,1358.3964,175,10,974.9780000000001,175,23.53261035271291,5.571302857142857,1,4,0,0,0,0,0,0,0,0,0,0,0,0,0,1,0,0,0
2021-01-22,辣椒类,43.222,972.4568,132,8,703.0092,132,22.499116190828744,5.325827272727272,1,5,0,0,0,0,0,0,0,0,0,0,0,0,0,0,1,0,0
2021-01-23,辣椒类,46.386,1087.0634,137,8,773.4442300000001,137,23.43516147113353,5.645578321167884,1,6,0,0,0,0,0,0,0,0,0,0,0,0,0,0,0,1,0
2021-01-24,辣椒类,77.582,1568.4572,228,8,1205.17587,228,20.21676677579851,5.285859078947369,1,7,0,0,0,0,0,0,0,0,0,0,0,0,0,0,0,0,1
2021-01-25,辣椒类,68.681,1389.4488000000001,200,8,978.96686,200,20.230468397373365,4.8948343,1,1,0,0,0,0,0,0,0,0,0,0,0,0,0,0,0,0,0
2021-01-26,辣椒类,57.954,1212.6492,167,8,838.07515,167,20.924339993788177,5.018414071856287,1,2,0,0,0,0,0,0,0,0,0,0,0,1,0,0,0,0,0
2021-01-27,辣椒类,105.094,1750.9002,268,8,1272.00003,268,16.660325042343047,4.746268768656716,1,3,0,0,0,0,0,0,0,0,0,0,0,0,1,0,0,0,0
2021-01-28,辣椒类,70.075,1345.6932,191,8,873.41571,191,19.203613271494824,4.572857120418848,1,4,0,0,0,0,0,0,0,0,0,0,0,0,0,1,0,0,0
2021-01-29,辣椒类,66.029,1214.8758,185,8,823.975,185,18.39912462705781,4.4539189189189194,1,5,0,0,0,0,0,0,0,0,0,0,0,0,0,0,1,0,0
2021-01-30,辣椒类,91.796,1691.7538,260,11,1114.25523,260,18.429493659854458,4.285597038461538,1,6,0,0,0,0,0,0,0,0,0,0,0,0,0,0,0,1,0
2021-01-31,辣椒类,84.451,1562.9996,239,9,1018.5426100000001,239,18.507769002143256,4.2616845606694564,1,7,0,0,0,0,0,0,0,0,0,0,0,0,0,0,0,0,1
2021-02-01,辣椒类,71.64,1241.2154,193,9,936.73024,193,17.32573143495254,4.853524559585492,2,1,1,0,0,0,0,0,0,0,0,0,0,0,0,0,0,0,0
2021-02-02,辣椒类,92.145,1498.7264,239,9,1155.88287,239,16.264869499158934,4.836329999999999,2,2,1,0,0,0,0,0,0,0,0,0,0,1,0,0,0,0,0
2021-02-03,辣椒类,79.053,1370.2106,233,10,1067.8573,233,17.332809634042984,4.583078540772532,2,3,1,0,0,0,0,0,0,0,0,0,0,0,1,0,0,0,0
2021-02-04,辣椒类,96.194,1677.4798,252,9,1176.97843,252,17.438507599226565,4.670549325396825,2,4,1,0,0,0,0,0,0,0,0,0,0,0,0,1,0,0,0
2021-02-05,辣椒类,124.448,2152.8444,310,8,1495.74637,310,17.299148238621754,4.8249882903225805,2,5,1,0,0,0,0,0,0,0,0,0,0,0,0,0,1,0,0
2021-02-06,辣椒类,194.842,2739.1974,431,8,2073.10883,431,14.05855718992825,4.809997285382831,2,6,1,0,0,0,0,0,0,0,0,0,0,0,0,0,0,1,0
2021-02-07,辣椒类,159.904,2691.2368,365,8,1719.4756300000001,365,16.830328196918153,4.710892136986302,2,7,1,0,0,0,0,0,0,0,0,0,0,0,0,0,0,0,1
2021-02-08,辣椒类,289.227,4716.9014,559,8,3213.66951,559,16.30864822440505,5.7489615563506264,2,1,1,0,0,0,0,0,0,0,0,0,0,0,0,0,0,0,0
2021-02-09,辣椒类,423.696,8576.8816,912,9,5328.22985,912,20.243008194554587,5.842357291666667,2,2,1,0,0,0,0,0,0,0,0,0,0,1,0,0,0,0,0
2021-02-10,辣椒类,505.888,12406.8506,1322,13,7200.66225,1322,24.52489602441647,5.446794440242058,2,3,1,0,0,0,0,0,0,0,0,0,0,0,1,0,0,0,0
2021-02-13,辣椒类,104.485,2624.4228,335,11,1550.85913,335,25.117699191271473,4.629430238805971,2,6,1,0,0,0,0,0,0,0,0,0,0,0,0,0,0,1,0
2021-02-14,辣椒类,68.701,2256.4042,275,11,1361.64084,275,32.84383342309428,4.951421236363636,2,7,1,0,0,0,0,0,0,0,0,0,0,0,0,0,0,0,1
2021-02-15,辣椒类,168.272,3213.7122,496,9,2111.59651,496,19.09831819910621,4.257251028225806,2,1,1,0,0,0,0,0,0,0,0,0,0,0,0,0,0,0,0
2021-02-16,辣椒类,151.649,2974.4028,501,8,2088.3394,501,19.613731709407908,4.168342115768462,2,2,1,0,0,0,0,0,0,0,0,0,0,1,0,0,0,0,0
2021-02-17,辣椒类,133.646,2373.1406,431,9,1760.57413,431,17.756914535414456,4.084858770301624,2,3,1,0,0,0,0,0,0,0,0,0,0,0,1,0,0,0,0
2021-02-18,辣椒类,105.697,1851.734,365,9,1422.01429,365,17.519267339659592,3.8959295616438356,2,4,1,0,0,0,0,0,0,0,0,0,0,0,0,1,0,0,0
2021-02-19,辣椒类,116.07000000000001,1255.0168,323,7,1090.25579,323,10.812585508744723,3.375404922600619,2,5,1,0,0,0,0,0,0,0,0,0,0,0,0,0,1,0,0
2021-02-20,辣椒类,119.306,1420.9138,344,9,874.88964,344,11.909826831844166,2.543283837209302,2,6,1,0,0,0,0,0,0,0,0,0,0,0,0,0,0,1,0
2021-02-21,辣椒类,80.423,1066.6534,255,8,603.779,255,13.263039180333983,2.3677607843137256,2,7,1,0,0,0,0,0,0,0,0,0,0,0,0,0,0,0,1
2021-02-22,辣椒类,72.834,973.7256,212,7,544.31555,212,13.369107834253233,2.567526179245283,2,1,1,0,0,0,0,0,0,0,0,0,0,0,0,0,0,0,0
2021-02-23,辣椒类,85.425,865.8902,246,8,510.12759,246,10.136262218320164,2.0736893902439024,2,2,1,0,0,0,0,0,0,0,0,0,0,1,0,0,0,0,0
2021-02-24,辣椒类,60.043,684.9318,222,10,488.64385,222,11.407354729110804,2.2010984234234234,2,3,1,0,0,0,0,0,0,0,0,0,0,0,1,0,0,0,0
2021-02-25,辣椒类,100.118,926.398,291,8,583.18268,291,9.253061387562676,2.004064192439863,2,4,1,0,0,0,0,0,0,0,0,0,0,0,0,1,0,0,0
2021-02-26,辣椒类,135.777,1269.97,376,9,770.6693300000001,376,9.353351451276726,2.0496524734042554,2,5,1,0,0,0,0,0,0,0,0,0,0,0,0,0,1,0,0
2021-02-27,辣椒类,122.322,1106.2048,323,7,691.79899,323,9.043383855725054,2.1417925386996903,2,6,1,0,0,0,0,0,0,0,0,0,0,0,0,0,0,1,0
2021-02-28,辣椒类,114.677,1061.4208,322,8,580.29652,322,9.255742651098302,1.802163105590062,2,7,1,0,0,0,0,0,0,0,0,0,0,0,0,0,0,0,1
2021-03-01,辣椒类,97.068,809.952,293,11,506.39545,293,8.344171096550872,1.7283121160409556,3,1,0,1,0,0,0,0,0,0,0,0,0,0,0,0,0,0,0
2021-03-02,辣椒类,83.363,729.2652,238,8,438.30633,238,8.748068087760759,1.8416232352941178,3,2,0,1,0,0,0,0,0,0,0,0,0,1,0,0,0,0,0
2021-03-03,辣椒类,80.749,733.8636,238,7,477.91108,238,9.08820666509802,2.0080297478991596,3,3,0,1,0,0,0,0,0,0,0,0,0,0,1,0,0,0,0
2021-03-04,辣椒类,93.07600000000001,586.6376,246,9,395.55263,246,6.302780523443207,1.6079375203252033,3,4,0,1,0,0,0,0,0,0,0,0,0,0,0,1,0,0,0
2021-03-05,辣椒类,101.498,751.2760000000001,274,8,488.48274,274,7.401879839996847,1.7827837226277372,3,5,0,1,0,0,0,0,0,0,0,0,0,0,0,0,1,0,0
2021-03-06,辣椒类,167.583,1248.37,459,9,741.45736,459,7.449263946820381,1.6153755119825708,3,6,0,1,0,0,0,0,0,0,0,0,0,0,0,0,0,1,0
2021-03-07,辣椒类,122.568,956.1306,343,10,548.22911,343,7.8008175053847655,1.5983355976676386,3,7,0,1,0,0,0,0,0,0,0,0,0,0,0,0,0,0,1
2021-03-08,辣椒类,80.399,582.7694,234,8,367.02057,234,7.2484657769375245,1.5684639743589746,3,1,0,1,0,0,0,0,0,0,0,0,0,0,0,0,0,0,0
2021-03-09,辣椒类,66.895,590.8882,213,8,357.55412,213,8.833069736153673,1.678657840375587,3,2,0,1,0,0,0,0,0,0,0,0,0,1,0,0,0,0,0
2021-03-10,辣椒类,59.548,483.2532,173,8,275.27074999999996,173,8.11535567945187,1.5911604046242773,3,3,0,1,0,0,0,0,0,0,0,0,0,0,1,0,0,0,0
2021-03-11,辣椒类,57.357,495.2164,165,8,266.33317,165,8.633931342294751,1.6141404242424242,3,4,0,1,0,0,0,0,0,0,0,0,0,0,0,1,0,0,0
2021-03-12,辣椒类,102.131,695.681,280,8,453.60156,280,6.811653660494855,1.6200055714285715,3,5,0,1,0,0,0,0,0,0,0,0,0,0,0,0,1,0,0
2021-03-13,辣椒类,104.089,817.1816,287,9,504.66049,287,7.850796914179212,1.7583989198606271,3,6,0,1,0,0,0,0,0,0,0,0,0,0,0,0,0,1,0
2021-03-14,辣椒类,117.089,711.196,321,8,447.26371,321,6.073977914236179,1.393344890965732,3,7,0,1,0,0,0,0,0,0,0,0,0,0,0,0,0,0,1
2021-03-15,辣椒类,85.656,492.0996,211,8,308.12351,211,5.745068646679742,1.4603009952606636,3,1,0,1,0,0,0,0,0,0,0,0,0,0,0,0,0,0,0
2021-03-16,辣椒类,72.126,409.8922,201,7,268.19985,201,5.683001968776862,1.3343276119402987,3,2,0,1,0,0,0,0,0,0,0,0,0,1,0,0,0,0,0
2021-03-17,辣椒类,83.755,635.9838,249,8,360.84663,249,7.593383081607068,1.4491832530120483,3,3,0,1,0,0,0,0,0,0,0,0,0,0,1,0,0,0,0
2021-03-18,辣椒类,73.733,507.1216,198,8,273.72521,198,6.877810478347551,1.3824505555555555,3,4,0,1,0,0,0,0,0,0,0,0,0,0,0,1,0,0,0
2021-03-19,辣椒类,67.509,526.0151999999999,203,8,303.09124,203,7.79177887392792,1.4930602955665027,3,5,0,1,0,0,0,0,0,0,0,0,0,0,0,0,1,0,0
2021-03-20,辣椒类,117.89,812.0966,343,8,467.8795,343,6.888596148952413,1.3640801749271136,3,6,0,1,0,0,0,0,0,0,0,0,0,0,0,0,0,1,0
2021-03-21,辣椒类,112.176,725.9603999999999,310,9,445.32105,310,6.471619597774924,1.4365195161290323,3,7,0,1,0,0,0,0,0,0,0,0,0,0,0,0,0,0,1
2021-03-22,辣椒类,70.668,416.5716,178,7,247.77184,178,5.894769910001697,1.3919766292134832,3,1,0,1,0,0,0,0,0,0,0,0,0,0,0,0,0,0,0
2021-03-23,辣椒类,66.931,442.88599999999997,172,7,261.86859000000004,172,6.617053383335076,1.5224918023255816,3,2,0,1,0,0,0,0,0,0,0,0,0,1,0,0,0,0,0
2021-03-24,辣椒类,42.484,330.2934,121,7,173.14042,121,7.774536296017324,1.430912561983471,3,3,0,1,0,0,0,0,0,0,0,0,0,0,1,0,0,0,0
2021-03-25,辣椒类,50.798,408.7842,146,7,241.32136999999997,146,8.04724989172802,1.6528860958904108,3,4,0,1,0,0,0,0,0,0,0,0,0,0,0,1,0,0,0
2021-03-26,辣椒类,60.937,479.4946,169,8,284.58054999999996,169,7.868693896975565,1.6839085798816567,3,5,0,1,0,0,0,0,0,0,0,0,0,0,0,0,1,0,0
2021-03-27,辣椒类,78.794,698.8318,236,9,422.53148,236,8.869099169987564,1.790387627118644,3,6,0,1,0,0,0,0,0,0,0,0,0,0,0,0,0,1,0
2021-03-28,辣椒类,78.41,601.6106,224,9,399.44302,224,7.672625940568805,1.7832277678571429,3,7,0,1,0,0,0,0,0,0,0,0,0,0,0,0,0,0,1
2021-03-29,辣椒类,62.154,471.0982,162,8,287.24516,162,7.579531486308202,1.7731182716049383,3,1,0,1,0,0,0,0,0,0,0,0,0,0,0,0,0,0,0
2021-03-30,辣椒类,59.573,505.7324,176,10,318.13357,176,8.489288771759018,1.8075771022727274,3,2,0,1,0,0,0,0,0,0,0,0,0,1,0,0,0,0,0
2021-03-31,辣椒类,59.255,482.5164,173,9,287.91448,173,8.143049531685088,1.6642455491329482,3,3,0,1,0,0,0,0,0,0,0,0,0,0,1,0,0,0,0
2021-04-01,辣椒类,52.994,428.9616,163,8,260.51547,163,8.09453145639129,1.598254417177914,4,4,0,0,1,0,0,0,0,0,0,0,0,0,0,1,0,0,0
2021-04-02,辣椒类,70.727,605.186,223,8,368.96737,223,8.556647390671172,1.6545621973094171,4,5,0,0,1,0,0,0,0,0,0,0,0,0,0,0,1,0,0
2021-04-03,辣椒类,100.32300000000001,881.2146,336,8,554.89259,336,8.783774408660028,1.6514660416666669,4,6,0,0,1,0,0,0,0,0,0,0,0,0,0,0,0,1,0
2021-04-04,辣椒类,88.244,685.071,281,7,426.07561,281,7.763372013961289,1.5162833096085409,4,7,0,0,1,0,0,0,0,0,0,0,0,0,0,0,0,0,1
2021-04-05,辣椒类,112.577,679.9222,321,7,530.93827,321,6.039619105145811,1.6540133021806853,4,1,0,0,1,0,0,0,0,0,0,0,0,0,0,0,0,0,0
2021-04-06,辣椒类,35.075,215.84640000000002,96,7,169.9924,96,6.153853171774768,1.7707541666666666,4,2,0,0,1,0,0,0,0,0,0,0,0,1,0,0,0,0,0
2021-04-07,辣椒类,62.9,532.0066,197,8,317.11381,197,8.457974562798093,1.609714771573604,4,3,0,0,1,0,0,0,0,0,0,0,0,0,1,0,0,0,0
2021-04-08,辣椒类,52.596000000000004,436.3612,157,8,278.53587,157,8.296471214541029,1.7741138216560508,4,4,0,0,1,0,0,0,0,0,0,0,0,0,0,1,0,0,0
2021-04-09,辣椒类,54.274,450.1898,161,8,265.91885,161,8.294759921877878,1.6516698757763977,4,5,0,0,1,0,0,0,0,0,0,0,0,0,0,0,1,0,0
2021-04-10,辣椒类,84.84,627.9862,255,7,404.65695,255,7.402006129184348,1.58689,4,6,0,0,1,0,0,0,0,0,0,0,0,0,0,0,0,1,0
2021-04-11,辣椒类,94.326,686.7606,292,8,439.76885000000004,292,7.280713695057567,1.5060577054794522,4,7,0,0,1,0,0,0,0,0,0,0,0,0,0,0,0,0,1
2021-04-12,辣椒类,38.756,324.682,134,8,195.42486,134,8.377593146867582,1.4583944776119402,4,1,0,0,1,0,0,0,0,0,0,0,0,0,0,0,0,0,0
2021-04-13,辣椒类,51.48,343.67740000000003,141,9,233.99676,141,6.675940170940172,1.659551489361702,4,2,0,0,1,0,0,0,0,0,0,0,0,1,0,0,0,0,0
2021-04-14,辣椒类,47.052,365.0338,145,8,243.29151,145,7.758093173510159,1.6778724827586207,4,3,0,0,1,0,0,0,0,0,0,0,0,0,1,0,0,0,0
2021-04-15,辣椒类,44.413,355.7934,138,7,238.83705,138,8.011019296152028,1.7307032608695652,4,4,0,0,1,0,0,0,0,0,0,0,0,0,0,1,0,0,0
2021-04-16,辣椒类,62.197,482.3854,180,9,321.2813,180,7.755766355290448,1.784896111111111,4,5,0,0,1,0,0,0,0,0,0,0,0,0,0,0,1,0,0
2021-04-17,辣椒类,27.471,248.82840000000002,116,8,156.30097,116,9.057857376870155,1.347422155172414,4,6,0,0,1,0,0,0,0,0,0,0,0,0,0,0,0,1,0
2021-04-18,辣椒类,118.063,789.4888,306,8,542.01496,306,6.687012866012213,1.7712907189542484,4,7,0,0,1,0,0,0,0,0,0,0,0,0,0,0,0,0,1
2021-04-19,辣椒类,46.927,342.472,135,8,222.11372,135,7.29797344812155,1.6452868148148148,4,1,0,0,1,0,0,0,0,0,0,0,0,0,0,0,0,0,0
2021-04-20,辣椒类,64.062,463.9896,203,8,296.10016,203,7.242821017139646,1.4586214778325124,4,2,0,0,1,0,0,0,0,0,0,0,0,1,0,0,0,0,0
2021-04-21,辣椒类,50.684,372.6184,157,7,232.55932,157,7.351795438402652,1.4812695541401275,4,3,0,0,1,0,0,0,0,0,0,0,0,0,1,0,0,0,0
2021-04-22,辣椒类,47.905,375.7154,147,8,219.7427,147,7.842926625613193,1.494848299319728,4,4,0,0,1,0,0,0,0,0,0,0,0,0,0,1,0,0,0
2021-04-23,辣椒类,53.397,440.9288,145,9,262.42401,145,8.257557540685807,1.8098207586206898,4,5,0,0,1,0,0,0,0,0,0,0,0,0,0,0,1,0,0
2021-04-24,辣椒类,102.501,796.399,314,8,524.13695,314,7.769670539799612,1.6692259554140125,4,6,0,0,1,0,0,0,0,0,0,0,0,0,0,0,0,1,0
2021-04-25,辣椒类,71.047,588.547,222,8,362.07657,222,8.283910650696019,1.6309755405405406,4,7,0,0,1,0,0,0,0,0,0,0,0,0,0,0,0,0,1
2021-04-26,辣椒类,60.716,485.172,197,8,299.15645,197,7.9908426115027344,1.518560659898477,4,1,0,0,1,0,0,0,0,0,0,0,0,0,0,0,0,0,0
2021-04-27,辣椒类,50.15,391.897,163,8,251.65377,163,7.814496510468595,1.5438881595092024,4,2,0,0,1,0,0,0,0,0,0,0,0,1,0,0,0,0,0
2021-04-28,辣椒类,47.189,382.688,159,7,243.41782,159,8.10968657949946,1.5309296855345913,4,3,0,0,1,0,0,0,0,0,0,0,0,0,1,0,0,0,0
2021-04-29,辣椒类,54.543,425.583,152,8,279.34746,152,7.80270612177548,1.8378122368421053,4,4,0,0,1,0,0,0,0,0,0,0,0,0,0,1,0,0,0
2021-04-30,辣椒类,52.865,484.578,154,8,295.99515,154,9.166329329424004,1.9220464285714287,4,5,0,0,1,0,0,0,0,0,0,0,0,0,0,0,1,0,0
2021-05-01,辣椒类,77.396,698.937,238,8,433.07937,238,9.030660499250608,1.8196612184873948,5,6,0,0,0,1,0,0,0,0,0,0,0,0,0,0,0,1,0
2021-05-02,辣椒类,80.42,765.947,261,8,447.33027,261,9.524334742601344,1.71390908045977,5,7,0,0,0,1,0,0,0,0,0,0,0,0,0,0,0,0,1
2021-05-03,辣椒类,83.419,798.7620000000001,248,9,474.03269,248,9.57530059099246,1.911422137096774,5,1,0,0,0,1,0,0,0,0,0,0,0,0,0,0,0,0,0
2021-05-04,辣椒类,43.846,492.674,155,8,297.64002999999997,155,11.23646398759294,1.920258258064516,5,2,0,0,0,1,0,0,0,0,0,0,0,1,0,0,0,0,0
2021-05-05,辣椒类,72.08,740.2114,228,8,493.95499,228,10.269303551609324,2.166469254385965,5,3,0,0,0,1,0,0,0,0,0,0,0,0,1,0,0,0,0
2021-05-06,辣椒类,61.973,508.4576,206,8,411.28396999999995,206,8.2045019605312,1.996524126213592,5,4,0,0,0,1,0,0,0,0,0,0,0,0,0,1,0,0,0
2021-05-07,辣椒类,73.962,578.2816,213,8,444.42913,213,7.81863118898894,2.086521737089202,5,5,0,0,0,1,0,0,0,0,0,0,0,0,0,0,1,0,0
2021-05-08,辣椒类,69.529,569.704,230,9,431.16874,230,8.19376087675646,1.874646695652174,5,6,0,0,0,1,0,0,0,0,0,0,0,0,0,0,0,1,0
2021-05-09,辣椒类,95.075,743.149,304,8,518.06505,304,7.816450170917697,1.7041613486842107,5,7,0,0,0,1,0,0,0,0,0,0,0,0,0,0,0,0,1
2021-05-10,辣椒类,60.825,430.027,193,9,298.36067,193,7.06990546650226,1.5459102072538862,5,1,0,0,0,1,0,0,0,0,0,0,0,0,0,0,0,0,0
2021-05-11,辣椒类,46.524,333.3232,126,8,224.18556,126,7.164543031553606,1.7792504761904762,5,2,0,0,0,1,0,0,0,0,0,0,0,1,0,0,0,0,0
2021-05-12,辣椒类,42.616,327.2694,119,7,212.43985,119,7.6794959639572,1.785208823529412,5,3,0,0,0,1,0,0,0,0,0,0,0,0,1,0,0,0,0
2021-05-13,辣椒类,47.949,376.6764,140,9,265.03983999999997,140,7.855771757492336,1.893141714285714,5,4,0,0,0,1,0,0,0,0,0,0,0,0,0,1,0,0,0
2021-05-14,辣椒类,51.909,365.3772,132,9,242.9691,132,7.038802519794256,1.840675,5,5,0,0,0,1,0,0,0,0,0,0,0,0,0,0,1,0,0
2021-05-15,辣椒类,86.637,633.1406,228,8,386.94884,228,7.307970035896902,1.6971440350877194,5,6,0,0,0,1,0,0,0,0,0,0,0,0,0,0,0,1,0
2021-05-16,辣椒类,153.275,873.5218,439,9,523.8252600000001,439,5.699049420975371,1.1932238268792712,5,7,0,0,0,1,0,0,0,0,0,0,0,0,0,0,0,0,1
2021-05-17,辣椒类,76.099,359.8514,194,9,217.02291,194,4.728727052917909,1.118674793814433,5,1,0,0,0,1,0,0,0,0,0,0,0,0,0,0,0,0,0
2021-05-18,辣椒类,84.864,438.89320000000004,230,7,277.64807,230,5.171724170437406,1.2071655217391306,5,2,0,0,0,1,0,0,0,0,0,0,0,1,0,0,0,0,0
2021-05-19,辣椒类,76.853,406.2444,223,8,249.98854,223,5.285992739385581,1.1210248430493273,5,3,0,0,0,1,0,0,0,0,0,0,0,0,1,0,0,0,0
2021-05-20,辣椒类,61.568,377.684,199,8,206.67462,199,6.134420478170479,1.0385659296482412,5,4,0,0,0,1,0,0,0,0,0,0,0,0,0,1,0,0,0
2021-05-21,辣椒类,36.494,322.0414,127,8,169.14436,127,8.824502657971173,1.3318453543307087,5,5,0,0,0,1,0,0,0,0,0,0,0,0,0,0,1,0,0
2021-05-22,辣椒类,98.93599999999999,521.9258,312,9,363.36269,312,5.2753881297000085,1.1646240064102564,5,6,0,0,0,1,0,0,0,0,0,0,0,0,0,0,0,1,0
2021-05-23,辣椒类,137.485,672.2948,405,10,475.94903,405,4.889950176382878,1.1751827901234568,5,7,0,0,0,1,0,0,0,0,0,0,0,0,0,0,0,0,1
2021-05-24,辣椒类,54.772,320.7176,166,10,202.69331,166,5.85550281165559,1.2210440361445782,5,1,0,0,0,1,0,0,0,0,0,0,0,0,0,0,0,0,0
2021-05-25,辣椒类,57.519,353.8548,189,9,228.47425,189,6.1519636989516515,1.2088584656084658,5,2,0,0,0,1,0,0,0,0,0,0,0,1,0,0,0,0,0
2021-05-26,辣椒类,65.416,387.218,195,8,239.42081,195,5.919316375198728,1.2277990256410256,5,3,0,0,0,1,0,0,0,0,0,0,0,0,1,0,0,0,0
2021-05-27,辣椒类,37.078,280.15160000000003,130,9,147.02583,130,7.555736555369761,1.1309679230769232,5,4,0,0,0,1,0,0,0,0,0,0,0,0,0,1,0,0,0
2021-05-28,辣椒类,67.01,363.1592,203,9,230.93537999999998,203,5.41947768989703,1.1376127093596058,5,5,0,0,0,1,0,0,0,0,0,0,0,0,0,0,1,0,0
2021-05-29,辣椒类,116.845,616.5252,341,9,386.67194,341,5.27643630450597,1.1339353079178887,5,6,0,0,0,1,0,0,0,0,0,0,0,0,0,0,0,1,0
2021-05-30,辣椒类,106.615,488.1136,312,10,337.6097,312,4.5782826056371055,1.0820823717948718,5,7,0,0,0,1,0,0,0,0,0,0,0,0,0,0,0,0,1
2021-05-31,辣椒类,60.118,273.3956,159,9,168.12526,159,4.547649622409262,1.057391572327044,5,1,0,0,0,1,0,0,0,0,0,0,0,0,0,0,0,0,0
2021-06-01,辣椒类,76.648,357.77660000000003,203,9,201.57516,203,4.66778780920572,0.9929810837438424,6,2,0,0,0,0,1,0,0,0,0,0,0,1,0,0,0,0,0
2021-06-02,辣椒类,89.386,290.4744,231,8,228.49087,231,3.249663258228358,0.9891379653679654,6,3,0,0,0,0,1,0,0,0,0,0,0,0,1,0,0,0,0
2021-06-03,辣椒类,75.206,283.7836,201,8,206.1017,201,3.7734170145998984,1.025381592039801,6,4,0,0,0,0,1,0,0,0,0,0,0,0,0,1,0,0,0
2021-06-04,辣椒类,63.291,353.5468,198,9,188.10596999999999,198,5.586051729313805,0.9500301515151515,6,5,0,0,0,0,1,0,0,0,0,0,0,0,0,0,1,0,0
2021-06-05,辣椒类,87.95,463.9194,261,10,262.07103,261,5.274808413871518,1.0041035632183908,6,6,0,0,0,0,1,0,0,0,0,0,0,0,0,0,0,1,0
2021-06-06,辣椒类,87.63,505.6074,270,9,249.63571,270,5.769798014378638,0.9245767037037037,6,7,0,0,0,0,1,0,0,0,0,0,0,0,0,0,0,0,1
2021-06-07,辣椒类,67.98,398.6796,205,8,189.60153,205,5.864660194174757,0.9248855121951219,6,1,0,0,0,0,1,0,0,0,0,0,0,0,0,0,0,0,0
2021-06-08,辣椒类,55.934,294.3452,180,9,163.50306,180,5.2623663603532735,0.9083503333333334,6,2,0,0,0,0,1,0,0,0,0,0,0,1,0,0,0,0,0
2021-06-09,辣椒类,52.093,316.9268,167,9,157.17834,167,6.083865394582765,0.9411876646706586,6,3,0,0,0,0,1,0,0,0,0,0,0,0,1,0,0,0,0
2021-06-10,辣椒类,57.091,278.432,166,9,160.31569,166,4.87698586467219,0.9657571686746987,6,4,0,0,0,0,1,0,0,0,0,0,0,0,0,1,0,0,0
2021-06-11,辣椒类,74.873,412.3522,203,10,207.96848,203,5.5073551213388,1.0244752709359606,6,5,0,0,0,0,1,0,0,0,0,0,0,0,0,0,1,0,0
2021-06-12,辣椒类,77.636,500.0742,265,9,243.27195999999998,265,6.441266938018446,0.918007396226415,6,6,0,0,0,0,1,0,0,0,0,0,0,0,0,0,0,1,0
2021-06-13,辣椒类,88.783,481.84839999999997,293,10,267.08621,293,5.4272597231451964,0.9115570307167236,6,7,0,0,0,0,1,0,0,0,0,0,0,0,0,0,0,0,1
2021-06-14,辣椒类,69.697,378.5292,238,8,219.81634,238,5.431068769100535,0.9235980672268908,6,1,0,0,0,0,1,0,0,0,0,0,0,0,0,0,0,0,0
2021-06-15,辣椒类,61.187,386.51959999999997,194,9,193.5319,194,6.317021589553336,0.9975871134020619,6,2,0,0,0,0,1,0,0,0,0,0,0,1,0,0,0,0,0
2021-06-16,辣椒类,46.695,258.4872,165,9,142.50906,165,5.535650497911981,0.8636912727272728,6,3,0,0,0,0,1,0,0,0,0,0,0,0,1,0,0,0,0
2021-06-17,辣椒类,45.845,232.8422,166,8,125.84403,166,5.07890064347257,0.7580965662650603,6,4,0,0,0,0,1,0,0,0,0,0,0,0,0,1,0,0,0
2021-06-18,辣椒类,46.754,241.0446,151,8,143.82922,151,5.155593104333319,0.9525113907284768,6,5,0,0,0,0,1,0,0,0,0,0,0,0,0,0,1,0,0
2021-06-19,辣椒类,87.633,490.29699999999997,272,10,275.22532,272,5.594890052833978,1.0118577941176472,6,6,0,0,0,0,1,0,0,0,0,0,0,0,0,0,0,1,0
2021-06-20,辣椒类,85.134,447.479,249,10,243.88427000000001,249,5.256172621984166,0.9794548995983936,6,7,0,0,0,0,1,0,0,0,0,0,0,0,0,0,0,0,1
2021-06-21,辣椒类,58.693,295.504,173,9,164.22218,173,5.03474008825584,0.9492611560693642,6,1,0,0,0,0,1,0,0,0,0,0,0,0,0,0,0,0,0
2021-06-22,辣椒类,56.135,343.2924,192,9,176.42885,192,6.115478756568986,0.9189002604166667,6,2,0,0,0,0,1,0,0,0,0,0,0,1,0,0,0,0,0
2021-06-23,辣椒类,53.900999999999996,342.8034,168,9,153.86794,168,6.35987087438081,0.9158805952380953,6,3,0,0,0,0,1,0,0,0,0,0,0,0,1,0,0,0,0
2021-06-24,辣椒类,41.586,254.4178,159,9,128.78072,159,6.11787139902852,0.8099416352201259,6,4,0,0,0,0,1,0,0,0,0,0,0,0,0,1,0,0,0
2021-06-25,辣椒类,35.531,178.2172,129,8,103.90161,129,5.015822802623061,0.8054388372093023,6,5,0,0,0,0,1,0,0,0,0,0,0,0,0,0,1,0,0
2021-06-26,辣椒类,82.43900000000001,464.73699999999997,272,10,236.12001,272,5.637343975545554,0.8680882720588236,6,6,0,0,0,0,1,0,0,0,0,0,0,0,0,0,0,1,0
2021-06-27,辣椒类,79.121,411.0442,259,10,234.81989,259,5.195134035211891,0.9066405019305018,6,7,0,0,0,0,1,0,0,0,0,0,0,0,0,0,0,0,1
2021-06-28,辣椒类,45.81,300.2122,154,10,142.87614,154,6.553420650512988,0.9277671428571428,6,1,0,0,0,0,1,0,0,0,0,0,0,0,0,0,0,0,0
2021-06-29,辣椒类,40.321,277.4828,146,10,150.62836,146,6.8818432082537635,1.031701095890411,6,2,0,0,0,0,1,0,0,0,0,0,0,1,0,0,0,0,0
2021-06-30,辣椒类,39.114,266.0906,143,9,138.86381,143,6.80295035025822,0.9710755944055944,6,3,0,0,0,0,1,0,0,0,0,0,0,0,1,0,0,0,0
2021-07-01,辣椒类,54.567,347.4836,192,10,186.17156,192,6.368017299833233,0.9696435416666667,7,4,0,0,0,0,0,1,0,0,0,0,0,0,0,1,0,0,0
2021-07-02,辣椒类,51.498,402.209,178,10,221.10694,178,7.810186803371005,1.2421738202247192,7,5,0,0,0,0,0,1,0,0,0,0,0,0,0,0,1,0,0
2021-07-03,辣椒类,73.552,481.927,273,11,290.44537,273,6.552194365890798,1.0639024542124542,7,6,0,0,0,0,0,1,0,0,0,0,0,0,0,0,0,1,0
2021-07-04,辣椒类,57.583,393.914,203,11,238.52981,203,6.84080370942813,1.1750236945812809,7,7,0,0,0,0,0,1,0,0,0,0,0,0,0,0,0,0,1
2021-07-05,辣椒类,53.877,391.438,204,10,233.43503,204,7.265400820387177,1.144289362745098,7,1,0,0,0,0,0,1,0,0,0,0,0,0,0,0,0,0,0
2021-07-06,辣椒类,46.553,355.636,177,10,179.00041,177,7.639378772581789,1.0113017514124294,7,2,0,0,0,0,0,1,0,0,0,0,0,1,0,0,0,0,0
2021-07-07,辣椒类,38.244,272.744,142,10,158.33561,142,7.131680786528607,1.1150395070422536,7,3,0,0,0,0,0,1,0,0,0,0,0,0,1,0,0,0,0
2021-07-08,辣椒类,44.995,317.628,172,11,176.53645,172,7.059184353817091,1.0263747093023257,7,4,0,0,0,0,0,1,0,0,0,0,0,0,0,1,0,0,0
2021-07-09,辣椒类,34.612,268.3076,143,11,140.36846,143,7.751866404715127,0.9815976223776224,7,5,0,0,0,0,0,1,0,0,0,0,0,0,0,0,1,0,0
2021-07-10,辣椒类,52.771,373.0246,204,10,226.0091,204,7.068742301642948,1.1078877450980391,7,6,0,0,0,0,0,1,0,0,0,0,0,0,0,0,0,1,0
2021-07-11,辣椒类,39.195,299.916,152,10,175.26156,152,7.651894374282434,1.1530365789473684,7,7,0,0,0,0,0,1,0,0,0,0,0,0,0,0,0,0,1
2021-07-12,辣椒类,42.472,308.5996,147,9,200.66355,147,7.26595404030891,1.365058163265306,7,1,0,0,0,0,0,1,0,0,0,0,0,0,0,0,0,0,0
2021-07-13,辣椒类,20.112,218.46,99,9,104.77535,99,10.862171837708832,1.0583368686868688,7,2,0,0,0,0,0,1,0,0,0,0,0,1,0,0,0,0,0
2021-07-14,辣椒类,51.339,300.0606,165,9,228.42356999999998,165,5.84469117045521,1.3843852727272725,7,3,0,0,0,0,0,1,0,0,0,0,0,0,1,0,0,0,0
2021-07-15,辣椒类,48.957,331.63,175,10,209.54226,175,6.773903629715873,1.197384342857143,7,4,0,0,0,0,0,1,0,0,0,0,0,0,0,1,0,0,0
2021-07-16,辣椒类,57.948,425.103,212,11,273.57903,212,7.335939117829779,1.2904671226415094,7,5,0,0,0,0,0,1,0,0,0,0,0,0,0,0,1,0,0
2021-07-17,辣椒类,60.204,446.595,242,12,269.04087,242,7.4180287024118,1.111739132231405,7,6,0,0,0,0,0,1,0,0,0,0,0,0,0,0,0,1,0
2021-07-18,辣椒类,67.134,505.163,245,11,284.53602,245,7.524696874906903,1.1613715102040816,7,7,0,0,0,0,0,1,0,0,0,0,0,0,0,0,0,0,1
2021-07-19,辣椒类,40.146,339.608,138,9,163.83607,138,8.45932346933692,1.1872178985507247,7,1,0,0,0,0,0,1,0,0,0,0,0,0,0,0,0,0,0
2021-07-20,辣椒类,40.886,299.178,155,11,188.45973,155,7.317370248984982,1.2158692258064516,7,2,0,0,0,0,0,1,0,0,0,0,0,1,0,0,0,0,0
2021-07-21,辣椒类,58.081,419.509,215,12,263.02974,215,7.222826741963809,1.2233941395348837,7,3,0,0,0,0,0,1,0,0,0,0,0,0,1,0,0,0,0
2021-07-22,辣椒类,56.815,403.981,187,12,254.06311,187,7.110463785972015,1.358626256684492,7,4,0,0,0,0,0,1,0,0,0,0,0,0,0,1,0,0,0
2021-07-23,辣椒类,45.06,314.498,165,11,206.4223,165,6.979538393253439,1.2510442424242425,7,5,0,0,0,0,0,1,0,0,0,0,0,0,0,0,1,0,0
2021-07-24,辣椒类,82.893,565.806,295,12,356.93300999999997,295,6.825739205964316,1.209942406779661,7,6,0,0,0,0,0,1,0,0,0,0,0,0,0,0,0,1,0
2021-07-25,辣椒类,72.385,530.6142,250,10,289.97706,250,7.330444152794087,1.15990824,7,7,0,0,0,0,0,1,0,0,0,0,0,0,0,0,0,0,1
2021-07-26,辣椒类,47.928,316.5808,179,6,214.85045,179,6.605341345351361,1.200281843575419,7,1,0,0,0,0,0,1,0,0,0,0,0,0,0,0,0,0,0
2021-07-27,辣椒类,54.649,385.495,186,10,246.81171,186,7.054017456861058,1.326944677419355,7,2,0,0,0,0,0,1,0,0,0,0,0,1,0,0,0,0,0
2021-07-28,辣椒类,63.485,447.5016,200,11,278.95503,200,7.048934393951327,1.39477515,7,3,0,0,0,0,0,1,0,0,0,0,0,0,1,0,0,0,0
2021-07-29,辣椒类,33.377,251.3928,126,12,144.66926,126,7.531917188483086,1.1481687301587302,7,4,0,0,0,0,0,1,0,0,0,0,0,0,0,1,0,0,0
2021-07-30,辣椒类,50.321,372.582,176,10,224.19507,176,7.404105641779774,1.273835625,7,5,0,0,0,0,0,1,0,0,0,0,0,0,0,0,1,0,0
2021-07-31,辣椒类,57.015,478.348,215,11,277.51134,215,8.38986231693414,1.2907504186046512,7,6,0,0,0,0,0,1,0,0,0,0,0,0,0,0,0,1,0
2021-08-01,辣椒类,33.848,282.496,154,12,156.25863999999999,154,8.346017489955093,1.0146664935064935,8,7,0,0,0,0,0,0,1,0,0,0,0,0,0,0,0,0,1
2021-08-02,辣椒类,32.36,300.104,122,11,138.45823000000001,122,9.273918417799752,1.134903524590164,8,1,0,0,0,0,0,0,1,0,0,0,0,0,0,0,0,0,0
2021-08-03,辣椒类,31.535,320.484,129,10,135.76544,129,10.162803234501347,1.0524452713178296,8,2,0,0,0,0,0,0,1,0,0,0,0,1,0,0,0,0,0
2021-08-04,辣椒类,36.548,361.034,143,11,177.78828,143,9.878351756594068,1.2432746853146852,8,3,0,0,0,0,0,0,1,0,0,0,0,0,1,0,0,0,0
2021-08-05,辣椒类,28.675,239.846,114,10,126.05405999999999,114,8.364289450741063,1.1057373684210525,8,4,0,0,0,0,0,0,1,0,0,0,0,0,0,1,0,0,0
2021-08-06,辣椒类,51.048,389.196,208,11,241.33873,208,7.624118476727785,1.1602823557692308,8,5,0,0,0,0,0,0,1,0,0,0,0,0,0,0,1,0,0
2021-08-07,辣椒类,69.382,506.552,250,9,334.57214,250,7.30091378167248,1.33828856,8,6,0,0,0,0,0,0,1,0,0,0,0,0,0,0,0,1,0
2021-08-08,辣椒类,54.567,371.165,201,9,253.10344,201,6.802004874741145,1.2592210945273632,8,7,0,0,0,0,0,0,1,0,0,0,0,0,0,0,0,0,1
2021-08-09,辣椒类,61.457,410.056,219,10,240.97588000000002,219,6.672242380851652,1.1003464840182648,8,1,0,0,0,0,0,0,1,0,0,0,0,0,0,0,0,0,0
2021-08-10,辣椒类,66.971,474.76,223,8,253.19821,223,7.089038539069149,1.1354179820627803,8,2,0,0,0,0,0,0,1,0,0,0,0,1,0,0,0,0,0
2021-08-11,辣椒类,61.666000000000004,431.338,188,9,224.246,188,6.994745889144747,1.1927978723404256,8,3,0,0,0,0,0,0,1,0,0,0,0,0,1,0,0,0,0
2021-08-12,辣椒类,83.793,583.412,253,11,342.24441,253,6.962538636878976,1.3527447035573124,8,4,0,0,0,0,0,0,1,0,0,0,0,0,0,1,0,0,0
2021-08-13,辣椒类,88.147,648.948,292,13,409.50947,292,7.362111019093105,1.4024296917808219,8,5,0,0,0,0,0,0,1,0,0,0,0,0,0,0,1,0,0
2021-08-14,辣椒类,96.491,658.863,339,10,437.08614,339,6.82823268491362,1.2893396460176991,8,6,0,0,0,0,0,0,1,0,0,0,0,0,0,0,0,1,0
2021-08-15,辣椒类,78.29899999999999,602.909,271,10,354.18644,271,7.700085569419789,1.306961033210332,8,7,0,0,0,0,0,0,1,0,0,0,0,0,0,0,0,0,1
2021-08-16,辣椒类,52.116,434.341,197,9,244.68907,197,8.334120039910967,1.242076497461929,8,1,0,0,0,0,0,0,1,0,0,0,0,0,0,0,0,0,0
2021-08-17,辣椒类,59.86,465.63800000000003,203,9,290.2643,203,7.778783828934181,1.4298733990147783,8,2,0,0,0,0,0,0,1,0,0,0,0,1,0,0,0,0,0
2021-08-18,辣椒类,54.410000000000004,441.723,196,9,264.81347,196,8.118415732402132,1.3510891326530612,8,3,0,0,0,0,0,0,1,0,0,0,0,0,1,0,0,0,0
2021-08-19,辣椒类,50.988,373.816,175,9,255.06314,175,7.331450537381344,1.4575036571428572,8,4,0,0,0,0,0,0,1,0,0,0,0,0,0,1,0,0,0
2021-08-20,辣椒类,47.075,353.637,184,12,247.94682999999998,184,7.512203929899097,1.3475371195652173,8,5,0,0,0,0,0,0,1,0,0,0,0,0,0,0,1,0,0
2021-08-21,辣椒类,67.629,533.398,231,12,329.47156,231,7.887119431013322,1.4262838095238095,8,6,0,0,0,0,0,0,1,0,0,0,0,0,0,0,0,1,0
2021-08-22,辣椒类,94.447,669.673,301,12,429.27873999999997,301,7.09046343451883,1.4261752159468437,8,7,0,0,0,0,0,0,1,0,0,0,0,0,0,0,0,0,1
2021-08-23,辣椒类,15.773,135.953,86,8,71.84549,86,8.619349521333925,0.8354126744186047,8,1,0,0,0,0,0,0,1,0,0,0,0,0,0,0,0,0,0
2021-08-24,辣椒类,53.891,320.849,184,12,174.34927,184,5.953665732682637,0.9475503804347826,8,2,0,0,0,0,0,0,1,0,0,0,0,1,0,0,0,0,0
2021-08-25,辣椒类,53.903,289.696,175,10,173.54451,175,5.3743947461180275,0.9916829142857143,8,3,0,0,0,0,0,0,1,0,0,0,0,0,1,0,0,0,0
2021-08-26,辣椒类,61.124,359.49,216,11,217.10143000000002,216,5.8813232118316865,1.005099212962963,8,4,0,0,0,0,0,0,1,0,0,0,0,0,0,1,0,0,0
2021-08-27,辣椒类,64.045,343.342,217,9,219.50891,217,5.360949332500585,1.011561797235023,8,5,0,0,0,0,0,0,1,0,0,0,0,0,0,0,1,0,0
2021-08-28,辣椒类,75.85,440.058,279,11,281.94064000000003,279,5.801687541199737,1.0105399283154124,8,6,0,0,0,0,0,0,1,0,0,0,0,0,0,0,0,1,0
2021-08-29,辣椒类,81.325,427.007,261,11,290.54211,261,5.250624039348294,1.1131881609195402,8,7,0,0,0,0,0,0,1,0,0,0,0,0,0,0,0,0,1
2021-08-30,辣椒类,65.327,382.244,205,12,250.98088,205,5.851240681494636,1.2242969756097561,8,1,0,0,0,0,0,0,1,0,0,0,0,0,0,0,0,0,0
2021-08-31,辣椒类,66.34100000000001,428.4972,222,12,272.11975,222,6.459010265145234,1.2257646396396398,8,2,0,0,0,0,0,0,1,0,0,0,0,1,0,0,0,0,0
2021-09-01,辣椒类,44.769,325.5798,159,11,206.911,159,7.272438517724318,1.3013270440251572,9,3,0,0,0,0,0,0,0,1,0,0,0,0,1,0,0,0,0
2021-09-02,辣椒类,44.128,348.296,153,11,218.03292000000002,153,7.892857142857142,1.4250517647058825,9,4,0,0,0,0,0,0,0,1,0,0,0,0,0,1,0,0,0
2021-09-03,辣椒类,42.436,361.144,163,13,236.37997000000001,163,8.510321425205015,1.4501838650306749,9,5,0,0,0,0,0,0,0,1,0,0,0,0,0,0,1,0,0
2021-09-04,辣椒类,90.712,719.09,311,12,500.80491,311,7.927176117823441,1.6103051768488745,9,6,0,0,0,0,0,0,0,1,0,0,0,0,0,0,0,1,0
2021-09-05,辣椒类,63.285,597.361,224,13,376.19681,224,9.439219404282216,1.6794500446428573,9,7,0,0,0,0,0,0,0,1,0,0,0,0,0,0,0,0,1
2021-09-06,辣椒类,42.718,348.586,153,13,236.5643,153,8.160166674469778,1.5461718954248367,9,1,0,0,0,0,0,0,0,1,0,0,0,0,0,0,0,0,0
2021-09-07,辣椒类,45.158,385.13100000000003,149,10,265.50232,149,8.528522078037115,1.7818947651006711,9,2,0,0,0,0,0,0,0,1,0,0,0,1,0,0,0,0,0
2021-09-08,辣椒类,36.083,367.914,131,13,211.01133,131,10.196325139262257,1.6107735114503816,9,3,0,0,0,0,0,0,0,1,0,0,0,0,1,0,0,0,0
2021-09-09,辣椒类,39.957,402.971,138,11,255.74304,138,10.085116500237756,1.8532104347826088,9,4,0,0,0,0,0,0,0,1,0,0,0,0,0,1,0,0,0
2021-09-10,辣椒类,36.978,366.501,139,12,261.58317,139,9.911325653091026,1.8818933093525179,9,5,0,0,0,0,0,0,0,1,0,0,0,0,0,0,1,0,0
2021-09-11,辣椒类,53.88,529.982,203,11,364.52692,203,9.836340014847808,1.7956991133004927,9,6,0,0,0,0,0,0,0,1,0,0,0,0,0,0,0,1,0
2021-09-12,辣椒类,52.389,487.5578,197,9,355.06522,197,9.306491820802076,1.8023615228426397,9,7,0,0,0,0,0,0,0,1,0,0,0,0,0,0,0,0,1
2021-09-13,辣椒类,46.014,419.366,156,7,283.86005,156,9.113878384839396,1.8196157051282051,9,1,0,0,0,0,0,0,0,1,0,0,0,0,0,0,0,0,0
2021-09-14,辣椒类,34.598,313.25,119,7,210.70119,119,9.053991560205793,1.7705982352941176,9,2,0,0,0,0,0,0,0,1,0,0,0,1,0,0,0,0,0
2021-09-15,辣椒类,33.653,314.136,117,7,182.99772000000002,117,9.334561554690518,1.5640830769230771,9,3,0,0,0,0,0,0,0,1,0,0,0,0,1,0,0,0,0
2021-09-16,辣椒类,33.706,338.607,129,8,200.23459,129,10.045896872960304,1.5522061240310077,9,4,0,0,0,0,0,0,0,1,0,0,0,0,0,1,0,0,0
2021-09-17,辣椒类,30.378,301.779,111,8,191.55353,111,9.934129962472841,1.7257074774774774,9,5,0,0,0,0,0,0,0,1,0,0,0,0,0,0,1,0,0
2021-09-18,辣椒类,45.049,443.344,155,8,295.6081,155,9.841372727474528,1.9071490322580644,9,6,0,0,0,0,0,0,0,1,0,0,0,0,0,0,0,1,0
2021-09-19,辣椒类,75.511,745.4878,258,11,493.04714,258,9.872572208022673,1.9110354263565892,9,7,0,0,0,0,0,0,0,1,0,0,0,0,0,0,0,0,1
2021-09-20,辣椒类,88.648,868.3414,309,11,544.87797,309,9.795386246728635,1.7633591262135921,9,1,0,0,0,0,0,0,0,1,0,0,0,0,0,0,0,0,0
2021-09-21,辣椒类,53.371,595.4082,202,10,355.02899,202,11.156024807479715,1.7575692574257427,9,2,0,0,0,0,0,0,0,1,0,0,0,1,0,0,0,0,0
2021-09-22,辣椒类,50.963,478.767,166,10,327.68522,166,9.394403783136784,1.9740073493975905,9,3,0,0,0,0,0,0,0,1,0,0,0,0,1,0,0,0,0
2021-09-23,辣椒类,45.501,421.5736,152,10,288.70019,152,9.265150216478759,1.899343355263158,9,4,0,0,0,0,0,0,0,1,0,0,0,0,0,1,0,0,0
2021-09-24,辣椒类,26.686,293.7204,109,10,179.48083,109,11.006535261935097,1.646613119266055,9,5,0,0,0,0,0,0,0,1,0,0,0,0,0,0,1,0,0
2021-09-25,辣椒类,29.969,305.4452,121,10,188.65385,121,10.192038439721046,1.5591227272727273,9,6,0,0,0,0,0,0,0,1,0,0,0,0,0,0,0,1,0
2021-09-26,辣椒类,46.272,406.6904,160,9,288.09861,160,8.789125172890733,1.8006163125,9,7,0,0,0,0,0,0,0,1,0,0,0,0,0,0,0,0,1
2021-09-27,辣椒类,32.674,314.337,122,12,202.50765,122,9.620401542510864,1.6598987704918033,9,1,0,0,0,0,0,0,0,1,0,0,0,0,0,0,0,0,0
2021-09-28,辣椒类,34.777,308.0652,124,11,203.42304,124,8.858302901342842,1.640508387096774,9,2,0,0,0,0,0,0,0,1,0,0,0,1,0,0,0,0,0
2021-09-29,辣椒类,50.474000000000004,379.30060000000003,178,11,288.0632,178,7.514771961802116,1.618332584269663,9,3,0,0,0,0,0,0,0,1,0,0,0,0,1,0,0,0,0
2021-09-30,辣椒类,37.589,284.784,148,8,205.55023,148,7.576259011944984,1.3888529054054053,9,4,0,0,0,0,0,0,0,1,0,0,0,0,0,1,0,0,0
2021-10-01,辣椒类,81.648,606.4686,254,9,406.88991,254,7.427843915343916,1.601928779527559,10,5,0,0,0,0,0,0,0,0,1,0,0,0,0,0,1,0,0
2021-10-02,辣椒类,67.466,433.685,215,8,285.59385,215,6.428200871550115,1.3283434883720928,10,6,0,0,0,0,0,0,0,0,1,0,0,0,0,0,0,1,0
2021-10-03,辣椒类,37.899,296.3344,140,10,170.19675,140,7.819055911765482,1.2156910714285716,10,7,0,0,0,0,0,0,0,0,1,0,0,0,0,0,0,0,1
2021-10-04,辣椒类,70.165,464.168,228,10,295.53491,228,6.615378037483075,1.2962057456140352,10,1,0,0,0,0,0,0,0,0,1,0,0,0,0,0,0,0,0
2021-10-05,辣椒类,74.013,496.596,239,10,333.79642,239,6.709578047099833,1.3966377405857742,10,2,0,0,0,0,0,0,0,0,1,0,0,1,0,0,0,0,0
2021-10-06,辣椒类,79.233,465.896,245,9,323.42642,245,5.880075221183093,1.320107836734694,10,3,0,0,0,0,0,0,0,0,1,0,0,0,1,0,0,0,0
2021-10-07,辣椒类,62.908,359.876,181,9,240.75971,181,5.720671456730463,1.330164143646409,10,4,0,0,0,0,0,0,0,0,1,0,0,0,0,1,0,0,0
2021-10-08,辣椒类,65.805,375.312,186,8,255.64189,186,5.703396398449965,1.3744187634408602,10,5,0,0,0,0,0,0,0,0,1,0,0,0,0,0,1,0,0
2021-10-09,辣椒类,61.377,358.092,186,8,246.73752,186,5.834302751845153,1.326545806451613,10,6,0,0,0,0,0,0,0,0,1,0,0,0,0,0,0,1,0
2021-10-10,辣椒类,111.306,615.962,306,9,419.43839,306,5.5339514491581765,1.3707136928104575,10,7,0,0,0,0,0,0,0,0,1,0,0,0,0,0,0,0,1
2021-10-11,辣椒类,64.755,380.58,172,7,244.32379,172,5.877229557563123,1.4204871511627908,10,1,0,0,0,0,0,0,0,0,1,0,0,0,0,0,0,0,0
2021-10-12,辣椒类,57.257,334.2756,155,8,204.77931,155,5.838161272857468,1.3211568387096775,10,2,0,0,0,0,0,0,0,0,1,0,0,1,0,0,0,0,0
2021-10-13,辣椒类,44.341,269.44,120,8,175.90810000000002,120,6.076543154191381,1.4659008333333334,10,3,0,0,0,0,0,0,0,0,1,0,0,0,1,0,0,0,0
2021-10-14,辣椒类,38.431,272.7306,116,8,165.51635000000002,116,7.096630324477635,1.4268650862068968,10,4,0,0,0,0,0,0,0,0,1,0,0,0,0,1,0,0,0
2021-10-15,辣椒类,54.933,459.2886,167,10,246.40495,167,8.36088689858555,1.4754787425149702,10,5,0,0,0,0,0,0,0,0,1,0,0,0,0,0,1,0,0
2021-10-16,辣椒类,93.373,750.6456000000001,278,10,442.97029000000003,278,8.039214762297453,1.593418309352518,10,6,0,0,0,0,0,0,0,0,1,0,0,0,0,0,0,1,0
2021-10-17,辣椒类,64.30799999999999,468.476,175,9,301.89009,175,7.28487901971761,1.7250862285714286,10,7,0,0,0,0,0,0,0,0,1,0,0,0,0,0,0,0,1
2021-10-18,辣椒类,40.29,321.784,125,9,201.12663,125,7.986696450732191,1.60901304,10,1,0,0,0,0,0,0,0,0,1,0,0,0,0,0,0,0,0
2021-10-19,辣椒类,40.052,293.574,117,8,204.84354000000002,117,7.329821232397883,1.7507994871794874,10,2,0,0,0,0,0,0,0,0,1,0,0,1,0,0,0,0,0
2021-10-20,辣椒类,43.48,407.43,125,8,233.22387,125,9.370515179392825,1.86579096,10,3,0,0,0,0,0,0,0,0,1,0,0,0,1,0,0,0,0
2021-10-21,辣椒类,29.336,302.27,100,8,162.73378,100,10.303722388873739,1.6273378,10,4,0,0,0,0,0,0,0,0,1,0,0,0,0,1,0,0,0
2021-10-22,辣椒类,30.078,300.154,106,9,182.52907,106,9.979187445973801,1.721972358490566,10,5,0,0,0,0,0,0,0,0,1,0,0,0,0,0,1,0,0
2021-10-23,辣椒类,51.363,468.248,163,9,312.43815,163,9.116445690477581,1.9167984662576687,10,6,0,0,0,0,0,0,0,0,1,0,0,0,0,0,0,1,0
2021-10-24,辣椒类,41.481,383.686,130,8,278.21106000000003,130,9.24968057664955,2.1400850769230773,10,7,0,0,0,0,0,0,0,0,1,0,0,0,0,0,0,0,1
2021-10-25,辣椒类,27.46,262.4644,77,9,192.06412,77,9.558062636562273,2.4943392207792208,10,1,0,0,0,0,0,0,0,0,1,0,0,0,0,0,0,0,0
2021-10-26,辣椒类,35.664,399.297,103,7,250.06578,103,11.1960800807537,2.4278231067961165,10,2,0,0,0,0,0,0,0,0,1,0,0,1,0,0,0,0,0
2021-10-27,辣椒类,32.692,346.3274,107,8,217.51122,107,10.593643704881929,2.032815140186916,10,3,0,0,0,0,0,0,0,0,1,0,0,0,1,0,0,0,0
2021-10-28,辣椒类,25.502,292.4822,89,9,179.8915,89,11.468990667398636,2.021252808988764,10,4,0,0,0,0,0,0,0,0,1,0,0,0,0,1,0,0,0
2021-10-29,辣椒类,25.203,315.0944,86,8,181.99464,86,12.502257667737968,2.1162167441860467,10,5,0,0,0,0,0,0,0,0,1,0,0,0,0,0,1,0,0
2021-10-30,辣椒类,26.181,333.82,111,8,210.58657,111,12.750467896566212,1.8971763063063063,10,6,0,0,0,0,0,0,0,0,1,0,0,0,0,0,0,1,0
2021-10-31,辣椒类,35.237,444.79,116,8,282.87202,116,12.622811249538836,2.4385518965517243,10,7,0,0,0,0,0,0,0,0,1,0,0,0,0,0,0,0,1
2021-11-01,辣椒类,23.439,272.218,83,7,193.93756,83,11.6138913776185,2.3365971084337347,11,1,0,0,0,0,0,0,0,0,0,1,0,0,0,0,0,0,0
2021-11-02,辣椒类,25.556,324.118,93,7,235.39991,93,12.682657692909688,2.5311818279569893,11,2,0,0,0,0,0,0,0,0,0,1,0,1,0,0,0,0,0
2021-11-03,辣椒类,25.358999999999998,317.808,78,6,210.53032000000002,78,12.532355376789306,2.6991066666666668,11,3,0,0,0,0,0,0,0,0,0,1,0,0,1,0,0,0,0
2021-11-04,辣椒类,24.241,313.538,79,8,208.47002,79,12.934202384390083,2.6388610126582277,11,4,0,0,0,0,0,0,0,0,0,1,0,0,0,1,0,0,0
2021-11-05,辣椒类,22.532,295.832,82,8,185.93487,82,13.129415941771702,2.2674984146341464,11,5,0,0,0,0,0,0,0,0,0,1,0,0,0,0,1,0,0
2021-11-06,辣椒类,27.548,353.24,98,7,229.07848,98,12.822709452591841,2.3375355102040816,11,6,0,0,0,0,0,0,0,0,0,1,0,0,0,0,0,1,0
2021-11-07,辣椒类,41.108,517.53,144,6,331.43462,144,12.589520288021797,2.3016293055555557,11,7,0,0,0,0,0,0,0,0,0,1,0,0,0,0,0,0,1
2021-11-08,辣椒类,24.775000000000002,310.748,79,6,221.45773,79,12.542805247225024,2.803262405063291,11,1,0,0,0,0,0,0,0,0,0,1,0,0,0,0,0,0,0
2021-11-09,辣椒类,23.626,303.082,80,7,198.30203,80,12.828324726995682,2.478775375,11,2,0,0,0,0,0,0,0,0,0,1,0,1,0,0,0,0,0
2021-11-10,辣椒类,21.358,286.80400000000003,74,7,186.94738,74,13.428410899896996,2.526315945945946,11,3,0,0,0,0,0,0,0,0,0,1,0,0,1,0,0,0,0
2021-11-11,辣椒类,18.369,249.9018,62,7,158.76595,62,13.604540258043443,2.560741129032258,11,4,0,0,0,0,0,0,0,0,0,1,0,0,0,1,0,0,0
2021-11-12,辣椒类,25.182,323.0602,89,6,217.24011,89,12.829012786911287,2.4409001123595506,11,5,0,0,0,0,0,0,0,0,0,1,0,0,0,0,1,0,0
2021-11-13,辣椒类,28.792,376.89480000000003,100,6,253.393,100,13.090261183662129,2.53393,11,6,0,0,0,0,0,0,0,0,0,1,0,0,0,0,0,1,0
2021-11-14,辣椒类,39.412,444.6476,136,7,330.64806,136,11.282035928143713,2.4312357352941176,11,7,0,0,0,0,0,0,0,0,0,1,0,0,0,0,0,0,1
2021-11-15,辣椒类,29.577,332.5384,105,7,230.12308000000002,105,11.243141630320858,2.191648380952381,11,1,0,0,0,0,0,0,0,0,0,1,0,0,0,0,0,0,0
2021-11-16,辣椒类,27.575,345.8832,100,7,239.45685,100,12.543361740707162,2.3945685,11,2,0,0,0,0,0,0,0,0,0,1,0,1,0,0,0,0,0
2021-11-17,辣椒类,18.162,239.4005,73,8,155.10896,73,13.181395220790662,2.1247802739726027,11,3,0,0,0,0,0,0,0,0,0,1,0,0,1,0,0,0,0
2021-11-18,辣椒类,12.35,166.6904,45,7,103.35801000000001,45,13.497198380566802,2.296844666666667,11,4,0,0,0,0,0,0,0,0,0,1,0,0,0,1,0,0,0
2021-11-19,辣椒类,13.522,178.4116,53,6,118.19664,53,13.194172459695311,2.230125283018868,11,5,0,0,0,0,0,0,0,0,0,1,0,0,0,0,1,0,0
2021-11-20,辣椒类,34.164,401.7294,127,8,276.55306,127,11.758851422550052,2.177583149606299,11,6,0,0,0,0,0,0,0,0,0,1,0,0,0,0,0,1,0
2021-11-21,辣椒类,30.26,356.2488,113,6,250.41346000000001,113,11.772927957699935,2.216048318584071,11,7,0,0,0,0,0,0,0,0,0,1,0,0,0,0,0,0,1
2021-11-22,辣椒类,22.036,246.29240000000001,68,6,180.84174,68,11.176819749500817,2.6594373529411763,11,1,0,0,0,0,0,0,0,0,0,1,0,0,0,0,0,0,0
2021-11-23,辣椒类,18.004,204.0052,68,7,146.49633,68,11.331104199066873,2.1543577941176473,11,2,0,0,0,0,0,0,0,0,0,1,0,1,0,0,0,0,0
2021-11-24,辣椒类,21.68,254.7816,75,6,184.13646,75,11.751918819188193,2.4551528,11,3,0,0,0,0,0,0,0,0,0,1,0,0,1,0,0,0,0
2021-11-25,辣椒类,20.413,269.6948,73,6,174.38536,73,13.211913976387596,2.3888405479452053,11,4,0,0,0,0,0,0,0,0,0,1,0,0,0,1,0,0,0
2021-11-26,辣椒类,14.855,199.3066,60,7,127.33319,60,13.416802423426455,2.1222198333333333,11,5,0,0,0,0,0,0,0,0,0,1,0,0,0,0,1,0,0
2021-11-27,辣椒类,37.591,462.4284,130,6,297.2369,130,12.301572184831475,2.2864376923076923,11,6,0,0,0,0,0,0,0,0,0,1,0,0,0,0,0,1,0
2021-11-28,辣椒类,25.149,309.5644,95,6,200.2537,95,12.309213089983697,2.1079336842105265,11,7,0,0,0,0,0,0,0,0,0,1,0,0,0,0,0,0,1
2021-11-29,辣椒类,19.812,247.3764,73,6,153.07277,73,12.48619018776499,2.0968872602739723,11,1,0,0,0,0,0,0,0,0,0,1,0,0,0,0,0,0,0
2021-11-30,辣椒类,32.472,336.066,107,6,262.9578,107,10.34940872135994,2.4575495327102805,11,2,0,0,0,0,0,0,0,0,0,1,0,1,0,0,0,0,0
2021-12-01,辣椒类,23.68,240.5348,75,7,190.96418,75,10.157719594594594,2.5461890666666664,12,3,0,0,0,0,0,0,0,0,0,0,1,0,1,0,0,0,0
2021-12-02,辣椒类,22.703,243.638,83,7,184.16477999999998,83,10.731533277540414,2.2188527710843373,12,4,0,0,0,0,0,0,0,0,0,0,1,0,0,1,0,0,0
2021-12-03,辣椒类,25.931,277.7492,91,7,205.86787,91,10.711087115807333,2.2622842857142857,12,5,0,0,0,0,0,0,0,0,0,0,1,0,0,0,1,0,0
2021-12-04,辣椒类,36.36,422.1508,132,7,275.25518,132,11.61030803080308,2.085266515151515,12,6,0,0,0,0,0,0,0,0,0,0,1,0,0,0,0,1,0
2021-12-05,辣椒类,37.123,440.752,133,8,291.45931,133,11.872747353392777,2.191423383458647,12,7,0,0,0,0,0,0,0,0,0,0,1,0,0,0,0,0,1
2021-12-06,辣椒类,37.461,433.7952,113,7,294.29675,113,11.579915111716186,2.604396017699115,12,1,0,0,0,0,0,0,0,0,0,0,1,0,0,0,0,0,0
2021-12-07,辣椒类,29.638,351.3888,109,7,220.47202,109,11.856022673594708,2.022679082568807,12,2,0,0,0,0,0,0,0,0,0,0,1,1,0,0,0,0,0
2021-12-08,辣椒类,24.71,282.617,88,7,176.14294,88,11.437353298259815,2.0016243181818183,12,3,0,0,0,0,0,0,0,0,0,0,1,0,1,0,0,0,0
2021-12-09,辣椒类,24.153,287.4368,87,7,178.52219000000002,87,11.900666583861218,2.051979195402299,12,4,0,0,0,0,0,0,0,0,0,0,1,0,0,1,0,0,0
2021-12-10,辣椒类,26.56,277.56,92,9,194.96268,92,10.450301204819278,2.1191595652173913,12,5,0,0,0,0,0,0,0,0,0,0,1,0,0,0,1,0,0
2021-12-11,辣椒类,43.575,461.86,151,8,328.04329,151,10.599196787148594,2.172472119205298,12,6,0,0,0,0,0,0,0,0,0,0,1,0,0,0,0,1,0
2021-12-12,辣椒类,43.444,484.652,138,7,319.3469,138,11.155786759966853,2.3141079710144927,12,7,0,0,0,0,0,0,0,0,0,0,1,0,0,0,0,0,1
2021-12-13,辣椒类,33.333,310.385,96,8,228.25355000000002,96,9.311643116431165,2.3776411458333335,12,1,0,0,0,0,0,0,0,0,0,0,1,0,0,0,0,0,0
2021-12-14,辣椒类,30.287,328.813,89,9,235.18917,89,10.856572126655001,2.6425749438202244,12,2,0,0,0,0,0,0,0,0,0,0,1,1,0,0,0,0,0
2021-12-15,辣椒类,29.243,277.034,86,8,210.61283,86,9.473515029237767,2.4489863953488373,12,3,0,0,0,0,0,0,0,0,0,0,1,0,1,0,0,0,0
2021-12-16,辣椒类,33.832,329.4836,102,8,236.91527,102,9.738815322771341,2.322698725490196,12,4,0,0,0,0,0,0,0,0,0,0,1,0,0,1,0,0,0
2021-12-17,辣椒类,34.228,346.7518,103,8,260.745,103,10.130647423162323,2.531504854368932,12,5,0,0,0,0,0,0,0,0,0,0,1,0,0,0,1,0,0
2021-12-18,辣椒类,59.298,541.3784,171,8,397.73784,171,9.129791898546326,2.3259522807017543,12,6,0,0,0,0,0,0,0,0,0,0,1,0,0,0,0,1,0
2021-12-19,辣椒类,52.980000000000004,432.88520000000005,151,6,358.9557,151,8.170728576821443,2.3771900662251655,12,7,0,0,0,0,0,0,0,0,0,0,1,0,0,0,0,0,1
2021-12-20,辣椒类,50.948,478.5836,140,9,335.01358,140,9.393569914422548,2.3929541428571426,12,1,0,0,0,0,0,0,0,0,0,0,1,0,0,0,0,0,0
2021-12-21,辣椒类,31.633,295.0144,89,9,201.27638,89,9.326159390509911,2.2615323595505616,12,2,0,0,0,0,0,0,0,0,0,0,1,1,0,0,0,0,0
2021-12-22,辣椒类,22.57,219.5764,77,7,148.39827,77,9.728684093929996,1.9272502597402597,12,3,0,0,0,0,0,0,0,0,0,0,1,0,1,0,0,0,0
2021-12-23,辣椒类,33.503,317.8904,99,9,208.30022,99,9.488415962749604,2.1040426262626264,12,4,0,0,0,0,0,0,0,0,0,0,1,0,0,1,0,0,0
2021-12-24,辣椒类,52.243,478.48,147,9,314.69966,147,9.158738969814138,2.1408140136054423,12,5,0,0,0,0,0,0,0,0,0,0,1,0,0,0,1,0,0
2021-12-25,辣椒类,65.339,616.0354,163,9,407.91109,163,9.42829550498171,2.502522024539877,12,6,0,0,0,0,0,0,0,0,0,0,1,0,0,0,0,1,0
2021-12-26,辣椒类,64.634,574.9942,178,8,384.03599,178,8.896156821487143,2.1575055617977528,12,7,0,0,0,0,0,0,0,0,0,0,1,0,0,0,0,0,1
2021-12-27,辣椒类,37.586,309.6388,93,7,205.79473,93,8.238141861331346,2.212846559139785,12,1,0,0,0,0,0,0,0,0,0,0,1,0,0,0,0,0,0
2021-12-28,辣椒类,37.114,339.0806,100,8,227.91853999999998,100,9.13619119469742,2.2791854,12,2,0,0,0,0,0,0,0,0,0,0,1,1,0,0,0,0,0
2021-12-29,辣椒类,29.404,259.1752,81,8,174.95850000000002,81,8.814283770915523,2.1599814814814815,12,3,0,0,0,0,0,0,0,0,0,0,1,0,1,0,0,0,0
2021-12-30,辣椒类,30.451,268.2254,75,7,180.78578,75,8.808426652655085,2.4104770666666666,12,4,0,0,0,0,0,0,0,0,0,0,1,0,0,1,0,0,0
2021-12-31,辣椒类,66.714,616.9598,164,8,408.52067,164,9.247831039961627,2.4909796951219514,12,5,0,0,0,0,0,0,0,0,0,0,1,0,0,0,1,0,0
2022-01-01,辣椒类,57.833,521.5504,146,9,356.36042,146,9.018214514204692,2.4408247945205477,1,6,0,0,0,0,0,0,0,0,0,0,0,0,0,0,0,1,0
2022-01-02,辣椒类,45.828,428.7554,127,9,285.05131,127,9.355751942044165,2.244498503937008,1,7,0,0,0,0,0,0,0,0,0,0,0,0,0,0,0,0,1
2022-01-03,辣椒类,81.754,638.0602,192,9,479.01657,192,7.8046358587958995,2.49487796875,1,1,0,0,0,0,0,0,0,0,0,0,0,0,0,0,0,0,0
2022-01-04,辣椒类,58.207,441.1794,128,9,332.59213,128,7.579490439294243,2.598376015625,1,2,0,0,0,0,0,0,0,0,0,0,0,1,0,0,0,0,0
2022-01-05,辣椒类,66.638,499.04040000000003,153,8,368.7108,153,7.488826195263964,2.4098745098039216,1,3,0,0,0,0,0,0,0,0,0,0,0,0,1,0,0,0,0
2022-01-06,辣椒类,66.856,508.576,140,8,369.97632,140,7.607036017709706,2.6426879999999997,1,4,0,0,0,0,0,0,0,0,0,0,0,0,0,1,0,0,0
2022-01-07,辣椒类,49.32,464.467,124,9,278.63466999999997,124,9.417416869424168,2.2470537903225805,1,5,0,0,0,0,0,0,0,0,0,0,0,0,0,0,1,0,0
2022-01-08,辣椒类,80.046,738.5088000000001,196,10,456.92318,196,9.226055018364441,2.3312407142857143,1,6,0,0,0,0,0,0,0,0,0,0,0,0,0,0,0,1,0
2022-01-09,辣椒类,81.556,719.5474,205,10,449.05046,205,8.822740203050666,2.1904900487804877,1,7,0,0,0,0,0,0,0,0,0,0,0,0,0,0,0,0,1
2022-01-10,辣椒类,57.481,537.8312,139,8,322.59851000000003,139,9.356677858770723,2.320852589928058,1,1,0,0,0,0,0,0,0,0,0,0,0,0,0,0,0,0,0
2022-01-11,辣椒类,81.87,674.9308,184,8,447.69489,184,8.243933064614632,2.433124402173913,1,2,0,0,0,0,0,0,0,0,0,0,0,1,0,0,0,0,0
2022-01-12,辣椒类,72.888,569.68,165,10,387.22906,165,7.815827022280758,2.346842787878788,1,3,0,0,0,0,0,0,0,0,0,0,0,0,1,0,0,0,0
2022-01-13,辣椒类,63.209,521.677,166,9,330.853,166,8.253207612839944,1.993090361445783,1,4,0,0,0,0,0,0,0,0,0,0,0,0,0,1,0,0,0
2022-01-14,辣椒类,78.342,631.7322,168,13,390.13016,168,8.063774220724516,2.3222033333333334,1,5,0,0,0,0,0,0,0,0,0,0,0,0,0,0,1,0,0
2022-01-15,辣椒类,96.244,817.2482,232,13,517.65404,232,8.491419724865965,2.2312674137931037,1,6,0,0,0,0,0,0,0,0,0,0,0,0,0,0,0,1,0
2022-01-16,辣椒类,86.336,726.5986,207,11,453.33091,207,8.41594004818384,2.190004396135266,1,7,0,0,0,0,0,0,0,0,0,0,0,0,0,0,0,0,1
2022-01-17,辣椒类,47.324,455.0512,118,10,263.24305,118,9.615653790888345,2.230873305084746,1,1,0,0,0,0,0,0,0,0,0,0,0,0,0,0,0,0,0
2022-01-18,辣椒类,56.238,518.9558000000001,138,10,339.54742000000005,138,9.227849496781538,2.460488550724638,1,2,0,0,0,0,0,0,0,0,0,0,0,1,0,0,0,0,0
2022-01-19,辣椒类,55.99,541.0184,153,14,316.79184,153,9.662768351491339,2.070534901960784,1,3,0,0,0,0,0,0,0,0,0,0,0,0,1,0,0,0,0
2022-01-20,辣椒类,67.17,653.1262,157,13,361.8262,157,9.723480720559774,2.304625477707006,1,4,0,0,0,0,0,0,0,0,0,0,0,0,0,1,0,0,0
2022-01-21,辣椒类,79.348,824.6364,181,14,415.69634,181,10.392655139385996,2.2966648618784533,1,5,0,0,0,0,0,0,0,0,0,0,0,0,0,0,1,0,0
2022-01-22,辣椒类,100.68,1229.231,232,11,579.62685,232,12.209286849423917,2.498391594827586,1,6,0,0,0,0,0,0,0,0,0,0,0,0,0,0,0,1,0
2022-01-23,辣椒类,124.431,1472.4866,253,11,891.72415,253,11.833760075865339,3.5246013833992094,1,7,0,0,0,0,0,0,0,0,0,0,0,0,0,0,0,0,1
2022-01-24,辣椒类,117.056,1434.487,229,12,874.34619,229,12.254707148715147,3.818105633187773,1,1,0,0,0,0,0,0,0,0,0,0,0,0,0,0,0,0,0
2022-01-25,辣椒类,84.379,1272.6726,203,12,819.91424,203,15.082812074094265,4.0389864039408865,1,2,0,0,0,0,0,0,0,0,0,0,0,1,0,0,0,0,0
2022-01-26,辣椒类,91.362,1393.9538,202,11,953.46102,202,15.257479039425583,4.720104059405941,1,3,0,0,0,0,0,0,0,0,0,0,0,0,1,0,0,0,0
2022-01-27,辣椒类,157.221,2299.201,305,13,1551.47602,305,14.624006971078927,5.08680662295082,1,4,0,0,0,0,0,0,0,0,0,0,0,0,0,1,0,0,0
2022-01-28,辣椒类,222.648,3474.2282,416,13,2269.19018,416,15.604129388092415,5.454784086538462,1,5,0,0,0,0,0,0,0,0,0,0,0,0,0,0,1,0,0
2022-01-29,辣椒类,356.647,6284.807400000001,751,14,3872.94949,751,17.621927003451596,5.157056577896139,1,6,0,0,0,0,0,0,0,0,0,0,0,0,0,0,0,1,0
2022-01-30,辣椒类,403.185,7456.5416000000005,906,13,4823.6550099999995,906,18.494094770390763,5.324122527593818,1,7,0,0,0,0,0,0,0,0,0,0,0,0,0,0,0,0,1
2022-02-01,辣椒类,52.92,1049.8752,165,9,671.95613,165,19.83891156462585,4.0724613939393945,2,2,1,0,0,0,0,0,0,0,0,0,0,1,0,0,0,0,0
2022-02-02,辣椒类,89.27,1687.0262,264,9,1099.8043,264,18.898019491430492,4.165925378787879,2,3,1,0,0,0,0,0,0,0,0,0,0,0,1,0,0,0,0
2022-02-03,辣椒类,125.952,2348.7062,344,9,1686.45698,344,18.647629255589433,4.902491220930233,2,4,1,0,0,0,0,0,0,0,0,0,0,0,0,1,0,0,0
2022-02-04,辣椒类,168.229,2445.1094000000003,456,11,1882.19238,456,14.534410832852839,4.127614868421053,2,5,1,0,0,0,0,0,0,0,0,0,0,0,0,0,1,0,0
2022-02-05,辣椒类,79.349,1235.3020000000001,193,13,846.02923,193,15.567959268547808,4.383571139896373,2,6,1,0,0,0,0,0,0,0,0,0,0,0,0,0,0,1,0
2022-02-06,辣椒类,127.903,1530.6256,261,8,1149.71076,261,11.967081303800537,4.405022068965517,2,7,1,0,0,0,0,0,0,0,0,0,0,0,0,0,0,0,1
2022-02-07,辣椒类,105.783,1367.798,229,12,941.44327,229,12.930225083425503,4.111105982532751,2,1,1,0,0,0,0,0,0,0,0,0,0,0,0,0,0,0,0
2022-02-08,辣椒类,80.106,1005.3770000000001,165,13,661.6608200000001,165,12.550582977554742,4.010065575757576,2,2,1,0,0,0,0,0,0,0,0,0,0,1,0,0,0,0,0
2022-02-09,辣椒类,72.859,861.634,144,12,563.54425,144,11.826047571336417,3.9135017361111113,2,3,1,0,0,0,0,0,0,0,0,0,0,0,1,0,0,0,0
2022-02-10,辣椒类,84.39,853.1088,144,12,588.91765,144,10.109121933878422,4.089705902777777,2,4,1,0,0,0,0,0,0,0,0,0,0,0,0,1,0,0,0
2022-02-11,辣椒类,74.496,792.311,136,12,534.59809,136,10.635618019759452,3.9308683088235292,2,5,1,0,0,0,0,0,0,0,0,0,0,0,0,0,1,0,0
2022-02-12,辣椒类,62.244,664.9514,128,12,437.38829,128,10.682979885611465,3.417096015625,2,6,1,0,0,0,0,0,0,0,0,0,0,0,0,0,0,1,0
2022-02-13,辣椒类,53.381,583.6494,131,12,347.09481999999997,131,10.933654296472527,2.649578778625954,2,7,1,0,0,0,0,0,0,0,0,0,0,0,0,0,0,0,1
2022-02-14,辣椒类,56.165,567.3326,112,13,340.68457,112,10.101176889521943,3.041826517857143,2,1,1,0,0,0,0,0,0,0,0,0,0,0,0,0,0,0,0
2022-02-15,辣椒类,65.56099999999999,663.9596,128,10,417.29001999999997,128,10.127356202620462,3.2600782812499998,2,2,1,0,0,0,0,0,0,0,0,0,0,1,0,0,0,0,0
2022-02-16,辣椒类,49.306,401.1908,72,9,280.68085,72,8.136754147568249,3.8983451388888892,2,3,1,0,0,0,0,0,0,0,0,0,0,0,1,0,0,0,0
2022-02-17,辣椒类,62.319,455.202,95,12,367.82066,95,7.304385500409185,3.871796421052631,2,4,1,0,0,0,0,0,0,0,0,0,0,0,0,1,0,0,0
2022-02-18,辣椒类,68.479,569.3516,116,13,405.34108000000003,116,8.31425108427401,3.494319655172414,2,5,1,0,0,0,0,0,0,0,0,0,0,0,0,0,1,0,0
2022-02-19,辣椒类,76.409,608.8956000000001,127,15,454.3322,127,7.968898951694173,3.5774188976377954,2,6,1,0,0,0,0,0,0,0,0,0,0,0,0,0,0,1,0
2022-02-20,辣椒类,73.20400000000001,609.0724,162,12,393.16486000000003,162,8.320206546090377,2.4269435802469137,2,7,1,0,0,0,0,0,0,0,0,0,0,0,0,0,0,0,1
2022-02-21,辣椒类,51.127,532.2702,114,11,315.53638,114,10.410745789895751,2.7678629824561405,2,1,1,0,0,0,0,0,0,0,0,0,0,0,0,0,0,0,0
2022-02-22,辣椒类,69.428,695.4346,147,14,443.87124,147,10.016630178026158,3.019532244897959,2,2,1,0,0,0,0,0,0,0,0,0,0,1,0,0,0,0,0
2022-02-23,辣椒类,37.044,363.38100000000003,59,12,230.04235,59,9.809442824748949,3.8990228813559322,2,3,1,0,0,0,0,0,0,0,0,0,0,0,1,0,0,0,0
2022-02-24,辣椒类,45.707,587.0508,107,12,336.13088,107,12.843783227951954,3.1414100934579436,2,4,1,0,0,0,0,0,0,0,0,0,0,0,0,1,0,0,0
2022-02-25,辣椒类,49.539,650.3868,128,11,379.23713,128,13.128783382789317,2.962790078125,2,5,1,0,0,0,0,0,0,0,0,0,0,0,0,0,1,0,0
2022-02-26,辣椒类,93.277,1008.7488000000001,210,16,776.92203,210,10.814550210662865,3.699628714285714,2,6,1,0,0,0,0,0,0,0,0,0,0,0,0,0,0,1,0
2022-02-27,辣椒类,83.842,979.9628,197,13,765.5917,197,11.688208773645668,3.8862522842639593,2,7,1,0,0,0,0,0,0,0,0,0,0,0,0,0,0,0,1
2022-02-28,辣椒类,57.122,623.5378000000001,135,14,466.24706000000003,135,10.91589580196772,3.453681925925926,2,1,1,0,0,0,0,0,0,0,0,0,0,0,0,0,0,0,0
2022-03-01,辣椒类,56.582,606.2882,134,14,429.63907,134,10.715213318723269,3.2062617164179104,3,2,0,1,0,0,0,0,0,0,0,0,0,1,0,0,0,0,0
2022-03-02,辣椒类,46.755,609.4594,117,13,389.97112,117,13.035170569992513,3.3330864957264956,3,3,0,1,0,0,0,0,0,0,0,0,0,0,1,0,0,0,0
2022-03-03,辣椒类,51.075,602.2778,123,14,420.59139999999996,123,11.792027410670581,3.419442276422764,3,4,0,1,0,0,0,0,0,0,0,0,0,0,0,1,0,0,0
2022-03-04,辣椒类,60.59,649.4126,122,16,406.86938,122,10.718148209275457,3.3349949180327867,3,5,0,1,0,0,0,0,0,0,0,0,0,0,0,0,1,0,0
2022-03-05,辣椒类,90.358,1098.5724,208,19,685.01276,208,12.157998184997455,3.2933305769230765,3,6,0,1,0,0,0,0,0,0,0,0,0,0,0,0,0,1,0
2022-03-06,辣椒类,76.904,1094.7264,189,16,680.97417,189,14.234973473421409,3.603037936507936,3,7,0,1,0,0,0,0,0,0,0,0,0,0,0,0,0,0,1
2022-03-07,辣椒类,46.889,566.557,96,15,347.67734,96,12.082940561752222,3.6216389583333335,3,1,0,1,0,0,0,0,0,0,0,0,0,0,0,0,0,0,0
2022-03-08,辣椒类,62.127,692.1088,126,18,415.72466,126,11.140225666779338,3.2994020634920633,3,2,0,1,0,0,0,0,0,0,0,0,0,1,0,0,0,0,0
2022-03-09,辣椒类,56.036,776.1728,124,16,519.85735,124,13.851324148761512,4.1923979838709675,3,3,0,1,0,0,0,0,0,0,0,0,0,0,1,0,0,0,0
2022-03-10,辣椒类,39.407000000000004,558.048,94,15,381.93806,94,14.161138883954626,4.06317085106383,3,4,0,1,0,0,0,0,0,0,0,0,0,0,0,1,0,0,0
2022-03-11,辣椒类,34.281,467.0292,85,12,343.9106,85,13.623558239257898,4.0460070588235295,3,5,0,1,0,0,0,0,0,0,0,0,0,0,0,0,1,0,0
2022-03-12,辣椒类,89.029,1118.3744000000002,203,15,801.25651,203,12.561911287333343,3.947076403940887,3,6,0,1,0,0,0,0,0,0,0,0,0,0,0,0,0,1,0
2022-03-13,辣椒类,74.903,965.8480000000001,172,16,638.88144,172,12.894650414536134,3.714426976744186,3,7,0,1,0,0,0,0,0,0,0,0,0,0,0,0,0,0,1
2022-03-14,辣椒类,86.701,993.792,166,17,685.22977,166,11.46228993898571,4.127890180722892,3,1,0,1,0,0,0,0,0,0,0,0,0,0,0,0,0,0,0
2022-03-15,辣椒类,69.283,877.926,154,18,586.34343,154,12.671593320150686,3.80742487012987,3,2,0,1,0,0,0,0,0,0,0,0,0,1,0,0,0,0,0
2022-03-16,辣椒类,56.957,732.3894,136,16,512.39209,136,12.858637217550083,3.767588897058824,3,3,0,1,0,0,0,0,0,0,0,0,0,0,1,0,0,0,0
2022-03-17,辣椒类,62.519,809.9844,135,13,539.67409,135,12.955811833202707,3.9975858518518517,3,4,0,1,0,0,0,0,0,0,0,0,0,0,0,1,0,0,0
2022-03-18,辣椒类,83.461,1069.5118,195,13,733.95268,195,12.814509771030782,3.763859897435897,3,5,0,1,0,0,0,0,0,0,0,0,0,0,0,0,1,0,0
2022-03-19,辣椒类,102.315,1430.7386000000001,238,17,913.20227,238,13.983664174363486,3.836984327731092,3,6,0,1,0,0,0,0,0,0,0,0,0,0,0,0,0,1,0
2022-03-20,辣椒类,103.566,1653.3534,258,15,1096.7755,258,15.964248884769132,4.251067829457364,3,7,0,1,0,0,0,0,0,0,0,0,0,0,0,0,0,0,1
2022-03-21,辣椒类,69.925,1016.1772000000001,150,14,683.77589,150,14.532387558097964,4.5585059333333335,3,1,0,1,0,0,0,0,0,0,0,0,0,0,0,0,0,0,0
2022-03-22,辣椒类,80.407,1138.8932,165,10,765.1439700000001,165,14.164105115226286,4.637236181818182,3,2,0,1,0,0,0,0,0,0,0,0,0,1,0,0,0,0,0
2022-03-23,辣椒类,73.065,1114.237,157,14,732.25808,157,15.249941832614796,4.664064203821655,3,3,0,1,0,0,0,0,0,0,0,0,0,0,1,0,0,0,0
2022-03-24,辣椒类,44.68,689.256,104,14,452.58022,104,15.426499552372425,4.351732884615385,3,4,0,1,0,0,0,0,0,0,0,0,0,0,0,1,0,0,0
2022-03-25,辣椒类,61.998,902.5334,126,13,627.28665,126,14.557459918061873,4.978465476190476,3,5,0,1,0,0,0,0,0,0,0,0,0,0,0,0,1,0,0
2022-03-26,辣椒类,87.554,1284.1686,187,12,944.29827,187,14.667160837882905,5.049723368983957,3,6,0,1,0,0,0,0,0,0,0,0,0,0,0,0,0,1,0
2022-03-27,辣椒类,85.283,1232.5438000000001,186,16,940.15147,186,14.452397312477283,5.054577795698925,3,7,0,1,0,0,0,0,0,0,0,0,0,0,0,0,0,0,1
2022-03-28,辣椒类,57.16,727.3396,116,15,521.20592,116,12.724625612316306,4.49315448275862,3,1,0,1,0,0,0,0,0,0,0,0,0,0,0,0,0,0,0
2022-03-29,辣椒类,57.004,691.5746,118,14,493.48592,118,12.132036348326434,4.182084067796611,3,2,0,1,0,0,0,0,0,0,0,0,0,1,0,0,0,0,0
2022-03-30,辣椒类,64.721,925.9092,132,15,630.79127,132,14.306163378192549,4.778721742424243,3,3,0,1,0,0,0,0,0,0,0,0,0,0,1,0,0,0,0
2022-03-31,辣椒类,46.92,702.0912000000001,100,11,461.48814,100,14.963580562659848,4.6148814,3,4,0,1,0,0,0,0,0,0,0,0,0,0,0,1,0,0,0
2022-04-01,辣椒类,65.48,900.8254000000001,123,14,601.42255,123,13.757260232131948,4.8896142276422765,4,5,0,0,1,0,0,0,0,0,0,0,0,0,0,0,1,0,0
2022-04-02,辣椒类,64.349,911.1616,125,15,627.88846,125,14.159685465197594,5.02310768,4,6,0,0,1,0,0,0,0,0,0,0,0,0,0,0,0,1,0
2022-04-03,辣椒类,75.131,987.7378,157,14,742.83138,157,13.146874126525669,4.731410063694267,4,7,0,0,1,0,0,0,0,0,0,0,0,0,0,0,0,0,1
2022-04-04,辣椒类,96.732,1351.883,206,14,975.81716,206,13.975551006905677,4.736976504854368,4,1,0,0,1,0,0,0,0,0,0,0,0,0,0,0,0,0,0
2022-04-05,辣椒类,33.664,528.5934,75,15,389.93834,75,15.7020377851711,5.199177866666666,4,2,0,0,1,0,0,0,0,0,0,0,0,1,0,0,0,0,0
2022-04-06,辣椒类,31.127,396.40500000000003,56,13,306.69664,56,12.735085295723971,5.476725714285714,4,3,0,0,1,0,0,0,0,0,0,0,0,0,1,0,0,0,0
2022-04-07,辣椒类,22.799,350.35200000000003,49,12,258.38621,49,15.366989780253522,5.273187959183674,4,4,0,0,1,0,0,0,0,0,0,0,0,0,0,1,0,0,0
2022-04-08,辣椒类,25.32,292.942,42,14,197.64393,42,11.56958925750395,4.705807857142857,4,5,0,0,1,0,0,0,0,0,0,0,0,0,0,0,1,0,0
2022-04-09,辣椒类,120.106,1331.3980000000001,247,15,988.2439899999999,247,11.085191414250747,4.000987813765182,4,6,0,0,1,0,0,0,0,0,0,0,0,0,0,0,0,1,0
2022-04-10,辣椒类,103.536,1207.559,218,13,900.84235,218,11.663179956730026,4.132304357798165,4,7,0,0,1,0,0,0,0,0,0,0,0,0,0,0,0,0,1
2022-04-11,辣椒类,52.305,605.0408,122,11,418.28982,122,11.567551859286874,3.428605081967213,4,1,0,0,1,0,0,0,0,0,0,0,0,0,0,0,0,0,0
2022-04-12,辣椒类,66.22,851.6602,142,13,560.02884,142,12.861072183630323,3.9438650704225346,4,2,0,0,1,0,0,0,0,0,0,0,0,1,0,0,0,0,0
2022-04-13,辣椒类,59.95,802.4642,135,14,553.50163,135,13.385557964970808,4.1000120740740735,4,3,0,0,1,0,0,0,0,0,0,0,0,0,1,0,0,0,0
2022-04-14,辣椒类,58.011,726.0268,135,9,544.97905,135,12.51532985123511,4.036881851851852,4,4,0,0,1,0,0,0,0,0,0,0,0,0,0,1,0,0,0
2022-04-15,辣椒类,69.72,847.589,150,12,570.21235,150,12.157042455536432,3.8014156666666667,4,5,0,0,1,0,0,0,0,0,0,0,0,0,0,0,1,0,0
2022-04-16,辣椒类,77.376,970.6892,158,15,608.19091,158,12.545094086021505,3.8493095569620257,4,6,0,0,1,0,0,0,0,0,0,0,0,0,0,0,0,1,0
2022-04-17,辣椒类,73.746,852.3538,153,14,558.89387,153,11.557966533778103,3.652901111111111,4,7,0,0,1,0,0,0,0,0,0,0,0,0,0,0,0,0,1
2022-04-18,辣椒类,53.58,618.6158,112,12,403.7944,112,11.54564762971258,3.605307142857143,4,1,0,0,1,0,0,0,0,0,0,0,0,0,0,0,0,0,0
2022-04-19,辣椒类,45.306,591.8574,72,15,359.19121,72,13.063554496093234,4.988766805555556,4,2,0,0,1,0,0,0,0,0,0,0,0,1,0,0,0,0,0
2022-04-20,辣椒类,49.324,584.1108,109,14,366.97273,109,11.842324223501745,3.3667222935779817,4,3,0,0,1,0,0,0,0,0,0,0,0,0,1,0,0,0,0
2022-04-21,辣椒类,50.831,532.8748,108,13,387.31005999999996,108,10.483264149829829,3.586204259259259,4,4,0,0,1,0,0,0,0,0,0,0,0,0,0,1,0,0,0
2022-04-22,辣椒类,56.833,626.6784,117,14,438.97409,117,11.02666408600637,3.751915299145299,4,5,0,0,1,0,0,0,0,0,0,0,0,0,0,0,1,0,0
2022-04-23,辣椒类,76.55,850.2180000000001,170,12,662.78971,170,11.10670150228609,3.898763,4,6,0,0,1,0,0,0,0,0,0,0,0,0,0,0,0,1,0
2022-04-24,辣椒类,63.739,531.8552,149,15,469.96241,149,8.344266461663974,3.154110134228188,4,7,0,0,1,0,0,0,0,0,0,0,0,0,0,0,0,0,1
2022-04-25,辣椒类,85.477,721.8788000000001,184,11,569.64761,184,8.445298735332312,3.0959109239130433,4,1,0,0,1,0,0,0,0,0,0,0,0,0,0,0,0,0,0
2022-04-26,辣椒类,56.252,448.938,117,10,285.60783,117,7.980836236933797,2.441092564102564,4,2,0,0,1,0,0,0,0,0,0,0,0,1,0,0,0,0,0
2022-04-27,辣椒类,60.366,489.41360000000003,116,13,308.50018,116,8.107437961766557,2.6594843103448276,4,3,0,0,1,0,0,0,0,0,0,0,0,0,1,0,0,0,0
2022-04-28,辣椒类,71.389,606.0256,155,12,443.85381,155,8.489061339982351,2.8635729677419355,4,4,0,0,1,0,0,0,0,0,0,0,0,0,0,1,0,0,0
2022-04-29,辣椒类,90.804,712.9174,173,14,463.26448999999997,173,7.851167349455971,2.677829421965318,4,5,0,0,1,0,0,0,0,0,0,0,0,0,0,0,1,0,0
2022-04-30,辣椒类,75.21,608.7932,180,11,359.67102,180,8.094577848690333,1.9981723333333332,4,6,0,0,1,0,0,0,0,0,0,0,0,0,0,0,0,1,0
2022-05-01,辣椒类,65.841,479.338,155,3,271.22796,155,7.280235719384579,1.7498578064516128,5,7,0,0,0,1,0,0,0,0,0,0,0,0,0,0,0,0,1
2022-05-02,辣椒类,57.464,462.408,153,5,289.96691,153,8.04691633022414,1.8952085620915031,5,1,0,0,0,1,0,0,0,0,0,0,0,0,0,0,0,0,0
2022-05-03,辣椒类,67.711,521.5,161,8,361.71903000000003,161,7.701850511733692,2.246702049689441,5,2,0,0,0,1,0,0,0,0,0,0,0,1,0,0,0,0,0
2022-05-04,辣椒类,51.194,494.59180000000003,144,6,248.18596,144,9.661128257217642,1.7235136111111111,5,3,0,0,0,1,0,0,0,0,0,0,0,0,1,0,0,0,0
2022-05-05,辣椒类,32.252,311.6298,93,6,163.21098,93,9.662340319980155,1.7549567741935486,5,4,0,0,0,1,0,0,0,0,0,0,0,0,0,1,0,0,0
2022-05-06,辣椒类,56.612,430.035,153,6,292.71443,153,7.596181021691514,1.9131662091503268,5,5,0,0,0,1,0,0,0,0,0,0,0,0,0,0,1,0,0
2022-05-07,辣椒类,86.212,548.458,215,5,377.77742,215,6.3617361852178345,1.7571042790697675,5,6,0,0,0,1,0,0,0,0,0,0,0,0,0,0,0,1,0
2022-05-08,辣椒类,86.554,579.6204,214,5,341.71273,214,6.696633315617996,1.5967884579439253,5,7,0,0,0,1,0,0,0,0,0,0,0,0,0,0,0,0,1
2022-05-09,辣椒类,55.773,399.54040000000003,152,5,235.1797,152,7.1636885231205065,1.5472348684210526,5,1,0,0,0,1,0,0,0,0,0,0,0,0,0,0,0,0,0
2022-05-10,辣椒类,59.294,401.5956,142,5,263.8432,142,6.772955105069653,1.8580507042253522,5,2,0,0,0,1,0,0,0,0,0,0,0,1,0,0,0,0,0
2022-05-11,辣椒类,42.635,294.0408,120,4,198.86521,120,6.896699894452914,1.6572100833333332,5,3,0,0,0,1,0,0,0,0,0,0,0,0,1,0,0,0,0
2022-05-12,辣椒类,37.193,280.3704,104,5,179.86751,104,7.538257198935284,1.7294952884615387,5,4,0,0,0,1,0,0,0,0,0,0,0,0,0,1,0,0,0
2022-05-13,辣椒类,58.386,451.2604,159,5,280.65849000000003,159,7.728914465796595,1.7651477358490568,5,5,0,0,0,1,0,0,0,0,0,0,0,0,0,0,1,0,0
2022-05-14,辣椒类,79.242,524.4060000000001,228,5,329.72947,228,6.617778450821534,1.4461818859649123,5,6,0,0,0,1,0,0,0,0,0,0,0,0,0,0,0,1,0
2022-05-15,辣椒类,63.751,451.3036,178,5,266.95262,178,7.079161111198256,1.4997338202247192,5,7,0,0,0,1,0,0,0,0,0,0,0,0,0,0,0,0,1
2022-05-16,辣椒类,41.681,299.7452,122,5,175.49781000000002,122,7.191410954631608,1.4385066393442625,5,1,0,0,0,1,0,0,0,0,0,0,0,0,0,0,0,0,0
2022-05-17,辣椒类,41.52,291.5116,114,5,182.59641,114,7.020992292870905,1.601722894736842,5,2,0,0,0,1,0,0,0,0,0,0,0,1,0,0,0,0,0
2022-05-18,辣椒类,40.714,282.6976,118,5,174.53632,118,6.943498550867025,1.4791213559322034,5,3,0,0,0,1,0,0,0,0,0,0,0,0,1,0,0,0,0
2022-05-19,辣椒类,31.666,253.30599999999998,97,5,139.51081,97,7.999305248531547,1.4382557731958763,5,4,0,0,0,1,0,0,0,0,0,0,0,0,0,1,0,0,0
2022-05-20,辣椒类,37.853,281.258,111,5,171.99745,111,7.43026972763057,1.5495265765765764,5,5,0,0,0,1,0,0,0,0,0,0,0,0,0,0,1,0,0
2022-05-21,辣椒类,45.847,335.7432,143,5,228.55623,143,7.323122559818526,1.5982953146853147,5,6,0,0,0,1,0,0,0,0,0,0,0,0,0,0,0,1,0
2022-05-22,辣椒类,40.928,290.1184,133,6,196.90144,133,7.088506645817045,1.4804619548872182,5,7,0,0,0,1,0,0,0,0,0,0,0,0,0,0,0,0,1
2022-05-23,辣椒类,35.072,249.72,110,6,154.15429,110,7.120209854014598,1.4014026363636365,5,1,0,0,0,1,0,0,0,0,0,0,0,0,0,0,0,0,0
2022-05-24,辣椒类,32.072,214.114,89,5,157.87787,89,6.676041406834622,1.7739086516853932,5,2,0,0,0,1,0,0,0,0,0,0,0,1,0,0,0,0,0
2022-05-25,辣椒类,31.823,206.68120000000002,96,6,150.5245,96,6.494711372277913,1.5679635416666666,5,3,0,0,0,1,0,0,0,0,0,0,0,0,1,0,0,0,0
2022-05-26,辣椒类,39.188,215.2036,119,6,179.84903,119,5.49156884760641,1.5113363865546219,5,4,0,0,0,1,0,0,0,0,0,0,0,0,0,1,0,0,0
2022-05-27,辣椒类,31.927,174.82920000000001,95,6,136.7561,95,5.475904406928306,1.4395378947368422,5,5,0,0,0,1,0,0,0,0,0,0,0,0,0,0,1,0,0
2022-05-28,辣椒类,55.568,306.2836,180,6,214.00370999999998,180,5.511870141088396,1.1889094999999998,5,6,0,0,0,1,0,0,0,0,0,0,0,0,0,0,0,1,0
2022-05-29,辣椒类,62.521,362.09,180,5,231.19885,180,5.791494057996513,1.2844380555555555,5,7,0,0,0,1,0,0,0,0,0,0,0,0,0,0,0,0,1
2022-05-30,辣椒类,31.081,161.192,93,5,111.30841000000001,93,5.186190920498054,1.1968646236559142,5,1,0,0,0,1,0,0,0,0,0,0,0,0,0,0,0,0,0
2022-05-31,辣椒类,38.356,194.492,110,5,112.80468,110,5.070706017311502,1.025497090909091,5,2,0,0,0,1,0,0,0,0,0,0,0,1,0,0,0,0,0
2022-06-01,辣椒类,43.718,259.9596,109,5,152.78735999999998,109,5.946282995562469,1.4017188990825686,6,3,0,0,0,0,1,0,0,0,0,0,0,0,1,0,0,0,0
2022-06-02,辣椒类,47.188,257.5942,137,5,157.8952,137,5.45889209120963,1.152519708029197,6,4,0,0,0,0,1,0,0,0,0,0,0,0,0,1,0,0,0
2022-06-03,辣椒类,69.903,377.3274,205,5,268.50467000000003,205,5.3978713359941635,1.3097788780487807,6,5,0,0,0,0,1,0,0,0,0,0,0,0,0,0,1,0,0
2022-06-04,辣椒类,38.876,216.9024,124,5,131.85087000000001,124,5.579339438213808,1.0633134677419356,6,6,0,0,0,0,1,0,0,0,0,0,0,0,0,0,0,1,0
2022-06-05,辣椒类,41.001,237.3812,120,5,135.7411,120,5.78964415502061,1.1311758333333333,6,7,0,0,0,0,1,0,0,0,0,0,0,0,0,0,0,0,1
2022-06-06,辣椒类,40.803,217.153,116,6,139.7758,116,5.321986128470946,1.2049637931034483,6,1,0,0,0,0,1,0,0,0,0,0,0,0,0,0,0,0,0
2022-06-07,辣椒类,38.975,201.5864,117,5,130.25013,117,5.17219756254009,1.1132489743589744,6,2,0,0,0,0,1,0,0,0,0,0,0,1,0,0,0,0,0
2022-06-08,辣椒类,40.958999999999996,221.52,119,5,139.83609,119,5.408335164432726,1.175093193277311,6,3,0,0,0,0,1,0,0,0,0,0,0,0,1,0,0,0,0
2022-06-09,辣椒类,41.651,209.09720000000002,122,5,142.70728,122,5.020220402871479,1.1697318032786885,6,4,0,0,0,0,1,0,0,0,0,0,0,0,0,1,0,0,0
2022-06-10,辣椒类,37.531,202.0308,110,5,123.77977,110,5.3830380219018945,1.1252706363636364,6,5,0,0,0,0,1,0,0,0,0,0,0,0,0,0,1,0,0
2022-06-11,辣椒类,61.054,312.1852,170,5,182.94361999999998,170,5.113263668228126,1.0761389411764706,6,6,0,0,0,0,1,0,0,0,0,0,0,0,0,0,0,1,0
2022-06-12,辣椒类,67.529,323.3824,188,5,181.13329,188,4.788792963023294,0.9634749468085105,6,7,0,0,0,0,1,0,0,0,0,0,0,0,0,0,0,0,1
2022-06-13,辣椒类,29.923,154.1124,90,5,101.88383999999999,90,5.1502991010259676,1.1320426666666665,6,1,0,0,0,0,1,0,0,0,0,0,0,0,0,0,0,0,0
2022-06-14,辣椒类,29.213,151.4132,95,5,100.71413,95,5.183076027795844,1.0601487368421052,6,2,0,0,0,0,1,0,0,0,0,0,0,1,0,0,0,0,0
2022-06-15,辣椒类,39.656,193.6048,103,6,118.33945,103,4.882106112568086,1.1489266990291263,6,3,0,0,0,0,1,0,0,0,0,0,0,0,1,0,0,0,0
2022-06-16,辣椒类,48.132,243.0884,124,6,150.2012,124,5.05045292113355,1.2113,6,4,0,0,0,0,1,0,0,0,0,0,0,0,0,1,0,0,0
2022-06-17,辣椒类,47.1,236.4708,123,5,153.11414,123,5.020611464968153,1.244830406504065,6,5,0,0,0,0,1,0,0,0,0,0,0,0,0,0,1,0,0
2022-06-18,辣椒类,80.225,475.632,217,10,285.28087,217,5.92872545964475,1.314658387096774,6,6,0,0,0,0,1,0,0,0,0,0,0,0,0,0,0,1,0
2022-06-19,辣椒类,79.311,526.102,232,10,303.14539,232,6.63340520230485,1.3066611637931036,6,7,0,0,0,0,1,0,0,0,0,0,0,0,0,0,0,0,1
2022-06-20,辣椒类,46.065,222.8324,119,8,151.57816,119,4.837347226744818,1.273766050420168,6,1,0,0,0,0,1,0,0,0,0,0,0,0,0,0,0,0,0
2022-06-21,辣椒类,32.467,180.1708,92,10,118.74212,92,5.5493516493670505,1.2906752173913043,6,2,0,0,0,0,1,0,0,0,0,0,0,1,0,0,0,0,0
2022-06-22,辣椒类,35.161,188.0808,95,6,130.77004,95,5.349131139614914,1.3765267368421052,6,3,0,0,0,0,1,0,0,0,0,0,0,0,1,0,0,0,0
2022-06-23,辣椒类,29.211000000000002,177.6016,86,8,98.78569,86,6.079956180890759,1.1486708139534885,6,4,0,0,0,0,1,0,0,0,0,0,0,0,0,1,0,0,0
2022-06-24,辣椒类,33.789,190.712,97,7,105.44964,97,5.644203734943324,1.0871096907216495,6,5,0,0,0,0,1,0,0,0,0,0,0,0,0,0,1,0,0
2022-06-25,辣椒类,39.414,216.82,110,6,143.26132,110,5.501090982899477,1.3023756363636365,6,6,0,0,0,0,1,0,0,0,0,0,0,0,0,0,0,1,0
2022-06-26,辣椒类,43.418,292.4352,113,10,165.34724,113,6.735344787875997,1.4632499115044248,6,7,0,0,0,0,1,0,0,0,0,0,0,0,0,0,0,0,1
2022-06-27,辣椒类,28.076999999999998,218.1834,83,6,115.51636,83,7.770894326316915,1.391763373493976,6,1,0,0,0,0,1,0,0,0,0,0,0,0,0,0,0,0,0
2022-06-28,辣椒类,28.268,218.1388,81,8,111.61218,81,7.7168105278052925,1.377928148148148,6,2,0,0,0,0,1,0,0,0,0,0,0,1,0,0,0,0,0
2022-06-29,辣椒类,20.954,222.6892,69,8,113.7025,69,10.627526963825522,1.6478623188405797,6,3,0,0,0,0,1,0,0,0,0,0,0,0,1,0,0,0,0
2022-06-30,辣椒类,29.259,270.968,85,7,139.37379,85,9.26101370518473,1.6396916470588236,6,4,0,0,0,0,1,0,0,0,0,0,0,0,0,1,0,0,0
2022-07-01,辣椒类,25.326,251.924,88,6,189.56928,88,9.947247887546395,2.1541963636363635,7,5,0,0,0,0,0,1,0,0,0,0,0,0,0,0,1,0,0
2022-07-02,辣椒类,55.999,582.9486,190,11,390.13614,190,10.409982321112878,2.053348105263158,7,6,0,0,0,0,0,1,0,0,0,0,0,0,0,0,0,1,0
2022-07-03,辣椒类,58.67,617.706,163,9,438.47420999999997,163,10.528481336287712,2.690025828220859,7,7,0,0,0,0,0,1,0,0,0,0,0,0,0,0,0,0,1
2022-07-04,辣椒类,47.642,512.2236,147,12,321.06658,147,10.751513370555392,2.184126394557823,7,1,0,0,0,0,0,1,0,0,0,0,0,0,0,0,0,0,0
2022-07-05,辣椒类,49.728,475.6652,149,13,326.90578,149,9.565339446589446,2.193998523489933,7,2,0,0,0,0,0,1,0,0,0,0,0,1,0,0,0,0,0
2022-07-06,辣椒类,51.119,530.9294,169,14,358.56236,169,10.386146051370332,2.1216707692307692,7,3,0,0,0,0,0,1,0,0,0,0,0,0,1,0,0,0,0
2022-07-07,辣椒类,39.874,488.0754,160,11,315.74732,160,12.240442393539649,1.97342075,7,4,0,0,0,0,0,1,0,0,0,0,0,0,0,1,0,0,0
2022-07-08,辣椒类,42.7,431.1114,124,12,284.25178999999997,124,10.096285714285713,2.29235314516129,7,5,0,0,0,0,0,1,0,0,0,0,0,0,0,0,1,0,0
2022-07-09,辣椒类,72.124,695.6694,215,11,433.81597,215,9.645463368642893,2.017748697674419,7,6,0,0,0,0,0,1,0,0,0,0,0,0,0,0,0,1,0
2022-07-10,辣椒类,85.669,880.861,234,21,562.88569,234,10.282144066114931,2.4054944017094013,7,7,0,0,0,0,0,1,0,0,0,0,0,0,0,0,0,0,1
2022-07-11,辣椒类,53.659,601.5836,173,19,386.71095,173,11.211233902979929,2.2353234104046242,7,1,0,0,0,0,0,1,0,0,0,0,0,0,0,0,0,0,0
2022-07-12,辣椒类,49.014,566.7348000000001,168,15,377.87516999999997,168,11.562712694332232,2.2492569642857143,7,2,0,0,0,0,0,1,0,0,0,0,0,1,0,0,0,0,0
2022-07-13,辣椒类,42.841,442.4834,138,15,288.6093,138,10.328503069489507,2.0913717391304347,7,3,0,0,0,0,0,1,0,0,0,0,0,0,1,0,0,0,0
2022-07-14,辣椒类,49.446,416.681,120,16,256.63445,120,8.426991060955386,2.138620416666667,7,4,0,0,0,0,0,1,0,0,0,0,0,0,0,1,0,0,0
2022-07-15,辣椒类,54.053,501.943,133,17,292.1428,133,9.2861265794683,2.1965624060150377,7,5,0,0,0,0,0,1,0,0,0,0,0,0,0,0,1,0,0
2022-07-16,辣椒类,69.235,809.4466,225,15,499.05341,225,11.69129197660143,2.2180151555555554,7,6,0,0,0,0,0,1,0,0,0,0,0,0,0,0,0,1,0
2022-07-17,辣椒类,58.421,635.4662,195,17,422.77781000000004,195,10.877359168792044,2.1680913333333334,7,7,0,0,0,0,0,1,0,0,0,0,0,0,0,0,0,0,1
2022-07-18,辣椒类,47.507,522.9268,142,12,345.90894000000003,142,11.007363125434146,2.4359784507042255,7,1,0,0,0,0,0,1,0,0,0,0,0,0,0,0,0,0,0
2022-07-19,辣椒类,43.966,429.8174,133,17,272.56109,133,9.77613155620252,2.049331503759398,7,2,0,0,0,0,0,1,0,0,0,0,0,1,0,0,0,0,0
2022-07-20,辣椒类,85.656,692.7046,189,19,425.52516,189,8.087052862613243,2.2514558730158734,7,3,0,0,0,0,0,1,0,0,0,0,0,0,1,0,0,0,0
2022-07-21,辣椒类,96.487,666.8288,167,14,399.38157,167,6.911074030698437,2.391506407185629,7,4,0,0,0,0,0,1,0,0,0,0,0,0,0,1,0,0,0
2022-07-22,辣椒类,78.254,537.11,146,14,375.76984,146,6.863674700334807,2.57376602739726,7,5,0,0,0,0,0,1,0,0,0,0,0,0,0,0,1,0,0
2022-07-23,辣椒类,96.834,695.3432,188,13,406.24827,188,7.1807753475019105,2.1608950531914894,7,6,0,0,0,0,0,1,0,0,0,0,0,0,0,0,0,1,0
2022-07-24,辣椒类,54.852000000000004,329.2782,77,12,169.81463,77,6.003029971559834,2.205384805194805,7,7,0,0,0,0,0,1,0,0,0,0,0,0,0,0,0,0,1
2022-07-25,辣椒类,60.762,303.36,86,11,140.21952000000002,86,4.992594055495211,1.6304595348837212,7,1,0,0,0,0,0,1,0,0,0,0,0,0,0,0,0,0,0
2022-07-26,辣椒类,92.29,492.84000000000003,149,11,288.8886,149,5.340123523675371,1.93884966442953,7,2,0,0,0,0,0,1,0,0,0,0,0,1,0,0,0,0,0
2022-07-27,辣椒类,105.891,622.573,175,14,335.39282000000003,175,5.879375962074208,1.9165304,7,3,0,0,0,0,0,1,0,0,0,0,0,0,1,0,0,0,0
2022-07-28,辣椒类,101.404,635.1286,170,14,345.01965,170,6.263348585854602,2.0295273529411766,7,4,0,0,0,0,0,1,0,0,0,0,0,0,0,1,0,0,0
2022-07-29,辣椒类,111.741,608.39,171,14,318.37161,171,5.44464431139868,1.8618222807017542,7,5,0,0,0,0,0,1,0,0,0,0,0,0,0,0,1,0,0
2022-07-30,辣椒类,120.902,669.3580000000001,194,13,230.77408,194,5.536368298291179,1.189557113402062,7,6,0,0,0,0,0,1,0,0,0,0,0,0,0,0,0,1,0
2022-07-31,辣椒类,132.453,706.5126,218,12,344.47238,218,5.33406264863763,1.5801485321100917,7,7,0,0,0,0,0,1,0,0,0,0,0,0,0,0,0,0,1
2022-08-01,辣椒类,138.662,715.9444,244,12,382.70584,244,5.1632343396171985,1.5684665573770493,8,1,0,0,0,0,0,0,1,0,0,0,0,0,0,0,0,0,0
2022-08-02,辣椒类,112.757,549.3126,171,15,315.57234,171,4.871649653680037,1.8454522807017544,8,2,0,0,0,0,0,0,1,0,0,0,0,1,0,0,0,0,0
2022-08-03,辣椒类,141.987,685.9436000000001,229,13,359.87764,229,4.831031009881187,1.57151807860262,8,3,0,0,0,0,0,0,1,0,0,0,0,0,1,0,0,0,0
2022-08-04,辣椒类,134.644,641.8984,209,12,340.98278,209,4.76737470663379,1.6314965550239233,8,4,0,0,0,0,0,0,1,0,0,0,0,0,0,1,0,0,0
2022-08-05,辣椒类,140.692,601.5422,225,13,360.81766,225,4.275596338100247,1.6036340444444444,8,5,0,0,0,0,0,0,1,0,0,0,0,0,0,0,1,0,0
2022-08-06,辣椒类,151.923,713.6034,242,13,396.85471,242,4.6971386820955345,1.6398954958677687,8,6,0,0,0,0,0,0,1,0,0,0,0,0,0,0,0,1,0
2022-08-07,辣椒类,195.184,844.4802,282,13,428.62573,282,4.326585170915648,1.5199493971631204,8,7,0,0,0,0,0,0,1,0,0,0,0,0,0,0,0,0,1
2022-08-08,辣椒类,120.495,463.193,182,11,236.6293,182,3.8440848167973773,1.300160989010989,8,1,0,0,0,0,0,0,1,0,0,0,0,0,0,0,0,0,0
2022-08-09,辣椒类,120.22,542.9408,185,13,284.75022,185,4.516226917318249,1.5391903783783785,8,2,0,0,0,0,0,0,1,0,0,0,0,1,0,0,0,0,0
2022-08-10,辣椒类,141.933,597.3822,218,11,304.97787,218,4.208902792162499,1.3989810550458714,8,3,0,0,0,0,0,0,1,0,0,0,0,0,1,0,0,0,0
2022-08-11,辣椒类,151.922,485.931,234,10,313.68739,234,3.198555837864167,1.3405444017094017,8,4,0,0,0,0,0,0,1,0,0,0,0,0,0,1,0,0,0
2022-08-12,辣椒类,153.473,523.2488,241,13,321.84071,241,3.409386667361685,1.3354386307053943,8,5,0,0,0,0,0,0,1,0,0,0,0,0,0,0,1,0,0
2022-08-13,辣椒类,202.024,690.4338,302,13,405.41204000000005,302,3.4175830594384826,1.342423973509934,8,6,0,0,0,0,0,0,1,0,0,0,0,0,0,0,0,1,0
2022-08-14,辣椒类,162.309,615.689,249,12,319.56135,249,3.793313987517636,1.2833789156626507,8,7,0,0,0,0,0,0,1,0,0,0,0,0,0,0,0,0,1
2022-08-15,辣椒类,97.675,427.07,158,12,190.22854,158,4.37235730739698,1.2039781012658228,8,1,0,0,0,0,0,0,1,0,0,0,0,0,0,0,0,0,0
2022-08-16,辣椒类,160.183,710.5814,212,14,291.59581000000003,212,4.436060006367717,1.3754519339622644,8,2,0,0,0,0,0,0,1,0,0,0,0,1,0,0,0,0,0
2022-08-17,辣椒类,116.249,577.4782,184,15,288.58647,184,4.967597140620565,1.5684047282608697,8,3,0,0,0,0,0,0,1,0,0,0,0,0,1,0,0,0,0
2022-08-18,辣椒类,178.976,793.4678,253,14,374.55919,253,4.433375424637941,1.4804711067193677,8,4,0,0,0,0,0,0,1,0,0,0,0,0,0,1,0,0,0
2022-08-19,辣椒类,324.681,1551.3778,403,14,711.48678,403,4.778160101761421,1.7654758808933002,8,5,0,0,0,0,0,0,1,0,0,0,0,0,0,0,1,0,0
2022-08-20,辣椒类,194.548,925.5766,277,11,493.42273,277,4.757574480333902,1.7813094945848376,8,6,0,0,0,0,0,0,1,0,0,0,0,0,0,0,0,1,0
2022-08-21,辣椒类,214.489,951.7246,284,13,404.83016000000003,284,4.437172069430134,1.4254583098591551,8,7,0,0,0,0,0,0,1,0,0,0,0,0,0,0,0,0,1
2022-08-22,辣椒类,94.416,465.0,141,12,240.47634,141,4.925012709710219,1.7055059574468086,8,1,0,0,0,0,0,0,1,0,0,0,0,0,0,0,0,0,0
2022-08-23,辣椒类,98.414,458.84,142,12,233.56876,142,4.6623447883431215,1.6448504225352112,8,2,0,0,0,0,0,0,1,0,0,0,0,1,0,0,0,0,0
2022-08-24,辣椒类,52.23,262.9686,82,12,128.37256,82,5.034819069500287,1.5655190243902437,8,3,0,0,0,0,0,0,1,0,0,0,0,0,1,0,0,0,0
2022-08-25,辣椒类,95.888,516.7702,146,13,246.95803,146,5.389310445519773,1.6914933561643837,8,4,0,0,0,0,0,0,1,0,0,0,0,0,0,1,0,0,0
2022-08-26,辣椒类,104.538,512.9094,164,13,269.45782,164,4.906439763530965,1.6430354878048783,8,5,0,0,0,0,0,0,1,0,0,0,0,0,0,0,1,0,0
2022-08-27,辣椒类,131.705,726.669,190,13,322.84802,190,5.517398732014729,1.699200105263158,8,6,0,0,0,0,0,0,1,0,0,0,0,0,0,0,0,1,0
2022-08-28,辣椒类,205.683,1020.2458,277,12,469.2767,277,4.96028257075208,1.6941397111913357,8,7,0,0,0,0,0,0,1,0,0,0,0,0,0,0,0,0,1
2022-08-29,辣椒类,92.42,454.2284,130,13,215.62806,130,4.914827959316166,1.6586773846153846,8,1,0,0,0,0,0,0,1,0,0,0,0,0,0,0,0,0,0
2022-08-30,辣椒类,89.804,492.5136,144,10,247.56589,144,5.484316956928422,1.7192075694444444,8,2,0,0,0,0,0,0,1,0,0,0,0,1,0,0,0,0,0
2022-08-31,辣椒类,47.055,273.009,84,8,144.12111,84,5.801912655403252,1.7157274999999998,8,3,0,0,0,0,0,0,1,0,0,0,0,0,1,0,0,0,0
2022-09-01,辣椒类,88.341,546.1748,132,13,262.78544,132,6.1825743426042274,1.9907987878787878,9,4,0,0,0,0,0,0,0,1,0,0,0,0,0,1,0,0,0
2022-09-02,辣椒类,81.547,464.1798,137,13,287.64138,137,5.692175064686623,2.0995721167883215,9,5,0,0,0,0,0,0,0,1,0,0,0,0,0,0,1,0,0
2022-09-03,辣椒类,154.947,835.7882,219,14,490.22769999999997,219,5.394026344491987,2.2384826484018263,9,6,0,0,0,0,0,0,0,1,0,0,0,0,0,0,0,1,0
2022-09-04,辣椒类,155.104,899.667,213,14,504.91152,213,5.800411336909428,2.37047661971831,9,7,0,0,0,0,0,0,0,1,0,0,0,0,0,0,0,0,1
2022-09-05,辣椒类,89.749,508.904,127,12,277.94179,127,5.670302733178086,2.1885180314960633,9,1,0,0,0,0,0,0,0,1,0,0,0,0,0,0,0,0,0
2022-09-06,辣椒类,77.491,522.0356,128,10,302.72203,128,6.736725555225768,2.365015859375,9,2,0,0,0,0,0,0,0,1,0,0,0,1,0,0,0,0,0
2022-09-07,辣椒类,62.203,388.2118,93,12,229.59455,93,6.241046251788498,2.4687586021505377,9,3,0,0,0,0,0,0,0,1,0,0,0,0,1,0,0,0,0
2022-09-08,辣椒类,80.883,451.3848,108,12,240.32998,108,5.580712881569675,2.2252775925925925,9,4,0,0,0,0,0,0,0,1,0,0,0,0,0,1,0,0,0
2022-09-09,辣椒类,156.365,1032.1108,214,13,531.06465,214,6.600651040833945,2.481610514018692,9,5,0,0,0,0,0,0,0,1,0,0,0,0,0,0,1,0,0
2022-09-10,辣椒类,142.777,942.8634000000001,227,13,474.74128,227,6.6037485029101335,2.0913712775330398,9,6,0,0,0,0,0,0,0,1,0,0,0,0,0,0,0,1,0
2022-09-11,辣椒类,83.479,638.0768,156,11,397.92634,156,7.643560655973359,2.5508098717948715,9,7,0,0,0,0,0,0,0,1,0,0,0,0,0,0,0,0,1
2022-09-12,辣椒类,144.6,907.7822,225,11,551.81944,225,6.277885200553251,2.4525308444444445,9,1,0,0,0,0,0,0,0,1,0,0,0,0,0,0,0,0,0
2022-09-13,辣椒类,95.551,679.2414,146,11,367.42394,146,7.108679134702934,2.5166023287671235,9,2,0,0,0,0,0,0,0,1,0,0,0,1,0,0,0,0,0
2022-09-14,辣椒类,63.004,442.8506,96,9,285.2833,96,7.028928322011301,2.9717010416666665,9,3,0,0,0,0,0,0,0,1,0,0,0,0,1,0,0,0,0
2022-09-15,辣椒类,65.775,350.5722,81,11,214.71862,81,5.329870011402508,2.650847160493827,9,4,0,0,0,0,0,0,0,1,0,0,0,0,0,1,0,0,0
2022-09-16,辣椒类,90.163,561.7628,111,12,373.17831,111,6.23052471634706,3.361966756756757,9,5,0,0,0,0,0,0,0,1,0,0,0,0,0,0,1,0,0
2022-09-17,辣椒类,151.062,1070.3822,212,13,692.56875,212,7.085714474851385,3.2668337264150944,9,6,0,0,0,0,0,0,0,1,0,0,0,0,0,0,0,1,0
2022-09-18,辣椒类,154.493,972.6928,205,12,673.92382,205,6.296031535409372,3.287433268292683,9,7,0,0,0,0,0,0,0,1,0,0,0,0,0,0,0,0,1
2022-09-19,辣椒类,37.683,190.1014,44,10,90.61778,44,5.044752275561925,2.059495,9,1,0,0,0,0,0,0,0,1,0,0,0,0,0,0,0,0,0
2022-09-20,辣椒类,63.862,331.5082,68,11,176.53584,68,5.191008737590429,2.5961152941176473,9,2,0,0,0,0,0,0,0,1,0,0,0,1,0,0,0,0,0
2022-09-21,辣椒类,76.458,487.7682,114,11,276.57328,114,6.379557404064976,2.426081403508772,9,3,0,0,0,0,0,0,0,1,0,0,0,0,1,0,0,0,0
2022-09-22,辣椒类,65.801,428.746,96,9,263.52286,96,6.515797632254828,2.7450297916666666,9,4,0,0,0,0,0,0,0,1,0,0,0,0,0,1,0,0,0
2022-09-23,辣椒类,73.708,524.726,115,12,288.70931,115,7.118983014055463,2.510515739130435,9,5,0,0,0,0,0,0,0,1,0,0,0,0,0,0,1,0,0
2022-09-24,辣椒类,181.297,1221.0394000000001,241,12,649.09433,241,6.735022642404453,2.693337468879668,9,6,0,0,0,0,0,0,0,1,0,0,0,0,0,0,0,1,0
2022-09-25,辣椒类,118.323,768.6486,167,13,403.71424,167,6.496189244694607,2.417450538922156,9,7,0,0,0,0,0,0,0,1,0,0,0,0,0,0,0,0,1
2022-09-26,辣椒类,45.723,354.993,75,12,213.02773,75,7.763991864050915,2.840369733333333,9,1,0,0,0,0,0,0,0,1,0,0,0,0,0,0,0,0,0
2022-09-27,辣椒类,53.422,374.3512,81,8,226.7869,81,7.007435139081278,2.7998382716049384,9,2,0,0,0,0,0,0,0,1,0,0,0,1,0,0,0,0,0
2022-09-28,辣椒类,69.753,489.81759999999997,107,11,323.99737,107,7.022172523045604,3.0280128037383176,9,3,0,0,0,0,0,0,0,1,0,0,0,0,1,0,0,0,0
2022-09-29,辣椒类,66.368,424.7934,93,13,259.5647,93,6.400575578592093,2.791018279569893,9,4,0,0,0,0,0,0,0,1,0,0,0,0,0,1,0,0,0
2022-09-30,辣椒类,94.231,591.9566,135,11,372.94434,135,6.281973023739534,2.762550666666667,9,5,0,0,0,0,0,0,0,1,0,0,0,0,0,0,1,0,0
2022-10-01,辣椒类,160.374,1030.266,240,11,639.87537,240,6.424146058588051,2.666147375,10,6,0,0,0,0,0,0,0,0,1,0,0,0,0,0,0,1,0
2022-10-02,辣椒类,162.166,1019.5586000000001,235,11,512.08254,235,6.287129237941369,2.1790746382978723,10,7,0,0,0,0,0,0,0,0,1,0,0,0,0,0,0,0,1
2022-10-03,辣椒类,108.999,755.7082,176,11,376.74964,176,6.933166359324398,2.1406229545454547,10,1,0,0,0,0,0,0,0,0,1,0,0,0,0,0,0,0,0
2022-10-04,辣椒类,108.099,837.41,180,10,433.35358,180,7.7466951590671504,2.407519888888889,10,2,0,0,0,0,0,0,0,0,1,0,0,1,0,0,0,0,0
2022-10-05,辣椒类,162.721,994.2322,241,12,459.79776,241,6.110042342414316,1.9078745228215768,10,3,0,0,0,0,0,0,0,0,1,0,0,0,1,0,0,0,0
2022-10-06,辣椒类,205.677,1219.2714,284,12,513.06649,284,5.928088215989149,1.806572147887324,10,4,0,0,0,0,0,0,0,0,1,0,0,0,0,1,0,0,0
2022-10-07,辣椒类,170.183,1101.6856,276,12,588.34186,276,6.47353495942603,2.1316734057971014,10,5,0,0,0,0,0,0,0,0,1,0,0,0,0,0,1,0,0
2022-10-08,辣椒类,108.422,693.4517999999999,175,9,368.62183,175,6.395858774049547,2.1064104571428572,10,6,0,0,0,0,0,0,0,0,1,0,0,0,0,0,0,1,0
2022-10-09,辣椒类,94.683,623.7018,160,11,318.73106,160,6.587262761002503,1.992069125,10,7,0,0,0,0,0,0,0,0,1,0,0,0,0,0,0,0,1
2022-10-10,辣椒类,120.276,686.8158,172,11,343.14771,172,5.71033123815225,1.9950448255813955,10,1,0,0,0,0,0,0,0,0,1,0,0,0,0,0,0,0,0
2022-10-11,辣椒类,88.298,548.0686,133,12,281.98164,133,6.207033001879997,2.1201627067669175,10,2,0,0,0,0,0,0,0,0,1,0,0,1,0,0,0,0,0
2022-10-12,辣椒类,72.592,484.7104,114,11,257.63494000000003,114,6.6771875688781135,2.259955614035088,10,3,0,0,0,0,0,0,0,0,1,0,0,0,1,0,0,0,0
2022-10-13,辣椒类,71.46,429.6736,111,9,226.29092,111,6.012784774699133,2.038656936936937,10,4,0,0,0,0,0,0,0,0,1,0,0,0,0,1,0,0,0
2022-10-14,辣椒类,45.262,281.9712,74,8,165.77926000000002,74,6.2297556449118465,2.2402602702702707,10,5,0,0,0,0,0,0,0,0,1,0,0,0,0,0,1,0,0
2022-10-15,辣椒类,186.728,1102.1426000000001,290,11,631.2425900000001,290,5.90239599845765,2.176698586206897,10,6,0,0,0,0,0,0,0,0,1,0,0,0,0,0,0,1,0
2022-10-16,辣椒类,154.909,934.567,248,10,580.57721,248,6.033006474769058,2.3410371370967744,10,7,0,0,0,0,0,0,0,0,1,0,0,0,0,0,0,0,1
2022-10-17,辣椒类,92.662,573.0062,151,10,338.71885,151,6.1838315598627265,2.24317119205298,10,1,0,0,0,0,0,0,0,0,1,0,0,0,0,0,0,0,0
2022-10-18,辣椒类,120.975,697.4718,184,7,410.31293999999997,184,5.765420954742716,2.2299616304347825,10,2,0,0,0,0,0,0,0,0,1,0,0,1,0,0,0,0,0
2022-10-19,辣椒类,70.132,424.4184,118,6,244.70804,118,6.0517082073803685,2.0737969491525425,10,3,0,0,0,0,0,0,0,0,1,0,0,0,1,0,0,0,0
2022-10-20,辣椒类,79.947,444.3576,117,9,232.51391,117,5.558152275882772,1.9872983760683762,10,4,0,0,0,0,0,0,0,0,1,0,0,0,0,1,0,0,0
2022-10-21,辣椒类,384.685,2524.6578,595,11,1520.56797,595,6.56292239104722,2.5555764201680673,10,5,0,0,0,0,0,0,0,0,1,0,0,0,0,0,1,0,0
2022-10-22,辣椒类,155.908,804.1622,203,9,367.92111,203,5.157927752264156,1.8124192610837437,10,6,0,0,0,0,0,0,0,0,1,0,0,0,0,0,0,1,0
2022-10-23,辣椒类,138.434,812.8202,214,11,432.87674999999996,214,5.871535894361212,2.022788551401869,10,7,0,0,0,0,0,0,0,0,1,0,0,0,0,0,0,0,1
2022-10-24,辣椒类,61.345,340.7242,90,11,189.0184,90,5.554229358545928,2.1002044444444445,10,1,0,0,0,0,0,0,0,0,1,0,0,0,0,0,0,0,0
2022-10-25,辣椒类,92.93299999999999,461.4116,127,9,246.31148,127,4.964991983471965,1.9394604724409448,10,2,0,0,0,0,0,0,0,0,1,0,0,1,0,0,0,0,0
2022-10-26,辣椒类,77.887,443.7582,117,9,250.31184000000002,117,5.697461707345257,2.1394174358974363,10,3,0,0,0,0,0,0,0,0,1,0,0,0,1,0,0,0,0
2022-10-27,辣椒类,80.81,432.4488,122,9,239.39699000000002,122,5.351426803613414,1.9622704098360657,10,4,0,0,0,0,0,0,0,0,1,0,0,0,0,1,0,0,0
2022-10-28,辣椒类,104.47,578.718,153,10,313.22,153,5.5395615966306115,2.04718954248366,10,5,0,0,0,0,0,0,0,0,1,0,0,0,0,0,1,0,0
2022-10-29,辣椒类,147.757,753.239,240,11,455.63914,240,5.097822776585881,1.8984964166666667,10,6,0,0,0,0,0,0,0,0,1,0,0,0,0,0,0,1,0
2022-10-30,辣椒类,175.897,893.1892,265,13,496.3372,265,5.077910367999455,1.8729705660377358,10,7,0,0,0,0,0,0,0,0,1,0,0,0,0,0,0,0,1
2022-10-31,辣椒类,72.714,384.2556,116,11,245.37794,116,5.284478917402426,2.115327068965517,10,1,0,0,0,0,0,0,0,0,1,0,0,0,0,0,0,0,0
2022-11-01,辣椒类,69.963,353.9304,110,10,221.0352,110,5.058822520475109,2.009410909090909,11,2,0,0,0,0,0,0,0,0,0,1,0,1,0,0,0,0,0
2022-11-03,辣椒类,98.627,477.1528,141,12,270.32158,141,4.837953096008193,1.9171743262411347,11,4,0,0,0,0,0,0,0,0,0,1,0,0,0,1,0,0,0
2022-11-05,辣椒类,134.064,650.499,196,12,341.39108,196,4.852152703186539,1.741791224489796,11,6,0,0,0,0,0,0,0,0,0,1,0,0,0,0,0,1,0
2022-11-06,辣椒类,127.972,567.6676,194,10,338.60812,194,4.43587347232207,1.745402680412371,11,7,0,0,0,0,0,0,0,0,0,1,0,0,0,0,0,0,1
2022-11-07,辣椒类,90.169,402.7212,134,11,233.32202,134,4.4662932937040445,1.741209104477612,11,1,0,0,0,0,0,0,0,0,0,1,0,0,0,0,0,0,0
2022-11-08,辣椒类,65.122,330.1596,114,11,209.13976,114,5.069862719203956,1.834559298245614,11,2,0,0,0,0,0,0,0,0,0,1,0,1,0,0,0,0,0
2022-11-09,辣椒类,62.307,284.5386,98,11,164.46266,98,4.566719630218113,1.6781904081632653,11,3,0,0,0,0,0,0,0,0,0,1,0,0,1,0,0,0,0
2022-11-10,辣椒类,76.752,321.9314,116,10,184.18023,116,4.194436627058579,1.5877606034482759,11,4,0,0,0,0,0,0,0,0,0,1,0,0,0,1,0,0,0
2022-11-11,辣椒类,115.936,491.712,175,11,270.27788,175,4.241236544300303,1.5444450285714284,11,5,0,0,0,0,0,0,0,0,0,1,0,0,0,0,1,0,0
2022-11-12,辣椒类,182.729,723.527,270,11,353.67914,270,3.9595630688068124,1.3099227407407408,11,6,0,0,0,0,0,0,0,0,0,1,0,0,0,0,0,1,0
2022-11-13,辣椒类,176.718,737.2246,255,10,333.61508,255,4.171757262983964,1.3082944313725489,11,7,0,0,0,0,0,0,0,0,0,1,0,0,0,0,0,0,1
2022-11-14,辣椒类,88.778,364.1666,136,10,137.07871,136,4.10199148437676,1.0079316911764706,11,1,0,0,0,0,0,0,0,0,0,1,0,0,0,0,0,0,0
2022-11-15,辣椒类,85.631,377.3064,133,10,160.65994,133,4.4061893473158085,1.2079694736842106,11,2,0,0,0,0,0,0,0,0,0,1,0,1,0,0,0,0,0
2022-11-16,辣椒类,98.22,401.8734,135,10,176.08306000000002,135,4.091563836285889,1.304318962962963,11,3,0,0,0,0,0,0,0,0,0,1,0,0,1,0,0,0,0
2022-11-17,辣椒类,87.401,359.2738,133,9,170.12344000000002,133,4.110637178064325,1.2791236090225566,11,4,0,0,0,0,0,0,0,0,0,1,0,0,0,1,0,0,0
2022-11-18,辣椒类,202.361,783.5536,299,10,349.95414,299,3.8720583511645033,1.1704151839464882,11,5,0,0,0,0,0,0,0,0,0,1,0,0,0,0,1,0,0
2022-11-19,辣椒类,423.76800000000003,1652.5858,620,12,756.88365,620,3.899741839874648,1.2207800806451612,11,6,0,0,0,0,0,0,0,0,0,1,0,0,0,0,0,1,0
2022-11-20,辣椒类,198.627,771.0122,285,8,339.53234,285,3.881708931816923,1.191341543859649,11,7,0,0,0,0,0,0,0,0,0,1,0,0,0,0,0,0,1
2022-11-21,辣椒类,350.422,1506.7628,559,14,671.95012,559,4.299852178230818,1.2020574597495528,11,1,0,0,0,0,0,0,0,0,0,1,0,0,0,0,0,0,0
2022-11-22,辣椒类,82.219,332.4532,102,7,116.81955,102,4.043508191537236,1.145289705882353,11,2,0,0,0,0,0,0,0,0,0,1,0,1,0,0,0,0,0
2022-11-23,辣椒类,98.441,409.3136,127,9,140.37189,127,4.157958574171331,1.105290472440945,11,3,0,0,0,0,0,0,0,0,0,1,0,0,1,0,0,0,0
2022-11-24,辣椒类,105.612,429.1026,134,9,139.03138,134,4.063009885240314,1.0375476119402987,11,4,0,0,0,0,0,0,0,0,0,1,0,0,0,1,0,0,0
2022-11-25,辣椒类,103.304,434.2372,136,9,147.2988,136,4.203488732285294,1.0830794117647058,11,5,0,0,0,0,0,0,0,0,0,1,0,0,0,0,1,0,0
2022-11-26,辣椒类,89.276,388.2042,119,9,126.70336,119,4.348360141583405,1.0647341176470588,11,6,0,0,0,0,0,0,0,0,0,1,0,0,0,0,0,1,0
2022-11-27,辣椒类,17.031,62.924,19,4,24.63091,19,3.6946744172391526,1.2963636842105264,11,7,0,0,0,0,0,0,0,0,0,1,0,0,0,0,0,0,1
2022-11-28,辣椒类,13.451,52.403999999999996,15,3,25.48475,15,3.895918519069214,1.6989833333333333,11,1,0,0,0,0,0,0,0,0,0,1,0,0,0,0,0,0,0
2022-11-29,辣椒类,6.066,24.064,7,2,12.61246,7,3.9670293438839432,1.8017800000000002,11,2,0,0,0,0,0,0,0,0,0,1,0,1,0,0,0,0,0
2022-12-04,辣椒类,52.403999999999996,197.79919999999998,54,6,61.66368,54,3.774505762918861,1.14192,12,7,0,0,0,0,0,0,0,0,0,0,1,0,0,0,0,0,1
2022-12-05,辣椒类,109.228,434.9448,151,8,153.38028,151,3.9819899659427986,1.0157634437086092,12,1,0,0,0,0,0,0,0,0,0,0,1,0,0,0,0,0,0
2022-12-06,辣椒类,93.761,372.305,150,7,129.49705,150,3.970787427608494,0.8633136666666666,12,2,0,0,0,0,0,0,0,0,0,0,1,1,0,0,0,0,0
2022-12-07,辣椒类,82.55,269.23220000000003,135,5,116.09182,135,3.2614439733494858,0.8599394074074074,12,3,0,0,0,0,0,0,0,0,0,0,1,0,1,0,0,0,0
2022-12-08,辣椒类,131.273,454.1736,169,8,144.41863999999998,169,3.459764003260381,0.8545481656804733,12,4,0,0,0,0,0,0,0,0,0,0,1,0,0,1,0,0,0
2022-12-09,辣椒类,99.447,353.8304,129,8,130.04566,129,3.5579796273391855,1.0081058914728682,12,5,0,0,0,0,0,0,0,0,0,0,1,0,0,0,1,0,0
2022-12-10,辣椒类,155.982,589.5038,218,9,222.61476,218,3.7793065866574347,1.021168623853211,12,6,0,0,0,0,0,0,0,0,0,0,1,0,0,0,0,1,0
2022-12-11,辣椒类,169.695,590.1558,219,9,220.98088,219,3.4777441881021836,1.0090451141552512,12,7,0,0,0,0,0,0,0,0,0,0,1,0,0,0,0,0,1
2022-12-12,辣椒类,88.205,318.443,122,8,118.52105,122,3.6102601893316706,0.9714840163934426,12,1,0,0,0,0,0,0,0,0,0,0,1,0,0,0,0,0,0
2022-12-13,辣椒类,93.872,346.141,134,9,136.41105,134,3.6873721663541845,1.0179929104477612,12,2,0,0,0,0,0,0,0,0,0,0,1,1,0,0,0,0,0
2022-12-14,辣椒类,93.198,346.2038,129,9,125.01474,129,3.7147127620764397,0.969106511627907,12,3,0,0,0,0,0,0,0,0,0,0,1,0,1,0,0,0,0
2022-12-15,辣椒类,144.972,510.8136,180,10,174.69324,180,3.5235328201307836,0.970518,12,4,0,0,0,0,0,0,0,0,0,0,1,0,0,1,0,0,0
2022-12-16,辣椒类,147.869,532.4316,190,9,177.56058,190,3.6006979150464264,0.9345293684210526,12,5,0,0,0,0,0,0,0,0,0,0,1,0,0,0,1,0,0
2022-12-17,辣椒类,153.757,596.0876000000001,223,10,213.63342,223,3.8768160148806237,0.957997399103139,12,6,0,0,0,0,0,0,0,0,0,0,1,0,0,0,0,1,0
2022-12-18,辣椒类,123.469,431.1906,178,8,156.15533,178,3.492298471681151,0.8772771348314606,12,7,0,0,0,0,0,0,0,0,0,0,1,0,0,0,0,0,1
2022-12-19,辣椒类,93.288,318.6576,136,6,120.59598,136,3.415847697453049,0.8867351470588235,12,1,0,0,0,0,0,0,0,0,0,0,1,0,0,0,0,0,0
2022-12-20,辣椒类,87.82,321.3694,127,8,123.63466,127,3.659410157139604,0.9735012598425197,12,2,0,0,0,0,0,0,0,0,0,0,1,1,0,0,0,0,0
2022-12-21,辣椒类,132.998,484.1908,189,11,189.31107,189,3.6405870764973915,1.001645873015873,12,3,0,0,0,0,0,0,0,0,0,0,1,0,1,0,0,0,0
2022-12-22,辣椒类,93.949,323.8186,131,9,131.67878,131,3.4467487679485678,1.0051815267175572,12,4,0,0,0,0,0,0,0,0,0,0,1,0,0,1,0,0,0
2022-12-23,辣椒类,81.649,267.3768,117,8,96.61012,117,3.2747100393146273,0.8257275213675214,12,5,0,0,0,0,0,0,0,0,0,0,1,0,0,0,1,0,0
2022-12-24,辣椒类,108.564,354.58,157,9,130.45293,157,3.266091890497771,0.8309103821656052,12,6,0,0,0,0,0,0,0,0,0,0,1,0,0,0,0,1,0
2022-12-25,辣椒类,165.418,549.6066,229,10,239.89177,229,3.322532009817553,1.0475623144104804,12,7,0,0,0,0,0,0,0,0,0,0,1,0,0,0,0,0,1
2022-12-26,辣椒类,102.691,350.2574,155,9,146.97884,155,3.410789650504913,0.9482505806451612,12,1,0,0,0,0,0,0,0,0,0,0,1,0,0,0,0,0,0
2022-12-27,辣椒类,115.716,394.6548,165,9,155.72021999999998,165,3.4105465104220682,0.943758909090909,12,2,0,0,0,0,0,0,0,0,0,0,1,1,0,0,0,0,0
2022-12-28,辣椒类,96.953,346.606,139,10,133.89634,139,3.5749899435809103,0.9632830215827339,12,3,0,0,0,0,0,0,0,0,0,0,1,0,1,0,0,0,0
2022-12-29,辣椒类,123.853,438.956,165,11,155.107,165,3.5441692974736183,0.9400424242424242,12,4,0,0,0,0,0,0,0,0,0,0,1,0,0,1,0,0,0
2022-12-30,辣椒类,112.877,423.166,164,10,172.67686,164,3.748912533111263,1.0529076829268293,12,5,0,0,0,0,0,0,0,0,0,0,1,0,0,0,1,0,0
2022-12-31,辣椒类,185.71,652.447,234,10,267.92767,234,3.513257229012977,1.1449900427350426,12,6,0,0,0,0,0,0,0,0,0,0,1,0,0,0,0,1,0
2023-01-01,辣椒类,165.426,616.2768,211,10,270.39749,211,3.725392622683254,1.2815046919431279,1,7,0,0,0,0,0,0,0,0,0,0,0,0,0,0,0,0,1
2023-01-02,辣椒类,146.451,570.131,202,12,286.25396,202,3.8929812701859325,1.4170988118811882,1,1,0,0,0,0,0,0,0,0,0,0,0,0,0,0,0,0,0
2023-01-03,辣椒类,109.134,471.084,156,12,208.63084,156,4.316564956842047,1.3373771794871796,1,2,0,0,0,0,0,0,0,0,0,0,0,1,0,0,0,0,0
2023-01-04,辣椒类,92.447,405.842,126,11,217.6116,126,4.38999643038714,1.7270761904761907,1,3,0,0,0,0,0,0,0,0,0,0,0,0,1,0,0,0,0
2023-01-05,辣椒类,97.643,485.8558,131,11,198.14852,131,4.975838513769548,1.5125841221374046,1,4,0,0,0,0,0,0,0,0,0,0,0,0,0,1,0,0,0
2023-01-06,辣椒类,89.53,489.5448,140,12,226.03265,140,5.467941472132246,1.6145189285714285,1,5,0,0,0,0,0,0,0,0,0,0,0,0,0,0,1,0,0
2023-01-07,辣椒类,105.103,537.6126,149,12,278.62789,149,5.115102328192346,1.8699858389261743,1,6,0,0,0,0,0,0,0,0,0,0,0,0,0,0,0,1,0
2023-01-08,辣椒类,122.983,716.3418,181,14,356.62692,181,5.824722116064822,1.9703144751381214,1,7,0,0,0,0,0,0,0,0,0,0,0,0,0,0,0,0,1
2023-01-09,辣椒类,90.474,531.856,140,12,290.4559,140,5.878550743860115,2.074685,1,1,0,0,0,0,0,0,0,0,0,0,0,0,0,0,0,0,0
2023-01-10,辣椒类,99.288,552.1376,148,11,314.52567,148,5.560970107163001,2.1251734459459457,1,2,0,0,0,0,0,0,0,0,0,0,0,1,0,0,0,0,0
2023-01-11,辣椒类,105.855,597.1622,157,13,337.23113,157,5.641322563884558,2.14796898089172,1,3,0,0,0,0,0,0,0,0,0,0,0,0,1,0,0,0,0
2023-01-12,辣椒类,102.669,638.6498,160,15,374.51969,160,6.2204735606658295,2.3407480625000003,1,4,0,0,0,0,0,0,0,0,0,0,0,0,0,1,0,0,0
2023-01-13,辣椒类,131.222,791.3572,186,14,424.77759,186,6.0306747344195335,2.2837504838709677,1,5,0,0,0,0,0,0,0,0,0,0,0,0,0,0,1,0,0
2023-01-14,辣椒类,195.544,1408.5072,318,18,753.89593,318,7.2030192693204595,2.370741918238994,1,6,0,0,0,0,0,0,0,0,0,0,0,0,0,0,0,1,0
2023-01-15,辣椒类,150.044,1041.945,240,17,564.71973,240,6.944263016181919,2.352998875,1,7,0,0,0,0,0,0,0,0,0,0,0,0,0,0,0,0,1
2023-01-16,辣椒类,118.081,1127.0328,226,16,651.06686,226,9.544573640128386,2.8808268141592923,1,1,0,0,0,0,0,0,0,0,0,0,0,0,0,0,0,0,0
2023-01-17,辣椒类,116.137,1231.3638,230,15,713.93776,230,10.602683038135995,3.1040772173913043,1,2,0,0,0,0,0,0,0,0,0,0,0,1,0,0,0,0,0
2023-01-18,辣椒类,218.267,2625.645,459,16,1599.06548,459,12.029509728910005,3.483802788671024,1,3,0,0,0,0,0,0,0,0,0,0,0,0,1,0,0,0,0
2023-01-19,辣椒类,350.275,4398.7011999999995,744,17,2768.76181,744,12.557850831489544,3.7214540456989247,1,4,0,0,0,0,0,0,0,0,0,0,0,0,0,1,0,0,0
2023-01-20,辣椒类,604.231,6036.3912,1140,15,3416.16192,1140,9.990204408578839,2.9966332631578947,1,5,0,0,0,0,0,0,0,0,0,0,0,0,0,0,1,0,0
2023-01-22,辣椒类,91.232,753.4644,172,10,397.80576,172,8.25877323746054,2.312824186046512,1,7,0,0,0,0,0,0,0,0,0,0,0,0,0,0,0,0,1
2023-01-23,辣椒类,124.14,998.1356,246,10,526.61529,246,8.040402771064926,2.1407125609756097,1,1,0,0,0,0,0,0,0,0,0,0,0,0,0,0,0,0,0
2023-01-24,辣椒类,181.951,1615.442,369,8,761.84046,369,8.878445295711483,2.064608292682927,1,2,0,0,0,0,0,0,0,0,0,0,0,1,0,0,0,0,0
2023-01-25,辣椒类,140.698,1486.757,328,9,933.0684699999999,328,10.567008770558218,2.844720945121951,1,3,0,0,0,0,0,0,0,0,0,0,0,0,1,0,0,0,0
2023-01-26,辣椒类,224.705,2134.501,420,12,1116.33488,420,9.499125520126388,2.657940190476191,1,4,0,0,0,0,0,0,0,0,0,0,0,0,0,1,0,0,0
2023-01-27,辣椒类,282.492,2050.9072,454,18,951.9173900000001,454,7.260054090027328,2.0967343392070488,1,5,0,0,0,0,0,0,0,0,0,0,0,0,0,0,1,0,0
2023-01-28,辣椒类,246.343,1553.0586,349,14,793.38035,349,6.3044559821062505,2.2732961318051577,1,6,0,0,0,0,0,0,0,0,0,0,0,0,0,0,0,1,0
2023-01-29,辣椒类,193.121,1254.4296,270,13,643.9709,270,6.495562885444876,2.3850774074074077,1,7,0,0,0,0,0,0,0,0,0,0,0,0,0,0,0,0,1
2023-01-30,辣椒类,151.832,1035.0452,237,13,564.18352,237,6.817042520680753,2.3805211814345992,1,1,0,0,0,0,0,0,0,0,0,0,0,0,0,0,0,0,0
2023-01-31,辣椒类,153.934,985.6484,210,12,525.51916,210,6.4030584536229815,2.502472190476191,1,2,0,0,0,0,0,0,0,0,0,0,0,1,0,0,0,0,0
2023-02-01,辣椒类,123.909,771.7760000000001,167,10,441.50095,167,6.228570967403498,2.643718263473054,2,3,1,0,0,0,0,0,0,0,0,0,0,0,1,0,0,0,0
2023-02-02,辣椒类,130.179,890.2842,187,12,535.68049,187,6.838923328647478,2.864601550802139,2,4,1,0,0,0,0,0,0,0,0,0,0,0,0,1,0,0,0
2023-02-03,辣椒类,176.996,1181.106,255,10,690.83458,255,6.6730660579900105,2.709155215686274,2,5,1,0,0,0,0,0,0,0,0,0,0,0,0,0,1,0,0
2023-02-04,辣椒类,221.787,1530.7658000000001,341,13,878.80705,341,6.901963595702183,2.5771467741935483,2,6,1,0,0,0,0,0,0,0,0,0,0,0,0,0,0,1,0
2023-02-05,辣椒类,133.199,1140.0584000000001,246,13,688.40073,246,8.55906125421362,2.798376951219512,2,7,1,0,0,0,0,0,0,0,0,0,0,0,0,0,0,0,1
2023-02-06,辣椒类,81.363,531.7554,121,11,281.0749,121,6.535592345414992,2.3229330578512397,2,1,1,0,0,0,0,0,0,0,0,0,0,0,0,0,0,0,0
2023-02-07,辣椒类,92.942,624.2842,152,10,371.02567,152,6.7169223817004164,2.4409583552631577,2,2,1,0,0,0,0,0,0,0,0,0,0,1,0,0,0,0,0
2023-02-08,辣椒类,85.975,556.097,127,12,296.15947,127,6.468124454783368,2.3319643307086615,2,3,1,0,0,0,0,0,0,0,0,0,0,0,1,0,0,0,0
2023-02-09,辣椒类,131.698,845.6744,205,11,429.27168,205,6.421315433795502,2.094008195121951,2,4,1,0,0,0,0,0,0,0,0,0,0,0,0,1,0,0,0
2023-02-10,辣椒类,114.936,749.9406,180,12,384.19928,180,6.52485383169764,2.1344404444444445,2,5,1,0,0,0,0,0,0,0,0,0,0,0,0,0,1,0,0
2023-02-11,辣椒类,164.9,1042.9868,260,12,532.40191,260,6.324965433596118,2.047699653846154,2,6,1,0,0,0,0,0,0,0,0,0,0,0,0,0,0,1,0
2023-02-12,辣椒类,153.806,1131.76,289,13,650.10593,289,7.358360532098877,2.249501487889273,2,7,1,0,0,0,0,0,0,0,0,0,0,0,0,0,0,0,1
2023-02-13,辣椒类,104.056,639.709,167,13,352.81190999999995,167,6.147737756592604,2.1126461676646704,2,1,1,0,0,0,0,0,0,0,0,0,0,0,0,0,0,0,0
2023-02-14,辣椒类,108.672,632.6418,150,10,333.62204,150,5.821571333922262,2.2241469333333335,2,2,1,0,0,0,0,0,0,0,0,0,0,1,0,0,0,0,0
2023-02-15,辣椒类,105.647,627.5458,157,9,324.32913,157,5.9400247995683735,2.0657906369426753,2,3,1,0,0,0,0,0,0,0,0,0,0,0,1,0,0,0,0
2023-02-16,辣椒类,96.718,597.669,140,12,321.50522,140,6.179501230381107,2.296465857142857,2,4,1,0,0,0,0,0,0,0,0,0,0,0,0,1,0,0,0
2023-02-17,辣椒类,121.911,700.9126,171,11,366.33969,171,5.749379465347672,2.1423373684210527,2,5,1,0,0,0,0,0,0,0,0,0,0,0,0,0,1,0,0
2023-02-18,辣椒类,176.095,1056.0938,245,10,544.54264,245,5.997295777847185,2.222623020408163,2,6,1,0,0,0,0,0,0,0,0,0,0,0,0,0,0,1,0
2023-02-19,辣椒类,157.793,943.13,211,9,522.28906,211,5.9770078520593435,2.4753036018957344,2,7,1,0,0,0,0,0,0,0,0,0,0,0,0,0,0,0,1
2023-02-20,辣椒类,46.567,364.11,77,8,217.45643,77,7.819056413339919,2.8241094805194806,2,1,1,0,0,0,0,0,0,0,0,0,0,0,0,0,0,0,0
2023-02-21,辣椒类,89.605,602.576,139,10,354.91668000000004,139,6.7248033033870875,2.5533574100719427,2,2,1,0,0,0,0,0,0,0,0,0,0,1,0,0,0,0,0
2023-02-22,辣椒类,70.707,559.332,125,11,339.59751,125,7.910560481989054,2.71678008,2,3,1,0,0,0,0,0,0,0,0,0,0,0,1,0,0,0,0
2023-02-23,辣椒类,91.565,615.5454,138,11,398.15014,138,6.722496587123901,2.8851459420289856,2,4,1,0,0,0,0,0,0,0,0,0,0,0,0,1,0,0,0
2023-02-24,辣椒类,123.493,829.4929999999999,183,10,510.40177,183,6.716923226417691,2.7890807103825135,2,5,1,0,0,0,0,0,0,0,0,0,0,0,0,0,1,0,0
2023-02-25,辣椒类,156.121,1091.102,240,12,664.6416800000001,240,6.9888227720806295,2.7693403333333335,2,6,1,0,0,0,0,0,0,0,0,0,0,0,0,0,0,1,0
2023-02-26,辣椒类,122.524,950.8106,196,11,601.8068999999999,196,7.760198818190722,3.0704433673469382,2,7,1,0,0,0,0,0,0,0,0,0,0,0,0,0,0,0,1
2023-02-27,辣椒类,77.558,598.8074,124,13,390.38155,124,7.7207689728977025,3.148238306451613,2,1,1,0,0,0,0,0,0,0,0,0,0,0,0,0,0,0,0
2023-02-28,辣椒类,89.096,610.3714,135,10,414.06753,135,6.8507160815300345,3.0671668888888886,2,2,1,0,0,0,0,0,0,0,0,0,0,1,0,0,0,0,0
2023-03-01,辣椒类,92.615,642.7032,135,11,426.47215,135,6.939515197322248,3.159052962962963,3,3,0,1,0,0,0,0,0,0,0,0,0,0,1,0,0,0,0
2023-03-02,辣椒类,86.915,615.4774,134,10,371.89021,134,7.0813714548697,2.7753000746268657,3,4,0,1,0,0,0,0,0,0,0,0,0,0,0,1,0,0,0
2023-03-03,辣椒类,100.93299999999999,726.6062,148,10,474.21491,148,7.198896297543915,3.204154797297297,3,5,0,1,0,0,0,0,0,0,0,0,0,0,0,0,1,0,0
2023-03-04,辣椒类,131.794,1108.1586,220,12,723.15698,220,8.408262895124208,3.287077181818182,3,6,0,1,0,0,0,0,0,0,0,0,0,0,0,0,0,1,0
2023-03-05,辣椒类,125.758,887.83,192,10,586.44068,192,7.05982919575693,3.054378541666667,3,7,0,1,0,0,0,0,0,0,0,0,0,0,0,0,0,0,1
2023-03-06,辣椒类,89.352,602.874,131,11,390.55051000000003,131,6.747179693795326,2.9813016030534354,3,1,0,1,0,0,0,0,0,0,0,0,0,0,0,0,0,0,0
2023-03-07,辣椒类,94.54,588.8988,131,10,374.16044,131,6.229096678654538,2.8561865648854963,3,2,0,1,0,0,0,0,0,0,0,0,0,1,0,0,0,0,0
2023-03-08,辣椒类,96.958,620.052,138,11,428.92658,138,6.395057653829493,3.108163623188406,3,3,0,1,0,0,0,0,0,0,0,0,0,0,1,0,0,0,0
2023-03-09,辣椒类,79.852,488.274,112,11,363.73513,112,6.114737263938285,3.2476350892857146,3,4,0,1,0,0,0,0,0,0,0,0,0,0,0,1,0,0,0
2023-03-10,辣椒类,129.47,794.7976,172,10,547.0844099999999,172,6.138855333281842,3.180723313953488,3,5,0,1,0,0,0,0,0,0,0,0,0,0,0,0,1,0,0
2023-03-11,辣椒类,163.675,920.5364,214,10,675.06197,214,5.624172292653123,3.154495186915888,3,6,0,1,0,0,0,0,0,0,0,0,0,0,0,0,0,1,0
2023-03-12,辣椒类,154.411,1118.498,239,9,791.71792,239,7.243641968512606,3.3126272803347283,3,7,0,1,0,0,0,0,0,0,0,0,0,0,0,0,0,0,1
2023-03-13,辣椒类,92.957,635.962,130,11,428.52125,130,6.841464332971159,3.296317307692308,3,1,0,1,0,0,0,0,0,0,0,0,0,0,0,0,0,0,0
2023-03-14,辣椒类,91.067,634.9788,131,11,405.51412,131,6.972655297747813,3.0955276335877864,3,2,0,1,0,0,0,0,0,0,0,0,0,1,0,0,0,0,0
2023-03-15,辣椒类,90.56099999999999,737.5112,141,9,407.87118,141,8.143805832532768,2.892703404255319,3,3,0,1,0,0,0,0,0,0,0,0,0,0,1,0,0,0,0
2023-03-16,辣椒类,93.724,738.198,133,9,422.14504,133,7.876296359523708,3.174022857142857,3,4,0,1,0,0,0,0,0,0,0,0,0,0,0,1,0,0,0
2023-03-17,辣椒类,144.456,1117.7716,237,9,708.54772,237,7.7377997452511496,2.9896528270042193,3,5,0,1,0,0,0,0,0,0,0,0,0,0,0,0,1,0,0
2023-03-18,辣椒类,179.58,1327.6498,254,9,758.78653,254,7.393082748635704,2.9873485433070863,3,6,0,1,0,0,0,0,0,0,0,0,0,0,0,0,0,1,0
2023-03-19,辣椒类,166.411,1191.344,234,8,686.04125,234,7.159045976527994,2.9318002136752135,3,7,0,1,0,0,0,0,0,0,0,0,0,0,0,0,0,0,1
2023-03-20,辣椒类,110.56099999999999,836.81,173,8,449.08551,173,7.568762945342391,2.59587,3,1,0,1,0,0,0,0,0,0,0,0,0,0,0,0,0,0,0
2023-03-21,辣椒类,103.786,746.2438,162,8,436.10429,162,7.190216406837145,2.6920017901234568,3,2,0,1,0,0,0,0,0,0,0,0,0,1,0,0,0,0,0
2023-03-22,辣椒类,114.767,768.6186,190,9,482.75629,190,6.69720912805946,2.540822578947368,3,3,0,1,0,0,0,0,0,0,0,0,0,0,1,0,0,0,0
2023-03-23,辣椒类,76.06700000000001,542.4666,132,10,409.99281,132,7.131431501176594,3.1060061363636366,3,4,0,1,0,0,0,0,0,0,0,0,0,0,0,1,0,0,0
2023-03-24,辣椒类,127.308,857.6064,212,10,558.61352,212,6.736469035724385,2.6349694339622642,3,5,0,1,0,0,0,0,0,0,0,0,0,0,0,0,1,0,0
2023-03-25,辣椒类,165.864,1151.1592,252,10,705.79576,252,6.940380070419138,2.8007768253968255,3,6,0,1,0,0,0,0,0,0,0,0,0,0,0,0,0,1,0
2023-03-26,辣椒类,149.458,1032.632,251,10,652.148,251,6.9091784983072175,2.598199203187251,3,7,0,1,0,0,0,0,0,0,0,0,0,0,0,0,0,0,1
2023-03-27,辣椒类,78.058,549.8192,128,8,348.64979999999997,128,7.043726459811935,2.7238265624999998,3,1,0,1,0,0,0,0,0,0,0,0,0,0,0,0,0,0,0
2023-03-28,辣椒类,69.608,509.8272,112,9,335.75065,112,7.3242615791288355,2.997773660714286,3,2,0,1,0,0,0,0,0,0,0,0,0,1,0,0,0,0,0
2023-03-29,辣椒类,83.09,618.9856,141,9,412.6151,141,7.4495799735226855,2.9263482269503545,3,3,0,1,0,0,0,0,0,0,0,0,0,0,1,0,0,0,0
2023-03-30,辣椒类,63.144,433.2496,99,11,271.39353,99,6.861294818193336,2.741348787878788,3,4,0,1,0,0,0,0,0,0,0,0,0,0,0,1,0,0,0
2023-03-31,辣椒类,111.956,734.6418,176,12,487.22162,176,6.5618796670120405,2.768304659090909,3,5,0,1,0,0,0,0,0,0,0,0,0,0,0,0,1,0,0
2023-04-01,辣椒类,132.37,805.1782,201,12,550.90902,201,6.082784618871345,2.740840895522388,4,6,0,0,1,0,0,0,0,0,0,0,0,0,0,0,0,1,0
2023-04-02,辣椒类,151.279,928.9531999999999,240,11,633.1219,240,6.140661955724191,2.6380079166666666,4,7,0,0,1,0,0,0,0,0,0,0,0,0,0,0,0,0,1
2023-04-03,辣椒类,94.627,542.6758,143,9,367.19096,143,5.734893846365202,2.567768951048951,4,1,0,0,1,0,0,0,0,0,0,0,0,0,0,0,0,0,0
2023-04-04,辣椒类,101.552,573.2494,158,9,402.91744,158,5.644885378919175,2.5501103797468354,4,2,0,0,1,0,0,0,0,0,0,0,0,1,0,0,0,0,0
2023-04-05,辣椒类,130.304,769.7732,193,9,527.73946,193,5.907517804518664,2.7344013471502593,4,3,0,0,1,0,0,0,0,0,0,0,0,0,1,0,0,0,0
2023-04-06,辣椒类,87.473,556.6626,141,10,362.74879000000004,141,6.363821979353629,2.5726864539007095,4,4,0,0,1,0,0,0,0,0,0,0,0,0,0,1,0,0,0
2023-04-07,辣椒类,74.645,478.03819999999996,127,10,320.76275,127,6.404155670172148,2.5256909448818896,4,5,0,0,1,0,0,0,0,0,0,0,0,0,0,0,1,0,0
2023-04-08,辣椒类,114.92,717.043,184,10,484.09785999999997,184,6.239497041420118,2.6309666304347825,4,6,0,0,1,0,0,0,0,0,0,0,0,0,0,0,0,1,0
2023-04-09,辣椒类,102.82,713.3182,177,10,478.15485,177,6.937543279517604,2.7014398305084746,4,7,0,0,1,0,0,0,0,0,0,0,0,0,0,0,0,0,1
2023-04-10,辣椒类,49.788,360.98900000000003,92,9,243.96876,92,7.250522214188159,2.651834347826087,4,1,0,0,1,0,0,0,0,0,0,0,0,0,0,0,0,0,0
2023-04-11,辣椒类,66.563,474.1014,115,11,316.12276,115,7.122596637771735,2.7488935652173914,4,2,0,0,1,0,0,0,0,0,0,0,0,1,0,0,0,0,0
2023-04-12,辣椒类,67.989,459.79,113,11,290.64807,113,6.76271161511421,2.572106814159292,4,3,0,0,1,0,0,0,0,0,0,0,0,0,1,0,0,0,0
2023-04-13,辣椒类,67.685,486.9362,110,12,290.30613,110,7.19415232326217,2.6391466363636362,4,4,0,0,1,0,0,0,0,0,0,0,0,0,0,1,0,0,0
2023-04-14,辣椒类,66.651,514.7564,118,9,311.4575,118,7.723160942821563,2.6394703389830507,4,5,0,0,1,0,0,0,0,0,0,0,0,0,0,0,1,0,0
2023-04-15,辣椒类,124.985,819.006,182,10,505.76448,182,6.552834340120814,2.778925714285714,4,6,0,0,1,0,0,0,0,0,0,0,0,0,0,0,0,1,0
2023-04-16,辣椒类,117.274,837.8754,184,10,512.10434,184,7.144596415232703,2.783175760869565,4,7,0,0,1,0,0,0,0,0,0,0,0,0,0,0,0,0,1
2023-04-17,辣椒类,62.456,464.6658,89,9,268.71309,89,7.439890482899961,3.019248202247191,4,1,0,0,1,0,0,0,0,0,0,0,0,0,0,0,0,0,0
2023-04-18,辣椒类,64.228,522.7536,115,11,327.83829000000003,115,8.139029706669989,2.850767739130435,4,2,0,0,1,0,0,0,0,0,0,0,0,1,0,0,0,0,0
2023-04-19,辣椒类,68.93599999999999,483.41020000000003,105,11,293.84665,105,7.0124492282697,2.798539523809524,4,3,0,0,1,0,0,0,0,0,0,0,0,0,1,0,0,0,0
2023-04-20,辣椒类,55.03,362.819,92,9,234.81873000000002,92,6.593112847537707,2.5523775,4,4,0,0,1,0,0,0,0,0,0,0,0,0,0,1,0,0,0
2023-04-21,辣椒类,97.443,596.1572,141,9,362.43952,141,6.118009502991493,2.5704930496453904,4,5,0,0,1,0,0,0,0,0,0,0,0,0,0,0,1,0,0
2023-04-22,辣椒类,174.589,1165.2192,253,9,641.3671400000001,253,6.674069958588456,2.5350479841897235,4,6,0,0,1,0,0,0,0,0,0,0,0,0,0,0,0,1,0
2023-04-23,辣椒类,148.222,966.5494,184,9,511.78297000000003,184,6.520957752560348,2.781429184782609,4,7,0,0,1,0,0,0,0,0,0,0,0,0,0,0,0,0,1
2023-04-24,辣椒类,71.562,496.3434,133,7,263.28465,133,6.935851429529638,1.9795838345864663,4,1,0,0,1,0,0,0,0,0,0,0,0,0,0,0,0,0,0
2023-04-25,辣椒类,68.902,435.57460000000003,80,8,231.22159,80,6.3216539432817624,2.890269875,4,2,0,0,1,0,0,0,0,0,0,0,0,1,0,0,0,0,0
2023-04-26,辣椒类,44.622,245.9984,45,8,144.62315999999998,45,5.512939805477119,3.2138479999999996,4,3,0,0,1,0,0,0,0,0,0,0,0,0,1,0,0,0,0
2023-04-27,辣椒类,60.639,358.6014,67,9,195.75200999999998,67,5.913708999158957,2.921671791044776,4,4,0,0,1,0,0,0,0,0,0,0,0,0,0,1,0,0,0
2023-04-28,辣椒类,66.22,403.4788,75,9,210.7899,75,6.093005134400483,2.810532,4,5,0,0,1,0,0,0,0,0,0,0,0,0,0,0,1,0,0
2023-04-29,辣椒类,139.565,828.1078,215,10,477.2335,215,5.93349192132698,2.2196906976744186,4,6,0,0,1,0,0,0,0,0,0,0,0,0,0,0,0,1,0
2023-04-30,辣椒类,94.994,663.5204,164,10,395.21109,164,6.984866412615534,2.409823719512195,4,7,0,0,1,0,0,0,0,0,0,0,0,0,0,0,0,0,1
2023-05-01,辣椒类,112.583,763.8788,179,10,447.45393,179,6.785027934945773,2.499742625698324,5,1,0,0,0,1,0,0,0,0,0,0,0,0,0,0,0,0,0
2023-05-02,辣椒类,83.825,641.1198,135,10,387.05307,135,7.6483125559200715,2.8670597777777775,5,2,0,0,0,1,0,0,0,0,0,0,0,1,0,0,0,0,0
2023-05-03,辣椒类,92.31,697.509,172,8,389.55644,172,7.556158596035099,2.264863023255814,5,3,0,0,0,1,0,0,0,0,0,0,0,0,1,0,0,0,0
2023-05-04,辣椒类,74.257,544.127,146,7,351.94465,146,7.327618945015284,2.4105797945205483,5,4,0,0,0,1,0,0,0,0,0,0,0,0,0,1,0,0,0
2023-05-05,辣椒类,65.977,530.4982,134,7,344.50443,134,8.04065356108947,2.5709285820895524,5,5,0,0,0,1,0,0,0,0,0,0,0,0,0,0,1,0,0
2023-05-06,辣椒类,91.505,670.8476,179,9,420.27471,179,7.33126714387192,2.3479034078212293,5,6,0,0,0,1,0,0,0,0,0,0,0,0,0,0,0,1,0
2023-05-07,辣椒类,128.833,911.774,236,10,534.11574,236,7.077177431248205,2.263202288135593,5,7,0,0,0,1,0,0,0,0,0,0,0,0,0,0,0,0,1
2023-05-08,辣椒类,81.984,625.736,146,9,359.74396,146,7.632416081186573,2.4639997260273976,5,1,0,0,0,1,0,0,0,0,0,0,0,0,0,0,0,0,0
2023-05-09,辣椒类,81.721,630.7936,135,9,364.77754,135,7.71886785526364,2.702055851851852,5,2,0,0,0,1,0,0,0,0,0,0,0,1,0,0,0,0,0
2023-05-10,辣椒类,87.29,628.0656,134,9,317.4477,134,7.195160957727116,2.369012686567164,5,3,0,0,0,1,0,0,0,0,0,0,0,0,1,0,0,0,0
2023-05-11,辣椒类,74.608,518.1648,124,9,269.9879,124,6.945164057473729,2.1773217741935484,5,4,0,0,0,1,0,0,0,0,0,0,0,0,0,1,0,0,0
2023-05-12,辣椒类,80.974,616.0864,154,8,316.56331,154,7.6084471558771956,2.055605909090909,5,5,0,0,0,1,0,0,0,0,0,0,0,0,0,0,1,0,0
2023-05-13,辣椒类,123.703,907.172,212,8,450.91913999999997,212,7.333468064638691,2.126977075471698,5,6,0,0,0,1,0,0,0,0,0,0,0,0,0,0,0,1,0
2023-05-14,辣椒类,92.731,693.9732,178,8,363.89752,178,7.483723889529931,2.0443680898876404,5,7,0,0,0,1,0,0,0,0,0,0,0,0,0,0,0,0,1
2023-05-15,辣椒类,64.672,469.0092,116,8,242.39009000000001,116,7.252121474517566,2.0895697413793104,5,1,0,0,0,1,0,0,0,0,0,0,0,0,0,0,0,0,0
2023-05-16,辣椒类,69.294,540.4476,121,7,282.36032,121,7.799341934366612,2.3335563636363634,5,2,0,0,0,1,0,0,0,0,0,0,0,1,0,0,0,0,0
2023-05-17,辣椒类,63.717,505.9516,122,8,275.01268,122,7.940606117676601,2.254202295081967,5,3,0,0,0,1,0,0,0,0,0,0,0,0,1,0,0,0,0
2023-05-18,辣椒类,53.892,385.6616,106,8,221.62281000000002,106,7.156193869219921,2.0907812264150945,5,4,0,0,0,1,0,0,0,0,0,0,0,0,0,1,0,0,0
2023-05-19,辣椒类,67.226,542.034,119,8,287.23709,119,8.062862582929224,2.4137570588235295,5,5,0,0,0,1,0,0,0,0,0,0,0,0,0,0,1,0,0
2023-05-20,辣椒类,86.651,599.6556,147,8,310.88514,147,6.920354064003878,2.1148648979591833,5,6,0,0,0,1,0,0,0,0,0,0,0,0,0,0,0,1,0
2023-05-21,辣椒类,117.485,826.6532,197,8,434.53345,197,7.036244626973656,2.2057535532994925,5,7,0,0,0,1,0,0,0,0,0,0,0,0,0,0,0,0,1
2023-05-22,辣椒类,87.848,614.1112,148,8,320.33144,148,6.99061105545943,2.1644016216216215,5,1,0,0,0,1,0,0,0,0,0,0,0,0,0,0,0,0,0
2023-05-23,辣椒类,59.319,441.1468,104,8,220.9689,104,7.436854970582781,2.1247009615384616,5,2,0,0,0,1,0,0,0,0,0,0,0,1,0,0,0,0,0
2023-05-24,辣椒类,48.047,378.609,90,7,229.46699,90,7.879971694382584,2.5496332222222224,5,3,0,0,0,1,0,0,0,0,0,0,0,0,1,0,0,0,0
2023-05-25,辣椒类,64.757,462.1778,130,8,257.89898,130,7.137109501675494,1.9838383076923076,5,4,0,0,0,1,0,0,0,0,0,0,0,0,0,1,0,0,0
2023-05-26,辣椒类,83.26,622.3418,145,8,323.88866,145,7.474679317799664,2.2337148965517244,5,5,0,0,0,1,0,0,0,0,0,0,0,0,0,0,1,0,0
2023-05-27,辣椒类,127.286,853.0684,215,8,480.46685,215,6.7019813648005275,2.234729534883721,5,6,0,0,0,1,0,0,0,0,0,0,0,0,0,0,0,1,0
2023-05-28,辣椒类,124.518,856.2558,228,9,485.89219,228,6.876562424709681,2.1311060964912283,5,7,0,0,0,1,0,0,0,0,0,0,0,0,0,0,0,0,1
2023-05-29,辣椒类,59.995,424.80400000000003,128,9,257.51829,128,7.08065672139345,2.011861640625,5,1,0,0,0,1,0,0,0,0,0,0,0,0,0,0,0,0,0
2023-05-30,辣椒类,58.897,393.6408,115,8,221.3895,115,6.683545851231812,1.9251260869565217,5,2,0,0,0,1,0,0,0,0,0,0,0,1,0,0,0,0,0
2023-05-31,辣椒类,61.96,446.141,119,7,238.17059,119,7.20046804389929,2.0014335294117647,5,3,0,0,0,1,0,0,0,0,0,0,0,0,1,0,0,0,0
2023-06-01,辣椒类,67.854,493.165,109,7,250.01226,109,7.268031361452531,2.2936904587155964,6,4,0,0,0,0,1,0,0,0,0,0,0,0,0,1,0,0,0
2023-06-02,辣椒类,72.847,508.8586,118,9,283.72784,118,6.9853061896852315,2.4044732203389834,6,5,0,0,0,0,1,0,0,0,0,0,0,0,0,0,1,0,0
2023-06-03,辣椒类,120.664,795.4244,200,8,454.83224,200,6.592060598024266,2.2741612,6,6,0,0,0,0,1,0,0,0,0,0,0,0,0,0,0,1,0
2023-06-04,辣椒类,123.177,777.7682,197,9,447.63488,197,6.3142323648083645,2.272258274111675,6,7,0,0,0,0,1,0,0,0,0,0,0,0,0,0,0,0,1
2023-06-05,辣椒类,71.575,419.3096,132,8,260.96767,132,5.858324834090115,1.977027803030303,6,1,0,0,0,0,1,0,0,0,0,0,0,0,0,0,0,0,0
2023-06-06,辣椒类,77.188,458.271,139,8,281.53419,139,5.937075711250453,2.02542582733813,6,2,0,0,0,0,1,0,0,0,0,0,0,1,0,0,0,0,0
2023-06-07,辣椒类,59.815,450.37,115,8,246.31996,115,7.529382261974422,2.141912695652174,6,3,0,0,0,0,1,0,0,0,0,0,0,0,1,0,0,0,0
2023-06-08,辣椒类,73.495,494.6954,134,8,278.76771,134,6.731007551534118,2.0803560447761194,6,4,0,0,0,0,1,0,0,0,0,0,0,0,0,1,0,0,0
2023-06-09,辣椒类,65.691,411.2024,116,8,243.02769,116,6.259645918010078,2.0950662931034483,6,5,0,0,0,0,1,0,0,0,0,0,0,0,0,0,1,0,0
2023-06-10,辣椒类,139.832,793.2822,219,8,488.11595,219,5.673109159562904,2.2288399543378996,6,6,0,0,0,0,1,0,0,0,0,0,0,0,0,0,0,1,0
2023-06-11,辣椒类,114.157,698.135,195,9,430.4492,195,6.115568909484307,2.2074317948717948,6,7,0,0,0,0,1,0,0,0,0,0,0,0,0,0,0,0,1
2023-06-12,辣椒类,60.416,384.8008,102,9,223.54567,102,6.369186970338983,2.1916242156862746,6,1,0,0,0,0,1,0,0,0,0,0,0,0,0,0,0,0,0
2023-06-13,辣椒类,76.066,420.7476,121,8,242.12,121,5.531349091578366,2.0009917355371902,6,2,0,0,0,0,1,0,0,0,0,0,0,1,0,0,0,0,0
2023-06-14,辣椒类,73.882,426.3776,123,9,259.21812,123,5.771061963671801,2.1074643902439023,6,3,0,0,0,0,1,0,0,0,0,0,0,0,1,0,0,0,0
2023-06-15,辣椒类,55.108,333.9412,90,8,205.73315,90,6.059759018654279,2.2859238888888886,6,4,0,0,0,0,1,0,0,0,0,0,0,0,0,1,0,0,0
2023-06-16,辣椒类,76.974,455.187,124,10,276.19688,124,5.913516252241016,2.2273941935483874,6,5,0,0,0,0,1,0,0,0,0,0,0,0,0,0,1,0,0
2023-06-17,辣椒类,160.193,859.0504,245,10,534.7422799999999,245,5.362596368130942,2.182621551020408,6,6,0,0,0,0,1,0,0,0,0,0,0,0,0,0,0,1,0
2023-06-18,辣椒类,140.452,757.9232,217,9,466.40162,217,5.396314755218865,2.1493162211981565,6,7,0,0,0,0,1,0,0,0,0,0,0,0,0,0,0,0,1
2023-06-19,辣椒类,70.719,395.5268,124,9,242.97614,124,5.592935420466919,1.959485,6,1,0,0,0,0,1,0,0,0,0,0,0,0,0,0,0,0,0
2023-06-20,辣椒类,60.074,365.4236,102,10,211.23782,102,6.0828911009754645,2.070959019607843,6,2,0,0,0,0,1,0,0,0,0,0,0,1,0,0,0,0,0
2023-06-21,辣椒类,83.365,414.19059999999996,116,10,228.75413,116,4.968399208300846,1.9720183620689655,6,3,0,0,0,0,1,0,0,0,0,0,0,0,1,0,0,0,0
2023-06-22,辣椒类,106.924,606.1312,170,10,343.07154,170,5.668804010325091,2.018067882352941,6,4,0,0,0,0,1,0,0,0,0,0,0,0,0,1,0,0,0
2023-06-23,辣椒类,83.349,454.087,132,8,263.52201,132,5.4480197722828105,1.9963788636363637,6,5,0,0,0,0,1,0,0,0,0,0,0,0,0,0,1,0,0
2023-06-24,辣椒类,88.94,513.3574,155,10,289.81176,155,5.77195187767034,1.8697532903225806,6,6,0,0,0,0,1,0,0,0,0,0,0,0,0,0,0,1,0
2023-06-25,辣椒类,66.153,372.61,104,9,204.1815,104,5.632548788414735,1.9632836538461538,6,7,0,0,0,0,1,0,0,0,0,0,0,0,0,0,0,0,1
2023-06-26,辣椒类,65.8,395.9336,107,9,211.81454,107,6.017227963525836,1.979575140186916,6,1,0,0,0,0,1,0,0,0,0,0,0,0,0,0,0,0,0
2023-06-27,辣椒类,63.828,402.2612,100,9,212.13893,100,6.302268596854044,2.1213892999999997,6,2,0,0,0,0,1,0,0,0,0,0,0,1,0,0,0,0,0
2023-06-28,辣椒类,60.114,394.8288,96,9,213.363,96,6.568000798482883,2.22253125,6,3,0,0,0,0,1,0,0,0,0,0,0,0,1,0,0,0,0
2023-06-29,辣椒类,85.903,545.808,130,9,313.10906,130,6.353771113930828,2.408531230769231,6,4,0,0,0,0,1,0,0,0,0,0,0,0,0,1,0,0,0
2023-06-30,辣椒类,79.026,489.7992,128,8,292.97358,128,6.197950041758409,2.28885609375,6,5,0,0,0,0,1,0,0,0,0,0,0,0,0,0,1,0,0
2020-07-01,食用菌,35.17,365.482,119,5,227.83541,119,10.39186806937731,1.9145832773109244,7,3,0,0,0,0,0,1,0,0,0,0,0,0,1,0,0,0,0
2020-07-02,食用菌,48.51,605.929,160,5,354.74897000000004,160,12.490806019377448,2.2171810625000004,7,4,0,0,0,0,0,1,0,0,0,0,0,0,0,1,0,0,0
2020-07-03,食用菌,42.442,546.295,149,5,312.27863,149,12.871565901701144,2.0958297315436245,7,5,0,0,0,0,0,1,0,0,0,0,0,0,0,0,1,0,0
2020-07-04,食用菌,46.824,570.9072,168,5,341.41818,168,12.192619169656586,2.0322510714285715,7,6,0,0,0,0,0,1,0,0,0,0,0,0,0,0,0,1,0
2020-07-05,食用菌,73.213,732.6238,207,5,430.89539,207,10.006744703809433,2.081620241545894,7,7,0,0,0,0,0,1,0,0,0,0,0,0,0,0,0,0,1
2020-07-06,食用菌,39.578,484.20300000000003,136,6,289.64319,136,12.234145232199706,2.129729338235294,7,1,0,0,0,0,0,1,0,0,0,0,0,0,0,0,0,0,0
2020-07-07,食用菌,51.119,615.1326,173,7,361.72977,173,12.033345722725405,2.0909235260115606,7,2,0,0,0,0,0,1,0,0,0,0,0,1,0,0,0,0,0
2020-07-08,食用菌,43.968,565.4192,153,5,334.49906,153,12.859788937409025,2.186268366013072,7,3,0,0,0,0,0,1,0,0,0,0,0,0,1,0,0,0,0
2020-07-09,食用菌,37.837,464.1238,133,5,272.77872,133,12.266400613156433,2.0509678195488723,7,4,0,0,0,0,0,1,0,0,0,0,0,0,0,1,0,0,0
2020-07-10,食用菌,37.03,406.694,114,6,234.32903,114,10.982824736699973,2.055517807017544,7,5,0,0,0,0,0,1,0,0,0,0,0,0,0,0,1,0,0
2020-07-11,食用菌,48.557,653.8036000000001,168,5,383.82543,168,13.46466214963857,2.2846751785714283,7,6,0,0,0,0,0,1,0,0,0,0,0,0,0,0,0,1,0
2020-07-12,食用菌,50.774,622.0316,171,6,367.03387,171,12.250986725489424,2.1463969005847954,7,7,0,0,0,0,0,1,0,0,0,0,0,0,0,0,0,0,1
2020-07-13,食用菌,39.8,511.4816,137,5,293.6888,137,12.851296482412062,2.1437138686131387,7,1,0,0,0,0,0,1,0,0,0,0,0,0,0,0,0,0,0
2020-07-14,食用菌,40.848,500.5268,138,6,274.65149,138,12.253397963180571,1.9902281884057973,7,2,0,0,0,0,0,1,0,0,0,0,0,1,0,0,0,0,0
2020-07-15,食用菌,37.779,451.56100000000004,127,6,247.91485,127,11.952698589163292,1.9520854330708661,7,3,0,0,0,0,0,1,0,0,0,0,0,0,1,0,0,0,0
2020-07-16,食用菌,50.09,582.5132,156,7,326.65043,156,11.629331203833098,2.093913012820513,7,4,0,0,0,0,0,1,0,0,0,0,0,0,0,1,0,0,0
2020-07-17,食用菌,45.986,594.0452,152,7,333.53565000000003,152,12.917957639281521,2.1943134868421055,7,5,0,0,0,0,0,1,0,0,0,0,0,0,0,0,1,0,0
2020-07-18,食用菌,56.881,740.0018,183,7,423.04161999999997,183,13.009648212935778,2.3117028415300545,7,6,0,0,0,0,0,1,0,0,0,0,0,0,0,0,0,1,0
2020-07-19,食用菌,70.368,972.8466000000001,243,7,559.20114,243,13.825127899045022,2.301239259259259,7,7,0,0,0,0,0,1,0,0,0,0,0,0,0,0,0,0,1
2020-07-20,食用菌,48.867,586.594,167,7,332.82169,167,12.003888104446766,1.992944251497006,7,1,0,0,0,0,0,1,0,0,0,0,0,0,0,0,0,0,0
2020-07-21,食用菌,42.027,527.7754,143,7,299.05773999999997,143,12.55800794727199,2.0913128671328667,7,2,0,0,0,0,0,1,0,0,0,0,0,1,0,0,0,0,0
2020-07-22,食用菌,62.83,707.5206000000001,190,7,415.47045,190,11.260872194811396,2.1866865789473686,7,3,0,0,0,0,0,1,0,0,0,0,0,0,1,0,0,0,0
2020-07-23,食用菌,52.727,574.5562,154,7,335.93604,154,10.896811880061449,2.181402857142857,7,4,0,0,0,0,0,1,0,0,0,0,0,0,0,1,0,0,0
2020-07-24,食用菌,44.264,523.1532,133,7,302.44524,133,11.818931863365261,2.274024360902256,7,5,0,0,0,0,0,1,0,0,0,0,0,0,0,0,1,0,0
2020-07-25,食用菌,58.697,711.1398,182,7,411.25837,182,12.115436904782186,2.2596613736263738,7,6,0,0,0,0,0,1,0,0,0,0,0,0,0,0,0,1,0
2020-07-26,食用菌,61.676,776.0456,176,7,451.44586,176,12.58261884687723,2.5650332954545454,7,7,0,0,0,0,0,1,0,0,0,0,0,0,0,0,0,0,1
2020-07-27,食用菌,40.979,548.3694,142,7,313.46198,142,13.381717465043073,2.207478732394366,7,1,0,0,0,0,0,1,0,0,0,0,0,0,0,0,0,0,0
2020-07-28,食用菌,42.392,478.9928,123,8,271.40907,123,11.299131911681448,2.2065778048780484,7,2,0,0,0,0,0,1,0,0,0,0,0,1,0,0,0,0,0
2020-07-29,食用菌,49.942,601.444,155,7,345.20682,155,12.042849705658563,2.2271407741935483,7,3,0,0,0,0,0,1,0,0,0,0,0,0,1,0,0,0,0
2020-07-30,食用菌,47.711,533.65,140,7,304.33084,140,11.185051665234433,2.1737917142857146,7,4,0,0,0,0,0,1,0,0,0,0,0,0,0,1,0,0,0
2020-07-31,食用菌,45.587,522.947,127,7,303.5517,127,11.471406321977756,2.390170866141732,7,5,0,0,0,0,0,1,0,0,0,0,0,0,0,0,1,0,0
2020-08-01,食用菌,52.214999999999996,650.8878,168,7,383.71664,168,12.465532892846884,2.284027619047619,8,6,0,0,0,0,0,0,1,0,0,0,0,0,0,0,0,1,0
2020-08-02,食用菌,54.961,617.6406000000001,163,8,353.52817999999996,163,11.237797711104239,2.1688845398773005,8,7,0,0,0,0,0,0,1,0,0,0,0,0,0,0,0,0,1
2020-08-03,食用菌,46.67,585.5202,142,8,344.09586,142,12.5459652881937,2.423210281690141,8,1,0,0,0,0,0,0,1,0,0,0,0,0,0,0,0,0,0
2020-08-04,食用菌,45.301,570.8358000000001,140,7,334.69534,140,12.600953621332863,2.390681,8,2,0,0,0,0,0,0,1,0,0,0,0,1,0,0,0,0,0
2020-08-05,食用菌,62.84,757.8292,179,7,447.22276,179,12.059662635264162,2.4984511731843577,8,3,0,0,0,0,0,0,1,0,0,0,0,0,1,0,0,0,0
2020-08-06,食用菌,48.611,596.5882,155,8,351.80117,155,12.272699594741932,2.2696849677419357,8,4,0,0,0,0,0,0,1,0,0,0,0,0,0,1,0,0,0
2020-08-07,食用菌,68.177,735.9746,179,11,428.5975,179,10.79505698402687,2.394399441340782,8,5,0,0,0,0,0,0,1,0,0,0,0,0,0,0,1,0,0
2020-08-08,食用菌,92.144,863.66,222,12,500.81179,222,9.372938010071191,2.255908963963964,8,6,0,0,0,0,0,0,1,0,0,0,0,0,0,0,0,1,0
2020-08-09,食用菌,73.073,930.362,232,10,567.59634,232,12.731952978528321,2.446535948275862,8,7,0,0,0,0,0,0,1,0,0,0,0,0,0,0,0,0,1
2020-08-10,食用菌,36.094,497.3138,123,5,282.69868,123,13.778295561589184,2.2983632520325203,8,1,0,0,0,0,0,0,1,0,0,0,0,0,0,0,0,0,0
2020-08-11,食用菌,40.017,529.7576,131,5,299.54931999999997,131,13.238313716670415,2.2866360305343507,8,2,0,0,0,0,0,0,1,0,0,0,0,1,0,0,0,0,0
2020-08-12,食用菌,34.195,459.8046,123,6,272.13979,123,13.446544816493638,2.212518617886179,8,3,0,0,0,0,0,0,1,0,0,0,0,0,1,0,0,0,0
2020-08-13,食用菌,35.387,475.8706,128,5,281.7811,128,13.447610704496002,2.20141484375,8,4,0,0,0,0,0,0,1,0,0,0,0,0,0,1,0,0,0
2020-08-14,食用菌,53.795,583.87,158,10,340.98693,158,10.853610930383864,2.158145126582278,8,5,0,0,0,0,0,0,1,0,0,0,0,0,0,0,1,0,0
2020-08-15,食用菌,58.015,658.7176000000001,166,10,390.10999,166,11.354263552529519,2.3500601807228914,8,6,0,0,0,0,0,0,1,0,0,0,0,0,0,0,0,1,0
2020-08-16,食用菌,55.093,685.6208,176,9,408.53525,176,12.444789719202076,2.3212230113636365,8,7,0,0,0,0,0,0,1,0,0,0,0,0,0,0,0,0,1
2020-08-17,食用菌,47.418,538.4362,140,9,312.09629,140,11.355101438272387,2.2292592142857144,8,1,0,0,0,0,0,0,1,0,0,0,0,0,0,0,0,0,0
2020-08-18,食用菌,45.716,523.6236,135,8,303.69091,135,11.453836731122584,2.249562296296296,8,2,0,0,0,0,0,0,1,0,0,0,0,1,0,0,0,0,0
2020-08-19,食用菌,50.126,621.4786,154,10,362.74645,154,12.398328212903484,2.3554964285714286,8,3,0,0,0,0,0,0,1,0,0,0,0,0,1,0,0,0,0
2020-08-20,食用菌,54.411,608.8122,150,11,356.19688,150,11.189138225726415,2.374645866666667,8,4,0,0,0,0,0,0,1,0,0,0,0,0,0,1,0,0,0
2020-08-21,食用菌,50.0,608.3198,157,9,357.93222,157,12.166395999999999,2.279823057324841,8,5,0,0,0,0,0,0,1,0,0,0,0,0,0,0,1,0,0
2020-08-22,食用菌,49.895,627.016,165,9,357.4722,165,12.566710091191501,2.1664981818181817,8,6,0,0,0,0,0,0,1,0,0,0,0,0,0,0,0,1,0
2020-08-23,食用菌,55.226,665.1796,179,8,409.27103,179,12.044681852750518,2.2864303351955306,8,7,0,0,0,0,0,0,1,0,0,0,0,0,0,0,0,0,1
2020-08-24,食用菌,39.576,472.2158,111,9,278.12089,111,11.931872852233678,2.5055936036036033,8,1,0,0,0,0,0,0,1,0,0,0,0,0,0,0,0,0,0
2020-08-25,食用菌,54.488,627.6222,157,9,374.63383,157,11.51853986198796,2.386202738853503,8,2,0,0,0,0,0,0,1,0,0,0,0,1,0,0,0,0,0
2020-08-26,食用菌,42.811,605.6674,143,9,328.35258,143,14.147471444254982,2.296171888111888,8,3,0,0,0,0,0,0,1,0,0,0,0,0,1,0,0,0,0
2020-08-27,食用菌,49.458,597.0288,138,9,350.08110999999997,138,12.07143030450079,2.5368196376811594,8,4,0,0,0,0,0,0,1,0,0,0,0,0,0,1,0,0,0
2020-08-28,食用菌,55.659,652.1884,150,11,370.39188,150,11.717573078927039,2.4692792,8,5,0,0,0,0,0,0,1,0,0,0,0,0,0,0,1,0,0
2020-08-29,食用菌,62.431,728.2266,172,11,420.48527,172,11.664503211545545,2.4446818023255816,8,6,0,0,0,0,0,0,1,0,0,0,0,0,0,0,0,1,0
2020-08-30,食用菌,73.19500000000001,761.0296000000001,186,11,464.65682,186,10.397289432338274,2.498154946236559,8,7,0,0,0,0,0,0,1,0,0,0,0,0,0,0,0,0,1
2020-08-31,食用菌,44.776,605.2586,148,9,362.67276,148,13.517478113274969,2.4504916216216217,8,1,0,0,0,0,0,0,1,0,0,0,0,0,0,0,0,0,0
2020-09-01,食用菌,47.282000000000004,585.404,133,9,345.45335,133,12.381117550019034,2.5973936090225562,9,2,0,0,0,0,0,0,0,1,0,0,0,1,0,0,0,0,0
2020-09-02,食用菌,51.011,550.8762,135,10,324.29598,135,10.799164886004979,2.4021924444444442,9,3,0,0,0,0,0,0,0,1,0,0,0,0,1,0,0,0,0
2020-09-03,食用菌,48.163,514.7058,129,9,324.65188,129,10.68674708801362,2.516681240310078,9,4,0,0,0,0,0,0,0,1,0,0,0,0,0,1,0,0,0
2020-09-04,食用菌,54.43,638.4452,143,10,368.34479,143,11.72965643946353,2.5758376923076924,9,5,0,0,0,0,0,0,0,1,0,0,0,0,0,0,1,0,0
2020-09-05,食用菌,62.594,733.1446,176,11,445.03733,176,11.712697702655205,2.5286211931818183,9,6,0,0,0,0,0,0,0,1,0,0,0,0,0,0,0,1,0
2020-09-06,食用菌,78.472,845.633,200,11,515.53453,200,10.776238658374963,2.5776726500000002,9,7,0,0,0,0,0,0,0,1,0,0,0,0,0,0,0,0,1
2020-09-07,食用菌,41.804,490.5716,125,10,293.46342,125,11.735039709118745,2.34770736,9,1,0,0,0,0,0,0,0,1,0,0,0,0,0,0,0,0,0
2020-09-08,食用菌,32.389,446.3426,114,7,267.45658000000003,114,13.780684800395195,2.3461103508771934,9,2,0,0,0,0,0,0,0,1,0,0,0,1,0,0,0,0,0
2020-09-09,食用菌,33.45,416.389,98,9,245.05003,98,12.448101644245142,2.5005105102040814,9,3,0,0,0,0,0,0,0,1,0,0,0,0,1,0,0,0,0
2020-09-10,食用菌,35.789,442.8454,107,10,271.62651,107,12.373785241275252,2.5385655140186913,9,4,0,0,0,0,0,0,0,1,0,0,0,0,0,1,0,0,0
2020-09-11,食用菌,48.467,584.8806,147,11,343.50632,147,12.067604762003011,2.33677768707483,9,5,0,0,0,0,0,0,0,1,0,0,0,0,0,0,1,0,0
2020-09-12,食用菌,73.173,794.115,205,11,486.95905,205,10.852568570374318,2.37541,9,6,0,0,0,0,0,0,0,1,0,0,0,0,0,0,0,1,0
2020-09-13,食用菌,74.834,936.6564000000001,228,10,583.69074,228,12.516455087259802,2.5600471052631577,9,7,0,0,0,0,0,0,0,1,0,0,0,0,0,0,0,0,1
2020-09-14,食用菌,31.147,444.7546,117,7,279.68895,117,14.279211481041512,2.390503846153846,9,1,0,0,0,0,0,0,0,1,0,0,0,0,0,0,0,0,0
2020-09-15,食用菌,41.578,525.619,135,10,320.94084000000004,135,12.64175766030112,2.377339555555556,9,2,0,0,0,0,0,0,0,1,0,0,0,1,0,0,0,0,0
2020-09-16,食用菌,35.413,448.1618,118,9,260.85301,118,12.655290430068057,2.210618728813559,9,3,0,0,0,0,0,0,0,1,0,0,0,0,1,0,0,0,0
2020-09-17,食用菌,39.259,387.14820000000003,108,9,225.24401,108,9.861387197839987,2.085592685185185,9,4,0,0,0,0,0,0,0,1,0,0,0,0,0,1,0,0,0
2020-09-18,食用菌,37.966,487.8814,119,13,286.31118,119,12.85048201021967,2.405976302521008,9,5,0,0,0,0,0,0,0,1,0,0,0,0,0,0,1,0,0
2020-09-19,食用菌,58.413,557.5506,158,9,348.01972,158,9.54497457757691,2.2026564556962027,9,6,0,0,0,0,0,0,0,1,0,0,0,0,0,0,0,1,0
2020-09-20,食用菌,50.42,661.0378000000001,170,9,353.32337,170,13.110626735422452,2.0783727647058825,9,7,0,0,0,0,0,0,0,1,0,0,0,0,0,0,0,0,1
2020-09-21,食用菌,63.529,625.1466,167,10,334.14846,167,9.840334335500323,2.0008889820359284,9,1,0,0,0,0,0,0,0,1,0,0,0,0,0,0,0,0,0
2020-09-22,食用菌,47.636,706.9842,152,12,384.41533,152,14.841384667058525,2.5290482236842102,9,2,0,0,0,0,0,0,0,1,0,0,0,1,0,0,0,0,0
2020-09-23,食用菌,54.49,600.6034,159,13,332.88709,159,11.022268306111211,2.0936294968553457,9,3,0,0,0,0,0,0,0,1,0,0,0,0,1,0,0,0,0
2020-09-24,食用菌,61.336,770.85,180,12,457.30016,180,12.567660101734708,2.5405564444444444,9,4,0,0,0,0,0,0,0,1,0,0,0,0,0,1,0,0,0
2020-09-25,食用菌,63.438,753.5628,168,15,434.02125,168,11.878728837605221,2.5834598214285713,9,5,0,0,0,0,0,0,0,1,0,0,0,0,0,0,1,0,0
2020-09-26,食用菌,93.976,1106.4192,245,15,656.20509,245,11.773423001617434,2.67838812244898,9,6,0,0,0,0,0,0,0,1,0,0,0,0,0,0,0,1,0
2020-09-27,食用菌,72.203,822.1998,187,15,457.39651,187,11.387335706272593,2.44597064171123,9,7,0,0,0,0,0,0,0,1,0,0,0,0,0,0,0,0,1
2020-09-28,食用菌,46.913,559.5806,138,13,317.06255,138,11.928049794300088,2.2975547101449276,9,1,0,0,0,0,0,0,0,1,0,0,0,0,0,0,0,0,0
2020-09-29,食用菌,45.485,561.5908000000001,135,13,309.61976,135,12.346725294052986,2.293479703703704,9,2,0,0,0,0,0,0,0,1,0,0,0,1,0,0,0,0,0
2020-09-30,食用菌,110.358,1347.0066000000002,254,13,798.16931,254,12.20579024628935,3.1423988582677165,9,3,0,0,0,0,0,0,0,1,0,0,0,0,1,0,0,0,0
2020-10-01,食用菌,103.929,1363.191,284,12,829.4046900000001,284,13.116560344081055,2.920439049295775,10,4,0,0,0,0,0,0,0,0,1,0,0,0,0,1,0,0,0
2020-10-02,食用菌,89.316,957.4802000000001,206,13,553.5283000000001,206,10.720141967844508,2.687030582524272,10,5,0,0,0,0,0,0,0,0,1,0,0,0,0,0,1,0,0
2020-10-03,食用菌,60.052,777.5976,171,12,450.49227,171,12.948737760607475,2.6344577192982457,10,6,0,0,0,0,0,0,0,0,1,0,0,0,0,0,0,1,0
2020-10-04,食用菌,122.501,1049.7052,295,14,643.32401,295,8.56895209018702,2.1807593559322034,10,7,0,0,0,0,0,0,0,0,1,0,0,0,0,0,0,0,1
2020-10-05,食用菌,126.518,1250.1502,319,14,716.42002,319,9.881204255520954,2.2458307836990596,10,1,0,0,0,0,0,0,0,0,1,0,0,0,0,0,0,0,0
2020-10-06,食用菌,124.059,1159.6624,320,14,669.48976,320,9.347668448077124,2.0921555,10,2,0,0,0,0,0,0,0,0,1,0,0,1,0,0,0,0,0
2020-10-07,食用菌,80.421,1044.4744,231,13,546.85518,231,12.98758284527673,2.3673384415584415,10,3,0,0,0,0,0,0,0,0,1,0,0,0,1,0,0,0,0
2020-10-08,食用菌,328.488,1355.1604,296,13,778.06019,296,4.125448722632181,2.628581722972973,10,4,0,0,0,0,0,0,0,0,1,0,0,0,0,1,0,0,0
2020-10-09,食用菌,57.258,567.0858,142,13,317.17484,142,9.904044849627999,2.233625633802817,10,5,0,0,0,0,0,0,0,0,1,0,0,0,0,0,1,0,0
2020-10-10,食用菌,75.63,805.1394,185,13,465.06176,185,10.64576755255851,2.5138473513513513,10,6,0,0,0,0,0,0,0,0,1,0,0,0,0,0,0,1,0
2020-10-11,食用菌,163.664,1149.3134,261,11,665.70037,261,7.022395884250661,2.5505761302681993,10,7,0,0,0,0,0,0,0,0,1,0,0,0,0,0,0,0,1
2020-10-12,食用菌,102.385,712.306,169,11,411.33931,169,6.957132392440299,2.4339604142011835,10,1,0,0,0,0,0,0,0,0,1,0,0,0,0,0,0,0,0
2020-10-13,食用菌,48.021,532.1818000000001,138,12,278.45313,138,11.082272339184941,2.017776304347826,10,2,0,0,0,0,0,0,0,0,1,0,0,1,0,0,0,0,0
2020-10-14,食用菌,72.831,718.6074,168,13,393.11,168,9.866779256086007,2.3399404761904763,10,3,0,0,0,0,0,0,0,0,1,0,0,0,1,0,0,0,0
2020-10-15,食用菌,72.91,692.3814,167,12,390.9472,167,9.49638458373337,2.3410011976047906,10,4,0,0,0,0,0,0,0,0,1,0,0,0,0,1,0,0,0
2020-10-16,食用菌,69.80499999999999,804.4312,187,12,447.38035,187,11.523976792493375,2.3924082887700537,10,5,0,0,0,0,0,0,0,0,1,0,0,0,0,0,1,0,0
2020-10-17,食用菌,115.896,1257.7274,309,13,719.79265,309,10.852207151239043,2.3294260517799352,10,6,0,0,0,0,0,0,0,0,1,0,0,0,0,0,0,1,0
2020-10-18,食用菌,113.125,1339.16,298,13,762.46575,298,11.837878453038675,2.558609899328859,10,7,0,0,0,0,0,0,0,0,1,0,0,0,0,0,0,0,1
2020-10-19,食用菌,58.338,562.8824,140,11,307.88871,140,9.648640680174157,2.1992050714285716,10,1,0,0,0,0,0,0,0,0,1,0,0,0,0,0,0,0,0
2020-10-20,食用菌,44.806,499.149,111,12,277.42225,111,11.140226755345267,2.4992995495495496,10,2,0,0,0,0,0,0,0,0,1,0,0,1,0,0,0,0,0
2020-10-21,食用菌,56.114,545.6308,127,10,294.63491,127,9.72361264568557,2.3199599212598425,10,3,0,0,0,0,0,0,0,0,1,0,0,0,1,0,0,0,0
2020-10-22,食用菌,94.688,906.6724,222,10,611.28746,222,9.57536752281176,2.753547117117117,10,4,0,0,0,0,0,0,0,0,1,0,0,0,0,1,0,0,0
2020-10-23,食用菌,115.306,1058.9732,264,10,641.35712,264,9.184025115778883,2.4293830303030304,10,5,0,0,0,0,0,0,0,0,1,0,0,0,0,0,1,0,0
2020-10-24,食用菌,115.39,963.07,247,11,542.67419,247,8.346217176531763,2.1970614979757084,10,6,0,0,0,0,0,0,0,0,1,0,0,0,0,0,0,1,0
2020-10-25,食用菌,104.16,914.669,227,11,536.14275,227,8.78138440860215,2.361862334801762,10,7,0,0,0,0,0,0,0,0,1,0,0,0,0,0,0,0,1
2020-10-26,食用菌,62.363,545.738,133,11,321.01243,133,8.750990170453635,2.4136272932330827,10,1,0,0,0,0,0,0,0,0,1,0,0,0,0,0,0,0,0
2020-10-27,食用菌,56.508,501.14,122,10,291.45238,122,8.868478799462022,2.3889539344262296,10,2,0,0,0,0,0,0,0,0,1,0,0,1,0,0,0,0,0
2020-10-28,食用菌,75.211,607.948,155,11,361.32285,155,8.083232505883448,2.3311151612903225,10,3,0,0,0,0,0,0,0,0,1,0,0,0,1,0,0,0,0
2020-10-29,食用菌,81.051,661.98,160,11,394.17548999999997,160,8.167450123996003,2.4635968124999996,10,4,0,0,0,0,0,0,0,0,1,0,0,0,0,1,0,0,0
2020-10-30,食用菌,74.23,657.792,167,12,395.19334,167,8.861538461538462,2.3664271856287424,10,5,0,0,0,0,0,0,0,0,1,0,0,0,0,0,1,0,0
2020-10-31,食用菌,135.284,1339.896,319,12,786.97648,319,9.904319801306881,2.4670109090909094,10,6,0,0,0,0,0,0,0,0,1,0,0,0,0,0,0,1,0
2020-11-01,食用菌,127.967,1165.722,263,10,681.4426500000001,263,9.109551681292833,2.5910366920152095,11,7,0,0,0,0,0,0,0,0,0,1,0,0,0,0,0,0,1
2020-11-02,食用菌,78.321,676.3304,151,11,383.24891,151,8.635364716997996,2.5380722516556293,11,1,0,0,0,0,0,0,0,0,0,1,0,0,0,0,0,0,0
2020-11-03,食用菌,65.341,539.933,143,11,309.14751,143,8.263310938002174,2.1618706993006995,11,2,0,0,0,0,0,0,0,0,0,1,0,1,0,0,0,0,0
2020-11-04,食用菌,195.34,789.968,257,10,517.05781,257,4.04406675540084,2.011898093385214,11,3,0,0,0,0,0,0,0,0,0,1,0,0,1,0,0,0,0
2020-11-05,食用菌,129.089,664.178,206,10,406.152,206,5.145116934827909,1.9716116504854369,11,4,0,0,0,0,0,0,0,0,0,1,0,0,0,1,0,0,0
2020-11-06,食用菌,80.588,554.748,158,9,339.26117,158,6.883754405122352,2.147222594936709,11,5,0,0,0,0,0,0,0,0,0,1,0,0,0,0,1,0,0
2020-11-07,食用菌,122.896,1174.584,259,10,692.63935,259,9.557544590548106,2.6742832046332046,11,6,0,0,0,0,0,0,0,0,0,1,0,0,0,0,0,1,0
2020-11-08,食用菌,124.492,1146.977,281,11,727.73063,281,9.213258683288887,2.58978871886121,11,7,0,0,0,0,0,0,0,0,0,1,0,0,0,0,0,0,1
2020-11-09,食用菌,63.22,469.443,137,11,278.38539,137,7.425545713381841,2.032010145985401,11,1,0,0,0,0,0,0,0,0,0,1,0,0,0,0,0,0,0
2020-11-10,食用菌,64.18,450.616,124,11,284.79375,124,7.021128077282642,2.2967237903225803,11,2,0,0,0,0,0,0,0,0,0,1,0,1,0,0,0,0,0
2020-11-11,食用菌,62.612,388.241,115,10,239.68265,115,6.200744266274835,2.084196956521739,11,3,0,0,0,0,0,0,0,0,0,1,0,0,1,0,0,0,0
2020-11-12,食用菌,68.656,397.194,113,13,251.26568,113,5.785277324632952,2.223590088495575,11,4,0,0,0,0,0,0,0,0,0,1,0,0,0,1,0,0,0
2020-11-13,食用菌,67.676,405.834,119,11,266.25722,119,5.996719664282759,2.237455630252101,11,5,0,0,0,0,0,0,0,0,0,1,0,0,0,0,1,0,0
2020-11-14,食用菌,92.793,677.133,195,11,423.83207,195,7.297242248876532,2.173497794871795,11,6,0,0,0,0,0,0,0,0,0,1,0,0,0,0,0,1,0
2020-11-15,食用菌,73.108,433.123,133,11,262.34025,133,5.924426875307764,1.9724830827067672,11,7,0,0,0,0,0,0,0,0,0,1,0,0,0,0,0,0,1
2020-11-16,食用菌,54.363,327.347,99,11,199.44660000000002,99,6.0215035961959416,2.0146121212121213,11,1,0,0,0,0,0,0,0,0,0,1,0,0,0,0,0,0,0
2020-11-17,食用菌,131.979,495.592,151,11,282.22779,151,3.755082247933383,1.86905821192053,11,2,0,0,0,0,0,0,0,0,0,1,0,1,0,0,0,0,0
2020-11-18,食用菌,99.089,461.105,151,11,273.19862,151,4.653442864495554,1.8092623841059603,11,3,0,0,0,0,0,0,0,0,0,1,0,0,1,0,0,0,0
2020-11-19,食用菌,90.297,524.004,133,10,319.36681,133,5.803116382604074,2.4012542105263157,11,4,0,0,0,0,0,0,0,0,0,1,0,0,0,1,0,0,0
2020-11-20,食用菌,70.888,358.984,112,11,204.37381,112,5.0641011172553885,1.8247661607142855,11,5,0,0,0,0,0,0,0,0,0,1,0,0,0,0,1,0,0
2020-11-21,食用菌,169.382,869.03,278,11,522.2149900000001,278,5.130592388801643,1.8784711870503599,11,6,0,0,0,0,0,0,0,0,0,1,0,0,0,0,0,1,0
2020-11-22,食用菌,160.154,1537.6912,332,10,916.77074,332,9.601328721105936,2.7613576506024096,11,7,0,0,0,0,0,0,0,0,0,1,0,0,0,0,0,0,1
2020-11-23,食用菌,195.788,1147.439,319,12,719.58204,319,5.860619649825321,2.2557430721003136,11,1,0,0,0,0,0,0,0,0,0,1,0,0,0,0,0,0,0
2020-11-24,食用菌,117.661,827.3984,233,12,519.17876,233,7.032053101707448,2.2282350214592275,11,2,0,0,0,0,0,0,0,0,0,1,0,1,0,0,0,0,0
2020-11-25,食用菌,95.581,803.3278,222,13,523.65444,222,8.404680846611774,2.358803783783784,11,3,0,0,0,0,0,0,0,0,0,1,0,0,1,0,0,0,0
2020-11-26,食用菌,110.276,839.589,200,12,529.13129,200,7.613524248249846,2.64565645,11,4,0,0,0,0,0,0,0,0,0,1,0,0,0,1,0,0,0
2020-11-27,食用菌,112.979,901.7318,218,14,573.8361,218,7.981410704644226,2.6322756880733946,11,5,0,0,0,0,0,0,0,0,0,1,0,0,0,0,1,0,0
2020-11-28,食用菌,187.133,1306.8872000000001,339,13,840.58955,339,6.98373456311821,2.4796151917404132,11,6,0,0,0,0,0,0,0,0,0,1,0,0,0,0,0,1,0
2020-11-29,食用菌,168.218,1362.4976000000001,324,13,894.81128,324,8.099594573707927,2.7617632098765434,11,7,0,0,0,0,0,0,0,0,0,1,0,0,0,0,0,0,1
2020-11-30,食用菌,100.486,609.4374,152,13,420.81844,152,6.064898592838803,2.768542368421053,11,1,0,0,0,0,0,0,0,0,0,1,0,0,0,0,0,0,0
2020-12-01,食用菌,97.477,631.812,183,12,422.04699,183,6.481652082029607,2.306267704918033,12,2,0,0,0,0,0,0,0,0,0,0,1,1,0,0,0,0,0
2020-12-02,食用菌,135.141,953.665,230,12,659.93441,230,7.056814734240534,2.869280043478261,12,3,0,0,0,0,0,0,0,0,0,0,1,0,1,0,0,0,0
2020-12-03,食用菌,97.395,786.579,199,11,560.2763,199,8.076174341598644,2.815458793969849,12,4,0,0,0,0,0,0,0,0,0,0,1,0,0,1,0,0,0
2020-12-04,食用菌,110.875,910.5812,221,13,620.0328499999999,221,8.212682750845547,2.80557850678733,12,5,0,0,0,0,0,0,0,0,0,0,1,0,0,0,1,0,0
2020-12-05,食用菌,154.493,1369.8572,312,14,927.02505,312,8.866791375661032,2.9712341346153845,12,6,0,0,0,0,0,0,0,0,0,0,1,0,0,0,0,1,0
2020-12-06,食用菌,230.803,1713.676,411,13,1177.56717,411,7.424842831332348,2.8651269343065695,12,7,0,0,0,0,0,0,0,0,0,0,1,0,0,0,0,0,1
2020-12-07,食用菌,84.174,647.59,164,15,441.39222,164,7.693468291871599,2.691415975609756,12,1,0,0,0,0,0,0,0,0,0,0,1,0,0,0,0,0,0
2020-12-08,食用菌,89.028,783.5738,198,16,540.22699,198,8.801431010468615,2.7284191414141414,12,2,0,0,0,0,0,0,0,0,0,0,1,1,0,0,0,0,0
2020-12-09,食用菌,80.164,815.8226,193,17,561.55827,193,10.17691981438052,2.909628341968912,12,3,0,0,0,0,0,0,0,0,0,0,1,0,1,0,0,0,0
2020-12-10,食用菌,88.5,808.466,202,18,561.53125,202,9.135209039548023,2.7798576732673266,12,4,0,0,0,0,0,0,0,0,0,0,1,0,0,1,0,0,0
2020-12-11,食用菌,90.153,773.2758,182,18,516.93558,182,8.577371801271171,2.8403053846153843,12,5,0,0,0,0,0,0,0,0,0,0,1,0,0,0,1,0,0
2020-12-12,食用菌,172.629,1571.1194,355,21,1050.59431,355,9.101132486430439,2.9594205915492955,12,6,0,0,0,0,0,0,0,0,0,0,1,0,0,0,0,1,0
2020-12-13,食用菌,196.802,1686.3168,384,19,1143.49958,384,8.568595847603175,2.977863489583333,12,7,0,0,0,0,0,0,0,0,0,0,1,0,0,0,0,0,1
2020-12-14,食用菌,81.213,819.332,192,15,562.73207,192,10.088680383682416,2.930896197916667,12,1,0,0,0,0,0,0,0,0,0,0,1,0,0,0,0,0,0
2020-12-15,食用菌,88.677,780.9766,183,17,535.89272,183,8.806980389503478,2.9283755191256833,12,2,0,0,0,0,0,0,0,0,0,0,1,1,0,0,0,0,0
2020-12-16,食用菌,74.212,706.6528000000001,166,17,476.6703,166,9.522082682046031,2.8715078313253013,12,3,0,0,0,0,0,0,0,0,0,0,1,0,1,0,0,0,0
2020-12-17,食用菌,77.923,600.9976,149,18,426.27934,149,7.712711266250016,2.860935167785235,12,4,0,0,0,0,0,0,0,0,0,0,1,0,0,1,0,0,0
2020-12-18,食用菌,84.071,814.1454,206,17,634.67968,206,9.68402183868397,3.0809693203883493,12,5,0,0,0,0,0,0,0,0,0,0,1,0,0,0,1,0,0
2020-12-19,食用菌,152.942,1464.904,326,15,1003.47804,326,9.578166886793687,3.078153496932515,12,6,0,0,0,0,0,0,0,0,0,0,1,0,0,0,0,1,0
2020-12-20,食用菌,142.196,1310.5928,326,15,945.3687199999999,326,9.216804973416973,2.8999040490797543,12,7,0,0,0,0,0,0,0,0,0,0,1,0,0,0,0,0,1
2020-12-21,食用菌,82.855,790.9054,181,13,586.88598,181,9.545656870436304,3.2424639779005524,12,1,0,0,0,0,0,0,0,0,0,0,1,0,0,0,0,0,0
2020-12-22,食用菌,74.459,680.83,169,15,494.69899,169,9.143689815871822,2.9272129585798816,12,2,0,0,0,0,0,0,0,0,0,0,1,1,0,0,0,0,0
2020-12-23,食用菌,67.054,622.1560000000001,169,15,458.53766,169,9.278432308288842,2.7132405917159765,12,3,0,0,0,0,0,0,0,0,0,0,1,0,1,0,0,0,0
2020-12-24,食用菌,74.478,652.39,171,15,421.85871000000003,171,8.759499449501867,2.46701,12,4,0,0,0,0,0,0,0,0,0,0,1,0,0,1,0,0,0
2020-12-25,食用菌,148.943,1323.4408,317,16,1097.61624,317,8.885552191106665,3.4625117981072555,12,5,0,0,0,0,0,0,0,0,0,0,1,0,0,0,1,0,0
2020-12-26,食用菌,135.737,1098.5478,289,16,864.07534,289,8.093208189366202,2.989880069204152,12,6,0,0,0,0,0,0,0,0,0,0,1,0,0,0,0,1,0
2020-12-27,食用菌,117.184,1145.2634,287,15,928.27589,287,9.773206239759695,3.2344107665505226,12,7,0,0,0,0,0,0,0,0,0,0,1,0,0,0,0,0,1
2020-12-28,食用菌,69.13,675.63,168,13,470.66584,168,9.773325618400117,2.801582380952381,12,1,0,0,0,0,0,0,0,0,0,0,1,0,0,0,0,0,0
2020-12-29,食用菌,79.647,759.3048,176,16,523.8647,176,9.533376021695732,2.9765039772727273,12,2,0,0,0,0,0,0,0,0,0,0,1,1,0,0,0,0,0
2020-12-30,食用菌,65.342,612.283,154,16,419.82101,154,9.370435554467266,2.7261104545454544,12,3,0,0,0,0,0,0,0,0,0,0,1,0,1,0,0,0,0
2020-12-31,食用菌,119.801,1021.51,238,15,710.65896,238,8.526723483109489,2.9859620168067225,12,4,0,0,0,0,0,0,0,0,0,0,1,0,0,1,0,0,0
2021-01-01,食用菌,136.06,1244.6186,302,14,853.84132,302,9.147571659561958,2.827289139072848,1,5,0,0,0,0,0,0,0,0,0,0,0,0,0,0,1,0,0
2021-01-02,食用菌,114.107,990.0434,235,14,673.28231,235,8.676447544848257,2.865031106382979,1,6,0,0,0,0,0,0,0,0,0,0,0,0,0,0,0,1,0
2021-01-03,食用菌,102.704,967.6886000000001,232,16,657.40451,232,9.422112089110454,2.8336401293103446,1,7,0,0,0,0,0,0,0,0,0,0,0,0,0,0,0,0,1
2021-01-04,食用菌,94.688,831.0744,200,15,552.05945,200,8.776977019263263,2.76029725,1,1,0,0,0,0,0,0,0,0,0,0,0,0,0,0,0,0,0
2021-01-05,食用菌,83.06099999999999,751.9984,201,15,524.47793,201,9.053567859765714,2.609342935323383,1,2,0,0,0,0,0,0,0,0,0,0,0,1,0,0,0,0,0
2021-01-06,食用菌,80.477,753.3592,215,15,530.72056,215,9.361174000024851,2.4684677209302324,1,3,0,0,0,0,0,0,0,0,0,0,0,0,1,0,0,0,0
2021-01-07,食用菌,94.124,918.5914,225,14,652.38191,225,9.759374867196465,2.8994751555555554,1,4,0,0,0,0,0,0,0,0,0,0,0,0,0,1,0,0,0
2021-01-08,食用菌,90.415,808.26,194,15,549.06135,194,8.939445888403473,2.8302131443298966,1,5,0,0,0,0,0,0,0,0,0,0,0,0,0,0,1,0,0
2021-01-09,食用菌,129.833,1199.151,283,15,812.63791,283,9.236103301934024,2.8715120494699646,1,6,0,0,0,0,0,0,0,0,0,0,0,0,0,0,0,1,0
2021-01-10,食用菌,137.986,1401.8242,299,16,929.61987,299,10.159177017958344,3.1090965551839465,1,7,0,0,0,0,0,0,0,0,0,0,0,0,0,0,0,0,1
2021-01-11,食用菌,81.67,782.5884,172,14,520.37086,172,9.58232398677605,3.025411976744186,1,1,0,0,0,0,0,0,0,0,0,0,0,0,0,0,0,0,0
2021-01-12,食用菌,73.283,755.002,167,15,498.9561,167,10.302553116002347,2.9877610778443113,1,2,0,0,0,0,0,0,0,0,0,0,0,1,0,0,0,0,0
2021-01-13,食用菌,76.684,779.543,178,13,527.92637,178,10.165653852172552,2.9658784831460676,1,3,0,0,0,0,0,0,0,0,0,0,0,0,1,0,0,0,0
2021-01-14,食用菌,75.963,812.038,167,14,555.43706,167,10.68991482695523,3.3259704191616764,1,4,0,0,0,0,0,0,0,0,0,0,0,0,0,1,0,0,0
2021-01-15,食用菌,101.383,1069.234,219,15,712.73019,219,10.546482151840053,3.2544757534246576,1,5,0,0,0,0,0,0,0,0,0,0,0,0,0,0,1,0,0
2021-01-16,食用菌,150.015,1398.2766000000001,323,15,934.21105,323,9.320911908809121,2.8922942724458203,1,6,0,0,0,0,0,0,0,0,0,0,0,0,0,0,0,1,0
2021-01-17,食用菌,141.492,1245.6994,295,16,819.50111,295,8.804027082803268,2.7779698644067796,1,7,0,0,0,0,0,0,0,0,0,0,0,0,0,0,0,0,1
2021-01-18,食用菌,72.532,711.6726,167,15,471.66668,167,9.811843048585452,2.824351377245509,1,1,0,0,0,0,0,0,0,0,0,0,0,0,0,0,0,0,0
2021-01-19,食用菌,74.431,633.9358,165,16,416.46945,165,8.517093684083244,2.5240572727272728,1,2,0,0,0,0,0,0,0,0,0,0,0,1,0,0,0,0,0
2021-01-20,食用菌,90.131,844.8264,216,16,555.41937,216,9.373316616924255,2.571385972222222,1,3,0,0,0,0,0,0,0,0,0,0,0,0,1,0,0,0,0
2021-01-21,食用菌,63.013,584.0122,142,16,380.45984,142,9.268122450922826,2.679294647887324,1,4,0,0,0,0,0,0,0,0,0,0,0,0,0,1,0,0,0
2021-01-22,食用菌,88.796,883.9342,187,15,580.11136,187,9.954662372178927,3.1021997860962567,1,5,0,0,0,0,0,0,0,0,0,0,0,0,0,0,1,0,0
2021-01-23,食用菌,117.521,1200.526,251,16,786.84491,251,10.215416819121689,3.1348402788844623,1,6,0,0,0,0,0,0,0,0,0,0,0,0,0,0,0,1,0
2021-01-24,食用菌,127.934,1285.3666,272,16,835.6839,272,10.04710710209952,3.0723672794117647,1,7,0,0,0,0,0,0,0,0,0,0,0,0,0,0,0,0,1
2021-01-25,食用菌,79.116,888.5816,197,15,595.1149800000001,197,11.23137671267506,3.020888223350254,1,1,0,0,0,0,0,0,0,0,0,0,0,0,0,0,0,0,0
2021-01-26,食用菌,101.109,940.0702,215,15,749.45275,215,9.297591707958738,3.485826744186047,1,2,0,0,0,0,0,0,0,0,0,0,0,1,0,0,0,0,0
2021-01-27,食用菌,108.756,1086.4284,241,14,811.50079,241,9.98959505682445,3.367223195020747,1,3,0,0,0,0,0,0,0,0,0,0,0,0,1,0,0,0,0
2021-01-28,食用菌,80.927,838.7324,180,17,554.09858,180,10.364061438086175,3.0783254444444443,1,4,0,0,0,0,0,0,0,0,0,0,0,0,0,1,0,0,0
2021-01-29,食用菌,69.324,811.3958,165,15,545.61666,165,11.70439963071952,3.3067676363636367,1,5,0,0,0,0,0,0,0,0,0,0,0,0,0,0,1,0,0
2021-01-30,食用菌,94.904,1033.2052,225,17,688.2078200000001,225,10.886845654556184,3.0587014222222226,1,6,0,0,0,0,0,0,0,0,0,0,0,0,0,0,0,1,0
2021-01-31,食用菌,103.637,1159.7748000000001,231,16,775.38665,231,11.190740758609378,3.3566521645021647,1,7,0,0,0,0,0,0,0,0,0,0,0,0,0,0,0,0,1
2021-02-01,食用菌,67.664,781.1628000000001,164,15,520.23703,164,11.544732797351621,3.172177012195122,2,1,1,0,0,0,0,0,0,0,0,0,0,0,0,0,0,0,0
2021-02-02,食用菌,88.048,866.5928,197,14,580.26958,197,9.84227693985099,2.9455308629441626,2,2,1,0,0,0,0,0,0,0,0,0,0,1,0,0,0,0,0
2021-02-03,食用菌,89.954,957.3816,198,14,648.71123,198,10.643013095582187,3.2763193434343436,2,3,1,0,0,0,0,0,0,0,0,0,0,0,1,0,0,0,0
2021-02-04,食用菌,111.069,1187.9912,232,16,780.52076,232,10.695974574363683,3.3643136206896553,2,4,1,0,0,0,0,0,0,0,0,0,0,0,0,1,0,0,0
2021-02-05,食用菌,95.222,1139.6712,217,12,742.77152,217,11.968570288378737,3.4229102304147467,2,5,1,0,0,0,0,0,0,0,0,0,0,0,0,0,1,0,0
2021-02-06,食用菌,119.696,1280.115,249,14,832.7742900000001,249,10.694718286325358,3.3444750602409643,2,6,1,0,0,0,0,0,0,0,0,0,0,0,0,0,0,1,0
2021-02-07,食用菌,147.812,1539.4088000000002,299,15,997.86586,299,10.414640218656132,3.3373440133779266,2,7,1,0,0,0,0,0,0,0,0,0,0,0,0,0,0,0,1
2021-02-08,食用菌,240.205,2369.981,420,13,1563.34432,420,9.866493203721822,3.7222483809523808,2,1,1,0,0,0,0,0,0,0,0,0,0,0,0,0,0,0,0
2021-02-09,食用菌,326.993,3373.5314000000003,597,14,2275.91683,597,10.316830635518192,3.8122559966499163,2,2,1,0,0,0,0,0,0,0,0,0,0,1,0,0,0,0,0
2021-02-10,食用菌,511.136,5487.0608,913,15,3394.44775,913,10.735030989795279,3.717905531215772,2,3,1,0,0,0,0,0,0,0,0,0,0,0,1,0,0,0,0
2021-02-13,食用菌,60.592,647.399,135,8,396.06832,135,10.684562318457882,2.9338394074074077,2,6,1,0,0,0,0,0,0,0,0,0,0,0,0,0,0,1,0
2021-02-14,食用菌,164.586,1306.5456,292,14,843.1927400000001,292,7.938376289599358,2.887646369863014,2,7,1,0,0,0,0,0,0,0,0,0,0,0,0,0,0,0,1
2021-02-15,食用菌,212.364,1832.8408,381,16,1161.72121,381,8.630656796820553,3.0491370341207347,2,1,1,0,0,0,0,0,0,0,0,0,0,0,0,0,0,0,0
2021-02-16,食用菌,174.61,1462.5614,300,15,948.16918,300,8.376160586449801,3.160563933333333,2,2,1,0,0,0,0,0,0,0,0,0,0,1,0,0,0,0,0
2021-02-17,食用菌,144.793,1420.0274,282,15,924.7267400000001,282,9.807293170249942,3.279172836879433,2,3,1,0,0,0,0,0,0,0,0,0,0,0,1,0,0,0,0
2021-02-18,食用菌,130.174,1222.3284,259,16,802.20147,259,9.389958056140243,3.097302972972973,2,4,1,0,0,0,0,0,0,0,0,0,0,0,0,1,0,0,0
2021-02-19,食用菌,92.327,785.2096,165,13,504.26211,165,8.504658442275824,3.056134,2,5,1,0,0,0,0,0,0,0,0,0,0,0,0,0,1,0,0
2021-02-20,食用菌,88.794,827.3514,185,14,530.16868,185,9.317649841205487,2.8657766486486485,2,6,1,0,0,0,0,0,0,0,0,0,0,0,0,0,0,1,0
2021-02-21,食用菌,79.403,718.7456,153,13,469.84793,153,9.051869576716244,3.070901503267974,2,7,1,0,0,0,0,0,0,0,0,0,0,0,0,0,0,0,1
2021-02-22,食用菌,66.554,584.538,119,12,376.91774,119,8.78291312317817,3.1673759663865546,2,1,1,0,0,0,0,0,0,0,0,0,0,0,0,0,0,0,0
2021-02-23,食用菌,77.586,619.4122,141,12,402.75438,141,7.98355631170572,2.8564140425531916,2,2,1,0,0,0,0,0,0,0,0,0,0,1,0,0,0,0,0
2021-02-24,食用菌,88.233,771.2396,170,11,493.52788,170,8.740942731177677,2.903105176470588,2,3,1,0,0,0,0,0,0,0,0,0,0,0,1,0,0,0,0
2021-02-25,食用菌,110.557,849.2956,192,13,536.43393,192,7.681970386316561,2.7939267187500003,2,4,1,0,0,0,0,0,0,0,0,0,0,0,0,1,0,0,0
2021-02-26,食用菌,158.095,1241.5274,253,11,748.76836,253,7.853046585913533,2.9595587351778656,2,5,1,0,0,0,0,0,0,0,0,0,0,0,0,0,1,0,0
2021-02-27,食用菌,116.814,921.104,224,13,567.1667,224,7.8852192374201735,2.5319941964285713,2,6,1,0,0,0,0,0,0,0,0,0,0,0,0,0,0,1,0
2021-02-28,食用菌,111.764,851.8354,215,12,544.62191,215,7.621733295157655,2.5331251627906974,2,7,1,0,0,0,0,0,0,0,0,0,0,0,0,0,0,0,1
2021-03-01,食用菌,79.404,653.6788,169,12,425.99961,169,8.232315752355046,2.52070775147929,3,1,0,1,0,0,0,0,0,0,0,0,0,0,0,0,0,0,0
2021-03-02,食用菌,62.044,549.2722,144,14,362.08164,144,8.852946296176906,2.5144558333333333,3,2,0,1,0,0,0,0,0,0,0,0,0,1,0,0,0,0,0
2021-03-03,食用菌,71.027,526.704,138,13,332.69208,138,7.415546200740563,2.4108121739130435,3,3,0,1,0,0,0,0,0,0,0,0,0,0,1,0,0,0,0
2021-03-04,食用菌,72.465,518.853,146,12,323.77572,146,7.1600496791554535,2.217641917808219,3,4,0,1,0,0,0,0,0,0,0,0,0,0,0,1,0,0,0
2021-03-05,食用菌,82.585,663.894,161,12,414.54578000000004,161,8.038917478961071,2.5748185093167706,3,5,0,1,0,0,0,0,0,0,0,0,0,0,0,0,1,0,0
2021-03-06,食用菌,151.214,1130.8700000000001,313,12,750.12855,313,7.478606478236143,2.396576837060703,3,6,0,1,0,0,0,0,0,0,0,0,0,0,0,0,0,1,0
2021-03-07,食用菌,125.428,891.062,246,12,577.2929,246,7.104171317409191,2.346719105691057,3,7,0,1,0,0,0,0,0,0,0,0,0,0,0,0,0,0,1
2021-03-08,食用菌,78.721,646.064,181,12,421.74904,181,8.207009565427267,2.3301051933701658,3,1,0,1,0,0,0,0,0,0,0,0,0,0,0,0,0,0,0
2021-03-09,食用菌,143.511,655.206,217,10,452.85482,217,4.565545498254489,2.0868885714285716,3,2,0,1,0,0,0,0,0,0,0,0,0,1,0,0,0,0,0
2021-03-10,食用菌,91.994,518.711,161,12,330.46926,161,5.638530773746114,2.052604099378882,3,3,0,1,0,0,0,0,0,0,0,0,0,0,1,0,0,0,0
2021-03-11,食用菌,75.477,551.5098,137,13,324.41254,137,7.306991533844748,2.3679747445255472,3,4,0,1,0,0,0,0,0,0,0,0,0,0,0,1,0,0,0
2021-03-12,食用菌,84.232,665.9982,154,14,373.27028,154,7.9067124133346,2.423832987012987,3,5,0,1,0,0,0,0,0,0,0,0,0,0,0,0,1,0,0
2021-03-13,食用菌,101.865,707.574,199,13,432.80325,199,6.946193491385658,2.1748907035175877,3,6,0,1,0,0,0,0,0,0,0,0,0,0,0,0,0,1,0
2021-03-14,食用菌,75.95,535.0,158,11,318.70746,158,7.044107965766952,2.01713582278481,3,7,0,1,0,0,0,0,0,0,0,0,0,0,0,0,0,0,1
2021-03-15,食用菌,40.423,263.0578,73,12,153.31382,73,6.507626846102466,2.100189315068493,3,1,0,1,0,0,0,0,0,0,0,0,0,0,0,0,0,0,0
2021-03-16,食用菌,44.844,318.8598,96,11,195.35426,96,7.110422799036661,2.0349402083333334,3,2,0,1,0,0,0,0,0,0,0,0,0,1,0,0,0,0,0
2021-03-17,食用菌,44.028999999999996,400.6696,103,12,255.96356,103,9.100129460128553,2.4850831067961163,3,3,0,1,0,0,0,0,0,0,0,0,0,0,1,0,0,0,0
2021-03-18,食用菌,65.501,462.69,128,11,272.01614,128,7.063861620433276,2.12512609375,3,4,0,1,0,0,0,0,0,0,0,0,0,0,0,1,0,0,0
2021-03-19,食用菌,69.141,624.0002,160,11,374.9285,160,9.025038689055696,2.343303125,3,5,0,1,0,0,0,0,0,0,0,0,0,0,0,0,1,0,0
2021-03-20,食用菌,77.235,668.4632,186,12,394.53498,186,8.654925875574545,2.121155806451613,3,6,0,1,0,0,0,0,0,0,0,0,0,0,0,0,0,1,0
2021-03-21,食用菌,94.838,716.3892,182,12,407.40048,182,7.553820198654548,2.238464175824176,3,7,0,1,0,0,0,0,0,0,0,0,0,0,0,0,0,0,1
2021-03-22,食用菌,50.663000000000004,435.697,114,11,255.88568999999998,114,8.599905256301442,2.2446113157894736,3,1,0,1,0,0,0,0,0,0,0,0,0,0,0,0,0,0,0
2021-03-23,食用菌,48.174,385.9092,102,13,225.00536,102,8.010736081703824,2.2059349019607843,3,2,0,1,0,0,0,0,0,0,0,0,0,1,0,0,0,0,0
2021-03-24,食用菌,35.583,342.99760000000003,83,12,205.78873,83,9.63936711350926,2.4793822891566264,3,3,0,1,0,0,0,0,0,0,0,0,0,0,1,0,0,0,0
2021-03-25,食用菌,46.89,416.565,106,14,247.6762,106,8.883877159309021,2.336567924528302,3,4,0,1,0,0,0,0,0,0,0,0,0,0,0,1,0,0,0
2021-03-26,食用菌,74.029,468.3618,123,14,260.24479,123,6.326734117710627,2.115811300813008,3,5,0,1,0,0,0,0,0,0,0,0,0,0,0,0,1,0,0
2021-03-27,食用菌,54.344,325.2688,99,11,176.76641,99,5.985367289857206,1.785519292929293,3,6,0,1,0,0,0,0,0,0,0,0,0,0,0,0,0,1,0
2021-03-28,食用菌,55.673,429.55060000000003,127,13,263.91473,127,7.715600021554434,2.0780687401574807,3,7,0,1,0,0,0,0,0,0,0,0,0,0,0,0,0,0,1
2021-03-29,食用菌,47.327,370.217,107,11,232.82198,107,7.8225325923891225,2.175906355140187,3,1,0,1,0,0,0,0,0,0,0,0,0,0,0,0,0,0,0
2021-03-30,食用菌,32.145,305.688,84,10,203.42463,84,9.50965935604293,2.421721785714286,3,2,0,1,0,0,0,0,0,0,0,0,0,1,0,0,0,0,0
2021-03-31,食用菌,45.089,338.807,103,10,211.56651,103,7.514183060169887,2.054043786407767,3,3,0,1,0,0,0,0,0,0,0,0,0,0,1,0,0,0,0
2021-04-01,食用菌,48.978,447.0582,122,12,284.37152,122,9.127734901384295,2.3309140983606556,4,4,0,0,1,0,0,0,0,0,0,0,0,0,0,1,0,0,0
2021-04-02,食用菌,71.484,615.1194,160,13,367.97429999999997,160,8.604994124559344,2.299839375,4,5,0,0,1,0,0,0,0,0,0,0,0,0,0,0,1,0,0
2021-04-03,食用菌,73.999,737.8234,177,11,430.58246,177,9.970721225962514,2.4326692655367235,4,6,0,0,1,0,0,0,0,0,0,0,0,0,0,0,0,1,0
2021-04-04,食用菌,61.539,569.441,155,11,325.75986,155,9.253335283316272,2.1016765161290323,4,7,0,0,1,0,0,0,0,0,0,0,0,0,0,0,0,0,1
2021-04-05,食用菌,68.049,567.784,165,11,342.63358,165,8.343752296139545,2.0765671515151514,4,1,0,0,1,0,0,0,0,0,0,0,0,0,0,0,0,0,0
2021-04-06,食用菌,11.671,124.30000000000001,35,8,77.87746,35,10.650329877474082,2.2250702857142857,4,2,0,0,1,0,0,0,0,0,0,0,0,1,0,0,0,0,0
2021-04-07,食用菌,46.545,387.142,115,13,236.79857,115,8.317585132667311,2.0591180000000002,4,3,0,0,1,0,0,0,0,0,0,0,0,0,1,0,0,0,0
2021-04-08,食用菌,35.491,314.012,76,10,185.93033,76,8.847651517286073,2.4464517105263157,4,4,0,0,1,0,0,0,0,0,0,0,0,0,0,1,0,0,0
2021-04-09,食用菌,31.401,323.211,81,8,202.13973,81,10.293016145982612,2.495552222222222,4,5,0,0,1,0,0,0,0,0,0,0,0,0,0,0,1,0,0
2021-04-10,食用菌,60.287,546.991,147,9,337.08618,147,9.073116924046644,2.2931032653061227,4,6,0,0,1,0,0,0,0,0,0,0,0,0,0,0,0,1,0
2021-04-11,食用菌,52.29,461.49,127,9,278.96894,127,8.825588066551923,2.1966058267716533,4,7,0,0,1,0,0,0,0,0,0,0,0,0,0,0,0,0,1
2021-04-12,食用菌,43.328,334.1364,90,12,185.67976,90,7.711789143279172,2.0631084444444445,4,1,0,0,1,0,0,0,0,0,0,0,0,0,0,0,0,0,0
2021-04-13,食用菌,40.041,273.639,84,10,165.16849,84,6.833970180564922,1.9662915476190475,4,2,0,0,1,0,0,0,0,0,0,0,0,1,0,0,0,0,0
2021-04-14,食用菌,41.387,330.4028,94,11,204.1187,94,7.983250779230193,2.1714755319148935,4,3,0,0,1,0,0,0,0,0,0,0,0,0,1,0,0,0,0
2021-04-15,食用菌,39.167,383.98220000000003,99,11,237.88238,99,9.803717415170935,2.4028523232323233,4,4,0,0,1,0,0,0,0,0,0,0,0,0,0,1,0,0,0
2021-04-16,食用菌,44.191,340.1326,85,11,204.82148,85,7.6968749292842435,2.4096644705882353,4,5,0,0,1,0,0,0,0,0,0,0,0,0,0,0,1,0,0
2021-04-17,食用菌,70.81700000000001,565.912,157,13,373.73783,157,7.991188556420068,2.3804957324840763,4,6,0,0,1,0,0,0,0,0,0,0,0,0,0,0,0,1,0
2021-04-18,食用菌,56.607,425.227,148,13,279.77771,148,7.51191548748388,1.8903899324324325,4,7,0,0,1,0,0,0,0,0,0,0,0,0,0,0,0,0,1
2021-04-19,食用菌,36.293,352.4806,103,11,225.82062,103,9.71208221971179,2.1924332038834953,4,1,0,0,1,0,0,0,0,0,0,0,0,0,0,0,0,0,0
2021-04-20,食用菌,37.651,339.8522,102,10,229.79827,102,9.02637911343656,2.2529242156862743,4,2,0,0,1,0,0,0,0,0,0,0,0,1,0,0,0,0,0
2021-04-21,食用菌,29.198,251.0782,72,11,166.16825,72,8.599157476539489,2.307892361111111,4,3,0,0,1,0,0,0,0,0,0,0,0,0,1,0,0,0,0
2021-04-22,食用菌,40.04,246.313,81,12,157.95275,81,6.151673326673326,1.9500339506172841,4,4,0,0,1,0,0,0,0,0,0,0,0,0,0,1,0,0,0
2021-04-23,食用菌,48.009,418.0328,111,14,258.35405,111,8.707384032160636,2.327513963963964,4,5,0,0,1,0,0,0,0,0,0,0,0,0,0,0,1,0,0
2021-04-24,食用菌,78.6,692.8226,181,12,440.78152,181,8.814536895674301,2.4352570165745857,4,6,0,0,1,0,0,0,0,0,0,0,0,0,0,0,0,1,0
2021-04-25,食用菌,37.692,283.6522,89,9,178.3227,89,7.525527963493579,2.0036258426966294,4,7,0,0,1,0,0,0,0,0,0,0,0,0,0,0,0,0,1
2021-04-26,食用菌,37.392,290.8746,84,11,179.18098,84,7.779059691912708,2.1331069047619047,4,1,0,0,1,0,0,0,0,0,0,0,0,0,0,0,0,0,0
2021-04-27,食用菌,26.08,237.571,77,9,148.81639,77,9.109317484662578,1.9326803896103897,4,2,0,0,1,0,0,0,0,0,0,0,0,1,0,0,0,0,0
2021-04-28,食用菌,32.789,315.888,81,12,194.11648,81,9.633962609411691,2.39649975308642,4,3,0,0,1,0,0,0,0,0,0,0,0,0,1,0,0,0,0
2021-04-29,食用菌,30.748,261.0086,83,11,161.35894,83,8.488636659294913,1.9440836144578313,4,4,0,0,1,0,0,0,0,0,0,0,0,0,0,1,0,0,0
2021-04-30,食用菌,34.021,279.8946,67,12,168.29742,67,8.227112665706477,2.511901791044776,4,5,0,0,1,0,0,0,0,0,0,0,0,0,0,0,1,0,0
2021-05-01,食用菌,50.81,471.3142,120,10,296.2087,120,9.27601259594568,2.4684058333333336,5,6,0,0,0,1,0,0,0,0,0,0,0,0,0,0,0,1,0
2021-05-02,食用菌,45.609,418.017,105,9,260.71912,105,9.165230546602643,2.483039238095238,5,7,0,0,0,1,0,0,0,0,0,0,0,0,0,0,0,0,1
2021-05-03,食用菌,54.995,405.065,118,7,247.90168,118,7.3654877716156015,2.1008616949152543,5,1,0,0,0,1,0,0,0,0,0,0,0,0,0,0,0,0,0
2021-05-04,食用菌,42.643,398.7894,109,8,254.20747,109,9.351813896770865,2.332178623853211,5,2,0,0,0,1,0,0,0,0,0,0,0,1,0,0,0,0,0
2021-05-05,食用菌,60.989,704.9932,161,10,456.91828,161,11.559350046729739,2.838001739130435,5,3,0,0,0,1,0,0,0,0,0,0,0,0,1,0,0,0,0
2021-05-06,食用菌,30.192,316.356,91,8,195.43970000000002,91,10.478139904610492,2.147689010989011,5,4,0,0,0,1,0,0,0,0,0,0,0,0,0,1,0,0,0
2021-05-07,食用菌,32.869,260.2006,79,10,156.68191000000002,79,7.916291946819191,1.9833153164556965,5,5,0,0,0,1,0,0,0,0,0,0,0,0,0,0,1,0,0
2021-05-08,食用菌,32.523,282.526,90,9,190.38557,90,8.686959997540201,2.1153952222222223,5,6,0,0,0,1,0,0,0,0,0,0,0,0,0,0,0,1,0
2021-05-09,食用菌,44.07,437.3044,123,11,276.37673,123,9.922949852507374,2.2469652845528456,5,7,0,0,0,1,0,0,0,0,0,0,0,0,0,0,0,0,1
2021-05-10,食用菌,26.427,243.216,73,8,154.87285,73,9.203314791690318,2.121545890410959,5,1,0,0,0,1,0,0,0,0,0,0,0,0,0,0,0,0,0
2021-05-11,食用菌,29.579,274.0144,92,9,172.98295,92,9.263815544812198,1.880249456521739,5,2,0,0,0,1,0,0,0,0,0,0,0,1,0,0,0,0,0
2021-05-12,食用菌,31.02,244.488,84,9,148.89704,84,7.881624758220503,1.7725838095238096,5,3,0,0,0,1,0,0,0,0,0,0,0,0,1,0,0,0,0
2021-05-13,食用菌,29.537,294.9,86,9,184.66643,86,9.984087754342012,2.1472840697674416,5,4,0,0,0,1,0,0,0,0,0,0,0,0,0,1,0,0,0
2021-05-14,食用菌,28.295,317.63620000000003,99,8,194.27271,99,11.225877363491783,1.962350606060606,5,5,0,0,0,1,0,0,0,0,0,0,0,0,0,0,1,0,0
2021-05-15,食用菌,49.932,476.9222,136,11,298.17297,136,9.551433950172234,2.1924483088235296,5,6,0,0,0,1,0,0,0,0,0,0,0,0,0,0,0,1,0
2021-05-16,食用菌,51.103,482.4928,133,10,299.88786,133,9.441574858618868,2.254795939849624,5,7,0,0,0,1,0,0,0,0,0,0,0,0,0,0,0,0,1
2021-05-17,食用菌,25.733,278.913,86,7,169.92202,86,10.838728480938872,1.9758374418604652,5,1,0,0,0,1,0,0,0,0,0,0,0,0,0,0,0,0,0
2021-05-18,食用菌,27.95,286.23,83,8,175.81461,83,10.240787119856888,2.118248313253012,5,2,0,0,0,1,0,0,0,0,0,0,0,1,0,0,0,0,0
2021-05-19,食用菌,28.798000000000002,309.5048,89,10,185.71803,89,10.747440794499617,2.0867194382022474,5,3,0,0,0,1,0,0,0,0,0,0,0,0,1,0,0,0,0
2021-05-20,食用菌,33.823,325.563,102,12,188.61068,102,9.625491529432635,1.8491243137254902,5,4,0,0,0,1,0,0,0,0,0,0,0,0,0,1,0,0,0
2021-05-21,食用菌,43.516,468.3954,125,12,283.57671,125,10.763751263902932,2.26861368,5,5,0,0,0,1,0,0,0,0,0,0,0,0,0,0,1,0,0
2021-05-22,食用菌,44.951,445.0576,131,9,266.96718,131,9.90094992324976,2.0379174045801527,5,6,0,0,0,1,0,0,0,0,0,0,0,0,0,0,0,1,0
2021-05-23,食用菌,62.384,518.0462,154,10,306.19334,154,8.304151705565529,1.9882684415584415,5,7,0,0,0,1,0,0,0,0,0,0,0,0,0,0,0,0,1
2021-05-24,食用菌,27.807,300.59340000000003,89,10,177.06379,89,10.809990290214696,1.989480786516854,5,1,0,0,0,1,0,0,0,0,0,0,0,0,0,0,0,0,0
2021-05-25,食用菌,33.463,313.0424,98,9,187.0895,98,9.35488151092251,1.9090765306122448,5,2,0,0,0,1,0,0,0,0,0,0,0,1,0,0,0,0,0
2021-05-26,食用菌,30.844,226.7784,72,11,127.23924,72,7.352431591233303,1.7672116666666666,5,3,0,0,0,1,0,0,0,0,0,0,0,0,1,0,0,0,0
2021-05-27,食用菌,17.974,123.8082,39,9,69.47725,39,6.888182930900189,1.7814679487179486,5,4,0,0,0,1,0,0,0,0,0,0,0,0,0,1,0,0,0
2021-05-28,食用菌,26.113,255.3732,80,10,150.86254,80,9.779542756481446,1.88578175,5,5,0,0,0,1,0,0,0,0,0,0,0,0,0,0,1,0,0
2021-05-29,食用菌,34.14,300.7854,93,12,176.22891,93,8.810351493848858,1.8949345161290323,5,6,0,0,0,1,0,0,0,0,0,0,0,0,0,0,0,1,0
2021-05-30,食用菌,31.326,357.1976,106,7,221.61814999999999,106,11.402592096022474,2.090737264150943,5,7,0,0,0,1,0,0,0,0,0,0,0,0,0,0,0,0,1
2021-05-31,食用菌,33.153999999999996,343.9602,97,11,217.32853,97,10.374621463473488,2.2405003092783504,5,1,0,0,0,1,0,0,0,0,0,0,0,0,0,0,0,0,0
2021-06-01,食用菌,33.668,390.05580000000003,100,13,257.16237,100,11.58535701556374,2.5716237,6,2,0,0,0,0,1,0,0,0,0,0,0,1,0,0,0,0,0
2021-06-02,食用菌,42.287,414.951,117,13,266.12687,117,9.812732045309433,2.2745886324786326,6,3,0,0,0,0,1,0,0,0,0,0,0,0,1,0,0,0,0
2021-06-03,食用菌,47.565,432.7986,106,13,276.90169000000003,106,9.09909807631662,2.612280094339623,6,4,0,0,0,0,1,0,0,0,0,0,0,0,0,1,0,0,0
2021-06-04,食用菌,45.128,456.2778,80,13,293.8832,80,10.110747207941854,3.67354,6,5,0,0,0,0,1,0,0,0,0,0,0,0,0,0,1,0,0
2021-06-05,食用菌,37.660000000000004,256.9118,80,12,155.87157,80,6.821874668082847,1.948394625,6,6,0,0,0,0,1,0,0,0,0,0,0,0,0,0,0,1,0
2021-06-06,食用菌,31.525,306.1988,90,12,188.46112,90,9.712888183980969,2.0940124444444446,6,7,0,0,0,0,1,0,0,0,0,0,0,0,0,0,0,0,1
2021-06-07,食用菌,27.872,251.323,81,10,155.47108,81,9.017042192881746,1.919396049382716,6,1,0,0,0,0,1,0,0,0,0,0,0,0,0,0,0,0,0
2021-06-08,食用菌,26.378,295.4006,87,8,188.42364,87,11.198748957464554,2.1657889655172413,6,2,0,0,0,0,1,0,0,0,0,0,0,1,0,0,0,0,0
2021-06-09,食用菌,30.699,351.7652,94,12,221.64218,94,11.458523078927652,2.3578955319148935,6,3,0,0,0,0,1,0,0,0,0,0,0,0,1,0,0,0,0
2021-06-10,食用菌,26.045,256.8642,80,9,165.32862,80,9.862322902668456,2.06660775,6,4,0,0,0,0,1,0,0,0,0,0,0,0,0,1,0,0,0
2021-06-11,食用菌,23.699,288.1514,97,12,195.88207,97,12.158799949364953,2.0194027835051545,6,5,0,0,0,0,1,0,0,0,0,0,0,0,0,0,1,0,0
2021-06-12,食用菌,61.339,723.0954,187,12,497.56714999999997,187,11.78850975725069,2.6607868983957217,6,6,0,0,0,0,1,0,0,0,0,0,0,0,0,0,0,1,0
2021-06-13,食用菌,73.12,913.752,222,8,634.9049699999999,222,12.496608315098467,2.859932297297297,6,7,0,0,0,0,1,0,0,0,0,0,0,0,0,0,0,0,1
2021-06-14,食用菌,56.049,635.4052,176,12,418.04876,176,11.33660190190726,2.3752770454545455,6,1,0,0,0,0,1,0,0,0,0,0,0,0,0,0,0,0,0
2021-06-15,食用菌,31.346,272.3302,90,13,175.48325,90,8.687877241115293,1.949813888888889,6,2,0,0,0,0,1,0,0,0,0,0,0,1,0,0,0,0,0
2021-06-16,食用菌,29.826,253.322,79,10,148.77167,79,8.493327968886206,1.8831856962025317,6,3,0,0,0,0,1,0,0,0,0,0,0,0,1,0,0,0,0
2021-06-17,食用菌,22.835,248.197,74,9,151.12881000000002,74,10.869148237354937,2.0422812162162165,6,4,0,0,0,0,1,0,0,0,0,0,0,0,0,1,0,0,0
2021-06-18,食用菌,29.867,295.102,89,11,177.20542,89,9.880537047577594,1.9910721348314606,6,5,0,0,0,0,1,0,0,0,0,0,0,0,0,0,1,0,0
2021-06-19,食用菌,39.484,393.3918,113,12,252.7587,113,9.963321851889372,2.236802654867257,6,6,0,0,0,0,1,0,0,0,0,0,0,0,0,0,0,1,0
2021-06-20,食用菌,38.578,466.74580000000003,130,11,300.41955,130,12.0987557675359,2.3109196153846154,6,7,0,0,0,0,1,0,0,0,0,0,0,0,0,0,0,0,1
2021-06-21,食用菌,22.575,282.1898,79,7,180.65931,79,12.50010188261351,2.2868267088607594,6,1,0,0,0,0,1,0,0,0,0,0,0,0,0,0,0,0,0
2021-06-22,食用菌,28.965,271.555,80,10,176.08819,80,9.375280510961506,2.201102375,6,2,0,0,0,0,1,0,0,0,0,0,0,1,0,0,0,0,0
2021-06-23,食用菌,31.601,345.6714,106,12,225.42148,106,10.938622195500143,2.126617735849057,6,3,0,0,0,0,1,0,0,0,0,0,0,0,1,0,0,0,0
2021-06-24,食用菌,30.855,292.6938,96,13,189.13513,96,9.486105979581916,1.9701576041666666,6,4,0,0,0,0,1,0,0,0,0,0,0,0,0,1,0,0,0
2021-06-25,食用菌,32.537,365.6764,100,8,242.11778,100,11.238786612164613,2.4211778,6,5,0,0,0,0,1,0,0,0,0,0,0,0,0,0,1,0,0
2021-06-26,食用菌,45.592999999999996,497.6542,152,10,340.42927,152,10.91514486872985,2.23966625,6,6,0,0,0,0,1,0,0,0,0,0,0,0,0,0,0,1,0
2021-06-27,食用菌,49.14,574.2844,171,12,404.82341,171,11.686699226699227,2.3673883625730996,6,7,0,0,0,0,1,0,0,0,0,0,0,0,0,0,0,0,1
2021-06-28,食用菌,33.153,366.3578,113,12,247.81505,113,11.050517298585348,2.193053539823009,6,1,0,0,0,0,1,0,0,0,0,0,0,0,0,0,0,0,0
2021-06-29,食用菌,24.389,247.1494,80,10,164.22334,80,10.133642215753005,2.05279175,6,2,0,0,0,0,1,0,0,0,0,0,0,1,0,0,0,0,0
2021-06-30,食用菌,41.197,410.3296,117,13,273.15585,117,9.960181566618928,2.3346653846153846,6,3,0,0,0,0,1,0,0,0,0,0,0,0,1,0,0,0,0
2021-07-01,食用菌,32.29,342.541,96,11,220.07749,96,10.608268813874265,2.292473854166667,7,4,0,0,0,0,0,1,0,0,0,0,0,0,0,1,0,0,0
2021-07-02,食用菌,34.247,357.5962,89,11,229.62874,89,10.441679563173418,2.580098202247191,7,5,0,0,0,0,0,1,0,0,0,0,0,0,0,0,1,0,0
2021-07-03,食用菌,63.919,779.425,200,13,497.40024,200,12.19394859118572,2.4870012,7,6,0,0,0,0,0,1,0,0,0,0,0,0,0,0,0,1,0
2021-07-04,食用菌,44.466,486.5004,129,14,316.06594,129,10.940952637970584,2.450123565891473,7,7,0,0,0,0,0,1,0,0,0,0,0,0,0,0,0,0,1
2021-07-05,食用菌,39.351,417.1782,117,13,272.37297,117,10.601463749332927,2.3279741025641028,7,1,0,0,0,0,0,1,0,0,0,0,0,0,0,0,0,0,0
2021-07-06,食用菌,34.499,454.40500000000003,112,12,271.76288999999997,112,13.171541204092872,2.4264543749999996,7,2,0,0,0,0,0,1,0,0,0,0,0,1,0,0,0,0,0
2021-07-07,食用菌,24.479,301.2616,90,9,188.49995,90,12.306940643000122,2.094443888888889,7,3,0,0,0,0,0,1,0,0,0,0,0,0,1,0,0,0,0
2021-07-08,食用菌,33.513,320.6794,89,10,186.93959,89,9.568806134932712,2.100444831460674,7,4,0,0,0,0,0,1,0,0,0,0,0,0,0,1,0,0,0
2021-07-09,食用菌,24.522,255.6628,72,10,147.6012,72,10.425854334882963,2.0500166666666666,7,5,0,0,0,0,0,1,0,0,0,0,0,0,0,0,1,0,0
2021-07-10,食用菌,41.077,405.5076,117,12,238.86667,117,9.871889378484312,2.04159547008547,7,6,0,0,0,0,0,1,0,0,0,0,0,0,0,0,0,1,0
2021-07-11,食用菌,37.96,325.959,96,10,189.01907,96,8.58690727081138,1.9689486458333334,7,7,0,0,0,0,0,1,0,0,0,0,0,0,0,0,0,0,1
2021-07-12,食用菌,24.080000000000002,161.5922,47,9,94.868,47,6.71063953488372,2.0184680851063828,7,1,0,0,0,0,0,1,0,0,0,0,0,0,0,0,0,0,0
2021-07-13,食用菌,18.59,189.124,56,8,108.68039,56,10.173426573426573,1.94072125,7,2,0,0,0,0,0,1,0,0,0,0,0,1,0,0,0,0,0
2021-07-14,食用菌,43.512,472.9676,120,12,281.0502,120,10.86981981981982,2.342085,7,3,0,0,0,0,0,1,0,0,0,0,0,0,1,0,0,0,0
2021-07-15,食用菌,29.008,302.82620000000003,71,10,188.81009,71,10.439402923331496,2.659297042253521,7,4,0,0,0,0,0,1,0,0,0,0,0,0,0,1,0,0,0
2021-07-16,食用菌,47.644,477.731,115,11,290.38517,115,10.027096801276132,2.525088434782609,7,5,0,0,0,0,0,1,0,0,0,0,0,0,0,0,1,0,0
2021-07-17,食用菌,46.115,520.0804,148,9,323.6739,148,11.277900899924104,2.186985810810811,7,6,0,0,0,0,0,1,0,0,0,0,0,0,0,0,0,1,0
2021-07-18,食用菌,43.166,495.52660000000003,125,10,304.30505,125,11.479557985451514,2.4344404,7,7,0,0,0,0,0,1,0,0,0,0,0,0,0,0,0,0,1
2021-07-19,食用菌,40.629,371.048,95,9,236.39792,95,9.132590021905536,2.4883991578947366,7,1,0,0,0,0,0,1,0,0,0,0,0,0,0,0,0,0,0
2021-07-20,食用菌,27.025,315.734,88,9,194.88721,88,11.683034227567067,2.2146273863636363,7,2,0,0,0,0,0,1,0,0,0,0,0,1,0,0,0,0,0
2021-07-21,食用菌,36.182,370.4296,99,12,225.05829,99,10.237952573102646,2.2733160606060605,7,3,0,0,0,0,0,1,0,0,0,0,0,0,1,0,0,0,0
2021-07-22,食用菌,31.031,311.7148,87,8,189.6605,87,10.045270858174085,2.180005747126437,7,4,0,0,0,0,0,1,0,0,0,0,0,0,0,1,0,0,0
2021-07-23,食用菌,28.61,371.2368,102,9,225.33855,102,12.975770709542118,2.2092014705882352,7,5,0,0,0,0,0,1,0,0,0,0,0,0,0,0,1,0,0
2021-07-24,食用菌,35.038,464.90540000000004,110,12,265.14197,110,13.268605514013359,2.4103815454545456,7,6,0,0,0,0,0,1,0,0,0,0,0,0,0,0,0,1,0
2021-07-25,食用菌,36.532000000000004,532.1476,129,9,324.64094,129,14.56661556991131,2.516596434108527,7,7,0,0,0,0,0,1,0,0,0,0,0,0,0,0,0,0,1
2021-07-26,食用菌,30.861,434.8576,108,9,265.44505,108,14.090846051650951,2.457824537037037,7,1,0,0,0,0,0,1,0,0,0,0,0,0,0,0,0,0,0
2021-07-27,食用菌,29.008,374.1788,96,9,225.76155,96,12.899158852730283,2.3516828125,7,2,0,0,0,0,0,1,0,0,0,0,0,1,0,0,0,0,0
2021-07-28,食用菌,35.805,377.714,100,11,233.45076,100,10.54919703951962,2.3345076000000002,7,3,0,0,0,0,0,1,0,0,0,0,0,0,1,0,0,0,0
2021-07-29,食用菌,26.28,332.216,85,10,208.26154,85,12.641400304414002,2.450135764705882,7,4,0,0,0,0,0,1,0,0,0,0,0,0,0,1,0,0,0
2021-07-30,食用菌,28.865,370.7968,93,10,224.10354999999998,93,12.845896414342631,2.409715591397849,7,5,0,0,0,0,0,1,0,0,0,0,0,0,0,0,1,0,0
2021-07-31,食用菌,44.434,444.371,118,10,270.27987,118,10.000697663951028,2.290507372881356,7,6,0,0,0,0,0,1,0,0,0,0,0,0,0,0,0,1,0
2021-08-01,食用菌,42.846000000000004,511.70980000000003,139,8,314.53296,139,11.943000513466835,2.262827050359712,8,7,0,0,0,0,0,0,1,0,0,0,0,0,0,0,0,0,1
2021-08-02,食用菌,56.195,625.5228000000001,142,11,383.69722,142,11.131289260610377,2.7020930985915492,8,1,0,0,0,0,0,0,1,0,0,0,0,0,0,0,0,0,0
2021-08-03,食用菌,42.284,608.0310000000001,130,10,374.00032,130,14.37969444707218,2.8769255384615384,8,2,0,0,0,0,0,0,1,0,0,0,0,1,0,0,0,0,0
2021-08-04,食用菌,49.558,618.616,147,10,377.38241999999997,147,12.482666774284676,2.5672273469387754,8,3,0,0,0,0,0,0,1,0,0,0,0,0,1,0,0,0,0
2021-08-05,食用菌,58.355,635.8422,155,11,400.58741,155,10.896104875332021,2.5844349032258065,8,4,0,0,0,0,0,0,1,0,0,0,0,0,0,1,0,0,0
2021-08-06,食用菌,51.397,616.4218000000001,151,11,387.44528,151,11.993342023853534,2.565862781456954,8,5,0,0,0,0,0,0,1,0,0,0,0,0,0,0,1,0,0
2021-08-07,食用菌,42.763,389.0528,111,11,230.78941,111,9.097883684493604,2.0791838738738737,8,6,0,0,0,0,0,0,1,0,0,0,0,0,0,0,0,1,0
2021-08-08,食用菌,46.133,338.89,100,10,200.93312,100,7.3459345804521705,2.0093312,8,7,0,0,0,0,0,0,1,0,0,0,0,0,0,0,0,0,1
2021-08-09,食用菌,31.739,281.6228,79,11,172.80691,79,8.873083588014744,2.187429240506329,8,1,0,0,0,0,0,0,1,0,0,0,0,0,0,0,0,0,0
2021-08-10,食用菌,29.787,274.8276,72,10,168.26541,72,9.226427636217142,2.3370195833333334,8,2,0,0,0,0,0,0,1,0,0,0,0,1,0,0,0,0,0
2021-08-11,食用菌,34.304,313.33320000000003,78,11,183.9145,78,9.134013526119404,2.357878205128205,8,3,0,0,0,0,0,0,1,0,0,0,0,0,1,0,0,0,0
2021-08-12,食用菌,40.144,364.8068,90,11,217.88134,90,9.087455161418893,2.4209037777777778,8,4,0,0,0,0,0,0,1,0,0,0,0,0,0,1,0,0,0
2021-08-13,食用菌,50.122,457.1332,116,11,280.44319,116,9.120410199114161,2.4176137068965518,8,5,0,0,0,0,0,0,1,0,0,0,0,0,0,0,1,0,0
2021-08-14,食用菌,49.995,530.7826,125,11,316.87716,125,10.616713671367137,2.53501728,8,6,0,0,0,0,0,0,1,0,0,0,0,0,0,0,0,1,0
2021-08-15,食用菌,51.462,439.99240000000003,108,11,254.13029,108,8.549850375034005,2.3530582407407405,8,7,0,0,0,0,0,0,1,0,0,0,0,0,0,0,0,0,1
2021-08-16,食用菌,33.844,311.0786,79,9,176.69574,79,9.19154355277154,2.236654936708861,8,1,0,0,0,0,0,0,1,0,0,0,0,0,0,0,0,0,0
2021-08-17,食用菌,47.653999999999996,379.826,97,11,222.49227,97,7.970495656188358,2.293734742268041,8,2,0,0,0,0,0,0,1,0,0,0,0,1,0,0,0,0,0
2021-08-18,食用菌,28.983999999999998,221.6256,57,9,136.12975,57,7.646480817002485,2.3882412280701755,8,3,0,0,0,0,0,0,1,0,0,0,0,0,1,0,0,0,0
2021-08-19,食用菌,27.623,244.9684,67,10,147.52991,67,8.86827643630308,2.2019389552238806,8,4,0,0,0,0,0,0,1,0,0,0,0,0,0,1,0,0,0
2021-08-20,食用菌,33.817,302.3642,74,10,182.75673,74,8.941189342638317,2.4696855405405405,8,5,0,0,0,0,0,0,1,0,0,0,0,0,0,0,1,0,0
2021-08-21,食用菌,40.554,450.8808,106,10,266.47267,106,11.118035212309513,2.5138931132075473,8,6,0,0,0,0,0,0,1,0,0,0,0,0,0,0,0,1,0
2021-08-22,食用菌,33.037,304.3498,85,8,185.82448,85,9.212392166358931,2.1861703529411765,8,7,0,0,0,0,0,0,1,0,0,0,0,0,0,0,0,0,1
2021-08-23,食用菌,32.389,306.7326,83,10,181.34411,83,9.47027077094075,2.184868795180723,8,1,0,0,0,0,0,0,1,0,0,0,0,0,0,0,0,0,0
2021-08-24,食用菌,35.481,303.4306,78,10,176.79791,78,8.551917927905077,2.266639871794872,8,2,0,0,0,0,0,0,1,0,0,0,0,1,0,0,0,0,0
2021-08-25,食用菌,27.52,229.6356,61,10,132.20086,61,8.344316860465117,2.1672272131147543,8,3,0,0,0,0,0,0,1,0,0,0,0,0,1,0,0,0,0
2021-08-26,食用菌,41.079,402.6154,92,11,234.89726,92,9.801002945543953,2.553231086956522,8,4,0,0,0,0,0,0,1,0,0,0,0,0,0,1,0,0,0
2021-08-27,食用菌,52.541,464.837,116,11,277.3966,116,8.847128908852135,2.3913499999999996,8,5,0,0,0,0,0,0,1,0,0,0,0,0,0,0,1,0,0
2021-08-28,食用菌,52.56,527.8882,137,12,314.15171,137,10.04353500761035,2.293078175182482,8,6,0,0,0,0,0,0,1,0,0,0,0,0,0,0,0,1,0
2021-08-29,食用菌,53.324,455.6714,107,13,274.2772,107,8.54533418348211,2.5633383177570095,8,7,0,0,0,0,0,0,1,0,0,0,0,0,0,0,0,0,1
2021-08-30,食用菌,40.224000000000004,349.386,90,11,209.52548,90,8.686008353221958,2.328060888888889,8,1,0,0,0,0,0,0,1,0,0,0,0,0,0,0,0,0,0
2021-08-31,食用菌,36.634,308.24760000000003,95,11,183.58896000000001,95,8.414249058251897,1.9325153684210528,8,2,0,0,0,0,0,0,1,0,0,0,0,1,0,0,0,0,0
2021-09-01,食用菌,55.186,425.3782,107,10,254.51281,107,7.708081759866633,2.3786243925233643,9,3,0,0,0,0,0,0,0,1,0,0,0,0,1,0,0,0,0
2021-09-02,食用菌,32.764,255.604,70,11,150.72317999999999,70,7.80136735441338,2.1531882857142857,9,4,0,0,0,0,0,0,0,1,0,0,0,0,0,1,0,0,0
2021-09-03,食用菌,39.012,330.47860000000003,87,12,193.59749,87,8.47120373218497,2.2252585057471266,9,5,0,0,0,0,0,0,0,1,0,0,0,0,0,0,1,0,0
2021-09-04,食用菌,58.438,524.7168,132,12,304.96948000000003,132,8.979034190081796,2.3103748484848485,9,6,0,0,0,0,0,0,0,1,0,0,0,0,0,0,0,1,0
2021-09-05,食用菌,52.111000000000004,484.7808,117,10,286.49080000000004,117,9.302849686246665,2.4486393162393165,9,7,0,0,0,0,0,0,0,1,0,0,0,0,0,0,0,0,1
2021-09-06,食用菌,32.722,310.1572,77,12,179.32361,77,9.478552655705641,2.328878051948052,9,1,0,0,0,0,0,0,0,1,0,0,0,0,0,0,0,0,0
2021-09-07,食用菌,36.81,291.8492,84,12,170.44903,84,7.92853029068188,2.029155119047619,9,2,0,0,0,0,0,0,0,1,0,0,0,1,0,0,0,0,0
2021-09-08,食用菌,37.664,309.332,84,12,179.41417,84,8.212935429056923,2.1358829761904765,9,3,0,0,0,0,0,0,0,1,0,0,0,0,1,0,0,0,0
2021-09-09,食用菌,35.983,281.8588,76,11,163.41290999999998,76,7.833110079759886,2.1501698684210524,9,4,0,0,0,0,0,0,0,1,0,0,0,0,0,1,0,0,0
2021-09-10,食用菌,28.48,268.8094,68,10,158.06864000000002,68,9.438532303370787,2.324538823529412,9,5,0,0,0,0,0,0,0,1,0,0,0,0,0,0,1,0,0
2021-09-11,食用菌,51.94,437.5758,111,11,261.53987,111,8.424639969195226,2.356215045045045,9,6,0,0,0,0,0,0,0,1,0,0,0,0,0,0,0,1,0
2021-09-12,食用菌,47.538,407.1038,105,11,235.73398,105,8.563755311540241,2.2450855238095238,9,7,0,0,0,0,0,0,0,1,0,0,0,0,0,0,0,0,1
2021-09-13,食用菌,23.196,275.241,65,8,154.21955,65,11.865882048629073,2.3726084615384617,9,1,0,0,0,0,0,0,0,1,0,0,0,0,0,0,0,0,0
2021-09-14,食用菌,26.189,230.7906,63,10,139.3155,63,8.81250143189889,2.2113571428571426,9,2,0,0,0,0,0,0,0,1,0,0,0,1,0,0,0,0,0
2021-09-15,食用菌,27.059,238.1368,62,10,141.4832,62,8.800650430540669,2.2819870967741935,9,3,0,0,0,0,0,0,0,1,0,0,0,0,1,0,0,0,0
2021-09-16,食用菌,38.913000000000004,384.12780000000004,97,10,233.15528,97,9.871451699946034,2.403662680412371,9,4,0,0,0,0,0,0,0,1,0,0,0,0,0,1,0,0,0
2021-09-17,食用菌,33.650999999999996,355.5196,90,12,227.52045999999999,90,10.564904460491517,2.528005111111111,9,5,0,0,0,0,0,0,0,1,0,0,0,0,0,0,1,0,0
2021-09-18,食用菌,41.645,415.46320000000003,103,11,266.27174,103,9.97630447832873,2.585162524271845,9,6,0,0,0,0,0,0,0,1,0,0,0,0,0,0,0,1,0
2021-09-19,食用菌,113.493,1367.9322,297,11,851.27621,297,12.053009436705347,2.8662498653198654,9,7,0,0,0,0,0,0,0,1,0,0,0,0,0,0,0,0,1
2021-09-20,食用菌,92.289,1175.2796,261,11,717.41081,261,12.734774458494512,2.7487004214559385,9,1,0,0,0,0,0,0,0,1,0,0,0,0,0,0,0,0,0
2021-09-21,食用菌,81.116,1022.6990000000001,207,11,627.33926,207,12.607857882538587,3.0306244444444443,9,2,0,0,0,0,0,0,0,1,0,0,0,1,0,0,0,0,0
2021-09-22,食用菌,36.948,358.65160000000003,94,12,221.66225,94,9.706928656490204,2.3581090425531914,9,3,0,0,0,0,0,0,0,1,0,0,0,0,1,0,0,0,0
2021-09-23,食用菌,33.475,350.4852,87,11,218.83419,87,10.470058252427185,2.5153355172413794,9,4,0,0,0,0,0,0,0,1,0,0,0,0,0,1,0,0,0
2021-09-24,食用菌,40.365,415.11760000000004,95,11,251.04219,95,10.284097609315001,2.6425493684210526,9,5,0,0,0,0,0,0,0,1,0,0,0,0,0,0,1,0,0
2021-09-25,食用菌,38.452,381.61400000000003,105,8,225.85106,105,9.924425257463852,2.150962476190476,9,6,0,0,0,0,0,0,0,1,0,0,0,0,0,0,0,1,0
2021-09-26,食用菌,19.576999999999998,111.2372,28,5,65.23169,28,5.682035041119682,2.3297032142857144,9,7,0,0,0,0,0,0,0,1,0,0,0,0,0,0,0,0,1
2021-09-27,食用菌,7.713,38.7008,11,3,23.186,11,5.017606638143394,2.107818181818182,9,1,0,0,0,0,0,0,0,1,0,0,0,0,0,0,0,0,0
2021-09-28,食用菌,15.648,62.4968,19,4,37.686,19,3.993916155419223,1.9834736842105263,9,2,0,0,0,0,0,0,0,1,0,0,0,1,0,0,0,0,0
2021-09-29,食用菌,8.773,63.5968,13,3,38.22526,13,7.249150803601961,2.9404046153846153,9,3,0,0,0,0,0,0,0,1,0,0,0,0,1,0,0,0,0
2021-09-30,食用菌,15.037,86.6992,17,3,52.681,17,5.765724546119571,3.0988823529411764,9,4,0,0,0,0,0,0,0,1,0,0,0,0,0,1,0,0,0
2021-10-01,食用菌,14.868,108.7488,25,2,67.764,25,7.314285714285714,2.7105599999999996,10,5,0,0,0,0,0,0,0,0,1,0,0,0,0,0,1,0,0
2021-10-02,食用菌,18.965,96.744,25,3,59.975,25,5.101186395992618,2.399,10,6,0,0,0,0,0,0,0,0,1,0,0,0,0,0,0,1,0
2021-10-03,食用菌,28.374,155.3784,37,3,96.512,37,5.476083738633961,2.6084324324324326,10,7,0,0,0,0,0,0,0,0,1,0,0,0,0,0,0,0,1
2021-10-04,食用菌,24.234,122.0544,31,3,75.882,31,5.03649418172815,2.4478064516129034,10,1,0,0,0,0,0,0,0,0,1,0,0,0,0,0,0,0,0
2021-10-05,食用菌,24.983999999999998,102.36359999999999,29,4,64.36655999999999,29,4.09716618635927,2.2195365517241377,10,2,0,0,0,0,0,0,0,0,1,0,0,1,0,0,0,0,0
2021-10-06,食用菌,55.723,622.3236,162,6,440.81407,162,11.168163953843118,2.7210745061728394,10,3,0,0,0,0,0,0,0,0,1,0,0,0,1,0,0,0,0
2021-10-07,食用菌,45.794,475.87440000000004,121,3,329.0156,121,10.391632091540378,2.7191371900826447,10,4,0,0,0,0,0,0,0,0,1,0,0,0,0,1,0,0,0
2021-10-08,食用菌,50.073,537.4848000000001,141,3,372.1152,141,10.734024324486251,2.6391148936170215,10,5,0,0,0,0,0,0,0,0,1,0,0,0,0,0,1,0,0
2021-10-09,食用菌,33.339999999999996,312.232,85,3,195.156,85,9.365086982603481,2.2959529411764708,10,6,0,0,0,0,0,0,0,0,1,0,0,0,0,0,0,1,0
2021-10-10,食用菌,78.234,700.3340000000001,182,5,438.7616,182,8.951785668635122,2.4107780219780217,10,7,0,0,0,0,0,0,0,0,1,0,0,0,0,0,0,0,1
2021-10-11,食用菌,26.96,156.23600000000002,41,4,94.324,41,5.795103857566766,2.3005853658536584,10,1,0,0,0,0,0,0,0,0,1,0,0,0,0,0,0,0,0
2021-10-12,食用菌,38.769,303.0844,75,5,190.5996,75,7.817699708530012,2.541328,10,2,0,0,0,0,0,0,0,0,1,0,0,1,0,0,0,0,0
2021-10-13,食用菌,39.51,376.798,84,5,236.714,84,9.53677549987345,2.8180238095238095,10,3,0,0,0,0,0,0,0,0,1,0,0,0,1,0,0,0,0
2021-10-14,食用菌,28.438,314.5724,79,4,197.8112,79,11.061692102116886,2.5039392405063294,10,4,0,0,0,0,0,0,0,0,1,0,0,0,0,1,0,0,0
2021-10-15,食用菌,84.89,971.1220000000001,140,5,611.796,140,11.439769112969726,4.369971428571429,10,5,0,0,0,0,0,0,0,0,1,0,0,0,0,0,1,0,0
2021-10-16,食用菌,73.514,664.2024,149,5,403.0236,149,9.035046385722447,2.704856375838926,10,6,0,0,0,0,0,0,0,0,1,0,0,0,0,0,0,1,0
2021-10-17,食用菌,37.224,222.63840000000002,53,5,130.8976,53,5.981044487427467,2.4697660377358495,10,7,0,0,0,0,0,0,0,0,1,0,0,0,0,0,0,0,1
2021-10-18,食用菌,21.7,101.72,28,4,61.04,28,4.687557603686636,2.18,10,1,0,0,0,0,0,0,0,0,1,0,0,0,0,0,0,0,0
2021-10-19,食用菌,22.055,108.388,28,4,72.56200000000001,28,4.914441169802766,2.5915000000000004,10,2,0,0,0,0,0,0,0,0,1,0,0,1,0,0,0,0,0
2021-10-20,食用菌,30.306,131.3096,36,4,86.0556,36,4.332792186365736,2.390433333333333,10,3,0,0,0,0,0,0,0,0,1,0,0,0,1,0,0,0,0
2021-10-21,食用菌,32.022,167.67520000000002,38,4,94.96622,38,5.236250078071326,2.499111052631579,10,4,0,0,0,0,0,0,0,0,1,0,0,0,0,1,0,0,0
2021-10-22,食用菌,29.685,152.596,34,3,89.8337,34,5.140508674414688,2.642167647058823,10,5,0,0,0,0,0,0,0,0,1,0,0,0,0,0,1,0,0
2021-10-23,食用菌,87.828,731.548,179,4,549.20304,179,8.329325499840598,3.068173407821229,10,6,0,0,0,0,0,0,0,0,1,0,0,0,0,0,0,1,0
2021-10-24,食用菌,55.632,461.512,116,4,293.66488,116,8.295800977854473,2.5315937931034482,10,7,0,0,0,0,0,0,0,0,1,0,0,0,0,0,0,0,1
2021-10-25,食用菌,46.731,396.696,98,3,256.67205,98,8.488925980612441,2.6191025510204082,10,1,0,0,0,0,0,0,0,0,1,0,0,0,0,0,0,0,0
2021-10-26,食用菌,48.637,420.192,114,5,275.90398,114,8.639348644036433,2.420210350877193,10,2,0,0,0,0,0,0,0,0,1,0,0,1,0,0,0,0,0
2021-10-27,食用菌,35.369,327.904,90,4,213.76343,90,9.270943481579915,2.3751492222222224,10,3,0,0,0,0,0,0,0,0,1,0,0,0,1,0,0,0,0
2021-10-28,食用菌,31.659,330.044,87,3,217.2854,87,10.424966044410752,2.4975333333333336,10,4,0,0,0,0,0,0,0,0,1,0,0,0,0,1,0,0,0
2021-10-29,食用菌,47.926,413.364,115,3,294.78892,115,8.625046947377205,2.5633819130434783,10,5,0,0,0,0,0,0,0,0,1,0,0,0,0,0,1,0,0
2021-10-30,食用菌,79.731,692.934,168,3,451.8352,168,8.690898145012605,2.689495238095238,10,6,0,0,0,0,0,0,0,0,1,0,0,0,0,0,0,1,0
2021-10-31,食用菌,75.305,689.213,178,7,444.54294999999996,178,9.152287364716816,2.497432303370786,10,7,0,0,0,0,0,0,0,0,1,0,0,0,0,0,0,0,1
2021-11-01,食用菌,40.999,381.0138,87,5,241.79391,87,9.293246176736018,2.779240344827586,11,1,0,0,0,0,0,0,0,0,0,1,0,0,0,0,0,0,0
2021-11-02,食用菌,49.667,414.8628,104,5,252.87725,104,8.35288622224012,2.431512019230769,11,2,0,0,0,0,0,0,0,0,0,1,0,1,0,0,0,0,0
2021-11-03,食用菌,77.957,657.8340000000001,172,5,425.1503,172,8.438421180907424,2.471804069767442,11,3,0,0,0,0,0,0,0,0,0,1,0,0,1,0,0,0,0
2021-11-04,食用菌,58.122,633.5156000000001,155,5,376.82458,155,10.899755686314993,2.431126322580645,11,4,0,0,0,0,0,0,0,0,0,1,0,0,0,1,0,0,0
2021-11-05,食用菌,104.608,959.3960000000001,240,4,576.38544,240,9.171344447843378,2.401606,11,5,0,0,0,0,0,0,0,0,0,1,0,0,0,0,1,0,0
2021-11-06,食用菌,128.993,1282.1978,301,5,700.33052,301,9.940057212406874,2.326679468438538,11,6,0,0,0,0,0,0,0,0,0,1,0,0,0,0,0,1,0
2021-11-07,食用菌,155.029,1448.5414,339,5,803.86819,339,9.343680214669513,2.3712925958702065,11,7,0,0,0,0,0,0,0,0,0,1,0,0,0,0,0,0,1
2021-11-08,食用菌,58.558,583.904,156,4,324.32844,156,9.9713788039209,2.0790284615384613,11,1,0,0,0,0,0,0,0,0,0,1,0,0,0,0,0,0,0
2021-11-09,食用菌,52.288,567.844,134,4,313.51192,134,10.859929620563037,2.3396411940298507,11,2,0,0,0,0,0,0,0,0,0,1,0,1,0,0,0,0,0
2021-11-10,食用菌,48.096000000000004,487.24,114,4,251.60876,114,10.130572188955423,2.207094385964912,11,3,0,0,0,0,0,0,0,0,0,1,0,0,1,0,0,0,0
2021-11-11,食用菌,47.256,449.82800000000003,102,4,225.88964,102,9.518960555273406,2.2146043137254905,11,4,0,0,0,0,0,0,0,0,0,1,0,0,0,1,0,0,0
2021-11-12,食用菌,55.136,607.74,138,4,301.41912,138,11.022562391178177,2.1841965217391306,11,5,0,0,0,0,0,0,0,0,0,1,0,0,0,0,1,0,0
2021-11-13,食用菌,56.321,625.94,146,4,314.92298999999997,146,11.11379414428011,2.1570067808219178,11,6,0,0,0,0,0,0,0,0,0,1,0,0,0,0,0,1,0
2021-11-14,食用菌,71.072,815.024,169,4,464.59434,169,11.467582170193607,2.7490789349112426,11,7,0,0,0,0,0,0,0,0,0,1,0,0,0,0,0,0,1
2021-11-15,食用菌,30.631,286.188,80,4,172.19836,80,9.343083803989423,2.1524795,11,1,0,0,0,0,0,0,0,0,0,1,0,0,0,0,0,0,0
2021-11-16,食用菌,20.218,120.604,35,4,78.92168,35,5.9651795429815015,2.2549051428571425,11,2,0,0,0,0,0,0,0,0,0,1,0,1,0,0,0,0,0
2021-11-17,食用菌,27.986,151.852,41,4,103.19438,41,5.425998713642535,2.5169360975609756,11,3,0,0,0,0,0,0,0,0,0,1,0,0,1,0,0,0,0
2021-11-18,食用菌,19.922,92.528,28,4,65.25919,28,4.6445136030519025,2.3306853571428574,11,4,0,0,0,0,0,0,0,0,0,1,0,0,0,1,0,0,0
2021-11-19,食用菌,16.207,75.264,23,4,58.93896,23,4.643919294132164,2.5625634782608695,11,5,0,0,0,0,0,0,0,0,0,1,0,0,0,0,1,0,0
2021-11-20,食用菌,48.565,210.496,69,4,149.78085,69,4.33431483578709,2.170736956521739,11,6,0,0,0,0,0,0,0,0,0,1,0,0,0,0,0,1,0
2021-11-21,食用菌,92.367,701.784,188,5,446.5123,188,7.597778427360421,2.375065425531915,11,7,0,0,0,0,0,0,0,0,0,1,0,0,0,0,0,0,1
2021-11-22,食用菌,23.416,258.324,64,4,162.07119,64,11.031943969935087,2.53236234375,11,1,0,0,0,0,0,0,0,0,0,1,0,0,0,0,0,0,0
2021-11-23,食用菌,24.705,189.68,52,3,121.85,52,7.6777980165958315,2.3432692307692307,11,2,0,0,0,0,0,0,0,0,0,1,0,1,0,0,0,0,0
2021-11-24,食用菌,22.259,111.244,32,3,72.46,32,4.997708791949324,2.264375,11,3,0,0,0,0,0,0,0,0,0,1,0,0,1,0,0,0,0
2021-11-25,食用菌,14.266,60.955999999999996,17,3,39.82,17,4.272816486751717,2.3423529411764705,11,4,0,0,0,0,0,0,0,0,0,1,0,0,0,1,0,0,0
2021-11-26,食用菌,22.331,95.179,30,3,61.25127,30,4.262191572253818,2.041709,11,5,0,0,0,0,0,0,0,0,0,1,0,0,0,0,1,0,0
2021-11-27,食用菌,43.646,190.045,58,4,121.53777,58,4.354236356138019,2.095478793103448,11,6,0,0,0,0,0,0,0,0,0,1,0,0,0,0,0,1,0
2021-11-28,食用菌,48.715,326.516,88,4,207.26909,88,6.702576208559992,2.3553305681818184,11,7,0,0,0,0,0,0,0,0,0,1,0,0,0,0,0,0,1
2021-11-29,食用菌,20.934,96.072,33,2,57.1228,33,4.589280596159358,1.7309939393939393,11,1,0,0,0,0,0,0,0,0,0,1,0,0,0,0,0,0,0
2021-11-30,食用菌,30.467,122.869,41,3,78.57267,41,4.032855220402403,1.9164065853658536,11,2,0,0,0,0,0,0,0,0,0,1,0,1,0,0,0,0,0
2021-12-01,食用菌,24.864,92.757,33,4,60.52863,33,3.7305743243243246,1.834200909090909,12,3,0,0,0,0,0,0,0,0,0,0,1,0,1,0,0,0,0
2021-12-02,食用菌,20.085,92.01,38,4,52.78745,38,4.5810306198655715,1.3891434210526317,12,4,0,0,0,0,0,0,0,0,0,0,1,0,0,1,0,0,0
2021-12-03,食用菌,54.498,453.18,138,4,337.90938,138,8.315534515028075,2.448618695652174,12,5,0,0,0,0,0,0,0,0,0,0,1,0,0,0,1,0,0
2021-12-04,食用菌,92.516,721.767,224,4,519.57825,224,7.801537031432401,2.3195457589285717,12,6,0,0,0,0,0,0,0,0,0,0,1,0,0,0,0,1,0
2021-12-05,食用菌,100.244,726.938,203,4,531.15788,203,7.251685886437094,2.6165412807881774,12,7,0,0,0,0,0,0,0,0,0,0,1,0,0,0,0,0,1
2021-12-06,食用菌,45.511,301.80899999999997,91,4,191.86735,91,6.631561600492188,2.1084324175824176,12,1,0,0,0,0,0,0,0,0,0,0,1,0,0,0,0,0,0
2021-12-07,食用菌,36.621,319.695,99,3,207.62378999999999,99,8.729827148357499,2.09721,12,2,0,0,0,0,0,0,0,0,0,0,1,1,0,0,0,0,0
2021-12-08,食用菌,46.246,324.036,97,4,238.20468,97,7.006789776413095,2.455718350515464,12,3,0,0,0,0,0,0,0,0,0,0,1,0,1,0,0,0,0
2021-12-09,食用菌,41.728,342.782,103,4,271.42046,103,8.214675996932515,2.6351500970873785,12,4,0,0,0,0,0,0,0,0,0,0,1,0,0,1,0,0,0
2021-12-10,食用菌,55.263,435.138,118,4,302.67515000000003,118,7.873948211280603,2.565043644067797,12,5,0,0,0,0,0,0,0,0,0,0,1,0,0,0,1,0,0
2021-12-11,食用菌,121.635,876.344,257,4,682.0594,257,7.2047025938257905,2.653927626459144,12,6,0,0,0,0,0,0,0,0,0,0,1,0,0,0,0,1,0
2021-12-12,食用菌,80.302,670.008,165,5,465.22355,165,8.343602899056064,2.8195366666666666,12,7,0,0,0,0,0,0,0,0,0,0,1,0,0,0,0,0,1
2021-12-13,食用菌,44.884,301.356,91,4,201.61025,91,6.7141074770519555,2.215497252747253,12,1,0,0,0,0,0,0,0,0,0,0,1,0,0,0,0,0,0
2021-12-14,食用菌,37.516,316.832,84,4,214.35184999999998,84,8.445250026655295,2.551807738095238,12,2,0,0,0,0,0,0,0,0,0,0,1,1,0,0,0,0,0
2021-12-15,食用菌,36.376,355.376,103,4,286.15446000000003,103,9.769518363756323,2.7781986407766994,12,3,0,0,0,0,0,0,0,0,0,0,1,0,1,0,0,0,0
2021-12-16,食用菌,51.856,438.312,124,4,340.27616,124,8.452483801295896,2.7441625806451615,12,4,0,0,0,0,0,0,0,0,0,0,1,0,0,1,0,0,0
2021-12-17,食用菌,69.729,504.218,145,4,372.8164,145,7.231109007729926,2.5711475862068967,12,5,0,0,0,0,0,0,0,0,0,0,1,0,0,0,1,0,0
2021-12-18,食用菌,114.017,790.5600000000001,223,4,579.78642,223,6.933702868870433,2.5999391031390133,12,6,0,0,0,0,0,0,0,0,0,0,1,0,0,0,0,1,0
2021-12-19,食用菌,113.836,593.258,206,4,405.59076999999996,206,5.211514810780422,1.9688872330097085,12,7,0,0,0,0,0,0,0,0,0,0,1,0,0,0,0,0,1
2021-12-20,食用菌,60.872,390.216,128,4,243.01450999999997,128,6.410435011170982,1.8985508593749998,12,1,0,0,0,0,0,0,0,0,0,0,1,0,0,0,0,0,0
2021-12-21,食用菌,54.261,457.436,126,4,348.77598,126,8.430290632314184,2.7680633333333335,12,2,0,0,0,0,0,0,0,0,0,0,1,1,0,0,0,0,0
2021-12-22,食用菌,46.263,345.166,106,4,258.11994,106,7.460951516330545,2.4350937735849056,12,3,0,0,0,0,0,0,0,0,0,0,1,0,1,0,0,0,0
2021-12-23,食用菌,44.43,419.535,111,4,332.47005,111,9.442606347062796,2.995225675675676,12,4,0,0,0,0,0,0,0,0,0,0,1,0,0,1,0,0,0
2021-12-24,食用菌,63.472,530.189,149,4,413.8123,149,8.353116334761785,2.7772637583892616,12,5,0,0,0,0,0,0,0,0,0,0,1,0,0,0,1,0,0
2021-12-25,食用菌,84.606,443.612,129,4,284.48016,129,5.243268798903152,2.205272558139535,12,6,0,0,0,0,0,0,0,0,0,0,1,0,0,0,0,1,0
2021-12-26,食用菌,83.565,780.186,186,4,541.60278,186,9.336277149524323,2.9118429032258066,12,7,0,0,0,0,0,0,0,0,0,0,1,0,0,0,0,0,1
2021-12-27,食用菌,32.09,166.374,50,4,108.98962,50,5.184605796198192,2.1797924,12,1,0,0,0,0,0,0,0,0,0,0,1,0,0,0,0,0,0
2021-12-28,食用菌,32.131,106.948,34,3,60.91308,34,3.3284989573931716,1.7915611764705883,12,2,0,0,0,0,0,0,0,0,0,0,1,1,0,0,0,0,0
2021-12-29,食用菌,24.651,121.924,26,7,79.4456,26,4.946006247211066,3.0556,12,3,0,0,0,0,0,0,0,0,0,0,1,0,1,0,0,0,0
2021-12-30,食用菌,27.302,132.416,28,7,86.82430000000001,28,4.8500476155592995,3.1008678571428576,12,4,0,0,0,0,0,0,0,0,0,0,1,0,0,1,0,0,0
2021-12-31,食用菌,84.954,742.954,177,7,508.88211,177,8.745368081550016,2.8750401694915255,12,5,0,0,0,0,0,0,0,0,0,0,1,0,0,0,1,0,0
2022-01-01,食用菌,90.656,759.684,201,4,505.70656,201,8.379853512177903,2.5159530348258707,1,6,0,0,0,0,0,0,0,0,0,0,0,0,0,0,0,1,0
2022-01-02,食用菌,59.918,286.034,79,7,177.73951,79,4.773757468540339,2.2498672151898735,1,7,0,0,0,0,0,0,0,0,0,0,0,0,0,0,0,0,1
2022-01-03,食用菌,57.045,492.41,136,5,339.1476,136,8.631957226750812,2.4937323529411763,1,1,0,0,0,0,0,0,0,0,0,0,0,0,0,0,0,0,0
2022-01-04,食用菌,60.48,521.322,139,5,355.82832,139,8.619742063492064,2.5599159712230217,1,2,0,0,0,0,0,0,0,0,0,0,0,1,0,0,0,0,0
2022-01-05,食用菌,35.437,320.206,90,5,230.3658,90,9.03592290543782,2.5596200000000002,1,3,0,0,0,0,0,0,0,0,0,0,0,0,1,0,0,0,0
2022-01-06,食用菌,41.278,337.004,94,5,229.58584000000002,94,8.164252143999226,2.4424025531914895,1,4,0,0,0,0,0,0,0,0,0,0,0,0,0,1,0,0,0
2022-01-07,食用菌,69.764,657.448,174,5,525.0728,174,9.423886245054756,3.0176597701149426,1,5,0,0,0,0,0,0,0,0,0,0,0,0,0,0,1,0,0
2022-01-08,食用菌,112.412,922.816,262,5,692.5159600000001,262,8.209230331281358,2.643190687022901,1,6,0,0,0,0,0,0,0,0,0,0,0,0,0,0,0,1,0
2022-01-09,食用菌,81.804,744.664,202,7,563.066,202,9.103026746858344,2.7874554455445546,1,7,0,0,0,0,0,0,0,0,0,0,0,0,0,0,0,0,1
2022-01-10,食用菌,46.232,417.8,122,3,316.36933,122,9.037030628136357,2.5931912295081965,1,1,0,0,0,0,0,0,0,0,0,0,0,0,0,0,0,0,0
2022-01-11,食用菌,30.489,233.716,66,6,151.00805,66,7.665584309095084,2.2880007575757575,1,2,0,0,0,0,0,0,0,0,0,0,0,1,0,0,0,0,0
2022-01-12,食用菌,41.619,281.21,84,5,175.77776,84,6.756769744587808,2.092592380952381,1,3,0,0,0,0,0,0,0,0,0,0,0,0,1,0,0,0,0
2022-01-13,食用菌,39.916,270.981,83,9,169.71134999999998,83,6.788781441026155,2.044715060240964,1,4,0,0,0,0,0,0,0,0,0,0,0,0,0,1,0,0,0
2022-01-14,食用菌,40.083,312.729,93,9,211.76327999999998,93,7.802035775765287,2.277024516129032,1,5,0,0,0,0,0,0,0,0,0,0,0,0,0,0,1,0,0
2022-01-15,食用菌,48.827,257.586,83,8,164.85997,83,5.275482827124337,1.9862646987951809,1,6,0,0,0,0,0,0,0,0,0,0,0,0,0,0,0,1,0
2022-01-16,食用菌,44.987,282.11,78,8,189.32647,78,6.270922711005402,2.4272624358974357,1,7,0,0,0,0,0,0,0,0,0,0,0,0,0,0,0,0,1
2022-01-17,食用菌,28.229,115.97399999999999,34,6,72.32173,34,4.1083283148535195,2.127109705882353,1,1,0,0,0,0,0,0,0,0,0,0,0,0,0,0,0,0,0
2022-01-18,食用菌,37.752,323.768,85,7,203.65358,85,8.57618139436321,2.3959244705882354,1,2,0,0,0,0,0,0,0,0,0,0,0,1,0,0,0,0,0
2022-01-19,食用菌,72.068,546.156,131,8,335.45526,131,7.578342676361214,2.560727175572519,1,3,0,0,0,0,0,0,0,0,0,0,0,0,1,0,0,0,0
2022-01-20,食用菌,73.146,581.8149999999999,140,10,363.27604,140,7.954160172805074,2.5948288571428573,1,4,0,0,0,0,0,0,0,0,0,0,0,0,0,1,0,0,0
2022-01-21,食用菌,77.103,602.621,142,10,392.30231,142,7.8157918628328344,2.7626923239436616,1,5,0,0,0,0,0,0,0,0,0,0,0,0,0,0,1,0,0
2022-01-22,食用菌,97.639,810.814,184,8,533.9368,184,8.30420221427913,2.9018304347826085,1,6,0,0,0,0,0,0,0,0,0,0,0,0,0,0,0,1,0
2022-01-23,食用菌,89.483,935.89,175,6,591.41608,175,10.458858107126492,3.3795204571428568,1,7,0,0,0,0,0,0,0,0,0,0,0,0,0,0,0,0,1
2022-01-24,食用菌,68.443,845.232,163,7,531.69835,163,12.349429452244934,3.2619530674846624,1,1,0,0,0,0,0,0,0,0,0,0,0,0,0,0,0,0,0
2022-01-25,食用菌,80.043,956.25,173,7,602.8537699999999,173,11.94670364678985,3.4847038728323696,1,2,0,0,0,0,0,0,0,0,0,0,0,1,0,0,0,0,0
2022-01-26,食用菌,84.094,860.184,145,8,542.38296,145,10.228839156182367,3.740572137931035,1,3,0,0,0,0,0,0,0,0,0,0,0,0,1,0,0,0,0
2022-01-27,食用菌,66.621,678.1152000000001,117,8,422.35739,117,10.178700409780701,3.6098922222222223,1,4,0,0,0,0,0,0,0,0,0,0,0,0,0,1,0,0,0
2022-01-28,食用菌,144.04,1414.4326,200,9,907.41175,200,9.819720910858097,4.53705875,1,5,0,0,0,0,0,0,0,0,0,0,0,0,0,0,1,0,0
2022-01-29,食用菌,195.987,1854.334,294,7,1172.26884,294,9.461515304586529,3.9873089795918366,1,6,0,0,0,0,0,0,0,0,0,0,0,0,0,0,0,1,0
2022-01-30,食用菌,153.261,1925.8152,296,8,1153.23839,296,12.56559202928338,3.896075641891892,1,7,0,0,0,0,0,0,0,0,0,0,0,0,0,0,0,0,1
2022-02-01,食用菌,46.534,423.7264,78,8,255.282,78,9.10573774014699,3.272846153846154,2,2,1,0,0,0,0,0,0,0,0,0,0,1,0,0,0,0,0
2022-02-02,食用菌,94.037,650.0584,118,7,374.203,118,6.9127939002732965,3.1712118644067795,2,3,1,0,0,0,0,0,0,0,0,0,0,0,1,0,0,0,0
2022-02-03,食用菌,46.152,505.95540000000005,101,7,345.88905,101,10.96280551222049,3.4246440594059404,2,4,1,0,0,0,0,0,0,0,0,0,0,0,0,1,0,0,0
2022-02-04,食用菌,62.232,585.0328000000001,107,7,354.65382,107,9.400835582979818,3.3145216822429906,2,5,1,0,0,0,0,0,0,0,0,0,0,0,0,0,1,0,0
2022-02-05,食用菌,94.217,778.4774,142,10,465.11935,142,8.262600167697974,3.2754883802816903,2,6,1,0,0,0,0,0,0,0,0,0,0,0,0,0,0,1,0
2022-02-06,食用菌,90.519,789.7434000000001,133,9,470.53249999999997,133,8.72461472177112,3.5378383458646616,2,7,1,0,0,0,0,0,0,0,0,0,0,0,0,0,0,0,1
2022-02-07,食用菌,89.43,648.0116,135,10,387.25573,135,7.246020351112602,2.868560962962963,2,1,1,0,0,0,0,0,0,0,0,0,0,0,0,0,0,0,0
2022-02-08,食用菌,48.124,406.82800000000003,77,10,247.48928,77,8.45374449339207,3.2141464935064934,2,2,1,0,0,0,0,0,0,0,0,0,0,1,0,0,0,0,0
2022-02-09,食用菌,44.397999999999996,342.3012,74,9,201.2296,74,7.70983377629623,2.719318918918919,2,3,1,0,0,0,0,0,0,0,0,0,0,0,1,0,0,0,0
2022-02-10,食用菌,42.478,293.80400000000003,69,9,190.9972,69,6.916615659870993,2.7680753623188403,2,4,1,0,0,0,0,0,0,0,0,0,0,0,0,1,0,0,0
2022-02-11,食用菌,35.35,273.90000000000003,61,8,178.8225,61,7.748231966053749,2.9315163934426227,2,5,1,0,0,0,0,0,0,0,0,0,0,0,0,0,1,0,0
2022-02-12,食用菌,41.628,300.604,72,7,192.836,72,7.221197271067551,2.6782777777777778,2,6,1,0,0,0,0,0,0,0,0,0,0,0,0,0,0,1,0
2022-02-13,食用菌,62.028,394.004,87,7,240.92444,87,6.3520345650351455,2.7692464367816094,2,7,1,0,0,0,0,0,0,0,0,0,0,0,0,0,0,0,1
2022-02-14,食用菌,43.618,351.324,82,8,220.4243,82,8.054564629281488,2.688101219512195,2,1,1,0,0,0,0,0,0,0,0,0,0,0,0,0,0,0,0
2022-02-15,食用菌,54.996,390.528,87,8,246.7252,87,7.101025529129391,2.8359218390804597,2,2,1,0,0,0,0,0,0,0,0,0,0,1,0,0,0,0,0
2022-02-16,食用菌,17.235,145.03,40,7,89.46199999999999,40,8.414853495793444,2.23655,2,3,1,0,0,0,0,0,0,0,0,0,0,0,1,0,0,0,0
2022-02-17,食用菌,27.335,246.13,55,5,152.752,55,9.004207060545088,2.777309090909091,2,4,1,0,0,0,0,0,0,0,0,0,0,0,0,1,0,0,0
2022-02-18,食用菌,43.249,325.282,79,6,197.2088,79,7.521144997572198,2.4963139240506327,2,5,1,0,0,0,0,0,0,0,0,0,0,0,0,0,1,0,0
2022-02-19,食用菌,49.453,330.154,85,5,195.93359999999998,85,6.676116716882696,2.305101176470588,2,6,1,0,0,0,0,0,0,0,0,0,0,0,0,0,0,1,0
2022-02-20,食用菌,29.076,238.268,56,5,141.6412,56,8.19466226441051,2.5293071428571428,2,7,1,0,0,0,0,0,0,0,0,0,0,0,0,0,0,0,1
2022-02-21,食用菌,11.197,118.946,29,4,71.6564,29,10.623024024292222,2.4709103448275864,2,1,1,0,0,0,0,0,0,0,0,0,0,0,0,0,0,0,0
2022-02-22,食用菌,14.499,139.082,42,3,82.27879999999999,42,9.59252362231878,1.9590190476190474,2,2,1,0,0,0,0,0,0,0,0,0,0,1,0,0,0,0,0
2022-02-23,食用菌,16.979,123.322,31,5,71.5148,31,7.26320749160728,2.3069290322580644,2,3,1,0,0,0,0,0,0,0,0,0,0,0,1,0,0,0,0
2022-02-24,食用菌,26.097,178.646,48,4,102.6664,48,6.84546116411848,2.1388833333333332,2,4,1,0,0,0,0,0,0,0,0,0,0,0,0,1,0,0,0
2022-02-25,食用菌,33.498,282.664,70,5,114.31712,70,8.43823511851454,1.6331017142857143,2,5,1,0,0,0,0,0,0,0,0,0,0,0,0,0,1,0,0
2022-02-26,食用菌,44.56,309.48,73,6,167.462,73,6.94524236983842,2.294,2,6,1,0,0,0,0,0,0,0,0,0,0,0,0,0,0,1,0
2022-02-27,食用菌,26.748,190.464,55,4,111.0976,55,7.120681920143562,2.0199563636363638,2,7,1,0,0,0,0,0,0,0,0,0,0,0,0,0,0,0,1
2022-02-28,食用菌,10.887,125.466,34,3,79.89304,34,11.524386883438963,2.349795294117647,2,1,1,0,0,0,0,0,0,0,0,0,0,0,0,0,0,0,0
2022-03-01,食用菌,18.112000000000002,141.716,39,5,83.7944,39,7.824425795053004,2.1485743589743587,3,2,0,1,0,0,0,0,0,0,0,0,0,1,0,0,0,0,0
2022-03-02,食用菌,17.916,165.388,42,4,98.0392,42,9.231301629828087,2.3342666666666667,3,3,0,1,0,0,0,0,0,0,0,0,0,0,1,0,0,0,0
2022-03-03,食用菌,15.525,105.25,34,6,62.699999999999996,34,6.77938808373591,1.8441176470588234,3,4,0,1,0,0,0,0,0,0,0,0,0,0,0,1,0,0,0
2022-03-04,食用菌,28.908,171.04399999999998,55,5,109.2296,55,5.916839629168395,1.9859927272727274,3,5,0,1,0,0,0,0,0,0,0,0,0,0,0,0,1,0,0
2022-03-05,食用菌,33.725,233.35,65,7,145.82999999999998,65,6.919199406968124,2.2435384615384613,3,6,0,1,0,0,0,0,0,0,0,0,0,0,0,0,0,1,0
2022-03-06,食用菌,39.323,285.914,82,5,175.08759999999998,82,7.2709101543625865,2.135214634146341,3,7,0,1,0,0,0,0,0,0,0,0,0,0,0,0,0,0,1
2022-03-07,食用菌,12.626,96.368,27,4,56.7112,27,7.632504356090607,2.100414814814815,3,1,0,1,0,0,0,0,0,0,0,0,0,0,0,0,0,0,0
2022-03-08,食用菌,14.096,180.69160000000002,41,5,108.9472,41,12.818643586833145,2.6572487804878047,3,2,0,1,0,0,0,0,0,0,0,0,0,1,0,0,0,0,0
2022-03-09,食用菌,20.91,187.156,36,6,109.04199999999999,36,8.950549976087997,3.028944444444444,3,3,0,1,0,0,0,0,0,0,0,0,0,0,1,0,0,0,0
2022-03-10,食用菌,14.375,126.50000000000001,28,4,75.25999999999999,28,8.8,2.6878571428571427,3,4,0,1,0,0,0,0,0,0,0,0,0,0,0,1,0,0,0
2022-03-11,食用菌,11.525,160.44,36,3,95.80999999999999,36,13.921041214750542,2.6613888888888884,3,5,0,1,0,0,0,0,0,0,0,0,0,0,0,0,1,0,0
2022-03-12,食用菌,20.441,239.8256,50,3,143.2312,50,11.73257668411526,2.864624,3,6,0,1,0,0,0,0,0,0,0,0,0,0,0,0,0,1,0
2022-03-13,食用菌,23.827,299.7208,66,7,177.17552,66,12.579040584211189,2.684477575757576,3,7,0,1,0,0,0,0,0,0,0,0,0,0,0,0,0,0,1
2022-03-14,食用菌,11.799,102.6616,26,4,58.4379,26,8.700872955335198,2.2476115384615385,3,1,0,1,0,0,0,0,0,0,0,0,0,0,0,0,0,0,0
2022-03-15,食用菌,17.42,221.4152,47,7,129.88905,47,12.710401836969,2.763596808510638,3,2,0,1,0,0,0,0,0,0,0,0,0,1,0,0,0,0,0
2022-03-16,食用菌,15.552,186.0602,45,7,108.18111999999999,45,11.96374742798354,2.404024888888889,3,3,0,1,0,0,0,0,0,0,0,0,0,0,1,0,0,0,0
2022-03-17,食用菌,22.721,309.082,57,6,178.43922,57,13.603362528057744,3.1305126315789473,3,4,0,1,0,0,0,0,0,0,0,0,0,0,0,1,0,0,0
2022-03-18,食用菌,28.546,154.046,38,8,80.21993,38,5.396412807398584,2.1110507894736843,3,5,0,1,0,0,0,0,0,0,0,0,0,0,0,0,1,0,0
2022-03-19,食用菌,47.313,337.8538,75,6,189.13908,75,7.140823875044913,2.5218544,3,6,0,1,0,0,0,0,0,0,0,0,0,0,0,0,0,1,0
2022-03-20,食用菌,39.0,442.8326,93,6,261.61138,93,11.354682051282051,2.8130255913978495,3,7,0,1,0,0,0,0,0,0,0,0,0,0,0,0,0,0,1
2022-03-21,食用菌,28.074,291.5528,65,8,168.72761,65,10.385153522832512,2.5958093846153845,3,1,0,1,0,0,0,0,0,0,0,0,0,0,0,0,0,0,0
2022-03-22,食用菌,30.747,307.2092,68,8,176.66496,68,9.991517871662277,2.598014117647059,3,2,0,1,0,0,0,0,0,0,0,0,0,1,0,0,0,0,0
2022-03-23,食用菌,27.061,275.6132,65,7,159.37985,65,10.184885998300137,2.4519976923076925,3,3,0,1,0,0,0,0,0,0,0,0,0,0,1,0,0,0,0
2022-03-24,食用菌,18.106,184.5044,41,6,104.53456,41,10.190235281122279,2.549623414634146,3,4,0,1,0,0,0,0,0,0,0,0,0,0,0,1,0,0,0
2022-03-25,食用菌,38.858,270.0826,69,8,141.80612,69,6.950501827165578,2.05516115942029,3,5,0,1,0,0,0,0,0,0,0,0,0,0,0,0,1,0,0
2022-03-26,食用菌,40.029,479.4404,89,5,260.38786,89,11.977326438332208,2.9257062921348314,3,6,0,1,0,0,0,0,0,0,0,0,0,0,0,0,0,1,0
2022-03-27,食用菌,22.576999999999998,232.1096,48,7,130.45738,48,10.28079904327413,2.7178620833333333,3,7,0,1,0,0,0,0,0,0,0,0,0,0,0,0,0,0,1
2022-03-28,食用菌,20.908,191.83200000000002,43,6,104.83306,43,9.175052611440597,2.437978139534884,3,1,0,1,0,0,0,0,0,0,0,0,0,0,0,0,0,0,0
2022-03-29,食用菌,22.608,227.19760000000002,47,6,124.32382,47,10.049433828733193,2.645187659574468,3,2,0,1,0,0,0,0,0,0,0,0,0,1,0,0,0,0,0
2022-03-30,食用菌,21.844,248.83360000000002,56,7,135.50555,56,11.391393517670757,2.419741964285714,3,3,0,1,0,0,0,0,0,0,0,0,0,0,1,0,0,0,0
2022-03-31,食用菌,26.203,235.81760000000003,57,6,129.85198,57,8.999641262450865,2.2781049122807016,3,4,0,1,0,0,0,0,0,0,0,0,0,0,0,1,0,0,0
2022-04-01,食用菌,18.85,255.2028,52,7,140.01193,52,13.538610079575596,2.6925371153846154,4,5,0,0,1,0,0,0,0,0,0,0,0,0,0,0,1,0,0
2022-04-02,食用菌,27.963,255.506,57,5,143.05925,57,9.137288559882702,2.5098114035087717,4,6,0,0,1,0,0,0,0,0,0,0,0,0,0,0,0,1,0
2022-04-03,食用菌,46.766,318.3404,77,5,179.34964,77,6.807090621391609,2.329216103896104,4,7,0,0,1,0,0,0,0,0,0,0,0,0,0,0,0,0,1
2022-04-04,食用菌,40.38,411.96360000000004,88,5,227.25958,88,10.20216939078752,2.582495227272727,4,1,0,0,1,0,0,0,0,0,0,0,0,0,0,0,0,0,0
2022-04-05,食用菌,31.046,284.8428,63,6,157.59,63,9.174863106358307,2.5014285714285713,4,2,0,0,1,0,0,0,0,0,0,0,0,1,0,0,0,0,0
2022-04-06,食用菌,19.821,184.697,40,6,111.88844,40,9.318248322486252,2.797211,4,3,0,0,1,0,0,0,0,0,0,0,0,0,1,0,0,0,0
2022-04-07,食用菌,14.709,175.83440000000002,40,6,110.22801,40,11.954204908559387,2.75570025,4,4,0,0,1,0,0,0,0,0,0,0,0,0,0,1,0,0,0
2022-04-08,食用菌,15.572,149.72560000000001,36,4,94.0072,36,9.615052658618033,2.611311111111111,4,5,0,0,1,0,0,0,0,0,0,0,0,0,0,0,1,0,0
2022-04-09,食用菌,35.619,262.226,67,8,156.10618,67,7.361969735253656,2.3299429850746267,4,6,0,0,1,0,0,0,0,0,0,0,0,0,0,0,0,1,0
2022-04-10,食用菌,29.269,243.19400000000002,58,6,150.71366,58,8.308927534251257,2.5985113793103447,4,7,0,0,1,0,0,0,0,0,0,0,0,0,0,0,0,0,1
2022-04-11,食用菌,11.088000000000001,141.3514,32,4,89.4513,32,12.748142135642135,2.795353125,4,1,0,0,1,0,0,0,0,0,0,0,0,0,0,0,0,0,0
2022-04-12,食用菌,16.858999999999998,205.7632,43,7,127.90805,43,12.204946912628271,2.9746058139534886,4,2,0,0,1,0,0,0,0,0,0,0,0,1,0,0,0,0,0
2022-04-13,食用菌,29.728,213.8694,48,6,128.28727,48,7.1942074811625405,2.6726514583333336,4,3,0,0,1,0,0,0,0,0,0,0,0,0,1,0,0,0,0
2022-04-14,食用菌,21.589,218.6252,51,5,134.24195,51,10.12669414979851,2.6321950980392157,4,4,0,0,1,0,0,0,0,0,0,0,0,0,0,1,0,0,0
2022-04-15,食用菌,39.136,388.117,85,7,234.9975,85,9.917135118560916,2.764676470588235,4,5,0,0,1,0,0,0,0,0,0,0,0,0,0,0,1,0,0
2022-04-16,食用菌,25.17,319.959,70,8,196.04716,70,12.711918951132299,2.8006737142857143,4,6,0,0,1,0,0,0,0,0,0,0,0,0,0,0,0,1,0
2022-04-17,食用菌,38.721,361.4404,102,10,194.13391000000001,102,9.334479997933938,1.9032736274509805,4,7,0,0,1,0,0,0,0,0,0,0,0,0,0,0,0,0,1
2022-04-18,食用菌,21.701,215.58440000000002,51,9,120.50614,51,9.934307174784573,2.3628654901960786,4,1,0,0,1,0,0,0,0,0,0,0,0,0,0,0,0,0,0
2022-04-19,食用菌,17.801,199.0408,54,10,110.82815,54,11.181439244986237,2.052373148148148,4,2,0,0,1,0,0,0,0,0,0,0,0,1,0,0,0,0,0
2022-04-20,食用菌,27.313,250.6342,68,9,140.54108,68,9.176370226632008,2.066780588235294,4,3,0,0,1,0,0,0,0,0,0,0,0,0,1,0,0,0,0
2022-04-21,食用菌,24.596,199.469,52,8,115.74824,52,8.10981460400065,2.225927692307692,4,4,0,0,1,0,0,0,0,0,0,0,0,0,0,1,0,0,0
2022-04-22,食用菌,21.983,200.1962,46,7,110.2042,46,9.106864395214483,2.3957434782608695,4,5,0,0,1,0,0,0,0,0,0,0,0,0,0,0,1,0,0
2022-04-23,食用菌,26.223,262.89300000000003,65,7,158.55695,65,10.025283148381193,2.439337692307692,4,6,0,0,1,0,0,0,0,0,0,0,0,0,0,0,0,1,0
2022-04-24,食用菌,31.113,310.3136,75,9,184.32978,75,9.973760164561437,2.4577304,4,7,0,0,1,0,0,0,0,0,0,0,0,0,0,0,0,0,1
2022-04-25,食用菌,27.016,214.2988,54,7,129.85326,54,7.932291975125852,2.40469,4,1,0,0,1,0,0,0,0,0,0,0,0,0,0,0,0,0,0
2022-04-26,食用菌,12.538,161.98000000000002,37,6,101.575,37,12.919125857393524,2.7452702702702703,4,2,0,0,1,0,0,0,0,0,0,0,0,1,0,0,0,0,0
2022-04-27,食用菌,24.543,232.7178,55,9,138.03645,55,9.48204375993155,2.5097536363636364,4,3,0,0,1,0,0,0,0,0,0,0,0,0,1,0,0,0,0
2022-04-28,食用菌,15.006,174.8276,42,7,102.98219,42,11.6505131280821,2.451956904761905,4,4,0,0,1,0,0,0,0,0,0,0,0,0,0,1,0,0,0
2022-04-29,食用菌,20.751,318.5224,67,7,194.31732,67,15.34973736205484,2.9002585074626865,4,5,0,0,1,0,0,0,0,0,0,0,0,0,0,0,1,0,0
2022-04-30,食用菌,33.764,344.4272,78,4,210.47639999999998,78,10.20101883663073,2.698415384615384,4,6,0,0,1,0,0,0,0,0,0,0,0,0,0,0,0,1,0
2022-05-01,食用菌,30.083,228.767,57,4,133.2563,57,7.6045274739886315,2.3378298245614038,5,7,0,0,0,1,0,0,0,0,0,0,0,0,0,0,0,0,1
2022-05-02,食用菌,41.191,333.4818,72,4,197.4366,72,8.095986987448715,2.742175,5,1,0,0,0,1,0,0,0,0,0,0,0,0,0,0,0,0,0
2022-05-03,食用菌,18.375,178.925,43,3,108.365,43,9.737414965986396,2.5201162790697675,5,2,0,0,0,1,0,0,0,0,0,0,0,1,0,0,0,0,0
2022-05-04,食用菌,27.071,219.63580000000002,54,4,129.0446,54,8.113324221491633,2.389714814814815,5,3,0,0,0,1,0,0,0,0,0,0,0,0,1,0,0,0,0
2022-05-05,食用菌,16.992,136.4112,30,4,82.0564,30,8.027966101694915,2.7352133333333333,5,4,0,0,0,1,0,0,0,0,0,0,0,0,0,1,0,0,0
2022-05-06,食用菌,19.454,183.5774,44,4,115.66801,44,9.43648606970289,2.628818409090909,5,5,0,0,0,1,0,0,0,0,0,0,0,0,0,0,1,0,0
2022-05-07,食用菌,33.837,238.7726,60,5,145.12827000000001,60,7.056553476963088,2.4188045000000002,5,6,0,0,0,1,0,0,0,0,0,0,0,0,0,0,0,1,0
2022-05-08,食用菌,35.067,331.52660000000003,74,4,204.9442,74,9.454090740582314,2.7695162162162164,5,7,0,0,0,1,0,0,0,0,0,0,0,0,0,0,0,0,1
2022-05-09,食用菌,33.581,273.9038,63,6,167.0906,63,8.156511122360858,2.652231746031746,5,1,0,0,0,1,0,0,0,0,0,0,0,0,0,0,0,0,0
2022-05-10,食用菌,9.417,138.35660000000001,28,3,87.2093,28,14.692216204736118,3.114617857142857,5,2,0,0,0,1,0,0,0,0,0,0,0,1,0,0,0,0,0
2022-05-11,食用菌,20.87,229.32600000000002,47,3,150.254,47,10.988308576904648,3.1968936170212765,5,3,0,0,0,1,0,0,0,0,0,0,0,0,1,0,0,0,0
2022-05-12,食用菌,20.925,164.815,37,4,105.1,37,7.876463560334527,2.84054054054054,5,4,0,0,0,1,0,0,0,0,0,0,0,0,0,1,0,0,0
2022-05-13,食用菌,25.1,204.28,51,6,128.82999999999998,51,8.138645418326693,2.526078431372549,5,5,0,0,0,1,0,0,0,0,0,0,0,0,0,0,1,0,0
2022-05-14,食用菌,26.77,298.1148,71,5,196.1052,71,11.136152409413523,2.762045070422535,5,6,0,0,0,1,0,0,0,0,0,0,0,0,0,0,0,1,0
2022-05-15,食用菌,34.51,266.3264,65,5,173.15359999999998,65,7.717368878585917,2.663901538461538,5,7,0,0,0,1,0,0,0,0,0,0,0,0,0,0,0,0,1
2022-05-16,食用菌,18.527,165.0346,40,3,108.0564,40,8.907788632806175,2.70141,5,1,0,0,0,1,0,0,0,0,0,0,0,0,0,0,0,0,0
2022-05-17,食用菌,10.789,116.4484,28,5,72.31729999999999,28,10.793252386690149,2.582760714285714,5,2,0,0,0,1,0,0,0,0,0,0,0,1,0,0,0,0,0
2022-05-18,食用菌,19.598,186.2404,44,3,122.3136,44,9.503030921522605,2.7798545454545454,5,3,0,0,0,1,0,0,0,0,0,0,0,0,1,0,0,0,0
2022-05-19,食用菌,13.195,195.661,41,3,129.344,41,14.828419856006063,3.154731707317073,5,4,0,0,0,1,0,0,0,0,0,0,0,0,0,1,0,0,0
2022-05-20,食用菌,14.719,158.2362,37,3,102.9708,37,10.750472178816496,2.7829945945945944,5,5,0,0,0,1,0,0,0,0,0,0,0,0,0,0,1,0,0
2022-05-21,食用菌,43.484,362.58320000000003,85,5,233.4288,85,8.338312942691566,2.746221176470588,5,6,0,0,0,1,0,0,0,0,0,0,0,0,0,0,0,1,0
2022-05-22,食用菌,23.398,214.3804,50,5,139.40359999999998,50,9.162338661424053,2.7880719999999997,5,7,0,0,0,1,0,0,0,0,0,0,0,0,0,0,0,0,1
2022-05-23,食用菌,4.6370000000000005,76.91260000000001,20,2,50.3884,20,16.58671554884624,2.5194199999999998,5,1,0,0,0,1,0,0,0,0,0,0,0,0,0,0,0,0,0
2022-05-24,食用菌,14.041,128.9118,31,3,83.13119999999999,31,9.181098212378036,2.6816516129032255,5,2,0,0,0,1,0,0,0,0,0,0,0,1,0,0,0,0,0
2022-05-25,食用菌,18.698,168.5204,38,3,110.6736,38,9.012750026740827,2.9124631578947366,5,3,0,0,0,1,0,0,0,0,0,0,0,0,1,0,0,0,0
2022-05-26,食用菌,21.185,164.06300000000002,37,4,105.402,37,7.744300212414445,2.8487027027027025,5,4,0,0,0,1,0,0,0,0,0,0,0,0,0,1,0,0,0
2022-05-27,食用菌,19.308,201.3984,46,4,131.7056,46,10.430826600372903,2.8631652173913045,5,5,0,0,0,1,0,0,0,0,0,0,0,0,0,0,1,0,0
2022-05-28,食用菌,44.827,421.57460000000003,86,5,264.77639999999997,86,9.40447944319272,3.078795348837209,5,6,0,0,0,1,0,0,0,0,0,0,0,0,0,0,0,1,0
2022-05-29,食用菌,33.517,285.0366,62,3,187.3344,62,8.504239639585881,3.021522580645161,5,7,0,0,0,1,0,0,0,0,0,0,0,0,0,0,0,0,1
2022-05-30,食用菌,14.585,155.583,36,4,101.812,36,10.667329448063077,2.8281111111111112,5,1,0,0,0,1,0,0,0,0,0,0,0,0,0,0,0,0,0
2022-05-31,食用菌,35.474,258.1852,57,5,165.9468,57,7.278153013474658,2.9113473684210525,5,2,0,0,0,1,0,0,0,0,0,0,0,1,0,0,0,0,0
2022-06-01,食用菌,35.603,291.5394,67,5,188.5296,67,8.188618936606465,2.8138746268656716,6,3,0,0,0,0,1,0,0,0,0,0,0,0,1,0,0,0,0
2022-06-02,食用菌,35.405,315.519,64,5,204.176,64,8.911707385962435,3.19025,6,4,0,0,0,0,1,0,0,0,0,0,0,0,0,1,0,0,0
2022-06-03,食用菌,61.149,468.5502,102,4,304.5568,102,7.662434381592504,2.985850980392157,6,5,0,0,0,0,1,0,0,0,0,0,0,0,0,0,1,0,0
2022-06-04,食用菌,26.698,169.9204,42,4,108.44359999999999,42,6.3645366694134395,2.5819904761904757,6,6,0,0,0,0,1,0,0,0,0,0,0,0,0,0,0,1,0
2022-06-05,食用菌,40.369,294.50620000000004,68,4,190.61079999999998,68,7.295355346924621,2.8030999999999997,6,7,0,0,0,0,1,0,0,0,0,0,0,0,0,0,0,0,1
2022-06-06,食用菌,25.543,207.6514,54,5,134.9676,54,8.129483615863446,2.4994,6,1,0,0,0,0,1,0,0,0,0,0,0,0,0,0,0,0,0
2022-06-07,食用菌,28.139,182.5522,47,5,114.9548,47,6.487515547816198,2.4458468085106384,6,2,0,0,0,0,1,0,0,0,0,0,0,1,0,0,0,0,0
2022-06-08,食用菌,22.048,164.2504,47,4,106.9636,47,7.44967343976778,2.2758212765957446,6,3,0,0,0,0,1,0,0,0,0,0,0,0,1,0,0,0,0
2022-06-09,食用菌,22.768,212.3064,47,4,139.8776,47,9.324771609276176,2.9761191489361702,6,4,0,0,0,0,1,0,0,0,0,0,0,0,0,1,0,0,0
2022-06-10,食用菌,25.152,210.80960000000002,52,5,134.4864,52,8.381424936386768,2.586276923076923,6,5,0,0,0,0,1,0,0,0,0,0,0,0,0,0,1,0,0
2022-06-11,食用菌,35.533,309.15340000000003,74,4,201.82559999999998,74,8.700458728505897,2.7273729729729728,6,6,0,0,0,0,1,0,0,0,0,0,0,0,0,0,0,1,0
2022-06-12,食用菌,47.293,350.1014,84,5,226.45759999999999,84,7.40281648446916,2.6959238095238094,6,7,0,0,0,0,1,0,0,0,0,0,0,0,0,0,0,0,1
2022-06-13,食用菌,33.014,248.2772,60,5,157.4848,60,7.520361058944689,2.624746666666667,6,1,0,0,0,0,1,0,0,0,0,0,0,0,0,0,0,0,0
2022-06-14,食用菌,16.266,163.1668,37,3,104.21119999999999,37,10.031157014631749,2.8165189189189186,6,2,0,0,0,0,1,0,0,0,0,0,0,1,0,0,0,0,0
2022-06-15,食用菌,26.243,222.5114,47,4,144.5976,47,8.478885798117593,3.0765446808510637,6,3,0,0,0,0,1,0,0,0,0,0,0,0,1,0,0,0,0
2022-06-16,食用菌,31.228,221.8144,50,5,144.2596,50,7.103061355194057,2.885192,6,4,0,0,0,0,1,0,0,0,0,0,0,0,0,1,0,0,0
2022-06-17,食用菌,34.568,257.1464,58,5,167.7276,58,7.438856746123584,2.891855172413793,6,5,0,0,0,0,1,0,0,0,0,0,0,0,0,0,1,0,0
2022-06-18,食用菌,46.206,335.5788,76,5,216.6992,76,7.26266718607973,2.8513052631578946,6,6,0,0,0,0,1,0,0,0,0,0,0,0,0,0,0,1,0
2022-06-19,食用菌,49.153,351.70480000000003,76,5,222.64293,76,7.1553068988668045,2.9295122368421054,6,7,0,0,0,0,1,0,0,0,0,0,0,0,0,0,0,0,1
2022-06-20,食用菌,31.656,254.9696,61,5,164.354,61,8.054384634824363,2.6943278688524592,6,1,0,0,0,0,1,0,0,0,0,0,0,0,0,0,0,0,0
2022-06-21,食用菌,26.804,192.50900000000001,47,4,119.38919,47,7.182099686613939,2.5401955319148937,6,2,0,0,0,0,1,0,0,0,0,0,0,1,0,0,0,0,0
2022-06-22,食用菌,28.097,245.704,52,5,152.45827,52,8.744848204434637,2.9318898076923077,6,3,0,0,0,0,1,0,0,0,0,0,0,0,1,0,0,0,0
2022-06-23,食用菌,25.488,176.7624,44,4,109.1788,44,6.93512241054614,2.4813363636363635,6,4,0,0,0,0,1,0,0,0,0,0,0,0,0,1,0,0,0
2022-06-24,食用菌,28.265,214.947,53,3,133.38899999999998,53,7.604705466124182,2.51677358490566,6,5,0,0,0,0,1,0,0,0,0,0,0,0,0,0,1,0,0
2022-06-25,食用菌,44.569,303.9662,71,4,183.6894,71,6.8201260966142385,2.587174647887324,6,6,0,0,0,0,1,0,0,0,0,0,0,0,0,0,0,1,0
2022-06-26,食用菌,48.309,344.9182,75,5,211.1934,75,7.139833157382683,2.815912,6,7,0,0,0,0,1,0,0,0,0,0,0,0,0,0,0,0,1
2022-06-27,食用菌,17.561,69.0078,18,4,38.8786,18,3.9296053755480895,2.1599222222222223,6,1,0,0,0,0,1,0,0,0,0,0,0,0,0,0,0,0,0
2022-06-28,食用菌,33.818,158.8964,36,5,93.4768,36,4.698574723520019,2.5965777777777777,6,2,0,0,0,0,1,0,0,0,0,0,0,1,0,0,0,0,0
2022-06-29,食用菌,27.342,135.7134,31,7,76.54762,31,4.963550581522933,2.469278064516129,6,3,0,0,0,0,1,0,0,0,0,0,0,0,1,0,0,0,0
2022-06-30,食用菌,27.076,114.8048,28,6,64.8276,28,4.240094548677796,2.3152714285714286,6,4,0,0,0,0,1,0,0,0,0,0,0,0,0,1,0,0,0
2022-07-01,食用菌,22.293,97.7014,23,4,60.861799999999995,23,4.382604404970171,2.646165217391304,7,5,0,0,0,0,0,1,0,0,0,0,0,0,0,0,1,0,0
2022-07-02,食用菌,31.217,185.9966,37,4,114.7942,37,5.958183041291604,3.102545945945946,7,6,0,0,0,0,0,1,0,0,0,0,0,0,0,0,0,1,0
2022-07-03,食用菌,32.474,137.7852,37,5,86.3224,37,4.242938966557862,2.333037837837838,7,7,0,0,0,0,0,1,0,0,0,0,0,0,0,0,0,0,1
2022-07-04,食用菌,24.611,82.0978,27,5,51.2052,27,3.335817317459673,1.896488888888889,7,1,0,0,0,0,0,1,0,0,0,0,0,0,0,0,0,0,0
2022-07-05,食用菌,39.223,145.4154,45,5,98.13813,45,3.707401269663208,2.1808473333333334,7,2,0,0,0,0,0,1,0,0,0,0,0,1,0,0,0,0,0
2022-07-06,食用菌,25.183,99.6234,30,6,65.5888,30,3.955978239288409,2.1862933333333334,7,3,0,0,0,0,0,1,0,0,0,0,0,0,1,0,0,0,0
2022-07-07,食用菌,18.996,62.5208,23,5,40.8756,23,3.291261318172247,1.7772,7,4,0,0,0,0,0,1,0,0,0,0,0,0,0,1,0,0,0
2022-07-08,食用菌,22.728,72.2144,25,5,47.0608,25,3.1773319253783874,1.882432,7,5,0,0,0,0,0,1,0,0,0,0,0,0,0,0,1,0,0
2022-07-09,食用菌,41.97,191.6012,53,7,119.95439999999999,53,4.5651941863235646,2.263290566037736,7,6,0,0,0,0,0,1,0,0,0,0,0,0,0,0,0,1,0
2022-07-10,食用菌,51.632,161.2136,55,7,110.7152,55,3.122358227455842,2.0130036363636363,7,7,0,0,0,0,0,1,0,0,0,0,0,0,0,0,0,0,1
2022-07-11,食用菌,50.108,279.33840000000004,76,6,191.8188,76,5.574726590564382,2.5239315789473684,7,1,0,0,0,0,0,1,0,0,0,0,0,0,0,0,0,0,0
2022-07-12,食用菌,27.869,232.6062,67,4,162.0984,67,8.34641357781047,2.419379104477612,7,2,0,0,0,0,0,1,0,0,0,0,0,1,0,0,0,0,0
2022-07-13,食用菌,47.695,282.8824,78,7,193.86787,78,5.931070342803229,2.485485512820513,7,3,0,0,0,0,0,1,0,0,0,0,0,0,1,0,0,0,0
2022-07-14,食用菌,38.206,332.3404,77,7,225.9133,77,8.698644192011725,2.933938961038961,7,4,0,0,0,0,0,1,0,0,0,0,0,0,0,1,0,0,0
2022-07-15,食用菌,43.947,337.3598,93,9,220.61302,93,7.676514892939222,2.3721830107526882,7,5,0,0,0,0,0,1,0,0,0,0,0,0,0,0,1,0,0
2022-07-16,食用菌,65.981,400.17740000000003,116,8,269.54952000000003,116,6.065039935739078,2.3237027586206898,7,6,0,0,0,0,0,1,0,0,0,0,0,0,0,0,0,1,0
2022-07-17,食用菌,64.763,539.7018,129,9,367.47309,129,8.33348980127542,2.848628604651163,7,7,0,0,0,0,0,1,0,0,0,0,0,0,0,0,0,0,1
2022-07-18,食用菌,47.193,294.55240000000003,75,6,205.65314999999998,75,6.241442586824318,2.7420419999999996,7,1,0,0,0,0,0,1,0,0,0,0,0,0,0,0,0,0,0
2022-07-19,食用菌,37.999,331.374,86,8,236.91140000000001,86,8.720597910471328,2.7547837209302326,7,2,0,0,0,0,0,1,0,0,0,0,0,1,0,0,0,0,0
2022-07-20,食用菌,33.088,304.12080000000003,73,5,223.42839,73,9.19127176015474,3.0606628767123287,7,3,0,0,0,0,0,1,0,0,0,0,0,0,1,0,0,0,0
2022-07-21,食用菌,33.298,272.5722,72,7,171.60787,72,8.185842993573187,2.383442638888889,7,4,0,0,0,0,0,1,0,0,0,0,0,0,0,1,0,0,0
2022-07-22,食用菌,47.116,311.9416,83,9,189.05688,83,6.620714831479752,2.2777937349397592,7,5,0,0,0,0,0,1,0,0,0,0,0,0,0,0,1,0,0
2022-07-23,食用菌,79.284,467.28880000000004,129,8,314.71344,129,5.8938600474244485,2.4396390697674417,7,6,0,0,0,0,0,1,0,0,0,0,0,0,0,0,0,1,0
2022-07-24,食用菌,57.991,426.83000000000004,112,9,299.34828,112,7.3602800434550195,2.6727525,7,7,0,0,0,0,0,1,0,0,0,0,0,0,0,0,0,0,1
2022-07-25,食用菌,58.13,327.067,86,9,235.10595999999998,86,5.626475141923275,2.7337902325581394,7,1,0,0,0,0,0,1,0,0,0,0,0,0,0,0,0,0,0
2022-07-26,食用菌,45.412,309.2382,80,9,219.13905,80,6.809614198890161,2.739238125,7,2,0,0,0,0,0,1,0,0,0,0,0,1,0,0,0,0,0
2022-07-27,食用菌,47.465,305.1134,84,8,218.22332,84,6.428176551142947,2.5978966666666667,7,3,0,0,0,0,0,1,0,0,0,0,0,0,1,0,0,0,0
2022-07-28,食用菌,54.801,385.5708,89,9,249.62854,89,7.0358351124979475,2.804815056179775,7,4,0,0,0,0,0,1,0,0,0,0,0,0,0,1,0,0,0
2022-07-29,食用菌,40.727,361.06620000000004,76,12,220.58246,76,8.86552409949174,2.9024007894736843,7,5,0,0,0,0,0,1,0,0,0,0,0,0,0,0,1,0,0
2022-07-30,食用菌,73.456,490.5432,114,9,321.22868,114,6.678054890002178,2.8177954385964914,7,6,0,0,0,0,0,1,0,0,0,0,0,0,0,0,0,1,0
2022-07-31,食用菌,90.347,526.8588,127,6,339.585,127,5.83150298294354,2.6738976377952755,7,7,0,0,0,0,0,1,0,0,0,0,0,0,0,0,0,0,1
2022-08-01,食用菌,32.88,304.71700000000004,74,8,178.38005,74,9.267548661800488,2.4105412162162163,8,1,0,0,0,0,0,0,1,0,0,0,0,0,0,0,0,0,0
2022-08-02,食用菌,46.484,332.1352,77,7,224.81261999999998,77,7.145151019705705,2.9196444155844152,8,2,0,0,0,0,0,0,1,0,0,0,0,1,0,0,0,0,0
2022-08-03,食用菌,49.818,346.61400000000003,86,9,215.02161999999998,86,6.957605684692281,2.5002513953488372,8,3,0,0,0,0,0,0,1,0,0,0,0,0,1,0,0,0,0
2022-08-04,食用菌,72.633,450.291,113,9,286.07142,113,6.199537400355211,2.5316054867256637,8,4,0,0,0,0,0,0,1,0,0,0,0,0,0,1,0,0,0
2022-08-05,食用菌,43.854,326.31800000000004,76,8,205.5127,76,7.44100880193369,2.7041144736842107,8,5,0,0,0,0,0,0,1,0,0,0,0,0,0,0,1,0,0
2022-08-06,食用菌,82.422,575.981,134,8,361.62952,134,6.988194899420058,2.69872776119403,8,6,0,0,0,0,0,0,1,0,0,0,0,0,0,0,0,1,0
2022-08-07,食用菌,82.163,456.5366,110,8,284.35912,110,5.556474325426287,2.585082909090909,8,7,0,0,0,0,0,0,1,0,0,0,0,0,0,0,0,0,1
2022-08-08,食用菌,61.34,439.8496,103,9,268.74698,103,7.1706814476687315,2.6091939805825244,8,1,0,0,0,0,0,0,1,0,0,0,0,0,0,0,0,0,0
2022-08-09,食用菌,57.403,382.6662,97,8,231.81358,97,6.666310123164295,2.3898307216494845,8,2,0,0,0,0,0,0,1,0,0,0,0,1,0,0,0,0,0
2022-08-10,食用菌,35.551,393.3516,85,5,236.5126,85,11.064431380270596,2.7825011764705883,8,3,0,0,0,0,0,0,1,0,0,0,0,0,1,0,0,0,0
2022-08-11,食用菌,44.328,282.4796,80,6,182.41962,80,6.372486915719184,2.28024525,8,4,0,0,0,0,0,0,1,0,0,0,0,0,0,1,0,0,0
2022-08-12,食用菌,60.39,371.216,92,6,234.11119,92,6.146977976486173,2.5446868478260867,8,5,0,0,0,0,0,0,1,0,0,0,0,0,0,0,1,0,0
2022-08-13,食用菌,59.707,497.55940000000004,116,7,317.39912,116,8.333351198351952,2.736199310344827,8,6,0,0,0,0,0,0,1,0,0,0,0,0,0,0,0,1,0
2022-08-14,食用菌,58.801,491.1738,118,7,300.757,118,8.353153857927586,2.5487881355932203,8,7,0,0,0,0,0,0,1,0,0,0,0,0,0,0,0,0,1
2022-08-15,食用菌,44.922,362.5624,93,7,236.59211,93,8.070931837407063,2.5440011827956988,8,1,0,0,0,0,0,0,1,0,0,0,0,0,0,0,0,0,0
2022-08-16,食用菌,71.408,540.2728,139,9,343.74194,139,7.565998207483755,2.4729635971223023,8,2,0,0,0,0,0,0,1,0,0,0,0,1,0,0,0,0,0
2022-08-17,食用菌,39.88,393.97900000000004,87,7,245.5977,87,9.879112337011033,2.8229620689655173,8,3,0,0,0,0,0,0,1,0,0,0,0,0,1,0,0,0,0
2022-08-18,食用菌,57.668,432.55060000000003,103,8,266.6,103,7.500704029964626,2.588349514563107,8,4,0,0,0,0,0,0,1,0,0,0,0,0,0,1,0,0,0
2022-08-19,食用菌,91.655,635.5918,151,9,372.17071,151,6.934611314167258,2.464706688741722,8,5,0,0,0,0,0,0,1,0,0,0,0,0,0,0,1,0,0
2022-08-20,食用菌,66.018,451.8146,108,7,274.21652,108,6.8438092641400825,2.539041851851852,8,6,0,0,0,0,0,0,1,0,0,0,0,0,0,0,0,1,0
2022-08-21,食用菌,58.002,438.8774,103,8,265.81838,103,7.566590807213545,2.5807609708737864,8,7,0,0,0,0,0,0,1,0,0,0,0,0,0,0,0,0,1
2022-08-22,食用菌,30.278,191.3862,48,7,119.96272,48,6.320965717682807,2.4992233333333336,8,1,0,0,0,0,0,0,1,0,0,0,0,0,0,0,0,0,0
2022-08-23,食用菌,32.675,208.5428,52,7,131.71704,52,6.382335118592197,2.53302,8,2,0,0,0,0,0,0,1,0,0,0,0,1,0,0,0,0,0
2022-08-24,食用菌,36.73,263.6894,65,7,163.39318,65,7.179128777566023,2.513741230769231,8,3,0,0,0,0,0,0,1,0,0,0,0,0,1,0,0,0,0
2022-08-25,食用菌,41.899,353.5872,86,8,218.17079,86,8.439036731186901,2.5368696511627906,8,4,0,0,0,0,0,0,1,0,0,0,0,0,0,1,0,0,0
2022-08-26,食用菌,47.85,313.0092,84,8,197.94135,84,6.541467084639499,2.356444642857143,8,5,0,0,0,0,0,0,1,0,0,0,0,0,0,0,1,0,0
2022-08-27,食用菌,60.866,549.8714,138,10,349.18435,138,9.034130713370354,2.530321376811594,8,6,0,0,0,0,0,0,1,0,0,0,0,0,0,0,0,1,0
2022-08-28,食用菌,63.953,486.5946,104,8,315.10544,104,7.608628211342705,3.0298599999999998,8,7,0,0,0,0,0,0,1,0,0,0,0,0,0,0,0,0,1
2022-08-29,食用菌,57.085,368.6262,92,7,224.62774,92,6.457496715424367,2.441605869565217,8,1,0,0,0,0,0,0,1,0,0,0,0,0,0,0,0,0,0
2022-08-30,食用菌,30.724,437.9118,88,7,275.99657,88,14.253085535737535,3.1363246590909095,8,2,0,0,0,0,0,0,1,0,0,0,0,1,0,0,0,0,0
2022-08-31,食用菌,18.904,216.7694,47,5,131.06804,47,11.466853575962759,2.7886817021276595,8,3,0,0,0,0,0,0,1,0,0,0,0,0,1,0,0,0,0
2022-09-01,食用菌,56.275,516.4152,116,6,311.22832999999997,116,9.17663616170591,2.6830028448275858,9,4,0,0,0,0,0,0,0,1,0,0,0,0,0,1,0,0,0
2022-09-02,食用菌,43.346,389.3398,85,7,240.132,85,8.982139067041944,2.8250823529411764,9,5,0,0,0,0,0,0,0,1,0,0,0,0,0,0,1,0,0
2022-09-03,食用菌,52.745,581.9834000000001,120,7,327.41581,120,11.033906531424782,2.7284650833333335,9,6,0,0,0,0,0,0,0,1,0,0,0,0,0,0,0,1,0
2022-09-04,食用菌,72.954,755.1858,155,8,482.33035,155,10.351533843243688,3.1118087096774194,9,7,0,0,0,0,0,0,0,1,0,0,0,0,0,0,0,0,1
2022-09-05,食用菌,40.526,372.3388,81,6,253.13547,81,9.187652371317178,3.125129259259259,9,1,0,0,0,0,0,0,0,1,0,0,0,0,0,0,0,0,0
2022-09-06,食用菌,27.905,353.0738,65,7,225.88637,65,12.652707400107507,3.475174923076923,9,2,0,0,0,0,0,0,0,1,0,0,0,1,0,0,0,0,0
2022-09-07,食用菌,34.1,369.3848,63,8,239.60666,63,10.832398826979471,3.8032803174603176,9,3,0,0,0,0,0,0,0,1,0,0,0,0,1,0,0,0,0
2022-09-08,食用菌,34.362,372.3222,61,8,237.22563,61,10.835288982015017,3.8889447540983606,9,4,0,0,0,0,0,0,0,1,0,0,0,0,0,1,0,0,0
2022-09-09,食用菌,73.723,733.2002,120,8,459.01756,120,9.94533863244849,3.8251463333333335,9,5,0,0,0,0,0,0,0,1,0,0,0,0,0,0,1,0,0
2022-09-10,食用菌,106.148,1107.031,176,9,644.45285,176,10.42912725628368,3.6616639204545454,9,6,0,0,0,0,0,0,0,1,0,0,0,0,0,0,0,1,0
2022-09-11,食用菌,77.377,957.6452,154,10,566.43171,154,12.37635473073394,3.678127987012987,9,7,0,0,0,0,0,0,0,1,0,0,0,0,0,0,0,0,1
2022-09-12,食用菌,91.587,1061.3902,179,9,523.30474,179,11.588873966829354,2.9234901675977656,9,1,0,0,0,0,0,0,0,1,0,0,0,0,0,0,0,0,0
2022-09-13,食用菌,46.319,534.1672,92,10,291.94709,92,11.532356052591808,3.1733379347826087,9,2,0,0,0,0,0,0,0,1,0,0,0,1,0,0,0,0,0
2022-09-14,食用菌,36.102,390.408,65,8,241.28558,65,10.814026923716138,3.712085846153846,9,3,0,0,0,0,0,0,0,1,0,0,0,0,1,0,0,0,0
2022-09-15,食用菌,43.985,413.14180000000005,75,11,245.47361,75,9.392788450608164,3.272981466666667,9,4,0,0,0,0,0,0,0,1,0,0,0,0,0,1,0,0,0
2022-09-16,食用菌,33.119,406.589,73,10,236.13297,73,12.276608593254627,3.234698219178082,9,5,0,0,0,0,0,0,0,1,0,0,0,0,0,0,1,0,0
2022-09-17,食用菌,84.943,956.9314,167,9,536.0487400000001,167,11.265571029984814,3.209872694610779,9,6,0,0,0,0,0,0,0,1,0,0,0,0,0,0,0,1,0
2022-09-18,食用菌,70.253,837.0636000000001,149,8,467.30998,149,11.91498726033052,3.1363085906040267,9,7,0,0,0,0,0,0,0,1,0,0,0,0,0,0,0,0,1
2022-09-19,食用菌,19.862000000000002,270.7566,49,5,147.49133,49,13.631890041284864,3.010027142857143,9,1,0,0,0,0,0,0,0,1,0,0,0,0,0,0,0,0,0
2022-09-20,食用菌,26.54,420.1116,75,6,226.74341,75,15.829374529012812,3.023245466666667,9,2,0,0,0,0,0,0,0,1,0,0,0,1,0,0,0,0,0
2022-09-21,食用菌,37.305,396.2398,74,6,226.84056,74,10.621627127730868,3.065412972972973,9,3,0,0,0,0,0,0,0,1,0,0,0,0,1,0,0,0,0
2022-09-22,食用菌,41.485,451.6298,87,8,254.92402,87,10.886580691816318,2.9301611494252877,9,4,0,0,0,0,0,0,0,1,0,0,0,0,0,1,0,0,0
2022-09-23,食用菌,43.005,478.3818,88,8,271.7796,88,11.123864666899197,3.0884045454545457,9,5,0,0,0,0,0,0,0,1,0,0,0,0,0,0,1,0,0
2022-09-24,食用菌,91.578,704.2918000000001,148,7,398.56065,148,7.69062220183887,2.692977364864865,9,6,0,0,0,0,0,0,0,1,0,0,0,0,0,0,0,1,0
2022-09-25,食用菌,95.061,917.6434,179,8,556.48094,179,9.65320583625251,3.1088320670391063,9,7,0,0,0,0,0,0,0,1,0,0,0,0,0,0,0,0,1
2022-09-26,食用菌,33.824,285.7572,43,7,124.4194,43,8.44835619678335,2.8934744186046513,9,1,0,0,0,0,0,0,0,1,0,0,0,0,0,0,0,0,0
2022-09-27,食用菌,32.554,294.2182,61,6,171.535,61,9.03785095533575,2.8120491803278687,9,2,0,0,0,0,0,0,0,1,0,0,0,1,0,0,0,0,0
2022-09-28,食用菌,43.482,403.0966,85,8,231.04735,85,9.270424543489261,2.718204117647059,9,3,0,0,0,0,0,0,0,1,0,0,0,0,1,0,0,0,0
2022-09-29,食用菌,27.614,274.5196,65,7,155.15266,65,9.941319620482364,2.386964,9,4,0,0,0,0,0,0,0,1,0,0,0,0,0,1,0,0,0
2022-09-30,食用菌,40.595,389.6702,90,7,244.55501,90,9.598970316541447,2.717277888888889,9,5,0,0,0,0,0,0,0,1,0,0,0,0,0,0,1,0,0
2022-10-01,食用菌,104.289,797.3512,186,7,465.72804,186,7.645592536125574,2.503914193548387,10,6,0,0,0,0,0,0,0,0,1,0,0,0,0,0,0,1,0
2022-10-02,食用菌,73.23,723.017,165,7,430.5023,165,9.873235012972826,2.6091048484848485,10,7,0,0,0,0,0,0,0,0,1,0,0,0,0,0,0,0,1
2022-10-03,食用菌,72.006,640.1608,160,6,393.79556,160,8.89038135710913,2.46122225,10,1,0,0,0,0,0,0,0,0,1,0,0,0,0,0,0,0,0
2022-10-04,食用菌,114.526,1024.8822,217,8,622.11986,217,8.94890417896373,2.8669117972350233,10,2,0,0,0,0,0,0,0,0,1,0,0,1,0,0,0,0,0
2022-10-05,食用菌,84.713,832.615,185,6,486.97281,185,9.828656758702916,2.6322854594594594,10,3,0,0,0,0,0,0,0,0,1,0,0,0,1,0,0,0,0
2022-10-06,食用菌,184.89,1535.1174,317,11,888.84187,317,8.30286873276002,2.803917570977918,10,4,0,0,0,0,0,0,0,0,1,0,0,0,0,1,0,0,0
2022-10-07,食用菌,147.363,1149.925,257,9,701.80413,257,7.8033495517870834,2.7307553696498053,10,5,0,0,0,0,0,0,0,0,1,0,0,0,0,0,1,0,0
2022-10-08,食用菌,102.201,717.7718,166,7,420.26947,166,7.023138716842301,2.531743795180723,10,6,0,0,0,0,0,0,0,0,1,0,0,0,0,0,0,1,0
2022-10-09,食用菌,112.529,833.0564,190,7,487.22397,190,7.403037439237886,2.5643366842105264,10,7,0,0,0,0,0,0,0,0,1,0,0,0,0,0,0,0,1
2022-10-10,食用菌,83.554,645.5228,143,7,381.52256,143,7.72581564018479,2.66798993006993,10,1,0,0,0,0,0,0,0,0,1,0,0,0,0,0,0,0,0
2022-10-11,食用菌,69.747,484.9542,112,6,271.91361,112,6.95304744290077,2.4278000892857143,10,2,0,0,0,0,0,0,0,0,1,0,0,1,0,0,0,0,0
2022-10-12,食用菌,73.198,521.8768,112,6,315.72942,112,7.129659280308206,2.8190126785714287,10,3,0,0,0,0,0,0,0,0,1,0,0,0,1,0,0,0,0
2022-10-13,食用菌,68.046,493.79540000000003,108,8,289.6382,108,7.25678805513917,2.681835185185185,10,4,0,0,0,0,0,0,0,0,1,0,0,0,0,1,0,0,0
2022-10-14,食用菌,52.021,338.093,76,7,202.70024,76,6.499163799234925,2.6671084210526317,10,5,0,0,0,0,0,0,0,0,1,0,0,0,0,0,1,0,0
2022-10-15,食用菌,203.508,1145.9461000000001,273,10,674.4943499999999,273,5.6309634019301456,2.4706752747252745,10,6,0,0,0,0,0,0,0,0,1,0,0,0,0,0,0,1,0
2022-10-16,食用菌,184.553,1135.8738,276,10,690.2785299999999,276,6.1547295356889355,2.5010091666666665,10,7,0,0,0,0,0,0,0,0,1,0,0,0,0,0,0,0,1
2022-10-17,食用菌,67.801,498.019,115,8,309.6058,115,7.345304641524461,2.692224347826087,10,1,0,0,0,0,0,0,0,0,1,0,0,0,0,0,0,0,0
2022-10-18,食用菌,110.878,773.369,162,9,483.10561,162,6.9749544544454265,2.9821333950617284,10,2,0,0,0,0,0,0,0,0,1,0,0,1,0,0,0,0,0
2022-10-19,食用菌,88.856,589.608,123,7,344.9496,123,6.635545151706131,2.8044682926829267,10,3,0,0,0,0,0,0,0,0,1,0,0,0,1,0,0,0,0
2022-10-20,食用菌,69.648,474.594,107,8,279.5945,107,6.814179875947622,2.6130327102803736,10,4,0,0,0,0,0,0,0,0,1,0,0,0,0,1,0,0,0
2022-10-21,食用菌,286.383,1952.1246,405,11,1283.62081,405,6.816482123589739,3.1694340987654317,10,5,0,0,0,0,0,0,0,0,1,0,0,0,0,0,1,0,0
2022-10-22,食用菌,135.954,1114.492,162,8,672.95642,162,8.197566824072847,4.154051975308642,10,6,0,0,0,0,0,0,0,0,1,0,0,0,0,0,0,1,0
2022-10-23,食用菌,133.931,765.523,181,9,493.42751,181,5.715801420134248,2.7261188397790055,10,7,0,0,0,0,0,0,0,0,1,0,0,0,0,0,0,0,1
2022-10-24,食用菌,70.082,377.689,99,7,252.41581,99,5.389244028423847,2.5496546464646466,10,1,0,0,0,0,0,0,0,0,1,0,0,0,0,0,0,0,0
2022-10-25,食用菌,69.971,407.995,105,7,280.3857,105,5.830915665061239,2.67034,10,2,0,0,0,0,0,0,0,0,1,0,0,1,0,0,0,0,0
2022-10-26,食用菌,71.208,382.063,101,8,262.25113999999996,101,5.365450511178519,2.596545940594059,10,3,0,0,0,0,0,0,0,0,1,0,0,0,1,0,0,0,0
2022-10-27,食用菌,92.493,581.089,148,8,401.54681,148,6.282518677089078,2.7131541216216215,10,4,0,0,0,0,0,0,0,0,1,0,0,0,0,1,0,0,0
2022-10-28,食用菌,139.205,725.28,185,8,485.40655,185,5.210157681117775,2.623819189189189,10,5,0,0,0,0,0,0,0,0,1,0,0,0,0,0,1,0,0
2022-10-29,食用菌,220.206,1234.788,303,9,824.72816,303,5.607422141086074,2.7218751155115513,10,6,0,0,0,0,0,0,0,0,1,0,0,0,0,0,0,1,0
2022-10-30,食用菌,188.429,1020.516,269,8,659.1859999999999,269,5.41591793195315,2.450505576208178,10,7,0,0,0,0,0,0,0,0,1,0,0,0,0,0,0,0,1
2022-10-31,食用菌,60.356,355.822,84,7,232.84076000000002,84,5.895387368281529,2.77191380952381,10,1,0,0,0,0,0,0,0,0,1,0,0,0,0,0,0,0,0
2022-11-01,食用菌,75.93,403.24,108,8,272.38890000000004,108,5.310680890293691,2.522119444444445,11,2,0,0,0,0,0,0,0,0,0,1,0,1,0,0,0,0,0
2022-11-03,食用菌,103.106,626.042,153,8,410.69258,153,6.0718289915232875,2.68426522875817,11,4,0,0,0,0,0,0,0,0,0,1,0,0,0,1,0,0,0
2022-11-05,食用菌,167.65,945.7379999999999,230,9,596.30384,230,5.64114524306591,2.592625391304348,11,6,0,0,0,0,0,0,0,0,0,1,0,0,0,0,0,1,0
2022-11-06,食用菌,149.844,894.699,206,8,570.6626,206,5.970869704492673,2.7702067961165047,11,7,0,0,0,0,0,0,0,0,0,1,0,0,0,0,0,0,1
2022-11-07,食用菌,77.063,486.343,118,9,311.54449999999997,118,6.310979328601275,2.640207627118644,11,1,0,0,0,0,0,0,0,0,0,1,0,0,0,0,0,0,0
2022-11-08,食用菌,68.508,414.671,108,8,257.71756,108,6.052884334676243,2.386273703703704,11,2,0,0,0,0,0,0,0,0,0,1,0,1,0,0,0,0,0
2022-11-09,食用菌,62.795,375.744,85,9,226.01168,85,5.983661119515886,2.6589609411764705,11,3,0,0,0,0,0,0,0,0,0,1,0,0,1,0,0,0,0
2022-11-10,食用菌,67.548,277.12,74,8,156.66508,74,4.102564102564102,2.1170956756756754,11,4,0,0,0,0,0,0,0,0,0,1,0,0,0,1,0,0,0
2022-11-11,食用菌,141.155,616.535,166,7,364.98625,166,4.367787184300946,2.1987123493975904,11,5,0,0,0,0,0,0,0,0,0,1,0,0,0,0,1,0,0
2022-11-12,食用菌,248.984,1346.649,363,9,746.13686,363,5.408576454711949,2.0554734435261706,11,6,0,0,0,0,0,0,0,0,0,1,0,0,0,0,0,1,0
2022-11-13,食用菌,188.739,1087.139,287,7,588.74418,287,5.7600125040399694,2.051373449477352,11,7,0,0,0,0,0,0,0,0,0,1,0,0,0,0,0,0,1
2022-11-14,食用菌,89.332,501.484,135,8,281.92992,135,5.613710652397797,2.0883697777777774,11,1,0,0,0,0,0,0,0,0,0,1,0,0,0,0,0,0,0
2022-11-15,食用菌,93.215,525.205,136,9,303.42035,136,5.63433996674355,2.2310319852941176,11,2,0,0,0,0,0,0,0,0,0,1,0,1,0,0,0,0,0
2022-11-16,食用菌,86.886,521.604,135,6,301.4296,135,6.003314688212141,2.2328118518518516,11,3,0,0,0,0,0,0,0,0,0,1,0,0,1,0,0,0,0
2022-11-17,食用菌,78.117,482.197,129,7,280.55718,129,6.172753689977854,2.1748618604651164,11,4,0,0,0,0,0,0,0,0,0,1,0,0,0,1,0,0,0
2022-11-18,食用菌,141.804,810.471,223,9,474.34005,223,5.715431158500466,2.1270854260089687,11,5,0,0,0,0,0,0,0,0,0,1,0,0,0,0,1,0,0
2022-11-19,食用菌,432.75,2438.178,592,10,1368.2648000000002,592,5.634149046793761,2.3112581081081083,11,6,0,0,0,0,0,0,0,0,0,1,0,0,0,0,0,1,0
2022-11-20,食用菌,145.828,765.755,204,8,448.29395,204,5.251083468195408,2.197519362745098,11,7,0,0,0,0,0,0,0,0,0,1,0,0,0,0,0,0,1
2022-11-21,食用菌,341.02,1861.7912,478,13,1060.8698299999999,478,5.4594780364787985,2.2193929497907945,11,1,0,0,0,0,0,0,0,0,0,1,0,0,0,0,0,0,0
2022-11-22,食用菌,32.489,209.777,44,8,111.01314,44,6.456862322632276,2.5230259090909093,11,2,0,0,0,0,0,0,0,0,0,1,0,1,0,0,0,0,0
2022-11-23,食用菌,59.562,357.375,77,5,186.37433,77,6.000050367684094,2.420445844155844,11,3,0,0,0,0,0,0,0,0,0,1,0,0,1,0,0,0,0
2022-11-24,食用菌,43.262,341.701,70,7,178.15185,70,7.898409689797051,2.5450264285714286,11,4,0,0,0,0,0,0,0,0,0,1,0,0,0,1,0,0,0
2022-11-25,食用菌,32.969,252.108,48,7,132.41941,48,7.646819739755528,2.7587377083333333,11,5,0,0,0,0,0,0,0,0,0,1,0,0,0,0,1,0,0
2022-11-26,食用菌,57.284,294.802,68,7,107.45412,68,5.146323580755534,1.5802076470588236,11,6,0,0,0,0,0,0,0,0,0,1,0,0,0,0,0,1,0
2022-11-27,食用菌,8.596,54.778999999999996,12,4,25.51672,12,6.37261516984644,2.126393333333333,11,7,0,0,0,0,0,0,0,0,0,1,0,0,0,0,0,0,1
2022-11-28,食用菌,3.012,21.750999999999998,5,3,17.83715,5,7.22144754316069,3.5674300000000003,11,1,0,0,0,0,0,0,0,0,0,1,0,0,0,0,0,0,0
2022-11-29,食用菌,8.283,47.893,8,4,27.894090000000002,8,5.78208378606785,3.4867612500000003,11,2,0,0,0,0,0,0,0,0,0,1,0,1,0,0,0,0,0
2022-12-04,食用菌,26.0,114.2,26,3,55.44,26,4.392307692307693,2.132307692307692,12,7,0,0,0,0,0,0,0,0,0,0,1,0,0,0,0,0,1
2022-12-05,食用菌,114.0,408.4,114,3,241.46,114,3.582456140350877,2.1180701754385964,12,1,0,0,0,0,0,0,0,0,0,0,1,0,0,0,0,0,0
2022-12-06,食用菌,98.62,654.32,153,3,421.32460000000003,153,6.634759683634152,2.7537555555555557,12,2,0,0,0,0,0,0,0,0,0,0,1,1,0,0,0,0,0
2022-12-07,食用菌,124.352,801.232,175,6,487.0184,175,6.443257848687596,2.7829622857142855,12,3,0,0,0,0,0,0,0,0,0,0,1,0,1,0,0,0,0
2022-12-08,食用菌,82.678,554.07,126,6,358.17218,126,6.701540917777402,2.8426363492063493,12,4,0,0,0,0,0,0,0,0,0,0,1,0,0,1,0,0,0
2022-12-09,食用菌,64.484,468.36,96,6,286.11316,96,7.263197072141928,2.9803454166666667,12,5,0,0,0,0,0,0,0,0,0,0,1,0,0,0,1,0,0
2022-12-10,食用菌,146.336,999.44,203,10,591.49098,203,6.8297616444347256,2.913748669950739,12,6,0,0,0,0,0,0,0,0,0,0,1,0,0,0,0,1,0
2022-12-11,食用菌,139.046,979.79,192,11,606.91433,192,7.046516979992233,3.1610121354166663,12,7,0,0,0,0,0,0,0,0,0,0,1,0,0,0,0,0,1
2022-12-12,食用菌,68.722,491.23,108,6,305.61784,108,7.148074852303484,2.829794814814815,12,1,0,0,0,0,0,0,0,0,0,0,1,0,0,0,0,0,0
2022-12-13,食用菌,77.693,516.595,108,9,308.91644,108,6.649183324108994,2.8603374074074077,12,2,0,0,0,0,0,0,0,0,0,0,1,1,0,0,0,0,0
2022-12-14,食用菌,92.181,648.715,131,11,381.50608,131,7.037404671244617,2.9122601526717555,12,3,0,0,0,0,0,0,0,0,0,0,1,0,1,0,0,0,0
2022-12-15,食用菌,94.034,669.01,139,11,382.74252,139,7.114554310143139,2.753543309352518,12,4,0,0,0,0,0,0,0,0,0,0,1,0,0,1,0,0,0
2022-12-16,食用菌,146.341,1002.7412,203,12,594.95196,203,6.852086564940789,2.930797832512315,12,5,0,0,0,0,0,0,0,0,0,0,1,0,0,0,1,0,0
2022-12-17,食用菌,142.647,972.4026,204,10,582.55976,204,6.81684578014259,2.8556850980392157,12,6,0,0,0,0,0,0,0,0,0,0,1,0,0,0,0,1,0
2022-12-18,食用菌,131.36,894.511,183,9,511.21005,183,6.809614799025578,2.7934975409836067,12,7,0,0,0,0,0,0,0,0,0,0,1,0,0,0,0,0,1
2022-12-19,食用菌,85.801,650.3268,138,9,383.1435,138,7.579478094660902,2.7764021739130436,12,1,0,0,0,0,0,0,0,0,0,0,1,0,0,0,0,0,0
2022-12-20,食用菌,97.125,714.33,148,9,399.4673,148,7.354749034749035,2.6991033783783784,12,2,0,0,0,0,0,0,0,0,0,0,1,1,0,0,0,0,0
2022-12-21,食用菌,126.095,846.2,177,9,484.11043,177,6.710813275704826,2.735087175141243,12,3,0,0,0,0,0,0,0,0,0,0,1,0,1,0,0,0,0
2022-12-22,食用菌,93.636,680.828,142,8,393.43812,142,7.271006877696612,2.7706909859154933,12,4,0,0,0,0,0,0,0,0,0,0,1,0,0,1,0,0,0
2022-12-23,食用菌,84.317,605.176,127,10,353.68274,127,7.177390087408234,2.7849034645669293,12,5,0,0,0,0,0,0,0,0,0,0,1,0,0,0,1,0,0
2022-12-24,食用菌,123.631,826.8530000000001,166,11,468.21703,166,6.688071761936731,2.8205845180722893,12,6,0,0,0,0,0,0,0,0,0,0,1,0,0,0,0,1,0
2022-12-25,食用菌,154.217,1059.141,216,12,622.81796,216,6.867861519806507,2.8834164814814813,12,7,0,0,0,0,0,0,0,0,0,0,1,0,0,0,0,0,1
2022-12-26,食用菌,107.528,689.889,149,11,417.23242,149,6.415900974629864,2.8002175838926173,12,1,0,0,0,0,0,0,0,0,0,0,1,0,0,0,0,0,0
2022-12-27,食用菌,95.732,625.371,127,12,373.24697,127,6.532517862365771,2.938952519685039,12,2,0,0,0,0,0,0,0,0,0,0,1,1,0,0,0,0,0
2022-12-28,食用菌,111.519,679.932,155,10,422.9794,155,6.0970058913727705,2.7288993548387097,12,3,0,0,0,0,0,0,0,0,0,0,1,0,1,0,0,0,0
2022-12-29,食用菌,119.822,780.421,165,13,476.1645,165,6.513169534809968,2.8858454545454544,12,4,0,0,0,0,0,0,0,0,0,0,1,0,0,1,0,0,0
2022-12-30,食用菌,129.883,771.699,164,11,470.78539,164,5.941493497994348,2.8706426219512196,12,5,0,0,0,0,0,0,0,0,0,0,1,0,0,0,1,0,0
2022-12-31,食用菌,174.733,1055.1390000000001,235,12,637.48652,235,6.038578860318315,2.712708595744681,12,6,0,0,0,0,0,0,0,0,0,0,1,0,0,0,0,1,0
2023-01-01,食用菌,153.813,985.0840000000001,213,11,614.241,213,6.404426153836153,2.8837605633802816,1,7,0,0,0,0,0,0,0,0,0,0,0,0,0,0,0,0,1
2023-01-02,食用菌,128.931,839.768,181,10,514.42933,181,6.513313322629934,2.8421509944751384,1,1,0,0,0,0,0,0,0,0,0,0,0,0,0,0,0,0,0
2023-01-03,食用菌,76.387,491.151,106,11,316.38952,106,6.429772081636928,2.9848067924528303,1,2,0,0,0,0,0,0,0,0,0,0,0,1,0,0,0,0,0
2023-01-04,食用菌,76.438,452.024,102,10,294.1376,102,5.913603181663571,2.8837019607843137,1,3,0,0,0,0,0,0,0,0,0,0,0,0,1,0,0,0,0
2023-01-05,食用菌,80.958,485.794,109,9,323.7588,109,6.00056819585464,2.9702642201834863,1,4,0,0,0,0,0,0,0,0,0,0,0,0,0,1,0,0,0
2023-01-06,食用菌,95.71,592.5458,125,11,382.20396,125,6.1910542263086406,3.05763168,1,5,0,0,0,0,0,0,0,0,0,0,0,0,0,0,1,0,0
2023-01-07,食用菌,91.173,629.154,130,10,409.01004,130,6.90066138001382,3.146231076923077,1,6,0,0,0,0,0,0,0,0,0,0,0,0,0,0,0,1,0
2023-01-08,食用菌,110.256,716.073,151,8,474.69434,151,6.494639747496735,3.1436711258278147,1,7,0,0,0,0,0,0,0,0,0,0,0,0,0,0,0,0,1
2023-01-09,食用菌,93.066,594.478,122,9,400.35338,122,6.387703350310532,3.281585081967213,1,1,0,0,0,0,0,0,0,0,0,0,0,0,0,0,0,0,0
2023-01-10,食用菌,71.373,499.0994,102,8,321.26935,102,6.992832023314138,3.1496995098039213,1,2,0,0,0,0,0,0,0,0,0,0,0,1,0,0,0,0,0
2023-01-11,食用菌,72.421,570.4098,106,8,348.16396,106,7.876303834523135,3.2845656603773583,1,3,0,0,0,0,0,0,0,0,0,0,0,0,1,0,0,0,0
2023-01-12,食用菌,65.654,551.4588,100,9,344.08765999999997,100,8.39946994851799,3.4408765999999997,1,4,0,0,0,0,0,0,0,0,0,0,0,0,0,1,0,0,0
2023-01-13,食用菌,89.19500000000001,646.1708,119,9,410.12888,119,7.244473344918436,3.446461176470588,1,5,0,0,0,0,0,0,0,0,0,0,0,0,0,0,1,0,0
2023-01-14,食用菌,199.568,1557.0474000000002,288,9,981.70118,288,7.802089513348834,3.4086846527777777,1,6,0,0,0,0,0,0,0,0,0,0,0,0,0,0,0,1,0
2023-01-15,食用菌,169.046,1147.3844000000001,219,10,710.95688,219,6.787409344202171,3.2463784474885844,1,7,0,0,0,0,0,0,0,0,0,0,0,0,0,0,0,0,1
2023-01-16,食用菌,126.54599999999999,1001.5412000000001,175,11,609.14798,175,7.914443759581498,3.4808456,1,1,0,0,0,0,0,0,0,0,0,0,0,0,0,0,0,0,0
2023-01-17,食用菌,137.183,1011.71,172,10,619.42862,172,7.374893390580466,3.6013291860465118,1,2,0,0,0,0,0,0,0,0,0,0,0,1,0,0,0,0,0
2023-01-18,食用菌,201.055,1726.2982000000002,267,11,1097.06949,267,8.586198801323022,4.108874494382023,1,3,0,0,0,0,0,0,0,0,0,0,0,0,1,0,0,0,0
2023-01-19,食用菌,374.359,3143.0694000000003,495,9,1977.52431,495,8.395869740008923,3.994998606060606,1,4,0,0,0,0,0,0,0,0,0,0,0,0,0,1,0,0,0
2023-01-20,食用菌,449.891,3719.9568000000004,598,12,2266.89052,598,8.268573498914183,3.790786822742475,1,5,0,0,0,0,0,0,0,0,0,0,0,0,0,0,1,0,0
2023-01-22,食用菌,90.901,802.7158000000001,123,7,472.16546,123,8.830659728715856,3.8387435772357725,1,7,0,0,0,0,0,0,0,0,0,0,0,0,0,0,0,0,1
2023-01-23,食用菌,137.538,1163.0968,182,4,672.736,182,8.456548735622155,3.6963516483516483,1,1,0,0,0,0,0,0,0,0,0,0,0,0,0,0,0,0,0
2023-01-24,食用菌,44.517,760.4204000000001,127,3,406.79932,127,17.08157333153627,3.2031442519685043,1,2,0,0,0,0,0,0,0,0,0,0,0,1,0,0,0,0,0
2023-01-25,食用菌,165.671,2140.7524,325,7,1325.1611,325,12.921708687700322,4.0774187692307695,1,3,0,0,0,0,0,0,0,0,0,0,0,0,1,0,0,0,0
2023-01-26,食用菌,203.906,1919.4354,331,9,1251.46728,331,9.413334575735878,3.780867915407855,1,4,0,0,0,0,0,0,0,0,0,0,0,0,0,1,0,0,0
2023-01-27,食用菌,210.811,1734.2204000000002,315,12,1118.21226,315,8.226422719877046,3.5498801904761907,1,5,0,0,0,0,0,0,0,0,0,0,0,0,0,0,1,0,0
2023-01-28,食用菌,158.237,1279.333,228,9,817.55111,228,8.084916928404862,3.5857504824561404,1,6,0,0,0,0,0,0,0,0,0,0,0,0,0,0,0,1,0
2023-01-29,食用菌,119.262,894.8756000000001,169,11,567.6174,169,7.503442840133488,3.3586828402366864,1,7,0,0,0,0,0,0,0,0,0,0,0,0,0,0,0,0,1
2023-01-30,食用菌,106.27,825.116,157,10,522.6827499999999,157,7.7643361249647125,3.3291894904458594,1,1,0,0,0,0,0,0,0,0,0,0,0,0,0,0,0,0,0
2023-01-31,食用菌,93.164,673.412,133,10,428.41958,133,7.228242668842042,3.22119984962406,1,2,0,0,0,0,0,0,0,0,0,0,0,1,0,0,0,0,0
2023-02-01,食用菌,81.191,611.3878,117,10,395.01485,117,7.530241036568092,3.3761952991452993,2,3,1,0,0,0,0,0,0,0,0,0,0,0,1,0,0,0,0
2023-02-02,食用菌,111.188,788.544,150,10,519.2702400000001,150,7.091988344065906,3.4618016000000003,2,4,1,0,0,0,0,0,0,0,0,0,0,0,0,1,0,0,0
2023-02-03,食用菌,100.871,626.643,119,11,412.06746,119,6.212320686817818,3.462751764705882,2,5,1,0,0,0,0,0,0,0,0,0,0,0,0,0,1,0,0
2023-02-04,食用菌,126.55,762.755,131,11,488.7483,131,6.027301461872778,3.730903053435114,2,6,1,0,0,0,0,0,0,0,0,0,0,0,0,0,0,1,0
2023-02-05,食用菌,112.777,972.5326,195,12,629.86774,195,8.6235012458214,3.2300909743589745,2,7,1,0,0,0,0,0,0,0,0,0,0,0,0,0,0,0,1
2023-02-06,食用菌,67.535,569.057,114,12,371.31195,114,8.426104982601615,3.2571223684210526,2,1,1,0,0,0,0,0,0,0,0,0,0,0,0,0,0,0,0
2023-02-07,食用菌,51.857,428.44100000000003,88,10,283.523,88,8.261970418651291,3.221852272727273,2,2,1,0,0,0,0,0,0,0,0,0,0,1,0,0,0,0,0
2023-02-08,食用菌,53.978,405.189,83,7,261.02953,83,7.506558227425988,3.1449340963855423,2,3,1,0,0,0,0,0,0,0,0,0,0,0,1,0,0,0,0
2023-02-09,食用菌,66.866,529.373,105,10,345.38573,105,7.916923399036881,3.289387904761905,2,4,1,0,0,0,0,0,0,0,0,0,0,0,0,1,0,0,0
2023-02-10,食用菌,91.229,715.182,139,10,462.1252,139,7.839415098269191,3.324641726618705,2,5,1,0,0,0,0,0,0,0,0,0,0,0,0,0,1,0,0
2023-02-11,食用菌,126.021,951.2330000000001,191,12,610.99219,191,7.548210218931766,3.198911989528796,2,6,1,0,0,0,0,0,0,0,0,0,0,0,0,0,0,1,0
2023-02-12,食用菌,105.179,779.2570000000001,161,10,493.59950000000003,161,7.408864887477539,3.0658354037267084,2,7,1,0,0,0,0,0,0,0,0,0,0,0,0,0,0,0,1
2023-02-13,食用菌,86.699,655.227,134,12,406.16143999999997,134,7.557492012595301,3.0310555223880593,2,1,1,0,0,0,0,0,0,0,0,0,0,0,0,0,0,0,0
2023-02-14,食用菌,58.069,471.54200000000003,105,9,296.1796,105,8.120374037782637,2.8207580952380953,2,2,1,0,0,0,0,0,0,0,0,0,0,1,0,0,0,0,0
2023-02-15,食用菌,67.525,535.744,114,10,332.45748000000003,114,7.93400962606442,2.9162936842105265,2,3,1,0,0,0,0,0,0,0,0,0,0,0,1,0,0,0,0
2023-02-16,食用菌,57.153,469.084,96,10,286.65178,96,8.207513166412962,2.9859560416666664,2,4,1,0,0,0,0,0,0,0,0,0,0,0,0,1,0,0,0
2023-02-17,食用菌,82.544,534.972,87,11,265.4724,87,6.481052529559992,3.051406896551724,2,5,1,0,0,0,0,0,0,0,0,0,0,0,0,0,1,0,0
2023-02-18,食用菌,119.31700000000001,974.5060000000001,207,12,599.4508,207,8.167369276800455,2.8958975845410624,2,6,1,0,0,0,0,0,0,0,0,0,0,0,0,0,0,1,0
2023-02-19,食用菌,92.041,728.743,151,10,451.76091,151,7.9175910735433135,2.991794105960265,2,7,1,0,0,0,0,0,0,0,0,0,0,0,0,0,0,0,1
2023-02-20,食用菌,42.878,326.129,75,7,192.5146,75,7.6059750921218345,2.566861333333333,2,1,1,0,0,0,0,0,0,0,0,0,0,0,0,0,0,0,0
2023-02-21,食用菌,42.615,351.54,84,7,224.38840000000002,84,8.249208025343188,2.6712904761904763,2,2,1,0,0,0,0,0,0,0,0,0,0,1,0,0,0,0,0
2023-02-22,食用菌,58.266,394.528,90,9,243.67688,90,6.771152988020458,2.707520888888889,2,3,1,0,0,0,0,0,0,0,0,0,0,0,1,0,0,0,0
2023-02-23,食用菌,54.902,415.351,88,9,265.68741,88,7.56531638191687,3.0191751136363636,2,4,1,0,0,0,0,0,0,0,0,0,0,0,0,1,0,0,0
2023-02-24,食用菌,69.434,552.197,120,9,347.47198000000003,120,7.952832906069073,2.8955998333333337,2,5,1,0,0,0,0,0,0,0,0,0,0,0,0,0,1,0,0
2023-02-25,食用菌,101.679,772.272,170,9,474.7066,170,7.595196648275455,2.792391764705882,2,6,1,0,0,0,0,0,0,0,0,0,0,0,0,0,0,1,0
2023-02-26,食用菌,77.184,512.057,109,9,302.20346,109,6.63423766583748,2.7725088073394497,2,7,1,0,0,0,0,0,0,0,0,0,0,0,0,0,0,0,1
2023-02-27,食用菌,51.35,427.555,88,9,259.02083,88,8.326290165530672,2.9434185227272724,2,1,1,0,0,0,0,0,0,0,0,0,0,0,0,0,0,0,0
2023-02-28,食用菌,47.277,418.356,83,8,257.62556,83,8.849038644584047,3.1039224096385545,2,2,1,0,0,0,0,0,0,0,0,0,0,1,0,0,0,0,0
2023-03-01,食用菌,52.737,375.931,81,9,221.65415,81,7.128410793181257,2.7364709876543207,3,3,0,1,0,0,0,0,0,0,0,0,0,0,1,0,0,0,0
2023-03-02,食用菌,44.361,357.003,81,9,214.83135000000001,81,8.04767701359302,2.6522388888888893,3,4,0,1,0,0,0,0,0,0,0,0,0,0,0,1,0,0,0
2023-03-03,食用菌,66.707,487.75600000000003,108,8,287.15826,108,7.311916290644161,2.6588727777777774,3,5,0,1,0,0,0,0,0,0,0,0,0,0,0,0,1,0,0
2023-03-04,食用菌,82.061,678.7954,148,10,409.54485,148,8.27183924153983,2.7671949324324325,3,6,0,1,0,0,0,0,0,0,0,0,0,0,0,0,0,1,0
2023-03-05,食用菌,74.763,578.224,131,8,343.70006,131,7.734093067426401,2.623664580152672,3,7,0,1,0,0,0,0,0,0,0,0,0,0,0,0,0,0,1
2023-03-06,食用菌,45.335,343.27,74,9,205.24772000000002,74,7.571853975956766,2.773617837837838,3,1,0,1,0,0,0,0,0,0,0,0,0,0,0,0,0,0,0
2023-03-07,食用菌,47.405,344.14,74,8,198.91035,74,7.2595717751292055,2.6879777027027028,3,2,0,1,0,0,0,0,0,0,0,0,0,1,0,0,0,0,0
2023-03-08,食用菌,54.438,473.30920000000003,101,9,285.23148,101,8.69446342628311,2.82407405940594,3,3,0,1,0,0,0,0,0,0,0,0,0,0,1,0,0,0,0
2023-03-09,食用菌,34.147,269.94100000000003,62,8,167.71534,62,7.905262541365275,2.705086129032258,3,4,0,1,0,0,0,0,0,0,0,0,0,0,0,1,0,0,0
2023-03-10,食用菌,68.913,378.653,108,8,268.99162,108,5.494652678014308,2.490663148148148,3,5,0,1,0,0,0,0,0,0,0,0,0,0,0,0,1,0,0
2023-03-11,食用菌,107.229,762.2302000000001,175,10,486.50419,175,7.108433352917588,2.780023942857143,3,6,0,1,0,0,0,0,0,0,0,0,0,0,0,0,0,1,0
2023-03-12,食用菌,103.694,734.997,177,10,527.83103,177,7.088134318282639,2.982096214689266,3,7,0,1,0,0,0,0,0,0,0,0,0,0,0,0,0,0,1
2023-03-13,食用菌,50.739,346.83480000000003,94,7,213.65541,94,6.8356648731744825,2.2729298936170212,3,1,0,1,0,0,0,0,0,0,0,0,0,0,0,0,0,0,0
2023-03-14,食用菌,44.887,306.246,73,8,191.812,73,6.822598970748769,2.6275616438356164,3,2,0,1,0,0,0,0,0,0,0,0,0,1,0,0,0,0,0
2023-03-15,食用菌,62.736,502.1052,108,9,310.49298,108,8.003462127008417,2.874935,3,3,0,1,0,0,0,0,0,0,0,0,0,0,1,0,0,0,0
2023-03-16,食用菌,75.596,486.8754,117,9,307.54557,117,6.440491560400021,2.6285946153846154,3,4,0,1,0,0,0,0,0,0,0,0,0,0,0,1,0,0,0
2023-03-17,食用菌,111.104,700.0406,167,9,446.74744,167,6.300768649193548,2.675134371257485,3,5,0,1,0,0,0,0,0,0,0,0,0,0,0,0,1,0,0
2023-03-18,食用菌,143.912,947.0272,226,9,592.2472,226,6.5805992551003385,2.620562831858407,3,6,0,1,0,0,0,0,0,0,0,0,0,0,0,0,0,1,0
2023-03-19,食用菌,118.749,965.1146,200,9,587.42848,200,8.12734928294133,2.9371424000000004,3,7,0,1,0,0,0,0,0,0,0,0,0,0,0,0,0,0,1
2023-03-20,食用菌,71.532,581.1252000000001,125,9,360.3116,125,8.123989263546386,2.8824928,3,1,0,1,0,0,0,0,0,0,0,0,0,0,0,0,0,0,0
2023-03-21,食用菌,69.787,552.7536,124,8,337.8584,124,7.920581197071087,2.7246645161290326,3,2,0,1,0,0,0,0,0,0,0,0,0,1,0,0,0,0,0
2023-03-22,食用菌,74.357,541.4198,117,8,335.91983,117,7.281356160146322,2.871109658119658,3,3,0,1,0,0,0,0,0,0,0,0,0,0,1,0,0,0,0
2023-03-23,食用菌,61.349,444.579,98,8,276.24485,98,7.246719587931344,2.818825,3,4,0,1,0,0,0,0,0,0,0,0,0,0,0,1,0,0,0
2023-03-24,食用菌,86.643,608.2844,144,9,398.03726,144,7.02058331313551,2.764147638888889,3,5,0,1,0,0,0,0,0,0,0,0,0,0,0,0,1,0,0
2023-03-25,食用菌,100.009,726.7090000000001,168,8,470.74973,168,7.266436020758133,2.802081726190476,3,6,0,1,0,0,0,0,0,0,0,0,0,0,0,0,0,1,0
2023-03-26,食用菌,106.70100000000001,725.4468,177,9,461.78288000000003,177,6.798875361992859,2.608942824858757,3,7,0,1,0,0,0,0,0,0,0,0,0,0,0,0,0,0,1
2023-03-27,食用菌,58.326,388.5754,92,7,249.82108,92,6.6621300963549706,2.7154465217391306,3,1,0,1,0,0,0,0,0,0,0,0,0,0,0,0,0,0,0
2023-03-28,食用菌,50.559,395.055,89,8,253.19455,89,7.81374236041061,2.844882584269663,3,2,0,1,0,0,0,0,0,0,0,0,0,1,0,0,0,0,0
2023-03-29,食用菌,70.455,491.9108,109,9,316.56026,109,6.981914697324534,2.9042225688073398,3,3,0,1,0,0,0,0,0,0,0,0,0,0,1,0,0,0,0
2023-03-30,食用菌,52.222,345.34000000000003,83,9,221.72808,83,6.6129217571138605,2.67142265060241,3,4,0,1,0,0,0,0,0,0,0,0,0,0,0,1,0,0,0
2023-03-31,食用菌,93.962,572.2272,143,7,380.344,143,6.089985313211724,2.6597482517482516,3,5,0,1,0,0,0,0,0,0,0,0,0,0,0,0,1,0,0
2023-04-01,食用菌,94.004,632.7860000000001,161,8,413.13666,161,6.731479511510149,2.5660662111801242,4,6,0,0,1,0,0,0,0,0,0,0,0,0,0,0,0,1,0
2023-04-02,食用菌,95.39,619.5746,158,9,403.80723,158,6.495173498270259,2.5557419620253166,4,7,0,0,1,0,0,0,0,0,0,0,0,0,0,0,0,0,1
2023-04-03,食用菌,71.394,462.8124,116,9,306.3453,116,6.482511135389529,2.6409077586206897,4,1,0,0,1,0,0,0,0,0,0,0,0,0,0,0,0,0,0
2023-04-04,食用菌,81.021,563.9314,141,9,373.11404,141,6.960311524172746,2.646198865248227,4,2,0,0,1,0,0,0,0,0,0,0,0,1,0,0,0,0,0
2023-04-05,食用菌,101.941,651.363,160,8,428.89123,160,6.389607714266096,2.6805701875,4,3,0,0,1,0,0,0,0,0,0,0,0,0,1,0,0,0,0
2023-04-06,食用菌,51.502,391.6342,93,8,256.2742,93,7.6042522620480755,2.755636559139785,4,4,0,0,1,0,0,0,0,0,0,0,0,0,0,1,0,0,0
2023-04-07,食用菌,65.677,458.7284,107,7,296.8206,107,6.984612573655922,2.7740242990654207,4,5,0,0,1,0,0,0,0,0,0,0,0,0,0,0,1,0,0
2023-04-08,食用菌,99.44,701.3882,161,8,456.4116,161,7.053380933226066,2.834854658385093,4,6,0,0,1,0,0,0,0,0,0,0,0,0,0,0,0,1,0
2023-04-09,食用菌,63.084,444.5852,100,7,293.12354,100,7.047511254834823,2.9312354,4,7,0,0,1,0,0,0,0,0,0,0,0,0,0,0,0,0,1
2023-04-10,食用菌,28.773,246.0354,57,7,162.64478,57,8.550912313627359,2.853417192982456,4,1,0,0,1,0,0,0,0,0,0,0,0,0,0,0,0,0,0
2023-04-11,食用菌,50.27,316.35220000000004,73,7,209.90199,73,6.293061468072409,2.8753697260273974,4,2,0,0,1,0,0,0,0,0,0,0,0,1,0,0,0,0,0
2023-04-12,食用菌,42.16,274.802,68,7,181.541,68,6.518074003795068,2.669720588235294,4,3,0,0,1,0,0,0,0,0,0,0,0,0,1,0,0,0,0
2023-04-13,食用菌,27.331,261.1356,51,8,174.0906,51,9.554557096337494,3.4135411764705883,4,4,0,0,1,0,0,0,0,0,0,0,0,0,0,1,0,0,0
2023-04-14,食用菌,49.149,331.9698,79,7,218.11455999999998,79,6.754355124214125,2.760943797468354,4,5,0,0,1,0,0,0,0,0,0,0,0,0,0,0,1,0,0
2023-04-15,食用菌,71.618,504.89320000000004,117,8,327.68236,117,7.04980870730822,2.8007039316239317,4,6,0,0,1,0,0,0,0,0,0,0,0,0,0,0,0,1,0
2023-04-16,食用菌,64.717,433.5838,94,8,275.43046,94,6.69968941700017,2.9301112765957447,4,7,0,0,1,0,0,0,0,0,0,0,0,0,0,0,0,0,1
2023-04-17,食用菌,37.144999999999996,252.8386,55,8,157.85497,55,6.806800376901334,2.870090363636364,4,1,0,0,1,0,0,0,0,0,0,0,0,0,0,0,0,0,0
2023-04-18,食用菌,55.497,351.3832,82,9,217.77517,82,6.331571075914013,2.655794756097561,4,2,0,0,1,0,0,0,0,0,0,0,0,1,0,0,0,0,0
2023-04-19,食用菌,40.628,276.3568,71,8,178.00416,71,6.802126612188639,2.507100845070423,4,3,0,0,1,0,0,0,0,0,0,0,0,0,1,0,0,0,0
2023-04-20,食用菌,31.68,254.19080000000002,62,7,169.64478,62,8.023699494949495,2.736206129032258,4,4,0,0,1,0,0,0,0,0,0,0,0,0,0,1,0,0,0
2023-04-21,食用菌,68.527,398.1286,109,7,258.30069000000003,109,5.809806353700002,2.3697311009174316,4,5,0,0,1,0,0,0,0,0,0,0,0,0,0,0,1,0,0
2023-04-22,食用菌,133.568,771.8276000000001,198,9,485.4954,198,5.778536775275515,2.4519969696969697,4,6,0,0,1,0,0,0,0,0,0,0,0,0,0,0,0,1,0
2023-04-23,食用菌,71.715,372.083,105,7,238.73555,105,5.188356689674405,2.2736719047619047,4,7,0,0,1,0,0,0,0,0,0,0,0,0,0,0,0,0,1
2023-04-24,食用菌,56.294,372.63640000000004,88,8,235.82524,88,6.619469215191673,2.679832272727273,4,1,0,0,1,0,0,0,0,0,0,0,0,0,0,0,0,0,0
2023-04-25,食用菌,50.409,270.53000000000003,71,6,175.20212,71,5.3667003908032305,2.4676354929577466,4,2,0,0,1,0,0,0,0,0,0,0,0,1,0,0,0,0,0
2023-04-26,食用菌,41.674,222.2646,55,8,140.83062,55,5.333411719537361,2.5605567272727274,4,3,0,0,1,0,0,0,0,0,0,0,0,0,1,0,0,0,0
2023-04-27,食用菌,40.983,271.3494,66,9,175.70905,66,6.621023351145597,2.6622583333333334,4,4,0,0,1,0,0,0,0,0,0,0,0,0,0,1,0,0,0
2023-04-28,食用菌,54.207,362.8158,88,8,235.93856,88,6.693154020698434,2.68112,4,5,0,0,1,0,0,0,0,0,0,0,0,0,0,0,1,0,0
2023-04-29,食用菌,102.08,519.4204,127,7,337.89938,127,5.088365987460815,2.6606250393700788,4,6,0,0,1,0,0,0,0,0,0,0,0,0,0,0,0,1,0
2023-04-30,食用菌,74.877,371.9912,95,8,242.9032,95,4.9680302362541235,2.556875789473684,4,7,0,0,1,0,0,0,0,0,0,0,0,0,0,0,0,0,1
2023-05-01,食用菌,66.907,342.228,86,7,219.10675999999998,86,5.114980495314392,2.547753023255814,5,1,0,0,0,1,0,0,0,0,0,0,0,0,0,0,0,0,0
2023-05-02,食用菌,48.197,312.4904,80,7,205.52192,80,6.483606863497728,2.5690239999999998,5,2,0,0,0,1,0,0,0,0,0,0,0,1,0,0,0,0,0
2023-05-03,食用菌,68.027,391.4384,102,8,256.55,102,5.7541623179031856,2.5151960784313725,5,3,0,0,0,1,0,0,0,0,0,0,0,0,1,0,0,0,0
2023-05-04,食用菌,41.728,201.5118,55,8,131.84085,55,4.829174654907975,2.3971063636363636,5,4,0,0,0,1,0,0,0,0,0,0,0,0,0,1,0,0,0
2023-05-05,食用菌,47.686,251.6106,68,5,167.57685,68,5.27640397600973,2.464365441176471,5,5,0,0,0,1,0,0,0,0,0,0,0,0,0,0,1,0,0
2023-05-06,食用菌,79.697,407.5262,110,8,256.6481,110,5.113444671694041,2.3331645454545455,5,6,0,0,0,1,0,0,0,0,0,0,0,0,0,0,0,1,0
2023-05-07,食用菌,91.612,484.8232,129,8,313.01464,129,5.292136401344802,2.42647007751938,5,7,0,0,0,1,0,0,0,0,0,0,0,0,0,0,0,0,1
2023-05-08,食用菌,48.873,309.6048,74,8,198.7978,74,6.334884291940336,2.6864567567567565,5,1,0,0,0,1,0,0,0,0,0,0,0,0,0,0,0,0,0
2023-05-09,食用菌,47.461,287.53860000000003,77,8,185.29845,77,6.058418490971535,2.4064733766233766,5,2,0,0,0,1,0,0,0,0,0,0,0,1,0,0,0,0,0
2023-05-10,食用菌,65.595,313.4464,85,7,198.96008,85,4.778510557207104,2.3407068235294117,5,3,0,0,0,1,0,0,0,0,0,0,0,0,1,0,0,0,0
2023-05-11,食用菌,38.217,265.0074,59,8,153.03253,59,6.93428055577361,2.5937716949152545,5,4,0,0,0,1,0,0,0,0,0,0,0,0,0,1,0,0,0
2023-05-12,食用菌,61.741,358.8488,87,6,205.90962,87,5.812163716169158,2.3667772413793102,5,5,0,0,0,1,0,0,0,0,0,0,0,0,0,0,1,0,0
2023-05-13,食用菌,82.193,572.1416,124,8,324.01117,124,6.960952879198959,2.612993306451613,5,6,0,0,0,1,0,0,0,0,0,0,0,0,0,0,0,1,0
2023-05-14,食用菌,79.606,511.3972,112,8,283.6666,112,6.4241037107755705,2.5327375,5,7,0,0,0,1,0,0,0,0,0,0,0,0,0,0,0,0,1
2023-05-15,食用菌,42.725,278.5998,65,7,153.36249,65,6.520767700409596,2.3594229230769233,5,1,0,0,0,1,0,0,0,0,0,0,0,0,0,0,0,0,0
2023-05-16,食用菌,51.054,291.0142,66,7,160.42339,66,5.700125357464645,2.4306574242424244,5,2,0,0,0,1,0,0,0,0,0,0,0,1,0,0,0,0,0
2023-05-17,食用菌,47.468,297.8438,69,6,171.09445,69,6.274622903851014,2.4796297101449274,5,3,0,0,0,1,0,0,0,0,0,0,0,0,1,0,0,0,0
2023-05-18,食用菌,38.756,254.94160000000002,53,5,142.5276,53,6.578119516978017,2.6892,5,4,0,0,0,1,0,0,0,0,0,0,0,0,0,1,0,0,0
2023-05-19,食用菌,50.947,324.3492,68,6,181.0162,68,6.3664043025104515,2.6620029411764707,5,5,0,0,0,1,0,0,0,0,0,0,0,0,0,0,1,0,0
2023-05-20,食用菌,68.754,438.696,91,7,251.0284,91,6.380661488786107,2.758553846153846,5,6,0,0,0,1,0,0,0,0,0,0,0,0,0,0,0,1,0
2023-05-21,食用菌,91.559,637.719,132,8,356.95101999999997,132,6.965115390076345,2.7041743939393936,5,7,0,0,0,1,0,0,0,0,0,0,0,0,0,0,0,0,1
2023-05-22,食用菌,53.374,345.75,83,7,200.33567,83,6.477873121744669,2.4136827710843374,5,1,0,0,0,1,0,0,0,0,0,0,0,0,0,0,0,0,0
2023-05-23,食用菌,48.353,317.747,68,7,181.92,68,6.571401981262796,2.675294117647059,5,2,0,0,0,1,0,0,0,0,0,0,0,1,0,0,0,0,0
2023-05-24,食用菌,38.301,266.555,54,7,159.33906,54,6.959478864781598,2.950723333333333,5,3,0,0,0,1,0,0,0,0,0,0,0,0,1,0,0,0,0
2023-05-25,食用菌,35.69,228.36,49,5,132.86,49,6.398430933034464,2.7114285714285717,5,4,0,0,0,1,0,0,0,0,0,0,0,0,0,1,0,0,0
2023-05-26,食用菌,51.098,360.452,70,6,210.28,70,7.054131277153704,3.004,5,5,0,0,0,1,0,0,0,0,0,0,0,0,0,0,1,0,0
2023-05-27,食用菌,91.754,537.696,118,6,315.61,118,5.860191381302178,2.6746610169491527,5,6,0,0,0,1,0,0,0,0,0,0,0,0,0,0,0,1,0
2023-05-28,食用菌,84.635,523.84,114,6,290.065,114,6.189401547823005,2.5444298245614037,5,7,0,0,0,1,0,0,0,0,0,0,0,0,0,0,0,0,1
2023-05-29,食用菌,40.849,224.776,55,5,127.27499999999999,55,5.502607162966046,2.314090909090909,5,1,0,0,0,1,0,0,0,0,0,0,0,0,0,0,0,0,0
2023-05-30,食用菌,38.299,252.876,58,6,144.165,58,6.602678921120656,2.485603448275862,5,2,0,0,0,1,0,0,0,0,0,0,0,1,0,0,0,0,0
2023-05-31,食用菌,42.711,242.064,59,6,138.345,59,5.667486127695441,2.344830508474576,5,3,0,0,0,1,0,0,0,0,0,0,0,0,1,0,0,0,0
2023-06-01,食用菌,37.867,222.508,52,6,125.38499999999999,52,5.876039823593103,2.41125,6,4,0,0,0,0,1,0,0,0,0,0,0,0,0,1,0,0,0
2023-06-02,食用菌,50.385,297.7756,72,8,163.74776,72,5.9100049617941846,2.2742744444444445,6,5,0,0,0,0,1,0,0,0,0,0,0,0,0,0,1,0,0
2023-06-03,食用菌,77.541,463.684,111,6,269.56173,111,5.979855818212301,2.428484054054054,6,6,0,0,0,0,1,0,0,0,0,0,0,0,0,0,0,1,0
2023-06-04,食用菌,77.926,430.924,101,6,246.8256,101,5.529912994379282,2.4438178217821784,6,7,0,0,0,0,1,0,0,0,0,0,0,0,0,0,0,0,1
2023-06-05,食用菌,39.192,247.208,56,7,139.2352,56,6.307613798734436,2.486342857142857,6,1,0,0,0,0,1,0,0,0,0,0,0,0,0,0,0,0,0
2023-06-06,食用菌,40.608,226.792,54,6,131.8736,54,5.584909377462569,2.442103703703704,6,2,0,0,0,0,1,0,0,0,0,0,0,1,0,0,0,0,0
2023-06-07,食用菌,30.445999999999998,193.304,49,5,112.83,49,6.349077054457072,2.3026530612244898,6,3,0,0,0,0,1,0,0,0,0,0,0,0,1,0,0,0,0
2023-06-08,食用菌,35.993,206.732,50,6,121.015,50,5.7436723807406995,2.4203,6,4,0,0,0,0,1,0,0,0,0,0,0,0,0,1,0,0,0
2023-06-09,食用菌,42.465,197.93,53,6,130.595,53,4.66101495349111,2.4640566037735847,6,5,0,0,0,0,1,0,0,0,0,0,0,0,0,0,1,0,0
2023-06-10,食用菌,72.844,367.468,98,7,253.47724000000002,98,5.044588435560925,2.586502448979592,6,6,0,0,0,0,1,0,0,0,0,0,0,0,0,0,0,1,0
2023-06-11,食用菌,57.626,322.172,77,7,217.44559999999998,77,5.590740290840941,2.823968831168831,6,7,0,0,0,0,1,0,0,0,0,0,0,0,0,0,0,0,1
2023-06-12,食用菌,23.154,157.28799999999998,40,7,107.8524,40,6.79312429817742,2.69631,6,1,0,0,0,0,1,0,0,0,0,0,0,0,0,0,0,0,0
2023-06-13,食用菌,41.24,243.88,63,6,170.264,63,5.913676042677012,2.702603174603175,6,2,0,0,0,0,1,0,0,0,0,0,0,1,0,0,0,0,0
2023-06-14,食用菌,34.778,197.816,52,5,138.6368,52,5.687963655184312,2.6660923076923075,6,3,0,0,0,0,1,0,0,0,0,0,0,0,1,0,0,0,0
2023-06-15,食用菌,24.886,183.392,39,6,126.2516,39,7.369283934742426,3.237220512820513,6,4,0,0,0,0,1,0,0,0,0,0,0,0,0,1,0,0,0
2023-06-16,食用菌,41.503,218.666,57,6,149.9568,57,5.268679372575477,2.6308210526315787,6,5,0,0,0,0,1,0,0,0,0,0,0,0,0,0,1,0,0
2023-06-17,食用菌,87.35,515.6,124,5,338.12,124,5.902690326273612,2.7267741935483873,6,6,0,0,0,0,1,0,0,0,0,0,0,0,0,0,0,1,0
2023-06-18,食用菌,67.039,440.536,107,5,287.0684,107,6.571339071286863,2.682882242990654,6,7,0,0,0,0,1,0,0,0,0,0,0,0,0,0,0,0,1
2023-06-19,食用菌,33.293,228.232,57,5,149.3808,57,6.855254858378638,2.620715789473684,6,1,0,0,0,0,1,0,0,0,0,0,0,0,0,0,0,0,0
2023-06-20,食用菌,26.223,175.152,41,5,114.5088,41,6.679327308088319,2.7928975609756095,6,2,0,0,0,0,1,0,0,0,0,0,0,1,0,0,0,0,0
2023-06-21,食用菌,46.364,233.636,60,5,152.5284,60,5.039168320248469,2.5421400000000003,6,3,0,0,0,0,1,0,0,0,0,0,0,0,1,0,0,0,0
2023-06-22,食用菌,64.476,467.124,101,6,303.3356,101,7.244928345430859,3.0033227722772278,6,4,0,0,0,0,1,0,0,0,0,0,0,0,0,1,0,0,0
2023-06-23,食用菌,38.417,243.808,56,5,152.4352,56,6.346357081500377,2.722057142857143,6,5,0,0,0,0,1,0,0,0,0,0,0,0,0,0,1,0,0
2023-06-24,食用菌,39.18,265.52,65,6,172.498,65,6.776927003573252,2.6538153846153847,6,6,0,0,0,0,1,0,0,0,0,0,0,0,0,0,0,1,0
2023-06-25,食用菌,28.271,178.504,45,4,116.7476,45,6.314032046973931,2.5943911111111113,6,7,0,0,0,0,1,0,0,0,0,0,0,0,0,0,0,0,1
2023-06-26,食用菌,27.582,181.068,45,7,116.3592,45,6.564716119208179,2.58576,6,1,0,0,0,0,1,0,0,0,0,0,0,0,0,0,0,0,0
2023-06-27,食用菌,25.708,168.792,44,5,108.6548,44,6.565738291582387,2.469427272727273,6,2,0,0,0,0,1,0,0,0,0,0,0,1,0,0,0,0,0
2023-06-28,食用菌,51.742,242.308,70,6,159.6852,70,4.683004135905067,2.281217142857143,6,3,0,0,0,0,1,0,0,0,0,0,0,0,1,0,0,0,0
2023-06-29,食用菌,43.314,214.336,61,5,142.0084,61,4.948423142632867,2.328006557377049,6,4,0,0,0,0,1,0,0,0,0,0,0,0,0,1,0,0,0
2023-06-30,食用菌,30.572,236.828,60,5,154.8432,60,7.746565484757294,2.58072,6,5,0,0,0,0,1,0,0,0,0,0,0,0,0,0,1,0,0
