sales_date,date_has_records,category_code,category_name,category_has_records,sales_qty_kg,return_qty_kg,net_sales_kg,transaction_rows,sales_rows,return_rows,active_product_count
2020-07-01,1,1011010101,花叶类,1,205.402,0.0,205.402,445,445,0,16
2020-07-01,1,1011010201,花菜类,1,47.076,-0.436,46.64,103,102,1,2
2020-07-01,1,1011010402,水生根茎类,1,4.85,0.0,4.85,15,15,0,2
2020-07-01,1,1011010501,茄类,1,35.374,0.0,35.374,60,60,0,2
2020-07-01,1,1011010504,辣椒类,1,76.715,0.0,76.715,259,259,0,9
2020-07-01,1,1011010801,食用菌,1,35.365,0.0,35.365,120,120,0,5
2020-07-02,1,1011010101,花叶类,1,198.362,0.0,198.362,423,423,0,16
2020-07-02,1,1011010201,花菜类,1,43.943,0.0,43.943,95,95,0,2
2020-07-02,1,1011010402,水生根茎类,1,4.6,0.0,4.6,14,14,0,2
2020-07-02,1,1011010501,茄类,1,32.199,0.0,32.199,56,56,0,2
2020-07-02,1,1011010504,辣椒类,1,66.064,0.0,66.064,226,226,0,10
2020-07-02,1,1011010801,食用菌,1,48.51,0.0,48.51,160,160,0,5
2020-07-03,1,1011010101,花叶类,1,191.779,-1.0,190.779,406,405,1,16
2020-07-03,1,1011010201,花菜类,1,42.076,0.0,42.076,96,96,0,2
2020-07-03,1,1011010402,水生根茎类,1,9.572,0.0,9.572,30,30,0,1
2020-07-03,1,1011010501,茄类,1,35.896,0.0,35.896,57,57,0,2
2020-07-03,1,1011010504,辣椒类,1,64.253,0.0,64.253,227,227,0,10
2020-07-03,1,1011010801,食用菌,1,42.442,0.0,42.442,149,149,0,5
2020-07-04,1,1011010101,花叶类,1,236.587,0.0,236.587,526,526,0,13
2020-07-04,1,1011010201,花菜类,1,55.662,0.0,55.662,126,126,0,2
2020-07-04,1,1011010402,水生根茎类,1,5.439,0.0,5.439,16,16,0,2
2020-07-04,1,1011010501,茄类,1,57.067,0.0,57.067,99,99,0,2
2020-07-04,1,1011010504,辣椒类,1,81.282,0.0,81.282,293,293,0,10
2020-07-04,1,1011010801,食用菌,1,47.262,0.0,47.262,171,171,0,5
2020-07-05,1,1011010101,花叶类,1,223.899,0.0,223.899,508,508,0,13
2020-07-05,1,1011010201,花菜类,1,55.474,0.0,55.474,106,106,0,2
2020-07-05,1,1011010402,水生根茎类,1,4.019,0.0,4.019,12,12,0,1
2020-07-05,1,1011010501,茄类,1,61.816,0.0,61.816,111,111,0,3
2020-07-05,1,1011010504,辣椒类,1,98.496,0.0,98.496,352,352,0,10
2020-07-05,1,1011010801,食用菌,1,73.213,0.0,73.213,207,207,0,5
2020-07-06,1,1011010101,花叶类,1,195.74,0.0,195.74,419,419,0,14
2020-07-06,1,1011010201,花菜类,1,42.721,0.0,42.721,86,86,0,2
2020-07-06,1,1011010402,水生根茎类,1,3.089,0.0,3.089,11,11,0,1
2020-07-06,1,1011010501,茄类,1,30.727,0.0,30.727,57,57,0,3
2020-07-06,1,1011010504,辣椒类,1,58.682,0.0,58.682,223,223,0,10
2020-07-06,1,1011010801,食用菌,1,40.578,0.0,40.578,137,137,0,6
2020-07-07,1,1011010101,花叶类,1,175.052,-3.0,172.052,382,379,3,15
2020-07-07,1,1011010201,花菜类,1,45.749,0.0,45.749,97,97,0,2
2020-07-07,1,1011010402,水生根茎类,1,3.117,0.0,3.117,11,11,0,1
2020-07-07,1,1011010501,茄类,1,32.112,0.0,32.112,56,56,0,2
2020-07-07,1,1011010504,辣椒类,1,42.213,0.0,42.213,191,191,0,10
2020-07-07,1,1011010801,食用菌,1,52.56,0.0,52.56,175,175,0,7
2020-07-08,1,1011010101,花叶类,1,158.57,-6.0,152.57,336,331,5,16
2020-07-08,1,1011010201,花菜类,1,45.433,0.0,45.433,95,95,0,2
2020-07-08,1,1011010402,水生根茎类,1,10.605,0.0,10.605,26,26,0,2
2020-07-08,1,1011010501,茄类,1,39.67,0.0,39.67,64,64,0,2
2020-07-08,1,1011010504,辣椒类,1,65.88,0.0,65.88,242,242,0,10
2020-07-08,1,1011010801,食用菌,1,43.968,0.0,43.968,153,153,0,5
2020-07-09,1,1011010101,花叶类,1,187.439,0.0,187.439,391,391,0,15
2020-07-09,1,1011010201,花菜类,1,41.131,0.0,41.131,89,89,0,2
2020-07-09,1,1011010402,水生根茎类,1,2.106,0.0,2.106,7,7,0,1
2020-07-09,1,1011010501,茄类,1,25.921,0.0,25.921,48,48,0,3
2020-07-09,1,1011010504,辣椒类,1,58.86,0.0,58.86,219,219,0,10
2020-07-09,1,1011010801,食用菌,1,37.837,0.0,37.837,133,133,0,5
2020-07-10,1,1011010101,花叶类,1,179.833,0.0,179.833,383,383,0,16
2020-07-10,1,1011010201,花菜类,1,62.344,0.0,62.344,136,136,0,2
2020-07-10,1,1011010402,水生根茎类,1,9.025,0.0,9.025,28,28,0,2
2020-07-10,1,1011010501,茄类,1,37.86,0.0,37.86,62,62,0,3
2020-07-10,1,1011010504,辣椒类,1,58.936,0.0,58.936,243,243,0,8
2020-07-10,1,1011010801,食用菌,1,41.429,0.0,41.429,135,135,0,6
2020-07-11,1,1011010101,花叶类,1,271.12,-0.777,270.343,572,571,1,15
2020-07-11,1,1011010201,花菜类,1,76.564,0.0,76.564,139,139,0,2
2020-07-11,1,1011010402,水生根茎类,1,8.928,0.0,8.928,23,23,0,2
2020-07-11,1,1011010501,茄类,1,68.277,0.0,68.277,116,116,0,2
2020-07-11,1,1011010504,辣椒类,1,85.936,0.0,85.936,306,306,0,9
2020-07-11,1,1011010801,食用菌,1,52.238,0.0,52.238,184,184,0,5
2020-07-12,1,1011010101,花叶类,1,300.189,0.0,300.189,653,653,0,15
2020-07-12,1,1011010201,花菜类,1,71.615,0.0,71.615,148,148,0,2
2020-07-12,1,1011010402,水生根茎类,1,13.994,0.0,13.994,36,36,0,3
2020-07-12,1,1011010501,茄类,1,81.706,0.0,81.706,135,135,0,3
2020-07-12,1,1011010504,辣椒类,1,72.459,-0.291,72.168,298,297,1,10
2020-07-12,1,1011010801,食用菌,1,55.96,0.0,55.96,185,185,0,6
2020-07-13,1,1011010101,花叶类,1,190.832,0.0,190.832,396,396,0,13
2020-07-13,1,1011010201,花菜类,1,32.028,0.0,32.028,73,73,0,2
2020-07-13,1,1011010402,水生根茎类,1,11.605,0.0,11.605,31,31,0,2
2020-07-13,1,1011010501,茄类,1,44.379,0.0,44.379,79,79,0,3
2020-07-13,1,1011010504,辣椒类,1,61.24,0.0,61.24,220,220,0,10
2020-07-13,1,1011010801,食用菌,1,42.113,0.0,42.113,145,145,0,5
2020-07-14,1,1011010101,花叶类,1,190.599,0.0,190.599,413,413,0,13
2020-07-14,1,1011010201,花菜类,1,57.575,0.0,57.575,115,115,0,2
2020-07-14,1,1011010402,水生根茎类,1,9.007,0.0,9.007,22,22,0,2
2020-07-14,1,1011010501,茄类,1,34.747,0.0,34.747,64,64,0,3
2020-07-14,1,1011010504,辣椒类,1,66.745,0.0,66.745,225,225,0,10
2020-07-14,1,1011010801,食用菌,1,44.836,0.0,44.836,148,148,0,7
2020-07-15,1,1011010101,花叶类,1,218.094,-0.652,217.442,457,456,1,12
2020-07-15,1,1011010201,花菜类,1,37.962,0.0,37.962,77,77,0,2
2020-07-15,1,1011010402,水生根茎类,1,10.238,0.0,10.238,24,24,0,2
2020-07-15,1,1011010501,茄类,1,38.17,0.0,38.17,70,70,0,3
2020-07-15,1,1011010504,辣椒类,1,73.354,0.0,73.354,242,242,0,10
2020-07-15,1,1011010801,食用菌,1,42.196,0.0,42.196,139,139,0,7
2020-07-16,1,1011010101,花叶类,1,215.526,-3.0,212.526,466,463,3,13
2020-07-16,1,1011010201,花菜类,1,39.45,0.0,39.45,83,83,0,2
2020-07-16,1,1011010402,水生根茎类,1,11.354,0.0,11.354,30,30,0,2
2020-07-16,1,1011010501,茄类,1,26.586,0.0,26.586,54,54,0,3
2020-07-16,1,1011010504,辣椒类,1,72.656,0.0,72.656,237,237,0,10
2020-07-16,1,1011010801,食用菌,1,53.685,-0.426,53.259,170,169,1,7
2020-07-17,1,1011010101,花叶类,1,201.67,-6.0,195.67,436,431,5,14
2020-07-17,1,1011010201,花菜类,1,44.198,0.0,44.198,92,92,0,2
2020-07-17,1,1011010402,水生根茎类,1,10.727,0.0,10.727,29,29,0,2
2020-07-17,1,1011010501,茄类,1,37.251,0.0,37.251,69,69,0,3
2020-07-17,1,1011010504,辣椒类,1,61.025,0.0,61.025,218,218,0,10
2020-07-17,1,1011010801,食用菌,1,51.908,0.0,51.908,169,169,0,7
2020-07-18,1,1011010101,花叶类,1,275.265,-1.0,274.265,604,603,1,13
2020-07-18,1,1011010201,花菜类,1,61.088,0.0,61.088,128,128,0,2
2020-07-18,1,1011010402,水生根茎类,1,10.418,0.0,10.418,24,24,0,2
2020-07-18,1,1011010501,茄类,1,56.585,0.0,56.585,95,95,0,3
2020-07-18,1,1011010504,辣椒类,1,85.051,0.0,85.051,318,318,0,10
2020-07-18,1,1011010801,食用菌,1,71.884,-0.192,71.692,228,227,1,7
2020-07-19,1,1011010101,花叶类,1,321.164,-1.373,319.791,680,678,2,12
2020-07-19,1,1011010201,花菜类,1,76.351,0.0,76.351,165,165,0,2
2020-07-19,1,1011010402,水生根茎类,1,11.124,0.0,11.124,25,25,0,2
2020-07-19,1,1011010501,茄类,1,71.772,0.0,71.772,125,125,0,3
2020-07-19,1,1011010504,辣椒类,1,103.776,-1.065,102.711,347,345,2,10
2020-07-19,1,1011010801,食用菌,1,80.322,-0.501,79.821,287,286,1,7
2020-07-20,1,1011010101,花叶类,1,204.997,0.0,204.997,432,432,0,12
2020-07-20,1,1011010201,花菜类,1,47.431,0.0,47.431,99,99,0,2
2020-07-20,1,1011010402,水生根茎类,1,9.548,0.0,9.548,23,23,0,2
2020-07-20,1,1011010501,茄类,1,33.947,0.0,33.947,63,63,0,3
2020-07-20,1,1011010504,辣椒类,1,67.35,0.0,67.35,246,246,0,9
2020-07-20,1,1011010801,食用菌,1,52.617,0.0,52.617,181,181,0,7
2020-07-21,1,1011010101,花叶类,1,214.99,0.0,214.99,428,428,0,13
2020-07-21,1,1011010201,花菜类,1,49.005,0.0,49.005,114,114,0,2
2020-07-21,1,1011010402,水生根茎类,1,12.744,0.0,12.744,29,29,0,3
2020-07-21,1,1011010501,茄类,1,27.094,0.0,27.094,51,51,0,3
2020-07-21,1,1011010504,辣椒类,1,56.993,0.0,56.993,203,203,0,10
2020-07-21,1,1011010801,食用菌,1,45.905,0.0,45.905,158,158,0,7
2020-07-22,1,1011010101,花叶类,1,232.783,-0.373,232.41,500,499,1,13
2020-07-22,1,1011010201,花菜类,1,53.675,0.0,53.675,116,116,0,2
2020-07-22,1,1011010402,水生根茎类,1,11.05,-0.2,10.85,30,29,1,3
2020-07-22,1,1011010501,茄类,1,48.247,0.0,48.247,90,90,0,3
2020-07-22,1,1011010504,辣椒类,1,81.36,-0.051,81.309,289,288,1,9
2020-07-22,1,1011010801,食用菌,1,66.794,-0.116,66.678,206,205,1,7
2020-07-23,1,1011010101,花叶类,1,200.441,-0.457,199.984,434,433,1,13
2020-07-23,1,1011010201,花菜类,1,39.425,0.0,39.425,88,88,0,2
2020-07-23,1,1011010402,水生根茎类,1,30.417,0.0,30.417,39,39,0,3
2020-07-23,1,1011010501,茄类,1,44.142,0.0,44.142,72,72,0,3
2020-07-23,1,1011010504,辣椒类,1,57.639,0.0,57.639,212,212,0,10
2020-07-23,1,1011010801,食用菌,1,56.759,0.0,56.759,169,169,0,7
2020-07-24,1,1011010101,花叶类,1,176.325,0.0,176.325,371,371,0,11
2020-07-24,1,1011010201,花菜类,1,38.284,-0.589,37.695,80,79,1,2
2020-07-24,1,1011010402,水生根茎类,1,11.74,0.0,11.74,29,29,0,3
2020-07-24,1,1011010501,茄类,1,34.97,0.0,34.97,56,56,0,3
2020-07-24,1,1011010504,辣椒类,1,58.738,-1.158,57.58,198,197,1,9
2020-07-24,1,1011010801,食用菌,1,49.201,0.0,49.201,147,147,0,7
2020-07-25,1,1011010101,花叶类,1,227.137,0.0,227.137,514,514,0,13
2020-07-25,1,1011010201,花菜类,1,57.421,0.0,57.421,120,120,0,2
2020-07-25,1,1011010402,水生根茎类,1,10.424,0.0,10.424,23,23,0,2
2020-07-25,1,1011010501,茄类,1,61.874,0.0,61.874,108,108,0,3
2020-07-25,1,1011010504,辣椒类,1,94.206,0.0,94.206,313,313,0,10
2020-07-25,1,1011010801,食用菌,1,67.013,0.0,67.013,208,208,0,7
2020-07-26,1,1011010101,花叶类,1,250.825,0.0,250.825,548,548,0,13
2020-07-26,1,1011010201,花菜类,1,64.119,0.0,64.119,139,139,0,2
2020-07-26,1,1011010402,水生根茎类,1,12.988,0.0,12.988,36,36,0,3
2020-07-26,1,1011010501,茄类,1,69.521,0.0,69.521,112,112,0,3
2020-07-26,1,1011010504,辣椒类,1,102.061,0.0,102.061,348,348,0,9
2020-07-26,1,1011010801,食用菌,1,71.295,0.0,71.295,209,209,0,7
2020-07-27,1,1011010101,花叶类,1,198.009,0.0,198.009,408,408,0,12
2020-07-27,1,1011010201,花菜类,1,42.876,0.0,42.876,88,88,0,2
2020-07-27,1,1011010402,水生根茎类,1,17.265,0.0,17.265,39,39,0,3
2020-07-27,1,1011010501,茄类,1,36.121,0.0,36.121,59,59,0,3
2020-07-27,1,1011010504,辣椒类,1,71.402,0.0,71.402,255,255,0,10
2020-07-27,1,1011010801,食用菌,1,52.777,0.0,52.777,172,172,0,8
2020-07-28,1,1011010101,花叶类,1,165.443,0.0,165.443,360,360,0,13
2020-07-28,1,1011010201,花菜类,1,34.937,0.0,34.937,71,71,0,2
2020-07-28,1,1011010402,水生根茎类,1,13.959,0.0,13.959,34,34,0,2
2020-07-28,1,1011010501,茄类,1,40.34,0.0,40.34,60,60,0,3
2020-07-28,1,1011010504,辣椒类,1,66.001,0.0,66.001,225,225,0,10
2020-07-28,1,1011010801,食用菌,1,47.728,0.0,47.728,138,138,0,8
2020-07-29,1,1011010101,花叶类,1,193.729,0.0,193.729,413,413,0,12
2020-07-29,1,1011010201,花菜类,1,42.22,0.0,42.22,94,94,0,2
2020-07-29,1,1011010402,水生根茎类,1,18.597,0.0,18.597,34,34,0,2
2020-07-29,1,1011010501,茄类,1,40.777,0.0,40.777,69,69,0,3
2020-07-29,1,1011010504,辣椒类,1,82.494,0.0,82.494,282,282,0,10
2020-07-29,1,1011010801,食用菌,1,54.315,0.0,54.315,174,174,0,7
2020-07-30,1,1011010101,花叶类,1,201.743,0.0,201.743,413,413,0,11
2020-07-30,1,1011010201,花菜类,1,38.198,0.0,38.198,82,82,0,2
2020-07-30,1,1011010402,水生根茎类,1,10.645,0.0,10.645,26,26,0,2
2020-07-30,1,1011010501,茄类,1,46.311,0.0,46.311,81,81,0,3
2020-07-30,1,1011010504,辣椒类,1,68.219,-0.576,67.643,236,235,1,10
2020-07-30,1,1011010801,食用菌,1,50.774,0.0,50.774,155,155,0,7
2020-07-31,1,1011010101,花叶类,1,197.166,0.0,197.166,437,437,0,13
2020-07-31,1,1011010201,花菜类,1,37.549,0.0,37.549,74,74,0,2
2020-07-31,1,1011010402,水生根茎类,1,19.062,0.0,19.062,37,37,0,2
2020-07-31,1,1011010501,茄类,1,34.092,0.0,34.092,53,53,0,3
2020-07-31,1,1011010504,辣椒类,1,41.104,0.0,41.104,152,152,0,10
2020-07-31,1,1011010801,食用菌,1,45.587,0.0,45.587,127,127,0,7
2020-08-01,1,1011010101,花叶类,1,229.89,0.0,229.89,527,527,0,14
2020-08-01,1,1011010201,花菜类,1,54.362,0.0,54.362,121,121,0,2
2020-08-01,1,1011010402,水生根茎类,1,21.432,0.0,21.432,44,44,0,2
2020-08-01,1,1011010501,茄类,1,48.805,0.0,48.805,90,90,0,3
2020-08-01,1,1011010504,辣椒类,1,66.156,0.0,66.156,265,265,0,11
2020-08-01,1,1011010801,食用菌,1,53.797,0.0,53.797,175,175,0,7
2020-08-02,1,1011010101,花叶类,1,243.138,0.0,243.138,547,547,0,17
2020-08-02,1,1011010201,花菜类,1,49.219,0.0,49.219,99,99,0,2
2020-08-02,1,1011010402,水生根茎类,1,56.154,0.0,56.154,107,107,0,3
2020-08-02,1,1011010501,茄类,1,50.893,0.0,50.893,93,93,0,3
2020-08-02,1,1011010504,辣椒类,1,67.963,0.0,67.963,252,252,0,11
2020-08-02,1,1011010801,食用菌,1,54.961,0.0,54.961,163,163,0,8
2020-08-03,1,1011010101,花叶类,1,207.843,0.0,207.843,470,470,0,16
2020-08-03,1,1011010201,花菜类,1,44.426,0.0,44.426,89,89,0,2
2020-08-03,1,1011010402,水生根茎类,1,15.555,0.0,15.555,41,41,0,3
2020-08-03,1,1011010501,茄类,1,45.191,0.0,45.191,82,82,0,3
2020-08-03,1,1011010504,辣椒类,1,86.474,0.0,86.474,295,295,0,11
2020-08-03,1,1011010801,食用菌,1,48.575,0.0,48.575,151,151,0,8
2020-08-04,1,1011010101,花叶类,1,180.012,0.0,180.012,387,387,0,17
2020-08-04,1,1011010201,花菜类,1,44.534,0.0,44.534,99,99,0,2
2020-08-04,1,1011010402,水生根茎类,1,26.208,0.0,26.208,51,51,0,3
2020-08-04,1,1011010501,茄类,1,30.591,0.0,30.591,56,56,0,3
2020-08-04,1,1011010504,辣椒类,1,73.365,0.0,73.365,225,225,0,8
2020-08-04,1,1011010801,食用菌,1,45.301,0.0,45.301,140,140,0,7
2020-08-05,1,1011010101,花叶类,1,244.395,0.0,244.395,544,544,0,18
2020-08-05,1,1011010201,花菜类,1,43.631,0.0,43.631,101,101,0,2
2020-08-05,1,1011010402,水生根茎类,1,21.452,0.0,21.452,38,38,0,3
2020-08-05,1,1011010501,茄类,1,49.472,0.0,49.472,85,85,0,3
2020-08-05,1,1011010504,辣椒类,1,82.229,0.0,82.229,272,272,0,7
2020-08-05,1,1011010801,食用菌,1,62.84,0.0,62.84,179,179,0,7
2020-08-06,1,1011010101,花叶类,1,234.777,0.0,234.777,495,495,0,17
2020-08-06,1,1011010201,花菜类,1,40.827,0.0,40.827,84,84,0,2
2020-08-06,1,1011010402,水生根茎类,1,19.115,0.0,19.115,36,36,0,3
2020-08-06,1,1011010501,茄类,1,31.596,0.0,31.596,57,57,0,2
2020-08-06,1,1011010504,辣椒类,1,74.047,0.0,74.047,249,249,0,11
2020-08-06,1,1011010801,食用菌,1,48.611,0.0,48.611,155,155,0,8
2020-08-07,1,1011010101,花叶类,1,204.941,0.0,204.941,426,426,0,17
2020-08-07,1,1011010201,花菜类,1,40.272,0.0,40.272,89,89,0,2
2020-08-07,1,1011010402,水生根茎类,1,25.415,0.0,25.415,50,50,0,4
2020-08-07,1,1011010501,茄类,1,51.799,0.0,51.799,90,90,0,3
2020-08-07,1,1011010504,辣椒类,1,78.611,0.0,78.611,262,262,0,10
2020-08-07,1,1011010801,食用菌,1,68.177,0.0,68.177,179,179,0,11
2020-08-08,1,1011010101,花叶类,1,311.161,0.0,311.161,648,648,0,16
2020-08-08,1,1011010201,花菜类,1,58.156,0.0,58.156,132,132,0,2
2020-08-08,1,1011010402,水生根茎类,1,27.461,0.0,27.461,55,55,0,4
2020-08-08,1,1011010501,茄类,1,63.764,0.0,63.764,111,111,0,3
2020-08-08,1,1011010504,辣椒类,1,100.292,0.0,100.292,340,340,0,8
2020-08-08,1,1011010801,食用菌,1,92.144,0.0,92.144,222,222,0,12
2020-08-09,1,1011010101,花叶类,1,250.59,0.0,250.59,504,504,0,16
2020-08-09,1,1011010201,花菜类,1,54.876,0.0,54.876,117,117,0,2
2020-08-09,1,1011010402,水生根茎类,1,25.9,0.0,25.9,57,57,0,3
2020-08-09,1,1011010501,茄类,1,51.835,0.0,51.835,95,95,0,3
2020-08-09,1,1011010504,辣椒类,1,73.684,0.0,73.684,255,255,0,10
2020-08-09,1,1011010801,食用菌,1,73.073,0.0,73.073,232,232,0,10
2020-08-10,1,1011010101,花叶类,1,210.292,0.0,210.292,464,464,0,15
2020-08-10,1,1011010201,花菜类,1,50.7,0.0,50.7,116,116,0,2
2020-08-10,1,1011010402,水生根茎类,1,30.683,0.0,30.683,64,64,0,4
2020-08-10,1,1011010501,茄类,1,47.664,0.0,47.664,85,85,0,3
2020-08-10,1,1011010504,辣椒类,1,78.905,-0.17,78.735,263,262,1,9
2020-08-10,1,1011010801,食用菌,1,36.094,0.0,36.094,123,123,0,5
2020-08-11,1,1011010101,花叶类,1,216.713,0.0,216.713,455,455,0,15
2020-08-11,1,1011010201,花菜类,1,56.279,0.0,56.279,133,133,0,2
2020-08-11,1,1011010402,水生根茎类,1,20.458,0.0,20.458,47,47,0,4
2020-08-11,1,1011010501,茄类,1,33.572,0.0,33.572,60,60,0,3
2020-08-11,1,1011010504,辣椒类,1,73.292,0.0,73.292,256,256,0,10
2020-08-11,1,1011010801,食用菌,1,40.017,0.0,40.017,131,131,0,5
2020-08-12,1,1011010101,花叶类,1,206.877,0.0,206.877,438,438,0,14
2020-08-12,1,1011010201,花菜类,1,50.065,0.0,50.065,111,111,0,2
2020-08-12,1,1011010402,水生根茎类,1,27.355,0.0,27.355,57,57,0,4
2020-08-12,1,1011010501,茄类,1,36.009,0.0,36.009,66,66,0,3
2020-08-12,1,1011010504,辣椒类,1,85.166,0.0,85.166,276,276,0,10
2020-08-12,1,1011010801,食用菌,1,34.195,0.0,34.195,123,123,0,6
2020-08-13,1,1011010101,花叶类,1,188.208,0.0,188.208,386,386,0,15
2020-08-13,1,1011010201,花菜类,1,47.468,0.0,47.468,113,113,0,2
2020-08-13,1,1011010402,水生根茎类,1,19.324,0.0,19.324,44,44,0,3
2020-08-13,1,1011010501,茄类,1,31.109,0.0,31.109,58,58,0,3
2020-08-13,1,1011010504,辣椒类,1,61.768,0.0,61.768,222,222,0,9
2020-08-13,1,1011010801,食用菌,1,35.65,0.0,35.65,129,129,0,5
2020-08-14,1,1011010101,花叶类,1,217.758,0.0,217.758,483,483,0,15
2020-08-14,1,1011010201,花菜类,1,58.582,0.0,58.582,137,137,0,2
2020-08-14,1,1011010402,水生根茎类,1,29.991,0.0,29.991,50,50,0,4
2020-08-14,1,1011010501,茄类,1,37.826,0.0,37.826,67,67,0,3
2020-08-14,1,1011010504,辣椒类,1,76.489,0.0,76.489,261,261,0,10
2020-08-14,1,1011010801,食用菌,1,53.795,0.0,53.795,158,158,0,10
2020-08-15,1,1011010101,花叶类,1,245.136,0.0,245.136,507,507,0,14
2020-08-15,1,1011010201,花菜类,1,79.38,0.0,79.38,169,169,0,2
2020-08-15,1,1011010402,水生根茎类,1,25.642,0.0,25.642,47,47,0,3
2020-08-15,1,1011010501,茄类,1,43.279,0.0,43.279,82,82,0,3
2020-08-15,1,1011010504,辣椒类,1,94.285,0.0,94.285,327,327,0,10
2020-08-15,1,1011010801,食用菌,1,58.015,0.0,58.015,166,166,0,10
2020-08-16,1,1011010101,花叶类,1,241.48,0.0,241.48,483,483,0,13
2020-08-16,1,1011010201,花菜类,1,60.231,0.0,60.231,137,137,0,2
2020-08-16,1,1011010402,水生根茎类,1,24.454,0.0,24.454,52,52,0,3
2020-08-16,1,1011010501,茄类,1,48.366,0.0,48.366,84,84,0,3
2020-08-16,1,1011010504,辣椒类,1,95.285,0.0,95.285,329,329,0,9
2020-08-16,1,1011010801,食用菌,1,55.093,0.0,55.093,176,176,0,9
2020-08-17,1,1011010101,花叶类,1,215.633,0.0,215.633,465,465,0,13
2020-08-17,1,1011010201,花菜类,1,51.749,0.0,51.749,121,121,0,2
2020-08-17,1,1011010402,水生根茎类,1,15.916,0.0,15.916,32,32,0,3
2020-08-17,1,1011010501,茄类,1,35.014,0.0,35.014,64,64,0,3
2020-08-17,1,1011010504,辣椒类,1,72.953,0.0,72.953,251,251,0,9
2020-08-17,1,1011010801,食用菌,1,47.418,0.0,47.418,140,140,0,9
2020-08-18,1,1011010101,花叶类,1,225.113,0.0,225.113,470,470,0,13
2020-08-18,1,1011010201,花菜类,1,55.92,0.0,55.92,129,129,0,2
2020-08-18,1,1011010402,水生根茎类,1,21.753,0.0,21.753,38,38,0,3
2020-08-18,1,1011010501,茄类,1,34.019,0.0,34.019,66,66,0,3
2020-08-18,1,1011010504,辣椒类,1,76.92,0.0,76.92,258,258,0,10
2020-08-18,1,1011010801,食用菌,1,45.716,0.0,45.716,135,135,0,8
2020-08-19,1,1011010101,花叶类,1,214.173,0.0,214.173,437,437,0,13
2020-08-19,1,1011010201,花菜类,1,64.061,0.0,64.061,140,140,0,2
2020-08-19,1,1011010402,水生根茎类,1,17.95,0.0,17.95,35,35,0,3
2020-08-19,1,1011010501,茄类,1,30.347,0.0,30.347,57,57,0,3
2020-08-19,1,1011010504,辣椒类,1,80.919,0.0,80.919,277,277,0,9
2020-08-19,1,1011010801,食用菌,1,50.126,0.0,50.126,154,154,0,10
2020-08-20,1,1011010101,花叶类,1,233.532,0.0,233.532,470,470,0,13
2020-08-20,1,1011010201,花菜类,1,69.587,0.0,69.587,150,150,0,2
2020-08-20,1,1011010402,水生根茎类,1,22.966,0.0,22.966,48,48,0,3
2020-08-20,1,1011010501,茄类,1,37.957,0.0,37.957,67,67,0,3
2020-08-20,1,1011010504,辣椒类,1,75.953,0.0,75.953,270,270,0,10
2020-08-20,1,1011010801,食用菌,1,54.411,0.0,54.411,150,150,0,11
2020-08-21,1,1011010101,花叶类,1,207.076,0.0,207.076,422,422,0,13
2020-08-21,1,1011010201,花菜类,1,50.062,0.0,50.062,108,108,0,2
2020-08-21,1,1011010402,水生根茎类,1,34.598,0.0,34.598,54,54,0,4
2020-08-21,1,1011010501,茄类,1,29.694,0.0,29.694,54,54,0,3
2020-08-21,1,1011010504,辣椒类,1,85.198,0.0,85.198,282,282,0,10
2020-08-21,1,1011010801,食用菌,1,50.0,0.0,50.0,157,157,0,9
2020-08-22,1,1011010101,花叶类,1,273.081,0.0,273.081,557,557,0,14
2020-08-22,1,1011010201,花菜类,1,55.886,0.0,55.886,132,132,0,2
2020-08-22,1,1011010402,水生根茎类,1,42.772,0.0,42.772,54,54,0,3
2020-08-22,1,1011010501,茄类,1,30.422,0.0,30.422,58,58,0,3
2020-08-22,1,1011010504,辣椒类,1,116.801,0.0,116.801,374,374,0,9
2020-08-22,1,1011010801,食用菌,1,49.895,0.0,49.895,165,165,0,9
2020-08-23,1,1011010101,花叶类,1,261.552,0.0,261.552,524,524,0,13
2020-08-23,1,1011010201,花菜类,1,71.556,0.0,71.556,158,158,0,2
2020-08-23,1,1011010402,水生根茎类,1,46.057,0.0,46.057,58,58,0,4
2020-08-23,1,1011010501,茄类,1,47.316,0.0,47.316,90,90,0,3
2020-08-23,1,1011010504,辣椒类,1,93.714,0.0,93.714,336,336,0,9
2020-08-23,1,1011010801,食用菌,1,55.226,0.0,55.226,179,179,0,8
2020-08-24,1,1011010101,花叶类,1,260.694,0.0,260.694,485,485,0,15
2020-08-24,1,1011010201,花菜类,1,41.784,0.0,41.784,89,89,0,2
2020-08-24,1,1011010402,水生根茎类,1,20.305,0.0,20.305,37,37,0,3
2020-08-24,1,1011010501,茄类,1,26.874,0.0,26.874,55,55,0,3
2020-08-24,1,1011010504,辣椒类,1,97.079,0.0,97.079,281,281,0,10
2020-08-24,1,1011010801,食用菌,1,39.576,0.0,39.576,111,111,0,9
2020-08-25,1,1011010101,花叶类,1,343.427,0.0,343.427,568,568,0,14
2020-08-25,1,1011010201,花菜类,1,47.761,0.0,47.761,106,106,0,2
2020-08-25,1,1011010402,水生根茎类,1,20.062,0.0,20.062,42,42,0,3
2020-08-25,1,1011010501,茄类,1,23.272,0.0,23.272,52,52,0,3
2020-08-25,1,1011010504,辣椒类,1,107.213,0.0,107.213,341,341,0,9
2020-08-25,1,1011010801,食用菌,1,54.488,0.0,54.488,157,157,0,9
2020-08-26,1,1011010101,花叶类,1,241.686,0.0,241.686,498,498,0,14
2020-08-26,1,1011010201,花菜类,1,82.544,0.0,82.544,179,179,0,2
2020-08-26,1,1011010402,水生根茎类,1,18.95,0.0,18.95,39,39,0,3
2020-08-26,1,1011010501,茄类,1,30.722,0.0,30.722,55,55,0,3
2020-08-26,1,1011010504,辣椒类,1,82.32,0.0,82.32,281,281,0,10
2020-08-26,1,1011010801,食用菌,1,42.811,0.0,42.811,143,143,0,9
2020-08-27,1,1011010101,花叶类,1,199.007,0.0,199.007,406,406,0,14
2020-08-27,1,1011010201,花菜类,1,92.506,0.0,92.506,193,193,0,2
2020-08-27,1,1011010402,水生根茎类,1,19.487,0.0,19.487,42,42,0,4
2020-08-27,1,1011010501,茄类,1,19.129,0.0,19.129,32,32,0,4
2020-08-27,1,1011010504,辣椒类,1,89.92,0.0,89.92,285,285,0,10
2020-08-27,1,1011010801,食用菌,1,50.458,0.0,50.458,139,139,0,9
2020-08-28,1,1011010101,花叶类,1,195.032,0.0,195.032,417,417,0,13
2020-08-28,1,1011010201,花菜类,1,39.93,0.0,39.93,84,84,0,2
2020-08-28,1,1011010402,水生根茎类,1,20.997,0.0,20.997,47,47,0,4
2020-08-28,1,1011010501,茄类,1,24.597,0.0,24.597,43,43,0,3
2020-08-28,1,1011010504,辣椒类,1,156.11,0.0,156.11,374,374,0,9
2020-08-28,1,1011010801,食用菌,1,55.659,0.0,55.659,150,150,0,11
2020-08-29,1,1011010101,花叶类,1,267.031,0.0,267.031,543,543,0,13
2020-08-29,1,1011010201,花菜类,1,56.803,0.0,56.803,116,116,0,2
2020-08-29,1,1011010402,水生根茎类,1,65.814,0.0,65.814,110,110,0,2
2020-08-29,1,1011010501,茄类,1,30.675,0.0,30.675,52,52,0,3
2020-08-29,1,1011010504,辣椒类,1,145.627,0.0,145.627,396,396,0,10
2020-08-29,1,1011010801,食用菌,1,62.431,0.0,62.431,172,172,0,11
2020-08-30,1,1011010101,花叶类,1,266.387,0.0,266.387,539,539,0,12
2020-08-30,1,1011010201,花菜类,1,80.779,0.0,80.779,170,170,0,2
2020-08-30,1,1011010402,水生根茎类,1,30.005,0.0,30.005,62,62,0,3
2020-08-30,1,1011010501,茄类,1,21.641,0.0,21.641,39,39,0,3
2020-08-30,1,1011010504,辣椒类,1,155.811,0.0,155.811,440,440,0,10
2020-08-30,1,1011010801,食用菌,1,73.195,0.0,73.195,186,186,0,11
2020-08-31,1,1011010101,花叶类,1,224.882,0.0,224.882,464,464,0,14
2020-08-31,1,1011010201,花菜类,1,54.722,0.0,54.722,113,113,0,2
2020-08-31,1,1011010402,水生根茎类,1,52.949,0.0,52.949,88,88,0,3
2020-08-31,1,1011010501,茄类,1,15.943,0.0,15.943,30,30,0,3
2020-08-31,1,1011010504,辣椒类,1,117.965,0.0,117.965,330,330,0,9
2020-08-31,1,1011010801,食用菌,1,44.776,0.0,44.776,148,148,0,9
2020-09-01,1,1011010101,花叶类,1,191.655,-1.028,190.627,398,397,1,12
2020-09-01,1,1011010201,花菜类,1,55.858,0.0,55.858,118,118,0,2
2020-09-01,1,1011010402,水生根茎类,1,47.658,0.0,47.658,77,77,0,3
2020-09-01,1,1011010501,茄类,1,26.329,0.0,26.329,43,43,0,3
2020-09-01,1,1011010504,辣椒类,1,102.504,0.0,102.504,291,291,0,10
2020-09-01,1,1011010801,食用菌,1,47.282,0.0,47.282,133,133,0,9
2020-09-02,1,1011010101,花叶类,1,179.819,0.0,179.819,365,365,0,14
2020-09-02,1,1011010201,花菜类,1,38.716,0.0,38.716,90,90,0,2
2020-09-02,1,1011010402,水生根茎类,1,17.941,0.0,17.941,34,34,0,3
2020-09-02,1,1011010501,茄类,1,13.873,0.0,13.873,25,25,0,3
2020-09-02,1,1011010504,辣椒类,1,83.969,0.0,83.969,232,232,0,10
2020-09-02,1,1011010801,食用菌,1,51.011,0.0,51.011,135,135,0,10
2020-09-03,1,1011010101,花叶类,1,193.463,0.0,193.463,386,386,0,13
2020-09-03,1,1011010201,花菜类,1,38.893,0.0,38.893,86,86,0,2
2020-09-03,1,1011010402,水生根茎类,1,15.996,0.0,15.996,31,31,0,2
2020-09-03,1,1011010501,茄类,1,14.172,0.0,14.172,28,28,0,3
2020-09-03,1,1011010504,辣椒类,1,87.119,0.0,87.119,263,263,0,9
2020-09-03,1,1011010801,食用菌,1,48.163,0.0,48.163,129,129,0,9
2020-09-04,1,1011010101,花叶类,1,176.316,0.0,176.316,347,347,0,14
2020-09-04,1,1011010201,花菜类,1,46.612,0.0,46.612,101,101,0,2
2020-09-04,1,1011010402,水生根茎类,1,16.635,0.0,16.635,37,37,0,2
2020-09-04,1,1011010501,茄类,1,20.233,0.0,20.233,39,39,0,3
2020-09-04,1,1011010504,辣椒类,1,91.579,0.0,91.579,273,273,0,10
2020-09-04,1,1011010801,食用菌,1,54.43,0.0,54.43,143,143,0,10
2020-09-05,1,1011010101,花叶类,1,249.559,0.0,249.559,499,499,0,15
2020-09-05,1,1011010201,花菜类,1,57.828,0.0,57.828,125,125,0,2
2020-09-05,1,1011010402,水生根茎类,1,42.554,0.0,42.554,79,79,0,2
2020-09-05,1,1011010501,茄类,1,33.731,0.0,33.731,62,62,0,4
2020-09-05,1,1011010504,辣椒类,1,110.439,0.0,110.439,344,344,0,9
2020-09-05,1,1011010801,食用菌,1,62.594,0.0,62.594,176,176,0,11
2020-09-06,1,1011010101,花叶类,1,276.111,-0.318,275.793,566,565,1,15
2020-09-06,1,1011010201,花菜类,1,53.202,0.0,53.202,131,131,0,2
2020-09-06,1,1011010402,水生根茎类,1,46.963,0.0,46.963,81,81,0,2
2020-09-06,1,1011010501,茄类,1,33.397,0.0,33.397,62,62,0,4
2020-09-06,1,1011010504,辣椒类,1,126.5,0.0,126.5,388,388,0,9
2020-09-06,1,1011010801,食用菌,1,78.472,0.0,78.472,200,200,0,11
2020-09-07,1,1011010101,花叶类,1,148.221,0.0,148.221,315,315,0,15
2020-09-07,1,1011010201,花菜类,1,26.257,0.0,26.257,64,64,0,2
2020-09-07,1,1011010402,水生根茎类,1,38.926,0.0,38.926,64,64,0,2
2020-09-07,1,1011010501,茄类,1,17.365,0.0,17.365,32,32,0,4
2020-09-07,1,1011010504,辣椒类,1,56.473,0.0,56.473,177,177,0,10
2020-09-07,1,1011010801,食用菌,1,41.804,0.0,41.804,125,125,0,10
2020-09-08,1,1011010101,花叶类,1,158.329,0.0,158.329,299,299,0,16
2020-09-08,1,1011010201,花菜类,1,33.239,0.0,33.239,83,83,0,2
2020-09-08,1,1011010402,水生根茎类,1,19.127,0.0,19.127,38,38,0,1
2020-09-08,1,1011010501,茄类,1,20.623,0.0,20.623,37,37,0,4
2020-09-08,1,1011010504,辣椒类,1,50.259,0.0,50.259,165,165,0,10
2020-09-08,1,1011010801,食用菌,1,32.389,0.0,32.389,114,114,0,7
2020-09-09,1,1011010101,花叶类,1,131.492,0.0,131.492,288,288,0,15
2020-09-09,1,1011010201,花菜类,1,32.73,0.0,32.73,75,75,0,2
2020-09-09,1,1011010402,水生根茎类,1,12.161,0.0,12.161,24,24,0,2
2020-09-09,1,1011010501,茄类,1,12.041,0.0,12.041,25,25,0,4
2020-09-09,1,1011010504,辣椒类,1,39.795,0.0,39.795,133,133,0,9
2020-09-09,1,1011010801,食用菌,1,33.45,0.0,33.45,98,98,0,9
2020-09-10,1,1011010101,花叶类,1,119.919,0.0,119.919,244,244,0,13
2020-09-10,1,1011010201,花菜类,1,57.319,0.0,57.319,132,132,0,2
2020-09-10,1,1011010402,水生根茎类,1,14.492,0.0,14.492,28,28,0,2
2020-09-10,1,1011010501,茄类,1,16.916,0.0,16.916,32,32,0,4
2020-09-10,1,1011010504,辣椒类,1,49.321,0.0,49.321,174,174,0,10
2020-09-10,1,1011010801,食用菌,1,35.789,0.0,35.789,107,107,0,10
2020-09-11,1,1011010101,花叶类,1,151.957,0.0,151.957,309,309,0,14
2020-09-11,1,1011010201,花菜类,1,31.538,0.0,31.538,66,66,0,2
2020-09-11,1,1011010402,水生根茎类,1,13.364,0.0,13.364,26,26,0,2
2020-09-11,1,1011010501,茄类,1,22.019,0.0,22.019,33,33,0,3
2020-09-11,1,1011010504,辣椒类,1,50.22,0.0,50.22,176,176,0,9
2020-09-11,1,1011010801,食用菌,1,48.467,0.0,48.467,147,147,0,11
2020-09-12,1,1011010101,花叶类,1,231.884,-0.359,231.525,453,452,1,15
2020-09-12,1,1011010201,花菜类,1,43.337,0.0,43.337,89,89,0,2
2020-09-12,1,1011010402,水生根茎类,1,16.957,0.0,16.957,29,29,0,1
2020-09-12,1,1011010501,茄类,1,21.411,0.0,21.411,41,41,0,4
2020-09-12,1,1011010504,辣椒类,1,74.51,0.0,74.51,268,268,0,11
2020-09-12,1,1011010801,食用菌,1,73.173,0.0,73.173,205,205,0,11
2020-09-13,1,1011010101,花叶类,1,263.345,0.0,263.345,483,483,0,14
2020-09-13,1,1011010201,花菜类,1,41.704,0.0,41.704,95,95,0,2
2020-09-13,1,1011010402,水生根茎类,1,18.739,0.0,18.739,42,42,0,3
2020-09-13,1,1011010501,茄类,1,28.737,0.0,28.737,57,57,0,3
2020-09-13,1,1011010504,辣椒类,1,83.723,0.0,83.723,283,283,0,11
2020-09-13,1,1011010801,食用菌,1,74.834,0.0,74.834,228,228,0,10
2020-09-14,1,1011010101,花叶类,1,175.844,0.0,175.844,350,350,0,16
2020-09-14,1,1011010201,花菜类,1,64.257,0.0,64.257,148,148,0,2
2020-09-14,1,1011010402,水生根茎类,1,17.361,0.0,17.361,26,26,0,2
2020-09-14,1,1011010501,茄类,1,16.134,0.0,16.134,31,31,0,3
2020-09-14,1,1011010504,辣椒类,1,48.55,0.0,48.55,163,163,0,9
2020-09-14,1,1011010801,食用菌,1,31.147,0.0,31.147,117,117,0,7
2020-09-15,1,1011010101,花叶类,1,156.048,0.0,156.048,333,333,0,16
2020-09-15,1,1011010201,花菜类,1,29.878,0.0,29.878,67,67,0,2
2020-09-15,1,1011010402,水生根茎类,1,19.219,0.0,19.219,45,45,0,2
2020-09-15,1,1011010501,茄类,1,13.243,0.0,13.243,27,27,0,3
2020-09-15,1,1011010504,辣椒类,1,49.991,0.0,49.991,172,172,0,8
2020-09-15,1,1011010801,食用菌,1,41.578,0.0,41.578,135,135,0,10
2020-09-16,1,1011010101,花叶类,1,176.949,0.0,176.949,354,354,0,17
2020-09-16,1,1011010201,花菜类,1,59.448,0.0,59.448,131,131,0,2
2020-09-16,1,1011010402,水生根茎类,1,18.818,0.0,18.818,36,36,0,2
2020-09-16,1,1011010501,茄类,1,15.194,0.0,15.194,30,30,0,3
2020-09-16,1,1011010504,辣椒类,1,46.895,0.0,46.895,162,162,0,10
2020-09-16,1,1011010801,食用菌,1,35.413,0.0,35.413,118,118,0,9
2020-09-17,1,1011010101,花叶类,1,143.534,0.0,143.534,296,296,0,17
2020-09-17,1,1011010201,花菜类,1,32.648,0.0,32.648,70,70,0,2
2020-09-17,1,1011010402,水生根茎类,1,17.437,0.0,17.437,31,31,0,1
2020-09-17,1,1011010501,茄类,1,22.924,0.0,22.924,39,39,0,3
2020-09-17,1,1011010504,辣椒类,1,46.145,0.0,46.145,177,177,0,9
2020-09-17,1,1011010801,食用菌,1,39.259,0.0,39.259,108,108,0,9
2020-09-18,1,1011010101,花叶类,1,154.388,0.0,154.388,313,313,0,17
2020-09-18,1,1011010201,花菜类,1,27.705,0.0,27.705,60,60,0,2
2020-09-18,1,1011010402,水生根茎类,1,11.389,0.0,11.389,24,24,0,2
2020-09-18,1,1011010501,茄类,1,13.805,0.0,13.805,27,27,0,3
2020-09-18,1,1011010504,辣椒类,1,48.075,0.0,48.075,152,152,0,10
2020-09-18,1,1011010801,食用菌,1,38.541,0.0,38.541,120,120,0,13
2020-09-19,1,1011010101,花叶类,1,235.874,0.0,235.874,464,464,0,15
2020-09-19,1,1011010201,花菜类,1,82.76,0.0,82.76,159,159,0,2
2020-09-19,1,1011010402,水生根茎类,1,39.431,0.0,39.431,68,68,0,2
2020-09-19,1,1011010501,茄类,1,30.406,0.0,30.406,57,57,0,3
2020-09-19,1,1011010504,辣椒类,1,84.269,0.0,84.269,261,261,0,9
2020-09-19,1,1011010801,食用菌,1,60.52,0.0,60.52,159,159,0,9
2020-09-20,1,1011010101,花叶类,1,317.998,0.0,317.998,639,639,0,16
2020-09-20,1,1011010201,花菜类,1,53.497,0.0,53.497,97,97,0,2
2020-09-20,1,1011010402,水生根茎类,1,39.551,0.0,39.551,64,64,0,2
2020-09-20,1,1011010501,茄类,1,41.474,0.0,41.474,79,79,0,3
2020-09-20,1,1011010504,辣椒类,1,99.148,0.0,99.148,344,344,0,10
2020-09-20,1,1011010801,食用菌,1,50.42,0.0,50.42,170,170,0,9
2020-09-21,1,1011010101,花叶类,1,212.997,0.0,212.997,408,408,0,15
2020-09-21,1,1011010201,花菜类,1,39.191,0.0,39.191,82,82,0,2
2020-09-21,1,1011010402,水生根茎类,1,16.289,0.0,16.289,34,34,0,1
2020-09-21,1,1011010501,茄类,1,20.868,0.0,20.868,42,42,0,3
2020-09-21,1,1011010504,辣椒类,1,56.561,0.0,56.561,224,224,0,9
2020-09-21,1,1011010801,食用菌,1,63.529,0.0,63.529,167,167,0,10
2020-09-22,1,1011010101,花叶类,1,232.243,0.0,232.243,428,428,0,16
2020-09-22,1,1011010201,花菜类,1,40.905,0.0,40.905,78,78,0,2
2020-09-22,1,1011010402,水生根茎类,1,37.808,0.0,37.808,66,66,0,2
2020-09-22,1,1011010501,茄类,1,25.819,0.0,25.819,48,48,0,3
2020-09-22,1,1011010504,辣椒类,1,77.009,0.0,77.009,229,229,0,10
2020-09-22,1,1011010801,食用菌,1,49.058,0.0,49.058,157,157,0,12
2020-09-23,1,1011010101,花叶类,1,179.262,0.0,179.262,357,357,0,15
2020-09-23,1,1011010201,花菜类,1,31.972,0.0,31.972,68,68,0,2
2020-09-23,1,1011010402,水生根茎类,1,18.629,0.0,18.629,36,36,0,2
2020-09-23,1,1011010501,茄类,1,22.515,0.0,22.515,43,43,0,3
2020-09-23,1,1011010504,辣椒类,1,54.327,0.0,54.327,192,192,0,9
2020-09-23,1,1011010801,食用菌,1,56.265,0.0,56.265,166,166,0,13
2020-09-24,1,1011010101,花叶类,1,162.861,0.0,162.861,324,324,0,17
2020-09-24,1,1011010201,花菜类,1,38.952,0.0,38.952,88,88,0,2
2020-09-24,1,1011010402,水生根茎类,1,51.886,0.0,51.886,95,95,0,2
2020-09-24,1,1011010501,茄类,1,18.9,0.0,18.9,36,36,0,3
2020-09-24,1,1011010504,辣椒类,1,50.486,0.0,50.486,183,183,0,10
2020-09-24,1,1011010801,食用菌,1,61.336,-0.325,61.011,181,180,1,13
2020-09-25,1,1011010101,花叶类,1,173.781,0.0,173.781,368,368,0,20
2020-09-25,1,1011010201,花菜类,1,41.561,0.0,41.561,92,92,0,2
2020-09-25,1,1011010402,水生根茎类,1,22.732,0.0,22.732,42,42,0,2
2020-09-25,1,1011010501,茄类,1,26.529,0.0,26.529,45,45,0,3
2020-09-25,1,1011010504,辣椒类,1,53.938,0.0,53.938,195,195,0,10
2020-09-25,1,1011010801,食用菌,1,64.509,0.0,64.509,172,172,0,15
2020-09-26,1,1011010101,花叶类,1,227.771,-0.845,226.926,455,454,1,18
2020-09-26,1,1011010201,花菜类,1,86.643,0.0,86.643,178,178,0,2
2020-09-26,1,1011010402,水生根茎类,1,65.744,0.0,65.744,113,113,0,2
2020-09-26,1,1011010501,茄类,1,33.517,0.0,33.517,58,58,0,3
2020-09-26,1,1011010504,辣椒类,1,68.094,0.0,68.094,241,241,0,9
2020-09-26,1,1011010801,食用菌,1,94.495,0.0,94.495,247,247,0,15
2020-09-27,1,1011010101,花叶类,1,199.813,0.0,199.813,371,371,0,17
2020-09-27,1,1011010201,花菜类,1,35.964,0.0,35.964,82,82,0,2
2020-09-27,1,1011010402,水生根茎类,1,28.289,0.0,28.289,49,49,0,2
2020-09-27,1,1011010501,茄类,1,20.532,0.0,20.532,36,36,0,3
2020-09-27,1,1011010504,辣椒类,1,54.459,0.0,54.459,193,193,0,10
2020-09-27,1,1011010801,食用菌,1,72.522,0.0,72.522,188,188,0,15
2020-09-28,1,1011010101,花叶类,1,114.933,0.0,114.933,239,239,0,15
2020-09-28,1,1011010201,花菜类,1,24.576,0.0,24.576,53,53,0,2
2020-09-28,1,1011010402,水生根茎类,1,11.861,0.0,11.861,24,24,0,2
2020-09-28,1,1011010501,茄类,1,18.401,0.0,18.401,30,30,0,3
2020-09-28,1,1011010504,辣椒类,1,37.41,0.0,37.41,133,133,0,10
2020-09-28,1,1011010801,食用菌,1,46.913,0.0,46.913,138,138,0,13
2020-09-29,1,1011010101,花叶类,1,157.957,0.0,157.957,316,316,0,16
2020-09-29,1,1011010201,花菜类,1,28.105,0.0,28.105,58,58,0,2
2020-09-29,1,1011010402,水生根茎类,1,24.135,0.0,24.135,36,36,0,2
2020-09-29,1,1011010501,茄类,1,24.719,0.0,24.719,47,47,0,3
2020-09-29,1,1011010504,辣椒类,1,57.017,0.0,57.017,213,213,0,9
2020-09-29,1,1011010801,食用菌,1,45.485,0.0,45.485,135,135,0,13
2020-09-30,1,1011010101,花叶类,1,177.129,0.0,177.129,354,354,0,16
2020-09-30,1,1011010201,花菜类,1,60.771,0.0,60.771,113,113,0,2
2020-09-30,1,1011010402,水生根茎类,1,36.839,0.0,36.839,53,53,0,2
2020-09-30,1,1011010501,茄类,1,25.865,0.0,25.865,44,44,0,3
2020-09-30,1,1011010504,辣椒类,1,53.628,0.0,53.628,213,213,0,10
2020-09-30,1,1011010801,食用菌,1,110.358,0.0,110.358,254,254,0,13
2020-10-01,1,1011010101,花叶类,1,248.415,0.0,248.415,447,447,0,15
2020-10-01,1,1011010201,花菜类,1,93.928,0.0,93.928,182,182,0,2
2020-10-01,1,1011010402,水生根茎类,1,55.356,0.0,55.356,88,88,0,2
2020-10-01,1,1011010501,茄类,1,32.482,0.0,32.482,53,53,0,3
2020-10-01,1,1011010504,辣椒类,1,64.092,0.0,64.092,257,257,0,10
2020-10-01,1,1011010801,食用菌,1,103.929,0.0,103.929,284,284,0,12
2020-10-02,1,1011010101,花叶类,1,244.124,0.0,244.124,486,486,0,16
2020-10-02,1,1011010201,花菜类,1,67.145,0.0,67.145,131,131,0,2
2020-10-02,1,1011010402,水生根茎类,1,21.931,0.0,21.931,37,37,0,2
2020-10-02,1,1011010501,茄类,1,38.762,0.0,38.762,66,66,0,3
2020-10-02,1,1011010504,辣椒类,1,69.054,0.0,69.054,284,284,0,10
2020-10-02,1,1011010801,食用菌,1,89.316,0.0,89.316,206,206,0,13
2020-10-03,1,1011010101,花叶类,1,298.341,0.0,298.341,497,497,0,14
2020-10-03,1,1011010201,花菜类,1,44.493,0.0,44.493,92,92,0,2
2020-10-03,1,1011010402,水生根茎类,1,18.497,0.0,18.497,27,27,0,2
2020-10-03,1,1011010501,茄类,1,63.535,0.0,63.535,109,109,0,4
2020-10-03,1,1011010504,辣椒类,1,84.728,0.0,84.728,298,298,0,9
2020-10-03,1,1011010801,食用菌,1,60.052,0.0,60.052,171,171,0,12
2020-10-04,1,1011010101,花叶类,1,232.776,0.0,232.776,416,416,0,13
2020-10-04,1,1011010201,花菜类,1,34.491,0.0,34.491,69,69,0,2
2020-10-04,1,1011010402,水生根茎类,1,19.254,0.0,19.254,29,29,0,2
2020-10-04,1,1011010501,茄类,1,43.849,0.0,43.849,83,83,0,3
2020-10-04,1,1011010504,辣椒类,1,75.21,0.0,75.21,273,273,0,9
2020-10-04,1,1011010801,食用菌,1,122.501,0.0,122.501,295,295,0,14
2020-10-05,1,1011010101,花叶类,1,294.623,0.0,294.623,470,470,0,14
2020-10-05,1,1011010201,花菜类,1,92.279,0.0,92.279,172,172,0,2
2020-10-05,1,1011010402,水生根茎类,1,79.752,0.0,79.752,118,118,0,2
2020-10-05,1,1011010501,茄类,1,31.128,0.0,31.128,54,54,0,3
2020-10-05,1,1011010504,辣椒类,1,87.933,0.0,87.933,279,279,0,9
2020-10-05,1,1011010801,食用菌,1,126.518,0.0,126.518,319,319,0,14
2020-10-06,1,1011010101,花叶类,1,287.297,-0.338,286.959,517,516,1,15
2020-10-06,1,1011010201,花菜类,1,108.157,0.0,108.157,189,189,0,2
2020-10-06,1,1011010402,水生根茎类,1,25.784,0.0,25.784,41,41,0,2
2020-10-06,1,1011010501,茄类,1,42.318,0.0,42.318,82,82,0,4
2020-10-06,1,1011010504,辣椒类,1,81.727,0.0,81.727,266,266,0,9
2020-10-06,1,1011010801,食用菌,1,124.059,0.0,124.059,320,320,0,14
2020-10-07,1,1011010101,花叶类,1,255.378,0.0,255.378,451,451,0,14
2020-10-07,1,1011010201,花菜类,1,56.266,0.0,56.266,114,114,0,2
2020-10-07,1,1011010402,水生根茎类,1,52.907,0.0,52.907,85,85,0,2
2020-10-07,1,1011010501,茄类,1,29.085,0.0,29.085,55,55,0,4
2020-10-07,1,1011010504,辣椒类,1,63.151,0.0,63.151,226,226,0,9
2020-10-07,1,1011010801,食用菌,1,80.421,0.0,80.421,231,231,0,13
2020-10-08,1,1011010101,花叶类,1,252.73,0.0,252.73,449,449,0,14
2020-10-08,1,1011010201,花菜类,1,49.58,0.0,49.58,91,91,0,2
2020-10-08,1,1011010402,水生根茎类,1,31.952,0.0,31.952,53,53,0,2
2020-10-08,1,1011010501,茄类,1,33.49,0.0,33.49,61,61,0,4
2020-10-08,1,1011010504,辣椒类,1,72.023,0.0,72.023,236,236,0,9
2020-10-08,1,1011010801,食用菌,1,328.488,0.0,328.488,296,296,0,13
2020-10-09,1,1011010101,花叶类,1,162.518,0.0,162.518,328,328,0,14
2020-10-09,1,1011010201,花菜类,1,55.845,0.0,55.845,112,112,0,2
2020-10-09,1,1011010402,水生根茎类,1,51.476,0.0,51.476,78,78,0,2
2020-10-09,1,1011010501,茄类,1,24.289,0.0,24.289,40,40,0,4
2020-10-09,1,1011010504,辣椒类,1,51.243,0.0,51.243,194,194,0,9
2020-10-09,1,1011010801,食用菌,1,57.258,0.0,57.258,142,142,0,13
2020-10-10,1,1011010101,花叶类,1,175.163,0.0,175.163,351,351,0,15
2020-10-10,1,1011010201,花菜类,1,37.393,0.0,37.393,63,63,0,2
2020-10-10,1,1011010402,水生根茎类,1,22.07,0.0,22.07,37,37,0,2
2020-10-10,1,1011010501,茄类,1,26.814,0.0,26.814,48,48,0,4
2020-10-10,1,1011010504,辣椒类,1,52.511,0.0,52.511,178,178,0,9
2020-10-10,1,1011010801,食用菌,1,75.63,0.0,75.63,185,185,0,13
2020-10-11,1,1011010101,花叶类,1,238.081,0.0,238.081,495,495,0,14
2020-10-11,1,1011010201,花菜类,1,60.47,0.0,60.47,127,127,0,2
2020-10-11,1,1011010402,水生根茎类,1,57.223,0.0,57.223,95,95,0,2
2020-10-11,1,1011010501,茄类,1,34.726,0.0,34.726,60,60,0,4
2020-10-11,1,1011010504,辣椒类,1,70.214,0.0,70.214,234,234,0,9
2020-10-11,1,1011010801,食用菌,1,163.664,0.0,163.664,261,261,0,11
2020-10-12,1,1011010101,花叶类,1,170.212,0.0,170.212,365,365,0,13
2020-10-12,1,1011010201,花菜类,1,34.815,0.0,34.815,69,69,0,2
2020-10-12,1,1011010402,水生根茎类,1,38.333,0.0,38.333,60,60,0,2
2020-10-12,1,1011010501,茄类,1,17.876,0.0,17.876,32,32,0,4
2020-10-12,1,1011010504,辣椒类,1,48.979,0.0,48.979,160,160,0,9
2020-10-12,1,1011010801,食用菌,1,102.385,0.0,102.385,169,169,0,11
2020-10-13,1,1011010101,花叶类,1,178.246,-0.301,177.945,373,372,1,15
2020-10-13,1,1011010201,花菜类,1,47.321,0.0,47.321,99,99,0,2
2020-10-13,1,1011010402,水生根茎类,1,50.519,0.0,50.519,88,88,0,2
2020-10-13,1,1011010501,茄类,1,23.119,0.0,23.119,47,47,0,4
2020-10-13,1,1011010504,辣椒类,1,49.116,0.0,49.116,182,182,0,8
2020-10-13,1,1011010801,食用菌,1,48.021,0.0,48.021,138,138,0,12
2020-10-14,1,1011010101,花叶类,1,182.96,0.0,182.96,353,353,0,13
2020-10-14,1,1011010201,花菜类,1,48.259,0.0,48.259,94,94,0,2
2020-10-14,1,1011010402,水生根茎类,1,46.207,0.0,46.207,65,65,0,1
2020-10-14,1,1011010501,茄类,1,13.742,0.0,13.742,29,29,0,4
2020-10-14,1,1011010504,辣椒类,1,46.36,0.0,46.36,165,165,0,9
2020-10-14,1,1011010801,食用菌,1,73.831,0.0,73.831,169,169,0,13
2020-10-15,1,1011010101,花叶类,1,190.238,0.0,190.238,359,359,0,14
2020-10-15,1,1011010201,花菜类,1,59.624,0.0,59.624,142,142,0,2
2020-10-15,1,1011010402,水生根茎类,1,42.162,0.0,42.162,65,65,0,1
2020-10-15,1,1011010501,茄类,1,19.447,0.0,19.447,40,40,0,4
2020-10-15,1,1011010504,辣椒类,1,45.236,0.0,45.236,170,170,0,8
2020-10-15,1,1011010801,食用菌,1,72.91,0.0,72.91,167,167,0,12
2020-10-16,1,1011010101,花叶类,1,170.77,0.0,170.77,353,353,0,15
2020-10-16,1,1011010201,花菜类,1,88.361,0.0,88.361,180,180,0,2
2020-10-16,1,1011010402,水生根茎类,1,58.973,0.0,58.973,81,81,0,1
2020-10-16,1,1011010501,茄类,1,20.139,0.0,20.139,40,40,0,4
2020-10-16,1,1011010504,辣椒类,1,44.67,0.0,44.67,164,164,0,9
2020-10-16,1,1011010801,食用菌,1,69.805,0.0,69.805,187,187,0,12
2020-10-17,1,1011010101,花叶类,1,249.493,-0.731,248.762,505,504,1,17
2020-10-17,1,1011010201,花菜类,1,109.311,0.0,109.311,207,207,0,2
2020-10-17,1,1011010402,水生根茎类,1,87.12,0.0,87.12,134,134,0,1
2020-10-17,1,1011010501,茄类,1,30.556,0.0,30.556,61,61,0,4
2020-10-17,1,1011010504,辣椒类,1,97.155,-0.878,96.277,299,297,2,8
2020-10-17,1,1011010801,食用菌,1,115.896,-0.339,115.557,310,309,1,13
2020-10-18,1,1011010101,花叶类,1,226.735,0.0,226.735,468,468,0,17
2020-10-18,1,1011010201,花菜类,1,91.597,0.0,91.597,173,173,0,2
2020-10-18,1,1011010402,水生根茎类,1,79.338,0.0,79.338,122,122,0,1
2020-10-18,1,1011010501,茄类,1,36.361,0.0,36.361,72,72,0,4
2020-10-18,1,1011010504,辣椒类,1,88.247,0.0,88.247,280,280,0,9
2020-10-18,1,1011010801,食用菌,1,113.125,0.0,113.125,298,298,0,13
2020-10-19,1,1011010101,花叶类,1,152.709,0.0,152.709,293,293,0,16
2020-10-19,1,1011010201,花菜类,1,57.412,0.0,57.412,114,114,0,2
2020-10-19,1,1011010402,水生根茎类,1,40.6,0.0,40.6,62,62,0,1
2020-10-19,1,1011010501,茄类,1,20.03,0.0,20.03,35,35,0,4
2020-10-19,1,1011010504,辣椒类,1,56.69,0.0,56.69,190,190,0,10
2020-10-19,1,1011010801,食用菌,1,58.338,0.0,58.338,140,140,0,11
2020-10-20,1,1011010101,花叶类,1,186.078,0.0,186.078,314,314,0,16
2020-10-20,1,1011010201,花菜类,1,30.899,0.0,30.899,63,63,0,2
2020-10-20,1,1011010402,水生根茎类,1,49.434,0.0,49.434,75,75,0,1
2020-10-20,1,1011010501,茄类,1,13.777,0.0,13.777,30,30,0,4
2020-10-20,1,1011010504,辣椒类,1,49.296,0.0,49.296,165,165,0,9
2020-10-20,1,1011010801,食用菌,1,45.419,0.0,45.419,113,113,0,12
2020-10-21,1,1011010101,花叶类,1,168.765,0.0,168.765,303,303,0,15
2020-10-21,1,1011010201,花菜类,1,40.555,0.0,40.555,80,80,0,2
2020-10-21,1,1011010402,水生根茎类,1,21.201,0.0,21.201,30,30,0,1
2020-10-21,1,1011010501,茄类,1,15.327,0.0,15.327,31,31,0,4
2020-10-21,1,1011010504,辣椒类,1,48.047,0.0,48.047,157,157,0,9
2020-10-21,1,1011010801,食用菌,1,56.114,0.0,56.114,127,127,0,10
2020-10-22,1,1011010101,花叶类,1,117.235,0.0,117.235,235,235,0,16
2020-10-22,1,1011010201,花菜类,1,26.166,0.0,26.166,48,48,0,2
2020-10-22,1,1011010402,水生根茎类,1,35.917,0.0,35.917,54,54,0,1
2020-10-22,1,1011010501,茄类,1,14.725,0.0,14.725,28,28,0,4
2020-10-22,1,1011010504,辣椒类,1,50.037,0.0,50.037,166,166,0,9
2020-10-22,1,1011010801,食用菌,1,94.688,0.0,94.688,222,222,0,10
2020-10-23,1,1011010101,花叶类,1,211.914,0.0,211.914,357,357,0,15
2020-10-23,1,1011010201,花菜类,1,23.854,0.0,23.854,50,50,0,2
2020-10-23,1,1011010402,水生根茎类,1,30.801,0.0,30.801,43,43,0,2
2020-10-23,1,1011010501,茄类,1,14.427,0.0,14.427,30,30,0,4
2020-10-23,1,1011010504,辣椒类,1,43.758,0.0,43.758,160,160,0,10
2020-10-23,1,1011010801,食用菌,1,115.306,-1.0,114.306,265,264,1,10
2020-10-24,1,1011010101,花叶类,1,282.107,0.0,282.107,510,510,0,15
2020-10-24,1,1011010201,花菜类,1,31.113,0.0,31.113,64,64,0,2
2020-10-24,1,1011010402,水生根茎类,1,67.932,0.0,67.932,98,98,0,1
2020-10-24,1,1011010501,茄类,1,22.221,0.0,22.221,39,39,0,4
2020-10-24,1,1011010504,辣椒类,1,77.097,0.0,77.097,263,263,0,9
2020-10-24,1,1011010801,食用菌,1,115.39,0.0,115.39,247,247,0,11
2020-10-25,1,1011010101,花叶类,1,223.397,0.0,223.397,457,457,0,17
2020-10-25,1,1011010201,花菜类,1,43.114,0.0,43.114,79,79,0,2
2020-10-25,1,1011010402,水生根茎类,1,71.16,0.0,71.16,108,108,0,1
2020-10-25,1,1011010501,茄类,1,30.136,0.0,30.136,53,53,0,4
2020-10-25,1,1011010504,辣椒类,1,72.537,0.0,72.537,243,243,0,10
2020-10-25,1,1011010801,食用菌,1,104.16,0.0,104.16,227,227,0,11
2020-10-26,1,1011010101,花叶类,1,157.832,-0.459,157.373,316,315,1,17
2020-10-26,1,1011010201,花菜类,1,22.371,0.0,22.371,44,44,0,2
2020-10-26,1,1011010402,水生根茎类,1,20.666,0.0,20.666,33,33,0,1
2020-10-26,1,1011010501,茄类,1,10.797,0.0,10.797,21,21,0,3
2020-10-26,1,1011010504,辣椒类,1,45.439,0.0,45.439,139,139,0,10
2020-10-26,1,1011010801,食用菌,1,62.363,0.0,62.363,133,133,0,11
2020-10-27,1,1011010101,花叶类,1,154.566,0.0,154.566,282,282,0,17
2020-10-27,1,1011010201,花菜类,1,23.305,0.0,23.305,49,49,0,2
2020-10-27,1,1011010402,水生根茎类,1,21.273,0.0,21.273,34,34,0,1
2020-10-27,1,1011010501,茄类,1,13.444,0.0,13.444,24,24,0,4
2020-10-27,1,1011010504,辣椒类,1,45.479,0.0,45.479,157,157,0,9
2020-10-27,1,1011010801,食用菌,1,56.508,0.0,56.508,122,122,0,10
2020-10-28,1,1011010101,花叶类,1,167.542,0.0,167.542,318,318,0,17
2020-10-28,1,1011010201,花菜类,1,30.297,0.0,30.297,58,58,0,2
2020-10-28,1,1011010402,水生根茎类,1,32.418,0.0,32.418,53,53,0,1
2020-10-28,1,1011010501,茄类,1,12.238,0.0,12.238,25,25,0,4
2020-10-28,1,1011010504,辣椒类,1,49.395,0.0,49.395,162,162,0,8
2020-10-28,1,1011010801,食用菌,1,75.211,0.0,75.211,155,155,0,11
2020-10-29,1,1011010101,花叶类,1,120.551,0.0,120.551,241,241,0,18
2020-10-29,1,1011010201,花菜类,1,24.902,0.0,24.902,44,44,0,2
2020-10-29,1,1011010402,水生根茎类,1,15.828,0.0,15.828,25,25,0,1
2020-10-29,1,1011010501,茄类,1,14.436,0.0,14.436,27,27,0,4
2020-10-29,1,1011010504,辣椒类,1,52.654,0.0,52.654,166,166,0,10
2020-10-29,1,1011010801,食用菌,1,81.051,0.0,81.051,160,160,0,11
2020-10-30,1,1011010101,花叶类,1,148.243,0.0,148.243,284,284,0,19
2020-10-30,1,1011010201,花菜类,1,28.939,0.0,28.939,58,58,0,2
2020-10-30,1,1011010402,水生根茎类,1,18.769,0.0,18.769,34,34,0,1
2020-10-30,1,1011010501,茄类,1,12.192,0.0,12.192,31,31,0,4
2020-10-30,1,1011010504,辣椒类,1,46.452,0.0,46.452,158,158,0,10
2020-10-30,1,1011010801,食用菌,1,74.23,0.0,74.23,167,167,0,12
2020-10-31,1,1011010101,花叶类,1,248.102,0.0,248.102,494,494,0,17
2020-10-31,1,1011010201,花菜类,1,82.701,0.0,82.701,166,166,0,2
2020-10-31,1,1011010402,水生根茎类,1,79.265,0.0,79.265,111,111,0,1
2020-10-31,1,1011010501,茄类,1,16.499,0.0,16.499,32,32,0,4
2020-10-31,1,1011010504,辣椒类,1,81.292,0.0,81.292,257,257,0,10
2020-10-31,1,1011010801,食用菌,1,135.284,0.0,135.284,319,319,0,12
2020-11-01,1,1011010101,花叶类,1,206.956,0.0,206.956,400,400,0,18
2020-11-01,1,1011010201,花菜类,1,69.062,0.0,69.062,122,122,0,2
2020-11-01,1,1011010402,水生根茎类,1,71.332,0.0,71.332,105,105,0,1
2020-11-01,1,1011010501,茄类,1,15.407,0.0,15.407,28,28,0,4
2020-11-01,1,1011010504,辣椒类,1,73.722,0.0,73.722,233,233,0,10
2020-11-01,1,1011010801,食用菌,1,127.967,0.0,127.967,263,263,0,10
2020-11-02,1,1011010101,花叶类,1,144.442,0.0,144.442,267,267,0,16
2020-11-02,1,1011010201,花菜类,1,32.726,0.0,32.726,62,62,0,2
2020-11-02,1,1011010402,水生根茎类,1,15.053,0.0,15.053,25,25,0,1
2020-11-02,1,1011010501,茄类,1,11.378,0.0,11.378,22,22,0,4
2020-11-02,1,1011010504,辣椒类,1,54.351,0.0,54.351,176,176,0,8
2020-11-02,1,1011010801,食用菌,1,78.321,0.0,78.321,151,151,0,11
2020-11-03,1,1011010101,花叶类,1,135.067,0.0,135.067,265,265,0,16
2020-11-03,1,1011010201,花菜类,1,52.37,-0.425,51.945,106,105,1,2
2020-11-03,1,1011010402,水生根茎类,1,15.727,0.0,15.727,29,29,0,1
2020-11-03,1,1011010501,茄类,1,10.846,0.0,10.846,23,23,0,4
2020-11-03,1,1011010504,辣椒类,1,66.834,0.0,66.834,187,187,0,9
2020-11-03,1,1011010801,食用菌,1,65.341,-1.0,64.341,144,143,1,11
2020-11-04,1,1011010101,花叶类,1,122.114,0.0,122.114,223,223,0,15
2020-11-04,1,1011010201,花菜类,1,67.527,0.0,67.527,130,130,0,2
2020-11-04,1,1011010402,水生根茎类,1,18.183,0.0,18.183,32,32,0,1
2020-11-04,1,1011010501,茄类,1,10.702,0.0,10.702,22,22,0,4
2020-11-04,1,1011010504,辣椒类,1,59.731,0.0,59.731,172,172,0,8
2020-11-04,1,1011010801,食用菌,1,195.34,0.0,195.34,257,257,0,10
2020-11-05,1,1011010101,花叶类,1,146.327,0.0,146.327,287,287,0,16
2020-11-05,1,1011010201,花菜类,1,57.354,0.0,57.354,105,105,0,2
2020-11-05,1,1011010402,水生根茎类,1,8.347,0.0,8.347,14,14,0,1
2020-11-05,1,1011010501,茄类,1,9.067,0.0,9.067,21,21,0,3
2020-11-05,1,1011010504,辣椒类,1,45.282,0.0,45.282,138,138,0,10
2020-11-05,1,1011010801,食用菌,1,129.089,0.0,129.089,206,206,0,10
2020-11-06,1,1011010101,花叶类,1,142.586,0.0,142.586,271,271,0,16
2020-11-06,1,1011010201,花菜类,1,95.136,0.0,95.136,169,169,0,2
2020-11-06,1,1011010402,水生根茎类,1,13.443,0.0,13.443,26,26,0,1
2020-11-06,1,1011010501,茄类,1,7.22,0.0,7.22,17,17,0,4
2020-11-06,1,1011010504,辣椒类,1,49.287,0.0,49.287,162,162,0,10
2020-11-06,1,1011010801,食用菌,1,80.588,-0.435,80.153,159,158,1,9
2020-11-07,1,1011010101,花叶类,1,224.3,-0.707,223.593,380,379,1,16
2020-11-07,1,1011010201,花菜类,1,121.453,0.0,121.453,238,238,0,2
2020-11-07,1,1011010402,水生根茎类,1,71.413,0.0,71.413,98,98,0,1
2020-11-07,1,1011010501,茄类,1,10.878,0.0,10.878,26,26,0,4
2020-11-07,1,1011010504,辣椒类,1,69.738,0.0,69.738,238,238,0,10
2020-11-07,1,1011010801,食用菌,1,122.896,0.0,122.896,259,259,0,10
2020-11-08,1,1011010101,花叶类,1,209.808,0.0,209.808,378,378,0,16
2020-11-08,1,1011010201,花菜类,1,125.591,0.0,125.591,233,233,0,2
2020-11-08,1,1011010402,水生根茎类,1,58.207,0.0,58.207,90,90,0,1
2020-11-08,1,1011010501,茄类,1,16.906,0.0,16.906,31,31,0,4
2020-11-08,1,1011010504,辣椒类,1,78.907,0.0,78.907,254,254,0,10
2020-11-08,1,1011010801,食用菌,1,124.492,0.0,124.492,281,281,0,11
2020-11-09,1,1011010101,花叶类,1,144.911,0.0,144.911,269,269,0,17
2020-11-09,1,1011010201,花菜类,1,57.592,0.0,57.592,114,114,0,2
2020-11-09,1,1011010402,水生根茎类,1,14.579,0.0,14.579,22,22,0,1
2020-11-09,1,1011010501,茄类,1,10.063,0.0,10.063,21,21,0,4
2020-11-09,1,1011010504,辣椒类,1,64.616,0.0,64.616,186,186,0,10
2020-11-09,1,1011010801,食用菌,1,63.22,0.0,63.22,137,137,0,11
2020-11-10,1,1011010101,花叶类,1,157.962,0.0,157.962,294,294,0,16
2020-11-10,1,1011010201,花菜类,1,25.698,0.0,25.698,50,50,0,2
2020-11-10,1,1011010402,水生根茎类,1,12.103,0.0,12.103,20,20,0,1
2020-11-10,1,1011010501,茄类,1,9.574,0.0,9.574,20,20,0,4
2020-11-10,1,1011010504,辣椒类,1,54.663,0.0,54.663,160,160,0,10
2020-11-10,1,1011010801,食用菌,1,64.18,0.0,64.18,124,124,0,11
2020-11-11,1,1011010101,花叶类,1,150.867,0.0,150.867,266,266,0,18
2020-11-11,1,1011010201,花菜类,1,63.25,0.0,63.25,127,127,0,2
2020-11-11,1,1011010402,水生根茎类,1,17.155,0.0,17.155,30,30,0,2
2020-11-11,1,1011010501,茄类,1,15.585,0.0,15.585,30,30,0,4
2020-11-11,1,1011010504,辣椒类,1,65.834,0.0,65.834,196,196,0,10
2020-11-11,1,1011010801,食用菌,1,64.522,0.0,64.522,120,120,0,10
2020-11-12,1,1011010101,花叶类,1,151.144,0.0,151.144,253,253,0,18
2020-11-12,1,1011010201,花菜类,1,13.406,0.0,13.406,35,35,0,2
2020-11-12,1,1011010402,水生根茎类,1,15.951,-0.714,15.237,23,22,1,2
2020-11-12,1,1011010501,茄类,1,15.508,0.0,15.508,32,32,0,4
2020-11-12,1,1011010504,辣椒类,1,58.851,0.0,58.851,179,179,0,10
2020-11-12,1,1011010801,食用菌,1,68.656,0.0,68.656,113,113,0,13
2020-11-13,1,1011010101,花叶类,1,141.977,0.0,141.977,219,219,0,16
2020-11-13,1,1011010201,花菜类,1,60.306,0.0,60.306,104,104,0,2
2020-11-13,1,1011010402,水生根茎类,1,13.766,0.0,13.766,25,25,0,2
2020-11-13,1,1011010501,茄类,1,8.044,0.0,8.044,18,18,0,3
2020-11-13,1,1011010504,辣椒类,1,70.246,0.0,70.246,200,200,0,9
2020-11-13,1,1011010801,食用菌,1,67.676,0.0,67.676,119,119,0,11
2020-11-14,1,1011010101,花叶类,1,207.145,0.0,207.145,373,373,0,19
2020-11-14,1,1011010201,花菜类,1,84.001,0.0,84.001,160,160,0,2
2020-11-14,1,1011010402,水生根茎类,1,58.127,0.0,58.127,90,90,0,1
2020-11-14,1,1011010501,茄类,1,18.146,0.0,18.146,36,36,0,4
2020-11-14,1,1011010504,辣椒类,1,71.84,0.0,71.84,247,247,0,10
2020-11-14,1,1011010801,食用菌,1,92.793,0.0,92.793,195,195,0,11
2020-11-15,1,1011010101,花叶类,1,227.231,0.0,227.231,364,364,0,17
2020-11-15,1,1011010201,花菜类,1,77.798,0.0,77.798,154,154,0,2
2020-11-15,1,1011010402,水生根茎类,1,45.353,0.0,45.353,64,64,0,1
2020-11-15,1,1011010501,茄类,1,18.318,-0.582,17.736,36,35,1,4
2020-11-15,1,1011010504,辣椒类,1,74.078,0.0,74.078,236,236,0,10
2020-11-15,1,1011010801,食用菌,1,73.108,0.0,73.108,133,133,0,11
2020-11-16,1,1011010101,花叶类,1,140.087,0.0,140.087,256,256,0,16
2020-11-16,1,1011010201,花菜类,1,48.64,0.0,48.64,96,96,0,2
2020-11-16,1,1011010402,水生根茎类,1,14.45,0.0,14.45,23,23,0,1
2020-11-16,1,1011010501,茄类,1,15.672,0.0,15.672,34,34,0,4
2020-11-16,1,1011010504,辣椒类,1,45.345,0.0,45.345,149,149,0,10
2020-11-16,1,1011010801,食用菌,1,54.363,0.0,54.363,99,99,0,11
2020-11-17,1,1011010101,花叶类,1,222.517,0.0,222.517,349,349,0,16
2020-11-17,1,1011010201,花菜类,1,43.621,0.0,43.621,85,85,0,2
2020-11-17,1,1011010402,水生根茎类,1,24.762,0.0,24.762,40,40,0,1
2020-11-17,1,1011010501,茄类,1,12.224,0.0,12.224,28,28,0,4
2020-11-17,1,1011010504,辣椒类,1,43.486,0.0,43.486,125,125,0,8
2020-11-17,1,1011010801,食用菌,1,131.979,0.0,131.979,151,151,0,11
2020-11-18,1,1011010101,花叶类,1,203.322,0.0,203.322,372,372,0,18
2020-11-18,1,1011010201,花菜类,1,50.438,0.0,50.438,98,98,0,2
2020-11-18,1,1011010402,水生根茎类,1,19.171,0.0,19.171,36,36,0,1
2020-11-18,1,1011010501,茄类,1,15.946,0.0,15.946,37,37,0,4
2020-11-18,1,1011010504,辣椒类,1,45.407,0.0,45.407,158,158,0,9
2020-11-18,1,1011010801,食用菌,1,99.089,0.0,99.089,151,151,0,11
2020-11-19,1,1011010101,花叶类,1,207.8,0.0,207.8,305,305,0,17
2020-11-19,1,1011010201,花菜类,1,77.165,0.0,77.165,135,135,0,2
2020-11-19,1,1011010402,水生根茎类,1,22.977,0.0,22.977,36,36,0,2
2020-11-19,1,1011010501,茄类,1,12.808,0.0,12.808,28,28,0,4
2020-11-19,1,1011010504,辣椒类,1,59.111,0.0,59.111,178,178,0,10
2020-11-19,1,1011010801,食用菌,1,90.297,0.0,90.297,133,133,0,10
2020-11-20,1,1011010101,花叶类,1,244.555,0.0,244.555,346,346,0,16
2020-11-20,1,1011010201,花菜类,1,52.701,0.0,52.701,101,101,0,2
2020-11-20,1,1011010402,水生根茎类,1,22.48,0.0,22.48,41,41,0,2
2020-11-20,1,1011010501,茄类,1,9.804,0.0,9.804,19,19,0,4
2020-11-20,1,1011010504,辣椒类,1,53.492,0.0,53.492,174,174,0,10
2020-11-20,1,1011010801,食用菌,1,70.888,0.0,70.888,112,112,0,11
2020-11-21,1,1011010101,花叶类,1,460.646,-0.543,460.103,708,707,1,18
2020-11-21,1,1011010201,花菜类,1,114.066,0.0,114.066,208,208,0,2
2020-11-21,1,1011010402,水生根茎类,1,95.789,-0.414,95.375,148,147,1,2
2020-11-21,1,1011010501,茄类,1,25.451,-0.301,25.15,54,53,1,4
2020-11-21,1,1011010504,辣椒类,1,79.774,-0.43,79.344,277,275,2,9
2020-11-21,1,1011010801,食用菌,1,169.382,0.0,169.382,278,278,0,11
2020-11-22,1,1011010101,花叶类,1,371.968,0.0,371.968,534,534,0,17
2020-11-22,1,1011010201,花菜类,1,119.596,0.0,119.596,216,216,0,2
2020-11-22,1,1011010402,水生根茎类,1,67.538,0.0,67.538,98,98,0,1
2020-11-22,1,1011010501,茄类,1,26.933,0.0,26.933,58,58,0,4
2020-11-22,1,1011010504,辣椒类,1,99.221,0.0,99.221,286,286,0,10
2020-11-22,1,1011010801,食用菌,1,160.154,0.0,160.154,332,332,0,10
2020-11-23,1,1011010101,花叶类,1,294.311,0.0,294.311,420,420,0,17
2020-11-23,1,1011010201,花菜类,1,74.623,0.0,74.623,124,124,0,2
2020-11-23,1,1011010402,水生根茎类,1,34.987,0.0,34.987,52,52,0,1
2020-11-23,1,1011010501,茄类,1,15.902,0.0,15.902,30,30,0,3
2020-11-23,1,1011010504,辣椒类,1,59.056,0.0,59.056,181,181,0,9
2020-11-23,1,1011010801,食用菌,1,195.788,0.0,195.788,319,319,0,12
2020-11-24,1,1011010101,花叶类,1,220.189,0.0,220.189,377,377,0,14
2020-11-24,1,1011010201,花菜类,1,60.927,0.0,60.927,94,94,0,2
2020-11-24,1,1011010402,水生根茎类,1,44.692,0.0,44.692,76,76,0,1
2020-11-24,1,1011010501,茄类,1,13.897,0.0,13.897,30,30,0,4
2020-11-24,1,1011010504,辣椒类,1,52.157,0.0,52.157,168,168,0,9
2020-11-24,1,1011010801,食用菌,1,117.661,0.0,117.661,233,233,0,12
2020-11-25,1,1011010101,花叶类,1,237.713,0.0,237.713,381,381,0,16
2020-11-25,1,1011010201,花菜类,1,37.137,0.0,37.137,71,71,0,2
2020-11-25,1,1011010402,水生根茎类,1,38.697,0.0,38.697,57,57,0,1
2020-11-25,1,1011010501,茄类,1,13.199,0.0,13.199,23,23,0,4
2020-11-25,1,1011010504,辣椒类,1,39.054,0.0,39.054,133,133,0,9
2020-11-25,1,1011010801,食用菌,1,95.581,0.0,95.581,222,222,0,13
2020-11-26,1,1011010101,花叶类,1,282.923,0.0,282.923,328,328,0,16
2020-11-26,1,1011010201,花菜类,1,34.766,0.0,34.766,66,66,0,2
2020-11-26,1,1011010402,水生根茎类,1,24.099,0.0,24.099,35,35,0,1
2020-11-26,1,1011010501,茄类,1,12.868,0.0,12.868,27,27,0,4
2020-11-26,1,1011010504,辣椒类,1,48.086,0.0,48.086,151,151,0,9
2020-11-26,1,1011010801,食用菌,1,110.276,0.0,110.276,200,200,0,12
2020-11-27,1,1011010101,花叶类,1,225.596,0.0,225.596,305,305,0,17
2020-11-27,1,1011010201,花菜类,1,28.934,0.0,28.934,52,52,0,2
2020-11-27,1,1011010402,水生根茎类,1,23.178,0.0,23.178,34,34,0,1
2020-11-27,1,1011010501,茄类,1,13.175,0.0,13.175,26,26,0,4
2020-11-27,1,1011010504,辣椒类,1,53.116,0.0,53.116,146,146,0,9
2020-11-27,1,1011010801,食用菌,1,112.979,0.0,112.979,218,218,0,14
2020-11-28,1,1011010101,花叶类,1,400.295,0.0,400.295,493,493,0,18
2020-11-28,1,1011010201,花菜类,1,79.441,0.0,79.441,143,143,0,2
2020-11-28,1,1011010402,水生根茎类,1,30.289,0.0,30.289,45,45,0,1
2020-11-28,1,1011010501,茄类,1,18.759,0.0,18.759,39,39,0,4
2020-11-28,1,1011010504,辣椒类,1,82.485,0.0,82.485,232,232,0,10
2020-11-28,1,1011010801,食用菌,1,187.133,0.0,187.133,339,339,0,13
2020-11-29,1,1011010101,花叶类,1,287.707,0.0,287.707,424,424,0,17
2020-11-29,1,1011010201,花菜类,1,77.335,0.0,77.335,150,150,0,2
2020-11-29,1,1011010402,水生根茎类,1,31.494,0.0,31.494,46,46,0,1
2020-11-29,1,1011010501,茄类,1,20.702,0.0,20.702,43,43,0,4
2020-11-29,1,1011010504,辣椒类,1,66.151,0.0,66.151,204,204,0,9
2020-11-29,1,1011010801,食用菌,1,168.218,0.0,168.218,324,324,0,13
2020-11-30,1,1011010101,花叶类,1,207.353,0.0,207.353,310,310,0,17
2020-11-30,1,1011010201,花菜类,1,41.156,0.0,41.156,79,79,0,2
2020-11-30,1,1011010402,水生根茎类,1,18.481,0.0,18.481,33,33,0,1
2020-11-30,1,1011010501,茄类,1,18.29,0.0,18.29,34,34,0,5
2020-11-30,1,1011010504,辣椒类,1,54.214,0.0,54.214,165,165,0,10
2020-11-30,1,1011010801,食用菌,1,100.486,0.0,100.486,152,152,0,13
2020-12-01,1,1011010101,花叶类,1,287.797,0.0,287.797,368,368,0,16
2020-12-01,1,1011010201,花菜类,1,25.82,0.0,25.82,51,51,0,2
2020-12-01,1,1011010402,水生根茎类,1,25.029,0.0,25.029,45,45,0,1
2020-12-01,1,1011010501,茄类,1,9.271,0.0,9.271,23,23,0,5
2020-12-01,1,1011010504,辣椒类,1,47.882,0.0,47.882,145,145,0,9
2020-12-01,1,1011010801,食用菌,1,99.477,0.0,99.477,185,185,0,12
2020-12-02,1,1011010101,花叶类,1,213.665,0.0,213.665,297,297,0,16
2020-12-02,1,1011010201,花菜类,1,24.46,0.0,24.46,51,51,0,2
2020-12-02,1,1011010402,水生根茎类,1,22.979,0.0,22.979,40,40,0,2
2020-12-02,1,1011010501,茄类,1,9.603,0.0,9.603,24,24,0,5
2020-12-02,1,1011010504,辣椒类,1,48.74,0.0,48.74,152,152,0,10
2020-12-02,1,1011010801,食用菌,1,185.141,0.0,185.141,279,279,0,12
2020-12-03,1,1011010101,花叶类,1,274.097,0.0,274.097,309,309,0,18
2020-12-03,1,1011010201,花菜类,1,27.342,0.0,27.342,52,52,0,2
2020-12-03,1,1011010402,水生根茎类,1,35.348,0.0,35.348,55,55,0,2
2020-12-03,1,1011010501,茄类,1,12.913,0.0,12.913,29,29,0,5
2020-12-03,1,1011010504,辣椒类,1,48.795,0.0,48.795,144,144,0,8
2020-12-03,1,1011010801,食用菌,1,97.395,0.0,97.395,199,199,0,11
2020-12-04,1,1011010101,花叶类,1,242.529,0.0,242.529,355,355,0,18
2020-12-04,1,1011010201,花菜类,1,27.457,0.0,27.457,53,53,0,2
2020-12-04,1,1011010402,水生根茎类,1,87.25,0.0,87.25,135,135,0,2
2020-12-04,1,1011010501,茄类,1,11.517,0.0,11.517,24,24,0,5
2020-12-04,1,1011010504,辣椒类,1,42.929,0.0,42.929,153,153,0,9
2020-12-04,1,1011010801,食用菌,1,110.875,0.0,110.875,221,221,0,13
2020-12-05,1,1011010101,花叶类,1,306.959,0.0,306.959,398,398,0,18
2020-12-05,1,1011010201,花菜类,1,72.116,0.0,72.116,141,141,0,2
2020-12-05,1,1011010402,水生根茎类,1,43.518,0.0,43.518,72,72,0,2
2020-12-05,1,1011010501,茄类,1,18.693,0.0,18.693,37,37,0,5
2020-12-05,1,1011010504,辣椒类,1,50.32,0.0,50.32,171,171,0,10
2020-12-05,1,1011010801,食用菌,1,155.115,0.0,155.115,314,314,0,14
2020-12-06,1,1011010101,花叶类,1,367.129,0.0,367.129,423,423,0,18
2020-12-06,1,1011010201,花菜类,1,67.968,0.0,67.968,135,135,0,2
2020-12-06,1,1011010402,水生根茎类,1,93.761,0.0,93.761,150,150,0,2
2020-12-06,1,1011010501,茄类,1,18.881,0.0,18.881,39,39,0,4
2020-12-06,1,1011010504,辣椒类,1,61.77,0.0,61.77,217,217,0,10
2020-12-06,1,1011010801,食用菌,1,234.205,0.0,234.205,421,421,0,13
2020-12-07,1,1011010101,花叶类,1,197.718,0.0,197.718,266,266,0,19
2020-12-07,1,1011010201,花菜类,1,29.017,0.0,29.017,56,56,0,2
2020-12-07,1,1011010402,水生根茎类,1,60.127,0.0,60.127,96,96,0,2
2020-12-07,1,1011010501,茄类,1,10.537,0.0,10.537,25,25,0,4
2020-12-07,1,1011010504,辣椒类,1,39.566,0.0,39.566,142,142,0,9
2020-12-07,1,1011010801,食用菌,1,91.333,0.0,91.333,186,186,0,15
2020-12-08,1,1011010101,花叶类,1,183.98,0.0,183.98,243,243,0,17
2020-12-08,1,1011010201,花菜类,1,29.686,0.0,29.686,57,57,0,2
2020-12-08,1,1011010402,水生根茎类,1,78.345,0.0,78.345,131,131,0,3
2020-12-08,1,1011010501,茄类,1,10.904,0.0,10.904,25,25,0,4
2020-12-08,1,1011010504,辣椒类,1,38.132,-0.241,37.891,131,130,1,10
2020-12-08,1,1011010801,食用菌,1,89.028,0.0,89.028,198,198,0,16
2020-12-09,1,1011010101,花叶类,1,180.673,0.0,180.673,253,253,0,15
2020-12-09,1,1011010201,花菜类,1,20.825,0.0,20.825,45,45,0,2
2020-12-09,1,1011010402,水生根茎类,1,39.897,0.0,39.897,60,60,0,3
2020-12-09,1,1011010501,茄类,1,9.89,0.0,9.89,19,19,0,3
2020-12-09,1,1011010504,辣椒类,1,36.059,0.0,36.059,116,116,0,10
2020-12-09,1,1011010801,食用菌,1,80.164,0.0,80.164,193,193,0,17
2020-12-10,1,1011010101,花叶类,1,188.539,0.0,188.539,283,283,0,16
2020-12-10,1,1011010201,花菜类,1,20.405,0.0,20.405,44,44,0,2
2020-12-10,1,1011010402,水生根茎类,1,48.448,0.0,48.448,65,65,0,3
2020-12-10,1,1011010501,茄类,1,11.411,0.0,11.411,25,25,0,4
2020-12-10,1,1011010504,辣椒类,1,45.747,0.0,45.747,145,145,0,9
2020-12-10,1,1011010801,食用菌,1,89.363,0.0,89.363,205,205,0,18
2020-12-11,1,1011010101,花叶类,1,212.51,0.0,212.51,274,274,0,17
2020-12-11,1,1011010201,花菜类,1,30.644,0.0,30.644,63,63,0,2
2020-12-11,1,1011010402,水生根茎类,1,55.726,-0.368,55.358,82,81,1,3
2020-12-11,1,1011010501,茄类,1,14.918,0.0,14.918,31,31,0,4
2020-12-11,1,1011010504,辣椒类,1,44.514,0.0,44.514,145,145,0,10
2020-12-11,1,1011010801,食用菌,1,94.153,0.0,94.153,186,186,0,18
2020-12-12,1,1011010101,花叶类,1,269.619,0.0,269.619,377,377,0,17
2020-12-12,1,1011010201,花菜类,1,65.792,-0.326,65.466,142,141,1,2
2020-12-12,1,1011010402,水生根茎类,1,71.47,0.0,71.47,101,101,0,3
2020-12-12,1,1011010501,茄类,1,11.965,0.0,11.965,23,23,0,4
2020-12-12,1,1011010504,辣椒类,1,55.182,-0.451,54.731,193,192,1,9
2020-12-12,1,1011010801,食用菌,1,174.431,-0.312,174.119,361,360,1,21
2020-12-13,1,1011010101,花叶类,1,375.781,0.0,375.781,484,484,0,17
2020-12-13,1,1011010201,花菜类,1,78.67,0.0,78.67,157,157,0,2
2020-12-13,1,1011010402,水生根茎类,1,73.578,0.0,73.578,117,117,0,3
2020-12-13,1,1011010501,茄类,1,20.845,0.0,20.845,48,48,0,4
2020-12-13,1,1011010504,辣椒类,1,76.784,0.0,76.784,238,238,0,9
2020-12-13,1,1011010801,食用菌,1,197.615,0.0,197.615,386,386,0,19
2020-12-14,1,1011010101,花叶类,1,197.654,0.0,197.654,253,253,0,16
2020-12-14,1,1011010201,花菜类,1,33.376,0.0,33.376,61,61,0,2
2020-12-14,1,1011010402,水生根茎类,1,65.517,0.0,65.517,107,107,0,2
2020-12-14,1,1011010501,茄类,1,12.715,0.0,12.715,32,32,0,3
2020-12-14,1,1011010504,辣椒类,1,48.394,0.0,48.394,160,160,0,6
2020-12-14,1,1011010801,食用菌,1,83.089,0.0,83.089,196,196,0,15
2020-12-15,1,1011010101,花叶类,1,203.808,0.0,203.808,282,282,0,15
2020-12-15,1,1011010201,花菜类,1,33.43,0.0,33.43,71,71,0,2
2020-12-15,1,1011010402,水生根茎类,1,51.769,-0.589,51.18,85,84,1,4
2020-12-15,1,1011010501,茄类,1,10.295,0.0,10.295,24,24,0,4
2020-12-15,1,1011010504,辣椒类,1,41.066,0.0,41.066,133,133,0,10
2020-12-15,1,1011010801,食用菌,1,99.925,-0.161,99.764,217,216,1,17
2020-12-16,1,1011010101,花叶类,1,152.029,0.0,152.029,222,222,0,16
2020-12-16,1,1011010201,花菜类,1,26.065,0.0,26.065,56,56,0,2
2020-12-16,1,1011010402,水生根茎类,1,47.282,0.0,47.282,69,69,0,3
2020-12-16,1,1011010501,茄类,1,9.313,0.0,9.313,20,20,0,2
2020-12-16,1,1011010504,辣椒类,1,34.84,0.0,34.84,118,118,0,9
2020-12-16,1,1011010801,食用菌,1,74.212,0.0,74.212,166,166,0,17
2020-12-17,1,1011010101,花叶类,1,167.799,0.0,167.799,232,232,0,16
2020-12-17,1,1011010201,花菜类,1,31.098,0.0,31.098,59,59,0,2
2020-12-17,1,1011010402,水生根茎类,1,47.929,0.0,47.929,78,78,0,2
2020-12-17,1,1011010501,茄类,1,12.154,0.0,12.154,27,27,0,4
2020-12-17,1,1011010504,辣椒类,1,33.18,0.0,33.18,104,104,0,9
2020-12-17,1,1011010801,食用菌,1,94.652,0.0,94.652,204,204,0,18
2020-12-18,1,1011010101,花叶类,1,151.08,-0.455,150.625,245,244,1,17
2020-12-18,1,1011010201,花菜类,1,26.454,0.0,26.454,48,48,0,2
2020-12-18,1,1011010402,水生根茎类,1,63.362,0.0,63.362,86,86,0,3
2020-12-18,1,1011010501,茄类,1,19.541,0.0,19.541,39,39,0,4
2020-12-18,1,1011010504,辣椒类,1,41.801,0.0,41.801,127,127,0,10
2020-12-18,1,1011010801,食用菌,1,86.26,0.0,86.26,212,212,0,17
2020-12-19,1,1011010101,花叶类,1,266.55,0.0,266.55,398,398,0,18
2020-12-19,1,1011010201,花菜类,1,60.29,0.0,60.29,128,128,0,2
2020-12-19,1,1011010402,水生根茎类,1,86.825,-1.0,85.825,126,125,1,3
2020-12-19,1,1011010501,茄类,1,14.524,0.0,14.524,28,28,0,3
2020-12-19,1,1011010504,辣椒类,1,68.24,0.0,68.24,203,203,0,10
2020-12-19,1,1011010801,食用菌,1,154.681,0.0,154.681,331,331,0,15
2020-12-20,1,1011010101,花叶类,1,276.911,0.0,276.911,417,417,0,18
2020-12-20,1,1011010201,花菜类,1,89.851,0.0,89.851,196,196,0,2
2020-12-20,1,1011010402,水生根茎类,1,77.313,0.0,77.313,105,105,0,3
2020-12-20,1,1011010501,茄类,1,14.386,0.0,14.386,34,34,0,3
2020-12-20,1,1011010504,辣椒类,1,64.273,0.0,64.273,206,206,0,10
2020-12-20,1,1011010801,食用菌,1,142.972,-1.0,141.972,330,329,1,16
2020-12-21,1,1011010101,花叶类,1,136.041,0.0,136.041,202,202,0,16
2020-12-21,1,1011010201,花菜类,1,37.057,0.0,37.057,73,73,0,2
2020-12-21,1,1011010402,水生根茎类,1,48.468,0.0,48.468,69,69,0,3
2020-12-21,1,1011010501,茄类,1,12.997,0.0,12.997,28,28,0,3
2020-12-21,1,1011010504,辣椒类,1,30.846,0.0,30.846,107,107,0,9
2020-12-21,1,1011010801,食用菌,1,84.045,0.0,84.045,185,185,0,13
2020-12-22,1,1011010101,花叶类,1,152.185,0.0,152.185,218,218,0,15
2020-12-22,1,1011010201,花菜类,1,27.346,0.0,27.346,55,55,0,2
2020-12-22,1,1011010402,水生根茎类,1,38.698,0.0,38.698,51,51,0,2
2020-12-22,1,1011010501,茄类,1,11.079,0.0,11.079,25,25,0,4
2020-12-22,1,1011010504,辣椒类,1,38.615,0.0,38.615,122,122,0,10
2020-12-22,1,1011010801,食用菌,1,76.199,-0.313,75.886,176,175,1,15
2020-12-23,1,1011010101,花叶类,1,143.966,-0.234,143.732,238,237,1,16
2020-12-23,1,1011010201,花菜类,1,39.823,0.0,39.823,85,85,0,2
2020-12-23,1,1011010402,水生根茎类,1,43.83,0.0,43.83,61,61,0,2
2020-12-23,1,1011010501,茄类,1,9.4,0.0,9.4,20,20,0,4
2020-12-23,1,1011010504,辣椒类,1,41.738,0.0,41.738,135,135,0,10
2020-12-23,1,1011010801,食用菌,1,67.604,0.0,67.604,171,171,0,15
2020-12-24,1,1011010101,花叶类,1,218.533,0.0,218.533,287,287,0,16
2020-12-24,1,1011010201,花菜类,1,39.293,0.0,39.293,87,87,0,2
2020-12-24,1,1011010402,水生根茎类,1,61.823,-0.535,61.288,90,89,1,2
2020-12-24,1,1011010501,茄类,1,9.801,0.0,9.801,22,22,0,3
2020-12-24,1,1011010504,辣椒类,1,37.463,0.0,37.463,125,125,0,10
2020-12-24,1,1011010801,食用菌,1,76.09,-0.464,75.626,179,177,2,15
2020-12-25,1,1011010101,花叶类,1,159.654,0.0,159.654,254,254,0,15
2020-12-25,1,1011010201,花菜类,1,33.711,0.0,33.711,79,79,0,2
2020-12-25,1,1011010402,水生根茎类,1,65.984,0.0,65.984,86,86,0,3
2020-12-25,1,1011010501,茄类,1,10.328,0.0,10.328,25,25,0,2
2020-12-25,1,1011010504,辣椒类,1,53.083,0.0,53.083,173,173,0,10
2020-12-25,1,1011010801,食用菌,1,148.943,0.0,148.943,317,317,0,16
2020-12-26,1,1011010101,花叶类,1,285.224,0.0,285.224,358,358,0,15
2020-12-26,1,1011010201,花菜类,1,62.717,0.0,62.717,129,129,0,2
2020-12-26,1,1011010402,水生根茎类,1,103.905,0.0,103.905,144,144,0,4
2020-12-26,1,1011010501,茄类,1,16.19,0.0,16.19,33,33,0,3
2020-12-26,1,1011010504,辣椒类,1,52.907,0.0,52.907,191,191,0,9
2020-12-26,1,1011010801,食用菌,1,136.159,-0.501,135.658,292,291,1,16
2020-12-27,1,1011010101,花叶类,1,288.755,0.0,288.755,379,379,0,14
2020-12-27,1,1011010201,花菜类,1,51.016,0.0,51.016,95,95,0,2
2020-12-27,1,1011010402,水生根茎类,1,93.232,0.0,93.232,129,129,0,3
2020-12-27,1,1011010501,茄类,1,11.874,0.0,11.874,24,24,0,2
2020-12-27,1,1011010504,辣椒类,1,52.745,0.0,52.745,169,169,0,10
2020-12-27,1,1011010801,食用菌,1,118.129,0.0,118.129,290,290,0,15
2020-12-28,1,1011010101,花叶类,1,251.455,0.0,251.455,323,323,0,14
2020-12-28,1,1011010201,花菜类,1,33.949,0.0,33.949,70,70,0,2
2020-12-28,1,1011010402,水生根茎类,1,63.262,0.0,63.262,80,80,0,3
2020-12-28,1,1011010501,茄类,1,13.266,0.0,13.266,26,26,0,3
2020-12-28,1,1011010504,辣椒类,1,45.863,0.0,45.863,131,131,0,10
2020-12-28,1,1011010801,食用菌,1,69.819,0.0,69.819,171,171,0,13
2020-12-29,1,1011010101,花叶类,1,223.512,0.0,223.512,256,256,0,15
2020-12-29,1,1011010201,花菜类,1,33.714,0.0,33.714,71,71,0,2
2020-12-29,1,1011010402,水生根茎类,1,54.924,0.0,54.924,72,72,0,4
2020-12-29,1,1011010501,茄类,1,12.741,0.0,12.741,27,27,0,3
2020-12-29,1,1011010504,辣椒类,1,28.906,0.0,28.906,97,97,0,7
2020-12-29,1,1011010801,食用菌,1,79.647,0.0,79.647,176,176,0,16
2020-12-30,1,1011010101,花叶类,1,146.39,0.0,146.39,210,210,0,15
2020-12-30,1,1011010201,花菜类,1,33.438,0.0,33.438,65,65,0,2
2020-12-30,1,1011010402,水生根茎类,1,75.742,0.0,75.742,101,101,0,4
2020-12-30,1,1011010501,茄类,1,16.318,0.0,16.318,32,32,0,3
2020-12-30,1,1011010504,辣椒类,1,32.167,0.0,32.167,112,112,0,9
2020-12-30,1,1011010801,食用菌,1,66.631,0.0,66.631,158,158,0,16
2020-12-31,1,1011010101,花叶类,1,179.177,0.0,179.177,287,287,0,15
2020-12-31,1,1011010201,花菜类,1,23.092,0.0,23.092,48,48,0,2
2020-12-31,1,1011010402,水生根茎类,1,73.305,0.0,73.305,92,92,0,4
2020-12-31,1,1011010501,茄类,1,20.725,0.0,20.725,43,43,0,3
2020-12-31,1,1011010504,辣椒类,1,45.584,0.0,45.584,150,150,0,9
2020-12-31,1,1011010801,食用菌,1,120.945,0.0,120.945,241,241,0,15
2021-01-01,1,1011010101,花叶类,1,224.797,0.0,224.797,354,354,0,15
2021-01-01,1,1011010201,花菜类,1,55.985,0.0,55.985,107,107,0,2
2021-01-01,1,1011010402,水生根茎类,1,91.569,0.0,91.569,123,123,0,3
2021-01-01,1,1011010501,茄类,1,18.037,0.0,18.037,37,37,0,2
2021-01-01,1,1011010504,辣椒类,1,67.733,0.0,67.733,200,200,0,10
2021-01-01,1,1011010801,食用菌,1,136.338,0.0,136.338,303,303,0,14
2021-01-02,1,1011010101,花叶类,1,212.911,0.0,212.911,336,336,0,15
2021-01-02,1,1011010201,花菜类,1,31.833,0.0,31.833,64,64,0,2
2021-01-02,1,1011010402,水生根茎类,1,102.214,0.0,102.214,132,132,0,3
2021-01-02,1,1011010501,茄类,1,18.302,0.0,18.302,38,38,0,2
2021-01-02,1,1011010504,辣椒类,1,62.422,-0.92,61.502,186,185,1,9
2021-01-02,1,1011010801,食用菌,1,115.296,0.0,115.296,239,239,0,14
2021-01-03,1,1011010101,花叶类,1,224.88,0.0,224.88,338,338,0,15
2021-01-03,1,1011010201,花菜类,1,50.09,0.0,50.09,101,101,0,2
2021-01-03,1,1011010402,水生根茎类,1,76.505,0.0,76.505,117,117,0,3
2021-01-03,1,1011010501,茄类,1,13.385,0.0,13.385,31,31,0,2
2021-01-03,1,1011010504,辣椒类,1,73.797,0.0,73.797,213,213,0,9
2021-01-03,1,1011010801,食用菌,1,103.871,0.0,103.871,234,234,0,16
2021-01-04,1,1011010101,花叶类,1,177.801,0.0,177.801,277,277,0,15
2021-01-04,1,1011010201,花菜类,1,24.728,0.0,24.728,52,52,0,2
2021-01-04,1,1011010402,水生根茎类,1,68.248,0.0,68.248,102,102,0,4
2021-01-04,1,1011010501,茄类,1,9.867,0.0,9.867,23,23,0,2
2021-01-04,1,1011010504,辣椒类,1,58.505,0.0,58.505,172,172,0,8
2021-01-04,1,1011010801,食用菌,1,95.499,0.0,95.499,203,203,0,15
2021-01-05,1,1011010101,花叶类,1,154.654,0.0,154.654,250,250,0,14
2021-01-05,1,1011010201,花菜类,1,49.049,0.0,49.049,107,107,0,2
2021-01-05,1,1011010402,水生根茎类,1,89.144,0.0,89.144,112,112,0,4
2021-01-05,1,1011010501,茄类,1,14.439,0.0,14.439,34,34,0,2
2021-01-05,1,1011010504,辣椒类,1,37.556,0.0,37.556,119,119,0,10
2021-01-05,1,1011010801,食用菌,1,83.705,0.0,83.705,203,203,0,15
2021-01-06,1,1011010101,花叶类,1,176.824,0.0,176.824,268,268,0,15
2021-01-06,1,1011010201,花菜类,1,51.711,0.0,51.711,110,110,0,2
2021-01-06,1,1011010402,水生根茎类,1,49.852,0.0,49.852,64,64,0,4
2021-01-06,1,1011010501,茄类,1,13.689,0.0,13.689,29,29,0,2
2021-01-06,1,1011010504,辣椒类,1,44.528,0.0,44.528,150,150,0,10
2021-01-06,1,1011010801,食用菌,1,81.462,0.0,81.462,217,217,0,15
2021-01-07,1,1011010101,花叶类,1,161.628,0.0,161.628,251,251,0,15
2021-01-07,1,1011010201,花菜类,1,42.427,0.0,42.427,85,85,0,2
2021-01-07,1,1011010402,水生根茎类,1,54.723,0.0,54.723,71,71,0,3
2021-01-07,1,1011010501,茄类,1,12.56,0.0,12.56,25,25,0,2
2021-01-07,1,1011010504,辣椒类,1,50.183,0.0,50.183,150,150,0,10
2021-01-07,1,1011010801,食用菌,1,96.002,0.0,96.002,230,230,0,14
2021-01-08,1,1011010101,花叶类,1,234.462,0.0,234.462,330,330,0,15
2021-01-08,1,1011010201,花菜类,1,29.703,0.0,29.703,67,67,0,2
2021-01-08,1,1011010402,水生根茎类,1,53.904,0.0,53.904,70,70,0,3
2021-01-08,1,1011010501,茄类,1,12.049,0.0,12.049,30,30,0,2
2021-01-08,1,1011010504,辣椒类,1,37.342,0.0,37.342,127,127,0,10
2021-01-08,1,1011010801,食用菌,1,90.415,0.0,90.415,194,194,0,15
2021-01-09,1,1011010101,花叶类,1,233.427,0.0,233.427,387,387,0,14
2021-01-09,1,1011010201,花菜类,1,47.188,0.0,47.188,108,108,0,2
2021-01-09,1,1011010402,水生根茎类,1,90.49,0.0,90.49,111,111,0,3
2021-01-09,1,1011010501,茄类,1,17.965,0.0,17.965,43,43,0,2
2021-01-09,1,1011010504,辣椒类,1,78.498,0.0,78.498,235,235,0,9
2021-01-09,1,1011010801,食用菌,1,129.833,0.0,129.833,283,283,0,15
2021-01-10,1,1011010101,花叶类,1,250.645,0.0,250.645,368,368,0,14
2021-01-10,1,1011010201,花菜类,1,57.696,0.0,57.696,117,117,0,2
2021-01-10,1,1011010402,水生根茎类,1,79.563,0.0,79.563,98,98,0,3
2021-01-10,1,1011010501,茄类,1,23.755,0.0,23.755,52,52,0,2
2021-01-10,1,1011010504,辣椒类,1,68.365,0.0,68.365,214,214,0,10
2021-01-10,1,1011010801,食用菌,1,137.986,0.0,137.986,299,299,0,16
2021-01-11,1,1011010101,花叶类,1,182.204,0.0,182.204,261,261,0,14
2021-01-11,1,1011010201,花菜类,1,28.862,0.0,28.862,63,63,0,2
2021-01-11,1,1011010402,水生根茎类,1,47.911,0.0,47.911,57,57,0,3
2021-01-11,1,1011010501,茄类,1,15.841,0.0,15.841,32,32,0,2
2021-01-11,1,1011010504,辣椒类,1,46.768,0.0,46.768,149,149,0,10
2021-01-11,1,1011010801,食用菌,1,81.67,0.0,81.67,172,172,0,14
2021-01-12,1,1011010101,花叶类,1,173.449,0.0,173.449,229,229,0,12
2021-01-12,1,1011010201,花菜类,1,18.847,0.0,18.847,45,45,0,2
2021-01-12,1,1011010402,水生根茎类,1,55.595,0.0,55.595,68,68,0,3
2021-01-12,1,1011010501,茄类,1,6.304,0.0,6.304,17,17,0,1
2021-01-12,1,1011010504,辣椒类,1,35.595,0.0,35.595,116,116,0,8
2021-01-12,1,1011010801,食用菌,1,73.283,0.0,73.283,167,167,0,15
2021-01-13,1,1011010101,花叶类,1,172.101,0.0,172.101,261,261,0,14
2021-01-13,1,1011010201,花菜类,1,25.301,0.0,25.301,64,64,0,2
2021-01-13,1,1011010402,水生根茎类,1,40.616,0.0,40.616,56,56,0,3
2021-01-13,1,1011010501,茄类,0,0.0,0.0,0.0,0,0,0,0
2021-01-13,1,1011010504,辣椒类,1,37.065,0.0,37.065,106,106,0,10
2021-01-13,1,1011010801,食用菌,1,76.684,0.0,76.684,178,178,0,13
2021-01-14,1,1011010101,花叶类,1,148.947,0.0,148.947,218,218,0,13
2021-01-14,1,1011010201,花菜类,1,34.119,0.0,34.119,68,68,0,2
2021-01-14,1,1011010402,水生根茎类,1,43.51,0.0,43.51,55,55,0,3
2021-01-14,1,1011010501,茄类,1,18.643,0.0,18.643,35,35,0,2
2021-01-14,1,1011010504,辣椒类,1,39.296,0.0,39.296,121,121,0,10
2021-01-14,1,1011010801,食用菌,1,75.963,0.0,75.963,167,167,0,14
2021-01-15,1,1011010101,花叶类,1,171.213,0.0,171.213,254,254,0,13
2021-01-15,1,1011010201,花菜类,1,30.979,0.0,30.979,70,70,0,2
2021-01-15,1,1011010402,水生根茎类,1,51.428,0.0,51.428,60,60,0,3
2021-01-15,1,1011010501,茄类,1,14.644,0.0,14.644,33,33,0,2
2021-01-15,1,1011010504,辣椒类,1,39.211,0.0,39.211,126,126,0,9
2021-01-15,1,1011010801,食用菌,1,101.383,0.0,101.383,219,219,0,15
2021-01-16,1,1011010101,花叶类,1,252.825,0.0,252.825,392,392,0,13
2021-01-16,1,1011010201,花菜类,1,45.807,0.0,45.807,101,101,0,2
2021-01-16,1,1011010402,水生根茎类,1,82.624,0.0,82.624,98,98,0,3
2021-01-16,1,1011010501,茄类,1,20.109,0.0,20.109,47,47,0,2
2021-01-16,1,1011010504,辣椒类,1,76.174,0.0,76.174,228,228,0,10
2021-01-16,1,1011010801,食用菌,1,150.015,0.0,150.015,323,323,0,15
2021-01-17,1,1011010101,花叶类,1,228.991,0.0,228.991,354,354,0,14
2021-01-17,1,1011010201,花菜类,1,45.21,0.0,45.21,93,93,0,3
2021-01-17,1,1011010402,水生根茎类,1,67.482,0.0,67.482,74,74,0,3
2021-01-17,1,1011010501,茄类,1,24.613,0.0,24.613,52,52,0,2
2021-01-17,1,1011010504,辣椒类,1,74.534,0.0,74.534,235,235,0,10
2021-01-17,1,1011010801,食用菌,1,141.492,0.0,141.492,295,295,0,16
2021-01-18,1,1011010101,花叶类,1,167.119,0.0,167.119,302,302,0,16
2021-01-18,1,1011010201,花菜类,1,33.17,0.0,33.17,72,72,0,2
2021-01-18,1,1011010402,水生根茎类,1,48.095,0.0,48.095,58,58,0,3
2021-01-18,1,1011010501,茄类,1,10.266,0.0,10.266,25,25,0,2
2021-01-18,1,1011010504,辣椒类,1,48.166,0.0,48.166,149,149,0,10
2021-01-18,1,1011010801,食用菌,1,72.532,0.0,72.532,167,167,0,15
2021-01-19,1,1011010101,花叶类,1,216.055,0.0,216.055,278,278,0,15
2021-01-19,1,1011010201,花菜类,1,33.818,0.0,33.818,71,71,0,3
2021-01-19,1,1011010402,水生根茎类,1,42.265,0.0,42.265,60,60,0,3
2021-01-19,1,1011010501,茄类,1,9.304,0.0,9.304,22,22,0,2
2021-01-19,1,1011010504,辣椒类,1,50.827,0.0,50.827,155,155,0,9
2021-01-19,1,1011010801,食用菌,1,74.431,0.0,74.431,165,165,0,16
2021-01-20,1,1011010101,花叶类,1,197.824,0.0,197.824,329,329,0,15
2021-01-20,1,1011010201,花菜类,1,33.627,0.0,33.627,75,75,0,3
2021-01-20,1,1011010402,水生根茎类,1,44.546,0.0,44.546,62,62,0,3
2021-01-20,1,1011010501,茄类,1,19.321,0.0,19.321,38,38,0,2
2021-01-20,1,1011010504,辣椒类,1,51.058,0.0,51.058,150,150,0,9
2021-01-20,1,1011010801,食用菌,1,90.131,0.0,90.131,216,216,0,16
2021-01-21,1,1011010101,花叶类,1,219.93,0.0,219.93,320,320,0,15
2021-01-21,1,1011010201,花菜类,1,27.553,0.0,27.553,66,66,0,3
2021-01-21,1,1011010402,水生根茎类,1,48.089,0.0,48.089,63,63,0,3
2021-01-21,1,1011010501,茄类,1,23.411,0.0,23.411,44,44,0,2
2021-01-21,1,1011010504,辣椒类,1,57.724,0.0,57.724,175,175,0,10
2021-01-21,1,1011010801,食用菌,1,63.013,0.0,63.013,142,142,0,16
2021-01-22,1,1011010101,花叶类,1,218.136,0.0,218.136,345,345,0,16
2021-01-22,1,1011010201,花菜类,1,32.636,0.0,32.636,68,68,0,2
2021-01-22,1,1011010402,水生根茎类,1,48.728,0.0,48.728,64,64,0,3
2021-01-22,1,1011010501,茄类,1,12.333,0.0,12.333,28,28,0,2
2021-01-22,1,1011010504,辣椒类,1,54.45,0.0,54.45,161,161,0,8
2021-01-22,1,1011010801,食用菌,1,88.796,0.0,88.796,187,187,0,15
2021-01-23,1,1011010101,花叶类,1,214.815,0.0,214.815,354,354,0,15
2021-01-23,1,1011010201,花菜类,1,48.218,0.0,48.218,110,110,0,3
2021-01-23,1,1011010402,水生根茎类,1,66.893,0.0,66.893,90,90,0,3
2021-01-23,1,1011010501,茄类,1,20.333,0.0,20.333,43,43,0,2
2021-01-23,1,1011010504,辣椒类,1,87.038,0.0,87.038,222,222,0,8
2021-01-23,1,1011010801,食用菌,1,117.521,0.0,117.521,251,251,0,16
2021-01-24,1,1011010101,花叶类,1,350.342,0.0,350.342,535,535,0,16
2021-01-24,1,1011010201,花菜类,1,56.086,0.0,56.086,124,124,0,3
2021-01-24,1,1011010402,水生根茎类,1,88.664,0.0,88.664,116,116,0,3
2021-01-24,1,1011010501,茄类,1,23.807,0.0,23.807,53,53,0,2
2021-01-24,1,1011010504,辣椒类,1,99.115,0.0,99.115,277,277,0,8
2021-01-24,1,1011010801,食用菌,1,127.934,0.0,127.934,272,272,0,16
2021-01-25,1,1011010101,花叶类,1,224.149,0.0,224.149,354,354,0,16
2021-01-25,1,1011010201,花菜类,1,34.554,0.0,34.554,78,78,0,2
2021-01-25,1,1011010402,水生根茎类,1,86.892,0.0,86.892,103,103,0,3
2021-01-25,1,1011010501,茄类,1,20.041,0.0,20.041,43,43,0,2
2021-01-25,1,1011010504,辣椒类,1,68.681,0.0,68.681,200,200,0,8
2021-01-25,1,1011010801,食用菌,1,79.116,0.0,79.116,197,197,0,15
2021-01-26,1,1011010101,花叶类,1,215.643,0.0,215.643,340,340,0,17
2021-01-26,1,1011010201,花菜类,1,36.857,0.0,36.857,78,78,0,3
2021-01-26,1,1011010402,水生根茎类,1,59.222,0.0,59.222,79,79,0,3
2021-01-26,1,1011010501,茄类,1,16.078,0.0,16.078,36,36,0,2
2021-01-26,1,1011010504,辣椒类,1,57.954,0.0,57.954,167,167,0,8
2021-01-26,1,1011010801,食用菌,1,101.362,0.0,101.362,216,216,0,15
2021-01-27,1,1011010101,花叶类,1,208.029,0.0,208.029,347,347,0,15
2021-01-27,1,1011010201,花菜类,1,50.986,0.0,50.986,113,113,0,3
2021-01-27,1,1011010402,水生根茎类,1,50.075,0.0,50.075,65,65,0,3
2021-01-27,1,1011010501,茄类,1,11.937,0.0,11.937,27,27,0,2
2021-01-27,1,1011010504,辣椒类,1,105.094,0.0,105.094,268,268,0,8
2021-01-27,1,1011010801,食用菌,1,108.756,0.0,108.756,241,241,0,14
2021-01-28,1,1011010101,花叶类,1,160.384,0.0,160.384,266,266,0,14
2021-01-28,1,1011010201,花菜类,1,47.788,0.0,47.788,104,104,0,2
2021-01-28,1,1011010402,水生根茎类,1,58.18,0.0,58.18,74,74,0,3
2021-01-28,1,1011010501,茄类,1,17.792,0.0,17.792,36,36,0,2
2021-01-28,1,1011010504,辣椒类,1,70.075,0.0,70.075,191,191,0,8
2021-01-28,1,1011010801,食用菌,1,80.927,0.0,80.927,180,180,0,17
2021-01-29,1,1011010101,花叶类,1,151.962,0.0,151.962,240,240,0,16
2021-01-29,1,1011010201,花菜类,1,56.588,0.0,56.588,121,121,0,3
2021-01-29,1,1011010402,水生根茎类,1,48.372,0.0,48.372,61,61,0,3
2021-01-29,1,1011010501,茄类,1,15.072,0.0,15.072,26,26,0,2
2021-01-29,1,1011010504,辣椒类,1,66.029,0.0,66.029,185,185,0,8
2021-01-29,1,1011010801,食用菌,1,69.324,0.0,69.324,165,165,0,15
2021-01-30,1,1011010101,花叶类,1,236.777,0.0,236.777,389,389,0,15
2021-01-30,1,1011010201,花菜类,1,63.124,0.0,63.124,126,126,0,2
2021-01-30,1,1011010402,水生根茎类,1,39.938,0.0,39.938,55,55,0,3
2021-01-30,1,1011010501,茄类,1,23.084,0.0,23.084,50,50,0,3
2021-01-30,1,1011010504,辣椒类,1,91.796,0.0,91.796,260,260,0,11
2021-01-30,1,1011010801,食用菌,1,94.904,0.0,94.904,225,225,0,17
2021-01-31,1,1011010101,花叶类,1,249.269,0.0,249.269,421,421,0,15
2021-01-31,1,1011010201,花菜类,1,37.907,0.0,37.907,84,84,0,2
2021-01-31,1,1011010402,水生根茎类,1,47.573,0.0,47.573,60,60,0,3
2021-01-31,1,1011010501,茄类,1,24.61,0.0,24.61,53,53,0,3
2021-01-31,1,1011010504,辣椒类,1,84.451,0.0,84.451,239,239,0,9
2021-01-31,1,1011010801,食用菌,1,104.054,0.0,104.054,232,232,0,16
2021-02-01,1,1011010101,花叶类,1,181.621,0.0,181.621,295,295,0,15
2021-02-01,1,1011010201,花菜类,1,25.144,0.0,25.144,51,51,0,2
2021-02-01,1,1011010402,水生根茎类,1,50.34,0.0,50.34,62,62,0,3
2021-02-01,1,1011010501,茄类,1,13.664,0.0,13.664,30,30,0,4
2021-02-01,1,1011010504,辣椒类,1,71.64,0.0,71.64,193,193,0,9
2021-02-01,1,1011010801,食用菌,1,69.564,0.0,69.564,170,170,0,15
2021-02-02,1,1011010101,花叶类,1,193.791,0.0,193.791,305,305,0,17
2021-02-02,1,1011010201,花菜类,1,41.328,0.0,41.328,93,93,0,2
2021-02-02,1,1011010402,水生根茎类,1,47.323,0.0,47.323,55,55,0,3
2021-02-02,1,1011010501,茄类,1,24.133,0.0,24.133,51,51,0,4
2021-02-02,1,1011010504,辣椒类,1,92.145,0.0,92.145,239,239,0,9
2021-02-02,1,1011010801,食用菌,1,88.048,0.0,88.048,197,197,0,14
2021-02-03,1,1011010101,花叶类,1,223.102,0.0,223.102,323,323,0,15
2021-02-03,1,1011010201,花菜类,1,84.615,0.0,84.615,171,171,0,2
2021-02-03,1,1011010402,水生根茎类,1,36.091,0.0,36.091,49,49,0,3
2021-02-03,1,1011010501,茄类,1,14.938,0.0,14.938,33,33,0,4
2021-02-03,1,1011010504,辣椒类,1,79.053,0.0,79.053,233,233,0,10
2021-02-03,1,1011010801,食用菌,1,91.564,0.0,91.564,202,202,0,14
2021-02-04,1,1011010101,花叶类,1,197.832,0.0,197.832,299,299,0,15
2021-02-04,1,1011010201,花菜类,1,69.983,0.0,69.983,142,142,0,2
2021-02-04,1,1011010402,水生根茎类,1,61.4,0.0,61.4,74,74,0,3
2021-02-04,1,1011010501,茄类,1,27.716,0.0,27.716,51,51,0,4
2021-02-04,1,1011010504,辣椒类,1,96.194,0.0,96.194,252,252,0,9
2021-02-04,1,1011010801,食用菌,1,111.069,0.0,111.069,232,232,0,16
2021-02-05,1,1011010101,花叶类,1,194.292,0.0,194.292,324,324,0,19
2021-02-05,1,1011010201,花菜类,1,58.169,0.0,58.169,113,113,0,2
2021-02-05,1,1011010402,水生根茎类,1,56.39,0.0,56.39,69,69,0,3
2021-02-05,1,1011010501,茄类,1,25.906,0.0,25.906,47,47,0,5
2021-02-05,1,1011010504,辣椒类,1,124.448,0.0,124.448,310,310,0,8
2021-02-05,1,1011010801,食用菌,1,95.222,0.0,95.222,217,217,0,12
2021-02-06,1,1011010101,花叶类,1,212.817,0.0,212.817,332,332,0,19
2021-02-06,1,1011010201,花菜类,1,75.497,0.0,75.497,151,151,0,2
2021-02-06,1,1011010402,水生根茎类,1,55.472,0.0,55.472,67,67,0,3
2021-02-06,1,1011010501,茄类,1,39.051,0.0,39.051,78,78,0,5
2021-02-06,1,1011010504,辣椒类,1,194.842,0.0,194.842,431,431,0,8
2021-02-06,1,1011010801,食用菌,1,119.696,0.0,119.696,249,249,0,14
2021-02-07,1,1011010101,花叶类,1,193.778,0.0,193.778,279,279,0,18
2021-02-07,1,1011010201,花菜类,1,53.682,0.0,53.682,112,112,0,2
2021-02-07,1,1011010402,水生根茎类,1,101.527,0.0,101.527,99,99,0,3
2021-02-07,1,1011010501,茄类,1,43.635,0.0,43.635,73,73,0,5
2021-02-07,1,1011010504,辣椒类,1,159.904,0.0,159.904,365,365,0,8
2021-02-07,1,1011010801,食用菌,1,147.812,0.0,147.812,299,299,0,15
2021-02-08,1,1011010101,花叶类,1,234.405,0.0,234.405,344,344,0,20
2021-02-08,1,1011010201,花菜类,1,122.215,0.0,122.215,213,213,0,2
2021-02-08,1,1011010402,水生根茎类,1,124.55,0.0,124.55,118,118,0,3
2021-02-08,1,1011010501,茄类,1,58.326,0.0,58.326,93,93,0,5
2021-02-08,1,1011010504,辣椒类,1,289.227,0.0,289.227,559,559,0,8
2021-02-08,1,1011010801,食用菌,1,240.205,0.0,240.205,420,420,0,13
2021-02-09,1,1011010101,花叶类,1,282.558,0.0,282.558,419,419,0,18
2021-02-09,1,1011010201,花菜类,1,139.056,0.0,139.056,235,235,0,3
2021-02-09,1,1011010402,水生根茎类,1,211.431,0.0,211.431,203,203,0,3
2021-02-09,1,1011010501,茄类,1,87.912,0.0,87.912,135,135,0,2
2021-02-09,1,1011010504,辣椒类,1,423.696,0.0,423.696,912,912,0,9
2021-02-09,1,1011010801,食用菌,1,326.993,0.0,326.993,597,597,0,14
2021-02-10,1,1011010101,花叶类,1,503.976,-4.128,499.848,769,768,1,17
2021-02-10,1,1011010201,花菜类,1,167.055,0.0,167.055,259,259,0,2
2021-02-10,1,1011010402,水生根茎类,1,296.792,0.0,296.792,296,296,0,4
2021-02-10,1,1011010501,茄类,1,118.931,0.0,118.931,188,188,0,3
2021-02-10,1,1011010504,辣椒类,1,505.888,0.0,505.888,1322,1322,0,13
2021-02-10,1,1011010801,食用菌,1,511.136,0.0,511.136,913,913,0,15
2021-02-11,0,1011010101,花叶类,0,,,,,,,
2021-02-11,0,1011010201,花菜类,0,,,,,,,
2021-02-11,0,1011010402,水生根茎类,0,,,,,,,
2021-02-11,0,1011010501,茄类,0,,,,,,,
2021-02-11,0,1011010504,辣椒类,0,,,,,,,
2021-02-11,0,1011010801,食用菌,0,,,,,,,
2021-02-12,0,1011010101,花叶类,0,,,,,,,
2021-02-12,0,1011010201,花菜类,0,,,,,,,
2021-02-12,0,1011010402,水生根茎类,0,,,,,,,
2021-02-12,0,1011010501,茄类,0,,,,,,,
2021-02-12,0,1011010504,辣椒类,0,,,,,,,
2021-02-12,0,1011010801,食用菌,0,,,,,,,
2021-02-13,1,1011010101,花叶类,1,243.485,0.0,243.485,382,382,0,13
2021-02-13,1,1011010201,花菜类,1,22.759,0.0,22.759,39,39,0,1
2021-02-13,1,1011010402,水生根茎类,1,50.0,0.0,50.0,50,50,0,1
2021-02-13,1,1011010501,茄类,1,28.967,0.0,28.967,51,51,0,1
2021-02-13,1,1011010504,辣椒类,1,104.485,0.0,104.485,335,335,0,11
2021-02-13,1,1011010801,食用菌,1,74.519,0.0,74.519,182,182,0,8
2021-02-14,1,1011010101,花叶类,1,195.74,0.0,195.74,323,323,0,15
2021-02-14,1,1011010201,花菜类,1,16.607,0.0,16.607,31,31,0,2
2021-02-14,1,1011010402,水生根茎类,1,65.073,0.0,65.073,80,80,0,3
2021-02-14,1,1011010501,茄类,1,25.06,0.0,25.06,49,49,0,1
2021-02-14,1,1011010504,辣椒类,1,116.812,0.0,116.812,399,399,0,11
2021-02-14,1,1011010801,食用菌,1,164.586,0.0,164.586,292,292,0,14
2021-02-15,1,1011010101,花叶类,1,300.13,0.0,300.13,483,483,0,13
2021-02-15,1,1011010201,花菜类,1,41.123,0.0,41.123,73,73,0,2
2021-02-15,1,1011010402,水生根茎类,1,68.394,0.0,68.394,88,88,0,4
2021-02-15,1,1011010501,茄类,1,39.655,0.0,39.655,72,72,0,1
2021-02-15,1,1011010504,辣椒类,1,168.272,0.0,168.272,496,496,0,9
2021-02-15,1,1011010801,食用菌,1,212.364,-1.619,210.745,383,381,2,16
2021-02-16,1,1011010101,花叶类,1,253.696,0.0,253.696,414,414,0,13
2021-02-16,1,1011010201,花菜类,1,40.493,0.0,40.493,82,82,0,2
2021-02-16,1,1011010402,水生根茎类,1,67.819,0.0,67.819,84,84,0,1
2021-02-16,1,1011010501,茄类,1,31.647,0.0,31.647,64,64,0,1
2021-02-16,1,1011010504,辣椒类,1,151.649,0.0,151.649,501,501,0,8
2021-02-16,1,1011010801,食用菌,1,174.61,0.0,174.61,300,300,0,15
2021-02-17,1,1011010101,花叶类,1,180.052,0.0,180.052,303,303,0,16
2021-02-17,1,1011010201,花菜类,1,33.589,0.0,33.589,70,70,0,2
2021-02-17,1,1011010402,水生根茎类,1,53.632,0.0,53.632,70,70,0,1
2021-02-17,1,1011010501,茄类,1,30.358,0.0,30.358,67,67,0,1
2021-02-17,1,1011010504,辣椒类,1,133.646,0.0,133.646,431,431,0,9
2021-02-17,1,1011010801,食用菌,1,144.793,0.0,144.793,282,282,0,15
2021-02-18,1,1011010101,花叶类,1,227.336,0.0,227.336,410,410,0,16
2021-02-18,1,1011010201,花菜类,1,56.001,0.0,56.001,106,106,0,2
2021-02-18,1,1011010402,水生根茎类,1,62.327,0.0,62.327,83,83,0,1
2021-02-18,1,1011010501,茄类,1,18.17,0.0,18.17,44,44,0,1
2021-02-18,1,1011010504,辣椒类,1,105.697,0.0,105.697,365,365,0,9
2021-02-18,1,1011010801,食用菌,1,130.174,0.0,130.174,259,259,0,16
2021-02-19,1,1011010101,花叶类,1,184.169,0.0,184.169,312,312,0,16
2021-02-19,1,1011010201,花菜类,1,47.197,0.0,47.197,103,103,0,2
2021-02-19,1,1011010402,水生根茎类,1,73.044,0.0,73.044,90,90,0,2
2021-02-19,1,1011010501,茄类,1,13.769,0.0,13.769,31,31,0,2
2021-02-19,1,1011010504,辣椒类,1,116.07,0.0,116.07,323,323,0,7
2021-02-19,1,1011010801,食用菌,1,92.327,0.0,92.327,165,165,0,13
2021-02-20,1,1011010101,花叶类,1,175.262,0.0,175.262,332,332,0,17
2021-02-20,1,1011010201,花菜类,1,39.445,0.0,39.445,81,81,0,2
2021-02-20,1,1011010402,水生根茎类,1,60.612,0.0,60.612,80,80,0,3
2021-02-20,1,1011010501,茄类,1,21.798,0.0,21.798,52,52,0,4
2021-02-20,1,1011010504,辣椒类,1,119.306,0.0,119.306,344,344,0,9
2021-02-20,1,1011010801,食用菌,1,88.794,0.0,88.794,185,185,0,14
2021-02-21,1,1011010101,花叶类,1,144.855,0.0,144.855,294,294,0,15
2021-02-21,1,1011010201,花菜类,1,35.248,0.0,35.248,84,84,0,2
2021-02-21,1,1011010402,水生根茎类,1,38.554,0.0,38.554,57,57,0,3
2021-02-21,1,1011010501,茄类,1,33.803,0.0,33.803,67,67,0,4
2021-02-21,1,1011010504,辣椒类,1,80.423,0.0,80.423,255,255,0,8
2021-02-21,1,1011010801,食用菌,1,79.403,0.0,79.403,153,153,0,13
2021-02-22,1,1011010101,花叶类,1,139.491,0.0,139.491,266,266,0,15
2021-02-22,1,1011010201,花菜类,1,30.813,0.0,30.813,66,66,0,2
2021-02-22,1,1011010402,水生根茎类,1,40.444,0.0,40.444,53,53,0,3
2021-02-22,1,1011010501,茄类,1,15.47,0.0,15.47,35,35,0,4
2021-02-22,1,1011010504,辣椒类,1,72.834,0.0,72.834,212,212,0,7
2021-02-22,1,1011010801,食用菌,1,66.554,0.0,66.554,119,119,0,12
2021-02-23,1,1011010101,花叶类,1,136.05,0.0,136.05,283,283,0,15
2021-02-23,1,1011010201,花菜类,1,24.456,0.0,24.456,59,59,0,2
2021-02-23,1,1011010402,水生根茎类,1,44.084,0.0,44.084,59,59,0,3
2021-02-23,1,1011010501,茄类,1,25.429,0.0,25.429,54,54,0,4
2021-02-23,1,1011010504,辣椒类,1,85.425,0.0,85.425,246,246,0,8
2021-02-23,1,1011010801,食用菌,1,77.586,0.0,77.586,141,141,0,12
2021-02-24,1,1011010101,花叶类,1,190.158,0.0,190.158,314,314,0,16
2021-02-24,1,1011010201,花菜类,1,37.41,0.0,37.41,78,78,0,2
2021-02-24,1,1011010402,水生根茎类,1,54.382,0.0,54.382,80,80,0,3
2021-02-24,1,1011010501,茄类,1,22.668,0.0,22.668,47,47,0,4
2021-02-24,1,1011010504,辣椒类,1,60.043,0.0,60.043,222,222,0,10
2021-02-24,1,1011010801,食用菌,1,88.233,0.0,88.233,170,170,0,11
2021-02-25,1,1011010101,花叶类,1,156.613,0.0,156.613,300,300,0,17
2021-02-25,1,1011010201,花菜类,1,39.885,0.0,39.885,83,83,0,2
2021-02-25,1,1011010402,水生根茎类,1,74.027,0.0,74.027,94,94,0,4
2021-02-25,1,1011010501,茄类,1,34.618,0.0,34.618,71,71,0,4
2021-02-25,1,1011010504,辣椒类,1,100.118,0.0,100.118,291,291,0,8
2021-02-25,1,1011010801,食用菌,1,110.557,0.0,110.557,192,192,0,13
2021-02-26,1,1011010101,花叶类,1,276.322,0.0,276.322,459,459,0,14
2021-02-26,1,1011010201,花菜类,1,70.064,0.0,70.064,151,151,0,2
2021-02-26,1,1011010402,水生根茎类,1,72.508,0.0,72.508,89,89,0,3
2021-02-26,1,1011010501,茄类,1,31.286,0.0,31.286,67,67,0,4
2021-02-26,1,1011010504,辣椒类,1,135.777,0.0,135.777,376,376,0,9
2021-02-26,1,1011010801,食用菌,1,159.095,0.0,159.095,254,254,0,11
2021-02-27,1,1011010101,花叶类,1,218.04,0.0,218.04,361,361,0,11
2021-02-27,1,1011010201,花菜类,1,74.704,0.0,74.704,153,153,0,2
2021-02-27,1,1011010402,水生根茎类,1,45.651,0.0,45.651,66,66,0,3
2021-02-27,1,1011010501,茄类,1,22.579,0.0,22.579,49,49,0,4
2021-02-27,1,1011010504,辣椒类,1,122.322,0.0,122.322,323,323,0,7
2021-02-27,1,1011010801,食用菌,1,116.814,0.0,116.814,224,224,0,13
2021-02-28,1,1011010101,花叶类,1,309.688,-4.041,305.647,462,460,2,16
2021-02-28,1,1011010201,花菜类,1,54.673,-0.291,54.382,109,108,1,2
2021-02-28,1,1011010402,水生根茎类,1,49.705,0.0,49.705,71,71,0,3
2021-02-28,1,1011010501,茄类,1,27.705,0.0,27.705,59,59,0,4
2021-02-28,1,1011010504,辣椒类,1,114.677,0.0,114.677,322,322,0,8
2021-02-28,1,1011010801,食用菌,1,111.764,0.0,111.764,215,215,0,12
2021-03-01,1,1011010101,花叶类,1,241.709,0.0,241.709,432,432,0,19
2021-03-01,1,1011010201,花菜类,1,28.579,0.0,28.579,59,59,0,2
2021-03-01,1,1011010402,水生根茎类,1,29.048,0.0,29.048,36,36,0,2
2021-03-01,1,1011010501,茄类,1,27.232,0.0,27.232,58,58,0,4
2021-03-01,1,1011010504,辣椒类,1,97.068,0.0,97.068,293,293,0,11
2021-03-01,1,1011010801,食用菌,1,79.404,0.0,79.404,169,169,0,12
2021-03-02,1,1011010101,花叶类,1,182.984,0.0,182.984,333,333,0,20
2021-03-02,1,1011010201,花菜类,1,40.61,0.0,40.61,85,85,0,2
2021-03-02,1,1011010402,水生根茎类,1,46.406,0.0,46.406,59,59,0,2
2021-03-02,1,1011010501,茄类,1,16.541,0.0,16.541,34,34,0,3
2021-03-02,1,1011010504,辣椒类,1,83.363,0.0,83.363,238,238,0,8
2021-03-02,1,1011010801,食用菌,1,62.044,0.0,62.044,144,144,0,14
2021-03-03,1,1011010101,花叶类,1,186.008,0.0,186.008,328,328,0,18
2021-03-03,1,1011010201,花菜类,1,22.01,0.0,22.01,47,47,0,2
2021-03-03,1,1011010402,水生根茎类,1,20.757,0.0,20.757,28,28,0,2
2021-03-03,1,1011010501,茄类,1,23.654,0.0,23.654,47,47,0,4
2021-03-03,1,1011010504,辣椒类,1,80.749,0.0,80.749,238,238,0,7
2021-03-03,1,1011010801,食用菌,1,71.027,0.0,71.027,138,138,0,13
2021-03-04,1,1011010101,花叶类,1,145.281,0.0,145.281,269,269,0,17
2021-03-04,1,1011010201,花菜类,1,18.952,0.0,18.952,39,39,0,2
2021-03-04,1,1011010402,水生根茎类,1,28.177,0.0,28.177,37,37,0,2
2021-03-04,1,1011010501,茄类,1,20.344,0.0,20.344,44,44,0,4
2021-03-04,1,1011010504,辣椒类,1,93.076,0.0,93.076,246,246,0,9
2021-03-04,1,1011010801,食用菌,1,72.465,0.0,72.465,146,146,0,12
2021-03-05,1,1011010101,花叶类,1,211.185,0.0,211.185,331,331,0,19
2021-03-05,1,1011010201,花菜类,1,41.955,0.0,41.955,89,89,0,2
2021-03-05,1,1011010402,水生根茎类,1,35.138,0.0,35.138,47,47,0,2
2021-03-05,1,1011010501,茄类,1,22.986,0.0,22.986,47,47,0,2
2021-03-05,1,1011010504,辣椒类,1,101.498,0.0,101.498,274,274,0,8
2021-03-05,1,1011010801,食用菌,1,82.585,0.0,82.585,161,161,0,12
2021-03-06,1,1011010101,花叶类,1,288.817,0.0,288.817,483,483,0,22
2021-03-06,1,1011010201,花菜类,1,64.332,0.0,64.332,126,126,0,2
2021-03-06,1,1011010402,水生根茎类,1,61.735,0.0,61.735,75,75,0,2
2021-03-06,1,1011010501,茄类,1,38.176,0.0,38.176,80,80,0,2
2021-03-06,1,1011010504,辣椒类,1,167.583,0.0,167.583,459,459,0,9
2021-03-06,1,1011010801,食用菌,1,151.214,0.0,151.214,313,313,0,12
2021-03-07,1,1011010101,花叶类,1,264.314,-6.505,257.809,456,455,1,22
2021-03-07,1,1011010201,花菜类,1,84.586,0.0,84.586,163,163,0,2
2021-03-07,1,1011010402,水生根茎类,1,36.889,0.0,36.889,49,49,0,2
2021-03-07,1,1011010501,茄类,1,26.748,0.0,26.748,60,60,0,3
2021-03-07,1,1011010504,辣椒类,1,122.568,0.0,122.568,343,343,0,10
2021-03-07,1,1011010801,食用菌,1,125.428,0.0,125.428,246,246,0,12
2021-03-08,1,1011010101,花叶类,1,211.746,0.0,211.746,353,353,0,21
2021-03-08,1,1011010201,花菜类,1,45.65,0.0,45.65,103,103,0,2
2021-03-08,1,1011010402,水生根茎类,1,26.921,0.0,26.921,42,42,0,2
2021-03-08,1,1011010501,茄类,1,19.815,0.0,19.815,42,42,0,3
2021-03-08,1,1011010504,辣椒类,1,80.399,0.0,80.399,234,234,0,8
2021-03-08,1,1011010801,食用菌,1,78.721,0.0,78.721,181,181,0,12
2021-03-09,1,1011010101,花叶类,1,170.907,0.0,170.907,314,314,0,24
2021-03-09,1,1011010201,花菜类,1,34.073,0.0,34.073,62,62,0,2
2021-03-09,1,1011010402,水生根茎类,1,42.608,0.0,42.608,59,59,0,2
2021-03-09,1,1011010501,茄类,1,20.838,0.0,20.838,46,46,0,2
2021-03-09,1,1011010504,辣椒类,1,66.895,0.0,66.895,213,213,0,8
2021-03-09,1,1011010801,食用菌,1,143.511,0.0,143.511,217,217,0,10
2021-03-10,1,1011010101,花叶类,1,119.599,0.0,119.599,231,231,0,20
2021-03-10,1,1011010201,花菜类,1,25.101,0.0,25.101,56,56,0,2
2021-03-10,1,1011010402,水生根茎类,1,24.891,0.0,24.891,35,35,0,1
2021-03-10,1,1011010501,茄类,1,14.35,0.0,14.35,32,32,0,2
2021-03-10,1,1011010504,辣椒类,1,59.548,0.0,59.548,173,173,0,8
2021-03-10,1,1011010801,食用菌,1,91.994,0.0,91.994,161,161,0,12
2021-03-11,1,1011010101,花叶类,1,158.357,0.0,158.357,295,295,0,20
2021-03-11,1,1011010201,花菜类,1,30.749,0.0,30.749,66,66,0,2
2021-03-11,1,1011010402,水生根茎类,1,31.801,0.0,31.801,53,53,0,3
2021-03-11,1,1011010501,茄类,1,16.37,0.0,16.37,31,31,0,3
2021-03-11,1,1011010504,辣椒类,1,57.357,0.0,57.357,165,165,0,8
2021-03-11,1,1011010801,食用菌,1,75.477,0.0,75.477,137,137,0,13
2021-03-12,1,1011010101,花叶类,1,152.44,0.0,152.44,261,261,0,20
2021-03-12,1,1011010201,花菜类,1,31.282,0.0,31.282,67,67,0,2
2021-03-12,1,1011010402,水生根茎类,1,21.764,0.0,21.764,30,30,0,2
2021-03-12,1,1011010501,茄类,1,23.836,0.0,23.836,40,40,0,3
2021-03-12,1,1011010504,辣椒类,1,102.131,0.0,102.131,280,280,0,8
2021-03-12,1,1011010801,食用菌,1,84.232,0.0,84.232,154,154,0,14
2021-03-13,1,1011010101,花叶类,1,169.055,0.0,169.055,350,350,0,24
2021-03-13,1,1011010201,花菜类,1,43.017,0.0,43.017,92,92,0,2
2021-03-13,1,1011010402,水生根茎类,1,47.086,0.0,47.086,60,60,0,2
2021-03-13,1,1011010501,茄类,1,26.434,0.0,26.434,53,53,0,3
2021-03-13,1,1011010504,辣椒类,1,104.089,0.0,104.089,287,287,0,9
2021-03-13,1,1011010801,食用菌,1,101.865,0.0,101.865,199,199,0,13
2021-03-14,1,1011010101,花叶类,1,176.032,0.0,176.032,380,380,0,21
2021-03-14,1,1011010201,花菜类,1,41.13,0.0,41.13,84,84,0,2
2021-03-14,1,1011010402,水生根茎类,1,30.295,0.0,30.295,41,41,0,2
2021-03-14,1,1011010501,茄类,1,17.721,0.0,17.721,37,37,0,3
2021-03-14,1,1011010504,辣椒类,1,117.089,0.0,117.089,321,321,0,8
2021-03-14,1,1011010801,食用菌,1,75.95,0.0,75.95,158,158,0,11
2021-03-15,1,1011010101,花叶类,1,90.812,0.0,90.812,179,179,0,18
2021-03-15,1,1011010201,花菜类,1,28.603,0.0,28.603,58,58,0,2
2021-03-15,1,1011010402,水生根茎类,1,22.597,0.0,22.597,29,29,0,2
2021-03-15,1,1011010501,茄类,1,13.658,0.0,13.658,28,28,0,2
2021-03-15,1,1011010504,辣椒类,1,85.656,0.0,85.656,211,211,0,8
2021-03-15,1,1011010801,食用菌,1,40.423,0.0,40.423,73,73,0,12
2021-03-16,1,1011010101,花叶类,1,100.121,0.0,100.121,203,203,0,20
2021-03-16,1,1011010201,花菜类,1,19.792,0.0,19.792,40,40,0,2
2021-03-16,1,1011010402,水生根茎类,1,19.772,0.0,19.772,26,26,0,2
2021-03-16,1,1011010501,茄类,1,13.577,0.0,13.577,27,27,0,3
2021-03-16,1,1011010504,辣椒类,1,72.126,0.0,72.126,201,201,0,7
2021-03-16,1,1011010801,食用菌,1,44.844,0.0,44.844,96,96,0,11
2021-03-17,1,1011010101,花叶类,1,107.653,0.0,107.653,236,236,0,21
2021-03-17,1,1011010201,花菜类,1,29.326,0.0,29.326,59,59,0,2
2021-03-17,1,1011010402,水生根茎类,1,19.493,0.0,19.493,29,29,0,3
2021-03-17,1,1011010501,茄类,1,19.313,0.0,19.313,42,42,0,2
2021-03-17,1,1011010504,辣椒类,1,83.755,0.0,83.755,249,249,0,8
2021-03-17,1,1011010801,食用菌,1,44.029,0.0,44.029,103,103,0,12
2021-03-18,1,1011010101,花叶类,1,128.058,0.0,128.058,272,272,0,20
2021-03-18,1,1011010201,花菜类,1,29.081,0.0,29.081,58,58,0,2
2021-03-18,1,1011010402,水生根茎类,1,20.852,0.0,20.852,30,30,0,2
2021-03-18,1,1011010501,茄类,1,11.866,0.0,11.866,29,29,0,3
2021-03-18,1,1011010504,辣椒类,1,73.733,0.0,73.733,198,198,0,8
2021-03-18,1,1011010801,食用菌,1,65.501,0.0,65.501,128,128,0,11
2021-03-19,1,1011010101,花叶类,1,140.893,0.0,140.893,287,287,0,21
2021-03-19,1,1011010201,花菜类,1,42.902,0.0,42.902,87,87,0,2
2021-03-19,1,1011010402,水生根茎类,1,39.292,0.0,39.292,46,46,0,2
2021-03-19,1,1011010501,茄类,1,16.235,0.0,16.235,37,37,0,3
2021-03-19,1,1011010504,辣椒类,1,67.509,0.0,67.509,203,203,0,8
2021-03-19,1,1011010801,食用菌,1,69.141,0.0,69.141,160,160,0,11
2021-03-20,1,1011010101,花叶类,1,267.979,0.0,267.979,530,530,0,20
2021-03-20,1,1011010201,花菜类,1,34.377,0.0,34.377,72,72,0,2
2021-03-20,1,1011010402,水生根茎类,1,39.984,0.0,39.984,56,56,0,3
2021-03-20,1,1011010501,茄类,1,21.477,0.0,21.477,43,43,0,3
2021-03-20,1,1011010504,辣椒类,1,117.89,0.0,117.89,343,343,0,8
2021-03-20,1,1011010801,食用菌,1,77.235,0.0,77.235,186,186,0,12
2021-03-21,1,1011010101,花叶类,1,199.712,0.0,199.712,385,385,0,21
2021-03-21,1,1011010201,花菜类,1,51.413,0.0,51.413,103,103,0,2
2021-03-21,1,1011010402,水生根茎类,1,41.705,0.0,41.705,64,64,0,3
2021-03-21,1,1011010501,茄类,1,17.949,0.0,17.949,40,40,0,3
2021-03-21,1,1011010504,辣椒类,1,112.176,0.0,112.176,310,310,0,9
2021-03-21,1,1011010801,食用菌,1,94.838,0.0,94.838,182,182,0,12
2021-03-22,1,1011010101,花叶类,1,115.022,0.0,115.022,240,240,0,21
2021-03-22,1,1011010201,花菜类,1,30.625,0.0,30.625,66,66,0,2
2021-03-22,1,1011010402,水生根茎类,1,10.113,0.0,10.113,17,17,0,3
2021-03-22,1,1011010501,茄类,1,11.561,0.0,11.561,26,26,0,2
2021-03-22,1,1011010504,辣椒类,1,70.689,0.0,70.689,179,179,0,7
2021-03-22,1,1011010801,食用菌,1,50.802,0.0,50.802,115,115,0,11
2021-03-23,1,1011010101,花叶类,1,134.706,0.0,134.706,254,254,0,19
2021-03-23,1,1011010201,花菜类,1,28.634,0.0,28.634,62,62,0,2
2021-03-23,1,1011010402,水生根茎类,1,13.349,0.0,13.349,23,23,0,3
2021-03-23,1,1011010501,茄类,1,19.312,0.0,19.312,35,35,0,3
2021-03-23,1,1011010504,辣椒类,1,66.931,0.0,66.931,172,172,0,7
2021-03-23,1,1011010801,食用菌,1,48.174,0.0,48.174,102,102,0,13
2021-03-24,1,1011010101,花叶类,1,103.505,0.0,103.505,211,211,0,19
2021-03-24,1,1011010201,花菜类,1,27.331,0.0,27.331,59,59,0,2
2021-03-24,1,1011010402,水生根茎类,1,14.013,0.0,14.013,21,21,0,3
2021-03-24,1,1011010501,茄类,1,15.113,0.0,15.113,29,29,0,2
2021-03-24,1,1011010504,辣椒类,1,42.484,0.0,42.484,121,121,0,7
2021-03-24,1,1011010801,食用菌,1,35.583,0.0,35.583,83,83,0,12
2021-03-25,1,1011010101,花叶类,1,86.632,0.0,86.632,206,206,0,18
2021-03-25,1,1011010201,花菜类,1,25.174,0.0,25.174,59,59,0,2
2021-03-25,1,1011010402,水生根茎类,1,15.827,0.0,15.827,24,24,0,3
2021-03-25,1,1011010501,茄类,1,14.621,0.0,14.621,32,32,0,3
2021-03-25,1,1011010504,辣椒类,1,50.798,0.0,50.798,146,146,0,7
2021-03-25,1,1011010801,食用菌,1,46.89,0.0,46.89,106,106,0,14
2021-03-26,1,1011010101,花叶类,1,167.327,0.0,167.327,343,343,0,16
2021-03-26,1,1011010201,花菜类,1,48.956,0.0,48.956,103,103,0,2
2021-03-26,1,1011010402,水生根茎类,1,40.178,0.0,40.178,52,52,0,3
2021-03-26,1,1011010501,茄类,1,21.313,0.0,21.313,46,46,0,3
2021-03-26,1,1011010504,辣椒类,1,60.937,0.0,60.937,169,169,0,8
2021-03-26,1,1011010801,食用菌,1,83.562,0.0,83.562,159,159,0,14
2021-03-27,1,1011010101,花叶类,1,199.727,0.0,199.727,401,401,0,19
2021-03-27,1,1011010201,花菜类,1,51.805,0.0,51.805,97,97,0,2
2021-03-27,1,1011010402,水生根茎类,1,43.191,0.0,43.191,52,52,0,3
2021-03-27,1,1011010501,茄类,1,26.111,0.0,26.111,52,52,0,3
2021-03-27,1,1011010504,辣椒类,1,78.794,0.0,78.794,236,236,0,9
2021-03-27,1,1011010801,食用菌,1,69.658,0.0,69.658,158,158,0,11
2021-03-28,1,1011010101,花叶类,1,161.164,0.0,161.164,327,327,0,19
2021-03-28,1,1011010201,花菜类,1,50.119,0.0,50.119,97,97,0,2
2021-03-28,1,1011010402,水生根茎类,1,30.71,0.0,30.71,46,46,0,3
2021-03-28,1,1011010501,茄类,1,19.628,0.0,19.628,48,48,0,3
2021-03-28,1,1011010504,辣椒类,1,78.41,0.0,78.41,224,224,0,9
2021-03-28,1,1011010801,食用菌,1,55.673,0.0,55.673,127,127,0,13
2021-03-29,1,1011010101,花叶类,1,111.308,0.0,111.308,230,230,0,19
2021-03-29,1,1011010201,花菜类,1,60.434,0.0,60.434,113,113,0,2
2021-03-29,1,1011010402,水生根茎类,1,15.5,0.0,15.5,25,25,0,3
2021-03-29,1,1011010501,茄类,1,16.139,0.0,16.139,34,34,0,3
2021-03-29,1,1011010504,辣椒类,1,62.154,0.0,62.154,162,162,0,8
2021-03-29,1,1011010801,食用菌,1,47.327,0.0,47.327,107,107,0,11
2021-03-30,1,1011010101,花叶类,1,130.803,0.0,130.803,259,259,0,17
2021-03-30,1,1011010201,花菜类,1,26.924,0.0,26.924,52,52,0,2
2021-03-30,1,1011010402,水生根茎类,1,14.905,0.0,14.905,23,23,0,3
2021-03-30,1,1011010501,茄类,1,21.407,0.0,21.407,48,48,0,3
2021-03-30,1,1011010504,辣椒类,1,59.573,-1.722,57.851,177,176,1,10
2021-03-30,1,1011010801,食用菌,1,32.145,0.0,32.145,84,84,0,10
2021-03-31,1,1011010101,花叶类,1,143.294,0.0,143.294,243,243,0,16
2021-03-31,1,1011010201,花菜类,1,28.74,0.0,28.74,56,56,0,2
2021-03-31,1,1011010402,水生根茎类,1,19.503,0.0,19.503,26,26,0,3
2021-03-31,1,1011010501,茄类,1,21.649,0.0,21.649,46,46,0,4
2021-03-31,1,1011010504,辣椒类,1,59.255,0.0,59.255,173,173,0,9
2021-03-31,1,1011010801,食用菌,1,45.089,0.0,45.089,103,103,0,10
2021-04-01,1,1011010101,花叶类,1,162.291,0.0,162.291,314,314,0,20
2021-04-01,1,1011010201,花菜类,1,39.109,0.0,39.109,76,76,0,2
2021-04-01,1,1011010402,水生根茎类,1,20.743,0.0,20.743,25,25,0,4
2021-04-01,1,1011010501,茄类,1,20.604,0.0,20.604,43,43,0,3
2021-04-01,1,1011010504,辣椒类,1,52.994,0.0,52.994,163,163,0,8
2021-04-01,1,1011010801,食用菌,1,48.978,0.0,48.978,122,122,0,12
2021-04-02,1,1011010101,花叶类,1,179.383,-0.673,178.71,365,364,1,23
2021-04-02,1,1011010201,花菜类,1,69.53,0.0,69.53,136,136,0,2
2021-04-02,1,1011010402,水生根茎类,1,37.764,0.0,37.764,49,49,0,4
2021-04-02,1,1011010501,茄类,1,20.665,0.0,20.665,45,45,0,4
2021-04-02,1,1011010504,辣椒类,1,70.727,0.0,70.727,223,223,0,8
2021-04-02,1,1011010801,食用菌,1,72.574,0.0,72.574,162,162,0,13
2021-04-03,1,1011010101,花叶类,1,212.267,0.0,212.267,427,427,0,23
2021-04-03,1,1011010201,花菜类,1,68.593,0.0,68.593,132,132,0,2
2021-04-03,1,1011010402,水生根茎类,1,38.786,0.0,38.786,50,50,0,3
2021-04-03,1,1011010501,茄类,1,32.71,0.0,32.71,67,67,0,3
2021-04-03,1,1011010504,辣椒类,1,100.323,0.0,100.323,336,336,0,8
2021-04-03,1,1011010801,食用菌,1,75.739,0.0,75.739,182,182,0,11
2021-04-04,1,1011010101,花叶类,1,192.021,0.0,192.021,371,371,0,20
2021-04-04,1,1011010201,花菜类,1,71.456,0.0,71.456,148,148,0,2
2021-04-04,1,1011010402,水生根茎类,1,33.95,0.0,33.95,47,47,0,3
2021-04-04,1,1011010501,茄类,1,22.976,0.0,22.976,49,49,0,4
2021-04-04,1,1011010504,辣椒类,1,88.244,0.0,88.244,281,281,0,7
2021-04-04,1,1011010801,食用菌,1,61.709,0.0,61.709,156,156,0,12
2021-04-05,1,1011010101,花叶类,1,178.469,0.0,178.469,347,347,0,21
2021-04-05,1,1011010201,花菜类,1,76.701,0.0,76.701,159,159,0,2
2021-04-05,1,1011010402,水生根茎类,1,24.241,0.0,24.241,32,32,0,3
2021-04-05,1,1011010501,茄类,1,16.492,0.0,16.492,35,35,0,3
2021-04-05,1,1011010504,辣椒类,1,112.577,0.0,112.577,321,321,0,7
2021-04-05,1,1011010801,食用菌,1,68.049,0.0,68.049,165,165,0,11
2021-04-06,1,1011010101,花叶类,1,55.611,0.0,55.611,102,102,0,19
2021-04-06,1,1011010201,花菜类,1,13.13,0.0,13.13,31,31,0,2
2021-04-06,1,1011010402,水生根茎类,1,3.622,0.0,3.622,7,7,0,2
2021-04-06,1,1011010501,茄类,1,3.138,0.0,3.138,6,6,0,3
2021-04-06,1,1011010504,辣椒类,1,35.075,0.0,35.075,96,96,0,7
2021-04-06,1,1011010801,食用菌,1,11.671,0.0,11.671,35,35,0,8
2021-04-07,1,1011010101,花叶类,1,198.107,0.0,198.107,354,354,0,19
2021-04-07,1,1011010201,花菜类,1,26.939,0.0,26.939,58,58,0,2
2021-04-07,1,1011010402,水生根茎类,1,17.735,0.0,17.735,31,31,0,2
2021-04-07,1,1011010501,茄类,1,16.213,0.0,16.213,38,38,0,3
2021-04-07,1,1011010504,辣椒类,1,62.9,0.0,62.9,197,197,0,8
2021-04-07,1,1011010801,食用菌,1,47.805,0.0,47.805,118,118,0,13
2021-04-08,1,1011010101,花叶类,1,136.899,0.0,136.899,262,262,0,24
2021-04-08,1,1011010201,花菜类,1,22.294,0.0,22.294,51,51,0,2
2021-04-08,1,1011010402,水生根茎类,1,9.582,0.0,9.582,22,22,0,2
2021-04-08,1,1011010501,茄类,1,20.319,0.0,20.319,48,48,0,2
2021-04-08,1,1011010504,辣椒类,1,52.596,0.0,52.596,157,157,0,8
2021-04-08,1,1011010801,食用菌,1,35.491,0.0,35.491,76,76,0,10
2021-04-09,1,1011010101,花叶类,1,145.026,0.0,145.026,282,282,0,22
2021-04-09,1,1011010201,花菜类,1,51.978,0.0,51.978,108,108,0,2
2021-04-09,1,1011010402,水生根茎类,1,29.704,0.0,29.704,38,38,0,3
2021-04-09,1,1011010501,茄类,1,17.451,0.0,17.451,38,38,0,3
2021-04-09,1,1011010504,辣椒类,1,54.274,0.0,54.274,161,161,0,8
2021-04-09,1,1011010801,食用菌,1,31.401,0.0,31.401,81,81,0,8
2021-04-10,1,1011010101,花叶类,1,204.156,-0.226,203.93,368,367,1,19
2021-04-10,1,1011010201,花菜类,1,50.186,0.0,50.186,104,104,0,2
2021-04-10,1,1011010402,水生根茎类,1,22.753,0.0,22.753,36,36,0,3
2021-04-10,1,1011010501,茄类,1,25.525,0.0,25.525,53,53,0,4
2021-04-10,1,1011010504,辣椒类,1,84.84,0.0,84.84,255,255,0,7
2021-04-10,1,1011010801,食用菌,1,60.287,0.0,60.287,147,147,0,9
2021-04-11,1,1011010101,花叶类,1,211.619,0.0,211.619,420,420,0,18
2021-04-11,1,1011010201,花菜类,1,47.112,0.0,47.112,94,94,0,2
2021-04-11,1,1011010402,水生根茎类,1,22.196,0.0,22.196,38,38,0,3
2021-04-11,1,1011010501,茄类,1,24.902,0.0,24.902,54,54,0,3
2021-04-11,1,1011010504,辣椒类,1,94.326,0.0,94.326,292,292,0,8
2021-04-11,1,1011010801,食用菌,1,52.29,0.0,52.29,127,127,0,9
2021-04-12,1,1011010101,花叶类,1,148.371,0.0,148.371,270,270,0,17
2021-04-12,1,1011010201,花菜类,1,32.027,0.0,32.027,66,66,0,2
2021-04-12,1,1011010402,水生根茎类,1,4.178,0.0,4.178,10,10,0,2
2021-04-12,1,1011010501,茄类,1,10.203,0.0,10.203,21,21,0,2
2021-04-12,1,1011010504,辣椒类,1,38.756,0.0,38.756,134,134,0,8
2021-04-12,1,1011010801,食用菌,1,43.328,0.0,43.328,90,90,0,12
2021-04-13,1,1011010101,花叶类,1,127.207,0.0,127.207,253,253,0,17
2021-04-13,1,1011010201,花菜类,1,28.593,0.0,28.593,62,62,0,2
2021-04-13,1,1011010402,水生根茎类,1,5.553,0.0,5.553,12,12,0,2
2021-04-13,1,1011010501,茄类,1,13.4,0.0,13.4,28,28,0,4
2021-04-13,1,1011010504,辣椒类,1,51.48,0.0,51.48,141,141,0,9
2021-04-13,1,1011010801,食用菌,1,40.041,0.0,40.041,84,84,0,10
2021-04-14,1,1011010101,花叶类,1,151.83,0.0,151.83,265,265,0,21
2021-04-14,1,1011010201,花菜类,1,30.12,0.0,30.12,66,66,0,2
2021-04-14,1,1011010402,水生根茎类,1,19.197,0.0,19.197,30,30,0,3
2021-04-14,1,1011010501,茄类,1,18.975,0.0,18.975,44,44,0,3
2021-04-14,1,1011010504,辣椒类,1,47.052,0.0,47.052,145,145,0,8
2021-04-14,1,1011010801,食用菌,1,41.387,0.0,41.387,94,94,0,11
2021-04-15,1,1011010101,花叶类,1,130.081,0.0,130.081,225,225,0,20
2021-04-15,1,1011010201,花菜类,1,27.05,0.0,27.05,58,58,0,2
2021-04-15,1,1011010402,水生根茎类,1,17.098,0.0,17.098,25,25,0,3
2021-04-15,1,1011010501,茄类,1,12.151,0.0,12.151,29,29,0,4
2021-04-15,1,1011010504,辣椒类,1,44.413,0.0,44.413,138,138,0,7
2021-04-15,1,1011010801,食用菌,1,40.15,0.0,40.15,101,101,0,11
2021-04-16,1,1011010101,花叶类,1,130.808,0.0,130.808,240,240,0,20
2021-04-16,1,1011010201,花菜类,1,40.232,0.0,40.232,79,79,0,2
2021-04-16,1,1011010402,水生根茎类,1,19.018,0.0,19.018,28,28,0,3
2021-04-16,1,1011010501,茄类,1,15.371,0.0,15.371,34,34,0,4
2021-04-16,1,1011010504,辣椒类,1,62.197,0.0,62.197,180,180,0,9
2021-04-16,1,1011010801,食用菌,1,47.162,0.0,47.162,102,102,0,11
2021-04-17,1,1011010101,花叶类,1,194.951,0.0,194.951,371,371,0,20
2021-04-17,1,1011010201,花菜类,1,77.636,0.0,77.636,153,153,0,2
2021-04-17,1,1011010402,水生根茎类,1,35.302,0.0,35.302,45,45,0,3
2021-04-17,1,1011010501,茄类,1,20.407,0.0,20.407,41,41,0,4
2021-04-17,1,1011010504,辣椒类,1,72.266,0.0,72.266,232,232,0,8
2021-04-17,1,1011010801,食用菌,1,70.817,0.0,70.817,157,157,0,13
2021-04-18,1,1011010101,花叶类,1,194.451,0.0,194.451,368,368,0,20
2021-04-18,1,1011010201,花菜类,1,48.315,0.0,48.315,98,98,0,2
2021-04-18,1,1011010402,水生根茎类,1,22.237,0.0,22.237,29,29,0,3
2021-04-18,1,1011010501,茄类,1,28.972,0.0,28.972,67,67,0,4
2021-04-18,1,1011010504,辣椒类,1,118.063,0.0,118.063,306,306,0,8
2021-04-18,1,1011010801,食用菌,1,56.607,0.0,56.607,148,148,0,13
2021-04-19,1,1011010101,花叶类,1,134.781,0.0,134.781,257,257,0,20
2021-04-19,1,1011010201,花菜类,1,25.092,0.0,25.092,45,45,0,2
2021-04-19,1,1011010402,水生根茎类,1,12.658,0.0,12.658,20,20,0,3
2021-04-19,1,1011010501,茄类,1,17.311,0.0,17.311,39,39,0,4
2021-04-19,1,1011010504,辣椒类,1,59.015,0.0,59.015,165,165,0,8
2021-04-19,1,1011010801,食用菌,1,36.293,0.0,36.293,103,103,0,11
2021-04-20,1,1011010101,花叶类,1,150.715,0.0,150.715,312,312,0,19
2021-04-20,1,1011010201,花菜类,1,30.338,0.0,30.338,60,60,0,2
2021-04-20,1,1011010402,水生根茎类,1,12.167,0.0,12.167,20,20,0,3
2021-04-20,1,1011010501,茄类,1,16.234,0.0,16.234,30,30,0,4
2021-04-20,1,1011010504,辣椒类,1,64.062,0.0,64.062,203,203,0,8
2021-04-20,1,1011010801,食用菌,1,37.651,0.0,37.651,102,102,0,10
2021-04-21,1,1011010101,花叶类,1,182.939,0.0,182.939,323,323,0,18
2021-04-21,1,1011010201,花菜类,1,49.748,0.0,49.748,95,95,0,2
2021-04-21,1,1011010402,水生根茎类,1,13.078,0.0,13.078,24,24,0,2
2021-04-21,1,1011010501,茄类,1,26.622,0.0,26.622,55,55,0,3
2021-04-21,1,1011010504,辣椒类,1,50.684,0.0,50.684,157,157,0,7
2021-04-21,1,1011010801,食用菌,1,31.173,0.0,31.173,78,78,0,11
2021-04-22,1,1011010101,花叶类,1,150.806,0.0,150.806,289,289,0,18
2021-04-22,1,1011010201,花菜类,1,34.615,0.0,34.615,72,72,0,2
2021-04-22,1,1011010402,水生根茎类,1,11.64,0.0,11.64,19,19,0,2
2021-04-22,1,1011010501,茄类,1,15.227,0.0,15.227,36,36,0,4
2021-04-22,1,1011010504,辣椒类,1,47.905,0.0,47.905,147,147,0,8
2021-04-22,1,1011010801,食用菌,1,40.04,0.0,40.04,81,81,0,12
2021-04-23,1,1011010101,花叶类,1,171.226,0.0,171.226,337,337,0,17
2021-04-23,1,1011010201,花菜类,1,47.035,0.0,47.035,94,94,0,2
2021-04-23,1,1011010402,水生根茎类,1,10.413,0.0,10.413,19,19,0,2
2021-04-23,1,1011010501,茄类,1,27.427,0.0,27.427,56,56,0,4
2021-04-23,1,1011010504,辣椒类,1,53.397,0.0,53.397,145,145,0,9
2021-04-23,1,1011010801,食用菌,1,49.109,0.0,49.109,113,113,0,14
2021-04-24,1,1011010101,花叶类,1,264.803,0.0,264.803,519,519,0,21
2021-04-24,1,1011010201,花菜类,1,107.309,0.0,107.309,164,164,0,2
2021-04-24,1,1011010402,水生根茎类,1,17.178,0.0,17.178,22,22,0,2
2021-04-24,1,1011010501,茄类,1,37.796,0.0,37.796,83,83,0,4
2021-04-24,1,1011010504,辣椒类,1,102.501,0.0,102.501,314,314,0,8
2021-04-24,1,1011010801,食用菌,1,78.6,0.0,78.6,181,181,0,12
2021-04-25,1,1011010101,花叶类,1,221.785,0.0,221.785,387,387,0,20
2021-04-25,1,1011010201,花菜类,1,94.264,0.0,94.264,169,169,0,2
2021-04-25,1,1011010402,水生根茎类,1,11.454,0.0,11.454,17,17,0,2
2021-04-25,1,1011010501,茄类,1,24.708,0.0,24.708,49,49,0,4
2021-04-25,1,1011010504,辣椒类,1,71.047,0.0,71.047,222,222,0,8
2021-04-25,1,1011010801,食用菌,1,37.692,0.0,37.692,89,89,0,9
2021-04-26,1,1011010101,花叶类,1,151.258,0.0,151.258,284,284,0,20
2021-04-26,1,1011010201,花菜类,1,43.118,0.0,43.118,70,70,0,2
2021-04-26,1,1011010402,水生根茎类,1,11.871,0.0,11.871,24,24,0,2
2021-04-26,1,1011010501,茄类,1,12.618,0.0,12.618,28,28,0,4
2021-04-26,1,1011010504,辣椒类,1,60.716,0.0,60.716,197,197,0,8
2021-04-26,1,1011010801,食用菌,1,37.392,0.0,37.392,84,84,0,11
2021-04-27,1,1011010101,花叶类,1,135.216,0.0,135.216,235,235,0,19
2021-04-27,1,1011010201,花菜类,1,26.49,0.0,26.49,55,55,0,2
2021-04-27,1,1011010402,水生根茎类,1,9.127,0.0,9.127,16,16,0,2
2021-04-27,1,1011010501,茄类,1,31.042,0.0,31.042,63,63,0,4
2021-04-27,1,1011010504,辣椒类,1,50.15,0.0,50.15,163,163,0,8
2021-04-27,1,1011010801,食用菌,1,26.08,0.0,26.08,77,77,0,9
2021-04-28,1,1011010101,花叶类,1,125.785,-0.385,125.4,243,242,1,20
2021-04-28,1,1011010201,花菜类,1,29.405,0.0,29.405,59,59,0,2
2021-04-28,1,1011010402,水生根茎类,1,7.359,0.0,7.359,16,16,0,2
2021-04-28,1,1011010501,茄类,1,27.487,0.0,27.487,52,52,0,4
2021-04-28,1,1011010504,辣椒类,1,47.189,0.0,47.189,159,159,0,7
2021-04-28,1,1011010801,食用菌,1,33.609,0.0,33.609,85,85,0,12
2021-04-29,1,1011010101,花叶类,1,134.898,0.0,134.898,274,274,0,20
2021-04-29,1,1011010201,花菜类,1,33.858,0.0,33.858,65,65,0,2
2021-04-29,1,1011010402,水生根茎类,1,8.818,0.0,8.818,19,19,0,2
2021-04-29,1,1011010501,茄类,1,15.705,0.0,15.705,32,32,0,4
2021-04-29,1,1011010504,辣椒类,1,54.543,0.0,54.543,152,152,0,8
2021-04-29,1,1011010801,食用菌,1,32.548,0.0,32.548,87,87,0,11
2021-04-30,1,1011010101,花叶类,1,138.585,0.0,138.585,271,271,0,19
2021-04-30,1,1011010201,花菜类,1,38.125,0.0,38.125,75,75,0,2
2021-04-30,1,1011010402,水生根茎类,1,14.856,0.0,14.856,22,22,0,2
2021-04-30,1,1011010501,茄类,1,26.786,0.0,26.786,49,49,0,4
2021-04-30,1,1011010504,辣椒类,1,52.865,0.0,52.865,154,154,0,8
2021-04-30,1,1011010801,食用菌,1,34.271,0.0,34.271,68,68,0,12
2021-05-01,1,1011010101,花叶类,1,171.826,0.0,171.826,321,321,0,20
2021-05-01,1,1011010201,花菜类,1,57.443,0.0,57.443,106,106,0,2
2021-05-01,1,1011010402,水生根茎类,1,18.075,0.0,18.075,29,29,0,2
2021-05-01,1,1011010501,茄类,1,19.976,0.0,19.976,39,39,0,4
2021-05-01,1,1011010504,辣椒类,1,77.396,0.0,77.396,238,238,0,8
2021-05-01,1,1011010801,食用菌,1,50.81,0.0,50.81,120,120,0,10
2021-05-02,1,1011010101,花叶类,1,198.544,0.0,198.544,378,378,0,19
2021-05-02,1,1011010201,花菜类,1,36.466,0.0,36.466,70,70,0,2
2021-05-02,1,1011010402,水生根茎类,1,17.439,0.0,17.439,25,25,0,2
2021-05-02,1,1011010501,茄类,1,22.784,0.0,22.784,48,48,0,4
2021-05-02,1,1011010504,辣椒类,1,80.42,0.0,80.42,261,261,0,8
2021-05-02,1,1011010801,食用菌,1,47.435,0.0,47.435,111,111,0,9
2021-05-03,1,1011010101,花叶类,1,226.265,0.0,226.265,424,424,0,19
2021-05-03,1,1011010201,花菜类,1,37.613,0.0,37.613,80,80,0,2
2021-05-03,1,1011010402,水生根茎类,1,18.743,0.0,18.743,28,28,0,2
2021-05-03,1,1011010501,茄类,1,25.175,0.0,25.175,52,52,0,4
2021-05-03,1,1011010504,辣椒类,1,83.419,0.0,83.419,248,248,0,9
2021-05-03,1,1011010801,食用菌,1,54.995,0.0,54.995,118,118,0,7
2021-05-04,1,1011010101,花叶类,1,200.985,0.0,200.985,404,404,0,19
2021-05-04,1,1011010201,花菜类,1,37.838,0.0,37.838,84,84,0,2
2021-05-04,1,1011010402,水生根茎类,1,8.799,0.0,8.799,15,15,0,2
2021-05-04,1,1011010501,茄类,1,18.032,0.0,18.032,38,38,0,4
2021-05-04,1,1011010504,辣椒类,1,43.846,0.0,43.846,155,155,0,8
2021-05-04,1,1011010801,食用菌,1,42.643,0.0,42.643,109,109,0,8
2021-05-05,1,1011010101,花叶类,1,203.532,0.0,203.532,410,410,0,20
2021-05-05,1,1011010201,花菜类,1,34.156,0.0,34.156,87,87,0,2
2021-05-05,1,1011010402,水生根茎类,1,15.352,0.0,15.352,27,27,0,2
2021-05-05,1,1011010501,茄类,1,17.339,0.0,17.339,37,37,0,4
2021-05-05,1,1011010504,辣椒类,1,72.08,0.0,72.08,228,228,0,8
2021-05-05,1,1011010801,食用菌,1,60.989,0.0,60.989,161,161,0,10
2021-05-06,1,1011010101,花叶类,1,151.84,0.0,151.84,325,325,0,20
2021-05-06,1,1011010201,花菜类,1,21.199,0.0,21.199,52,52,0,2
2021-05-06,1,1011010402,水生根茎类,1,5.992,0.0,5.992,12,12,0,2
2021-05-06,1,1011010501,茄类,1,22.682,0.0,22.682,49,49,0,4
2021-05-06,1,1011010504,辣椒类,1,73.006,0.0,73.006,236,236,0,8
2021-05-06,1,1011010801,食用菌,1,30.192,0.0,30.192,91,91,0,8
2021-05-07,1,1011010101,花叶类,1,147.508,0.0,147.508,300,300,0,20
2021-05-07,1,1011010201,花菜类,1,26.046,0.0,26.046,58,58,0,2
2021-05-07,1,1011010402,水生根茎类,1,6.436,0.0,6.436,15,15,0,2
2021-05-07,1,1011010501,茄类,1,20.724,0.0,20.724,43,43,0,4
2021-05-07,1,1011010504,辣椒类,1,73.962,0.0,73.962,213,213,0,8
2021-05-07,1,1011010801,食用菌,1,33.543,0.0,33.543,82,82,0,10
2021-05-08,1,1011010101,花叶类,1,160.786,0.0,160.786,326,326,0,19
2021-05-08,1,1011010201,花菜类,1,28.122,0.0,28.122,61,61,0,2
2021-05-08,1,1011010402,水生根茎类,1,11.457,0.0,11.457,25,25,0,2
2021-05-08,1,1011010501,茄类,1,22.625,0.0,22.625,48,48,0,4
2021-05-08,1,1011010504,辣椒类,1,69.529,0.0,69.529,230,230,0,9
2021-05-08,1,1011010801,食用菌,1,33.331,0.0,33.331,92,92,0,9
2021-05-09,1,1011010101,花叶类,1,216.668,0.0,216.668,446,446,0,20
2021-05-09,1,1011010201,花菜类,1,37.443,0.0,37.443,77,77,0,2
2021-05-09,1,1011010402,水生根茎类,1,21.145,0.0,21.145,31,31,0,3
2021-05-09,1,1011010501,茄类,1,30.75,0.0,30.75,67,67,0,4
2021-05-09,1,1011010504,辣椒类,1,95.075,0.0,95.075,304,304,0,8
2021-05-09,1,1011010801,食用菌,1,44.849,0.0,44.849,125,125,0,11
2021-05-10,1,1011010101,花叶类,1,157.721,0.0,157.721,323,323,0,17
2021-05-10,1,1011010201,花菜类,1,30.866,0.0,30.866,64,64,0,2
2021-05-10,1,1011010402,水生根茎类,1,8.06,0.0,8.06,13,13,0,3
2021-05-10,1,1011010501,茄类,1,24.956,0.0,24.956,48,48,0,4
2021-05-10,1,1011010504,辣椒类,1,60.825,0.0,60.825,193,193,0,9
2021-05-10,1,1011010801,食用菌,1,26.427,0.0,26.427,73,73,0,8
2021-05-11,1,1011010101,花叶类,1,190.06,0.0,190.06,379,379,0,17
2021-05-11,1,1011010201,花菜类,1,27.768,0.0,27.768,59,59,0,2
2021-05-11,1,1011010402,水生根茎类,1,8.963,0.0,8.963,17,17,0,3
2021-05-11,1,1011010501,茄类,1,26.533,0.0,26.533,55,55,0,4
2021-05-11,1,1011010504,辣椒类,1,46.524,0.0,46.524,126,126,0,8
2021-05-11,1,1011010801,食用菌,1,29.889,0.0,29.889,93,93,0,9
2021-05-12,1,1011010101,花叶类,1,182.519,0.0,182.519,364,364,0,21
2021-05-12,1,1011010201,花菜类,1,19.252,0.0,19.252,45,45,0,2
2021-05-12,1,1011010402,水生根茎类,1,6.081,0.0,6.081,10,10,0,3
2021-05-12,1,1011010501,茄类,1,19.247,0.0,19.247,38,38,0,4
2021-05-12,1,1011010504,辣椒类,1,42.616,0.0,42.616,119,119,0,7
2021-05-12,1,1011010801,食用菌,1,31.02,0.0,31.02,84,84,0,9
2021-05-13,1,1011010101,花叶类,1,157.293,0.0,157.293,314,314,0,18
2021-05-13,1,1011010201,花菜类,1,24.095,0.0,24.095,47,47,0,2
2021-05-13,1,1011010402,水生根茎类,1,14.949,0.0,14.949,28,28,0,3
2021-05-13,1,1011010501,茄类,1,20.687,0.0,20.687,35,35,0,4
2021-05-13,1,1011010504,辣椒类,1,47.949,0.0,47.949,140,140,0,9
2021-05-13,1,1011010801,食用菌,1,29.537,0.0,29.537,86,86,0,9
2021-05-14,1,1011010101,花叶类,1,191.116,0.0,191.116,400,400,0,20
2021-05-14,1,1011010201,花菜类,1,40.997,0.0,40.997,90,90,0,2
2021-05-14,1,1011010402,水生根茎类,1,11.412,0.0,11.412,24,24,0,3
2021-05-14,1,1011010501,茄类,1,32.193,0.0,32.193,56,56,0,4
2021-05-14,1,1011010504,辣椒类,1,51.909,0.0,51.909,132,132,0,9
2021-05-14,1,1011010801,食用菌,1,29.278,0.0,29.278,102,102,0,8
2021-05-15,1,1011010101,花叶类,1,258.278,0.0,258.278,511,511,0,19
2021-05-15,1,1011010201,花菜类,1,37.347,0.0,37.347,78,78,0,2
2021-05-15,1,1011010402,水生根茎类,1,12.399,0.0,12.399,19,19,0,2
2021-05-15,1,1011010501,茄类,1,40.776,0.0,40.776,75,75,0,4
2021-05-15,1,1011010504,辣椒类,1,86.637,0.0,86.637,228,228,0,8
2021-05-15,1,1011010801,食用菌,1,49.932,0.0,49.932,136,136,0,11
2021-05-16,1,1011010101,花叶类,1,212.588,0.0,212.588,415,415,0,16
2021-05-16,1,1011010201,花菜类,1,52.382,0.0,52.382,109,109,0,2
2021-05-16,1,1011010402,水生根茎类,1,6.386,0.0,6.386,18,18,0,2
2021-05-16,1,1011010501,茄类,1,19.009,0.0,19.009,38,38,0,4
2021-05-16,1,1011010504,辣椒类,1,153.409,0.0,153.409,440,440,0,9
2021-05-16,1,1011010801,食用菌,1,51.103,0.0,51.103,133,133,0,10
2021-05-17,1,1011010101,花叶类,1,176.658,0.0,176.658,359,359,0,19
2021-05-17,1,1011010201,花菜类,1,27.587,0.0,27.587,56,56,0,2
2021-05-17,1,1011010402,水生根茎类,1,5.011,0.0,5.011,12,12,0,2
2021-05-17,1,1011010501,茄类,1,29.921,0.0,29.921,64,64,0,4
2021-05-17,1,1011010504,辣椒类,1,76.099,0.0,76.099,194,194,0,9
2021-05-17,1,1011010801,食用菌,1,25.733,0.0,25.733,86,86,0,7
2021-05-18,1,1011010101,花叶类,1,173.271,0.0,173.271,339,339,0,20
2021-05-18,1,1011010201,花菜类,1,31.098,0.0,31.098,53,53,0,2
2021-05-18,1,1011010402,水生根茎类,1,12.309,0.0,12.309,23,23,0,3
2021-05-18,1,1011010501,茄类,1,23.783,0.0,23.783,44,44,0,4
2021-05-18,1,1011010504,辣椒类,1,84.864,0.0,84.864,230,230,0,7
2021-05-18,1,1011010801,食用菌,1,29.45,0.0,29.45,87,87,0,8
2021-05-19,1,1011010101,花叶类,1,140.823,0.0,140.823,257,257,0,17
2021-05-19,1,1011010201,花菜类,1,33.901,0.0,33.901,61,61,0,2
2021-05-19,1,1011010402,水生根茎类,1,12.199,0.0,12.199,28,28,0,2
2021-05-19,1,1011010501,茄类,1,20.578,0.0,20.578,41,41,0,3
2021-05-19,1,1011010504,辣椒类,1,76.853,0.0,76.853,223,223,0,8
2021-05-19,1,1011010801,食用菌,1,28.798,0.0,28.798,89,89,0,10
2021-05-20,1,1011010101,花叶类,1,148.851,0.0,148.851,285,285,0,20
2021-05-20,1,1011010201,花菜类,1,17.189,0.0,17.189,41,41,0,2
2021-05-20,1,1011010402,水生根茎类,1,9.406,-0.431,8.975,30,29,1,2
2021-05-20,1,1011010501,茄类,1,22.177,0.0,22.177,44,44,0,4
2021-05-20,1,1011010504,辣椒类,1,61.568,-0.601,60.967,200,199,1,8
2021-05-20,1,1011010801,食用菌,1,35.447,0.0,35.447,106,106,0,12
2021-05-21,1,1011010101,花叶类,1,106.472,0.0,106.472,212,212,0,17
2021-05-21,1,1011010201,花菜类,1,33.979,0.0,33.979,66,66,0,2
2021-05-21,1,1011010402,水生根茎类,1,4.178,0.0,4.178,8,8,0,2
2021-05-21,1,1011010501,茄类,1,21.886,0.0,21.886,46,46,0,3
2021-05-21,1,1011010504,辣椒类,1,36.494,0.0,36.494,127,127,0,8
2021-05-21,1,1011010801,食用菌,1,43.516,0.0,43.516,125,125,0,12
2021-05-22,1,1011010101,花叶类,1,190.363,0.0,190.363,407,407,0,18
2021-05-22,1,1011010201,花菜类,1,34.962,0.0,34.962,76,76,0,2
2021-05-22,1,1011010402,水生根茎类,1,9.18,0.0,9.18,19,19,0,2
2021-05-22,1,1011010501,茄类,1,25.845,0.0,25.845,53,53,0,4
2021-05-22,1,1011010504,辣椒类,1,98.936,0.0,98.936,312,312,0,9
2021-05-22,1,1011010801,食用菌,1,45.209,0.0,45.209,132,132,0,9
2021-05-23,1,1011010101,花叶类,1,217.259,0.0,217.259,475,475,0,15
2021-05-23,1,1011010201,花菜类,1,64.231,0.0,64.231,133,133,0,2
2021-05-23,1,1011010402,水生根茎类,1,17.229,0.0,17.229,31,31,0,3
2021-05-23,1,1011010501,茄类,1,42.331,0.0,42.331,87,87,0,4
2021-05-23,1,1011010504,辣椒类,1,137.485,0.0,137.485,405,405,0,10
2021-05-23,1,1011010801,食用菌,1,62.384,0.0,62.384,154,154,0,10
2021-05-24,1,1011010101,花叶类,1,148.831,0.0,148.831,339,339,0,17
2021-05-24,1,1011010201,花菜类,1,40.924,0.0,40.924,88,88,0,2
2021-05-24,1,1011010402,水生根茎类,1,4.28,0.0,4.28,9,9,0,2
2021-05-24,1,1011010501,茄类,1,17.043,0.0,17.043,34,34,0,4
2021-05-24,1,1011010504,辣椒类,1,54.772,0.0,54.772,166,166,0,10
2021-05-24,1,1011010801,食用菌,1,29.627,0.0,29.627,95,95,0,10
2021-05-25,1,1011010101,花叶类,1,130.325,0.0,130.325,284,284,0,16
2021-05-25,1,1011010201,花菜类,1,29.554,0.0,29.554,66,66,0,2
2021-05-25,1,1011010402,水生根茎类,1,5.412,0.0,5.412,11,11,0,2
2021-05-25,1,1011010501,茄类,1,17.94,0.0,17.94,36,36,0,4
2021-05-25,1,1011010504,辣椒类,1,57.519,0.0,57.519,189,189,0,9
2021-05-25,1,1011010801,食用菌,1,35.047,0.0,35.047,102,102,0,9
2021-05-26,1,1011010101,花叶类,1,166.467,0.0,166.467,359,359,0,18
2021-05-26,1,1011010201,花菜类,1,46.547,0.0,46.547,106,106,0,2
2021-05-26,1,1011010402,水生根茎类,1,4.008,0.0,4.008,9,9,0,2
2021-05-26,1,1011010501,茄类,1,15.81,0.0,15.81,32,32,0,4
2021-05-26,1,1011010504,辣椒类,1,65.416,0.0,65.416,195,195,0,8
2021-05-26,1,1011010801,食用菌,1,31.969,0.0,31.969,74,74,0,11
2021-05-27,1,1011010101,花叶类,1,145.237,0.0,145.237,280,280,0,19
2021-05-27,1,1011010201,花菜类,1,43.952,0.0,43.952,88,88,0,2
2021-05-27,1,1011010402,水生根茎类,1,8.319,0.0,8.319,17,17,0,2
2021-05-27,1,1011010501,茄类,1,15.645,0.0,15.645,33,33,0,4
2021-05-27,1,1011010504,辣椒类,1,37.078,0.0,37.078,130,130,0,9
2021-05-27,1,1011010801,食用菌,1,19.574,0.0,19.574,43,43,0,9
2021-05-28,1,1011010101,花叶类,1,123.824,0.0,123.824,248,248,0,17
2021-05-28,1,1011010201,花菜类,1,42.189,0.0,42.189,81,81,0,2
2021-05-28,1,1011010402,水生根茎类,1,6.205,0.0,6.205,14,14,0,2
2021-05-28,1,1011010501,茄类,1,16.472,0.0,16.472,35,35,0,4
2021-05-28,1,1011010504,辣椒类,1,67.01,0.0,67.01,203,203,0,9
2021-05-28,1,1011010801,食用菌,1,28.172,0.0,28.172,87,87,0,10
2021-05-29,1,1011010101,花叶类,1,180.875,0.0,180.875,338,338,0,18
2021-05-29,1,1011010201,花菜类,1,52.779,0.0,52.779,106,106,0,2
2021-05-29,1,1011010402,水生根茎类,1,9.57,0.0,9.57,19,19,0,2
2021-05-29,1,1011010501,茄类,1,18.291,0.0,18.291,36,36,0,4
2021-05-29,1,1011010504,辣椒类,1,116.845,0.0,116.845,341,341,0,9
2021-05-29,1,1011010801,食用菌,1,35.882,0.0,35.882,97,97,0,12
2021-05-30,1,1011010101,花叶类,1,196.236,0.0,196.236,400,400,0,17
2021-05-30,1,1011010201,花菜类,1,21.296,0.0,21.296,34,34,0,2
2021-05-30,1,1011010402,水生根茎类,1,4.719,0.0,4.719,12,12,0,2
2021-05-30,1,1011010501,茄类,1,27.038,0.0,27.038,55,55,0,4
2021-05-30,1,1011010504,辣椒类,1,106.615,0.0,106.615,312,312,0,10
2021-05-30,1,1011010801,食用菌,1,33.492,0.0,33.492,112,112,0,7
2021-05-31,1,1011010101,花叶类,1,191.98,0.0,191.98,374,374,0,18
2021-05-31,1,1011010201,花菜类,1,39.165,0.0,39.165,67,67,0,2
2021-05-31,1,1011010402,水生根茎类,1,5.404,0.0,5.404,15,15,0,2
2021-05-31,1,1011010501,茄类,1,25.363,0.0,25.363,45,45,0,4
2021-05-31,1,1011010504,辣椒类,1,60.118,0.0,60.118,159,159,0,9
2021-05-31,1,1011010801,食用菌,1,34.114,0.0,34.114,100,100,0,11
2021-06-01,1,1011010101,花叶类,1,151.091,0.0,151.091,312,312,0,17
2021-06-01,1,1011010201,花菜类,1,41.593,0.0,41.593,84,84,0,2
2021-06-01,1,1011010402,水生根茎类,1,7.217,0.0,7.217,20,20,0,2
2021-06-01,1,1011010501,茄类,1,26.938,0.0,26.938,49,49,0,4
2021-06-01,1,1011010504,辣椒类,1,76.648,0.0,76.648,203,203,0,9
2021-06-01,1,1011010801,食用菌,1,33.668,0.0,33.668,100,100,0,13
2021-06-02,1,1011010101,花叶类,1,178.517,0.0,178.517,381,381,0,19
2021-06-02,1,1011010201,花菜类,1,43.414,0.0,43.414,76,76,0,2
2021-06-02,1,1011010402,水生根茎类,1,8.681,0.0,8.681,22,22,0,2
2021-06-02,1,1011010501,茄类,1,27.706,0.0,27.706,54,54,0,4
2021-06-02,1,1011010504,辣椒类,1,89.386,0.0,89.386,231,231,0,8
2021-06-02,1,1011010801,食用菌,1,43.528,0.0,43.528,120,120,0,13
2021-06-03,1,1011010101,花叶类,1,142.372,0.0,142.372,299,299,0,19
2021-06-03,1,1011010201,花菜类,1,36.284,0.0,36.284,69,69,0,2
2021-06-03,1,1011010402,水生根茎类,1,11.019,0.0,11.019,28,28,0,2
2021-06-03,1,1011010501,茄类,1,11.679,0.0,11.679,23,23,0,4
2021-06-03,1,1011010504,辣椒类,1,75.206,0.0,75.206,201,201,0,8
2021-06-03,1,1011010801,食用菌,1,48.365,0.0,48.365,108,108,0,13
2021-06-04,1,1011010101,花叶类,1,121.093,0.0,121.093,262,262,0,16
2021-06-04,1,1011010201,花菜类,1,31.416,0.0,31.416,69,69,0,2
2021-06-04,1,1011010402,水生根茎类,1,13.461,0.0,13.461,31,31,0,2
2021-06-04,1,1011010501,茄类,1,16.743,0.0,16.743,34,34,0,4
2021-06-04,1,1011010504,辣椒类,1,63.703,0.0,63.703,199,199,0,9
2021-06-04,1,1011010801,食用菌,1,47.048,0.0,47.048,86,86,0,13
2021-06-05,1,1011010101,花叶类,1,204.287,0.0,204.287,444,444,0,18
2021-06-05,1,1011010201,花菜类,1,61.486,0.0,61.486,106,106,0,2
2021-06-05,1,1011010402,水生根茎类,1,19.495,0.0,19.495,43,43,0,2
2021-06-05,1,1011010501,茄类,1,36.367,0.0,36.367,67,67,0,4
2021-06-05,1,1011010504,辣椒类,1,91.95,0.0,91.95,265,265,0,10
2021-06-05,1,1011010801,食用菌,1,42.32,0.0,42.32,93,93,0,12
2021-06-06,1,1011010101,花叶类,1,222.817,0.0,222.817,440,440,0,17
2021-06-06,1,1011010201,花菜类,1,42.143,0.0,42.143,80,80,0,2
2021-06-06,1,1011010402,水生根茎类,1,7.182,0.0,7.182,15,15,0,2
2021-06-06,1,1011010501,茄类,1,30.644,0.0,30.644,59,59,0,4
2021-06-06,1,1011010504,辣椒类,1,88.671,0.0,88.671,273,273,0,9
2021-06-06,1,1011010801,食用菌,1,32.745,0.0,32.745,94,94,0,12
2021-06-07,1,1011010101,花叶类,1,148.539,0.0,148.539,308,308,0,19
2021-06-07,1,1011010201,花菜类,1,24.819,0.0,24.819,44,44,0,2
2021-06-07,1,1011010402,水生根茎类,1,8.757,0.0,8.757,21,21,0,2
2021-06-07,1,1011010501,茄类,1,29.868,0.0,29.868,56,56,0,4
2021-06-07,1,1011010504,辣椒类,1,68.965,0.0,68.965,208,208,0,8
2021-06-07,1,1011010801,食用菌,1,27.872,0.0,27.872,81,81,0,10
2021-06-08,1,1011010101,花叶类,1,144.482,0.0,144.482,295,295,0,20
2021-06-08,1,1011010201,花菜类,1,25.106,0.0,25.106,43,43,0,2
2021-06-08,1,1011010402,水生根茎类,1,7.394,0.0,7.394,19,19,0,2
2021-06-08,1,1011010501,茄类,1,24.611,0.0,24.611,48,48,0,4
2021-06-08,1,1011010504,辣椒类,1,56.101,0.0,56.101,181,181,0,9
2021-06-08,1,1011010801,食用菌,1,28.108,0.0,28.108,92,92,0,8
2021-06-09,1,1011010101,花叶类,1,126.359,0.0,126.359,272,272,0,21
2021-06-09,1,1011010201,花菜类,1,26.845,0.0,26.845,46,46,0,2
2021-06-09,1,1011010402,水生根茎类,1,7.943,0.0,7.943,20,20,0,3
2021-06-09,1,1011010501,茄类,1,19.353,0.0,19.353,37,37,0,4
2021-06-09,1,1011010504,辣椒类,1,52.093,0.0,52.093,167,167,0,9
2021-06-09,1,1011010801,食用菌,1,31.399,0.0,31.399,96,96,0,12
2021-06-10,1,1011010101,花叶类,1,122.004,0.0,122.004,267,267,0,21
2021-06-10,1,1011010201,花菜类,1,13.847,0.0,13.847,26,26,0,2
2021-06-10,1,1011010402,水生根茎类,1,10.34,0.0,10.34,30,30,0,3
2021-06-10,1,1011010501,茄类,1,24.961,0.0,24.961,47,47,0,4
2021-06-10,1,1011010504,辣椒类,1,57.091,0.0,57.091,166,166,0,9
2021-06-10,1,1011010801,食用菌,1,29.393,0.0,29.393,91,91,0,9
2021-06-11,1,1011010101,花叶类,1,129.982,0.0,129.982,277,277,0,20
2021-06-11,1,1011010201,花菜类,1,21.048,0.0,21.048,32,32,0,2
2021-06-11,1,1011010402,水生根茎类,1,6.744,0.0,6.744,21,21,0,3
2021-06-11,1,1011010501,茄类,1,16.567,0.0,16.567,30,30,0,4
2021-06-11,1,1011010504,辣椒类,1,74.873,0.0,74.873,203,203,0,10
2021-06-11,1,1011010801,食用菌,1,25.579,0.0,25.579,102,102,0,12
2021-06-12,1,1011010101,花叶类,1,210.267,0.0,210.267,451,451,0,20
2021-06-12,1,1011010201,花菜类,1,52.462,0.0,52.462,101,101,0,2
2021-06-12,1,1011010402,水生根茎类,1,22.347,0.0,22.347,48,48,0,3
2021-06-12,1,1011010501,茄类,1,48.073,0.0,48.073,95,95,0,5
2021-06-12,1,1011010504,辣椒类,1,77.636,0.0,77.636,265,265,0,9
2021-06-12,1,1011010801,食用菌,1,62.009,-1.0,61.009,189,188,1,12
2021-06-13,1,1011010101,花叶类,1,211.28,0.0,211.28,440,440,0,19
2021-06-13,1,1011010201,花菜类,1,62.324,0.0,62.324,122,122,0,2
2021-06-13,1,1011010402,水生根茎类,1,11.431,0.0,11.431,29,29,0,3
2021-06-13,1,1011010501,茄类,1,40.009,0.0,40.009,70,70,0,5
2021-06-13,1,1011010504,辣椒类,1,88.876,0.0,88.876,294,294,0,10
2021-06-13,1,1011010801,食用菌,1,74.602,0.0,74.602,224,224,0,8
2021-06-14,1,1011010101,花叶类,1,170.272,-0.414,169.858,369,368,1,14
2021-06-14,1,1011010201,花菜类,1,73.037,0.0,73.037,138,138,0,2
2021-06-14,1,1011010402,水生根茎类,1,14.049,0.0,14.049,36,36,0,3
2021-06-14,1,1011010501,茄类,1,37.545,0.0,37.545,72,72,0,5
2021-06-14,1,1011010504,辣椒类,1,69.697,-0.625,69.072,240,238,2,8
2021-06-14,1,1011010801,食用菌,1,56.049,0.0,56.049,176,176,0,12
2021-06-15,1,1011010101,花叶类,1,127.719,0.0,127.719,270,270,0,17
2021-06-15,1,1011010201,花菜类,1,45.326,0.0,45.326,90,90,0,2
2021-06-15,1,1011010402,水生根茎类,1,9.998,0.0,9.998,31,31,0,3
2021-06-15,1,1011010501,茄类,1,20.698,0.0,20.698,38,38,0,4
2021-06-15,1,1011010504,辣椒类,1,61.187,-1.0,60.187,195,194,1,9
2021-06-15,1,1011010801,食用菌,1,31.346,0.0,31.346,90,90,0,13
2021-06-16,1,1011010101,花叶类,1,104.991,0.0,104.991,236,236,0,15
2021-06-16,1,1011010201,花菜类,1,12.99,0.0,12.99,24,24,0,2
2021-06-16,1,1011010402,水生根茎类,1,5.187,0.0,5.187,19,19,0,3
2021-06-16,1,1011010501,茄类,1,19.793,0.0,19.793,39,39,0,4
2021-06-16,1,1011010504,辣椒类,1,46.695,0.0,46.695,165,165,0,9
2021-06-16,1,1011010801,食用菌,1,29.826,0.0,29.826,79,79,0,10
2021-06-17,1,1011010101,花叶类,1,113.507,0.0,113.507,258,258,0,16
2021-06-17,1,1011010201,花菜类,1,48.477,0.0,48.477,92,92,0,2
2021-06-17,1,1011010402,水生根茎类,1,9.409,0.0,9.409,26,26,0,3
2021-06-17,1,1011010501,茄类,1,28.237,0.0,28.237,55,55,0,3
2021-06-17,1,1011010504,辣椒类,1,45.845,0.0,45.845,166,166,0,8
2021-06-17,1,1011010801,食用菌,1,22.835,0.0,22.835,74,74,0,9
2021-06-18,1,1011010101,花叶类,1,150.875,0.0,150.875,308,308,0,14
2021-06-18,1,1011010201,花菜类,1,34.971,0.0,34.971,65,65,0,2
2021-06-18,1,1011010402,水生根茎类,1,7.902,0.0,7.902,24,24,0,3
2021-06-18,1,1011010501,茄类,1,27.339,0.0,27.339,50,50,0,3
2021-06-18,1,1011010504,辣椒类,1,46.754,0.0,46.754,151,151,0,8
2021-06-18,1,1011010801,食用菌,1,29.867,0.0,29.867,89,89,0,11
2021-06-19,1,1011010101,花叶类,1,203.369,0.0,203.369,450,450,0,16
2021-06-19,1,1011010201,花菜类,1,44.511,0.0,44.511,76,76,0,2
2021-06-19,1,1011010402,水生根茎类,1,10.313,0.0,10.313,33,33,0,3
2021-06-19,1,1011010501,茄类,1,30.488,0.0,30.488,61,61,0,3
2021-06-19,1,1011010504,辣椒类,1,87.633,0.0,87.633,272,272,0,10
2021-06-19,1,1011010801,食用菌,1,39.484,0.0,39.484,113,113,0,12
2021-06-20,1,1011010101,花叶类,1,202.307,0.0,202.307,425,425,0,16
2021-06-20,1,1011010201,花菜类,1,43.614,0.0,43.614,65,65,0,2
2021-06-20,1,1011010402,水生根茎类,1,10.001,0.0,10.001,36,36,0,3
2021-06-20,1,1011010501,茄类,1,61.881,0.0,61.881,123,123,0,3
2021-06-20,1,1011010504,辣椒类,1,85.134,-1.0,84.134,250,249,1,10
2021-06-20,1,1011010801,食用菌,1,38.578,0.0,38.578,130,130,0,11
2021-06-21,1,1011010101,花叶类,1,150.07,0.0,150.07,309,309,0,15
2021-06-21,1,1011010201,花菜类,1,54.07,0.0,54.07,112,112,0,2
2021-06-21,1,1011010402,水生根茎类,1,9.9,0.0,9.9,29,29,0,3
2021-06-21,1,1011010501,茄类,1,18.566,0.0,18.566,37,37,0,3
2021-06-21,1,1011010504,辣椒类,1,58.693,0.0,58.693,173,173,0,9
2021-06-21,1,1011010801,食用菌,1,24.224,0.0,24.224,85,85,0,7
2021-06-22,1,1011010101,花叶类,1,126.439,-0.288,126.151,267,266,1,16
2021-06-22,1,1011010201,花菜类,1,26.162,0.0,26.162,50,50,0,2
2021-06-22,1,1011010402,水生根茎类,1,13.91,0.0,13.91,37,37,0,3
2021-06-22,1,1011010501,茄类,1,30.92,-0.606,30.314,55,54,1,3
2021-06-22,1,1011010504,辣椒类,1,56.135,0.0,56.135,192,192,0,9
2021-06-22,1,1011010801,食用菌,1,29.299,0.0,29.299,83,83,0,10
2021-06-23,1,1011010101,花叶类,1,123.214,0.0,123.214,259,259,0,18
2021-06-23,1,1011010201,花菜类,1,57.723,0.0,57.723,116,116,0,2
2021-06-23,1,1011010402,水生根茎类,1,10.931,0.0,10.931,33,33,0,3
2021-06-23,1,1011010501,茄类,1,24.859,0.0,24.859,46,46,0,3
2021-06-23,1,1011010504,辣椒类,1,53.901,0.0,53.901,168,168,0,9
2021-06-23,1,1011010801,食用菌,1,32.793,0.0,32.793,110,110,0,12
2021-06-24,1,1011010101,花叶类,1,127.946,0.0,127.946,298,298,0,19
2021-06-24,1,1011010201,花菜类,1,34.885,0.0,34.885,65,65,0,2
2021-06-24,1,1011010402,水生根茎类,1,6.119,0.0,6.119,17,17,0,3
2021-06-24,1,1011010501,茄类,1,19.543,0.0,19.543,36,36,0,2
2021-06-24,1,1011010504,辣椒类,1,41.586,0.0,41.586,159,159,0,9
2021-06-24,1,1011010801,食用菌,1,31.747,0.0,31.747,99,99,0,13
2021-06-25,1,1011010101,花叶类,1,146.582,0.0,146.582,308,308,0,17
2021-06-25,1,1011010201,花菜类,1,40.437,0.0,40.437,77,77,0,2
2021-06-25,1,1011010402,水生根茎类,1,10.916,0.0,10.916,31,31,0,3
2021-06-25,1,1011010501,茄类,1,12.896,0.0,12.896,24,24,0,3
2021-06-25,1,1011010504,辣椒类,1,35.531,0.0,35.531,129,129,0,8
2021-06-25,1,1011010801,食用菌,1,32.537,0.0,32.537,100,100,0,8
2021-06-26,1,1011010101,花叶类,1,197.69,0.0,197.69,430,430,0,15
2021-06-26,1,1011010201,花菜类,1,71.821,0.0,71.821,149,149,0,2
2021-06-26,1,1011010402,水生根茎类,1,20.953,0.0,20.953,56,56,0,3
2021-06-26,1,1011010501,茄类,1,35.449,0.0,35.449,64,64,0,3
2021-06-26,1,1011010504,辣椒类,1,82.439,0.0,82.439,272,272,0,10
2021-06-26,1,1011010801,食用菌,1,47.402,0.0,47.402,157,157,0,10
2021-06-27,1,1011010101,花叶类,1,213.547,0.0,213.547,456,456,0,16
2021-06-27,1,1011010201,花菜类,1,56.542,0.0,56.542,113,113,0,2
2021-06-27,1,1011010402,水生根茎类,1,19.982,0.0,19.982,55,55,0,3
2021-06-27,1,1011010501,茄类,1,31.776,0.0,31.776,65,65,0,3
2021-06-27,1,1011010504,辣椒类,1,79.121,0.0,79.121,259,259,0,10
2021-06-27,1,1011010801,食用菌,1,49.14,0.0,49.14,171,171,0,12
2021-06-28,1,1011010101,花叶类,1,125.782,0.0,125.782,279,279,0,17
2021-06-28,1,1011010201,花菜类,1,35.784,0.0,35.784,79,79,0,2
2021-06-28,1,1011010402,水生根茎类,1,9.933,0.0,9.933,26,26,0,3
2021-06-28,1,1011010501,茄类,1,21.088,0.0,21.088,40,40,0,3
2021-06-28,1,1011010504,辣椒类,1,45.81,0.0,45.81,154,154,0,10
2021-06-28,1,1011010801,食用菌,1,33.153,0.0,33.153,113,113,0,12
2021-06-29,1,1011010101,花叶类,1,110.196,0.0,110.196,244,244,0,18
2021-06-29,1,1011010201,花菜类,1,34.383,0.0,34.383,73,73,0,2
2021-06-29,1,1011010402,水生根茎类,1,9.52,0.0,9.52,28,28,0,3
2021-06-29,1,1011010501,茄类,1,19.721,0.0,19.721,44,44,0,3
2021-06-29,1,1011010504,辣椒类,1,40.321,0.0,40.321,146,146,0,10
2021-06-29,1,1011010801,食用菌,1,26.399,0.0,26.399,87,87,0,10
2021-06-30,1,1011010101,花叶类,1,125.415,0.0,125.415,282,282,0,15
2021-06-30,1,1011010201,花菜类,1,27.052,0.0,27.052,55,55,0,2
2021-06-30,1,1011010402,水生根茎类,1,7.464,0.0,7.464,20,20,0,3
2021-06-30,1,1011010501,茄类,1,27.425,0.0,27.425,49,49,0,3
2021-06-30,1,1011010504,辣椒类,1,39.114,0.0,39.114,143,143,0,9
2021-06-30,1,1011010801,食用菌,1,41.537,0.0,41.537,118,118,0,13
2021-07-01,1,1011010101,花叶类,1,148.597,0.0,148.597,334,334,0,18
2021-07-01,1,1011010201,花菜类,1,33.72,0.0,33.72,64,64,0,2
2021-07-01,1,1011010402,水生根茎类,1,8.512,0.0,8.512,25,25,0,3
2021-07-01,1,1011010501,茄类,1,26.278,0.0,26.278,46,46,0,3
2021-07-01,1,1011010504,辣椒类,1,54.567,0.0,54.567,192,192,0,10
2021-07-01,1,1011010801,食用菌,1,32.65,0.0,32.65,98,98,0,11
2021-07-02,1,1011010101,花叶类,1,133.586,0.0,133.586,297,297,0,17
2021-07-02,1,1011010201,花菜类,1,24.972,0.0,24.972,56,56,0,2
2021-07-02,1,1011010402,水生根茎类,1,10.79,0.0,10.79,22,22,0,3
2021-07-02,1,1011010501,茄类,1,28.565,0.0,28.565,54,54,0,4
2021-07-02,1,1011010504,辣椒类,1,51.785,0.0,51.785,179,179,0,10
2021-07-02,1,1011010801,食用菌,1,34.247,0.0,34.247,89,89,0,11
2021-07-03,1,1011010101,花叶类,1,197.925,0.0,197.925,432,432,0,19
2021-07-03,1,1011010201,花菜类,1,48.497,0.0,48.497,94,94,0,2
2021-07-03,1,1011010402,水生根茎类,1,29.657,0.0,29.657,58,58,0,4
2021-07-03,1,1011010501,茄类,1,47.285,0.0,47.285,78,78,0,3
2021-07-03,1,1011010504,辣椒类,1,73.552,0.0,73.552,273,273,0,11
2021-07-03,1,1011010801,食用菌,1,66.849,0.0,66.849,207,207,0,13
2021-07-04,1,1011010101,花叶类,1,197.322,0.0,197.322,414,414,0,19
2021-07-04,1,1011010201,花菜类,1,45.679,0.0,45.679,86,86,0,2
2021-07-04,1,1011010402,水生根茎类,1,24.214,0.0,24.214,51,51,0,4
2021-07-04,1,1011010501,茄类,1,39.241,0.0,39.241,71,71,0,3
2021-07-04,1,1011010504,辣椒类,1,57.583,0.0,57.583,203,203,0,11
2021-07-04,1,1011010801,食用菌,1,44.466,0.0,44.466,129,129,0,14
2021-07-05,1,1011010101,花叶类,1,176.276,0.0,176.276,382,382,0,19
2021-07-05,1,1011010201,花菜类,1,66.355,0.0,66.355,127,127,0,2
2021-07-05,1,1011010402,水生根茎类,1,14.947,0.0,14.947,27,27,0,4
2021-07-05,1,1011010501,茄类,1,49.588,0.0,49.588,87,87,0,4
2021-07-05,1,1011010504,辣椒类,1,53.877,0.0,53.877,204,204,0,10
2021-07-05,1,1011010801,食用菌,1,40.491,0.0,40.491,121,121,0,13
2021-07-06,1,1011010101,花叶类,1,173.864,0.0,173.864,385,385,0,19
2021-07-06,1,1011010201,花菜类,1,44.901,0.0,44.901,100,100,0,2
2021-07-06,1,1011010402,水生根茎类,1,7.861,0.0,7.861,21,21,0,3
2021-07-06,1,1011010501,茄类,1,49.005,0.0,49.005,100,100,0,4
2021-07-06,1,1011010504,辣椒类,1,46.553,0.0,46.553,177,177,0,10
2021-07-06,1,1011010801,食用菌,1,36.365,0.0,36.365,117,117,0,12
2021-07-07,1,1011010101,花叶类,1,149.514,0.0,149.514,317,317,0,19
2021-07-07,1,1011010201,花菜类,1,40.488,0.0,40.488,86,86,0,2
2021-07-07,1,1011010402,水生根茎类,1,8.404,0.0,8.404,22,22,0,3
2021-07-07,1,1011010501,茄类,1,31.752,0.0,31.752,66,66,0,4
2021-07-07,1,1011010504,辣椒类,1,38.244,0.0,38.244,142,142,0,10
2021-07-07,1,1011010801,食用菌,1,26.099,0.0,26.099,95,95,0,9
2021-07-08,1,1011010101,花叶类,1,143.491,0.0,143.491,299,299,0,18
2021-07-08,1,1011010201,花菜类,1,61.361,0.0,61.361,116,116,0,2
2021-07-08,1,1011010402,水生根茎类,1,12.209,0.0,12.209,22,22,0,4
2021-07-08,1,1011010501,茄类,1,33.078,0.0,33.078,63,63,0,4
2021-07-08,1,1011010504,辣椒类,1,44.995,0.0,44.995,172,172,0,11
2021-07-08,1,1011010801,食用菌,1,34.071,0.0,34.071,90,90,0,10
2021-07-09,1,1011010101,花叶类,1,114.966,0.0,114.966,260,260,0,17
2021-07-09,1,1011010201,花菜类,1,28.476,0.0,28.476,68,68,0,2
2021-07-09,1,1011010402,水生根茎类,1,4.507,0.0,4.507,11,11,0,2
2021-07-09,1,1011010501,茄类,1,22.81,0.0,22.81,44,44,0,4
2021-07-09,1,1011010504,辣椒类,1,34.612,0.0,34.612,143,143,0,11
2021-07-09,1,1011010801,食用菌,1,26.496,0.0,26.496,79,79,0,10
2021-07-10,1,1011010101,花叶类,1,176.065,0.0,176.065,370,370,0,19
2021-07-10,1,1011010201,花菜类,1,70.59,0.0,70.59,155,155,0,2
2021-07-10,1,1011010402,水生根茎类,1,14.838,0.0,14.838,31,31,0,3
2021-07-10,1,1011010501,茄类,1,49.929,0.0,49.929,98,98,0,4
2021-07-10,1,1011010504,辣椒类,1,52.771,0.0,52.771,204,204,0,10
2021-07-10,1,1011010801,食用菌,1,41.077,0.0,41.077,117,117,0,12
2021-07-11,1,1011010101,花叶类,1,212.957,0.0,212.957,434,434,0,17
2021-07-11,1,1011010201,花菜类,1,75.634,0.0,75.634,166,166,0,2
2021-07-11,1,1011010402,水生根茎类,1,14.099,0.0,14.099,41,41,0,3
2021-07-11,1,1011010501,茄类,1,40.365,0.0,40.365,80,80,0,3
2021-07-11,1,1011010504,辣椒类,1,39.195,0.0,39.195,152,152,0,10
2021-07-11,1,1011010801,食用菌,1,38.382,0.0,38.382,98,98,0,10
2021-07-12,1,1011010101,花叶类,1,140.305,0.0,140.305,297,297,0,17
2021-07-12,1,1011010201,花菜类,1,24.48,0.0,24.48,59,59,0,2
2021-07-12,1,1011010402,水生根茎类,1,7.559,0.0,7.559,20,20,0,4
2021-07-12,1,1011010501,茄类,1,24.025,0.0,24.025,49,49,0,3
2021-07-12,1,1011010504,辣椒类,1,42.472,0.0,42.472,147,147,0,9
2021-07-12,1,1011010801,食用菌,1,24.08,0.0,24.08,47,47,0,9
2021-07-13,1,1011010101,花叶类,1,149.772,0.0,149.772,306,306,0,15
2021-07-13,1,1011010201,花菜类,1,47.258,0.0,47.258,103,103,0,2
2021-07-13,1,1011010402,水生根茎类,1,7.123,0.0,7.123,18,18,0,4
2021-07-13,1,1011010501,茄类,1,28.125,0.0,28.125,53,53,0,3
2021-07-13,1,1011010504,辣椒类,1,24.629,0.0,24.629,111,111,0,9
2021-07-13,1,1011010801,食用菌,1,18.59,0.0,18.59,56,56,0,8
2021-07-14,1,1011010101,花叶类,1,163.863,0.0,163.863,351,351,0,16
2021-07-14,1,1011010201,花菜类,1,50.127,0.0,50.127,99,99,0,2
2021-07-14,1,1011010402,水生根茎类,1,14.182,0.0,14.182,26,26,0,5
2021-07-14,1,1011010501,茄类,1,20.281,0.0,20.281,40,40,0,4
2021-07-14,1,1011010504,辣椒类,1,51.339,0.0,51.339,165,165,0,9
2021-07-14,1,1011010801,食用菌,1,43.512,0.0,43.512,120,120,0,12
2021-07-15,1,1011010101,花叶类,1,141.75,0.0,141.75,286,286,0,17
2021-07-15,1,1011010201,花菜类,1,27.632,0.0,27.632,58,58,0,2
2021-07-15,1,1011010402,水生根茎类,1,5.78,0.0,5.78,15,15,0,3
2021-07-15,1,1011010501,茄类,1,17.221,0.0,17.221,35,35,0,3
2021-07-15,1,1011010504,辣椒类,1,48.957,0.0,48.957,175,175,0,10
2021-07-15,1,1011010801,食用菌,1,29.008,0.0,29.008,71,71,0,10
2021-07-16,1,1011010101,花叶类,1,236.055,0.0,236.055,502,502,0,16
2021-07-16,1,1011010201,花菜类,1,39.074,0.0,39.074,83,83,0,2
2021-07-16,1,1011010402,水生根茎类,1,23.636,0.0,23.636,43,43,0,5
2021-07-16,1,1011010501,茄类,1,53.38,0.0,53.38,105,105,0,4
2021-07-16,1,1011010504,辣椒类,1,57.948,0.0,57.948,212,212,0,11
2021-07-16,1,1011010801,食用菌,1,47.644,0.0,47.644,115,115,0,11
2021-07-17,1,1011010101,花叶类,1,223.655,0.0,223.655,486,486,0,17
2021-07-17,1,1011010201,花菜类,1,79.353,0.0,79.353,147,147,0,2
2021-07-17,1,1011010402,水生根茎类,1,27.115,0.0,27.115,55,55,0,5
2021-07-17,1,1011010501,茄类,1,29.918,0.0,29.918,56,56,0,5
2021-07-17,1,1011010504,辣椒类,1,60.204,0.0,60.204,242,242,0,12
2021-07-17,1,1011010801,食用菌,1,46.115,0.0,46.115,148,148,0,9
2021-07-18,1,1011010101,花叶类,1,234.028,0.0,234.028,490,490,0,20
2021-07-18,1,1011010201,花菜类,1,60.81,0.0,60.81,110,110,0,2
2021-07-18,1,1011010402,水生根茎类,1,30.138,0.0,30.138,57,57,0,5
2021-07-18,1,1011010501,茄类,1,31.604,0.0,31.604,65,65,0,5
2021-07-18,1,1011010504,辣椒类,1,67.134,0.0,67.134,245,245,0,11
2021-07-18,1,1011010801,食用菌,1,43.166,0.0,43.166,125,125,0,10
2021-07-19,1,1011010101,花叶类,1,174.827,0.0,174.827,371,371,0,18
2021-07-19,1,1011010201,花菜类,1,34.935,0.0,34.935,76,76,0,2
2021-07-19,1,1011010402,水生根茎类,1,15.754,0.0,15.754,34,34,0,4
2021-07-19,1,1011010501,茄类,1,19.986,0.0,19.986,38,38,0,4
2021-07-19,1,1011010504,辣椒类,1,40.146,0.0,40.146,138,138,0,9
2021-07-19,1,1011010801,食用菌,1,40.629,0.0,40.629,95,95,0,9
2021-07-20,1,1011010101,花叶类,1,152.362,0.0,152.362,311,311,0,20
2021-07-20,1,1011010201,花菜类,1,46.461,0.0,46.461,101,101,0,2
2021-07-20,1,1011010402,水生根茎类,1,12.512,0.0,12.512,34,34,0,3
2021-07-20,1,1011010501,茄类,1,19.324,0.0,19.324,36,36,0,5
2021-07-20,1,1011010504,辣椒类,1,40.886,0.0,40.886,155,155,0,11
2021-07-20,1,1011010801,食用菌,1,27.025,0.0,27.025,88,88,0,9
2021-07-21,1,1011010101,花叶类,1,152.653,0.0,152.653,327,327,0,22
2021-07-21,1,1011010201,花菜类,1,52.983,0.0,52.983,103,103,0,2
2021-07-21,1,1011010402,水生根茎类,1,18.057,0.0,18.057,39,39,0,4
2021-07-21,1,1011010501,茄类,1,22.554,0.0,22.554,48,48,0,4
2021-07-21,1,1011010504,辣椒类,1,58.081,0.0,58.081,215,215,0,12
2021-07-21,1,1011010801,食用菌,1,36.182,-0.354,35.828,100,99,1,12
2021-07-22,1,1011010101,花叶类,1,154.625,0.0,154.625,327,327,0,22
2021-07-22,1,1011010201,花菜类,1,34.223,0.0,34.223,68,68,0,2
2021-07-22,1,1011010402,水生根茎类,1,17.843,0.0,17.843,31,31,0,3
2021-07-22,1,1011010501,茄类,1,26.636,0.0,26.636,54,54,0,4
2021-07-22,1,1011010504,辣椒类,1,56.815,0.0,56.815,187,187,0,12
2021-07-22,1,1011010801,食用菌,1,31.031,0.0,31.031,87,87,0,8
2021-07-23,1,1011010101,花叶类,1,150.636,0.0,150.636,328,328,0,20
2021-07-23,1,1011010201,花菜类,1,38.509,0.0,38.509,69,69,0,2
2021-07-23,1,1011010402,水生根茎类,1,13.844,0.0,13.844,36,36,0,3
2021-07-23,1,1011010501,茄类,1,19.1,0.0,19.1,41,41,0,3
2021-07-23,1,1011010504,辣椒类,1,45.06,0.0,45.06,165,165,0,11
2021-07-23,1,1011010801,食用菌,1,28.61,0.0,28.61,102,102,0,9
2021-07-24,1,1011010101,花叶类,1,206.923,0.0,206.923,434,434,0,16
2021-07-24,1,1011010201,花菜类,1,50.974,-0.651,50.323,102,101,1,2
2021-07-24,1,1011010402,水生根茎类,1,32.222,0.0,32.222,69,69,0,3
2021-07-24,1,1011010501,茄类,1,37.029,0.0,37.029,76,76,0,4
2021-07-24,1,1011010504,辣椒类,1,82.893,0.0,82.893,295,295,0,12
2021-07-24,1,1011010801,食用菌,1,35.038,0.0,35.038,110,110,0,12
2021-07-25,1,1011010101,花叶类,1,248.502,0.0,248.502,518,518,0,16
2021-07-25,1,1011010201,花菜类,1,60.229,0.0,60.229,127,127,0,2
2021-07-25,1,1011010402,水生根茎类,1,24.134,0.0,24.134,50,50,0,2
2021-07-25,1,1011010501,茄类,1,29.736,0.0,29.736,65,65,0,4
2021-07-25,1,1011010504,辣椒类,1,72.385,0.0,72.385,250,250,0,10
2021-07-25,1,1011010801,食用菌,1,36.532,0.0,36.532,129,129,0,9
2021-07-26,1,1011010101,花叶类,1,155.365,0.0,155.365,358,358,0,16
2021-07-26,1,1011010201,花菜类,1,25.066,0.0,25.066,52,52,0,2
2021-07-26,1,1011010402,水生根茎类,1,16.444,0.0,16.444,38,38,0,3
2021-07-26,1,1011010501,茄类,1,16.386,0.0,16.386,34,34,0,3
2021-07-26,1,1011010504,辣椒类,1,47.928,0.0,47.928,179,179,0,6
2021-07-26,1,1011010801,食用菌,1,30.861,0.0,30.861,108,108,0,9
2021-07-27,1,1011010101,花叶类,1,189.082,0.0,189.082,383,383,0,17
2021-07-27,1,1011010201,花菜类,1,53.678,0.0,53.678,113,113,0,2
2021-07-27,1,1011010402,水生根茎类,1,33.891,0.0,33.891,73,73,0,3
2021-07-27,1,1011010501,茄类,1,20.927,0.0,20.927,48,48,0,4
2021-07-27,1,1011010504,辣椒类,1,54.649,0.0,54.649,186,186,0,10
2021-07-27,1,1011010801,食用菌,1,29.008,0.0,29.008,96,96,0,9
2021-07-28,1,1011010101,花叶类,1,205.803,0.0,205.803,413,413,0,19
2021-07-28,1,1011010201,花菜类,1,58.303,0.0,58.303,115,115,0,2
2021-07-28,1,1011010402,水生根茎类,1,32.418,0.0,32.418,64,64,0,3
2021-07-28,1,1011010501,茄类,1,15.551,0.0,15.551,31,31,0,4
2021-07-28,1,1011010504,辣椒类,1,63.485,0.0,63.485,200,200,0,11
2021-07-28,1,1011010801,食用菌,1,35.805,0.0,35.805,100,100,0,11
2021-07-29,1,1011010101,花叶类,1,193.613,0.0,193.613,399,399,0,17
2021-07-29,1,1011010201,花菜类,1,31.376,0.0,31.376,60,60,0,2
2021-07-29,1,1011010402,水生根茎类,1,17.107,0.0,17.107,38,38,0,2
2021-07-29,1,1011010501,茄类,1,59.522,0.0,59.522,116,116,0,4
2021-07-29,1,1011010504,辣椒类,1,33.377,0.0,33.377,126,126,0,12
2021-07-29,1,1011010801,食用菌,1,26.28,0.0,26.28,85,85,0,10
2021-07-30,1,1011010101,花叶类,1,214.155,0.0,214.155,412,412,0,20
2021-07-30,1,1011010201,花菜类,1,43.631,0.0,43.631,95,95,0,2
2021-07-30,1,1011010402,水生根茎类,1,20.72,0.0,20.72,46,46,0,3
2021-07-30,1,1011010501,茄类,1,33.845,0.0,33.845,68,68,0,3
2021-07-30,1,1011010504,辣椒类,1,50.321,0.0,50.321,176,176,0,10
2021-07-30,1,1011010801,食用菌,1,28.865,0.0,28.865,93,93,0,10
2021-07-31,1,1011010101,花叶类,1,255.972,0.0,255.972,493,493,0,19
2021-07-31,1,1011010201,花菜类,1,47.859,0.0,47.859,103,103,0,2
2021-07-31,1,1011010402,水生根茎类,1,23.282,0.0,23.282,49,49,0,3
2021-07-31,1,1011010501,茄类,1,24.536,0.0,24.536,47,47,0,4
2021-07-31,1,1011010504,辣椒类,1,57.015,0.0,57.015,215,215,0,11
2021-07-31,1,1011010801,食用菌,1,44.567,0.0,44.567,119,119,0,10
2021-08-01,1,1011010101,花叶类,1,251.271,0.0,251.271,509,509,0,18
2021-08-01,1,1011010201,花菜类,1,66.798,0.0,66.798,150,150,0,1
2021-08-01,1,1011010402,水生根茎类,1,36.228,0.0,36.228,75,75,0,3
2021-08-01,1,1011010501,茄类,1,20.536,0.0,20.536,42,42,0,3
2021-08-01,1,1011010504,辣椒类,1,76.324,0.0,76.324,276,276,0,12
2021-08-01,1,1011010801,食用菌,1,42.984,0.0,42.984,140,140,0,8
2021-08-02,1,1011010101,花叶类,1,283.115,0.0,283.115,549,549,0,16
2021-08-02,1,1011010201,花菜类,1,24.162,0.0,24.162,50,50,0,1
2021-08-02,1,1011010402,水生根茎类,1,22.943,0.0,22.943,40,40,0,2
2021-08-02,1,1011010501,茄类,1,35.577,0.0,35.577,65,65,0,4
2021-08-02,1,1011010504,辣椒类,1,79.129,0.0,79.129,235,235,0,11
2021-08-02,1,1011010801,食用菌,1,57.648,0.0,57.648,144,144,0,11
2021-08-03,1,1011010101,花叶类,1,264.825,0.0,264.825,473,473,0,18
2021-08-03,1,1011010201,花菜类,1,20.641,0.0,20.641,50,50,0,2
2021-08-03,1,1011010402,水生根茎类,1,27.549,0.0,27.549,57,57,0,3
2021-08-03,1,1011010501,茄类,1,48.444,0.0,48.444,95,95,0,4
2021-08-03,1,1011010504,辣椒类,1,55.901,0.0,55.901,208,208,0,10
2021-08-03,1,1011010801,食用菌,1,42.284,0.0,42.284,130,130,0,10
2021-08-04,1,1011010101,花叶类,1,313.269,0.0,313.269,594,594,0,15
2021-08-04,1,1011010201,花菜类,1,14.278,0.0,14.278,19,19,0,2
2021-08-04,1,1011010402,水生根茎类,1,22.617,0.0,22.617,39,39,0,2
2021-08-04,1,1011010501,茄类,1,33.147,0.0,33.147,61,61,0,4
2021-08-04,1,1011010504,辣椒类,1,89.04,0.0,89.04,282,282,0,11
2021-08-04,1,1011010801,食用菌,1,50.028,0.0,50.028,148,148,0,10
2021-08-05,1,1011010101,花叶类,1,245.944,0.0,245.944,511,511,0,16
2021-08-05,1,1011010201,花菜类,1,26.638,0.0,26.638,62,62,0,2
2021-08-05,1,1011010402,水生根茎类,1,15.634,-0.778,14.856,32,31,1,2
2021-08-05,1,1011010501,茄类,1,29.12,0.0,29.12,62,62,0,4
2021-08-05,1,1011010504,辣椒类,1,65.069,0.0,65.069,213,213,0,10
2021-08-05,1,1011010801,食用菌,1,58.355,0.0,58.355,155,155,0,11
2021-08-06,1,1011010101,花叶类,1,189.756,0.0,189.756,405,405,0,17
2021-08-06,1,1011010201,花菜类,1,28.948,0.0,28.948,65,65,0,2
2021-08-06,1,1011010402,水生根茎类,1,22.376,0.0,22.376,41,41,0,3
2021-08-06,1,1011010501,茄类,1,20.331,0.0,20.331,42,42,0,4
2021-08-06,1,1011010504,辣椒类,1,51.048,0.0,51.048,208,208,0,11
2021-08-06,1,1011010801,食用菌,1,51.397,0.0,51.397,151,151,0,11
2021-08-07,1,1011010101,花叶类,1,232.089,0.0,232.089,501,501,0,16
2021-08-07,1,1011010201,花菜类,1,40.416,0.0,40.416,93,93,0,1
2021-08-07,1,1011010402,水生根茎类,1,28.627,0.0,28.627,56,56,0,3
2021-08-07,1,1011010501,茄类,1,23.784,0.0,23.784,50,50,0,4
2021-08-07,1,1011010504,辣椒类,1,69.382,0.0,69.382,250,250,0,9
2021-08-07,1,1011010801,食用菌,1,53.974,0.0,53.974,162,162,0,11
2021-08-08,1,1011010101,花叶类,1,265.775,0.0,265.775,535,535,0,17
2021-08-08,1,1011010201,花菜类,1,50.406,0.0,50.406,114,114,0,1
2021-08-08,1,1011010402,水生根茎类,1,24.273,0.0,24.273,44,44,0,3
2021-08-08,1,1011010501,茄类,1,32.192,0.0,32.192,70,70,0,3
2021-08-08,1,1011010504,辣椒类,1,54.567,0.0,54.567,201,201,0,9
2021-08-08,1,1011010801,食用菌,1,57.351,0.0,57.351,157,157,0,10
2021-08-09,1,1011010101,花叶类,1,234.344,0.0,234.344,444,444,0,17
2021-08-09,1,1011010201,花菜类,1,56.607,0.0,56.607,142,142,0,1
2021-08-09,1,1011010402,水生根茎类,1,19.711,0.0,19.711,38,38,0,2
2021-08-09,1,1011010501,茄类,1,31.015,0.0,31.015,64,64,0,4
2021-08-09,1,1011010504,辣椒类,1,61.457,0.0,61.457,219,219,0,10
2021-08-09,1,1011010801,食用菌,1,41.987,0.0,41.987,134,134,0,11
2021-08-10,1,1011010101,花叶类,1,193.189,0.0,193.189,421,421,0,17
2021-08-10,1,1011010201,花菜类,1,11.233,0.0,11.233,27,27,0,2
2021-08-10,1,1011010402,水生根茎类,1,24.532,0.0,24.532,52,52,0,3
2021-08-10,1,1011010501,茄类,1,22.361,0.0,22.361,48,48,0,4
2021-08-10,1,1011010504,辣椒类,1,66.971,0.0,66.971,223,223,0,8
2021-08-10,1,1011010801,食用菌,1,39.23,0.0,39.23,114,114,0,10
2021-08-11,1,1011010101,花叶类,1,225.45,0.0,225.45,434,434,0,16
2021-08-11,1,1011010201,花菜类,1,1.054,0.0,1.054,1,1,0,1
2021-08-11,1,1011010402,水生根茎类,1,20.738,0.0,20.738,41,41,0,2
2021-08-11,1,1011010501,茄类,1,25.757,0.0,25.757,49,49,0,4
2021-08-11,1,1011010504,辣椒类,1,61.666,0.0,61.666,188,188,0,9
2021-08-11,1,1011010801,食用菌,1,44.244,0.0,44.244,121,121,0,11
2021-08-12,1,1011010101,花叶类,1,275.876,0.0,275.876,514,514,0,17
2021-08-12,1,1011010201,花菜类,1,12.87,0.0,12.87,20,20,0,2
2021-08-12,1,1011010402,水生根茎类,1,28.536,0.0,28.536,51,51,0,2
2021-08-12,1,1011010501,茄类,1,37.175,0.0,37.175,75,75,0,4
2021-08-12,1,1011010504,辣椒类,1,83.793,0.0,83.793,253,253,0,11
2021-08-12,1,1011010801,食用菌,1,52.714,-0.503,52.211,143,142,1,11
2021-08-13,1,1011010101,花叶类,1,274.08,0.0,274.08,541,541,0,17
2021-08-13,1,1011010201,花菜类,1,3.504,0.0,3.504,6,6,0,1
2021-08-13,1,1011010402,水生根茎类,1,37.722,0.0,37.722,67,67,0,1
2021-08-13,1,1011010501,茄类,1,49.079,0.0,49.079,94,94,0,4
2021-08-13,1,1011010504,辣椒类,1,88.147,0.0,88.147,292,292,0,13
2021-08-13,1,1011010801,食用菌,1,57.871,0.0,57.871,153,153,0,11
2021-08-14,1,1011010101,花叶类,1,281.13,0.0,281.13,546,546,0,17
2021-08-14,1,1011010201,花菜类,1,16.528,0.0,16.528,15,15,0,1
2021-08-14,1,1011010402,水生根茎类,1,27.112,0.0,27.112,41,41,0,1
2021-08-14,1,1011010501,茄类,1,35.09,0.0,35.09,70,70,0,4
2021-08-14,1,1011010504,辣椒类,1,96.491,0.0,96.491,339,339,0,10
2021-08-14,1,1011010801,食用菌,1,74.363,0.0,74.363,223,223,0,11
2021-08-15,1,1011010101,花叶类,1,297.827,-0.328,297.499,570,569,1,15
2021-08-15,1,1011010201,花菜类,1,8.103,0.0,8.103,9,9,0,1
2021-08-15,1,1011010402,水生根茎类,1,49.471,0.0,49.471,86,86,0,2
2021-08-15,1,1011010501,茄类,1,31.245,0.0,31.245,66,66,0,4
2021-08-15,1,1011010504,辣椒类,1,78.349,-0.252,78.097,273,272,1,10
2021-08-15,1,1011010801,食用菌,1,61.545,0.0,61.545,154,154,0,11
2021-08-16,1,1011010101,花叶类,1,190.573,0.0,190.573,386,386,0,18
2021-08-16,1,1011010201,花菜类,1,6.045,0.0,6.045,5,5,0,1
2021-08-16,1,1011010402,水生根茎类,1,50.533,0.0,50.533,92,92,0,2
2021-08-16,1,1011010501,茄类,1,24.663,0.0,24.663,46,46,0,3
2021-08-16,1,1011010504,辣椒类,1,52.116,0.0,52.116,197,197,0,9
2021-08-16,1,1011010801,食用菌,1,41.091,0.0,41.091,111,111,0,9
2021-08-17,1,1011010101,花叶类,1,183.216,0.0,183.216,398,398,0,14
2021-08-17,1,1011010201,花菜类,1,9.498,0.0,9.498,10,10,0,1
2021-08-17,1,1011010402,水生根茎类,1,56.145,0.0,56.145,106,106,0,2
2021-08-17,1,1011010501,茄类,1,28.565,0.0,28.565,64,64,0,4
2021-08-17,1,1011010504,辣椒类,1,59.86,0.0,59.86,203,203,0,9
2021-08-17,1,1011010801,食用菌,1,57.879,0.0,57.879,148,148,0,11
2021-08-18,1,1011010101,花叶类,1,185.59,0.0,185.59,384,384,0,17
2021-08-18,1,1011010201,花菜类,1,8.645,0.0,8.645,9,9,0,2
2021-08-18,1,1011010402,水生根茎类,1,54.55,0.0,54.55,99,99,0,2
2021-08-18,1,1011010501,茄类,1,25.035,0.0,25.035,48,48,0,4
2021-08-18,1,1011010504,辣椒类,1,54.41,0.0,54.41,196,196,0,9
2021-08-18,1,1011010801,食用菌,1,38.636,0.0,38.636,105,105,0,9
2021-08-19,1,1011010101,花叶类,1,183.245,0.0,183.245,356,356,0,17
2021-08-19,1,1011010201,花菜类,1,8.906,0.0,8.906,8,8,0,1
2021-08-19,1,1011010402,水生根茎类,1,28.569,0.0,28.569,51,51,0,2
2021-08-19,1,1011010501,茄类,1,31.478,0.0,31.478,58,58,0,4
2021-08-19,1,1011010504,辣椒类,1,50.988,0.0,50.988,175,175,0,9
2021-08-19,1,1011010801,食用菌,1,35.688,0.0,35.688,102,102,0,10
2021-08-20,1,1011010101,花叶类,1,195.116,0.0,195.116,374,374,0,18
2021-08-20,1,1011010201,花菜类,1,47.274,0.0,47.274,85,85,0,2
2021-08-20,1,1011010402,水生根茎类,1,27.29,0.0,27.29,50,50,0,2
2021-08-20,1,1011010501,茄类,1,25.752,0.0,25.752,51,51,0,4
2021-08-20,1,1011010504,辣椒类,1,47.075,0.0,47.075,184,184,0,12
2021-08-20,1,1011010801,食用菌,1,42.358,0.0,42.358,108,108,0,10
2021-08-21,1,1011010101,花叶类,1,241.956,0.0,241.956,499,499,0,17
2021-08-21,1,1011010201,花菜类,1,34.9,0.0,34.9,57,57,0,2
2021-08-21,1,1011010402,水生根茎类,1,37.692,0.0,37.692,69,69,0,2
2021-08-21,1,1011010501,茄类,1,33.887,0.0,33.887,68,68,0,4
2021-08-21,1,1011010504,辣椒类,1,67.629,0.0,67.629,231,231,0,12
2021-08-21,1,1011010801,食用菌,1,70.575,0.0,70.575,228,228,0,10
2021-08-22,1,1011010101,花叶类,1,281.156,0.0,281.156,563,563,0,16
2021-08-22,1,1011010201,花菜类,1,1.546,0.0,1.546,2,2,0,1
2021-08-22,1,1011010402,水生根茎类,1,51.313,0.0,51.313,92,92,0,2
2021-08-22,1,1011010501,茄类,1,21.861,0.0,21.861,50,50,0,4
2021-08-22,1,1011010504,辣椒类,1,94.447,0.0,94.447,301,301,0,12
2021-08-22,1,1011010801,食用菌,1,60.822,0.0,60.822,206,206,0,8
2021-08-23,1,1011010101,花叶类,1,178.374,0.0,178.374,352,352,0,15
2021-08-23,1,1011010201,花菜类,1,4.509,0.0,4.509,4,4,0,1
2021-08-23,1,1011010402,水生根茎类,1,38.788,0.0,38.788,58,58,0,2
2021-08-23,1,1011010501,茄类,1,29.713,0.0,29.713,65,65,0,4
2021-08-23,1,1011010504,辣椒类,1,15.773,0.0,15.773,86,86,0,8
2021-08-23,1,1011010801,食用菌,1,40.53,0.0,40.53,121,121,0,10
2021-08-24,1,1011010101,花叶类,1,168.012,0.0,168.012,335,335,0,17
2021-08-24,1,1011010201,花菜类,1,9.207,0.0,9.207,7,7,0,1
2021-08-24,1,1011010402,水生根茎类,1,31.616,0.0,31.616,57,57,0,2
2021-08-24,1,1011010501,茄类,1,22.695,0.0,22.695,45,45,0,4
2021-08-24,1,1011010504,辣椒类,1,53.891,0.0,53.891,184,184,0,12
2021-08-24,1,1011010801,食用菌,1,43.365,0.0,43.365,119,119,0,10
2021-08-25,1,1011010101,花叶类,1,145.216,0.0,145.216,322,322,0,15
2021-08-25,1,1011010201,花菜类,1,2.219,0.0,2.219,3,3,0,2
2021-08-25,1,1011010402,水生根茎类,1,35.363,0.0,35.363,62,62,0,2
2021-08-25,1,1011010501,茄类,1,27.139,0.0,27.139,52,52,0,4
2021-08-25,1,1011010504,辣椒类,1,53.903,0.0,53.903,175,175,0,10
2021-08-25,1,1011010801,食用菌,1,34.177,0.0,34.177,94,94,0,10
2021-08-26,1,1011010101,花叶类,1,255.505,0.0,255.505,500,500,0,17
2021-08-26,1,1011010201,花菜类,1,5.452,0.0,5.452,6,6,0,2
2021-08-26,1,1011010402,水生根茎类,1,63.126,0.0,63.126,115,115,0,2
2021-08-26,1,1011010501,茄类,1,34.842,0.0,34.842,72,72,0,3
2021-08-26,1,1011010504,辣椒类,1,61.124,0.0,61.124,216,216,0,11
2021-08-26,1,1011010801,食用菌,1,49.747,0.0,49.747,138,138,0,11
2021-08-27,1,1011010101,花叶类,1,259.053,0.0,259.053,500,500,0,16
2021-08-27,1,1011010201,花菜类,1,19.568,0.0,19.568,28,28,0,2
2021-08-27,1,1011010402,水生根茎类,1,56.396,0.0,56.396,90,90,0,2
2021-08-27,1,1011010501,茄类,1,33.381,0.0,33.381,64,64,0,4
2021-08-27,1,1011010504,辣椒类,1,64.045,0.0,64.045,217,217,0,9
2021-08-27,1,1011010801,食用菌,1,61.288,0.0,61.288,158,158,0,11
2021-08-28,1,1011010101,花叶类,1,244.915,0.0,244.915,470,470,0,17
2021-08-28,1,1011010201,花菜类,1,35.502,0.0,35.502,48,48,0,2
2021-08-28,1,1011010402,水生根茎类,1,49.574,0.0,49.574,92,92,0,2
2021-08-28,1,1011010501,茄类,1,34.078,0.0,34.078,67,67,0,4
2021-08-28,1,1011010504,辣椒类,1,75.85,0.0,75.85,279,279,0,11
2021-08-28,1,1011010801,食用菌,1,61.493,0.0,61.493,183,183,0,12
2021-08-29,1,1011010101,花叶类,1,229.082,0.0,229.082,479,479,0,17
2021-08-29,1,1011010201,花菜类,1,56.181,0.0,56.181,84,84,0,2
2021-08-29,1,1011010402,水生根茎类,1,55.375,0.0,55.375,88,88,0,2
2021-08-29,1,1011010501,茄类,1,39.917,0.0,39.917,81,81,0,4
2021-08-29,1,1011010504,辣椒类,1,81.325,0.0,81.325,261,261,0,11
2021-08-29,1,1011010801,食用菌,1,65.999,0.0,65.999,165,165,0,13
2021-08-30,1,1011010101,花叶类,1,178.587,0.0,178.587,376,376,0,17
2021-08-30,1,1011010201,花菜类,1,48.287,0.0,48.287,79,79,0,2
2021-08-30,1,1011010402,水生根茎类,1,40.953,0.0,40.953,65,65,0,2
2021-08-30,1,1011010501,茄类,1,41.208,0.0,41.208,82,82,0,4
2021-08-30,1,1011010504,辣椒类,1,65.327,0.0,65.327,205,205,0,12
2021-08-30,1,1011010801,食用菌,1,47.989,0.0,47.989,127,127,0,11
2021-08-31,1,1011010101,花叶类,1,165.821,0.0,165.821,346,346,0,17
2021-08-31,1,1011010201,花菜类,1,42.879,0.0,42.879,70,70,0,2
2021-08-31,1,1011010402,水生根茎类,1,31.335,0.0,31.335,56,56,0,2
2021-08-31,1,1011010501,茄类,1,39.432,0.0,39.432,78,78,0,4
2021-08-31,1,1011010504,辣椒类,1,66.341,0.0,66.341,222,222,0,12
2021-08-31,1,1011010801,食用菌,1,42.531,0.0,42.531,127,127,0,11
2021-09-01,1,1011010101,花叶类,1,177.642,0.0,177.642,377,377,0,18
2021-09-01,1,1011010201,花菜类,1,8.003,0.0,8.003,9,9,0,1
2021-09-01,1,1011010402,水生根茎类,1,47.449,0.0,47.449,83,83,0,2
2021-09-01,1,1011010501,茄类,1,27.264,0.0,27.264,57,57,0,4
2021-09-01,1,1011010504,辣椒类,1,44.769,0.0,44.769,159,159,0,11
2021-09-01,1,1011010801,食用菌,1,61.883,0.0,61.883,139,139,0,10
2021-09-02,1,1011010101,花叶类,1,161.364,0.0,161.364,332,332,0,18
2021-09-02,1,1011010201,花菜类,1,27.869,0.0,27.869,71,71,0,1
2021-09-02,1,1011010402,水生根茎类,1,45.638,0.0,45.638,74,74,0,2
2021-09-02,1,1011010501,茄类,1,24.511,0.0,24.511,50,50,0,4
2021-09-02,1,1011010504,辣椒类,1,44.128,0.0,44.128,153,153,0,11
2021-09-02,1,1011010801,食用菌,1,40.494,0.0,40.494,107,107,0,11
2021-09-03,1,1011010101,花叶类,1,149.219,0.0,149.219,312,312,0,18
2021-09-03,1,1011010201,花菜类,1,24.967,0.0,24.967,60,60,0,1
2021-09-03,1,1011010402,水生根茎类,1,54.834,0.0,54.834,97,97,0,2
2021-09-03,1,1011010501,茄类,1,20.685,0.0,20.685,42,42,0,4
2021-09-03,1,1011010504,辣椒类,1,42.436,0.0,42.436,163,163,0,13
2021-09-03,1,1011010801,食用菌,1,46.246,0.0,46.246,125,125,0,12
2021-09-04,1,1011010101,花叶类,1,221.353,0.0,221.353,459,459,0,18
2021-09-04,1,1011010201,花菜类,1,32.878,0.0,32.878,77,77,0,1
2021-09-04,1,1011010402,水生根茎类,1,66.409,0.0,66.409,93,93,0,2
2021-09-04,1,1011010501,茄类,1,26.823,0.0,26.823,56,56,0,4
2021-09-04,1,1011010504,辣椒类,1,90.712,0.0,90.712,311,311,0,12
2021-09-04,1,1011010801,食用菌,1,78.639,0.0,78.639,224,224,0,12
2021-09-05,1,1011010101,花叶类,1,238.552,0.0,238.552,457,457,0,18
2021-09-05,1,1011010201,花菜类,1,51.129,0.0,51.129,112,112,0,2
2021-09-05,1,1011010402,水生根茎类,1,58.946,0.0,58.946,90,90,0,2
2021-09-05,1,1011010501,茄类,1,30.823,0.0,30.823,60,60,0,4
2021-09-05,1,1011010504,辣椒类,1,63.285,0.0,63.285,224,224,0,13
2021-09-05,1,1011010801,食用菌,1,74.857,0.0,74.857,218,218,0,10
2021-09-06,1,1011010101,花叶类,1,191.936,0.0,191.936,358,358,0,18
2021-09-06,1,1011010201,花菜类,1,34.751,0.0,34.751,81,81,0,1
2021-09-06,1,1011010402,水生根茎类,1,33.471,0.0,33.471,59,59,0,2
2021-09-06,1,1011010501,茄类,1,20.716,0.0,20.716,41,41,0,4
2021-09-06,1,1011010504,辣椒类,1,42.718,0.0,42.718,153,153,0,13
2021-09-06,1,1011010801,食用菌,1,37.744,0.0,37.744,106,106,0,12
2021-09-07,1,1011010101,花叶类,1,163.316,0.0,163.316,303,303,0,18
2021-09-07,1,1011010201,花菜类,1,23.172,0.0,23.172,52,52,0,1
2021-09-07,1,1011010402,水生根茎类,1,34.142,0.0,34.142,62,62,0,2
2021-09-07,1,1011010501,茄类,1,19.175,0.0,19.175,36,36,0,4
2021-09-07,1,1011010504,辣椒类,1,45.236,0.0,45.236,150,150,0,10
2021-09-07,1,1011010801,食用菌,1,44.438,0.0,44.438,123,123,0,12
2021-09-08,1,1011010101,花叶类,1,161.268,0.0,161.268,324,324,0,17
2021-09-08,1,1011010201,花菜类,1,15.183,0.0,15.183,37,37,0,1
2021-09-08,1,1011010402,水生根茎类,1,38.571,0.0,38.571,62,62,0,2
2021-09-08,1,1011010501,茄类,1,16.32,0.0,16.32,32,32,0,4
2021-09-08,1,1011010504,辣椒类,1,36.083,0.0,36.083,131,131,0,13
2021-09-08,1,1011010801,食用菌,1,42.227,0.0,42.227,107,107,0,12
2021-09-09,1,1011010101,花叶类,1,120.989,0.0,120.989,252,252,0,18
2021-09-09,1,1011010201,花菜类,1,14.255,0.0,14.255,35,35,0,2
2021-09-09,1,1011010402,水生根茎类,1,39.028,0.0,39.028,61,61,0,3
2021-09-09,1,1011010501,茄类,1,12.804,0.0,12.804,23,23,0,4
2021-09-09,1,1011010504,辣椒类,1,39.957,0.0,39.957,138,138,0,11
2021-09-09,1,1011010801,食用菌,1,41.997,-0.565,41.432,110,109,1,11
2021-09-10,1,1011010101,花叶类,1,133.882,0.0,133.882,271,271,0,18
2021-09-10,1,1011010201,花菜类,1,24.651,0.0,24.651,54,54,0,1
2021-09-10,1,1011010402,水生根茎类,1,43.851,0.0,43.851,63,63,0,3
2021-09-10,1,1011010501,茄类,1,13.491,0.0,13.491,29,29,0,4
2021-09-10,1,1011010504,辣椒类,1,36.978,0.0,36.978,139,139,0,12
2021-09-10,1,1011010801,食用菌,1,35.582,0.0,35.582,104,104,0,10
2021-09-11,1,1011010101,花叶类,1,257.43,0.0,257.43,472,472,0,18
2021-09-11,1,1011010201,花菜类,1,18.06,0.0,18.06,17,17,0,2
2021-09-11,1,1011010402,水生根茎类,1,67.532,0.0,67.532,101,101,0,3
2021-09-11,1,1011010501,茄类,1,26.026,0.0,26.026,54,54,0,4
2021-09-11,1,1011010504,辣椒类,1,53.88,0.0,53.88,203,203,0,11
2021-09-11,1,1011010801,食用菌,1,62.394,0.0,62.394,164,164,0,11
2021-09-12,1,1011010101,花叶类,1,275.532,0.0,275.532,575,575,0,18
2021-09-12,1,1011010201,花菜类,1,32.063,0.0,32.063,28,28,0,1
2021-09-12,1,1011010402,水生根茎类,1,57.208,0.0,57.208,87,87,0,3
2021-09-12,1,1011010501,茄类,1,34.906,0.0,34.906,73,73,0,4
2021-09-12,1,1011010504,辣椒类,1,52.389,0.0,52.389,197,197,0,9
2021-09-12,1,1011010801,食用菌,1,57.278,0.0,57.278,152,152,0,11
2021-09-13,1,1011010101,花叶类,1,152.695,0.0,152.695,286,286,0,18
2021-09-13,1,1011010201,花菜类,1,11.356,0.0,11.356,28,28,0,1
2021-09-13,1,1011010402,水生根茎类,1,29.937,0.0,29.937,50,50,0,2
2021-09-13,1,1011010501,茄类,1,26.428,0.0,26.428,59,59,0,4
2021-09-13,1,1011010504,辣椒类,1,46.014,0.0,46.014,156,156,0,7
2021-09-13,1,1011010801,食用菌,1,31.415,0.0,31.415,103,103,0,8
2021-09-14,1,1011010101,花叶类,1,163.291,0.0,163.291,309,309,0,19
2021-09-14,1,1011010201,花菜类,1,10.777,0.0,10.777,25,25,0,1
2021-09-14,1,1011010402,水生根茎类,1,41.431,0.0,41.431,62,62,0,3
2021-09-14,1,1011010501,茄类,1,24.411,0.0,24.411,48,48,0,4
2021-09-14,1,1011010504,辣椒类,1,34.598,0.0,34.598,119,119,0,7
2021-09-14,1,1011010801,食用菌,1,35.185,0.0,35.185,101,101,0,10
2021-09-15,1,1011010101,花叶类,1,150.327,0.0,150.327,311,311,0,20
2021-09-15,1,1011010201,花菜类,1,12.702,0.0,12.702,33,33,0,1
2021-09-15,1,1011010402,水生根茎类,1,32.841,0.0,32.841,48,48,0,3
2021-09-15,1,1011010501,茄类,1,20.887,0.0,20.887,45,45,0,4
2021-09-15,1,1011010504,辣椒类,1,33.653,0.0,33.653,117,117,0,7
2021-09-15,1,1011010801,食用菌,1,35.282,0.0,35.282,97,97,0,10
2021-09-16,1,1011010101,花叶类,1,97.458,0.0,97.458,248,248,0,19
2021-09-16,1,1011010201,花菜类,1,9.283,0.0,9.283,22,22,0,1
2021-09-16,1,1011010402,水生根茎类,1,35.965,0.0,35.965,49,49,0,3
2021-09-16,1,1011010501,茄类,1,28.808,0.0,28.808,57,57,0,3
2021-09-16,1,1011010504,辣椒类,1,33.706,0.0,33.706,129,129,0,8
2021-09-16,1,1011010801,食用菌,1,38.913,0.0,38.913,97,97,0,10
2021-09-17,1,1011010101,花叶类,1,128.348,0.0,128.348,288,288,0,19
2021-09-17,1,1011010201,花菜类,1,13.163,0.0,13.163,34,34,0,1
2021-09-17,1,1011010402,水生根茎类,1,31.276,0.0,31.276,40,40,0,3
2021-09-17,1,1011010501,茄类,1,22.689,0.0,22.689,45,45,0,4
2021-09-17,1,1011010504,辣椒类,1,30.378,0.0,30.378,111,111,0,8
2021-09-17,1,1011010801,食用菌,1,33.651,0.0,33.651,90,90,0,12
2021-09-18,1,1011010101,花叶类,1,134.812,-0.592,134.22,296,295,1,19
2021-09-18,1,1011010201,花菜类,1,35.325,0.0,35.325,78,78,0,1
2021-09-18,1,1011010402,水生根茎类,1,34.827,0.0,34.827,52,52,0,3
2021-09-18,1,1011010501,茄类,1,25.935,0.0,25.935,49,49,0,3
2021-09-18,1,1011010504,辣椒类,1,45.049,-0.413,44.636,156,155,1,8
2021-09-18,1,1011010801,食用菌,1,41.645,0.0,41.645,103,103,0,11
2021-09-19,1,1011010101,花叶类,1,217.32,-1.09,216.23,477,473,4,19
2021-09-19,1,1011010201,花菜类,1,51.647,0.0,51.647,110,110,0,1
2021-09-19,1,1011010402,水生根茎类,1,93.77,0.0,93.77,117,117,0,3
2021-09-19,1,1011010501,茄类,1,46.835,0.0,46.835,88,88,0,4
2021-09-19,1,1011010504,辣椒类,1,75.511,0.0,75.511,258,258,0,11
2021-09-19,1,1011010801,食用菌,1,113.493,-0.576,112.917,299,297,2,11
2021-09-20,1,1011010101,花叶类,1,224.8,-0.614,224.186,473,472,1,20
2021-09-20,1,1011010201,花菜类,1,70.426,-0.884,69.542,137,135,2,2
2021-09-20,1,1011010402,水生根茎类,1,94.882,0.0,94.882,115,115,0,3
2021-09-20,1,1011010501,茄类,1,40.869,0.0,40.869,78,78,0,4
2021-09-20,1,1011010504,辣椒类,1,88.648,-0.391,88.257,310,309,1,11
2021-09-20,1,1011010801,食用菌,1,92.289,-0.222,92.067,262,261,1,11
2021-09-21,1,1011010101,花叶类,1,239.77,-0.265,239.505,519,518,1,19
2021-09-21,1,1011010201,花菜类,1,56.3,0.0,56.3,124,124,0,1
2021-09-21,1,1011010402,水生根茎类,1,94.155,-0.899,93.256,124,123,1,3
2021-09-21,1,1011010501,茄类,1,32.473,-0.389,32.084,70,69,1,4
2021-09-21,1,1011010504,辣椒类,1,100.446,-0.246,100.2,326,325,1,10
2021-09-21,1,1011010801,食用菌,1,81.116,-0.419,80.697,208,207,1,11
2021-09-22,1,1011010101,花叶类,1,138.42,-1.381,137.039,323,320,3,18
2021-09-22,1,1011010201,花菜类,1,39.227,-0.271,38.956,99,98,1,1
2021-09-22,1,1011010402,水生根茎类,1,30.22,-0.402,29.818,52,51,1,3
2021-09-22,1,1011010501,茄类,1,31.009,0.0,31.009,61,61,0,4
2021-09-22,1,1011010504,辣椒类,1,50.963,-0.603,50.36,167,166,1,10
2021-09-22,1,1011010801,食用菌,1,36.948,0.0,36.948,94,94,0,12
2021-09-23,1,1011010101,花叶类,1,107.29,0.0,107.29,236,236,0,18
2021-09-23,1,1011010201,花菜类,1,27.567,-0.331,27.236,69,68,1,1
2021-09-23,1,1011010402,水生根茎类,1,19.216,0.0,19.216,30,30,0,3
2021-09-23,1,1011010501,茄类,1,22.845,0.0,22.845,46,46,0,4
2021-09-23,1,1011010504,辣椒类,1,45.501,-0.311,45.19,153,152,1,10
2021-09-23,1,1011010801,食用菌,1,33.475,-0.167,33.308,88,87,1,11
2021-09-24,1,1011010101,花叶类,1,104.729,-0.354,104.375,246,245,1,18
2021-09-24,1,1011010201,花菜类,1,8.431,0.0,8.431,10,10,0,1
2021-09-24,1,1011010402,水生根茎类,1,32.314,0.0,32.314,52,52,0,3
2021-09-24,1,1011010501,茄类,1,15.31,0.0,15.31,35,35,0,3
2021-09-24,1,1011010504,辣椒类,1,40.147,-0.211,39.936,150,149,1,10
2021-09-24,1,1011010801,食用菌,1,40.365,0.0,40.365,95,95,0,11
2021-09-25,1,1011010101,花叶类,1,186.971,-1.397,185.574,434,431,3,18
2021-09-25,1,1011010201,花菜类,1,48.621,-2.563,46.058,44,42,2,1
2021-09-25,1,1011010402,水生根茎类,1,43.444,0.0,43.444,74,74,0,2
2021-09-25,1,1011010501,茄类,1,36.043,-0.489,35.554,79,78,1,3
2021-09-25,1,1011010504,辣椒类,1,77.276,-0.547,76.729,246,244,2,10
2021-09-25,1,1011010801,食用菌,1,38.452,0.0,38.452,105,105,0,8
2021-09-26,1,1011010101,花叶类,1,150.342,-1.536,148.806,345,342,3,18
2021-09-26,1,1011010201,花菜类,1,2.299,0.0,2.299,2,2,0,1
2021-09-26,1,1011010402,水生根茎类,1,48.868,-0.638,48.23,74,73,1,2
2021-09-26,1,1011010501,茄类,1,28.75,0.0,28.75,65,65,0,4
2021-09-26,1,1011010504,辣椒类,1,46.272,0.0,46.272,160,160,0,9
2021-09-26,1,1011010801,食用菌,1,27.192,0.0,27.192,68,68,0,5
2021-09-27,1,1011010101,花叶类,1,96.875,0.0,96.875,227,227,0,18
2021-09-27,1,1011010201,花菜类,1,4.863,0.0,4.863,4,4,0,1
2021-09-27,1,1011010402,水生根茎类,1,42.395,0.0,42.395,68,68,0,2
2021-09-27,1,1011010501,茄类,1,11.333,0.0,11.333,27,27,0,4
2021-09-27,1,1011010504,辣椒类,1,32.674,0.0,32.674,122,122,0,12
2021-09-27,1,1011010801,食用菌,1,12.762,0.0,12.762,39,39,0,3
2021-09-28,1,1011010101,花叶类,1,104.01,0.0,104.01,237,237,0,17
2021-09-28,1,1011010201,花菜类,1,12.669,0.0,12.669,32,32,0,2
2021-09-28,1,1011010402,水生根茎类,1,33.697,0.0,33.697,57,57,0,2
2021-09-28,1,1011010501,茄类,1,19.696,0.0,19.696,43,43,0,4
2021-09-28,1,1011010504,辣椒类,1,34.777,0.0,34.777,124,124,0,11
2021-09-28,1,1011010801,食用菌,1,21.671,0.0,21.671,52,52,0,4
2021-09-29,1,1011010101,花叶类,1,113.135,0.0,113.135,260,260,0,18
2021-09-29,1,1011010201,花菜类,1,23.336,0.0,23.336,55,55,0,1
2021-09-29,1,1011010402,水生根茎类,1,39.563,0.0,39.563,61,61,0,3
2021-09-29,1,1011010501,茄类,1,14.816,0.0,14.816,34,34,0,4
2021-09-29,1,1011010504,辣椒类,1,50.474,0.0,50.474,178,178,0,11
2021-09-29,1,1011010801,食用菌,1,15.119,0.0,15.119,43,43,0,3
2021-09-30,1,1011010101,花叶类,1,106.123,0.0,106.123,247,247,0,18
2021-09-30,1,1011010201,花菜类,1,34.511,0.0,34.511,75,75,0,1
2021-09-30,1,1011010402,水生根茎类,1,38.451,0.0,38.451,60,60,0,2
2021-09-30,1,1011010501,茄类,1,18.757,0.0,18.757,42,42,0,4
2021-09-30,1,1011010504,辣椒类,1,37.589,0.0,37.589,148,148,0,8
2021-09-30,1,1011010801,食用菌,1,22.234,0.0,22.234,53,53,0,3
2021-10-01,1,1011010101,花叶类,1,205.461,0.0,205.461,466,466,0,17
2021-10-01,1,1011010201,花菜类,1,57.402,-0.582,56.82,124,123,1,1
2021-10-01,1,1011010402,水生根茎类,1,69.809,0.0,69.809,95,95,0,3
2021-10-01,1,1011010501,茄类,1,36.474,0.0,36.474,67,67,0,4
2021-10-01,1,1011010504,辣椒类,1,81.648,-1.637,80.011,258,254,4,9
2021-10-01,1,1011010801,食用菌,1,45.217,-1.579,43.638,143,140,3,2
2021-10-02,1,1011010101,花叶类,1,171.744,-3.119,168.625,374,368,6,17
2021-10-02,1,1011010201,花菜类,1,40.743,-0.351,40.392,92,91,1,1
2021-10-02,1,1011010402,水生根茎类,1,61.246,0.0,61.246,90,90,0,2
2021-10-02,1,1011010501,茄类,1,31.974,-0.273,31.701,67,66,1,4
2021-10-02,1,1011010504,辣椒类,1,67.466,-0.929,66.537,217,215,2,8
2021-10-02,1,1011010801,食用菌,1,38.088,0.0,38.088,101,101,0,3
2021-10-03,1,1011010101,花叶类,1,176.123,-2.029,174.094,384,381,3,18
2021-10-03,1,1011010201,花菜类,1,41.993,-0.321,41.672,103,102,1,1
2021-10-03,1,1011010402,水生根茎类,1,52.697,-1.601,51.096,78,77,1,2
2021-10-03,1,1011010501,茄类,1,27.065,0.0,27.065,59,59,0,4
2021-10-03,1,1011010504,辣椒类,1,37.899,-0.172,37.727,143,140,3,10
2021-10-03,1,1011010801,食用菌,1,43.27,0.0,43.27,97,97,0,3
2021-10-04,1,1011010101,花叶类,1,172.9,-2.018,170.882,372,368,4,17
2021-10-04,1,1011010201,花菜类,1,40.928,-1.015,39.913,109,107,2,1
2021-10-04,1,1011010402,水生根茎类,1,40.08,-0.579,39.501,61,60,1,3
2021-10-04,1,1011010501,茄类,1,20.632,0.0,20.632,50,50,0,4
2021-10-04,1,1011010504,辣椒类,1,70.165,-2.563,67.602,234,228,6,10
2021-10-04,1,1011010801,食用菌,1,38.497,0.0,38.497,98,98,0,3
2021-10-05,1,1011010101,花叶类,1,183.026,-2.137,180.889,393,389,4,16
2021-10-05,1,1011010201,花菜类,1,51.957,-0.823,51.134,133,131,2,1
2021-10-05,1,1011010402,水生根茎类,1,53.813,0.0,53.813,91,91,0,2
2021-10-05,1,1011010501,茄类,1,36.423,-0.789,35.634,74,73,1,4
2021-10-05,1,1011010504,辣椒类,1,74.013,-0.733,73.28,241,239,2,10
2021-10-05,1,1011010801,食用菌,1,33.416,-0.161,33.255,74,73,1,4
2021-10-06,1,1011010101,花叶类,1,265.796,-1.728,264.068,547,545,2,19
2021-10-06,1,1011010201,花菜类,1,42.165,-0.592,41.573,101,100,1,1
2021-10-06,1,1011010402,水生根茎类,1,50.852,-0.503,50.349,83,82,1,2
2021-10-06,1,1011010501,茄类,1,24.095,-0.452,23.643,53,52,1,4
2021-10-06,1,1011010504,辣椒类,1,79.233,-1.136,78.097,248,245,3,9
2021-10-06,1,1011010801,食用菌,1,55.723,0.0,55.723,162,162,0,6
2021-10-07,1,1011010101,花叶类,1,183.783,-0.316,183.467,393,392,1,19
2021-10-07,1,1011010201,花菜类,1,23.278,0.0,23.278,60,60,0,1
2021-10-07,1,1011010402,水生根茎类,1,51.57,0.0,51.57,88,88,0,2
2021-10-07,1,1011010501,茄类,1,20.343,0.0,20.343,47,47,0,4
2021-10-07,1,1011010504,辣椒类,1,62.908,0.0,62.908,181,181,0,9
2021-10-07,1,1011010801,食用菌,1,45.794,0.0,45.794,121,121,0,3
2021-10-08,1,1011010101,花叶类,1,138.652,-0.556,138.096,288,287,1,17
2021-10-08,1,1011010201,花菜类,1,19.823,0.0,19.823,55,55,0,1
2021-10-08,1,1011010402,水生根茎类,1,49.695,0.0,49.695,59,59,0,3
2021-10-08,1,1011010501,茄类,1,23.041,0.0,23.041,51,51,0,4
2021-10-08,1,1011010504,辣椒类,1,65.805,0.0,65.805,186,186,0,8
2021-10-08,1,1011010801,食用菌,1,50.073,-1.011,49.062,144,141,3,3
2021-10-09,1,1011010101,花叶类,1,133.096,-0.352,132.744,296,295,1,19
2021-10-09,1,1011010201,花菜类,1,22.222,0.0,22.222,55,55,0,1
2021-10-09,1,1011010402,水生根茎类,1,41.198,0.0,41.198,65,65,0,3
2021-10-09,1,1011010501,茄类,1,16.792,0.0,16.792,37,37,0,4
2021-10-09,1,1011010504,辣椒类,1,61.377,0.0,61.377,186,186,0,8
2021-10-09,1,1011010801,食用菌,1,33.34,0.0,33.34,85,85,0,3
2021-10-10,1,1011010101,花叶类,1,263.384,-0.822,262.562,562,559,3,17
2021-10-10,1,1011010201,花菜类,1,41.877,-1.548,40.329,105,102,3,1
2021-10-10,1,1011010402,水生根茎类,1,58.704,0.0,58.704,91,91,0,2
2021-10-10,1,1011010501,茄类,1,24.273,0.0,24.273,54,54,0,4
2021-10-10,1,1011010504,辣椒类,1,111.306,-1.465,109.841,310,306,4,9
2021-10-10,1,1011010801,食用菌,1,78.234,-0.613,77.621,186,182,4,5
2021-10-11,1,1011010101,花叶类,1,88.447,0.0,88.447,223,223,0,18
2021-10-11,1,1011010201,花菜类,1,4.407,0.0,4.407,12,12,0,1
2021-10-11,1,1011010402,水生根茎类,1,45.351,0.0,45.351,75,75,0,2
2021-10-11,1,1011010501,茄类,1,14.56,0.0,14.56,28,28,0,4
2021-10-11,1,1011010504,辣椒类,1,64.755,0.0,64.755,172,172,0,7
2021-10-11,1,1011010801,食用菌,1,26.96,0.0,26.96,41,41,0,4
2021-10-12,1,1011010101,花叶类,1,100.028,-0.354,99.674,241,240,1,17
2021-10-12,1,1011010201,花菜类,1,18.627,-0.265,18.362,46,45,1,1
2021-10-12,1,1011010402,水生根茎类,1,29.953,0.0,29.953,48,48,0,2
2021-10-12,1,1011010501,茄类,1,12.799,0.0,12.799,28,28,0,4
2021-10-12,1,1011010504,辣椒类,1,57.257,0.0,57.257,155,155,0,8
2021-10-12,1,1011010801,食用菌,1,38.769,0.0,38.769,75,75,0,5
2021-10-13,1,1011010101,花叶类,1,89.902,-1.665,88.237,218,214,4,17
2021-10-13,1,1011010201,花菜类,1,16.528,0.0,16.528,44,44,0,1
2021-10-13,1,1011010402,水生根茎类,1,36.526,0.0,36.526,55,55,0,1
2021-10-13,1,1011010501,茄类,1,11.277,0.0,11.277,24,24,0,4
2021-10-13,1,1011010504,辣椒类,1,44.341,0.0,44.341,120,120,0,8
2021-10-13,1,1011010801,食用菌,1,39.51,0.0,39.51,84,84,0,5
2021-10-14,1,1011010101,花叶类,1,77.809,0.0,77.809,198,198,0,19
2021-10-14,1,1011010201,花菜类,1,14.852,0.0,14.852,39,39,0,1
2021-10-14,1,1011010402,水生根茎类,1,38.264,0.0,38.264,59,59,0,2
2021-10-14,1,1011010501,茄类,1,10.191,0.0,10.191,24,24,0,2
2021-10-14,1,1011010504,辣椒类,1,38.431,0.0,38.431,116,116,0,8
2021-10-14,1,1011010801,食用菌,1,28.438,0.0,28.438,79,79,0,4
2021-10-15,1,1011010101,花叶类,1,146.297,0.0,146.297,316,316,0,19
2021-10-15,1,1011010201,花菜类,1,23.991,0.0,23.991,46,46,0,2
2021-10-15,1,1011010402,水生根茎类,1,65.659,0.0,65.659,77,77,0,3
2021-10-15,1,1011010501,茄类,1,10.811,0.0,10.811,20,20,0,4
2021-10-15,1,1011010504,辣椒类,1,54.933,0.0,54.933,167,167,0,10
2021-10-15,1,1011010801,食用菌,1,84.89,0.0,84.89,140,140,0,5
2021-10-16,1,1011010101,花叶类,1,273.582,0.0,273.582,564,564,0,19
2021-10-16,1,1011010201,花菜类,1,36.28,0.0,36.28,79,79,0,1
2021-10-16,1,1011010402,水生根茎类,1,54.821,0.0,54.821,75,75,0,3
2021-10-16,1,1011010501,茄类,1,14.772,0.0,14.772,35,35,0,3
2021-10-16,1,1011010504,辣椒类,1,93.373,0.0,93.373,278,278,0,10
2021-10-16,1,1011010801,食用菌,1,73.514,0.0,73.514,149,149,0,5
2021-10-17,1,1011010101,花叶类,1,163.589,0.0,163.589,372,372,0,20
2021-10-17,1,1011010201,花菜类,1,26.795,0.0,26.795,70,70,0,1
2021-10-17,1,1011010402,水生根茎类,1,56.02,0.0,56.02,89,89,0,3
2021-10-17,1,1011010501,茄类,1,13.639,0.0,13.639,27,27,0,4
2021-10-17,1,1011010504,辣椒类,1,64.308,0.0,64.308,175,175,0,9
2021-10-17,1,1011010801,食用菌,1,65.816,0.0,65.816,162,162,0,5
2021-10-18,1,1011010101,花叶类,1,84.784,0.0,84.784,204,204,0,17
2021-10-18,1,1011010201,花菜类,1,20.606,0.0,20.606,53,53,0,2
2021-10-18,1,1011010402,水生根茎类,1,44.513,0.0,44.513,70,70,0,2
2021-10-18,1,1011010501,茄类,1,10.502,0.0,10.502,22,22,0,4
2021-10-18,1,1011010504,辣椒类,1,40.29,0.0,40.29,125,125,0,9
2021-10-18,1,1011010801,食用菌,1,30.066,0.0,30.066,66,66,0,4
2021-10-19,1,1011010101,花叶类,1,78.684,0.0,78.684,184,184,0,18
2021-10-19,1,1011010201,花菜类,1,16.958,0.0,16.958,48,48,0,1
2021-10-19,1,1011010402,水生根茎类,1,42.738,0.0,42.738,65,65,0,3
2021-10-19,1,1011010501,茄类,1,8.766,0.0,8.766,21,21,0,3
2021-10-19,1,1011010504,辣椒类,1,40.052,0.0,40.052,117,117,0,8
2021-10-19,1,1011010801,食用菌,1,32.2,0.0,32.2,75,75,0,4
2021-10-20,1,1011010101,花叶类,1,109.339,0.0,109.339,260,260,0,18
2021-10-20,1,1011010201,花菜类,1,25.154,0.0,25.154,63,63,0,1
2021-10-20,1,1011010402,水生根茎类,1,41.248,0.0,41.248,56,56,0,2
2021-10-20,1,1011010501,茄类,1,8.978,0.0,8.978,18,18,0,4
2021-10-20,1,1011010504,辣椒类,1,43.48,0.0,43.48,125,125,0,8
2021-10-20,1,1011010801,食用菌,1,41.873,-0.079,41.794,90,89,1,4
2021-10-21,1,1011010101,花叶类,1,79.858,0.0,79.858,188,188,0,17
2021-10-21,1,1011010201,花菜类,1,11.947,0.0,11.947,30,30,0,1
2021-10-21,1,1011010402,水生根茎类,1,46.91,0.0,46.91,72,72,0,1
2021-10-21,1,1011010501,茄类,1,11.262,0.0,11.262,24,24,0,4
2021-10-21,1,1011010504,辣椒类,1,29.336,0.0,29.336,100,100,0,8
2021-10-21,1,1011010801,食用菌,1,38.753,0.0,38.753,65,65,0,4
2021-10-22,1,1011010101,花叶类,1,75.936,0.0,75.936,179,179,0,16
2021-10-22,1,1011010201,花菜类,1,16.412,0.0,16.412,48,48,0,1
2021-10-22,1,1011010402,水生根茎类,1,45.315,0.0,45.315,59,59,0,2
2021-10-22,1,1011010501,茄类,1,5.062,0.0,5.062,11,11,0,2
2021-10-22,1,1011010504,辣椒类,1,30.078,0.0,30.078,106,106,0,9
2021-10-22,1,1011010801,食用菌,1,40.039,0.0,40.039,82,82,0,3
2021-10-23,1,1011010101,花叶类,1,100.678,-1.18,99.498,248,246,2,17
2021-10-23,1,1011010201,花菜类,1,18.086,0.0,18.086,53,53,0,1
2021-10-23,1,1011010402,水生根茎类,1,61.274,0.0,61.274,90,90,0,3
2021-10-23,1,1011010501,茄类,1,9.346,0.0,9.346,21,21,0,2
2021-10-23,1,1011010504,辣椒类,1,51.363,0.0,51.363,163,163,0,9
2021-10-23,1,1011010801,食用菌,1,87.828,0.0,87.828,179,179,0,4
2021-10-24,1,1011010101,花叶类,1,101.014,0.0,101.014,240,240,0,16
2021-10-24,1,1011010201,花菜类,1,9.108,0.0,9.108,28,28,0,1
2021-10-24,1,1011010402,水生根茎类,1,47.917,0.0,47.917,64,64,0,2
2021-10-24,1,1011010501,茄类,1,11.389,0.0,11.389,20,20,0,4
2021-10-24,1,1011010504,辣椒类,1,41.481,0.0,41.481,130,130,0,8
2021-10-24,1,1011010801,食用菌,1,55.632,0.0,55.632,116,116,0,4
2021-10-25,1,1011010101,花叶类,1,48.556,0.0,48.556,119,119,0,16
2021-10-25,1,1011010201,花菜类,1,8.749,0.0,8.749,27,27,0,1
2021-10-25,1,1011010402,水生根茎类,1,33.696,0.0,33.696,46,46,0,2
2021-10-25,1,1011010501,茄类,1,7.279,0.0,7.279,16,16,0,3
2021-10-25,1,1011010504,辣椒类,1,27.46,0.0,27.46,77,77,0,9
2021-10-25,1,1011010801,食用菌,1,46.731,0.0,46.731,98,98,0,3
2021-10-26,1,1011010101,花叶类,1,66.948,0.0,66.948,168,168,0,16
2021-10-26,1,1011010201,花菜类,1,12.041,0.0,12.041,33,33,0,1
2021-10-26,1,1011010402,水生根茎类,1,37.216,0.0,37.216,58,58,0,2
2021-10-26,1,1011010501,茄类,1,8.68,0.0,8.68,18,18,0,4
2021-10-26,1,1011010504,辣椒类,1,35.664,0.0,35.664,103,103,0,7
2021-10-26,1,1011010801,食用菌,1,48.637,0.0,48.637,114,114,0,5
2021-10-27,1,1011010101,花叶类,1,94.727,0.0,94.727,184,184,0,15
2021-10-27,1,1011010201,花菜类,1,15.305,0.0,15.305,42,42,0,1
2021-10-27,1,1011010402,水生根茎类,1,36.161,0.0,36.161,51,51,0,1
2021-10-27,1,1011010501,茄类,1,6.836,0.0,6.836,17,17,0,3
2021-10-27,1,1011010504,辣椒类,1,32.692,0.0,32.692,107,107,0,8
2021-10-27,1,1011010801,食用菌,1,35.369,0.0,35.369,90,90,0,4
2021-10-28,1,1011010101,花叶类,1,80.941,0.0,80.941,160,160,0,16
2021-10-28,1,1011010201,花菜类,1,6.449,0.0,6.449,17,17,0,1
2021-10-28,1,1011010402,水生根茎类,1,37.949,0.0,37.949,59,59,0,1
2021-10-28,1,1011010501,茄类,1,3.122,0.0,3.122,7,7,0,3
2021-10-28,1,1011010504,辣椒类,1,25.502,0.0,25.502,89,89,0,9
2021-10-28,1,1011010801,食用菌,1,31.659,0.0,31.659,87,87,0,3
2021-10-29,1,1011010101,花叶类,1,89.73,0.0,89.73,198,198,0,16
2021-10-29,1,1011010201,花菜类,1,13.574,0.0,13.574,35,35,0,1
2021-10-29,1,1011010402,水生根茎类,1,40.045,0.0,40.045,50,50,0,1
2021-10-29,1,1011010501,茄类,1,11.124,0.0,11.124,21,21,0,3
2021-10-29,1,1011010504,辣椒类,1,25.203,0.0,25.203,86,86,0,8
2021-10-29,1,1011010801,食用菌,1,47.926,0.0,47.926,115,115,0,3
2021-10-30,1,1011010101,花叶类,1,140.981,0.0,140.981,275,275,0,17
2021-10-30,1,1011010201,花菜类,1,17.279,0.0,17.279,41,41,0,1
2021-10-30,1,1011010402,水生根茎类,1,59.756,0.0,59.756,95,95,0,2
2021-10-30,1,1011010501,茄类,1,12.133,0.0,12.133,25,25,0,3
2021-10-30,1,1011010504,辣椒类,1,26.181,0.0,26.181,111,111,0,8
2021-10-30,1,1011010801,食用菌,1,79.731,0.0,79.731,168,168,0,3
2021-10-31,1,1011010101,花叶类,1,92.342,0.0,92.342,238,238,0,16
2021-10-31,1,1011010201,花菜类,1,28.424,0.0,28.424,75,75,0,1
2021-10-31,1,1011010402,水生根茎类,1,55.961,0.0,55.961,82,82,0,1
2021-10-31,1,1011010501,茄类,1,8.639,0.0,8.639,20,20,0,4
2021-10-31,1,1011010504,辣椒类,1,35.237,0.0,35.237,116,116,0,8
2021-10-31,1,1011010801,食用菌,1,75.305,0.0,75.305,178,178,0,7
2021-11-01,1,1011010101,花叶类,1,60.969,0.0,60.969,158,158,0,16
2021-11-01,1,1011010201,花菜类,1,26.24,0.0,26.24,58,58,0,1
2021-11-01,1,1011010402,水生根茎类,1,44.316,0.0,44.316,67,67,0,1
2021-11-01,1,1011010501,茄类,1,10.293,0.0,10.293,17,17,0,3
2021-11-01,1,1011010504,辣椒类,1,23.439,0.0,23.439,83,83,0,7
2021-11-01,1,1011010801,食用菌,1,40.999,0.0,40.999,87,87,0,5
2021-11-02,1,1011010101,花叶类,1,68.055,0.0,68.055,164,164,0,18
2021-11-02,1,1011010201,花菜类,1,25.844,0.0,25.844,57,57,0,1
2021-11-02,1,1011010402,水生根茎类,1,39.893,0.0,39.893,61,61,0,1
2021-11-02,1,1011010501,茄类,1,13.551,0.0,13.551,27,27,0,4
2021-11-02,1,1011010504,辣椒类,1,25.556,0.0,25.556,93,93,0,7
2021-11-02,1,1011010801,食用菌,1,49.667,0.0,49.667,104,104,0,5
2021-11-03,1,1011010101,花叶类,1,50.572,0.0,50.572,126,126,0,17
2021-11-03,1,1011010201,花菜类,1,27.868,0.0,27.868,62,62,0,1
2021-11-03,1,1011010402,水生根茎类,1,39.941,0.0,39.941,44,44,0,1
2021-11-03,1,1011010501,茄类,1,5.176,0.0,5.176,10,10,0,4
2021-11-03,1,1011010504,辣椒类,1,25.359,0.0,25.359,78,78,0,6
2021-11-03,1,1011010801,食用菌,1,82.957,0.0,82.957,177,177,0,5
2021-11-04,1,1011010101,花叶类,1,64.051,0.0,64.051,147,147,0,15
2021-11-04,1,1011010201,花菜类,1,23.879,0.0,23.879,48,48,0,1
2021-11-04,1,1011010402,水生根茎类,1,42.366,0.0,42.366,58,58,0,2
2021-11-04,1,1011010501,茄类,1,12.227,0.0,12.227,21,21,0,3
2021-11-04,1,1011010504,辣椒类,1,24.241,0.0,24.241,79,79,0,8
2021-11-04,1,1011010801,食用菌,1,61.122,0.0,61.122,158,158,0,5
2021-11-05,1,1011010101,花叶类,1,83.867,-0.522,83.345,198,197,1,18
2021-11-05,1,1011010201,花菜类,1,37.479,0.0,37.479,72,72,0,2
2021-11-05,1,1011010402,水生根茎类,1,58.696,0.0,58.696,84,84,0,1
2021-11-05,1,1011010501,茄类,1,6.524,0.0,6.524,14,14,0,3
2021-11-05,1,1011010504,辣椒类,1,37.123,0.0,37.123,117,117,0,8
2021-11-05,1,1011010801,食用菌,1,104.608,0.0,104.608,240,240,0,4
2021-11-06,1,1011010101,花叶类,1,108.548,0.0,108.548,261,261,0,16
2021-11-06,1,1011010201,花菜类,1,28.063,-1.338,26.725,57,55,2,1
2021-11-06,1,1011010402,水生根茎类,1,63.927,0.0,63.927,89,89,0,2
2021-11-06,1,1011010501,茄类,1,9.658,0.0,9.658,20,20,0,3
2021-11-06,1,1011010504,辣椒类,1,35.493,0.0,35.493,124,124,0,7
2021-11-06,1,1011010801,食用菌,1,128.993,0.0,128.993,301,301,0,5
2021-11-07,1,1011010101,花叶类,1,145.887,0.0,145.887,362,362,0,15
2021-11-07,1,1011010201,花菜类,1,35.638,0.0,35.638,69,69,0,1
2021-11-07,1,1011010402,水生根茎类,1,64.622,0.0,64.622,90,90,0,2
2021-11-07,1,1011010501,茄类,1,14.185,0.0,14.185,32,32,0,4
2021-11-07,1,1011010504,辣椒类,1,46.669,0.0,46.669,162,162,0,6
2021-11-07,1,1011010801,食用菌,1,155.029,0.0,155.029,339,339,0,5
2021-11-08,1,1011010101,花叶类,1,66.376,0.0,66.376,163,163,0,18
2021-11-08,1,1011010201,花菜类,1,28.296,0.0,28.296,57,57,0,1
2021-11-08,1,1011010402,水生根茎类,1,58.811,0.0,58.811,81,81,0,3
2021-11-08,1,1011010501,茄类,1,10.662,0.0,10.662,22,22,0,3
2021-11-08,1,1011010504,辣椒类,1,24.775,0.0,24.775,79,79,0,6
2021-11-08,1,1011010801,食用菌,1,58.558,0.0,58.558,156,156,0,4
2021-11-09,1,1011010101,花叶类,1,44.867,-0.436,44.431,113,112,1,17
2021-11-09,1,1011010201,花菜类,1,27.933,-0.56,27.373,65,64,1,1
2021-11-09,1,1011010402,水生根茎类,1,43.617,0.0,43.617,59,59,0,2
2021-11-09,1,1011010501,茄类,1,3.419,0.0,3.419,10,10,0,1
2021-11-09,1,1011010504,辣椒类,1,23.626,0.0,23.626,80,80,0,7
2021-11-09,1,1011010801,食用菌,1,52.288,0.0,52.288,134,134,0,4
2021-11-10,1,1011010101,花叶类,1,49.063,0.0,49.063,128,128,0,15
2021-11-10,1,1011010201,花菜类,1,27.656,0.0,27.656,58,58,0,1
2021-11-10,1,1011010402,水生根茎类,1,49.851,0.0,49.851,57,57,0,2
2021-11-10,1,1011010501,茄类,1,3.044,0.0,3.044,8,8,0,2
2021-11-10,1,1011010504,辣椒类,1,28.642,0.0,28.642,92,92,0,7
2021-11-10,1,1011010801,食用菌,1,48.096,0.0,48.096,114,114,0,4
2021-11-11,1,1011010101,花叶类,1,48.787,0.0,48.787,122,122,0,17
2021-11-11,1,1011010201,花菜类,1,13.156,0.0,13.156,33,33,0,1
2021-11-11,1,1011010402,水生根茎类,1,35.903,0.0,35.903,52,52,0,3
2021-11-11,1,1011010501,茄类,1,3.602,0.0,3.602,8,8,0,3
2021-11-11,1,1011010504,辣椒类,1,22.692,0.0,22.692,75,75,0,7
2021-11-11,1,1011010801,食用菌,1,47.256,0.0,47.256,102,102,0,4
2021-11-12,1,1011010101,花叶类,1,51.422,0.0,51.422,128,128,0,15
2021-11-12,1,1011010201,花菜类,1,18.935,0.0,18.935,43,43,0,1
2021-11-12,1,1011010402,水生根茎类,1,50.696,0.0,50.696,61,61,0,2
2021-11-12,1,1011010501,茄类,1,10.337,0.0,10.337,24,24,0,3
2021-11-12,1,1011010504,辣椒类,1,25.182,0.0,25.182,89,89,0,6
2021-11-12,1,1011010801,食用菌,1,55.136,0.0,55.136,138,138,0,4
2021-11-13,1,1011010101,花叶类,1,70.452,0.0,70.452,164,164,0,15
2021-11-13,1,1011010201,花菜类,1,20.049,0.0,20.049,43,43,0,1
2021-11-13,1,1011010402,水生根茎类,1,55.708,0.0,55.708,72,72,0,3
2021-11-13,1,1011010501,茄类,1,10.383,0.0,10.383,24,24,0,3
2021-11-13,1,1011010504,辣椒类,1,28.792,0.0,28.792,100,100,0,6
2021-11-13,1,1011010801,食用菌,1,57.321,0.0,57.321,147,147,0,4
2021-11-14,1,1011010101,花叶类,1,99.456,0.0,99.456,248,248,0,16
2021-11-14,1,1011010201,花菜类,1,30.582,0.0,30.582,70,70,0,1
2021-11-14,1,1011010402,水生根茎类,1,53.547,-0.546,53.001,79,78,1,3
2021-11-14,1,1011010501,茄类,1,14.612,0.0,14.612,33,33,0,3
2021-11-14,1,1011010504,辣椒类,1,39.412,0.0,39.412,136,136,0,7
2021-11-14,1,1011010801,食用菌,1,71.072,0.0,71.072,169,169,0,4
2021-11-15,1,1011010101,花叶类,1,42.62,0.0,42.62,102,102,0,14
2021-11-15,1,1011010201,花菜类,1,12.677,0.0,12.677,30,30,0,1
2021-11-15,1,1011010402,水生根茎类,1,28.879,0.0,28.879,45,45,0,1
2021-11-15,1,1011010501,茄类,1,7.194,0.0,7.194,18,18,0,3
2021-11-15,1,1011010504,辣椒类,1,29.577,0.0,29.577,105,105,0,7
2021-11-15,1,1011010801,食用菌,1,36.29,0.0,36.29,96,96,0,4
2021-11-16,1,1011010101,花叶类,1,53.515,0.0,53.515,135,135,0,14
2021-11-16,1,1011010201,花菜类,1,12.525,0.0,12.525,30,30,0,1
2021-11-16,1,1011010402,水生根茎类,1,19.63,0.0,19.63,30,30,0,1
2021-11-16,1,1011010501,茄类,1,2.834,0.0,2.834,7,7,0,3
2021-11-16,1,1011010504,辣椒类,1,27.575,0.0,27.575,100,100,0,7
2021-11-16,1,1011010801,食用菌,1,36.118,-0.188,35.93,102,101,1,4
2021-11-17,1,1011010101,花叶类,1,45.689,0.0,45.689,121,121,0,15
2021-11-17,1,1011010201,花菜类,1,15.791,0.0,15.791,35,35,0,1
2021-11-17,1,1011010402,水生根茎类,1,34.26,0.0,34.26,47,47,0,2
2021-11-17,1,1011010501,茄类,1,7.203,0.0,7.203,15,15,0,3
2021-11-17,1,1011010504,辣椒类,1,23.355,0.0,23.355,87,87,0,8
2021-11-17,1,1011010801,食用菌,1,44.036,-0.332,43.704,94,93,1,4
2021-11-18,1,1011010101,花叶类,1,41.864,0.0,41.864,106,106,0,16
2021-11-18,1,1011010201,花菜类,1,6.018,0.0,6.018,18,18,0,1
2021-11-18,1,1011010402,水生根茎类,1,21.426,0.0,21.426,27,27,0,1
2021-11-18,1,1011010501,茄类,1,3.246,0.0,3.246,8,8,0,3
2021-11-18,1,1011010504,辣椒类,1,16.566,0.0,16.566,55,55,0,7
2021-11-18,1,1011010801,食用菌,1,35.182,0.0,35.182,81,81,0,4
2021-11-19,1,1011010101,花叶类,1,38.008,0.0,38.008,102,102,0,15
2021-11-19,1,1011010201,花菜类,1,8.768,0.0,8.768,23,23,0,1
2021-11-19,1,1011010402,水生根茎类,1,28.706,0.0,28.706,41,41,0,1
2021-11-19,1,1011010501,茄类,1,6.776,0.0,6.776,15,15,0,3
2021-11-19,1,1011010504,辣椒类,1,19.49,0.0,19.49,71,71,0,6
2021-11-19,1,1011010801,食用菌,1,35.174,0.0,35.174,83,83,0,4
2021-11-20,1,1011010101,花叶类,1,95.757,-0.446,95.311,227,226,1,18
2021-11-20,1,1011010201,花菜类,1,14.406,0.0,14.406,36,36,0,1
2021-11-20,1,1011010402,水生根茎类,1,55.584,-1.437,54.147,82,80,2,2
2021-11-20,1,1011010501,茄类,1,9.051,0.0,9.051,21,21,0,3
2021-11-20,1,1011010504,辣椒类,1,34.164,-0.437,33.727,128,127,1,8
2021-11-20,1,1011010801,食用菌,1,73.711,0.0,73.711,175,175,0,4
2021-11-21,1,1011010101,花叶类,1,80.775,0.0,80.775,205,205,0,16
2021-11-21,1,1011010201,花菜类,1,19.739,0.0,19.739,51,51,0,1
2021-11-21,1,1011010402,水生根茎类,1,47.591,0.0,47.591,75,75,0,2
2021-11-21,1,1011010501,茄类,1,17.99,0.0,17.99,37,37,0,3
2021-11-21,1,1011010504,辣椒类,1,30.26,0.0,30.26,113,113,0,6
2021-11-21,1,1011010801,食用菌,1,102.367,0.0,102.367,198,198,0,5
2021-11-22,1,1011010101,花叶类,1,42.247,0.0,42.247,96,96,0,14
2021-11-22,1,1011010201,花菜类,1,9.756,0.0,9.756,23,23,0,1
2021-11-22,1,1011010402,水生根茎类,1,32.75,0.0,32.75,49,49,0,2
2021-11-22,1,1011010501,茄类,1,9.175,0.0,9.175,22,22,0,3
2021-11-22,1,1011010504,辣椒类,1,22.036,0.0,22.036,68,68,0,6
2021-11-22,1,1011010801,食用菌,1,24.416,0.0,24.416,65,65,0,4
2021-11-23,1,1011010101,花叶类,1,55.622,0.0,55.622,130,130,0,15
2021-11-23,1,1011010201,花菜类,1,9.495,0.0,9.495,21,21,0,1
2021-11-23,1,1011010402,水生根茎类,1,31.403,0.0,31.403,48,48,0,2
2021-11-23,1,1011010501,茄类,1,5.163,0.0,5.163,12,12,0,3
2021-11-23,1,1011010504,辣椒类,1,18.004,0.0,18.004,68,68,0,7
2021-11-23,1,1011010801,食用菌,1,24.705,0.0,24.705,52,52,0,3
2021-11-24,1,1011010101,花叶类,1,39.991,0.0,39.991,93,93,0,13
2021-11-24,1,1011010201,花菜类,1,12.559,0.0,12.559,19,19,0,1
2021-11-24,1,1011010402,水生根茎类,1,33.315,0.0,33.315,50,50,0,3
2021-11-24,1,1011010501,茄类,1,9.217,0.0,9.217,22,22,0,4
2021-11-24,1,1011010504,辣椒类,1,21.68,0.0,21.68,75,75,0,6
2021-11-24,1,1011010801,食用菌,1,22.259,0.0,22.259,32,32,0,3
2021-11-25,1,1011010101,花叶类,1,44.906,0.0,44.906,103,103,0,14
2021-11-25,1,1011010201,花菜类,1,10.217,0.0,10.217,24,24,0,1
2021-11-25,1,1011010402,水生根茎类,1,30.299,0.0,30.299,47,47,0,3
2021-11-25,1,1011010501,茄类,1,5.166,0.0,5.166,12,12,0,2
2021-11-25,1,1011010504,辣椒类,1,20.413,0.0,20.413,73,73,0,6
2021-11-25,1,1011010801,食用菌,1,17.266,0.0,17.266,20,20,0,3
2021-11-26,1,1011010101,花叶类,1,51.836,0.0,51.836,127,127,0,14
2021-11-26,1,1011010201,花菜类,1,17.511,0.0,17.511,37,37,0,1
2021-11-26,1,1011010402,水生根茎类,1,41.234,0.0,41.234,60,60,0,3
2021-11-26,1,1011010501,茄类,1,6.06,0.0,6.06,17,17,0,3
2021-11-26,1,1011010504,辣椒类,1,14.855,0.0,14.855,60,60,0,7
2021-11-26,1,1011010801,食用菌,1,23.644,0.0,23.644,32,32,0,4
2021-11-27,1,1011010101,花叶类,1,68.057,0.0,68.057,173,173,0,13
2021-11-27,1,1011010201,花菜类,1,23.115,0.0,23.115,51,51,0,1
2021-11-27,1,1011010402,水生根茎类,1,58.68,0.0,58.68,81,81,0,3
2021-11-27,1,1011010501,茄类,1,11.622,0.0,11.622,22,22,0,4
2021-11-27,1,1011010504,辣椒类,1,37.591,-0.244,37.347,131,130,1,6
2021-11-27,1,1011010801,食用菌,1,44.646,-1.0,43.646,60,59,1,4
2021-11-28,1,1011010101,花叶类,1,78.347,0.0,78.347,196,196,0,14
2021-11-28,1,1011010201,花菜类,1,21.817,0.0,21.817,47,47,0,1
2021-11-28,1,1011010402,水生根茎类,1,49.546,0.0,49.546,64,64,0,3
2021-11-28,1,1011010501,茄类,1,9.694,0.0,9.694,18,18,0,3
2021-11-28,1,1011010504,辣椒类,1,25.149,0.0,25.149,95,95,0,6
2021-11-28,1,1011010801,食用菌,1,56.96,0.0,56.96,117,117,0,4
2021-11-29,1,1011010101,花叶类,1,57.865,0.0,57.865,139,139,0,13
2021-11-29,1,1011010201,花菜类,1,9.182,0.0,9.182,18,18,0,1
2021-11-29,1,1011010402,水生根茎类,1,29.92,0.0,29.92,48,48,0,2
2021-11-29,1,1011010501,茄类,1,5.796,0.0,5.796,13,13,0,4
2021-11-29,1,1011010504,辣椒类,1,19.812,0.0,19.812,73,73,0,6
2021-11-29,1,1011010801,食用菌,1,20.934,0.0,20.934,33,33,0,2
2021-11-30,1,1011010101,花叶类,1,43.009,0.0,43.009,116,116,0,13
2021-11-30,1,1011010201,花菜类,1,25.737,0.0,25.737,54,54,0,1
2021-11-30,1,1011010402,水生根茎类,1,30.369,0.0,30.369,47,47,0,2
2021-11-30,1,1011010501,茄类,1,7.103,0.0,7.103,16,16,0,4
2021-11-30,1,1011010504,辣椒类,1,32.472,0.0,32.472,107,107,0,6
2021-11-30,1,1011010801,食用菌,1,30.467,0.0,30.467,41,41,0,3
2021-12-01,1,1011010101,花叶类,1,74.607,-0.813,73.794,172,170,2,14
2021-12-01,1,1011010201,花菜类,1,18.93,-0.392,18.538,44,43,1,1
2021-12-01,1,1011010402,水生根茎类,1,30.015,0.0,30.015,39,39,0,3
2021-12-01,1,1011010501,茄类,1,5.252,0.0,5.252,12,12,0,3
2021-12-01,1,1011010504,辣椒类,1,24.119,0.0,24.119,77,77,0,7
2021-12-01,1,1011010801,食用菌,1,24.864,0.0,24.864,33,33,0,4
2021-12-02,1,1011010101,花叶类,1,58.359,0.0,58.359,130,130,0,15
2021-12-02,1,1011010201,花菜类,1,18.263,0.0,18.263,42,42,0,1
2021-12-02,1,1011010402,水生根茎类,1,25.404,0.0,25.404,41,41,0,3
2021-12-02,1,1011010501,茄类,1,4.474,0.0,4.474,10,10,0,3
2021-12-02,1,1011010504,辣椒类,1,22.703,0.0,22.703,83,83,0,7
2021-12-02,1,1011010801,食用菌,1,20.085,0.0,20.085,38,38,0,4
2021-12-03,1,1011010101,花叶类,1,73.847,0.0,73.847,159,159,0,15
2021-12-03,1,1011010201,花菜类,1,20.739,0.0,20.739,42,42,0,1
2021-12-03,1,1011010402,水生根茎类,1,18.925,0.0,18.925,29,29,0,3
2021-12-03,1,1011010501,茄类,1,5.683,0.0,5.683,13,13,0,2
2021-12-03,1,1011010504,辣椒类,1,25.931,0.0,25.931,91,91,0,7
2021-12-03,1,1011010801,食用菌,1,54.498,0.0,54.498,138,138,0,4
2021-12-04,1,1011010101,花叶类,1,93.905,0.0,93.905,220,220,0,13
2021-12-04,1,1011010201,花菜类,1,22.865,0.0,22.865,46,46,0,1
2021-12-04,1,1011010402,水生根茎类,1,62.259,0.0,62.259,88,88,0,2
2021-12-04,1,1011010501,茄类,1,9.205,0.0,9.205,24,24,0,3
2021-12-04,1,1011010504,辣椒类,1,36.36,0.0,36.36,132,132,0,7
2021-12-04,1,1011010801,食用菌,1,92.695,0.0,92.695,225,225,0,4
2021-12-05,1,1011010101,花叶类,1,115.184,0.0,115.184,269,269,0,14
2021-12-05,1,1011010201,花菜类,1,25.795,0.0,25.795,52,52,0,1
2021-12-05,1,1011010402,水生根茎类,1,50.994,0.0,50.994,64,64,0,2
2021-12-05,1,1011010501,茄类,1,10.65,0.0,10.65,23,23,0,3
2021-12-05,1,1011010504,辣椒类,1,37.123,0.0,37.123,133,133,0,8
2021-12-05,1,1011010801,食用菌,1,100.244,0.0,100.244,203,203,0,4
2021-12-06,1,1011010101,花叶类,1,64.231,0.0,64.231,156,156,0,13
2021-12-06,1,1011010201,花菜类,1,14.424,0.0,14.424,31,31,0,1
2021-12-06,1,1011010402,水生根茎类,1,12.844,0.0,12.844,21,21,0,2
2021-12-06,1,1011010501,茄类,1,8.862,0.0,8.862,20,20,0,3
2021-12-06,1,1011010504,辣椒类,1,37.461,0.0,37.461,113,113,0,7
2021-12-06,1,1011010801,食用菌,1,45.511,0.0,45.511,91,91,0,4
2021-12-07,1,1011010101,花叶类,1,63.263,0.0,63.263,158,158,0,14
2021-12-07,1,1011010201,花菜类,1,16.639,0.0,16.639,40,40,0,1
2021-12-07,1,1011010402,水生根茎类,1,31.831,0.0,31.831,52,52,0,2
2021-12-07,1,1011010501,茄类,1,6.648,0.0,6.648,17,17,0,4
2021-12-07,1,1011010504,辣椒类,1,29.638,0.0,29.638,109,109,0,7
2021-12-07,1,1011010801,食用菌,1,36.621,0.0,36.621,99,99,0,3
2021-12-08,1,1011010101,花叶类,1,70.377,0.0,70.377,152,152,0,15
2021-12-08,1,1011010201,花菜类,1,15.059,0.0,15.059,32,32,0,1
2021-12-08,1,1011010402,水生根茎类,1,25.319,0.0,25.319,32,32,0,2
2021-12-08,1,1011010501,茄类,1,7.96,0.0,7.96,17,17,0,3
2021-12-08,1,1011010504,辣椒类,1,24.71,0.0,24.71,88,88,0,7
2021-12-08,1,1011010801,食用菌,1,48.246,0.0,48.246,99,99,0,5
2021-12-09,1,1011010101,花叶类,1,57.675,0.0,57.675,139,139,0,14
2021-12-09,1,1011010201,花菜类,1,12.175,0.0,12.175,24,24,0,1
2021-12-09,1,1011010402,水生根茎类,1,25.262,0.0,25.262,39,39,0,2
2021-12-09,1,1011010501,茄类,1,7.254,0.0,7.254,16,16,0,2
2021-12-09,1,1011010504,辣椒类,1,24.153,0.0,24.153,87,87,0,7
2021-12-09,1,1011010801,食用菌,1,42.728,0.0,42.728,104,104,0,5
2021-12-10,1,1011010101,花叶类,1,68.296,0.0,68.296,166,166,0,14
2021-12-10,1,1011010201,花菜类,1,14.231,0.0,14.231,33,33,0,1
2021-12-10,1,1011010402,水生根茎类,1,32.792,0.0,32.792,50,50,0,2
2021-12-10,1,1011010501,茄类,1,8.928,0.0,8.928,23,23,0,3
2021-12-10,1,1011010504,辣椒类,1,26.56,0.0,26.56,92,92,0,9
2021-12-10,1,1011010801,食用菌,1,55.263,0.0,55.263,118,118,0,4
2021-12-11,1,1011010101,花叶类,1,141.287,0.0,141.287,336,336,0,15
2021-12-11,1,1011010201,花菜类,1,30.45,0.0,30.45,67,67,0,1
2021-12-11,1,1011010402,水生根茎类,1,124.24,0.0,124.24,186,186,0,2
2021-12-11,1,1011010501,茄类,1,10.714,0.0,10.714,23,23,0,3
2021-12-11,1,1011010504,辣椒类,1,43.575,0.0,43.575,151,151,0,8
2021-12-11,1,1011010801,食用菌,1,121.635,0.0,121.635,257,257,0,4
2021-12-12,1,1011010101,花叶类,1,116.349,0.0,116.349,279,279,0,15
2021-12-12,1,1011010201,花菜类,1,15.656,0.0,15.656,37,37,0,1
2021-12-12,1,1011010402,水生根茎类,1,61.198,0.0,61.198,84,84,0,2
2021-12-12,1,1011010501,茄类,1,10.426,0.0,10.426,26,26,0,4
2021-12-12,1,1011010504,辣椒类,1,43.444,0.0,43.444,138,138,0,7
2021-12-12,1,1011010801,食用菌,1,80.302,0.0,80.302,165,165,0,5
2021-12-13,1,1011010101,花叶类,1,61.915,0.0,61.915,147,147,0,13
2021-12-13,1,1011010201,花菜类,1,27.925,0.0,27.925,50,50,0,2
2021-12-13,1,1011010402,水生根茎类,1,21.832,0.0,21.832,32,32,0,2
2021-12-13,1,1011010501,茄类,1,1.537,0.0,1.537,4,4,0,2
2021-12-13,1,1011010504,辣椒类,1,33.333,0.0,33.333,96,96,0,8
2021-12-13,1,1011010801,食用菌,1,92.884,0.0,92.884,139,139,0,4
2021-12-14,1,1011010101,花叶类,1,66.116,0.0,66.116,149,149,0,13
2021-12-14,1,1011010201,花菜类,1,13.141,0.0,13.141,30,30,0,1
2021-12-14,1,1011010402,水生根茎类,1,33.175,0.0,33.175,49,49,0,2
2021-12-14,1,1011010501,茄类,1,5.472,0.0,5.472,14,14,0,4
2021-12-14,1,1011010504,辣椒类,1,30.287,0.0,30.287,89,89,0,9
2021-12-14,1,1011010801,食用菌,1,103.516,0.0,103.516,150,150,0,4
2021-12-15,1,1011010101,花叶类,1,101.666,0.0,101.666,188,188,0,15
2021-12-15,1,1011010201,花菜类,1,18.179,0.0,18.179,34,34,0,1
2021-12-15,1,1011010402,水生根茎类,1,2.602,0.0,2.602,5,5,0,1
2021-12-15,1,1011010501,茄类,1,6.299,0.0,6.299,15,15,0,4
2021-12-15,1,1011010504,辣椒类,1,29.243,0.0,29.243,86,86,0,8
2021-12-15,1,1011010801,食用菌,1,64.376,-0.652,63.724,132,131,1,4
2021-12-16,1,1011010101,花叶类,1,99.125,0.0,99.125,177,177,0,20
2021-12-16,1,1011010201,花菜类,1,25.768,0.0,25.768,46,46,0,1
2021-12-16,1,1011010402,水生根茎类,1,39.569,0.0,39.569,54,54,0,2
2021-12-16,1,1011010501,茄类,1,4.506,0.0,4.506,11,11,0,4
2021-12-16,1,1011010504,辣椒类,1,33.832,0.0,33.832,102,102,0,8
2021-12-16,1,1011010801,食用菌,1,51.856,0.0,51.856,124,124,0,4
2021-12-17,1,1011010101,花叶类,1,97.582,0.0,97.582,179,179,0,20
2021-12-17,1,1011010201,花菜类,1,34.299,0.0,34.299,72,72,0,1
2021-12-17,1,1011010402,水生根茎类,1,40.154,0.0,40.154,59,59,0,2
2021-12-17,1,1011010501,茄类,1,10.173,0.0,10.173,20,20,0,3
2021-12-17,1,1011010504,辣椒类,1,34.228,0.0,34.228,103,103,0,8
2021-12-17,1,1011010801,食用菌,1,69.729,0.0,69.729,145,145,0,4
2021-12-18,1,1011010101,花叶类,1,109.389,0.0,109.389,249,249,0,14
2021-12-18,1,1011010201,花菜类,1,42.242,0.0,42.242,89,89,0,1
2021-12-18,1,1011010402,水生根茎类,1,70.551,0.0,70.551,96,96,0,3
2021-12-18,1,1011010501,茄类,1,11.996,0.0,11.996,27,27,0,3
2021-12-18,1,1011010504,辣椒类,1,59.298,0.0,59.298,171,171,0,8
2021-12-18,1,1011010801,食用菌,1,114.017,0.0,114.017,223,223,0,4
2021-12-19,1,1011010101,花叶类,1,147.891,0.0,147.891,295,295,0,15
2021-12-19,1,1011010201,花菜类,1,51.133,0.0,51.133,108,108,0,1
2021-12-19,1,1011010402,水生根茎类,1,67.19,0.0,67.19,103,103,0,2
2021-12-19,1,1011010501,茄类,1,9.451,0.0,9.451,23,23,0,3
2021-12-19,1,1011010504,辣椒类,1,52.98,0.0,52.98,151,151,0,6
2021-12-19,1,1011010801,食用菌,1,118.836,0.0,118.836,211,211,0,4
2021-12-20,1,1011010101,花叶类,1,82.832,0.0,82.832,172,172,0,15
2021-12-20,1,1011010201,花菜类,1,25.78,-0.879,24.901,53,52,1,1
2021-12-20,1,1011010402,水生根茎类,1,38.283,0.0,38.283,55,55,0,2
2021-12-20,1,1011010501,茄类,1,6.115,0.0,6.115,15,15,0,3
2021-12-20,1,1011010504,辣椒类,1,50.948,0.0,50.948,140,140,0,9
2021-12-20,1,1011010801,食用菌,1,60.872,0.0,60.872,128,128,0,4
2021-12-21,1,1011010101,花叶类,1,71.006,0.0,71.006,153,153,0,13
2021-12-21,1,1011010201,花菜类,1,18.202,0.0,18.202,36,36,0,1
2021-12-21,1,1011010402,水生根茎类,1,48.369,0.0,48.369,59,59,0,2
2021-12-21,1,1011010501,茄类,1,6.431,0.0,6.431,17,17,0,4
2021-12-21,1,1011010504,辣椒类,1,31.633,0.0,31.633,89,89,0,9
2021-12-21,1,1011010801,食用菌,1,54.261,0.0,54.261,126,126,0,4
2021-12-22,1,1011010101,花叶类,1,75.729,0.0,75.729,156,156,0,14
2021-12-22,1,1011010201,花菜类,1,14.458,0.0,14.458,31,31,0,1
2021-12-22,1,1011010402,水生根茎类,1,31.469,0.0,31.469,38,38,0,2
2021-12-22,1,1011010501,茄类,1,4.455,0.0,4.455,13,13,0,2
2021-12-22,1,1011010504,辣椒类,1,22.57,0.0,22.57,77,77,0,7
2021-12-22,1,1011010801,食用菌,1,50.263,0.0,50.263,110,110,0,4
2021-12-23,1,1011010101,花叶类,1,91.213,0.0,91.213,183,183,0,16
2021-12-23,1,1011010201,花菜类,1,24.073,0.0,24.073,47,47,0,2
2021-12-23,1,1011010402,水生根茎类,1,30.021,0.0,30.021,43,43,0,2
2021-12-23,1,1011010501,茄类,1,6.563,0.0,6.563,14,14,0,3
2021-12-23,1,1011010504,辣椒类,1,33.503,0.0,33.503,99,99,0,9
2021-12-23,1,1011010801,食用菌,1,47.43,0.0,47.43,114,114,0,4
2021-12-24,1,1011010101,花叶类,1,120.944,0.0,120.944,200,200,0,21
2021-12-24,1,1011010201,花菜类,1,30.135,0.0,30.135,58,58,0,1
2021-12-24,1,1011010402,水生根茎类,1,35.441,0.0,35.441,41,41,0,1
2021-12-24,1,1011010501,茄类,1,8.624,0.0,8.624,20,20,0,3
2021-12-24,1,1011010504,辣椒类,1,52.243,0.0,52.243,147,147,0,9
2021-12-24,1,1011010801,食用菌,1,63.472,-0.388,63.084,150,149,1,4
2021-12-25,1,1011010101,花叶类,1,180.787,0.0,180.787,337,337,0,23
2021-12-25,1,1011010201,花菜类,1,33.162,0.0,33.162,74,74,0,1
2021-12-25,1,1011010402,水生根茎类,1,66.839,0.0,66.839,101,101,0,2
2021-12-25,1,1011010501,茄类,1,13.596,0.0,13.596,31,31,0,3
2021-12-25,1,1011010504,辣椒类,1,65.339,0.0,65.339,163,163,0,9
2021-12-25,1,1011010801,食用菌,1,137.522,0.0,137.522,290,290,0,4
2021-12-26,1,1011010101,花叶类,1,209.712,-0.404,209.308,422,420,2,21
2021-12-26,1,1011010201,花菜类,1,28.498,0.0,28.498,54,54,0,1
2021-12-26,1,1011010402,水生根茎类,1,95.584,0.0,95.584,125,125,0,2
2021-12-26,1,1011010501,茄类,1,9.123,0.0,9.123,22,22,0,2
2021-12-26,1,1011010504,辣椒类,1,64.634,-0.49,64.144,179,178,1,8
2021-12-26,1,1011010801,食用菌,1,92.322,0.0,92.322,210,210,0,4
2021-12-27,1,1011010101,花叶类,1,82.705,0.0,82.705,145,145,0,20
2021-12-27,1,1011010201,花菜类,1,15.213,0.0,15.213,36,36,0,1
2021-12-27,1,1011010402,水生根茎类,1,42.155,0.0,42.155,58,58,0,2
2021-12-27,1,1011010501,茄类,1,5.35,0.0,5.35,12,12,0,2
2021-12-27,1,1011010504,辣椒类,1,37.586,0.0,37.586,93,93,0,7
2021-12-27,1,1011010801,食用菌,1,39.642,-2.0,37.642,72,70,2,4
2021-12-28,1,1011010101,花叶类,1,86.043,0.0,86.043,152,152,0,22
2021-12-28,1,1011010201,花菜类,1,24.145,0.0,24.145,48,48,0,1
2021-12-28,1,1011010402,水生根茎类,1,35.054,0.0,35.054,53,53,0,2
2021-12-28,1,1011010501,茄类,1,5.317,0.0,5.317,15,15,0,3
2021-12-28,1,1011010504,辣椒类,1,42.784,0.0,42.784,114,114,0,8
2021-12-28,1,1011010801,食用菌,1,39.004,0.0,39.004,51,51,0,3
2021-12-29,1,1011010101,花叶类,1,68.165,0.0,68.165,161,161,0,16
2021-12-29,1,1011010201,花菜类,1,24.749,0.0,24.749,44,44,0,1
2021-12-29,1,1011010402,水生根茎类,1,34.882,0.0,34.882,49,49,0,2
2021-12-29,1,1011010501,茄类,1,3.027,0.0,3.027,7,7,0,2
2021-12-29,1,1011010504,辣椒类,1,35.3,0.0,35.3,101,101,0,8
2021-12-29,1,1011010801,食用菌,1,28.395,0.0,28.395,35,35,0,7
2021-12-30,1,1011010101,花叶类,1,84.271,0.0,84.271,154,154,0,21
2021-12-30,1,1011010201,花菜类,1,17.651,0.0,17.651,35,35,0,1
2021-12-30,1,1011010402,水生根茎类,1,37.37,0.0,37.37,52,52,0,2
2021-12-30,1,1011010501,茄类,1,11.272,0.0,11.272,23,23,0,3
2021-12-30,1,1011010504,辣椒类,1,35.101,0.0,35.101,89,89,0,7
2021-12-30,1,1011010801,食用菌,1,31.745,0.0,31.745,37,37,0,7
2021-12-31,1,1011010101,花叶类,1,125.701,0.0,125.701,232,232,0,23
2021-12-31,1,1011010201,花菜类,1,69.793,0.0,69.793,114,114,0,2
2021-12-31,1,1011010402,水生根茎类,1,60.713,0.0,60.713,81,81,0,2
2021-12-31,1,1011010501,茄类,1,12.997,0.0,12.997,28,28,0,3
2021-12-31,1,1011010504,辣椒类,1,66.714,-0.4,66.314,165,164,1,8
2021-12-31,1,1011010801,食用菌,1,88.954,0.0,88.954,181,181,0,7
2022-01-01,1,1011010101,花叶类,1,138.402,0.0,138.402,255,255,0,20
2022-01-01,1,1011010201,花菜类,1,38.272,0.0,38.272,61,61,0,1
2022-01-01,1,1011010402,水生根茎类,1,82.658,0.0,82.658,88,88,0,2
2022-01-01,1,1011010501,茄类,1,18.428,0.0,18.428,39,39,0,3
2022-01-01,1,1011010504,辣椒类,1,57.833,0.0,57.833,146,146,0,9
2022-01-01,1,1011010801,食用菌,1,90.656,0.0,90.656,201,201,0,4
2022-01-02,1,1011010101,花叶类,1,110.543,-0.487,110.056,208,207,1,22
2022-01-02,1,1011010201,花菜类,1,26.605,0.0,26.605,46,46,0,1
2022-01-02,1,1011010402,水生根茎类,1,27.438,0.0,27.438,41,41,0,2
2022-01-02,1,1011010501,茄类,1,13.349,0.0,13.349,25,25,0,3
2022-01-02,1,1011010504,辣椒类,1,45.828,-0.142,45.686,128,127,1,9
2022-01-02,1,1011010801,食用菌,1,59.918,0.0,59.918,79,79,0,7
2022-01-03,1,1011010101,花叶类,1,90.081,0.0,90.081,159,159,0,20
2022-01-03,1,1011010201,花菜类,1,38.027,0.0,38.027,70,70,0,1
2022-01-03,1,1011010402,水生根茎类,1,59.009,0.0,59.009,67,67,0,2
2022-01-03,1,1011010501,茄类,1,12.782,0.0,12.782,28,28,0,3
2022-01-03,1,1011010504,辣椒类,1,81.754,0.0,81.754,192,192,0,9
2022-01-03,1,1011010801,食用菌,1,59.045,0.0,59.045,138,138,0,5
2022-01-04,1,1011010101,花叶类,1,70.388,0.0,70.388,125,125,0,20
2022-01-04,1,1011010201,花菜类,1,45.257,0.0,45.257,86,86,0,1
2022-01-04,1,1011010402,水生根茎类,1,46.598,0.0,46.598,58,58,0,2
2022-01-04,1,1011010501,茄类,1,8.174,0.0,8.174,18,18,0,3
2022-01-04,1,1011010504,辣椒类,1,58.207,0.0,58.207,128,128,0,9
2022-01-04,1,1011010801,食用菌,1,63.48,0.0,63.48,142,142,0,5
2022-01-05,1,1011010101,花叶类,1,65.654,0.0,65.654,120,120,0,20
2022-01-05,1,1011010201,花菜类,1,39.688,0.0,39.688,84,84,0,1
2022-01-05,1,1011010402,水生根茎类,1,34.15,0.0,34.15,52,52,0,2
2022-01-05,1,1011010501,茄类,1,9.827,0.0,9.827,23,23,0,2
2022-01-05,1,1011010504,辣椒类,1,66.638,0.0,66.638,153,153,0,8
2022-01-05,1,1011010801,食用菌,1,40.437,0.0,40.437,95,95,0,8
2022-01-06,1,1011010101,花叶类,1,60.316,0.0,60.316,103,103,0,19
2022-01-06,1,1011010201,花菜类,1,35.897,0.0,35.897,71,71,0,1
2022-01-06,1,1011010402,水生根茎类,1,34.198,0.0,34.198,48,48,0,2
2022-01-06,1,1011010501,茄类,1,7.001,0.0,7.001,14,14,0,3
2022-01-06,1,1011010504,辣椒类,1,66.856,0.0,66.856,140,140,0,8
2022-01-06,1,1011010801,食用菌,1,44.278,-0.115,44.163,98,97,1,5
2022-01-07,1,1011010101,花叶类,1,90.664,0.0,90.664,168,168,0,22
2022-01-07,1,1011010201,花菜类,1,31.834,0.0,31.834,66,66,0,1
2022-01-07,1,1011010402,水生根茎类,1,46.045,0.0,46.045,66,66,0,2
2022-01-07,1,1011010501,茄类,1,16.284,0.0,16.284,36,36,0,4
2022-01-07,1,1011010504,辣椒类,1,49.32,0.0,49.32,124,124,0,9
2022-01-07,1,1011010801,食用菌,1,78.764,0.0,78.764,183,183,0,5
2022-01-08,1,1011010101,花叶类,1,130.766,0.0,130.766,233,233,0,21
2022-01-08,1,1011010201,花菜类,1,43.284,0.0,43.284,88,88,0,1
2022-01-08,1,1011010402,水生根茎类,1,60.006,0.0,60.006,83,83,0,2
2022-01-08,1,1011010501,茄类,1,14.224,0.0,14.224,31,31,0,4
2022-01-08,1,1011010504,辣椒类,1,80.046,0.0,80.046,196,196,0,10
2022-01-08,1,1011010801,食用菌,1,112.412,0.0,112.412,262,262,0,5
2022-01-09,1,1011010101,花叶类,1,147.528,0.0,147.528,258,258,0,19
2022-01-09,1,1011010201,花菜类,1,114.262,0.0,114.262,211,211,0,2
2022-01-09,1,1011010402,水生根茎类,1,59.741,0.0,59.741,79,79,0,3
2022-01-09,1,1011010501,茄类,1,11.879,0.0,11.879,26,26,0,4
2022-01-09,1,1011010504,辣椒类,1,81.556,0.0,81.556,205,205,0,10
2022-01-09,1,1011010801,食用菌,1,84.804,0.0,84.804,205,205,0,7
2022-01-10,1,1011010101,花叶类,1,76.365,0.0,76.365,137,137,0,20
2022-01-10,1,1011010201,花菜类,1,35.175,0.0,35.175,63,63,0,1
2022-01-10,1,1011010402,水生根茎类,1,56.153,0.0,56.153,75,75,0,4
2022-01-10,1,1011010501,茄类,1,8.582,0.0,8.582,22,22,0,3
2022-01-10,1,1011010504,辣椒类,1,57.481,0.0,57.481,139,139,0,8
2022-01-10,1,1011010801,食用菌,1,46.232,0.0,46.232,122,122,0,3
2022-01-11,1,1011010101,花叶类,1,86.15,0.0,86.15,158,158,0,21
2022-01-11,1,1011010201,花菜类,1,54.466,0.0,54.466,92,92,0,1
2022-01-11,1,1011010402,水生根茎类,1,29.824,0.0,29.824,41,41,0,4
2022-01-11,1,1011010501,茄类,1,10.573,0.0,10.573,26,26,0,4
2022-01-11,1,1011010504,辣椒类,1,81.87,0.0,81.87,184,184,0,8
2022-01-11,1,1011010801,食用菌,1,33.489,0.0,33.489,69,69,0,6
2022-01-12,1,1011010101,花叶类,1,85.232,0.0,85.232,147,147,0,20
2022-01-12,1,1011010201,花菜类,1,35.007,0.0,35.007,67,67,0,1
2022-01-12,1,1011010402,水生根茎类,1,41.626,0.0,41.626,60,60,0,3
2022-01-12,1,1011010501,茄类,1,10.637,0.0,10.637,22,22,0,4
2022-01-12,1,1011010504,辣椒类,1,74.888,0.0,74.888,167,167,0,10
2022-01-12,1,1011010801,食用菌,1,46.619,0.0,46.619,89,89,0,5
2022-01-13,1,1011010101,花叶类,1,73.369,0.0,73.369,112,112,0,21
2022-01-13,1,1011010201,花菜类,1,21.816,0.0,21.816,47,47,0,1
2022-01-13,1,1011010402,水生根茎类,1,22.185,0.0,22.185,35,35,0,2
2022-01-13,1,1011010501,茄类,1,12.889,0.0,12.889,29,29,0,4
2022-01-13,1,1011010504,辣椒类,1,63.209,0.0,63.209,166,166,0,9
2022-01-13,1,1011010801,食用菌,1,48.916,0.0,48.916,92,92,0,9
2022-01-14,1,1011010101,花叶类,1,103.099,0.0,103.099,183,183,0,21
2022-01-14,1,1011010201,花菜类,1,23.405,0.0,23.405,48,48,0,1
2022-01-14,1,1011010402,水生根茎类,1,48.285,0.0,48.285,59,59,0,3
2022-01-14,1,1011010501,茄类,1,6.196,0.0,6.196,16,16,0,3
2022-01-14,1,1011010504,辣椒类,1,78.342,0.0,78.342,168,168,0,13
2022-01-14,1,1011010801,食用菌,1,53.083,0.0,53.083,106,106,0,9
2022-01-15,1,1011010101,花叶类,1,124.109,0.0,124.109,224,224,0,19
2022-01-15,1,1011010201,花菜类,1,37.538,0.0,37.538,79,79,0,1
2022-01-15,1,1011010402,水生根茎类,1,56.825,0.0,56.825,78,78,0,3
2022-01-15,1,1011010501,茄类,1,9.146,0.0,9.146,20,20,0,3
2022-01-15,1,1011010504,辣椒类,1,96.244,0.0,96.244,232,232,0,13
2022-01-15,1,1011010801,食用菌,1,49.827,0.0,49.827,84,84,0,8
2022-01-16,1,1011010101,花叶类,1,137.15,0.0,137.15,253,253,0,19
2022-01-16,1,1011010201,花菜类,1,58.007,0.0,58.007,85,85,0,1
2022-01-16,1,1011010402,水生根茎类,1,52.794,0.0,52.794,69,69,0,3
2022-01-16,1,1011010501,茄类,1,14.67,0.0,14.67,36,36,0,3
2022-01-16,1,1011010504,辣椒类,1,88.336,-1.0,87.336,210,209,1,11
2022-01-16,1,1011010801,食用菌,1,55.987,0.0,55.987,89,89,0,8
2022-01-17,1,1011010101,花叶类,1,90.383,0.0,90.383,167,167,0,18
2022-01-17,1,1011010201,花菜类,1,11.755,0.0,11.755,31,31,0,1
2022-01-17,1,1011010402,水生根茎类,1,42.312,0.0,42.312,56,56,0,3
2022-01-17,1,1011010501,茄类,1,10.665,0.0,10.665,24,24,0,3
2022-01-17,1,1011010504,辣椒类,1,47.324,0.0,47.324,118,118,0,10
2022-01-17,1,1011010801,食用菌,1,29.229,0.0,29.229,35,35,0,7
2022-01-18,1,1011010101,花叶类,1,85.852,0.0,85.852,140,140,0,18
2022-01-18,1,1011010201,花菜类,1,9.211,0.0,9.211,24,24,0,1
2022-01-18,1,1011010402,水生根茎类,1,32.418,0.0,32.418,44,44,0,2
2022-01-18,1,1011010501,茄类,1,8.478,0.0,8.478,18,18,0,3
2022-01-18,1,1011010504,辣椒类,1,56.238,0.0,56.238,138,138,0,10
2022-01-18,1,1011010801,食用菌,1,38.752,0.0,38.752,86,86,0,7
2022-01-19,1,1011010101,花叶类,1,129.677,0.0,129.677,207,207,0,20
2022-01-19,1,1011010201,花菜类,1,16.223,0.0,16.223,36,36,0,1
2022-01-19,1,1011010402,水生根茎类,1,50.389,0.0,50.389,61,61,0,2
2022-01-19,1,1011010501,茄类,1,4.206,0.0,4.206,10,10,0,4
2022-01-19,1,1011010504,辣椒类,1,55.99,0.0,55.99,153,153,0,14
2022-01-19,1,1011010801,食用菌,1,72.068,0.0,72.068,131,131,0,8
2022-01-20,1,1011010101,花叶类,1,134.88,0.0,134.88,237,237,0,19
2022-01-20,1,1011010201,花菜类,1,32.318,0.0,32.318,68,68,0,1
2022-01-20,1,1011010402,水生根茎类,1,55.56,0.0,55.56,67,67,0,2
2022-01-20,1,1011010501,茄类,1,22.912,0.0,22.912,53,53,0,4
2022-01-20,1,1011010504,辣椒类,1,68.17,0.0,68.17,158,158,0,13
2022-01-20,1,1011010801,食用菌,1,78.146,0.0,78.146,145,145,0,10
2022-01-21,1,1011010101,花叶类,1,146.062,0.0,146.062,260,260,0,20
2022-01-21,1,1011010201,花菜类,1,32.031,0.0,32.031,69,69,0,1
2022-01-21,1,1011010402,水生根茎类,1,58.294,0.0,58.294,74,74,0,2
2022-01-21,1,1011010501,茄类,1,23.798,0.0,23.798,55,55,0,3
2022-01-21,1,1011010504,辣椒类,1,81.348,0.0,81.348,183,183,0,14
2022-01-21,1,1011010801,食用菌,1,77.103,0.0,77.103,142,142,0,10
2022-01-22,1,1011010101,花叶类,1,210.297,0.0,210.297,416,416,0,21
2022-01-22,1,1011010201,花菜类,1,64.541,0.0,64.541,121,121,0,1
2022-01-22,1,1011010402,水生根茎类,1,64.682,0.0,64.682,76,76,0,2
2022-01-22,1,1011010501,茄类,1,22.592,0.0,22.592,46,46,0,4
2022-01-22,1,1011010504,辣椒类,1,103.68,0.0,103.68,235,235,0,11
2022-01-22,1,1011010801,食用菌,1,97.639,-0.306,97.333,185,184,1,8
2022-01-23,1,1011010101,花叶类,1,186.693,0.0,186.693,321,321,0,22
2022-01-23,1,1011010201,花菜类,1,74.249,0.0,74.249,137,137,0,2
2022-01-23,1,1011010402,水生根茎类,1,68.285,0.0,68.285,88,88,0,2
2022-01-23,1,1011010501,茄类,1,25.009,0.0,25.009,59,59,0,3
2022-01-23,1,1011010504,辣椒类,1,124.431,0.0,124.431,253,253,0,11
2022-01-23,1,1011010801,食用菌,1,89.483,0.0,89.483,175,175,0,6
2022-01-24,1,1011010101,花叶类,1,187.463,0.0,187.463,292,292,0,25
2022-01-24,1,1011010201,花菜类,1,22.147,0.0,22.147,45,45,0,1
2022-01-24,1,1011010402,水生根茎类,1,38.076,0.0,38.076,42,42,0,2
2022-01-24,1,1011010501,茄类,1,25.579,0.0,25.579,49,49,0,3
2022-01-24,1,1011010504,辣椒类,1,117.056,0.0,117.056,229,229,0,12
2022-01-24,1,1011010801,食用菌,1,68.443,0.0,68.443,163,163,0,7
2022-01-25,1,1011010101,花叶类,1,153.198,0.0,153.198,256,256,0,23
2022-01-25,1,1011010201,花菜类,1,48.877,0.0,48.877,86,86,0,1
2022-01-25,1,1011010402,水生根茎类,1,70.849,0.0,70.849,72,72,0,2
2022-01-25,1,1011010501,茄类,1,26.834,0.0,26.834,53,53,0,4
2022-01-25,1,1011010504,辣椒类,1,85.379,0.0,85.379,204,204,0,12
2022-01-25,1,1011010801,食用菌,1,83.043,0.0,83.043,176,176,0,7
2022-01-26,1,1011010101,花叶类,1,172.651,0.0,172.651,267,267,0,24
2022-01-26,1,1011010201,花菜类,1,32.217,0.0,32.217,63,63,0,1
2022-01-26,1,1011010402,水生根茎类,1,64.858,0.0,64.858,65,65,0,2
2022-01-26,1,1011010501,茄类,1,31.875,0.0,31.875,62,62,0,4
2022-01-26,1,1011010504,辣椒类,1,93.362,0.0,93.362,204,204,0,11
2022-01-26,1,1011010801,食用菌,1,87.094,0.0,87.094,148,148,0,8
2022-01-27,1,1011010101,花叶类,1,170.614,-1.111,169.503,251,250,1,22
2022-01-27,1,1011010201,花菜类,1,58.027,0.0,58.027,89,89,0,1
2022-01-27,1,1011010402,水生根茎类,1,95.025,0.0,95.025,86,86,0,3
2022-01-27,1,1011010501,茄类,1,21.963,0.0,21.963,43,43,0,4
2022-01-27,1,1011010504,辣椒类,1,157.221,-2.0,155.221,307,305,2,13
2022-01-27,1,1011010801,食用菌,1,66.621,0.0,66.621,117,117,0,8
2022-01-28,1,1011010101,花叶类,1,188.131,0.0,188.131,275,275,0,23
2022-01-28,1,1011010201,花菜类,1,85.253,0.0,85.253,124,124,0,1
2022-01-28,1,1011010402,水生根茎类,1,197.934,0.0,197.934,192,192,0,3
2022-01-28,1,1011010501,茄类,1,54.803,0.0,54.803,85,85,0,4
2022-01-28,1,1011010504,辣椒类,1,222.648,0.0,222.648,416,416,0,13
2022-01-28,1,1011010801,食用菌,1,144.04,0.0,144.04,200,200,0,9
2022-01-29,1,1011010101,花叶类,1,208.256,-0.585,207.671,334,333,1,15
2022-01-29,1,1011010201,花菜类,1,90.907,0.0,90.907,129,129,0,1
2022-01-29,1,1011010402,水生根茎类,1,200.905,0.0,200.905,211,211,0,3
2022-01-29,1,1011010501,茄类,1,86.261,-0.589,85.672,139,138,1,4
2022-01-29,1,1011010504,辣椒类,1,356.647,-0.616,356.031,752,751,1,14
2022-01-29,1,1011010801,食用菌,1,195.987,0.0,195.987,294,294,0,7
2022-01-30,1,1011010101,花叶类,1,229.022,0.0,229.022,399,399,0,15
2022-01-30,1,1011010201,花菜类,1,102.128,0.0,102.128,166,166,0,2
2022-01-30,1,1011010402,水生根茎类,1,234.678,0.0,234.678,249,249,0,3
2022-01-30,1,1011010501,茄类,1,88.028,0.0,88.028,142,142,0,4
2022-01-30,1,1011010504,辣椒类,1,403.185,0.0,403.185,906,906,0,13
2022-01-30,1,1011010801,食用菌,1,153.261,0.0,153.261,296,296,0,8
2022-01-31,0,1011010101,花叶类,0,,,,,,,
2022-01-31,0,1011010201,花菜类,0,,,,,,,
2022-01-31,0,1011010402,水生根茎类,0,,,,,,,
2022-01-31,0,1011010501,茄类,0,,,,,,,
2022-01-31,0,1011010504,辣椒类,0,,,,,,,
2022-01-31,0,1011010801,食用菌,0,,,,,,,
2022-02-01,1,1011010101,花叶类,1,63.003,0.0,63.003,130,130,0,12
2022-02-01,1,1011010201,花菜类,1,13.968,0.0,13.968,23,23,0,1
2022-02-01,1,1011010402,水生根茎类,1,38.25,0.0,38.25,48,48,0,3
2022-02-01,1,1011010501,茄类,1,18.86,0.0,18.86,37,37,0,4
2022-02-01,1,1011010504,辣椒类,1,52.92,0.0,52.92,165,165,0,9
2022-02-01,1,1011010801,食用菌,1,46.534,0.0,46.534,78,78,0,8
2022-02-02,1,1011010101,花叶类,1,88.412,0.0,88.412,177,177,0,13
2022-02-02,1,1011010201,花菜类,1,38.729,0.0,38.729,67,67,0,1
2022-02-02,1,1011010402,水生根茎类,1,37.868,0.0,37.868,46,46,0,2
2022-02-02,1,1011010501,茄类,1,29.266,0.0,29.266,58,58,0,3
2022-02-02,1,1011010504,辣椒类,1,89.27,0.0,89.27,264,264,0,9
2022-02-02,1,1011010801,食用菌,1,104.522,0.0,104.522,156,156,0,7
2022-02-03,1,1011010101,花叶类,1,116.536,0.0,116.536,194,194,0,12
2022-02-03,1,1011010201,花菜类,1,26.229,0.0,26.229,54,54,0,1
2022-02-03,1,1011010402,水生根茎类,1,7.01,0.0,7.01,10,10,0,2
2022-02-03,1,1011010501,茄类,1,51.215,0.0,51.215,91,91,0,3
2022-02-03,1,1011010504,辣椒类,1,125.952,0.0,125.952,344,344,0,9
2022-02-03,1,1011010801,食用菌,1,46.152,0.0,46.152,101,101,0,7
2022-02-04,1,1011010101,花叶类,1,216.497,0.0,216.497,347,347,0,20
2022-02-04,1,1011010201,花菜类,1,48.036,0.0,48.036,97,97,0,1
2022-02-04,1,1011010402,水生根茎类,1,55.923,0.0,55.923,56,56,0,2
2022-02-04,1,1011010501,茄类,1,49.812,0.0,49.812,105,105,0,4
2022-02-04,1,1011010504,辣椒类,1,168.229,0.0,168.229,456,456,0,11
2022-02-04,1,1011010801,食用菌,1,62.232,0.0,62.232,107,107,0,7
2022-02-05,1,1011010101,花叶类,1,208.189,0.0,208.189,356,356,0,22
2022-02-05,1,1011010201,花菜类,1,45.665,0.0,45.665,93,93,0,1
2022-02-05,1,1011010402,水生根茎类,1,2.203,0.0,2.203,5,5,0,3
2022-02-05,1,1011010501,茄类,1,43.637,0.0,43.637,82,82,0,2
2022-02-05,1,1011010504,辣椒类,1,79.349,0.0,79.349,193,193,0,13
2022-02-05,1,1011010801,食用菌,1,94.217,0.0,94.217,142,142,0,10
2022-02-06,1,1011010101,花叶类,1,219.985,0.0,219.985,395,395,0,19
2022-02-06,1,1011010201,花菜类,1,52.784,0.0,52.784,115,115,0,1
2022-02-06,1,1011010402,水生根茎类,1,66.88,0.0,66.88,89,89,0,2
2022-02-06,1,1011010501,茄类,1,38.299,0.0,38.299,86,86,0,3
2022-02-06,1,1011010504,辣椒类,1,127.903,0.0,127.903,261,261,0,8
2022-02-06,1,1011010801,食用菌,1,90.519,0.0,90.519,133,133,0,9
2022-02-07,1,1011010101,花叶类,1,160.054,0.0,160.054,253,253,0,17
2022-02-07,1,1011010201,花菜类,1,43.144,0.0,43.144,99,99,0,1
2022-02-07,1,1011010402,水生根茎类,1,41.735,0.0,41.735,58,58,0,2
2022-02-07,1,1011010501,茄类,1,25.718,0.0,25.718,63,63,0,3
2022-02-07,1,1011010504,辣椒类,1,105.783,0.0,105.783,229,229,0,12
2022-02-07,1,1011010801,食用菌,1,89.43,0.0,89.43,135,135,0,10
2022-02-08,1,1011010101,花叶类,1,162.297,0.0,162.297,281,281,0,19
2022-02-08,1,1011010201,花菜类,1,44.616,0.0,44.616,83,83,0,2
2022-02-08,1,1011010402,水生根茎类,1,29.778,0.0,29.778,35,35,0,2
2022-02-08,1,1011010501,茄类,1,28.361,0.0,28.361,63,63,0,3
2022-02-08,1,1011010504,辣椒类,1,83.106,0.0,83.106,168,168,0,13
2022-02-08,1,1011010801,食用菌,1,48.124,0.0,48.124,77,77,0,10
2022-02-09,1,1011010101,花叶类,1,138.288,0.0,138.288,235,235,0,20
2022-02-09,1,1011010201,花菜类,1,25.255,0.0,25.255,61,61,0,1
2022-02-09,1,1011010402,水生根茎类,1,30.194,0.0,30.194,41,41,0,2
2022-02-09,1,1011010501,茄类,1,17.827,0.0,17.827,40,40,0,3
2022-02-09,1,1011010504,辣椒类,1,81.859,0.0,81.859,153,153,0,13
2022-02-09,1,1011010801,食用菌,1,54.398,0.0,54.398,84,84,0,11
2022-02-10,1,1011010101,花叶类,1,116.133,0.0,116.133,180,180,0,18
2022-02-10,1,1011010201,花菜类,1,23.057,0.0,23.057,51,51,0,1
2022-02-10,1,1011010402,水生根茎类,1,29.54,0.0,29.54,35,35,0,2
2022-02-10,1,1011010501,茄类,1,18.122,0.0,18.122,37,37,0,3
2022-02-10,1,1011010504,辣椒类,1,95.39,0.0,95.39,155,155,0,12
2022-02-10,1,1011010801,食用菌,1,45.478,0.0,45.478,72,72,0,9
2022-02-11,1,1011010101,花叶类,1,132.508,0.0,132.508,213,213,0,19
2022-02-11,1,1011010201,花菜类,1,24.982,0.0,24.982,55,55,0,1
2022-02-11,1,1011010402,水生根茎类,1,38.286,0.0,38.286,53,53,0,2
2022-02-11,1,1011010501,茄类,1,16.356,0.0,16.356,39,39,0,3
2022-02-11,1,1011010504,辣椒类,1,80.496,0.0,80.496,142,142,0,12
2022-02-11,1,1011010801,食用菌,1,44.35,0.0,44.35,70,70,0,8
2022-02-12,1,1011010101,花叶类,1,154.467,0.0,154.467,262,262,0,20
2022-02-12,1,1011010201,花菜类,1,35.481,0.0,35.481,78,78,0,1
2022-02-12,1,1011010402,水生根茎类,1,58.417,0.0,58.417,71,71,0,3
2022-02-12,1,1011010501,茄类,1,19.233,0.0,19.233,46,46,0,2
2022-02-12,1,1011010504,辣椒类,1,63.244,0.0,63.244,129,129,0,12
2022-02-12,1,1011010801,食用菌,1,44.628,0.0,44.628,75,75,0,8
2022-02-13,1,1011010101,花叶类,1,165.85,0.0,165.85,275,275,0,19
2022-02-13,1,1011010201,花菜类,1,37.882,0.0,37.882,78,78,0,1
2022-02-13,1,1011010402,水生根茎类,1,38.757,0.0,38.757,52,52,0,4
2022-02-13,1,1011010501,茄类,1,18.593,0.0,18.593,41,41,0,2
2022-02-13,1,1011010504,辣椒类,1,53.381,0.0,53.381,131,131,0,12
2022-02-13,1,1011010801,食用菌,1,62.028,0.0,62.028,87,87,0,7
2022-02-14,1,1011010101,花叶类,1,150.014,0.0,150.014,217,217,0,17
2022-02-14,1,1011010201,花菜类,1,35.754,0.0,35.754,80,80,0,1
2022-02-14,1,1011010402,水生根茎类,1,24.829,0.0,24.829,35,35,0,2
2022-02-14,1,1011010501,茄类,1,22.165,0.0,22.165,50,50,0,2
2022-02-14,1,1011010504,辣椒类,1,56.165,0.0,56.165,112,112,0,13
2022-02-14,1,1011010801,食用菌,1,43.618,0.0,43.618,82,82,0,8
2022-02-15,1,1011010101,花叶类,1,154.453,0.0,154.453,262,262,0,18
2022-02-15,1,1011010201,花菜类,1,30.547,0.0,30.547,70,70,0,1
2022-02-15,1,1011010402,水生根茎类,1,50.087,0.0,50.087,68,68,0,3
2022-02-15,1,1011010501,茄类,1,13.33,0.0,13.33,28,28,0,3
2022-02-15,1,1011010504,辣椒类,1,65.561,0.0,65.561,128,128,0,10
2022-02-15,1,1011010801,食用菌,1,54.996,0.0,54.996,87,87,0,8
2022-02-16,1,1011010101,花叶类,1,99.015,0.0,99.015,135,135,0,13
2022-02-16,1,1011010201,花菜类,1,21.875,0.0,21.875,47,47,0,1
2022-02-16,1,1011010402,水生根茎类,1,25.24,0.0,25.24,35,35,0,3
2022-02-16,1,1011010501,茄类,1,8.002,0.0,8.002,20,20,0,1
2022-02-16,1,1011010504,辣椒类,1,50.306,0.0,50.306,73,73,0,9
2022-02-16,1,1011010801,食用菌,1,19.235,0.0,19.235,42,42,0,8
2022-02-17,1,1011010101,花叶类,1,112.077,0.0,112.077,172,172,0,14
2022-02-17,1,1011010201,花菜类,1,20.645,0.0,20.645,47,47,0,1
2022-02-17,1,1011010402,水生根茎类,1,38.54,0.0,38.54,55,55,0,3
2022-02-17,1,1011010501,茄类,1,16.258,0.0,16.258,37,37,0,2
2022-02-17,1,1011010504,辣椒类,1,66.319,-1.359,64.96,100,99,1,12
2022-02-17,1,1011010801,食用菌,1,28.335,0.0,28.335,56,56,0,6
2022-02-18,1,1011010101,花叶类,1,98.783,0.0,98.783,163,163,0,17
2022-02-18,1,1011010201,花菜类,1,24.401,0.0,24.401,52,52,0,1
2022-02-18,1,1011010402,水生根茎类,1,34.695,0.0,34.695,41,41,0,2
2022-02-18,1,1011010501,茄类,1,13.181,0.0,13.181,33,33,0,2
2022-02-18,1,1011010504,辣椒类,1,77.479,0.0,77.479,125,125,0,14
2022-02-18,1,1011010801,食用菌,1,44.249,0.0,44.249,80,80,0,6
2022-02-19,1,1011010101,花叶类,1,120.64,0.0,120.64,223,223,0,18
2022-02-19,1,1011010201,花菜类,1,49.665,0.0,49.665,88,88,0,1
2022-02-19,1,1011010402,水生根茎类,1,38.763,0.0,38.763,60,60,0,2
2022-02-19,1,1011010501,茄类,1,19.604,0.0,19.604,52,52,0,3
2022-02-19,1,1011010504,辣椒类,1,84.409,0.0,84.409,135,135,0,16
2022-02-19,1,1011010801,食用菌,1,49.453,0.0,49.453,85,85,0,5
2022-02-20,1,1011010101,花叶类,1,105.918,0.0,105.918,198,198,0,15
2022-02-20,1,1011010201,花菜类,1,36.386,0.0,36.386,67,67,0,2
2022-02-20,1,1011010402,水生根茎类,1,35.58,0.0,35.58,50,50,0,1
2022-02-20,1,1011010501,茄类,1,19.499,0.0,19.499,45,45,0,2
2022-02-20,1,1011010504,辣椒类,1,80.204,0.0,80.204,169,169,0,12
2022-02-20,1,1011010801,食用菌,1,29.076,0.0,29.076,56,56,0,5
2022-02-21,1,1011010101,花叶类,1,85.387,0.0,85.387,133,133,0,15
2022-02-21,1,1011010201,花菜类,1,28.045,0.0,28.045,53,53,0,1
2022-02-21,1,1011010402,水生根茎类,1,26.034,0.0,26.034,36,36,0,1
2022-02-21,1,1011010501,茄类,1,12.819,0.0,12.819,29,29,0,3
2022-02-21,1,1011010504,辣椒类,1,54.127,0.0,54.127,117,117,0,12
2022-02-21,1,1011010801,食用菌,1,11.197,0.0,11.197,29,29,0,4
2022-02-22,1,1011010101,花叶类,1,78.356,0.0,78.356,132,132,0,15
2022-02-22,1,1011010201,花菜类,1,21.47,0.0,21.47,44,44,0,1
2022-02-22,1,1011010402,水生根茎类,1,25.201,0.0,25.201,42,42,0,1
2022-02-22,1,1011010501,茄类,1,14.993,0.0,14.993,32,32,0,2
2022-02-22,1,1011010504,辣椒类,1,83.428,0.0,83.428,161,161,0,15
2022-02-22,1,1011010801,食用菌,1,14.499,0.0,14.499,42,42,0,3
2022-02-23,1,1011010101,花叶类,1,65.21,0.0,65.21,113,113,0,19
2022-02-23,1,1011010201,花菜类,1,28.796,0.0,28.796,65,65,0,1
2022-02-23,1,1011010402,水生根茎类,1,17.076,0.0,17.076,27,27,0,1
2022-02-23,1,1011010501,茄类,1,10.987,0.0,10.987,27,27,0,4
2022-02-23,1,1011010504,辣椒类,1,46.044,0.0,46.044,68,68,0,13
2022-02-23,1,1011010801,食用菌,1,16.979,0.0,16.979,31,31,0,5
2022-02-24,1,1011010101,花叶类,1,75.146,0.0,75.146,125,125,0,15
2022-02-24,1,1011010201,花菜类,1,34.624,0.0,34.624,69,69,0,1
2022-02-24,1,1011010402,水生根茎类,1,19.778,0.0,19.778,29,29,0,1
2022-02-24,1,1011010501,茄类,1,11.295,0.0,11.295,26,26,0,3
2022-02-24,1,1011010504,辣椒类,1,60.707,0.0,60.707,122,122,0,13
2022-02-24,1,1011010801,食用菌,1,27.097,0.0,27.097,49,49,0,5
2022-02-25,1,1011010101,花叶类,1,96.432,0.0,96.432,175,175,0,16
2022-02-25,1,1011010201,花菜类,1,25.668,0.0,25.668,51,51,0,1
2022-02-25,1,1011010402,水生根茎类,1,43.644,0.0,43.644,54,54,0,2
2022-02-25,1,1011010501,茄类,1,15.162,0.0,15.162,34,34,0,3
2022-02-25,1,1011010504,辣椒类,1,66.539,0.0,66.539,145,145,0,13
2022-02-25,1,1011010801,食用菌,1,33.498,0.0,33.498,70,70,0,5
2022-02-26,1,1011010101,花叶类,1,118.507,0.0,118.507,239,239,0,17
2022-02-26,1,1011010201,花菜类,1,29.244,0.0,29.244,61,61,0,1
2022-02-26,1,1011010402,水生根茎类,1,40.831,0.0,40.831,60,60,0,1
2022-02-26,1,1011010501,茄类,1,22.413,0.0,22.413,49,49,0,4
2022-02-26,1,1011010504,辣椒类,1,96.277,0.0,96.277,213,213,0,16
2022-02-26,1,1011010801,食用菌,1,44.56,0.0,44.56,73,73,0,6
2022-02-27,1,1011010101,花叶类,1,94.607,0.0,94.607,195,195,0,15
2022-02-27,1,1011010201,花菜类,1,34.072,0.0,34.072,70,70,0,1
2022-02-27,1,1011010402,水生根茎类,1,33.609,-0.603,33.006,56,55,1,1
2022-02-27,1,1011010501,茄类,1,17.194,0.0,17.194,43,43,0,3
2022-02-27,1,1011010504,辣椒类,1,90.842,0.0,90.842,204,204,0,13
2022-02-27,1,1011010801,食用菌,1,30.748,-1.0,29.748,60,59,1,5
2022-02-28,1,1011010101,花叶类,1,77.285,0.0,77.285,167,167,0,18
2022-02-28,1,1011010201,花菜类,1,22.582,0.0,22.582,45,45,0,1
2022-02-28,1,1011010402,水生根茎类,1,29.583,-1.745,27.838,32,31,1,1
2022-02-28,1,1011010501,茄类,1,14.358,0.0,14.358,36,36,0,3
2022-02-28,1,1011010504,辣椒类,1,66.122,0.0,66.122,144,144,0,14
2022-02-28,1,1011010801,食用菌,1,11.887,0.0,11.887,35,35,0,4
2022-03-01,1,1011010101,花叶类,1,75.286,0.0,75.286,149,149,0,17
2022-03-01,1,1011010201,花菜类,1,22.944,0.0,22.944,44,44,0,1
2022-03-01,1,1011010402,水生根茎类,1,5.051,0.0,5.051,8,8,0,1
2022-03-01,1,1011010501,茄类,1,13.075,0.0,13.075,31,31,0,3
2022-03-01,1,1011010504,辣椒类,1,60.582,0.0,60.582,138,138,0,14
2022-03-01,1,1011010801,食用菌,1,18.112,0.0,18.112,39,39,0,5
2022-03-02,1,1011010101,花叶类,1,70.109,0.0,70.109,134,134,0,17
2022-03-02,1,1011010201,花菜类,1,18.905,0.0,18.905,42,42,0,1
2022-03-02,1,1011010402,水生根茎类,1,23.171,0.0,23.171,33,33,0,1
2022-03-02,1,1011010501,茄类,1,8.61,0.0,8.61,21,21,0,4
2022-03-02,1,1011010504,辣椒类,1,69.755,0.0,69.755,140,140,0,16
2022-03-02,1,1011010801,食用菌,1,17.916,0.0,17.916,42,42,0,4
2022-03-03,1,1011010101,花叶类,1,62.041,0.0,62.041,131,131,0,18
2022-03-03,1,1011010201,花菜类,1,21.88,0.0,21.88,42,42,0,1
2022-03-03,1,1011010402,水生根茎类,1,27.705,0.0,27.705,40,40,0,1
2022-03-03,1,1011010501,茄类,1,14.025,0.0,14.025,31,31,0,2
2022-03-03,1,1011010504,辣椒类,1,54.075,0.0,54.075,126,126,0,14
2022-03-03,1,1011010801,食用菌,1,15.525,0.0,15.525,34,34,0,6
2022-03-04,1,1011010101,花叶类,1,78.622,0.0,78.622,140,140,0,17
2022-03-04,1,1011010201,花菜类,1,20.119,0.0,20.119,48,48,0,1
2022-03-04,1,1011010402,水生根茎类,1,21.276,0.0,21.276,29,29,0,1
2022-03-04,1,1011010501,茄类,1,9.297,0.0,9.297,21,21,0,3
2022-03-04,1,1011010504,辣椒类,1,72.59,0.0,72.59,134,134,0,17
2022-03-04,1,1011010801,食用菌,1,28.908,0.0,28.908,55,55,0,5
2022-03-05,1,1011010101,花叶类,1,125.495,0.0,125.495,236,236,0,19
2022-03-05,1,1011010201,花菜类,1,29.269,0.0,29.269,60,60,0,1
2022-03-05,1,1011010402,水生根茎类,1,44.23,0.0,44.23,61,61,0,1
2022-03-05,1,1011010501,茄类,1,14.836,0.0,14.836,39,39,0,4
2022-03-05,1,1011010504,辣椒类,1,103.358,-1.0,102.358,222,221,1,19
2022-03-05,1,1011010801,食用菌,1,33.725,0.0,33.725,65,65,0,7
2022-03-06,1,1011010101,花叶类,1,141.174,0.0,141.174,284,284,0,18
2022-03-06,1,1011010201,花菜类,1,31.384,0.0,31.384,64,64,0,2
2022-03-06,1,1011010402,水生根茎类,1,47.119,0.0,47.119,70,70,0,1
2022-03-06,1,1011010501,茄类,1,19.161,0.0,19.161,38,38,0,3
2022-03-06,1,1011010504,辣椒类,1,81.904,0.0,81.904,194,194,0,17
2022-03-06,1,1011010801,食用菌,1,39.323,0.0,39.323,82,82,0,5
2022-03-07,1,1011010101,花叶类,1,76.686,0.0,76.686,149,149,0,17
2022-03-07,1,1011010201,花菜类,1,0.632,0.0,0.632,2,2,0,1
2022-03-07,1,1011010402,水生根茎类,1,24.482,0.0,24.482,35,35,0,1
2022-03-07,1,1011010501,茄类,1,11.448,0.0,11.448,27,27,0,3
2022-03-07,1,1011010504,辣椒类,1,52.889,0.0,52.889,102,102,0,18
2022-03-07,1,1011010801,食用菌,1,12.626,0.0,12.626,27,27,0,4
2022-03-08,1,1011010101,花叶类,1,82.174,0.0,82.174,162,162,0,17
2022-03-08,1,1011010201,花菜类,1,14.951,0.0,14.951,30,30,0,1
2022-03-08,1,1011010402,水生根茎类,1,6.754,0.0,6.754,9,9,0,1
2022-03-08,1,1011010501,茄类,1,9.594,0.0,9.594,23,23,0,3
2022-03-08,1,1011010504,辣椒类,1,71.127,0.0,71.127,135,135,0,18
2022-03-08,1,1011010801,食用菌,1,14.096,0.0,14.096,41,41,0,5
2022-03-09,1,1011010101,花叶类,1,66.059,0.0,66.059,129,129,0,14
2022-03-09,1,1011010201,花菜类,1,15.084,0.0,15.084,32,32,0,1
2022-03-09,1,1011010402,水生根茎类,1,17.2,0.0,17.2,24,24,0,1
2022-03-09,1,1011010501,茄类,1,8.401,0.0,8.401,21,21,0,3
2022-03-09,1,1011010504,辣椒类,1,62.036,0.0,62.036,130,130,0,18
2022-03-09,1,1011010801,食用菌,1,21.91,0.0,21.91,37,37,0,7
2022-03-10,1,1011010101,花叶类,1,73.508,0.0,73.508,141,141,0,16
2022-03-10,1,1011010201,花菜类,1,16.971,0.0,16.971,39,39,0,1
2022-03-10,1,1011010402,水生根茎类,1,16.626,0.0,16.626,26,26,0,1
2022-03-10,1,1011010501,茄类,1,10.189,0.0,10.189,23,23,0,3
2022-03-10,1,1011010504,辣椒类,1,57.407,0.0,57.407,112,112,0,17
2022-03-10,1,1011010801,食用菌,1,14.375,0.0,14.375,28,28,0,4
2022-03-11,1,1011010101,花叶类,1,88.822,0.0,88.822,176,176,0,20
2022-03-11,1,1011010201,花菜类,1,19.221,0.0,19.221,48,48,0,2
2022-03-11,1,1011010402,水生根茎类,1,29.63,0.0,29.63,40,40,0,1
2022-03-11,1,1011010501,茄类,1,15.262,0.0,15.262,38,38,0,3
2022-03-11,1,1011010504,辣椒类,1,53.281,0.0,53.281,104,104,0,15
2022-03-11,1,1011010801,食用菌,1,11.525,0.0,11.525,36,36,0,3
2022-03-12,1,1011010101,花叶类,1,129.766,0.0,129.766,247,247,0,16
2022-03-12,1,1011010201,花菜类,1,27.529,0.0,27.529,58,58,0,2
2022-03-12,1,1011010402,水生根茎类,1,37.329,0.0,37.329,48,48,0,1
2022-03-12,1,1011010501,茄类,1,24.795,0.0,24.795,54,54,0,3
2022-03-12,1,1011010504,辣椒类,1,95.029,0.0,95.029,209,209,0,16
2022-03-12,1,1011010801,食用菌,1,23.441,0.0,23.441,52,52,0,4
2022-03-13,1,1011010101,花叶类,1,101.51,0.0,101.51,182,182,0,19
2022-03-13,1,1011010201,花菜类,1,30.393,0.0,30.393,61,61,0,1
2022-03-13,1,1011010402,水生根茎类,1,28.204,0.0,28.204,41,41,0,1
2022-03-13,1,1011010501,茄类,1,19.47,0.0,19.47,46,46,0,3
2022-03-13,1,1011010504,辣椒类,1,77.903,0.0,77.903,175,175,0,16
2022-03-13,1,1011010801,食用菌,1,25.827,0.0,25.827,68,68,0,7
2022-03-14,1,1011010101,花叶类,1,98.279,0.0,98.279,168,168,0,22
2022-03-14,1,1011010201,花菜类,1,9.127,0.0,9.127,19,19,0,1
2022-03-14,1,1011010402,水生根茎类,1,15.345,0.0,15.345,24,24,0,1
2022-03-14,1,1011010501,茄类,1,12.678,0.0,12.678,30,30,0,2
2022-03-14,1,1011010504,辣椒类,1,96.701,0.0,96.701,176,176,0,17
2022-03-14,1,1011010801,食用菌,1,13.799,0.0,13.799,28,28,0,4
2022-03-15,1,1011010101,花叶类,1,102.329,0.0,102.329,165,165,0,25
2022-03-15,1,1011010201,花菜类,1,7.721,0.0,7.721,14,14,0,1
2022-03-15,1,1011010402,水生根茎类,1,15.026,0.0,15.026,22,22,0,2
2022-03-15,1,1011010501,茄类,1,12.816,0.0,12.816,32,32,0,3
2022-03-15,1,1011010504,辣椒类,1,80.283,0.0,80.283,165,165,0,18
2022-03-15,1,1011010801,食用菌,1,17.42,0.0,17.42,47,47,0,7
2022-03-16,1,1011010101,花叶类,1,105.619,0.0,105.619,190,190,0,26
2022-03-16,1,1011010201,花菜类,1,11.877,0.0,11.877,25,25,0,2
2022-03-16,1,1011010402,水生根茎类,1,16.886,0.0,16.886,22,22,0,1
2022-03-16,1,1011010501,茄类,1,12.564,0.0,12.564,30,30,0,3
2022-03-16,1,1011010504,辣椒类,1,72.957,0.0,72.957,152,152,0,19
2022-03-16,1,1011010801,食用菌,1,17.088,0.0,17.088,50,50,0,8
2022-03-17,1,1011010101,花叶类,1,108.394,0.0,108.394,186,186,0,25
2022-03-17,1,1011010201,花菜类,1,12.813,0.0,12.813,25,25,0,1
2022-03-17,1,1011010402,水生根茎类,1,30.851,0.0,30.851,44,44,0,2
2022-03-17,1,1011010501,茄类,1,15.834,0.0,15.834,37,37,0,4
2022-03-17,1,1011010504,辣椒类,1,84.519,0.0,84.519,157,157,0,16
2022-03-17,1,1011010801,食用菌,1,22.721,0.0,22.721,57,57,0,6
2022-03-18,1,1011010101,花叶类,1,112.098,0.0,112.098,206,206,0,25
2022-03-18,1,1011010201,花菜类,1,14.473,0.0,14.473,30,30,0,1
2022-03-18,1,1011010402,水生根茎类,1,28.674,0.0,28.674,52,52,0,2
2022-03-18,1,1011010501,茄类,1,16.346,0.0,16.346,39,39,0,3
2022-03-18,1,1011010504,辣椒类,1,94.461,0.0,94.461,206,206,0,15
2022-03-18,1,1011010801,食用菌,1,29.952,0.0,29.952,43,43,0,10
2022-03-19,1,1011010101,花叶类,1,201.276,0.0,201.276,406,406,0,25
2022-03-19,1,1011010201,花菜类,1,24.298,0.0,24.298,50,50,0,1
2022-03-19,1,1011010402,水生根茎类,1,45.815,0.0,45.815,56,56,0,1
2022-03-19,1,1011010501,茄类,1,26.011,0.0,26.011,67,67,0,4
2022-03-19,1,1011010504,辣椒类,1,130.315,-1.0,129.315,263,262,1,17
2022-03-19,1,1011010801,食用菌,1,49.829,0.0,49.829,78,78,0,7
2022-03-20,1,1011010101,花叶类,1,173.788,0.0,173.788,357,357,0,25
2022-03-20,1,1011010201,花菜类,1,16.749,0.0,16.749,35,35,0,1
2022-03-20,1,1011010402,水生根茎类,1,43.592,0.0,43.592,66,66,0,2
2022-03-20,1,1011010501,茄类,1,21.443,0.0,21.443,55,55,0,3
2022-03-20,1,1011010504,辣椒类,1,105.566,0.0,105.566,260,260,0,15
2022-03-20,1,1011010801,食用菌,1,43.0,0.0,43.0,97,97,0,6
2022-03-21,1,1011010101,花叶类,1,192.734,0.0,192.734,381,381,0,25
2022-03-21,1,1011010201,花菜类,1,13.613,0.0,13.613,23,23,0,1
2022-03-21,1,1011010402,水生根茎类,1,25.391,0.0,25.391,35,35,0,1
2022-03-21,1,1011010501,茄类,1,25.338,0.0,25.338,59,59,0,3
2022-03-21,1,1011010504,辣椒类,1,72.925,0.0,72.925,153,153,0,14
2022-03-21,1,1011010801,食用菌,1,28.074,0.0,28.074,65,65,0,8
2022-03-22,1,1011010101,花叶类,1,133.244,0.0,133.244,268,268,0,23
2022-03-22,1,1011010201,花菜类,1,16.239,0.0,16.239,28,28,0,1
2022-03-22,1,1011010402,水生根茎类,1,27.306,0.0,27.306,38,38,0,1
2022-03-22,1,1011010501,茄类,1,21.947,0.0,21.947,56,56,0,3
2022-03-22,1,1011010504,辣椒类,1,87.671,0.0,87.671,173,173,0,12
2022-03-22,1,1011010801,食用菌,1,31.656,0.0,31.656,71,71,0,9
2022-03-23,1,1011010101,花叶类,1,89.497,-0.686,88.811,175,174,1,19
2022-03-23,1,1011010201,花菜类,1,7.625,0.0,7.625,14,14,0,1
2022-03-23,1,1011010402,水生根茎类,1,15.255,0.0,15.255,30,30,0,2
2022-03-23,1,1011010501,茄类,1,17.569,0.0,17.569,48,48,0,2
2022-03-23,1,1011010504,辣椒类,1,82.278,0.0,82.278,167,167,0,15
2022-03-23,1,1011010801,食用菌,1,28.279,0.0,28.279,69,69,0,7
2022-03-24,1,1011010101,花叶类,1,106.202,0.0,106.202,193,193,0,24
2022-03-24,1,1011010201,花菜类,1,7.711,0.0,7.711,15,15,0,1
2022-03-24,1,1011010402,水生根茎类,1,16.899,0.0,16.899,25,25,0,1
2022-03-24,1,1011010501,茄类,1,16.036,0.0,16.036,37,37,0,4
2022-03-24,1,1011010504,辣椒类,1,48.68,0.0,48.68,108,108,0,14
2022-03-24,1,1011010801,食用菌,1,18.106,0.0,18.106,41,41,0,6
2022-03-25,1,1011010101,花叶类,1,132.493,0.0,132.493,220,220,0,25
2022-03-25,1,1011010201,花菜类,1,14.528,0.0,14.528,25,25,0,2
2022-03-25,1,1011010402,水生根茎类,1,43.221,0.0,43.221,60,60,0,3
2022-03-25,1,1011010501,茄类,1,17.128,0.0,17.128,39,39,0,3
2022-03-25,1,1011010504,辣椒类,1,74.387,0.0,74.387,139,139,0,14
2022-03-25,1,1011010801,食用菌,1,43.386,0.0,43.386,75,75,0,8
2022-03-26,1,1011010101,花叶类,1,152.529,0.0,152.529,342,342,0,24
2022-03-26,1,1011010201,花菜类,1,16.707,0.0,16.707,30,30,0,1
2022-03-26,1,1011010402,水生根茎类,1,43.227,0.0,43.227,60,60,0,3
2022-03-26,1,1011010501,茄类,1,23.286,0.0,23.286,60,60,0,2
2022-03-26,1,1011010504,辣椒类,1,94.554,0.0,94.554,194,194,0,12
2022-03-26,1,1011010801,食用菌,1,43.183,0.0,43.183,101,101,0,6
2022-03-27,1,1011010101,花叶类,1,140.651,0.0,140.651,291,291,0,25
2022-03-27,1,1011010201,花菜类,1,11.68,0.0,11.68,25,25,0,1
2022-03-27,1,1011010402,水生根茎类,1,41.214,0.0,41.214,46,46,0,2
2022-03-27,1,1011010501,茄类,1,26.977,0.0,26.977,58,58,0,3
2022-03-27,1,1011010504,辣椒类,1,89.283,0.0,89.283,190,190,0,16
2022-03-27,1,1011010801,食用菌,1,24.078,0.0,24.078,54,54,0,8
2022-03-28,1,1011010101,花叶类,1,85.85,0.0,85.85,138,138,0,21
2022-03-28,1,1011010201,花菜类,1,2.089,0.0,2.089,3,3,0,1
2022-03-28,1,1011010402,水生根茎类,1,19.777,0.0,19.777,34,34,0,3
2022-03-28,1,1011010501,茄类,1,15.998,0.0,15.998,37,37,0,3
2022-03-28,1,1011010504,辣椒类,1,64.16,0.0,64.16,123,123,0,15
2022-03-28,1,1011010801,食用菌,1,21.238,0.0,21.238,44,44,0,6
2022-03-29,1,1011010101,花叶类,1,75.286,0.0,75.286,163,163,0,23
2022-03-29,1,1011010201,花菜类,0,0.0,0.0,0.0,0,0,0,0
2022-03-29,1,1011010402,水生根茎类,1,18.541,0.0,18.541,29,29,0,3
2022-03-29,1,1011010501,茄类,1,13.184,0.0,13.184,32,32,0,3
2022-03-29,1,1011010504,辣椒类,1,65.004,0.0,65.004,126,126,0,14
2022-03-29,1,1011010801,食用菌,1,26.983,0.0,26.983,56,56,0,8
2022-03-30,1,1011010101,花叶类,1,86.195,0.0,86.195,180,180,0,23
2022-03-30,1,1011010201,花菜类,1,30.3,0.0,30.3,54,54,0,1
2022-03-30,1,1011010402,水生根茎类,1,27.389,0.0,27.389,39,39,0,3
2022-03-30,1,1011010501,茄类,1,17.223,0.0,17.223,40,40,0,3
2022-03-30,1,1011010504,辣椒类,1,69.721,0.0,69.721,137,137,0,15
2022-03-30,1,1011010801,食用菌,1,22.45,0.0,22.45,59,59,0,7
2022-03-31,1,1011010101,花叶类,1,92.587,0.0,92.587,166,166,0,27
2022-03-31,1,1011010201,花菜类,1,25.097,0.0,25.097,49,49,0,1
2022-03-31,1,1011010402,水生根茎类,1,30.993,0.0,30.993,43,43,0,3
2022-03-31,1,1011010501,茄类,1,10.145,0.0,10.145,23,23,0,3
2022-03-31,1,1011010504,辣椒类,1,54.92,0.0,54.92,108,108,0,13
2022-03-31,1,1011010801,食用菌,1,26.203,0.0,26.203,57,57,0,6
2022-04-01,1,1011010101,花叶类,1,130.262,0.0,130.262,231,231,0,23
2022-04-01,1,1011010201,花菜类,1,26.303,-0.602,25.701,49,48,1,1
2022-04-01,1,1011010402,水生根茎类,1,25.437,0.0,25.437,33,33,0,2
2022-04-01,1,1011010501,茄类,1,16.697,0.0,16.697,39,39,0,2
2022-04-01,1,1011010504,辣椒类,1,80.48,0.0,80.48,138,138,0,14
2022-04-01,1,1011010801,食用菌,1,19.915,0.0,19.915,56,56,0,7
2022-04-02,1,1011010101,花叶类,1,133.168,0.0,133.168,236,236,0,27
2022-04-02,1,1011010201,花菜类,1,26.163,0.0,26.163,49,49,0,1
2022-04-02,1,1011010402,水生根茎类,1,34.452,0.0,34.452,51,51,0,3
2022-04-02,1,1011010501,茄类,1,18.016,0.0,18.016,41,41,0,3
2022-04-02,1,1011010504,辣椒类,1,71.349,0.0,71.349,132,132,0,15
2022-04-02,1,1011010801,食用菌,1,30.03,0.0,30.03,62,62,0,6
2022-04-03,1,1011010101,花叶类,1,111.538,0.0,111.538,208,208,0,26
2022-04-03,1,1011010201,花菜类,1,16.438,0.0,16.438,28,28,0,1
2022-04-03,1,1011010402,水生根茎类,1,42.998,0.0,42.998,67,67,0,2
2022-04-03,1,1011010501,茄类,1,23.887,0.0,23.887,54,54,0,3
2022-04-03,1,1011010504,辣椒类,1,96.131,0.0,96.131,178,178,0,15
2022-04-03,1,1011010801,食用菌,1,46.766,0.0,46.766,77,77,0,5
2022-04-04,1,1011010101,花叶类,1,148.726,0.0,148.726,289,289,0,23
2022-04-04,1,1011010201,花菜类,1,22.224,0.0,22.224,46,46,0,1
2022-04-04,1,1011010402,水生根茎类,1,31.759,0.0,31.759,44,44,0,1
2022-04-04,1,1011010501,茄类,1,23.387,0.0,23.387,58,58,0,3
2022-04-04,1,1011010504,辣椒类,1,107.732,0.0,107.732,217,217,0,14
2022-04-04,1,1011010801,食用菌,1,40.745,0.0,40.745,89,89,0,5
2022-04-05,1,1011010101,花叶类,1,146.419,0.0,146.419,269,269,0,24
2022-04-05,1,1011010201,花菜类,1,21.248,0.0,21.248,41,41,0,1
2022-04-05,1,1011010402,水生根茎类,1,21.71,0.0,21.71,38,38,0,1
2022-04-05,1,1011010501,茄类,1,15.356,0.0,15.356,35,35,0,3
2022-04-05,1,1011010504,辣椒类,1,38.664,0.0,38.664,80,80,0,15
2022-04-05,1,1011010801,食用菌,1,31.476,0.0,31.476,64,64,0,6
2022-04-06,1,1011010101,花叶类,1,109.945,0.0,109.945,185,185,0,28
2022-04-06,1,1011010201,花菜类,1,17.497,0.0,17.497,32,32,0,2
2022-04-06,1,1011010402,水生根茎类,1,5.855,0.0,5.855,15,15,0,2
2022-04-06,1,1011010501,茄类,1,11.695,0.0,11.695,29,29,0,3
2022-04-06,1,1011010504,辣椒类,1,38.127,0.0,38.127,63,63,0,14
2022-04-06,1,1011010801,食用菌,1,20.492,0.0,20.492,43,43,0,6
2022-04-07,1,1011010101,花叶类,1,85.201,0.0,85.201,162,162,0,24
2022-04-07,1,1011010201,花菜类,1,10.494,0.0,10.494,21,21,0,1
2022-04-07,1,1011010402,水生根茎类,1,6.533,0.0,6.533,11,11,0,1
2022-04-07,1,1011010501,茄类,1,14.479,0.0,14.479,36,36,0,3
2022-04-07,1,1011010504,辣椒类,1,28.799,0.0,28.799,55,55,0,14
2022-04-07,1,1011010801,食用菌,1,14.881,0.0,14.881,41,41,0,7
2022-04-08,1,1011010101,花叶类,1,87.65,0.0,87.65,152,152,0,24
2022-04-08,1,1011010201,花菜类,1,10.629,0.0,10.629,22,22,0,1
2022-04-08,1,1011010402,水生根茎类,1,6.366,0.0,6.366,13,13,0,2
2022-04-08,1,1011010501,茄类,1,12.371,0.0,12.371,32,32,0,3
2022-04-08,1,1011010504,辣椒类,1,36.973,0.0,36.973,55,55,0,16
2022-04-08,1,1011010801,食用菌,1,18.886,0.0,18.886,43,43,0,7
2022-04-09,1,1011010101,花叶类,1,141.102,0.0,141.102,253,253,0,28
2022-04-09,1,1011010201,花菜类,1,15.591,0.0,15.591,30,30,0,1
2022-04-09,1,1011010402,水生根茎类,1,11.218,0.0,11.218,17,17,0,2
2022-04-09,1,1011010501,茄类,1,27.258,0.0,27.258,55,55,0,3
2022-04-09,1,1011010504,辣椒类,1,133.106,0.0,133.106,260,260,0,15
2022-04-09,1,1011010801,食用菌,1,35.619,0.0,35.619,67,67,0,8
2022-04-10,1,1011010101,花叶类,1,185.591,-1.0,184.591,300,299,1,26
2022-04-10,1,1011010201,花菜类,1,7.757,0.0,7.757,13,13,0,1
2022-04-10,1,1011010402,水生根茎类,1,18.379,0.0,18.379,26,26,0,2
2022-04-10,1,1011010501,茄类,1,24.485,0.0,24.485,56,56,0,3
2022-04-10,1,1011010504,辣椒类,1,113.881,0.0,113.881,229,229,0,14
2022-04-10,1,1011010801,食用菌,1,30.946,0.0,30.946,62,62,0,6
2022-04-11,1,1011010101,花叶类,1,93.428,0.0,93.428,169,169,0,24
2022-04-11,1,1011010201,花菜类,1,6.383,0.0,6.383,17,17,0,1
2022-04-11,1,1011010402,水生根茎类,1,1.03,0.0,1.03,2,2,0,1
2022-04-11,1,1011010501,茄类,1,10.687,0.0,10.687,24,24,0,3
2022-04-11,1,1011010504,辣椒类,1,69.305,0.0,69.305,139,139,0,12
2022-04-11,1,1011010801,食用菌,1,11.87,0.0,11.87,35,35,0,5
2022-04-12,1,1011010101,花叶类,1,106.268,0.0,106.268,206,206,0,26
2022-04-12,1,1011010201,花菜类,1,6.375,0.0,6.375,16,16,0,1
2022-04-12,1,1011010402,水生根茎类,1,7.538,0.0,7.538,11,11,0,1
2022-04-12,1,1011010501,茄类,1,20.041,0.0,20.041,43,43,0,3
2022-04-12,1,1011010504,辣椒类,1,76.22,0.0,76.22,152,152,0,14
2022-04-12,1,1011010801,食用菌,1,16.859,0.0,16.859,43,43,0,7
2022-04-13,1,1011010101,花叶类,1,100.363,0.0,100.363,203,203,0,25
2022-04-13,1,1011010201,花菜类,1,9.797,0.0,9.797,24,24,0,1
2022-04-13,1,1011010402,水生根茎类,1,4.61,0.0,4.61,7,7,0,1
2022-04-13,1,1011010501,茄类,1,20.903,0.0,20.903,49,49,0,3
2022-04-13,1,1011010504,辣椒类,1,76.95,0.0,76.95,152,152,0,15
2022-04-13,1,1011010801,食用菌,1,31.963,0.0,31.963,53,53,0,6
2022-04-14,1,1011010101,花叶类,1,128.586,0.0,128.586,216,216,0,24
2022-04-14,1,1011010201,花菜类,1,6.047,0.0,6.047,14,14,0,1
2022-04-14,1,1011010402,水生根茎类,1,6.495,0.0,6.495,11,11,0,2
2022-04-14,1,1011010501,茄类,1,21.356,0.0,21.356,47,47,0,3
2022-04-14,1,1011010504,辣椒类,1,59.011,0.0,59.011,136,136,0,9
2022-04-14,1,1011010801,食用菌,1,21.589,0.0,21.589,51,51,0,5
2022-04-15,1,1011010101,花叶类,1,131.828,0.0,131.828,236,236,0,23
2022-04-15,1,1011010201,花菜类,1,10.73,0.0,10.73,22,22,0,1
2022-04-15,1,1011010402,水生根茎类,1,14.18,0.0,14.18,21,21,0,2
2022-04-15,1,1011010501,茄类,1,17.358,0.0,17.358,44,44,0,3
2022-04-15,1,1011010504,辣椒类,1,69.72,0.0,69.72,150,150,0,12
2022-04-15,1,1011010801,食用菌,1,39.136,0.0,39.136,85,85,0,7
2022-04-16,1,1011010101,花叶类,1,124.808,0.0,124.808,225,225,0,25
2022-04-16,1,1011010201,花菜类,1,12.666,0.0,12.666,29,29,0,1
2022-04-16,1,1011010402,水生根茎类,1,15.042,0.0,15.042,21,21,0,2
2022-04-16,1,1011010501,茄类,1,32.118,0.0,32.118,62,62,0,3
2022-04-16,1,1011010504,辣椒类,1,84.376,0.0,84.376,165,165,0,15
2022-04-16,1,1011010801,食用菌,1,28.104,0.0,28.104,80,80,0,8
2022-04-17,1,1011010101,花叶类,1,107.549,0.0,107.549,228,228,0,20
2022-04-17,1,1011010201,花菜类,1,20.254,0.0,20.254,48,48,0,1
2022-04-17,1,1011010402,水生根茎类,1,9.701,0.0,9.701,14,14,0,1
2022-04-17,1,1011010501,茄类,1,32.008,0.0,32.008,72,72,0,3
2022-04-17,1,1011010504,辣椒类,1,85.746,0.0,85.746,165,165,0,15
2022-04-17,1,1011010801,食用菌,1,40.244,0.0,40.244,107,107,0,11
2022-04-18,1,1011010101,花叶类,1,112.679,0.0,112.679,178,178,0,24
2022-04-18,1,1011010201,花菜类,1,12.087,0.0,12.087,29,29,0,1
2022-04-18,1,1011010402,水生根茎类,1,3.024,0.0,3.024,4,4,0,1
2022-04-18,1,1011010501,茄类,1,23.28,0.0,23.28,45,45,0,2
2022-04-18,1,1011010504,辣椒类,1,62.95,0.0,62.95,122,122,0,13
2022-04-18,1,1011010801,食用菌,1,28.667,0.0,28.667,68,68,0,10
2022-04-19,1,1011010101,花叶类,1,101.391,0.0,101.391,163,163,0,29
2022-04-19,1,1011010201,花菜类,1,7.869,0.0,7.869,20,20,0,1
2022-04-19,1,1011010402,水生根茎类,1,5.106,0.0,5.106,9,9,0,3
2022-04-19,1,1011010501,茄类,1,16.985,0.0,16.985,34,34,0,4
2022-04-19,1,1011010504,辣椒类,1,53.306,0.0,53.306,80,80,0,15
2022-04-19,1,1011010801,食用菌,1,23.736,0.0,23.736,75,75,0,10
2022-04-20,1,1011010101,花叶类,1,105.275,0.0,105.275,170,170,0,24
2022-04-20,1,1011010201,花菜类,1,11.413,0.0,11.413,24,24,0,1
2022-04-20,1,1011010402,水生根茎类,1,2.772,0.0,2.772,7,7,0,2
2022-04-20,1,1011010501,茄类,1,18.031,0.0,18.031,45,45,0,3
2022-04-20,1,1011010504,辣椒类,1,51.324,0.0,51.324,111,111,0,14
2022-04-20,1,1011010801,食用菌,1,33.394,0.0,33.394,89,89,0,9
2022-04-21,1,1011010101,花叶类,1,112.794,0.0,112.794,175,175,0,29
2022-04-21,1,1011010201,花菜类,1,8.548,0.0,8.548,17,17,0,2
2022-04-21,1,1011010402,水生根茎类,1,3.552,0.0,3.552,8,8,0,2
2022-04-21,1,1011010501,茄类,1,11.668,0.0,11.668,28,28,0,3
2022-04-21,1,1011010504,辣椒类,1,59.831,0.0,59.831,117,117,0,14
2022-04-21,1,1011010801,食用菌,1,27.479,0.0,27.479,63,63,0,9
2022-04-22,1,1011010101,花叶类,1,114.043,0.0,114.043,211,211,0,31
2022-04-22,1,1011010201,花菜类,1,18.726,0.0,18.726,37,37,0,1
2022-04-22,1,1011010402,水生根茎类,1,7.417,0.0,7.417,12,12,0,2
2022-04-22,1,1011010501,茄类,1,20.471,0.0,20.471,45,45,0,3
2022-04-22,1,1011010504,辣椒类,1,69.833,0.0,69.833,130,130,0,16
2022-04-22,1,1011010801,食用菌,1,26.309,0.0,26.309,54,54,0,9
2022-04-23,1,1011010101,花叶类,1,118.653,0.0,118.653,255,255,0,24
2022-04-23,1,1011010201,花菜类,1,19.648,0.0,19.648,37,37,0,3
2022-04-23,1,1011010402,水生根茎类,1,9.767,0.0,9.767,15,15,0,3
2022-04-23,1,1011010501,茄类,1,25.194,0.0,25.194,55,55,0,4
2022-04-23,1,1011010504,辣椒类,1,86.55,0.0,86.55,180,180,0,13
2022-04-23,1,1011010801,食用菌,1,27.473,0.0,27.473,71,71,0,8
2022-04-24,1,1011010101,花叶类,1,99.189,0.0,99.189,184,184,0,23
2022-04-24,1,1011010201,花菜类,1,15.603,0.0,15.603,29,29,0,1
2022-04-24,1,1011010402,水生根茎类,1,4.52,0.0,4.52,4,4,0,1
2022-04-24,1,1011010501,茄类,1,13.679,0.0,13.679,26,26,0,3
2022-04-24,1,1011010504,辣椒类,1,63.739,0.0,63.739,149,149,0,15
2022-04-24,1,1011010801,食用菌,1,32.921,0.0,32.921,81,81,0,9
2022-04-25,1,1011010101,花叶类,1,116.365,0.0,116.365,217,217,0,27
2022-04-25,1,1011010201,花菜类,1,16.833,0.0,16.833,41,41,0,1
2022-04-25,1,1011010402,水生根茎类,1,4.202,0.0,4.202,10,10,0,2
2022-04-25,1,1011010501,茄类,1,20.592,0.0,20.592,44,44,0,4
2022-04-25,1,1011010504,辣椒类,1,95.828,-1.0,94.828,196,195,1,12
2022-04-25,1,1011010801,食用菌,1,28.121,0.0,28.121,59,59,0,8
2022-04-26,1,1011010101,花叶类,1,91.764,0.0,91.764,170,170,0,23
2022-04-26,1,1011010201,花菜类,1,9.969,0.0,9.969,19,19,0,2
2022-04-26,1,1011010402,水生根茎类,1,4.905,0.0,4.905,10,10,0,2
2022-04-26,1,1011010501,茄类,1,14.113,0.0,14.113,33,33,0,3
2022-04-26,1,1011010504,辣椒类,1,61.328,0.0,61.328,123,123,0,11
2022-04-26,1,1011010801,食用菌,1,13.139,0.0,13.139,39,39,0,7
2022-04-27,1,1011010101,花叶类,1,88.807,0.0,88.807,183,183,0,23
2022-04-27,1,1011010201,花菜类,1,9.138,0.0,9.138,22,22,0,1
2022-04-27,1,1011010402,水生根茎类,1,2.398,0.0,2.398,6,6,0,2
2022-04-27,1,1011010501,茄类,1,24.953,0.0,24.953,56,56,0,4
2022-04-27,1,1011010504,辣椒类,1,64.366,0.0,64.366,120,120,0,14
2022-04-27,1,1011010801,食用菌,1,27.102,0.0,27.102,64,64,0,9
2022-04-28,1,1011010101,花叶类,1,111.594,0.0,111.594,219,219,0,24
2022-04-28,1,1011010201,花菜类,1,11.202,0.0,11.202,23,23,0,1
2022-04-28,1,1011010402,水生根茎类,1,2.139,0.0,2.139,5,5,0,2
2022-04-28,1,1011010501,茄类,1,21.918,0.0,21.918,45,45,0,2
2022-04-28,1,1011010504,辣椒类,1,80.389,0.0,80.389,164,164,0,14
2022-04-28,1,1011010801,食用菌,1,16.357,0.0,16.357,44,44,0,8
2022-04-29,1,1011010101,花叶类,1,106.052,0.0,106.052,197,197,0,25
2022-04-29,1,1011010201,花菜类,1,21.479,0.0,21.479,42,42,0,2
2022-04-29,1,1011010402,水生根茎类,1,7.15,0.0,7.15,14,14,0,2
2022-04-29,1,1011010501,茄类,1,29.707,0.0,29.707,55,55,0,3
2022-04-29,1,1011010504,辣椒类,1,96.804,0.0,96.804,179,179,0,15
2022-04-29,1,1011010801,食用菌,1,24.064,0.0,24.064,74,74,0,8
2022-04-30,1,1011010101,花叶类,1,142.039,-1.0,141.039,324,323,1,15
2022-04-30,1,1011010201,花菜类,1,28.319,0.0,28.319,62,62,0,1
2022-04-30,1,1011010402,水生根茎类,1,9.22,0.0,9.22,14,14,0,1
2022-04-30,1,1011010501,茄类,1,35.229,0.0,35.229,72,72,0,3
2022-04-30,1,1011010504,辣椒类,1,81.21,0.0,81.21,186,186,0,12
2022-04-30,1,1011010801,食用菌,1,34.151,0.0,34.151,79,79,0,5
2022-05-01,1,1011010101,花叶类,1,147.275,0.0,147.275,284,284,0,19
2022-05-01,1,1011010201,花菜类,1,23.295,0.0,23.295,49,49,0,1
2022-05-01,1,1011010402,水生根茎类,1,10.863,0.0,10.863,20,20,0,3
2022-05-01,1,1011010501,茄类,1,36.606,0.0,36.606,72,72,0,4
2022-05-01,1,1011010504,辣椒类,1,65.841,0.0,65.841,155,155,0,3
2022-05-01,1,1011010801,食用菌,1,33.083,0.0,33.083,60,60,0,4
2022-05-02,1,1011010101,花叶类,1,115.468,0.0,115.468,266,266,0,17
2022-05-02,1,1011010201,花菜类,1,13.734,0.0,13.734,31,31,0,1
2022-05-02,1,1011010402,水生根茎类,1,8.503,0.0,8.503,16,16,0,2
2022-05-02,1,1011010501,茄类,1,47.127,0.0,47.127,94,94,0,3
2022-05-02,1,1011010504,辣椒类,1,57.464,0.0,57.464,153,153,0,5
2022-05-02,1,1011010801,食用菌,1,42.191,0.0,42.191,73,73,0,4
2022-05-03,1,1011010101,花叶类,1,88.193,0.0,88.193,195,195,0,14
2022-05-03,1,1011010201,花菜类,1,27.601,0.0,27.601,56,56,0,1
2022-05-03,1,1011010402,水生根茎类,1,2.868,0.0,2.868,4,4,0,1
2022-05-03,1,1011010501,茄类,1,42.378,0.0,42.378,84,84,0,4
2022-05-03,1,1011010504,辣椒类,1,67.711,0.0,67.711,161,161,0,8
2022-05-03,1,1011010801,食用菌,1,18.375,0.0,18.375,43,43,0,3
2022-05-04,1,1011010101,花叶类,1,105.769,0.0,105.769,244,244,0,15
2022-05-04,1,1011010201,花菜类,1,26.182,0.0,26.182,55,55,0,1
2022-05-04,1,1011010402,水生根茎类,1,6.398,0.0,6.398,13,13,0,2
2022-05-04,1,1011010501,茄类,1,44.495,0.0,44.495,91,91,0,4
2022-05-04,1,1011010504,辣椒类,1,51.194,0.0,51.194,144,144,0,6
2022-05-04,1,1011010801,食用菌,1,27.071,0.0,27.071,54,54,0,4
2022-05-05,1,1011010101,花叶类,1,90.652,0.0,90.652,192,192,0,15
2022-05-05,1,1011010201,花菜类,1,18.79,0.0,18.79,42,42,0,1
2022-05-05,1,1011010402,水生根茎类,1,1.193,0.0,1.193,4,4,0,3
2022-05-05,1,1011010501,茄类,1,26.05,0.0,26.05,53,53,0,4
2022-05-05,1,1011010504,辣椒类,1,32.252,0.0,32.252,93,93,0,6
2022-05-05,1,1011010801,食用菌,1,16.992,0.0,16.992,30,30,0,4
2022-05-06,1,1011010101,花叶类,1,95.683,0.0,95.683,201,201,0,15
2022-05-06,1,1011010201,花菜类,1,20.488,0.0,20.488,44,44,0,1
2022-05-06,1,1011010402,水生根茎类,1,3.42,0.0,3.42,6,6,0,3
2022-05-06,1,1011010501,茄类,1,32.15,0.0,32.15,67,67,0,3
2022-05-06,1,1011010504,辣椒类,1,56.612,0.0,56.612,153,153,0,6
2022-05-06,1,1011010801,食用菌,1,19.454,0.0,19.454,44,44,0,4
2022-05-07,1,1011010101,花叶类,1,113.896,0.0,113.896,240,240,0,15
2022-05-07,1,1011010201,花菜类,1,23.375,0.0,23.375,29,29,0,1
2022-05-07,1,1011010402,水生根茎类,1,4.66,0.0,4.66,8,8,0,3
2022-05-07,1,1011010501,茄类,1,34.564,0.0,34.564,71,71,0,6
2022-05-07,1,1011010504,辣椒类,1,86.212,0.0,86.212,215,215,0,5
2022-05-07,1,1011010801,食用菌,1,34.837,0.0,34.837,61,61,0,5
2022-05-08,1,1011010101,花叶类,1,116.519,0.0,116.519,253,253,0,15
2022-05-08,1,1011010201,花菜类,1,42.607,0.0,42.607,52,52,0,1
2022-05-08,1,1011010402,水生根茎类,1,4.476,0.0,4.476,11,11,0,3
2022-05-08,1,1011010501,茄类,1,33.433,0.0,33.433,72,72,0,5
2022-05-08,1,1011010504,辣椒类,1,86.554,0.0,86.554,214,214,0,5
2022-05-08,1,1011010801,食用菌,1,35.067,0.0,35.067,74,74,0,4
2022-05-09,1,1011010101,花叶类,1,91.68,0.0,91.68,206,206,0,15
2022-05-09,1,1011010201,花菜类,1,29.087,0.0,29.087,61,61,0,1
2022-05-09,1,1011010402,水生根茎类,1,3.538,0.0,3.538,8,8,0,3
2022-05-09,1,1011010501,茄类,1,34.866,0.0,34.866,64,64,0,5
2022-05-09,1,1011010504,辣椒类,1,55.773,0.0,55.773,152,152,0,5
2022-05-09,1,1011010801,食用菌,1,34.581,0.0,34.581,64,64,0,6
2022-05-10,1,1011010101,花叶类,1,95.42,0.0,95.42,232,232,0,14
2022-05-10,1,1011010201,花菜类,1,22.638,0.0,22.638,49,49,0,1
2022-05-10,1,1011010402,水生根茎类,1,5.181,0.0,5.181,12,12,0,4
2022-05-10,1,1011010501,茄类,1,13.224,0.0,13.224,30,30,0,4
2022-05-10,1,1011010504,辣椒类,1,59.294,0.0,59.294,142,142,0,5
2022-05-10,1,1011010801,食用菌,1,9.417,0.0,9.417,28,28,0,3
2022-05-11,1,1011010101,花叶类,1,86.213,0.0,86.213,188,188,0,11
2022-05-11,1,1011010201,花菜类,1,19.261,0.0,19.261,47,47,0,1
2022-05-11,1,1011010402,水生根茎类,1,2.043,0.0,2.043,6,6,0,3
2022-05-11,1,1011010501,茄类,1,15.419,0.0,15.419,38,38,0,4
2022-05-11,1,1011010504,辣椒类,1,42.635,0.0,42.635,120,120,0,4
2022-05-11,1,1011010801,食用菌,1,20.87,0.0,20.87,47,47,0,3
2022-05-12,1,1011010101,花叶类,1,79.619,0.0,79.619,180,180,0,11
2022-05-12,1,1011010201,花菜类,1,24.59,0.0,24.59,55,55,0,1
2022-05-12,1,1011010402,水生根茎类,1,5.134,0.0,5.134,10,10,0,4
2022-05-12,1,1011010501,茄类,1,22.173,0.0,22.173,47,47,0,4
2022-05-12,1,1011010504,辣椒类,1,37.193,0.0,37.193,104,104,0,5
2022-05-12,1,1011010801,食用菌,1,21.925,0.0,21.925,38,38,0,4
2022-05-13,1,1011010101,花叶类,1,102.98,0.0,102.98,237,237,0,13
2022-05-13,1,1011010201,花菜类,1,21.993,0.0,21.993,48,48,0,1
2022-05-13,1,1011010402,水生根茎类,1,2.792,0.0,2.792,8,8,0,3
2022-05-13,1,1011010501,茄类,1,45.528,0.0,45.528,82,82,0,5
2022-05-13,1,1011010504,辣椒类,1,58.386,0.0,58.386,159,159,0,5
2022-05-13,1,1011010801,食用菌,1,26.1,0.0,26.1,52,52,0,6
2022-05-14,1,1011010101,花叶类,1,159.404,0.0,159.404,353,353,0,14
2022-05-14,1,1011010201,花菜类,1,48.521,0.0,48.521,108,108,0,1
2022-05-14,1,1011010402,水生根茎类,1,11.341,0.0,11.341,19,19,0,4
2022-05-14,1,1011010501,茄类,1,51.014,0.0,51.014,98,98,0,5
2022-05-14,1,1011010504,辣椒类,1,79.242,0.0,79.242,228,228,0,5
2022-05-14,1,1011010801,食用菌,1,26.77,0.0,26.77,71,71,0,5
2022-05-15,1,1011010101,花叶类,1,157.108,-0.403,156.705,341,340,1,15
2022-05-15,1,1011010201,花菜类,1,43.781,0.0,43.781,96,96,0,1
2022-05-15,1,1011010402,水生根茎类,1,6.072,0.0,6.072,11,11,0,3
2022-05-15,1,1011010501,茄类,1,43.627,0.0,43.627,89,89,0,4
2022-05-15,1,1011010504,辣椒类,1,63.751,0.0,63.751,178,178,0,5
2022-05-15,1,1011010801,食用菌,1,34.51,0.0,34.51,65,65,0,5
2022-05-16,1,1011010101,花叶类,1,82.78,0.0,82.78,190,190,0,14
2022-05-16,1,1011010201,花菜类,1,23.633,0.0,23.633,51,51,0,1
2022-05-16,1,1011010402,水生根茎类,1,4.637,0.0,4.637,12,12,0,4
2022-05-16,1,1011010501,茄类,1,19.412,0.0,19.412,41,41,0,5
2022-05-16,1,1011010504,辣椒类,1,41.681,0.0,41.681,122,122,0,5
2022-05-16,1,1011010801,食用菌,1,18.527,0.0,18.527,40,40,0,3
2022-05-17,1,1011010101,花叶类,1,67.12,0.0,67.12,155,155,0,13
2022-05-17,1,1011010201,花菜类,1,15.163,0.0,15.163,35,35,0,1
2022-05-17,1,1011010402,水生根茎类,1,1.853,0.0,1.853,6,6,0,4
2022-05-17,1,1011010501,茄类,1,23.194,0.0,23.194,44,44,0,4
2022-05-17,1,1011010504,辣椒类,1,41.52,0.0,41.52,114,114,0,5
2022-05-17,1,1011010801,食用菌,1,12.789,0.0,12.789,30,30,0,5
2022-05-18,1,1011010101,花叶类,1,92.724,0.0,92.724,196,196,0,15
2022-05-18,1,1011010201,花菜类,1,20.24,0.0,20.24,44,44,0,1
2022-05-18,1,1011010402,水生根茎类,1,0.926,0.0,0.926,2,2,0,1
2022-05-18,1,1011010501,茄类,1,21.794,0.0,21.794,43,43,0,3
2022-05-18,1,1011010504,辣椒类,1,40.714,0.0,40.714,118,118,0,5
2022-05-18,1,1011010801,食用菌,1,20.598,0.0,20.598,45,45,0,3
2022-05-19,1,1011010101,花叶类,1,92.356,0.0,92.356,222,222,0,15
2022-05-19,1,1011010201,花菜类,1,17.603,0.0,17.603,42,42,0,1
2022-05-19,1,1011010402,水生根茎类,1,3.425,0.0,3.425,6,6,0,2
2022-05-19,1,1011010501,茄类,1,21.799,0.0,21.799,43,43,0,4
2022-05-19,1,1011010504,辣椒类,1,31.666,0.0,31.666,97,97,0,5
2022-05-19,1,1011010801,食用菌,1,13.195,0.0,13.195,41,41,0,3
2022-05-20,1,1011010101,花叶类,1,90.647,0.0,90.647,196,196,0,13
2022-05-20,1,1011010201,花菜类,1,13.908,0.0,13.908,28,28,0,1
2022-05-20,1,1011010402,水生根茎类,1,3.575,0.0,3.575,9,9,0,3
2022-05-20,1,1011010501,茄类,1,22.675,0.0,22.675,40,40,0,5
2022-05-20,1,1011010504,辣椒类,1,37.853,0.0,37.853,111,111,0,5
2022-05-20,1,1011010801,食用菌,1,14.719,0.0,14.719,37,37,0,3
2022-05-21,1,1011010101,花叶类,1,154.655,0.0,154.655,335,335,0,13
2022-05-21,1,1011010201,花菜类,1,26.494,0.0,26.494,52,52,0,1
2022-05-21,1,1011010402,水生根茎类,1,4.691,0.0,4.691,7,7,0,2
2022-05-21,1,1011010501,茄类,1,43.426,0.0,43.426,80,80,0,5
2022-05-21,1,1011010504,辣椒类,1,45.847,0.0,45.847,143,143,0,5
2022-05-21,1,1011010801,食用菌,1,43.484,0.0,43.484,85,85,0,5
2022-05-22,1,1011010101,花叶类,1,164.686,-0.417,164.269,357,356,1,15
2022-05-22,1,1011010201,花菜类,1,23.847,0.0,23.847,55,55,0,1
2022-05-22,1,1011010402,水生根茎类,1,4.885,0.0,4.885,12,12,0,3
2022-05-22,1,1011010501,茄类,1,29.841,0.0,29.841,57,57,0,4
2022-05-22,1,1011010504,辣椒类,1,40.928,-0.543,40.385,134,133,1,6
2022-05-22,1,1011010801,食用菌,1,23.398,0.0,23.398,50,50,0,5
2022-05-23,1,1011010101,花叶类,1,92.654,0.0,92.654,205,205,0,14
2022-05-23,1,1011010201,花菜类,1,15.361,0.0,15.361,32,32,0,1
2022-05-23,1,1011010402,水生根茎类,1,4.437,0.0,4.437,7,7,0,2
2022-05-23,1,1011010501,茄类,1,26.0,0.0,26.0,50,50,0,3
2022-05-23,1,1011010504,辣椒类,1,35.072,0.0,35.072,110,110,0,6
2022-05-23,1,1011010801,食用菌,1,4.637,0.0,4.637,20,20,0,2
2022-05-24,1,1011010101,花叶类,1,122.403,0.0,122.403,271,271,0,16
2022-05-24,1,1011010201,花菜类,1,27.64,0.0,27.64,54,54,0,1
2022-05-24,1,1011010402,水生根茎类,1,3.361,0.0,3.361,9,9,0,3
2022-05-24,1,1011010501,茄类,1,29.285,0.0,29.285,57,57,0,4
2022-05-24,1,1011010504,辣椒类,1,32.072,0.0,32.072,89,89,0,5
2022-05-24,1,1011010801,食用菌,1,14.041,0.0,14.041,31,31,0,3
2022-05-25,1,1011010101,花叶类,1,84.787,0.0,84.787,180,180,0,16
2022-05-25,1,1011010201,花菜类,1,19.562,0.0,19.562,42,42,0,1
2022-05-25,1,1011010402,水生根茎类,1,4.619,0.0,4.619,7,7,0,3
2022-05-25,1,1011010501,茄类,1,22.563,0.0,22.563,48,48,0,5
2022-05-25,1,1011010504,辣椒类,1,31.823,0.0,31.823,96,96,0,6
2022-05-25,1,1011010801,食用菌,1,18.698,0.0,18.698,38,38,0,3
2022-05-26,1,1011010101,花叶类,1,88.361,0.0,88.361,205,205,0,15
2022-05-26,1,1011010201,花菜类,1,25.011,0.0,25.011,54,54,0,1
2022-05-26,1,1011010402,水生根茎类,1,4.438,0.0,4.438,8,8,0,3
2022-05-26,1,1011010501,茄类,1,29.903,0.0,29.903,64,64,0,4
2022-05-26,1,1011010504,辣椒类,1,39.188,0.0,39.188,119,119,0,6
2022-05-26,1,1011010801,食用菌,1,21.185,0.0,21.185,37,37,0,4
2022-05-27,1,1011010101,花叶类,1,86.554,0.0,86.554,185,185,0,14
2022-05-27,1,1011010201,花菜类,1,18.568,0.0,18.568,37,37,0,1
2022-05-27,1,1011010402,水生根茎类,1,8.858,0.0,8.858,16,16,0,4
2022-05-27,1,1011010501,茄类,1,27.341,0.0,27.341,47,47,0,4
2022-05-27,1,1011010504,辣椒类,1,31.927,0.0,31.927,95,95,0,6
2022-05-27,1,1011010801,食用菌,1,19.308,0.0,19.308,46,46,0,4
2022-05-28,1,1011010101,花叶类,1,188.829,0.0,188.829,417,417,0,15
2022-05-28,1,1011010201,花菜类,1,35.114,0.0,35.114,84,84,0,1
2022-05-28,1,1011010402,水生根茎类,1,8.906,0.0,8.906,19,19,0,4
2022-05-28,1,1011010501,茄类,1,54.447,0.0,54.447,95,95,0,3
2022-05-28,1,1011010504,辣椒类,1,55.568,0.0,55.568,180,180,0,6
2022-05-28,1,1011010801,食用菌,1,46.827,0.0,46.827,88,88,0,5
2022-05-29,1,1011010101,花叶类,1,178.516,0.0,178.516,388,388,0,15
2022-05-29,1,1011010201,花菜类,1,42.403,0.0,42.403,88,88,0,1
2022-05-29,1,1011010402,水生根茎类,1,7.44,0.0,7.44,13,13,0,3
2022-05-29,1,1011010501,茄类,1,55.666,0.0,55.666,104,104,0,3
2022-05-29,1,1011010504,辣椒类,1,62.521,0.0,62.521,180,180,0,5
2022-05-29,1,1011010801,食用菌,1,33.517,0.0,33.517,62,62,0,3
2022-05-30,1,1011010101,花叶类,1,92.512,0.0,92.512,205,205,0,14
2022-05-30,1,1011010201,花菜类,1,24.336,0.0,24.336,54,54,0,1
2022-05-30,1,1011010402,水生根茎类,1,6.684,0.0,6.684,19,19,0,4
2022-05-30,1,1011010501,茄类,1,25.618,0.0,25.618,48,48,0,3
2022-05-30,1,1011010504,辣椒类,1,31.081,0.0,31.081,93,93,0,5
2022-05-30,1,1011010801,食用菌,1,16.585,0.0,16.585,38,38,0,5
2022-05-31,1,1011010101,花叶类,1,87.827,0.0,87.827,199,199,0,14
2022-05-31,1,1011010201,花菜类,1,15.854,0.0,15.854,36,36,0,1
2022-05-31,1,1011010402,水生根茎类,1,6.611,0.0,6.611,16,16,0,3
2022-05-31,1,1011010501,茄类,1,18.11,0.0,18.11,34,34,0,4
2022-05-31,1,1011010504,辣椒类,1,38.356,0.0,38.356,110,110,0,5
2022-05-31,1,1011010801,食用菌,1,39.474,0.0,39.474,61,61,0,5
2022-06-01,1,1011010101,花叶类,1,90.488,0.0,90.488,208,208,0,16
2022-06-01,1,1011010201,花菜类,1,22.234,0.0,22.234,54,54,0,1
2022-06-01,1,1011010402,水生根茎类,1,5.084,0.0,5.084,15,15,0,3
2022-06-01,1,1011010501,茄类,1,21.105,0.0,21.105,40,40,0,3
2022-06-01,1,1011010504,辣椒类,1,43.718,0.0,43.718,109,109,0,5
2022-06-01,1,1011010801,食用菌,1,35.603,0.0,35.603,67,67,0,5
2022-06-02,1,1011010101,花叶类,1,112.624,0.0,112.624,245,245,0,12
2022-06-02,1,1011010201,花菜类,1,20.605,0.0,20.605,47,47,0,1
2022-06-02,1,1011010402,水生根茎类,1,11.33,0.0,11.33,27,27,0,5
2022-06-02,1,1011010501,茄类,1,34.716,0.0,34.716,58,58,0,4
2022-06-02,1,1011010504,辣椒类,1,47.188,0.0,47.188,137,137,0,5
2022-06-02,1,1011010801,食用菌,1,36.405,0.0,36.405,65,65,0,5
2022-06-03,1,1011010101,花叶类,1,185.595,0.0,185.595,382,382,0,13
2022-06-03,1,1011010201,花菜类,1,29.489,0.0,29.489,65,65,0,1
2022-06-03,1,1011010402,水生根茎类,1,14.235,0.0,14.235,31,31,0,5
2022-06-03,1,1011010501,茄类,1,59.95,0.0,59.95,123,123,0,4
2022-06-03,1,1011010504,辣椒类,1,69.903,0.0,69.903,205,205,0,5
2022-06-03,1,1011010801,食用菌,1,61.149,0.0,61.149,102,102,0,4
2022-06-04,1,1011010101,花叶类,1,113.331,0.0,113.331,235,235,0,13
2022-06-04,1,1011010201,花菜类,1,13.898,0.0,13.898,36,36,0,1
2022-06-04,1,1011010402,水生根茎类,1,5.135,0.0,5.135,14,14,0,3
2022-06-04,1,1011010501,茄类,1,39.752,0.0,39.752,76,76,0,3
2022-06-04,1,1011010504,辣椒类,1,38.876,0.0,38.876,124,124,0,5
2022-06-04,1,1011010801,食用菌,1,27.698,0.0,27.698,43,43,0,4
2022-06-05,1,1011010101,花叶类,1,102.505,0.0,102.505,234,234,0,13
2022-06-05,1,1011010201,花菜类,1,21.97,0.0,21.97,54,54,0,1
2022-06-05,1,1011010402,水生根茎类,1,10.109,0.0,10.109,25,25,0,4
2022-06-05,1,1011010501,茄类,1,42.328,0.0,42.328,73,73,0,3
2022-06-05,1,1011010504,辣椒类,1,41.001,0.0,41.001,120,120,0,5
2022-06-05,1,1011010801,食用菌,1,41.369,0.0,41.369,69,69,0,4
2022-06-06,1,1011010101,花叶类,1,104.547,0.0,104.547,241,241,0,12
2022-06-06,1,1011010201,花菜类,1,23.309,0.0,23.309,57,57,0,1
2022-06-06,1,1011010402,水生根茎类,1,5.253,0.0,5.253,14,14,0,3
2022-06-06,1,1011010501,茄类,1,37.312,0.0,37.312,75,75,0,4
2022-06-06,1,1011010504,辣椒类,1,40.803,0.0,40.803,116,116,0,6
2022-06-06,1,1011010801,食用菌,1,26.543,0.0,26.543,55,55,0,5
2022-06-07,1,1011010101,花叶类,1,105.767,0.0,105.767,239,239,0,13
2022-06-07,1,1011010201,花菜类,1,20.909,0.0,20.909,50,50,0,1
2022-06-07,1,1011010402,水生根茎类,1,6.312,0.0,6.312,13,13,0,4
2022-06-07,1,1011010501,茄类,1,23.212,0.0,23.212,48,48,0,5
2022-06-07,1,1011010504,辣椒类,1,38.975,0.0,38.975,117,117,0,5
2022-06-07,1,1011010801,食用菌,1,28.139,0.0,28.139,47,47,0,5
2022-06-08,1,1011010101,花叶类,1,113.862,0.0,113.862,243,243,0,13
2022-06-08,1,1011010201,花菜类,1,17.046,0.0,17.046,41,41,0,1
2022-06-08,1,1011010402,水生根茎类,1,6.725,0.0,6.725,21,21,0,4
2022-06-08,1,1011010501,茄类,1,27.37,0.0,27.37,51,51,0,3
2022-06-08,1,1011010504,辣椒类,1,40.959,0.0,40.959,119,119,0,5
2022-06-08,1,1011010801,食用菌,1,28.048,0.0,28.048,53,53,0,4
2022-06-09,1,1011010101,花叶类,1,281.247,0.0,281.247,276,276,0,14
2022-06-09,1,1011010201,花菜类,1,21.532,0.0,21.532,57,57,0,1
2022-06-09,1,1011010402,水生根茎类,1,5.241,0.0,5.241,14,14,0,4
2022-06-09,1,1011010501,茄类,1,35.271,0.0,35.271,61,61,0,4
2022-06-09,1,1011010504,辣椒类,1,41.651,0.0,41.651,122,122,0,5
2022-06-09,1,1011010801,食用菌,1,27.768,0.0,27.768,52,52,0,4
2022-06-10,1,1011010101,花叶类,1,115.093,0.0,115.093,253,253,0,12
2022-06-10,1,1011010201,花菜类,1,13.058,0.0,13.058,34,34,0,1
2022-06-10,1,1011010402,水生根茎类,1,9.447,0.0,9.447,22,22,0,4
2022-06-10,1,1011010501,茄类,1,38.776,0.0,38.776,73,73,0,3
2022-06-10,1,1011010504,辣椒类,1,37.531,0.0,37.531,110,110,0,5
2022-06-10,1,1011010801,食用菌,1,27.152,0.0,27.152,54,54,0,5
2022-06-11,1,1011010101,花叶类,1,195.647,0.0,195.647,426,426,0,13
2022-06-11,1,1011010201,花菜类,1,34.691,0.0,34.691,97,97,0,1
2022-06-11,1,1011010402,水生根茎类,1,9.209,0.0,9.209,24,24,0,4
2022-06-11,1,1011010501,茄类,1,48.32,0.0,48.32,95,95,0,3
2022-06-11,1,1011010504,辣椒类,1,61.054,0.0,61.054,170,170,0,5
2022-06-11,1,1011010801,食用菌,1,36.533,0.0,36.533,75,75,0,4
2022-06-12,1,1011010101,花叶类,1,166.515,0.0,166.515,383,383,0,13
2022-06-12,1,1011010201,花菜类,1,29.698,0.0,29.698,79,79,0,1
2022-06-12,1,1011010402,水生根茎类,1,10.588,0.0,10.588,28,28,0,5
2022-06-12,1,1011010501,茄类,1,49.505,0.0,49.505,93,93,0,3
2022-06-12,1,1011010504,辣椒类,1,67.529,0.0,67.529,188,188,0,5
2022-06-12,1,1011010801,食用菌,1,49.293,0.0,49.293,86,86,0,5
2022-06-13,1,1011010101,花叶类,1,116.051,0.0,116.051,251,251,0,13
2022-06-13,1,1011010201,花菜类,1,23.638,0.0,23.638,49,49,0,1
2022-06-13,1,1011010402,水生根茎类,1,3.944,0.0,3.944,12,12,0,4
2022-06-13,1,1011010501,茄类,1,33.306,0.0,33.306,61,61,0,4
2022-06-13,1,1011010504,辣椒类,1,29.923,0.0,29.923,90,90,0,5
2022-06-13,1,1011010801,食用菌,1,35.014,0.0,35.014,62,62,0,5
2022-06-14,1,1011010101,花叶类,1,110.671,0.0,110.671,247,247,0,13
2022-06-14,1,1011010201,花菜类,1,23.587,0.0,23.587,50,50,0,1
2022-06-14,1,1011010402,水生根茎类,1,14.604,0.0,14.604,40,40,0,5
2022-06-14,1,1011010501,茄类,1,29.762,0.0,29.762,64,64,0,3
2022-06-14,1,1011010504,辣椒类,1,29.213,0.0,29.213,95,95,0,5
2022-06-14,1,1011010801,食用菌,1,16.266,0.0,16.266,37,37,0,3
2022-06-15,1,1011010101,花叶类,1,106.544,-0.704,105.84,231,229,2,13
2022-06-15,1,1011010201,花菜类,1,18.931,0.0,18.931,39,39,0,1
2022-06-15,1,1011010402,水生根茎类,1,5.184,0.0,5.184,16,16,0,5
2022-06-15,1,1011010501,茄类,1,33.776,0.0,33.776,68,68,0,4
2022-06-15,1,1011010504,辣椒类,1,39.656,0.0,39.656,103,103,0,6
2022-06-15,1,1011010801,食用菌,1,26.243,0.0,26.243,47,47,0,4
2022-06-16,1,1011010101,花叶类,1,109.346,0.0,109.346,250,250,0,15
2022-06-16,1,1011010201,花菜类,1,18.079,0.0,18.079,36,36,0,1
2022-06-16,1,1011010402,水生根茎类,1,5.347,0.0,5.347,17,17,0,4
2022-06-16,1,1011010501,茄类,1,35.463,0.0,35.463,61,61,0,3
2022-06-16,1,1011010504,辣椒类,1,50.132,-0.42,49.712,127,126,1,7
2022-06-16,1,1011010801,食用菌,1,32.228,0.0,32.228,51,51,0,5
2022-06-17,1,1011010101,花叶类,1,119.073,-0.391,118.682,253,252,1,14
2022-06-17,1,1011010201,花菜类,1,27.301,0.0,27.301,63,63,0,1
2022-06-17,1,1011010402,水生根茎类,1,6.77,-0.221,6.549,20,19,1,5
2022-06-17,1,1011010501,茄类,1,36.326,0.0,36.326,69,69,0,4
2022-06-17,1,1011010504,辣椒类,1,47.1,0.0,47.1,123,123,0,5
2022-06-17,1,1011010801,食用菌,1,36.568,0.0,36.568,60,60,0,5
2022-06-18,1,1011010101,花叶类,1,192.524,-1.296,191.228,429,425,4,14
2022-06-18,1,1011010201,花菜类,1,29.834,0.0,29.834,65,65,0,1
2022-06-18,1,1011010402,水生根茎类,1,18.484,0.0,18.484,46,46,0,5
2022-06-18,1,1011010501,茄类,1,48.073,-0.489,47.584,88,87,1,3
2022-06-18,1,1011010504,辣椒类,1,80.225,-0.285,79.94,218,217,1,10
2022-06-18,1,1011010801,食用菌,1,50.206,0.0,50.206,80,80,0,5
2022-06-19,1,1011010101,花叶类,1,187.623,0.0,187.623,403,403,0,14
2022-06-19,1,1011010201,花菜类,1,31.956,0.0,31.956,70,70,0,1
2022-06-19,1,1011010402,水生根茎类,1,15.541,0.0,15.541,47,47,0,4
2022-06-19,1,1011010501,茄类,1,40.858,0.0,40.858,81,81,0,3
2022-06-19,1,1011010504,辣椒类,1,79.311,0.0,79.311,232,232,0,10
2022-06-19,1,1011010801,食用菌,1,49.153,0.0,49.153,76,76,0,5
2022-06-20,1,1011010101,花叶类,1,123.54,0.0,123.54,267,267,0,15
2022-06-20,1,1011010201,花菜类,1,26.02,0.0,26.02,58,58,0,1
2022-06-20,1,1011010402,水生根茎类,1,8.896,0.0,8.896,26,26,0,4
2022-06-20,1,1011010501,茄类,1,27.416,0.0,27.416,56,56,0,3
2022-06-20,1,1011010504,辣椒类,1,46.065,0.0,46.065,119,119,0,8
2022-06-20,1,1011010801,食用菌,1,35.656,0.0,35.656,65,65,0,5
2022-06-21,1,1011010101,花叶类,1,110.973,0.0,110.973,226,226,0,16
2022-06-21,1,1011010201,花菜类,1,22.014,0.0,22.014,48,48,0,1
2022-06-21,1,1011010402,水生根茎类,1,6.063,0.0,6.063,20,20,0,5
2022-06-21,1,1011010501,茄类,1,27.152,0.0,27.152,52,52,0,3
2022-06-21,1,1011010504,辣椒类,1,32.467,0.0,32.467,92,92,0,10
2022-06-21,1,1011010801,食用菌,1,29.804,0.0,29.804,50,50,0,5
2022-06-22,1,1011010101,花叶类,1,108.759,0.0,108.759,239,239,0,18
2022-06-22,1,1011010201,花菜类,1,23.449,0.0,23.449,51,51,0,1
2022-06-22,1,1011010402,水生根茎类,1,13.806,0.0,13.806,37,37,0,4
2022-06-22,1,1011010501,茄类,1,22.451,0.0,22.451,40,40,0,4
2022-06-22,1,1011010504,辣椒类,1,35.161,0.0,35.161,95,95,0,6
2022-06-22,1,1011010801,食用菌,1,28.097,0.0,28.097,52,52,0,5
2022-06-23,1,1011010101,花叶类,1,84.617,0.0,84.617,169,169,0,12
2022-06-23,1,1011010201,花菜类,1,14.583,0.0,14.583,29,29,0,1
2022-06-23,1,1011010402,水生根茎类,1,5.402,0.0,5.402,18,18,0,4
2022-06-23,1,1011010501,茄类,1,17.152,0.0,17.152,32,32,0,3
2022-06-23,1,1011010504,辣椒类,1,29.211,0.0,29.211,86,86,0,8
2022-06-23,1,1011010801,食用菌,1,29.488,-1.0,28.488,49,48,1,5
2022-06-24,1,1011010101,花叶类,1,104.325,0.0,104.325,228,228,0,15
2022-06-24,1,1011010201,花菜类,1,17.64,0.0,17.64,34,34,0,1
2022-06-24,1,1011010402,水生根茎类,1,25.878,0.0,25.878,45,45,0,5
2022-06-24,1,1011010501,茄类,1,22.836,0.0,22.836,45,45,0,5
2022-06-24,1,1011010504,辣椒类,1,33.789,0.0,33.789,97,97,0,7
2022-06-24,1,1011010801,食用菌,1,29.265,0.0,29.265,54,54,0,4
2022-06-25,1,1011010101,花叶类,1,156.216,-0.43,155.786,334,333,1,17
2022-06-25,1,1011010201,花菜类,1,22.426,0.0,22.426,49,49,0,1
2022-06-25,1,1011010402,水生根茎类,1,40.332,0.0,40.332,56,56,0,6
2022-06-25,1,1011010501,茄类,1,28.57,0.0,28.57,58,58,0,4
2022-06-25,1,1011010504,辣椒类,1,39.414,0.0,39.414,110,110,0,6
2022-06-25,1,1011010801,食用菌,1,48.569,-1.0,47.569,76,75,1,4
2022-06-26,1,1011010101,花叶类,1,163.919,0.0,163.919,349,349,0,15
2022-06-26,1,1011010201,花菜类,1,36.32,0.0,36.32,85,85,0,1
2022-06-26,1,1011010402,水生根茎类,1,31.364,0.0,31.364,70,70,0,5
2022-06-26,1,1011010501,茄类,1,33.783,0.0,33.783,66,66,0,3
2022-06-26,1,1011010504,辣椒类,1,43.418,0.0,43.418,113,113,0,10
2022-06-26,1,1011010801,食用菌,1,54.309,0.0,54.309,81,81,0,5
2022-06-27,1,1011010101,花叶类,1,105.207,0.0,105.207,235,235,0,15
2022-06-27,1,1011010201,花菜类,1,21.772,0.0,21.772,51,51,0,1
2022-06-27,1,1011010402,水生根茎类,1,12.659,0.0,12.659,36,36,0,4
2022-06-27,1,1011010501,茄类,1,21.427,0.0,21.427,45,45,0,4
2022-06-27,1,1011010504,辣椒类,1,28.077,0.0,28.077,83,83,0,6
2022-06-27,1,1011010801,食用菌,1,26.887,0.0,26.887,52,52,0,4
2022-06-28,1,1011010101,花叶类,1,133.899,0.0,133.899,292,292,0,17
2022-06-28,1,1011010201,花菜类,1,23.307,0.0,23.307,53,53,0,1
2022-06-28,1,1011010402,水生根茎类,1,19.501,0.0,19.501,34,34,0,6
2022-06-28,1,1011010501,茄类,1,13.137,0.0,13.137,29,29,0,4
2022-06-28,1,1011010504,辣椒类,1,28.268,0.0,28.268,81,81,0,8
2022-06-28,1,1011010801,食用菌,1,39.702,0.0,39.702,61,61,0,5
2022-06-29,1,1011010101,花叶类,1,156.09,0.0,156.09,327,327,0,21
2022-06-29,1,1011010201,花菜类,1,40.424,0.0,40.424,74,74,0,2
2022-06-29,1,1011010402,水生根茎类,1,16.118,0.0,16.118,40,40,0,4
2022-06-29,1,1011010501,茄类,1,26.758,0.0,26.758,54,54,0,5
2022-06-29,1,1011010504,辣椒类,1,21.954,0.0,21.954,70,70,0,9
2022-06-29,1,1011010801,食用菌,1,39.934,0.0,39.934,75,75,0,7
2022-06-30,1,1011010101,花叶类,1,127.274,0.0,127.274,270,270,0,20
2022-06-30,1,1011010201,花菜类,1,47.528,0.0,47.528,83,83,0,2
2022-06-30,1,1011010402,水生根茎类,1,10.625,0.0,10.625,30,30,0,4
2022-06-30,1,1011010501,茄类,1,21.969,0.0,21.969,39,39,0,4
2022-06-30,1,1011010504,辣椒类,1,29.259,0.0,29.259,85,85,0,7
2022-06-30,1,1011010801,食用菌,1,38.627,0.0,38.627,61,61,0,6
2022-07-01,1,1011010101,花叶类,1,149.719,0.0,149.719,290,290,0,19
2022-07-01,1,1011010201,花菜类,1,28.897,0.0,28.897,57,57,0,2
2022-07-01,1,1011010402,水生根茎类,1,15.086,0.0,15.086,41,41,0,4
2022-07-01,1,1011010501,茄类,1,17.165,0.0,17.165,35,35,0,4
2022-07-01,1,1011010504,辣椒类,1,25.326,0.0,25.326,88,88,0,6
2022-07-01,1,1011010801,食用菌,1,50.953,0.0,50.953,76,76,0,4
2022-07-02,1,1011010101,花叶类,1,195.295,0.0,195.295,402,402,0,22
2022-07-02,1,1011010201,花菜类,1,55.851,0.0,55.851,101,101,0,2
2022-07-02,1,1011010402,水生根茎类,1,28.667,0.0,28.667,75,75,0,3
2022-07-02,1,1011010501,茄类,1,27.475,0.0,27.475,49,49,0,3
2022-07-02,1,1011010504,辣椒类,1,55.999,0.0,55.999,190,190,0,11
2022-07-02,1,1011010801,食用菌,1,45.704,0.0,45.704,86,86,0,4
2022-07-03,1,1011010101,花叶类,1,189.083,-0.411,188.672,386,385,1,15
2022-07-03,1,1011010201,花菜类,1,48.366,-0.422,47.944,93,92,1,2
2022-07-03,1,1011010402,水生根茎类,1,63.873,0.0,63.873,92,92,0,5
2022-07-03,1,1011010501,茄类,1,42.368,0.0,42.368,62,62,0,3
2022-07-03,1,1011010504,辣椒类,1,58.67,0.0,58.67,163,163,0,9
2022-07-03,1,1011010801,食用菌,1,42.18,0.0,42.18,71,71,0,5
2022-07-04,1,1011010101,花叶类,1,116.605,0.0,116.605,268,268,0,14
2022-07-04,1,1011010201,花菜类,1,27.955,0.0,27.955,62,62,0,1
2022-07-04,1,1011010402,水生根茎类,1,20.219,0.0,20.219,44,44,0,4
2022-07-04,1,1011010501,茄类,1,17.802,0.0,17.802,34,34,0,3
2022-07-04,1,1011010504,辣椒类,1,47.642,-0.184,47.458,149,147,2,12
2022-07-04,1,1011010801,食用菌,1,36.688,0.0,36.688,75,75,0,5
2022-07-05,1,1011010101,花叶类,1,133.21,0.0,133.21,297,297,0,14
2022-07-05,1,1011010201,花菜类,1,42.64,0.0,42.64,75,75,0,2
2022-07-05,1,1011010402,水生根茎类,1,34.508,0.0,34.508,68,68,0,5
2022-07-05,1,1011010501,茄类,1,17.524,0.0,17.524,31,31,0,3
2022-07-05,1,1011010504,辣椒类,1,49.728,0.0,49.728,149,149,0,13
2022-07-05,1,1011010801,食用菌,1,50.367,0.0,50.367,80,80,0,5
2022-07-06,1,1011010101,花叶类,1,164.461,0.0,164.461,327,327,0,15
2022-07-06,1,1011010201,花菜类,1,31.186,0.0,31.186,57,57,0,2
2022-07-06,1,1011010402,水生根茎类,1,39.018,0.0,39.018,59,59,0,4
2022-07-06,1,1011010501,茄类,1,9.038,0.0,9.038,20,20,0,3
2022-07-06,1,1011010504,辣椒类,1,51.119,0.0,51.119,169,169,0,14
2022-07-06,1,1011010801,食用菌,1,32.226,0.0,32.226,60,60,0,6
2022-07-07,1,1011010101,花叶类,1,134.044,0.0,134.044,286,286,0,15
2022-07-07,1,1011010201,花菜类,1,50.962,0.0,50.962,87,87,0,2
2022-07-07,1,1011010402,水生根茎类,1,43.066,0.0,43.066,66,66,0,4
2022-07-07,1,1011010501,茄类,1,14.602,0.0,14.602,31,31,0,3
2022-07-07,1,1011010504,辣椒类,1,39.874,0.0,39.874,160,160,0,11
2022-07-07,1,1011010801,食用菌,1,29.189,0.0,29.189,62,62,0,5
2022-07-08,1,1011010101,花叶类,1,129.05,0.0,129.05,271,271,0,15
2022-07-08,1,1011010201,花菜类,1,48.356,0.0,48.356,99,99,0,2
2022-07-08,1,1011010402,水生根茎类,1,32.713,0.0,32.713,48,48,0,5
2022-07-08,1,1011010501,茄类,1,7.971,0.0,7.971,14,14,0,3
2022-07-08,1,1011010504,辣椒类,1,42.7,0.0,42.7,124,124,0,12
2022-07-08,1,1011010801,食用菌,1,49.425,0.0,49.425,69,69,0,6
2022-07-09,1,1011010101,花叶类,1,173.971,0.0,173.971,391,391,0,15
2022-07-09,1,1011010201,花菜类,1,44.535,0.0,44.535,113,113,0,1
2022-07-09,1,1011010402,水生根茎类,1,44.591,0.0,44.591,89,89,0,6
2022-07-09,1,1011010501,茄类,1,26.107,0.0,26.107,54,54,0,3
2022-07-09,1,1011010504,辣椒类,1,73.124,0.0,73.124,216,216,0,12
2022-07-09,1,1011010801,食用菌,1,55.629,0.0,55.629,96,96,0,7
2022-07-10,1,1011010101,花叶类,1,186.916,0.0,186.916,405,405,0,15
2022-07-10,1,1011010201,花菜类,1,67.457,0.0,67.457,141,141,0,2
2022-07-10,1,1011010402,水生根茎类,1,35.703,0.0,35.703,51,51,0,5
2022-07-10,1,1011010501,茄类,1,21.797,0.0,21.797,49,49,0,4
2022-07-10,1,1011010504,辣椒类,1,85.669,0.0,85.669,234,234,0,21
2022-07-10,1,1011010801,食用菌,1,80.418,0.0,80.418,112,112,0,7
2022-07-11,1,1011010101,花叶类,1,133.768,-0.506,133.262,283,282,1,15
2022-07-11,1,1011010201,花菜类,1,24.264,0.0,24.264,61,61,0,2
2022-07-11,1,1011010402,水生根茎类,1,43.103,0.0,43.103,71,71,0,4
2022-07-11,1,1011010501,茄类,1,30.141,0.0,30.141,57,57,0,3
2022-07-11,1,1011010504,辣椒类,1,57.659,0.0,57.659,177,177,0,19
2022-07-11,1,1011010801,食用菌,1,55.108,0.0,55.108,81,81,0,6
2022-07-12,1,1011010101,花叶类,1,129.271,0.0,129.271,283,283,0,15
2022-07-12,1,1011010201,花菜类,1,64.579,0.0,64.579,139,139,0,2
2022-07-12,1,1011010402,水生根茎类,1,29.78,0.0,29.78,58,58,0,3
2022-07-12,1,1011010501,茄类,1,19.218,0.0,19.218,40,40,0,3
2022-07-12,1,1011010504,辣椒类,1,49.014,0.0,49.014,168,168,0,15
2022-07-12,1,1011010801,食用菌,1,27.869,0.0,27.869,67,67,0,4
2022-07-13,1,1011010101,花叶类,1,150.034,0.0,150.034,333,333,0,15
2022-07-13,1,1011010201,花菜类,1,46.435,0.0,46.435,96,96,0,2
2022-07-13,1,1011010402,水生根茎类,1,31.995,0.0,31.995,76,76,0,3
2022-07-13,1,1011010501,茄类,1,12.755,0.0,12.755,24,24,0,4
2022-07-13,1,1011010504,辣椒类,1,57.841,0.0,57.841,153,153,0,15
2022-07-13,1,1011010801,食用菌,1,63.603,0.0,63.603,96,96,0,7
2022-07-14,1,1011010101,花叶类,1,131.965,0.0,131.965,297,297,0,15
2022-07-14,1,1011010201,花菜类,1,34.033,0.0,34.033,83,83,0,1
2022-07-14,1,1011010402,水生根茎类,1,12.376,0.0,12.376,28,28,0,3
2022-07-14,1,1011010501,茄类,1,14.374,0.0,14.374,35,35,0,3
2022-07-14,1,1011010504,辣椒类,1,52.446,0.0,52.446,123,123,0,17
2022-07-14,1,1011010801,食用菌,1,44.709,0.0,44.709,84,84,0,7
2022-07-15,1,1011010101,花叶类,1,118.425,0.0,118.425,272,272,0,13
2022-07-15,1,1011010201,花菜类,1,30.18,0.0,30.18,65,65,0,1
2022-07-15,1,1011010402,水生根茎类,1,43.241,0.0,43.241,77,77,0,5
2022-07-15,1,1011010501,茄类,1,11.364,0.0,11.364,21,21,0,2
2022-07-15,1,1011010504,辣椒类,1,60.497,0.0,60.497,140,140,0,19
2022-07-15,1,1011010801,食用菌,1,66.136,0.0,66.136,121,121,0,10
2022-07-16,1,1011010101,花叶类,1,175.925,0.0,175.925,401,401,0,14
2022-07-16,1,1011010201,花菜类,1,59.714,0.0,59.714,141,141,0,1
2022-07-16,1,1011010402,水生根茎类,1,107.272,0.0,107.272,120,120,0,5
2022-07-16,1,1011010501,茄类,1,18.431,0.0,18.431,34,34,0,4
2022-07-16,1,1011010504,辣椒类,1,73.235,0.0,73.235,229,229,0,15
2022-07-16,1,1011010801,食用菌,1,89.471,0.0,89.471,144,144,0,9
2022-07-17,1,1011010101,花叶类,1,190.249,0.0,190.249,395,395,0,15
2022-07-17,1,1011010201,花菜类,1,53.705,0.0,53.705,126,126,0,2
2022-07-17,1,1011010402,水生根茎类,1,131.3,0.0,131.3,125,125,0,4
2022-07-17,1,1011010501,茄类,1,21.934,0.0,21.934,46,46,0,4
2022-07-17,1,1011010504,辣椒类,1,63.421,0.0,63.421,200,200,0,17
2022-07-17,1,1011010801,食用菌,1,73.671,0.0,73.671,143,143,0,10
2022-07-18,1,1011010101,花叶类,1,132.053,0.0,132.053,300,300,0,15
2022-07-18,1,1011010201,花菜类,1,43.19,0.0,43.19,94,94,0,1
2022-07-18,1,1011010402,水生根茎类,1,57.442,0.0,57.442,85,85,0,5
2022-07-18,1,1011010501,茄类,1,11.582,0.0,11.582,25,25,0,3
2022-07-18,1,1011010504,辣椒类,1,50.507,0.0,50.507,145,145,0,14
2022-07-18,1,1011010801,食用菌,1,52.193,0.0,52.193,80,80,0,6
2022-07-19,1,1011010101,花叶类,1,134.777,-0.717,134.06,286,285,1,15
2022-07-19,1,1011010201,花菜类,1,33.363,0.0,33.363,73,73,0,2
2022-07-19,1,1011010402,水生根茎类,1,90.19,0.0,90.19,85,85,0,6
2022-07-19,1,1011010501,茄类,1,20.509,0.0,20.509,45,45,0,3
2022-07-19,1,1011010504,辣椒类,1,49.966,0.0,49.966,139,139,0,18
2022-07-19,1,1011010801,食用菌,1,44.352,0.0,44.352,98,98,0,8
2022-07-20,1,1011010101,花叶类,1,161.158,-0.213,160.945,370,369,1,16
2022-07-20,1,1011010201,花菜类,1,43.777,0.0,43.777,98,98,0,1
2022-07-20,1,1011010402,水生根茎类,1,89.355,0.0,89.355,94,94,0,5
2022-07-20,1,1011010501,茄类,1,17.192,0.0,17.192,33,33,0,3
2022-07-20,1,1011010504,辣椒类,1,88.656,0.0,88.656,192,192,0,19
2022-07-20,1,1011010801,食用菌,1,37.088,0.0,37.088,77,77,0,6
2022-07-21,1,1011010101,花叶类,1,140.656,0.0,140.656,299,299,0,15
2022-07-21,1,1011010201,花菜类,1,38.147,0.0,38.147,80,80,0,1
2022-07-21,1,1011010402,水生根茎类,1,75.92,0.0,75.92,94,94,0,6
2022-07-21,1,1011010501,茄类,1,18.296,0.0,18.296,29,29,0,3
2022-07-21,1,1011010504,辣椒类,1,130.268,0.0,130.268,202,202,0,14
2022-07-21,1,1011010801,食用菌,1,43.486,0.0,43.486,89,89,0,8
2022-07-22,1,1011010101,花叶类,1,119.449,0.0,119.449,265,265,0,15
2022-07-22,1,1011010201,花菜类,1,33.655,0.0,33.655,75,75,0,1
2022-07-22,1,1011010402,水生根茎类,1,44.43,0.0,44.43,78,78,0,6
2022-07-22,1,1011010501,茄类,1,16.449,0.0,16.449,32,32,0,3
2022-07-22,1,1011010504,辣椒类,1,91.719,0.0,91.719,160,160,0,14
2022-07-22,1,1011010801,食用菌,1,60.678,0.0,60.678,103,103,0,9
2022-07-23,1,1011010101,花叶类,1,163.238,0.0,163.238,361,361,0,15
2022-07-23,1,1011010201,花菜类,1,45.47,0.0,45.47,106,106,0,1
2022-07-23,1,1011010402,水生根茎类,1,67.395,0.0,67.395,113,113,0,4
2022-07-23,1,1011010501,茄类,1,20.601,0.0,20.601,42,42,0,3
2022-07-23,1,1011010504,辣椒类,1,128.405,0.0,128.405,226,226,0,15
2022-07-23,1,1011010801,食用菌,1,101.743,0.0,101.743,165,165,0,8
2022-07-24,1,1011010101,花叶类,1,187.595,0.0,187.595,372,372,0,15
2022-07-24,1,1011010201,花菜类,1,45.96,0.0,45.96,112,112,0,1
2022-07-24,1,1011010402,水生根茎类,1,112.091,0.0,112.091,128,128,0,4
2022-07-24,1,1011010501,茄类,1,10.549,0.0,10.549,18,18,0,3
2022-07-24,1,1011010504,辣椒类,1,55.957,0.0,55.957,80,80,0,13
2022-07-24,1,1011010801,食用菌,1,67.64,0.0,67.64,131,131,0,9
2022-07-25,1,1011010101,花叶类,1,128.305,0.0,128.305,272,272,0,15
2022-07-25,1,1011010201,花菜类,1,79.565,0.0,79.565,182,182,0,2
2022-07-25,1,1011010402,水生根茎类,1,90.633,0.0,90.633,85,85,0,5
2022-07-25,1,1011010501,茄类,1,17.972,0.0,17.972,35,35,0,3
2022-07-25,1,1011010504,辣椒类,1,66.762,0.0,66.762,92,92,0,11
2022-07-25,1,1011010801,食用菌,1,66.315,0.0,66.315,97,97,0,9
2022-07-26,1,1011010101,花叶类,1,161.702,-0.151,161.551,323,322,1,16
2022-07-26,1,1011010201,花菜类,1,74.221,-0.251,73.97,154,153,1,2
2022-07-26,1,1011010402,水生根茎类,1,68.863,0.0,68.863,85,85,0,4
2022-07-26,1,1011010501,茄类,1,18.262,0.0,18.262,34,34,0,3
2022-07-26,1,1011010504,辣椒类,1,98.29,0.0,98.29,155,155,0,13
2022-07-26,1,1011010801,食用菌,1,59.465,0.0,59.465,98,98,0,9
2022-07-27,1,1011010101,花叶类,1,131.633,0.0,131.633,287,287,0,15
2022-07-27,1,1011010201,花菜类,1,67.503,0.0,67.503,145,145,0,2
2022-07-27,1,1011010402,水生根茎类,1,71.087,0.0,71.087,72,72,0,4
2022-07-27,1,1011010501,茄类,1,14.402,0.0,14.402,28,28,0,3
2022-07-27,1,1011010504,辣椒类,1,108.891,0.0,108.891,178,178,0,15
2022-07-27,1,1011010801,食用菌,1,58.869,0.0,58.869,104,104,0,9
2022-07-28,1,1011010101,花叶类,1,170.771,0.0,170.771,365,365,0,16
2022-07-28,1,1011010201,花菜类,1,60.76,0.0,60.76,125,125,0,2
2022-07-28,1,1011010402,水生根茎类,1,70.756,0.0,70.756,76,76,0,5
2022-07-28,1,1011010501,茄类,1,22.58,0.0,22.58,43,43,0,3
2022-07-28,1,1011010504,辣椒类,1,116.81,0.0,116.81,186,186,0,15
2022-07-28,1,1011010801,食用菌,1,69.521,0.0,69.521,106,106,0,11
2022-07-29,1,1011010101,花叶类,1,331.236,0.0,331.236,344,344,0,15
2022-07-29,1,1011010201,花菜类,1,64.225,0.0,64.225,129,129,0,2
2022-07-29,1,1011010402,水生根茎类,1,66.925,0.0,66.925,72,72,0,5
2022-07-29,1,1011010501,茄类,1,15.616,0.0,15.616,27,27,0,3
2022-07-29,1,1011010504,辣椒类,1,120.741,0.0,120.741,180,180,0,14
2022-07-29,1,1011010801,食用菌,1,52.634,0.0,52.634,95,95,0,12
2022-07-30,1,1011010101,花叶类,1,344.157,-1.0,343.157,396,395,1,17
2022-07-30,1,1011010201,花菜类,1,61.873,0.0,61.873,135,135,0,2
2022-07-30,1,1011010402,水生根茎类,1,71.293,0.0,71.293,107,107,0,6
2022-07-30,1,1011010501,茄类,1,13.837,0.0,13.837,27,27,0,4
2022-07-30,1,1011010504,辣椒类,1,141.664,0.0,141.664,217,217,0,14
2022-07-30,1,1011010801,食用菌,1,86.456,0.0,86.456,127,127,0,10
2022-07-31,1,1011010101,花叶类,1,320.998,0.0,320.998,385,385,0,15
2022-07-31,1,1011010201,花菜类,1,49.207,0.0,49.207,107,107,0,2
2022-07-31,1,1011010402,水生根茎类,1,131.591,0.0,131.591,108,108,0,5
2022-07-31,1,1011010501,茄类,1,19.875,0.0,19.875,38,38,0,3
2022-07-31,1,1011010504,辣椒类,1,142.906,0.0,142.906,229,229,0,12
2022-07-31,1,1011010801,食用菌,1,98.219,0.0,98.219,138,138,0,6
2022-08-01,1,1011010101,花叶类,1,304.399,0.0,304.399,343,343,0,15
2022-08-01,1,1011010201,花菜类,1,82.282,0.0,82.282,169,169,0,2
2022-08-01,1,1011010402,水生根茎类,1,91.813,0.0,91.813,83,83,0,5
2022-08-01,1,1011010501,茄类,1,29.243,0.0,29.243,59,59,0,3
2022-08-01,1,1011010504,辣椒类,1,154.113,0.0,154.113,262,262,0,13
2022-08-01,1,1011010801,食用菌,1,36.451,0.0,36.451,84,84,0,8
2022-08-02,1,1011010101,花叶类,1,270.798,0.0,270.798,310,310,0,16
2022-08-02,1,1011010201,花菜类,1,80.493,0.0,80.493,175,175,0,2
2022-08-02,1,1011010402,水生根茎类,1,28.385,0.0,28.385,61,61,0,4
2022-08-02,1,1011010501,茄类,1,14.101,0.0,14.101,27,27,0,2
2022-08-02,1,1011010504,辣椒类,1,122.284,0.0,122.284,181,181,0,15
2022-08-02,1,1011010801,食用菌,1,57.276,0.0,57.276,92,92,0,9
2022-08-03,1,1011010101,花叶类,1,337.105,0.0,337.105,365,365,0,18
2022-08-03,1,1011010201,花菜类,1,68.436,0.0,68.436,165,165,0,2
2022-08-03,1,1011010402,水生根茎类,1,95.589,0.0,95.589,78,78,0,4
2022-08-03,1,1011010501,茄类,1,15.585,0.0,15.585,33,33,0,3
2022-08-03,1,1011010504,辣椒类,1,159.987,0.0,159.987,247,247,0,13
2022-08-03,1,1011010801,食用菌,1,76.332,0.0,76.332,117,117,0,9
2022-08-04,1,1011010101,花叶类,1,354.404,0.0,354.404,375,375,0,19
2022-08-04,1,1011010201,花菜类,1,65.154,0.0,65.154,143,143,0,2
2022-08-04,1,1011010402,水生根茎类,1,64.171,0.0,64.171,102,102,0,5
2022-08-04,1,1011010501,茄类,1,17.149,0.0,17.149,34,34,0,4
2022-08-04,1,1011010504,辣椒类,1,152.644,0.0,152.644,227,227,0,13
2022-08-04,1,1011010801,食用菌,1,81.526,0.0,81.526,123,123,0,9
2022-08-05,1,1011010101,花叶类,1,329.423,0.0,329.423,364,364,0,19
2022-08-05,1,1011010201,花菜类,1,72.799,0.0,72.799,155,155,0,2
2022-08-05,1,1011010402,水生根茎类,1,43.931,0.0,43.931,75,75,0,4
2022-08-05,1,1011010501,茄类,1,13.432,0.0,13.432,26,26,0,3
2022-08-05,1,1011010504,辣椒类,1,169.692,0.0,169.692,254,254,0,13
2022-08-05,1,1011010801,食用菌,1,66.543,0.0,66.543,110,110,0,9
2022-08-06,1,1011010101,花叶类,1,355.128,0.0,355.128,383,383,0,20
2022-08-06,1,1011010201,花菜类,1,96.079,0.0,96.079,212,212,0,2
2022-08-06,1,1011010402,水生根茎类,1,106.723,0.0,106.723,128,128,0,5
2022-08-06,1,1011010501,茄类,1,15.462,0.0,15.462,35,35,0,5
2022-08-06,1,1011010504,辣椒类,1,183.489,0.0,183.489,274,274,0,14
2022-08-06,1,1011010801,食用菌,1,91.924,0.0,91.924,157,157,0,8
2022-08-07,1,1011010101,花叶类,1,319.042,-2.973,316.069,365,364,1,17
2022-08-07,1,1011010201,花菜类,1,86.982,0.0,86.982,178,178,0,2
2022-08-07,1,1011010402,水生根茎类,1,89.746,0.0,89.746,109,109,0,5
2022-08-07,1,1011010501,茄类,1,26.316,0.0,26.316,56,56,0,4
2022-08-07,1,1011010504,辣椒类,1,211.184,0.0,211.184,298,298,0,13
2022-08-07,1,1011010801,食用菌,1,105.113,0.0,105.113,152,152,0,8
2022-08-08,1,1011010101,花叶类,1,302.077,0.0,302.077,312,312,0,15
2022-08-08,1,1011010201,花菜类,1,76.689,0.0,76.689,166,166,0,2
2022-08-08,1,1011010402,水生根茎类,1,86.531,0.0,86.531,85,85,0,5
2022-08-08,1,1011010501,茄类,1,18.528,0.0,18.528,39,39,0,4
2022-08-08,1,1011010504,辣椒类,1,138.495,0.0,138.495,200,200,0,12
2022-08-08,1,1011010801,食用菌,1,87.266,0.0,87.266,138,138,0,9
2022-08-09,1,1011010101,花叶类,1,322.432,0.0,322.432,351,351,0,16
2022-08-09,1,1011010201,花菜类,1,75.303,0.0,75.303,159,159,0,2
2022-08-09,1,1011010402,水生根茎类,1,54.281,0.0,54.281,78,78,0,5
2022-08-09,1,1011010501,茄类,1,17.542,0.0,17.542,37,37,0,5
2022-08-09,1,1011010504,辣椒类,1,161.631,0.0,161.631,228,228,0,13
2022-08-09,1,1011010801,食用菌,1,77.1,0.0,77.1,126,126,0,8
2022-08-10,1,1011010101,花叶类,1,291.018,-2.804,288.214,320,319,1,17
2022-08-10,1,1011010201,花菜类,1,70.986,-0.468,70.518,145,144,1,2
2022-08-10,1,1011010402,水生根茎类,1,89.973,0.0,89.973,89,89,0,5
2022-08-10,1,1011010501,茄类,1,17.255,0.0,17.255,38,38,0,3
2022-08-10,1,1011010504,辣椒类,1,168.921,0.0,168.921,247,247,0,13
2022-08-10,1,1011010801,食用菌,1,39.034,0.0,39.034,89,89,0,5
2022-08-11,1,1011010101,花叶类,1,313.919,0.0,313.919,327,327,0,17
2022-08-11,1,1011010201,花菜类,1,73.029,0.0,73.029,149,149,0,2
2022-08-11,1,1011010402,水生根茎类,1,70.377,0.0,70.377,69,69,0,5
2022-08-11,1,1011010501,茄类,1,13.387,0.0,13.387,29,29,0,4
2022-08-11,1,1011010504,辣椒类,1,159.507,0.0,159.507,243,243,0,11
2022-08-11,1,1011010801,食用菌,1,68.939,0.0,68.939,113,113,0,7
2022-08-12,1,1011010101,花叶类,1,326.821,0.0,326.821,366,366,0,17
2022-08-12,1,1011010201,花菜类,1,74.91,0.0,74.91,150,150,0,2
2022-08-12,1,1011010402,水生根茎类,1,79.938,0.0,79.938,93,93,0,5
2022-08-12,1,1011010501,茄类,1,15.139,0.0,15.139,35,35,0,3
2022-08-12,1,1011010504,辣椒类,1,166.473,0.0,166.473,246,246,0,13
2022-08-12,1,1011010801,食用菌,1,60.39,0.0,60.39,92,92,0,6
2022-08-13,1,1011010101,花叶类,1,479.995,-1.0,478.995,510,509,1,18
2022-08-13,1,1011010201,花菜类,1,102.596,0.0,102.596,212,212,0,2
2022-08-13,1,1011010402,水生根茎类,1,139.761,0.0,139.761,127,127,0,4
2022-08-13,1,1011010501,茄类,1,28.498,0.0,28.498,58,58,0,3
2022-08-13,1,1011010504,辣椒类,1,223.384,0.0,223.384,326,326,0,13
2022-08-13,1,1011010801,食用菌,1,72.19,0.0,72.19,142,142,0,7
2022-08-14,1,1011010101,花叶类,1,394.715,0.0,394.715,404,404,0,16
2022-08-14,1,1011010201,花菜类,1,120.907,0.0,120.907,245,245,0,2
2022-08-14,1,1011010402,水生根茎类,1,97.044,0.0,97.044,151,151,0,6
2022-08-14,1,1011010501,茄类,1,32.987,0.0,32.987,73,73,0,3
2022-08-14,1,1011010504,辣椒类,1,188.234,0.0,188.234,279,279,0,14
2022-08-14,1,1011010801,食用菌,1,87.77,0.0,87.77,172,172,0,7
2022-08-15,1,1011010101,花叶类,1,347.367,0.0,347.367,361,361,0,16
2022-08-15,1,1011010201,花菜类,1,85.398,0.0,85.398,183,183,0,2
2022-08-15,1,1011010402,水生根茎类,1,102.925,0.0,102.925,99,99,0,5
2022-08-15,1,1011010501,茄类,1,24.222,0.0,24.222,57,57,0,3
2022-08-15,1,1011010504,辣椒类,1,120.999,0.0,120.999,183,183,0,13
2022-08-15,1,1011010801,食用菌,1,67.468,0.0,67.468,136,136,0,7
2022-08-16,1,1011010101,花叶类,1,368.861,0.0,368.861,402,402,0,17
2022-08-16,1,1011010201,花菜类,1,81.22,0.0,81.22,171,171,0,2
2022-08-16,1,1011010402,水生根茎类,1,69.881,0.0,69.881,98,98,0,6
2022-08-16,1,1011010501,茄类,1,18.14,0.0,18.14,43,43,0,3
2022-08-16,1,1011010504,辣椒类,1,183.738,0.0,183.738,243,243,0,14
2022-08-16,1,1011010801,食用菌,1,71.408,0.0,71.408,139,139,0,9
2022-08-17,1,1011010101,花叶类,1,358.863,0.0,358.863,382,382,0,15
2022-08-17,1,1011010201,花菜类,1,87.672,0.0,87.672,179,179,0,2
2022-08-17,1,1011010402,水生根茎类,1,104.095,0.0,104.095,116,116,0,6
2022-08-17,1,1011010501,茄类,1,20.658,0.0,20.658,45,45,0,3
2022-08-17,1,1011010504,辣椒类,1,146.131,0.0,146.131,216,216,0,15
2022-08-17,1,1011010801,食用菌,1,66.376,0.0,66.376,129,129,0,8
2022-08-18,1,1011010101,花叶类,1,424.262,0.0,424.262,456,456,0,17
2022-08-18,1,1011010201,花菜类,1,121.725,0.0,121.725,252,252,0,2
2022-08-18,1,1011010402,水生根茎类,1,81.503,0.0,81.503,109,109,0,6
2022-08-18,1,1011010501,茄类,1,26.979,0.0,26.979,61,61,0,3
2022-08-18,1,1011010504,辣椒类,1,223.117,0.0,223.117,303,303,0,14
2022-08-18,1,1011010801,食用菌,1,84.219,0.0,84.219,134,134,0,8
2022-08-19,1,1011010101,花叶类,1,401.426,-2.0,399.426,511,510,1,16
2022-08-19,1,1011010201,花菜类,1,186.155,0.0,186.155,352,352,0,2
2022-08-19,1,1011010402,水生根茎类,1,144.451,0.0,144.451,161,161,0,6
2022-08-19,1,1011010501,茄类,1,89.616,0.0,89.616,191,191,0,3
2022-08-19,1,1011010504,辣椒类,1,334.781,0.0,334.781,417,417,0,14
2022-08-19,1,1011010801,食用菌,1,91.655,0.0,91.655,151,151,0,9
2022-08-20,1,1011010101,花叶类,1,429.043,0.0,429.043,449,449,0,14
2022-08-20,1,1011010201,花菜类,1,123.124,0.0,123.124,221,221,0,2
2022-08-20,1,1011010402,水生根茎类,1,95.698,0.0,95.698,136,136,0,5
2022-08-20,1,1011010501,茄类,1,18.641,0.0,18.641,47,47,0,3
2022-08-20,1,1011010504,辣椒类,1,209.291,0.0,209.291,293,293,0,11
2022-08-20,1,1011010801,食用菌,1,70.643,0.0,70.643,118,118,0,7
2022-08-21,1,1011010101,花叶类,1,432.675,0.0,432.675,457,457,0,15
2022-08-21,1,1011010201,花菜类,1,82.198,0.0,82.198,152,152,0,2
2022-08-21,1,1011010402,水生根茎类,1,87.971,0.0,87.971,132,132,0,5
2022-08-21,1,1011010501,茄类,1,19.233,0.0,19.233,40,40,0,2
2022-08-21,1,1011010504,辣椒类,1,219.055,0.0,219.055,289,289,0,13
2022-08-21,1,1011010801,食用菌,1,72.191,0.0,72.191,130,130,0,9
2022-08-22,1,1011010101,花叶类,1,303.2,0.0,303.2,322,322,0,15
2022-08-22,1,1011010201,花菜类,1,45.204,0.0,45.204,88,88,0,2
2022-08-22,1,1011010402,水生根茎类,1,66.488,0.0,66.488,71,71,0,5
2022-08-22,1,1011010501,茄类,1,14.33,0.0,14.33,36,36,0,3
2022-08-22,1,1011010504,辣椒类,1,104.653,0.0,104.653,152,152,0,12
2022-08-22,1,1011010801,食用菌,1,47.201,0.0,47.201,80,80,0,7
2022-08-23,1,1011010101,花叶类,1,259.56,-1.0,258.56,285,284,1,18
2022-08-23,1,1011010201,花菜类,1,43.039,0.0,43.039,88,88,0,2
2022-08-23,1,1011010402,水生根茎类,1,86.205,0.0,86.205,97,97,0,5
2022-08-23,1,1011010501,茄类,1,13.572,0.0,13.572,34,34,0,3
2022-08-23,1,1011010504,辣椒类,1,111.097,0.0,111.097,157,157,0,13
2022-08-23,1,1011010801,食用菌,1,48.094,0.0,48.094,85,85,0,7
2022-08-24,1,1011010101,花叶类,1,233.767,0.0,233.767,266,266,0,16
2022-08-24,1,1011010201,花菜类,1,46.96,0.0,46.96,82,82,0,2
2022-08-24,1,1011010402,水生根茎类,1,57.232,0.0,57.232,86,86,0,4
2022-08-24,1,1011010501,茄类,1,14.23,0.0,14.23,37,37,0,3
2022-08-24,1,1011010504,辣椒类,1,73.184,0.0,73.184,104,104,0,13
2022-08-24,1,1011010801,食用菌,1,59.056,0.0,59.056,106,106,0,7
2022-08-25,1,1011010101,花叶类,1,243.786,0.0,243.786,346,346,0,24
2022-08-25,1,1011010201,花菜类,1,63.776,0.0,63.776,134,134,0,2
2022-08-25,1,1011010402,水生根茎类,1,51.219,0.0,51.219,77,77,0,4
2022-08-25,1,1011010501,茄类,1,12.514,0.0,12.514,33,33,0,3
2022-08-25,1,1011010504,辣椒类,1,110.13,0.0,110.13,161,161,0,13
2022-08-25,1,1011010801,食用菌,1,42.528,-1.0,41.528,90,89,1,8
2022-08-26,1,1011010101,花叶类,1,250.941,0.0,250.941,322,322,0,18
2022-08-26,1,1011010201,花菜类,1,48.086,0.0,48.086,90,90,0,2
2022-08-26,1,1011010402,水生根茎类,1,48.72,0.0,48.72,74,74,0,3
2022-08-26,1,1011010501,茄类,1,11.488,0.0,11.488,30,30,0,3
2022-08-26,1,1011010504,辣椒类,1,129.03,0.0,129.03,191,191,0,14
2022-08-26,1,1011010801,食用菌,1,73.827,0.0,73.827,133,133,0,9
2022-08-27,1,1011010101,花叶类,1,357.705,0.0,357.705,455,455,0,18
2022-08-27,1,1011010201,花菜类,1,57.998,0.0,57.998,128,128,0,2
2022-08-27,1,1011010402,水生根茎类,1,104.458,0.0,104.458,131,131,0,4
2022-08-27,1,1011010501,茄类,1,19.554,0.0,19.554,53,53,0,3
2022-08-27,1,1011010504,辣椒类,1,154.266,0.0,154.266,218,218,0,13
2022-08-27,1,1011010801,食用菌,1,68.656,0.0,68.656,152,152,0,10
2022-08-28,1,1011010101,花叶类,1,252.244,0.0,252.244,343,343,0,14
2022-08-28,1,1011010201,花菜类,1,88.504,0.0,88.504,186,186,0,2
2022-08-28,1,1011010402,水生根茎类,1,102.839,0.0,102.839,134,134,0,4
2022-08-28,1,1011010501,茄类,1,25.88,0.0,25.88,62,62,0,4
2022-08-28,1,1011010504,辣椒类,1,251.609,0.0,251.609,328,328,0,12
2022-08-28,1,1011010801,食用菌,1,71.953,0.0,71.953,112,112,0,8
2022-08-29,1,1011010101,花叶类,1,297.05,0.0,297.05,308,308,0,17
2022-08-29,1,1011010201,花菜类,1,45.738,0.0,45.738,105,105,0,2
2022-08-29,1,1011010402,水生根茎类,1,59.775,0.0,59.775,64,64,0,3
2022-08-29,1,1011010501,茄类,1,13.378,0.0,13.378,36,36,0,3
2022-08-29,1,1011010504,辣椒类,1,116.076,0.0,116.076,157,157,0,14
2022-08-29,1,1011010801,食用菌,1,74.182,0.0,74.182,116,116,0,7
2022-08-30,1,1011010101,花叶类,1,236.727,0.0,236.727,264,264,0,15
2022-08-30,1,1011010201,花菜类,1,66.738,0.0,66.738,166,166,0,2
2022-08-30,1,1011010402,水生根茎类,1,93.293,0.0,93.293,102,102,0,4
2022-08-30,1,1011010501,茄类,1,7.934,0.0,7.934,25,25,0,3
2022-08-30,1,1011010504,辣椒类,1,114.188,0.0,114.188,174,174,0,12
2022-08-30,1,1011010801,食用菌,1,33.987,0.0,33.987,99,99,0,7
2022-08-31,1,1011010101,花叶类,1,242.409,0.0,242.409,250,250,0,15
2022-08-31,1,1011010201,花菜类,1,35.261,0.0,35.261,82,82,0,2
2022-08-31,1,1011010402,水生根茎类,1,28.994,0.0,28.994,43,43,0,2
2022-08-31,1,1011010501,茄类,1,3.304,0.0,3.304,10,10,0,3
2022-08-31,1,1011010504,辣椒类,1,61.621,0.0,61.621,102,102,0,8
2022-08-31,1,1011010801,食用菌,1,30.29,0.0,30.29,72,72,0,5
2022-09-01,1,1011010101,花叶类,1,311.034,0.0,311.034,329,329,0,16
2022-09-01,1,1011010201,花菜类,1,47.503,0.0,47.503,103,103,0,2
2022-09-01,1,1011010402,水生根茎类,1,56.77,0.0,56.77,106,106,0,4
2022-09-01,1,1011010501,茄类,1,11.464,0.0,11.464,29,29,0,3
2022-09-01,1,1011010504,辣椒类,1,100.922,0.0,100.922,146,146,0,13
2022-09-01,1,1011010801,食用菌,1,58.419,0.0,58.419,123,123,0,6
2022-09-02,1,1011010101,花叶类,1,328.216,0.0,328.216,357,357,0,18
2022-09-02,1,1011010201,花菜类,1,42.416,0.0,42.416,95,95,0,2
2022-09-02,1,1011010402,水生根茎类,1,53.186,0.0,53.186,92,92,0,3
2022-09-02,1,1011010501,茄类,1,4.884,0.0,4.884,14,14,0,2
2022-09-02,1,1011010504,辣椒类,1,103.825,0.0,103.825,162,162,0,15
2022-09-02,1,1011010801,食用菌,1,61.119,0.0,61.119,121,121,0,7
2022-09-03,1,1011010101,花叶类,1,419.813,0.0,419.813,454,454,0,18
2022-09-03,1,1011010201,花菜类,1,53.626,0.0,53.626,116,116,0,2
2022-09-03,1,1011010402,水生根茎类,1,88.589,0.0,88.589,129,129,0,3
2022-09-03,1,1011010501,茄类,1,15.738,0.0,15.738,42,42,0,2
2022-09-03,1,1011010504,辣椒类,1,176.628,0.0,176.628,244,244,0,14
2022-09-03,1,1011010801,食用菌,1,77.887,0.0,77.887,155,155,0,7
2022-09-04,1,1011010101,花叶类,1,491.166,0.0,491.166,519,519,0,18
2022-09-04,1,1011010201,花菜类,1,62.544,0.0,62.544,137,137,0,2
2022-09-04,1,1011010402,水生根茎类,1,124.55,0.0,124.55,174,174,0,4
2022-09-04,1,1011010501,茄类,1,18.362,0.0,18.362,49,49,0,2
2022-09-04,1,1011010504,辣椒类,1,185.402,0.0,185.402,245,245,0,14
2022-09-04,1,1011010801,食用菌,1,87.775,0.0,87.775,181,181,0,8
2022-09-05,1,1011010101,花叶类,1,285.889,0.0,285.889,326,326,0,16
2022-09-05,1,1011010201,花菜类,1,53.158,0.0,53.158,111,111,0,2
2022-09-05,1,1011010402,水生根茎类,1,60.192,0.0,60.192,80,80,0,4
2022-09-05,1,1011010501,茄类,1,10.812,0.0,10.812,25,25,0,2
2022-09-05,1,1011010504,辣椒类,1,117.607,0.0,117.607,156,156,0,13
2022-09-05,1,1011010801,食用菌,1,47.452,0.0,47.452,94,94,0,7
2022-09-06,1,1011010101,花叶类,1,250.203,0.0,250.203,281,281,0,16
2022-09-06,1,1011010201,花菜类,1,39.139,0.0,39.139,78,78,0,2
2022-09-06,1,1011010402,水生根茎类,1,54.584,0.0,54.584,98,98,0,4
2022-09-06,1,1011010501,茄类,1,11.684,0.0,11.684,27,27,0,3
2022-09-06,1,1011010504,辣椒类,1,93.769,0.0,93.769,147,147,0,12
2022-09-06,1,1011010801,食用菌,1,40.62,0.0,40.62,88,88,0,7
2022-09-07,1,1011010101,花叶类,1,260.624,0.0,260.624,278,278,0,14
2022-09-07,1,1011010201,花菜类,1,40.007,0.0,40.007,83,83,0,3
2022-09-07,1,1011010402,水生根茎类,1,59.667,-1.383,58.284,85,84,1,4
2022-09-07,1,1011010501,茄类,1,12.388,0.0,12.388,29,29,0,3
2022-09-07,1,1011010504,辣椒类,1,69.663,0.0,69.663,101,101,0,12
2022-09-07,1,1011010801,食用菌,1,44.356,0.0,44.356,90,90,0,8
2022-09-08,1,1011010101,花叶类,1,222.246,-0.213,222.033,269,268,1,17
2022-09-08,1,1011010201,花菜类,1,42.893,-0.365,42.528,103,102,1,3
2022-09-08,1,1011010402,水生根茎类,1,46.658,0.0,46.658,82,82,0,4
2022-09-08,1,1011010501,茄类,1,7.918,0.0,7.918,18,18,0,3
2022-09-08,1,1011010504,辣椒类,1,91.686,-1.251,90.435,122,120,2,12
2022-09-08,1,1011010801,食用菌,1,62.072,0.0,62.072,110,110,0,8
2022-09-09,1,1011010101,花叶类,1,311.923,0.0,311.923,349,349,0,18
2022-09-09,1,1011010201,花菜类,1,67.57,-0.602,66.968,156,155,1,2
2022-09-09,1,1011010402,水生根茎类,1,111.848,-0.172,111.676,139,138,1,4
2022-09-09,1,1011010501,茄类,1,4.65,0.0,4.65,11,11,0,3
2022-09-09,1,1011010504,辣椒类,1,180.34,-1.0,179.34,243,242,1,14
2022-09-09,1,1011010801,食用菌,1,106.775,-3.207,103.568,175,171,4,8
2022-09-10,1,1011010101,花叶类,1,419.263,-1.0,418.263,543,542,1,19
2022-09-10,1,1011010201,花菜类,1,72.293,0.0,72.293,175,175,0,2
2022-09-10,1,1011010402,水生根茎类,1,155.467,0.0,155.467,190,190,0,5
2022-09-10,1,1011010501,茄类,1,0.491,0.0,0.491,2,2,0,1
2022-09-10,1,1011010504,辣椒类,1,146.777,0.0,146.777,231,231,0,13
2022-09-10,1,1011010801,食用菌,1,114.942,0.0,114.942,188,188,0,9
2022-09-11,1,1011010101,花叶类,1,351.176,-1.252,349.924,429,427,2,19
2022-09-11,1,1011010201,花菜类,1,63.234,0.0,63.234,149,149,0,2
2022-09-11,1,1011010402,水生根茎类,1,97.363,0.0,97.363,147,147,0,4
2022-09-11,1,1011010501,茄类,1,6.927,0.0,6.927,17,17,0,1
2022-09-11,1,1011010504,辣椒类,1,83.984,0.0,83.984,158,158,0,11
2022-09-11,1,1011010801,食用菌,1,92.533,-0.203,92.33,187,186,1,10
2022-09-12,1,1011010101,花叶类,1,315.002,0.0,315.002,388,388,0,19
2022-09-12,1,1011010201,花菜类,1,71.588,0.0,71.588,163,163,0,2
2022-09-12,1,1011010402,水生根茎类,1,38.383,0.0,38.383,54,54,0,4
2022-09-12,1,1011010501,茄类,0,0.0,0.0,0.0,0,0,0,0
2022-09-12,1,1011010504,辣椒类,1,145.6,0.0,145.6,226,226,0,11
2022-09-12,1,1011010801,食用菌,1,98.587,0.0,98.587,186,186,0,9
2022-09-13,1,1011010101,花叶类,1,216.669,0.0,216.669,270,270,0,17
2022-09-13,1,1011010201,花菜类,1,47.126,0.0,47.126,109,109,0,2
2022-09-13,1,1011010402,水生根茎类,1,25.627,0.0,25.627,42,42,0,4
2022-09-13,1,1011010501,茄类,0,0.0,0.0,0.0,0,0,0,0
2022-09-13,1,1011010504,辣椒类,1,104.849,0.0,104.849,156,156,0,11
2022-09-13,1,1011010801,食用菌,1,68.334,0.0,68.334,125,125,0,10
2022-09-14,1,1011010101,花叶类,1,185.157,0.0,185.157,216,216,0,17
2022-09-14,1,1011010201,花菜类,1,41.841,0.0,41.841,94,94,0,2
2022-09-14,1,1011010402,水生根茎类,1,27.935,0.0,27.935,33,33,0,4
2022-09-14,1,1011010501,茄类,0,0.0,0.0,0.0,0,0,0,0
2022-09-14,1,1011010504,辣椒类,1,70.053,0.0,70.053,107,107,0,10
2022-09-14,1,1011010801,食用菌,1,53.107,0.0,53.107,95,95,0,9
2022-09-15,1,1011010101,花叶类,1,201.569,0.0,201.569,232,232,0,14
2022-09-15,1,1011010201,花菜类,1,27.431,0.0,27.431,66,66,0,2
2022-09-15,1,1011010402,水生根茎类,1,29.546,0.0,29.546,46,46,0,4
2022-09-15,1,1011010501,茄类,0,0.0,0.0,0.0,0,0,0,0
2022-09-15,1,1011010504,辣椒类,1,66.529,0.0,66.529,84,84,0,11
2022-09-15,1,1011010801,食用菌,1,56.663,0.0,56.663,90,90,0,11
2022-09-16,1,1011010101,花叶类,1,193.806,0.0,193.806,235,235,0,19
2022-09-16,1,1011010201,花菜类,1,41.283,0.0,41.283,89,89,0,2
2022-09-16,1,1011010402,水生根茎类,1,26.977,0.0,26.977,48,48,0,4
2022-09-16,1,1011010501,茄类,0,0.0,0.0,0.0,0,0,0,0
2022-09-16,1,1011010504,辣椒类,1,107.825,0.0,107.825,131,131,0,12
2022-09-16,1,1011010801,食用菌,1,74.425,0.0,74.425,130,130,0,10
2022-09-17,1,1011010101,花叶类,1,359.256,-1.0,358.256,416,415,1,19
2022-09-17,1,1011010201,花菜类,1,69.613,0.0,69.613,161,161,0,2
2022-09-17,1,1011010402,水生根茎类,1,50.024,0.0,50.024,59,59,0,6
2022-09-17,1,1011010501,茄类,0,0.0,0.0,0.0,0,0,0,0
2022-09-17,1,1011010504,辣椒类,1,168.436,0.0,168.436,230,230,0,13
2022-09-17,1,1011010801,食用菌,1,90.05,0.0,90.05,179,179,0,9
2022-09-18,1,1011010101,花叶类,1,377.496,-1.0,376.496,460,459,1,19
2022-09-18,1,1011010201,花菜类,1,57.716,0.0,57.716,127,127,0,2
2022-09-18,1,1011010402,水生根茎类,1,58.668,0.0,58.668,45,45,0,5
2022-09-18,1,1011010501,茄类,0,0.0,0.0,0.0,0,0,0,0
2022-09-18,1,1011010504,辣椒类,1,177.806,0.0,177.806,230,230,0,12
2022-09-18,1,1011010801,食用菌,1,80.373,0.0,80.373,174,174,0,8
2022-09-19,1,1011010101,花叶类,1,212.507,0.0,212.507,281,281,0,18
2022-09-19,1,1011010201,花菜类,1,38.815,0.0,38.815,85,85,0,2
2022-09-19,1,1011010402,水生根茎类,1,9.274,0.0,9.274,12,12,0,3
2022-09-19,1,1011010501,茄类,0,0.0,0.0,0.0,0,0,0,0
2022-09-19,1,1011010504,辣椒类,1,45.683,0.0,45.683,52,52,0,11
2022-09-19,1,1011010801,食用菌,1,30.316,0.0,30.316,60,60,0,5
2022-09-20,1,1011010101,花叶类,1,262.543,0.0,262.543,343,343,0,19
2022-09-20,1,1011010201,花菜类,1,42.297,0.0,42.297,92,92,0,2
2022-09-20,1,1011010402,水生根茎类,1,14.946,0.0,14.946,21,21,0,3
2022-09-20,1,1011010501,茄类,0,0.0,0.0,0.0,0,0,0,0
2022-09-20,1,1011010504,辣椒类,1,67.862,0.0,67.862,72,72,0,11
2022-09-20,1,1011010801,食用菌,1,47.235,0.0,47.235,101,101,0,6
2022-09-21,1,1011010101,花叶类,1,213.475,0.0,213.475,280,280,0,20
2022-09-21,1,1011010201,花菜类,1,32.068,0.0,32.068,65,65,0,2
2022-09-21,1,1011010402,水生根茎类,1,18.429,0.0,18.429,37,37,0,3
2022-09-21,1,1011010501,茄类,0,0.0,0.0,0.0,0,0,0,0
2022-09-21,1,1011010504,辣椒类,1,86.458,0.0,86.458,124,124,0,11
2022-09-21,1,1011010801,食用菌,1,46.791,0.0,46.791,89,89,0,6
2022-09-22,1,1011010101,花叶类,1,226.528,0.0,226.528,284,284,0,18
2022-09-22,1,1011010201,花菜类,1,50.388,0.0,50.388,108,108,0,2
2022-09-22,1,1011010402,水生根茎类,1,20.182,0.0,20.182,30,30,0,3
2022-09-22,1,1011010501,茄类,0,0.0,0.0,0.0,0,0,0,0
2022-09-22,1,1011010504,辣椒类,1,73.801,0.0,73.801,104,104,0,10
2022-09-22,1,1011010801,食用菌,1,50.943,0.0,50.943,103,103,0,8
2022-09-23,1,1011010101,花叶类,1,243.19,0.0,243.19,323,323,0,17
2022-09-23,1,1011010201,花菜类,1,65.003,-0.743,64.26,146,144,2,2
2022-09-23,1,1011010402,水生根茎类,1,30.662,0.0,30.662,35,35,0,3
2022-09-23,1,1011010501,茄类,0,0.0,0.0,0.0,0,0,0,0
2022-09-23,1,1011010504,辣椒类,1,87.3,-1.476,85.824,133,131,2,12
2022-09-23,1,1011010801,食用菌,1,87.179,0.0,87.179,143,143,0,8
2022-09-24,1,1011010101,花叶类,1,345.852,0.0,345.852,462,462,0,19
2022-09-24,1,1011010201,花菜类,1,75.743,0.0,75.743,151,151,0,2
2022-09-24,1,1011010402,水生根茎类,1,49.291,0.0,49.291,57,57,0,2
2022-09-24,1,1011010501,茄类,0,0.0,0.0,0.0,0,0,0,0
2022-09-24,1,1011010504,辣椒类,1,193.743,0.0,193.743,255,255,0,12
2022-09-24,1,1011010801,食用菌,1,101.607,0.0,101.607,175,175,0,7
2022-09-25,1,1011010101,花叶类,1,320.644,0.0,320.644,383,383,0,19
2022-09-25,1,1011010201,花菜类,1,55.324,0.0,55.324,110,110,0,2
2022-09-25,1,1011010402,水生根茎类,1,14.038,0.0,14.038,40,40,0,3
2022-09-25,1,1011010501,茄类,0,0.0,0.0,0.0,0,0,0,0
2022-09-25,1,1011010504,辣椒类,1,132.468,0.0,132.468,186,186,0,13
2022-09-25,1,1011010801,食用菌,1,118.404,0.0,118.404,220,220,0,8
2022-09-26,1,1011010101,花叶类,1,196.445,0.0,196.445,242,242,0,19
2022-09-26,1,1011010201,花菜类,1,30.76,0.0,30.76,61,61,0,2
2022-09-26,1,1011010402,水生根茎类,1,34.863,0.0,34.863,63,63,0,4
2022-09-26,1,1011010501,茄类,0,0.0,0.0,0.0,0,0,0,0
2022-09-26,1,1011010504,辣椒类,1,59.178,0.0,59.178,90,90,0,13
2022-09-26,1,1011010801,食用菌,1,58.142,0.0,58.142,104,104,0,9
2022-09-27,1,1011010101,花叶类,1,158.187,0.0,158.187,197,197,0,16
2022-09-27,1,1011010201,花菜类,1,29.389,0.0,29.389,73,73,0,2
2022-09-27,1,1011010402,水生根茎类,1,35.665,0.0,35.665,52,52,0,4
2022-09-27,1,1011010501,茄类,0,0.0,0.0,0.0,0,0,0,0
2022-09-27,1,1011010504,辣椒类,1,63.594,0.0,63.594,92,92,0,11
2022-09-27,1,1011010801,食用菌,1,37.499,0.0,37.499,67,67,0,7
2022-09-28,1,1011010101,花叶类,1,142.124,0.0,142.124,173,173,0,17
2022-09-28,1,1011010201,花菜类,1,32.625,0.0,32.625,74,74,0,2
2022-09-28,1,1011010402,水生根茎类,1,62.641,0.0,62.641,79,79,0,3
2022-09-28,1,1011010501,茄类,0,0.0,0.0,0.0,0,0,0,0
2022-09-28,1,1011010504,辣椒类,1,77.96,0.0,77.96,116,116,0,12
2022-09-28,1,1011010801,食用菌,1,53.384,0.0,53.384,105,105,0,8
2022-09-29,1,1011010101,花叶类,1,175.757,0.0,175.757,212,212,0,19
2022-09-29,1,1011010201,花菜类,1,31.877,0.0,31.877,72,72,0,2
2022-09-29,1,1011010402,水生根茎类,1,43.663,0.0,43.663,69,69,0,4
2022-09-29,1,1011010501,茄类,0,0.0,0.0,0.0,0,0,0,0
2022-09-29,1,1011010504,辣椒类,1,84.368,0.0,84.368,111,111,0,14
2022-09-29,1,1011010801,食用菌,1,44.333,0.0,44.333,89,89,0,8
2022-09-30,1,1011010101,花叶类,1,200.098,0.0,200.098,267,267,0,18
2022-09-30,1,1011010201,花菜类,1,53.33,0.0,53.33,122,122,0,2
2022-09-30,1,1011010402,水生根茎类,1,70.235,0.0,70.235,101,101,0,5
2022-09-30,1,1011010501,茄类,0,0.0,0.0,0.0,0,0,0,0
2022-09-30,1,1011010504,辣椒类,1,107.477,0.0,107.477,149,149,0,11
2022-09-30,1,1011010801,食用菌,1,53.895,0.0,53.895,110,110,0,7
2022-10-01,1,1011010101,花叶类,1,318.485,0.0,318.485,412,412,0,21
2022-10-01,1,1011010201,花菜类,1,76.799,0.0,76.799,157,157,0,2
2022-10-01,1,1011010402,水生根茎类,1,102.731,0.0,102.731,130,130,0,3
2022-10-01,1,1011010501,茄类,0,0.0,0.0,0.0,0,0,0,0
2022-10-01,1,1011010504,辣椒类,1,169.374,0.0,169.374,249,249,0,11
2022-10-01,1,1011010801,食用菌,1,122.01,0.0,122.01,216,216,0,7
2022-10-02,1,1011010101,花叶类,1,253.861,0.0,253.861,332,332,0,16
2022-10-02,1,1011010201,花菜类,1,61.869,0.0,61.869,132,132,0,2
2022-10-02,1,1011010402,水生根茎类,1,81.611,0.0,81.611,119,119,0,4
2022-10-02,1,1011010501,茄类,0,0.0,0.0,0.0,0,0,0,0
2022-10-02,1,1011010504,辣椒类,1,178.918,0.0,178.918,255,255,0,11
2022-10-02,1,1011010801,食用菌,1,91.23,0.0,91.23,183,183,0,7
2022-10-03,1,1011010101,花叶类,1,253.67,-0.917,252.753,312,311,1,17
2022-10-03,1,1011010201,花菜类,1,59.161,0.0,59.161,126,126,0,2
2022-10-03,1,1011010402,水生根茎类,1,93.09,0.0,93.09,114,114,0,3
2022-10-03,1,1011010501,茄类,0,0.0,0.0,0.0,0,0,0,0
2022-10-03,1,1011010504,辣椒类,1,117.323,-1.0,116.323,190,189,1,12
2022-10-03,1,1011010801,食用菌,1,82.006,-0.317,81.689,171,170,1,6
2022-10-04,1,1011010101,花叶类,1,328.918,0.0,328.918,387,387,0,19
2022-10-04,1,1011010201,花菜类,1,49.869,0.0,49.869,107,107,0,2
2022-10-04,1,1011010402,水生根茎类,1,104.984,0.0,104.984,144,144,0,4
2022-10-04,1,1011010501,茄类,0,0.0,0.0,0.0,0,0,0,0
2022-10-04,1,1011010504,辣椒类,1,115.099,0.0,115.099,187,187,0,10
2022-10-04,1,1011010801,食用菌,1,117.054,0.0,117.054,221,221,0,8
2022-10-05,1,1011010101,花叶类,1,373.666,0.0,373.666,441,441,0,20
2022-10-05,1,1011010201,花菜类,1,40.769,0.0,40.769,95,95,0,2
2022-10-05,1,1011010402,水生根茎类,1,118.421,0.0,118.421,141,141,0,3
2022-10-05,1,1011010501,茄类,0,0.0,0.0,0.0,0,0,0,0
2022-10-05,1,1011010504,辣椒类,1,162.721,0.0,162.721,241,241,0,12
2022-10-05,1,1011010801,食用菌,1,87.935,-0.444,87.491,191,189,2,7
2022-10-06,1,1011010101,花叶类,1,353.217,0.0,353.217,419,419,0,16
2022-10-06,1,1011010201,花菜类,1,71.588,0.0,71.588,140,140,0,2
2022-10-06,1,1011010402,水生根茎类,1,132.357,0.0,132.357,185,185,0,4
2022-10-06,1,1011010501,茄类,0,0.0,0.0,0.0,0,0,0,0
2022-10-06,1,1011010504,辣椒类,1,208.677,0.0,208.677,287,287,0,12
2022-10-06,1,1011010801,食用菌,1,184.89,-0.308,184.582,318,317,1,11
2022-10-07,1,1011010101,花叶类,1,470.332,-1.475,468.857,532,530,2,14
2022-10-07,1,1011010201,花菜类,1,87.818,-0.415,87.403,184,183,1,2
2022-10-07,1,1011010402,水生根茎类,1,110.302,0.0,110.302,154,154,0,4
2022-10-07,1,1011010501,茄类,0,0.0,0.0,0.0,0,0,0,0
2022-10-07,1,1011010504,辣椒类,1,170.183,-0.207,169.976,277,276,1,12
2022-10-07,1,1011010801,食用菌,1,154.165,0.0,154.165,271,271,0,10
2022-10-08,1,1011010101,花叶类,1,360.779,-0.46,360.319,410,409,1,17
2022-10-08,1,1011010201,花菜类,1,37.814,0.0,37.814,78,78,0,2
2022-10-08,1,1011010402,水生根茎类,1,81.908,0.0,81.908,118,118,0,4
2022-10-08,1,1011010501,茄类,0,0.0,0.0,0.0,0,0,0,0
2022-10-08,1,1011010504,辣椒类,1,114.629,0.0,114.629,182,182,0,9
2022-10-08,1,1011010801,食用菌,1,108.094,0.0,108.094,185,185,0,7
2022-10-09,1,1011010101,花叶类,1,342.075,0.0,342.075,395,395,0,16
2022-10-09,1,1011010201,花菜类,1,53.058,0.0,53.058,102,102,0,2
2022-10-09,1,1011010402,水生根茎类,1,66.479,0.0,66.479,111,111,0,4
2022-10-09,1,1011010501,茄类,0,0.0,0.0,0.0,0,0,0,0
2022-10-09,1,1011010504,辣椒类,1,110.966,0.0,110.966,181,181,0,12
2022-10-09,1,1011010801,食用菌,1,121.547,0.0,121.547,223,223,0,7
2022-10-10,1,1011010101,花叶类,1,288.07,0.0,288.07,329,329,0,15
2022-10-10,1,1011010201,花菜类,1,47.046,0.0,47.046,93,93,0,2
2022-10-10,1,1011010402,水生根茎类,1,46.834,0.0,46.834,60,60,0,3
2022-10-10,1,1011010501,茄类,0,0.0,0.0,0.0,0,0,0,0
2022-10-10,1,1011010504,辣椒类,1,134.737,0.0,134.737,189,189,0,12
2022-10-10,1,1011010801,食用菌,1,103.327,0.0,103.327,170,170,0,7
2022-10-11,1,1011010101,花叶类,1,244.759,0.0,244.759,285,285,0,13
2022-10-11,1,1011010201,花菜类,1,29.66,0.0,29.66,65,65,0,2
2022-10-11,1,1011010402,水生根茎类,1,51.596,0.0,51.596,66,66,0,3
2022-10-11,1,1011010501,茄类,0,0.0,0.0,0.0,0,0,0,0
2022-10-11,1,1011010504,辣椒类,1,119.426,0.0,119.426,169,169,0,13
2022-10-11,1,1011010801,食用菌,1,89.443,0.0,89.443,145,145,0,7
2022-10-12,1,1011010101,花叶类,1,240.312,0.0,240.312,266,266,0,14
2022-10-12,1,1011010201,花菜类,1,29.309,0.0,29.309,68,68,0,2
2022-10-12,1,1011010402,水生根茎类,1,39.206,0.0,39.206,58,58,0,4
2022-10-12,1,1011010501,茄类,0,0.0,0.0,0.0,0,0,0,0
2022-10-12,1,1011010504,辣椒类,1,123.317,-2.0,121.317,178,177,1,12
2022-10-12,1,1011010801,食用菌,1,82.773,0.0,82.773,123,123,0,7
2022-10-13,1,1011010101,花叶类,1,152.506,-0.54,151.966,183,182,1,15
2022-10-13,1,1011010201,花菜类,1,30.605,0.0,30.605,72,72,0,2
2022-10-13,1,1011010402,水生根茎类,1,61.838,0.0,61.838,91,91,0,4
2022-10-13,1,1011010501,茄类,0,0.0,0.0,0.0,0,0,0,0
2022-10-13,1,1011010504,辣椒类,1,84.845,0.0,84.845,126,126,0,10
2022-10-13,1,1011010801,食用菌,1,70.046,0.0,70.046,110,110,0,8
2022-10-14,1,1011010101,花叶类,1,135.637,0.0,135.637,149,149,0,17
2022-10-14,1,1011010201,花菜类,1,11.595,0.0,11.595,26,26,0,2
2022-10-14,1,1011010402,水生根茎类,1,13.046,0.0,13.046,25,25,0,4
2022-10-14,1,1011010501,茄类,0,0.0,0.0,0.0,0,0,0,0
2022-10-14,1,1011010504,辣椒类,1,49.262,0.0,49.262,78,78,0,9
2022-10-14,1,1011010801,食用菌,1,65.579,0.0,65.579,102,102,0,8
2022-10-15,1,1011010101,花叶类,1,377.256,-2.23,375.026,459,456,3,15
2022-10-15,1,1011010201,花菜类,1,60.965,0.0,60.965,125,125,0,2
2022-10-15,1,1011010402,水生根茎类,1,101.798,0.0,101.798,138,138,0,3
2022-10-15,1,1011010501,茄类,1,12.033,0.0,12.033,25,25,0,2
2022-10-15,1,1011010504,辣椒类,1,204.274,-1.176,203.098,312,310,2,11
2022-10-15,1,1011010801,食用菌,1,223.125,0.0,223.125,303,303,0,10
2022-10-16,1,1011010101,花叶类,1,367.681,0.0,367.681,446,446,0,16
2022-10-16,1,1011010201,花菜类,1,62.74,0.0,62.74,131,131,0,2
2022-10-16,1,1011010402,水生根茎类,1,86.333,0.0,86.333,114,114,0,3
2022-10-16,1,1011010501,茄类,1,2.55,0.0,2.55,7,7,0,1
2022-10-16,1,1011010504,辣椒类,1,178.909,0.0,178.909,272,272,0,10
2022-10-16,1,1011010801,食用菌,1,209.72,0.0,209.72,323,323,0,10
2022-10-17,1,1011010101,花叶类,1,247.302,0.0,247.302,289,289,0,15
2022-10-17,1,1011010201,花菜类,1,35.261,0.0,35.261,76,76,0,2
2022-10-17,1,1011010402,水生根茎类,1,38.615,0.0,38.615,59,59,0,3
2022-10-17,1,1011010501,茄类,1,5.762,0.0,5.762,11,11,0,1
2022-10-17,1,1011010504,辣椒类,1,111.662,0.0,111.662,170,170,0,10
2022-10-17,1,1011010801,食用菌,1,104.537,0.0,104.537,172,172,0,8
2022-10-18,1,1011010101,花叶类,1,273.91,0.0,273.91,350,350,0,16
2022-10-18,1,1011010201,花菜类,1,56.159,0.0,56.159,132,132,0,2
2022-10-18,1,1011010402,水生根茎类,1,41.022,0.0,41.022,61,61,0,3
2022-10-18,1,1011010501,茄类,1,7.187,0.0,7.187,16,16,0,2
2022-10-18,1,1011010504,辣椒类,1,155.233,0.0,155.233,219,219,0,8
2022-10-18,1,1011010801,食用菌,1,156.31,0.0,156.31,227,227,0,9
2022-10-19,1,1011010101,花叶类,1,225.807,0.0,225.807,286,286,0,14
2022-10-19,1,1011010201,花菜类,1,33.063,0.0,33.063,54,54,0,2
2022-10-19,1,1011010402,水生根茎类,1,38.515,0.0,38.515,48,48,0,2
2022-10-19,1,1011010501,茄类,1,13.004,0.0,13.004,24,24,0,1
2022-10-19,1,1011010504,辣椒类,1,96.132,0.0,96.132,144,144,0,8
2022-10-19,1,1011010801,食用菌,1,105.856,0.0,105.856,140,140,0,8
2022-10-20,1,1011010101,花叶类,1,242.853,0.0,242.853,281,281,0,18
2022-10-20,1,1011010201,花菜类,1,30.363,0.0,30.363,69,69,0,2
2022-10-20,1,1011010402,水生根茎类,1,52.368,0.0,52.368,63,63,0,2
2022-10-20,1,1011010501,茄类,1,4.701,0.0,4.701,9,9,0,1
2022-10-20,1,1011010504,辣椒类,1,105.947,0.0,105.947,143,143,0,10
2022-10-20,1,1011010801,食用菌,1,88.041,0.0,88.041,132,132,0,8
2022-10-21,1,1011010101,花叶类,1,613.973,-2.379,611.594,670,667,3,20
2022-10-21,1,1011010201,花菜类,1,95.213,0.0,95.213,200,200,0,2
2022-10-21,1,1011010402,水生根茎类,1,98.057,-0.989,97.068,134,133,1,3
2022-10-21,1,1011010501,茄类,1,38.486,0.0,38.486,63,63,0,2
2022-10-21,1,1011010504,辣椒类,1,399.685,-1.289,398.396,612,610,2,11
2022-10-21,1,1011010801,食用菌,1,289.383,-1.0,288.383,409,408,1,11
2022-10-22,1,1011010101,花叶类,1,299.448,0.0,299.448,345,345,0,17
2022-10-22,1,1011010201,花菜类,1,56.496,0.0,56.496,124,124,0,2
2022-10-22,1,1011010402,水生根茎类,1,77.747,0.0,77.747,89,89,0,3
2022-10-22,1,1011010501,茄类,1,7.952,0.0,7.952,13,13,0,1
2022-10-22,1,1011010504,辣椒类,1,155.908,0.0,155.908,203,203,0,9
2022-10-22,1,1011010801,食用菌,1,157.648,0.0,157.648,191,191,0,8
2022-10-23,1,1011010101,花叶类,1,242.892,0.0,242.892,298,298,0,14
2022-10-23,1,1011010201,花菜类,1,38.944,0.0,38.944,87,87,0,2
2022-10-23,1,1011010402,水生根茎类,1,61.265,0.0,61.265,74,74,0,2
2022-10-23,1,1011010501,茄类,1,14.581,0.0,14.581,23,23,0,1
2022-10-23,1,1011010504,辣椒类,1,138.434,0.0,138.434,214,214,0,11
2022-10-23,1,1011010801,食用菌,1,152.181,0.0,152.181,204,204,0,9
2022-10-24,1,1011010101,花叶类,1,199.326,0.0,199.326,228,228,0,15
2022-10-24,1,1011010201,花菜类,1,30.369,0.0,30.369,69,69,0,2
2022-10-24,1,1011010402,水生根茎类,1,37.236,0.0,37.236,57,57,0,3
2022-10-24,1,1011010501,茄类,1,3.223,0.0,3.223,7,7,0,1
2022-10-24,1,1011010504,辣椒类,1,73.345,0.0,73.345,102,102,0,11
2022-10-24,1,1011010801,食用菌,1,85.05,0.0,85.05,122,122,0,9
2022-10-25,1,1011010101,花叶类,1,217.397,0.0,217.397,252,252,0,15
2022-10-25,1,1011010201,花菜类,1,36.506,0.0,36.506,88,88,0,2
2022-10-25,1,1011010402,水生根茎类,1,36.981,0.0,36.981,55,55,0,3
2022-10-25,1,1011010501,茄类,1,4.156,0.0,4.156,9,9,0,1
2022-10-25,1,1011010504,辣椒类,1,125.16,0.0,125.16,160,160,0,10
2022-10-25,1,1011010801,食用菌,1,89.459,0.0,89.459,131,131,0,9
2022-10-26,1,1011010101,花叶类,1,226.633,0.0,226.633,269,269,0,16
2022-10-26,1,1011010201,花菜类,1,38.152,0.0,38.152,96,96,0,2
2022-10-26,1,1011010402,水生根茎类,1,35.475,0.0,35.475,47,47,0,3
2022-10-26,1,1011010501,茄类,1,4.56,0.0,4.56,10,10,0,1
2022-10-26,1,1011010504,辣椒类,1,117.386,0.0,117.386,168,168,0,12
2022-10-26,1,1011010801,食用菌,1,104.795,0.0,104.795,146,146,0,9
2022-10-27,1,1011010101,花叶类,1,209.0,0.0,209.0,252,252,0,17
2022-10-27,1,1011010201,花菜类,1,31.661,0.0,31.661,72,72,0,2
2022-10-27,1,1011010402,水生根茎类,1,35.991,0.0,35.991,53,53,0,3
2022-10-27,1,1011010501,茄类,1,2.299,0.0,2.299,5,5,0,1
2022-10-27,1,1011010504,辣椒类,1,114.668,0.0,114.668,158,158,0,11
2022-10-27,1,1011010801,食用菌,1,116.582,0.0,116.582,180,180,0,9
2022-10-28,1,1011010101,花叶类,1,229.524,0.0,229.524,267,267,0,15
2022-10-28,1,1011010201,花菜类,1,40.855,0.0,40.855,86,86,0,2
2022-10-28,1,1011010402,水生根茎类,1,63.12,0.0,63.12,85,85,0,3
2022-10-28,1,1011010501,茄类,1,11.885,0.0,11.885,16,16,0,1
2022-10-28,1,1011010504,辣椒类,1,136.101,0.0,136.101,187,187,0,10
2022-10-28,1,1011010801,食用菌,1,164.567,0.0,164.567,220,220,0,8
2022-10-29,1,1011010101,花叶类,1,368.131,-1.0,367.131,440,439,1,16
2022-10-29,1,1011010201,花菜类,1,64.488,-0.452,64.036,137,136,1,2
2022-10-29,1,1011010402,水生根茎类,1,98.462,0.0,98.462,125,125,0,3
2022-10-29,1,1011010501,茄类,1,11.396,0.0,11.396,19,19,0,1
2022-10-29,1,1011010504,辣椒类,1,167.485,-1.0,166.485,263,262,1,11
2022-10-29,1,1011010801,食用菌,1,248.053,-1.223,246.83,341,339,2,9
2022-10-30,1,1011010101,花叶类,1,221.196,0.0,221.196,398,398,0,18
2022-10-30,1,1011010201,花菜类,1,76.791,0.0,76.791,173,173,0,2
2022-10-30,1,1011010402,水生根茎类,1,67.588,0.0,67.588,94,94,0,3
2022-10-30,1,1011010501,茄类,1,10.805,0.0,10.805,21,21,0,1
2022-10-30,1,1011010504,辣椒类,1,203.145,0.0,203.145,293,293,0,13
2022-10-30,1,1011010801,食用菌,1,197.429,0.0,197.429,278,278,0,8
2022-10-31,1,1011010101,花叶类,1,85.398,0.0,85.398,173,173,0,15
2022-10-31,1,1011010201,花菜类,1,47.777,0.0,47.777,105,105,0,2
2022-10-31,1,1011010402,水生根茎类,1,32.213,0.0,32.213,39,39,0,3
2022-10-31,1,1011010501,茄类,1,3.319,0.0,3.319,6,6,0,1
2022-10-31,1,1011010504,辣椒类,1,83.714,0.0,83.714,127,127,0,11
2022-10-31,1,1011010801,食用菌,1,61.844,-1.0,60.844,88,87,1,8
2022-11-01,1,1011010101,花叶类,1,96.786,0.0,96.786,182,182,0,17
2022-11-01,1,1011010201,花菜类,1,39.603,0.0,39.603,97,97,0,2
2022-11-01,1,1011010402,水生根茎类,1,29.485,0.0,29.485,37,37,0,3
2022-11-01,1,1011010501,茄类,1,3.305,0.0,3.305,8,8,0,1
2022-11-01,1,1011010504,辣椒类,1,101.963,0.0,101.963,142,142,0,10
2022-11-01,1,1011010801,食用菌,1,96.659,0.0,96.659,131,131,0,10
2022-11-02,0,1011010101,花叶类,0,,,,,,,
2022-11-02,0,1011010201,花菜类,0,,,,,,,
2022-11-02,0,1011010402,水生根茎类,0,,,,,,,
2022-11-02,0,1011010501,茄类,0,,,,,,,
2022-11-02,0,1011010504,辣椒类,0,,,,,,,
2022-11-02,0,1011010801,食用菌,0,,,,,,,
2022-11-03,1,1011010101,花叶类,1,83.973,0.0,83.973,175,175,0,18
2022-11-03,1,1011010201,花菜类,1,63.801,0.0,63.801,146,146,0,2
2022-11-03,1,1011010402,水生根茎类,1,13.926,0.0,13.926,17,17,0,2
2022-11-03,1,1011010501,茄类,1,4.012,0.0,4.012,10,10,0,1
2022-11-03,1,1011010504,辣椒类,1,129.249,0.0,129.249,175,175,0,12
2022-11-03,1,1011010801,食用菌,1,120.855,0.0,120.855,179,179,0,8
2022-11-04,0,1011010101,花叶类,0,,,,,,,
2022-11-04,0,1011010201,花菜类,0,,,,,,,
2022-11-04,0,1011010402,水生根茎类,0,,,,,,,
2022-11-04,0,1011010501,茄类,0,,,,,,,
2022-11-04,0,1011010504,辣椒类,0,,,,,,,
2022-11-04,0,1011010801,食用菌,0,,,,,,,
2022-11-05,1,1011010101,花叶类,1,190.421,0.0,190.421,374,374,0,16
2022-11-05,1,1011010201,花菜类,1,73.537,0.0,73.537,158,158,0,2
2022-11-05,1,1011010402,水生根茎类,1,74.216,0.0,74.216,103,103,0,3
2022-11-05,1,1011010501,茄类,1,9.816,0.0,9.816,22,22,0,1
2022-11-05,1,1011010504,辣椒类,1,158.362,0.0,158.362,221,221,0,12
2022-11-05,1,1011010801,食用菌,1,176.843,0.0,176.843,246,246,0,10
2022-11-06,1,1011010101,花叶类,1,162.064,0.0,162.064,315,315,0,17
2022-11-06,1,1011010201,花菜类,1,75.888,0.0,75.888,144,144,0,2
2022-11-06,1,1011010402,水生根茎类,1,60.306,0.0,60.306,77,77,0,3
2022-11-06,1,1011010501,茄类,1,4.647,0.0,4.647,10,10,0,1
2022-11-06,1,1011010504,辣椒类,1,135.245,0.0,135.245,202,202,0,11
2022-11-06,1,1011010801,食用菌,1,165.482,0.0,165.482,232,232,0,8
2022-11-07,1,1011010101,花叶类,1,102.677,0.0,102.677,192,192,0,15
2022-11-07,1,1011010201,花菜类,1,47.225,0.0,47.225,97,97,0,2
2022-11-07,1,1011010402,水生根茎类,1,22.799,0.0,22.799,31,31,0,3
2022-11-07,1,1011010501,茄类,1,3.256,0.0,3.256,7,7,0,1
2022-11-07,1,1011010504,辣椒类,1,108.169,0.0,108.169,152,152,0,11
2022-11-07,1,1011010801,食用菌,1,86.0,0.0,86.0,130,130,0,9
2022-11-08,1,1011010101,花叶类,1,96.371,0.0,96.371,158,158,0,18
2022-11-08,1,1011010201,花菜类,1,41.117,0.0,41.117,86,86,0,2
2022-11-08,1,1011010402,水生根茎类,1,31.054,0.0,31.054,38,38,0,3
2022-11-08,1,1011010501,茄类,1,3.86,0.0,3.86,7,7,0,1
2022-11-08,1,1011010504,辣椒类,1,77.122,0.0,77.122,126,126,0,11
2022-11-08,1,1011010801,食用菌,1,82.087,0.0,82.087,128,128,0,8
2022-11-09,1,1011010101,花叶类,1,128.56,-0.765,127.795,164,163,1,18
2022-11-09,1,1011010201,花菜类,1,35.22,0.0,35.22,75,75,0,2
2022-11-09,1,1011010402,水生根茎类,1,21.313,0.0,21.313,36,36,0,3
2022-11-09,1,1011010501,茄类,1,2.871,0.0,2.871,5,5,0,1
2022-11-09,1,1011010504,辣椒类,1,75.307,0.0,75.307,111,111,0,11
2022-11-09,1,1011010801,食用菌,1,68.901,0.0,68.901,97,97,0,9
2022-11-10,1,1011010101,花叶类,1,122.883,0.0,122.883,160,160,0,22
2022-11-10,1,1011010201,花菜类,1,39.756,0.0,39.756,84,84,0,2
2022-11-10,1,1011010402,水生根茎类,1,17.046,0.0,17.046,25,25,0,3
2022-11-10,1,1011010501,茄类,1,6.897,0.0,6.897,12,12,0,1
2022-11-10,1,1011010504,辣椒类,1,88.303,0.0,88.303,129,129,0,11
2022-11-10,1,1011010801,食用菌,1,74.627,0.0,74.627,87,87,0,8
2022-11-11,1,1011010101,花叶类,1,173.21,0.0,173.21,214,214,0,22
2022-11-11,1,1011010201,花菜类,1,45.043,0.0,45.043,96,96,0,2
2022-11-11,1,1011010402,水生根茎类,1,40.363,0.0,40.363,62,62,0,3
2022-11-11,1,1011010501,茄类,1,7.801,0.0,7.801,13,13,0,1
2022-11-11,1,1011010504,辣椒类,1,130.229,0.0,130.229,190,190,0,11
2022-11-11,1,1011010801,食用菌,1,163.552,0.0,163.552,201,201,0,8
2022-11-12,1,1011010101,花叶类,1,293.677,0.0,293.677,384,384,0,21
2022-11-12,1,1011010201,花菜类,1,56.455,0.0,56.455,128,128,0,2
2022-11-12,1,1011010402,水生根茎类,1,73.358,0.0,73.358,96,96,0,3
2022-11-12,1,1011010501,茄类,1,10.572,0.0,10.572,19,19,0,1
2022-11-12,1,1011010504,辣椒类,1,204.119,0.0,204.119,295,295,0,11
2022-11-12,1,1011010801,食用菌,1,257.066,0.0,257.066,374,374,0,9
2022-11-13,1,1011010101,花叶类,1,312.032,0.0,312.032,403,403,0,20
2022-11-13,1,1011010201,花菜类,1,50.639,0.0,50.639,114,114,0,2
2022-11-13,1,1011010402,水生根茎类,1,54.616,0.0,54.616,76,76,0,3
2022-11-13,1,1011010501,茄类,1,7.366,0.0,7.366,16,16,0,1
2022-11-13,1,1011010504,辣椒类,1,188.274,0.0,188.274,268,268,0,10
2022-11-13,1,1011010801,食用菌,1,206.762,0.0,206.762,308,308,0,8
2022-11-14,1,1011010101,花叶类,1,180.626,0.0,180.626,218,218,0,16
2022-11-14,1,1011010201,花菜类,1,38.303,0.0,38.303,91,91,0,2
2022-11-14,1,1011010402,水生根茎类,1,27.893,0.0,27.893,37,37,0,3
2022-11-14,1,1011010501,茄类,1,5.605,0.0,5.605,11,11,0,1
2022-11-14,1,1011010504,辣椒类,1,104.647,0.0,104.647,154,154,0,11
2022-11-14,1,1011010801,食用菌,1,99.074,0.0,99.074,147,147,0,8
2022-11-15,1,1011010101,花叶类,1,165.843,0.0,165.843,187,187,0,19
2022-11-15,1,1011010201,花菜类,1,38.944,0.0,38.944,91,91,0,2
2022-11-15,1,1011010402,水生根茎类,1,31.82,0.0,31.82,42,42,0,3
2022-11-15,1,1011010501,茄类,1,7.266,0.0,7.266,15,15,0,1
2022-11-15,1,1011010504,辣椒类,1,93.884,0.0,93.884,142,142,0,10
2022-11-15,1,1011010801,食用菌,1,102.92,0.0,102.92,152,152,0,9
2022-11-16,1,1011010101,花叶类,1,205.406,0.0,205.406,235,235,0,20
2022-11-16,1,1011010201,花菜类,1,18.714,0.0,18.714,43,43,0,2
2022-11-16,1,1011010402,水生根茎类,1,17.224,0.0,17.224,26,26,0,3
2022-11-16,1,1011010501,茄类,1,2.568,0.0,2.568,7,7,0,1
2022-11-16,1,1011010504,辣椒类,1,105.807,0.0,105.807,148,148,0,10
2022-11-16,1,1011010801,食用菌,1,92.695,0.0,92.695,143,143,0,8
2022-11-17,1,1011010101,花叶类,1,232.975,0.0,232.975,264,264,0,21
2022-11-17,1,1011010201,花菜类,1,38.752,0.0,38.752,83,83,0,2
2022-11-17,1,1011010402,水生根茎类,1,40.679,0.0,40.679,48,48,0,4
2022-11-17,1,1011010501,茄类,1,8.038,0.0,8.038,14,14,0,1
2022-11-17,1,1011010504,辣椒类,1,104.356,0.0,104.356,153,153,0,9
2022-11-17,1,1011010801,食用菌,1,90.18,0.0,90.18,145,145,0,9
2022-11-18,1,1011010101,花叶类,1,376.605,-9.082,367.523,429,428,1,21
2022-11-18,1,1011010201,花菜类,1,68.424,0.0,68.424,143,143,0,2
2022-11-18,1,1011010402,水生根茎类,1,59.901,0.0,59.901,75,75,0,4
2022-11-18,1,1011010501,茄类,1,17.923,0.0,17.923,36,36,0,1
2022-11-18,1,1011010504,辣椒类,1,212.654,0.0,212.654,313,313,0,10
2022-11-18,1,1011010801,食用菌,1,153.087,0.0,153.087,238,238,0,9
2022-11-19,1,1011010101,花叶类,1,1265.473,0.0,1265.473,1434,1434,0,25
2022-11-19,1,1011010201,花菜类,1,122.879,-0.718,122.161,258,257,1,2
2022-11-19,1,1011010402,水生根茎类,1,183.307,0.0,183.307,221,221,0,4
2022-11-19,1,1011010501,茄类,1,35.948,0.0,35.948,61,61,0,2
2022-11-19,1,1011010504,辣椒类,1,436.061,0.0,436.061,633,633,0,12
2022-11-19,1,1011010801,食用菌,1,440.93,0.0,440.93,608,608,0,10
2022-11-20,1,1011010101,花叶类,1,146.034,0.0,146.034,211,211,0,18
2022-11-20,1,1011010201,花菜类,1,97.969,0.0,97.969,206,206,0,2
2022-11-20,1,1011010402,水生根茎类,1,67.057,-2.0,65.057,75,74,1,3
2022-11-20,1,1011010501,茄类,1,0.252,0.0,0.252,1,1,0,1
2022-11-20,1,1011010504,辣椒类,1,198.915,-1.581,197.334,288,286,2,8
2022-11-20,1,1011010801,食用菌,1,156.828,0.0,156.828,215,215,0,8
2022-11-21,1,1011010101,花叶类,1,821.168,0.0,821.168,957,957,0,23
2022-11-21,1,1011010201,花菜类,1,132.212,0.0,132.212,256,256,0,2
2022-11-21,1,1011010402,水生根茎类,1,264.657,0.0,264.657,287,287,0,5
2022-11-21,1,1011010501,茄类,1,55.692,0.0,55.692,86,86,0,2
2022-11-21,1,1011010504,辣椒类,1,352.422,0.0,352.422,561,561,0,14
2022-11-21,1,1011010801,食用菌,1,343.02,0.0,343.02,480,480,0,13
2022-11-22,1,1011010101,花叶类,1,173.192,0.0,173.192,200,200,0,19
2022-11-22,1,1011010201,花菜类,1,36.972,0.0,36.972,72,72,0,2
2022-11-22,1,1011010402,水生根茎类,1,30.541,0.0,30.541,32,32,0,3
2022-11-22,1,1011010501,茄类,1,4.816,0.0,4.816,8,8,0,1
2022-11-22,1,1011010504,辣椒类,1,82.219,0.0,82.219,102,102,0,7
2022-11-22,1,1011010801,食用菌,1,36.489,0.0,36.489,48,48,0,8
2022-11-23,1,1011010101,花叶类,1,247.572,0.0,247.572,251,251,0,20
2022-11-23,1,1011010201,花菜类,1,31.84,0.0,31.84,62,62,0,2
2022-11-23,1,1011010402,水生根茎类,1,50.24,0.0,50.24,46,46,0,3
2022-11-23,1,1011010501,茄类,1,8.243,0.0,8.243,11,11,0,2
2022-11-23,1,1011010504,辣椒类,1,98.441,0.0,98.441,127,127,0,9
2022-11-23,1,1011010801,食用菌,1,68.562,0.0,68.562,86,86,0,7
2022-11-24,1,1011010101,花叶类,1,260.618,0.0,260.618,284,284,0,16
2022-11-24,1,1011010201,花菜类,1,31.131,0.0,31.131,61,61,0,2
2022-11-24,1,1011010402,水生根茎类,1,29.738,0.0,29.738,29,29,0,3
2022-11-24,1,1011010501,茄类,1,8.455,0.0,8.455,10,10,0,2
2022-11-24,1,1011010504,辣椒类,1,105.612,0.0,105.612,134,134,0,9
2022-11-24,1,1011010801,食用菌,1,43.262,0.0,43.262,70,70,0,7
2022-11-25,1,1011010101,花叶类,1,228.796,0.0,228.796,226,226,0,18
2022-11-25,1,1011010201,花菜类,1,46.435,0.0,46.435,88,88,0,2
2022-11-25,1,1011010402,水生根茎类,1,62.003,0.0,62.003,55,55,0,3
2022-11-25,1,1011010501,茄类,1,16.927,0.0,16.927,22,22,0,2
2022-11-25,1,1011010504,辣椒类,1,103.304,0.0,103.304,136,136,0,9
2022-11-25,1,1011010801,食用菌,1,32.969,0.0,32.969,48,48,0,7
2022-11-26,1,1011010101,花叶类,1,352.511,0.0,352.511,348,348,0,16
2022-11-26,1,1011010201,花菜类,1,47.408,0.0,47.408,97,97,0,2
2022-11-26,1,1011010402,水生根茎类,1,37.043,0.0,37.043,38,38,0,3
2022-11-26,1,1011010501,茄类,1,9.864,0.0,9.864,16,16,0,2
2022-11-26,1,1011010504,辣椒类,1,89.276,0.0,89.276,119,119,0,9
2022-11-26,1,1011010801,食用菌,1,57.284,0.0,57.284,68,68,0,7
2022-11-27,1,1011010101,花叶类,1,40.471,0.0,40.471,39,39,0,10
2022-11-27,1,1011010201,花菜类,1,3.192,0.0,3.192,7,7,0,1
2022-11-27,1,1011010402,水生根茎类,1,3.165,0.0,3.165,2,2,0,1
2022-11-27,1,1011010501,茄类,1,4.146,0.0,4.146,5,5,0,1
2022-11-27,1,1011010504,辣椒类,1,17.031,0.0,17.031,19,19,0,4
2022-11-27,1,1011010801,食用菌,1,8.596,0.0,8.596,12,12,0,4
2022-11-28,1,1011010101,花叶类,1,40.862,0.0,40.862,33,33,0,10
2022-11-28,1,1011010201,花菜类,1,10.708,0.0,10.708,22,22,0,2
2022-11-28,1,1011010402,水生根茎类,1,1.809,0.0,1.809,2,2,0,2
2022-11-28,1,1011010501,茄类,1,1.04,0.0,1.04,1,1,0,1
2022-11-28,1,1011010504,辣椒类,1,13.451,0.0,13.451,15,15,0,3
2022-11-28,1,1011010801,食用菌,1,3.012,0.0,3.012,5,5,0,3
2022-11-29,1,1011010101,花叶类,1,31.298,0.0,31.298,35,35,0,11
2022-11-29,1,1011010201,花菜类,1,7.624,0.0,7.624,15,15,0,2
2022-11-29,1,1011010402,水生根茎类,1,9.194,0.0,9.194,7,7,0,2
2022-11-29,1,1011010501,茄类,1,1.778,0.0,1.778,2,2,0,1
2022-11-29,1,1011010504,辣椒类,1,6.066,0.0,6.066,7,7,0,2
2022-11-29,1,1011010801,食用菌,1,8.283,0.0,8.283,8,8,0,4
2022-11-30,0,1011010101,花叶类,0,,,,,,,
2022-11-30,0,1011010201,花菜类,0,,,,,,,
2022-11-30,0,1011010402,水生根茎类,0,,,,,,,
2022-11-30,0,1011010501,茄类,0,,,,,,,
2022-11-30,0,1011010504,辣椒类,0,,,,,,,
2022-11-30,0,1011010801,食用菌,0,,,,,,,
2022-12-01,0,1011010101,花叶类,0,,,,,,,
2022-12-01,0,1011010201,花菜类,0,,,,,,,
2022-12-01,0,1011010402,水生根茎类,0,,,,,,,
2022-12-01,0,1011010501,茄类,0,,,,,,,
2022-12-01,0,1011010504,辣椒类,0,,,,,,,
2022-12-01,0,1011010801,食用菌,0,,,,,,,
2022-12-02,0,1011010101,花叶类,0,,,,,,,
2022-12-02,0,1011010201,花菜类,0,,,,,,,
2022-12-02,0,1011010402,水生根茎类,0,,,,,,,
2022-12-02,0,1011010501,茄类,0,,,,,,,
2022-12-02,0,1011010504,辣椒类,0,,,,,,,
2022-12-02,0,1011010801,食用菌,0,,,,,,,
2022-12-03,0,1011010101,花叶类,0,,,,,,,
2022-12-03,0,1011010201,花菜类,0,,,,,,,
2022-12-03,0,1011010402,水生根茎类,0,,,,,,,
2022-12-03,0,1011010501,茄类,0,,,,,,,
2022-12-03,0,1011010504,辣椒类,0,,,,,,,
2022-12-03,0,1011010801,食用菌,0,,,,,,,
2022-12-04,1,1011010101,花叶类,1,99.399,0.0,99.399,121,121,0,11
2022-12-04,1,1011010201,花菜类,1,24.722,0.0,24.722,54,54,0,2
2022-12-04,1,1011010402,水生根茎类,1,18.158,0.0,18.158,16,16,0,2
2022-12-04,1,1011010501,茄类,1,1.168,0.0,1.168,1,1,0,1
2022-12-04,1,1011010504,辣椒类,1,53.404,0.0,53.404,55,55,0,6
2022-12-04,1,1011010801,食用菌,1,30.0,0.0,30.0,30,30,0,3
2022-12-05,1,1011010101,花叶类,1,170.093,0.0,170.093,186,186,0,11
2022-12-05,1,1011010201,花菜类,1,30.282,0.0,30.282,71,71,0,1
2022-12-05,1,1011010402,水生根茎类,1,41.811,0.0,41.811,44,44,0,2
2022-12-05,1,1011010501,茄类,0,0.0,0.0,0.0,0,0,0,0
2022-12-05,1,1011010504,辣椒类,1,118.657,0.0,118.657,162,162,0,8
2022-12-05,1,1011010801,食用菌,1,114.0,0.0,114.0,114,114,0,3
2022-12-06,1,1011010101,花叶类,1,226.171,0.0,226.171,294,294,0,14
2022-12-06,1,1011010201,花菜类,1,38.551,0.0,38.551,81,81,0,2
2022-12-06,1,1011010402,水生根茎类,1,67.863,0.0,67.863,70,70,0,2
2022-12-06,1,1011010501,茄类,1,7.977,0.0,7.977,17,17,0,1
2022-12-06,1,1011010504,辣椒类,1,97.963,0.0,97.963,155,155,0,8
2022-12-06,1,1011010801,食用菌,1,98.62,0.0,98.62,153,153,0,3
2022-12-07,1,1011010101,花叶类,1,272.787,0.0,272.787,305,305,0,13
2022-12-07,1,1011010201,花菜类,1,25.636,0.0,25.636,55,55,0,2
2022-12-07,1,1011010402,水生根茎类,1,64.331,0.0,64.331,65,65,0,2
2022-12-07,1,1011010501,茄类,1,11.597,0.0,11.597,24,24,0,1
2022-12-07,1,1011010504,辣椒类,1,82.55,0.0,82.55,135,135,0,5
2022-12-07,1,1011010801,食用菌,1,124.352,0.0,124.352,175,175,0,6
2022-12-08,1,1011010101,花叶类,1,173.924,0.0,173.924,197,197,0,15
2022-12-08,1,1011010201,花菜类,1,46.357,0.0,46.357,97,97,0,2
2022-12-08,1,1011010402,水生根茎类,1,47.48,0.0,47.48,47,47,0,2
2022-12-08,1,1011010501,茄类,1,4.524,0.0,4.524,8,8,0,1
2022-12-08,1,1011010504,辣椒类,1,131.273,0.0,131.273,169,169,0,8
2022-12-08,1,1011010801,食用菌,1,82.678,0.0,82.678,126,126,0,6
2022-12-09,1,1011010101,花叶类,1,140.88,0.0,140.88,173,173,0,14
2022-12-09,1,1011010201,花菜类,1,41.33,0.0,41.33,96,96,0,2
2022-12-09,1,1011010402,水生根茎类,1,30.039,0.0,30.039,31,31,0,3
2022-12-09,1,1011010501,茄类,1,4.422,0.0,4.422,11,11,0,1
2022-12-09,1,1011010504,辣椒类,1,99.447,0.0,99.447,129,129,0,8
2022-12-09,1,1011010801,食用菌,1,71.484,0.0,71.484,103,103,0,6
2022-12-10,1,1011010101,花叶类,1,231.009,0.0,231.009,279,279,0,17
2022-12-10,1,1011010201,花菜类,1,55.053,0.0,55.053,114,114,0,2
2022-12-10,1,1011010402,水生根茎类,1,73.28,0.0,73.28,84,84,0,4
2022-12-10,1,1011010501,茄类,1,6.572,0.0,6.572,13,13,0,1
2022-12-10,1,1011010504,辣椒类,1,161.982,0.0,161.982,224,224,0,9
2022-12-10,1,1011010801,食用菌,1,149.336,0.0,149.336,206,206,0,10
2022-12-11,1,1011010101,花叶类,1,204.481,0.0,204.481,240,240,0,18
2022-12-11,1,1011010201,花菜类,1,62.536,0.0,62.536,132,132,0,2
2022-12-11,1,1011010402,水生根茎类,1,63.385,0.0,63.385,71,71,0,3
2022-12-11,1,1011010501,茄类,1,3.629,0.0,3.629,8,8,0,2
2022-12-11,1,1011010504,辣椒类,1,171.695,0.0,171.695,221,221,0,9
2022-12-11,1,1011010801,食用菌,1,144.333,0.0,144.333,198,198,0,11
2022-12-12,1,1011010101,花叶类,1,173.035,0.0,173.035,199,199,0,17
2022-12-12,1,1011010201,花菜类,1,27.823,0.0,27.823,68,68,0,2
2022-12-12,1,1011010402,水生根茎类,1,30.168,0.0,30.168,36,36,0,4
2022-12-12,1,1011010501,茄类,1,3.379,0.0,3.379,6,6,0,1
2022-12-12,1,1011010504,辣椒类,1,96.205,-0.38,95.825,131,130,1,8
2022-12-12,1,1011010801,食用菌,1,85.722,0.0,85.722,125,125,0,7
2022-12-13,1,1011010101,花叶类,1,185.802,0.0,185.802,219,219,0,17
2022-12-13,1,1011010201,花菜类,1,37.876,0.0,37.876,78,78,0,2
2022-12-13,1,1011010402,水生根茎类,1,50.434,0.0,50.434,66,66,0,5
2022-12-13,1,1011010501,茄类,1,5.316,0.0,5.316,10,10,0,1
2022-12-13,1,1011010504,辣椒类,1,103.872,0.0,103.872,144,144,0,9
2022-12-13,1,1011010801,食用菌,1,91.195,0.0,91.195,123,123,0,9
2022-12-14,1,1011010101,花叶类,1,226.115,0.0,226.115,232,232,0,18
2022-12-14,1,1011010201,花菜类,1,40.701,0.0,40.701,88,88,0,2
2022-12-14,1,1011010402,水生根茎类,1,29.923,0.0,29.923,27,27,0,4
2022-12-14,1,1011010501,茄类,1,6.973,0.0,6.973,14,14,0,1
2022-12-14,1,1011010504,辣椒类,1,96.198,0.0,96.198,132,132,0,10
2022-12-14,1,1011010801,食用菌,1,102.181,0.0,102.181,141,141,0,11
2022-12-15,1,1011010101,花叶类,1,291.759,0.0,291.759,313,313,0,16
2022-12-15,1,1011010201,花菜类,1,44.891,0.0,44.891,94,94,0,2
2022-12-15,1,1011010402,水生根茎类,1,60.996,0.0,60.996,64,64,0,3
2022-12-15,1,1011010501,茄类,1,8.607,0.0,8.607,16,16,0,1
2022-12-15,1,1011010504,辣椒类,1,151.972,0.0,151.972,187,187,0,10
2022-12-15,1,1011010801,食用菌,1,94.034,0.0,94.034,139,139,0,11
2022-12-16,1,1011010101,花叶类,1,306.951,-1.281,305.67,325,323,2,15
2022-12-16,1,1011010201,花菜类,1,28.131,0.0,28.131,53,53,0,2
2022-12-16,1,1011010402,水生根茎类,1,59.198,0.0,59.198,62,62,0,3
2022-12-16,1,1011010501,茄类,1,6.839,0.0,6.839,12,12,0,2
2022-12-16,1,1011010504,辣椒类,1,147.869,0.0,147.869,190,190,0,9
2022-12-16,1,1011010801,食用菌,1,146.341,-4.348,141.993,207,203,4,12
2022-12-17,1,1011010101,花叶类,1,265.09,0.0,265.09,361,361,0,21
2022-12-17,1,1011010201,花菜类,1,43.945,0.0,43.945,71,71,0,2
2022-12-17,1,1011010402,水生根茎类,1,97.791,0.0,97.791,113,113,0,3
2022-12-17,1,1011010501,茄类,1,16.786,0.0,16.786,31,31,0,2
2022-12-17,1,1011010504,辣椒类,1,153.757,0.0,153.757,223,223,0,10
2022-12-17,1,1011010801,食用菌,1,142.647,0.0,142.647,204,204,0,10
2022-12-18,1,1011010101,花叶类,1,295.364,0.0,295.364,352,352,0,15
2022-12-18,1,1011010201,花菜类,1,68.962,0.0,68.962,145,145,0,2
2022-12-18,1,1011010402,水生根茎类,1,65.117,0.0,65.117,82,82,0,4
2022-12-18,1,1011010501,茄类,1,12.025,0.0,12.025,22,22,0,1
2022-12-18,1,1011010504,辣椒类,1,123.469,0.0,123.469,178,178,0,8
2022-12-18,1,1011010801,食用菌,1,131.36,0.0,131.36,183,183,0,9
2022-12-19,1,1011010101,花叶类,1,201.178,0.0,201.178,267,267,0,16
2022-12-19,1,1011010201,花菜类,1,47.456,0.0,47.456,103,103,0,2
2022-12-19,1,1011010402,水生根茎类,1,67.122,0.0,67.122,82,82,0,5
2022-12-19,1,1011010501,茄类,1,11.56,0.0,11.56,24,24,0,1
2022-12-19,1,1011010504,辣椒类,1,98.288,-0.443,97.845,142,141,1,6
2022-12-19,1,1011010801,食用菌,1,86.269,0.0,86.269,140,140,0,9
2022-12-20,1,1011010101,花叶类,1,252.224,0.0,252.224,297,297,0,14
2022-12-20,1,1011010201,花菜类,1,45.501,0.0,45.501,96,96,0,2
2022-12-20,1,1011010402,水生根茎类,1,53.792,0.0,53.792,61,61,0,4
2022-12-20,1,1011010501,茄类,1,6.731,0.0,6.731,13,13,0,1
2022-12-20,1,1011010504,辣椒类,1,88.82,0.0,88.82,128,128,0,8
2022-12-20,1,1011010801,食用菌,1,103.847,0.0,103.847,157,157,0,9
2022-12-21,1,1011010101,花叶类,1,285.265,0.0,285.265,349,349,0,18
2022-12-21,1,1011010201,花菜类,1,76.358,0.0,76.358,182,182,0,2
2022-12-21,1,1011010402,水生根茎类,1,61.727,0.0,61.727,73,73,0,5
2022-12-21,1,1011010501,茄类,1,17.74,0.0,17.74,34,34,0,1
2022-12-21,1,1011010504,辣椒类,1,137.998,0.0,137.998,194,194,0,11
2022-12-21,1,1011010801,食用菌,1,128.851,0.0,128.851,182,182,0,9
2022-12-22,1,1011010101,花叶类,1,223.75,-0.502,223.248,274,273,1,16
2022-12-22,1,1011010201,花菜类,1,33.671,0.0,33.671,69,69,0,2
2022-12-22,1,1011010402,水生根茎类,1,45.018,0.0,45.018,51,51,0,4
2022-12-22,1,1011010501,茄类,1,8.883,0.0,8.883,17,17,0,1
2022-12-22,1,1011010504,辣椒类,1,93.949,0.0,93.949,131,131,0,9
2022-12-22,1,1011010801,食用菌,1,99.983,0.0,99.983,149,149,0,8
2022-12-23,1,1011010101,花叶类,1,210.784,0.0,210.784,250,250,0,14
2022-12-23,1,1011010201,花菜类,1,29.486,0.0,29.486,58,58,0,2
2022-12-23,1,1011010402,水生根茎类,1,54.487,0.0,54.487,61,61,0,5
2022-12-23,1,1011010501,茄类,1,8.921,0.0,8.921,17,17,0,1
2022-12-23,1,1011010504,辣椒类,1,91.649,0.0,91.649,127,127,0,8
2022-12-23,1,1011010801,食用菌,1,92.544,0.0,92.544,138,138,0,10
2022-12-24,1,1011010101,花叶类,1,285.085,0.0,285.085,323,323,0,12
2022-12-24,1,1011010201,花菜类,1,47.279,0.0,47.279,110,110,0,2
2022-12-24,1,1011010402,水生根茎类,1,61.874,0.0,61.874,72,72,0,4
2022-12-24,1,1011010501,茄类,1,11.582,0.0,11.582,24,24,0,1
2022-12-24,1,1011010504,辣椒类,1,117.564,0.0,117.564,166,166,0,9
2022-12-24,1,1011010801,食用菌,1,139.067,0.0,139.067,184,184,0,11
2022-12-25,1,1011010101,花叶类,1,362.94,0.0,362.94,426,426,0,15
2022-12-25,1,1011010201,花菜类,1,51.941,0.0,51.941,122,122,0,2
2022-12-25,1,1011010402,水生根茎类,1,105.129,0.0,105.129,136,136,0,5
2022-12-25,1,1011010501,茄类,1,5.742,0.0,5.742,13,13,0,1
2022-12-25,1,1011010504,辣椒类,1,166.418,0.0,166.418,230,230,0,10
2022-12-25,1,1011010801,食用菌,1,160.777,0.0,160.777,228,228,0,12
2022-12-26,1,1011010101,花叶类,1,253.075,0.0,253.075,297,297,0,16
2022-12-26,1,1011010201,花菜类,1,27.857,0.0,27.857,71,71,0,2
2022-12-26,1,1011010402,水生根茎类,1,56.004,0.0,56.004,74,74,0,5
2022-12-26,1,1011010501,茄类,1,12.022,0.0,12.022,25,25,0,2
2022-12-26,1,1011010504,辣椒类,1,114.691,0.0,114.691,167,167,0,9
2022-12-26,1,1011010801,食用菌,1,115.933,0.0,115.933,162,162,0,11
2022-12-27,1,1011010101,花叶类,1,253.518,0.0,253.518,292,292,0,13
2022-12-27,1,1011010201,花菜类,1,39.591,0.0,39.591,87,87,0,2
2022-12-27,1,1011010402,水生根茎类,1,72.514,0.0,72.514,97,97,0,6
2022-12-27,1,1011010501,茄类,1,6.541,0.0,6.541,15,15,0,2
2022-12-27,1,1011010504,辣椒类,1,121.716,0.0,121.716,171,171,0,9
2022-12-27,1,1011010801,食用菌,1,102.06,0.0,102.06,138,138,0,12
2022-12-28,1,1011010101,花叶类,1,257.429,0.0,257.429,302,302,0,16
2022-12-28,1,1011010201,花菜类,1,36.052,0.0,36.052,76,76,0,2
2022-12-28,1,1011010402,水生根茎类,1,60.286,0.0,60.286,83,83,0,6
2022-12-28,1,1011010501,茄类,1,8.167,0.0,8.167,19,19,0,1
2022-12-28,1,1011010504,辣椒类,1,99.953,0.0,99.953,142,142,0,10
2022-12-28,1,1011010801,食用菌,1,119.913,0.0,119.913,165,165,0,12
2022-12-29,1,1011010101,花叶类,1,237.735,-0.328,237.407,278,277,1,16
2022-12-29,1,1011010201,花菜类,1,25.895,0.0,25.895,61,61,0,2
2022-12-29,1,1011010402,水生根茎类,1,66.287,0.0,66.287,88,88,0,6
2022-12-29,1,1011010501,茄类,1,3.656,0.0,3.656,10,10,0,1
2022-12-29,1,1011010504,辣椒类,1,129.853,0.0,129.853,171,171,0,11
2022-12-29,1,1011010801,食用菌,1,123.439,0.0,123.439,171,171,0,13
2022-12-30,1,1011010101,花叶类,1,244.088,0.0,244.088,279,279,0,16
2022-12-30,1,1011010201,花菜类,1,29.769,0.0,29.769,77,77,0,2
2022-12-30,1,1011010402,水生根茎类,1,62.525,0.0,62.525,81,81,0,5
2022-12-30,1,1011010501,茄类,1,6.173,0.0,6.173,16,16,0,2
2022-12-30,1,1011010504,辣椒类,1,118.877,0.0,118.877,170,170,0,10
2022-12-30,1,1011010801,食用菌,1,131.883,0.0,131.883,166,166,0,11
2022-12-31,1,1011010101,花叶类,1,329.509,0.0,329.509,371,371,0,14
2022-12-31,1,1011010201,花菜类,1,39.573,0.0,39.573,86,86,0,2
2022-12-31,1,1011010402,水生根茎类,1,103.271,0.0,103.271,125,125,0,5
2022-12-31,1,1011010501,茄类,1,5.574,0.0,5.574,13,13,0,2
2022-12-31,1,1011010504,辣椒类,1,198.248,0.0,198.248,249,249,0,11
2022-12-31,1,1011010801,食用菌,1,178.021,0.0,178.021,243,243,0,12
2023-01-01,1,1011010101,花叶类,1,329.635,0.0,329.635,381,381,0,14
2023-01-01,1,1011010201,花菜类,1,39.38,0.0,39.38,93,93,0,2
2023-01-01,1,1011010402,水生根茎类,1,92.503,0.0,92.503,129,129,0,6
2023-01-01,1,1011010501,茄类,1,7.926,0.0,7.926,18,18,0,2
2023-01-01,1,1011010504,辣椒类,1,174.426,0.0,174.426,220,220,0,10
2023-01-01,1,1011010801,食用菌,1,159.047,0.0,159.047,222,222,0,13
2023-01-02,1,1011010101,花叶类,1,287.812,0.0,287.812,323,323,0,13
2023-01-02,1,1011010201,花菜类,1,36.172,0.0,36.172,84,84,0,2
2023-01-02,1,1011010402,水生根茎类,1,54.334,0.0,54.334,85,85,0,5
2023-01-02,1,1011010501,茄类,1,17.834,0.0,17.834,27,27,0,2
2023-01-02,1,1011010504,辣椒类,1,154.451,0.0,154.451,210,210,0,12
2023-01-02,1,1011010801,食用菌,1,132.934,0.0,132.934,188,188,0,10
2023-01-03,1,1011010101,花叶类,1,215.984,0.0,215.984,257,257,0,14
2023-01-03,1,1011010201,花菜类,1,30.654,0.0,30.654,61,61,0,2
2023-01-03,1,1011010402,水生根茎类,1,50.818,0.0,50.818,70,70,0,4
2023-01-03,1,1011010501,茄类,1,3.617,0.0,3.617,9,9,0,2
2023-01-03,1,1011010504,辣椒类,1,128.134,0.0,128.134,175,175,0,12
2023-01-03,1,1011010801,食用菌,1,86.599,0.0,86.599,120,120,0,11
2023-01-04,1,1011010101,花叶类,1,171.91,0.0,171.91,210,210,0,14
2023-01-04,1,1011010201,花菜类,1,27.843,0.0,27.843,58,58,0,2
2023-01-04,1,1011010402,水生根茎类,1,48.908,0.0,48.908,70,70,0,5
2023-01-04,1,1011010501,茄类,1,3.929,0.0,3.929,10,10,0,1
2023-01-04,1,1011010504,辣椒类,1,123.447,0.0,123.447,157,157,0,11
2023-01-04,1,1011010801,食用菌,1,88.495,0.0,88.495,118,118,0,10
2023-01-05,1,1011010101,花叶类,1,186.069,0.0,186.069,232,232,0,14
2023-01-05,1,1011010201,花菜类,1,25.709,0.0,25.709,51,51,0,2
2023-01-05,1,1011010402,水生根茎类,1,32.701,0.0,32.701,53,53,0,4
2023-01-05,1,1011010501,茄类,1,5.835,0.0,5.835,12,12,0,2
2023-01-05,1,1011010504,辣椒类,1,108.643,0.0,108.643,142,142,0,11
2023-01-05,1,1011010801,食用菌,1,101.317,0.0,101.317,134,134,0,9
2023-01-06,1,1011010101,花叶类,1,202.912,0.0,202.912,235,235,0,14
2023-01-06,1,1011010201,花菜类,1,27.047,0.0,27.047,62,62,0,2
2023-01-06,1,1011010402,水生根茎类,1,60.705,-1.035,59.67,74,73,1,6
2023-01-06,1,1011010501,茄类,1,6.648,0.0,6.648,14,14,0,2
2023-01-06,1,1011010504,辣椒类,1,106.774,0.0,106.774,158,158,0,12
2023-01-06,1,1011010801,食用菌,1,115.083,0.0,115.083,147,147,0,13
2023-01-07,1,1011010101,花叶类,1,187.324,0.0,187.324,242,242,0,20
2023-01-07,1,1011010201,花菜类,1,24.606,0.0,24.606,54,54,0,2
2023-01-07,1,1011010402,水生根茎类,1,53.524,0.0,53.524,70,70,0,5
2023-01-07,1,1011010501,茄类,1,11.499,0.0,11.499,27,27,0,2
2023-01-07,1,1011010504,辣椒类,1,112.31,0.0,112.31,157,157,0,13
2023-01-07,1,1011010801,食用菌,1,108.037,0.0,108.037,149,149,0,10
2023-01-08,1,1011010101,花叶类,1,219.372,0.0,219.372,270,270,0,18
2023-01-08,1,1011010201,花菜类,1,34.433,0.0,34.433,70,70,0,2
2023-01-08,1,1011010402,水生根茎类,1,56.788,0.0,56.788,76,76,0,5
2023-01-08,1,1011010501,茄类,1,15.154,0.0,15.154,32,32,0,1
2023-01-08,1,1011010504,辣椒类,1,124.983,0.0,124.983,183,183,0,14
2023-01-08,1,1011010801,食用菌,1,115.9,0.0,115.9,160,160,0,9
2023-01-09,1,1011010101,花叶类,1,185.585,0.0,185.585,204,204,0,17
2023-01-09,1,1011010201,花菜类,1,31.341,0.0,31.341,65,65,0,2
2023-01-09,1,1011010402,水生根茎类,1,39.959,0.0,39.959,55,55,0,5
2023-01-09,1,1011010501,茄类,1,11.607,0.0,11.607,23,23,0,1
2023-01-09,1,1011010504,辣椒类,1,90.474,-1.0,89.474,141,140,1,12
2023-01-09,1,1011010801,食用菌,1,100.363,0.0,100.363,132,132,0,10
2023-01-10,1,1011010101,花叶类,1,200.196,0.0,200.196,236,236,0,19
2023-01-10,1,1011010201,花菜类,1,15.292,0.0,15.292,35,35,0,2
2023-01-10,1,1011010402,水生根茎类,1,45.848,0.0,45.848,58,58,0,5
2023-01-10,1,1011010501,茄类,1,9.913,0.0,9.913,20,20,0,2
2023-01-10,1,1011010504,辣椒类,1,119.602,0.0,119.602,169,169,0,11
2023-01-10,1,1011010801,食用菌,1,101.017,-1.0,100.017,136,135,1,9
2023-01-11,1,1011010101,花叶类,1,185.254,0.0,185.254,210,210,0,20
2023-01-11,1,1011010201,花菜类,1,31.199,0.0,31.199,65,65,0,2
2023-01-11,1,1011010402,水生根茎类,1,44.885,0.0,44.885,64,64,0,5
2023-01-11,1,1011010501,茄类,1,9.782,0.0,9.782,21,21,0,1
2023-01-11,1,1011010504,辣椒类,1,126.451,-0.331,126.12,181,180,1,14
2023-01-11,1,1011010801,食用菌,1,88.976,0.0,88.976,124,124,0,9
2023-01-12,1,1011010101,花叶类,1,202.709,0.0,202.709,234,234,0,16
2023-01-12,1,1011010201,花菜类,1,27.908,0.0,27.908,53,53,0,2
2023-01-12,1,1011010402,水生根茎类,1,43.65,0.0,43.65,61,61,0,5
2023-01-12,1,1011010501,茄类,1,9.159,0.0,9.159,19,19,0,1
2023-01-12,1,1011010504,辣椒类,1,113.15,0.0,113.15,172,172,0,16
2023-01-12,1,1011010801,食用菌,1,87.742,0.0,87.742,124,124,0,9
2023-01-13,1,1011010101,花叶类,1,215.635,0.0,215.635,261,261,0,16
2023-01-13,1,1011010201,花菜类,1,29.708,0.0,29.708,61,61,0,2
2023-01-13,1,1011010402,水生根茎类,1,31.759,0.0,31.759,48,48,0,4
2023-01-13,1,1011010501,茄类,1,15.213,0.0,15.213,28,28,0,2
2023-01-13,1,1011010504,辣椒类,1,137.769,0.0,137.769,194,194,0,14
2023-01-13,1,1011010801,食用菌,1,123.264,0.0,123.264,158,158,0,9
2023-01-14,1,1011010101,花叶类,1,447.993,0.0,447.993,513,513,0,15
2023-01-14,1,1011010201,花菜类,1,55.134,0.0,55.134,113,113,0,2
2023-01-14,1,1011010402,水生根茎类,1,112.724,0.0,112.724,135,135,0,4
2023-01-14,1,1011010501,茄类,1,31.542,0.0,31.542,68,68,0,2
2023-01-14,1,1011010504,辣椒类,1,197.217,0.0,197.217,322,322,0,18
2023-01-14,1,1011010801,食用菌,1,204.679,0.0,204.679,296,296,0,9
2023-01-15,1,1011010101,花叶类,1,278.968,0.0,278.968,335,335,0,14
2023-01-15,1,1011010201,花菜类,1,61.584,0.0,61.584,126,126,0,2
2023-01-15,1,1011010402,水生根茎类,1,92.61,0.0,92.61,81,81,0,3
2023-01-15,1,1011010501,茄类,1,21.246,0.0,21.246,38,38,0,2
2023-01-15,1,1011010504,辣椒类,1,154.044,0.0,154.044,244,244,0,17
2023-01-15,1,1011010801,食用菌,1,179.046,-0.102,178.944,230,229,1,10
2023-01-16,1,1011010101,花叶类,1,216.173,0.0,216.173,256,256,0,13
2023-01-16,1,1011010201,花菜类,1,46.516,0.0,46.516,100,100,0,2
2023-01-16,1,1011010402,水生根茎类,1,61.379,0.0,61.379,68,68,0,4
2023-01-16,1,1011010501,茄类,1,21.066,0.0,21.066,34,34,0,2
2023-01-16,1,1011010504,辣椒类,1,121.081,0.0,121.081,229,229,0,16
2023-01-16,1,1011010801,食用菌,1,144.546,0.0,144.546,193,193,0,11
2023-01-17,1,1011010101,花叶类,1,180.232,0.0,180.232,224,224,0,14
2023-01-17,1,1011010201,花菜类,1,39.869,0.0,39.869,80,80,0,2
2023-01-17,1,1011010402,水生根茎类,1,86.319,0.0,86.319,84,84,0,4
2023-01-17,1,1011010501,茄类,1,22.71,0.0,22.71,41,41,0,2
2023-01-17,1,1011010504,辣椒类,1,117.137,0.0,117.137,231,231,0,15
2023-01-17,1,1011010801,食用菌,1,166.406,0.0,166.406,205,205,0,11
2023-01-18,1,1011010101,花叶类,1,281.893,0.0,281.893,349,349,0,13
2023-01-18,1,1011010201,花菜类,1,58.399,0.0,58.399,106,106,0,3
2023-01-18,1,1011010402,水生根茎类,1,84.28,0.0,84.28,84,84,0,4
2023-01-18,1,1011010501,茄类,1,41.459,0.0,41.459,65,65,0,2
2023-01-18,1,1011010504,辣椒类,1,218.267,0.0,218.267,459,459,0,16
2023-01-18,1,1011010801,食用菌,1,212.899,0.0,212.899,282,282,0,12
2023-01-19,1,1011010101,花叶类,1,371.074,0.0,371.074,447,447,0,14
2023-01-19,1,1011010201,花菜类,1,104.101,0.0,104.101,171,171,0,3
2023-01-19,1,1011010402,水生根茎类,1,157.124,0.0,157.124,163,163,0,4
2023-01-19,1,1011010501,茄类,1,61.759,0.0,61.759,96,96,0,2
2023-01-19,1,1011010504,辣椒类,1,350.275,0.0,350.275,744,744,0,17
2023-01-19,1,1011010801,食用菌,1,385.359,-1.0,384.359,507,506,1,11
2023-01-20,1,1011010101,花叶类,1,594.071,0.0,594.071,777,777,0,15
2023-01-20,1,1011010201,花菜类,1,138.786,-0.644,138.142,240,239,1,3
2023-01-20,1,1011010402,水生根茎类,1,252.074,0.0,252.074,287,287,0,4
2023-01-20,1,1011010501,茄类,1,75.97,0.0,75.97,126,126,0,2
2023-01-20,1,1011010504,辣椒类,1,604.231,0.0,604.231,1140,1140,0,15
2023-01-20,1,1011010801,食用菌,1,455.941,-0.314,455.627,607,606,1,12
2023-01-21,0,1011010101,花叶类,0,,,,,,,
2023-01-21,0,1011010201,花菜类,0,,,,,,,
2023-01-21,0,1011010402,水生根茎类,0,,,,,,,
2023-01-21,0,1011010501,茄类,0,,,,,,,
2023-01-21,0,1011010504,辣椒类,0,,,,,,,
2023-01-21,0,1011010801,食用菌,0,,,,,,,
2023-01-22,1,1011010101,花叶类,1,219.378,0.0,219.378,300,300,0,13
2023-01-22,1,1011010201,花菜类,1,34.134,0.0,34.134,56,56,0,2
2023-01-22,1,1011010402,水生根茎类,1,39.08,0.0,39.08,41,41,0,2
2023-01-22,1,1011010501,茄类,1,17.629,0.0,17.629,29,29,0,1
2023-01-22,1,1011010504,辣椒类,1,91.232,0.0,91.232,172,172,0,10
2023-01-22,1,1011010801,食用菌,1,91.901,0.0,91.901,124,124,0,7
2023-01-23,1,1011010101,花叶类,1,291.352,0.0,291.352,387,387,0,14
2023-01-23,1,1011010201,花菜类,1,66.018,0.0,66.018,110,110,0,2
2023-01-23,1,1011010402,水生根茎类,1,46.756,0.0,46.756,56,56,0,2
2023-01-23,1,1011010501,茄类,1,31.043,0.0,31.043,51,51,0,1
2023-01-23,1,1011010504,辣椒类,1,124.14,0.0,124.14,246,246,0,10
2023-01-23,1,1011010801,食用菌,1,146.538,0.0,146.538,191,191,0,5
2023-01-24,1,1011010101,花叶类,1,205.447,0.0,205.447,289,289,0,9
2023-01-24,1,1011010201,花菜类,1,89.421,0.0,89.421,161,161,0,2
2023-01-24,1,1011010402,水生根茎类,1,84.834,0.0,84.834,92,92,0,3
2023-01-24,1,1011010501,茄类,1,31.05,0.0,31.05,57,57,0,3
2023-01-24,1,1011010504,辣椒类,1,181.951,0.0,181.951,369,369,0,8
2023-01-24,1,1011010801,食用菌,1,48.517,0.0,48.517,131,131,0,3
2023-01-25,1,1011010101,花叶类,1,245.072,0.0,245.072,352,352,0,10
2023-01-25,1,1011010201,花菜类,1,114.337,0.0,114.337,190,190,0,3
2023-01-25,1,1011010402,水生根茎类,1,97.229,0.0,97.229,109,109,0,3
2023-01-25,1,1011010501,茄类,1,38.246,-0.677,37.569,77,76,1,2
2023-01-25,1,1011010504,辣椒类,1,140.698,0.0,140.698,328,328,0,9
2023-01-25,1,1011010801,食用菌,1,165.671,0.0,165.671,325,325,0,7
2023-01-26,1,1011010101,花叶类,1,272.125,0.0,272.125,416,416,0,10
2023-01-26,1,1011010201,花菜类,1,60.15,0.0,60.15,114,114,0,3
2023-01-26,1,1011010402,水生根茎类,1,72.927,0.0,72.927,86,86,0,3
2023-01-26,1,1011010501,茄类,1,32.835,0.0,32.835,65,65,0,2
2023-01-26,1,1011010504,辣椒类,1,226.705,0.0,226.705,422,422,0,12
2023-01-26,1,1011010801,食用菌,1,204.906,0.0,204.906,332,332,0,9
2023-01-27,1,1011010101,花叶类,1,283.135,0.0,283.135,456,456,0,10
2023-01-27,1,1011010201,花菜类,1,69.283,0.0,69.283,124,124,0,3
2023-01-27,1,1011010402,水生根茎类,1,88.434,-1.0,87.434,104,103,1,3
2023-01-27,1,1011010501,茄类,1,31.75,0.0,31.75,60,60,0,2
2023-01-27,1,1011010504,辣椒类,1,284.492,0.0,284.492,456,456,0,18
2023-01-27,1,1011010801,食用菌,1,215.811,0.0,215.811,320,320,0,12
2023-01-28,1,1011010101,花叶类,1,235.443,0.0,235.443,332,332,0,10
2023-01-28,1,1011010201,花菜类,1,43.626,0.0,43.626,80,80,0,2
2023-01-28,1,1011010402,水生根茎类,1,63.873,0.0,63.873,76,76,0,3
2023-01-28,1,1011010501,茄类,1,30.24,0.0,30.24,62,62,0,2
2023-01-28,1,1011010504,辣椒类,1,246.343,0.0,246.343,349,349,0,14
2023-01-28,1,1011010801,食用菌,1,163.237,0.0,163.237,233,233,0,10
2023-01-29,1,1011010101,花叶类,1,229.694,0.0,229.694,312,312,0,13
2023-01-29,1,1011010201,花菜类,1,40.249,0.0,40.249,87,87,0,2
2023-01-29,1,1011010402,水生根茎类,1,48.473,0.0,48.473,57,57,0,4
2023-01-29,1,1011010501,茄类,1,15.298,0.0,15.298,35,35,0,2
2023-01-29,1,1011010504,辣椒类,1,194.121,0.0,194.121,271,271,0,13
2023-01-29,1,1011010801,食用菌,1,122.262,0.0,122.262,172,172,0,11
2023-01-30,1,1011010101,花叶类,1,217.18,-1.0,216.18,255,254,1,11
2023-01-30,1,1011010201,花菜类,1,42.686,0.0,42.686,91,91,0,2
2023-01-30,1,1011010402,水生根茎类,1,52.383,0.0,52.383,63,63,0,4
2023-01-30,1,1011010501,茄类,1,15.248,0.0,15.248,35,35,0,2
2023-01-30,1,1011010504,辣椒类,1,153.832,0.0,153.832,239,239,0,13
2023-01-30,1,1011010801,食用菌,1,113.826,0.0,113.826,166,166,0,11
2023-01-31,1,1011010101,花叶类,1,202.836,0.0,202.836,257,257,0,15
2023-01-31,1,1011010201,花菜类,1,37.502,0.0,37.502,81,81,0,2
2023-01-31,1,1011010402,水生根茎类,1,40.683,0.0,40.683,57,57,0,4
2023-01-31,1,1011010501,茄类,1,13.52,0.0,13.52,32,32,0,2
2023-01-31,1,1011010504,辣椒类,1,157.934,0.0,157.934,214,214,0,12
2023-01-31,1,1011010801,食用菌,1,104.426,0.0,104.426,145,145,0,11
2023-02-01,1,1011010101,花叶类,1,156.42,0.0,156.42,221,221,0,15
2023-02-01,1,1011010201,花菜类,1,33.307,0.0,33.307,59,59,0,2
2023-02-01,1,1011010402,水生根茎类,1,33.281,-1.0,32.281,43,42,1,4
2023-02-01,1,1011010501,茄类,1,12.689,0.0,12.689,30,30,0,2
2023-02-01,1,1011010504,辣椒类,1,136.909,0.0,136.909,180,180,0,10
2023-02-01,1,1011010801,食用菌,1,92.321,0.0,92.321,135,135,0,10
2023-02-02,1,1011010101,花叶类,1,204.688,0.0,204.688,261,261,0,15
2023-02-02,1,1011010201,花菜类,1,41.747,0.0,41.747,89,89,0,2
2023-02-02,1,1011010402,水生根茎类,1,32.252,0.0,32.252,40,40,0,4
2023-02-02,1,1011010501,茄类,1,15.701,0.0,15.701,34,34,0,2
2023-02-02,1,1011010504,辣椒类,1,142.663,0.0,142.663,200,200,0,12
2023-02-02,1,1011010801,食用菌,1,125.853,0.0,125.853,170,170,0,10
2023-02-03,1,1011010101,花叶类,1,189.282,0.0,189.282,263,263,0,14
2023-02-03,1,1011010201,花菜类,1,53.285,0.0,53.285,107,107,0,2
2023-02-03,1,1011010402,水生根茎类,1,54.97,0.0,54.97,67,67,0,4
2023-02-03,1,1011010501,茄类,1,14.786,0.0,14.786,35,35,0,2
2023-02-03,1,1011010504,辣椒类,1,187.654,0.0,187.654,267,267,0,10
2023-02-03,1,1011010801,食用菌,1,125.441,0.0,125.441,152,152,0,11
2023-02-04,1,1011010101,花叶类,1,252.725,0.0,252.725,353,353,0,18
2023-02-04,1,1011010201,花菜类,1,39.93,0.0,39.93,87,87,0,2
2023-02-04,1,1011010402,水生根茎类,1,85.605,0.0,85.605,108,108,0,4
2023-02-04,1,1011010501,茄类,1,20.698,0.0,20.698,49,49,0,2
2023-02-04,1,1011010504,辣椒类,1,232.871,0.0,232.871,355,355,0,13
2023-02-04,1,1011010801,食用菌,1,126.55,0.0,126.55,131,131,0,11
2023-02-05,1,1011010101,花叶类,1,281.351,0.0,281.351,372,372,0,17
2023-02-05,1,1011010201,花菜类,1,39.59,0.0,39.59,83,83,0,3
2023-02-05,1,1011010402,水生根茎类,1,83.513,0.0,83.513,97,97,0,5
2023-02-05,1,1011010501,茄类,1,15.281,0.0,15.281,36,36,0,2
2023-02-05,1,1011010504,辣椒类,1,140.199,0.0,140.199,253,253,0,13
2023-02-05,1,1011010801,食用菌,1,112.777,0.0,112.777,195,195,0,12
2023-02-06,1,1011010101,花叶类,1,179.662,0.0,179.662,227,227,0,19
2023-02-06,1,1011010201,花菜类,1,34.646,0.0,34.646,71,71,0,2
2023-02-06,1,1011010402,水生根茎类,1,11.684,0.0,11.684,23,23,0,3
2023-02-06,1,1011010501,茄类,1,12.377,0.0,12.377,28,28,0,2
2023-02-06,1,1011010504,辣椒类,1,91.363,0.0,91.363,131,131,0,11
2023-02-06,1,1011010801,食用菌,1,79.476,0.0,79.476,129,129,0,14
2023-02-07,1,1011010101,花叶类,1,154.543,0.0,154.543,188,188,0,17
2023-02-07,1,1011010201,花菜类,1,33.83,0.0,33.83,74,74,0,2
2023-02-07,1,1011010402,水生根茎类,1,25.653,0.0,25.653,47,47,0,4
2023-02-07,1,1011010501,茄类,1,12.441,0.0,12.441,27,27,0,2
2023-02-07,1,1011010504,辣椒类,1,99.937,0.0,99.937,161,161,0,10
2023-02-07,1,1011010801,食用菌,1,63.807,0.0,63.807,103,103,0,10
2023-02-08,1,1011010101,花叶类,1,161.297,0.0,161.297,208,208,0,17
2023-02-08,1,1011010201,花菜类,1,35.924,0.0,35.924,79,79,0,2
2023-02-08,1,1011010402,水生根茎类,1,40.347,-1.0,39.347,59,58,1,5
2023-02-08,1,1011010501,茄类,1,8.429,0.0,8.429,19,19,0,2
2023-02-08,1,1011010504,辣椒类,1,93.975,0.0,93.975,135,135,0,12
2023-02-08,1,1011010801,食用菌,1,75.372,0.0,75.372,106,106,0,9
2023-02-09,1,1011010101,花叶类,1,203.645,0.0,203.645,254,254,0,17
2023-02-09,1,1011010201,花菜类,1,30.833,0.0,30.833,73,73,0,2
2023-02-09,1,1011010402,水生根茎类,1,42.757,0.0,42.757,62,62,0,5
2023-02-09,1,1011010501,茄类,1,13.362,0.0,13.362,30,30,0,2
2023-02-09,1,1011010504,辣椒类,1,138.13,0.0,138.13,212,212,0,12
2023-02-09,1,1011010801,食用菌,1,88.67,0.0,88.67,130,130,0,11
2023-02-10,1,1011010101,花叶类,1,175.847,0.0,175.847,206,206,0,18
2023-02-10,1,1011010201,花菜类,1,31.996,0.0,31.996,72,72,0,2
2023-02-10,1,1011010402,水生根茎类,1,49.257,0.0,49.257,72,72,0,4
2023-02-10,1,1011010501,茄类,1,12.794,0.0,12.794,27,27,0,2
2023-02-10,1,1011010504,辣椒类,1,125.468,0.0,125.468,192,192,0,12
2023-02-10,1,1011010801,食用菌,1,103.7,0.0,103.7,153,153,0,10
2023-02-11,1,1011010101,花叶类,1,243.908,0.0,243.908,327,327,0,19
2023-02-11,1,1011010201,花菜类,1,53.417,0.0,53.417,109,109,0,2
2023-02-11,1,1011010402,水生根茎类,1,77.149,0.0,77.149,101,101,0,4
2023-02-11,1,1011010501,茄类,1,16.919,0.0,16.919,39,39,0,2
2023-02-11,1,1011010504,辣椒类,1,164.9,0.0,164.9,260,260,0,12
2023-02-11,1,1011010801,食用菌,1,143.531,0.0,143.531,211,211,0,12
2023-02-12,1,1011010101,花叶类,1,309.307,0.0,309.307,377,377,0,18
2023-02-12,1,1011010201,花菜类,1,48.809,0.0,48.809,107,107,0,2
2023-02-12,1,1011010402,水生根茎类,1,74.087,0.0,74.087,92,92,0,4
2023-02-12,1,1011010501,茄类,1,28.032,0.0,28.032,55,55,0,2
2023-02-12,1,1011010504,辣椒类,1,158.806,0.0,158.806,294,294,0,13
2023-02-12,1,1011010801,食用菌,1,109.179,0.0,109.179,165,165,0,10
2023-02-13,1,1011010101,花叶类,1,226.189,0.0,226.189,276,276,0,19
2023-02-13,1,1011010201,花菜类,1,33.601,0.0,33.601,73,73,0,2
2023-02-13,1,1011010402,水生根茎类,1,30.456,0.0,30.456,33,33,0,3
2023-02-13,1,1011010501,茄类,1,14.143,0.0,14.143,32,32,0,2
2023-02-13,1,1011010504,辣椒类,1,107.056,0.0,107.056,170,170,0,13
2023-02-13,1,1011010801,食用菌,1,103.147,0.0,103.147,152,152,0,12
2023-02-14,1,1011010101,花叶类,1,160.285,0.0,160.285,199,199,0,15
2023-02-14,1,1011010201,花菜类,1,37.56,0.0,37.56,86,86,0,2
2023-02-14,1,1011010402,水生根茎类,1,39.561,0.0,39.561,60,60,0,3
2023-02-14,1,1011010501,茄类,1,14.301,0.0,14.301,34,34,0,3
2023-02-14,1,1011010504,辣椒类,1,108.672,0.0,108.672,150,150,0,10
2023-02-14,1,1011010801,食用菌,1,75.069,0.0,75.069,122,122,0,9
2023-02-15,1,1011010101,花叶类,1,184.475,0.0,184.475,217,217,0,19
2023-02-15,1,1011010201,花菜类,1,31.355,0.0,31.355,70,70,0,2
2023-02-15,1,1011010402,水生根茎类,1,41.209,0.0,41.209,55,55,0,3
2023-02-15,1,1011010501,茄类,1,6.735,0.0,6.735,16,16,0,2
2023-02-15,1,1011010504,辣椒类,1,105.647,0.0,105.647,157,157,0,9
2023-02-15,1,1011010801,食用菌,1,72.525,-0.2,72.325,120,119,1,10
2023-02-16,1,1011010101,花叶类,1,155.351,0.0,155.351,197,197,0,19
2023-02-16,1,1011010201,花菜类,1,34.159,0.0,34.159,74,74,0,2
2023-02-16,1,1011010402,水生根茎类,1,32.783,0.0,32.783,43,43,0,3
2023-02-16,1,1011010501,茄类,1,7.394,0.0,7.394,18,18,0,3
2023-02-16,1,1011010504,辣椒类,1,105.95,0.0,105.95,150,150,0,12
2023-02-16,1,1011010801,食用菌,1,74.701,0.0,74.701,115,115,0,10
2023-02-17,1,1011010101,花叶类,1,160.609,0.0,160.609,205,205,0,21
2023-02-17,1,1011010201,花菜类,1,38.594,0.0,38.594,86,86,0,3
2023-02-17,1,1011010402,水生根茎类,1,28.471,0.0,28.471,33,33,0,3
2023-02-17,1,1011010501,茄类,1,8.283,0.0,8.283,19,19,0,3
2023-02-17,1,1011010504,辣椒类,1,136.319,0.0,136.319,190,190,0,12
2023-02-17,1,1011010801,食用菌,1,104.876,0.0,104.876,110,110,0,11
2023-02-18,1,1011010101,花叶类,1,285.815,0.0,285.815,379,379,0,21
2023-02-18,1,1011010201,花菜类,1,48.488,0.0,48.488,115,115,0,2
2023-02-18,1,1011010402,水生根茎类,1,65.745,0.0,65.745,88,88,0,3
2023-02-18,1,1011010501,茄类,1,21.074,0.0,21.074,46,46,0,2
2023-02-18,1,1011010504,辣椒类,1,181.095,0.0,181.095,250,250,0,10
2023-02-18,1,1011010801,食用菌,1,134.317,0.0,134.317,222,222,0,12
2023-02-19,1,1011010101,花叶类,1,230.404,0.0,230.404,274,274,0,21
2023-02-19,1,1011010201,花菜类,1,45.805,0.0,45.805,109,109,0,2
2023-02-19,1,1011010402,水生根茎类,1,48.268,0.0,48.268,60,60,0,3
2023-02-19,1,1011010501,茄类,1,17.567,0.0,17.567,38,38,0,3
2023-02-19,1,1011010504,辣椒类,1,162.066,0.0,162.066,216,216,0,10
2023-02-19,1,1011010801,食用菌,1,105.097,0.0,105.097,167,167,0,10
2023-02-20,1,1011010101,花叶类,1,139.164,-1.0,138.164,165,164,1,20
2023-02-20,1,1011010201,花菜类,1,29.447,0.0,29.447,63,63,0,2
2023-02-20,1,1011010402,水生根茎类,1,24.15,0.0,24.15,31,31,0,3
2023-02-20,1,1011010501,茄类,1,7.391,0.0,7.391,15,15,0,2
2023-02-20,1,1011010504,辣椒类,1,61.627,0.0,61.627,107,107,0,8
2023-02-20,1,1011010801,食用菌,1,65.776,-1.0,64.776,104,103,1,9
2023-02-21,1,1011010101,花叶类,1,150.154,0.0,150.154,174,174,0,17
2023-02-21,1,1011010201,花菜类,1,29.466,0.0,29.466,72,72,0,3
2023-02-21,1,1011010402,水生根茎类,1,24.144,0.0,24.144,38,38,0,3
2023-02-21,1,1011010501,茄类,1,12.593,0.0,12.593,26,26,0,2
2023-02-21,1,1011010504,辣椒类,1,101.221,0.0,101.221,159,159,0,11
2023-02-21,1,1011010801,食用菌,1,55.615,0.0,55.615,97,97,0,8
2023-02-22,1,1011010101,花叶类,1,138.874,0.0,138.874,169,169,0,18
2023-02-22,1,1011010201,花菜类,1,29.54,0.0,29.54,66,66,0,2
2023-02-22,1,1011010402,水生根茎类,1,31.124,0.0,31.124,37,37,0,3
2023-02-22,1,1011010501,茄类,1,9.991,0.0,9.991,26,26,0,2
2023-02-22,1,1011010504,辣椒类,1,82.293,0.0,82.293,146,146,0,11
2023-02-22,1,1011010801,食用菌,1,74.474,0.0,74.474,107,107,0,9
2023-02-23,1,1011010101,花叶类,1,154.467,0.0,154.467,194,194,0,19
2023-02-23,1,1011010201,花菜类,1,33.284,0.0,33.284,64,64,0,3
2023-02-23,1,1011010402,水生根茎类,1,22.517,0.0,22.517,29,29,0,3
2023-02-23,1,1011010501,茄类,1,11.31,0.0,11.31,27,27,0,3
2023-02-23,1,1011010504,辣椒类,1,104.048,0.0,104.048,155,155,0,11
2023-02-23,1,1011010801,食用菌,1,77.906,0.0,77.906,114,114,0,9
2023-02-24,1,1011010101,花叶类,1,134.956,0.0,134.956,163,163,0,16
2023-02-24,1,1011010201,花菜类,1,31.17,0.0,31.17,63,63,0,2
2023-02-24,1,1011010402,水生根茎类,1,35.391,0.0,35.391,47,47,0,3
2023-02-24,1,1011010501,茄类,1,11.328,0.0,11.328,28,28,0,3
2023-02-24,1,1011010504,辣椒类,1,134.183,0.0,134.183,197,197,0,11
2023-02-24,1,1011010801,食用菌,1,83.785,0.0,83.785,144,144,0,9
2023-02-25,1,1011010101,花叶类,1,219.47,0.0,219.47,266,266,0,17
2023-02-25,1,1011010201,花菜类,1,44.994,0.0,44.994,98,98,0,2
2023-02-25,1,1011010402,水生根茎类,1,41.824,0.0,41.824,53,53,0,3
2023-02-25,1,1011010501,茄类,1,10.979,0.0,10.979,29,29,0,2
2023-02-25,1,1011010504,辣椒类,1,170.605,0.0,170.605,258,258,0,13
2023-02-25,1,1011010801,食用菌,1,115.867,0.0,115.867,189,189,0,9
2023-02-26,1,1011010101,花叶类,1,243.01,0.0,243.01,296,296,0,20
2023-02-26,1,1011010201,花菜类,1,47.396,0.0,47.396,97,97,0,2
2023-02-26,1,1011010402,水生根茎类,1,34.64,0.0,34.64,48,48,0,2
2023-02-26,1,1011010501,茄类,1,14.041,0.0,14.041,32,32,0,3
2023-02-26,1,1011010504,辣椒类,1,149.738,0.0,149.738,226,226,0,12
2023-02-26,1,1011010801,食用菌,1,92.628,0.0,92.628,130,130,0,9
2023-02-27,1,1011010101,花叶类,1,136.926,0.0,136.926,164,164,0,15
2023-02-27,1,1011010201,花菜类,1,13.221,0.0,13.221,33,33,0,1
2023-02-27,1,1011010402,水生根茎类,1,13.331,0.0,13.331,16,16,0,3
2023-02-27,1,1011010501,茄类,1,8.846,0.0,8.846,21,21,0,3
2023-02-27,1,1011010504,辣椒类,1,88.884,0.0,88.884,136,136,0,13
2023-02-27,1,1011010801,食用菌,1,65.006,0.0,65.006,111,111,0,9
2023-02-28,1,1011010101,花叶类,1,115.968,0.0,115.968,149,149,0,20
2023-02-28,1,1011010201,花菜类,1,27.118,0.0,27.118,56,56,0,2
2023-02-28,1,1011010402,水生根茎类,1,21.011,0.0,21.011,30,30,0,3
2023-02-28,1,1011010501,茄类,1,7.007,0.0,7.007,15,15,0,3
2023-02-28,1,1011010504,辣椒类,1,96.706,0.0,96.706,144,144,0,13
2023-02-28,1,1011010801,食用菌,1,61.482,0.0,61.482,101,101,0,9
2023-03-01,1,1011010101,花叶类,1,139.125,0.0,139.125,168,168,0,17
2023-03-01,1,1011010201,花菜类,1,23.98,0.0,23.98,55,55,0,2
2023-03-01,1,1011010402,水生根茎类,1,15.748,0.0,15.748,23,23,0,3
2023-03-01,1,1011010501,茄类,1,9.504,0.0,9.504,22,22,0,2
2023-03-01,1,1011010504,辣椒类,1,105.906,0.0,105.906,151,151,0,14
2023-03-01,1,1011010801,食用菌,1,73.717,0.0,73.717,105,105,0,9
2023-03-02,1,1011010101,花叶类,1,131.001,0.0,131.001,153,153,0,17
2023-03-02,1,1011010201,花菜类,1,28.182,0.0,28.182,61,61,0,2
2023-03-02,1,1011010402,水生根茎类,1,21.735,0.0,21.735,30,30,0,3
2023-03-02,1,1011010501,茄类,1,7.568,0.0,7.568,17,17,0,3
2023-03-02,1,1011010504,辣椒类,1,114.103,0.0,114.103,162,162,0,11
2023-03-02,1,1011010801,食用菌,1,62.87,0.0,62.87,101,101,0,9
2023-03-03,1,1011010101,花叶类,1,152.142,0.0,152.142,166,166,0,16
2023-03-03,1,1011010201,花菜类,1,34.915,0.0,34.915,78,78,0,2
2023-03-03,1,1011010402,水生根茎类,1,29.054,0.0,29.054,40,40,0,3
2023-03-03,1,1011010501,茄类,1,13.904,0.0,13.904,27,27,0,3
2023-03-03,1,1011010504,辣椒类,1,128.818,0.0,128.818,178,178,0,11
2023-03-03,1,1011010801,食用菌,1,90.386,0.0,90.386,134,134,0,10
2023-03-04,1,1011010101,花叶类,1,163.918,0.0,163.918,192,192,0,19
2023-03-04,1,1011010201,花菜类,1,33.769,0.0,33.769,67,67,0,2
2023-03-04,1,1011010402,水生根茎类,1,34.038,0.0,34.038,48,48,0,3
2023-03-04,1,1011010501,茄类,1,12.627,0.0,12.627,28,28,0,3
2023-03-04,1,1011010504,辣椒类,1,142.301,0.0,142.301,233,233,0,12
2023-03-04,1,1011010801,食用菌,1,105.25,0.0,105.25,174,174,0,10
2023-03-05,1,1011010101,花叶类,1,178.491,0.0,178.491,207,207,0,17
2023-03-05,1,1011010201,花菜类,1,47.699,0.0,47.699,100,100,0,2
2023-03-05,1,1011010402,水生根茎类,1,31.386,0.0,31.386,37,37,0,3
2023-03-05,1,1011010501,茄类,1,16.193,-0.452,15.741,34,33,1,3
2023-03-05,1,1011010504,辣椒类,1,132.344,0.0,132.344,199,199,0,10
2023-03-05,1,1011010801,食用菌,1,85.307,-1.0,84.307,146,145,1,9
2023-03-06,1,1011010101,花叶类,1,107.018,0.0,107.018,124,124,0,15
2023-03-06,1,1011010201,花菜类,1,23.166,0.0,23.166,52,52,0,2
2023-03-06,1,1011010402,水生根茎类,1,18.411,0.0,18.411,29,29,0,4
2023-03-06,1,1011010501,茄类,1,10.569,-0.452,10.117,25,24,1,2
2023-03-06,1,1011010504,辣椒类,1,96.609,0.0,96.609,139,139,0,11
2023-03-06,1,1011010801,食用菌,1,54.979,0.0,54.979,88,88,0,9
2023-03-07,1,1011010101,花叶类,1,125.449,0.0,125.449,152,152,0,20
2023-03-07,1,1011010201,花菜类,1,31.21,0.0,31.21,74,74,0,2
2023-03-07,1,1011010402,水生根茎类,1,19.542,0.0,19.542,28,28,0,3
2023-03-07,1,1011010501,茄类,1,8.469,0.0,8.469,18,18,0,3
2023-03-07,1,1011010504,辣椒类,1,100.437,0.0,100.437,139,139,0,10
2023-03-07,1,1011010801,食用菌,1,71.957,0.0,71.957,104,104,0,8
2023-03-08,1,1011010101,花叶类,1,119.807,0.0,119.807,153,153,0,15
2023-03-08,1,1011010201,花菜类,1,22.18,0.0,22.18,49,49,0,2
2023-03-08,1,1011010402,水生根茎类,1,17.906,0.0,17.906,28,28,0,4
2023-03-08,1,1011010501,茄类,1,11.717,-2.283,9.434,23,22,1,2
2023-03-08,1,1011010504,辣椒类,1,105.092,0.0,105.092,149,149,0,11
2023-03-08,1,1011010801,食用菌,1,65.41,0.0,65.41,115,115,0,10
2023-03-09,1,1011010101,花叶类,1,121.336,0.0,121.336,152,152,0,19
2023-03-09,1,1011010201,花菜类,1,22.245,0.0,22.245,52,52,0,2
2023-03-09,1,1011010402,水生根茎类,1,22.284,0.0,22.284,23,23,0,3
2023-03-09,1,1011010501,茄类,1,7.751,0.0,7.751,16,16,0,3
2023-03-09,1,1011010504,辣椒类,1,105.856,0.0,105.856,141,141,0,11
2023-03-09,1,1011010801,食用菌,1,44.888,0.0,44.888,75,75,0,9
2023-03-10,1,1011010101,花叶类,1,131.927,0.0,131.927,175,175,0,16
2023-03-10,1,1011010201,花菜类,1,12.423,0.0,12.423,28,28,0,2
2023-03-10,1,1011010402,水生根茎类,1,21.612,0.0,21.612,35,35,0,4
2023-03-10,1,1011010501,茄类,1,14.024,0.0,14.024,28,28,0,2
2023-03-10,1,1011010504,辣椒类,1,150.26,0.0,150.26,201,201,0,12
2023-03-10,1,1011010801,食用菌,1,71.433,0.0,71.433,113,113,0,8
2023-03-11,1,1011010101,花叶类,1,222.762,0.0,222.762,272,272,0,17
2023-03-11,1,1011010201,花菜类,1,15.802,0.0,15.802,35,35,0,1
2023-03-11,1,1011010402,水生根茎类,1,38.49,0.0,38.49,58,58,0,4
2023-03-11,1,1011010501,茄类,1,20.211,0.0,20.211,43,43,0,3
2023-03-11,1,1011010504,辣椒类,1,179.657,0.0,179.657,234,234,0,10
2023-03-11,1,1011010801,食用菌,1,116.774,0.0,116.774,189,189,0,10
2023-03-12,1,1011010101,花叶类,1,195.971,0.0,195.971,259,259,0,16
2023-03-12,1,1011010201,花菜类,1,19.536,0.0,19.536,48,48,0,1
2023-03-12,1,1011010402,水生根茎类,1,33.314,0.0,33.314,51,51,0,4
2023-03-12,1,1011010501,茄类,1,18.27,0.0,18.27,43,43,0,3
2023-03-12,1,1011010504,辣椒类,1,157.361,0.0,157.361,244,244,0,9
2023-03-12,1,1011010801,食用菌,1,109.272,0.0,109.272,185,185,0,10
2023-03-13,1,1011010101,花叶类,1,135.094,0.0,135.094,175,175,0,14
2023-03-13,1,1011010201,花菜类,1,10.596,0.0,10.596,24,24,0,1
2023-03-13,1,1011010402,水生根茎类,1,18.418,0.0,18.418,30,30,0,4
2023-03-13,1,1011010501,茄类,1,12.188,0.0,12.188,26,26,0,3
2023-03-13,1,1011010504,辣椒类,1,93.967,0.0,93.967,133,133,0,11
2023-03-13,1,1011010801,食用菌,1,55.527,0.0,55.527,102,102,0,8
2023-03-14,1,1011010101,花叶类,1,140.076,0.0,140.076,197,197,0,17
2023-03-14,1,1011010201,花菜类,1,9.076,0.0,9.076,20,20,0,1
2023-03-14,1,1011010402,水生根茎类,1,9.612,0.0,9.612,13,13,0,3
2023-03-14,1,1011010501,茄类,1,11.759,0.0,11.759,24,24,0,3
2023-03-14,1,1011010504,辣椒类,1,104.067,0.0,104.067,144,144,0,12
2023-03-14,1,1011010801,食用菌,1,46.835,0.0,46.835,77,77,0,8
2023-03-15,1,1011010101,花叶类,1,171.809,0.0,171.809,243,243,0,18
2023-03-15,1,1011010201,花菜类,1,9.683,0.0,9.683,21,21,0,1
2023-03-15,1,1011010402,水生根茎类,1,17.683,0.0,17.683,29,29,0,4
2023-03-15,1,1011010501,茄类,1,8.037,0.0,8.037,19,19,0,3
2023-03-15,1,1011010504,辣椒类,1,105.561,0.0,105.561,156,156,0,9
2023-03-15,1,1011010801,食用菌,1,81.886,0.0,81.886,131,131,0,9
2023-03-16,1,1011010101,花叶类,1,190.911,0.0,190.911,244,244,0,14
2023-03-16,1,1011010201,花菜类,1,31.584,0.0,31.584,72,72,0,2
2023-03-16,1,1011010402,水生根茎类,1,25.921,0.0,25.921,38,38,0,4
2023-03-16,1,1011010501,茄类,1,11.892,0.0,11.892,27,27,0,2
2023-03-16,1,1011010504,辣椒类,1,102.213,0.0,102.213,143,143,0,10
2023-03-16,1,1011010801,食用菌,1,89.875,0.0,89.875,136,136,0,10
2023-03-17,1,1011010101,花叶类,1,238.58,0.0,238.58,310,310,0,14
2023-03-17,1,1011010201,花菜类,1,48.607,-0.514,48.093,121,120,1,2
2023-03-17,1,1011010402,水生根茎类,1,46.065,0.0,46.065,64,64,0,4
2023-03-17,1,1011010501,茄类,1,16.576,0.0,16.576,42,42,0,3
2023-03-17,1,1011010504,辣椒类,1,158.456,-0.176,158.28,252,251,1,10
2023-03-17,1,1011010801,食用菌,1,136.726,0.0,136.726,197,197,0,9
2023-03-18,1,1011010101,花叶类,1,292.075,-3.0,289.075,412,409,3,13
2023-03-18,1,1011010201,花菜类,1,59.217,0.0,59.217,137,137,0,2
2023-03-18,1,1011010402,水生根茎类,1,53.936,-1.0,52.936,90,89,1,4
2023-03-18,1,1011010501,茄类,1,29.936,-0.376,29.56,67,66,1,3
2023-03-18,1,1011010504,辣椒类,1,189.58,-3.0,186.58,267,264,3,9
2023-03-18,1,1011010801,食用菌,1,147.687,0.0,147.687,235,235,0,9
2023-03-19,1,1011010101,花叶类,1,251.51,-4.144,247.366,338,331,7,10
2023-03-19,1,1011010201,花菜类,1,49.399,0.0,49.399,104,104,0,2
2023-03-19,1,1011010402,水生根茎类,1,41.768,0.0,41.768,64,64,0,4
2023-03-19,1,1011010501,茄类,1,26.328,0.0,26.328,56,56,0,3
2023-03-19,1,1011010504,辣椒类,1,173.558,-0.219,173.339,245,244,1,8
2023-03-19,1,1011010801,食用菌,1,126.374,-1.255,125.119,212,210,2,9
2023-03-20,1,1011010101,花叶类,1,197.663,-2.0,195.663,253,251,2,13
2023-03-20,1,1011010201,花菜类,1,37.566,0.0,37.566,91,91,0,2
2023-03-20,1,1011010402,水生根茎类,1,22.99,0.0,22.99,32,32,0,4
2023-03-20,1,1011010501,茄类,1,10.569,-1.138,9.431,24,22,2,3
2023-03-20,1,1011010504,辣椒类,1,119.843,-0.557,119.286,184,183,1,8
2023-03-20,1,1011010801,食用菌,1,74.725,-0.714,74.011,131,129,2,9
2023-03-21,1,1011010101,花叶类,1,194.386,-1.262,193.124,245,243,2,16
2023-03-21,1,1011010201,花菜类,1,36.716,-0.913,35.803,84,82,2,2
2023-03-21,1,1011010402,水生根茎类,1,12.402,-0.304,12.098,26,25,1,4
2023-03-21,1,1011010501,茄类,1,10.702,0.0,10.702,23,23,0,3
2023-03-21,1,1011010504,辣椒类,1,116.7,-2.0,114.7,179,177,2,9
2023-03-21,1,1011010801,食用菌,1,80.883,0.0,80.883,139,139,0,8
2023-03-22,1,1011010101,花叶类,1,170.723,0.0,170.723,225,225,0,17
2023-03-22,1,1011010201,花菜类,1,27.368,0.0,27.368,60,60,0,2
2023-03-22,1,1011010402,水生根茎类,1,17.709,0.0,17.709,27,27,0,4
2023-03-22,1,1011010501,茄类,1,12.133,0.0,12.133,25,25,0,2
2023-03-22,1,1011010504,辣椒类,1,125.241,-0.154,125.087,205,204,1,10
2023-03-22,1,1011010801,食用菌,1,89.191,0.0,89.191,135,135,0,8
2023-03-23,1,1011010101,花叶类,1,179.648,0.0,179.648,228,228,0,18
2023-03-23,1,1011010201,花菜类,1,29.488,0.0,29.488,65,65,0,2
2023-03-23,1,1011010402,水生根茎类,1,25.455,0.0,25.455,38,38,0,4
2023-03-23,1,1011010501,茄类,1,10.903,0.0,10.903,23,23,0,2
2023-03-23,1,1011010504,辣椒类,1,108.067,0.0,108.067,164,164,0,10
2023-03-23,1,1011010801,食用菌,1,70.785,0.0,70.785,112,112,0,8
2023-03-24,1,1011010101,花叶类,1,202.72,0.0,202.72,251,251,0,13
2023-03-24,1,1011010201,花菜类,1,33.301,0.0,33.301,72,72,0,2
2023-03-24,1,1011010402,水生根茎类,1,22.479,0.0,22.479,44,44,0,4
2023-03-24,1,1011010501,茄类,1,18.402,0.0,18.402,37,37,0,3
2023-03-24,1,1011010504,辣椒类,1,153.262,0.0,153.262,246,246,0,10
2023-03-24,1,1011010801,食用菌,1,105.586,0.0,105.586,166,166,0,9
2023-03-25,1,1011010101,花叶类,1,253.903,0.0,253.903,358,358,0,15
2023-03-25,1,1011010201,花菜类,1,28.459,0.0,28.459,65,65,0,2
2023-03-25,1,1011010402,水生根茎类,1,40.776,0.0,40.776,65,65,0,4
2023-03-25,1,1011010501,茄类,1,22.364,0.0,22.364,48,48,0,3
2023-03-25,1,1011010504,辣椒类,1,187.221,0.0,187.221,274,274,0,10
2023-03-25,1,1011010801,食用菌,1,113.197,-1.0,112.197,186,185,1,8
2023-03-26,1,1011010101,花叶类,1,264.043,0.0,264.043,342,342,0,14
2023-03-26,1,1011010201,花菜类,1,48.675,0.0,48.675,102,102,0,2
2023-03-26,1,1011010402,水生根茎类,1,30.047,0.0,30.047,44,44,0,4
2023-03-26,1,1011010501,茄类,1,20.143,0.0,20.143,44,44,0,3
2023-03-26,1,1011010504,辣椒类,1,179.458,0.0,179.458,281,281,0,10
2023-03-26,1,1011010801,食用菌,1,120.223,0.0,120.223,196,196,0,9
2023-03-27,1,1011010101,花叶类,1,150.898,-1.537,149.361,203,201,2,13
2023-03-27,1,1011010201,花菜类,1,20.459,0.0,20.459,49,49,0,2
2023-03-27,1,1011010402,水生根茎类,1,15.436,0.0,15.436,29,29,0,4
2023-03-27,1,1011010501,茄类,1,12.216,0.0,12.216,22,22,0,3
2023-03-27,1,1011010504,辣椒类,1,105.211,0.0,105.211,158,158,0,8
2023-03-27,1,1011010801,食用菌,1,74.574,0.0,74.574,113,113,0,8
2023-03-28,1,1011010101,花叶类,1,145.975,0.0,145.975,185,185,0,15
2023-03-28,1,1011010201,花菜类,1,18.519,0.0,18.519,44,44,0,2
2023-03-28,1,1011010402,水生根茎类,1,14.816,0.0,14.816,33,33,0,4
2023-03-28,1,1011010501,茄类,1,15.485,0.0,15.485,34,34,0,3
2023-03-28,1,1011010504,辣椒类,1,92.394,0.0,92.394,139,139,0,9
2023-03-28,1,1011010801,食用菌,1,79.756,0.0,79.756,122,122,0,8
2023-03-29,1,1011010101,花叶类,1,130.475,0.0,130.475,164,164,0,15
2023-03-29,1,1011010201,花菜类,1,26.46,0.0,26.46,60,60,0,2
2023-03-29,1,1011010402,水生根茎类,1,23.049,0.0,23.049,31,31,0,4
2023-03-29,1,1011010501,茄类,1,8.567,0.0,8.567,22,22,0,2
2023-03-29,1,1011010504,辣椒类,1,101.237,0.0,101.237,162,162,0,9
2023-03-29,1,1011010801,食用菌,1,86.112,0.0,86.112,127,127,0,9
2023-03-30,1,1011010101,花叶类,1,179.795,0.0,179.795,211,211,0,15
2023-03-30,1,1011010201,花菜类,1,26.709,-0.784,25.925,64,62,2,2
2023-03-30,1,1011010402,水生根茎类,1,13.154,0.0,13.154,28,28,0,4
2023-03-30,1,1011010501,茄类,1,14.654,0.0,14.654,33,33,0,3
2023-03-30,1,1011010504,辣椒类,1,86.212,0.0,86.212,127,127,0,11
2023-03-30,1,1011010801,食用菌,1,63.7,-0.224,63.476,97,96,1,9
2023-03-31,1,1011010101,花叶类,1,208.892,0.0,208.892,247,247,0,15
2023-03-31,1,1011010201,花菜类,1,34.604,0.0,34.604,81,81,0,2
2023-03-31,1,1011010402,水生根茎类,1,22.161,0.0,22.161,46,46,0,4
2023-03-31,1,1011010501,茄类,1,21.134,0.0,21.134,41,41,0,3
2023-03-31,1,1011010504,辣椒类,1,138.204,0.0,138.204,203,203,0,12
2023-03-31,1,1011010801,食用菌,1,104.745,0.0,104.745,159,159,0,7
2023-04-01,1,1011010101,花叶类,1,208.377,0.0,208.377,282,282,0,14
2023-04-01,1,1011010201,花菜类,1,35.079,0.0,35.079,76,76,0,2
2023-04-01,1,1011010402,水生根茎类,1,26.836,0.0,26.836,41,41,0,4
2023-04-01,1,1011010501,茄类,1,23.388,0.0,23.388,53,53,0,3
2023-04-01,1,1011010504,辣椒类,1,154.887,0.0,154.887,231,231,0,12
2023-04-01,1,1011010801,食用菌,1,101.324,0.0,101.324,172,172,0,8
2023-04-02,1,1011010101,花叶类,1,185.985,0.0,185.985,321,321,0,16
2023-04-02,1,1011010201,花菜类,1,39.362,0.0,39.362,83,83,0,2
2023-04-02,1,1011010402,水生根茎类,1,27.876,0.0,27.876,42,42,0,4
2023-04-02,1,1011010501,茄类,1,20.488,0.0,20.488,44,44,0,3
2023-04-02,1,1011010504,辣椒类,1,165.351,0.0,165.351,259,259,0,11
2023-04-02,1,1011010801,食用菌,1,109.447,0.0,109.447,175,175,0,9
2023-04-03,1,1011010101,花叶类,1,170.821,0.0,170.821,247,247,0,17
2023-04-03,1,1011010201,花菜类,1,16.457,0.0,16.457,37,37,0,2
2023-04-03,1,1011010402,水生根茎类,1,29.721,0.0,29.721,55,55,0,4
2023-04-03,1,1011010501,茄类,1,19.201,0.0,19.201,43,43,0,3
2023-04-03,1,1011010504,辣椒类,1,114.41,0.0,114.41,165,165,0,10
2023-04-03,1,1011010801,食用菌,1,93.459,0.0,93.459,141,141,0,9
2023-04-04,1,1011010101,花叶类,1,170.641,-1.0,169.641,221,220,1,14
2023-04-04,1,1011010201,花菜类,1,20.022,0.0,20.022,45,45,0,2
2023-04-04,1,1011010402,水生根茎类,1,14.977,0.0,14.977,29,29,0,4
2023-04-04,1,1011010501,茄类,1,20.162,0.0,20.162,47,47,0,3
2023-04-04,1,1011010504,辣椒类,1,121.552,0.0,121.552,178,178,0,9
2023-04-04,1,1011010801,食用菌,1,90.507,0.0,90.507,152,152,0,9
2023-04-05,1,1011010101,花叶类,1,217.271,0.0,217.271,286,286,0,15
2023-04-05,1,1011010201,花菜类,1,45.417,0.0,45.417,101,101,0,2
2023-04-05,1,1011010402,水生根茎类,1,24.199,0.0,24.199,44,44,0,4
2023-04-05,1,1011010501,茄类,1,22.225,0.0,22.225,45,45,0,3
2023-04-05,1,1011010504,辣椒类,1,139.304,0.0,139.304,202,202,0,9
2023-04-05,1,1011010801,食用菌,1,115.412,0.0,115.412,175,175,0,8
2023-04-06,1,1011010101,花叶类,1,136.403,0.0,136.403,178,178,0,13
2023-04-06,1,1011010201,花菜类,1,23.05,0.0,23.05,51,51,0,2
2023-04-06,1,1011010402,水生根茎类,1,9.889,0.0,9.889,23,23,0,3
2023-04-06,1,1011010501,茄类,1,12.387,0.0,12.387,25,25,0,3
2023-04-06,1,1011010504,辣椒类,1,109.473,0.0,109.473,163,163,0,10
2023-04-06,1,1011010801,食用菌,1,73.004,0.0,73.004,116,116,0,9
2023-04-07,1,1011010101,花叶类,1,131.267,0.0,131.267,170,170,0,14
2023-04-07,1,1011010201,花菜类,1,31.899,0.0,31.899,66,66,0,2
2023-04-07,1,1011010402,水生根茎类,1,16.629,0.0,16.629,31,31,0,4
2023-04-07,1,1011010501,茄类,1,9.746,0.0,9.746,20,20,0,2
2023-04-07,1,1011010504,辣椒类,1,97.645,0.0,97.645,150,150,0,10
2023-04-07,1,1011010801,食用菌,1,88.025,0.0,88.025,140,140,0,9
2023-04-08,1,1011010101,花叶类,1,183.926,0.0,183.926,250,250,0,16
2023-04-08,1,1011010201,花菜类,1,35.691,0.0,35.691,76,76,0,2
2023-04-08,1,1011010402,水生根茎类,1,20.73,0.0,20.73,34,34,0,4
2023-04-08,1,1011010501,茄类,1,19.815,0.0,19.815,45,45,0,3
2023-04-08,1,1011010504,辣椒类,1,137.92,0.0,137.92,207,207,0,10
2023-04-08,1,1011010801,食用菌,1,128.855,0.0,128.855,197,197,0,8
2023-04-09,1,1011010101,花叶类,1,197.616,0.0,197.616,259,259,0,14
2023-04-09,1,1011010201,花菜类,1,30.536,0.0,30.536,64,64,0,2
2023-04-09,1,1011010402,水生根茎类,1,31.303,-1.219,30.084,44,43,1,4
2023-04-09,1,1011010501,茄类,1,15.846,0.0,15.846,35,35,0,2
2023-04-09,1,1011010504,辣椒类,1,136.063,0.0,136.063,211,211,0,10
2023-04-09,1,1011010801,食用菌,1,83.908,0.0,83.908,129,129,0,7
2023-04-10,1,1011010101,花叶类,1,123.411,0.0,123.411,157,157,0,12
2023-04-10,1,1011010201,花菜类,1,18.365,0.0,18.365,42,42,0,2
2023-04-10,1,1011010402,水生根茎类,1,17.868,0.0,17.868,29,29,0,4
2023-04-10,1,1011010501,茄类,1,12.818,0.0,12.818,26,26,0,2
2023-04-10,1,1011010504,辣椒类,1,73.788,0.0,73.788,116,116,0,10
2023-04-10,1,1011010801,食用菌,1,51.773,0.0,51.773,80,80,0,7
2023-04-11,1,1011010101,花叶类,1,158.881,0.0,158.881,190,190,0,14
2023-04-11,1,1011010201,花菜类,1,15.788,0.0,15.788,34,34,0,2
2023-04-11,1,1011010402,水生根茎类,1,7.577,0.0,7.577,12,12,0,4
2023-04-11,1,1011010501,茄类,1,13.366,0.0,13.366,26,26,0,3
2023-04-11,1,1011010504,辣椒类,1,85.563,0.0,85.563,134,134,0,11
2023-04-11,1,1011010801,食用菌,1,62.405,0.0,62.405,88,88,0,7
2023-04-12,1,1011010101,花叶类,1,118.761,-0.581,118.18,161,160,1,13
2023-04-12,1,1011010201,花菜类,1,17.265,0.0,17.265,33,33,0,2
2023-04-12,1,1011010402,水生根茎类,1,19.088,0.0,19.088,35,35,0,4
2023-04-12,1,1011010501,茄类,1,8.998,0.0,8.998,20,20,0,3
2023-04-12,1,1011010504,辣椒类,1,84.989,0.0,84.989,130,130,0,11
2023-04-12,1,1011010801,食用菌,1,63.48,0.0,63.48,93,93,0,8
2023-04-13,1,1011010101,花叶类,1,92.251,0.0,92.251,141,141,0,14
2023-04-13,1,1011010201,花菜类,1,19.775,0.0,19.775,42,42,0,2
2023-04-13,1,1011010402,水生根茎类,1,15.052,0.0,15.052,23,23,0,4
2023-04-13,1,1011010501,茄类,1,9.198,0.0,9.198,21,21,0,3
2023-04-13,1,1011010504,辣椒类,1,76.901,0.0,76.901,120,120,0,12
2023-04-13,1,1011010801,食用菌,1,51.532,0.0,51.532,76,76,0,8
2023-04-14,1,1011010101,花叶类,1,131.729,0.0,131.729,168,168,0,10
2023-04-14,1,1011010201,花菜类,1,18.183,0.0,18.183,35,35,0,2
2023-04-14,1,1011010402,水生根茎类,1,26.338,0.0,26.338,35,35,0,4
2023-04-14,1,1011010501,茄类,1,19.025,0.0,19.025,40,40,0,3
2023-04-14,1,1011010504,辣椒类,1,89.822,0.0,89.822,145,145,0,10
2023-04-14,1,1011010801,食用菌,1,83.023,0.0,83.023,119,119,0,7
2023-04-15,1,1011010101,花叶类,1,208.169,0.0,208.169,267,267,0,13
2023-04-15,1,1011010201,花菜类,1,20.852,0.0,20.852,45,45,0,2
2023-04-15,1,1011010402,水生根茎类,1,28.541,-0.492,28.049,46,45,1,4
2023-04-15,1,1011010501,茄类,1,16.674,0.0,16.674,34,34,0,3
2023-04-15,1,1011010504,辣椒类,1,138.985,0.0,138.985,196,196,0,10
2023-04-15,1,1011010801,食用菌,1,106.142,0.0,106.142,153,153,0,8
2023-04-16,1,1011010101,花叶类,1,204.874,0.0,204.874,308,308,0,17
2023-04-16,1,1011010201,花菜类,1,23.472,0.0,23.472,50,50,0,2
2023-04-16,1,1011010402,水生根茎类,1,16.458,0.0,16.458,35,35,0,3
2023-04-16,1,1011010501,茄类,1,20.902,0.0,20.902,42,42,0,3
2023-04-16,1,1011010504,辣椒类,1,133.274,0.0,133.274,200,200,0,10
2023-04-16,1,1011010801,食用菌,1,85.949,0.0,85.949,116,116,0,8
2023-04-17,1,1011010101,花叶类,1,106.884,0.0,106.884,161,161,0,15
2023-04-17,1,1011010201,花菜类,1,14.475,0.0,14.475,33,33,0,2
2023-04-17,1,1011010402,水生根茎类,1,7.066,0.0,7.066,15,15,0,3
2023-04-17,1,1011010501,茄类,1,9.19,0.0,9.19,20,20,0,3
2023-04-17,1,1011010504,辣椒类,1,68.456,0.0,68.456,95,95,0,9
2023-04-17,1,1011010801,食用菌,1,39.145,0.0,39.145,57,57,0,9
2023-04-18,1,1011010101,花叶类,1,182.607,0.0,182.607,234,234,0,16
2023-04-18,1,1011010201,花菜类,1,16.779,0.0,16.779,38,38,0,2
2023-04-18,1,1011010402,水生根茎类,1,15.097,0.0,15.097,20,20,0,3
2023-04-18,1,1011010501,茄类,1,16.152,0.0,16.152,33,33,0,3
2023-04-18,1,1011010504,辣椒类,1,78.486,0.0,78.486,130,130,0,11
2023-04-18,1,1011010801,食用菌,1,66.338,0.0,66.338,95,95,0,9
2023-04-19,1,1011010101,花叶类,1,156.553,0.0,156.553,208,208,0,15
2023-04-19,1,1011010201,花菜类,1,19.103,0.0,19.103,41,41,0,2
2023-04-19,1,1011010402,水生根茎类,1,12.216,0.0,12.216,15,15,0,4
2023-04-19,1,1011010501,茄类,1,13.945,0.0,13.945,28,28,0,2
2023-04-19,1,1011010504,辣椒类,1,76.651,0.0,76.651,114,114,0,11
2023-04-19,1,1011010801,食用菌,1,58.407,0.0,58.407,91,91,0,9
2023-04-20,1,1011010101,花叶类,1,122.087,0.0,122.087,194,194,0,16
2023-04-20,1,1011010201,花菜类,1,19.807,0.0,19.807,44,44,0,2
2023-04-20,1,1011010402,水生根茎类,1,12.171,0.0,12.171,21,21,0,4
2023-04-20,1,1011010501,茄类,1,10.307,0.0,10.307,25,25,0,3
2023-04-20,1,1011010504,辣椒类,1,70.384,0.0,70.384,108,108,0,9
2023-04-20,1,1011010801,食用菌,1,55.919,0.0,55.919,87,87,0,7
2023-04-21,1,1011010101,花叶类,1,215.684,0.0,215.684,283,283,0,17
2023-04-21,1,1011010201,花菜类,1,26.17,0.0,26.17,58,58,0,2
2023-04-21,1,1011010402,水生根茎类,1,28.934,0.0,28.934,45,45,0,4
2023-04-21,1,1011010501,茄类,1,30.95,0.0,30.95,57,57,0,3
2023-04-21,1,1011010504,辣椒类,1,125.533,0.0,125.533,171,171,0,9
2023-04-21,1,1011010801,食用菌,1,89.492,0.0,89.492,133,133,0,8
2023-04-22,1,1011010101,花叶类,1,330.85,0.0,330.85,468,468,0,15
2023-04-22,1,1011010201,花菜类,1,40.026,0.0,40.026,88,88,0,2
2023-04-22,1,1011010402,水生根茎类,1,27.103,0.0,27.103,47,47,0,4
2023-04-22,1,1011010501,茄类,1,39.651,0.0,39.651,76,76,0,3
2023-04-22,1,1011010504,辣椒类,1,185.589,0.0,185.589,264,264,0,9
2023-04-22,1,1011010801,食用菌,1,158.568,-0.208,158.36,224,223,1,9
2023-04-23,1,1011010101,花叶类,1,279.352,0.0,279.352,354,354,0,14
2023-04-23,1,1011010201,花菜类,1,22.853,0.0,22.853,49,49,0,2
2023-04-23,1,1011010402,水生根茎类,1,10.291,0.0,10.291,23,23,0,3
2023-04-23,1,1011010501,茄类,1,21.876,0.0,21.876,46,46,0,3
2023-04-23,1,1011010504,辣椒类,1,154.222,0.0,154.222,190,190,0,9
2023-04-23,1,1011010801,食用菌,1,81.715,0.0,81.715,115,115,0,9
2023-04-24,1,1011010101,花叶类,1,189.222,-1.0,188.222,240,239,1,12
2023-04-24,1,1011010201,花菜类,1,17.856,0.0,17.856,41,41,0,2
2023-04-24,1,1011010402,水生根茎类,1,13.28,0.0,13.28,23,23,0,3
2023-04-24,1,1011010501,茄类,1,25.565,0.0,25.565,49,49,0,3
2023-04-24,1,1011010504,辣椒类,1,74.395,-1.0,73.395,138,137,1,7
2023-04-24,1,1011010801,食用菌,1,60.294,0.0,60.294,92,92,0,8
2023-04-25,1,1011010101,花叶类,1,163.704,0.0,163.704,217,217,0,12
2023-04-25,1,1011010201,花菜类,1,15.89,0.0,15.89,36,36,0,2
2023-04-25,1,1011010402,水生根茎类,1,9.993,0.0,9.993,17,17,0,3
2023-04-25,1,1011010501,茄类,1,19.3,0.0,19.3,37,37,0,3
2023-04-25,1,1011010504,辣椒类,1,70.192,0.0,70.192,82,82,0,8
2023-04-25,1,1011010801,食用菌,1,68.882,0.0,68.882,92,92,0,8
2023-04-26,1,1011010101,花叶类,1,148.39,0.0,148.39,214,214,0,13
2023-04-26,1,1011010201,花菜类,1,21.236,0.0,21.236,48,48,0,2
2023-04-26,1,1011010402,水生根茎类,1,4.702,0.0,4.702,14,14,0,4
2023-04-26,1,1011010501,茄类,1,18.526,0.0,18.526,35,35,0,2
2023-04-26,1,1011010504,辣椒类,1,47.263,0.0,47.263,52,52,0,9
2023-04-26,1,1011010801,食用菌,1,45.674,0.0,45.674,59,59,0,9
2023-04-27,1,1011010101,花叶类,1,142.945,-1.278,141.667,203,199,4,13
2023-04-27,1,1011010201,花菜类,1,14.24,0.0,14.24,35,35,0,2
2023-04-27,1,1011010402,水生根茎类,1,11.675,0.0,11.675,23,23,0,4
2023-04-27,1,1011010501,茄类,1,18.48,0.0,18.48,38,38,0,3
2023-04-27,1,1011010504,辣椒类,1,66.698,0.0,66.698,75,75,0,9
2023-04-27,1,1011010801,食用菌,1,62.808,0.0,62.808,90,90,0,9
2023-04-28,1,1011010101,花叶类,1,164.327,0.0,164.327,219,219,0,13
2023-04-28,1,1011010201,花菜类,1,22.806,0.0,22.806,53,53,0,2
2023-04-28,1,1011010402,水生根茎类,1,14.48,-0.402,14.078,22,21,1,4
2023-04-28,1,1011010501,茄类,1,22.141,0.0,22.141,44,44,0,3
2023-04-28,1,1011010504,辣椒类,1,84.338,0.0,84.338,95,95,0,9
2023-04-28,1,1011010801,食用菌,1,81.778,0.0,81.778,117,117,0,8
2023-04-29,1,1011010101,花叶类,1,169.132,0.0,169.132,228,228,0,13
2023-04-29,1,1011010201,花菜类,1,27.577,0.0,27.577,66,66,0,2
2023-04-29,1,1011010402,水生根茎类,1,24.693,0.0,24.693,44,44,0,4
2023-04-29,1,1011010501,茄类,1,37.234,0.0,37.234,69,69,0,3
2023-04-29,1,1011010504,辣椒类,1,161.482,0.0,161.482,239,239,0,10
2023-04-29,1,1011010801,食用菌,1,127.524,0.0,127.524,156,156,0,9
2023-04-30,1,1011010101,花叶类,1,132.248,0.0,132.248,196,196,0,13
2023-04-30,1,1011010201,花菜类,1,25.487,0.0,25.487,52,52,0,2
2023-04-30,1,1011010402,水生根茎类,1,16.983,0.0,16.983,37,37,0,4
2023-04-30,1,1011010501,茄类,1,43.783,0.0,43.783,83,83,0,3
2023-04-30,1,1011010504,辣椒类,1,117.501,0.0,117.501,188,188,0,10
2023-04-30,1,1011010801,食用菌,1,97.254,0.0,97.254,124,124,0,8
2023-05-01,1,1011010101,花叶类,1,179.89,0.0,179.89,254,254,0,14
2023-05-01,1,1011010201,花菜类,1,29.389,0.0,29.389,66,66,0,2
2023-05-01,1,1011010402,水生根茎类,1,22.754,0.0,22.754,44,44,0,5
2023-05-01,1,1011010501,茄类,1,31.862,0.0,31.862,68,68,0,3
2023-05-01,1,1011010504,辣椒类,1,138.857,0.0,138.857,208,208,0,10
2023-05-01,1,1011010801,食用菌,1,83.717,0.0,83.717,105,105,0,8
2023-05-02,1,1011010101,花叶类,1,199.057,0.0,199.057,282,282,0,14
2023-05-02,1,1011010201,花菜类,1,22.365,0.0,22.365,47,47,0,2
2023-05-02,1,1011010402,水生根茎类,1,20.191,0.0,20.191,45,45,0,4
2023-05-02,1,1011010501,茄类,1,35.967,0.0,35.967,75,75,0,3
2023-05-02,1,1011010504,辣椒类,1,103.643,0.0,103.643,157,157,0,10
2023-05-02,1,1011010801,食用菌,1,66.312,0.0,66.312,104,104,0,7
2023-05-03,1,1011010101,花叶类,1,252.366,0.0,252.366,351,351,0,14
2023-05-03,1,1011010201,花菜类,1,32.371,0.0,32.371,70,70,0,2
2023-05-03,1,1011010402,水生根茎类,1,11.586,0.0,11.586,19,19,0,3
2023-05-03,1,1011010501,茄类,1,22.717,0.0,22.717,44,44,0,1
2023-05-03,1,1011010504,辣椒类,1,95.795,0.0,95.795,177,177,0,8
2023-05-03,1,1011010801,食用菌,1,72.027,0.0,72.027,106,106,0,8
2023-05-04,1,1011010101,花叶类,1,121.428,0.0,121.428,179,179,0,11
2023-05-04,1,1011010201,花菜类,1,32.652,0.0,32.652,72,72,0,2
2023-05-04,1,1011010402,水生根茎类,1,9.037,0.0,9.037,24,24,0,4
2023-05-04,1,1011010501,茄类,1,25.655,0.0,25.655,56,56,0,1
2023-05-04,1,1011010504,辣椒类,1,76.542,0.0,76.542,149,149,0,8
2023-05-04,1,1011010801,食用菌,1,55.952,0.0,55.952,70,70,0,8
2023-05-05,1,1011010101,花叶类,1,115.371,0.0,115.371,192,192,0,13
2023-05-05,1,1011010201,花菜类,1,28.675,0.0,28.675,57,57,0,2
2023-05-05,1,1011010402,水生根茎类,1,13.454,0.0,13.454,28,28,0,4
2023-05-05,1,1011010501,茄类,1,22.324,0.0,22.324,46,46,0,1
2023-05-05,1,1011010504,辣椒类,1,66.977,0.0,66.977,135,135,0,7
2023-05-05,1,1011010801,食用菌,1,63.126,0.0,63.126,85,85,0,6
2023-05-06,1,1011010101,花叶类,1,163.827,0.0,163.827,231,231,0,15
2023-05-06,1,1011010201,花菜类,1,34.087,0.0,34.087,72,72,0,2
2023-05-06,1,1011010402,水生根茎类,1,17.781,0.0,17.781,36,36,0,3
2023-05-06,1,1011010501,茄类,1,23.097,0.0,23.097,46,46,0,1
2023-05-06,1,1011010504,辣椒类,1,94.505,0.0,94.505,182,182,0,9
2023-05-06,1,1011010801,食用菌,1,99.697,0.0,99.697,130,130,0,8
2023-05-07,1,1011010101,花叶类,1,238.132,0.0,238.132,335,335,0,15
2023-05-07,1,1011010201,花菜类,1,54.158,0.0,54.158,113,113,0,2
2023-05-07,1,1011010402,水生根茎类,1,18.818,0.0,18.818,42,42,0,4
2023-05-07,1,1011010501,茄类,1,39.966,0.0,39.966,83,83,0,1
2023-05-07,1,1011010504,辣椒类,1,134.833,0.0,134.833,242,242,0,10
2023-05-07,1,1011010801,食用菌,1,115.423,0.0,115.423,155,155,0,8
2023-05-08,1,1011010101,花叶类,1,142.341,0.0,142.341,213,213,0,13
2023-05-08,1,1011010201,花菜类,1,17.863,0.0,17.863,40,40,0,2
2023-05-08,1,1011010402,水生根茎类,1,9.628,0.0,9.628,22,22,0,5
2023-05-08,1,1011010501,茄类,1,21.757,0.0,21.757,43,43,0,1
2023-05-08,1,1011010504,辣椒类,1,85.984,0.0,85.984,150,150,0,9
2023-05-08,1,1011010801,食用菌,1,58.128,0.0,58.128,84,84,0,8
2023-05-09,1,1011010101,花叶类,1,145.033,0.0,145.033,209,209,0,12
2023-05-09,1,1011010201,花菜类,1,25.81,0.0,25.81,60,60,0,2
2023-05-09,1,1011010402,水生根茎类,1,7.406,0.0,7.406,16,16,0,5
2023-05-09,1,1011010501,茄类,1,17.224,0.0,17.224,31,31,0,1
2023-05-09,1,1011010504,辣椒类,1,81.721,0.0,81.721,135,135,0,9
2023-05-09,1,1011010801,食用菌,1,49.033,0.0,49.033,80,80,0,8
2023-05-10,1,1011010101,花叶类,1,159.328,0.0,159.328,235,235,0,13
2023-05-10,1,1011010201,花菜类,1,26.422,0.0,26.422,55,55,0,2
2023-05-10,1,1011010402,水生根茎类,1,10.336,0.0,10.336,19,19,0,5
2023-05-10,1,1011010501,茄类,1,28.106,0.0,28.106,55,55,0,1
2023-05-10,1,1011010504,辣椒类,1,99.29,0.0,99.29,146,146,0,9
2023-05-10,1,1011010801,食用菌,1,78.595,0.0,78.595,98,98,0,7
2023-05-11,1,1011010101,花叶类,1,158.484,0.0,158.484,245,245,0,14
2023-05-11,1,1011010201,花菜类,1,23.274,0.0,23.274,48,48,0,2
2023-05-11,1,1011010402,水生根茎类,1,9.518,0.0,9.518,16,16,0,4
2023-05-11,1,1011010501,茄类,1,13.908,0.0,13.908,31,31,0,1
2023-05-11,1,1011010504,辣椒类,1,76.077,-0.335,75.742,128,127,1,9
2023-05-11,1,1011010801,食用菌,1,42.217,0.0,42.217,63,63,0,8
2023-05-12,1,1011010101,花叶类,1,142.706,0.0,142.706,229,229,0,12
2023-05-12,1,1011010201,花菜类,1,21.507,0.0,21.507,48,48,0,2
2023-05-12,1,1011010402,水生根茎类,1,16.347,0.0,16.347,39,39,0,5
2023-05-12,1,1011010501,茄类,1,24.496,0.0,24.496,46,46,0,1
2023-05-12,1,1011010504,辣椒类,1,88.881,0.0,88.881,163,163,0,8
2023-05-12,1,1011010801,食用菌,1,67.921,0.0,67.921,96,96,0,6
2023-05-13,1,1011010101,花叶类,1,179.071,0.0,179.071,280,280,0,16
2023-05-13,1,1011010201,花菜类,1,45.087,0.0,45.087,93,93,0,2
2023-05-13,1,1011010402,水生根茎类,1,20.655,0.0,20.655,42,42,0,5
2023-05-13,1,1011010501,茄类,1,33.208,0.0,33.208,64,64,0,1
2023-05-13,1,1011010504,辣椒类,1,135.703,0.0,135.703,224,224,0,8
2023-05-13,1,1011010801,食用菌,1,95.606,0.0,95.606,141,141,0,8
2023-05-14,1,1011010101,花叶类,1,199.509,0.0,199.509,318,318,0,14
2023-05-14,1,1011010201,花菜类,1,43.642,0.0,43.642,81,81,0,2
2023-05-14,1,1011010402,水生根茎类,1,15.86,0.0,15.86,29,29,0,4
2023-05-14,1,1011010501,茄类,1,32.974,0.0,32.974,60,60,0,1
2023-05-14,1,1011010504,辣椒类,1,110.866,0.0,110.866,199,199,0,8
2023-05-14,1,1011010801,食用菌,1,97.677,0.0,97.677,139,139,0,8
2023-05-15,1,1011010101,花叶类,1,171.35,0.0,171.35,245,245,0,16
2023-05-15,1,1011010201,花菜类,1,27.764,0.0,27.764,59,59,0,2
2023-05-15,1,1011010402,水生根茎类,1,7.475,0.0,7.475,16,16,0,4
2023-05-15,1,1011010501,茄类,1,21.584,0.0,21.584,45,45,0,2
2023-05-15,1,1011010504,辣椒类,1,78.687,0.0,78.687,132,132,0,8
2023-05-15,1,1011010801,食用菌,1,61.585,0.0,61.585,89,89,0,7
2023-05-16,1,1011010101,花叶类,1,194.936,0.0,194.936,276,276,0,15
2023-05-16,1,1011010201,花菜类,1,26.009,0.0,26.009,48,48,0,2
2023-05-16,1,1011010402,水生根茎类,1,9.603,0.0,9.603,20,20,0,4
2023-05-16,1,1011010501,茄类,1,14.181,0.0,14.181,32,32,0,1
2023-05-16,1,1011010504,辣椒类,1,80.294,0.0,80.294,132,132,0,7
2023-05-16,1,1011010801,食用菌,1,57.535,0.0,57.535,77,77,0,7
2023-05-17,1,1011010101,花叶类,1,150.478,0.0,150.478,238,238,0,14
2023-05-17,1,1011010201,花菜类,1,19.914,0.0,19.914,45,45,0,2
2023-05-17,1,1011010402,水生根茎类,1,12.893,0.0,12.893,29,29,0,5
2023-05-17,1,1011010501,茄类,1,14.296,0.0,14.296,27,27,0,1
2023-05-17,1,1011010504,辣椒类,1,67.717,0.0,67.717,126,126,0,8
2023-05-17,1,1011010801,食用菌,1,54.7,0.0,54.7,77,77,0,7
2023-05-18,1,1011010101,花叶类,1,112.688,0.0,112.688,184,184,0,15
2023-05-18,1,1011010201,花菜类,1,22.684,0.0,22.684,48,48,0,2
2023-05-18,1,1011010402,水生根茎类,1,8.812,0.0,8.812,18,18,0,5
2023-05-18,1,1011010501,茄类,1,11.595,0.0,11.595,24,24,0,1
2023-05-18,1,1011010504,辣椒类,1,53.892,0.0,53.892,106,106,0,8
2023-05-18,1,1011010801,食用菌,1,49.756,0.0,49.756,64,64,0,6
2023-05-19,1,1011010101,花叶类,1,141.327,0.0,141.327,198,198,0,13
2023-05-19,1,1011010201,花菜类,1,20.153,0.0,20.153,42,42,0,2
2023-05-19,1,1011010402,水生根茎类,1,9.66,0.0,9.66,16,16,0,5
2023-05-19,1,1011010501,茄类,1,15.232,0.0,15.232,26,26,0,1
2023-05-19,1,1011010504,辣椒类,1,71.713,0.0,71.713,125,125,0,8
2023-05-19,1,1011010801,食用菌,1,60.947,0.0,60.947,78,78,0,6
2023-05-20,1,1011010101,花叶类,1,177.822,0.0,177.822,270,270,0,12
2023-05-20,1,1011010201,花菜类,1,27.242,0.0,27.242,57,57,0,2
2023-05-20,1,1011010402,水生根茎类,1,11.094,0.0,11.094,25,25,0,6
2023-05-20,1,1011010501,茄类,1,33.825,0.0,33.825,65,65,0,1
2023-05-20,1,1011010504,辣椒类,1,92.262,0.0,92.262,154,154,0,8
2023-05-20,1,1011010801,食用菌,1,82.754,0.0,82.754,105,105,0,7
2023-05-21,1,1011010101,花叶类,1,197.446,0.0,197.446,314,314,0,13
2023-05-21,1,1011010201,花菜类,1,29.13,0.0,29.13,62,62,0,2
2023-05-21,1,1011010402,水生根茎类,1,13.615,0.0,13.615,29,29,0,6
2023-05-21,1,1011010501,茄类,1,38.276,0.0,38.276,71,71,0,1
2023-05-21,1,1011010504,辣椒类,1,117.485,0.0,117.485,197,197,0,8
2023-05-21,1,1011010801,食用菌,1,94.76,0.0,94.76,136,136,0,8
2023-05-22,1,1011010101,花叶类,1,154.18,0.0,154.18,231,231,0,12
2023-05-22,1,1011010201,花菜类,1,14.808,0.0,14.808,35,35,0,2
2023-05-22,1,1011010402,水生根茎类,1,8.411,0.0,8.411,14,14,0,5
2023-05-22,1,1011010501,茄类,1,25.981,0.0,25.981,52,52,0,2
2023-05-22,1,1011010504,辣椒类,1,90.848,0.0,90.848,151,151,0,8
2023-05-22,1,1011010801,食用菌,1,70.154,0.0,70.154,103,103,0,8
2023-05-23,1,1011010101,花叶类,1,150.721,0.0,150.721,189,189,0,10
2023-05-23,1,1011010201,花菜类,1,20.181,0.0,20.181,40,40,0,2
2023-05-23,1,1011010402,水生根茎类,1,14.637,0.0,14.637,27,27,0,5
2023-05-23,1,1011010501,茄类,1,23.022,0.0,23.022,48,48,0,1
2023-05-23,1,1011010504,辣椒类,1,69.361,0.0,69.361,117,117,0,8
2023-05-23,1,1011010801,食用菌,1,49.994,0.0,49.994,72,72,0,7
2023-05-24,1,1011010101,花叶类,1,135.51,0.0,135.51,200,200,0,12
2023-05-24,1,1011010201,花菜类,1,15.923,0.0,15.923,35,35,0,2
2023-05-24,1,1011010402,水生根茎类,1,9.414,0.0,9.414,23,23,0,6
2023-05-24,1,1011010501,茄类,1,15.749,0.0,15.749,30,30,0,1
2023-05-24,1,1011010504,辣椒类,1,62.956,0.0,62.956,125,125,0,7
2023-05-24,1,1011010801,食用菌,1,47.818,0.0,47.818,65,65,0,7
2023-05-25,1,1011010101,花叶类,1,114.768,0.0,114.768,189,189,0,11
2023-05-25,1,1011010201,花菜类,1,14.565,0.0,14.565,32,32,0,2
2023-05-25,1,1011010402,水生根茎类,1,13.962,0.0,13.962,29,29,0,6
2023-05-25,1,1011010501,茄类,1,21.865,0.0,21.865,44,44,0,2
2023-05-25,1,1011010504,辣椒类,1,76.118,0.0,76.118,150,150,0,8
2023-05-25,1,1011010801,食用菌,1,50.69,0.0,50.69,64,64,0,6
2023-05-26,1,1011010101,花叶类,1,154.12,0.0,154.12,256,256,0,16
2023-05-26,1,1011010201,花菜类,1,24.236,0.0,24.236,55,55,0,2
2023-05-26,1,1011010402,水生根茎类,1,20.081,0.0,20.081,37,37,0,6
2023-05-26,1,1011010501,茄类,1,18.213,0.0,18.213,42,42,0,3
2023-05-26,1,1011010504,辣椒类,1,90.26,0.0,90.26,152,152,0,9
2023-05-26,1,1011010801,食用菌,1,53.736,0.0,53.736,74,74,0,7
2023-05-27,1,1011010101,花叶类,1,273.537,-1.0,272.537,408,407,1,15
2023-05-27,1,1011010201,花菜类,1,41.279,0.0,41.279,86,86,0,2
2023-05-27,1,1011010402,水生根茎类,1,24.97,0.0,24.97,52,52,0,6
2023-05-27,1,1011010501,茄类,1,24.313,0.0,24.313,48,48,0,1
2023-05-27,1,1011010504,辣椒类,1,127.658,0.0,127.658,216,216,0,8
2023-05-27,1,1011010801,食用菌,1,91.754,0.0,91.754,118,118,0,6
2023-05-28,1,1011010101,花叶类,1,262.277,0.0,262.277,388,388,0,15
2023-05-28,1,1011010201,花菜类,1,36.971,0.0,36.971,78,78,0,2
2023-05-28,1,1011010402,水生根茎类,1,22.807,0.0,22.807,53,53,0,6
2023-05-28,1,1011010501,茄类,1,38.881,0.0,38.881,76,76,0,2
2023-05-28,1,1011010504,辣椒类,1,131.518,0.0,131.518,235,235,0,9
2023-05-28,1,1011010801,食用菌,1,109.635,0.0,109.635,139,139,0,6
2023-05-29,1,1011010101,花叶类,1,146.434,0.0,146.434,229,229,0,16
2023-05-29,1,1011010201,花菜类,1,16.312,0.0,16.312,39,39,0,2
2023-05-29,1,1011010402,水生根茎类,1,12.75,0.0,12.75,24,24,0,6
2023-05-29,1,1011010501,茄类,1,28.536,0.0,28.536,69,69,0,3
2023-05-29,1,1011010504,辣椒类,1,61.995,0.0,61.995,130,130,0,9
2023-05-29,1,1011010801,食用菌,1,53.849,0.0,53.849,68,68,0,6
2023-05-30,1,1011010101,花叶类,1,156.287,0.0,156.287,245,245,0,14
2023-05-30,1,1011010201,花菜类,1,14.652,0.0,14.652,33,33,0,2
2023-05-30,1,1011010402,水生根茎类,1,8.852,0.0,8.852,23,23,0,5
2023-05-30,1,1011010501,茄类,1,23.886,0.0,23.886,53,53,0,3
2023-05-30,1,1011010504,辣椒类,1,59.897,0.0,59.897,116,116,0,8
2023-05-30,1,1011010801,食用菌,1,46.299,0.0,46.299,66,66,0,6
2023-05-31,1,1011010101,花叶类,1,136.132,0.0,136.132,200,200,0,13
2023-05-31,1,1011010201,花菜类,1,16.723,0.0,16.723,43,43,0,2
2023-05-31,1,1011010402,水生根茎类,1,7.86,0.0,7.86,18,18,0,4
2023-05-31,1,1011010501,茄类,1,17.471,0.0,17.471,29,29,0,2
2023-05-31,1,1011010504,辣椒类,1,61.96,0.0,61.96,119,119,0,7
2023-05-31,1,1011010801,食用菌,1,46.711,0.0,46.711,63,63,0,6
2023-06-01,1,1011010101,花叶类,1,136.982,0.0,136.982,209,209,0,13
2023-06-01,1,1011010201,花菜类,1,19.364,0.0,19.364,47,47,0,2
2023-06-01,1,1011010402,水生根茎类,1,9.741,0.0,9.741,23,23,0,6
2023-06-01,1,1011010501,茄类,1,18.475,0.0,18.475,45,45,0,3
2023-06-01,1,1011010504,辣椒类,1,67.854,0.0,67.854,109,109,0,7
2023-06-01,1,1011010801,食用菌,1,44.867,0.0,44.867,59,59,0,6
2023-06-02,1,1011010101,花叶类,1,161.142,0.0,161.142,241,241,0,13
2023-06-02,1,1011010201,花菜类,1,16.172,0.0,16.172,49,49,0,2
2023-06-02,1,1011010402,水生根茎类,1,11.988,0.0,11.988,25,25,0,5
2023-06-02,1,1011010501,茄类,1,22.501,0.0,22.501,55,55,0,4
2023-06-02,1,1011010504,辣椒类,1,72.847,0.0,72.847,118,118,0,9
2023-06-02,1,1011010801,食用菌,1,68.385,0.0,68.385,90,90,0,8
2023-06-03,1,1011010101,花叶类,1,222.081,0.0,222.081,337,337,0,15
2023-06-03,1,1011010201,花菜类,1,33.243,0.0,33.243,81,81,0,2
2023-06-03,1,1011010402,水生根茎类,1,29.041,0.0,29.041,62,62,0,7
2023-06-03,1,1011010501,茄类,1,39.399,0.0,39.399,77,77,0,4
2023-06-03,1,1011010504,辣椒类,1,123.664,0.0,123.664,203,203,0,8
2023-06-03,1,1011010801,食用菌,1,94.541,0.0,94.541,128,128,0,6
2023-06-04,1,1011010101,花叶类,1,215.285,0.0,215.285,321,321,0,15
2023-06-04,1,1011010201,花菜类,1,25.117,0.0,25.117,63,63,0,2
2023-06-04,1,1011010402,水生根茎类,1,21.047,0.0,21.047,47,47,0,6
2023-06-04,1,1011010501,茄类,1,34.741,0.0,34.741,76,76,0,3
2023-06-04,1,1011010504,辣椒类,1,123.698,0.0,123.698,199,199,0,9
2023-06-04,1,1011010801,食用菌,1,95.926,0.0,95.926,119,119,0,6
2023-06-05,1,1011010101,花叶类,1,145.142,0.0,145.142,243,243,0,16
2023-06-05,1,1011010201,花菜类,1,22.57,0.0,22.57,56,56,0,2
2023-06-05,1,1011010402,水生根茎类,1,12.58,0.0,12.58,24,24,0,5
2023-06-05,1,1011010501,茄类,1,19.989,0.0,19.989,42,42,0,3
2023-06-05,1,1011010504,辣椒类,1,74.896,0.0,74.896,137,137,0,8
2023-06-05,1,1011010801,食用菌,1,49.192,0.0,49.192,66,66,0,7
2023-06-06,1,1011010101,花叶类,1,152.439,0.0,152.439,215,215,0,14
2023-06-06,1,1011010201,花菜类,1,21.351,0.0,21.351,53,53,0,2
2023-06-06,1,1011010402,水生根茎类,1,14.408,0.0,14.408,30,30,0,5
2023-06-06,1,1011010501,茄类,1,19.081,0.0,19.081,40,40,0,3
2023-06-06,1,1011010504,辣椒类,1,84.745,0.0,84.745,148,148,0,8
2023-06-06,1,1011010801,食用菌,1,56.608,0.0,56.608,70,70,0,6
2023-06-07,1,1011010101,花叶类,1,135.735,0.0,135.735,209,209,0,15
2023-06-07,1,1011010201,花菜类,1,11.835,0.0,11.835,32,32,0,1
2023-06-07,1,1011010402,水生根茎类,1,14.142,0.0,14.142,30,30,0,6
2023-06-07,1,1011010501,茄类,1,17.873,0.0,17.873,38,38,0,3
2023-06-07,1,1011010504,辣椒类,1,66.121,0.0,66.121,122,122,0,8
2023-06-07,1,1011010801,食用菌,1,44.446,0.0,44.446,63,63,0,6
2023-06-08,1,1011010101,花叶类,1,119.287,0.0,119.287,179,179,0,14
2023-06-08,1,1011010201,花菜类,1,15.446,0.0,15.446,35,35,0,2
2023-06-08,1,1011010402,水生根茎类,1,9.254,0.0,9.254,24,24,0,6
2023-06-08,1,1011010501,茄类,1,24.509,0.0,24.509,53,53,0,4
2023-06-08,1,1011010504,辣椒类,1,77.363,-1.0,76.363,141,140,1,8
2023-06-08,1,1011010801,食用菌,1,49.993,0.0,49.993,64,64,0,6
2023-06-09,1,1011010101,花叶类,1,140.024,0.0,140.024,217,217,0,15
2023-06-09,1,1011010201,花菜类,1,13.684,0.0,13.684,26,26,0,2
2023-06-09,1,1011010402,水生根茎类,1,15.816,0.0,15.816,41,41,0,6
2023-06-09,1,1011010501,茄类,1,21.798,0.0,21.798,43,43,0,3
2023-06-09,1,1011010504,辣椒类,1,74.296,0.0,74.296,130,130,0,8
2023-06-09,1,1011010801,食用菌,1,55.465,0.0,55.465,66,66,0,6
2023-06-10,1,1011010101,花叶类,1,240.235,0.0,240.235,367,367,0,16
2023-06-10,1,1011010201,花菜类,1,26.766,0.0,26.766,60,60,0,2
2023-06-10,1,1011010402,水生根茎类,1,19.118,0.0,19.118,45,45,0,6
2023-06-10,1,1011010501,茄类,1,38.116,0.0,38.116,78,78,0,4
2023-06-10,1,1011010504,辣椒类,1,146.968,0.0,146.968,229,229,0,8
2023-06-10,1,1011010801,食用菌,1,98.844,0.0,98.844,124,124,0,7
2023-06-11,1,1011010101,花叶类,1,213.908,0.0,213.908,340,340,0,14
2023-06-11,1,1011010201,花菜类,1,25.472,0.0,25.472,56,56,0,2
2023-06-11,1,1011010402,水生根茎类,1,21.247,0.0,21.247,51,51,0,6
2023-06-11,1,1011010501,茄类,1,43.303,0.0,43.303,79,79,0,4
2023-06-11,1,1011010504,辣椒类,1,119.69,0.0,119.69,202,202,0,9
2023-06-11,1,1011010801,食用菌,1,79.626,0.0,79.626,99,99,0,7
2023-06-12,1,1011010101,花叶类,1,127.399,0.0,127.399,182,182,0,14
2023-06-12,1,1011010201,花菜类,1,17.143,0.0,17.143,36,36,0,2
2023-06-12,1,1011010402,水生根茎类,1,10.351,0.0,10.351,18,18,0,5
2023-06-12,1,1011010501,茄类,1,23.087,0.0,23.087,44,44,0,4
2023-06-12,1,1011010504,辣椒类,1,67.12,0.0,67.12,110,110,0,9
2023-06-12,1,1011010801,食用菌,1,36.154,0.0,36.154,53,53,0,7
2023-06-13,1,1011010101,花叶类,1,140.865,0.0,140.865,204,204,0,15
2023-06-13,1,1011010201,花菜类,1,10.189,0.0,10.189,27,27,0,1
2023-06-13,1,1011010402,水生根茎类,1,12.054,0.0,12.054,31,31,0,6
2023-06-13,1,1011010501,茄类,1,17.659,0.0,17.659,40,40,0,2
2023-06-13,1,1011010504,辣椒类,1,84.891,0.0,84.891,132,132,0,8
2023-06-13,1,1011010801,食用菌,1,54.24,0.0,54.24,76,76,0,7
2023-06-14,1,1011010101,花叶类,1,115.605,0.0,115.605,174,174,0,15
2023-06-14,1,1011010201,花菜类,1,9.175,0.0,9.175,21,21,0,2
2023-06-14,1,1011010402,水生根茎类,1,7.284,0.0,7.284,15,15,0,3
2023-06-14,1,1011010501,茄类,1,28.361,0.0,28.361,56,56,0,4
2023-06-14,1,1011010504,辣椒类,1,82.127,0.0,82.127,132,132,0,9
2023-06-14,1,1011010801,食用菌,1,43.778,0.0,43.778,61,61,0,7
2023-06-15,1,1011010101,花叶类,1,118.42,0.0,118.42,176,176,0,14
2023-06-15,1,1011010201,花菜类,1,9.804,0.0,9.804,20,20,0,2
2023-06-15,1,1011010402,水生根茎类,1,16.733,0.0,16.733,35,35,0,6
2023-06-15,1,1011010501,茄类,1,15.908,0.0,15.908,35,35,0,3
2023-06-15,1,1011010504,辣椒类,1,63.624,0.0,63.624,103,103,0,8
2023-06-15,1,1011010801,食用菌,1,34.886,0.0,34.886,49,49,0,6
2023-06-16,1,1011010101,花叶类,1,172.11,0.0,172.11,210,210,0,15
2023-06-16,1,1011010201,花菜类,1,22.692,0.0,22.692,43,43,0,3
2023-06-16,1,1011010402,水生根茎类,1,15.49,0.0,15.49,39,39,0,5
2023-06-16,1,1011010501,茄类,1,24.133,0.0,24.133,52,52,0,4
2023-06-16,1,1011010504,辣椒类,1,86.159,0.0,86.159,136,136,0,10
2023-06-16,1,1011010801,食用菌,1,58.503,0.0,58.503,74,74,0,6
2023-06-17,1,1011010101,花叶类,1,244.334,0.0,244.334,403,403,0,17
2023-06-17,1,1011010201,花菜类,1,26.791,0.0,26.791,56,56,0,1
2023-06-17,1,1011010402,水生根茎类,1,22.626,0.0,22.626,58,58,0,5
2023-06-17,1,1011010501,茄类,1,46.628,0.0,46.628,92,92,0,4
2023-06-17,1,1011010504,辣椒类,1,169.193,0.0,169.193,254,254,0,10
2023-06-17,1,1011010801,食用菌,1,93.35,0.0,93.35,130,130,0,5
2023-06-18,1,1011010101,花叶类,1,253.447,0.0,253.447,374,374,0,16
2023-06-18,1,1011010201,花菜类,1,23.098,0.0,23.098,51,51,0,2
2023-06-18,1,1011010402,水生根茎类,1,23.373,0.0,23.373,56,56,0,4
2023-06-18,1,1011010501,茄类,1,54.553,0.0,54.553,111,111,0,4
2023-06-18,1,1011010504,辣椒类,1,149.877,0.0,149.877,228,228,0,9
2023-06-18,1,1011010801,食用菌,1,72.039,0.0,72.039,112,112,0,5
2023-06-19,1,1011010101,花叶类,1,128.701,0.0,128.701,206,206,0,15
2023-06-19,1,1011010201,花菜类,1,12.363,0.0,12.363,25,25,0,1
2023-06-19,1,1011010402,水生根茎类,1,11.51,0.0,11.51,22,22,0,4
2023-06-19,1,1011010501,茄类,1,21.207,0.0,21.207,45,45,0,4
2023-06-19,1,1011010504,辣椒类,1,77.049,0.0,77.049,131,131,0,9
2023-06-19,1,1011010801,食用菌,1,43.293,0.0,43.293,67,67,0,6
2023-06-20,1,1011010101,花叶类,1,126.228,0.0,126.228,191,191,0,14
2023-06-20,1,1011010201,花菜类,1,13.919,0.0,13.919,28,28,0,2
2023-06-20,1,1011010402,水生根茎类,1,11.657,0.0,11.657,29,29,0,5
2023-06-20,1,1011010501,茄类,1,21.592,0.0,21.592,44,44,0,4
2023-06-20,1,1011010504,辣椒类,1,66.666,0.0,66.666,110,110,0,10
2023-06-20,1,1011010801,食用菌,1,39.223,0.0,39.223,53,53,0,6
2023-06-21,1,1011010101,花叶类,1,126.263,0.0,126.263,208,208,0,16
2023-06-21,1,1011010201,花菜类,1,16.697,0.0,16.697,36,36,0,1
2023-06-21,1,1011010402,水生根茎类,1,27.178,0.0,27.178,71,71,0,6
2023-06-21,1,1011010501,茄类,1,24.123,0.0,24.123,44,44,0,5
2023-06-21,1,1011010504,辣椒类,1,91.365,0.0,91.365,124,124,0,10
2023-06-21,1,1011010801,食用菌,1,63.364,0.0,63.364,77,77,0,6
2023-06-22,1,1011010101,花叶类,1,171.919,0.0,171.919,278,278,0,15
2023-06-22,1,1011010201,花菜类,1,17.912,0.0,17.912,38,38,0,1
2023-06-22,1,1011010402,水生根茎类,1,38.77,0.0,38.77,88,88,0,6
2023-06-22,1,1011010501,茄类,1,33.866,0.0,33.866,63,63,0,5
2023-06-22,1,1011010504,辣椒类,1,114.288,0.0,114.288,178,178,0,10
2023-06-22,1,1011010801,食用菌,1,77.476,0.0,77.476,114,114,0,6
2023-06-23,1,1011010101,花叶类,1,178.718,0.0,178.718,260,260,0,13
2023-06-23,1,1011010201,花菜类,1,9.279,0.0,9.279,22,22,0,1
2023-06-23,1,1011010402,水生根茎类,1,18.677,0.0,18.677,50,50,0,5
2023-06-23,1,1011010501,茄类,1,25.398,0.0,25.398,51,51,0,5
2023-06-23,1,1011010504,辣椒类,1,88.349,0.0,88.349,137,137,0,8
2023-06-23,1,1011010801,食用菌,1,55.417,0.0,55.417,73,73,0,5
2023-06-24,1,1011010101,花叶类,1,161.495,0.0,161.495,252,252,0,14
2023-06-24,1,1011010201,花菜类,1,11.548,0.0,11.548,27,27,0,2
2023-06-24,1,1011010402,水生根茎类,1,16.054,0.0,16.054,39,39,0,5
2023-06-24,1,1011010501,茄类,1,28.369,0.0,28.369,57,57,0,4
2023-06-24,1,1011010504,辣椒类,1,94.187,0.0,94.187,164,164,0,10
2023-06-24,1,1011010801,食用菌,1,54.18,0.0,54.18,80,80,0,6
2023-06-25,1,1011010101,花叶类,1,108.895,0.0,108.895,174,174,0,13
2023-06-25,1,1011010201,花菜类,1,10.681,0.0,10.681,26,26,0,1
2023-06-25,1,1011010402,水生根茎类,1,16.5,0.0,16.5,43,43,0,6
2023-06-25,1,1011010501,茄类,1,23.315,0.0,23.315,45,45,0,4
2023-06-25,1,1011010504,辣椒类,1,69.658,0.0,69.658,109,109,0,9
2023-06-25,1,1011010801,食用菌,1,35.271,0.0,35.271,52,52,0,5
2023-06-26,1,1011010101,花叶类,1,80.524,0.0,80.524,168,168,0,14
2023-06-26,1,1011010201,花菜类,1,8.083,0.0,8.083,20,20,0,1
2023-06-26,1,1011010402,水生根茎类,1,10.384,0.0,10.384,23,23,0,5
2023-06-26,1,1011010501,茄类,1,21.224,0.0,21.224,37,37,0,3
2023-06-26,1,1011010504,辣椒类,1,72.185,0.0,72.185,115,115,0,10
2023-06-26,1,1011010801,食用菌,1,39.582,0.0,39.582,57,57,0,8
2023-06-27,1,1011010101,花叶类,1,127.278,0.0,127.278,196,196,0,16
2023-06-27,1,1011010201,花菜类,1,14.272,0.0,14.272,28,28,0,1
2023-06-27,1,1011010402,水生根茎类,1,16.454,0.0,16.454,47,47,0,7
2023-06-27,1,1011010501,茄类,1,8.415,0.0,8.415,21,21,0,5
2023-06-27,1,1011010504,辣椒类,1,67.12,0.0,67.12,108,108,0,9
2023-06-27,1,1011010801,食用菌,1,38.708,0.0,38.708,57,57,0,6
2023-06-28,1,1011010101,花叶类,1,130.182,0.0,130.182,194,194,0,12
2023-06-28,1,1011010201,花菜类,1,16.069,0.0,16.069,36,36,0,2
2023-06-28,1,1011010402,水生根茎类,1,14.946,0.0,14.946,37,37,0,5
2023-06-28,1,1011010501,茄类,1,15.651,0.0,15.651,29,29,0,4
2023-06-28,1,1011010504,辣椒类,1,68.534,0.0,68.534,106,106,0,9
2023-06-28,1,1011010801,食用菌,1,53.742,0.0,53.742,72,72,0,6
2023-06-29,1,1011010101,花叶类,1,135.09,0.0,135.09,200,200,0,13
2023-06-29,1,1011010201,花菜类,1,24.367,0.0,24.367,52,52,0,2
2023-06-29,1,1011010402,水生根茎类,1,22.945,0.0,22.945,54,54,0,7
2023-06-29,1,1011010501,茄类,1,11.511,0.0,11.511,23,23,0,5
2023-06-29,1,1011010504,辣椒类,1,89.113,0.0,89.113,134,134,0,9
2023-06-29,1,1011010801,食用菌,1,48.314,0.0,48.314,66,66,0,6
2023-06-30,1,1011010101,花叶类,1,130.464,0.0,130.464,194,194,0,12
2023-06-30,1,1011010201,花菜类,1,28.087,0.0,28.087,61,61,0,2
2023-06-30,1,1011010402,水生根茎类,1,19.419,0.0,19.419,51,51,0,7
2023-06-30,1,1011010501,茄类,1,24.53,0.0,24.53,47,47,0,3
2023-06-30,1,1011010504,辣椒类,1,82.286,0.0,82.286,132,132,0,8
2023-06-30,1,1011010801,食用菌,1,39.572,0.0,39.572,69,69,0,7
