销售日期,品类,当日单品数,单品数,销量集中度HHI,前三单品销量占比,固定篮子覆盖率,当前权重与基准权重距离,前一日销量集中度HHI,前一日前三单品销量占比,前一日当前权重与基准权重距离
2020-07-01,水生根茎类,2.0,2,0.7439907322776067,1.0,0.0,,,,
2020-07-02,水生根茎类,2.0,2,0.8941175803402648,1.0,1.0,0.09463469296279693,0.7439907322776067,1.0,
2020-07-03,水生根茎类,1.0,1,1.0,1.0,0.8953439153439153,0.10465608465608468,0.8941175803402648,1.0,0.09463469296279693
2020-07-04,水生根茎类,2.0,2,0.5101516185749106,1.0,1.0,0.35739886454172165,1.0,1.0,0.10465608465608468
2020-07-05,水生根茎类,1.0,1,1.0,1.0,0.8279185450023318,0.17208145499766828,0.5101516185749106,1.0,0.35739886454172165
2020-07-06,水生根茎类,1.0,1,1.0,1.0,0.8575778368642252,0.14242216313577488,1.0,1.0,0.17208145499766828
2020-07-07,水生根茎类,1.0,1,1.0,1.0,0.8723968339352954,0.12760316606470457,1.0,1.0,0.14242216313577488
2020-07-08,水生根茎类,2.0,2,0.6533446611987932,1.0,0.886044676251587,0.7768976897689769,1.0,1.0,0.12760316606470457
2020-07-09,水生根茎类,1.0,1,1.0,1.0,0.7091677568682702,0.2908322431317299,0.6533446611987932,1.0,0.7768976897689769
2020-07-10,水生根茎类,2.0,2,0.5854937856231377,1.0000000000000002,0.9206527452573232,0.5099022590810263,1.0,1.0,0.2908322431317299
2020-07-11,水生根茎类,2.0,2,0.682797716983456,1.0,0.9344129554655871,0.5170454589393609,0.5854937856231377,1.0000000000000002,0.5099022590810263
2020-07-12,水生根茎类,3.0,3,0.48879497774727976,1.0,1.0,0.4407182440681655,0.682797716983456,1.0,0.5170454589393609
2020-07-13,水生根茎类,2.0,2,0.6450345019142467,1.0,0.9181784733818242,0.36390437280755117,0.48879497774727976,1.0,0.4407182440681655
2020-07-14,水生根茎类,2.0,2,0.7416734286651743,1.0,0.9286243333991705,0.39577149444299686,0.6450345019142467,1.0,0.36390437280755117
2020-07-15,水生根茎类,2.0,2,0.7260520686038051,1.0,0.9355335042925632,0.3460384694794638,0.7416734286651743,1.0,0.39577149444299686
2020-07-16,水生根茎类,2.0,2,0.6360100873835965,1.0,0.941775338603293,0.23711833380658054,0.7260520686038051,1.0,0.3460384694794638
2020-07-17,水生根茎类,2.0,2,0.60394623624675,1.0,0.9471905596960397,0.1822633628105365,0.6360100873835965,1.0,0.23711833380658054
2020-07-18,水生根茎类,2.0,2,0.7324636939037608,1.0,0.9519028407436676,0.2789514616193901,0.60394623624675,1.0,0.1822633628105365
2020-07-19,水生根茎类,2.0,2,0.6486998945229178,1.0,0.9546356810532179,0.19484562009836753,0.7324636939037608,1.0,0.2789514616193901
2020-07-20,水生根茎类,2.0,2,0.606292095928284,1.0,0.9573790551448095,0.1409248723514871,0.6486998945229178,1.0,0.19484562009836753
2020-07-21,水生根茎类,3.0,3,0.48033614523159657,1.0,1.0000000000000002,0.19083487704999524,0.606292095928284,1.0,0.1409248723514871
2020-07-22,水生根茎类,3.0,3,0.47897311983423563,1.0,1.0,0.09553571670127829,0.48033614523159657,1.0,0.19083487704999524
2020-07-23,水生根茎类,3.0,3,0.4743795266757068,1.0,0.9457642016037758,0.6160243329611519,0.47897311983423563,1.0,0.09553571670127829
2020-07-24,水生根茎类,3.0,3,0.5235417712303161,0.9999999999999999,0.9167018080913781,0.18816357351382057,0.4743795266757068,1.0,0.6160243329611519
2020-07-25,水生根茎类,2.0,2,0.7223405041747377,1.0,0.8708042784540835,0.26467030940174285,0.5235417712303161,0.9999999999999999,0.18816357351382057
2020-07-26,水生根茎类,3.0,3,0.39700520601236855,1.0,0.9240193750593597,0.16416017262982574,0.7223405041747377,1.0,0.26467030940174285
2020-07-27,水生根茎类,3.0,3,0.6543986317482337,1.0,0.927801417799658,0.2563407715161974,0.39700520601236855,1.0,0.16416017262982574
2020-07-28,水生根茎类,2.0,2,0.7447098875328402,1.0,0.8734787667981534,0.2584137020397822,0.6543986317482337,1.0,0.2563407715161974
2020-07-29,水生根茎类,2.0,2,0.7972361303151583,0.9999999999999999,0.8802727037824731,0.28025482429828175,0.7447098875328402,1.0,0.2584137020397822
2020-07-30,水生根茎类,2.0,2,0.8585362604722873,0.9999999999999999,0.888290079337114,0.2993784782959105,0.7972361303151583,0.9999999999999999,0.28025482429828175
2020-07-31,水生根茎类,2.0,2,0.8805551226513626,1.0,0.8916326347036072,0.30322804230094214,0.8585362604722873,0.9999999999999999,0.2993784782959105
2020-08-01,水生根茎类,2.0,2,0.8381777692497463,0.9999999999999999,0.8985881536902289,0.2587614889695755,0.8805551226513626,1.0,0.30322804230094214
2020-08-02,水生根茎类,3.0,3,0.9174696985221626,1.0,0.9493810248444258,0.2892749765534932,0.8381777692497463,0.9999999999999999,0.2587614889695755
2020-08-03,水生根茎类,3.0,3,0.6889384594703979,1.0,0.9563272291537583,0.12809122140534734,0.9174696985221626,1.0,0.2892749765534932
2020-08-04,水生根茎类,3.0,3,0.8030400038398549,1.0,0.9581059709464909,0.18796414565510386,0.6889384594703979,1.0,0.12809122140534734
2020-08-05,水生根茎类,3.0,3,0.7848008105829651,1.0,0.960796228597191,0.1616964983786055,0.8030400038398549,1.0,0.18796414565510386
2020-08-06,水生根茎类,3.0,3,0.908290852706771,1.0,0.9627539713578039,0.2206706706439735,0.7848008105829651,1.0,0.1616964983786055
2020-08-07,水生根茎类,4.0,4,0.7023262792977903,0.9739523903206768,0.9643407155481166,0.13452783926997405,0.908290852706771,1.0,0.2206706706439735
2020-08-08,水生根茎类,4.0,4,0.6695262074255421,0.9422453661556389,0.9662522726985106,0.1523080947437605,0.7023262792977903,0.9739523903206768,0.13452783926997405
2020-08-09,水生根茎类,3.0,3,0.7585698006887195,1.0,0.9628663767751865,0.11769098625602341,0.6695262074255421,0.9422453661556389,0.1523080947437605
2020-08-10,水生根茎类,4.0,4,0.6201441418302428,0.9799237362708992,0.9646897341445058,0.1718861056880266,0.7585698006887195,1.0,0.11769098625602341
2020-08-11,水生根茎类,4.0,4,0.6745638898461042,0.9513236116051014,0.9666308340051958,0.1400263145481821,0.6201441418302428,0.9799237362708992,0.1718861056880266
2020-08-12,水生根茎类,4.0,4,0.6670289515436089,0.9737525132516909,0.9677673921959878,0.16778830552902846,0.6745638898461042,0.9513236116051014,0.1400263145481821
2020-08-13,水生根茎类,3.0,3,0.7335413963611552,0.9999999999999999,0.9537282752740479,0.13769031022740538,0.6670289515436089,0.9737525132516909,0.16778830552902846
2020-08-14,水生根茎类,4.0,4,0.5568676360190797,0.9865626354573038,0.9807801316231926,0.24112660452632914,0.7335413963611552,0.9999999999999999,0.13769031022740538
2020-08-15,水生根茎类,3.0,3,0.7706310814350196,1.0,0.94499168068498,0.1419402408856139,0.5568676360190797,0.9865626354573038,0.24112660452632914
2020-08-16,水生根茎类,3.0,3,0.8151633006148131,0.9999999999999999,0.9470655435695141,0.13583349228758926,0.7706310814350196,1.0,0.1419402408856139
2020-08-17,水生根茎类,3.0,3,0.7147449420465234,1.0,0.9489027060858903,0.09155743138314726,0.8151633006148131,0.9999999999999999,0.13583349228758926
2020-08-18,水生根茎类,3.0,3,0.8694829111475736,1.0,0.9500314359352295,0.1608070168498945,0.7147449420465234,1.0,0.09155743138314726
2020-08-19,水生根茎类,3.0,3,0.7913380808652944,1.0,0.9514958249468519,0.13311832943504703,0.8694829111475736,1.0,0.1608070168498945
2020-08-20,水生根茎类,3.0,3,0.8317462526284365,1.0,0.9526410914792639,0.13199243303287703,0.7913380808652944,1.0,0.13311832943504703
2020-08-21,水生根茎类,4.0,4,0.5190145340100311,0.9832360252037691,0.9846740604355055,0.2583898301364087,0.8317462526284365,1.0,0.13199243303287703
2020-08-22,水生根茎类,3.0,3,0.4634284905221781,0.9999999999999999,0.8613453496050283,0.402639868161386,0.5190145340100311,0.9832360252037691,0.2583898301364087
2020-08-23,水生根茎类,4.0,4,0.46669278155419797,0.975530321123825,0.9860519759410238,0.3292316949486711,0.4634284905221781,0.9999999999999999,0.402639868161386
2020-08-24,水生根茎类,3.0,3,0.8100668717352182,1.0,0.9084467504734677,0.14542900806686132,0.46669278155419797,0.975530321123825,0.3292316949486711
2020-08-25,水生根茎类,3.0,3,0.7070594863430095,0.9999999999999999,0.9104523181222853,0.10653468679156275,0.8100668717352182,1.0,0.14542900806686132
2020-08-26,水生根茎类,3.0,3,0.77773862894299,1.0,0.9123494154022912,0.1415054059707303,0.7070594863430095,0.9999999999999999,0.10653468679156275
2020-08-27,水生根茎类,4.0,4,0.5595857788820423,0.9391389131215683,0.9140689866511513,0.13104249763478804,0.77773862894299,1.0,0.1415054059707303
2020-08-28,水生根茎类,4.0,4,0.5390135370851494,0.9785207410582464,0.9157683123725788,0.1420375185135907,0.5595857788820423,0.9391389131215683,0.13104249763478804
2020-08-29,水生根茎类,2.0,2,0.9790731570562681,1.0,0.8028119752387197,0.23115326264162273,0.5390135370851494,0.9785207410582464,0.1420375185135907
2020-08-30,水生根茎类,3.0,3,0.8110152801561903,1.0,0.9201006506103201,0.1347261863425267,0.9790731570562681,1.0,0.23115326264162273
2020-08-31,水生根茎类,3.0,3,0.9260458741011292,1.0,0.9222756795547931,0.18605781686246767,0.8110152801561903,1.0,0.1347261863425267
2020-09-01,水生根茎类,3.0,3,0.9146307420366475,0.9999999999999999,0.9258382690806093,0.1714561151253699,0.9260458741011292,1.0,0.18605781686246767
2020-09-02,水生根茎类,3.0,3,0.8323017179215596,1.0,0.9287766578319903,0.1175671570042652,0.9146307420366475,0.9999999999999999,0.1714561151253699
2020-09-03,水生根茎类,2.0,2,0.8512976268573269,1.0,0.8895817991328474,0.12618764227032622,0.8323017179215596,1.0,0.1175671570042652
2020-09-04,水生根茎类,2.0,2,0.670252874510262,1.0,0.8910099104686147,0.11177493909620156,0.8512976268573269,1.0,0.12618764227032622
2020-09-05,水生根茎类,2.0,2,0.9213496605687912,1.0,0.8924564068523575,0.16448103730380537,0.670252874510262,1.0,0.11177493909620156
2020-09-06,水生根茎类,2.0,2,0.961593069749086,1.0,0.8959876909971124,0.18049976485214075,0.9213496605687912,1.0,0.16448103730380537
2020-09-07,水生根茎类,2.0,2,0.927534596009431,1.0,0.8992963233849394,0.15669494351224625,0.961593069749086,1.0,0.18049976485214075
2020-09-08,水生根茎类,1.0,1,1.0,1.0,0.8099460119311453,0.19005398806885476,0.927534596009431,1.0,0.15669494351224625
2020-09-09,水生根茎类,2.0,2,0.8688487500104891,0.9999999999999999,0.9033967651289239,0.11689539498769386,1.0,1.0,0.19005398806885476
2020-09-10,水生根茎类,2.0,2,0.8981481897671433,1.0,0.9042314201310392,0.13261602473217313,0.8688487500104891,0.9999999999999999,0.11689539498769386
2020-09-11,水生根茎类,2.0,2,0.9082660613901405,1.0,0.9052074176693552,0.13689814107575934,0.8981481897671433,1.0,0.13261602473217313
2020-09-12,水生根茎类,1.0,1,1.0,1.0,0.8161872794128915,0.18381272058710846,0.9082660613901405,1.0,0.13689814107575934
2020-09-13,水生根茎类,3.0,3,0.7538952635018459,1.0000000000000002,0.9089938863798955,0.12371953489479258,1.0,1.0,0.18381272058710846
2020-09-14,水生根茎类,2.0,2,0.876894611607111,1.0,0.9073341173431584,0.11520736919539486,0.7538952635018459,1.0000000000000002,0.12371953489479258
2020-09-15,水生根茎类,2.0,2,0.6215766554985233,1.0,0.9084149685138243,0.16527372436835785,0.876894611607111,1.0,0.11520736919539486
2020-09-16,水生根茎类,2.0,2,0.8249840985138897,1.0,0.9095824627731901,0.09041753722680994,0.6215766554985233,1.0,0.16527372436835785
2020-09-17,水生根茎类,1.0,1,1.0,1.0,0.8201550601352063,0.17984493986479358,0.8249840985138897,1.0,0.09041753722680994
2020-09-18,水生根茎类,2.0,2,0.8033499843854706,0.9999999999999999,0.9115156031333491,0.08848439686665088,1.0,1.0,0.17984493986479358
2020-09-19,水生根茎类,2.0,2,0.9460022916679838,1.0,0.9121649354339658,0.14954574341886415,0.8033499843854706,0.9999999999999999,0.08848439686665088
2020-09-20,水生根茎类,2.0,2,0.9411124570274862,1.0,0.914341262580055,0.14324455617543816,0.9460022916679838,1.0,0.14954574341886415
2020-09-21,水生根茎类,1.0,1,1.0,1.0,0.8298632890219803,0.17013671097801972,0.9411124570274862,1.0,0.14324455617543816
2020-09-22,水生根茎类,2.0,2,0.9303018279969142,1.0,0.9172450050022827,0.13229792565572507,1.0,1.0,0.17013671097801972
2020-09-23,水生根茎类,2.0,2,0.86593509644623,1.0,0.9191017983972047,0.09323295586466689,0.9303018279969142,1.0,0.13229792565572507
2020-09-24,水生根茎类,2.0,2,0.9671200052101967,0.9999999999999999,0.9199863824591987,0.14774689556322987,0.86593509644623,1.0,0.09323295586466689
2020-09-25,水生根茎类,2.0,2,0.8119012758631443,1.0,0.9221189976558801,0.07788100234412003,0.9671200052101967,0.9999999999999999,0.14774689556322987
2020-09-26,水生根茎类,2.0,2,0.9155318174661677,0.9999999999999999,0.9231174872495091,0.11563126569116504,0.8119012758631443,1.0,0.07788100234412003
2020-09-27,水生根茎类,2.0,2,0.920508911919218,0.9999999999999999,0.9258663061442355,0.11421870466618975,0.9155318174661677,0.9999999999999999,0.11563126569116504
2020-09-28,水生根茎类,2.0,2,0.8604728701279378,1.0,0.9269895270852906,0.07849564319299701,0.920508911919218,0.9999999999999999,0.11421870466618975
2020-09-29,水生根茎类,2.0,2,0.9358262971530944,1.0,0.9274504074854055,0.12026920313076302,0.8604728701279378,1.0,0.07849564319299701
2020-09-30,水生根茎类,2.0,2,0.9364664191171008,0.9999999999999999,0.9283704780310839,0.11908664487496984,0.9358262971530944,1.0,0.12026920313076302
2020-10-01,水生根茎类,2.0,2,0.937250000875897,1.0,0.9297307077497877,0.11724436392480386,0.9364664191171008,0.9999999999999999,0.11908664487496984
2020-10-02,水生根茎类,2.0,2,0.7289087554690481,1.0,0.9316802093727587,0.08359062911385616,0.937250000875897,1.0,0.11724436392480386
2020-10-03,水生根茎类,2.0,2,0.9121202809119027,1.0,0.9324229733534799,0.10052259408911048,0.7289087554690481,1.0,0.08359062911385616
2020-10-04,水生根茎类,2.0,2,0.9161729282112696,1.0,0.9330369927902694,0.10183570034936464,0.9121202809119027,1.0,0.10052259408911048
2020-10-05,水生根茎类,2.0,2,0.9257435234501303,1.0,0.9336643998102166,0.10609688125623651,0.9161729282112696,1.0,0.10183570034936464
2020-10-06,水生根茎类,2.0,2,0.9587678674761346,1.0,0.9361426543066163,0.11969332069694069,0.9257435234501303,1.0,0.10609688125623651
2020-10-07,水生根茎类,2.0,2,0.971570793112164,1.0,0.936904741517169,0.12490183158009954,0.9587678674761346,1.0,0.11969332069694069
2020-10-08,水生根茎类,2.0,2,0.9170080938257663,1.0,0.9383896280454238,0.0930074354266811,0.971570793112164,1.0,0.12490183158009954
2020-10-09,水生根茎类,2.0,2,0.9716194626021564,0.9999999999999999,0.9392666807453128,0.12066343868469505,0.9170080938257663,1.0,0.0930074354266811
2020-10-10,水生根茎类,2.0,2,0.9760969761123781,1.0,0.9404659897368708,0.12058036957020653,0.9716194626021564,0.9999999999999999,0.12066343868469505
2020-10-11,水生根茎类,2.0,2,0.9775057627318424,1.0,0.941034336583298,0.12015056411542441,0.9760969761123781,1.0,0.12058036957020653
2020-10-12,水生根茎类,2.0,2,0.8849212178398798,1.0,0.9424586214771113,0.06732826097438599,0.9775057627318424,1.0,0.12015056411542441
2020-10-13,水生根茎类,2.0,2,0.9656703115246525,1.0,0.9431774413800348,0.1103138075814899,0.8849212178398798,1.0,0.06732826097438599
2020-10-14,水生根茎类,1.0,1,1.0,1.0,0.8743279902364633,0.12567200976353674,0.9656703115246525,1.0,0.1103138075814899
2020-10-15,水生根茎类,1.0,1,1.0,1.0,0.8766581783132066,0.12334182168679343,1.0,1.0,0.12567200976353674
2020-10-16,水生根茎类,1.0,1,1.0,1.0,0.8783835701316414,0.12161642986835865,1.0,1.0,0.12334182168679343
2020-10-17,水生根茎类,1.0,1,1.0,1.0,0.8808715819271662,0.1191284180728337,1.0,1.0,0.12161642986835865
2020-10-18,水生根茎类,1.0,1,1.0,1.0,0.8846591442112491,0.11534085578875086,1.0,1.0,0.1191284180728337
2020-10-19,水生根茎类,1.0,1,1.0,1.0,0.8878166337946126,0.11218336620538735,1.0,1.0,0.11534085578875086
2020-10-20,水生根茎类,1.0,1,1.0,1.0,0.8894061661658204,0.11059383383417963,1.0,1.0,0.11218336620538735
2020-10-21,水生根茎类,1.0,1,1.0,1.0,0.8912230833993048,0.10877691660069527,1.0,1.0,0.11059383383417963
2020-10-22,水生根茎类,1.0,1,1.0,1.0,0.8919029840773247,0.10809701592267536,1.0,1.0,0.10877691660069527
2020-10-23,水生根茎类,2.0,2,0.9844950159725678,0.9999999999999999,0.9525388369407294,0.09920299192728345,1.0,1.0,0.10809701592267536
2020-10-24,水生根茎类,1.0,1,1.0,1.0,0.8940071650352893,0.10599283496471067,0.9844950159725678,0.9999999999999999,0.09920299192728345
2020-10-25,水生根茎类,1.0,1,1.0,1.0,0.8961806065331154,0.10381939346688468,1.0,1.0,0.10599283496471067
2020-10-26,水生根茎类,1.0,1,1.0,1.0,0.898344903662838,0.10165509633716203,1.0,1.0,0.10381939346688468
2020-10-27,水生根茎类,1.0,1,1.0,1.0,0.8990344486228001,0.10096555137719987,1.0,1.0,0.10165509633716203
2020-10-28,水生根茎类,1.0,1,1.0,1.0,0.8997176117425526,0.10028238825744738,1.0,1.0,0.10096555137719987
2020-10-29,水生根茎类,1.0,1,1.0,1.0,0.9001934761892556,0.09980652381074441,1.0,1.0,0.10028238825744738
2020-10-30,水生根茎类,1.0,1,1.0,1.0,0.9007034208442535,0.09929657915574654,1.0,1.0,0.09980652381074441
2020-10-31,水生根茎类,1.0,1,1.0,1.0,0.901246271938977,0.09875372806102305,1.0,1.0,0.09929657915574654
2020-11-01,水生根茎类,1.0,1,1.0,1.0,0.9035246873640602,0.09647531263593978,1.0,1.0,0.09875372806102305
2020-11-02,水生根茎类,1.0,1,1.0,1.0,0.9051569868974091,0.09484301310259093,1.0,1.0,0.09647531263593978
2020-11-03,水生根茎类,1.0,1,1.0,1.0,0.9055951406542083,0.0944048593457917,1.0,1.0,0.09484301310259093
2020-11-04,水生根茎类,1.0,1,1.0,1.0,0.9060058625828425,0.09399413741715741,1.0,1.0,0.0944048593457917
2020-11-05,水生根茎类,1.0,1,1.0,1.0,0.9065252178648245,0.09347478213517553,1.0,1.0,0.09399413741715741
2020-11-06,水生根茎类,1.0,1,1.0,1.0,0.906761713399425,0.09323828660057494,1.0,1.0,0.09347478213517553
2020-11-07,水生根茎类,1.0,1,1.0,1.0,0.9070875540932348,0.09291244590676523,1.0,1.0,0.09323828660057494
2020-11-08,水生根茎类,1.0,1,1.0,1.0,0.908755180235564,0.09124481976443596,1.0,1.0,0.09291244590676523
2020-11-09,水生根茎类,1.0,1,1.0,1.0,0.910235148792944,0.08976485120705596,1.0,1.0,0.09124481976443596
2020-11-10,水生根茎类,1.0,1,1.0,1.0,0.9105850008880253,0.08941499911197467,1.0,1.0,0.08976485120705596
2020-11-11,水生根茎类,2.0,2,0.7364635530237922,1.0,0.9108419103048291,0.15615152099813492,1.0,1.0,0.08941499911197467
2020-11-12,水生根茎类,2.0,2,0.7881185804672104,1.0,0.911241924021238,0.11974798286286986,0.7364635530237922,1.0,0.15615152099813492
2020-11-13,水生根茎类,2.0,2,0.8966757777678969,1.0,0.9116103588233181,0.08838964117668194,0.7881185804672104,1.0,0.11974798286286986
2020-11-14,水生根茎类,1.0,1,1.0,1.0,0.9105431968422969,0.08945680315770312,0.8966757777678969,1.0,0.08838964117668194
2020-11-15,水生根茎类,1.0,1,1.0,1.0,0.9118479992394658,0.0881520007605342,1.0,1.0,0.08945680315770312
2020-11-16,水生根茎类,1.0,1,1.0,1.0,0.9128128951471328,0.0871871048528672,1.0,1.0,0.0881520007605342
2020-11-17,水生根茎类,1.0,1,1.0,1.0,0.9131520861253114,0.08684791387468856,1.0,1.0,0.0871871048528672
2020-11-18,水生根茎类,1.0,1,1.0,1.0,0.9136468382060954,0.08635316179390458,1.0,1.0,0.08684791387468856
2020-11-19,水生根茎类,2.0,2,0.5526937376678583,1.0,0.915384884112113,0.33634017112918907,1.0,1.0,0.08635316179390458
2020-11-20,水生根茎类,2.0,2,0.8465026152592323,1.0,0.9158108359607637,0.08418916403923633,0.5526937376678583,1.0,0.33634017112918907
2020-11-21,水生根茎类,2.0,2,0.9130203642167429,1.0,0.9162837697899602,0.0837162302100398,0.8465026152592323,1.0,0.08418916403923633
2020-11-22,水生根茎类,1.0,1,1.0,1.0,0.9138082659690736,0.08619173403092646,0.9130203642167429,1.0,0.0837162302100398
2020-11-23,水生根茎类,1.0,1,1.0,1.0,0.915326726888093,0.08467327311190702,1.0,1.0,0.08619173403092646
2020-11-24,水生根茎类,1.0,1,1.0,1.0,0.9160924950699435,0.08390750493005647,1.0,1.0,0.08467327311190702
2020-11-25,水生根茎类,1.0,1,1.0,1.0,0.916962404822538,0.08303759517746206,1.0,1.0,0.08390750493005647
2020-11-26,水生根茎类,1.0,1,1.0,1.0,0.917632592327945,0.08236740767205496,1.0,1.0,0.08303759517746206
2020-11-27,水生根茎类,1.0,1,1.0,1.0,0.9181332093836877,0.08186679061631236,1.0,1.0,0.08236740767205496
2020-11-28,水生根茎类,1.0,1,1.0,1.0,0.9185461228445296,0.0814538771554704,1.0,1.0,0.08186679061631236
2020-11-29,水生根茎类,1.0,1,1.0,1.0,0.9191605403143865,0.08083945968561351,1.0,1.0,0.0814538771554704
2020-11-30,水生根茎类,1.0,1,1.0,1.0,0.919789648163276,0.0802103518367239,1.0,1.0,0.08083945968561351
2020-12-01,水生根茎类,1.0,1,1.0,1.0,0.9201075844952509,0.0798924155047491,1.0,1.0,0.0802103518367239
2020-12-02,水生根茎类,2.0,2,0.7824066301330139,1.0,0.9205967219723351,0.1242297043851032,1.0,1.0,0.0798924155047491
2020-12-03,水生根茎类,2.0,2,0.5159735699440452,1.0,0.9210293149529177,0.40995437611981383,0.7824066301330139,1.0,0.1242297043851032
2020-12-04,水生根茎类,2.0,2,0.541727631785715,1.0,0.9216112336801758,0.6407454443824859,0.5159735699440452,1.0,0.40995437611981383
2020-12-05,水生根茎类,2.0,2,0.6577261548930078,1.0,0.9228645935067731,0.20523172050561753,0.541727631785715,1.0,0.6407454443824859
2020-12-06,水生根茎类,2.0,2,0.5598030265392788,1.0,0.9235867697857408,0.3112154152626573,0.6577261548930078,1.0,0.20523172050561753
2020-12-07,水生根茎类,2.0,2,0.5906852775871634,1.0,0.9251596380431013,0.2647918755184197,0.5598030265392788,1.0,0.3112154152626573
2020-12-08,水生根茎类,3.0,3,0.4394951464785313,1.0,0.9299097277888845,0.5175891112281464,0.5906852775871634,1.0,0.2647918755184197
2020-12-09,水生根茎类,3.0,3,0.7023336221816656,0.9999999999999999,0.9310074986144621,0.1336210936479555,0.4394951464785313,1.0,0.5175891112281464
2020-12-10,水生根茎类,3.0,3,0.7316239954255618,1.0,0.9313234513690234,0.11751974982103221,0.7023336221816656,0.9999999999999999,0.1336210936479555
2020-12-11,水生根茎类,3.0,3,0.6520141123946637,1.0,0.9318502156771954,0.17118026154049157,0.7316239954255618,1.0,0.11751974982103221
2020-12-12,水生根茎类,3.0,3,0.6608150829599589,0.9999999999999999,0.9326813317062836,0.16602993073420008,0.6520141123946637,1.0,0.17118026154049157
2020-12-13,水生根茎类,3.0,3,0.5466100970985862,1.0,0.9336900823444376,0.2537403767114365,0.6608150829599589,0.9999999999999999,0.16602993073420008
2020-12-14,水生根茎类,2.0,2,0.5245334104250625,1.0,0.9272913546865817,0.5707866240581515,0.5466100970985862,1.0,0.2537403767114365
2020-12-15,水生根茎类,4.0,4,0.5303810621696737,0.9965784671532849,0.9712113986962999,0.23821221734622539,0.5245334104250625,1.0,0.5707866240581515
2020-12-16,水生根茎类,3.0,3,0.4821679449388593,1.0,0.935060528557111,0.3222326239115194,0.5303810621696737,0.9965784671532849,0.23821221734622539
2020-12-17,水生根茎类,2.0,2,0.5725172567055506,1.0,0.9275979463440381,0.26281329175577484,0.4821679449388593,1.0,0.3222326239115194
2020-12-18,水生根茎类,3.0,3,0.41847773513927006,1.0,0.9282205767118079,0.3994928168436674,0.5725172567055506,1.0,0.26281329175577484
2020-12-19,水生根茎类,3.0,3,0.4399796330360266,1.0,0.9290280726778299,0.38856066631249114,0.41847773513927006,1.0,0.3994928168436674
2020-12-20,水生根茎类,3.0,3,0.4292128013011988,1.0,0.9302591142891333,0.35506709057585745,0.4399796330360266,1.0,0.38856066631249114
2020-12-21,水生根茎类,3.0,3,0.6045201980926077,1.0,0.9313036074082542,0.1869907452589595,0.4292128013011988,1.0,0.35506709057585745
2020-12-22,水生根茎类,2.0,2,0.6516952357128707,1.0,0.9196470058103767,0.1695900907733006,0.6045201980926077,1.0,0.1869907452589595
2020-12-23,水生根茎类,2.0,2,0.5917045113756361,1.0,0.9202353432585986,0.22962143139247534,0.6516952357128707,1.0,0.1695900907733006
2020-12-24,水生根茎类,2.0,2,0.605374370106728,1.0,0.9207888876822075,0.2126224284448776,0.5917045113756361,1.0,0.22962143139247534
2020-12-25,水生根茎类,3.0,3,0.3545493261938452,1.0,0.9335695241531372,0.47868578382798704,0.605374370106728,1.0,0.2126224284448776
2020-12-26,水生根茎类,4.0,4,0.3432053677550291,0.9841682305952553,0.9671176004912437,0.46363639362288167,0.3545493261938452,1.0,0.47868578382798704
2020-12-27,水生根茎类,3.0,3,0.3962136274420553,1.0,0.935280205735218,0.3985694918159417,0.3432053677550291,0.9841682305952553,0.46363639362288167
2020-12-28,水生根茎类,3.0,3,0.427075634064934,1.0,0.936374776082175,0.32594427054680786,0.3962136274420553,1.0,0.3985694918159417
2020-12-29,水生根茎类,4.0,4,0.4628941566878103,0.9957236145088897,0.9440820052104462,0.2706304921223817,0.427075634064934,1.0,0.32594427054680786
2020-12-30,水生根茎类,4.0,4,0.3540202780657268,0.9572299791365753,0.9447536148453547,0.3990268024621836,0.4628941566878103,0.9957236145088897,0.2706304921223817
2020-12-31,水生根茎类,4.0,4,0.5338229704089771,0.9801292629262927,0.9456262155056883,0.18680614757728797,0.3540202780657268,0.9572299791365753,0.3990268024621836
2021-01-01,水生根茎类,3.0,3,0.5907898813839936,1.0000000000000002,0.9389732038281621,0.16364598588748125,0.5338229704089771,0.9801292629262927,0.18680614757728797
2021-01-02,水生根茎类,3.0,3,0.4118604908715586,1.0,0.9400573731691468,0.3324268891444388,0.5907898813839936,1.0000000000000002,0.16364598588748125
2021-01-03,水生根茎类,3.0,3,0.45382822507746584,1.0,0.9411026223862299,0.2822543352862943,0.4118604908715586,1.0,0.3324268891444388
2021-01-04,水生根茎类,4.0,4,0.3412298543407942,0.954504161294104,0.9491015573805753,0.4551371323155496,0.45382822507746584,1.0,0.2822543352862943
2021-01-05,水生根茎类,4.0,4,0.32633562333130756,0.982511442160998,0.9497338549100109,0.4910269824918269,0.3412298543407942,0.954504161294104,0.4551371323155496
2021-01-06,水生根茎类,4.0,4,0.3876067116781697,0.9923974965899062,0.950524822514079,0.334465410765906,0.32633562333130756,0.982511442160998,0.4910269824918269
2021-01-07,水生根茎类,3.0,3,0.5463980258758044,1.0,0.9432179899337458,0.21292981545139447,0.3876067116781697,0.9923974965899062,0.334465410765906
2021-01-08,水生根茎类,3.0,3,0.3379226762730503,1.0,0.9437475151635181,0.48600686241000923,0.5463980258758044,1.0,0.21292981545139447
2021-01-09,水生根茎类,3.0,3,0.38955350873238964,0.9999999999999999,0.9443449585296823,0.4227669342464716,0.3379226762730503,1.0,0.48600686241000923
2021-01-10,水生根茎类,3.0,3,0.387496541145299,1.0,0.945188303490319,0.3556670715698647,0.38955350873238964,0.9999999999999999,0.4227669342464716
2021-01-11,水生根茎类,3.0,3,0.44892993680818555,1.0,0.9458874192478333,0.2536724677449691,0.387496541145299,1.0,0.3556670715698647
2021-01-12,水生根茎类,3.0,3,0.3997675773053907,1.0,0.9463178953437738,0.30676021467430103,0.44892993680818555,1.0,0.2536724677449691
2021-01-13,水生根茎类,3.0,3,0.49499795429293747,1.0,0.9468300957279643,0.1912689780503237,0.3997675773053907,1.0,0.30676021467430103
2021-01-14,水生根茎类,3.0,3,0.4254922072825701,0.9999999999999999,0.9472292158105887,0.3045269782403117,0.49499795429293747,1.0,0.1912689780503237
2021-01-15,水生根茎类,3.0,3,0.4388908395724978,1.0,0.9475977855457788,0.252068405275374,0.4254922072825701,0.9999999999999999,0.3045269782403117
2021-01-16,水生根茎类,3.0,3,0.3932295849247884,1.0,0.9480432323614818,0.3390533394185135,0.4388908395724978,1.0,0.252068405275374
2021-01-17,水生根茎类,3.0,3,0.4251246562796973,0.9999999999999999,0.948733958519732,0.37784053749277374,0.3932295849247884,1.0,0.3390533394185135
2021-01-18,水生根茎类,3.0,3,0.37166358975587194,1.0,0.9493419774681726,0.34678365627252655,0.4251246562796973,0.9999999999999999,0.37784053749277374
2021-01-19,水生根茎类,3.0,3,0.40065028681916853,1.0,0.9497887920923676,0.28737511964960655,0.37166358975587194,1.0,0.34678365627252655
2021-01-20,水生根茎类,3.0,3,0.45660436992031295,1.0000000000000002,0.9505992891939451,0.21716282517325547,0.40065028681916853,1.0,0.28737511964960655
2021-01-21,水生根茎类,3.0,3,0.43160910850744966,1.0,0.9510016002989604,0.2442911781506336,0.45660436992031295,1.0000000000000002,0.21716282517325547
2021-01-22,水生根茎类,3.0,3,0.3801600080872703,1.0,0.9513635622464686,0.32977502612829457,0.43160910850744966,1.0,0.2442911781506336
2021-01-23,水生根茎类,3.0,3,0.4586481557572985,1.0,0.9518323072377564,0.3415417798625552,0.3801600080872703,1.0,0.32977502612829457
2021-01-24,水生根茎类,3.0,3,0.4141328022599061,1.0,0.9523604411527734,0.3634615781198556,0.4586481557572985,1.0,0.3415417798625552
2021-01-25,水生根茎类,3.0,3,0.4423641203348173,1.0,0.9529864056337531,0.3641266116184134,0.4141328022599061,1.0,0.3634615781198556
2021-01-26,水生根茎类,3.0,3,0.42727897328323833,1.0,0.9535829146583032,0.23029304299281508,0.4423641203348173,1.0,0.3641266116184134
2021-01-27,水生根茎类,3.0,3,0.5284230718325905,1.0,0.9539642389594337,0.14949933581185096,0.42727897328323833,1.0,0.23029304299281508
2021-01-28,水生根茎类,3.0,3,0.5947695686304909,1.0,0.9542888977540703,0.16662175713913022,0.5284230718325905,1.0,0.14949933581185096
2021-01-29,水生根茎类,3.0,3,0.43415952444932054,1.0,0.9546719002287166,0.21869718202294366,0.5947695686304909,1.0,0.16662175713913022
2021-01-30,水生根茎类,3.0,3,0.5946165640322045,0.9999999999999999,0.954973124123302,0.05855967035678224,0.43415952444932054,1.0,0.21869718202294366
2021-01-31,水生根茎类,3.0,3,0.4446520719468839,1.0,0.9552734197296988,0.20225620079221135,0.5946165640322045,0.9999999999999999,0.05855967035678224
2021-02-01,水生根茎类,3.0,3,0.4458709152810549,0.9999999999999999,0.9556052012149514,0.3027438352908638,0.4446520719468839,1.0,0.20225620079221135
2021-02-02,水生根茎类,3.0,3,0.5160354991878962,1.0,0.9559464272432717,0.12395728393935812,0.4458709152810549,0.9999999999999999,0.3027438352908638
2021-02-03,水生根茎类,3.0,3,0.5132199213742186,1.0,0.9562242873982788,0.12607963282993048,0.5160354991878962,1.0,0.12395728393935812
2021-02-04,水生根茎类,3.0,3,0.39660865155067965,1.0000000000000002,0.9565221772315196,0.26421561765964807,0.5132199213742186,1.0,0.12607963282993048
2021-02-05,水生根茎类,3.0,3,0.46506409316391273,1.0,0.9569812041408097,0.1726164528637521,0.39660865155067965,1.0000000000000002,0.26421561765964807
2021-02-06,水生根茎类,3.0,3,0.5816655870850872,1.0,0.957362362718708,0.15262095367317036,0.46506409316391273,1.0,0.1726164528637521
2021-02-07,水生根茎类,3.0,3,0.41667966356907504,1.0,0.9578264141508958,0.4372087802479559,0.5816655870850872,1.0,0.15262095367317036
2021-02-08,水生根茎类,3.0,3,0.5014655665574712,1.0,0.9584434645153177,0.2951012476680316,0.41667966356907504,1.0,0.4372087802479559
2021-02-09,水生根茎类,3.0,3,0.44343045911255763,1.0000000000000002,0.9589455226472094,0.4378136555572638,0.5014655665574712,1.0,0.2951012476680316
2021-02-10,水生根茎类,4.0,4,0.44480058749485357,0.9970686541416209,0.9790716939033172,0.3193557085582041,0.44343045911255763,1.0000000000000002,0.4378136555572638
2021-02-13,水生根茎类,1.0,1,1.0,1.0,0.1333098401776205,0.8666901598223796,,,
2021-02-14,水生根茎类,3.0,3,0.48141278439152324,1.0,0.9618761726379252,0.11794298004018364,1.0,1.0,0.8666901598223796
2021-02-15,水生根茎类,4.0,4,0.6217816392191895,0.977000906512267,0.980239693262192,0.09438358691777492,0.48141278439152324,1.0,0.11794298004018364
2021-02-16,水生根茎类,1.0,1,1.0,1.0,0.7260208831486531,0.27397911685134696,0.6217816392191895,0.977000906512267,0.09438358691777492
2021-02-17,水生根茎类,1.0,1,1.0,1.0,0.7280392283686737,0.2719607716313263,1.0,1.0,0.27397911685134696
2021-02-18,水生根茎类,1.0,1,1.0,1.0,0.7297417036519366,0.2702582963480634,1.0,1.0,0.2719607716313263
2021-02-19,水生根茎类,2.0,2,0.6859827856208816,1.0,0.8271438494508215,0.17285615054917844,1.0,1.0,0.2702582963480634
2021-02-20,水生根茎类,3.0,3,0.5468103411155747,0.9999999999999999,0.9636918987054265,0.06283556820713794,0.6859827856208816,1.0,0.17285615054917844
2021-02-21,水生根茎类,3.0,3,0.5437074306308444,1.0,0.963969178670274,0.09759037235922341,0.5468103411155747,0.9999999999999999,0.06283556820713794
2021-02-22,水生根茎类,3.0,3,0.575954941881834,1.0,0.9641823701062907,0.04851369693309502,0.5437074306308444,1.0,0.09759037235922341
2021-02-23,水生根茎类,3.0,3,0.45026619895610354,0.9999999999999999,0.9643807448486247,0.38540827225876934,0.575954941881834,1.0,0.04851369693309502
2021-02-24,水生根茎类,3.0,3,0.5448100235969143,1.0,0.9646501381282685,0.13758230551858527,0.45026619895610354,0.9999999999999999,0.38540827225876934
2021-02-25,水生根茎类,4.0,4,0.43656516003734286,0.9773325948640361,0.9822189415631896,0.2849264115390844,0.5448100235969143,1.0,0.13758230551858527
2021-02-26,水生根茎类,3.0,3,0.46534695415000826,1.0,0.9646372999564528,0.3552473979546302,0.43656516003734286,0.9773325948640361,0.2849264115390844
2021-02-27,水生根茎类,3.0,3,0.5633632140231686,1.0,0.9649561765042923,0.14067290098954313,0.46534695415000826,1.0,0.3552473979546302
2021-02-28,水生根茎类,3.0,3,0.5001443383683277,1.0,0.9651475988882952,0.23732328040273457,0.5633632140231686,1.0,0.14067290098954313
2021-03-01,水生根茎类,2.0,2,0.7149989293971759,1.0,0.8711085305772484,0.12889146942275162,0.5001443383683277,1.0,0.23732328040273457
2021-03-02,水生根茎类,2.0,2,0.5029990097555941,1.0,0.8712897611858684,0.3926552095709869,0.7149989293971759,1.0,0.12889146942275162
2021-03-03,水生根茎类,2.0,2,0.5319007246946512,1.0,0.8719091845966171,0.47826637896109947,0.5029990097555941,1.0,0.3926552095709869
2021-03-04,水生根茎类,2.0,2,0.5421083763523882,1.0,0.872211685109036,0.20578425096002806,0.5319007246946512,1.0,0.47826637896109947
2021-03-05,水生根茎类,2.0,2,0.5005244456064486,1.0,0.8725384621119443,0.3339730752392374,0.5421083763523882,1.0,0.20578425096002806
2021-03-06,水生根茎类,2.0,2,0.5089617498074381,1.0,0.8729416982762709,0.4157667161245,0.5005244456064486,1.0,0.3339730752392374
2021-03-07,水生根茎类,2.0,2,0.604805508868643,1.0,0.8737101255886832,0.12628987441131675,0.5089617498074381,1.0,0.4157667161245
2021-03-08,水生根茎类,2.0,2,0.8019621488080169,1.0,0.874157957420797,0.16884459400506996,0.604805508868643,1.0,0.12628987441131675
2021-03-09,水生根茎类,2.0,2,0.6407706108478957,1.0,0.8744991879437003,0.12550081205629965,0.8019621488080169,1.0,0.16884459400506996
2021-03-10,水生根茎类,1.0,1,1.0,1.0,0.7202937476274937,0.27970625237250635,0.6407706108478957,1.0,0.12550081205629965
2021-03-11,水生根茎类,3.0,3,0.7040477501473862,1.0,0.8921205187745286,0.10787948122547132,1.0,1.0,0.27970625237250635
2021-03-12,水生根茎类,2.0,2,0.8330995905653606,1.0,0.8756548372974848,0.18688443659971535,0.7040477501473862,1.0,0.10787948122547132
2021-03-13,水生根茎类,2.0,2,0.5513256684885894,1.0,0.8757513520520496,0.18596252430349108,0.8330995905653606,1.0,0.18688443659971535
2021-03-14,水生根茎类,2.0,2,0.5823540869952918,1.0,0.8763330855690439,0.142311034856603,0.5513256684885894,1.0,0.18596252430349108
2021-03-15,水生根茎类,2.0,2,0.6553827100733056,1.0,0.8767462174833471,0.12325378251665281,0.5823540869952918,1.0,0.142311034856603
2021-03-16,水生根茎类,2.0,2,0.6772430878922406,1.0,0.8770235942691678,0.12297640573083223,0.6553827100733056,1.0,0.12325378251665281
2021-03-17,水生根茎类,3.0,3,0.6001632719664602,1.0,0.8939199818776582,0.1060800181223418,0.6772430878922406,1.0,0.12297640573083223
2021-03-18,水生根茎类,2.0,2,0.6354235337154024,1.0,0.8773856437650688,0.12261435623493122,0.6001632719664602,1.0,0.1060800181223418
2021-03-19,水生根茎类,2.0,2,0.517220868623335,1.0,0.8775980951636582,0.2512515541031801,0.6354235337154024,1.0,0.12261435623493122
2021-03-20,水生根茎类,3.0,3,0.5030905519470694,1.0000000000000002,0.8946389074238923,0.18650563832126962,0.517220868623335,1.0,0.2512515541031801
2021-03-21,水生根茎类,3.0,3,0.5582225789032274,1.0,0.8950365688258599,0.12007617534836365,0.5030905519470694,1.0000000000000002,0.18650563832126962
2021-03-22,水生根茎类,3.0,3,0.46394583293232233,0.9999999999999999,0.8954189620957522,0.19690529303521642,0.5582225789032274,1.0,0.12007617534836365
2021-03-23,水生根茎类,3.0,3,0.6005930577455078,1.0,0.8954979271160702,0.11283303384416456,0.46394583293232233,0.9999999999999999,0.19690529303521642
2021-03-24,水生根茎类,3.0,3,0.6104814621245896,1.0,0.8955706396744161,0.1199602392741461,0.6005930577455078,1.0,0.11283303384416456
2021-03-25,水生根茎类,3.0,3,0.5631121902359558,0.9999999999999999,0.8956836477817651,0.10431635221823492,0.6104814621245896,1.0,0.1199602392741461
2021-03-26,水生根茎类,3.0,3,0.530521955187811,1.0000000000000002,0.8957534979296163,0.1609579626714772,0.5631121902359558,0.9999999999999999,0.10431635221823492
2021-03-27,水生根茎类,3.0,3,0.4915052724665331,0.9999999999999999,0.8961271046753967,0.28078657567463694,0.530521955187811,1.0000000000000002,0.1609579626714772
2021-03-28,水生根茎类,3.0,3,0.6684874978276525,1.0,0.8965520688549184,0.10344793114508163,0.4915052724665331,0.9999999999999999,0.28078657567463694
2021-03-29,水生根茎类,3.0,3,0.4879625473465141,1.0,0.896829843449884,0.24159507272930517,0.6684874978276525,1.0,0.10344793114508163
2021-03-30,水生根茎类,3.0,3,0.4968015906623646,1.0,0.8969343198039675,0.2434683672355,0.4879625473465141,1.0,0.24159507272930517
2021-03-31,水生根茎类,3.0,3,0.49213026516713493,1.0,0.8970055912347913,0.48828161106313406,0.4968015906623646,1.0,0.2434683672355
2021-04-01,水生根茎类,4.0,4,0.2928336974080322,0.9114400038567229,0.8973966362303504,0.4765996359927457,0.49213026516713493,1.0,0.48828161106313406
2021-04-02,水生根茎类,4.0,4,0.4110827104094635,0.9578964092786783,0.8974120043804741,0.4288159329208721,0.2928336974080322,0.9114400038567229,0.4765996359927457
2021-04-03,水生根茎类,3.0,3,0.4678801953845702,0.9999999999999999,0.896916531374963,0.1957667588947981,0.4110827104094635,0.9578964092786783,0.4288159329208721
2021-04-04,水生根茎类,3.0,3,0.4900819163588486,0.9999999999999999,0.8971713179889245,0.2142260517634301,0.4678801953845702,0.9999999999999999,0.1957667588947981
2021-04-05,水生根茎类,3.0,3,0.8171060756576595,1.0,0.897467517957295,0.22726374038258534,0.4900819163588486,0.9999999999999999,0.2142260517634301
2021-04-06,水生根茎类,2.0,2,0.9130406214431044,1.0,0.7317705737712557,0.2682294262287443,0.8171060756576595,1.0,0.22726374038258534
2021-04-07,水生根茎类,2.0,2,0.8623171811230543,1.0,0.7317099717472848,0.26829002825271514,0.9130406214431044,1.0,0.2682294262287443
2021-04-08,水生根茎类,2.0,2,0.6432035236526985,0.9999999999999999,0.7319529428729581,0.2680470571270419,0.8623171811230543,1.0,0.26829002825271514
2021-04-09,水生根茎类,3.0,3,0.4940518513399438,1.0,0.8977561043124176,0.2167011218775894,0.6432035236526985,0.9999999999999999,0.2680470571270419
2021-04-10,水生根茎类,3.0,3,0.6201913919445032,0.9999999999999999,0.8979003463539449,0.10209965364605517,0.4940518513399438,1.0,0.2167011218775894
2021-04-11,水生根茎类,3.0,3,0.561498602320823,0.9999999999999999,0.8980729540103868,0.1019270459896132,0.6201913919445032,0.9999999999999999,0.10209965364605517
2021-04-12,水生根茎类,2.0,2,0.6071386260200402,1.0,0.7315995786667886,0.2684004213332114,0.561498602320823,0.9999999999999999,0.1019270459896132
2021-04-13,水生根茎类,2.0,2,0.6969337824086277,1.0,0.7314747304964719,0.2685252695035282,0.6071386260200402,1.0,0.2684004213332114
2021-04-14,水生根茎类,3.0,3,0.4789939257522278,0.9999999999999999,0.8981593190217442,0.22837466450922433,0.6969337824086277,1.0,0.2685252695035282
2021-04-15,水生根茎类,3.0,3,0.5106589344703739,1.0,0.8982531836553966,0.16452507976285097,0.4789939257522278,0.9999999999999999,0.22837466450922433
2021-04-16,水生根茎类,3.0,3,0.4482171862112553,1.0,0.8982663218797107,0.2596540661840072,0.5106589344703739,1.0,0.16452507976285097
2021-04-17,水生根茎类,3.0,3,0.44255820447262695,1.0,0.8983142085639094,0.39086277929933966,0.4482171862112553,1.0,0.2596540661840072
2021-04-18,水生根茎类,3.0,3,0.4537321901603688,1.0,0.898587969096589,0.3123334921448434,0.44255820447262695,1.0,0.39086277929933966
2021-04-19,水生根茎类,3.0,3,0.43872710122749653,0.9999999999999999,0.898718671825766,0.28459823781338944,0.4537321901603688,1.0,0.3123334921448434
2021-04-20,水生根茎类,3.0,3,0.732575389201736,0.9999999999999999,0.8988090399286269,0.18975872320043485,0.43872710122749653,0.9999999999999999,0.28459823781338944
2021-04-21,水生根茎类,2.0,2,0.8585059572102598,1.0,0.7281193213346309,0.27188067866536914,0.732575389201736,0.9999999999999999,0.18975872320043485
2021-04-22,水生根茎类,2.0,2,0.7977214634924008,1.0,0.7282992231979992,0.2717007768020007,0.8585059572102598,1.0,0.27188067866536914
2021-04-23,水生根茎类,2.0,2,0.7897583660194569,0.9999999999999999,0.7282685152340787,0.2717314847659213,0.7977214634924008,1.0,0.2717007768020007
2021-04-24,水生根茎类,2.0,2,0.827852928662772,1.0,0.7281882988507389,0.27181170114926106,0.7897583660194569,0.9999999999999999,0.2717314847659213
2021-04-25,水生根茎类,2.0,2,0.9115796778568941,1.0,0.7285245715861881,0.2714754284138119,0.827852928662772,1.0,0.27181170114926106
2021-04-26,水生根茎类,2.0,2,0.7066133129496623,1.0,0.7287085281251902,0.2712914718748099,0.9115796778568941,1.0,0.2714754284138119
2021-04-27,水生根茎类,2.0,2,0.9329484123989196,1.0,0.7289377501465641,0.2710622498534359,0.7066133129496623,1.0,0.2712914718748099
2021-04-28,水生根茎类,2.0,2,0.6957905234802382,1.0,0.7290875045969587,0.27091249540304124,0.9329484123989196,1.0,0.2710622498534359
2021-04-29,水生根茎类,2.0,2,0.6194495053597919,1.0,0.7291836030329879,0.2708163969670121,0.6957905234802382,1.0,0.27091249540304124
2021-04-30,水生根茎类,2.0,2,0.7642492320460588,0.9999999999999999,0.7289915503111258,0.2710084496888741,0.6194495053597919,1.0,0.2708163969670121
2021-05-01,水生根茎类,2.0,2,0.8749803955778235,1.0,0.729062162299264,0.27093783770073604,0.7642492320460588,0.9999999999999999,0.2710084496888741
2021-05-02,水生根茎类,2.0,2,0.8025286052679409,1.0,0.7294490481269049,0.2705509518730951,0.8749803955778235,1.0,0.27093783770073604
2021-05-03,水生根茎类,2.0,2,0.8916807324441904,0.9999999999999999,0.7298228352400178,0.27017716475998216,0.8025286052679409,1.0,0.2705509518730951
2021-05-04,水生根茎类,2.0,2,0.7739463543632545,1.0,0.7302064358713549,0.26979356412864514,0.8916807324441904,0.9999999999999999,0.27017716475998216
2021-05-05,水生根茎类,2.0,2,0.7046632849394754,0.9999999999999999,0.7303871831369132,0.26961281686308675,0.7739463543632545,1.0,0.26979356412864514
2021-05-06,水生根茎类,2.0,2,0.6790799503922453,1.0,0.7307193915969169,0.2692806084030831,0.7046632849394754,0.9999999999999999,0.26961281686308675
2021-05-07,水生根茎类,2.0,2,0.5673438157257904,1.0,0.7305188244096313,0.29523144245963195,0.6790799503922453,1.0,0.2692806084030831
2021-05-08,水生根茎类,2.0,2,0.6494145879768312,1.0,0.7303548054198308,0.2696451945801692,0.5673438157257904,1.0,0.29523144245963195
2021-05-09,水生根茎类,3.0,3,0.4196466079090758,1.0,0.7305733913210349,0.43610346814262935,0.6494145879768312,1.0,0.2696451945801692
2021-05-10,水生根茎类,3.0,3,0.3649868233903293,1.0,0.7292650965989068,0.5425333223995314,0.4196466079090758,1.0,0.43610346814262935
2021-05-11,水生根茎类,3.0,3,0.370239128421754,0.9999999999999999,0.7294185440080552,0.5087404892014867,0.3649868233903293,1.0,0.5425333223995314
2021-05-12,水生根茎类,3.0,3,0.4095736716201586,1.0000000000000002,0.7295897965016281,0.4296674633526115,0.370239128421754,0.9999999999999999,0.5087404892014867
2021-05-13,水生根茎类,3.0,3,0.36424564190757325,0.9999999999999999,0.7296744461533456,0.529340486485051,0.4095736716201586,1.0000000000000002,0.4296674633526115
2021-05-14,水生根茎类,3.0,3,0.5687232181545823,1.0,0.7297117470900603,0.27028825290993985,0.36424564190757325,0.9999999999999999,0.529340486485051
2021-05-15,水生根茎类,2.0,2,0.7033387558390092,1.0,0.7280178031517999,0.27198219684820013,0.5687232181545823,1.0,0.27028825290993985
2021-05-16,水生根茎类,2.0,2,0.6714965470681491,1.0,0.7282484352015347,0.27175156479846535,0.7033387558390092,1.0,0.27198219684820013
2021-05-17,水生根茎类,2.0,2,0.6289723972258039,1.0,0.728272466757102,0.271727533242898,0.6714965470681491,1.0,0.27175156479846535
2021-05-18,水生根茎类,3.0,3,0.3899476964389252,1.0,0.7300079280064934,0.44763014470782375,0.6289723972258039,1.0,0.271727533242898
2021-05-19,水生根茎类,2.0,2,0.5010725521983411,1.0,0.7283192848584015,0.45336420922709175,0.3899476964389252,1.0,0.44763014470782375
2021-05-20,水生根茎类,2.0,2,0.5704221802045546,1.0,0.72853012875231,0.6636335619123183,0.5010725521983411,1.0,0.45336420922709175
2021-05-21,水生根茎类,2.0,2,0.5984583588932981,1.0,0.7282047449468534,0.2717952550531466,0.5704221802045546,1.0,0.6636335619123183
2021-05-22,水生根茎类,2.0,2,0.7393897883530076,1.0,0.72782245917178,0.27217754082822004,0.5984583588932981,1.0,0.2717952550531466
2021-05-23,水生根茎类,3.0,3,0.344003642708796,1.0,0.7315225321655138,0.5537310278617615,0.7393897883530076,1.0,0.27217754082822004
2021-05-24,水生根茎类,2.0,2,0.5918081273473665,1.0,0.7254547746517288,0.27454522534827125,0.344003642708796,1.0,0.5537310278617615
2021-05-25,水生根茎类,2.0,2,0.6106550470362594,0.9999999999999999,0.7253041419947096,0.27469585800529034,0.5918081273473665,1.0,0.27454522534827125
2021-05-26,水生根茎类,2.0,2,0.5035980932346883,1.0,0.725248101368679,0.43214703384042175,0.6106550470362594,0.9999999999999999,0.27469585800529034
2021-05-27,水生根茎类,2.0,2,0.648194606226496,1.0,0.7251868304104989,0.2748131695895011,0.5035980932346883,1.0,0.43214703384042175
2021-05-28,水生根茎类,2.0,2,0.5094047131287249,1.0,0.7251556635051014,0.4056367836384381,0.648194606226496,1.0,0.2748131695895011
2021-05-29,水生根茎类,2.0,2,0.5585198870119418,0.9999999999999999,0.725054801776637,0.30289789082174445,0.5094047131287249,1.0,0.4056367836384381
2021-05-30,水生根茎类,2.0,2,0.5194611908476556,1.0,0.7251779589410942,0.3750217134266101,0.5585198870119418,0.9999999999999999,0.30289789082174445
2021-05-31,水生根茎类,2.0,2,0.536296276410105,1.0,0.7250903340933926,0.6081978622009306,0.5194611908476556,1.0,0.3750217134266101
2021-06-01,水生根茎类,2.0,2,0.5061591619820406,1.0,0.7251077600529329,0.528648393914847,0.536296276410105,1.0,0.6081978622009306
2021-06-02,水生根茎类,2.0,2,0.6165375312164272,0.9999999999999999,0.7253292741239931,0.714159789465123,0.5061591619820406,1.0,0.528648393914847
2021-06-03,水生根茎类,2.0,2,0.5124246817991556,1.0,0.7259883285911409,0.5509548974663508,0.6165375312164272,0.9999999999999999,0.714159789465123
2021-06-04,水生根茎类,2.0,2,0.5191591657638308,1.0,0.7261459158105906,0.37365176963276225,0.5124246817991556,1.0,0.5509548974663508
2021-06-05,水生根茎类,2.0,2,0.5034911273703064,1.0,0.7264156688517481,0.42920945409531314,0.5191591657638308,1.0,0.37365176963276225
2021-06-06,水生根茎类,2.0,2,0.6739366517100326,1.0,0.726844350512988,0.27315564948701204,0.5034911273703064,1.0,0.42920945409531314
2021-06-07,水生根茎类,2.0,2,0.5257427559314723,1.0,0.7273321822476103,0.5834336838455623,0.6739366517100326,1.0,0.27315564948701204
2021-06-08,水生根茎类,2.0,2,0.5922512159776304,1.0,0.7274732542690241,0.6842406198056022,0.5257427559314723,1.0,0.5834336838455623
2021-06-09,水生根茎类,3.0,3,0.4395060398946929,1.0,0.7315701842023697,0.5038472676898448,0.5922512159776304,1.0,0.6842406198056022
2021-06-10,水生根茎类,3.0,3,0.44971860046616213,1.0,0.7315662007600956,0.7382446159749014,0.4395060398946929,1.0,0.5038472676898448
2021-06-11,水生根茎类,3.0,3,0.3763005277570222,1.0,0.7315645650584992,0.6378877064524341,0.44971860046616213,1.0,0.7382446159749014
2021-06-12,水生根茎类,3.0,3,0.4878730995937074,1.0000000000000002,0.7316087190190403,0.3209930643379625,0.3763005277570222,1.0,0.6378877064524341
2021-06-13,水生根茎类,3.0,3,0.3546887208084939,1.0,0.7323508464756777,0.5806945449253544,0.4878730995937074,1.0000000000000002,0.3209930643379625
2021-06-14,水生根茎类,3.0,3,0.40812556538170314,1.0,0.7325242898711173,0.4413154927149031,0.3546887208084939,1.0,0.5806945449253544
2021-06-15,水生根茎类,3.0,3,0.36067415523512775,0.9999999999999998,0.7329085002918265,0.6074418672488322,0.40812556538170314,1.0,0.4413154927149031
2021-06-16,水生根茎类,3.0,3,0.600943453976847,0.9999999999999999,0.733115137678864,0.8009525749486467,0.36067415523512775,0.9999999999999998,0.6074418672488322
2021-06-17,水生根茎类,3.0,3,0.49771615111163037,0.9999999999999999,0.73336444595293,0.7009055424417694,0.600943453976847,0.9999999999999999,0.8009525749486467
2021-06-18,水生根茎类,3.0,3,0.3681741743853986,1.0000000000000002,0.7337806326758033,0.5560807114294208,0.49771615111163037,0.9999999999999999,0.7009055424417694
2021-06-19,水生根茎类,3.0,3,0.35873247071876674,1.0,0.7340879358314569,0.6279470481599113,0.3681741743853986,1.0000000000000002,0.5560807114294208
2021-06-20,水生根茎类,3.0,3,0.3467433378649935,0.9999999999999998,0.7342289103064165,0.6031385411549232,0.35873247071876674,1.0,0.6279470481599113
2021-06-21,水生根茎类,3.0,3,0.42110096928884805,1.0,0.7343602261946228,0.5887808789704239,0.3467433378649935,0.9999999999999998,0.6031385411549232
2021-06-22,水生根茎类,3.0,3,0.4745442639624865,0.9999999999999999,0.7345527637325981,0.6879397182552326,0.42110096928884805,1.0,0.5887808789704239
2021-06-23,水生根茎类,3.0,3,0.5667651247153649,1.0,0.7347976160521434,0.7614590188395363,0.4745442639624865,0.9999999999999999,0.6879397182552326
2021-06-24,水生根茎类,3.0,3,0.3745373831387564,1.0000000000000002,0.7353909057137561,0.549109185294043,0.5667651247153649,1.0,0.7614590188395363
2021-06-25,水生根茎类,3.0,3,0.5234866412503301,1.0,0.7360514335419738,0.7454955349285893,0.3745373831387564,1.0000000000000002,0.549109185294043
2021-06-26,水生根茎类,3.0,3,0.4133719639869428,1.0,0.7366642489537526,0.5668414225787087,0.5234866412503301,1.0,0.7454955349285893
2021-06-27,水生根茎类,3.0,3,0.37581542836055204,1.0,0.7373295982769462,0.48698217818622264,0.4133719639869428,1.0,0.5668414225787087
2021-06-28,水生根茎类,3.0,3,0.41831813470396634,1.0,0.7378955179480773,0.5852561794514561,0.37581542836055204,1.0,0.48698217818622264
2021-06-29,水生根茎类,3.0,3,0.5554928809759199,1.0,0.7384775147864945,0.7100654328619256,0.41831813470396634,1.0,0.5852561794514561
2021-06-30,水生根茎类,3.0,3,0.3612153269599042,1.0,0.7386212637456608,0.6688441036907878,0.5554928809759199,1.0,0.7100654328619256
2021-07-01,水生根茎类,3.0,3,0.4041021035318558,1.0,0.7386020196971822,0.5625263105846628,0.3612153269599042,1.0,0.6688441036907878
2021-07-02,水生根茎类,3.0,3,0.4247416643117705,1.0,0.739074485511242,0.6440865530429859,0.4041021035318558,1.0,0.5625263105846628
2021-07-03,水生根茎类,4.0,4,0.2701430635404216,0.8700812624338267,0.7445327438005542,0.6773947134771922,0.4247416643117705,1.0,0.6440865530429859
2021-07-04,水生根茎类,4.0,4,0.3028228022606361,0.9029900057817792,0.7438887262233267,0.6579649665406911,0.2701430635404216,0.8700812624338267,0.6773947134771922
2021-07-05,水生根茎类,4.0,4,0.311560708231371,0.9418612430588078,0.7453700304079424,0.6907620011102042,0.3028228022606361,0.9029900057817792,0.6579649665406911
2021-07-06,水生根茎类,3.0,3,0.5336376034036621,1.0,0.7402189794678236,0.7229674644634435,0.311560708231371,0.9418612430588078,0.6907620011102042
2021-07-07,水生根茎类,3.0,3,0.43218492429320726,0.9999999999999999,0.7403769062425217,0.39870128330852395,0.5336376034036621,1.0,0.7229674644634435
2021-07-08,水生根茎类,4.0,4,0.2757931234268507,0.8578917192235236,0.7486406768367456,0.6094278401491111,0.43218492429320726,0.9999999999999999,0.39870128330852395
2021-07-09,水生根茎类,2.0,2,0.5912129193406661,1.0,0.7327691134843132,0.2672308865156869,0.2757931234268507,0.8578917192235236,0.6094278401491111
2021-07-10,水生根茎类,3.0,3,0.46430221155973395,1.0,0.7421493902830409,0.34345718096095473,0.5912129193406661,1.0,0.2672308865156869
2021-07-11,水生根茎类,3.0,3,0.4024644137317178,0.9999999999999999,0.7426639201542145,0.3971388055355839,0.46430221155973395,1.0,0.34345718096095473
2021-07-12,水生根茎类,4.0,4,0.33931750828307816,0.9585924064029634,0.7439382881694673,0.493915466153699,0.4024644137317178,0.9999999999999999,0.3971388055355839
2021-07-13,水生根茎类,4.0,4,0.296953794922058,0.8510459076231927,0.7426455860740834,0.5289328437210761,0.33931750828307816,0.9585924064029634,0.493915466153699
2021-07-14,水生根茎类,5.0,5,0.2752866499109809,0.8571319370126891,0.750997142314497,0.6610551712049904,0.296953794922058,0.8510459076231927,0.5289328437210761
2021-07-15,水生根茎类,3.0,3,0.4632476263454699,0.9999999999999999,0.7419964935971691,0.3881857743208792,0.2752866499109809,0.8571319370126891,0.6610551712049904
2021-07-16,水生根茎类,4.0,5,0.3480120854090534,0.8756364562118126,0.06976085243020393,0.9302391475697962,0.4632476263454699,0.9999999999999999,0.3881857743208792
2021-07-17,水生根茎类,5.0,5,0.26710528962969804,0.8028892236067369,0.7531782116163653,0.857331886241367,0.3480120854090534,0.8756364562118126,0.9302391475697962
2021-07-18,水生根茎类,5.0,5,0.3093992738235068,0.8214848998189146,0.7539379041688795,0.6713503318983702,0.26710528962969804,0.8028892236067369,0.857331886241367
2021-07-19,水生根茎类,4.0,4,0.2827996813033436,0.8651018481046809,0.7528291733045508,0.7315405841450887,0.3093992738235068,0.8214848998189146,0.6713503318983702
2021-07-20,水生根茎类,3.0,3,0.3832342561787433,1.0,0.7422178307824236,0.4225381092142435,0.2827996813033436,0.8651018481046809,0.7315405841450887
2021-07-21,水生根茎类,4.0,4,0.303617484866668,0.9179142565498469,0.7535691651091372,0.5168263839353676,0.3832342561787433,1.0,0.4225381092142435
2021-07-22,水生根茎类,3.0,3,0.4495944462809917,1.0,0.74297345537683,0.3335679071638656,0.303617484866668,0.9179142565498469,0.5168263839353676
2021-07-23,水生根茎类,3.0,3,0.7152978965433212,1.0,0.7436083682098877,0.2563916317901122,0.4495944462809917,1.0,0.3335679071638656
2021-07-24,水生根茎类,3.0,3,0.6862360081453568,1.0,0.744803101673427,0.255196898326573,0.7152978965433212,1.0,0.2563916317901122
2021-07-25,水生根茎类,2.0,2,0.8167201406741973,1.0,0.7346318320624916,0.2653681679375084,0.6862360081453568,1.0,0.255196898326573
2021-07-26,水生根茎类,3.0,3,0.6609272391926759,1.0000000000000002,0.7474060696115795,0.2525939303884205,0.8167201406741973,1.0,0.2653681679375084
2021-07-27,水生根茎类,3.0,3,0.6239043071953791,1.0,0.7479120747432294,0.2520879252567706,0.6609272391926759,1.0000000000000002,0.2525939303884205
2021-07-28,水生根茎类,3.0,3,0.6869433667575097,1.0,0.7488186158135081,0.251181384186492,0.6239043071953791,1.0,0.2520879252567706
2021-07-29,水生根茎类,2.0,2,0.7390662983957985,1.0,0.7370842707383736,0.26291572926162643,0.6869433667575097,1.0,0.251181384186492
2021-07-30,水生根茎类,3.0,3,0.6641476489244347,1.0,0.7503737999498169,0.24962620005018324,0.7390662983957985,1.0,0.26291572926162643
2021-07-31,水生根茎类,3.0,3,0.5103388880057829,0.9999999999999999,0.7511591552588535,0.26736590841802144,0.6641476489244347,1.0,0.24962620005018324
2021-08-01,水生根茎类,3.0,3,0.41702854786955695,1.0,0.752187622537099,0.3774790896764507,0.5103388880057829,0.9999999999999999,0.26736590841802144
2021-08-02,水生根茎类,2.0,2,0.5263130563569014,1.0,0.7389714207079725,0.32927767053610213,0.41702854786955695,1.0,0.3774790896764507
2021-08-03,水生根茎类,3.0,3,0.3639468152586177,1.0000000000000002,0.7527020685215492,0.5423832954537958,0.5263130563569014,1.0,0.32927767053610213
2021-08-04,水生根茎类,2.0,2,0.5674497084292911,1.0,0.7396064700701174,0.26039352992988274,0.3639468152586177,1.0000000000000002,0.5423832954537958
2021-08-05,水生根茎类,2.0,2,0.5600039178448197,1.0,0.7399113282469184,0.2695943398946097,0.5674497084292911,1.0,0.26039352992988274
2021-08-06,水生根茎类,3.0,3,0.702388172008443,1.0,0.7537987873252903,0.24620121267470962,0.5600039178448197,1.0,0.2695943398946097
2021-08-07,水生根茎类,3.0,3,0.7271707960231694,1.0,0.7560634892885622,0.24393651071143801,0.702388172008443,1.0,0.24620121267470962
2021-08-08,水生根茎类,3.0,3,0.7607243482598903,1.0,0.7577071905232333,0.24229280947676674,0.7271707960231694,1.0,0.24393651071143801
2021-08-09,水生根茎类,2.0,2,0.7923053930111994,1.0,0.7473702437074159,0.2526297562925841,0.7607243482598903,1.0,0.24229280947676674
2021-08-10,水生根茎类,3.0,3,0.6865553289654732,1.0,0.7666626046868757,0.2333373953131243,0.7923053930111994,1.0,0.2526297562925841
2021-08-11,水生根茎类,2.0,2,0.8257970678473165,1.0,0.7521155642376028,0.24788443576239721,0.6865553289654732,1.0,0.2333373953131243
2021-08-12,水生根茎类,2.0,2,0.666471132249967,1.0,0.7527195297564714,0.7268218343151038,0.8257970678473165,1.0,0.24788443576239721
2021-08-13,水生根茎类,1.0,1,1.0,1.0,0.6925460111654839,0.30745398883451613,0.666471132249967,1.0,0.7268218343151038
2021-08-14,水生根茎类,1.0,1,1.0,1.0,0.6926316378942,0.3073683621058001,1.0,1.0,0.30745398883451613
2021-08-15,水生根茎类,2.0,2,0.5226826795237052,1.0,0.7549133537841056,0.3308984688933153,1.0,1.0,0.3073683621058001
2021-08-16,水生根茎类,2.0,2,0.6249749987500002,1.0,0.7543053849126518,0.24569461508734836,0.5226826795237052,1.0,0.3308984688933153
2021-08-17,水生根茎类,2.0,2,0.5813801512549394,1.0,0.7538963879418836,0.2461036120581164,0.6249749987500002,1.0,0.24569461508734836
2021-08-18,水生根茎类,2.0,2,0.5624226260554752,1.0,0.7534127967449011,0.2586105036663966,0.5813801512549394,1.0,0.2461036120581164
2021-08-19,水生根茎类,2.0,2,0.5129906590771668,0.9999999999999999,0.7536131701599277,0.5151336404857381,0.5624226260554752,1.0,0.2586105036663966
2021-08-20,水生根茎类,2.0,2,0.5314426035502959,1.0,0.7539177544625982,0.5591883641597717,0.5129906590771668,0.9999999999999999,0.5151336404857381
2021-08-21,水生根茎类,2.0,2,0.50720731986228,1.0,0.7542119934879657,0.49317961674578503,0.5314426035502959,1.0,0.5591883641597717
2021-08-22,水生根茎类,2.0,2,0.8227279062038799,1.0,0.7545048831973558,0.24549511680264424,0.50720731986228,1.0,0.49317961674578503
2021-08-23,水生根茎类,2.0,2,0.9354079851850985,1.0,0.7569466817938021,0.27768107444682627,0.8227279062038799,1.0,0.24549511680264424
2021-08-24,水生根茎类,2.0,2,0.8000576198926591,0.9999999999999999,0.75837214406976,0.24162785593024,0.9354079851850985,1.0,0.27768107444682627
2021-08-25,水生根茎类,2.0,2,0.8829702552702179,0.9999999999999999,0.7603765582723521,0.24602849974913346,0.8000576198926591,0.9999999999999999,0.24162785593024
2021-08-26,水生根茎类,2.0,2,0.9229388737372106,1.0,0.7627873366452013,0.26637896740852796,0.8829702552702179,0.9999999999999999,0.24602849974913346
2021-08-27,水生根茎类,2.0,2,0.9274796067724531,1.0,0.7648456727647334,0.26673218749206556,0.9229388737372106,1.0,0.26637896740852796
2021-08-28,水生根茎类,2.0,2,0.848338173265105,1.0,0.7662817850072781,0.23371821499272197,0.9274796067724531,1.0,0.26673218749206556
2021-08-29,水生根茎类,2.0,2,0.9045044406239013,1.0,0.7675564472724073,0.24990093128462654,0.848338173265105,1.0,0.23371821499272197
2021-08-30,水生根茎类,2.0,2,0.9417811786245065,1.0,0.7698699872987401,0.2679271695440425,0.9045044406239013,1.0,0.24990093128462654
2021-08-31,水生根茎类,2.0,2,0.9105189138137215,1.0,0.7714068298138816,0.24930145639735765,0.9417811786245065,1.0,0.2679271695440425
2021-09-01,水生根茎类,2.0,2,0.9138660987402432,1.0,0.7724586642212996,0.25013799266510733,0.9105189138137215,1.0,0.24930145639735765
2021-09-02,水生根茎类,2.0,2,0.9566344098228445,1.0,0.7742130776605318,0.27130688464703784,0.9138660987402432,1.0,0.25013799266510733
2021-09-03,水生根茎类,2.0,2,0.9182269585457774,1.0,0.7766414166988341,0.24844296694769893,0.9566344098228445,1.0,0.27130688464703784
2021-09-04,水生根茎类,2.0,2,0.9680323863861702,1.0000000000000002,0.7781600647646038,0.2733374568744007,0.9182269585457774,1.0,0.24844296694769893
2021-09-05,水生根茎类,2.0,2,0.9526580624023895,1.0,0.77964098096533,0.26343762477910027,0.9680323863861702,1.0000000000000002,0.2733374568744007
2021-09-06,水生根茎类,2.0,2,0.9636967853731195,1.0,0.7811735414575204,0.2675177398954199,0.9526580624023895,1.0,0.26343762477910027
2021-09-07,水生根茎类,2.0,2,0.9719928304204393,1.0,0.7817349360121438,0.2711413884397725,0.9636967853731195,1.0,0.2675177398954199
2021-09-08,水生根茎类,2.0,2,0.9634130741496489,1.0,0.7825160683121445,0.26582217742620146,0.9719928304204393,1.0,0.2711413884397725
2021-09-09,水生根茎类,3.0,3,0.6575893053301404,1.0,0.9095196180940277,0.14678324870116471,0.9634130741496489,1.0,0.26582217742620146
2021-09-10,水生根茎类,3.0,3,0.6571597385789727,1.0,0.9097295892585063,0.12885608236814297,0.6575893053301404,1.0,0.14678324870116471
2021-09-11,水生根茎类,3.0,3,0.6640243794172735,1.0,0.9100371068235339,0.14081166283838142,0.6571597385789727,1.0,0.12885608236814297
2021-09-12,水生根茎类,3.0,3,0.7329724591346651,1.0,0.9105825875036084,0.128948538460075,0.6640243794172735,1.0,0.14081166283838142
2021-09-13,水生根茎类,2.0,2,0.9713612435196988,1.0,0.784601589090814,0.26686767835513836,0.7329724591346651,1.0,0.128948538460075
2021-09-14,水生根茎类,3.0,3,0.6781917959321602,1.0,0.911244104517126,0.12914624094045163,0.9713612435196988,1.0,0.26686767835513836
2021-09-15,水生根茎类,3.0,3,0.6269253687042574,1.0,0.9115482187521459,0.12942688334790772,0.6781917959321602,1.0,0.12914624094045163
2021-09-16,水生根茎类,3.0,3,0.6604397964879619,0.9999999999999998,0.911719414711821,0.1374718747943945,0.6269253687042574,1.0,0.12942688334790772
2021-09-17,水生根茎类,3.0,3,0.7162882737605285,1.0,0.9119149760342792,0.1445775952347288,0.6604397964879619,0.9999999999999998,0.1374718747943945
2021-09-18,水生根茎类,3.0,3,0.6898423127484125,1.0000000000000002,0.9120630455994442,0.1380468396923964,0.7162882737605285,1.0,0.1445775952347288
2021-09-19,水生根茎类,3.0,3,0.5079236552389281,1.0,0.9123369380582366,0.23689830295044034,0.6898423127484125,1.0000000000000002,0.1380468396923964
2021-09-20,水生根茎类,3.0,3,0.5528534122517199,1.0,0.9131038161555366,0.17739349037465757,0.5079236552389281,1.0,0.23689830295044034
2021-09-21,水生根茎类,3.0,3,0.7308146672446931,1.0,0.9138600102911044,0.1404007354726352,0.5528534122517199,1.0,0.17739349037465757
2021-09-22,水生根茎类,3.0,3,0.7087658866963248,1.0,0.9145881189376592,0.1393034721569682,0.7308146672446931,1.0,0.1404007354726352
2021-09-23,水生根茎类,3.0,3,0.5016795780091666,0.9999999999999999,0.9147271218433546,0.18205197013725855,0.7087658866963248,1.0,0.1393034721569682
2021-09-24,水生根茎类,3.0,3,0.4686156071890216,0.9999999999999999,0.9147683319233044,0.25775520557882625,0.5016795780091666,0.9999999999999999,0.18205197013725855
2021-09-25,水生根茎类,2.0,2,0.9599112290799117,0.9999999999999999,0.7844350059784552,0.2582909176354764,0.4686156071890216,0.9999999999999999,0.25775520557882625
2021-09-26,水生根茎类,2.0,2,0.9400336426719762,1.0,0.7854986767291222,0.24651689998295437,0.9599112290799117,0.9999999999999999,0.2582909176354764
2021-09-27,水生根茎类,2.0,2,0.9815856425623029,1.0,0.7866634348635337,0.266791768165326,0.9400336426719762,1.0,0.24651689998295437
2021-09-28,水生根茎类,2.0,2,0.9723203509972691,1.0,0.7879350186432023,0.2605085313809597,0.9815856425623029,1.0,0.266791768165326
2021-09-29,水生根茎类,3.0,3,0.8246220670069044,1.0,0.9162499438933821,0.1788804441268069,0.9723203509972691,1.0,0.2605085313809597
2021-09-30,水生根茎类,2.0,2,0.9341343004615863,1.0,0.7884809404638571,0.2381492805309803,0.8246220670069044,1.0,0.1788804441268069
2021-10-01,水生根茎类,3.0,3,0.9176264810554626,1.0,0.9160987370470235,0.2285438509671921,0.9341343004615863,1.0,0.2381492805309803
2021-10-02,水生根茎类,2.0,2,0.8769454831835087,1.0,0.7908173843695682,0.20918261563043183,0.9176264810554626,1.0,0.2285438509671921
2021-10-03,水生根茎类,2.0,2,0.9584689478790831,0.9999999999999999,0.7918515066136471,0.24711303520702316,0.8769454831835087,1.0,0.20918261563043183
2021-10-04,水生根茎类,3.0,3,0.8899700910056135,1.0,0.9173260601160295,0.20959492885330244,0.9584689478790831,0.9999999999999999,0.24711303520702316
2021-10-05,水生根茎类,2.0,2,0.8339841030021029,0.9999999999999999,0.7933080161312843,0.20669198386871565,0.8899700910056135,1.0,0.20959492885330244
2021-10-06,水生根茎类,2.0,2,0.9642816718541214,1.0,0.7942101682973051,0.24735468904957889,0.8339841030021029,0.9999999999999999,0.20669198386871565
2021-10-07,水生根茎类,2.0,2,0.9750336723752209,0.9999999999999999,0.7953348828253829,0.25156181074109274,0.9642816718541214,1.0,0.24735468904957889
2021-10-08,水生根茎类,3.0,3,0.60334213852908,1.0,0.9185758102401652,0.13929611635456735,0.9750336723752209,0.9999999999999999,0.25156181074109274
2021-10-09,水生根茎类,3.0,3,0.887345580993947,1.0,0.9188792767724681,0.20369787168719272,0.60334213852908,1.0,0.13929611635456735
2021-10-10,水生根茎类,2.0,2,0.9521437372679142,1.0,0.7964164073140225,0.23771589175965466,0.887345580993947,1.0,0.20369787168719272
2021-10-11,水生根茎类,2.0,2,0.5377785450291326,1.0,0.7973793468976165,0.3042043476468633,0.9521437372679142,1.0,0.23771589175965466
2021-10-12,水生根茎类,2.0,2,0.5991559510894229,0.9999999999999999,0.7976585289385935,0.21877588431642658,0.5377785450291326,1.0,0.3042043476468633
2021-10-13,水生根茎类,1.0,1,1.0,1.0,0.7391686398426865,0.2608313601573135,0.5991559510894229,0.9999999999999999,0.21877588431642658
2021-10-14,水生根茎类,2.0,2,0.7484547164740663,1.0,0.7980585880135723,0.20194141198642776,1.0,1.0,0.2608313601573135
2021-10-15,水生根茎类,3.0,3,0.6859740698449843,1.0,0.9194872972801242,0.1169857216092762,0.7484547164740663,1.0,0.20194141198642776
2021-10-16,水生根茎类,3.0,3,0.33427923437024687,1.0,0.919568358995107,0.4705335047710524,0.6859740698449843,1.0,0.1169857216092762
2021-10-17,水生根茎类,3.0,3,0.6322437855706543,1.0,0.9196045340918102,0.10973084098780374,0.33427923437024687,1.0,0.4705335047710524
2021-10-18,水生根茎类,2.0,2,0.7707864223261073,1.0,0.7990624793994859,0.2009375206005141,0.6322437855706543,1.0,0.10973084098780374
2021-10-19,水生根茎类,3.0,3,0.5652523411918025,1.0,0.9196889367979703,0.09855700405938762,0.7707864223261073,1.0,0.2009375206005141
2021-10-20,水生根茎类,2.0,2,0.8222290412452009,1.0,0.7990962472086303,0.20090375279136977,0.5652523411918025,1.0,0.09855700405938762
2021-10-21,水生根茎类,1.0,1,1.0,1.0,0.740165477139433,0.25983452286056696,0.8222290412452009,1.0,0.20090375279136977
2021-10-22,水生根茎类,2.0,2,0.5642932035198338,1.0,0.799277352313398,0.2615857592580108,1.0,1.0,0.25983452286056696
2021-10-23,水生根茎类,3.0,3,0.6527765794870498,1.0,0.9197759298358696,0.09598559792721847,0.5642932035198338,1.0,0.2615857592580108
2021-10-24,水生根茎类,2.0,2,0.7591141833494901,1.0,0.7992606855316394,0.20073931446836055,0.6527765794870498,1.0,0.09598559792721847
2021-10-25,水生根茎类,2.0,2,0.855143237889747,1.0,0.7993023865691107,0.20069761343088938,0.7591141833494901,1.0,0.20073931446836055
2021-10-26,水生根茎类,2.0,2,0.875408177726873,1.0,0.79936139849237,0.20063860150762994,0.855143237889747,1.0,0.20069761343088938
2021-10-27,水生根茎类,1.0,1,1.0,1.0,0.7401870463597858,0.25981295364021423,0.875408177726873,1.0,0.20063860150762994
2021-10-28,水生根茎类,1.0,1,1.0,1.0,0.7401963289979213,0.2598036710020787,1.0,1.0,0.25981295364021423
2021-10-29,水生根茎类,1.0,1,1.0,1.0,0.7401968297441107,0.2598031702558892,1.0,1.0,0.2598036710020787
2021-10-30,水生根茎类,2.0,2,0.5066326118627258,1.0,0.8607199677594792,0.321918541567191,1.0,1.0,0.2598031702558892
2021-10-31,水生根茎类,1.0,1,1.0,1.0,0.7399777252394695,0.2600222747605305,0.5066326118627258,1.0,0.321918541567191
2021-11-01,水生根茎类,1.0,1,1.0,1.0,0.7401232670356193,0.2598767329643808,1.0,1.0,0.2600222747605305
2021-11-02,水生根茎类,1.0,1,1.0,1.0,0.7402424104094197,0.25975758959058026,1.0,1.0,0.2598767329643808
2021-11-03,水生根茎类,1.0,1,1.0,1.0,0.7402982746708107,0.2597017253291894,1.0,1.0,0.25975758959058026
2021-11-04,水生根茎类,2.0,2,0.5363498254643818,1.0,0.861063351290726,0.2445549850354178,1.0,1.0,0.2597017253291894
2021-11-05,水生根茎类,1.0,1,1.0,1.0,0.7403417242609509,0.25965827573904915,0.5363498254643818,1.0,0.2445549850354178
2021-11-06,水生根茎类,2.0,2,0.8875390503680065,0.9999999999999999,0.7993830607088753,0.20061693929112462,1.0,1.0,0.25965827573904915
2021-11-07,水生根茎类,2.0,2,0.9330225531651373,1.0,0.7995663021461127,0.22441730529030166,0.8875390503680065,0.9999999999999999,0.20061693929112462
2021-11-08,水生根茎类,3.0,3,0.4153277122689836,1.0,0.9205148237881432,0.26856531363482733,0.9330225531651373,1.0,0.22441730529030166
2021-11-09,水生根茎类,2.0,2,0.8974007942688287,0.9999999999999999,0.7996657848165402,0.20472856693334168,0.4153277122689836,1.0,0.26856531363482733
2021-11-10,水生根茎类,2.0,2,0.8526612343911941,0.9999999999999999,0.7998238178825814,0.20017618211741864,0.8974007942688287,0.9999999999999999,0.20472856693334168
2021-11-11,水生根茎类,3.0,3,0.9191567526346567,1.0,0.920767345008912,0.21678672231814822,0.8526612343911941,0.9999999999999999,0.20017618211741864
2021-11-12,水生根茎类,2.0,2,0.9863264390145232,1.0,0.8003300400977653,0.2509932375903855,0.9191567526346567,1.0,0.21678672231814822
2021-11-13,水生根茎类,3.0,3,0.889110349414032,1.0,0.9213070580228994,0.19870665192588546,0.9863264390145232,1.0,0.2509932375903855
2021-11-14,水生根茎类,3.0,3,0.919215351716135,1.0,0.921661752984824,0.21375263323435134,0.889110349414032,1.0,0.19870665192588546
2021-11-15,水生根茎类,1.0,1,1.0,1.0,0.7444114611768923,0.25558853882310767,0.919215351716135,1.0,0.21375263323435134
2021-11-16,水生根茎类,1.0,1,1.0,1.0,0.7451548436440844,0.25484515635591554,1.0,1.0,0.25558853882310767
2021-11-17,水生根茎类,2.0,2,0.9433268276757285,1.0,0.8663270905230729,0.22507811056084265,1.0,1.0,0.25484515635591554
2021-11-18,水生根茎类,1.0,1,1.0,1.0,0.7463958252874656,0.2536041747125344,0.9433268276757285,1.0,0.22507811056084265
2021-11-19,水生根茎类,1.0,1,1.0,1.0,0.746842743377084,0.253157256622916,1.0,1.0,0.2536041747125344
2021-11-20,水生根茎类,2.0,2,0.8497154074989253,1.0,0.7980639059555915,0.20193609404440846,1.0,1.0,0.253157256622916
2021-11-21,水生根茎类,2.0,2,0.5202580618479956,0.9999999999999999,0.799173799790174,0.3497962841131387,0.8497154074989253,1.0,0.20193609404440846
2021-11-22,水生根茎类,2.0,2,0.5156519483454418,1.0,0.7993305581918025,0.5386425294393047,0.5202580618479956,0.9999999999999999,0.3497962841131387
2021-11-23,水生根茎类,2.0,2,0.6736736079674062,1.0,0.7994634616628944,0.20053653833710572,0.5156519483454418,1.0,0.5386425294393047
2021-11-24,水生根茎类,3.0,3,0.35232376272344434,0.9999999999999999,0.8000438008209313,0.5591851858722934,0.6736736079674062,1.0,0.20053653833710572
2021-11-25,水生根茎类,3.0,3,0.49656026580148516,1.0,0.8004230869421685,0.3351025718440826,0.35232376272344434,0.9999999999999999,0.5591851858722934
2021-11-26,水生根茎类,3.0,3,0.47761777051798726,1.0,0.800642066865376,0.4950021450992532,0.49656026580148516,1.0,0.3351025718440826
2021-11-27,水生根茎类,3.0,3,0.5360489837123424,1.0,0.8008124396099507,0.25059108847831885,0.47761777051798726,1.0,0.4950021450992532
2021-11-28,水生根茎类,3.0,3,0.585552237665473,0.9999999999999999,0.8010485879943271,0.2210093309205584,0.5360489837123424,1.0,0.25059108847831885
2021-11-29,水生根茎类,2.0,2,0.513035537742397,1.0,0.7998825344462154,0.5309078140996323,0.585552237665473,0.9999999999999999,0.2210093309205584
2021-11-30,水生根茎类,2.0,2,0.5022630495985215,1.0,0.8001894145890789,0.4835052919687096,0.513035537742397,1.0,0.5309078140996323
2021-12-01,水生根茎类,3.0,3,0.7879818134133556,1.0,0.8018824080997535,0.20375992808684698,0.5022630495985215,1.0,0.4835052919687096
2021-12-02,水生根茎类,3.0,3,0.5902735677454539,0.9999999999999999,0.8025565827313241,0.22510946312553887,0.7879818134133556,1.0,0.20375992808684698
2021-12-03,水生根茎类,3.0,3,0.9146901350495332,1.0,0.8032411461075141,0.22818474492433102,0.5902735677454539,0.9999999999999999,0.22510946312553887
2021-12-04,水生根茎类,2.0,2,0.8242518111852828,1.0,0.8018801416842245,0.19811985831577544,0.9146901350495332,1.0,0.22818474492433102
2021-12-05,水生根茎类,2.0,2,0.8236626150974955,1.0,0.8031671773084377,0.19683282269156227,0.8242518111852828,1.0,0.19811985831577544
2021-12-06,水生根茎类,2.0,2,0.7844707847450192,1.0,0.80423930429182,0.19576069570817997,0.8236626150974955,1.0,0.19683282269156227
2021-12-07,水生根茎类,2.0,2,0.6970565231672055,1.0,0.8045814686914251,0.19541853130857492,0.7844707847450192,1.0,0.19576069570817997
2021-12-08,水生根茎类,2.0,2,0.8030974974577755,1.0,0.8053876446697018,0.19461235533029828,0.6970565231672055,1.0,0.19541853130857492
2021-12-09,水生根茎类,2.0,2,0.6629616919881133,0.9999999999999999,0.8059628669991897,0.1940371330008102,0.8030974974577755,1.0,0.19461235533029828
2021-12-10,水生根茎类,2.0,2,0.8033975048270121,0.9999999999999999,0.8065643123686848,0.19343568763131516,0.6629616919881133,0.9999999999999999,0.1940371330008102
2021-12-11,水生根茎类,2.0,2,0.889640890230986,1.0,0.8073291450598831,0.1926708549401167,0.8033975048270121,0.9999999999999999,0.19343568763131516
2021-12-12,水生根茎类,1.0,2,1.0,1.0,0.75592241502209,0.24407758497791002,0.889640890230986,1.0,0.1926708549401167
2021-12-13,水生根茎类,2.0,2,0.9649473512363251,1.0,0.8100781672656583,0.2248958476020961,1.0,1.0,0.24407758497791002
2021-12-14,水生根茎类,1.0,2,1.0,1.0,0.7577913226021084,0.24220867739789165,0.9649473512363251,1.0,0.2248958476020961
2021-12-15,水生根茎类,1.0,1,1.0,1.0,0.0526721621272,0.9473278378728001,1.0,1.0,0.24220867739789165
2021-12-16,水生根茎类,2.0,2,0.8238895309270056,1.0,0.8113856191721853,0.1886143808278148,1.0,1.0,0.9473278378728001
2021-12-17,水生根茎类,2.0,2,0.7744645856888743,1.0,0.8122210898054906,0.18777891019450949,0.8238895309270056,1.0,0.1886143808278148
2021-12-18,水生根茎类,3.0,3,0.5295355721299312,1.0,0.8130430332628531,0.2517962728097025,0.7744645856888743,1.0,0.18777891019450949
2021-12-19,水生根茎类,2.0,2,0.68768933039342,1.0,0.8141458274790709,0.18585417252092915,0.5295355721299312,1.0,0.2517962728097025
2021-12-20,水生根茎类,2.0,2,0.7066746357816502,1.0,0.8153491496481591,0.18465085035184092,0.68768933039342,1.0,0.18585417252092915
2021-12-21,水生根茎类,2.0,2,0.9528314758305549,1.0,0.8162363690208806,0.21411974239339798,0.7066746357816502,1.0,0.18465085035184092
2021-12-22,水生根茎类,2.0,2,0.757813521338756,1.0,0.8170914596073579,0.18290854039264218,0.9528314758305549,1.0,0.21411974239339798
2021-12-23,水生根茎类,2.0,2,0.8964150252768057,1.0,0.8178519307254023,0.18214806927459773,0.757813521338756,1.0,0.18290854039264218
2021-12-24,水生根茎类,1.0,1,1.0,1.0,0.7639291864826184,0.2360708135173816,0.8964150252768057,1.0,0.18214806927459773
2021-12-25,水生根茎类,2.0,2,0.8854204309186118,1.0,0.8195404063537391,0.18045959364626077,1.0,1.0,0.2360708135173816
2021-12-26,水生根茎类,2.0,2,0.8902078946554364,1.0,0.8207166496662875,0.17928335033371243,0.8854204309186118,1.0,0.18045959364626077
2021-12-27,水生根茎类,2.0,2,0.8181996689699347,1.0,0.8223224214212763,0.17767757857872366,0.8902078946554364,1.0,0.17928335033371243
2021-12-28,水生根茎类,2.0,2,0.8291661014596983,1.0,0.8230864327524364,0.17691356724756355,0.8181996689699347,1.0,0.17767757857872366
2021-12-29,水生根茎类,2.0,2,0.7928597154867278,0.9999999999999999,0.8237341108023786,0.17626588919762143,0.8291661014596983,1.0,0.17691356724756355
2021-12-30,水生根茎类,2.0,2,0.7046835595043641,1.0,0.8244498683450274,0.1755501316549725,0.7928597154867278,0.9999999999999999,0.17626588919762143
2021-12-31,水生根茎类,2.0,2,0.9044561476499298,1.0,0.8256455076349332,0.17996547116353057,0.7046835595043641,1.0,0.1755501316549725
2022-01-01,水生根茎类,2.0,2,0.8156749042040907,1.0,0.8270058195690578,0.1729941804309424,0.9044561476499298,1.0,0.17996547116353057
2022-01-02,水生根茎类,2.0,2,0.7291268493124583,0.9999999999999999,0.8284472422508198,0.17155275774918016,0.8156749042040907,1.0,0.1729941804309424
2022-01-03,水生根茎类,2.0,2,0.9858662025962885,1.0,0.8289956777822332,0.22051397581770693,0.7291268493124583,0.9999999999999999,0.17155275774918016
2022-01-04,水生根茎类,2.0,2,0.9842878250259874,1.0,0.8298587592238,0.2186491923760461,0.9858662025962885,1.0,0.22051397581770693
2022-01-05,水生根茎类,2.0,2,0.8420117241778478,1.0,0.830699247782831,0.16930075221716898,0.9842878250259874,1.0,0.2186491923760461
2022-01-06,水生根茎类,2.0,2,0.8470679093582029,0.9999999999999999,0.8311571868039629,0.16884281319603714,0.8420117241778478,1.0,0.16930075221716898
2022-01-07,水生根茎类,2.0,2,0.8598622052218412,1.0,0.8317411868615229,0.16825881313847715,0.8470679093582029,0.9999999999999999,0.16884281319603714
2022-01-08,水生根茎类,2.0,2,0.953600902505712,1.0,0.8324864272325283,0.20037399355761296,0.8598622052218412,1.0,0.16825881313847715
2022-01-09,水生根茎类,3.0,3,0.6966025733843222,1.0,0.9357398532102706,0.09182344276590712,0.953600902505712,1.0,0.20037399355761296
2022-01-10,水生根茎类,4.0,4,0.44985946252868303,0.9605542001317828,0.9370347040403666,0.23216404090756912,0.6966025733843222,1.0,0.09182344276590712
2022-01-11,水生根茎类,4.0,4,0.49139886043903924,0.9890021459227468,0.9376149392191189,0.17992299791621566,0.44985946252868303,0.9605542001317828,0.23216404090756912
2022-01-12,水生根茎类,3.0,3,0.542553070931424,0.9999999999999999,0.9363171194285367,0.16070148599719403,0.49139886043903924,0.9890021459227468,0.17992299791621566
2022-01-13,水生根茎类,2.0,2,0.6269116937198407,0.9999999999999999,0.8328467723688388,0.19149769715035084,0.542553070931424,0.9999999999999999,0.16070148599719403
2022-01-14,水生根茎类,3.0,3,0.5989319301840861,1.0,0.9375725510562248,0.16518710549402624,0.6269116937198407,0.9999999999999999,0.19149769715035084
2022-01-15,水生根茎类,3.0,3,0.7191283472520912,0.9999999999999999,0.9378539435722968,0.11085916764194616,0.5989319301840861,1.0,0.16518710549402624
2022-01-16,水生根茎类,3.0,3,0.6296668654793534,0.9999999999999999,0.9382815230660877,0.06171847693391234,0.7191283472520912,0.9999999999999999,0.11085916764194616
2022-01-17,水生根茎类,3.0,3,0.9181760672887765,1.0,0.9386182258307579,0.18286510800879063,0.6296668654793534,0.9999999999999999,0.06171847693391234
2022-01-18,水生根茎类,2.0,2,0.8429426084325171,1.0,0.8311030022219976,0.16889699777800235,0.9181760672887765,1.0,0.18286510800879063
2022-01-19,水生根茎类,2.0,2,0.9418623094464029,1.0,0.8315366985286954,0.1962416403892522,0.8429426084325171,1.0,0.16889699777800235
2022-01-20,水生根茎类,2.0,2,0.9391241504135392,1.0,0.8321295968058255,0.19411864400513024,0.9418623094464029,1.0,0.1962416403892522
2022-01-21,水生根茎类,2.0,2,0.9017858309339319,1.0,0.8328271664806476,0.1730007268229786,0.9391241504135392,1.0,0.19411864400513024
2022-01-22,水生根茎类,2.0,2,0.8900601400587993,0.9999999999999999,0.8334788052641093,0.16652119473589067,0.9017858309339319,1.0,0.1730007268229786
2022-01-23,水生根茎类,2.0,2,0.8448202173128897,1.0,0.8342330527276245,0.16576694727237554,0.8900601400587993,0.9999999999999999,0.16652119473589067
2022-01-24,水生根茎类,2.0,2,0.8967131726450948,1.0,0.8350947988497652,0.1681527661539448,0.8448202173128897,1.0,0.16576694727237554
2022-01-25,水生根茎类,2.0,2,0.8069450660487534,1.0,0.8355854982275885,0.1644145017724115,0.8967131726450948,1.0,0.1681527661539448
2022-01-26,水生根茎类,2.0,2,0.8205133266697288,1.0,0.8363681269594451,0.16363187304055496,0.8069450660487534,1.0,0.1644145017724115
2022-01-27,水生根茎类,3.0,3,0.900865186074837,1.0,0.9413938821265905,0.16952144827290513,0.8205133266697288,1.0,0.16363187304055496
2022-01-28,水生根茎类,3.0,3,0.5506386897905842,1.0,0.9419311875302396,0.1274881032891406,0.900865186074837,1.0,0.16952144827290513
2022-01-29,水生根茎类,3.0,3,0.4475911685407855,0.9999999999999999,0.9426045238998105,0.46718527709555874,0.5506386897905842,1.0,0.1274881032891406
2022-01-30,水生根茎类,3.0,3,0.41343212014062725,1.0,0.943366351300023,0.36685542070117294,0.4475911685407855,0.9999999999999999,0.46718527709555874
2022-02-01,水生根茎类,3.0,3,0.41759217941817245,1.0,0.9442902687867328,0.2880191776711807,,,
2022-02-02,水生根茎类,2.0,2,0.8505162671723223,1.0,0.8271165421028074,0.1728834578971927,0.41759217941817245,1.0,0.2880191776711807
2022-02-03,水生根茎类,2.0,2,0.5010032132616744,1.0,0.8275583520629199,0.41731492694713956,0.8505162671723223,1.0,0.1728834578971927
2022-02-04,水生根茎类,2.0,2,0.9415206814671082,1.0,0.8276651146997018,0.2027052901910668,0.5010032132616744,1.0,0.41731492694713956
2022-02-05,水生根茎类,3.0,3,0.40811121054131405,1.0,0.9449983027762732,0.7125369831900179,0.9415206814671082,1.0,0.2027052901910668
2022-02-06,水生根茎类,2.0,2,0.8439736098074679,1.0,0.8282411089759546,0.1717588910240453,0.40811121054131405,1.0,0.7125369831900179
2022-02-07,水生根茎类,2.0,2,0.923658636232888,1.0,0.8275428317953586,0.19368381094596596,0.8439736098074679,1.0,0.1717588910240453
2022-02-08,水生根茎类,2.0,2,0.9106958894570578,1.0,0.8279760789168475,0.18612327247691585,0.923658636232888,1.0,0.19368381094596596
2022-02-09,水生根茎类,2.0,2,0.9379988981105161,1.0,0.8283210312078395,0.20057906437631867,0.9106958894570578,1.0,0.18612327247691585
2022-02-10,水生根茎类,2.0,2,0.9406043307240013,1.0,0.8286290372849004,0.20161136725173873,0.9379988981105161,1.0,0.20057906437631867
2022-02-11,水生根茎类,2.0,2,0.8235872843776006,0.9999999999999999,0.8289263693963187,0.17107363060368128,0.9406043307240013,1.0,0.20161136725173873
2022-02-12,水生根茎类,3.0,3,0.7252976310086477,0.9999999999999999,0.9453380523380465,0.09279438670242457,0.8235872843776006,0.9999999999999999,0.17107363060368128
2022-02-13,水生根茎类,4.0,4,0.6650975640252975,0.9741982093557294,0.945564924408396,0.1447235115101048,0.7252976310086477,0.9999999999999999,0.09279438670242457
2022-02-14,水生根茎类,2.0,2,0.8196714364304118,1.0,0.8312035034033751,0.168796496596625,0.6650975640252975,0.9741982093557294,0.1447235115101048
2022-02-15,水生根茎类,3.0,3,0.9004772484903362,1.0,0.8316469157208058,0.19726720232361494,0.8196714364304118,1.0,0.168796496596625
2022-02-16,水生根茎类,3.0,3,0.7983317081532345,0.9999999999999999,0.8322013439805699,0.19713637728070132,0.9004772484903362,1.0,0.19726720232361494
2022-02-17,水生根茎类,3.0,3,0.8136856564554338,1.0,0.8325155125907053,0.20432908164536248,0.7983317081532345,0.9999999999999999,0.19713637728070132
2022-02-18,水生根茎类,2.0,2,0.9440162903539981,1.0,0.7724212339179144,0.2275787660820856,0.8136856564554338,1.0,0.20432908164536248
2022-02-19,水生根茎类,2.0,2,0.9497354589102056,1.0,0.7728489687892408,0.22715103121075908,0.9440162903539981,1.0,0.2275787660820856
2022-02-20,水生根茎类,1.0,1,1.0,1.0,0.772633037526,0.22736696247399998,0.9497354589102056,1.0,0.22715103121075908
2022-02-21,水生根茎类,1.0,1,1.0,1.0,0.773100195326203,0.22689980467379703,1.0,1.0,0.22736696247399998
2022-02-22,水生根茎类,1.0,1,1.0,1.0,0.773394366250817,0.22660563374918305,1.0,1.0,0.22689980467379703
2022-02-23,水生根茎类,1.0,1,1.0,1.0,0.7735965665834611,0.2264034334165389,1.0,1.0,0.22660563374918305
2022-02-24,水生根茎类,1.0,1,1.0,1.0,0.7736985196485051,0.22630148035149486,1.0,1.0,0.2264034334165389
2022-02-25,水生根茎类,2.0,2,0.5034856008010287,1.0,0.8872893900000585,0.34486524304530647,1.0,1.0,0.22630148035149486
2022-02-26,水生根茎类,1.0,1,1.0,1.0,0.7730699673238981,0.2269300326761019,0.5034856008010287,1.0,0.34486524304530647
2022-02-27,水生根茎类,1.0,1,1.0,1.0,0.7735244626514908,0.22647553734850925,1.0,1.0,0.2269300326761019
2022-02-28,水生根茎类,1.0,1,1.0,1.0,0.7739150594597154,0.22608494054028466,1.0,1.0,0.22647553734850925
2022-03-01,水生根茎类,1.0,1,1.0,1.0,0.7742119367705866,0.2257880632294134,1.0,1.0,0.22608494054028466
2022-03-02,水生根茎类,1.0,1,1.0,1.0,0.7741538868132255,0.2258461131867745,1.0,1.0,0.2257880632294134
2022-03-03,水生根茎类,1.0,1,1.0,1.0,0.7743416937460292,0.22565830625397074,1.0,1.0,0.2258461131867745
2022-03-04,水生根茎类,1.0,1,1.0,1.0,0.7745233928595425,0.22547660714045745,1.0,1.0,0.22565830625397074
2022-03-05,水生根茎类,1.0,1,1.0,1.0,0.7746482334074221,0.22535176659257786,1.0,1.0,0.22547660714045745
2022-03-06,水生根茎类,1.0,1,1.0,1.0,0.7751534260716296,0.22484657392837043,1.0,1.0,0.22535176659257786
2022-03-07,水生根茎类,1.0,1,1.0,1.0,0.7756903640107987,0.22430963598920128,1.0,1.0,0.22484657392837043
2022-03-08,水生根茎类,1.0,1,1.0,1.0,0.7759088857062295,0.22409111429377043,1.0,1.0,0.22430963598920128
2022-03-09,水生根茎类,1.0,1,1.0,1.0,0.7760588695874857,0.22394113041251434,1.0,1.0,0.22409111429377043
2022-03-10,水生根茎类,1.0,1,1.0,1.0,0.7763536044582544,0.2236463955417456,1.0,1.0,0.22394113041251434
2022-03-11,水生根茎类,1.0,1,1.0,1.0,0.776672058192339,0.22332794180766102,1.0,1.0,0.2236463955417456
2022-03-12,水生根茎类,1.0,1,1.0,1.0,0.7770805729562876,0.22291942704371234,1.0,1.0,0.22332794180766102
2022-03-13,水生根茎类,1.0,1,1.0,1.0,0.7774923505729775,0.22250764942702245,1.0,1.0,0.22291942704371234
2022-03-14,水生根茎类,1.0,1,1.0,1.0,0.7779171764649002,0.22208282353509984,1.0,1.0,0.22250764942702245
2022-03-15,水生根茎类,2.0,2,0.9321913271266846,1.0,0.7781929976231394,0.2218070023768606,1.0,1.0,0.22208282353509984
2022-03-16,水生根茎类,1.0,1,1.0,1.0,0.7800357954874857,0.2199642045125143,0.9321913271266846,1.0,0.2218070023768606
2022-03-17,水生根茎类,2.0,2,0.9562073840307421,1.0,0.7803206170608241,0.21967938293917588,1.0,1.0,0.2199642045125143
2022-03-18,水生根茎类,2.0,2,0.9785988030126163,0.9999999999999999,0.7807774387385429,0.21922256126145706,0.9562073840307421,1.0,0.21967938293917588
2022-03-19,水生根茎类,1.0,1,1.0,1.0,0.7816419796170984,0.21835802038290167,0.9785988030126163,0.9999999999999999,0.21922256126145706
2022-03-20,水生根茎类,2.0,2,0.8745277326069416,1.0,0.7828203527037303,0.21717964729626976,1.0,1.0,0.21835802038290167
2022-03-21,水生根茎类,1.0,1,1.0,1.0,0.7831559841191387,0.21684401588086125,0.8745277326069416,1.0,0.21717964729626976
2022-03-22,水生根茎类,1.0,1,1.0,1.0,0.7835246822591959,0.21647531774080414,1.0,1.0,0.21684401588086125
2022-03-23,水生根茎类,2.0,2,0.8358028091709251,1.0,0.784306026430954,0.21569397356904585,1.0,1.0,0.21647531774080414
2022-03-24,水生根茎类,1.0,1,1.0,1.0,0.7842980439464605,0.21570195605353953,0.8358028091709251,1.0,0.21569397356904585
2022-03-25,水生根茎类,3.0,3,0.5742925682878771,1.0,0.8919168769161296,0.17986689292980734,1.0,1.0,0.21570195605353953
2022-03-26,水生根茎类,3.0,3,0.6505094559805608,1.0,0.8921530452940055,0.1131728608693116,0.5742925682878771,1.0,0.17986689292980734
2022-03-27,水生根茎类,2.0,2,0.6871388549449289,1.0,0.8918513034109709,0.10814869658902924,0.6505094559805608,1.0,0.1131728608693116
2022-03-28,水生根茎类,3.0,3,0.4324940613245997,1.0000000000000002,0.8925907424450651,0.3460826058543731,0.6871388549449289,1.0,0.10814869658902924
2022-03-29,水生根茎类,3.0,3,0.7083115106467424,1.0000000000000002,0.8926962845743575,0.10730371542564265,0.4324940613245997,1.0000000000000002,0.3460826058543731
2022-03-30,水生根茎类,3.0,3,0.76563907985909,1.0,0.8927823744990441,0.10721762550095595,0.7083115106467424,1.0000000000000002,0.10730371542564265
2022-03-31,水生根茎类,3.0,3,0.50034855749935,0.9999999999999999,0.8928627510289666,0.27933620498689626,0.76563907985909,1.0,0.10721762550095595
2022-04-01,水生根茎类,2.0,2,0.6395220532009311,1.0,0.8922822466285825,0.1261745407066088,0.50034855749935,0.9999999999999999,0.27933620498689626
2022-04-02,水生根茎类,3.0,3,0.620846488670588,1.0000000000000002,0.8931657390167911,0.1287518151923824,0.6395220532009311,1.0,0.1261745407066088
2022-04-03,水生根茎类,2.0,2,0.8451670027695699,0.9999999999999999,0.7830111388517051,0.21698886114829488,0.620846488670588,1.0000000000000002,0.1287518151923824
2022-04-04,水生根茎类,1.0,1,1.0,1.0,0.7823891199310244,0.21761088006897564,0.8451670027695699,0.9999999999999999,0.21698886114829488
2022-04-05,水生根茎类,1.0,1,1.0,1.0,0.7826383680653808,0.21736163193461921,1.0,1.0,0.21761088006897564
2022-04-06,水生根茎类,2.0,2,0.6712482864213357,1.0,0.7838548596080579,0.2161451403919422,1.0,1.0,0.21736163193461921
2022-04-07,水生根茎类,1.0,1,1.0,1.0,0.7829115159661454,0.21708848403385464,0.6712482864213357,1.0,0.2161451403919422
2022-04-08,水生根茎类,2.0,2,0.6934760033791676,1.0,0.7840885572430333,0.21591144275696678,1.0,1.0,0.21708848403385464
2022-04-09,水生根茎类,2.0,2,0.9065900761011747,1.0,0.78398054952884,0.21601945047115992,0.6934760033791676,1.0,0.21591144275696678
2022-04-10,水生根茎类,2.0,2,0.9215157549236683,1.0,0.7841656618578603,0.21583433814213973,0.9065900761011747,1.0,0.21601945047115992
2022-04-11,水生根茎类,1.0,1,1.0,1.0,0.7830597638160048,0.2169402361839951,0.9215157549236683,1.0,0.21583433814213973
2022-04-12,水生根茎类,1.0,1,1.0,1.0,0.7830608127599769,0.21693918724002323,1.0,1.0,0.2169402361839951
2022-04-13,水生根茎类,1.0,1,1.0,1.0,0.7831623559560166,0.21683764404398342,1.0,1.0,0.21693918724002323
2022-04-14,水生根茎类,2.0,2,0.7807594519619225,1.0,0.8126851727453955,0.18731482725460447,1.0,1.0,0.21683764404398342
2022-04-15,水生根茎类,2.0,2,0.7733200976364731,1.0,0.8128124933308293,0.18718750666917058,0.7807594519619225,1.0,0.18731482725460447
2022-04-16,水生根茎类,2.0,2,0.9400843971144854,1.0,0.8129659166465294,0.18703408335347058,0.7733200976364731,1.0,0.18718750666917058
2022-04-17,水生根茎类,1.0,1,1.0,1.0,0.7836579524721828,0.21634204752781727,0.9400843971144854,1.0,0.18703408335347058
2022-04-18,水生根茎类,1.0,1,1.0,1.0,0.7838072289239089,0.21619277107609114,1.0,1.0,0.21634204752781727
2022-04-19,水生根茎类,3.0,3,0.526094500812297,1.0,0.8145712642726182,0.27836848142356374,1.0,1.0,0.21619277107609114
2022-04-20,水生根茎类,2.0,2,0.6402282982369563,1.0,0.7851809065706753,0.2338075015128834,0.526094500812297,1.0,0.27836848142356374
2022-04-21,水生根茎类,2.0,2,0.6970760350722343,1.0,0.8131853384051024,0.1868146615948976,0.6402282982369563,1.0,0.2338075015128834
2022-04-22,水生根茎类,2.0,2,0.8594815749737297,1.0,0.7852651338933669,0.21473486610663314,0.6970760350722343,1.0,0.1868146615948976
2022-04-23,水生根茎类,3.0,3,0.8153879751700495,1.0,0.8147525173907703,0.1852474826092297,0.8594815749737297,1.0,0.21473486610663314
2022-04-24,水生根茎类,1.0,1,1.0,1.0,0.7839262510554087,0.21607374894459128,0.8153879751700495,1.0,0.1852474826092297
2022-04-25,水生根茎类,2.0,2,0.5765352551911433,1.0,0.7854803839294106,0.30287981174102857,1.0,1.0,0.21607374894459128
2022-04-26,水生根茎类,1.0,2,1.0,1.0,0.7839396629560423,0.2160603370439577,0.5765352551911433,1.0,0.30287981174102857
2022-04-27,水生根茎类,1.0,2,1.0,1.0,0.7839729444409249,0.21602705555907514,1.0,1.0,0.2160603370439577
2022-04-28,水生根茎类,2.0,2,0.5005508903091169,0.9999999999999998,0.7855609671329992,0.4818170173568585,1.0,1.0,0.21602705555907514
2022-04-29,水生根茎类,2.0,2,0.6572702821653871,1.0,0.8133750486918144,0.19019528449476497,0.5005508903091169,0.9999999999999998,0.4818170173568585
2022-04-30,水生根茎类,1.0,1,1.0,1.0,0.7839475390464801,0.21605246095352004,0.6572702821653871,1.0,0.19019528449476497
2022-05-01,水生根茎类,3.0,3,0.6497901877169046,0.9999999999999998,0.8195442499351563,0.18045575006484352,1.0,1.0,0.21605246095352004
2022-05-02,水生根茎类,2.0,2,0.8356736625902412,1.0,0.8145196053532106,0.1854803946467895,0.6497901877169046,0.9999999999999998,0.18045575006484352
2022-05-03,水生根茎类,1.0,1,1.0,1.0,0.7855746548342114,0.2144253451657886,0.8356736625902412,1.0,0.1854803946467895
2022-05-04,水生根茎类,2.0,2,0.8009851566423198,1.0,0.8146941192290507,0.1853058807709494,1.0,1.0,0.2144253451657886
2022-05-05,水生根茎类,3.0,3,0.36892279565978964,1.0,0.8149088654046607,0.6153654765650222,0.8009851566423198,1.0,0.1853058807709494
2022-05-06,水生根茎类,3.0,3,0.6018745938921377,1.0,0.8158103624753782,0.21746448619849088,0.36892279565978964,1.0,0.6153654765650222
2022-05-07,水生根茎类,3.0,3,0.6014968041408022,1.0,0.8158280763233329,0.22142976161780953,0.6018745938921377,1.0,0.21746448619849088
2022-05-08,水生根茎类,3.0,3,0.5586441160521689,1.0,0.8159211033460233,0.2504391016958051,0.6014968041408022,1.0,0.22142976161780953
2022-05-09,水生根茎类,3.0,3,0.736658538276664,0.9999999999999999,0.8214607763554391,0.17853922364456085,0.5586441160521689,1.0,0.2504391016958051
2022-05-10,水生根茎类,4.0,4,0.5340303480703792,0.9395869523258059,0.8218135408606665,0.25648990048755554,0.736658538276664,0.9999999999999999,0.17853922364456085
2022-05-11,水生根茎类,3.0,3,0.6276894540267269,1.0,0.7931579206555661,0.8845741148077617,0.5340303480703792,0.9395869523258059,0.25648990048755554
2022-05-12,水生根茎类,4.0,4,0.7103971946838367,0.9674717569146865,0.8215193274945128,0.1784806725054873,0.6276894540267269,1.0,0.8845741148077617
2022-05-13,水生根茎类,3.0,3,0.337114432558025,1.0,0.8209621558592735,0.6774580551585614,0.7103971946838367,0.9674717569146865,0.1784806725054873
2022-05-14,水生根茎类,4.0,4,0.6529734214065572,0.9715192663786262,0.8212159278019444,0.1787840721980556,0.337114432558025,1.0,0.6774580551585614
2022-05-15,水生根茎类,3.0,3,0.8069625300088008,0.9999999999999999,0.82074988271013,0.17925011728986995,0.6529734214065572,0.9715192663786262,0.1787840721980556
2022-05-16,水生根茎类,4.0,4,0.45728177063012815,0.9350873409532025,0.8211848242907166,0.3293517514460933,0.8069625300088008,0.9999999999999999,0.17925011728986995
2022-05-17,水生根茎类,4.0,4,0.3141805022062791,0.909875876956287,0.8211029229541248,0.5425362537787753,0.45728177063012815,0.9350873409532025,0.3293517514460933
2022-05-18,水生根茎类,1.0,1,1.0,1.0,0.785491133976999,0.214508866023001,0.3141805022062791,0.909875876956287,0.5425362537787753
2022-05-19,水生根茎类,2.0,2,0.698312067771325,1.0,0.791573736017073,0.208426263982927,1.0,1.0,0.214508866023001
2022-05-20,水生根茎类,3.0,3,0.4643197809183822,1.0,0.8202962556713046,0.34673749821286826,0.698312067771325,1.0,0.208426263982927
2022-05-21,水生根茎类,2.0,2,0.8743494859303462,1.0,0.7915741795192217,0.20842582048077832,0.4643197809183822,1.0,0.34673749821286826
2022-05-22,水生根茎类,3.0,3,0.4807970842164042,1.0,0.8205526631728145,0.37995538415016844,0.8743494859303462,1.0,0.20842582048077832
2022-05-23,水生根茎类,2.0,2,0.8657755797756375,1.0,0.791780324051407,0.20821967594859306,0.4807970842164042,1.0,0.37995538415016844
2022-05-24,水生根茎类,3.0,3,0.5234398880839168,0.9999999999999999,0.8208657153141445,0.2955002647829208,0.8657755797756375,1.0,0.20821967594859306
2022-05-25,水生根茎类,3.0,3,0.4587938661442489,1.0,0.820984208474403,0.34928334260385596,0.5234398880839168,0.9999999999999999,0.2955002647829208
2022-05-26,水生根茎类,3.0,3,0.3909979181394815,0.9999999999999998,0.821135464985806,0.45993622895796604,0.4587938661442489,1.0,0.34928334260385596
2022-05-27,水生根茎类,4.0,4,0.680022360271372,0.9652291713705127,0.8217306880628084,0.1782693119371917,0.3909979181394815,0.9999999999999998,0.45993622895796604
2022-05-28,水生根茎类,4.0,4,0.43479326381602007,0.9586795418818774,0.8218792654360099,0.35588917073182735,0.680022360271372,0.9652291713705127,0.1782693119371917
2022-05-29,水生根茎类,3.0,3,0.43214233581916994,1.0,0.8215082611326708,0.379602823010116,0.43479326381602007,0.9586795418818774,0.35588917073182735
2022-05-30,水生根茎类,4.0,4,0.3084896683345026,0.8964691801316576,0.8224430004785779,0.5955716138274014,0.43214233581916994,1.0,0.379602823010116
2022-05-31,水生根茎类,3.0,3,0.3981355725541976,0.9999999999999999,0.8223880895696113,0.5398043545213671,0.3084896683345026,0.8964691801316576,0.5955716138274014
2022-06-01,水生根茎类,3.0,3,0.4811982455564766,1.0,0.8226068778492319,0.5794667747191157,0.3981355725541976,0.9999999999999999,0.5398043545213671
2022-06-02,水生根茎类,5.0,5,0.29153947724098284,0.912180052956752,0.82327595342888,0.66029802431334,0.4811982455564766,1.0,0.5794667747191157
2022-06-03,水生根茎类,5.0,5,0.2751184499141253,0.8375131717597473,0.8233171480915032,0.5839288789422564,0.29153947724098284,0.912180052956752,0.66029802431334
2022-06-04,水生根茎类,3.0,3,0.37041071213553434,1.0,0.8217555093394406,0.5935727496571371,0.2751184499141253,0.8375131717597473,0.5839288789422564
2022-06-05,水生根茎类,4.0,4,0.35506285474870547,0.9355030171134631,0.8227645928376158,0.5255753262876893,0.37041071213553434,1.0,0.5935727496571371
2022-06-06,水生根茎类,3.0,3,0.35087677908635884,0.9999999999999998,0.8219395383602797,0.5467903770717649,0.35506285474870547,0.9355030171134631,0.5255753262876893
2022-06-07,水生根茎类,4.0,4,0.4467955699486444,0.9347275031685678,0.822679810657162,0.3384829284871754,0.35087677908635884,0.9999999999999998,0.5467903770717649
2022-06-08,水生根茎类,4.0,4,0.3178274042647282,0.9115241635687732,0.8228289066125972,0.6156079435839547,0.4467955699486444,0.9347275031685678,0.3384829284871754
2022-06-09,水生根茎类,4.0,4,0.32317871059139514,0.9502003434459074,0.8228762312494778,0.5424756733130001,0.3178274042647282,0.9115241635687732,0.6156079435839547
2022-06-10,水生根茎类,4.0,4,0.3163896133206659,0.9510955859002859,0.8226744943963965,0.5516106315011344,0.32317871059139514,0.9502003434459074,0.5424756733130001
2022-06-11,水生根茎类,4.0,4,0.33502796823245834,0.9171462699533065,0.8224826272766826,0.8040566235900102,0.3163896133206659,0.9510955859002859,0.5516106315011344
2022-06-12,水生根茎类,5.0,5,0.27531775713472806,0.828390630902909,0.8235006214040568,0.7893293660728675,0.33502796823245834,0.9171462699533065,0.8040566235900102
2022-06-13,水生根茎类,4.0,4,0.2656806086427017,0.7976673427991886,0.0430414473729508,0.9569585526270492,0.27531775713472806,0.828390630902909,0.7893293660728675
2022-06-14,水生根茎类,5.0,5,0.3307743585219315,0.8674335798411394,0.8235392607070801,0.5366431196474628,0.2656806086427017,0.7976673427991886,0.9569585526270492
2022-06-15,水生根茎类,5.0,5,0.23292399869970282,0.7779706790123457,0.8236543568315114,0.8470256980194333,0.3307743585219315,0.8674335798411394,0.5366431196474628
2022-06-16,水生根茎类,4.0,4,0.4968481912938006,0.922012343370114,0.8224518994908613,0.28061291965002133,0.23292399869970282,0.7779706790123457,0.8470256980194333
2022-06-17,水生根茎类,5.0,5,0.358306936720129,0.9069423929098966,0.8242281692650362,0.4294406906190022,0.4968481912938006,0.922012343370114,0.28061291965002133
2022-06-18,水生根茎类,5.0,5,0.33947383961358163,0.8804371348193032,0.8244347980462411,0.465316718033592,0.358306936720129,0.9069423929098966,0.4294406906190022
2022-06-19,水生根茎类,4.0,4,0.32550207158391053,0.9075992535872853,0.8234137632708187,0.701503322263726,0.33947383961358163,0.8804371348193032,0.465316718033592
2022-06-20,水生根茎类,4.0,4,0.3506899319797758,0.9346897482014388,0.822983918974542,0.5662735170506237,0.32550207158391053,0.9075992535872853,0.701503322263726
2022-06-21,水生根茎类,5.0,5,0.2606998117979915,0.7606795315850239,0.8248179031672547,0.5397253392524698,0.3506899319797758,0.9346897482014388,0.5662735170506237
2022-06-22,水生根茎类,4.0,4,0.3934015151577154,0.9403882369984065,0.823375797558084,0.49508890863272187,0.2606998117979915,0.7606795315850239,0.5397253392524698
2022-06-23,水生根茎类,4.0,4,0.3331678409452751,0.9211403184005925,0.8233473162904205,0.8747092158145611,0.3934015151577154,0.9403882369984065,0.49508890863272187
2022-06-24,水生根茎类,5.0,5,0.3590276264721103,0.9668444238349175,0.8281520483472136,0.5312299487148372,0.3331678409452751,0.9211403184005925,0.8747092158145611
2022-06-25,水生根茎类,6.0,6,0.37381793373258426,0.9310721015570763,0.8301447971939446,0.6504792217504715,0.3590276264721103,0.9668444238349175,0.5312299487148372
2022-06-26,水生根茎类,5.0,5,0.33677107549206725,0.8685116694299198,0.8290927801103326,0.4425654108143664,0.37381793373258426,0.9310721015570763,0.6504792217504715
2022-06-27,水生根茎类,4.0,4,0.3770158193981575,0.9071016667983252,0.8216885991560765,0.40347197959972597,0.33677107549206725,0.8685116694299198,0.4425654108143664
2022-06-28,水生根茎类,6.0,6,0.3155436751640367,0.9042613199323113,0.831056009632598,0.715785731539099,0.3770158193981575,0.9071016667983252,0.40347197959972597
2022-06-29,水生根茎类,4.0,4,0.37298146328415716,0.9622781982876286,0.8206424172565194,0.4679552750447006,0.3155436751640367,0.9042613199323113,0.715785731539099
2022-06-30,水生根茎类,4.0,4,0.46495829923875437,0.9858823529411765,0.820576318040412,0.32475758658942605,0.37298146328415716,0.9622781982876286,0.4679552750447006
2022-07-01,水生根茎类,4.0,4,0.4195164656657875,0.9488930133898978,0.8205251538005656,0.3810497627284143,0.46495829923875437,0.9858823529411765,0.32475758658942605
2022-07-02,水生根茎类,3.0,3,0.44090020520873496,1.0,0.8190500480406213,0.38791343585731225,0.4195164656657875,0.9488930133898978,0.3810497627284143
2022-07-03,水生根茎类,5.0,5,0.3767674462215912,0.9441078389930017,0.8292840004887715,0.49082319456273765,0.44090020520873496,1.0,0.38791343585731225
2022-07-04,水生根茎类,4.0,4,0.5737557420022945,0.9435679311538653,0.8191265521162304,0.2060257034212653,0.3767674462215912,0.9441078389930017,0.49082319456273765
2022-07-05,水生根茎类,5.0,5,0.4685414737406772,0.9389416946794947,0.8300136539098925,0.28673688513445017,0.5737557420022945,0.9435679311538653,0.2060257034212653
2022-07-06,水生根茎类,4.0,4,0.3566988042790136,0.9632733610128659,0.8283981356608319,0.5303167184257194,0.4685414737406772,0.9389416946794947,0.28673688513445017
2022-07-07,水生根茎类,4.0,4,0.36894197201493406,0.9422746482143687,0.8287700135439485,0.47051231057369297,0.3566988042790136,0.9632733610128659,0.5303167184257194
2022-07-08,水生根茎类,5.0,5,0.3897816576995238,0.9362944395194571,0.8309748992206132,0.5069066492546236,0.36894197201493406,0.9422746482143687,0.47051231057369297
2022-07-09,水生根茎类,6.0,6,0.3545654865294967,0.9164225517148137,0.8335691710858688,0.410777769576268,0.3897816576995238,0.9362944395194571,0.5069066492546236
2022-07-10,水生根茎类,5.0,5,0.4074219268542479,0.904349774528751,0.8325754467267317,0.8580072304603071,0.3545654865294967,0.9164225517148137,0.410777769576268
2022-07-11,水生根茎类,4.0,4,0.3867923375268888,0.9211019490254873,0.8304819899427666,0.8498453640666201,0.4074219268542479,0.904349774528751,0.8580072304603071
2022-07-12,水生根茎类,3.0,3,0.3833399355202475,1.0,0.8131117063451297,0.7126667287385077,0.3867923375268888,0.9211019490254873,0.8498453640666201
2022-07-13,水生根茎类,3.0,3,0.47117608771906583,1.0,0.8132848977876814,0.7784951125849604,0.3833399355202475,1.0,0.7126667287385077
2022-07-14,水生根茎类,3.0,3,0.46020970037748526,1.0,0.7946276161311827,0.6082080366611322,0.47117608771906583,1.0,0.7784951125849604
2022-07-15,水生根茎类,5.0,5,0.27193034152491646,0.845853573907009,0.8340600683867867,0.6963420709985096,0.46020970037748526,1.0,0.6082080366611322
2022-07-16,水生根茎类,5.0,5,0.5551737614375652,0.9401220220801859,0.8344338887971732,0.8514814093403983,0.27193034152491646,0.845853573907009,0.6963420709985096
2022-07-17,水生根茎类,4.0,4,0.45506776177529873,0.9663290175171363,0.8326733709728513,0.5939393373492721,0.5551737614375652,0.9401220220801859,0.8514814093403983
2022-07-18,水生根茎类,5.0,5,0.35058999345833786,0.898819678980537,0.8366531862388316,0.4488448620487737,0.45506776177529873,0.9663290175171363,0.5939393373492721
2022-07-19,水生根茎类,6.0,6,0.4613538763646165,0.9725690209557601,0.8392648938807948,0.5403709171734604,0.35058999345833786,0.898819678980537,0.4488448620487737
2022-07-20,水生根茎类,5.0,5,0.44709992638348767,0.9829668177494266,0.8379414990893301,0.48829485323425337,0.4613538763646165,0.9725690209557601,0.5403709171734604
2022-07-21,水生根茎类,6.0,6,0.3700238753759988,0.9131585879873548,0.838801749246113,0.44640394077843554,0.44709992638348767,0.9829668177494266,0.48829485323425337
2022-07-22,水生根茎类,6.0,6,0.4926402448115015,0.9113887013279315,0.8403059457801674,0.21620766818136805,0.3700238753759988,0.9131585879873548,0.44640394077843554
2022-07-23,水生根茎类,4.0,4,0.6647394882069273,0.9842258853221865,0.7967787960782116,0.2032212039217885,0.4926402448115015,0.9113887013279315,0.21620766818136805
2022-07-24,水生根茎类,4.0,4,0.4213381329238999,0.9677583392065374,0.8382384034882252,0.4427082772430449,0.6647394882069273,0.9842258853221865,0.2032212039217885
2022-07-25,水生根茎类,5.0,5,0.4485858975796371,0.9573003210751051,0.8422722309427768,0.5321022750689419,0.4213381329238999,0.9677583392065374,0.4427082772430449
2022-07-26,水生根茎类,4.0,4,0.37966257377292667,0.9847958991040181,0.8403081332593949,0.49624571898006326,0.4485858975796371,0.9573003210751051,0.5321022750689419
2022-07-27,水生根茎类,4.0,4,0.4115309891454157,0.9561382531264506,0.8145508052159511,0.4345931638442702,0.37966257377292667,0.9847958991040181,0.49624571898006326
2022-07-28,水生根茎类,5.0,5,0.4243923525883747,0.9587236023037989,0.843273540452027,0.36466734611742596,0.4115309891454157,0.9561382531264506,0.4345931638442702
2022-07-29,水生根茎类,4.0,5,0.3976730441815677,0.9474453714739769,0.848534199691429,0.4748909158685615,0.4243923525883747,0.9587236023037989,0.36466734611742596
2022-07-30,水生根茎类,5.0,6,0.48355112256456706,0.9542089388538526,0.8577643321182148,0.2169150295437745,0.3976730441815677,0.9474453714739769,0.4748909158685615
2022-07-31,水生根茎类,5.0,5,0.46233700731779304,0.9585381979010723,0.8583487660806003,0.5803082033654232,0.48355112256456706,0.9542089388538526,0.2169150295437745
2022-08-01,水生根茎类,5.0,5,0.4307932815214831,0.9504718537583318,0.8602311624886546,0.5102601019528828,0.46233700731779304,0.9585381979010723,0.5803082033654232
2022-08-02,水生根茎类,4.0,4,0.6530339255255835,0.9674475955610358,0.7898012917261306,0.2101987082738695,0.4307932815214831,0.9504718537583318,0.5102601019528828
2022-08-03,水生根茎类,4.0,4,0.5112449262824008,0.9861281109751123,0.8325381434112603,0.5700314691519017,0.6530339255255835,0.9674475955610358,0.2101987082738695
2022-08-04,水生根茎类,5.0,5,0.5362538627570249,0.9304358666687446,0.86208938299608,0.14537049597240492,0.5112449262824008,0.9861281109751123,0.5700314691519017
2022-08-05,水生根茎类,4.0,4,0.6743776670880608,0.9695886731465252,0.7870628327082377,0.21293716729176226,0.5362538627570249,0.9304358666687446,0.14537049597240492
2022-08-06,水生根茎类,5.0,5,0.41184105684012445,0.9434771923854892,0.8278833466004486,0.5205370258759211,0.6743776670880608,0.9695886731465252,0.21293716729176226
2022-08-07,水生根茎类,5.0,5,0.3753892834610138,0.9092678779199856,0.8288898655078162,0.4746161578103753,0.41184105684012445,0.9434771923854892,0.5205370258759211
2022-08-08,水生根茎类,5.0,5,0.4389779492040287,0.9593800672103026,0.8297463264315409,0.5198213545481077,0.3753892834610138,0.9092678779199856,0.4746161578103753
2022-08-09,水生根茎类,5.0,5,0.42539626549398135,0.9317806816242153,0.8305286393817154,0.2973473485371876,0.4389779492040287,0.9593800672103026,0.5198213545481077
2022-08-10,水生根茎类,5.0,5,0.44881538172585994,0.9618300917513514,0.8309889303103145,0.5138488294553043,0.42539626549398135,0.9317806816242153,0.2973473485371876
2022-08-11,水生根茎类,5.0,5,0.4039912803469345,0.9373877562748734,0.8318983311052546,0.49205123461803396,0.44881538172585994,0.9618300917513514,0.5138488294553043
2022-08-12,水生根茎类,5.0,5,0.420753366476538,0.9545004054419317,0.83280893044755,0.4068702525264399,0.4039912803469345,0.9373877562748734,0.49205123461803396
2022-08-13,水生根茎类,4.0,4,0.45840174978209536,0.9682386359570982,0.8296036127985704,0.513819409371978,0.420753366476538,0.9545004054419317,0.4068702525264399
2022-08-14,水生根茎类,6.0,6,0.512607971697938,0.9129051645527647,0.870957627247122,0.1488629199883596,0.45840174978209536,0.9682386359570982,0.513819409371978
2022-08-15,水生根茎类,5.0,5,0.41986482250508217,0.9482589139435822,0.8357739458507576,0.5212970255953815,0.512607971697938,0.9129051645527647,0.1488629199883596
2022-08-16,水生根茎类,6.0,6,0.3471450346571811,0.9116103449281276,0.8373978503098596,0.40801091143449253,0.41986482250508217,0.9482589139435822,0.5212970255953815
2022-08-17,水生根茎类,6.0,6,0.4189231656087098,0.947349878650278,0.8359207456039189,0.3880397966291292,0.3471450346571811,0.9116103449281276,0.40801091143449253
2022-08-18,水生根茎类,6.0,6,0.3749410696893618,0.8931489469677746,0.8367468507825521,0.3403644745017865,0.4189231656087098,0.947349878650278,0.3880397966291292
2022-08-19,水生根茎类,6.0,6,0.3865683702081253,0.8920933660237244,0.8351289226780477,0.31466389296851793,0.3749410696893618,0.8931489469677746,0.3403644745017865
2022-08-20,水生根茎类,5.0,5,0.49734334802450214,0.9377115272399342,0.8346452554965064,0.19060477165529607,0.3865683702081253,0.8920933660237244,0.31466389296851793
2022-08-21,水生根茎类,5.0,5,0.42797567899358246,0.9439070244402668,0.8353701271705194,0.27708483878753803,0.49734334802450214,0.9377115272399342,0.19060477165529607
2022-08-22,水生根茎类,5.0,5,0.4649213564905395,0.9689623994512688,0.836036174227716,0.6009128851267846,0.42797567899358246,0.9439070244402668,0.27708483878753803
2022-08-23,水生根茎类,5.0,5,0.42728640669456186,0.9625076539023129,0.8365212974973956,0.4762626067799014,0.4649213564905395,0.9689623994512688,0.6009128851267846
2022-08-24,水生根茎类,4.0,4,0.42723593989733366,0.9733198119295658,0.8076885383044295,0.34637742014799244,0.42728640669456186,0.9625076539023129,0.4762626067799014
2022-08-25,水生根茎类,4.0,4,0.4895242702567931,0.9931000991481354,0.8087700044910842,0.22334888882730278,0.42723593989733366,0.9733198119295658,0.34637742014799244
2022-08-26,水生根茎类,3.0,3,0.40550483084092087,0.9999999999999999,0.8045348546226747,0.42367632229837926,0.4895242702567931,0.9931000991481354,0.22334888882730278
2022-08-27,水生根茎类,4.0,4,0.4575198169340952,0.9866003618386044,0.8095076711580506,0.2954528970496294,0.40550483084092087,0.9999999999999999,0.42367632229837926
2022-08-28,水生根茎类,4.0,4,0.46787797059463876,0.9474733652624378,0.8859167298460491,0.15538600888863827,0.4575198169340952,0.9866003618386044,0.2954528970496294
2022-08-29,水生根茎类,3.0,3,0.4243017397051419,1.0,0.8780609342598958,0.2330542242484957,0.46787797059463876,0.9474733652624378,0.15538600888863827
2022-08-30,水生根茎类,4.0,4,0.42518998715973655,0.9678432465458288,0.8869987207448529,0.35942490297373664,0.4243017397051419,1.0,0.2330542242484957
2022-08-31,水生根茎类,2.0,2,0.7145786963870507,1.0,0.7646902790029956,0.23530972099700445,0.42518998715973655,0.9678432465458288,0.35942490297373664
2022-09-01,水生根茎类,4.0,4,0.3814209928968936,0.903833208316504,0.887703481440978,0.25840745651440383,0.7145786963870507,1.0,0.23530972099700445
2022-09-02,水生根茎类,3.0,3,0.6453382729207623,1.0,0.7738528264539681,0.226147173546032,0.3814209928968936,0.903833208316504,0.25840745651440383
2022-09-03,水生根茎类,3.0,3,0.562330724616174,1.0,0.7741602601631106,0.22583973983688946,0.6453382729207623,1.0,0.226147173546032
2022-09-04,水生根茎类,4.0,4,0.4465435301320021,0.9595755680839018,0.8886209956630815,0.17115223652687664,0.562330724616174,1.0,0.22583973983688946
2022-09-05,水生根茎类,4.0,4,0.34351444849319396,0.9117214817817869,0.889440197652422,0.3376593245516159,0.4465435301320021,0.9595755680839018,0.17115223652687664
2022-09-06,水生根茎类,4.0,4,0.37831629643356973,0.9372082801347931,0.8897860665568222,0.2999074375846776,0.34351444849319396,0.9117214817817869,0.3376593245516159
2022-09-07,水生根茎类,4.0,4,0.3972176944050372,0.9387823547979798,0.8900542577093031,0.24700559430678637,0.37831629643356973,0.9372082801347931,0.2999074375846776
2022-09-08,水生根茎类,4.0,4,0.45848430743889734,0.9591893044372539,0.8902986226715953,0.1571913642502973,0.3972176944050372,0.9387823547979798,0.24700559430678637
2022-09-09,水生根茎类,4.0,4,0.4001590651541167,0.9512460847065233,0.8904451916231061,0.2573646221876054,0.45848430743889734,0.9591893044372539,0.1571913642502973
2022-09-10,水生根茎类,5.0,5,0.41402871925925,0.8997021876025136,0.890987998081022,0.2062519722447914,0.4001590651541167,0.9512460847065233,0.2573646221876054
2022-09-11,水生根茎类,4.0,4,0.38603684763095486,0.9335057916675394,0.8914815216925547,0.22788783251850778,0.41402871925925,0.8997021876025136,0.2062519722447914
2022-09-12,水生根茎类,4.0,4,0.4130697224014115,0.9468710315702431,0.217390205982635,0.7826097940173651,0.38603684763095486,0.9335057916675394,0.22788783251850778
2022-09-13,水生根茎类,4.0,4,0.27000497007536406,0.8568673290473408,0.21910073011610062,0.7808992698838993,0.4130697224014115,0.9468710315702431,0.7826097940173651
2022-09-14,水生根茎类,4.0,4,0.45060038019463977,0.9154369794089046,0.2201992595173714,0.7823910186214558,0.27000497007536406,0.8568673290473408,0.7808992698838993
2022-09-15,水生根茎类,4.0,4,0.32574865736334546,0.9144480593868853,0.22155823826086804,0.778441761739132,0.45060038019463977,0.9154369794089046,0.7823910186214558
2022-09-16,水生根茎类,4.0,4,0.3251282128659422,0.8788155591078632,0.10184515336325681,0.8981548466367434,0.32574865736334546,0.9144480593868853,0.778441761739132
2022-09-17,水生根茎类,6.0,6,0.333716866852985,0.8815731020131404,0.8935794781195701,0.7513868234179095,0.3251282128659422,0.8788155591078632,0.8981548466367434
2022-09-18,水生根茎类,5.0,5,0.46757861950832164,0.9417138045288961,0.23003477229240793,0.7699652277075921,0.333716866852985,0.8815731020131404,0.7513868234179095
2022-09-19,水生根茎类,3.0,3,0.5164862327116952,0.9999999999999999,0.091894732494953,0.9081052675050469,0.46757861950832164,0.9417138045288961,0.7699652277075921
2022-09-20,水生根茎类,3.0,3,0.46393837924472237,0.9999999999999999,0.7521386328945677,0.8625427681029347,0.5164862327116952,0.9999999999999999,0.9081052675050469
2022-09-21,水生根茎类,3.0,3,0.6025682686217385,1.0,0.10501736655843234,0.8949826334415677,0.46393837924472237,0.9999999999999999,0.8625427681029347
2022-09-22,水生根茎类,3.0,3,0.5486474607212124,1.0,0.10548687010934588,0.8945131298906542,0.6025682686217385,1.0,0.8949826334415677
2022-09-23,水生根茎类,3.0,3,0.5983832337609842,1.0,0.09489372691722542,0.9051062730827745,0.5486474607212124,1.0,0.8945131298906542
2022-09-24,水生根茎类,2.0,2,0.7823224019769714,1.0,0.09467997966112701,0.905320020338873,0.5983832337609842,1.0,0.9051062730827745
2022-09-25,水生根茎类,3.0,3,0.3560368357275069,1.0,0.10994213199680578,0.8900578680031942,0.7823224019769714,1.0,0.905320020338873
2022-09-26,水生根茎类,4.0,4,0.4315624939472485,0.9845553917956277,0.764790570400139,0.3967330222113212,0.3560368357275069,1.0,0.8900578680031942
2022-09-27,水生根茎类,3.0,4,0.36313602372248804,1.0,0.7518933257860138,0.468024305585717,0.4315624939472485,0.9845553917956277,0.3967330222113212
2022-09-28,水生根茎类,3.0,3,0.5709378469080129,1.0,0.752194630849121,0.24780536915087903,0.36313602372248804,1.0,0.468024305585717
2022-09-29,水生根茎类,4.0,4,0.4785326467331061,0.9488015531274112,0.7661323488824647,0.2466330953646954,0.5709378469080129,1.0,0.24780536915087903
2022-09-30,水生根茎类,5.0,5,0.5726140928290888,0.9399993227914536,0.797751602225803,0.20224839777419684,0.4785326467331061,0.9488015531274112,0.2466330953646954
2022-10-01,水生根茎类,3.0,3,0.5885246162216187,1.0000000000000002,0.7537928849545268,0.2462071150454733,0.5726140928290888,0.9399993227914536,0.20224839777419684
2022-10-02,水生根茎类,4.0,4,0.5028280423897218,0.9461695567899467,0.7681296568419124,0.2318703431580876,0.5885246162216187,1.0000000000000002,0.2462071150454733
2022-10-03,水生根茎类,3.0,3,0.4574715314975259,1.0000000000000002,0.7561489893212411,0.30082611973396206,0.5028280423897218,0.9461695567899467,0.2318703431580876
2022-10-04,水生根茎类,4.0,4,0.5007495918271303,0.964720194647202,0.7706368424631237,0.22936315753687628,0.4574715314975259,1.0000000000000002,0.30082611973396206
2022-10-05,水生根茎类,3.0,3,0.5374417372319474,1.0,0.7590553595727364,0.24094464042726368,0.5007495918271303,0.964720194647202,0.22936315753687628
2022-10-06,水生根茎类,4.0,4,0.49333982908169466,0.9674551542494413,0.7737364334564168,0.2279677215849582,0.5374417372319474,1.0,0.24094464042726368
2022-10-07,水生根茎类,4.0,4,0.4380019827539059,0.9617089798820527,0.7757020611160073,0.26846730613726477,0.49333982908169466,0.9674551542494413,0.2279677215849582
2022-10-08,水生根茎类,4.0,4,0.5897861464483825,0.9798333244297237,0.7771181005266481,0.2228818994733519,0.4380019827539059,0.9617089798820527,0.26846730613726477
2022-10-09,水生根茎类,4.0,4,0.5309440481543297,0.9468573615230078,0.7783649638155544,0.22163503618444552,0.5897861464483825,0.9798333244297237,0.2228818994733519
2022-10-10,水生根茎类,3.0,3,0.5073122532345735,1.0,0.7660465704993416,0.23395342950065848,0.5309440481543297,0.9468573615230078,0.22163503618444552
2022-10-11,水生根茎类,3.0,3,0.7116072349451623,0.9999999999999999,0.766742950385653,0.23325704961434698,0.5073122532345735,1.0,0.23395342950065848
2022-10-12,水生根茎类,4.0,4,0.5710253257858465,0.9770156438026474,0.7806939650726916,0.2193060349273084,0.7116072349451623,0.9999999999999999,0.23325704961434698
2022-10-13,水生根茎类,4.0,4,0.6124684106076572,0.988473745754218,0.7811291280567899,0.22053966427777474,0.5710253257858465,0.9770156438026474,0.2193060349273084
2022-10-14,水生根茎类,4.0,4,0.44939893969251044,0.9585643419900789,0.7818413438306077,0.8060837735862556,0.6124684106076572,0.988473745754218,0.22053966427777474
2022-10-15,水生根茎类,3.0,3,0.6908133488166777,1.0,0.7686441335835957,0.2313558664164043,0.44939893969251044,0.9585643419900789,0.8060837735862556
2022-10-16,水生根茎类,3.0,3,0.773624921540352,1.0,0.7701317046382571,0.23006338594312717,0.6908133488166777,1.0,0.2313558664164043
2022-10-17,水生根茎类,3.0,3,0.5860709722904786,0.9999999999999998,0.7748786469339518,0.22512135306604814,0.773624921540352,1.0,0.23006338594312717
2022-10-18,水生根茎类,3.0,3,0.6885900364179905,0.9999999999999999,0.7753990815757756,0.2246009184242243,0.5860709722904786,0.9999999999999998,0.22512135306604814
2022-10-19,水生根茎类,2.0,2,0.6578230517906569,1.0,0.7629946543899151,0.237005345610085,0.6885900364179905,0.9999999999999999,0.2246009184242243
2022-10-20,水生根茎类,2.0,2,0.5784615743657961,1.0,0.7635472099049954,0.23645279009500464,0.6578230517906569,1.0,0.237005345610085
2022-10-21,水生根茎类,3.0,3,0.459045224391381,1.0,0.7771469430114093,0.31193756279165474,0.5784615743657961,1.0,0.23645279009500464
2022-10-22,水生根茎类,3.0,3,0.8503605129702032,1.0,0.7785406650398341,0.25942968863782534,0.459045224391381,1.0,0.31193756279165474
2022-10-23,水生根茎类,2.0,2,0.6896178642372657,1.0,0.7664051897128984,0.2335948102871016,0.8503605129702032,1.0,0.25942968863782534
2022-10-24,水生根茎类,3.0,3,0.9150869130919269,0.9999999999999999,0.7803139192527101,0.2949291852059288,0.6896178642372657,1.0,0.2335948102871016
2022-10-25,水生根茎类,3.0,3,0.6166011897576879,1.0,0.780774242845135,0.219225757154865,0.9150869130919269,0.9999999999999999,0.2949291852059288
2022-10-26,水生根茎类,3.0,3,0.5845707620475582,1.0,0.7812044036025629,0.2237396766946631,0.6166011897576879,1.0,0.219225757154865
2022-10-27,水生根茎类,3.0,3,0.5722823550141248,0.9999999999999999,0.7816029133372401,0.2183970866627598,0.5845707620475582,1.0,0.2237396766946631
2022-10-28,水生根茎类,3.0,3,0.5766988288278119,1.0,0.7820341200576013,0.2179658799423988,0.5722823550141248,0.9999999999999999,0.2183970866627598
2022-10-29,水生根茎类,3.0,3,0.6046330787310742,1.0000000000000002,0.782696725813697,0.21737570607517007,0.5766988288278119,1.0,0.2179658799423988
2022-10-30,水生根茎类,2.0,3,0.660379496155131,1.0,0.7707895272269929,0.22921047277300707,0.6046330787310742,1.0000000000000002,0.21737570607517007
2022-10-31,水生根茎类,3.0,3,0.7843488583283684,1.0,0.7846955461257694,0.22759243880786645,0.660379496155131,1.0,0.22921047277300707
2022-11-01,水生根茎类,3.0,3,0.5143839956300564,1.0,0.7851014956068727,0.27553218757433784,0.7843488583283684,1.0,0.22759243880786645
2022-11-03,水生根茎类,2.0,2,0.607832217863276,1.0,0.7724582821389464,0.6233878177457094,,,
2022-11-05,水生根茎类,3.0,3,0.5185741558645021,1.0,0.7856080513743058,0.24345218040038233,,,
2022-11-06,水生根茎类,3.0,3,0.6597067642989226,1.0,0.786626985037496,0.21658605119975968,0.5185741558645021,1.0,0.24345218040038233
2022-11-07,水生根茎类,3.0,3,0.5839668538484314,1.0,0.787439800787225,0.21256019921277514,0.6597067642989226,1.0,0.21658605119975968
2022-11-08,水生根茎类,3.0,3,0.4732095050008896,1.0,0.7877852106388642,0.31084615128347237,0.5839668538484314,1.0,0.21256019921277514
2022-11-09,水生根茎类,3.0,3,0.5883862149493544,1.0,0.7881861029173983,0.21181389708260157,0.4732095050008896,1.0,0.31084615128347237
2022-11-10,水生根茎类,2.0,3,0.511076434170905,1.0,0.7753331010371102,0.4632343695160673,0.5883862149493544,1.0,0.21181389708260157
2022-11-11,水生根茎类,3.0,3,0.4661610494212109,0.9999999999999999,0.7886666708820594,0.31314125511085217,0.511076434170905,1.0,0.4632343695160673
2022-11-12,水生根茎类,3.0,3,0.5296173789018834,1.0,0.7891267582926688,0.22951967312114238,0.4661610494212109,0.9999999999999999,0.31314125511085217
2022-11-13,水生根茎类,3.0,3,0.6646084110220996,1.0,0.7900938004178366,0.20990619958216353,0.5296173789018834,1.0,0.22951967312114238
2022-11-14,水生根茎类,2.0,3,0.5511458426240151,1.0,0.777537276762893,0.2268908375018604,0.6646084110220996,1.0,0.20990619958216353
2022-11-15,水生根茎类,3.0,3,0.48398869189157584,1.0,0.7911452965749414,0.33477975204866134,0.5511458426240151,1.0,0.2268908375018604
2022-11-16,水生根茎类,3.0,3,0.45433814470308875,1.0,0.7783053286336045,0.3514416623602639,0.48398869189157584,1.0,0.33477975204866134
2022-11-17,水生根茎类,4.0,4,0.5125080140436538,0.9845620590476659,0.789491713522437,0.6110255424053167,0.45433814470308875,1.0,0.3514416623602639
2022-11-18,水生根茎类,4.0,4,0.47280354509333045,0.9881964197509838,0.7900105295778375,0.3469669414104488,0.5125080140436538,0.9845620590476659,0.6110255424053167
2022-11-19,水生根茎类,4.0,4,0.6425427733387186,0.9904505185647836,0.7908128573028825,0.21314264844094574,0.47280354509333045,0.9881964197509838,0.3469669414104488
2022-11-20,水生根茎类,3.0,3,0.48787726294328615,1.0,0.7797701718590536,0.4747238367318865,0.6425427733387186,0.9904505185647836,0.21314264844094574
2022-11-21,水生根茎类,5.0,5,0.48761181256481334,0.9844818009725795,0.8028567103458187,0.2647046591283714,0.48787726294328615,1.0,0.4747238367318865
2022-11-22,水生根茎类,3.0,3,0.6745631868090016,1.0,0.7964681705750836,0.21073614686638575,0.48761181256481334,0.9844818009725795,0.2647046591283714
2022-11-23,水生根茎类,3.0,3,0.5047679110017143,1.0000000000000002,0.7968654793865654,0.26328632484347064,0.6745631868090016,1.0,0.21073614686638575
2022-11-24,水生根茎类,3.0,3,0.8259781873991316,1.0,0.7974521081083397,0.2583142700918314,0.5047679110017143,1.0000000000000002,0.26328632484347064
2022-11-25,水生根茎类,3.0,3,0.5321108269987926,1.0,0.7978336362990882,0.20988929536140113,0.8259781873991316,1.0,0.2583142700918314
2022-11-26,水生根茎类,3.0,3,0.508705110841164,1.0,0.7986033642592529,0.47029878659854224,0.5321108269987926,1.0,0.20988929536140113
2022-11-27,水生根茎类,1.0,1,1.0,1.0,0.6612719891848231,0.3387280108151769,0.508705110841164,1.0,0.47029878659854224
2022-11-28,水生根茎类,2.0,2,0.5055739055475035,0.9999999999999999,0.7858605706058084,0.42828321167768274,1.0,1.0,0.3387280108151769
2022-11-29,水生根茎类,2.0,2,0.6595750157968266,1.0,0.7859208789695351,0.2140791210304649,0.5055739055475035,0.9999999999999999,0.42828321167768274
2022-12-04,水生根茎类,2.0,2,0.5575060251498027,1.0,0.7863880662334621,0.2136119337665379,,,
2022-12-05,水生根茎类,2.0,2,0.760667177618835,1.0,0.7866293859434104,0.736044696166271,0.5575060251498027,1.0,0.2136119337665379
2022-12-06,水生根茎类,2.0,2,0.5410350436163078,1.0,0.7872191953370731,0.230212718511685,0.760667177618835,1.0,0.736044696166271
2022-12-07,水生根茎类,2.0,2,0.5493791347252408,1.0,0.7879984341096802,0.21563410445654388,0.5410350436163078,1.0,0.230212718511685
2022-12-08,水生根茎类,2.0,2,0.7082641718223428,1.0,0.7887940360435359,0.21120596395646404,0.5493791347252408,1.0,0.21563410445654388
2022-12-09,水生根茎类,3.0,3,0.4764816541943356,0.9999999999999999,0.7901879644369817,0.34326791845058885,0.7082641718223428,1.0,0.21120596395646404
2022-12-10,水生根茎类,4.0,4,0.4950761482173621,0.9900692840646651,0.7993952973052566,0.25047060159106393,0.4764816541943356,0.9999999999999999,0.34326791845058885
2022-12-11,水生根茎类,3.0,3,0.3863436229595212,1.0,0.7993410417390382,0.44029911122533727,0.4950761482173621,0.9900692840646651,0.25047060159106393
2022-12-12,水生根茎类,4.0,4,0.44148510188608076,0.9612503314770618,0.801090231266652,0.24420841522492442,0.3863436229595212,1.0,0.44029911122533727
2022-12-13,水生根茎类,5.0,5,0.4537063213384202,0.9431336003489709,0.8145447064639992,0.24494149703925125,0.44148510188608076,0.9612503314770618,0.24420841522492442
2022-12-14,水生根茎类,4.0,4,0.513357172714739,0.9802827256625339,0.8020115207579223,0.19798847924207771,0.4537063213384202,0.9431336003489709,0.24494149703925125
2022-12-15,水生根茎类,3.0,3,0.5503565533975687,1.0000000000000002,0.7928840164764965,0.20711598352350366,0.513357172714739,0.9802827256625339,0.19798847924207771
2022-12-16,水生根茎类,3.0,3,0.601895631642049,1.0,0.8020180632159303,0.19798193678406972,0.5503565533975687,1.0000000000000002,0.20711598352350366
2022-12-17,水生根茎类,3.0,3,0.45299775234613554,0.9999999999999999,0.8028512602836996,0.4010458109106174,0.601895631642049,1.0,0.19798193678406972
2022-12-18,水生根茎类,4.0,4,0.4731840219196511,0.9799284365065958,0.816887213143012,0.2551654428384912,0.45299775234613554,0.9999999999999999,0.4010458109106174
2022-12-19,水生根茎类,5.0,5,0.4086216168153614,0.9533833914364888,0.8187230389817454,0.3628989042799149,0.4731840219196511,0.9799284365065958,0.2551654428384912
2022-12-20,水生根茎类,4.0,4,0.44687674399922717,0.9582093991671625,0.8065884833524682,0.2602557174741479,0.4086216168153614,0.9533833914364888,0.3628989042799149
2022-12-21,水生根茎类,4.0,5,0.40796923273178304,0.9728543563068919,0.807242325307259,0.30043184969504416,0.44687674399922717,0.9582093991671625,0.2602557174741479
2022-12-22,水生根茎类,4.0,4,0.6272285711075302,0.9898929317162023,0.8194617791578968,0.18324785223658746,0.40796923273178304,0.9728543563068919,0.30043184969504416
2022-12-23,水生根茎类,5.0,5,0.5134518587696363,0.9762145098830913,0.8217536925510962,0.18710737782008272,0.6272285711075302,0.9898929317162023,0.18324785223658746
2022-12-24,水生根茎类,4.0,4,0.44239289886111954,0.9937291915828943,0.8209636442743895,0.28140461199591443,0.5134518587696363,0.9762145098830913,0.18710737782008272
2022-12-25,水生根茎类,5.0,5,0.4264031965260919,0.942970543228768,0.8514876858330258,0.23743999634781335,0.44239289886111954,0.9937291915828943,0.28140461199591443
2022-12-26,水生根茎类,5.0,5,0.32889117075677377,0.9101849867866582,0.8413217255792745,0.4088265088420986,0.4264031965260919,0.942970543228768,0.23743999634781335
2022-12-27,水生根茎类,6.0,6,0.29499716910995055,0.8614459539949514,0.8546686925055655,0.4695760062476167,0.32889117075677377,0.9101849867866582,0.4088265088420986
2022-12-28,水生根茎类,6.0,6,0.34808254073244554,0.9408696818768761,0.8552815489139058,0.3415505463867555,0.29499716910995055,0.8614459539949514,0.4695760062476167
2022-12-29,水生根茎类,6.0,6,0.3275588415411598,0.9107643243075874,0.8558347929957211,0.428767140745275,0.34808254073244554,0.9408696818768761,0.3415505463867555
2022-12-30,水生根茎类,5.0,5,0.30828341169853296,0.946311711860216,0.843753433753997,0.44283401108833775,0.3275588415411598,0.9107643243075874,0.428767140745275
2022-12-31,水生根茎类,5.0,5,0.2840663260380029,0.8727205531943865,0.844717658096266,0.43493398210675754,0.30828341169853296,0.946311711860216,0.44283401108833775
2023-01-01,水生根茎类,6.0,6,0.27443157923762673,0.8062120484033026,0.8582682675440494,0.41483048799390826,0.2840663260380029,0.8727205531943865,0.43493398210675754
2023-01-02,水生根茎类,5.0,5,0.2471387370054544,0.8079720465637403,0.20422179718963124,0.7957782028103687,0.27443157923762673,0.8062120484033026,0.41483048799390826
2023-01-03,水生根茎类,4.0,4,0.31800106237765247,0.947174396573029,0.19358186176676187,0.8064181382332382,0.2471387370054544,0.8079720465637403,0.7957782028103687
2023-01-04,水生根茎类,5.0,5,0.399165621164383,0.9577870872350911,0.208337135866046,0.7916628641339541,0.31800106237765247,0.947174396573029,0.8064181382332382
2023-01-05,水生根茎类,4.0,4,0.36195763695035243,0.949650400057666,0.20689858704243033,0.7931014129575695,0.399165621164383,0.9577870872350911,0.7916628641339541
2023-01-06,水生根茎类,6.0,6,0.3358244686689641,0.9505020080321285,0.8614637225723247,0.40722350171333666,0.36195763695035243,0.949650400057666,0.7931014129575695
2023-01-07,水生根茎类,5.0,5,0.30019254845306553,0.8922788679617395,0.8496221944908144,0.4233834273376639,0.3358244686689641,0.9505020080321285,0.40722350171333666
2023-01-08,水生根茎类,5.0,5,0.3440767202185684,0.9602909065295484,0.8598528482078776,0.3605853227251628,0.30019254845306553,0.8922788679617395,0.4233834273376639
2023-01-09,水生根茎类,5.0,5,0.39883196272284216,0.9197144256295267,0.8603584888356167,0.211199051660071,0.3440767202185684,0.9602909065295484,0.3605853227251628
2023-01-10,水生根茎类,5.0,5,0.333581883365737,0.938811348294107,0.8277174381305383,0.4248349607709497,0.39883196272284216,0.9197144256295267,0.211199051660071
2023-01-11,水生根茎类,4.0,5,0.4762858544598296,0.9894194322489163,0.7120949033848817,0.3470569151047322,0.333581883365737,0.938811348294107,0.4248349607709497
2023-01-12,水生根茎类,4.0,5,0.4405088144985353,0.98597609561753,0.712730205425198,0.32916612734195994,0.4762858544598296,0.9894194322489163,0.3470569151047322
2023-01-13,水生根茎类,3.0,4,0.8092781913562643,1.0,0.6995353101348964,0.30046468986510344,0.4405088144985353,0.98597609561753,0.32916612734195994
2023-01-14,水生根茎类,4.0,4,0.3869480789381659,0.9768859834232809,0.8498155615766328,0.39625731658313224,0.8092781913562643,1.0,0.30046468986510344
2023-01-15,水生根茎类,3.0,3,0.514684259767327,1.0,0.8380277592537071,0.5346013555007989,0.3869480789381659,0.9768859834232809,0.39625731658313224
2023-01-16,水生根茎类,4.0,4,0.36437098060830797,0.9940211000513424,0.8428488961185824,0.4233800394149609,0.514684259767327,1.0,0.5346013555007989
2023-01-17,水生根茎类,4.0,4,0.36245140050569047,0.990697297234676,0.8439974959333815,0.4747380981364512,0.36437098060830797,0.9940211000513424,0.4233800394149609
2023-01-18,水生根茎类,4.0,4,0.371025104770223,0.9696805955811719,0.8452334451122692,0.45792193058765723,0.36245140050569047,0.990697297234676,0.4747380981364512
2023-01-19,水生根茎类,4.0,4,0.4028118899558583,0.991916681612052,0.8459986435961958,0.4090859181798007,0.371025104770223,0.9696805955811719,0.45792193058765723
2023-01-20,水生根茎类,4.0,4,0.35702108287109147,0.990717011671176,0.8472102958535576,0.3960779829269125,0.4028118899558583,0.991916681612052,0.4090859181798007
2023-01-22,水生根茎类,2.0,2,0.7612474864922001,1.0,0.8053507710577155,0.21932463609561473,,,
2023-01-23,水生根茎类,2.0,2,0.5543506530970511,1.0,0.8062034999363965,0.19379650006360352,0.7612474864922001,1.0,0.21932463609561473
2023-01-24,水生根茎类,3.0,3,0.5254714163986741,1.0,0.8488452377288331,0.1617504702330805,0.5543506530970511,1.0,0.19379650006360352
2023-01-25,水生根茎类,3.0,3,0.5531085548891741,1.0,0.8498873012191497,0.16423211276679056,0.5254714163986741,1.0,0.1617504702330805
2023-01-26,水生根茎类,3.0,3,0.4841328127044143,1.0,0.8510771429034811,0.14982945347575552,0.5531085548891741,1.0,0.16423211276679056
2023-01-27,水生根茎类,3.0,3,0.4520967345568333,1.0,0.8517905452739744,0.2397233333713854,0.4841328127044143,1.0,0.14982945347575552
2023-01-28,水生根茎类,3.0,3,0.478900658568852,1.0,0.853875344572827,0.17930263480723282,0.4520967345568333,1.0,0.2397233333713854
2023-01-29,水生根茎类,4.0,4,0.3844129400586589,0.9530460256225115,0.8587653185298901,0.30088538326761743,0.478900658568852,1.0,0.17930263480723282
2023-01-30,水生根茎类,4.0,4,0.38973855445784683,0.97976562015584,0.85911239037803,0.3140466850542532,0.3844129400586589,0.9530460256225115,0.30088538326761743
2023-01-31,水生根茎类,4.0,4,0.4081306704368797,0.946144581274734,0.8604475996764593,0.25276500208174185,0.38973855445784683,0.97976562015584,0.3140466850542532
2023-02-01,水生根茎类,4.0,4,0.341310010220828,0.9625971036731562,0.8608858665169498,0.324052770640548,0.4081306704368797,0.946144581274734,0.25276500208174185
2023-02-02,水生根茎类,4.0,4,0.4232070463055811,0.9595373930298897,0.861110518615283,0.25317035515368563,0.341310010220828,0.9625971036731562,0.324052770640548
2023-02-03,水生根茎类,4.0,4,0.4621067750531806,0.9660552158606632,0.8624024599424791,0.14384346855805144,0.4232070463055811,0.9595373930298897,0.25317035515368563
2023-02-04,水生根茎类,4.0,4,0.4147605141427797,0.9410458408287328,0.863599200186185,0.188587705897664,0.4621067750531806,0.9660552158606632,0.14384346855805144
2023-02-05,水生根茎类,5.0,5,0.4435284538949392,0.9543848175769999,0.8650242083400136,0.3676663099917861,0.4147605141427797,0.9410458408287328,0.188587705897664
2023-02-06,水生根茎类,1.0,3,1.0,1.0,0.0011499719775993613,0.9988500280224005,0.4435284538949392,0.9543848175769999,0.3676663099917861
2023-02-07,水生根茎类,4.0,4,0.36273996210850307,0.9363364435912317,0.6922391609780951,0.4688925508151427,1.0,1.0,0.9988500280224005
2023-02-08,水生根茎类,4.0,5,0.3987996090280068,0.9501241079739372,0.8628189232117685,0.2108570054272826,0.36273996210850307,0.9363364435912317,0.4688925508151427
2023-02-09,水生根茎类,4.0,5,0.408645225707466,0.9620318243746947,0.8637830970555879,0.22605432238774412,0.3987996090280068,0.9501241079739372,0.2108570054272826
2023-02-10,水生根茎类,3.0,4,0.36216267879138503,1.0,0.8208317692840308,0.35292310698561025,0.408645225707466,0.9620318243746947,0.22605432238774412
2023-02-11,水生根茎类,4.0,4,0.5343102873151866,0.9825944762406287,0.8261450906293645,0.17385490937063555,0.36216267879138503,1.0,0.35292310698561025
2023-02-12,水生根茎类,4.0,4,0.6352179737288294,0.9956229613315118,0.8279200564026987,0.19653493950560424,0.5343102873151866,0.9825944762406287,0.17385490937063555
2023-02-13,水生根茎类,2.0,3,0.5702931661168167,1.0,0.8215703660643587,0.5097603346055973,0.6352179737288294,0.9956229613315118,0.19653493950560424
2023-02-14,水生根茎类,3.0,3,0.49096909829637636,1.0,0.8274219445698899,0.17257805543011,0.5702931661168167,1.0,0.5097603346055973
2023-02-15,水生根茎类,3.0,3,0.6535364519694021,1.0,0.8283374032414338,0.17166259675856624,0.49096909829637636,1.0,0.17257805543011
2023-02-16,水生根茎类,3.0,3,0.5276782830291744,1.0,0.8296732374782586,0.17672292095634015,0.6535364519694021,1.0,0.17166259675856624
2023-02-17,水生根茎类,3.0,3,0.471488403499007,1.0000000000000002,0.830310195031651,0.21389138772764363,0.5276782830291744,1.0,0.17672292095634015
2023-02-18,水生根茎类,3.0,3,0.5064938616720882,1.0,0.8310602291949201,0.16893977080507988,0.471488403499007,1.0000000000000002,0.21389138772764363
2023-02-19,水生根茎类,3.0,3,0.5016655307414737,1.0,0.8324515914019385,0.18414317739739094,0.5064938616720882,1.0,0.16893977080507988
2023-02-20,水生根茎类,3.0,3,0.5457830267871615,1.0,0.8333681495500904,0.16663185044990947,0.5016655307414737,1.0,0.18414317739739094
2023-02-21,水生根茎类,3.0,3,0.45702003192636587,1.0,0.8339414019029892,0.19685559943362596,0.5457830267871615,1.0,0.16663185044990947
2023-02-22,水生根茎类,3.0,3,0.5508890888980371,1.0,0.8343357719165065,0.16566422808349343,0.45702003192636587,1.0,0.19685559943362596
2023-02-23,水生根茎类,3.0,3,0.709739221988513,0.9999999999999999,0.8349919437474684,0.24057407188231097,0.5508890888980371,1.0,0.16566422808349343
2023-02-24,水生根茎类,3.0,3,0.625697896299218,1.0,0.835227767010534,0.20965420747771524,0.709739221988513,0.9999999999999999,0.24057407188231097
2023-02-25,水生根茎类,3.0,3,0.5582185795480746,1.0000000000000002,0.8357006675289927,0.16429933247100736,0.625697896299218,1.0,0.20965420747771524
2023-02-26,水生根茎类,2.0,2,0.6775144141789653,1.0,0.8302034533747653,0.16979654662523458,0.5582185795480746,1.0000000000000002,0.16429933247100736
2023-02-27,水生根茎类,3.0,3,0.4639582553988637,0.9999999999999999,0.8371140754332007,0.34954713291861833,0.6775144141789653,1.0,0.16979654662523458
2023-02-28,水生根茎类,3.0,3,0.4882954952323077,0.9999999999999999,0.8371114422924969,0.2000416850600209,0.4639582553988637,0.9999999999999999,0.34954713291861833
2023-03-01,水生根茎类,3.0,3,0.5410347044340029,0.9999999999999999,0.8373827720432133,0.16261722795678665,0.4882954952323077,0.9999999999999999,0.2000416850600209
2023-03-02,水生根茎类,3.0,3,0.7056143329056797,1.0,0.837398549764854,0.19320496795326067,0.5410347044340029,0.9999999999999999,0.16261722795678665
2023-03-03,水生根茎类,3.0,3,0.4823707825396954,1.0,0.837317114091247,0.19399780250923868,0.7056143329056797,1.0,0.19320496795326067
2023-03-04,水生根茎类,3.0,3,0.5719745293123157,1.0000000000000002,0.8377414866296953,0.16225851337030475,0.4823707825396954,1.0,0.19399780250923868
2023-03-05,水生根茎类,3.0,3,0.4517006721343755,1.0,0.838397152297146,0.22675455516544832,0.5719745293123157,1.0000000000000002,0.16225851337030475
2023-03-06,水生根茎类,4.0,4,0.4825686028756215,0.9365763937337476,0.8588560944223935,0.261396380524939,0.4517006721343755,1.0,0.22675455516544832
2023-03-07,水生根茎类,3.0,3,0.6122866911929066,1.0,0.839227033255767,0.24223239800306856,0.4825686028756215,0.9365763937337476,0.261396380524939
2023-03-08,水生根茎类,4.0,4,0.45981112094032767,0.9371306425248334,0.8594045313355633,0.26859665642000957,0.6122866911929066,1.0,0.24223239800306856
2023-03-09,水生根茎类,3.0,3,0.40968452210125644,1.0000000000000002,0.8394706675273772,0.4974918662586518,0.45981112094032767,0.9371306425248334,0.26859665642000957
2023-03-10,水生根茎类,4.0,4,0.3607846422482464,0.8951464059460268,0.8605351726321545,0.25576813294552503,0.40968452210125644,1.0000000000000002,0.4974918662586518
2023-03-11,水生根茎类,4.0,4,0.5520245934201206,0.9529550517625475,0.8610397335596531,0.21927655976414445,0.3607846422482464,0.8951464059460268,0.25576813294552503
2023-03-12,水生根茎类,4.0,4,0.6517250203833477,0.9399651798042863,0.8615434748927214,0.26313098874749724,0.5520245934201206,0.9529550517625475,0.21927655976414445
2023-03-13,水生根茎类,4.0,4,0.4354082876744469,0.9425881272247102,0.8620194204210785,0.3032770961877788,0.6517250203833477,0.9399651798042863,0.26313098874749724
2023-03-14,水生根茎类,3.0,3,0.44973069971316554,1.0000000000000002,0.8421495675915757,0.2855878875457659,0.4354082876744469,0.9425881272247102,0.3032770961877788
2023-03-15,水生根茎类,4.0,4,0.37979472811196807,0.8773081406048708,0.8629839538709007,0.2912031455201329,0.44973069971316554,1.0000000000000002,0.2855878875457659
2023-03-16,水生根茎类,4.0,4,0.49769064162523,0.9553229196719284,0.8631788760170096,0.1368211239829905,0.37979472811196807,0.8773081406048708,0.2912031455201329
2023-03-17,水生根茎类,4.0,4,0.373939900810002,0.9390962671905698,0.8637440588361224,0.2843244055854566,0.49769064162523,0.9553229196719284,0.1368211239829905
2023-03-18,水生根茎类,4.0,4,0.44027965142840236,0.9542606051616732,0.8641094853427332,0.20600326169183283,0.373939900810002,0.9390962671905698,0.2843244055854566
2023-03-19,水生根茎类,4.0,4,0.42914172437668935,0.940432867266807,0.8644297842366968,0.20748389496814137,0.44027965142840236,0.9542606051616732,0.20600326169183283
2023-03-20,水生根茎类,4.0,4,0.4633922393147348,0.9718791648156375,0.8647686820114063,0.5282422410746874,0.42914172437668935,0.940432867266807,0.20748389496814137
2023-03-21,水生根茎类,4.0,4,0.25847986709594545,0.7926947266569908,0.8649368951563434,0.4612775832861958,0.4633922393147348,0.9718791648156375,0.5282422410746874
2023-03-22,水生根茎类,4.0,4,0.3320063482118628,0.8615677452846512,0.8650959518884189,0.29853538697862647,0.25847986709594545,0.7926947266569908,0.4612775832861958
2023-03-23,水生根茎类,4.0,4,0.3625032436504494,0.9192275331543732,0.8644416443428209,0.27962115821477235,0.3320063482118628,0.8615677452846512,0.29853538697862647
2023-03-24,水生根茎类,4.0,4,0.3324050507389093,0.8702886560029417,0.8646037045904235,0.29555027046600657,0.3625032436504494,0.9192275331543732,0.27962115821477235
2023-03-25,水生根茎类,4.0,4,0.2941465284583649,0.8767166960957428,0.8649033688168347,0.42676067427141834,0.3324050507389093,0.8702886560029417,0.29555027046600657
2023-03-26,水生根茎类,4.0,4,0.47347367481519287,0.9187606083802045,0.8651079377466557,0.1806486346192615,0.2941465284583649,0.8767166960957428,0.42676067427141834
2023-03-27,水生根茎类,4.0,4,0.31482690739625435,0.9264269218079842,0.8653438387172666,0.3850632039849163,0.47347367481519287,0.9187606083802045,0.1806486346192615
2023-03-28,水生根茎类,4.0,4,0.3084546063433803,0.8632941884974406,0.8653910997303949,0.3372484046296504,0.31482690739625435,0.9264269218079842,0.3850632039849163
2023-03-29,水生根茎类,4.0,4,0.6792473790754547,0.965609185394787,0.865477533844963,0.2590478387670367,0.3084546063433803,0.8632941884974406,0.3372484046296504
2023-03-30,水生根茎类,3.0,4,0.3740699776345142,1.0,0.6865534601710729,0.5712824378267115,0.6792473790754547,0.965609185394787,0.2590478387670367
2023-03-31,水生根茎类,4.0,4,0.2905896253504769,0.9138182000702706,0.8655292690596974,0.4333609942755357,0.3740699776345142,1.0,0.5712824378267115
2023-04-01,水生根茎类,4.0,4,0.4044755982474471,0.9420181845282456,0.8656657388416719,0.23708858119726742,0.2905896253504769,0.9138182000702706,0.4333609942755357
2023-04-02,水生根茎类,4.0,4,0.405829644148416,0.9375089682881331,0.8658251903602698,0.23021005916557702,0.4044755982474471,0.9420181845282456,0.23708858119726742
2023-04-03,水生根茎类,4.0,4,0.2770515998591089,0.8274752296232011,0.8660221362591086,0.4046012130958633,0.405829644148416,0.9375089682881331,0.23021005916557702
2023-04-04,水生根茎类,4.0,4,0.423923475299726,0.9332309541296654,0.8660614577784607,0.31497974320181293,0.2770515998591089,0.8274752296232011,0.4046012130958633
2023-04-05,水生根茎类,4.0,4,0.5356272331508388,0.9292532749287161,0.8661639752407451,0.23083483068548585,0.423923475299726,0.9332309541296654,0.31497974320181293
2023-04-06,水生根茎类,3.0,3,0.3358012230837635,1.0,0.6867994892737707,0.6685767937074977,0.5356272331508388,0.9292532749287161,0.23083483068548585
2023-04-07,水生根茎类,4.0,4,0.25790544613869015,0.8164652113777136,0.8665896864773721,0.5078130144651744,0.3358012230837635,1.0,0.6685767937074977
2023-04-08,水生根茎类,4.0,4,0.3931240433725266,0.9304450338933098,0.86670953302124,0.21768483515316925,0.25790544613869015,0.8164652113777136,0.5078130144651744
2023-04-09,水生根茎类,4.0,4,0.36330276870266387,0.9705140082420216,0.8668307813412985,0.46133154819020566,0.3931240433725266,0.9304450338933098,0.21768483515316925
2023-04-10,水生根茎类,4.0,4,0.33721954808360327,0.8707745690620103,0.8669454383392924,0.29481597999857695,0.36330276870266387,0.9705140082420216,0.46133154819020566
2023-04-11,水生根茎类,4.0,4,0.3286728699580129,0.9025391515888703,0.8670412389251425,0.33012250309225066,0.33721954808360327,0.8707745690620103,0.29481597999857695
2023-04-12,水生根茎类,4.0,4,0.29888612801589876,0.8539920368818104,0.8670763160606636,0.35752381481429457,0.3286728699580129,0.9025391515888703,0.33012250309225066
2023-04-13,水生根茎类,4.0,4,0.40743299921067333,0.8785543449375499,0.8672642594640153,0.23809358774431055,0.29888612801589876,0.8539920368818104,0.35752381481429457
2023-04-14,水生根茎类,4.0,4,0.3634730979436983,0.9455159845090744,0.8673057062994735,0.47060223902839654,0.40743299921067333,0.8785543449375499,0.23809358774431055
2023-04-15,水生根茎类,4.0,4,0.35559036690937196,0.8887839947714317,0.8672941172512802,0.2549032506271983,0.3634730979436983,0.9455159845090744,0.47060223902839654
2023-04-16,水生根茎类,3.0,3,0.34435369248067826,1.0,0.6853974224974595,0.5893030257696011,0.35559036690937196,0.8887839947714317,0.2549032506271983
2023-04-17,水生根茎类,3.0,3,0.37450014075135146,1.0,0.6854737566936391,0.7398042141132938,0.34435369248067826,1.0,0.5893030257696011
2023-04-18,水生根茎类,3.0,3,0.47789797928091327,1.0,0.8552545666176412,0.4475530706802895,0.37450014075135146,1.0,0.7398042141132938
2023-04-19,水生根茎类,4.0,4,0.36705480943540186,0.9556319580877539,0.8673618926371935,0.45850931149775465,0.47789797928091327,1.0,0.4475530706802895
2023-04-20,水生根茎类,4.0,4,0.2856577140575761,0.8185029989318874,0.8673913230708374,0.5555182152660297,0.36705480943540186,0.9556319580877539,0.45850931149775465
2023-04-21,水生根茎类,4.0,4,0.3540809939034524,0.9689775367931834,0.8673263691616395,0.3976596168505693,0.2856577140575761,0.8185029989318874,0.5555182152660297
2023-04-22,水生根茎类,4.0,4,0.4217566571373578,0.9624365082490057,0.8673430288380473,0.21866685282466308,0.3540809939034524,0.9689775367931834,0.3976596168505693
2023-04-23,水生根茎类,3.0,3,0.3396977419723307,0.9999999999999999,0.6839846513971659,0.5676888761091158,0.4217566571373578,0.9624365082490057,0.21866685282466308
2023-04-24,水生根茎类,3.0,3,0.42633026194705154,1.0,0.6840355673947176,0.46613260383229177,0.3396977419723307,0.9999999999999999,0.5676888761091158
2023-04-25,水生根茎类,3.0,3,0.42443627027903597,1.0,0.6841622249764617,0.4583911429484697,0.42633026194705154,1.0,0.46613260383229177
2023-04-26,水生根茎类,4.0,4,0.32144778161677134,0.859421522756274,0.6960130780221128,0.7836238789099054,0.42443627027903597,1.0,0.4583911429484697
2023-04-27,水生根茎类,4.0,4,0.3205462198930919,0.8666731122498308,0.6939110764698508,0.7353059779833884,0.32144778161677134,0.859421522756274,0.7836238789099054
2023-04-28,水生根茎类,4.0,4,0.44099818608244445,0.9807319002084981,0.6937688106188518,0.5765368928429543,0.3205462198930919,0.8666731122498308,0.7353059779833884
2023-04-29,水生根茎类,4.0,4,0.39680166437764053,0.9152395027384161,0.6826840929638786,0.3943370268020461,0.44099818608244445,0.9807319002084981,0.5765368928429543
2023-04-30,水生根茎类,4.0,4,0.32413745007196054,0.9126243211910429,0.6917388609343958,0.6088096168037678,0.39680166437764053,0.9152395027384161,0.3943370268020461
2023-05-01,水生根茎类,5.0,5,0.2920015413278505,0.8411521524220364,0.6927862412556891,0.5531389014865061,0.32413745007196054,0.9126243211910429,0.6088096168037678
2023-05-02,水生根茎类,4.0,4,0.29594286308608514,0.8358674657025408,0.6816046606980593,0.523031648418122,0.2920015413278505,0.8411521524220364,0.5531389014865061
2023-05-03,水生根茎类,3.0,3,0.3779297525966996,1.0,0.6810150394319366,0.545685291580424,0.29594286308608514,0.8358674657025408,0.523031648418122
2023-05-04,水生根茎类,4.0,4,0.3024505295376908,0.8933274316698019,0.6822894543133429,0.5353187417614665,0.3779297525966996,1.0,0.545685291580424
2023-05-05,水生根茎类,4.0,4,0.37804217527820383,0.9803032555373867,0.6823715542071543,0.4427459735266729,0.3024505295376908,0.8933274316698019,0.5353187417614665
2023-05-06,水生根茎类,3.0,3,0.362078791769692,1.0000000000000002,0.6555083978952487,0.57085666976161,0.37804217527820383,0.9803032555373867,0.4427459735266729
2023-05-07,水生根茎类,4.0,4,0.3472440095836767,0.9105643532787757,0.6825222977086444,0.45571818516750656,0.362078791769692,1.0000000000000002,0.57085666976161
2023-05-08,水生根茎类,5.0,5,0.2304267306577508,0.7683380775125903,0.6944523931696002,0.7218393764885024,0.3472440095836767,0.9105643532787757,0.45571818516750656
2023-05-09,水生根茎类,5.0,5,0.2608680701993384,0.791520388873886,0.6945318442451794,0.5365573844085305,0.2304267306577508,0.7683380775125903,0.7218393764885024
2023-05-10,水生根茎类,5.0,5,0.569985447179116,0.8892221362229102,0.6947460776061383,0.3052539223938618,0.2608680701993384,0.791520388873886,0.5365573844085305
2023-05-11,水生根茎类,4.0,4,0.33673056008586333,0.8924143727673881,0.6930516474834093,0.4956867392731418,0.569985447179116,0.8892221362229102,0.3052539223938618
2023-05-12,水生根茎类,5.0,5,0.22794659076222337,0.756040863767052,0.6950468991173756,0.7730759618186284,0.33673056008586333,0.8924143727673881,0.4956867392731418
2023-05-13,水生根茎类,5.0,5,0.341602259714983,0.9173565722585331,0.6950326112599268,0.5908023437333967,0.22794659076222337,0.756040863767052,0.7730759618186284
2023-05-14,水生根茎类,4.0,4,0.4587688538902026,0.9530895334174023,0.6773050182895304,0.32269498171046984,0.341602259714983,0.9173565722585331,0.5908023437333967
2023-05-15,水生根茎类,4.0,4,0.5102253263386315,0.9418060200668896,0.6776337155919506,0.3223662844080494,0.4587688538902026,0.9530895334174023,0.32269498171046984
2023-05-16,水生根茎类,4.0,4,0.47965998554571077,0.9191919191919192,0.6777921206006795,0.3222078793993206,0.5102253263386315,0.9418060200668896,0.3223662844080494
2023-05-17,水生根茎类,5.0,5,0.2642075231808053,0.825719382610719,0.696478600021365,0.658993039584373,0.47965998554571077,0.9191919191919192,0.3222078793993206
2023-05-18,水生根茎类,5.0,5,0.3393519112817932,0.771901951883795,0.680163854789293,0.4215137651303293,0.2642075231808053,0.825719382610719,0.658993039584373
2023-05-19,水生根茎类,5.0,5,0.49920246989785205,0.9298136645962732,0.6936061641053289,0.3063938358946711,0.3393519112817932,0.771901951883795,0.4215137651303293
2023-05-20,水生根茎类,6.0,6,0.2229182914646911,0.7571660356949701,0.696552763998437,0.6477024607902299,0.49920246989785205,0.9298136645962732,0.3063938358946711
2023-05-21,水生根茎类,6.0,6,0.27943056044260006,0.8596401028277634,0.6986696824046958,0.7589519579630665,0.2229182914646911,0.7571660356949701,0.6477024607902299
2023-05-22,水生根茎类,5.0,5,0.39695967714770647,0.8456782784448935,0.6852520220190469,0.35577726832600576,0.27943056044260006,0.8596401028277634,0.7589519579630665
2023-05-23,水生根茎类,5.0,5,0.31010977602598117,0.8600122976019675,0.6854135442393771,0.5268795435443314,0.39695967714770647,0.8456782784448935,0.35577726832600576
2023-05-24,水生根茎类,6.0,6,0.25444294642015297,0.7830890163586148,0.6988824577435959,0.5428549981506828,0.31010977602598117,0.8600122976019675,0.5268795435443314
2023-05-25,水生根茎类,6.0,6,0.215466629387015,0.7052714510815069,0.6989616676771637,0.6124227329312872,0.25444294642015297,0.7830890163586148,0.5428549981506828
2023-05-26,水生根茎类,6.0,6,0.2785903957157368,0.8991086101289776,0.6994958166549261,0.5965401073324765,0.215466629387015,0.7052714510815069,0.6124227329312872
2023-05-27,水生根茎类,6.0,6,0.2708124320399602,0.8822253732588206,0.6998395030072185,0.5813025858166151,0.2785903957157368,0.8991086101289776,0.5965401073324765
2023-05-28,水生根茎类,6.0,6,0.22763244761605694,0.7719998246152499,0.7003078208354062,0.619604743397465,0.2708124320399602,0.8822253732588206,0.5813025858166151
2023-05-29,水生根茎类,6.0,6,0.2314407935409458,0.7247843137254902,0.700688526564056,0.5594121932272641,0.22763244761605694,0.7719998246152499,0.619604743397465
2023-05-30,水生根茎类,5.0,5,0.23888592017468976,0.8112291007681881,0.6846626722361604,0.6873801941705397,0.2314407935409458,0.7247843137254902,0.5594121932272641
2023-05-31,水生根茎类,4.0,4,0.3520776113798082,0.944147582697201,0.6775705164440801,0.6349682125887237,0.23888592017468976,0.8112291007681881,0.6873801941705397
2023-06-01,水生根茎类,6.0,6,0.26231949320898595,0.835335181192896,0.7011937488668988,0.6812546635503889,0.3520776113798082,0.944147582697201,0.6349682125887237
2023-06-02,水生根茎类,5.0,5,0.26702134511332604,0.8194027360694028,0.6991262991488375,0.7699109055962938,0.26231949320898595,0.835335181192896,0.6812546635503889
2023-06-03,水生根茎类,7.0,7,0.24799635359499106,0.8039598339424476,0.7088394492018936,0.6174719541714384,0.26702134511332604,0.8194027360694028,0.7699109055962938
2023-06-04,水生根茎类,6.0,6,0.29241827973655343,0.8096165724331258,0.7077288302325134,0.46513540795181074,0.24799635359499106,0.8039598339424476,0.6174719541714384
2023-06-05,水生根茎类,5.0,5,0.40033793262073436,0.9324324324324322,0.6732996145777648,0.4403380255780014,0.29241827973655343,0.8096165724331258,0.46513540795181074
2023-06-06,水生根茎类,5.0,5,0.32050482819865944,0.9013742365352582,0.6811283244206002,0.5121317937470302,0.40033793262073436,0.9324324324324322,0.4403380255780014
2023-06-07,水生根茎类,6.0,6,0.24946192467971534,0.8322019516334324,0.6884176932598958,0.6728873899266395,0.32050482819865944,0.9013742365352582,0.5121317937470302
2023-06-08,水生根茎类,6.0,6,0.2935586029679208,0.8849146315106982,0.68874482599029,0.6265001927507586,0.24946192467971534,0.8322019516334324,0.6728873899266395
2023-06-09,水生根茎类,6.0,6,0.31118769454768846,0.8867924528301885,0.6888236766385569,0.5256664024430228,0.2935586029679208,0.8849146315106982,0.6265001927507586
2023-06-10,水生根茎类,6.0,6,0.24836213715822147,0.8020712829835288,0.6894397230716259,0.5567529787052984,0.31118769454768846,0.8867924528301885,0.5256664024430228
2023-06-11,水生根茎类,6.0,6,0.3061046461478696,0.8337263559279515,0.6897695014610079,0.6924858104894747,0.24836213715822147,0.8020712829835288,0.5567529787052984
2023-06-12,水生根茎类,5.0,5,0.352492166068475,0.9259974881653946,0.6826135899346064,0.5082195532548138,0.3061046461478696,0.8337263559279515,0.6924858104894747
2023-06-13,水生根茎类,6.0,6,0.23781070939077575,0.7536855599304094,0.6901933876652852,0.7194886672969918,0.352492166068475,0.9259974881653946,0.5082195532548138
2023-06-14,水生根茎类,3.0,3,0.3889232295378736,1.0,0.6763307446076444,0.5319898226607295,0.23781070939077575,0.7536855599304094,0.7194886672969918
2023-06-15,水生根茎类,6.0,6,0.32319062088632805,0.8554767090564181,0.6899764437310638,0.4532675456608813,0.3889232295378736,1.0,0.5319898226607295
2023-06-16,水生根茎类,5.0,5,0.30587751297991844,0.8537023186237845,0.6831221680909402,0.5214806328893782,0.32319062088632805,0.8554767090564181,0.4532675456608813
2023-06-17,水生根茎类,5.0,5,0.3420193800993396,0.8907493823771617,0.6709960128977099,0.44674591292204163,0.30587751297991844,0.8537023186237845,0.5214806328893782
2023-06-18,水生根茎类,4.0,4,0.27251233437354583,0.8137950215547212,0.6810248082492655,0.5664912549911019,0.3420193800993396,0.8907493823771617,0.44674591292204163
2023-06-19,水生根茎类,4.0,4,0.4551719809517957,0.9702293801854563,0.6524562560676777,0.6600150365827878,0.27251233437354583,0.8137950215547212,0.5664912549911019
2023-06-20,水生根茎类,5.0,5,0.260787193208313,0.8162477481341683,0.6845889021123867,0.7145118391617663,0.4551719809517957,0.9702293801854563,0.6600150365827878
2023-06-21,水生根茎类,6.0,6,0.27254767468672036,0.8220470807839884,0.6920060750576894,0.6126856625785285,0.260787193208313,0.8162477481341683,0.7145118391617663
2023-06-22,水生根茎类,6.0,6,0.2979384344787376,0.8764436170579515,0.69224256276124,0.5328929599496234,0.27254767468672036,0.8220470807839884,0.6126856625785285
2023-06-23,水生根茎类,5.0,5,0.2558443980114479,0.8459965649791445,0.6853934631141989,0.6464866014354514,0.2979384344787376,0.8764436170579515,0.5328929599496234
2023-06-24,水生根茎类,5.0,5,0.28779096115715674,0.7925925925925925,0.6856547659746522,0.48315577198266374,0.2558443980114479,0.8459965649791445,0.6464866014354514
2023-06-25,水生根茎类,6.0,6,0.20395251747900012,0.6602836879432625,0.6937760970614905,0.6075051215096882,0.28779096115715674,0.7925925925925925,0.48315577198266374
2023-06-26,水生根茎类,5.0,5,0.3154618642338368,0.9320770786756094,0.6910441946797623,0.5061471174703531,0.20395251747900012,0.6602836879432625,0.6075051215096882
2023-06-27,水生根茎类,6.0,7,0.22006177014070494,0.6922371287696365,0.6885923367435823,0.5892998925477557,0.3154618642338368,0.9320770786756094,0.5061471174703531
2023-06-28,水生根茎类,5.0,5,0.3109372364451233,0.8125626461744071,0.6861822021927012,0.4524731469145452,0.22006177014070494,0.6922371287696365,0.5892998925477557
2023-06-29,水生根茎类,7.0,7,0.21137478058757395,0.7264791464597479,0.6954597753999229,0.6109420516782966,0.3109372364451233,0.8125626461744071,0.4524731469145452
2023-06-30,水生根茎类,6.0,7,0.32148634998073256,0.8630560928433271,0.6893332679343848,0.486170074623693,0.21137478058757395,0.7264791464597479,0.6109420516782966
2020-07-01,花叶类,16.0,16,0.11066807396480383,0.4841302544896906,0.0,,,,
2020-07-02,花叶类,16.0,16,0.11830834062607284,0.47899441340782123,0.9714579301783359,0.13911261976196698,0.11066807396480383,0.4841302544896906,
2020-07-03,花叶类,16.0,16,0.10987337616573546,0.46813411409755223,0.9852394144320331,0.12275655817849906,0.11830834062607284,0.47899441340782123,0.13911261976196698
2020-07-04,花叶类,13.0,13,0.12412891855796845,0.5215988199835446,0.8800516139249619,0.17896546791275741,0.10987337616573546,0.46813411409755223,0.12275655817849906
2020-07-05,花叶类,13.0,13,0.13073692877265836,0.5441164419110751,0.926951028615466,0.3068316704155145,0.12412891855796845,0.5215988199835446,0.17896546791275741
2020-07-06,花叶类,14.0,14,0.10451203828409954,0.444823619840928,0.953924365495805,0.15474278710973327,0.13073692877265836,0.5441164419110751,0.3068316704155145
2020-07-07,花叶类,15.0,15,0.1035837166864017,0.4525160281469899,0.9722388424918003,0.16195686285290492,0.10451203828409954,0.444823619840928,0.15474278710973327
2020-07-08,花叶类,16.0,16,0.08048867475642793,0.354025698620199,0.9851159882855194,0.20397341631786586,0.1035837166864017,0.4525160281469899,0.16195686285290492
2020-07-09,花叶类,15.0,15,0.09381776314750752,0.40314505399383394,0.9832842315430613,0.16164672334489463,0.08048867475642793,0.354025698620199,0.20397341631786586
2020-07-10,花叶类,16.0,16,0.09305973111316593,0.3850636276812679,0.985142263892304,0.1813909191237204,0.09381776314750752,0.40314505399383394,0.16164672334489463
2020-07-11,花叶类,15.0,15,0.09812108792047013,0.4328055217214778,0.9684472329395334,0.2293671222193979,0.09305973111316593,0.3850636276812679,0.1813909191237204
2020-07-12,花叶类,15.0,15,0.10867368833520585,0.43987396583810884,0.9720756438870859,0.20123545914510144,0.09812108792047013,0.4328055217214778,0.2293671222193979
2020-07-13,花叶类,13.0,13,0.11300924946517986,0.49294118335371306,0.929657818957722,0.15851805091519217,0.10867368833520585,0.43987396583810884,0.20123545914510144
2020-07-14,花叶类,13.0,13,0.11227974509567136,0.48697926620834275,0.934429111539443,0.17964413806381213,0.11300924946517986,0.49294118335371306,0.15851805091519217
2020-07-15,花叶类,12.0,12,0.11146723687860213,0.44514510312720607,0.9132403299464593,0.17462234984018213,0.11227974509567136,0.48697926620834275,0.17964413806381213
2020-07-16,花叶类,13.0,13,0.10659342075786779,0.42653248035019353,0.9432715060076329,0.12981489561759713,0.11146723687860213,0.44514510312720607,0.17462234984018213
2020-07-17,花叶类,14.0,14,0.10326765388139937,0.4588657225886803,0.9729915638652497,0.12523009656245843,0.10659342075786779,0.42653248035019353,0.12981489561759713
2020-07-18,花叶类,13.0,13,0.10996276974271353,0.49082969432314416,0.9586245649618832,0.16209095931998102,0.10326765388139937,0.4588657225886803,0.12523009656245843
2020-07-19,花叶类,12.0,12,0.1341472508073242,0.5325316958829713,0.9352213086684247,0.2132988345579666,0.10996276974271353,0.49082969432314416,0.16209095931998102
2020-07-20,花叶类,12.0,12,0.1254329938176158,0.5234647932125679,0.939832072040439,0.21706026919338872,0.1341472508073242,0.5325316958829713,0.2132988345579666
2020-07-21,花叶类,13.0,13,0.09612270675763535,0.38137250012468205,0.9657509834314348,0.10733905120446484,0.1254329938176158,0.5234647932125679,0.21706026919338872
2020-07-22,花叶类,13.0,13,0.09567400699781699,0.3821031369399626,0.9673998096013274,0.17262225578943668,0.09612270675763535,0.38137250012468205,0.10733905120446484
2020-07-23,花叶类,13.0,13,0.09537851356505901,0.3858715830510047,0.9689323631704193,0.1516618732637653,0.09567400699781699,0.3821031369399626,0.17262225578943668
2020-07-24,花叶类,11.0,11,0.11585670638028528,0.44989339019189767,0.8687331270571123,0.19914431632700053,0.09537851356505901,0.3858715830510047,0.1516618732637653
2020-07-25,花叶类,13.0,13,0.11189925874977434,0.4440304528318492,0.9711276807709606,0.14242459953578585,0.11585670638028528,0.44989339019189767,0.19914431632700053
2020-07-26,花叶类,13.0,13,0.11357164019074241,0.44955268159273165,0.9723309622682343,0.22839383916753214,0.11189925874977434,0.4440304528318492,0.14242459953578585
2020-07-27,花叶类,12.0,12,0.11801387695022131,0.4968291528632276,0.9547418790899304,0.15564614653457706,0.11357164019074241,0.44955268159273165,0.22839383916753214
2020-07-28,花叶类,13.0,13,0.09748154548561666,0.4190526278882227,0.974393843871056,0.179342343181475,0.11801387695022131,0.4968291528632276,0.15564614653457706
2020-07-29,花叶类,12.0,12,0.10314433809394064,0.40245337110093315,0.9509404502128314,0.16648560091360842,0.09748154548561666,0.4190526278882227,0.179342343181475
2020-07-30,花叶类,11.0,11,0.11265451263452374,0.4733067139899438,0.9347904297734059,0.16222740768285093,0.10314433809394064,0.40245337110093315,0.16648560091360842
2020-07-31,花叶类,13.0,13,0.11768834911920774,0.47379154155949293,0.976574151201606,0.26444674890880787,0.11265451263452374,0.4733067139899438,0.16222740768285093
2020-08-01,花叶类,14.0,14,0.09506463522605801,0.404154340772494,0.9859883810401917,0.2052783420082933,0.11768834911920774,0.47379154155949293,0.26444674890880787
2020-08-02,花叶类,17.0,17,0.0866732460402252,0.37467001563421076,0.9991260515272786,0.1913703925279066,0.09506463522605801,0.404154340772494,0.2052783420082933
2020-08-03,花叶类,16.0,16,0.11271851045519285,0.47648240962688554,0.9891692858757488,0.22530298266562201,0.0866732460402252,0.37467001563421076,0.1913703925279066
2020-08-04,花叶类,17.0,17,0.10093256601261533,0.43465609060063365,0.9965365034270197,0.24294800002207098,0.11271851045519285,0.47648240962688554,0.22530298266562201
2020-08-05,花叶类,18.0,18,0.08769199446708431,0.38822952916455566,0.9992054134639041,0.2639280169531011,0.10093256601261533,0.43465609060063365,0.24294800002207098
2020-08-06,花叶类,17.0,17,0.09632610080109932,0.4403060031095639,0.9965630978708248,0.23268968000448342,0.08769199446708431,0.38822952916455566,0.2639280169531011
2020-08-07,花叶类,17.0,17,0.09065057586137142,0.41093643061314866,0.9832130664701285,0.24863045254029353,0.09632610080109932,0.4403060031095639,0.23268968000448342
2020-08-08,花叶类,16.0,16,0.09522809891528333,0.3999245553115963,0.9722622904206386,0.19569503457340265,0.09065057586137142,0.41093643061314866,0.24863045254029353
2020-08-09,花叶类,16.0,16,0.08348117550878698,0.3655958735288837,0.9733680854039247,0.26338064983745946,0.09522809891528333,0.3999245553115963,0.19569503457340265
2020-08-10,花叶类,15.0,15,0.08855085399276892,0.3890246937072764,0.9704968750607467,0.1880136936218889,0.08348117550878698,0.3655958735288837,0.26338064983745946
2020-08-11,花叶类,15.0,15,0.09608546492637032,0.4204370514025232,0.9736501537593802,0.24607323214030669,0.08855085399276892,0.3890246937072764,0.1880136936218889
2020-08-12,花叶类,14.0,14,0.09650713385772236,0.3984053299609815,0.9454906712644577,0.13353889340665787,0.09608546492637032,0.4204370514025232,0.24607323214030669
2020-08-13,花叶类,15.0,15,0.08316391734734861,0.35196576922008277,0.9799336970810902,0.1670681651585638,0.09650713385772236,0.3984053299609815,0.13353889340665787
2020-08-14,花叶类,15.0,15,0.09818300423041096,0.4288387916003336,0.9761714682973572,0.14772013734512324,0.08316391734734861,0.35196576922008277,0.1670681651585638
2020-08-15,花叶类,14.0,14,0.1068548787087882,0.48532243326153657,0.9628785173901128,0.1835552735027916,0.09818300423041096,0.4288387916003336,0.14772013734512324
2020-08-16,花叶类,13.0,13,0.11708686088484929,0.5001573629286069,0.9572717490542129,0.244877291853856,0.1068548787087882,0.48532243326153657,0.1835552735027916
2020-08-17,花叶类,13.0,13,0.1335482915680039,0.5353088410375634,0.9583575950416137,0.25411392783885955,0.11708686088484929,0.5001573629286069,0.244877291853856
2020-08-18,花叶类,13.0,13,0.11022853906726349,0.4738375837912515,0.9592720225788732,0.1754361996759195,0.1335482915680039,0.5353088410375634,0.25411392783885955
2020-08-19,花叶类,13.0,13,0.11608123791650668,0.4807515419777469,0.9601943275070761,0.17615412357318339,0.11022853906726349,0.4738375837912515,0.1754361996759195
2020-08-20,花叶类,13.0,13,0.10234395952237266,0.44336964527345285,0.961033851876879,0.18611823875707684,0.11608123791650668,0.4807515419777469,0.17615412357318339
2020-08-21,花叶类,13.0,13,0.10244368006652436,0.43872183246981833,0.9619098096356831,0.19068439860881853,0.10234395952237266,0.44336964527345285,0.18611823875707684
2020-08-22,花叶类,14.0,14,0.09924200922448108,0.44335185815281086,0.9744267877755016,0.16693437446851406,0.10244368006652436,0.43872183246981833,0.19068439860881853
2020-08-23,花叶类,13.0,13,0.1028724303449138,0.4375503153748154,0.9627443675311992,0.18570454353127933,0.09924200922448108,0.44335185815281086,0.16693437446851406
2020-08-24,花叶类,15.0,15,0.13073601838038373,0.5157425947662778,0.9756245871037772,0.30361734923286227,0.1028724303449138,0.4375503153748154,0.18570454353127933
2020-08-25,花叶类,14.0,14,0.3171113160505416,0.6801802986086158,0.9703209871505593,0.45528120289141194,0.13073601838038373,0.5157425947662778,0.30361734923286227
2020-08-26,花叶类,14.0,14,0.10931784454952571,0.46816952056962696,0.9711883369310172,0.19470767126203203,0.3171113160505416,0.6801802986086158,0.45528120289141194
2020-08-27,花叶类,14.0,14,0.10612691770932658,0.48233479224348896,0.964202113354089,0.2603751750405006,0.10931784454952571,0.46816952056962696,0.19470767126203203
2020-08-28,花叶类,13.0,13,0.11790243131952774,0.48481274867714014,0.9075191557439164,0.20390362878482682,0.10612691770932658,0.48233479224348896,0.2603751750405006
2020-08-29,花叶类,13.0,13,0.1186707192115419,0.5030502076537929,0.9636724665136865,0.1987024596737077,0.11790243131952774,0.48481274867714014,0.20390362878482682
2020-08-30,花叶类,12.0,12,0.11304189439566929,0.4710290896279162,0.8948353858430748,0.17119471312855966,0.1186707192115419,0.5030502076537929,0.1987024596737077
2020-08-31,花叶类,14.0,14,0.1305047801417673,0.525960281392019,0.976196246996351,0.2088074255411058,0.11304189439566929,0.4710290896279162,0.17119471312855966
2020-09-01,花叶类,12.0,12,0.12024214647271407,0.5008382206934716,0.9484229808335265,0.14836475531100768,0.1305047801417673,0.525960281392019,0.2088074255411058
2020-09-02,花叶类,14.0,14,0.09920246845284932,0.4419944499746968,0.9769296161980721,0.15459923499444292,0.12024214647271407,0.5008382206934716,0.14836475531100768
2020-09-03,花叶类,13.0,13,0.10333875070137802,0.4250743685434582,0.9662079726061263,0.1874835591329953,0.09920246845284932,0.4419944499746968,0.15459923499444292
2020-09-04,花叶类,14.0,14,0.09887515957426075,0.41339413326073643,0.9680987611113872,0.19304320440797618,0.10333875070137802,0.4250743685434582,0.1874835591329953
2020-09-05,花叶类,15.0,15,0.09540898984497043,0.41604646411581003,0.9792472666014704,0.21417124756238995,0.09887515957426075,0.41339413326073643,0.19304320440797618
2020-09-06,花叶类,15.0,15,0.10704468103268829,0.4417453610141467,0.9796012058244967,0.16698776206420146,0.09540898984497043,0.41604646411581003,0.21417124756238995
2020-09-07,花叶类,15.0,15,0.09705007314270997,0.4410660792333434,0.9799884798582033,0.1985241219430614,0.10704468103268829,0.4417453610141467,0.16698776206420146
2020-09-08,花叶类,16.0,16,0.08573499871034984,0.37140692234433764,0.9871740392669033,0.2394372113714282,0.09705007314270997,0.4410660792333434,0.1985241219430614
2020-09-09,花叶类,15.0,15,0.09260569523842559,0.40877946456596465,0.97963619755224,0.22772139385905582,0.08573499871034984,0.37140692234433764,0.2394372113714282
2020-09-10,花叶类,13.0,13,0.09918303531017607,0.41498845053744615,0.9207632774332272,0.2606116313943041,0.09260569523842559,0.40877946456596465,0.22772139385905582
2020-09-11,花叶类,14.0,14,0.1310795514426233,0.5214238238449035,0.9688745076345351,0.2375260352953306,0.09918303531017607,0.41498845053744615,0.2606116313943041
2020-09-12,花叶类,15.0,15,0.09870884927205599,0.4101514442653913,0.9692251340640767,0.18243655827651253,0.1310795514426233,0.5214238238449035,0.2375260352953306
2020-09-13,花叶类,14.0,14,0.11274295926119986,0.5036441288189061,0.9407095419554588,0.32817559709971017,0.09870884927205599,0.4101514442653913,0.18243655827651253
2020-09-14,花叶类,16.0,16,0.10087152812012966,0.4170187981087687,0.9767305851535341,0.2482879725871422,0.11274295926119986,0.5036441288189061,0.32817559709971017
2020-09-15,花叶类,16.0,16,0.09386185087575222,0.41652640029002774,0.9875066840400197,0.19713471579091135,0.10087152812012966,0.4170187981087687,0.2482879725871422
2020-09-16,花叶类,17.0,17,0.08663800108928549,0.3879818478770719,0.9796957082355131,0.2696603720826959,0.09386185087575222,0.41652640029002774,0.19713471579091135
2020-09-17,花叶类,17.0,17,0.0896085687900282,0.40997646992912967,0.9799199283459048,0.2756370271812829,0.08663800108928549,0.3879818478770719,0.2696603720826959
2020-09-18,花叶类,17.0,17,0.08952907225856631,0.42476746897427264,0.987850451218586,0.2635228076178081,0.0896085687900282,0.40997646992912967,0.2756370271812829
2020-09-19,花叶类,15.0,15,0.0961150132419119,0.4098263732337454,0.9782550914071048,0.1706192369500324,0.08952907225856631,0.42476746897427264,0.2635228076178081
2020-09-20,花叶类,16.0,16,0.10931736429779398,0.47466650733652416,0.9785934155089044,0.24513533513724967,0.0961150132419119,0.4098263732337454,0.1706192369500324
2020-09-21,花叶类,15.0,15,0.10316830217024095,0.4246632581679555,0.9789309332288408,0.2944908582781586,0.10931736429779398,0.47466650733652416,0.24513533513724967
2020-09-22,花叶类,16.0,16,0.08751566199773533,0.3983973682737477,0.9534328842824829,0.25991856438755445,0.10316830217024095,0.4246632581679555,0.2944908582781586
2020-09-23,花叶类,15.0,15,0.0972041289921296,0.4191295422342717,0.9574130911108223,0.18134918954963536,0.08751566199773533,0.3983973682737477,0.25991856438755445
2020-09-24,花叶类,17.0,17,0.10812196788845481,0.44162813687745994,0.9881553972201169,0.2886628147282029,0.0972041289921296,0.4191295422342717,0.18134918954963536
2020-09-25,花叶类,20.0,20,0.10989148117512185,0.5182384725602913,0.9909385466920743,0.3845046135222947,0.10812196788845481,0.44162813687745994,0.2886628147282029
2020-09-26,花叶类,18.0,18,0.10285968040555113,0.46182349816262824,0.9829748412622408,0.27190202050709894,0.10989148117512185,0.5182384725602913,0.3845046135222947
2020-09-27,花叶类,17.0,17,0.1195934460174723,0.5284340858702886,0.873746037930787,0.37686740022750975,0.10285968040555113,0.46182349816262824,0.27190202050709894
2020-09-28,花叶类,15.0,15,0.0914453253051743,0.38572864321608036,0.8669023570498493,0.4443434006390713,0.1195934460174723,0.5284340858702886,0.37686740022750975
2020-09-29,花叶类,16.0,16,0.10265053321022496,0.4445982760930731,0.8944137223068838,0.3144244978572561,0.0914453253051743,0.38572864321608036,0.4443434006390713
2020-09-30,花叶类,16.0,16,0.08990078403449825,0.40206064243558287,0.8799493164442822,0.3370838639398465,0.10265053321022496,0.4445982760930731,0.3144244978572561
2020-10-01,花叶类,15.0,15,0.0938088064636107,0.4102574327617528,0.8692444287565785,0.33356248559633206,0.08990078403449825,0.40206064243558287,0.3370838639398465
2020-10-02,花叶类,16.0,16,0.08077756775369871,0.36624830004423986,0.8824584474389892,0.3209790431859664,0.0938088064636107,0.4102574327617528,0.33356248559633206
2020-10-03,花叶类,14.0,14,0.12558494592346295,0.5159163507529975,0.8149816859999512,0.4027096034843213,0.08077756775369871,0.36624830004423986,0.3209790431859664
2020-10-04,花叶类,13.0,13,0.10750515754916884,0.45817438223871876,0.7899988208663921,0.4063804543531352,0.12558494592346295,0.5159163507529975,0.4027096034843213
2020-10-05,花叶类,14.0,14,0.15452130109790527,0.5749619004626252,0.8199686369241856,0.3762474219823711,0.10750515754916884,0.45817438223871876,0.4063804543531352
2020-10-06,花叶类,15.0,15,0.1321978246816885,0.4956647650340937,0.822620795713935,0.46413188864126087,0.15452130109790527,0.5749619004626252,0.3762474219823711
2020-10-07,花叶类,14.0,14,0.15306417012748266,0.5986472227909101,0.8243687218472078,0.5414020309886031,0.1321978246816885,0.4956647650340937,0.46413188864126087
2020-10-08,花叶类,14.0,14,0.1431568625729105,0.5880030071617932,0.8265404990775351,0.4686420479542858,0.15306417012748266,0.5986472227909101,0.5414020309886031
2020-10-09,花叶类,14.0,14,0.09829875444024537,0.44178490997920233,0.8129008193294144,0.37782676095760914,0.1431568625729105,0.5880030071617932,0.4686420479542858
2020-10-10,花叶类,15.0,15,0.1381706717753026,0.5288045991447967,0.8409543028147158,0.43467977839408695,0.09829875444024537,0.44178490997920233,0.37782676095760914
2020-10-11,花叶类,14.0,14,0.12299691946371558,0.5162917368378631,0.8311336689882608,0.4371576546689197,0.1381706717753026,0.5288045991447967,0.43467977839408695
2020-10-12,花叶类,13.0,13,0.12597937276105378,0.5387810495147229,0.8175531994556031,0.49840858563548435,0.12299691946371558,0.5162917368378631,0.4371576546689197
2020-10-13,花叶类,15.0,15,0.1271497585601853,0.5201726145626413,0.9001331292068354,0.4782778077910812,0.12597937276105378,0.5387810495147229,0.49840858563548435
2020-10-14,花叶类,13.0,13,0.1228105578569122,0.517287931788369,0.8091977951525782,0.4206329812956182,0.1271497585601853,0.5201726145626413,0.4782778077910812
2020-10-15,花叶类,14.0,14,0.11195396702774242,0.47974116632849373,0.8107921765215262,0.3594173702672712,0.1228105578569122,0.517287931788369,0.4206329812956182
2020-10-16,花叶类,15.0,15,0.1038964640655397,0.4536803888270774,0.819140491179722,0.46144360975558263,0.11195396702774242,0.47974116632849373,0.3594173702672712
2020-10-17,花叶类,17.0,17,0.11123719479151947,0.500430873812091,0.8463642013561389,0.4818262256249951,0.1038964640655397,0.4536803888270774,0.46144360975558263
2020-10-18,花叶类,17.0,17,0.09741983115485646,0.4563256665270029,0.8480673783673865,0.38255362481085387,0.11123719479151947,0.500430873812091,0.4818262256249951
2020-10-19,花叶类,16.0,16,0.1333537319358617,0.5605563522778618,0.8484421500349546,0.4953166847189763,0.09741983115485646,0.4563256665270029,0.38255362481085387
2020-10-20,花叶类,16.0,16,0.15784956107004455,0.5723513795290147,0.8494534754434826,0.4936546344136705,0.1333537319358617,0.5605563522778618,0.4953166847189763
2020-10-21,花叶类,15.0,15,0.1376073042896378,0.5614315764524633,0.8499957717742896,0.44933037681814497,0.15784956107004455,0.5723513795290147,0.4936546344136705
2020-10-22,花叶类,16.0,16,0.11788922464055701,0.49455367424403973,0.851752123975706,0.4312831306097824,0.1376073042896378,0.5614315764524633,0.44933037681814497
2020-10-23,花叶类,15.0,15,0.20307116354447366,0.6398814216783877,0.8448356033955009,0.5297559266993055,0.11788922464055701,0.49455367424403973,0.4312831306097824
2020-10-24,花叶类,15.0,15,0.14163489797544165,0.5699645879045891,0.8287969154297606,0.4876370226722253,0.20307116354447366,0.6398814216783877,0.5297559266993055
2020-10-25,花叶类,17.0,17,0.12381098366917177,0.5356249188664126,0.8565082177119591,0.4517144315758244,0.14163489797544165,0.5699645879045891,0.4876370226722253
2020-10-26,花叶类,17.0,17,0.1338923166290843,0.533852450707081,0.8497472300742435,0.48758569529298246,0.12381098366917177,0.5356249188664126,0.4517144315758244
2020-10-27,花叶类,17.0,17,0.1841578542549287,0.5768862492398069,0.8507267417306201,0.4566018623045681,0.1338923166290843,0.533852450707081,0.48758569529298246
2020-10-28,花叶类,17.0,17,0.14847085712230598,0.5692244332764322,0.8516736855968811,0.5167658030144603,0.1841578542549287,0.5768862492398069,0.4566018623045681
2020-10-29,花叶类,18.0,18,0.12870730811853834,0.5184112948046884,0.8606220127542504,0.4642543122970828,0.14847085712230598,0.5692244332764322,0.5167658030144603
2020-10-30,花叶类,19.0,19,0.14515616203665155,0.5599657319401253,0.8613035480067003,0.500293481785079,0.12870730811853834,0.5184112948046884,0.4642543122970828
2020-10-31,花叶类,17.0,17,0.11742622422544141,0.5041958549306333,0.8299171405433552,0.4053222501252782,0.14515616203665155,0.5599657319401253,0.500293481785079
2020-11-01,花叶类,18.0,18,0.1304325598028409,0.5074846827344942,0.8554907382859948,0.4409863987204544,0.11742622422544141,0.5041958549306333,0.4053222501252782
2020-11-02,花叶类,16.0,16,0.16465573729281174,0.5369354569248761,0.8539195927194427,0.5134105787452917,0.1304325598028409,0.5074846827344942,0.4409863987204544
2020-11-03,花叶类,16.0,16,0.1500648195153779,0.5743360748486852,0.8547457753434806,0.5716406940888284,0.16465573729281174,0.5369354569248761,0.5134105787452917
2020-11-04,花叶类,15.0,15,0.1914313729567128,0.5854611264883635,0.8319282745577437,0.46988241505875605,0.1500648195153779,0.5743360748486852,0.5716406940888284
2020-11-05,花叶类,16.0,16,0.1371676457269758,0.5330253473384953,0.8606962181779456,0.4835444726532848,0.1914313729567128,0.5854611264883635,0.46988241505875605
2020-11-06,花叶类,16.0,16,0.15648114043279665,0.5923863492909541,0.8351646630919771,0.5153715004884851,0.1371676457269758,0.5330253473384953,0.4835444726532848
2020-11-07,花叶类,16.0,16,0.14935037321242545,0.5762773071778867,0.8360706169724421,0.5081827369369111,0.15648114043279665,0.5923863492909541,0.5153715004884851
2020-11-08,花叶类,16.0,16,0.15962522384641095,0.567190002287806,0.8570473400922638,0.4376159150367508,0.14935037321242545,0.5762773071778867,0.5081827369369111
2020-11-09,花叶类,17.0,17,0.14487113138534238,0.5409320203435212,0.8581844074739956,0.47080354663465573,0.15962522384641095,0.567190002287806,0.4376159150367508
2020-11-10,花叶类,16.0,16,0.18621563332917976,0.6111406540813613,0.8462691115332835,0.5326070061728663,0.14487113138534238,0.5409320203435212,0.47080354663465573
2020-11-11,花叶类,18.0,18,0.17860938872518078,0.6544246193265983,0.859623840087772,0.5778999826331321,0.18621563332917976,0.6111406540813613,0.5326070061728663
2020-11-12,花叶类,18.0,18,0.16955388074929628,0.573168633885566,0.8455674567875798,0.5160383465097333,0.17860938872518078,0.6544246193265983,0.5778999826331321
2020-11-13,花叶类,16.0,16,0.22288640360142853,0.6505531914893616,0.838515341473418,0.5478977967750067,0.16955388074929628,0.573168633885566,0.5160383465097333
2020-11-14,花叶类,19.0,19,0.1649594331712443,0.5479301938255812,0.8696238108290208,0.44641471209023237,0.22288640360142853,0.6505531914893616,0.5478977967750067
2020-11-15,花叶类,17.0,17,0.14373165157693454,0.5266931008533167,0.8625251658565378,0.40305428536994964,0.1649594331712443,0.5479301938255812,0.44641471209023237
2020-11-16,花叶类,16.0,16,0.12063060879167126,0.48388501431253433,0.8423859599769521,0.40311241324999963,0.14373165157693454,0.5266931008533167,0.40305428536994964
2020-11-17,花叶类,16.0,16,0.19032142318254222,0.6036662367369684,0.8619987450403949,0.5004711631179206,0.12063060879167126,0.48388501431253433,0.40311241324999963
2020-11-18,花叶类,18.0,18,0.12382851773117363,0.5070085873638859,0.8731715425889142,0.42652163150287736,0.19032142318254222,0.6036662367369684,0.5004711631179206
2020-11-19,花叶类,17.0,17,0.23984860457550553,0.636200629997577,0.8660988406800171,0.4556819839131595,0.12382851773117363,0.5070085873638859,0.42652163150287736
2020-11-20,花叶类,16.0,16,0.249747212235506,0.6593281674878861,0.8669011897405239,0.5156826331252216,0.23984860457550553,0.636200629997577,0.4556819839131595
2020-11-21,花叶类,18.0,18,0.2534937176971358,0.6689366672021465,0.868211890329743,0.5311181886168115,0.249747212235506,0.6593281674878861,0.5156826331252216
2020-11-22,花叶类,17.0,17,0.2555237519354098,0.637509140571232,0.8702322412845757,0.4538529974287322,0.2534937176971358,0.6689366672021465,0.5311181886168115
2020-11-23,花叶类,17.0,17,0.2022834397921642,0.5899235842357233,0.8433839750414432,0.4624375365183597,0.2555237519354098,0.637509140571232,0.4538529974287322
2020-11-24,花叶类,14.0,14,0.16893288586281058,0.6231828111304378,0.7668253368717184,0.49455245617811716,0.2022834397921642,0.5899235842357233,0.4624375365183597
2020-11-25,花叶类,16.0,16,0.2333204325889084,0.7197208398362732,0.758493871415414,0.5671551899444639,0.16893288586281058,0.6231828111304378,0.49455245617811716
2020-11-26,花叶类,16.0,16,0.43795601368444886,0.7885926152036421,0.7782894667034507,0.5945467475326259,0.2333204325889084,0.7197208398362732,0.5671551899444639
2020-11-27,花叶类,17.0,17,0.2984649603182872,0.7445167467508288,0.8007413419911642,0.49095802443827574,0.43795601368444886,0.7885926152036421,0.5945467475326259
2020-11-28,花叶类,18.0,18,0.388290199755644,0.7443810189984885,0.8567970197612192,0.5443635810305711,0.2984649603182872,0.7445167467508288,0.49095802443827574
2020-11-29,花叶类,17.0,17,0.2741293055786694,0.7428738264970961,0.8373252046752664,0.5253223099417685,0.388290199755644,0.7443810189984885,0.5443635810305711
2020-11-30,花叶类,17.0,17,0.25626028058385525,0.6821748419362152,0.8597508493135246,0.48883699557894156,0.2741293055786694,0.7428738264970961,0.5253223099417685
2020-12-01,花叶类,16.0,16,0.32070463035422625,0.740320434194936,0.8576593816898772,0.472789107234589,0.25626028058385525,0.6821748419362152,0.48883699557894156
2020-12-02,花叶类,16.0,16,0.3065004156605,0.6838462078487352,0.8611955391505088,0.46768947125700394,0.32070463035422625,0.740320434194936,0.472789107234589
2020-12-03,花叶类,18.0,18,0.40065415492796397,0.8058595593804543,0.862852671863813,0.570751034231368,0.3065004156605,0.6838462078487352,0.46768947125700394
2020-12-04,花叶类,18.0,18,0.2603494823094351,0.6621407006079655,0.8646040861478732,0.48271453694583427,0.40065415492796397,0.8058595593804543,0.570751034231368
2020-12-05,花叶类,18.0,18,0.34726283903236077,0.7384210920676703,0.8648386190079276,0.5264289724944391,0.2603494823094351,0.6621407006079655,0.48271453694583427
2020-12-06,花叶类,18.0,18,0.4048736059458882,0.7665834080118978,0.8661007888614377,0.5067308258221496,0.34726283903236077,0.7384210920676703,0.5264289724944391
2020-12-07,花叶类,19.0,19,0.3139505168737738,0.7083421843231269,0.8851247842060279,0.4234670560706427,0.4048736059458882,0.7665834080118978,0.5067308258221496
2020-12-08,花叶类,17.0,17,0.2743521396504895,0.7215403848244375,0.8825739990158518,0.436364080123652,0.3139505168737738,0.7083421843231269,0.4234670560706427
2020-12-09,花叶类,14.0,15,0.3009635244212479,0.6952023887780912,0.7700744428933505,0.47325832467135664,0.2743521396504895,0.7215403848244375,0.436364080123652
2020-12-10,花叶类,16.0,16,0.2428957649775367,0.6723913885190863,0.870952400042545,0.42208249040830287,0.3009635244212479,0.6952023887780912,0.47325832467135664
2020-12-11,花叶类,17.0,17,0.3321083020956182,0.725278810408922,0.8901297468015517,0.3892795285074977,0.2428957649775367,0.6723913885190863,0.42208249040830287
2020-12-12,花叶类,17.0,17,0.3550445002725841,0.7036299370593319,0.887032151584445,0.4584716635918283,0.3321083020956182,0.725278810408922,0.3892795285074977
2020-12-13,花叶类,17.0,17,0.3631030434035975,0.6951894853651462,0.8879157641593503,0.42367875628467083,0.3550445002725841,0.7036299370593319,0.4584716635918283
2020-12-14,花叶类,16.0,16,0.30440193233408724,0.6977969762419005,0.8883122844046686,0.38057187882777244,0.3631030434035975,0.6951894853651462,0.42367875628467083
2020-12-15,花叶类,15.0,15,0.2824293774566482,0.693029714240854,0.8565866545382353,0.4025365966755169,0.30440193233408724,0.6977969762419005,0.38057187882777244
2020-12-16,花叶类,16.0,16,0.29535441493691444,0.6851345888453657,0.8782127163301178,0.46019005649520955,0.2824293774566482,0.693029714240854,0.4025365966755169
2020-12-17,花叶类,16.0,16,0.3015631619633308,0.7096049440103934,0.8787064519420466,0.4381905203954631,0.29535441493691444,0.6851345888453657,0.46019005649520955
2020-12-18,花叶类,17.0,17,0.22550172660974616,0.6436974789915966,0.8970494808313563,0.3200000304402111,0.3015631619633308,0.7096049440103934,0.4381905203954631
2020-12-19,花叶类,18.0,18,0.2865333630109283,0.6948136387691841,0.8807278036645338,0.3498897673263617,0.22550172660974616,0.6436974789915966,0.3200000304402111
2020-12-20,花叶类,18.0,18,0.2825591556853229,0.6488077396708689,0.8990036038853847,0.38399124000306095,0.2865333630109283,0.6948136387691841,0.3498897673263617
2020-12-21,花叶类,16.0,16,0.2284171797589304,0.6662062138963167,0.8608224033768375,0.34470754191256575,0.2825591556853229,0.6488077396708689,0.38399124000306095
2020-12-22,花叶类,15.0,15,0.276198067257182,0.6738606923957229,0.8611122029685757,0.3758566827146098,0.2284171797589304,0.6662062138963167,0.34470754191256575
2020-12-23,花叶类,16.0,16,0.22246413306139584,0.6308971168097542,0.8626250152541521,0.39896373532657997,0.276198067257182,0.6738606923957229,0.3758566827146098
2020-12-24,花叶类,16.0,16,0.38447710854517947,0.7940011915127627,0.8631609240842146,0.4576895628702364,0.22246413306139584,0.6308971168097542,0.39896373532657997
2020-12-25,花叶类,15.0,15,0.20579377860779127,0.6065053177496337,0.8572805200638138,0.34978607011450924,0.38447710854517947,0.7940011915127627,0.4576895628702364
2020-12-26,花叶类,15.0,15,0.37362034041442527,0.7223831094157575,0.8634091052839883,0.4063626529012861,0.20579377860779127,0.6065053177496337,0.34978607011450924
2020-12-27,花叶类,14.0,14,0.41040720619696813,0.7461931395127355,0.835937999570146,0.43847093630421397,0.37362034041442527,0.7223831094157575,0.4063626529012861
2020-12-28,花叶类,14.0,14,0.3296088068153218,0.7732238372671055,0.8242892538787968,0.4262366316170415,0.41040720619696813,0.7461931395127355,0.43847093630421397
2020-12-29,花叶类,15.0,15,0.43102262321680807,0.7682451054082107,0.8665332790664666,0.4314276252566751,0.3296088068153218,0.7732238372671055,0.4262366316170415
2020-12-30,花叶类,15.0,15,0.30497616781451303,0.6897807227269623,0.8675135556805874,0.3585677178469118,0.43102262321680807,0.7682451054082107,0.4314276252566751
2020-12-31,花叶类,15.0,15,0.19549612377823306,0.5823475480220935,0.8681590894234217,0.3022047521303248,0.30497616781451303,0.6897807227269623,0.3585677178469118
2021-01-01,花叶类,15.0,15,0.16966476225811541,0.5981707940942272,0.8687904178397072,0.33975823379756065,0.19549612377823306,0.5823475480220935,0.3022047521303248
2021-01-02,花叶类,15.0,15,0.2017249125056693,0.5912893180718705,0.8703626875636963,0.29645469658163226,0.16966476225811541,0.5981707940942272,0.33975823379756065
2021-01-03,花叶类,15.0,15,0.25587625036482375,0.6441909694002912,0.8714173798387368,0.3255465835049896,0.2017249125056693,0.5912893180718705,0.29645469658163226
2021-01-04,花叶类,15.0,15,0.21914924009709574,0.6298052316916102,0.8723609599296644,0.3381119773219878,0.25587625036482375,0.6441909694002912,0.3255465835049896
2021-01-05,花叶类,14.0,14,0.19559581649650978,0.5842461236049504,0.8665883357813351,0.28863705312795757,0.21914924009709574,0.6298052316916102,0.3381119773219878
2021-01-06,花叶类,15.0,15,0.25633387230303983,0.6390082794190831,0.8740939299517705,0.35175928170120513,0.19559581649650978,0.5842461236049504,0.28863705312795757
2021-01-07,花叶类,15.0,15,0.16591165578914727,0.5400982503031653,0.8749246553530452,0.28236414999970316,0.25633387230303983,0.6390082794190831,0.35175928170120513
2021-01-08,花叶类,15.0,15,0.27122604128654443,0.7043785346879238,0.8757581503241461,0.32961907569324816,0.16591165578914727,0.5400982503031653,0.28236414999970316
2021-01-09,花叶类,14.0,14,0.21921355090765676,0.6571476307368044,0.8167418229375469,0.32525547866067994,0.27122604128654443,0.7043785346879238,0.32961907569324816
2021-01-10,花叶类,14.0,14,0.287120348278994,0.6903548843982525,0.8181810220730555,0.31556469167174783,0.21921355090765676,0.6571476307368044,0.32525547866067994
2021-01-11,花叶类,14.0,14,0.2872278272306455,0.6899519220214704,0.8753056753880801,0.3621356511951803,0.287120348278994,0.6903548843982525,0.31556469167174783
2021-01-12,花叶类,12.0,12,0.34919394206150145,0.7300285058749914,0.7496450830586333,0.41438926418596245,0.2872278272306455,0.6899519220214704,0.3621356511951803
2021-01-13,花叶类,14.0,14,0.2987198792007693,0.6496998855323328,0.8374090211614091,0.37849782449114927,0.34919394206150145,0.7300285058749914,0.41438926418596245
2021-01-14,花叶类,13.0,13,0.2914452412265327,0.6886140707768535,0.8094549609009914,0.35588406875709333,0.2987198792007693,0.6496998855323328,0.37849782449114927
2021-01-15,花叶类,13.0,13,0.3212212418497893,0.7215106329542733,0.8332998498113693,0.35278979609322003,0.2914452412265327,0.6886140707768535,0.35588406875709333
2021-01-16,花叶类,13.0,13,0.26497078869547375,0.6470206664689013,0.8344853863358325,0.3046228076953986,0.3212212418497893,0.7215106329542733,0.35278979609322003
2021-01-17,花叶类,14.0,14,0.2999790624205677,0.6742972431230921,0.8424576661994236,0.342809915854781,0.26497078869547375,0.6470206664689013,0.3046228076953986
2021-01-18,花叶类,16.0,16,0.21219633577847316,0.6371268377623132,0.8628451247665476,0.3445140503413236,0.2999790624205677,0.6742972431230921,0.342809915854781
2021-01-19,花叶类,15.0,15,0.38645554908534147,0.777959315914929,0.8360409979808763,0.4630290594649377,0.21219633577847316,0.6371268377623132,0.3445140503413236
2021-01-20,花叶类,15.0,15,0.22487495295806836,0.6478087487902389,0.8696706274368609,0.35657617641247663,0.38645554908534147,0.777959315914929,0.4630290594649377
2021-01-21,花叶类,15.0,15,0.27188690058454945,0.7272859546219251,0.8707739490138622,0.41274366942513513,0.22487495295806836,0.6478087487902389,0.35657617641247663
2021-01-22,花叶类,16.0,16,0.23076807885930414,0.6870438625444675,0.7904339770196342,0.35378416541478813,0.27188690058454945,0.7272859546219251,0.41274366942513513
2021-01-23,花叶类,15.0,15,0.2965241653177168,0.6490934059539604,0.7997418169388346,0.33512414952586617,0.23076807885930414,0.6870438625444675,0.35378416541478813
2021-01-24,花叶类,16.0,16,0.22922534295333838,0.7009522124095883,0.8746080057337683,0.357913530761756,0.2965241653177168,0.6490934059539604,0.33512414952586617
2021-01-25,花叶类,16.0,16,0.2358169595811089,0.6450084541978773,0.8852689869904347,0.3345054430607323,0.22922534295333838,0.7009522124095883,0.357913530761756
2021-01-26,花叶类,17.0,17,0.19669302752373022,0.6479969208367534,0.835442362724321,0.3714043011015627,0.2358169595811089,0.6450084541978773,0.3345054430607323
2021-01-27,花叶类,15.0,15,0.22832820560982586,0.6687721423455385,0.8212911645836226,0.4612423304115082,0.19669302752373022,0.6479969208367534,0.3714043011015627
2021-01-28,花叶类,14.0,14,0.19695449257152944,0.6103102553870711,0.7807529285137631,0.3292908521712898,0.22832820560982586,0.6687721423455385,0.4612423304115082
2021-01-29,花叶类,16.0,16,0.22479269575054786,0.6694305155236178,0.8335682863337772,0.3411558635175605,0.19695449257152944,0.6103102553870711,0.3292908521712898
2021-01-30,花叶类,15.0,15,0.18856486841320141,0.6243510487868378,0.8139523494790151,0.320392238185766,0.22479269575054786,0.6694305155236178,0.3411558635175605
2021-01-31,花叶类,15.0,15,0.1543066329262057,0.5526800364265112,0.8067587204119785,0.2959460803434918,0.18856486841320141,0.6243510487868378,0.320392238185766
2021-02-01,花叶类,15.0,15,0.2132868120308405,0.6723506642954284,0.8340918904092732,0.3983106569013359,0.1543066329262057,0.5526800364265112,0.2959460803434918
2021-02-02,花叶类,17.0,17,0.26161950371968584,0.6940157179641985,0.8400145775985584,0.3454094776513079,0.2132868120308405,0.6723506642954284,0.3983106569013359
2021-02-03,花叶类,15.0,15,0.3072150030586186,0.7418108608118404,0.810800167800128,0.3982025797104952,0.26161950371968584,0.6940157179641985,0.3454094776513079
2021-02-04,花叶类,15.0,15,0.28161060805925825,0.6789043228598003,0.8188143820804343,0.31584644871629475,0.3072150030586186,0.7418108608118404,0.3982025797104952
2021-02-05,花叶类,19.0,19,0.178477129224504,0.5551180697095094,0.8794182750448325,0.30873036328493064,0.28161060805925825,0.6789043228598003,0.31584644871629475
2021-02-06,花叶类,19.0,19,0.23311511981128089,0.5894970796505918,0.8274408965446478,0.3454282742041887,0.178477129224504,0.5551180697095094,0.30873036328493064
2021-02-07,花叶类,18.0,18,0.2702049068732012,0.6589189691296226,0.8282548450783415,0.3488509227609786,0.23311511981128089,0.5894970796505918,0.3454282742041887
2021-02-08,花叶类,20.0,20,0.17152435980639885,0.6013608924724301,0.8953701414942672,0.3338413167418065,0.2702049068732012,0.6589189691296226,0.3488509227609786
2021-02-09,花叶类,18.0,18,0.11319462988415016,0.47767891901839615,0.8983937170871692,0.3127159710005848,0.17152435980639885,0.6013608924724301,0.3338413167418065
2021-02-10,花叶类,17.0,17,0.1205567207528179,0.4797867358763116,0.8732923418873829,0.26736805341045805,0.11319462988415016,0.47767891901839615,0.3127159710005848
2021-02-13,花叶类,13.0,13,0.11811494207212539,0.5147175390681151,0.7778874464618769,0.3539793648261096,,,
2021-02-14,花叶类,15.0,15,0.08604946947304501,0.3547634521488443,0.8443423043080232,0.4304682514824625,0.11811494207212539,0.5147175390681151,0.3539793648261096
2021-02-15,花叶类,12.0,13,0.1360183831369632,0.5342939580256243,0.8014461198305958,0.3402947832282537,0.08604946947304501,0.3547634521488443,0.4304682514824625
2021-02-16,花叶类,13.0,13,0.12870371318047508,0.5264174445005045,0.7918538345388777,0.3597617709951295,0.1360183831369632,0.5342939580256243,0.3402947832282537
2021-02-17,花叶类,16.0,16,0.12213643523689646,0.48304934130140187,0.8804963103729538,0.2551793047525131,0.12870371318047508,0.5264174445005045,0.3597617709951295
2021-02-18,花叶类,16.0,16,0.11812996445306537,0.4906921912939438,0.898891703295305,0.35951151636100886,0.12213643523689646,0.48304934130140187,0.2551793047525131
2021-02-19,花叶类,16.0,16,0.09921137050654255,0.4200652661414245,0.8715079620861074,0.3280798983814518,0.11812996445306537,0.4906921912939438,0.35951151636100886
2021-02-20,花叶类,17.0,17,0.09309746839398045,0.40272848649450543,0.9075578414545263,0.33246168302152734,0.09921137050654255,0.4200652661414245,0.3280798983814518
2021-02-21,花叶类,15.0,15,0.09713986930504281,0.4028304166235201,0.8493925632341041,0.4665566269181266,0.09309746839398045,0.40272848649450543,0.33246168302152734
2021-02-22,花叶类,15.0,15,0.12074048805053969,0.504269092629632,0.7942509212540177,0.38165569279552564,0.09713986930504281,0.4028304166235201,0.4665566269181266
2021-02-23,花叶类,15.0,15,0.13959897269538885,0.5468504226387358,0.7896879374282184,0.4433510424179775,0.12074048805053969,0.504269092629632,0.38165569279552564
2021-02-24,花叶类,16.0,16,0.13845675103140553,0.5429800481704687,0.7966356174342788,0.30685438372862067,0.13959897269538885,0.5468504226387358,0.4433510424179775
2021-02-25,花叶类,17.0,17,0.09653838663676817,0.42320241614680776,0.8296304737015042,0.43756779585413114,0.13845675103140553,0.5429800481704687,0.30685438372862067
2021-02-26,花叶类,14.0,14,0.13494963172837185,0.5561808325070026,0.7760086359066416,0.34529693733774036,0.09653838663676817,0.42320241614680776,0.43756779585413114
2021-02-27,花叶类,11.0,11,0.20233548727727257,0.6687763713080168,0.6809896868499543,0.3831601349672264,0.13494963172837185,0.5561808325070026,0.34529693733774036
2021-02-28,花叶类,16.0,16,0.19405998671440886,0.660180568830565,0.8130637684602041,0.28411248815580603,0.20233548727727257,0.6687763713080168,0.3831601349672264
2021-03-01,花叶类,19.0,19,0.15412408319089288,0.631647973389489,0.8212227332024021,0.29063010645202725,0.19405998671440886,0.660180568830565,0.28411248815580603
2021-03-02,花叶类,20.0,20,0.10813652111991186,0.47657172211778076,0.8662659141510867,0.30804035085392206,0.15412408319089288,0.631647973389489,0.29063010645202725
2021-03-03,花叶类,18.0,18,0.11539571479267695,0.5349124768827148,0.8158290715071155,0.33695821734023956,0.10813652111991186,0.47657172211778076,0.30804035085392206
2021-03-04,花叶类,17.0,17,0.11328295354010569,0.48343554903944763,0.7720605532613174,0.4156356202677221,0.11539571479267695,0.5349124768827148,0.33695821734023956
2021-03-05,花叶类,19.0,19,0.1434224652300177,0.546047304496058,0.790150087408775,0.33278852628806116,0.11328295354010569,0.48343554903944763,0.4156356202677221
2021-03-06,花叶类,22.0,22,0.13875817304777835,0.5462178472873827,0.8299631504655501,0.38718975159985763,0.1434224652300177,0.546047304496058,0.33278852628806116
2021-03-07,花叶类,22.0,22,0.13511819960660107,0.5342528420137699,0.8011701980043221,0.3715165466284139,0.13875817304777835,0.5462178472873827,0.38718975159985763
2021-03-08,花叶类,21.0,21,0.1570650275899789,0.5582632021384112,0.789617381813926,0.2573703102774152,0.13511819960660107,0.5342528420137699,0.3715165466284139
2021-03-09,花叶类,24.0,24,0.11310049817854581,0.47294142428338215,0.832707635979734,0.29682926218159955,0.1570650275899789,0.5582632021384112,0.2573703102774152
2021-03-10,花叶类,20.0,20,0.10819964711296505,0.4741929280345154,0.7974365687196087,0.3944598754304123,0.11310049817854581,0.47294142428338215,0.29682926218159955
2021-03-11,花叶类,20.0,20,0.1130655046149607,0.49800766622252257,0.7907274624130238,0.3699491459179273,0.10819964711296505,0.4741929280345154,0.3944598754304123
2021-03-12,花叶类,20.0,20,0.12240810524727101,0.5191419574914721,0.7710265656369436,0.36357539615734397,0.1130655046149607,0.49800766622252257,0.3699491459179273
2021-03-13,花叶类,24.0,24,0.09196352203829186,0.4202241873946349,0.8444970689219152,0.44132672831226577,0.12240810524727101,0.5191419574914721,0.36357539615734397
2021-03-14,花叶类,21.0,21,0.09486055189844433,0.435358343937466,0.8090607294106145,0.48109618158797984,0.09196352203829186,0.4202241873946349,0.44132672831226577
2021-03-15,花叶类,18.0,18,0.09542569531034462,0.438411223186363,0.8158390296369126,0.39734203808784857,0.09486055189844433,0.435358343937466,0.48109618158797984
2021-03-16,花叶类,20.0,20,0.09214033418860029,0.40691762966810163,0.845462371094334,0.37859942518473133,0.09542569531034462,0.438411223186363,0.39734203808784857
2021-03-17,花叶类,21.0,21,0.08135386765695933,0.36678959248697196,0.8323240406878871,0.42844040336656763,0.09214033418860029,0.40691762966810163,0.37859942518473133
2021-03-18,花叶类,20.0,20,0.09330022256063666,0.43484983366911867,0.8460914079634854,0.3560754814293258,0.08135386765695933,0.36678959248697196,0.42844040336656763
2021-03-19,花叶类,21.0,21,0.09027839019911364,0.40211366072125654,0.8473660569688499,0.4260723510571326,0.09330022256063666,0.43484983366911867,0.3560754814293258
2021-03-20,花叶类,20.0,20,0.08926149168782187,0.4311382608338713,0.8394957839185692,0.3823328213629331,0.09027839019911364,0.40211366072125654,0.4260723510571326
2021-03-21,花叶类,21.0,21,0.11554543235015993,0.5094435987822464,0.8345466228203768,0.3290645664879511,0.08926149168782187,0.4311382608338713,0.3823328213629331
2021-03-22,花叶类,21.0,21,0.0886807126406483,0.42551859644241974,0.828743270931843,0.33681506180620435,0.11554543235015993,0.5094435987822464,0.3290645664879511
2021-03-23,花叶类,19.0,19,0.14145271329352602,0.5779920716226447,0.7896919280134183,0.3438763259426609,0.0886807126406483,0.42551859644241974,0.33681506180620435
2021-03-24,花叶类,19.0,19,0.09710644238180342,0.454635041785421,0.8370571549336581,0.34158742164275924,0.14145271329352602,0.5779920716226447,0.3438763259426609
2021-03-25,花叶类,18.0,18,0.12225447780851265,0.47473220057253673,0.829081821015732,0.5278935784413444,0.09710644238180342,0.454635041785421,0.34158742164275924
2021-03-26,花叶类,16.0,16,0.09109934488310839,0.4052576261095147,0.7842133510716306,0.4494625738646313,0.12225447780851265,0.47473220057253673,0.5278935784413444
2021-03-27,花叶类,19.0,19,0.08864846406621534,0.3712695369357251,0.8003712351560349,0.4157816569940044,0.09109934488310839,0.4052576261095147,0.4494625738646313
2021-03-28,花叶类,19.0,19,0.10066124684586504,0.4713149338561961,0.7909148201183431,0.37317139159353885,0.08864846406621534,0.3712695369357251,0.4157816569940044
2021-03-29,花叶类,19.0,19,0.10260993870964721,0.43105616846947215,0.8046573424987133,0.4866930810418093,0.10066124684586504,0.4713149338561961,0.37317139159353885
2021-03-30,花叶类,17.0,17,0.1152325803473479,0.5138490707399678,0.7637450208991503,0.3649137397858992,0.10260993870964721,0.43105616846947215,0.4866930810418093
2021-03-31,花叶类,16.0,16,0.14910707830253753,0.5505743436570967,0.7654906808194083,0.27635156751506007,0.1152325803473479,0.5138490707399678,0.3649137397858992
2021-04-01,花叶类,20.0,20,0.09310638116695852,0.4283275490104118,0.835681928652363,0.34175110035845874,0.14910707830253753,0.5505743436570967,0.27635156751506007
2021-04-02,花叶类,23.0,23,0.08760496490795877,0.4001564069778063,0.8073579495089865,0.35770542362798396,0.09310638116695852,0.4283275490104118,0.34175110035845874
2021-04-03,花叶类,23.0,23,0.09093753927570838,0.40354365021411714,0.8406403982402149,0.4098644746537732,0.08760496490795877,0.4001564069778063,0.35770542362798396
2021-04-04,花叶类,20.0,20,0.10143493003991302,0.4591997750246067,0.7996155444533491,0.3487749085260549,0.09093753927570838,0.40354365021411714,0.4098644746537732
2021-04-05,花叶类,21.0,21,0.0976445796428836,0.42476284396729974,0.8022023697454281,0.36241677679158457,0.10143493003991302,0.4591997750246067,0.3487749085260549
2021-04-06,花叶类,19.0,19,0.172252847930415,0.5616689056324591,0.7950133038861162,0.3304111922698021,0.0976445796428836,0.42476284396729974,0.36241677679158457
2021-04-07,花叶类,19.0,19,0.11096704720982303,0.4868682075847901,0.7513133391354412,0.35862790006283296,0.172252847930415,0.5616689056324591,0.3304111922698021
2021-04-08,花叶类,24.0,24,0.1268149136549651,0.4778252758068544,0.8456111375687674,0.27251315070731064,0.11096704720982303,0.4868682075847901,0.35862790006283296
2021-04-09,花叶类,22.0,22,0.09610706825246008,0.44392765960473074,0.8424504188632645,0.3092461007798316,0.1268149136549651,0.4778252758068544,0.27251315070731064
2021-04-10,花叶类,19.0,19,0.1232364680939079,0.5117067340661063,0.7840469555808767,0.3243296821385048,0.09610706825246008,0.44392765960473074,0.3092461007798316
2021-04-11,花叶类,18.0,18,0.10146677332707517,0.4483245833313644,0.8065792018075133,0.3516380534675827,0.1232364680939079,0.5117067340661063,0.3243296821385048
2021-04-12,花叶类,17.0,17,0.1372559691128133,0.5266864818596625,0.8076346839849395,0.24433058637992994,0.10146677332707517,0.4483245833313644,0.3516380534675827
2021-04-13,花叶类,17.0,17,0.09883227545149362,0.4225710849245718,0.7758371372891045,0.4208830326436341,0.1372559691128133,0.5266864818596625,0.24433058637992994
2021-04-14,花叶类,21.0,21,0.14670169468066654,0.5270104722386879,0.811809985956736,0.25872093334281654,0.09883227545149362,0.4225710849245718,0.4208830326436341
2021-04-15,花叶类,20.0,20,0.13281237816176925,0.5181694482668492,0.8136898670652719,0.2537596728547021,0.14670169468066654,0.5270104722386879,0.25872093334281654
2021-04-16,花叶类,20.0,20,0.1254633850614711,0.47096507858846554,0.8158872228271798,0.2817351307646383,0.13281237816176925,0.5181694482668492,0.2537596728547021
2021-04-17,花叶类,20.0,20,0.10789404215889709,0.48764048401906124,0.8151516093513755,0.3199063331331332,0.1254633850614711,0.47096507858846554,0.2817351307646383
2021-04-18,花叶类,20.0,20,0.09200731492708249,0.41933957655141907,0.8156710540946494,0.36732660290226776,0.10789404215889709,0.48764048401906124,0.3199063331331332
2021-04-19,花叶类,20.0,20,0.08379005521591654,0.3759506161847738,0.8165367860012479,0.35251259451780387,0.09200731492708249,0.41933957655141907,0.36732660290226776
2021-04-20,花叶类,19.0,19,0.08613005342088212,0.3832018300868469,0.8166060618013453,0.4026258648351444,0.08379005521591654,0.3759506161847738,0.35251259451780387
2021-04-21,花叶类,18.0,18,0.10325495024657456,0.42451308906247437,0.8020525851774927,0.3348827487290147,0.08613005342088212,0.3832018300868469,0.4026258648351444
2021-04-22,花叶类,18.0,18,0.08517318077001548,0.39103881808416113,0.8146934096537961,0.39981081913308336,0.10325495024657456,0.42451308906247437,0.3348827487290147
2021-04-23,花叶类,17.0,17,0.09736905493862297,0.44584121949971867,0.8143439432786146,0.42611266164233436,0.08517318077001548,0.39103881808416113,0.39981081913308336
2021-04-24,花叶类,21.0,21,0.08324444595184238,0.3817668228834266,0.8193146016238593,0.46222730097443954,0.09736905493862297,0.44584121949971867,0.42611266164233436
2021-04-25,花叶类,20.0,20,0.09893507625406449,0.4424690578713619,0.8202487159943621,0.32868986532936534,0.08324444595184238,0.3817668228834266,0.46222730097443954
2021-04-26,花叶类,20.0,20,0.0837227469640201,0.39074958018749417,0.8210789368227384,0.42600469284301934,0.09893507625406449,0.4424690578713619,0.32868986532936534
2021-04-27,花叶类,19.0,19,0.11749848025363589,0.4556413442196191,0.7818369954197724,0.3329517657639785,0.0837227469640201,0.39074958018749417,0.42600469284301934
2021-04-28,花叶类,20.0,20,0.0980675110593662,0.4364033867313273,0.8223632375107048,0.38024792086624504,0.11749848025363589,0.4556413442196191,0.3329517657639785
2021-04-29,花叶类,20.0,20,0.10873028135456757,0.49284196268011854,0.8231806140149723,0.4015604016539175,0.0980675110593662,0.4364033867313273,0.38024792086624504
2021-04-30,花叶类,19.0,19,0.10754424665075998,0.46808854537840433,0.8145496714574401,0.5201100064187186,0.10873028135456757,0.49284196268011854,0.4015604016539175
2021-05-01,花叶类,20.0,20,0.07716638828581884,0.34583823169951,0.8142338519322908,0.4371103313315018,0.10754424665075998,0.46808854537840433,0.5201100064187186
2021-05-02,花叶类,19.0,19,0.08236082151956158,0.35787029575308243,0.8171761062229158,0.3622082482411997,0.07716638828581884,0.34583823169951,0.4371103313315018
2021-05-03,花叶类,19.0,19,0.09049872926492646,0.3947981349302808,0.8254074295180119,0.3452657402886243,0.08236082151956158,0.35787029575308243,0.3622082482411997
2021-05-04,花叶类,19.0,19,0.08141728409950817,0.38418787471701865,0.8264946882065016,0.36979560061287764,0.09049872926492646,0.3947981349302808,0.3452657402886243
2021-05-05,花叶类,20.0,20,0.0727153484427094,0.3153534839388995,0.8302821948654808,0.4295059401298461,0.08141728409950817,0.38418787471701865,0.36979560061287764
2021-05-06,花叶类,20.0,20,0.07069128881387907,0.3315667506297229,0.8313921476398085,0.4386621279751534,0.0727153484427094,0.3153534839388995,0.4295059401298461
2021-05-07,花叶类,20.0,20,0.07961333434924137,0.35178431000352517,0.8293458584857453,0.4035766672464175,0.07069128881387907,0.3315667506297229,0.4386621279751534
2021-05-08,花叶类,19.0,19,0.08218929787418808,0.37820457004963115,0.8205872573674997,0.41663929763883667,0.07961333434924137,0.35178431000352517,0.4035766672464175
2021-05-09,花叶类,20.0,20,0.07979678723178617,0.3650700611073163,0.8278030868198885,0.4328357940496287,0.08218929787418808,0.37820457004963115,0.41663929763883667
2021-05-10,花叶类,17.0,17,0.08626827519650758,0.36323000741816247,0.7621648764262834,0.5287635086505449,0.07979678723178617,0.3650700611073163,0.4328357940496287
2021-05-11,花叶类,17.0,17,0.09206681651326601,0.3976719688191299,0.8186414948330858,0.47853086217479435,0.08626827519650758,0.36323000741816247,0.5287635086505449
2021-05-12,花叶类,21.0,21,0.0805533857516244,0.35314679567606655,0.8355925041057917,0.49475142506349234,0.09206681651326601,0.3976719688191299,0.47853086217479435
2021-05-13,花叶类,18.0,18,0.07719523394869345,0.34261886744860637,0.8305380832197179,0.47861603909409267,0.0805533857516244,0.35314679567606655,0.49475142506349234
2021-05-14,花叶类,20.0,20,0.08982248763127904,0.418698591431382,0.8326581537568939,0.4515364922991094,0.07719523394869345,0.34261886744860637,0.47861603909409267
2021-05-15,花叶类,19.0,19,0.10607185647909423,0.47511596032182374,0.8328549854338578,0.36461848907826283,0.08982248763127904,0.418698591431382,0.4515364922991094
2021-05-16,花叶类,16.0,16,0.10848217410884149,0.49510790825446405,0.7908556629210091,0.33701445717476425,0.10607185647909423,0.47511596032182374,0.36461848907826283
2021-05-17,花叶类,19.0,19,0.09621962370873957,0.4452331623815508,0.8351190990911013,0.4138208037987311,0.10848217410884149,0.49510790825446405,0.33701445717476425
2021-05-18,花叶类,20.0,20,0.072171618075827,0.3468517536859152,0.8388525194419488,0.46210233189636807,0.09621962370873957,0.4452331623815508,0.4138208037987311
2021-05-19,花叶类,17.0,17,0.08994108407556585,0.38694673455330447,0.8257691422476463,0.38648625694307065,0.072171618075827,0.3468517536859152,0.46210233189636807
2021-05-20,花叶类,20.0,20,0.09172622973351226,0.43768446052457965,0.8403633017731569,0.3933278083891154,0.08994108407556585,0.38694673455330447,0.38648625694307065
2021-05-21,花叶类,17.0,17,0.09142552239104948,0.3939946095737007,0.7823858405675574,0.41908524178263934,0.09172622973351226,0.43768446052457965,0.3933278083891154
2021-05-22,花叶类,18.0,18,0.0831018214820182,0.3634004507178391,0.8347709131996781,0.3710431897971054,0.09142552239104948,0.3939946095737007,0.41908524178263934
2021-05-23,花叶类,15.0,15,0.10728223533003178,0.4576289129564254,0.7854729380871184,0.4092054912646701,0.0831018214820182,0.3634004507178391,0.3710431897971054
2021-05-24,花叶类,17.0,17,0.09198672687292773,0.42066504962003887,0.8198360472989629,0.3884891980185876,0.10728223533003178,0.4576289129564254,0.4092054912646701
2021-05-25,花叶类,16.0,16,0.07940038542990896,0.3386303472089008,0.7973596609571596,0.45083327504824733,0.09198672687292773,0.42066504962003887,0.3884891980185876
2021-05-26,花叶类,18.0,18,0.07142690518844914,0.31261590471036743,0.841070085841088,0.41266381146743736,0.07940038542990896,0.3386303472089008,0.45083327504824733
2021-05-27,花叶类,19.0,19,0.07966400813665137,0.3612715768020546,0.8424906423167111,0.4686193814344741,0.07142690518844914,0.31261590471036743,0.41266381146743736
2021-05-28,花叶类,17.0,17,0.07946669711467556,0.3519350045225481,0.8089684625803366,0.4688997441847374,0.07966400813665137,0.3612715768020546,0.4686193814344741
2021-05-29,花叶类,18.0,18,0.08314471402501375,0.38359087767795436,0.8412186071830718,0.397714654203972,0.07946669711467556,0.3519350045225481,0.4688997441847374
2021-05-30,花叶类,17.0,17,0.08576589838585617,0.3911310870584398,0.8414743330123782,0.3472185966997995,0.08314471402501375,0.38359087767795436,0.397714654203972
2021-05-31,花叶类,18.0,18,0.08411784791191472,0.38437858110219814,0.8430685939206648,0.3634422024029559,0.08576589838585617,0.3911310870584398,0.3472185966997995
2021-06-01,花叶类,17.0,17,0.08550980239918389,0.3730533254793469,0.8323675339011831,0.4305976409075939,0.08411784791191472,0.38437858110219814,0.3634422024029559
2021-06-02,花叶类,19.0,19,0.10381490554922247,0.48377465451469603,0.8219696131706429,0.42441423304370074,0.08550980239918389,0.3730533254793469,0.4305976409075939
2021-06-03,花叶类,19.0,19,0.08586124012504537,0.3990883038799763,0.8485354701963126,0.4067170323291228,0.10381490554922247,0.48377465451469603,0.42441423304370074
2021-06-04,花叶类,16.0,16,0.07966183367093796,0.34830254432543584,0.8338551360046074,0.43147118359352177,0.08586124012504537,0.3990883038799763,0.4067170323291228
2021-06-05,花叶类,18.0,18,0.10299546392068856,0.44646502224811174,0.8370969851694505,0.46408756023141984,0.07966183367093796,0.34830254432543584,0.43147118359352177
2021-06-06,花叶类,17.0,17,0.09574297274639751,0.40556852525471887,0.8045272920804171,0.37010732144656294,0.10299546392068856,0.44646502224811174,0.46408756023141984
2021-06-07,花叶类,19.0,19,0.09001414713791943,0.4068561118628778,0.83720999250995,0.3137805450291845,0.09574297274639751,0.40556852525471887,0.37010732144656294
2021-06-08,花叶类,20.0,20,0.08359567443623711,0.3805568854381327,0.8382491139688046,0.4174068844367703,0.09001414713791943,0.4068561118628778,0.3137805450291845
2021-06-09,花叶类,21.0,21,0.08991584704617932,0.4165275128799689,0.8318674447481369,0.48884308831108225,0.08359567443623711,0.3805568854381327,0.4174068844367703
2021-06-10,花叶类,21.0,21,0.08304530854945787,0.39008557096488644,0.8425511632254042,0.41220040555253523,0.08991584704617932,0.4165275128799689,0.48884308831108225
2021-06-11,花叶类,20.0,20,0.0997120656899834,0.4469388069117262,0.8324471956482575,0.4414147484673756,0.08304530854945787,0.39008557096488644,0.41220040555253523
2021-06-12,花叶类,20.0,20,0.09724363947545145,0.46156077748767044,0.8324360956853245,0.4036062818616529,0.0997120656899834,0.4469388069117262,0.4414147484673756
2021-06-13,花叶类,19.0,19,0.09118892616522356,0.4211357141838272,0.841304394483467,0.3797287138962009,0.09724363947545145,0.46156077748767044,0.4036062818616529
2021-06-14,花叶类,14.0,14,0.09879156943471298,0.4374412704378876,0.771113182736247,0.419991002614006,0.09118892616522356,0.4211357141838272,0.3797287138962009
2021-06-15,花叶类,17.0,17,0.08966303326894928,0.4177765250275996,0.8413077119197359,0.36844904302816656,0.09879156943471298,0.4374412704378876,0.419991002614006
2021-06-16,花叶类,15.0,15,0.08350649590010312,0.38211840746548364,0.8141012498181583,0.4189258726855646,0.08966303326894928,0.4177765250275996,0.36844904302816656
2021-06-17,花叶类,16.0,16,0.10058786003699632,0.43510972891539723,0.8299697122351992,0.43663458574751934,0.08350649590010312,0.38211840746548364,0.4189258726855646
2021-06-18,花叶类,14.0,14,0.0992449272532706,0.44442087821043913,0.8020547538902256,0.2965586952568463,0.10058786003699632,0.43510972891539723,0.43663458574751934
2021-06-19,花叶类,16.0,16,0.10642799838644576,0.44813122944008177,0.8309162936705969,0.37753577018132367,0.0992449272532706,0.44442087821043913,0.2965586952568463
2021-06-20,花叶类,16.0,16,0.0927240600463346,0.4127242260524846,0.8317629734070748,0.3529948471686663,0.10642799838644576,0.44813122944008177,0.37753577018132367
2021-06-21,花叶类,15.0,15,0.09926893164523048,0.4325181581928434,0.8314111016545402,0.3914213964092441,0.0927240600463346,0.4127242260524846,0.3529948471686663
2021-06-22,花叶类,16.0,16,0.08814976345670125,0.406982914986812,0.8332621955041473,0.4008069607828165,0.09926893164523048,0.4325181581928434,0.3914213964092441
2021-06-23,花叶类,18.0,18,0.08095462460600866,0.371099375900144,0.833761743817134,0.40159886053371563,0.08814976345670125,0.406982914986812,0.4008069607828165
2021-06-24,花叶类,19.0,19,0.0920965960797019,0.40900784435772825,0.8344101266572034,0.3916071724075981,0.08095462460600866,0.371099375900144,0.40159886053371563
2021-06-25,花叶类,17.0,17,0.09124857562308972,0.3909347668881582,0.8346452447366336,0.38284880009187705,0.0920965960797019,0.40900784435772825,0.3916071724075981
2021-06-26,花叶类,15.0,15,0.12115945140370982,0.5045374070514441,0.8121157414101596,0.3474755161939879,0.09124857562308972,0.3909347668881582,0.38284880009187705
2021-06-27,花叶类,16.0,16,0.0936179209263023,0.42385985286611383,0.8359145630656935,0.272860366932898,0.12115945140370982,0.5045374070514441,0.3474755161939879
2021-06-28,花叶类,17.0,17,0.09436090199861769,0.397679595170227,0.837350102872745,0.4107860997501921,0.0936179209263023,0.42385985286611383,0.272860366932898
2021-06-29,花叶类,18.0,18,0.0994542033157315,0.4425568986170097,0.8378846514704632,0.37177160053022273,0.09436090199861769,0.397679595170227,0.4107860997501921
2021-06-30,花叶类,15.0,15,0.1061618763901034,0.4466770322529203,0.8255415290502798,0.4293852237653085,0.0994542033157315,0.4425568986170097,0.37177160053022273
2021-07-01,花叶类,18.0,18,0.12068038799761502,0.46944420143071525,0.8420204048618287,0.4149671764605355,0.1061618763901034,0.4466770322529203,0.4293852237653085
2021-07-02,花叶类,17.0,17,0.08845608624626915,0.3868106759265523,0.8304842425511665,0.3605483494700218,0.12068038799761502,0.46944420143071525,0.4149671764605355
2021-07-03,花叶类,19.0,19,0.09186121871432662,0.4109182771251737,0.8442440451025572,0.37076094376910307,0.08845608624626915,0.3868106759265523,0.3605483494700218
2021-07-04,花叶类,19.0,19,0.08893713381816012,0.39900771328083035,0.8451653064695699,0.32999253622477187,0.09186121871432662,0.4109182771251737,0.37076094376910307
2021-07-05,花叶类,19.0,19,0.08619456629448849,0.3736129705688806,0.8460787722125038,0.32272417818052235,0.08893713381816012,0.39900771328083035,0.32999253622477187
2021-07-06,花叶类,19.0,19,0.09042341018251168,0.3966145953158791,0.8469002110126792,0.35409404064504724,0.08619456629448849,0.3736129705688806,0.32272417818052235
2021-07-07,花叶类,19.0,19,0.09475302250651314,0.4131118156159289,0.8467854484700771,0.3260490962359932,0.09042341018251168,0.3966145953158791,0.35409404064504724
2021-07-08,花叶类,18.0,18,0.09591961128999857,0.4186743419447909,0.8477579409092667,0.3264180066898712,0.09475302250651314,0.4131118156159289,0.3260490962359932
2021-07-09,花叶类,17.0,17,0.08645577952763893,0.3762938607936259,0.8362311062660537,0.3547786008173054,0.09591961128999857,0.4186743419447909,0.3264180066898712
2021-07-10,花叶类,19.0,19,0.07539031467926881,0.36974431154900633,0.8369668610817036,0.35669649051272007,0.08645577952763893,0.3762938607936259,0.3547786008173054
2021-07-11,花叶类,17.0,17,0.08169965659862757,0.3609387949870659,0.8369833600443833,0.37442100673892886,0.07539031467926881,0.36974431154900633,0.35669649051272007
2021-07-12,花叶类,17.0,17,0.09146253319663458,0.414245770759329,0.8081031174955661,0.4742284751482728,0.08169965659862757,0.3609387949870659,0.37442100673892886
2021-07-13,花叶类,15.0,15,0.08136604095119351,0.3555403513238289,0.8017650199097797,0.49131068983230575,0.09146253319663458,0.414245770759329,0.4742284751482728
2021-07-14,花叶类,16.0,16,0.08974198889521245,0.3865535054197048,0.8257164987321557,0.36991857883985324,0.08136604095119351,0.3555403513238289,0.49131068983230575
2021-07-15,花叶类,17.0,17,0.07414542194787929,0.32520931702094047,0.8378183698870728,0.33114962195318387,0.08974198889521245,0.3865535054197048,0.36991857883985324
2021-07-16,花叶类,16.0,16,0.10115519079022972,0.43245006460358815,0.8355224343927334,0.31030795234126385,0.07414542194787929,0.32520931702094047,0.33114962195318387
2021-07-17,花叶类,17.0,17,0.10806828800154536,0.4383090027050592,0.8391646325424094,0.3132663010991125,0.10115519079022972,0.43245006460358815,0.31030795234126385
2021-07-18,花叶类,20.0,20,0.090310389252345,0.40700829689962537,0.8405578872478965,0.34667490139602225,0.10806828800154536,0.4383090027050592,0.3132663010991125
2021-07-19,花叶类,17.0,18,0.10549311425075421,0.41948065515920463,0.8412457718028814,0.327369462063027,0.090310389252345,0.40700829689962537,0.34667490139602225
2021-07-20,花叶类,20.0,20,0.12212319120252242,0.4970202543941404,0.8614017527091811,0.3384915542623985,0.10549311425075421,0.41948065515920463,0.327369462063027
2021-07-21,花叶类,22.0,22,0.121639013554842,0.47558187523337236,0.858684104803268,0.3468915956495201,0.12212319120252242,0.4970202543941404,0.3384915542623985
2021-07-22,花叶类,22.0,22,0.1205417850707994,0.4565303152789007,0.8234096813482402,0.3569710396005987,0.121639013554842,0.47558187523337236,0.3468915956495201
2021-07-23,花叶类,20.0,20,0.12296721535835041,0.47859741363286346,0.8541285328024278,0.3819153630349646,0.1205417850707994,0.4565303152789007,0.3569710396005987
2021-07-24,花叶类,16.0,16,0.124056652204663,0.4906084373604613,0.8406296247250168,0.3056269647120333,0.12296721535835041,0.47859741363286346,0.3819153630349646
2021-07-25,花叶类,16.0,16,0.11053249294963848,0.4531904271081621,0.8397520790861104,0.31748688974173245,0.124056652204663,0.4906084373604613,0.3056269647120333
2021-07-26,花叶类,16.0,16,0.12373205810574331,0.45070386105129745,0.8197951220109826,0.4190149995075836,0.11053249294963848,0.4531904271081621,0.31748688974173245
2021-07-27,花叶类,17.0,17,0.09627980761170857,0.41241366179752703,0.8726658431983818,0.33677188613521897,0.12373205810574331,0.45070386105129745,0.4190149995075836
2021-07-28,花叶类,19.0,19,0.10069035062036794,0.42833680752953057,0.8655044103519909,0.2890401413601321,0.09627980761170857,0.41241366179752703,0.33677188613521897
2021-07-29,花叶类,17.0,17,0.1266196652074677,0.4880147510755993,0.8646551994462908,0.36102191804787676,0.10069035062036794,0.42833680752953057,0.2890401413601321
2021-07-30,花叶类,20.0,20,0.11270738067890076,0.45665989586981387,0.8678026008685167,0.36908638198017896,0.1266196652074677,0.4880147510755993,0.36102191804787676
2021-07-31,花叶类,19.0,19,0.11658088665409555,0.48299319727891155,0.8419193313676778,0.3595461068248351,0.11270738067890076,0.45665989586981387,0.36908638198017896
2021-08-01,花叶类,18.0,18,0.09625283859607271,0.40737832641910354,0.8696168689368582,0.2825943641728827,0.11658088665409555,0.48299319727891155,0.3595461068248351
2021-08-02,花叶类,16.0,16,0.12021691576858304,0.4626756357016895,0.865370959835379,0.30790787625887206,0.09625283859607271,0.40737832641910354,0.2825943641728827
2021-08-03,花叶类,18.0,18,0.08745010991149414,0.3842084395355424,0.8715518296953061,0.4071013971606444,0.12021691576858304,0.4626756357016895,0.30790787625887206
2021-08-04,花叶类,15.0,15,0.11645755286730991,0.5076818963893652,0.8185965456233478,0.3834915111106435,0.08745010991149414,0.3842084395355424,0.4071013971606444
2021-08-05,花叶类,16.0,16,0.10879625323364789,0.47242767110762796,0.852510486650744,0.29076850250615466,0.11645755286730991,0.5076818963893652,0.3834915111106435
2021-08-06,花叶类,17.0,17,0.08464744808354119,0.3746495499483547,0.8736675452891006,0.2875727427500046,0.10879625323364789,0.47242767110762796,0.29076850250615466
2021-08-07,花叶类,16.0,16,0.09981541043350312,0.4609137012094498,0.8603031133454261,0.2436044230114588,0.08464744808354119,0.3746495499483547,0.2875727427500046
2021-08-08,花叶类,17.0,17,0.10019240443259535,0.4394545310633102,0.8761545213364541,0.3422877371344162,0.09981541043350312,0.4609137012094498,0.2436044230114588
2021-08-09,花叶类,17.0,17,0.10682776213289213,0.5024579251015601,0.8779559760187434,0.4105009288359461,0.10019240443259535,0.4394545310633102,0.3422877371344162
2021-08-10,花叶类,17.0,17,0.08226730160831663,0.3737583402781732,0.8804394190629437,0.306089910019696,0.10682776213289213,0.5024579251015601,0.4105009288359461
2021-08-11,花叶类,16.0,16,0.09756874137681121,0.43351519183854514,0.8480947997470779,0.3541918146927483,0.08226730160831663,0.3737583402781732,0.306089910019696
2021-08-12,花叶类,17.0,17,0.1077356049786755,0.4546477421571364,0.8815805048193188,0.26357182396788675,0.09756874137681121,0.43351519183854514,0.3541918146927483
2021-08-13,花叶类,17.0,17,0.11488631568265593,0.47061898705534444,0.8825286208473804,0.3090476739729314,0.1077356049786755,0.4546477421571364,0.26357182396788675
2021-08-14,花叶类,17.0,17,0.10097957466850657,0.4138362109632984,0.8837481295445593,0.2850121654844455,0.11488631568265593,0.47061898705534444,0.3090476739729314
2021-08-15,花叶类,15.0,15,0.10246397343158738,0.4620483896997059,0.8310694880254094,0.2942489284156492,0.10097957466850657,0.4138362109632984,0.2850121654844455
2021-08-16,花叶类,18.0,18,0.08379303203659988,0.3746026353466476,0.8862743569240983,0.2735017119422912,0.10246397343158738,0.4620483896997059,0.2942489284156492
2021-08-17,花叶类,13.0,14,0.12406240972529835,0.512375733673048,0.7534409278826398,0.3819268703670622,0.08379303203659988,0.3746026353466476,0.2735017119422912
2021-08-18,花叶类,17.0,17,0.08473078944694253,0.38570443366599594,0.8887356807634392,0.2507459148001595,0.12406240972529835,0.512375733673048,0.3819268703670622
2021-08-19,花叶类,17.0,17,0.10966873652736993,0.49008256724080007,0.890188801697265,0.3401780563877882,0.08473078944694253,0.38570443366599594,0.2507459148001595
2021-08-20,花叶类,18.0,18,0.10065673071539484,0.42422267637061284,0.8914208834640613,0.2733388172562744,0.10966873652736993,0.49008256724080007,0.3401780563877882
2021-08-21,花叶类,17.0,17,0.10339462334717663,0.42761517945857375,0.8926988464297242,0.2929133271283417,0.10065673071539484,0.42422267637061284,0.2733388172562744
2021-08-22,花叶类,16.0,16,0.09204532289562449,0.40128677692665665,0.8782670919432001,0.28205458717663423,0.10339462334717663,0.42761517945857375,0.2929133271283417
2021-08-23,花叶类,15.0,15,0.10217879184185862,0.44589362744512295,0.8580383386247722,0.38927844394938227,0.09204532289562449,0.40128677692665665,0.28205458717663423
2021-08-24,花叶类,16.0,17,0.10312115085157963,0.4577614827595221,0.8558765969023319,0.3606548987146905,0.10217879184185862,0.44589362744512295,0.38927844394938227
2021-08-25,花叶类,14.0,15,0.11745978506457493,0.48573781483208966,0.6499346648022413,0.39360265131668426,0.10312115085157963,0.4577614827595221,0.3606548987146905
2021-08-26,花叶类,16.0,17,0.1019185121343657,0.42569767207903264,0.8572906407202676,0.27531869306230206,0.11745978506457493,0.48573781483208966,0.39360265131668426
2021-08-27,花叶类,16.0,16,0.08127174499814388,0.36006917503368036,0.8911534988875288,0.24607657424580306,0.1019185121343657,0.42569767207903264,0.27531869306230206
2021-08-28,花叶类,17.0,17,0.09708213728612289,0.4151807770042668,0.8916287216442265,0.3167387992809815,0.08127174499814388,0.36006917503368036,0.24607657424580306
2021-08-29,花叶类,17.0,17,0.0862328284751292,0.4009786888537729,0.8983562612677751,0.28047660517093354,0.09708213728612289,0.4151807770042668,0.3167387992809815
2021-08-30,花叶类,17.0,17,0.10852065477455364,0.4833218543343021,0.8932558193751645,0.40079007087142315,0.0862328284751292,0.4009786888537729,0.28047660517093354
2021-08-31,花叶类,17.0,17,0.10323390418567363,0.4425675879412137,0.8921662894057067,0.32041038072073125,0.10852065477455364,0.4833218543343021,0.40079007087142315
2021-09-01,花叶类,18.0,18,0.07927867761224248,0.3788539787742774,0.9011119827108307,0.3116970973088853,0.10323390418567363,0.4425675879412137,0.32041038072073125
2021-09-02,花叶类,18.0,18,0.0791377815349309,0.36664003693958475,0.9023018138325776,0.32711908122997935,0.07927867761224248,0.3788539787742774,0.3116970973088853
2021-09-03,花叶类,18.0,18,0.08412795103438075,0.390644275845053,0.903577719941863,0.3405858960499717,0.0791377815349309,0.36664003693958475,0.32711908122997935
2021-09-04,花叶类,18.0,18,0.08878600897415982,0.4289050589799867,0.9048843716120035,0.3172964469117331,0.08412795103438075,0.390644275845053,0.3405858960499717
2021-09-05,花叶类,18.0,18,0.1005346014015138,0.4582594753928578,0.9056563686852096,0.31958153992445637,0.08878600897415982,0.4289050589799867,0.3172964469117331
2021-09-06,花叶类,18.0,18,0.09935278497979587,0.46633664975059175,0.9066713509528156,0.3339677663526358,0.1005346014015138,0.4582594753928578,0.31958153992445637
2021-09-07,花叶类,18.0,18,0.09365116961773146,0.4319007124798897,0.907411585774279,0.37874764842967146,0.09935278497979587,0.46633664975059175,0.3339677663526358
2021-09-08,花叶类,17.0,17,0.10911537204658055,0.4711501956913392,0.8763201988684738,0.3230039109843014,0.09365116961773146,0.4319007124798897,0.37874764842967146
2021-09-09,花叶类,18.0,18,0.08000527198342929,0.3713873128366892,0.9085415072260367,0.2853866849670931,0.10911537204658055,0.4711501956913392,0.3230039109843014
2021-09-10,花叶类,18.0,18,0.10570899808520307,0.4787297123301596,0.9092440565135158,0.3657369469591307,0.08000527198342929,0.3713873128366892,0.2853866849670931
2021-09-11,花叶类,18.0,18,0.09600425516255108,0.4329846324754675,0.9102040099404571,0.3102919055240455,0.10570899808520307,0.4787297123301596,0.3657369469591307
2021-09-12,花叶类,18.0,18,0.12521064828183193,0.49677119972547396,0.8764854394342796,0.3535137388146353,0.09600425516255108,0.4329846324754675,0.3102919055240455
2021-09-13,花叶类,18.0,18,0.07271243514465418,0.3282024076719037,0.9113387413339503,0.31639473983651156,0.12521064828183193,0.49677119972547396,0.3535137388146353
2021-09-14,花叶类,18.0,19,0.08346821526908385,0.3866397839236124,0.7510451448976485,0.34874617384573314,0.07271243514465418,0.3282024076719037,0.31639473983651156
2021-09-15,花叶类,20.0,20,0.12705251416819172,0.5022503248708441,0.9267702944476521,0.35434736504689407,0.08346821526908385,0.3866397839236124,0.34874617384573314
2021-09-16,花叶类,19.0,19,0.0674044273671281,0.30339118343804716,0.7627195753017243,0.34550525111293573,0.12705251416819172,0.5022503248708441,0.35434736504689407
2021-09-17,花叶类,19.0,19,0.09589159065699526,0.4225555440981669,0.763430446155014,0.36758723985242836,0.0674044273671281,0.30339118343804716,0.34550525111293573
2021-09-18,花叶类,19.0,19,0.09318401812687298,0.4120099007506187,0.7429143871783309,0.37219515526218117,0.09589159065699526,0.4225555440981669,0.36758723985242836
2021-09-19,花叶类,19.0,19,0.09059999519708357,0.42173861970694443,0.8894423261451196,0.40579271866121436,0.09318401812687298,0.4120099007506187,0.37219515526218117
2021-09-20,花叶类,20.0,20,0.09039853014859656,0.44112734033985257,0.9037841568515288,0.3683958000393867,0.09059999519708357,0.42173861970694443,0.40579271866121436
2021-09-21,花叶类,19.0,19,0.08584684239216424,0.4223764419019038,0.7420517230500516,0.37853580697796996,0.09039853014859656,0.44112734033985257,0.3683958000393867
2021-09-22,花叶类,18.0,18,0.08601439341391347,0.38971181224180784,0.7392052349305054,0.39227733625899075,0.08584684239216424,0.4223764419019038,0.37853580697796996
2021-09-23,花叶类,18.0,18,0.0826612327176592,0.3792216387003118,0.7398917678621224,0.4147096380040957,0.08601439341391347,0.38971181224180784,0.39227733625899075
2021-09-24,花叶类,17.0,18,0.11034393575981032,0.43606711897024036,0.6772720162497048,0.43121441681363415,0.0826612327176592,0.3792216387003118,0.4147096380040957
2021-09-25,花叶类,18.0,18,0.10564731714309684,0.42488750533947345,0.7406737752082677,0.3817012444460824,0.11034393575981032,0.43606711897024036,0.43121441681363415
2021-09-26,花叶类,18.0,18,0.09543492206869011,0.4203416211038831,0.7414263753925419,0.3201874027445146,0.10564731714309684,0.42488750533947345,0.3817012444460824
2021-09-27,花叶类,18.0,18,0.09804013576196788,0.42035412380475223,0.7422919235011753,0.37456054904663977,0.09543492206869011,0.4203416211038831,0.3201874027445146
2021-09-28,花叶类,17.0,17,0.07701029065168395,0.33147829909679477,0.7038707270043509,0.3333311804342959,0.09804013576196788,0.42035412380475223,0.37456054904663977
2021-09-29,花叶类,18.0,18,0.08421065474368637,0.38438875179447723,0.7439238483477539,0.33117495032504873,0.07701029065168395,0.33147829909679477,0.3333311804342959
2021-09-30,花叶类,18.0,18,0.06705230730651124,0.2912275565964091,0.7351098890320319,0.32199667375356394,0.08421065474368637,0.38438875179447723,0.33117495032504873
2021-10-01,花叶类,17.0,17,0.10236629677968571,0.4309129371117651,0.7062268724612059,0.3571931307391252,0.06705230730651124,0.2912275565964091,0.32199667375356394
2021-10-02,花叶类,17.0,17,0.0984694447995151,0.424641852770885,0.7077459268854809,0.35832671580588027,0.10236629677968571,0.4309129371117651,0.3571931307391252
2021-10-03,花叶类,18.0,18,0.0870715538187093,0.39241615400501917,0.7475819693822385,0.41368340058409125,0.0984694447995151,0.424641852770885,0.35832671580588027
2021-10-04,花叶类,17.0,17,0.08458322048537442,0.38595580252075345,0.7384215060753856,0.3975525359632377,0.0870715538187093,0.39241615400501917,0.41368340058409125
2021-10-05,花叶类,16.0,16,0.11354060621770126,0.4978292860152286,0.7095875913888363,0.404296093786249,0.08458322048537442,0.38595580252075345,0.3975525359632377
2021-10-06,花叶类,18.0,19,0.09991450600053609,0.4476310061945421,0.7264334448354093,0.3838639892596524,0.11354060621770126,0.4978292860152286,0.404296093786249
2021-10-07,花叶类,19.0,19,0.11177010021932064,0.4570658546617634,0.8809867017195753,0.3732409140953447,0.09991450600053609,0.4476310061945421,0.3838639892596524
2021-10-08,花叶类,17.0,17,0.10935540050930474,0.46478134308150554,0.7742916745093892,0.4120306396428663,0.11177010021932064,0.4570658546617634,0.3732409140953447
2021-10-09,花叶类,19.0,19,0.10862654784437452,0.4438099229842301,0.8467595608189156,0.43427693079695556,0.10935540050930474,0.46478134308150554,0.4120306396428663
2021-10-10,花叶类,17.0,17,0.13004701550599476,0.5147912850294266,0.7732383337459193,0.4449650264161953,0.10862654784437452,0.4438099229842301,0.43427693079695556
2021-10-11,花叶类,18.0,18,0.09377620129112162,0.40517567533482984,0.6976035145922869,0.39154028651177897,0.13004701550599476,0.5147912850294266,0.4449650264161953
2021-10-12,花叶类,16.0,17,0.11890156966173071,0.4893624032072053,0.674428048538435,0.44853656040884665,0.09377620129112162,0.40517567533482984,0.39154028651177897
2021-10-13,花叶类,17.0,17,0.11190684832511502,0.49229540823014867,0.6883780122568699,0.41448651046379525,0.11890156966173071,0.4893624032072053,0.44853656040884665
2021-10-14,花叶类,19.0,19,0.11119985587892514,0.434025563534533,0.7124986427151744,0.42561741334725495,0.11190684832511502,0.49229540823014867,0.41448651046379525
2021-10-15,花叶类,19.0,19,0.11875538402489286,0.48063126630069375,0.7131994849541259,0.4409375258453351,0.11119985587892514,0.434025563534533,0.42561741334725495
2021-10-16,花叶类,19.0,19,0.1297880982374939,0.481305674714455,0.8656782977841774,0.4036624970434831,0.11875538402489286,0.48063126630069375,0.4409375258453351
2021-10-17,花叶类,20.0,20,0.0800479578085633,0.35925771476230195,0.7272837733467972,0.3594426592210187,0.1297880982374939,0.481305674714455,0.4036624970434831
2021-10-18,花叶类,17.0,17,0.13414093545611958,0.49552981694659365,0.6425597384762644,0.45109630730388495,0.0800479578085633,0.35925771476230195,0.3594426592210187
2021-10-19,花叶类,18.0,18,0.12823025470220448,0.4846982868181587,0.6394473479836287,0.46295474455325514,0.13414093545611958,0.49552981694659365,0.45109630730388495
2021-10-20,花叶类,18.0,18,0.11515564069020529,0.49740714658081747,0.6446340853011764,0.41685205849821405,0.12823025470220448,0.4846982868181587,0.46295474455325514
2021-10-21,花叶类,17.0,17,0.10228726941258647,0.4099651882090711,0.6332996714766552,0.4018239208698807,0.11515564069020529,0.49740714658081747,0.41685205849821405
2021-10-22,花叶类,16.0,16,0.135886380560852,0.49802465233881166,0.6367916849448725,0.4569555377147322,0.10228726941258647,0.4099651882090711,0.4018239208698807
2021-10-23,花叶类,17.0,17,0.1166433307280435,0.483740241164902,0.6355898808791923,0.4967936558355791,0.135886380560852,0.49802465233881166,0.4569555377147322
2021-10-24,花叶类,16.0,16,0.13174285299383726,0.512552715465183,0.6363942624854165,0.509318246145964,0.1166433307280435,0.483740241164902,0.4967936558355791
2021-10-25,花叶类,16.0,16,0.15771967270866316,0.5100708460334459,0.63751609834192,0.46797898184260966,0.13174285299383726,0.512552715465183,0.509318246145964
2021-10-26,花叶类,16.0,16,0.12698496990486485,0.5054071816932544,0.6383693437101315,0.4869204646412446,0.15771967270866316,0.5100708460334459,0.46797898184260966
2021-10-27,花叶类,15.0,15,0.11204063173021145,0.4741918086355128,0.6422016761751681,0.4862628673001459,0.12698496990486485,0.5054071816932544,0.4869204646412446
2021-10-28,花叶类,16.0,16,0.09776056550977957,0.4181900589212872,0.6622721515907349,0.40138153095206275,0.11204063173021145,0.4741918086355128,0.4862628673001459
2021-10-29,花叶类,16.0,16,0.08582282452290249,0.3818799805775327,0.6578067710574875,0.4202844688582755,0.09776056550977957,0.4181900589212872,0.40138153095206275
2021-10-30,花叶类,17.0,17,0.10401419480442134,0.45806693864296005,0.6690267882299521,0.3942018781425522,0.08582282452290249,0.3818799805775327,0.4202844688582755
2021-10-31,花叶类,16.0,16,0.09546489811530387,0.4276540389618631,0.6453236251803469,0.4622690396520362,0.10401419480442134,0.45806693864296005,0.3942018781425522
2021-11-01,花叶类,16.0,16,0.10861272075599963,0.46809034099296365,0.6434608150494932,0.5430362328915506,0.09546489811530387,0.4276540389618631,0.4622690396520362
2021-11-02,花叶类,17.0,18,0.12058045070715703,0.5049687045771409,0.5921495915948183,0.5671131261934529,0.10861272075599963,0.46809034099296365,0.5430362328915506
2021-11-03,花叶类,17.0,17,0.09042836889779407,0.428465840990811,0.6498353590903798,0.4959076780426862,0.12058045070715703,0.5049687045771409,0.5671131261934529
2021-11-04,花叶类,14.0,15,0.10030080220915127,0.4213236696547778,0.5296846360251461,0.5644378749738055,0.09042836889779407,0.428465840990811,0.4959076780426862
2021-11-05,花叶类,17.0,18,0.10660307584215353,0.46548866682914947,0.6885938114292163,0.5266403049187248,0.10030080220915127,0.4213236696547778,0.5644378749738055
2021-11-06,花叶类,16.0,16,0.10268544108886254,0.4515513874046504,0.6136446652253426,0.4683373946725915,0.10660307584215353,0.46548866682914947,0.5266403049187248
2021-11-07,花叶类,15.0,15,0.10244791491100481,0.4447072048914572,0.5688329447596856,0.4539963595509274,0.10268544108886254,0.4515513874046504,0.4683373946725915
2021-11-08,花叶类,18.0,18,0.08821507300333732,0.39705616487887185,0.6254106933035031,0.4998320132667819,0.10244791491100481,0.4447072048914572,0.4539963595509274
2021-11-09,花叶类,17.0,17,0.09748476505168376,0.4415271803329841,0.6519141153837402,0.5227317645798178,0.08821507300333732,0.39705616487887185,0.4998320132667819
2021-11-10,花叶类,15.0,15,0.12382568253722664,0.4834804231294457,0.6136938851019188,0.6033969436291861,0.09748476505168376,0.4415271803329841,0.5227317645798178
2021-11-11,花叶类,17.0,17,0.08900331201320318,0.38998093754483776,0.6282501428779615,0.5228498709647579,0.12382568253722664,0.4834804231294457,0.6033969436291861
2021-11-12,花叶类,15.0,15,0.12146909123412424,0.4929874341305228,0.5638346746684522,0.6091904741726785,0.08900331201320318,0.38998093754483776,0.5228498709647579
2021-11-13,花叶类,15.0,15,0.11460667956997662,0.47953748213589703,0.5791009918390103,0.6207698913585467,0.12146909123412424,0.4929874341305228,0.6091904741726785
2021-11-14,花叶类,16.0,16,0.10815863583876555,0.4576344132298985,0.5859443591334406,0.5863642955004327,0.11460667956997662,0.47953748213589703,0.6207698913585467
2021-11-15,花叶类,14.0,14,0.09964848306413274,0.43486625997184425,0.5596912421950349,0.4992647532244625,0.10815863583876555,0.4576344132298985,0.5863642955004327
2021-11-16,花叶类,14.0,14,0.10064915027040444,0.42223955431754867,0.5639516794771399,0.6333184988317511,0.09964848306413274,0.43486625997184425,0.4992647532244625
2021-11-17,花叶类,15.0,15,0.09478714473502782,0.3865050687543913,0.5704876577929697,0.5341167404670233,0.10064915027040444,0.42223955431754867,0.6333184988317511
2021-11-18,花叶类,16.0,16,0.10384373684770937,0.42639859682190634,0.590821986718465,0.6122808061198711,0.09478714473502782,0.3865050687543913,0.5341167404670233
2021-11-19,花叶类,15.0,15,0.1147246993417041,0.4617396593673966,0.5249693351880725,0.6748046056905377,0.10384373684770937,0.42639859682190634,0.6122808061198711
2021-11-20,花叶类,18.0,18,0.10758785904024884,0.4635944032285347,0.7239908602774868,0.5688389713928254,0.1147246993417041,0.4617396593673966,0.6748046056905377
2021-11-21,花叶类,16.0,16,0.11753896022481271,0.4697791401399042,0.592851719949315,0.612633477879932,0.10758785904024884,0.4635944032285347,0.5688389713928254
2021-11-22,花叶类,14.0,14,0.11348211824271445,0.4931237721021611,0.5520735893888091,0.5046303201566729,0.11753896022481271,0.4697791401399042,0.612633477879932
2021-11-23,花叶类,15.0,15,0.11244818278709348,0.47258279098198563,0.5440642517034755,0.5756615451774678,0.11348211824271445,0.4931237721021611,0.5046303201566729
2021-11-24,花叶类,13.0,13,0.1261670669179053,0.5140656647745743,0.5424009236453848,0.5822429966112996,0.11244818278709348,0.47258279098198563,0.5756615451774678
2021-11-25,花叶类,14.0,14,0.13372396600862688,0.5416425421992607,0.5826312512910378,0.6031695648215478,0.1261670669179053,0.5140656647745743,0.5822429966112996
2021-11-26,花叶类,14.0,14,0.0920284835594776,0.3781882806437887,0.5897789711255048,0.5690625866757753,0.13372396600862688,0.5416425421992607,0.6031695648215478
2021-11-27,花叶类,13.0,13,0.11914579488175851,0.4893912124564504,0.5653683778712784,0.6639482299446036,0.0920284835594776,0.3781882806437887,0.5690625866757753
2021-11-28,花叶类,14.0,14,0.13045463108478556,0.5214474486684284,0.5858086108180127,0.6677121229949561,0.11914579488175851,0.4893912124564504,0.6639482299446036
2021-11-29,花叶类,13.0,13,0.13960569821765487,0.5433319679325882,0.5841126145311281,0.6416542923465418,0.13045463108478556,0.5214474486684284,0.6677121229949561
2021-11-30,花叶类,13.0,13,0.10630209839227306,0.42275629408648613,0.5689412562167828,0.5743313481306904,0.13960569821765487,0.5433319679325882,0.6416542923465418
2021-12-01,花叶类,14.0,14,0.1071586095094223,0.43516023965579637,0.573251153435912,0.6019584170476922,0.10630209839227306,0.42275629408648613,0.5743313481306904
2021-12-02,花叶类,15.0,15,0.12461704401010523,0.516938261450676,0.5932536072911454,0.6558764079876342,0.1071586095094223,0.43516023965579637,0.6019584170476922
2021-12-03,花叶类,15.0,15,0.15551283330853238,0.5517759692336858,0.5945204686519776,0.6563411756728568,0.12461704401010523,0.516938261450676,0.6558764079876342
2021-12-04,花叶类,13.0,13,0.13015297878797194,0.5132421063841117,0.5738289071236489,0.5954052888455774,0.15551283330853238,0.5517759692336858,0.6563411756728568
2021-12-05,花叶类,14.0,14,0.12016103763442125,0.502882344770107,0.5939755462013079,0.6611244483843963,0.13015297878797194,0.5132421063841117,0.5954052888455774
2021-12-06,花叶类,13.0,13,0.10446271102221602,0.4333503575076609,0.5497229218192579,0.6292197888338208,0.12016103763442125,0.502882344770107,0.6611244483843963
2021-12-07,花叶类,14.0,14,0.1170412502951568,0.47939553925675354,0.5963554506439271,0.6653679564289086,0.10446271102221602,0.4333503575076609,0.6292197888338208
2021-12-08,花叶类,15.0,15,0.11417672805491423,0.46115918552936325,0.5992870624539863,0.6411095426593568,0.1170412502951568,0.47939553925675354,0.6653679564289086
2021-12-09,花叶类,14.0,14,0.11718349261750065,0.5020372778500217,0.5819964687123338,0.6343730094175049,0.11417672805491423,0.46115918552936325,0.6411095426593568
2021-12-10,花叶类,14.0,14,0.10321462946009506,0.44698078950450976,0.5842224818493311,0.6095725813992507,0.11718349261750065,0.5020372778500217,0.6343730094175049
2021-12-11,花叶类,15.0,15,0.11199310899633295,0.44724567723852865,0.6038141465509563,0.5676453790728686,0.10321462946009506,0.44698078950450976,0.6095725813992507
2021-12-12,花叶类,15.0,15,0.11165681481172876,0.4783453231226739,0.6026924069585691,0.5919462488787064,0.11199310899633295,0.44724567723852865,0.5676453790728686
2021-12-13,花叶类,13.0,13,0.12664130159610273,0.5078575466365178,0.5431574263859976,0.7108377314616994,0.11165681481172876,0.4783453231226739,0.5919462488787064
2021-12-14,花叶类,13.0,13,0.10307439483407797,0.4199134853893157,0.586887590458494,0.5599612837344703,0.12664130159610273,0.5078575466365178,0.7108377314616994
2021-12-15,花叶类,15.0,15,0.10979904467868223,0.4787368823655964,0.6388241789529006,0.5266856714135487,0.10307439483407797,0.4199134853893157,0.5599612837344703
2021-12-16,花叶类,19.0,20,0.09261007439656524,0.43015152932373024,0.5828308174001571,0.6985846513530907,0.10979904467868223,0.4787368823655964,0.5266856714135487
2021-12-17,花叶类,19.0,20,0.08078007597081832,0.36187934834276825,0.5051293690759813,0.6815502301593048,0.09261007439656524,0.43015152932373024,0.6985846513530907
2021-12-18,花叶类,13.0,14,0.11123206214496557,0.46004280789483654,0.48934278634310513,0.6530747268704722,0.08078007597081832,0.36187934834276825,0.6815502301593048
2021-12-19,花叶类,15.0,15,0.13906475537616828,0.5030984687023009,0.6147821095129372,0.6168179427486484,0.11123206214496557,0.46004280789483654,0.6530747268704722
2021-12-20,花叶类,15.0,15,0.12334468732073253,0.4804966272362889,0.5380843869216748,0.6774190366643855,0.13906475537616828,0.5030984687023009,0.6168179427486484
2021-12-21,花叶类,13.0,13,0.14497924230634834,0.5178013125651352,0.599729759700595,0.6195288649833155,0.12334468732073253,0.4804966272362889,0.6774190366643855
2021-12-22,花叶类,13.0,14,0.1319147190857729,0.5316327114570218,0.5821732166778053,0.6053917694962017,0.14497924230634834,0.5178013125651352,0.6195288649833155
2021-12-23,花叶类,16.0,16,0.08320322774599154,0.35387219351439814,0.5163156767095809,0.6400515679551296,0.1319147190857729,0.5316327114570218,0.6053917694962017
2021-12-24,花叶类,21.0,21,0.06370047121701758,0.27639712713499603,0.5001511073862983,0.6908730184611738,0.08320322774599154,0.35387219351439814,0.6400515679551296
2021-12-25,花叶类,23.0,23,0.07047678819467537,0.33551097115562095,0.6753650419735446,0.627707523406013,0.06370047121701758,0.27639712713499603,0.6908730184611738
2021-12-26,花叶类,21.0,21,0.07012223981820967,0.32832803097090724,0.5501793437798743,0.6122051036951179,0.07047678819467537,0.33551097115562095,0.627707523406013
2021-12-27,花叶类,20.0,20,0.09214024146207761,0.3950639983028075,0.5640583349870377,0.7487276359916417,0.07012223981820967,0.32832803097090724,0.6122051036951179
2021-12-28,花叶类,22.0,22,0.05599825051762368,0.25010179781103853,0.7257286381362422,0.634865554458542,0.09214024146207761,0.3950639983028075,0.7487276359916417
2021-12-29,花叶类,16.0,16,0.10358804480836872,0.46753517457008864,0.5884033317197743,0.6368241847958971,0.05599825051762368,0.25010179781103853,0.634865554458542
2021-12-30,花叶类,21.0,21,0.07002275641903272,0.3322363676888988,0.554299725738859,0.722094365304307,0.10358804480836872,0.46753517457008864,0.6368241847958971
2021-12-31,花叶类,23.0,23,0.06487770185410492,0.32086128067415914,0.7287196493458672,0.5659337163373541,0.07002275641903272,0.3322363676888988,0.722094365304307
2022-01-01,花叶类,20.0,20,0.07176865017817677,0.33695564091343744,0.597428394861729,0.5689016267673077,0.06487770185410492,0.32086128067415914,0.5659337163373541
2022-01-02,花叶类,20.0,22,0.06866868016164493,0.29999005997150524,0.617114151328298,0.6359860543989304,0.07176865017817677,0.33695564091343744,0.5689016267673077
2022-01-03,花叶类,20.0,20,0.0798112039050016,0.36577686169876455,0.5902857728841288,0.5735382578417946,0.06866868016164493,0.29999005997150524,0.6359860543989304
2022-01-04,花叶类,20.0,20,0.06739821409856324,0.3104093528515599,0.6193476519830179,0.6322364934578759,0.0798112039050016,0.36577686169876455,0.5735382578417946
2022-01-05,花叶类,20.0,20,0.06429573485221049,0.2728477032591694,0.6210300869968626,0.6221916165901897,0.06739821409856324,0.3104093528515599,0.6322364934578759
2022-01-06,花叶类,19.0,19,0.07336251788154195,0.3350866545282892,0.5379513634484813,0.6978228127565129,0.06429573485221049,0.2728477032591694,0.6221916165901897
2022-01-07,花叶类,22.0,22,0.08341610695365145,0.3567062167283226,0.6331230359159368,0.606676335215914,0.07336251788154195,0.3350866545282892,0.6978228127565129
2022-01-08,花叶类,21.0,21,0.0631622590133561,0.2837569162954857,0.6271755733782806,0.645568289326661,0.08341610695365145,0.3567062167283226,0.606676335215914
2022-01-09,花叶类,19.0,19,0.08813477653426695,0.41499914607765,0.5230996299067877,0.6367324452053906,0.0631622590133561,0.2837569162954857,0.645568289326661
2022-01-10,花叶类,20.0,20,0.06572532019956161,0.29254473847854623,0.5456738174468814,0.6530651881511437,0.08813477653426695,0.41499914607765,0.6367324452053906
2022-01-11,花叶类,21.0,21,0.06595857315256914,0.313150343106675,0.6315753679436337,0.6055740442592367,0.06572532019956161,0.29254473847854623,0.6530651881511437
2022-01-12,花叶类,20.0,20,0.06899079777336642,0.3281064769910551,0.6301236247621549,0.6042484190863153,0.06595857315256914,0.313150343106675,0.6055740442592367
2022-01-13,花叶类,20.0,21,0.07422063646150096,0.3254816213619573,0.6322874448975815,0.6155271394675967,0.06899079777336642,0.3281064769910551,0.6042484190863153
2022-01-14,花叶类,21.0,21,0.07890705012330917,0.3773737777333822,0.6355857061043055,0.5851510014117782,0.07422063646150096,0.3254816213619573,0.6155271394675967
2022-01-15,花叶类,19.0,19,0.07632670461040207,0.3589897283600796,0.6184247870430459,0.5423782668377135,0.07890705012330917,0.3773737777333822,0.5851510014117782
2022-01-16,花叶类,19.0,19,0.08269923310584616,0.3905032160423761,0.6110230529910343,0.5928640218997823,0.07632670461040207,0.3589897283600796,0.5423782668377135
2022-01-17,花叶类,17.0,18,0.07826208492356895,0.34534207127027955,0.5616037067554843,0.5669365790381544,0.08269923310584616,0.3905032160423761,0.5928640218997823
2022-01-18,花叶类,17.0,18,0.08155014791392964,0.37095635973578733,0.5898631927204251,0.5426034417752317,0.07826208492356895,0.34534207127027955,0.5669365790381544
2022-01-19,花叶类,19.0,20,0.07169593917594554,0.30771518648503954,0.5671020701397118,0.5535394223995476,0.08155014791392964,0.37095635973578733,0.5426034417752317
2022-01-20,花叶类,19.0,19,0.0751259395171165,0.35210353456365345,0.6136060690533252,0.5286564301680394,0.07169593917594554,0.30771518648503954,0.5535394223995476
2022-01-21,花叶类,20.0,20,0.07349177904718265,0.33700076777100146,0.6173546144387284,0.5712901992630148,0.0751259395171165,0.35210353456365345,0.5286564301680394
2022-01-22,花叶类,21.0,21,0.06945961540766887,0.3342140594466237,0.6248877619047187,0.46021001883747487,0.07349177904718265,0.33700076777100146,0.5712901992630148
2022-01-23,花叶类,22.0,22,0.0633619341633399,0.30328935739422475,0.5811352465690105,0.5054693942683075,0.06945961540766887,0.3342140594466237,0.46021001883747487
2022-01-24,花叶类,25.0,25,0.07276891408423927,0.3578126198639231,0.6682725969740226,0.6088955982962553,0.0633619341633399,0.30328935739422475,0.5054693942683075
2022-01-25,花叶类,22.0,23,0.06076319537590768,0.2640848637462192,0.6690929739772399,0.4924107839409019,0.07276891408423927,0.3578126198639231,0.6088955982962553
2022-01-26,花叶类,24.0,24,0.06621393814878465,0.3034165175744385,0.6753464998233942,0.5684793149508167,0.06076319537590768,0.2640848637462192,0.4924107839409019
2022-01-27,花叶类,22.0,22,0.06523075840566814,0.28530132475687264,0.6744173958099298,0.5948386612414288,0.06621393814878465,0.3034165175744385,0.5684793149508167
2022-01-28,花叶类,23.0,23,0.07423495573266982,0.3446468821502177,0.7046839720983974,0.5109370447419419,0.06523075840566814,0.28530132475687264,0.5948386612414288
2022-01-29,花叶类,15.0,15,0.11579386229139366,0.492475606945298,0.6472649577525678,0.477396458959064,0.07423495573266982,0.3446468821502177,0.5109370447419419
2022-01-30,花叶类,14.0,15,0.12877249738172908,0.5201713610224779,0.6598274661982584,0.45736876896124135,0.11579386229139366,0.492475606945298,0.477396458959064
2022-02-01,花叶类,12.0,12,0.14788370461796452,0.5847023157627416,0.5965004060156974,0.4632247524615921,,,
2022-02-02,花叶类,13.0,13,0.12906052299933574,0.5133013618060897,0.6347987845079495,0.47193030065462727,0.14788370461796452,0.5847023157627416,0.4632247524615921
2022-02-03,花叶类,12.0,12,0.17919520156291766,0.6673474291206152,0.46397588591211525,0.6776114771378533,0.12906052299933574,0.5133013618060897,0.47193030065462727
2022-02-04,花叶类,20.0,20,0.0944461370145868,0.4028231338078587,0.62131831228932,0.5033273465440693,0.17919520156291766,0.6673474291206152,0.6776114771378533
2022-02-05,花叶类,22.0,22,0.07313238493908623,0.35394761490760795,0.6473929513831759,0.4483361655478817,0.0944461370145868,0.4028231338078587,0.5033273465440693
2022-02-06,花叶类,19.0,19,0.08468252031586335,0.3719519782473443,0.563003264753944,0.4635063230304135,0.07313238493908623,0.35394761490760795,0.4483361655478817
2022-02-07,花叶类,17.0,17,0.07682362819215054,0.34219948514903226,0.3999643802044882,0.6516454321991907,0.08468252031586335,0.3719519782473443,0.4635063230304135
2022-02-08,花叶类,19.0,19,0.06887705010088668,0.3358266218332221,0.6070802969189811,0.5152069219858466,0.07682362819215054,0.34219948514903226,0.6516454321991907
2022-02-09,花叶类,20.0,20,0.06106890974598096,0.26410823788036564,0.6344005738448069,0.5285958063289236,0.06887705010088668,0.3358266218332221,0.5152069219858466
2022-02-10,花叶类,17.0,18,0.07866815368634356,0.34098635166896996,0.5585276930751003,0.5399508103265414,0.06106890974598096,0.26410823788036564,0.5285958063289236
2022-02-11,花叶类,19.0,19,0.06944717090311074,0.2907042117775565,0.5834226094447672,0.5176945724026001,0.07866815368634356,0.34098635166896996,0.5399508103265414
2022-02-12,花叶类,20.0,20,0.0760885904347346,0.36858022321458644,0.6106993329418303,0.5121284768817479,0.06944717090311074,0.2907042117775565,0.5176945724026001
2022-02-13,花叶类,19.0,19,0.07093229399675664,0.3252932146146761,0.5732721722200167,0.5244741443468113,0.0760885904347346,0.36858022321458644,0.5121284768817479
2022-02-14,花叶类,17.0,17,0.10453011323817367,0.46423929035667855,0.46678070109843645,0.642071814679696,0.07093229399675664,0.3252932146146761,0.5244741443468113
2022-02-15,花叶类,18.0,18,0.06954152530774449,0.3027737978118624,0.6428328951651061,0.4637547759458063,0.10453011323817367,0.46423929035667855,0.642071814679696
2022-02-16,花叶类,13.0,13,0.12399276747142159,0.5265915798349696,0.5001015757528255,0.7039052873271521,0.06954152530774449,0.3027737978118624,0.4637547759458063
2022-02-17,花叶类,14.0,14,0.12030823159085503,0.5197725228703544,0.4269797017912934,0.6673286568595806,0.12399276747142159,0.5265915798349696,0.7039052873271521
2022-02-18,花叶类,17.0,17,0.0935575578932649,0.4267836712548506,0.4965251070888479,0.6040469983394352,0.12030823159085503,0.5197725228703544,0.6673286568595806
2022-02-19,花叶类,18.0,18,0.08685457716065839,0.39487629555332665,0.6253028279393729,0.45832210982167043,0.0935575578932649,0.4267836712548506,0.6040469983394352
2022-02-20,花叶类,15.0,15,0.09180715973753065,0.371033908717969,0.6087077023959124,0.4529412367496767,0.08685457716065839,0.39487629555332665,0.45832210982167043
2022-02-21,花叶类,15.0,15,0.0987600423015912,0.4225257472185251,0.5939695583973692,0.47449715461080194,0.09180715973753065,0.371033908717969,0.4529412367496767
2022-02-22,花叶类,15.0,15,0.08786623963528743,0.3771776478389293,0.5832097964459879,0.47381865375960963,0.0987600423015912,0.4225257472185251,0.47449715461080194
2022-02-23,花叶类,19.0,19,0.08977697413547162,0.40343081195883035,0.6777437917673046,0.4732841246518159,0.08786623963528743,0.3771776478389293,0.47381865375960963
2022-02-24,花叶类,15.0,15,0.10107370659902615,0.4410982395968222,0.6145505194427197,0.5031026930342875,0.08977697413547162,0.40343081195883035,0.4732841246518159
2022-02-25,花叶类,16.0,16,0.08033262286250091,0.3412655679370728,0.5862965138236553,0.47761726230368134,0.10107370659902615,0.4410982395968222,0.5031026930342875
2022-02-26,花叶类,17.0,17,0.10350942877245277,0.41992260209337967,0.589128302781686,0.49283060939563095,0.08033262286250091,0.3412655679370728,0.47761726230368134
2022-02-27,花叶类,15.0,15,0.09649759595350474,0.417252530157714,0.5930711808342519,0.43978823852951665,0.10350942877245277,0.41992260209337967,0.49283060939563095
2022-02-28,花叶类,17.0,18,0.08342023842778327,0.3693191391590718,0.6340828075339633,0.4350375859393346,0.09649759595350474,0.417252530157714,0.43978823852951665
2022-03-01,花叶类,17.0,17,0.10120934680244298,0.4426729450431376,0.6011034925618655,0.49698506730343966,0.08342023842778327,0.3693191391590718,0.4350375859393346
2022-03-02,花叶类,17.0,17,0.0862893592841606,0.36151794334713383,0.5840947210771048,0.5069228737621853,0.10120934680244298,0.4426729450431376,0.49698506730343966
2022-03-03,花叶类,17.0,18,0.08425548929250029,0.34345306226267697,0.6177286047007379,0.48580748315959926,0.0862893592841606,0.36151794334713383,0.5069228737621853
2022-03-04,花叶类,17.0,17,0.08401976085126989,0.34836054440248837,0.5642740895117933,0.47298985571104685,0.08425548929250029,0.34345306226267697,0.48580748315959926
2022-03-05,花叶类,19.0,19,0.08279427891855916,0.35047993895337165,0.672734972854593,0.4552396092010612,0.08401976085126989,0.34836054440248837,0.47298985571104685
2022-03-06,花叶类,18.0,18,0.09766106899147146,0.43023840659893375,0.5967205735895877,0.4744208454418181,0.08279427891855916,0.35047993895337165,0.4552396092010612
2022-03-07,花叶类,17.0,17,0.09035192019614487,0.3900061591195137,0.6025907431114189,0.4699993688910026,0.09766106899147146,0.43023840659893375,0.4744208454418181
2022-03-08,花叶类,17.0,17,0.09597903836179973,0.4149468259782252,0.6001770653475479,0.559306337313697,0.09035192019614487,0.3900061591195137,0.4699993688910026
2022-03-09,花叶类,14.0,14,0.10694256762460634,0.4432597979003914,0.5642155517759497,0.5038859526709859,0.09597903836179973,0.4149468259782252,0.559306337313697
2022-03-10,花叶类,16.0,16,0.09605428776987698,0.42268599266253687,0.5599740068751313,0.5253393861707539,0.10694256762460634,0.4432597979003914,0.5038859526709859
2022-03-11,花叶类,20.0,20,0.09051357711656734,0.3986404872658118,0.593379934868834,0.5176890459795792,0.09605428776987698,0.42268599266253687,0.5253393861707539
2022-03-12,花叶类,16.0,16,0.09544255021911542,0.3967757347841499,0.5885854333839198,0.44745437747104844,0.09051357711656734,0.3986404872658118,0.5176890459795792
2022-03-13,花叶类,19.0,19,0.07917180908854249,0.3252213710078599,0.5485144928496744,0.565275376279706,0.09544255021911542,0.3967757347841499,0.44745437747104844
2022-03-14,花叶类,22.0,22,0.06629037144778208,0.30072837254613216,0.5771024319437825,0.4810512705760879,0.07917180908854249,0.3252213710078599,0.565275376279706
2022-03-15,花叶类,24.0,25,0.061533356257278446,0.28119703332649604,0.633817622512358,0.5113653338181617,0.06629037144778208,0.30072837254613216,0.4810512705760879
2022-03-16,花叶类,26.0,26,0.08505282801335474,0.36687036873025713,0.647403614937381,0.5696414537849306,0.061533356257278446,0.28119703332649604,0.5113653338181617
2022-03-17,花叶类,25.0,25,0.06930634485476733,0.3219911783238815,0.6384073656777292,0.6266031369701461,0.08505282801335474,0.36687036873025713,0.5696414537849306
2022-03-18,花叶类,23.0,25,0.06553014852425453,0.28585552740530196,0.6349170134385949,0.5659404525988001,0.06930634485476733,0.3219911783238815,0.6266031369701461
2022-03-19,花叶类,25.0,25,0.06356036806682142,0.2955295216518611,0.6456806271851507,0.524864006796592,0.06553014852425453,0.28585552740530196,0.5659404525988001
2022-03-20,花叶类,25.0,25,0.06382419226761257,0.2958547195433517,0.6768323637958598,0.45077590000707457,0.06356036806682142,0.2955295216518611,0.524864006796592
2022-03-21,花叶类,25.0,25,0.07678969674060487,0.3724105488077898,0.5888990030837433,0.5224447068245914,0.06382419226761257,0.2958547195433517,0.45077590000707457
2022-03-22,花叶类,23.0,23,0.07007827590045361,0.3154407618570265,0.5902103209209641,0.5255907041580223,0.07678969674060487,0.3724105488077898,0.5224447068245914
2022-03-23,花叶类,19.0,19,0.08092864354513553,0.344054479989877,0.5276710181124779,0.543631426346014,0.07007827590045361,0.3154407618570265,0.5255907041580223
2022-03-24,花叶类,24.0,24,0.07239194452166604,0.33463147433378787,0.5171954604731797,0.5969928544133626,0.08092864354513553,0.344054479989877,0.543631426346014
2022-03-25,花叶类,25.0,25,0.10556466268620428,0.46451096113653306,0.6070944322189235,0.6477358354267093,0.07239194452166604,0.33463147433378787,0.5969928544133626
2022-03-26,花叶类,24.0,24,0.08089777388790861,0.37365863836890423,0.5925886172399508,0.5202871463203583,0.10556466268620428,0.46451096113653306,0.6477358354267093
2022-03-27,花叶类,25.0,25,0.08248789233033789,0.39139739570774057,0.5732660110062788,0.5440403478183892,0.08089777388790861,0.37365863836890423,0.5202871463203583
2022-03-28,花叶类,20.0,21,0.10118945971983681,0.4165831435079727,0.5472597464273261,0.6192374901344432,0.08248789233033789,0.39139739570774057,0.5440403478183892
2022-03-29,花叶类,23.0,23,0.07463227844487218,0.3751746277085872,0.5855725246284285,0.5222827092533887,0.10118945971983681,0.4165831435079727,0.6192374901344432
2022-03-30,花叶类,23.0,23,0.0799766980634403,0.37880411355379023,0.6081488278079441,0.5090267619002944,0.07463227844487218,0.3751746277085872,0.5222827092533887
2022-03-31,花叶类,26.0,27,0.09096588291675349,0.3935300943926687,0.6252723651137782,0.5654748107234826,0.0799766980634403,0.37880411355379023,0.5090267619002944
2022-04-01,花叶类,23.0,23,0.06969135616030182,0.298710964976853,0.5819756687537557,0.5035567521959403,0.09096588291675349,0.3935300943926687,0.5654748107234826
2022-04-02,花叶类,27.0,27,0.05861102635289612,0.2785999622546553,0.6081397508821711,0.47172242229315214,0.06969135616030182,0.298710964976853,0.5035567521959403
2022-04-03,花叶类,26.0,26,0.06772320169792337,0.3054307566501515,0.47551602979605484,0.6246592429830523,0.05861102635289612,0.2785999622546553,0.47172242229315214
2022-04-04,花叶类,23.0,23,0.06923813325602143,0.30965626445076583,0.5914823281346429,0.5048675379168146,0.06772320169792337,0.3054307566501515,0.6246592429830523
2022-04-05,花叶类,24.0,24,0.08150754014019394,0.3503448173249317,0.5987718855884474,0.531723193813,0.06923813325602143,0.30965626445076583,0.5048675379168146
2022-04-06,花叶类,28.0,28,0.08261498524203069,0.39008668334399904,0.6090843081467157,0.5594013576094661,0.08150754014019394,0.3503448173249317,0.531723193813
2022-04-07,花叶类,23.0,24,0.09177708334844034,0.4306185919852383,0.5190509012353643,0.5566903277833231,0.08261498524203069,0.39008668334399904,0.5594013576094661
2022-04-08,花叶类,23.0,24,0.08252947190930478,0.37768133911965285,0.561230081681446,0.6085176302622214,0.09177708334844034,0.4306185919852383,0.5566903277833231
2022-04-09,花叶类,28.0,28,0.0973473900955311,0.4186565957884528,0.6111624348240262,0.5800544375802392,0.08252947190930478,0.37768133911965285,0.6085176302622214
2022-04-10,花叶类,26.0,26,0.07289273772523457,0.3387288004536317,0.5942982352311901,0.5209262730742806,0.0973473900955311,0.4186565957884528,0.5800544375802392
2022-04-11,花叶类,22.0,24,0.09587050794269385,0.4134771138982737,0.5957254927981545,0.579937828951977,0.07289273772523457,0.3387288004536317,0.5209262730742806
2022-04-12,花叶类,26.0,26,0.08787278812141608,0.4004831692885521,0.5976028811597007,0.5001781173869062,0.09587050794269385,0.4134771138982737,0.579937828951977
2022-04-13,花叶类,25.0,25,0.09026675750023573,0.408172725306194,0.5557854737303792,0.5529199757600173,0.08787278812141608,0.4004831692885521,0.5001781173869062
2022-04-14,花叶类,23.0,24,0.09874411347502701,0.42947928702668925,0.5503287752369833,0.5849228230057555,0.09026675750023573,0.408172725306194,0.5529199757600173
2022-04-15,花叶类,23.0,23,0.08569014382249153,0.3925337462550914,0.5538053381983232,0.5068849082653601,0.09874411347502701,0.42947928702668925,0.5849228230057555
2022-04-16,花叶类,25.0,25,0.08120610169883792,0.4073351140332854,0.5398715654221193,0.5524024123737418,0.08569014382249153,0.3925337462550914,0.5068849082653601
2022-04-17,花叶类,20.0,20,0.08825812509423984,0.4035115543572568,0.5037526359435301,0.5727382925760014,0.08120610169883792,0.4073351140332854,0.5524024123737418
2022-04-18,花叶类,23.0,24,0.06826855501413204,0.2948139623300691,0.6078277341113687,0.6175198987556637,0.08825812509423984,0.4035115543572568,0.5727382925760014
2022-04-19,花叶类,29.0,29,0.057450673391396624,0.3055424515939659,0.6098211110546802,0.5208819534621496,0.06826855501413204,0.2948139623300691,0.6175198987556637
2022-04-20,花叶类,23.0,24,0.10199864809321643,0.43712547087800635,0.4874757016941337,0.6204028012823037,0.057450673391396624,0.3055424515939659,0.5208819534621496
2022-04-21,花叶类,28.0,29,0.05666650758022254,0.28121759998136087,0.6355148443494726,0.5669493382839849,0.10199864809321643,0.43712547087800635,0.6204028012823037
2022-04-22,花叶类,30.0,31,0.06552885364013916,0.3437777341815906,0.6453653367153847,0.5465162389533817,0.05666650758022254,0.28121759998136087,0.5669493382839849
2022-04-23,花叶类,24.0,24,0.06245566828589055,0.2803890335684728,0.5842074479967867,0.5284162240148934,0.06552885364013916,0.3437777341815906,0.5465162389533817
2022-04-24,花叶类,21.0,23,0.07555256539645239,0.35584110449219764,0.5779213984771925,0.5181290002416915,0.06245566828589055,0.2803890335684728,0.5284162240148934
2022-04-25,花叶类,25.0,27,0.07767230439596713,0.3673294786818972,0.5838366085037315,0.5478656198743641,0.07555256539645239,0.35584110449219764,0.5181290002416915
2022-04-26,花叶类,21.0,23,0.0907880050402421,0.4298132812098143,0.58167257678348,0.5055305902789067,0.07767230439596713,0.3673294786818972,0.5478656198743641
2022-04-27,花叶类,22.0,23,0.0812160106101997,0.38461897048026394,0.5268018738167531,0.5614858893866487,0.0907880050402421,0.4298132812098143,0.5055305902789067
2022-04-28,花叶类,23.0,24,0.0824443339784389,0.374158020151228,0.5609901530124173,0.5405151944606579,0.0812160106101997,0.38461897048026394,0.5614858893866487
2022-04-29,花叶类,23.0,25,0.07696316465196479,0.3891404560845265,0.5946944644938306,0.5343199848953317,0.0824443339784389,0.374158020151228,0.5405151944606579
2022-04-30,花叶类,14.0,15,0.09023604271681449,0.3929202542963552,0.4995052156707442,0.5177921907230508,0.07696316465196479,0.3891404560845265,0.5343199848953317
2022-05-01,花叶类,18.0,19,0.11812580256776176,0.5006863891572304,0.5110516876645859,0.5692301803296799,0.09023604271681449,0.3929202542963552,0.5177921907230508
2022-05-02,花叶类,17.0,17,0.1057472334674856,0.4469983025600166,0.5120445041687014,0.5476951485961838,0.11812580256776176,0.5006863891572304,0.5692301803296799
2022-05-03,花叶类,14.0,14,0.11345405058880027,0.46722528998900137,0.5004191764522073,0.549102766339314,0.1057472334674856,0.4469983025600166,0.5476951485961838
2022-05-04,花叶类,15.0,15,0.10038694890653883,0.4326220348117123,0.5101073885305856,0.5191556281972494,0.11345405058880027,0.46722528998900137,0.549102766339314
2022-05-05,花叶类,15.0,15,0.0880604034836295,0.3796165556192914,0.5166929170097505,0.5020598294662428,0.10038694890653883,0.4326220348117123,0.5191556281972494
2022-05-06,花叶类,15.0,15,0.09088909368969114,0.376221481349874,0.5106180020540768,0.5263062233530836,0.0880604034836295,0.3796165556192914,0.5020598294662428
2022-05-07,花叶类,15.0,15,0.09475948923438676,0.41801292407108237,0.5120910814162845,0.5072588593104628,0.09088909368969114,0.376221481349874,0.5263062233530836
2022-05-08,花叶类,15.0,15,0.10351339769161953,0.4277843098550451,0.468653354397799,0.5585436316885927,0.09475948923438676,0.41801292407108237,0.5072588593104628
2022-05-09,花叶类,15.0,15,0.10075913990495361,0.42957275103875925,0.4991028686098769,0.608929081686563,0.10351339769161953,0.4277843098550451,0.5585436316885927
2022-05-10,花叶类,14.0,14,0.08586377311504925,0.33839487335978025,0.5125722696039205,0.5525717651233193,0.10075913990495361,0.42957275103875925,0.608929081686563
2022-05-11,花叶类,11.0,11,0.10537658224191242,0.4005373254410666,0.48215649644633113,0.5919752355963415,0.08586377311504925,0.33839487335978025,0.5525717651233193
2022-05-12,花叶类,11.0,11,0.15229047879731625,0.5113703209515201,0.4528570961293601,0.6461110504395632,0.10537658224191242,0.4005373254410666,0.5919752355963415
2022-05-13,花叶类,13.0,13,0.10728539542318044,0.43952123501106627,0.49886993450013706,0.5811182920075773,0.15229047879731625,0.5113703209515201,0.6461110504395632
2022-05-14,花叶类,14.0,14,0.08420295151084672,0.3396107225933991,0.524427665022962,0.5688559484264861,0.10728539542318044,0.43952123501106627,0.5811182920075773
2022-05-15,花叶类,15.0,15,0.09321304666446051,0.38983334790082447,0.5492448415384614,0.5899215081457356,0.08420295151084672,0.3396107225933991,0.5688559484264861
2022-05-16,花叶类,14.0,14,0.10616837234519814,0.46250536595836017,0.5273554859730105,0.5251295598699621,0.09321304666446051,0.38983334790082447,0.5899215081457356
2022-05-17,花叶类,13.0,13,0.11920256307543275,0.5034288979902848,0.5222970705122905,0.4885142471230449,0.10616837234519814,0.46250536595836017,0.5251295598699621
2022-05-18,花叶类,15.0,15,0.09027303443754421,0.39474428803848055,0.5311217089538918,0.5058381680147569,0.11920256307543275,0.5034288979902848,0.4885142471230449
2022-05-19,花叶类,15.0,15,0.0920406070209375,0.4022840302081414,0.5324361447204726,0.51488152994924,0.09027303443754421,0.39474428803848055,0.5058381680147569
2022-05-20,花叶类,13.0,13,0.12031671560614143,0.5104480335797063,0.5096720510813266,0.5199013403450028,0.0920406070209375,0.4022840302081414,0.51488152994924
2022-05-21,花叶类,13.0,13,0.10354325843757102,0.44669732441471566,0.5112733241180083,0.5009367999019115,0.12031671560614143,0.5104480335797063,0.5199013403450028
2022-05-22,花叶类,15.0,15,0.09035453385500225,0.3669528678819086,0.5145202772342771,0.5091013769249177,0.10354325843757102,0.44669732441471566,0.5009367999019115
2022-05-23,花叶类,14.0,14,0.10396884358465201,0.42401839100308675,0.5083321463782466,0.5117793537939092,0.09035453385500225,0.3669528678819086,0.5091013769249177
2022-05-24,花叶类,16.0,16,0.1320995308906042,0.534602910059394,0.5188362036662737,0.5060295426238859,0.10396884358465201,0.42401839100308675,0.5117793537939092
2022-05-25,花叶类,16.0,16,0.09411982557254192,0.39416419970042577,0.5218848340698081,0.4943862709177512,0.1320995308906042,0.534602910059394,0.5060295426238859
2022-05-26,花叶类,15.0,15,0.1089149161911271,0.4359502495444824,0.5224977523700857,0.5082674310454993,0.09411982557254192,0.39416419970042577,0.4943862709177512
2022-05-27,花叶类,14.0,14,0.09816532423948267,0.4230653695958592,0.5239096885109771,0.4810054064725455,0.1089149161911271,0.4359502495444824,0.5082674310454993
2022-05-28,花叶类,15.0,15,0.1473376321089711,0.5071096071048409,0.5258749237495153,0.5112439470457675,0.09816532423948267,0.4230653695958592,0.4810054064725455
2022-05-29,花叶类,15.0,15,0.12979766703536907,0.5186817988303568,0.5293547778366454,0.5555390310343552,0.1473376321089711,0.5071096071048409,0.5112439470457675
2022-05-30,花叶类,14.0,14,0.11204541791528858,0.4597457627118644,0.5234884361619441,0.49312161195306814,0.12979766703536907,0.5186817988303568,0.5555390310343552
2022-05-31,花叶类,14.0,14,0.11622544120902667,0.4716203445409726,0.5340304171476651,0.5035349386686963,0.11204541791528858,0.4597457627118644,0.49312161195306814
2022-06-01,花叶类,16.0,16,0.12410669929239014,0.5154164088055875,0.5361258044073458,0.5101422078474402,0.11622544120902667,0.4716203445409726,0.5035349386686963
2022-06-02,花叶类,12.0,12,0.13348595605696392,0.5190456741014348,0.5004138978779227,0.5390941885465694,0.12410669929239014,0.5154164088055875,0.5101422078474402
2022-06-03,花叶类,13.0,13,0.1324530659701967,0.5430857512325225,0.5388744678655744,0.5020901074754723,0.13348595605696392,0.5190456741014348,0.5390941885465694
2022-06-04,花叶类,13.0,13,0.13712457642962544,0.554446709196954,0.5426182507211694,0.5288778894119468,0.1324530659701967,0.5430857512325225,0.5020901074754723
2022-06-05,花叶类,13.0,13,0.14483636103357816,0.5732988634700745,0.5448195227236103,0.515223390575758,0.13712457642962544,0.554446709196954,0.5288778894119468
2022-06-06,花叶类,12.0,12,0.1319202182444928,0.5367633695849714,0.5388312875379685,0.520368541805335,0.14483636103357816,0.5732988634700745,0.515223390575758
2022-06-07,花叶类,13.0,13,0.12390764812785819,0.5107169533030151,0.5489399843416896,0.49556716013509106,0.1319202182444928,0.5367633695849714,0.520368541805335
2022-06-08,花叶类,13.0,13,0.10527595597132781,0.4380478122639686,0.5508060036066407,0.4664938717095531,0.12390764812785819,0.5107169533030151,0.49556716013509106
2022-06-09,花叶类,14.0,14,0.3494528071991887,0.7434212631601405,0.5544897705125731,0.674956337004059,0.10527595597132781,0.4380478122639686,0.4664938717095531
2022-06-10,花叶类,12.0,12,0.1359649828397672,0.533203583189247,0.5432230804777779,0.5097534823311458,0.3494528071991887,0.7434212631601405,0.674956337004059
2022-06-11,花叶类,13.0,13,0.1385103867826073,0.517237678063042,0.5547982910500748,0.4863337929186603,0.1359649828397672,0.533203583189247,0.5097534823311458
2022-06-12,花叶类,13.0,13,0.11936676363419722,0.4937933519502747,0.5583857055723498,0.4849030371110852,0.1385103867826073,0.517237678063042,0.4863337929186603
2022-06-13,花叶类,13.0,13,0.1008088925371263,0.4151795331362935,0.5530713784637825,0.48374726396488243,0.11936676363419722,0.4937933519502747,0.4849030371110852
2022-06-14,花叶类,13.0,13,0.1141939301032132,0.4559911810682111,0.5633928849954856,0.501099018249209,0.1008088925371263,0.4151795331362935,0.48374726396488243
2022-06-15,花叶类,13.0,13,0.11715088426974471,0.47920108124342997,0.5590046393706796,0.49677129312644447,0.1141939301032132,0.4559911810682111,0.501099018249209
2022-06-16,花叶类,15.0,15,0.1018652064901775,0.4501307775318713,0.5706751442701229,0.4913414140609923,0.11715088426974471,0.47920108124342997,0.49677129312644447
2022-06-17,花叶类,14.0,14,0.12250200257002873,0.5289864200952358,0.5720360045921009,0.47207604903021144,0.1018652064901775,0.4501307775318713,0.4913414140609923
2022-06-18,花叶类,14.0,14,0.11656902700750058,0.4973250088300681,0.5747160063290779,0.5036523455075828,0.12250200257002873,0.5289864200952358,0.47207604903021144
2022-06-19,花叶类,14.0,14,0.12168243375813308,0.5124478342207512,0.5781605643919177,0.48670361791100314,0.11656902700750058,0.4973250088300681,0.5036523455075828
2022-06-20,花叶类,15.0,15,0.11465364143498805,0.50401489396147,0.5820942133587288,0.4838496477305779,0.12168243375813308,0.5124478342207512,0.48670361791100314
2022-06-21,花叶类,16.0,16,0.08374189569636897,0.36462923413803355,0.6048901711796995,0.426800008781567,0.11465364143498805,0.50401489396147,0.4838496477305779
2022-06-22,花叶类,18.0,18,0.10238458714250373,0.47378148015336663,0.6106763722886903,0.4483399787898673,0.08374189569636897,0.36462923413803355,0.426800008781567
2022-06-23,花叶类,12.0,12,0.11965724146584747,0.4853634612430126,0.529653020807207,0.4914043244756599,0.10238458714250373,0.47378148015336663,0.4483399787898673
2022-06-24,花叶类,15.0,15,0.10324501798531505,0.44250179726815236,0.6273135888681712,0.44915852481150764,0.11965724146584747,0.4853634612430126,0.4914043244756599
2022-06-25,花叶类,17.0,17,0.10423106767269509,0.48269703487478877,0.6229100788705181,0.4285044383123489,0.10324501798531505,0.44250179726815236,0.44915852481150764
2022-06-26,花叶类,15.0,15,0.10174283682160631,0.45626803482207673,0.6112694894490011,0.43016519324381947,0.10423106767269509,0.48269703487478877,0.4285044383123489
2022-06-27,花叶类,15.0,15,0.10868065307514915,0.4866121075593829,0.5852860766920542,0.45680867969832695,0.10174283682160631,0.45626803482207673,0.43016519324381947
2022-06-28,花叶类,17.0,17,0.10841032767103498,0.4926283517524218,0.6492927564661543,0.41301967443202026,0.10868065307514915,0.4866121075593829,0.45680867969832695
2022-06-29,花叶类,20.0,21,0.10214949118772046,0.46638081114191754,0.65670075502316,0.4715955812470535,0.10841032767103498,0.4926283517524218,0.41301967443202026
2022-06-30,花叶类,19.0,20,0.0896145070316545,0.4046170793620384,0.6553567745236019,0.41984035421752147,0.10214949118772046,0.46638081114191754,0.4715955812470535
2022-07-01,花叶类,19.0,19,0.1003965506135417,0.4484400777456435,0.6723427455708602,0.4387793467759736,0.0896145070316545,0.4046170793620384,0.41984035421752147
2022-07-02,花叶类,22.0,22,0.08921228582905033,0.3768079696552874,0.688405395978572,0.40925422029019437,0.1003965506135417,0.4484400777456435,0.4387793467759736
2022-07-03,花叶类,15.0,15,0.08723497734830814,0.37567629030637334,0.6218017062520252,0.44103276369899136,0.08921228582905033,0.3768079696552874,0.40925422029019437
2022-07-04,花叶类,14.0,14,0.11285483609647119,0.46883066763860887,0.5536304435371864,0.46864372393851794,0.08723497734830814,0.37567629030637334,0.44103276369899136
2022-07-05,花叶类,14.0,14,0.1116755757502234,0.47341791156820057,0.6239582242839185,0.48044639122338756,0.11285483609647119,0.46883066763860887,0.46864372393851794
2022-07-06,花叶类,15.0,15,0.10048393431417375,0.4297493022661908,0.6289373160327023,0.4688079185370776,0.1116755757502234,0.47341791156820057,0.48044639122338756
2022-07-07,花叶类,15.0,15,0.09278915886605253,0.4073662379517173,0.6318477146838551,0.43421913415326546,0.10048393431417375,0.4297493022661908,0.4688079185370776
2022-07-08,花叶类,15.0,15,0.09980447765921528,0.42433940333204184,0.6348719751762605,0.3964389932050937,0.09278915886605253,0.4073662379517173,0.43421913415326546
2022-07-09,花叶类,15.0,15,0.09567425066308785,0.41317231032758334,0.638007304342616,0.3863233489041251,0.09980447765921528,0.42433940333204184,0.3964389932050937
2022-07-10,花叶类,15.0,15,0.09057112732609461,0.40319180808491517,0.640760111201753,0.41207836599289194,0.09567425066308785,0.41317231032758334,0.3863233489041251
2022-07-11,花叶类,15.0,15,0.11712221255859179,0.48817355421326475,0.643665680460619,0.49249320193824625,0.09057112732609461,0.40319180808491517,0.41207836599289194
2022-07-12,花叶类,15.0,15,0.1066874446854072,0.44659668448453255,0.6458554979234591,0.4652536057100246,0.11712221255859179,0.48817355421326475,0.49249320193824625
2022-07-13,花叶类,15.0,15,0.09719628469054452,0.4177919671541117,0.6479746249265151,0.4552298989073235,0.1066874446854072,0.44659668448453255,0.4652536057100246
2022-07-14,花叶类,15.0,15,0.0970376174078149,0.3976812033493729,0.6443646672375247,0.41492572107049475,0.09719628469054452,0.4177919671541117,0.4552298989073235
2022-07-15,花叶类,13.0,13,0.10666387790029126,0.45896559003588777,0.61919451326095,0.4136828082858355,0.0970376174078149,0.3976812033493729,0.41492572107049475
2022-07-16,花叶类,14.0,14,0.09483791020035011,0.3929913315333239,0.6321061633276251,0.3904708679576978,0.10666387790029126,0.45896559003588777,0.4136828082858355
2022-07-17,花叶类,15.0,15,0.09059192245174047,0.3852845481447997,0.657338770350471,0.41869873826846626,0.09483791020035011,0.3929913315333239,0.3904708679576978
2022-07-18,花叶类,15.0,15,0.09494776280960185,0.3987186962810387,0.6175024280226049,0.41359980835771765,0.09059192245174047,0.3852845481447997,0.41869873826846626
2022-07-19,花叶类,15.0,15,0.0949501951424567,0.408170533548009,0.662520157029674,0.401992031969869,0.09494776280960185,0.3987186962810387,0.41359980835771765
2022-07-20,花叶类,16.0,16,0.09812387062204109,0.41038608074063965,0.6765101709698897,0.38499573907425855,0.0949501951424567,0.408170533548009,0.401992031969869
2022-07-21,花叶类,15.0,15,0.1035586935780421,0.4219940848595154,0.667894253278306,0.4184786626126934,0.09812387062204109,0.41038608074063965,0.38499573907425855
2022-07-22,花叶类,15.0,15,0.12466761101873222,0.4741102897470887,0.6705296795540552,0.4443185896699987,0.1035586935780421,0.4219940848595154,0.4184786626126934
2022-07-23,花叶类,15.0,15,0.11621399960003159,0.4340165892745561,0.6734541696537351,0.4019054231572634,0.12466761101873222,0.4741102897470887,0.4443185896699987
2022-07-24,花叶类,15.0,15,0.09799740828169543,0.4225645672859085,0.676691099369649,0.38128546749823117,0.11621399960003159,0.4340165892745561,0.4019054231572634
2022-07-25,花叶类,15.0,15,0.1026222532368263,0.44498655547328636,0.6795663862732617,0.34348925567788113,0.09799740828169543,0.4225645672859085,0.38128546749823117
2022-07-26,花叶类,16.0,16,0.10143833401188596,0.4455079331073333,0.7034355941698409,0.39341784688534426,0.1026222532368263,0.44498655547328636,0.34348925567788113
2022-07-27,花叶类,15.0,15,0.09943899096755106,0.4373827231773188,0.6925244278629531,0.3555675463078759,0.10143833401188596,0.4455079331073333,0.39341784688534426
2022-07-28,花叶类,16.0,16,0.0888354195687202,0.3668295118211319,0.7069510444257439,0.3406519332100504,0.09943899096755106,0.4373827231773188,0.3555675463078759
2022-07-29,花叶类,15.0,15,0.10406175084638669,0.4340732536035564,0.22520171997742294,0.8144036405242171,0.0888354195687202,0.3668295118211319,0.3406519332100504
2022-07-30,花叶类,17.0,17,0.1075514978434037,0.46260115019467796,0.4547237823825327,0.7984439734056744,0.10406175084638669,0.4340732536035564,0.8144036405242171
2022-07-31,花叶类,15.0,15,0.10784250896234097,0.4422709398889073,0.35226990965141486,0.7531211905927577,0.1075514978434037,0.46260115019467796,0.7984439734056744
2022-08-01,花叶类,15.0,15,0.10396556954834589,0.4322199364731742,0.24599254850617558,0.7807846185292404,0.10784250896234097,0.4422709398889073,0.7531211905927577
2022-08-02,花叶类,16.0,16,0.10018774089369313,0.4573466502822614,0.2642640376426303,0.7526885434097237,0.10396556954834589,0.4322199364731742,0.7807846185292404
2022-08-03,花叶类,18.0,18,0.10829264136083461,0.46598147347851404,0.3541340124275765,0.7641532372024006,0.10018774089369313,0.4573466502822614,0.7526885434097237
2022-08-04,花叶类,19.0,19,0.1147503505588444,0.45024763619990993,0.3742821947029902,0.778872617405768,0.10829264136083461,0.46598147347851404,0.7641532372024006
2022-08-05,花叶类,19.0,19,0.10563722724448668,0.4511728598672262,0.48370058962469864,0.7505388625465742,0.1147503505588444,0.45024763619990993,0.778872617405768
2022-08-06,花叶类,20.0,20,0.10815672351276515,0.46839366842391045,0.4711399754436726,0.7693063133189681,0.10563722724448668,0.4511728598672262,0.7505388625465742
2022-08-07,花叶类,17.0,17,0.11549983186618151,0.4576079288939053,0.4237994561736767,0.7323677316202455,0.10815672351276515,0.46839366842391045,0.7693063133189681
2022-08-08,花叶类,15.0,15,0.12448288960194442,0.516098619537787,0.23044094384791525,0.7832638485717923,0.11549983186618151,0.4576079288939053,0.7323677316202455
2022-08-09,花叶类,16.0,16,0.10316941791268064,0.428396344847882,0.296941954058331,0.7479909936211857,0.12448288960194442,0.516098619537787,0.7832638485717923
2022-08-10,花叶类,17.0,17,0.09226038133616007,0.43199624205210796,0.3223942910407449,0.730612181161459,0.10316941791268064,0.428396344847882,0.7479909936211857
2022-08-11,花叶类,17.0,17,0.10711300649509406,0.45378506739477387,0.3087373785025296,0.7676533193833861,0.09226038133616007,0.43199624205210796,0.730612181161459
2022-08-12,花叶类,17.0,17,0.09918328611962715,0.4342770687698752,0.285724469290339,0.7383775187423218,0.10711300649509406,0.45378506739477387,0.7676533193833861
2022-08-13,花叶类,18.0,18,0.09374183478065999,0.42264103687934385,0.37019908306094723,0.7336379812988136,0.09918328611962715,0.4342770687698752,0.7383775187423218
2022-08-14,花叶类,16.0,16,0.09420622400111037,0.413875311002488,0.270474893070575,0.7484945533039,0.09374183478065999,0.42264103687934385,0.7336379812988136
2022-08-15,花叶类,16.0,16,0.09367998262081961,0.41686758144903385,0.2848435901672264,0.7305432009012166,0.09420622400111037,0.413875311002488,0.7484945533039
2022-08-16,花叶类,17.0,17,0.09644772260391564,0.4171180257243535,0.39633716447298417,0.7187933101618338,0.09367998262081961,0.41686758144903385,0.7305432009012166
2022-08-17,花叶类,15.0,15,0.11531236281276193,0.47606961315253676,0.2922497824888171,0.7326410772780085,0.09644772260391564,0.4171180257243535,0.7187933101618338
2022-08-18,花叶类,17.0,17,0.09013636089385571,0.42340319729800246,0.3312249531330307,0.7032442181072474,0.11531236281276193,0.47606961315253676,0.7326410772780085
2022-08-19,花叶类,16.0,16,0.09795385238991026,0.44089570680523926,0.37113457753068646,0.6910576474888239,0.09013636089385571,0.42340319729800246,0.7032442181072474
2022-08-20,花叶类,14.0,14,0.1323296722166194,0.5198448922130219,0.28665610586312473,0.7187465925417929,0.09795385238991026,0.44089570680523926,0.6910576474888239
2022-08-21,花叶类,15.0,15,0.1086369305904725,0.46458354008648184,0.3228348751771688,0.7018435224325931,0.1323296722166194,0.5198448922130219,0.7187465925417929
2022-08-22,花叶类,15.0,15,0.09928173760683223,0.43740674955595027,0.3106204678812431,0.7224505554367406,0.1086369305904725,0.46458354008648184,0.7018435224325931
2022-08-23,花叶类,17.0,18,0.09753588843803965,0.426454756790772,0.37458221629080796,0.6696170237120282,0.09928173760683223,0.43740674955595027,0.7224505554367406
2022-08-24,花叶类,16.0,16,0.0958180556707886,0.4234334175956741,0.3333339614286548,0.6908438000153663,0.09753588843803965,0.426454756790772,0.6696170237120282
2022-08-25,花叶类,24.0,24,0.07178328215560492,0.31003279919208526,0.7226665187060504,0.5492963637076282,0.0958180556707886,0.4234334175956741,0.6908438000153663
2022-08-26,花叶类,18.0,18,0.08363495349752681,0.3822548836646273,0.5598651992195414,0.5574436132224221,0.07178328215560492,0.31003279919208526,0.5492963637076282
2022-08-27,花叶类,18.0,18,0.08539609988323987,0.38294493998972584,0.5222991388612603,0.5657395219050811,0.08363495349752681,0.3822548836646273,0.5574436132224221
2022-08-28,花叶类,14.0,14,0.13461722194744855,0.5335368562175433,0.3883148415943812,0.6944164451242603,0.08539609988323987,0.38294493998972584,0.5657395219050811
2022-08-29,花叶类,17.0,17,0.10769852599186226,0.490810156343491,0.34887697226688047,0.7134403525553143,0.13461722194744855,0.5335368562175433,0.6944164451242603
2022-08-30,花叶类,15.0,15,0.12023636771709227,0.5009900901983296,0.3497308297984321,0.6688903177365091,0.10769852599186226,0.490810156343491,0.7134403525553143
2022-08-31,花叶类,15.0,15,0.10940459136779737,0.4381025421687339,0.30401540351165235,0.7145018318799554,0.12023636771709227,0.5009900901983296,0.6688903177365091
2022-09-01,花叶类,16.0,16,0.10323964690624829,0.451142661068353,0.36129808204362884,0.6655589214655958,0.10940459136779737,0.4381025421687339,0.7145018318799554
2022-09-02,花叶类,18.0,18,0.11359332637998455,0.4957959337658796,0.37235622416513375,0.6399978827858301,0.10323964690624829,0.451142661068353,0.6655589214655958
2022-09-03,花叶类,18.0,18,0.12066293371467073,0.5004270110723222,0.37715710058069307,0.6879132798628025,0.11359332637998455,0.4957959337658796,0.6399978827858301
2022-09-04,花叶类,18.0,18,0.10759683885342508,0.4375416128147887,0.37134925009935205,0.650024833090248,0.12066293371467073,0.5004270110723222,0.6879132798628025
2022-09-05,花叶类,16.0,16,0.11960739004738878,0.4642984154581735,0.39858724275715274,0.6431171457719667,0.10759683885342508,0.4375416128147887,0.650024833090248
2022-09-06,花叶类,16.0,16,0.12522586580286563,0.5376374195644017,0.38754609528929507,0.6796335864684535,0.11960739004738878,0.4642984154581735,0.6431171457719667
2022-09-07,花叶类,14.0,14,0.1174093176334726,0.46414399092970526,0.36816638339599284,0.6700730655086593,0.12522586580286563,0.5376374195644017,0.6796335864684535
2022-09-08,花叶类,17.0,17,0.08358140828707578,0.3822535243112473,0.48207746410532326,0.5590154861220424,0.1174093176334726,0.46414399092970526,0.6700730655086593
2022-09-09,花叶类,18.0,18,0.1238720078062758,0.5260117507267885,0.5502627010811483,0.6104306437876638,0.08358140828707578,0.3822535243112473,0.5590154861220424
2022-09-10,花叶类,19.0,19,0.09440596587553837,0.42578450795590883,0.57153792379673,0.5888985225712493,0.1238720078062758,0.5260117507267885,0.6104306437876638
2022-09-11,花叶类,19.0,19,0.10622919006182666,0.4696878647851523,0.5583743166153927,0.6402953079584006,0.09440596587553837,0.42578450795590883,0.5888985225712493
2022-09-12,花叶类,19.0,19,0.11208801403958027,0.49772196485317205,0.5265314283288757,0.6268070254733664,0.10622919006182666,0.4696878647851523,0.6402953079584006
2022-09-13,花叶类,17.0,17,0.08470178888828521,0.38001638001638,0.4256910076024304,0.6273471999977536,0.11208801403958027,0.49772196485317205,0.6268070254733664
2022-09-14,花叶类,17.0,17,0.11824422964165744,0.5070799111841853,0.42784021545840534,0.6290296506974977,0.08470178888828521,0.38001638001638,0.6273471999977536
2022-09-15,花叶类,14.0,14,0.11829893822158255,0.48916664558189743,0.40122870188416426,0.6521188993416688,0.11824422964165744,0.5070799111841853,0.6290296506974977
2022-09-16,花叶类,19.0,19,0.08622758295276796,0.39959118747742695,0.5238721411931224,0.6166453404883462,0.11829893822158255,0.48916664558189743,0.6521188993416688
2022-09-17,花叶类,19.0,19,0.11203815603677778,0.4759357302292977,0.44010991203266847,0.6801161352116778,0.08622758295276796,0.39959118747742695,0.6166453404883462
2022-09-18,花叶类,18.0,19,0.10557551582035549,0.4866069545865949,0.4380986427738722,0.6543263928326334,0.11203815603677778,0.4759357302292977,0.6801161352116778
2022-09-19,花叶类,18.0,18,0.09790635673637284,0.44192918579494483,0.48696292790001366,0.5991489518786688,0.10557551582035549,0.4866069545865949,0.6543263928326334
2022-09-20,花叶类,19.0,19,0.0993321701237645,0.46462938808869386,0.5230602856646536,0.5740207776466051,0.09790635673637284,0.44192918579494483,0.5991489518786688
2022-09-21,花叶类,20.0,20,0.09874720299315459,0.44291883512346364,0.5752287073540134,0.599049476905551,0.0993321701237645,0.46462938808869386,0.5740207776466051
2022-09-22,花叶类,18.0,18,0.10862703589834447,0.4705605552614552,0.45039163960567413,0.6124780985319773,0.09874720299315459,0.44291883512346364,0.599049476905551
2022-09-23,花叶类,17.0,17,0.09392767967443197,0.41987403778866345,0.44927637578735474,0.6174505383359369,0.10862703589834447,0.4705605552614552,0.6124780985319773
2022-09-24,花叶类,19.0,19,0.10037306537402978,0.44176791987390174,0.4639129256378496,0.6134108648049057,0.09392767967443197,0.41987403778866345,0.6174505383359369
2022-09-25,花叶类,19.0,19,0.10611634094022768,0.45803550980557595,0.4545075148200771,0.6170738009221648,0.10037306537402978,0.44176791987390174,0.6134108648049057
2022-09-26,花叶类,19.0,19,0.09893697165443634,0.43781212665385383,0.42332954325950545,0.6208039155962864,0.10611634094022768,0.45803550980557595,0.6170738009221648
2022-09-27,花叶类,15.0,16,0.134576327634917,0.5735679052257251,0.3657875115456306,0.6515154283351494,0.09893697165443634,0.43781212665385383,0.6208039155962864
2022-09-28,花叶类,16.0,17,0.1458306125498659,0.5527326325588612,0.4294527918507867,0.6572897992958675,0.134576327634917,0.5735679052257251,0.6515154283351494
2022-09-29,花叶类,19.0,19,0.11353661278703407,0.5010317857961735,0.4721539818709183,0.6125024049132064,0.1458306125498659,0.5527326325588612,0.6572897992958675
2022-09-30,花叶类,18.0,18,0.10640315853534864,0.4852742377150516,0.505842978475467,0.5871300499579113,0.11353661278703407,0.5010317857961735,0.6125024049132064
2022-10-01,花叶类,21.0,21,0.11527278396208526,0.487932061978546,0.5108319915799528,0.5582643154219878,0.10640315853534864,0.4852742377150516,0.5871300499579113
2022-10-02,花叶类,16.0,16,0.15141654596991755,0.5370591991474714,0.4368350022295855,0.6171683452989363,0.11527278396208526,0.487932061978546,0.5582643154219878
2022-10-03,花叶类,17.0,17,0.10241168010601369,0.43299241862348503,0.5016947894463047,0.5732337202467298,0.15141654596991755,0.5370591991474714,0.6171683452989363
2022-10-04,花叶类,19.0,19,0.10752730961899058,0.4780128744039913,0.5256187028165499,0.5764399875813668,0.10241168010601369,0.43299241862348503,0.5732337202467298
2022-10-05,花叶类,20.0,20,0.10015538499248848,0.4563433654654157,0.5278884468843826,0.5537425547719936,0.10752730961899058,0.4780128744039913,0.5764399875813668
2022-10-06,花叶类,16.0,16,0.12275174034475042,0.47279717567387763,0.4904683101379081,0.595977378355971,0.10015538499248848,0.4563433654654157,0.5537425547719936
2022-10-07,花叶类,14.0,14,0.12623795938415452,0.5035323891736158,0.47795598561244285,0.6267259120812486,0.12275174034475042,0.47279717567387763,0.595977378355971
2022-10-08,花叶类,17.0,17,0.10737928781428238,0.4581209244295419,0.5196573669364697,0.5842289088344403,0.12623795938415452,0.5035323891736158,0.6267259120812486
2022-10-09,花叶类,16.0,16,0.1158045410593794,0.5104989275389349,0.5220947682566583,0.5860255035326924,0.10737928781428238,0.4581209244295419,0.5842289088344403
2022-10-10,花叶类,15.0,15,0.11953949857256442,0.5029265120312162,0.5580429601464689,0.5876763294666213,0.1158045410593794,0.5104989275389349,0.5860255035326924
2022-10-11,花叶类,13.0,13,0.11512802861706183,0.4817474755798402,0.48728304348133633,0.5857823837399784,0.11953949857256442,0.5029265120312162,0.5876763294666213
2022-10-12,花叶类,14.0,14,0.11592223316599373,0.4850207543764664,0.5004453624001823,0.5712275554810742,0.11512802861706183,0.4817474755798402,0.5857823837399784
2022-10-13,花叶类,15.0,15,0.12677678067606823,0.5208150051025795,0.46950933517416155,0.6110406021399186,0.11592223316599373,0.4850207543764664,0.5712275554810742
2022-10-14,花叶类,15.0,17,0.14571742332186882,0.5632183908045977,0.5203937929576441,0.5948393415907225,0.12677678067606823,0.5208150051025795,0.6110406021399186
2022-10-15,花叶类,15.0,15,0.13121975379933212,0.5146106009783802,0.4021083560848052,0.6352583741848675,0.14571742332186882,0.5632183908045977,0.5948393415907225
2022-10-16,花叶类,16.0,16,0.15341946341394871,0.5580677462354344,0.43015864029359097,0.6234455804202717,0.13121975379933212,0.5146106009783802,0.6352583741848675
2022-10-17,花叶类,15.0,15,0.11761270265864542,0.49308079021556206,0.4333974735298264,0.5808374789310684,0.15341946341394871,0.5580677462354344,0.6234455804202717
2022-10-18,花叶类,16.0,16,0.14099682263229896,0.5887963251323576,0.4372134730565854,0.5776373596512688,0.11761270265864542,0.49308079021556206,0.5808374789310684
2022-10-19,花叶类,14.0,14,0.1196096051262255,0.48833490007447106,0.4332646792098481,0.6119330760157693,0.14099682263229896,0.5887963251323576,0.5776373596512688
2022-10-20,花叶类,17.0,18,0.116399370873277,0.4957132073771138,0.43978561815277906,0.6241756951283748,0.1196096051262255,0.48833490007447106,0.6119330760157693
2022-10-21,花叶类,20.0,20,0.14633116859741374,0.5744487135427778,0.5585070628179342,0.6110420053754769,0.116399370873277,0.4957132073771138,0.6241756951283748
2022-10-22,花叶类,17.0,17,0.10286310221506943,0.46109875256948163,0.3899476241391667,0.6267637283460827,0.14633116859741374,0.5744487135427778,0.6110420053754769
2022-10-23,花叶类,14.0,14,0.12868585242883263,0.527646695737013,0.34974787919139366,0.6560095136454138,0.10286310221506943,0.46109875256948163,0.6267637283460827
2022-10-24,花叶类,15.0,15,0.12119833060119856,0.5020633579466833,0.39327037603209586,0.6067296239679041,0.12868585242883263,0.527646695737013,0.6560095136454138
2022-10-25,花叶类,15.0,15,0.11025102177275628,0.4795405996022296,0.38214399643915353,0.6178560035608465,0.12119833060119856,0.5020633579466833,0.6067296239679041
2022-10-26,花叶类,15.0,16,0.11191714139423628,0.4482376386356615,0.392080575321733,0.6149599137233276,0.11025102177275628,0.4795405996022296,0.6178560035608465
2022-10-27,花叶类,16.0,17,0.09939579745549301,0.43154231854672986,0.4455605080785818,0.5761214749605954,0.11191714139423628,0.4482376386356615,0.6149599137233276
2022-10-28,花叶类,15.0,15,0.10466174029103599,0.4241040697092898,0.44076221050724035,0.5871092594454164,0.09939579745549301,0.43154231854672986,0.5761214749605954
2022-10-29,花叶类,16.0,16,0.12729698051610733,0.5056877332420253,0.4014472836335333,0.629702933842929,0.10466174029103599,0.4241040697092898,0.5871092594454164
2022-10-30,花叶类,18.0,18,0.1036993352339189,0.45801071479617733,0.48017804236793193,0.6304022854362931,0.12729698051610733,0.5056877332420253,0.629702933842929
2022-10-31,花叶类,15.0,15,0.09990333717899609,0.4148340710555283,0.3325624082449425,0.6713909259809313,0.1036993352339189,0.45801071479617733,0.6304022854362931
2022-11-01,花叶类,16.0,17,0.10196630572187668,0.4553713472326887,0.37445864919760863,0.6255413508023913,0.09990333717899609,0.4148340710555283,0.6713909259809313
2022-11-03,花叶类,18.0,18,0.0867281357477442,0.3718029466612327,0.38639263674097735,0.6741353513901426,,,
2022-11-05,花叶类,16.0,16,0.11003805590198018,0.4524995410154515,0.33231919567177354,0.7026817213483811,,,
2022-11-06,花叶类,17.0,17,0.10884212764151315,0.46419932866028235,0.38765881235817873,0.6646991951217958,0.11003805590198018,0.4524995410154515,0.7026817213483811
2022-11-07,花叶类,15.0,15,0.1264119239481619,0.5228824371572991,0.3862961844253182,0.6842688302587906,0.10884212764151315,0.46419932866028235,0.6646991951217958
2022-11-08,花叶类,18.0,18,0.08177055381185726,0.3538201326125079,0.4899428886003695,0.5934262767544477,0.1264119239481619,0.5228824371572991,0.6842688302587906
2022-11-09,花叶类,16.0,18,0.1551525996439829,0.5407043147208122,0.4088673087398846,0.6107252214359034,0.08177055381185726,0.3538201326125079,0.5934262767544477
2022-11-10,花叶类,21.0,22,0.10043746905033453,0.44077445399229853,0.5537011202967743,0.5457908264913076,0.1551525996439829,0.5407043147208122,0.6107252214359034
2022-11-11,花叶类,22.0,22,0.12011596396274378,0.5094762584063584,0.5567508024571968,0.5823532831149536,0.10043746905033453,0.44077445399229853,0.5457908264913076
2022-11-12,花叶类,20.0,21,0.11146318019331196,0.4473654510570598,0.4386170210200557,0.5882756996277707,0.12011596396274378,0.5094762584063584,0.5823532831149536
2022-11-13,花叶类,20.0,20,0.11362488141678373,0.500262381573722,0.5916907366743387,0.5778194913406199,0.11146318019331196,0.4473654510570598,0.5882756996277707
2022-11-14,花叶类,16.0,16,0.12469527471281085,0.5441306065394432,0.42520213470240786,0.5814825596055129,0.11362488141678373,0.500262381573722,0.5778194913406199
2022-11-15,花叶类,19.0,19,0.12504630320753107,0.5240881393584318,0.43345970662783767,0.57128477685443,0.12469527471281085,0.5441306065394432,0.5814825596055129
2022-11-16,花叶类,20.0,20,0.11401306409368947,0.4752151854677858,0.44318141133905686,0.5836451425294631,0.12504630320753107,0.5240881393584318,0.57128477685443
2022-11-17,花叶类,20.0,21,0.07867383045059746,0.3423360579990103,0.44523843032619553,0.556442536602262,0.11401306409368947,0.4752151854677858,0.5836451425294631
2022-11-18,花叶类,20.0,21,0.11750519503150735,0.5161796170974959,0.45203350266957176,0.6053255679166248,0.07867383045059746,0.3423360579990103,0.556442536602262
2022-11-19,花叶类,25.0,25,0.08352165398610284,0.36464346549119764,0.6096757521834515,0.5471539854327063,0.11750519503150735,0.5161796170974959,0.6053255679166248
2022-11-20,花叶类,18.0,18,0.08535140298976186,0.35732535373592345,0.43665213557146526,0.6833473514289923,0.08352165398610284,0.36464346549119764,0.5471539854327063
2022-11-21,花叶类,23.0,23,0.23253895078933248,0.6248189486240097,0.643785424838112,0.6707007027159977,0.08535140298976186,0.35732535373592345,0.6833473514289923
2022-11-22,花叶类,19.0,19,0.08485025437628164,0.35387679796935234,0.49095617699892746,0.5450024157023075,0.23253895078933248,0.6248189486240097,0.6707007027159977
2022-11-23,花叶类,20.0,20,0.09647979406675691,0.417827878906825,0.5483858892779477,0.5002103980288302,0.08485025437628164,0.35387679796935234,0.5450024157023075
2022-11-24,花叶类,16.0,16,0.09860233445564129,0.4320614846250067,0.43973149832536734,0.5730314267126928,0.09647979406675691,0.417827878906825,0.5002103980288302
2022-11-25,花叶类,18.0,18,0.2753102669963183,0.6751385513732757,0.5465456923437959,0.5783330819263173,0.09860233445564129,0.4320614846250067,0.5730314267126928
2022-11-26,花叶类,16.0,16,0.13637017368383716,0.5643057947127891,0.5276310670542596,0.6220215005427653,0.2753102669963183,0.6751385513732757,0.5783330819263173
2022-11-27,花叶类,10.0,10,0.25276779025245616,0.7549356329223393,0.3375642079706448,0.6624357920293553,0.13637017368383716,0.5643057947127891,0.6220215005427653
2022-11-28,花叶类,10.0,10,0.24457117896947433,0.6892222602907346,0.39687715265623363,0.6269687883345751,0.25276779025245616,0.7549356329223393,0.6624357920293553
2022-11-29,花叶类,11.0,11,0.14255653676997565,0.5669371844846316,0.3301051705638516,0.6946580745845922,0.24457117896947433,0.6892222602907346,0.6269687883345751
2022-12-04,花叶类,10.0,11,0.1507247130700893,0.5671361937059456,0.3295489889666233,0.7163386813393494,,,
2022-12-05,花叶类,11.0,11,0.18847997232221078,0.6996172682003374,0.37454029608274236,0.714341475836991,0.1507247130700893,0.5671361937059456,0.7163386813393494
2022-12-06,花叶类,14.0,14,0.15773827275737767,0.5497894067533261,0.3695228513102912,0.6557600381703331,0.18847997232221078,0.6996172682003374,0.714341475836991
2022-12-07,花叶类,13.0,13,0.14020338184627384,0.5776739175611888,0.41774738299650543,0.5942923980070869,0.15773827275737767,0.5497894067533261,0.6557600381703331
2022-12-08,花叶类,14.0,15,0.18988558059149255,0.6439267445866794,0.42036418199740655,0.638946646035786,0.14020338184627384,0.5776739175611888,0.5942923980070869
2022-12-09,花叶类,14.0,14,0.15108248303247213,0.6276880852437843,0.41180753575814255,0.6146768286178277,0.18988558059149255,0.6439267445866794,0.638946646035786
2022-12-10,花叶类,17.0,17,0.15386963221759586,0.6446660543235796,0.44760329056759085,0.6158141491174894,0.15108248303247213,0.6276880852437843,0.6146768286178277
2022-12-11,花叶类,18.0,18,0.12779039318963775,0.5352927283964886,0.49443061078432715,0.5439885046549354,0.15386963221759586,0.6446660543235796,0.6158141491174894
2022-12-12,花叶类,16.0,17,0.12853158235330756,0.5162008634401272,0.45695896404927916,0.5746974676061809,0.12779039318963775,0.5352927283964886,0.5439885046549354
2022-12-13,花叶类,17.0,17,0.12971959448048104,0.5660059398671872,0.4756253853923163,0.6046438519247646,0.12853158235330756,0.5162008634401272,0.5746974676061809
2022-12-14,花叶类,18.0,18,0.1609650310798768,0.6092097756885655,0.4925185925145304,0.575005698343809,0.12971959448048104,0.5660059398671872,0.6046438519247646
2022-12-15,花叶类,16.0,16,0.1483272517207858,0.5594788849701294,0.49119117153451614,0.5906014492601734,0.1609650310798768,0.6092097756885655,0.575005698343809
2022-12-16,花叶类,15.0,15,0.16932249338446725,0.6410664894396825,0.4565194990654305,0.6210952993650556,0.1483272517207858,0.5594788849701294,0.5906014492601734
2022-12-17,花叶类,21.0,21,0.13493436801249442,0.5615262740955901,0.454873970377148,0.6518947270858368,0.16932249338446725,0.6410664894396825,0.6210952993650556
2022-12-18,花叶类,15.0,15,0.1530624299498335,0.567025771590309,0.34069327140773253,0.6877667154245447,0.13493436801249442,0.5615262740955901,0.6518947270858368
2022-12-19,花叶类,15.0,16,0.12038531513185717,0.5008492441726863,0.35777432292073497,0.6595148368491885,0.1530624299498335,0.567025771590309,0.6877667154245447
2022-12-20,花叶类,14.0,14,0.1863718293224464,0.6483257968983855,0.3463861156334189,0.6792510546768613,0.12038531513185717,0.5008492441726863,0.6595148368491885
2022-12-21,花叶类,18.0,18,0.14457467454175374,0.5962175521006784,0.5089043238818358,0.5624356376953559,0.1863718293224464,0.6483257968983855,0.6792510546768613
2022-12-22,花叶类,16.0,16,0.12010398590110473,0.48414236509758896,0.5018701739071165,0.538109544564948,0.14457467454175374,0.5962175521006784,0.5624356376953559
2022-12-23,花叶类,13.0,14,0.12182962941038596,0.49357693113795414,0.4379157184625003,0.5620842815374996,0.12010398590110473,0.48414236509758896,0.538109544564948
2022-12-24,花叶类,12.0,12,0.1493673790831519,0.5484024658580494,0.4268271506818665,0.593606549137565,0.12182962941038596,0.49357693113795414,0.5620842815374996
2022-12-25,花叶类,15.0,15,0.15634024972600513,0.6154926768108508,0.4864337854836868,0.5364990201683457,0.1493673790831519,0.5484024658580494,0.593606549137565
2022-12-26,花叶类,16.0,16,0.15052136498246013,0.5581299148982011,0.47218540915689233,0.5388990996872745,0.15634024972600513,0.6154926768108508,0.5364990201683457
2022-12-27,花叶类,12.0,13,0.15590209287766255,0.5864990900818926,0.46614327651016946,0.549449338337511,0.15052136498246013,0.5581299148982011,0.5388990996872745
2022-12-28,花叶类,16.0,16,0.14203050984322504,0.5595118776180075,0.4975099664262794,0.5256057314466945,0.15590209287766255,0.5864990900818926,0.549449338337511
2022-12-29,花叶类,16.0,16,0.1374522391953194,0.5332090641633166,0.47998403605611506,0.5268109363724591,0.14203050984322504,0.5595118776180075,0.5256057314466945
2022-12-30,花叶类,16.0,16,0.1448730996909552,0.5532428289905846,0.4810983016790069,0.5378262503286716,0.1374522391953194,0.5332090641633166,0.5268109363724591
2022-12-31,花叶类,14.0,14,0.13968082446504002,0.5530829991967715,0.48010519438178845,0.5389721643954279,0.1448730996909552,0.5532428289905846,0.5378262503286716
2023-01-01,花叶类,14.0,14,0.14482095467656053,0.5555599323780918,0.4846162429250402,0.5446080451775978,0.13968082446504002,0.5530829991967715,0.5389721643954279
2023-01-02,花叶类,12.0,13,0.15361838722249202,0.5697687898966038,0.4495626223901809,0.5699620726865836,0.14482095467656053,0.5555599323780918,0.5446080451775978
2023-01-03,花叶类,13.0,14,0.16288040658708428,0.616856426938632,0.44695527413195,0.5976069108429989,0.15361838722249202,0.5697687898966038,0.5699620726865836
2023-01-04,花叶类,14.0,14,0.1520201341117526,0.6138758200251806,0.488683128780764,0.5484826002104963,0.16288040658708428,0.616856426938632,0.5976069108429989
2023-01-05,花叶类,14.0,14,0.1431802285955486,0.5651636588335787,0.4913808298112604,0.528267128007788,0.1520201341117526,0.6138758200251806,0.5484826002104963
2023-01-06,花叶类,14.0,14,0.13874669979614934,0.5348646178170858,0.5093442004917297,0.5169930841082744,0.1431802285955486,0.5651636588335787,0.528267128007788
2023-01-07,花叶类,19.0,20,0.1039776473982733,0.4341279405488187,0.6040277459470103,0.45321751693481394,0.13874669979614934,0.5348646178170858,0.5169930841082744
2023-01-08,花叶类,18.0,18,0.13522917906784712,0.5533609121384102,0.583541853599606,0.5125571221275563,0.1039776473982733,0.4341279405488187,0.45321751693481394
2023-01-09,花叶类,17.0,17,0.13236599057607862,0.5633068551809762,0.5714846419303038,0.4845922695623067,0.13522917906784712,0.5533609121384102,0.5125571221275563
2023-01-10,花叶类,18.0,19,0.10642422324817247,0.45236065742578785,0.5908202302798053,0.4384266861964289,0.13236599057607862,0.5633068551809762,0.4845922695623067
2023-01-11,花叶类,17.0,20,0.12111092125840707,0.501106286384707,0.5425023001530551,0.5066481082539757,0.10642422324817247,0.45236065742578785,0.4384266861964289
2023-01-12,花叶类,15.0,16,0.12785563437707942,0.5223023560131216,0.5453891929930698,0.49375422925963053,0.12111092125840707,0.501106286384707,0.5066481082539757
2023-01-13,花叶类,15.0,16,0.1473849081402721,0.5935263120488167,0.5765522653187161,0.5424719993491398,0.12785563437707942,0.5223023560131216,0.49375422925963053
2023-01-14,花叶类,15.0,15,0.1133056757416426,0.45864768816312407,0.5669146545471565,0.46114918079878253,0.1473849081402721,0.5935263120488167,0.5424719993491398
2023-01-15,花叶类,14.0,14,0.13002542729381336,0.5294951152211202,0.5085753476215679,0.5115604262646295,0.1133056757416426,0.45864768816312407,0.46114918079878253
2023-01-16,花叶类,12.0,13,0.13804712893926555,0.5560859764544608,0.46539786449682874,0.5372771262029385,0.13002542729381336,0.5294951152211202,0.5115604262646295
2023-01-17,花叶类,14.0,14,0.13525095175010063,0.5545545720649804,0.506972880469361,0.5429554031957754,0.13804712893926555,0.5560859764544608,0.5372771262029385
2023-01-18,花叶类,12.0,13,0.1296125227774167,0.5286376288502126,0.4884779943404749,0.5478208765269288,0.13525095175010063,0.5545545720649804,0.5429554031957754
2023-01-19,花叶类,13.0,14,0.1078738248567301,0.4359338412729859,0.491252475060203,0.5109191697637145,0.1296125227774167,0.5286376288502126,0.5478208765269288
2023-01-20,花叶类,15.0,15,0.10516111831624837,0.45004977050268213,0.5822336279103985,0.4750893942879616,0.1078738248567301,0.4359338412729859,0.5109191697637145
2023-01-22,花叶类,13.0,13,0.16746920172834578,0.6386000435239241,0.4657266761820416,0.5470216804608109,,,
2023-01-23,花叶类,13.0,14,0.14476927028450964,0.5860435799199954,0.49396300847553753,0.5431664309837887,0.16746920172834578,0.6386000435239241,0.5470216804608109
2023-01-24,花叶类,9.0,9,0.22023770222161115,0.7294332184795057,0.3125076244717465,0.690880507666506,0.14476927028450964,0.5860435799199954,0.5431664309837887
2023-01-25,花叶类,10.0,10,0.1872826978350167,0.613615590520337,0.38865247444910933,0.6465032945503429,0.22023770222161115,0.7294332184795057,0.690880507666506
2023-01-26,花叶类,10.0,10,0.1486712550101502,0.5626311437758383,0.4851494822754967,0.5715198699217653,0.1872826978350167,0.613615590520337,0.6465032945503429
2023-01-27,花叶类,10.0,10,0.1276536924405608,0.4912109064580501,0.369391635783987,0.640565933826997,0.1486712550101502,0.5626311437758383,0.5715198699217653
2023-01-28,花叶类,10.0,10,0.16668148411260011,0.605972570855791,0.3019042655648143,0.6980957344351857,0.1276536924405608,0.4912109064580501,0.640565933826997
2023-01-29,花叶类,13.0,13,0.12751485677236576,0.4893641105122467,0.4682741021857029,0.5908249772972127,0.16668148411260011,0.605972570855791,0.6980957344351857
2023-01-30,花叶类,11.0,11,0.13307375306322225,0.5287574580926224,0.4836907850040294,0.5202992834877079,0.12751485677236576,0.4893641105122467,0.5908249772972127
2023-01-31,花叶类,15.0,15,0.10316910603467602,0.3985229355865062,0.5291808630094573,0.49336751521444183,0.13307375306322225,0.5287574580926224,0.5202992834877079
2023-02-01,花叶类,15.0,15,0.13718010967155722,0.5880468022869298,0.5055490020802924,0.5240387109993306,0.10316910603467602,0.3985229355865062,0.49336751521444183
2023-02-02,花叶类,14.0,15,0.12322785884832585,0.505670802636681,0.5235976587454432,0.476983388480163,0.13718010967155722,0.5880468022869298,0.5240387109993306
2023-02-03,花叶类,14.0,14,0.12178004212201429,0.534069231713167,0.546178636833157,0.45895612175115197,0.12322785884832585,0.505670802636681,0.476983388480163
2023-02-04,花叶类,18.0,18,0.10701019478719857,0.49407702523240377,0.6836415033126295,0.4155866451285641,0.12178004212201429,0.534069231713167,0.45895612175115197
2023-02-05,花叶类,17.0,17,0.13277211201322953,0.529206795642388,0.6173015679204676,0.5174631014002801,0.10701019478719857,0.49407702523240377,0.4155866451285641
2023-02-06,花叶类,16.0,19,0.1232278664602663,0.49378726746884705,0.5983811981971653,0.43926022312816365,0.13277211201322953,0.529206795642388,0.5174631014002801
2023-02-07,花叶类,16.0,17,0.1292678686043962,0.5103599832565927,0.595139331413731,0.46483573822951785,0.1232278664602663,0.49378726746884705,0.43926022312816365
2023-02-08,花叶类,15.0,17,0.11478341940722742,0.47288382211674296,0.5457702326063294,0.4614869477954632,0.1292678686043962,0.5103599832565927,0.46483573822951785
2023-02-09,花叶类,17.0,17,0.11812712958169322,0.48277869517758687,0.5823830295216625,0.4338635345331917,0.11478341940722742,0.47288382211674296,0.4614869477954632
2023-02-10,花叶类,18.0,18,0.11080530581578381,0.4674941713066463,0.5812452087172064,0.4424285995037291,0.11812712958169322,0.48277869517758687,0.4338635345331917
2023-02-11,花叶类,19.0,19,0.09888978839505899,0.43585933219320233,0.6089134070780333,0.4275723346729795,0.11080530581578381,0.4674941713066463,0.4424285995037291
2023-02-12,花叶类,18.0,18,0.1172969453921809,0.47927642390183106,0.5895791333419413,0.4676684393605255,0.09888978839505899,0.43585933219320233,0.4275723346729795
2023-02-13,花叶类,19.0,19,0.10769424685275641,0.46083053065589685,0.659879790639717,0.3869486096266589,0.1172969453921809,0.47927642390183106,0.4676684393605255
2023-02-14,花叶类,15.0,15,0.11842432724169573,0.4767110576734582,0.5603327214948385,0.4993588008419178,0.10769424685275641,0.46083053065589685,0.3869486096266589
2023-02-15,花叶类,18.0,19,0.10696026357619687,0.4424647500457791,0.5756848659531959,0.4621096027528791,0.11842432724169573,0.4767110576734582,0.4993588008419178
2023-02-16,花叶类,18.0,19,0.11396602973224665,0.4535254085051992,0.5852275014134071,0.45535259556816776,0.10696026357619687,0.4424647500457791,0.4621096027528791
2023-02-17,花叶类,21.0,21,0.12618412336359214,0.527678841374835,0.5793318251740526,0.5102948509354169,0.11396602973224665,0.4535254085051992,0.45535259556816776
2023-02-18,花叶类,21.0,21,0.11188805786275306,0.5128829800399555,0.6080618643336906,0.46532384678794425,0.12618412336359214,0.527678841374835,0.5102948509354169
2023-02-19,花叶类,21.0,21,0.11006857775062245,0.4597969173777867,0.5985511493662529,0.5122059252213286,0.11188805786275306,0.5128829800399555,0.46532384678794425
2023-02-20,花叶类,19.0,20,0.13872064256920658,0.5236400281054694,0.5383450313957359,0.5316061093142483,0.11006857775062245,0.4597969173777867,0.5122059252213286
2023-02-21,花叶类,16.0,17,0.13238340034148596,0.503575257765202,0.5459617770516236,0.5005196720578269,0.13872064256920658,0.5236400281054694,0.5316061093142483
2023-02-22,花叶类,17.0,18,0.12154189117648101,0.48440398993331735,0.5299253370960617,0.5151057105126521,0.13238340034148596,0.503575257765202,0.5005196720578269
2023-02-23,花叶类,19.0,19,0.12677472212328486,0.5177556200431733,0.5261357325466173,0.5261748440231313,0.12154189117648101,0.48440398993331735,0.5151057105126521
2023-02-24,花叶类,15.0,16,0.1332116728727596,0.562339524492314,0.5104854417989172,0.5232587993322311,0.12677472212328486,0.5177556200431733,0.5261748440231313
2023-02-25,花叶类,17.0,17,0.11229916102069842,0.46047542527843965,0.5396505042068037,0.5341413060242186,0.1332116728727596,0.562339524492314,0.5232587993322311
2023-02-26,花叶类,20.0,20,0.12307282991981025,0.5193000357124636,0.5249568216614946,0.5261375262447239,0.11229916102069842,0.46047542527843965,0.5341413060242186
2023-02-27,花叶类,15.0,15,0.10827578019814738,0.44987046833067024,0.5382101918706709,0.4717293538419277,0.12307282991981025,0.5193000357124636,0.5261375262447239
2023-02-28,花叶类,20.0,20,0.10656155507112647,0.4780490515708358,0.5487569467058705,0.5060134464825199,0.10827578019814738,0.44987046833067024,0.4717293538419277
2023-03-01,花叶类,17.0,17,0.1429978074943421,0.5549626467449307,0.5428416002213033,0.4836068061874517,0.10656155507112647,0.4780490515708358,0.5060134464825199
2023-03-02,花叶类,17.0,17,0.1365028947715779,0.5052578393911643,0.529870616469867,0.5054010887282875,0.1429978074943421,0.5549626467449307,0.4836068061874517
2023-03-03,花叶类,16.0,16,0.12683481071002312,0.5074909854243199,0.5396422756351166,0.4804134957845542,0.1365028947715779,0.5052578393911643,0.5054010887282875
2023-03-04,花叶类,19.0,19,0.12468007407444741,0.5117619893925187,0.5732690022344795,0.4822523891747377,0.12683481071002312,0.5074909854243199,0.4804134957845542
2023-03-05,花叶类,17.0,17,0.12888061049552188,0.5377366533106872,0.5541772087137576,0.4863443345110444,0.12468007407444741,0.5117619893925187,0.4822523891747377
2023-03-06,花叶类,15.0,15,0.13955600436169419,0.577662245328712,0.4931892834959134,0.5320703079634009,0.12888061049552188,0.5377366533106872,0.4863443345110444
2023-03-07,花叶类,17.0,20,0.1334165371984628,0.5262861116854313,0.48416910323570095,0.5494675974066053,0.13955600436169419,0.577662245328712,0.5320703079634009
2023-03-08,花叶类,14.0,15,0.16091476102953228,0.5629394983159522,0.47942207194680536,0.5521774815051088,0.1334165371984628,0.5262861116854313,0.5494675974066053
2023-03-09,花叶类,18.0,19,0.1329331101349394,0.5377405975678505,0.48229630159444903,0.5670836181084664,0.16091476102953228,0.5629394983159522,0.5521774815051088
2023-03-10,花叶类,14.0,16,0.12315651070742265,0.49098831856958736,0.5000120697697221,0.5452753028067683,0.1329331101349394,0.5377405975678505,0.5670836181084664
2023-03-11,花叶类,16.0,17,0.16380604888355788,0.5962535402553952,0.5154614534097339,0.504818552560192,0.12315651070742265,0.49098831856958736,0.5452753028067683
2023-03-12,花叶类,16.0,16,0.14187387771345328,0.5776296858871162,0.5061791063904412,0.5410868445754544,0.16380604888355788,0.5962535402553952,0.504818552560192
2023-03-13,花叶类,14.0,14,0.15480336677626952,0.5565751075543789,0.44408472344325345,0.578646641396641,0.14187387771345328,0.5776296858871162,0.5410868445754544
2023-03-14,花叶类,17.0,17,0.12100811296226952,0.4855603597771046,0.49343574036968985,0.5304474898719276,0.15480336677626952,0.5565751075543789,0.578646641396641
2023-03-15,花叶类,17.0,18,0.13924321277854734,0.5822393702498971,0.47889161936597396,0.5737075483263416,0.12100811296226952,0.4855603597771046,0.5304474898719276
2023-03-16,花叶类,14.0,14,0.13391482941556124,0.5551793351269896,0.4770329607243152,0.5494738825045483,0.13924321277854734,0.5822393702498971,0.5737075483263416
2023-03-17,花叶类,14.0,14,0.1371241953425563,0.5556106756622681,0.4580682644365925,0.5469985324661083,0.13391482941556124,0.5551793351269896,0.5494738825045483
2023-03-18,花叶类,13.0,13,0.115166669647671,0.4750509616236817,0.4526343130647219,0.54990191242599,0.1371241953425563,0.5556106756622681,0.5469985324661083
2023-03-19,花叶类,10.0,10,0.14778217703021299,0.5831382694755862,0.4272396754881356,0.5747338178788395,0.115166669647671,0.4750509616236817,0.54990191242599
2023-03-20,花叶类,13.0,13,0.16983013809516073,0.6331926238613641,0.4320336635382544,0.5891458892233948,0.14778217703021299,0.5831382694755862,0.5747338178788395
2023-03-21,花叶类,15.0,16,0.18212631768678744,0.6366723259762309,0.476683729600652,0.5291795342856646,0.16983013809516073,0.6331926238613641,0.5891458892233948
2023-03-22,花叶类,14.0,17,0.16494826659505207,0.6043610694773485,0.47126271875058934,0.5825974225692202,0.18212631768678744,0.6366723259762309,0.5291795342856646
2023-03-23,花叶类,17.0,18,0.18883869154727348,0.6246724059939832,0.48472730822199983,0.5594486419032736,0.16494826659505207,0.6043610694773485,0.5825974225692202
2023-03-24,花叶类,12.0,13,0.1983929769594573,0.6104440014217938,0.4557496776386637,0.6122846713527914,0.18883869154727348,0.6246724059939832,0.5594486419032736
2023-03-25,花叶类,15.0,15,0.14304982075311465,0.5558616587106935,0.4767902196857096,0.5307468049836026,0.1983929769594573,0.6104440014217938,0.6122846713527914
2023-03-26,花叶类,14.0,14,0.19309508274897044,0.655155652302555,0.4761271600429541,0.5593405297920973,0.14304982075311465,0.5558616587106935,0.5307468049836026
2023-03-27,花叶类,13.0,13,0.1352643647401507,0.5487470276202671,0.47751021223633294,0.5344997174394154,0.19309508274897044,0.655155652302555,0.5593405297920973
2023-03-28,花叶类,14.0,15,0.14344076350790483,0.5769617293572338,0.5327777597959917,0.5206484051636233,0.1352643647401507,0.5487470276202671,0.5344997174394154
2023-03-29,花叶类,15.0,15,0.15892506892849867,0.6219227779217413,0.4850083264564677,0.5569436380124929,0.14344076350790483,0.5769617293572338,0.5206484051636233
2023-03-30,花叶类,14.0,15,0.1712333250014159,0.6415476102351518,0.4854891691358359,0.5553262691876553,0.15892506892849867,0.6219227779217413,0.5569436380124929
2023-03-31,花叶类,14.0,15,0.16373452153385695,0.608626077917815,0.496845432589009,0.5357674187829344,0.1712333250014159,0.6415476102351518,0.5553262691876553
2023-04-01,花叶类,14.0,14,0.1318914053872035,0.5419381061521266,0.5007450431447694,0.5234781892425602,0.16373452153385695,0.608626077917815,0.5357674187829344
2023-04-02,花叶类,16.0,16,0.0866421234112954,0.37440326000687063,0.5426122104955257,0.48475846076432816,0.1318914053872035,0.5419381061521266,0.5234781892425602
2023-04-03,花叶类,16.0,17,0.11088194591259685,0.48971916238434465,0.5441131232603592,0.505352767546483,0.0866421234112954,0.37440326000687063,0.48475846076432816
2023-04-04,花叶类,14.0,14,0.13326397813316052,0.5554101416615063,0.4837317610464345,0.5173320453390261,0.11088194591259685,0.48971916238434465,0.505352767546483
2023-04-05,花叶类,15.0,15,0.1449483000846122,0.5559081226539939,0.5054103439448953,0.501581778858428,0.13326397813316052,0.5554101416615063,0.5173320453390261
2023-04-06,花叶类,13.0,13,0.17092469471983773,0.6290695489489637,0.4854283159511694,0.5169577332203519,0.1449483000846122,0.5559081226539939,0.501581778858428
2023-04-07,花叶类,14.0,14,0.15181875799404676,0.5757348329854935,0.4865958866460007,0.5376764816248532,0.17092469471983773,0.6290695489489637,0.5169577332203519
2023-04-08,花叶类,15.0,16,0.15043241255179168,0.5661931233271567,0.49005934437665777,0.543376992596032,0.15181875799404676,0.5757348329854935,0.5376764816248532
2023-04-09,花叶类,14.0,14,0.13777723830417038,0.5477344769718441,0.4911023330572305,0.5120287773337154,0.15043241255179168,0.5661931233271567,0.543376992596032
2023-04-10,花叶类,12.0,12,0.18146950998739847,0.6575702778234422,0.4846093982566322,0.5312503387909386,0.13777723830417038,0.5477344769718441,0.5120287773337154
2023-04-11,花叶类,13.0,14,0.14378481003819218,0.5618259342864308,0.49970500968379716,0.5067161982089304,0.18146950998739847,0.6575702778234422,0.5312503387909386
2023-04-12,花叶类,12.0,13,0.12407603850250536,0.509741153442282,0.4859229192983426,0.5160973133035568,0.14378481003819218,0.5618259342864308,0.5067161982089304
2023-04-13,花叶类,14.0,14,0.12325019817724144,0.4888780249327793,0.4377474225574562,0.5687092856342376,0.12407603850250536,0.509741153442282,0.5160973133035568
2023-04-14,花叶类,10.0,10,0.16372043516224197,0.5953677742327069,0.4497899063993053,0.5553527688793263,0.12325019817724144,0.4888780249327793,0.5687092856342376
2023-04-15,花叶类,13.0,13,0.14420892609943686,0.5538071579575166,0.475483658141138,0.5439069191841913,0.16372043516224197,0.5953677742327069,0.5553527688793263
2023-04-16,花叶类,17.0,17,0.11735976391218032,0.5079473789344521,0.5018871040009785,0.5092128665058705,0.14420892609943686,0.5538071579575166,0.5439069191841913
2023-04-17,花叶类,15.0,15,0.13906356419519453,0.5706466111877531,0.49366941722467855,0.5578442069723062,0.11735976391218032,0.5079473789344521,0.5092128665058705
2023-04-18,花叶类,14.0,16,0.14399096359176555,0.5600948866631522,0.5101463537699177,0.5412197907992926,0.13906356419519453,0.5706466111877531,0.5578442069723062
2023-04-19,花叶类,14.0,15,0.1314494717130406,0.5276795488733648,0.5169800197574336,0.5024156276478318,0.14399096359176555,0.5600948866631522,0.5412197907992926
2023-04-20,花叶类,16.0,16,0.1142217361521625,0.5035129258274946,0.5186839816487576,0.5212789644861466,0.1314494717130406,0.5276795488733648,0.5024156276478318
2023-04-21,花叶类,16.0,17,0.12817494820735792,0.5245363566016276,0.5394773401381838,0.49696807500390516,0.1142217361521625,0.5035129258274946,0.5212789644861466
2023-04-22,花叶类,15.0,15,0.10791246462356358,0.44646695813793513,0.4997115868874059,0.5002884131125942,0.12817494820735792,0.5245363566016276,0.49696807500390516
2023-04-23,花叶类,14.0,14,0.14265895061773096,0.5544466622310934,0.5020506728180019,0.5372344374610725,0.10791246462356358,0.44646695813793513,0.5002884131125942
2023-04-24,花叶类,11.0,12,0.13285842835814957,0.5417181887770124,0.47298454144549895,0.527015458554501,0.14265895061773096,0.5544466622310934,0.5372344374610725
2023-04-25,花叶类,12.0,12,0.1430181556990928,0.5890128555480219,0.4977650521306083,0.5253543489927728,0.13285842835814957,0.5417181887770124,0.527015458554501
2023-04-26,花叶类,13.0,13,0.12453496857606927,0.52191241360768,0.49942147977437307,0.5206518611763808,0.1430181556990928,0.5890128555480219,0.5253543489927728
2023-04-27,花叶类,13.0,13,0.1172282640722657,0.5049135569290035,0.4764616752163304,0.5333742349660753,0.12453496857606927,0.52191241360768,0.5206518611763808
2023-04-28,花叶类,13.0,13,0.13856738597387716,0.57113719768645,0.4861375446772932,0.5171335345344886,0.1172282640722657,0.5049135569290035,0.5333742349660753
2023-04-29,花叶类,13.0,13,0.11504256213007713,0.46540896993851355,0.5226610413872929,0.4773389586127071,0.13856738597387716,0.57113719768645,0.5171335345344886
2023-04-30,花叶类,13.0,13,0.10819840613211457,0.4589261128958238,0.5245037891643534,0.4754962108356466,0.11504256213007713,0.46540896993851355,0.4773389586127071
2023-05-01,花叶类,14.0,14,0.14097857600552205,0.5284262223741879,0.526581087522555,0.49169010308186,0.10819840613211457,0.4589261128958238,0.4754962108356466
2023-05-02,花叶类,14.0,14,0.11643597648338351,0.4828991919861194,0.5279110809628613,0.4720889190371387,0.14097857600552205,0.5284262223741879,0.49169010308186
2023-05-03,花叶类,14.0,14,0.1212736034086247,0.49714662901163914,0.5458581123110493,0.470917137269495,0.11643597648338351,0.4828991919861194,0.4720889190371387
2023-05-04,花叶类,10.0,11,0.13970140530011882,0.5349171800641901,0.4945573089799551,0.5955196546319224,0.1212736034086247,0.49714662901163914,0.470917137269495
2023-05-05,花叶类,13.0,13,0.11475766609311079,0.4635742034308072,0.4745218674531232,0.5639372675749141,0.13970140530011882,0.5349171800641901,0.5955196546319224
2023-05-06,花叶类,15.0,15,0.11385050971678509,0.46658330378305746,0.5141931389192488,0.49991313799032,0.11475766609311079,0.4635742034308072,0.5639372675749141
2023-05-07,花叶类,15.0,15,0.11618188913112351,0.4698204431688108,0.4934102372590911,0.506589762740909,0.11385050971678509,0.46658330378305746,0.49991313799032
2023-05-08,花叶类,13.0,13,0.11771251835940724,0.4713774534367523,0.4963737668528929,0.5151670037282192,0.11618188913112351,0.4698204431688108,0.506589762740909
2023-05-09,花叶类,12.0,12,0.11855230974972927,0.47564546576095845,0.49761924201090024,0.5307464123045795,0.11771251835940724,0.4713774534367523,0.5151670037282192
2023-05-10,花叶类,13.0,13,0.1261790486046665,0.4798820436683602,0.4863868447451648,0.5136131552548352,0.11855230974972927,0.47564546576095845,0.5307464123045795
2023-05-11,花叶类,13.0,14,0.10757717394346636,0.44429784111639925,0.4457382157583678,0.5542617842416323,0.1261790486046665,0.4798820436683602,0.5136131552548352
2023-05-12,花叶类,12.0,12,0.14396933256394231,0.5035824869489776,0.4456109732188444,0.560766316919744,0.10757717394346636,0.44429784111639925,0.5542617842416323
2023-05-13,花叶类,16.0,16,0.11637500421432442,0.4418717540822533,0.4860329669335111,0.553027878712765,0.14396933256394231,0.5035824869489776,0.560766316919744
2023-05-14,花叶类,14.0,14,0.10382049653276268,0.41921287497122295,0.4523450571508143,0.5525307833141233,0.11637500421432442,0.4418717540822533,0.553027878712765
2023-05-15,花叶类,16.0,16,0.13964909402621412,0.5330198994095778,0.4522939531679968,0.5672360878952563,0.10382049653276268,0.41921287497122295,0.5525307833141233
2023-05-16,花叶类,15.0,15,0.13741868530461535,0.5197753307565656,0.45423177957225935,0.558307937914337,0.13964909402621412,0.5330198994095778,0.5672360878952563
2023-05-17,花叶类,14.0,14,0.11804441555619427,0.5054460027052039,0.4585480199390157,0.5460480275530936,0.13741868530461535,0.5197753307565656,0.558307937914337
2023-05-18,花叶类,15.0,15,0.11946313898353782,0.46944781028215343,0.4704847668608092,0.5295152331391908,0.11804441555619427,0.5054460027052039,0.5460480275530936
2023-05-19,花叶类,13.0,13,0.15582918975741447,0.5193897483659862,0.4611165282814821,0.5459858567602698,0.11946313898353782,0.46944781028215343,0.5295152331391908
2023-05-20,花叶类,12.0,12,0.12964657473555485,0.5205111553084115,0.4483150321248307,0.5574425609555844,0.15582918975741447,0.5193897483659862,0.5459858567602698
2023-05-21,花叶类,13.0,13,0.11893035298984267,0.47828188803061006,0.4641990985712852,0.5534504581783518,0.12964657473555485,0.5205111553084115,0.5574425609555844
2023-05-22,花叶类,12.0,12,0.13380021457079525,0.5417801560029984,0.45343825297863527,0.5662605316837694,0.11893035298984267,0.47828188803061006,0.5534504581783518
2023-05-23,花叶类,10.0,10,0.1667054738940972,0.6280997128687027,0.36448530803452506,0.6462952818940964,0.13380021457079525,0.5417801560029984,0.5662605316837694
2023-05-24,花叶类,12.0,12,0.1528368360008646,0.5617708074018753,0.45702180436654066,0.5826560040984176,0.1667054738940972,0.6280997128687027,0.6462952818940964
2023-05-25,花叶类,10.0,11,0.16665081523664715,0.6158153648108133,0.3529984087228397,0.6470015912771603,0.1528368360008646,0.5617708074018753,0.5826560040984176
2023-05-26,花叶类,15.0,16,0.0975945123255721,0.4006289646274594,0.4779561126705531,0.5305101031125146,0.16665081523664715,0.6158153648108133,0.6470015912771603
2023-05-27,花叶类,15.0,15,0.10619144879452791,0.4439604306036723,0.4803840910992119,0.5262628270698327,0.0975945123255721,0.4006289646274594,0.5305101031125146
2023-05-28,花叶类,15.0,15,0.11156843948947859,0.47277566993107,0.4877023636342981,0.5122976363657019,0.10619144879452791,0.4439604306036723,0.5262628270698327
2023-05-29,花叶类,16.0,16,0.10237091317275396,0.43739253717836557,0.4939918906405844,0.5171934657569723,0.11156843948947859,0.47277566993107,0.5122976363657019
2023-05-30,花叶类,14.0,14,0.11248817892021404,0.4393574955133408,0.4812233696704146,0.5187766303295854,0.10237091317275396,0.43739253717836557,0.5171934657569723
2023-05-31,花叶类,13.0,13,0.12207125790168798,0.48823723822972687,0.479117600373613,0.520882399626387,0.11248817892021404,0.4393574955133408,0.5187766303295854
2023-06-01,花叶类,12.0,13,0.11569506798245784,0.4662047716604023,0.47982457656265126,0.5201754234373487,0.12207125790168798,0.48823723822972687,0.520882399626387
2023-06-02,花叶类,13.0,13,0.11854045704181339,0.45713948744987587,0.4815504023405158,0.5312323975431689,0.11569506798245784,0.4662047716604023,0.5201754234373487
2023-06-03,花叶类,15.0,15,0.10907018039425849,0.4503144778578886,0.5200708254867098,0.5193394535644382,0.11854045704181339,0.45713948744987587,0.5312323975431689
2023-06-04,花叶类,15.0,15,0.14860650264668182,0.5216484089723527,0.5220758387299801,0.52181832561185,0.10907018039425849,0.4503144778578886,0.5193394535644382
2023-06-05,花叶类,16.0,16,0.08717136569966585,0.3726069270754559,0.5242795947455048,0.529027709549291,0.14860650264668182,0.5216484089723527,0.52181832561185
2023-06-06,花叶类,13.0,14,0.1323645209558825,0.5278863284772679,0.4887720821385825,0.5112279178614175,0.08717136569966585,0.3726069270754559,0.529027709549291
2023-06-07,花叶类,15.0,15,0.13594189987561633,0.5252314123618991,0.504031671098267,0.5006243898796154,0.1323645209558825,0.5278863284772679,0.5112279178614175
2023-06-08,花叶类,14.0,14,0.1490291271510458,0.567228247450094,0.4977166734648256,0.5144303180763504,0.13594189987561633,0.5252314123618991,0.5006243898796154
2023-06-09,花叶类,15.0,15,0.12272806830925326,0.4905560036517377,0.4938602300076624,0.5511670643620922,0.1490291271510458,0.567228247450094,0.5144303180763504
2023-06-10,花叶类,16.0,16,0.15545684830033824,0.5539524601831645,0.49538226154156556,0.5487309131437107,0.12272806830925326,0.4905560036517377,0.5511670643620922
2023-06-11,花叶类,14.0,14,0.13017551847580874,0.4882546754875885,0.4977273801435907,0.5415417116963007,0.15545684830033824,0.5539524601831645,0.5487309131437107
2023-06-12,花叶类,14.0,14,0.15496959786619494,0.5764175955754484,0.500381852305129,0.5643530754126714,0.13017551847580874,0.4882546754875885,0.5415417116963007
2023-06-13,花叶类,14.0,15,0.1227840435235938,0.5065193947910198,0.5148596052725403,0.502875757828131,0.15496959786619494,0.5764175955754484,0.5643530754126714
2023-06-14,花叶类,14.0,15,0.1382668895646145,0.5475902874457456,0.5174138052087354,0.5094437327098593,0.1227840435235938,0.5065193947910198,0.502875757828131
2023-06-15,花叶类,13.0,14,0.12573128777045312,0.47327943206468154,0.5066126651174587,0.5295257735494677,0.1382668895646145,0.5475902874457456,0.5094437327098593
2023-06-16,花叶类,14.0,15,0.14450407488409409,0.5519600307455803,0.5453618003837805,0.5362573291976139,0.12573128777045312,0.47327943206468154,0.5295257735494677
2023-06-17,花叶类,15.0,17,0.09326263608751531,0.39972751570689713,0.5713321646847526,0.5328920667026165,0.14450407488409409,0.5519600307455803,0.5362573291976139
2023-06-18,花叶类,15.0,16,0.12378397400839364,0.46710428413168203,0.5492010055360882,0.4887266066923461,0.09326263608751531,0.39972751570689713,0.5328920667026165
2023-06-19,花叶类,15.0,15,0.10078408943021226,0.41519841711706307,0.5268259714257143,0.48680186458715896,0.12378397400839364,0.46710428413168203,0.4887266066923461
2023-06-20,花叶类,14.0,14,0.11294385106458588,0.44390141938566274,0.5554982705332318,0.48817476476761357,0.10078408943021226,0.41519841711706307,0.48680186458715896
2023-06-21,花叶类,15.0,16,0.12582204467608324,0.49780001319049905,0.5620938047375071,0.5402975523894795,0.11294385106458588,0.44390141938566274,0.48817476476761357
2023-06-22,花叶类,15.0,15,0.107190938301943,0.45337026214166753,0.5704471709479276,0.4739413324942346,0.12582204467608324,0.49780001319049905,0.5402975523894795
2023-06-23,花叶类,13.0,13,0.13585525827459138,0.5143009655601127,0.5181796561846083,0.5166610719706484,0.107190938301943,0.45337026214166753,0.4739413324942346
2023-06-24,花叶类,14.0,14,0.17087711430041597,0.6107421448832642,0.5528001733936004,0.5280274537049205,0.13585525827459138,0.5143009655601127,0.5166610719706484
2023-06-25,花叶类,13.0,13,0.1430237540208442,0.5681893167984527,0.5283339553699377,0.5321160519021176,0.17087711430041597,0.6107421448832642,0.5280274537049205
2023-06-26,花叶类,14.0,14,0.10703856937815558,0.42989612520705295,0.548346860769154,0.6305436032858983,0.1430237540208442,0.5681893167984527,0.5321160519021176
2023-06-27,花叶类,15.0,16,0.12183411426727121,0.48120078102588304,0.6012582493354677,0.48006286797580655,0.10703856937815558,0.42989612520705295,0.6305436032858983
2023-06-28,花叶类,12.0,12,0.14971165015964746,0.549602787456446,0.5398117439206812,0.4760983981146855,0.12183411426727121,0.48120078102588304,0.48006286797580655
2023-06-29,花叶类,12.0,13,0.1230981750156403,0.5082263760875183,0.5650630552622938,0.4512980579352031,0.14971165015964746,0.549602787456446,0.4760983981146855
2023-06-30,花叶类,12.0,12,0.15056636839715046,0.5818623859321921,0.5303468512632452,0.5064180733059654,0.1230981750156403,0.5082263760875183,0.4512980579352031
2020-07-01,花菜类,2.0,2,0.6183568957480066,1.0,0.0,,,,
2020-07-02,花菜类,2.0,2,0.5685855448131962,1.0,1.0,0.05808312975572072,0.6183568957480066,1.0,
2020-07-03,花菜类,2.0,2,0.5332108605670123,1.0,1.0,0.08636223469766494,0.5685855448131962,1.0,0.05808312975572072
2020-07-04,花菜类,2.0,2,0.6449332097702312,1.0,1.0,0.08127405917985696,0.5332108605670123,1.0,0.08636223469766494
2020-07-05,花菜类,2.0,2,0.6390659908907073,1.0,1.0,0.05180226791974152,0.6449332097702312,1.0,0.08127405917985696
2020-07-06,花菜类,2.0,2,0.5090984711769052,1.0,1.0,0.1562070428801464,0.6390659908907073,1.0,0.05180226791974152
2020-07-07,花菜类,2.0,2,0.500029432084807,1.0,1.0,0.19676906927841353,0.5090984711769052,1.0,0.1562070428801464
2020-07-08,花菜类,2.0,2,0.5035885830124271,0.9999999999999999,1.0,0.1311526913006593,0.500029432084807,1.0,0.19676906927841353
2020-07-09,花菜类,2.0,2,0.5254468375241741,1.0,1.0,0.044937046849466894,0.5035885830124271,0.9999999999999999,0.1311526913006593
2020-07-10,花菜类,2.0,2,0.5037745703174223,1.0,1.0,0.19676495897905377,0.5254468375241741,1.0,0.044937046849466894
2020-07-11,花菜类,2.0,2,0.5006882854313167,1.0,1.0,0.14824132824021244,0.5037745703174223,1.0,0.19676495897905377
2020-07-12,花菜类,2.0,2,0.512436047496266,1.0,1.0,0.031977951581009856,0.5006882854313167,1.0,0.14824132824021244
2020-07-13,花菜类,2.0,2,0.500839011969549,1.0,1.0,0.08699179957717823,0.512436047496266,1.0,0.031977951581009856
2020-07-14,花菜类,2.0,2,0.5010713906472927,1.0,1.0,0.12663810636641143,0.500839011969549,1.0,0.08699179957717823
2020-07-15,花菜类,2.0,2,0.500234699455409,1.0,1.0,0.10461497859179805,0.5010713906472927,1.0,0.12663810636641143
2020-07-16,花菜类,2.0,2,0.5318691844088308,1.0,1.0,0.03747468640964591,0.500234699455409,1.0,0.10461497859179805
2020-07-17,花菜类,2.0,2,0.5043818234526326,0.9999999999999999,1.0,0.04368687899746712,0.5318691844088308,1.0,0.03747468640964591
2020-07-18,花菜类,2.0,2,0.5067822215154407,1.0,1.0,0.030088926821830786,0.5043818234526326,0.9999999999999999,0.04368687899746712
2020-07-19,花菜类,2.0,2,0.5133367088918621,1.0,1.0,0.004850198803191291,0.5067822215154407,1.0,0.030088926821830786
2020-07-20,花菜类,2.0,2,0.5335034058157596,0.9999999999999999,1.0,0.2155808261132325,0.5133367088918621,1.0,0.004850198803191291
2020-07-21,花菜类,2.0,2,0.5117377803445342,0.9999999999999999,1.0,0.1532494496439398,0.5335034058157596,0.9999999999999999,0.2155808261132325
2020-07-22,花菜类,2.0,2,0.5004523557029441,1.0,1.0,0.08485670964146244,0.5117377803445342,0.9999999999999999,0.1532494496439398
2020-07-23,花菜类,2.0,2,0.5005469070125955,1.0,1.0,0.08243390777020129,0.5004523557029441,1.0,0.08485670964146244
2020-07-24,花菜类,2.0,2,0.5002646657243008,1.0,1.0,0.07466142949488264,0.5005469070125955,1.0,0.08243390777020129
2020-07-25,花菜类,2.0,2,0.5005934288736191,1.0,1.0,0.043653900774772686,0.5002646657243008,1.0,0.07466142949488264
2020-07-26,花菜类,2.0,2,0.5062350271595025,1.0,1.0,0.003204619511812945,0.5005934288736191,1.0,0.043653900774772686
2020-07-27,花菜类,2.0,2,0.5000595420561006,1.0,1.0,0.06435278427343652,0.5062350271595025,1.0,0.003204619511812945
2020-07-28,花菜类,2.0,2,0.50192470937022,1.0,1.0,0.08801022592134425,0.5000595420561006,1.0,0.06435278427343652
2020-07-29,花菜类,2.0,2,0.5177966526895292,1.0,1.0,0.03955370427696228,0.50192470937022,1.0,0.08801022592134425
2020-07-30,花菜类,2.0,2,0.5097949873670827,1.0,1.0,0.12588109774734632,0.5177966526895292,1.0,0.03955370427696228
2020-07-31,花菜类,2.0,2,0.5098718717188413,1.0,1.0,0.12318604196448121,0.5097949873670827,1.0,0.12588109774734632
2020-08-01,花菜类,2.0,2,0.5026774717600168,1.0,1.0,0.01311603869897593,0.5098718717188413,1.0,0.12318604196448121
2020-08-02,花菜类,2.0,2,0.505224119076388,1.0,1.0,0.0018578497868515509,0.5026774717600168,1.0,0.01311603869897593
2020-08-03,花菜类,2.0,2,0.5003143880003948,1.0,1.0,0.03677331141562251,0.505224119076388,1.0,0.0018578497868515509
2020-08-04,花菜类,2.0,2,0.5008424399963188,0.9999999999999999,1.0,0.06878374668605497,0.5003143880003948,1.0,0.03677331141562251
2020-08-05,花菜类,2.0,2,0.5328118088156832,1.0,1.0,0.17443002506053554,0.5008424399963188,0.9999999999999999,0.06878374668605497
2020-08-06,花菜类,2.0,2,0.599437878745755,1.0,1.0,0.26468900339114815,0.5328118088156832,1.0,0.17443002506053554
2020-08-07,花菜类,2.0,2,0.5006392762824237,1.0,1.0,0.053171087329015765,0.599437878745755,1.0,0.26468900339114815
2020-08-08,花菜类,2.0,2,0.5064710080735578,1.0,1.0,0.09093195730963463,0.5006392762824237,1.0,0.053171087329015765
2020-08-09,花菜类,2.0,2,0.5491089895928006,1.0,1.0,0.1256159174831394,0.5064710080735578,1.0,0.09093195730963463
2020-08-10,花菜类,2.0,2,0.5062358235200293,1.0,1.0,0.021002641619342205,0.5491089895928006,1.0,0.1256159174831394
2020-08-11,花菜类,2.0,2,0.5003866392538929,1.0,1.0,0.049303703709004276,0.5062358235200293,1.0,0.021002641619342205
2020-08-12,花菜类,2.0,2,0.5009840081159249,1.0,1.0,0.01179111689791068,0.5003866392538929,1.0,0.049303703709004276
2020-08-13,花菜类,2.0,2,0.5004717187998277,0.9999999999999999,1.0,0.04903392969838252,0.5009840081159249,1.0,0.01179111689791068
2020-08-14,花菜类,2.0,2,0.5064003926063539,1.0,1.0,0.08910629656274263,0.5004717187998277,0.9999999999999999,0.04903392969838252
2020-08-15,花菜类,2.0,2,0.7958430799136749,1.0,1.0,0.41465590996951773,0.5064003926063539,1.0,0.08910629656274263
2020-08-16,花菜类,2.0,2,0.5021081693201177,1.0,1.0,0.017520000965069005,0.7958430799136749,1.0,0.41465590996951773
2020-08-17,花菜类,2.0,2,0.5020172767760757,1.0,1.0,0.04717692482016439,0.5021081693201177,1.0,0.017520000965069005
2020-08-18,花菜类,2.0,2,0.5022967519765617,1.0,1.0,0.048240060765719295,0.5020172767760757,1.0,0.04717692482016439
2020-08-19,花菜类,2.0,2,0.5265325341176879,1.0,1.0,0.10197618836726666,0.5022967519765617,1.0,0.048240060765719295
2020-08-20,花菜类,2.0,2,0.501666162824239,1.0,1.0,0.012950827785493668,0.5265325341176879,1.0,0.10197618836726666
2020-08-21,花菜类,2.0,2,0.5024719457736176,1.0,1.0,0.018880819698033235,0.501666162824239,1.0,0.012950827785493668
2020-08-22,花菜类,2.0,2,0.5009593714242199,1.0,1.0,0.005252677282562318,0.5024719457736176,1.0,0.018880819698033235
2020-08-23,花菜类,2.0,2,0.5089508594938194,1.0,1.0,0.050136121640511455,0.5009593714242199,1.0,0.005252677282562318
2020-08-24,花菜类,2.0,2,0.5000094862104385,1.0,1.0,0.015934191893518634,0.5089508594938194,1.0,0.050136121640511455
2020-08-25,花菜类,2.0,2,0.5002533028698493,1.0,1.0,0.0066115303686596905,0.5000094862104385,1.0,0.015934191893518634
2020-08-26,花菜类,2.0,2,0.5302888972442319,1.0,1.0,0.10531221482197889,0.5002533028698493,1.0,0.0066115303686596905
2020-08-27,花菜类,2.0,2,0.5767051512288363,1.0,1.0,0.17572335933737127,0.5302888972442319,1.0,0.10531221482197889
2020-08-28,花菜类,2.0,2,0.5117532516363942,1.0,1.0,0.10080103989137867,0.5767051512288363,1.0,0.17572335933737127
2020-08-29,花菜类,2.0,2,0.5095613636620996,1.0,1.0,0.04638048260357669,0.5117532516363942,1.0,0.10080103989137867
2020-08-30,花菜类,2.0,2,0.5011985772631402,1.0,1.0,0.0008324246943127167,0.5095613636620996,1.0,0.04638048260357669
2020-08-31,花菜类,2.0,2,0.5000034623507777,1.0,1.0,0.02498570355709251,0.5011985772631402,1.0,0.0008324246943127167
2020-09-01,花菜类,2.0,2,0.5026233183541176,1.0,1.0,0.012986624662366913,0.5000034623507777,1.0,0.02498570355709251
2020-09-02,花菜类,2.0,2,0.5038515522249114,1.0,1.0,0.020424261337761596,0.5026233183541176,1.0,0.012986624662366913
2020-09-03,花菜类,2.0,2,0.5005457998003099,0.9999999999999999,1.0,0.040225904709969645,0.5038515522249114,1.0,0.020424261337761596
2020-09-04,花菜类,2.0,2,0.5020933276174517,1.0,1.0,0.05557592900299385,0.5005457998003099,0.9999999999999999,0.040225904709969645
2020-09-05,花菜类,2.0,2,0.5006531098472264,1.0,1.0,0.004365350253085876,0.5020933276174517,1.0,0.05557592900299385
2020-09-06,花菜类,2.0,2,0.5088949047178674,1.0,1.0,0.044328461776228484,0.5006531098472264,1.0,0.004365350253085876
2020-09-07,花菜类,2.0,2,0.5148628051748874,1.0,1.0,0.06315124648499645,0.5088949047178674,1.0,0.044328461776228484
2020-09-08,花菜类,2.0,2,0.5164063268634158,1.0,1.0,0.06703306406509543,0.5148628051748874,1.0,0.06315124648499645
2020-09-09,花菜类,2.0,2,0.506082643976973,1.0,1.0,0.030965927050903452,0.5164063268634158,1.0,0.06703306406509543
2020-09-10,花菜类,2.0,2,0.729966686504431,1.0,1.0,0.3146194882590776,0.506082643976973,1.0,0.030965927050903452
2020-09-11,花菜类,2.0,2,0.5621963691627643,1.0,1.0,0.2054407214471218,0.729966686504431,1.0,0.3146194882590776
2020-09-12,花菜类,2.0,2,0.5876528943559847,1.0,1.0,0.18200103595988032,0.5621963691627643,1.0,0.2054407214471218
2020-09-13,花菜类,2.0,2,0.5712236188954785,1.0,1.0,0.1591844402302597,0.5876528943559847,1.0,0.18200103595988032
2020-09-14,花菜类,2.0,2,0.645432315766969,1.0,1.0,0.23831904553186406,0.5712236188954785,1.0,0.1591844402302597
2020-09-15,花菜类,2.0,2,0.5279807943875255,1.0,1.0,0.08282888299280527,0.645432315766969,1.0,0.23831904553186406
2020-09-16,花菜类,2.0,2,0.6213545821392062,1.0,1.0,0.21021627910434854,0.5279807943875255,1.0,0.08282888299280527
2020-09-17,花菜类,2.0,2,0.5113273193601442,1.0,1.0,0.0362104237649192,0.6213545821392062,1.0,0.21021627910434854
2020-09-18,花菜类,2.0,2,0.5048016816511887,1.0,1.0,0.00964364422610789,0.5113273193601442,1.0,0.0362104237649192
2020-09-19,花菜类,2.0,2,0.5431318628838278,1.0,1.0,0.10742962442631654,0.5048016816511887,1.0,0.00964364422610789
2020-09-20,花菜类,2.0,2,0.5215994457953377,1.0,1.0,0.1453288292750757,0.5431318628838278,1.0,0.10742962442631654
2020-09-21,花菜类,2.0,2,0.5016377811235555,0.9999999999999999,1.0,0.06807676037636984,0.5215994457953377,1.0,0.1453288292750757
2020-09-22,花菜类,2.0,2,0.5437871619945273,1.0,1.0,0.10916582139285416,0.5016377811235555,0.9999999999999999,0.06807676037636984
2020-09-23,花菜类,2.0,2,0.509187729695737,1.0,1.0,0.027883008466049852,0.5437871619945273,1.0,0.10916582139285416
2020-09-24,花菜类,2.0,2,0.5131876938470195,1.0,1.0,0.041090342931912216,0.509187729695737,1.0,0.027883008466049852
2020-09-25,花菜类,2.0,2,0.6593547848831367,1.0,1.0,0.24177353393088272,0.5131876938470195,1.0,0.041090342931912216
2020-09-26,花菜类,2.0,2,0.5207088249396981,1.0,1.0,0.058858153853178025,0.6593547848831367,1.0,0.24177353393088272
2020-09-27,花菜类,2.0,2,0.5122184385475455,1.0,1.0,0.12225338945870953,0.5207088249396981,1.0,0.058858153853178025
2020-09-28,花菜类,2.0,2,0.5008411407470703,1.0,1.0,0.022563752708572693,0.5122184385475455,1.0,0.12225338945870953
2020-09-29,花菜类,2.0,2,0.502939661834998,1.0,1.0,0.004605234213275106,0.5008411407470703,1.0,0.022563752708572693
2020-09-30,花菜类,2.0,2,0.541631771017558,1.0,1.0,0.10136317898595973,0.502939661834998,1.0,0.004605234213275106
2020-10-01,花菜类,2.0,2,0.5691947326400109,1.0,1.0,0.14175276095342568,0.541631771017558,1.0,0.10136317898595973
2020-10-02,花菜类,2.0,2,0.5593340069510737,1.0,1.0,0.12519973941641702,0.5691947326400109,1.0,0.14175276095342568
2020-10-03,花菜类,2.0,2,0.5488909183923764,1.0,1.0,0.1075782740220016,0.5593340069510737,1.0,0.12519973941641702
2020-10-04,花菜类,2.0,2,0.5146058235945227,1.0,1.0,0.035648105526092516,0.5488909183923764,1.0,0.1075782740220016
2020-10-05,花菜类,2.0,2,0.5363424035937898,1.0,1.0,0.18487392767947286,0.5146058235945227,1.0,0.035648105526092516
2020-10-06,花菜类,2.0,2,0.7026665908387071,1.0,1.0,0.3651744312808949,0.5363424035937898,1.0,0.18487392767947286
2020-10-07,花菜类,2.0,2,0.503951858445515,1.0,1.0,0.08313970475439261,0.7026665908387071,1.0,0.3651744312808949
2020-10-08,花菜类,2.0,2,0.5201940951023694,1.0,1.0,0.13830689347740152,0.503951858445515,1.0,0.08313970475439261
2020-10-09,花菜类,2.0,2,0.5539085913558772,1.0,1.0,0.127742251147018,0.5201940951023694,1.0,0.13830689347740152
2020-10-10,花菜类,2.0,2,0.5045192731919692,1.0,1.0,0.08539828226708854,0.5539085913558772,1.0,0.127742251147018
2020-10-11,花菜类,2.0,2,0.5196575067434527,1.0,1.0,0.06191156618204133,0.5045192731919692,1.0,0.08539828226708854
2020-10-12,花菜类,2.0,2,0.5279067343690577,1.0,1.0,0.15608751742597274,0.5196575067434527,1.0,0.06191156618204133
2020-10-13,花菜类,2.0,2,0.5351737632538877,1.0,1.0,0.16951957425854838,0.5279067343690577,1.0,0.15608751742597274
2020-10-14,花菜类,2.0,2,0.5000008521076541,1.0,1.0,0.03470215333143109,0.5351737632538877,1.0,0.16951957425854838
2020-10-15,花菜类,2.0,2,0.5219478376492327,1.0,1.0,0.06972201756176075,0.5000008521076541,1.0,0.03470215333143109
2020-10-16,花菜类,2.0,2,0.5038879033373107,1.0,1.0,0.07991114670645325,0.5219478376492327,1.0,0.06972201756176075
2020-10-17,花菜类,2.0,2,0.6348352839420752,1.0,1.0,0.22501997006494637,0.5038879033373107,1.0,0.07991114670645325
2020-10-18,花菜类,2.0,2,0.6089894491095142,1.0,1.0,0.1943196706601631,0.6348352839420752,1.0,0.22501997006494637
2020-10-19,花菜类,2.0,2,0.5364629810203708,1.0,1.0,0.09270542165442874,0.6089894491095142,1.0,0.1943196706601631
2020-10-20,花菜类,2.0,2,0.5029490126266286,1.0,1.0,0.08166421504995186,0.5364629810203708,1.0,0.09270542165442874
2020-10-21,花菜类,2.0,2,0.5202870539894155,1.0,1.0,0.05789635170797697,0.5029490126266286,1.0,0.08166421504995186
2020-10-22,花菜类,2.0,2,0.5001375544957705,1.0,1.0,0.03493774592359414,0.5202870539894155,1.0,0.05789635170797697
2020-10-23,花菜类,2.0,2,0.5102537635516424,1.0,1.0,0.0285310604268508,0.5001375544957705,1.0,0.03493774592359414
2020-10-24,花菜类,2.0,2,0.5003635885080655,1.0,1.0,0.056672742381661895,0.5102537635516424,1.0,0.0285310604268508
2020-10-25,花菜类,2.0,2,0.5013836284074951,1.0,1.0,0.06918677460625311,0.5003635885080655,1.0,0.056672742381661895
2020-10-26,花菜类,2.0,2,0.5360747738106865,1.0,1.0,0.09193144209653761,0.5013836284074951,1.0,0.06918677460625311
2020-10-27,花菜类,2.0,2,0.888885933348158,1.0,1.0,0.3982329734485236,0.5360747738106865,1.0,0.09193144209653761
2020-10-28,花菜类,2.0,2,0.501572379989468,1.0,1.0,0.01626700944953935,0.888885933348158,1.0,0.3982329734485236
2020-10-29,花菜类,2.0,2,0.5067717093444661,1.0,1.0,0.013965595613322612,0.501572379989468,1.0,0.01626700944953935
2020-10-30,花菜类,2.0,2,0.5378769085164741,1.0,1.0,0.09333581979345065,0.5067717093444661,1.0,0.013965595613322612
2020-10-31,花菜类,2.0,2,0.6098797545181918,1.0,1.0,0.18965737358147533,0.5378769085164741,1.0,0.09333581979345065
2020-11-01,花菜类,2.0,2,0.657476015935696,1.0,1.0,0.23326774858628452,0.6098797545181918,1.0,0.18965737358147533
2020-11-02,花菜类,2.0,2,0.5368137521250458,1.0,1.0,0.08569652603004438,0.657476015935696,1.0,0.23326774858628452
2020-11-03,花菜类,2.0,2,0.6517808258236868,0.9999999999999999,1.0,0.22504955626615442,0.5368137521250458,1.0,0.08569652603004438
2020-11-04,花菜类,2.0,2,0.6573634326628262,1.0,1.0,0.22816503010753342,0.6517808258236868,0.9999999999999999,0.22504955626615442
2020-11-05,花菜类,2.0,2,0.6386664839168827,1.0,1.0,0.20851102207773775,0.6573634326628262,1.0,0.22816503010753342
2020-11-06,花菜类,2.0,2,0.6494470466638926,1.0,1.0,0.33005180427841807,0.6386664839168827,1.0,0.20851102207773775
2020-11-07,花菜类,2.0,2,0.5000045158472127,1.0,1.0,0.053297417986254786,0.6494470466638926,1.0,0.33005180427841807
2020-11-08,花菜类,2.0,2,0.5029856854167353,1.0,1.0,0.012165904939124533,0.5000045158472127,1.0,0.053297417986254786
2020-11-09,花菜类,2.0,2,0.5707102515077442,1.0,1.0,0.1374559895237728,0.5029856854167353,1.0,0.012165904939124533
2020-11-10,花菜类,2.0,2,0.5156194455881673,1.0,1.0,0.14012576188329084,0.5707102515077442,1.0,0.1374559895237728
2020-11-11,花菜类,2.0,2,0.7882235290662252,1.0,1.0,0.32840191798965357,0.5156194455881673,1.0,0.14012576188329084
2020-11-12,花菜类,2.0,2,0.8211467812224067,1.0,1.0,0.3464430284271891,0.7882235290662252,1.0,0.32840191798965357
2020-11-13,花菜类,2.0,2,0.6321722986412603,1.0,1.0,0.2021175792855331,0.8211467812224067,1.0,0.3464430284271891
2020-11-14,花菜类,2.0,2,0.8249734020186348,1.0,1.0,0.34636855026236435,0.6321722986412603,1.0,0.2021175792855331
2020-11-15,花菜类,2.0,2,0.8208396461850196,1.0,1.0,0.3396151102999734,0.8249734020186348,1.0,0.34636855026236435
2020-11-16,花菜类,2.0,2,0.7452015216859094,1.0,1.0,0.2854793812379831,0.8208396461850196,1.0,0.3396151102999734
2020-11-17,花菜类,2.0,2,0.8507494452462754,1.0,1.0,0.35215312483600625,0.7452015216859094,1.0,0.2854793812379831
2020-11-18,花菜类,2.0,2,0.6488724277529563,1.0,1.0,0.20405047760095207,0.8507494452462754,1.0,0.35215312483600625
2020-11-19,花菜类,2.0,2,0.6591060388582735,1.0,1.0,0.2118382305425233,0.6488724277529563,1.0,0.20405047760095207
2020-11-20,花菜类,2.0,2,0.5943985506729079,1.0,1.0,0.14478783497349615,0.6591060388582735,1.0,0.2118382305425233
2020-11-21,花菜类,2.0,2,0.5383055557969657,1.0,1.0,0.0648834002250607,0.5943985506729079,1.0,0.14478783497349615
2020-11-22,花菜类,2.0,2,0.5698726443935327,1.0,1.0,0.1124053502561736,0.5383055557969657,1.0,0.0648834002250607
2020-11-23,花菜类,2.0,2,0.5284328621727289,1.0,1.0,0.042943008379190545,0.5698726443935327,1.0,0.1124053502561736
2020-11-24,花菜类,2.0,2,0.5199265369657892,0.9999999999999999,1.0,0.02310578488760326,0.5284328621727289,1.0,0.042943008379190545
2020-11-25,花菜类,2.0,2,0.5166113679133165,1.0,1.0,0.16802927146061877,0.5199265369657892,0.9999999999999999,0.02310578488760326
2020-11-26,花菜类,2.0,2,0.5141086755683014,0.9999999999999999,1.0,0.007905202953225249,0.5166113679133165,1.0,0.16802927146061877
2020-11-27,花菜类,2.0,2,0.5000000215008461,1.0,1.0,0.07622405059317869,0.5141086755683014,0.9999999999999999,0.007905202953225249
2020-11-28,花菜类,2.0,2,0.5803760655958657,1.0,1.0,0.12463269664315846,0.5000000215008461,1.0,0.07622405059317869
2020-11-29,花菜类,2.0,2,0.6108852699149387,1.0,1.0,0.15836577790516326,0.5803760655958657,1.0,0.12463269664315846
2020-11-30,花菜类,2.0,2,0.5002142806113543,1.0,1.0,0.08899106082446787,0.6108852699149387,1.0,0.15836577790516326
2020-12-01,花菜类,2.0,2,0.5009340839668779,1.0,1.0,0.09979219002534212,0.5002142806113543,1.0,0.08899106082446787
2020-12-02,花菜类,2.0,2,0.5000001203426556,1.0,1.0,0.07810434736416597,0.5009340839668779,1.0,0.09979219002534212
2020-12-03,花菜类,2.0,2,0.5069950283269743,1.0,1.0,0.018481255887953657,0.5000001203426556,1.0,0.07810434736416597
2020-12-04,花菜类,2.0,2,0.5124061223675757,1.0,1.0,0.0012012141076170602,0.5069950283269743,1.0,0.018481255887953657
2020-12-05,花菜类,2.0,2,0.6395586293892295,1.0,1.0,0.1865953639701231,0.5124061223675757,1.0,0.0012012141076170602
2020-12-06,花菜类,2.0,2,0.5131152889938679,1.0,1.0,0.0017665397752394396,0.6395586293892295,1.0,0.1865953639701231
2020-12-07,花菜类,2.0,2,0.5223800087319475,1.0,1.0,0.18501016548888513,0.5131152889938679,1.0,0.0017665397752394396
2020-12-08,花菜类,2.0,2,0.5073449519010422,1.0,1.0,0.017975723423260814,0.5223800087319475,1.0,0.18501016548888513
2020-12-09,花菜类,2.0,2,0.5008467625225359,1.0,1.0,0.05793600451264597,0.5073449519010422,1.0,0.017975723423260814
2020-12-10,花菜类,2.0,2,0.5348231634565449,0.9999999999999999,1.0,0.2103198445836895,0.5008467625225359,1.0,0.05793600451264597
2020-12-11,花菜类,2.0,2,0.5189007960021619,1.0,1.0,0.019361982833001196,0.5348231634565449,0.9999999999999999,0.2103198445836895
2020-12-12,花菜类,2.0,2,0.5698004553385849,1.0,1.0,0.10889381306459436,0.5189007960021619,1.0,0.019361982833001196
2020-12-13,花菜类,2.0,2,0.5082903066454252,1.0,1.0,0.01439042155762535,0.5698004553385849,1.0,0.10889381306459436
2020-12-14,花菜类,2.0,2,0.5119231294537431,1.0,1.0,0.15585121670469038,0.5082903066454252,1.0,0.01439042155762535
2020-12-15,花菜类,2.0,2,0.5504788956775576,1.0,1.0,0.23689951853114707,0.5119231294537431,1.0,0.15585121670469038
2020-12-16,花菜类,2.0,2,0.5436237690093555,1.0,1.0,0.0705830366815906,0.5504788956775576,1.0,0.23689951853114707
2020-12-17,花菜类,2.0,2,0.5386130057624146,1.0,1.0,0.21626746113935244,0.5436237690093555,1.0,0.0705830366815906
2020-12-18,花菜类,2.0,2,0.5011487507634098,1.0,1.0,0.052573328588555374,0.5386130057624146,1.0,0.21626746113935244
2020-12-19,花菜类,2.0,2,0.5152291628775729,1.0,1.0,0.010882947767109158,0.5011487507634098,1.0,0.052573328588555374
2020-12-20,花菜类,2.0,2,0.5247114227456472,1.0,1.0,0.03470227267121759,0.5152291628775729,1.0,0.010882947767109158
2020-12-21,花菜类,2.0,2,0.5010768648875199,1.0,1.0,0.0536042609674619,0.5247114227456472,1.0,0.03470227267121759
2020-12-22,花菜类,2.0,2,0.5414967742685034,1.0,1.0,0.06743134338493728,0.5010768648875199,1.0,0.0536042609674619
2020-12-23,花菜类,2.0,2,0.6773759795994143,1.0,1.0,0.22098543281586042,0.5414967742685034,1.0,0.06743134338493728
2020-12-24,花菜类,2.0,2,0.5450389466565286,1.0,1.0,0.22787390447912137,0.6773759795994143,1.0,0.22098543281586042
2020-12-25,花菜类,2.0,2,0.5004216888489492,1.0,1.0,0.06228653936651496,0.5450389466565286,1.0,0.22787390447912137
2020-12-26,花菜类,2.0,2,0.5025319389261202,1.0,1.0,0.04099246809948956,0.5004216888489492,1.0,0.06228653936651496
2020-12-27,花菜类,2.0,2,0.5011065720073824,1.0,1.0,0.09981033576824297,0.5025319389261202,1.0,0.04099246809948956
2020-12-28,花菜类,2.0,2,0.5226710941930324,1.0,1.0,0.18219626460282617,0.5011065720073824,1.0,0.09981033576824297
2020-12-29,花菜类,2.0,2,0.5017525503878296,1.0,1.0,0.04540581113462458,0.5226710941930324,1.0,0.18219626460282617
2020-12-30,花菜类,2.0,2,0.5001493981068831,0.9999999999999999,1.0,0.083457622323067,0.5017525503878296,1.0,0.04540581113462458
2020-12-31,花菜类,2.0,2,0.5007294307657792,1.0,1.0,0.055400928747291606,0.5001493981068831,0.9999999999999999,0.083457622323067
2021-01-01,花菜类,2.0,2,0.5000460018407978,1.0,1.0,0.07909761956050235,0.5007294307657792,1.0,0.055400928747291606
2021-01-02,花菜类,2.0,2,0.5639110146585773,1.0,1.0,0.2525278373391,0.5000460018407978,1.0,0.07909761956050235
2021-01-03,花菜类,2.0,2,0.5346808095199054,0.9999999999999999,1.0,0.05878169847566547,0.5639110146585773,1.0,0.2525278373391
2021-01-04,花菜类,2.0,2,0.5015392183880713,1.0,1.0,0.045490842757843736,0.5346808095199054,0.9999999999999999,0.05878169847566547
2021-01-05,花菜类,2.0,2,0.5172168782495572,1.0,1.0,0.1659006607796062,0.5015392183880713,1.0,0.045490842757843736
2021-01-06,花菜类,2.0,2,0.5085961415718625,0.9999999999999999,1.0,0.13787374246900455,0.5172168782495572,1.0,0.1659006607796062
2021-01-07,花菜类,2.0,2,0.5013652643264509,1.0,1.0,0.097871938262512,0.5085961415718625,0.9999999999999999,0.13787374246900455
2021-01-08,花菜类,2.0,2,0.5553313380239908,1.0,1.0,0.23766858218236697,0.5013652643264509,1.0,0.097871938262512
2021-01-09,花菜类,2.0,2,0.5105670824068562,1.0,1.0,0.0020959778600079804,0.5553313380239908,1.0,0.23766858218236697
2021-01-10,花菜类,2.0,2,0.534347652600668,1.0,1.0,0.06043911963587004,0.5105670824068562,1.0,0.0020959778600079804
2021-01-11,花菜类,2.0,2,0.5321441517687644,1.0,1.0,0.19777471629636015,0.534347652600668,1.0,0.06043911963587004
2021-01-12,花菜类,2.0,2,0.500505055596655,1.0,1.0,0.05452978973921757,0.5321441517687644,1.0,0.19777471629636015
2021-01-13,花菜类,2.0,2,0.5585104556578334,1.0,1.0,0.10073804275332524,0.500505055596655,1.0,0.05452978973921757
2021-01-14,花菜类,2.0,2,0.5447128702181153,1.0,1.0,0.07896385701576489,0.5585104556578334,1.0,0.10073804275332524
2021-01-15,花菜类,2.0,2,0.501775118732008,1.0,1.0,0.10060502637530638,0.5447128702181153,1.0,0.07896385701576489
2021-01-16,花菜类,2.0,2,0.5056121192073807,0.9999999999999999,1.0,0.01752242991002001,0.501775118732008,1.0,0.10060502637530638
2021-01-17,花菜类,3.0,3,0.47631812533424966,1.0,1.0,0.1367042839472008,0.5056121192073807,0.9999999999999999,0.01752242991002001
2021-01-18,花菜类,2.0,2,0.6312883376412946,0.9999999999999999,0.9998600199991035,0.32621418213078857,0.47631812533424966,1.0,0.1367042839472008
2021-01-19,花菜类,3.0,3,0.4671977041466303,1.0,1.0,0.04612553142367953,0.6312883376412946,0.9999999999999999,0.32621418213078857
2021-01-20,花菜类,3.0,3,0.4760034468356264,1.0,1.0,0.08957532678980218,0.4671977041466303,1.0,0.04612553142367953
2021-01-21,花菜类,3.0,3,0.4833080415821478,1.0,1.0,0.09662629649867843,0.4760034468356264,1.0,0.08957532678980218
2021-01-22,花菜类,2.0,2,0.503227316290227,1.0,0.9995910698565145,0.02868805538105479,0.4833080415821478,1.0,0.09662629649867843
2021-01-23,花菜类,3.0,3,0.5638282822628115,1.0,1.0,0.16547850220081112,0.503227316290227,1.0,0.02868805538105479
2021-01-24,花菜类,3.0,3,0.4731996680524788,1.0,1.0,0.08243770193680004,0.5638282822628115,1.0,0.16547850220081112
2021-01-25,花菜类,2.0,2,0.5058575573708035,0.9999999999999999,0.9992817627770065,0.1234304182295949,0.4731996680524788,1.0,0.08243770193680004
2021-01-26,花菜类,3.0,3,0.5067587283816639,0.9999999999999999,1.0,0.18150782248788944,0.5058575573708035,0.9999999999999999,0.1234304182295949
2021-01-27,花菜类,3.0,3,0.5262372063006938,0.9999999999999999,1.0,0.24127000459558004,0.5067587283816639,0.9999999999999999,0.18150782248788944
2021-01-28,花菜类,2.0,2,0.5005479554522809,1.0,0.9990992678496984,0.08381429326952586,0.5262372063006938,0.9999999999999999,0.24127000459558004
2021-01-29,花菜类,3.0,3,0.5110830649775574,0.9999999999999998,1.0,0.04259438903145141,0.5005479554522809,1.0,0.08381429326952586
2021-01-30,花菜类,2.0,2,0.6481278545694922,1.0,0.9990480588942354,0.2059747662868995,0.5110830649775574,0.9999999999999998,0.04259438903145141
2021-01-31,花菜类,2.0,2,0.5041825280008486,1.0,0.9990535322391956,0.11413384130448327,0.6481278545694922,1.0,0.2059747662868995
2021-02-01,花菜类,2.0,2,0.5035410543699725,1.0,0.9990566331560011,0.025938432369591386,0.5041825280008486,1.0,0.11413384130448327
2021-02-02,花菜类,2.0,2,0.5003166269702627,0.9999999999999998,0.9990585546795135,0.05543945947599653,0.5035410543699725,1.0,0.025938432369591386
2021-02-03,花菜类,2.0,2,0.6268593719953888,1.0,0.9990619600939066,0.18489464696320534,0.5003166269702627,0.9999999999999998,0.05543945947599653
2021-02-04,花菜类,2.0,2,0.5798960085531449,1.0,0.9990692252421729,0.1313867042836136,0.6268593719953888,1.0,0.18489464696320534
2021-02-05,花菜类,2.0,2,0.5843301260866428,1.0,0.9990749353455979,0.13592389793422816,0.5798960085531449,1.0,0.1313867042836136
2021-02-06,花菜类,2.0,2,0.5349032437797119,1.0,0.9990795693793553,0.06197396435276961,0.5843301260866428,1.0,0.13592389793422816
2021-02-07,花菜类,2.0,2,0.5325747097901509,1.0,0.9990856857488404,0.057043765619353974,0.5349032437797119,1.0,0.06197396435276961
2021-02-08,花菜类,2.0,2,0.502122630555125,1.0,0.9990898113274318,0.10439253582762012,0.5325747097901509,1.0,0.057043765619353974
2021-02-09,花菜类,3.0,3,0.505823988607284,1.0,1.0,0.16491018643022293,0.502122630555125,1.0,0.10439253582762012
2021-02-10,花菜类,2.0,2,0.5004064547562337,1.0,0.9989772171243746,0.05445685494695959,0.505823988607284,1.0,0.16491018643022293
2021-02-13,花菜类,1.0,1,1.0,1.0,0.4317472593914456,0.5682527406085545,,,
2021-02-14,花菜类,2.0,2,0.834278292808847,0.9999999999999999,0.9989923793684437,0.3427019439376633,1.0,1.0,0.5682527406085545
2021-02-15,花菜类,2.0,2,0.5004054284443682,1.0,0.9989929038882062,0.08177876671747619,0.834278292808847,0.9999999999999999,0.3427019439376633
2021-02-16,花菜类,2.0,2,0.653428969491042,0.9999999999999999,0.998996013520737,0.21075683641561066,0.5004054284443682,1.0,0.08177876671747619
2021-02-17,花菜类,2.0,2,0.5473365734546595,1.0,0.9989989869658791,0.086838094988655,0.653428969491042,0.9999999999999999,0.21075683641561066
2021-02-18,花菜类,2.0,2,0.5048210971085149,1.0,0.9990015101366824,0.019185243325295545,0.5473365734546595,1.0,0.086838094988655
2021-02-19,花菜类,2.0,2,0.5009405392004078,0.9999999999999999,0.9990059535068321,0.046526284314739146,0.5048210971085149,1.0,0.019185243325295545
2021-02-20,花菜类,2.0,2,0.614027488546439,1.0,0.9990094229050153,0.17174131125717113,0.5009405392004078,0.9999999999999999,0.046526284314739146
2021-02-21,花菜类,2.0,2,0.5567025359535309,1.0,0.9990124774080862,0.10072135214258665,0.614027488546439,1.0,0.17174131125717113
2021-02-22,花菜类,2.0,2,0.5105743072268877,1.0,0.999015085584669,0.004717714941426518,0.5567025359535309,1.0,0.10072135214258665
2021-02-23,花菜类,2.0,2,0.5099387934981722,1.0,0.9990171381753724,0.00250730534484368,0.5105743072268877,1.0,0.004717714941426518
2021-02-24,花菜类,2.0,2,0.5102718390840326,1.0,0.9990185966072873,0.0037336732227329175,0.5099387934981722,1.0,0.00250730534484368
2021-02-25,花菜类,2.0,2,0.5509099768767638,1.0,0.9990214259160362,0.09155326390786493,0.5102718390840326,1.0,0.0037336732227329175
2021-02-26,花菜类,2.0,2,0.5000049297569766,1.0,0.9990242779179178,0.0677217391471569,0.5509099768767638,1.0,0.09155326390786493
2021-02-27,花菜类,2.0,2,0.5111386363611863,1.0,0.9990294308838081,0.0066825070074186445,0.5000049297569766,1.0,0.0677217391471569
2021-02-28,花菜类,2.0,2,0.512617224769498,1.0,0.9990351761673915,0.011404285395956872,0.5111386363611863,1.0,0.0066825070074186445
2021-03-01,花菜类,2.0,2,0.5004106234532337,1.0,0.9990391762514883,0.05472704064474991,0.512617224769498,1.0,0.011404285395956872
2021-03-02,花菜类,2.0,2,0.5882599954243708,1.0,0.9990411559169501,0.14209712305278255,0.5004106234532337,1.0,0.05472704064474991
2021-03-03,花菜类,2.0,2,0.5102542130595714,1.0,0.9990441156921075,0.0031069802771603442,0.5882599954243708,1.0,0.14209712305278255
2021-03-04,花菜类,2.0,2,0.5000076229548656,1.0000000000000002,0.9990454512743212,0.0714519822206037,0.5102542130595714,1.0,0.0031069802771603442
2021-03-05,花菜类,2.0,2,0.5024636167701628,1.0,0.9990464133949795,0.10451199486764762,0.5000076229548656,1.0000000000000002,0.0714519822206037
2021-03-06,花菜类,2.0,2,0.5030300133236354,1.0,0.9990492957038847,0.10797190520873343,0.5024636167701628,1.0,0.10451199486764762
2021-03-07,花菜类,2.0,2,0.5172035833314181,1.0,0.9990542452492505,0.1612048440208829,0.5030300133236354,1.0,0.10797190520873343
2021-03-08,花菜类,2.0,2,0.5789693868174081,1.0,0.999060687999161,0.26601688183610106,0.5172035833314181,1.0,0.1612048440208829
2021-03-09,花菜类,2.0,2,0.5370650312847325,1.0,0.9990639794859861,0.20243292277687633,0.5789693868174081,1.0,0.26601688183610106
2021-03-10,花菜类,2.0,2,0.509704635351186,1.0,0.9990661412563286,0.13527356691234818,0.5370650312847325,1.0,0.20243292277687633
2021-03-11,花菜类,2.0,2,0.526261320161204,0.9999999999999999,0.9990678058589039,0.1799821251663601,0.509704635351186,1.0,0.13527356691234818
2021-03-12,花菜类,2.0,2,0.5059553599302155,1.0,0.9990697734461105,0.0103188000079589,0.526261320161204,0.9999999999999999,0.1799821251663601
2021-03-13,花菜类,2.0,2,0.5099391987663469,1.0,0.9990717884463902,0.1353177400061676,0.5059553599302155,1.0,0.0103188000079589
2021-03-14,花菜类,2.0,2,0.511310255522198,1.0,0.9990744706995847,0.011885464350580046,0.5099391987663469,1.0,0.1353177400061676
2021-03-15,花菜类,2.0,2,0.5111691229130837,1.0,0.9990773397374226,0.01138609853944695,0.511310255522198,1.0,0.011885464350580046
2021-03-16,花菜类,2.0,2,0.5047940017164769,0.9999999999999999,0.999078992039167,0.015258298119483796,0.5111691229130837,1.0,0.01138609853944695
2021-03-17,花菜类,2.0,2,0.5827456613057432,1.0,0.999080172198678,0.14013108360449733,0.5047940017164769,0.9999999999999999,0.015258298119483796
2021-03-18,花菜类,2.0,2,0.5149049929269566,0.9999999999999999,0.9990821262901912,0.15085956293578523,0.5827456613057432,1.0,0.14013108360449733
2021-03-19,花菜类,2.0,2,0.5514491298805788,1.0,0.9990835857865963,0.22451798365857994,0.5149049929269566,0.9999999999999999,0.15085956293578523
2021-03-20,花菜类,2.0,2,0.522244869705149,0.9999999999999999,0.9990862802568945,0.0429587112181536,0.5514491298805788,1.0,0.22451798365857994
2021-03-21,花菜类,2.0,2,0.5669057065234666,1.0,0.9990884638684712,0.2464683657233246,0.522244869705149,0.9999999999999999,0.0429587112181536
2021-03-22,花菜类,2.0,2,0.5042786913452728,1.0,0.9990918920953837,0.10876570133749278,0.5669057065234666,1.0,0.2464683657233246
2021-03-23,花菜类,2.0,2,0.500509446232148,1.0,0.999093842019199,0.04628311194042264,0.5042786913452728,1.0,0.10876570133749278
2021-03-24,花菜类,2.0,2,0.5240728249440015,0.9999999999999999,0.9990955619892075,0.17184289242938655,0.500509446232148,1.0,0.04628311194042264
2021-03-25,花菜类,2.0,2,0.5126236670441164,1.0,0.9990971498628101,0.1411287189556341,0.5240728249440015,0.9999999999999999,0.17184289242938655
2021-03-26,花菜类,2.0,2,0.5121643803656376,0.9999999999999999,0.9990980934008403,0.1393605520657306,0.5126236670441164,1.0,0.1411287189556341
2021-03-27,花菜类,2.0,2,0.5002283083997485,1.0,0.9991013123020569,0.05018179992794718,0.5121643803656376,0.9999999999999999,0.1393605520657306
2021-03-28,花菜类,2.0,2,0.5033935556526369,1.0,0.9991048350985017,0.01947460953924647,0.5002283083997485,1.0,0.05018179992794718
2021-03-29,花菜类,2.0,2,0.51285979764407,1.0,0.9991081715461778,0.14078121357229956,0.5033935556526369,1.0,0.01947460953924647
2021-03-30,花菜类,2.0,2,0.553026373051678,1.0,0.999111906041247,0.10383471233408031,0.51285979764407,1.0,0.14078121357229956
2021-03-31,花菜类,2.0,2,0.5000060533596388,1.0,0.999112895502732,0.05827562111612516,0.553026373051678,1.0,0.10383471233408031
2021-04-01,花菜类,2.0,2,0.5007622451253844,1.0,0.9991142733630103,0.07934974635898115,0.5000060533596388,1.0,0.05827562111612516
2021-04-02,花菜类,2.0,2,0.5987001011848181,1.0,0.9991165793546799,0.2816972016724473,0.5007622451253844,1.0,0.07934974635898115
2021-04-03,花菜类,2.0,2,0.5080158587276442,1.0,0.9991211220576484,0.006184389934125154,0.5987001011848181,1.0,0.2816972016724473
2021-04-04,花菜类,2.0,2,0.5009277475850528,1.0,0.9991250410418602,0.07970083014076951,0.5080158587276442,1.0,0.006184389934125154
2021-04-05,花菜类,2.0,2,0.7291889369539055,1.0,0.9991288414112713,0.2813319472738408,0.5009277475850528,1.0,0.07970083014076951
2021-04-06,花菜类,2.0,2,0.5019406497448621,1.0,0.9991324098852279,0.09055233295862714,0.7291889369539055,1.0,0.2813319472738408
2021-04-07,花菜类,2.0,2,0.5124154496478076,1.0,0.9991327750831152,0.02027692782879355,0.5019406497448621,1.0,0.09055233295862714
2021-04-08,花菜类,2.0,2,0.5342864240438434,1.0,0.9991340130067763,0.07242197184960446,0.5124154496478076,1.0,0.02027692782879355
2021-04-09,花菜类,2.0,2,0.5644121715506719,1.0,0.9991351279893097,0.12079017558870894,0.5342864240438434,1.0,0.07242197184960446
2021-04-10,花菜类,2.0,2,0.5088849927002274,1.0,0.9991380032419377,0.007514260566788325,0.5644121715506719,1.0,0.12079017558870894
2021-04-11,花菜类,2.0,2,0.5042941220541183,1.0,0.9991410163516861,0.1064146150981817,0.5088849927002274,1.0,0.007514260566788325
2021-04-12,花菜类,2.0,2,0.5002534008189996,1.0,0.9991436652996066,0.048516700532754836,0.5042941220541183,1.0,0.1064146150981817
2021-04-13,花菜类,2.0,2,0.5089010172027215,1.0,0.9991452791430062,0.007885152285288837,0.5002534008189996,1.0,0.048516700532754836
2021-04-14,花菜类,2.0,2,0.5189904944189598,1.0,0.9991465295363888,0.03861682151346314,0.5089010172027215,1.0,0.007885152285288837
2021-04-15,花菜类,2.0,2,0.5002220164616084,1.0,0.9991476442411069,0.049307890245524975,0.5189904944189598,1.0,0.03861682151346314
2021-04-16,花菜类,2.0,2,0.553742312533221,1.0,0.9991482074815489,0.22349422563468346,0.5002220164616084,1.0,0.049307890245524975
2021-04-17,花菜类,2.0,2,0.5033978456718724,1.0,0.9991498280685742,0.09997700101011547,0.553742312533221,1.0,0.22349422563468346
2021-04-18,花菜类,2.0,2,0.5005683923252415,1.0,0.9991542922509642,0.07499537030125183,0.5033978456718724,1.0,0.09997700101011547
2021-04-19,花菜类,2.0,2,0.5203651137701351,1.0,0.9991571014196089,0.1587989565542213,0.5005683923252415,1.0,0.07499537030125183
2021-04-20,花菜类,2.0,2,0.5047983698602965,1.0,0.9991582716474681,0.008596631358861552,0.5203651137701351,1.0,0.1587989565542213
2021-04-21,花菜类,2.0,2,0.5242329130083611,0.9999999999999999,0.9991599428181779,0.1676452417622852,0.5047983698602965,1.0,0.008596631358861552
2021-04-22,花菜类,2.0,2,0.5453342889069962,1.0,0.9991628860549076,0.20749988478729384,0.5242329130083611,0.9999999999999999,0.1676452417622852
2021-04-23,花菜类,2.0,2,0.5148981653624738,1.0,0.9991647564159649,0.030716163119351724,0.5453342889069962,1.0,0.20749988478729384
2021-04-24,花菜类,2.0,2,0.5609465578806265,1.0,0.9991672738548512,0.11883516457609092,0.5148981653624738,1.0,0.030716163119351724
2021-04-25,花菜类,2.0,2,0.5769173235139853,1.0,0.9991738127741594,0.13945232529464308,0.5609465578806265,1.0,0.11883516457609092
2021-04-26,花菜类,2.0,2,0.5513205959998997,1.0,0.9991794316058784,0.1026427841336322,0.5769173235139853,1.0,0.13945232529464308
2021-04-27,花菜类,2.0,2,0.6291678092162387,0.9999999999999999,0.9991817615900864,0.19625612441061296,0.5513205959998997,1.0,0.1026427841336322
2021-04-28,花菜类,2.0,2,0.5000704333736259,1.0,0.9991831175054593,0.053140597892308475,0.6291678092162387,0.9999999999999999,0.19625612441061296
2021-04-29,花菜类,2.0,2,0.5008745283841582,0.9999999999999999,0.9991846026554208,0.07985441505616456,0.5000704333736259,1.0,0.053140597892308475
2021-04-30,花菜类,2.0,2,0.507149727406611,1.0,0.999185761520166,0.0019731954356924358,0.5008745283841582,0.9999999999999999,0.07985441505616456
2021-05-01,花菜类,2.0,2,0.526015804483339,1.0,0.9991873186328777,0.05635516084945535,0.507149727406611,1.0,0.0019731954356924358
2021-05-02,花菜类,2.0,2,0.5751783116256909,1.0,0.9991904390465126,0.13596878831748144,0.526015804483339,1.0,0.05635516084945535
2021-05-03,花菜类,2.0,2,0.5816224794660162,1.0,0.9991920569920596,0.14384281908444357,0.5751783116256909,1.0,0.13596878831748144
2021-05-04,花菜类,2.0,2,0.5001095190612632,1.0,0.9991935644701881,0.051847700112359715,0.5816224794660162,1.0,0.14384281908444357
2021-05-05,花菜类,2.0,2,0.5022632683138658,1.0,0.9991951883083847,0.025369650326595855,0.5001095190612632,1.0,0.051847700112359715
2021-05-06,花菜类,2.0,2,0.9292066536866093,1.0,0.999196151856302,0.4048416083434839,0.5022632683138658,1.0,0.025369650326595855
2021-05-07,花菜类,2.0,2,0.5084600851697246,1.0,0.9991960152048405,0.00594401901793235,0.9292066536866093,1.0,0.4048416083434839
2021-05-08,花菜类,2.0,2,0.5009256532646337,1.0,0.999196088235447,0.03842438105697191,0.5084600851697246,1.0,0.00594401901793235
2021-05-09,花菜类,2.0,2,0.5156814704619572,1.0,0.9991970817885106,0.029552050530550822,0.5009256532646337,1.0,0.03842438105697191
2021-05-10,花菜类,2.0,2,0.500060669041649,1.0,0.9991990114340361,0.054401663544946466,0.5156814704619572,1.0,0.029552050530550822
2021-05-11,花菜类,2.0,2,0.5070873927743569,1.0,0.9992000862389203,0.0007999137610796601,0.500060669041649,1.0,0.054401663544946466
2021-05-12,花菜类,2.0,2,0.5428205246033353,1.0,0.9992015750514054,0.08754487983621752,0.5070873927743569,1.0,0.0007999137610796601
2021-05-13,花菜类,2.0,2,0.6225119864085067,1.0,0.9992019836116814,0.18870486616345752,0.5428205246033353,1.0,0.08754487983621752
2021-05-14,花菜类,2.0,2,0.500003534425602,1.0,0.9992023785389228,0.05833347756318795,0.6225119864085067,1.0,0.18870486616345752
2021-05-15,花菜类,2.0,2,0.5372737767440341,1.0,0.9992038396948784,0.07805555573967413,0.500003534425602,1.0,0.05833347756318795
2021-05-16,花菜类,2.0,2,0.5191598664720574,1.0,0.9992054382694839,0.03933561986642757,0.5372737767440341,1.0,0.07805555573967413
2021-05-17,花菜类,2.0,2,0.5055138893288371,0.9999999999999999,0.999207974812053,0.1118459663368642,0.5191598664720574,1.0,0.03933561986642757
2021-05-18,花菜类,2.0,2,0.5737078493415356,1.0,0.999208958310247,0.1337416622503243,0.5055138893288371,0.9999999999999999,0.1118459663368642
2021-05-19,花菜类,2.0,2,0.5669697304107244,1.0,0.999209800687858,0.12462225626491683,0.5737078493415356,1.0,0.1337416622503243
2021-05-20,花菜类,2.0,2,0.5012140472843181,1.0,0.999211109250786,0.0840125119225022,0.5669697304107244,1.0,0.12462225626491683
2021-05-21,花菜类,2.0,2,0.5589881743938144,1.0,0.9992106331886714,0.11334776124364279,0.5012140472843181,1.0,0.0840125119225022
2021-05-22,花菜类,2.0,2,0.680907267020556,1.0,0.9992110362685338,0.24224634318874008,0.5589881743938144,1.0,0.11334776124364279
2021-05-23,花菜类,2.0,2,0.5893939623219826,1.0,0.9992120795583435,0.15236106037799022,0.680907267020556,1.0,0.24224634318874008
2021-05-24,花菜类,2.0,2,0.5207457559330688,1.0,0.9992150078962538,0.162347707930525,0.5893939623219826,1.0,0.15236106037799022
2021-05-25,花菜类,2.0,2,0.5217784113480008,1.0,0.9992168838343168,0.04504960246737548,0.5207457559330688,1.0,0.162347707930525
2021-05-26,花菜类,2.0,2,0.5020015074526972,1.0,0.9992181245957714,0.09180077390479792,0.5217784113480008,1.0,0.04504960246737548
2021-05-27,花菜类,2.0,2,0.5345164617813205,1.0,0.9992204188522713,0.07226656751288792,0.5020015074526972,1.0,0.09180077390479792
2021-05-28,花菜类,2.0,2,0.5589072363887198,1.0,0.9992218659664986,0.1124070660641329,0.5345164617813205,1.0,0.07226656751288792
2021-05-29,花菜类,2.0,2,0.6291404777435194,1.0,0.9992232255450052,0.19469863104835305,0.5589072363887198,1.0,0.1124070660641329
2021-05-30,花菜类,2.0,2,0.5347223613807259,1.0,0.9992256754348408,0.19267990315092715,0.6291404777435194,1.0,0.19469863104835305
2021-05-31,花菜类,2.0,2,0.5655707193811502,1.0,0.999226532805471,0.12118884287298001,0.5347223613807259,1.0,0.19267990315092715
2021-06-01,花菜类,2.0,2,0.5321504757776208,1.0,0.9992284193020674,0.06656939129829532,0.5655707193811502,1.0,0.12118884287298001
2021-06-02,花菜类,2.0,2,0.5145112293263404,1.0,0.9992303939981964,0.14635817048021788,0.5321504757776208,1.0,0.06656939129829532
2021-06-03,花菜类,2.0,2,0.525213998836042,1.0,0.9992324589940513,0.0523112961563455,0.5145112293263404,1.0,0.14635817048021788
2021-06-04,花菜类,2.0,2,0.5436090839674065,1.0,0.9992335058997105,0.08770819319365045,0.525213998836042,1.0,0.0523112961563455
2021-06-05,花菜类,2.0,2,0.5850447517730932,1.0,0.9992343263084464,0.14608743338848518,0.5436090839674065,1.0,0.08770819319365045
2021-06-06,花菜类,2.0,2,0.5149655714426644,0.9999999999999999,0.9992373512927012,0.02572349652478638,0.5850447517730932,1.0,0.14608743338848518
2021-06-07,花菜类,2.0,2,0.5427479893386172,1.0,0.9992392768677352,0.08534629319625009,0.5149655714426644,0.9999999999999999,0.02572349652478638
2021-06-08,花菜类,2.0,2,0.5025303340776872,1.0,0.9992403605580427,0.09733139380634076,0.5427479893386172,1.0,0.08534629319625009
2021-06-09,花菜类,2.0,2,0.517213780912415,1.0,0.9992414624772039,0.03189992996792539,0.5025303340776872,1.0,0.09733139380634076
2021-06-10,花菜类,2.0,2,0.6346957552163937,1.0,0.999242516454603,0.32119081540092814,0.517213780912415,1.0,0.03189992996792539
2021-06-11,花菜类,2.0,2,0.5033700458570668,0.9999999999999999,0.9992423701351989,0.10233891827616083,0.6346957552163937,1.0,0.32119081540092814
2021-06-12,花菜类,2.0,2,0.5800244004726172,0.9999999999999999,0.9992424279639947,0.13965704277500862,0.5033700458570668,0.9999999999999999,0.10233891827616083
2021-06-13,花菜类,2.0,2,0.7101228530293179,1.0,0.9992448371229141,0.2632217086699053,0.5800244004726172,0.9999999999999999,0.13965704277500862
2021-06-14,花菜类,2.0,2,0.6201900561599618,1.0,0.9992477432781643,0.1830685170614799,0.7101228530293179,1.0,0.2632217086699053
2021-06-15,花菜类,2.0,2,0.517983243675728,1.0,0.9992513270680135,0.03187380120471503,0.6201900561599618,1.0,0.1830685170614799
2021-06-16,花菜类,2.0,2,0.5367561830294044,1.0,0.9992533300373987,0.07246193466868253,0.517983243675728,1.0,0.03187380120471503
2021-06-17,花菜类,2.0,2,0.5001392498213868,1.0,0.9992536618242622,0.07226437499995811,0.5367561830294044,1.0,0.07246193466868253
2021-06-18,花菜类,2.0,2,0.5000509452048334,1.0,0.9992539414648434,0.058754252579999965,0.5001392498213868,1.0,0.07226437499995811
2021-06-19,花菜类,2.0,2,0.5221902979488863,1.0,0.9992545567885671,0.042462859568989514,0.5000509452048334,1.0,0.058754252579999965
2021-06-20,花菜类,2.0,2,0.5021141247906779,1.0,0.9992564776383661,0.031238240732066862,0.5221902979488863,1.0,0.042462859568989514
2021-06-21,花菜类,2.0,2,0.5051097131450716,1.0,0.9992584116201013,0.013093877198550288,0.5021141247906779,1.0,0.031238240732066862
2021-06-22,花菜类,2.0,2,0.5000360026170143,1.0,0.9992607129261795,0.05926168924747671,0.5051097131450716,1.0,0.013093877198550288
2021-06-23,花菜类,2.0,2,0.508706430286047,1.0,0.999261542246652,0.12945594199723456,0.5000360026170143,1.0,0.05926168924747671
2021-06-24,花菜类,2.0,2,0.5000098708816776,1.0,0.9992640988883055,0.06522208884671668,0.508706430286047,1.0,0.12945594199723456
2021-06-25,花菜类,2.0,2,0.5019065545378398,1.0,0.9992650467508768,0.09373658074915944,0.5000098708816776,1.0,0.06522208884671668
2021-06-26,花菜类,2.0,2,0.6068230037672147,1.0,0.9992664396811298,0.16919256530390497,0.5019065545378398,1.0,0.09373658074915944
2021-06-27,花菜类,2.0,2,0.5351329842218807,1.0,0.9992696865878985,0.06977464954000673,0.6068230037672147,1.0,0.16919256530390497
2021-06-28,花菜类,2.0,2,0.5157746601325919,1.0,0.9992721262372819,0.025779880664282162,0.5351329842218807,1.0,0.06977464954000673
2021-06-29,花菜类,2.0,2,0.5523835292192866,1.0,0.9992734952438312,0.098727378194637,0.5157746601325919,1.0,0.025779880664282162
2021-06-30,花菜类,2.0,2,0.5231906118716734,1.0,0.9992749296155314,0.0443412027609748,0.5523835292192866,1.0,0.098727378194637
2021-07-01,花菜类,2.0,2,0.5268773350134879,1.0,0.9992755329453156,0.052476258484836225,0.5231906118716734,1.0,0.0443412027609748
2021-07-02,花菜类,2.0,2,0.6342554437840474,0.9999999999999999,0.9992768042389237,0.1954564843374912,0.5268773350134879,1.0,0.052476258484836225
2021-07-03,花菜类,2.0,2,0.58533338027236,1.0,0.999277374232477,0.1426453265839939,0.6342554437840474,0.9999999999999999,0.1954564843374912
2021-07-04,花菜类,2.0,2,0.5621987739453151,1.0,0.9992794812825458,0.1119822225747649,0.58533338027236,1.0,0.1426453265839939
2021-07-05,花菜类,2.0,2,0.5002103482715461,1.0,0.9992811542181705,0.055224139488600096,0.5621987739453151,1.0,0.1119822225747649
2021-07-06,花菜类,2.0,2,0.5751978073827508,1.0,0.9992839018565374,0.1293256629604721,0.5002103482715461,1.0,0.055224139488600096
2021-07-07,花菜类,2.0,2,0.5426284229163736,1.0,0.9992855503809916,0.08100991725131304,0.5751978073827508,1.0,0.1293256629604721
2021-07-08,花菜类,2.0,2,0.5039226923075004,1.0,0.9992871469693522,0.11025598877437826,0.5426284229163736,1.0,0.08100991725131304
2021-07-09,花菜类,2.0,2,0.5162526343395003,1.0,0.9992895231500791,0.0253209037762539,0.5039226923075004,1.0,0.11025598877437826
2021-07-10,花菜类,2.0,2,0.5527608887181579,1.0,0.9992901300165367,0.22796352455284655,0.5162526343395003,1.0,0.0253209037762539
2021-07-11,花菜类,2.0,2,0.8974711481435418,1.0,0.9992913219616122,0.5109231814842321,0.5527608887181579,1.0,0.22796352455284655
2021-07-12,花菜类,2.0,2,0.533669706141109,1.0,0.9992934470259726,0.06689783864299784,0.8974711481435418,1.0,0.5109231814842321
2021-07-13,花菜类,2.0,2,0.578049913421006,1.0,0.9992933168187268,0.261096906069464,0.533669706141109,1.0,0.06689783864299784
2021-07-14,花菜类,2.0,2,0.9102233902077799,1.0,0.9992936915421038,0.5161442450276552,0.578049913421006,1.0,0.261096906069464
2021-07-15,花菜类,2.0,2,0.7601587465201867,1.0,0.9992948980161174,0.42285499502336565,0.9102233902077799,1.0,0.5161442450276552
2021-07-16,花菜类,2.0,2,0.5322918373993618,1.0,0.9992948974132342,0.06592828091116588,0.7601587465201867,1.0,0.42285499502336565
2021-07-17,花菜类,2.0,2,0.5015787677581136,1.0,0.9993089111141444,0.0901388480069775,0.5322918373993618,1.0,0.06592828091116588
2021-07-18,花菜类,2.0,2,0.5041409339860466,1.0,0.9993122824253677,0.01617185773522123,0.5015787677581136,1.0,0.0901388480069775
2021-07-19,花菜类,2.0,2,0.6136144245803237,1.0,0.9993270390345534,0.1774110664520691,0.5041409339860466,1.0,0.01617185773522123
2021-07-20,花菜类,2.0,2,0.7066771298851562,1.0,0.99933599736523,0.2601214935943562,0.6136144245803237,1.0,0.1774110664520691
2021-07-21,花菜类,2.0,2,0.6566786864410203,1.0,0.9993422683179615,0.21777679314044568,0.7066771298851562,1.0,0.2601214935943562
2021-07-22,花菜类,2.0,2,0.6534492262598812,1.0,0.9993442234162533,0.21415620861322782,0.6566786864410203,1.0,0.21777679314044568
2021-07-23,花菜类,2.0,2,0.8296623262064848,1.0,0.999359722943546,0.3427678362761658,0.6534492262598812,1.0,0.21415620861322782
2021-07-24,花菜类,2.0,2,0.8763550654869565,1.0,0.9993746647208444,0.37007574389705433,0.8296623262064848,1.0,0.3427678362761658
2021-07-25,花菜类,2.0,2,0.9632764253322033,1.0,0.9993757248311789,0.4167960153294962,0.8763550654869565,1.0,0.37007574389705433
2021-07-26,花菜类,2.0,2,0.8242949416286298,1.0,0.9993826662810685,0.3369436490787835,0.9632764253322033,1.0,0.4167960153294962
2021-07-27,花菜类,2.0,2,0.9359092081197451,1.0,0.9993953404423301,0.4007615423359655,0.8242949416286298,1.0,0.3369436490787835
2021-07-28,花菜类,2.0,2,0.6046168556741565,1.0,0.9993965962759076,0.16162079904783433,0.9359092081197451,1.0,0.4007615423359655
2021-07-29,花菜类,2.0,2,0.5445346108498692,1.0,0.9994041483471485,0.08157120657278194,0.6046168556741565,1.0,0.16162079904783433
2021-07-30,花菜类,2.0,2,0.6041670616814281,1.0,0.9994051117322471,0.16052949433201436,0.5445346108498692,1.0,0.08157120657278194
2021-07-31,花菜类,2.0,2,0.6573851287452043,1.0,0.999406523186253,0.2123685803908268,0.6041670616814281,1.0,0.16052949433201436
2021-08-01,花菜类,1.0,1,1.0,1.0,0.5687791042273526,0.43122089577264744,0.6573851287452043,1.0,0.2123685803908268
2021-08-02,花菜类,1.0,1,1.0,1.0,0.5690855072852555,0.43091449271474447,1.0,1.0,0.43122089577264744
2021-08-03,花菜类,2.0,2,0.8488204812025659,1.0,0.9994083235201636,0.3486200480157376,1.0,1.0,0.43091449271474447
2021-08-04,花菜类,2.0,2,0.5235578715662272,1.0,0.9994083167054215,0.03953462307302946,0.8488204812025659,1.0,0.3486200480157376
2021-08-05,花菜类,2.0,2,0.5059788042063118,1.0,0.9994082419042118,0.014839254774934085,0.5235578715662272,1.0,0.03953462307302946
2021-08-06,花菜类,2.0,2,0.8583255158664189,1.0,0.9994084477991191,0.35440897377732467,0.5059788042063118,1.0,0.014839254774934085
2021-08-07,花菜类,1.0,1,1.0,1.0,0.5694643165864255,0.43053568341357457,0.8583255158664189,1.0,0.35440897377732467
2021-08-08,花菜类,1.0,1,1.0,1.0,0.5706507660506709,0.4293492339493291,1.0,1.0,0.43053568341357457
2021-08-09,花菜类,1.0,1,1.0,1.0,0.5720466418712584,0.4279533581287416,1.0,1.0,0.4293492339493291
2021-08-10,花菜类,2.0,2,0.8925652940233937,1.0,0.9994145349216363,0.3694840695191062,1.0,1.0,0.4279533581287416
2021-08-11,花菜类,1.0,1,1.0,1.0,0.573784908366629,0.426215091633371,0.8925652940233937,1.0,0.3694840695191062
2021-08-12,花菜类,2.0,2,0.6414772795192375,1.0,0.9994149091974225,0.34036390040263476,1.0,1.0,0.426215091633371
2021-08-13,花菜类,1.0,1,1.0,1.0,0.5736437171664569,0.4263562828335431,0.6414772795192375,1.0,0.34036390040263476
2021-08-14,花菜类,1.0,1,1.0,1.0,0.5737058840838534,0.4262941159161467,1.0,1.0,0.4263562828335431
2021-08-15,花菜类,1.0,1,1.0,1.0,0.574149952163962,0.425850047836038,1.0,1.0,0.4262941159161467
2021-08-16,花菜类,1.0,1,1.0,1.0,0.5743001377788307,0.42569986222116935,1.0,1.0,0.425850047836038
2021-08-17,花菜类,1.0,1,1.0,1.0,0.5744362219463328,0.4255637780536673,1.0,1.0,0.42569986222116935
2021-08-18,花菜类,1.0,2,1.0,1.0,0.5746895416160761,0.4253104583839239,1.0,1.0,0.4255637780536673
2021-08-19,花菜类,1.0,1,1.0,1.0,0.574889191461537,0.42511080853846295,1.0,1.0,0.4253104583839239
2021-08-20,花菜类,2.0,2,0.500191984102045,1.0,0.9994172306728637,0.0658558502523276,1.0,1.0,0.42511080853846295
2021-08-21,花菜类,2.0,2,0.5012840262519862,1.0,0.9994175249926156,0.050258701890342136,0.500191984102045,1.0,0.0658558502523276
2021-08-22,花菜类,1.0,1,1.0,1.0,0.5749813062136324,0.4250186937863676,0.5012840262519862,1.0,0.050258701890342136
2021-08-23,花菜类,1.0,1,1.0,1.0,0.5750230649991431,0.4249769350008569,1.0,1.0,0.4250186937863676
2021-08-24,花菜类,1.0,1,1.0,1.0,0.5751405472243175,0.4248594527756825,1.0,1.0,0.4249769350008569
2021-08-25,花菜类,2.0,2,0.5575765120804166,1.0,0.9994183937243009,0.09432002429307054,1.0,1.0,0.4248594527756825
2021-08-26,花菜类,2.0,2,0.7863629035687427,0.9999999999999999,0.9994184641737085,0.30298571058407026,0.5575765120804166,1.0,0.09432002429307054
2021-08-27,花菜类,2.0,2,0.5481372225803853,1.0,0.9994186371928093,0.07962747372607024,0.7863629035687427,0.9999999999999999,0.30298571058407026
2021-08-28,花菜类,2.0,2,0.8189497552522795,1.0,0.9994187747856136,0.32380564369275333,0.5481372225803853,1.0,0.07962747372607024
2021-08-29,花菜类,2.0,2,0.5632445738811285,1.0,0.9994193438123609,0.10192904381312712,0.8189497552522795,1.0,0.32380564369275333
2021-08-30,花菜类,2.0,2,0.561226658515884,1.0,0.9994199774186829,0.09898564927441866,0.5632445738811285,1.0,0.10192904381312712
2021-08-31,花菜类,2.0,2,0.7904412257686755,1.0,0.9994203323120954,0.4577072043677216,0.561226658515884,1.0,0.09898564927441866
2021-09-01,花菜类,1.0,1,1.0,1.0,0.5758053392941377,0.4241946607058623,0.7904412257686755,1.0,0.4577072043677216
2021-09-02,花菜类,1.0,1,1.0,1.0,0.576045771000599,0.42395422899940105,1.0,1.0,0.4241946607058623
2021-09-03,花菜类,1.0,1,1.0,1.0,0.5768077303005235,0.42319226969947654,1.0,1.0,0.42395422899940105
2021-09-04,花菜类,1.0,1,1.0,1.0,0.5775533162637746,0.4224466837362254,1.0,1.0,0.42319226969947654
2021-09-05,花菜类,2.0,2,0.9705993185020725,1.0,0.9994235684292179,0.4066005048201867,1.0,1.0,0.4224466837362254
2021-09-06,花菜类,1.0,1,1.0,1.0,0.5797600664815821,0.4202399335184179,0.9705993185020725,1.0,0.4066005048201867
2021-09-07,花菜类,1.0,1,1.0,1.0,0.5798753380660633,0.4201246619339367,1.0,1.0,0.4202399335184179
2021-09-08,花菜类,1.0,1,1.0,1.0,0.5799887213104706,0.4200112786895294,1.0,1.0,0.4201246619339367
2021-09-09,花菜类,2.0,2,0.5705071365851141,1.0,0.9994254215407632,0.26840366893589496,1.0,1.0,0.4200112786895294
2021-09-10,花菜类,1.0,1,1.0,1.0,0.5801150060336525,0.4198849939663475,0.5705071365851141,1.0,0.26840366893589496
2021-09-11,花菜类,2.0,2,0.9231388726393748,1.0,0.9994255799149093,0.3797376553098043,1.0,1.0,0.4198849939663475
2021-09-12,花菜类,1.0,1,1.0,1.0,0.5806402705847786,0.41935972941522137,0.9231388726393748,1.0,0.3797376553098043
2021-09-13,花菜类,1.0,1,1.0,1.0,0.5814389883894696,0.4185610116105304,1.0,1.0,0.41935972941522137
2021-09-14,花菜类,1.0,1,1.0,1.0,0.5816973154833635,0.41830268451663655,1.0,1.0,0.4185610116105304
2021-09-15,花菜类,1.0,1,1.0,1.0,0.5820080074963234,0.4179919925036766,1.0,1.0,0.41830268451663655
2021-09-16,花菜类,1.0,1,1.0,1.0,0.5824137997295455,0.41758620027045446,1.0,1.0,0.4179919925036766
2021-09-17,花菜类,1.0,1,1.0,1.0,0.5826448869508732,0.41735511304912676,1.0,1.0,0.41758620027045446
2021-09-18,花菜类,1.0,1,1.0,1.0,0.5830920703452721,0.41690792965472795,1.0,1.0,0.41735511304912676
2021-09-19,花菜类,1.0,1,1.0,1.0,0.5836598970267756,0.41634010297322444,1.0,1.0,0.41690792965472795
2021-09-20,花菜类,2.0,2,0.9868538171554142,1.0,0.9994311199663686,0.4084441781570345,1.0,1.0,0.41634010297322444
2021-09-21,花菜类,1.0,1,1.0,1.0,0.5866599755302129,0.4133400244697871,0.9868538171554142,1.0,0.4084441781570345
2021-09-22,花菜类,1.0,1,1.0,1.0,0.5880475984185484,0.4119524015814517,1.0,1.0,0.4133400244697871
2021-09-23,花菜类,1.0,1,1.0,1.0,0.5890637900724869,0.4109362099275131,1.0,1.0,0.4119524015814517
2021-09-24,花菜类,1.0,1,1.0,1.0,0.5897708634782473,0.41022913652175275,1.0,1.0,0.4109362099275131
2021-09-25,花菜类,1.0,1,1.0,1.0,0.5900123652757278,0.4099876347242722,1.0,1.0,0.41022913652175275
2021-09-26,花菜类,1.0,1,1.0,1.0,0.5912679781088247,0.4087320218911753,1.0,1.0,0.4099876347242722
2021-09-27,花菜类,1.0,1,1.0,1.0,0.5913198708738536,0.4086801291261463,1.0,1.0,0.4087320218911753
2021-09-28,花菜类,2.0,2,0.898131431488925,1.0,0.9994388430587309,0.3546985350220745,1.0,1.0,0.4086801291261463
2021-09-29,花菜类,1.0,1,1.0,1.0,0.5917819494160684,0.40821805058393157,0.898131431488925,1.0,0.3546985350220745
2021-09-30,花菜类,1.0,1,1.0,1.0,0.5925441028981873,0.4074558971018128,1.0,1.0,0.40821805058393157
2021-10-01,花菜类,1.0,1,1.0,1.0,0.5934049611403543,0.40659503885964565,1.0,1.0,0.4074558971018128
2021-10-02,花菜类,1.0,1,1.0,1.0,0.5944459807216224,0.4055540192783776,1.0,1.0,0.40659503885964565
2021-10-03,花菜类,1.0,1,1.0,1.0,0.5950602590615018,0.40493974093849816,1.0,1.0,0.4055540192783776
2021-10-04,花菜类,1.0,1,1.0,1.0,0.595753629852558,0.404246370147442,1.0,1.0,0.40493974093849816
2021-10-05,花菜类,1.0,1,1.0,1.0,0.5967143269425962,0.4032856730574038,1.0,1.0,0.404246370147442
2021-10-06,花菜类,1.0,1,1.0,1.0,0.59790853409721,0.40209146590279,1.0,1.0,0.4032856730574038
2021-10-07,花菜类,1.0,1,1.0,1.0,0.5988654824463523,0.40113451755364776,1.0,1.0,0.40209146590279
2021-10-08,花菜类,1.0,1,1.0,1.0,0.5994397497083628,0.4005602502916372,1.0,1.0,0.40113451755364776
2021-10-09,花菜类,1.0,1,1.0,1.0,0.5999773993187667,0.4000226006812333,1.0,1.0,0.4005602502916372
2021-10-10,花菜类,1.0,1,1.0,1.0,0.600524498728031,0.39947550127196896,1.0,1.0,0.4000226006812333
2021-10-11,花菜类,,1,,,0.0,,1.0,1.0,0.39947550127196896
2021-10-12,花菜类,1.0,1,1.0,1.0,0.601495988194076,0.398504011805924,,,
2021-10-13,花菜类,1.0,1,1.0,1.0,0.6018346436230009,0.39816535637699907,1.0,1.0,0.398504011805924
2021-10-14,花菜类,1.0,1,1.0,1.0,0.6022013885503751,0.397798611449625,1.0,1.0,0.39816535637699907
2021-10-15,花菜类,2.0,2,0.5339671079266526,1.0,0.9994517103967941,0.027738114179484394,1.0,1.0,0.397798611449625
2021-10-16,花菜类,1.0,1,1.0,1.0,0.6026903651558387,0.39730963484416126,0.5339671079266526,1.0,0.027738114179484394
2021-10-17,花菜类,1.0,1,1.0,1.0,0.6033651667518584,0.39663483324814164,1.0,1.0,0.39730963484416126
2021-10-18,花菜类,2.0,2,0.9255463277126061,0.9999999999999999,0.6044261164424144,0.39557388355758555,1.0,1.0,0.39663483324814164
2021-10-19,花菜类,1.0,1,1.0,1.0,0.6068845710429358,0.3931154289570642,0.9255463277126061,0.9999999999999999,0.39557388355758555
2021-10-20,花菜类,1.0,1,1.0,1.0,0.6074294766454329,0.39257052335456705,1.0,1.0,0.3931154289570642
2021-10-21,花菜类,1.0,1,1.0,1.0,0.6080768870304372,0.39192311296956284,1.0,1.0,0.39257052335456705
2021-10-22,花菜类,1.0,1,1.0,1.0,0.6084055187090823,0.3915944812909177,1.0,1.0,0.39192311296956284
2021-10-23,花菜类,1.0,1,1.0,1.0,0.608804459148369,0.391195540851631,1.0,1.0,0.3915944812909177
2021-10-24,花菜类,1.0,1,1.0,1.0,0.6092479059224325,0.39075209407756745,1.0,1.0,0.391195540851631
2021-10-25,花菜类,1.0,1,1.0,1.0,0.6094421178309088,0.39055788216909115,1.0,1.0,0.39075209407756745
2021-10-26,花菜类,1.0,1,1.0,1.0,0.6097242324618106,0.3902757675381894,1.0,1.0,0.39055788216909115
2021-10-27,花菜类,1.0,1,1.0,1.0,0.6101066197024085,0.38989338029759146,1.0,1.0,0.3902757675381894
2021-10-28,花菜类,1.0,1,1.0,1.0,0.610536376047343,0.389463623952657,1.0,1.0,0.38989338029759146
2021-10-29,花菜类,1.0,1,1.0,1.0,0.6107693392424526,0.3892306607575474,1.0,1.0,0.389463623952657
2021-10-30,花菜类,1.0,1,1.0,1.0,0.611092101655677,0.38890789834432304,1.0,1.0,0.3892306607575474
2021-10-31,花菜类,1.0,1,1.0,1.0,0.6114947854539773,0.3885052145460227,1.0,1.0,0.38890789834432304
2021-11-01,花菜类,1.0,1,1.0,1.0,0.612248638064643,0.38775136193535703,1.0,1.0,0.3885052145460227
2021-11-02,花菜类,1.0,1,1.0,1.0,0.6129291768757027,0.3870708231242973,1.0,1.0,0.38775136193535703
2021-11-03,花菜类,1.0,1,1.0,1.0,0.6134386603839533,0.38656133961604666,1.0,1.0,0.3870708231242973
2021-11-04,花菜类,1.0,1,1.0,1.0,0.6141190772850339,0.3858809227149661,1.0,1.0,0.38656133961604666
2021-11-05,花菜类,2.0,2,0.963240684294131,1.0,0.9994265875181043,0.36653785361479735,1.0,1.0,0.3858809227149661
2021-11-06,花菜类,1.0,1,1.0,1.0,0.6155939900170813,0.38440600998291874,0.963240684294131,1.0,0.36653785361479735
2021-11-07,花菜类,1.0,1,1.0,1.0,0.6157430657130827,0.3842569342869173,1.0,1.0,0.38440600998291874
2021-11-08,花菜类,1.0,1,1.0,1.0,0.6159321425116607,0.38406785748833927,1.0,1.0,0.3842569342869173
2021-11-09,花菜类,1.0,1,1.0,1.0,0.6160892246981174,0.38391077530188256,1.0,1.0,0.38406785748833927
2021-11-10,花菜类,1.0,1,1.0,1.0,0.6161780045283016,0.3838219954716984,1.0,1.0,0.38391077530188256
2021-11-11,花菜类,1.0,1,1.0,1.0,0.6163648357947022,0.38363516420529775,1.0,1.0,0.3838219954716984
2021-11-12,花菜类,1.0,1,1.0,1.0,0.6167134433652279,0.38328655663477207,1.0,1.0,0.38363516420529775
2021-11-13,花菜类,1.0,1,1.0,1.0,0.6172430306087605,0.3827569693912395,1.0,1.0,0.38328655663477207
2021-11-14,花菜类,1.0,1,1.0,1.0,0.6178018579484468,0.3821981420515532,1.0,1.0,0.3827569693912395
2021-11-15,花菜类,1.0,1,1.0,1.0,0.6184963594327462,0.3815036405672539,1.0,1.0,0.3821981420515532
2021-11-16,花菜类,1.0,1,1.0,1.0,0.6188083797394478,0.3811916202605522,1.0,1.0,0.3815036405672539
2021-11-17,花菜类,1.0,1,1.0,1.0,0.6191500879245464,0.3808499120754536,1.0,1.0,0.3811916202605522
2021-11-18,花菜类,1.0,1,1.0,1.0,0.6195357258445711,0.38046427415542894,1.0,1.0,0.3808499120754536
2021-11-19,花菜类,1.0,1,1.0,1.0,0.6196465629590957,0.3803534370409043,1.0,1.0,0.38046427415542894
2021-11-20,花菜类,1.0,1,1.0,1.0,0.6198846617107149,0.3801153382892851,1.0,1.0,0.3803534370409043
2021-11-21,花菜类,1.0,1,1.0,1.0,0.6204169393027829,0.37958306069721715,1.0,1.0,0.3801153382892851
2021-11-22,花菜类,1.0,1,1.0,1.0,0.6209137230688349,0.3790862769311652,1.0,1.0,0.37958306069721715
2021-11-23,花菜类,1.0,1,1.0,1.0,0.6213325261836615,0.3786674738163385,1.0,1.0,0.3790862769311652
2021-11-24,花菜类,1.0,1,1.0,1.0,0.6216299417495361,0.3783700582504639,1.0,1.0,0.3786674738163385
2021-11-25,花菜类,1.0,1,1.0,1.0,0.621965203793163,0.378034796206837,1.0,1.0,0.3783700582504639
2021-11-26,花菜类,1.0,1,1.0,1.0,0.6222022822992681,0.37779771770073195,1.0,1.0,0.378034796206837
2021-11-27,花菜类,1.0,1,1.0,1.0,0.6227100190430968,0.3772899809569032,1.0,1.0,0.37779771770073195
2021-11-28,花菜类,1.0,1,1.0,1.0,0.6232626735122544,0.3767373264877456,1.0,1.0,0.3772899809569032
2021-11-29,花菜类,1.0,1,1.0,1.0,0.6238263114460719,0.37617368855392813,1.0,1.0,0.3767373264877456
2021-11-30,花菜类,1.0,1,1.0,1.0,0.6242698856123428,0.37573011438765724,1.0,1.0,0.37617368855392813
2021-12-01,花菜类,1.0,1,1.0,1.0,0.6249137602984988,0.37508623970150123,1.0,1.0,0.37573011438765724
2021-12-02,花菜类,1.0,1,1.0,1.0,0.6253831425424233,0.37461685745757667,1.0,1.0,0.37508623970150123
2021-12-03,花菜类,1.0,1,1.0,1.0,0.6258515870022849,0.374148412997715,1.0,1.0,0.37461685745757667
2021-12-04,花菜类,1.0,1,1.0,1.0,0.6264260728133317,0.37357392718666826,1.0,1.0,0.374148412997715
2021-12-05,花菜类,1.0,1,1.0,1.0,0.626964064103825,0.373035935896175,1.0,1.0,0.37357392718666826
2021-12-06,花菜类,1.0,1,1.0,1.0,0.6276350089109929,0.3723649910890071,1.0,1.0,0.373035935896175
2021-12-07,花菜类,1.0,1,1.0,1.0,0.6280240896221425,0.3719759103778575,1.0,1.0,0.3723649910890071
2021-12-08,花菜类,1.0,1,1.0,1.0,0.6284925583715306,0.3715074416284694,1.0,1.0,0.3719759103778575
2021-12-09,花菜类,1.0,1,1.0,1.0,0.6289198755879541,0.37108012441204585,1.0,1.0,0.3715074416284694
2021-12-10,花菜类,1.0,1,1.0,1.0,0.6292630035411887,0.3707369964588113,1.0,1.0,0.37108012441204585
2021-12-11,花菜类,1.0,1,1.0,1.0,0.629543604594988,0.370456395405012,1.0,1.0,0.3707369964588113
2021-12-12,花菜类,1.0,1,1.0,1.0,0.6302502933977313,0.3697497066022687,1.0,1.0,0.370456395405012
2021-12-13,花菜类,2.0,2,0.5059138897593872,1.0,0.9994407976431949,0.1856724981279157,1.0,1.0,0.3697497066022687
2021-12-14,花菜类,1.0,1,1.0,1.0,0.6303865672181804,0.36961343278181963,0.5059138897593872,1.0,0.1856724981279157
2021-12-15,花菜类,1.0,1,1.0,1.0,0.6307661733788763,0.36923382662112364,1.0,1.0,0.36961343278181963
2021-12-16,花菜类,1.0,1,1.0,1.0,0.6313176806463051,0.3686823193536949,1.0,1.0,0.36923382662112364
2021-12-17,花菜类,1.0,1,1.0,1.0,0.6320008507245689,0.3679991492754311,1.0,1.0,0.3686823193536949
2021-12-18,花菜类,1.0,1,1.0,1.0,0.6329063929070492,0.3670936070929508,1.0,1.0,0.3679991492754311
2021-12-19,花菜类,1.0,1,1.0,1.0,0.6340063783086267,0.3659936216913733,1.0,1.0,0.3670936070929508
2021-12-20,花菜类,1.0,1,1.0,1.0,0.6351680768186871,0.36483192318131286,1.0,1.0,0.3659936216913733
2021-12-21,花菜类,1.0,1,1.0,1.0,0.6360680229763165,0.3639319770236835,1.0,1.0,0.36483192318131286
2021-12-22,花菜类,1.0,1,1.0,1.0,0.6366289329852753,0.36337106701472466,1.0,1.0,0.3639319770236835
2021-12-23,花菜类,2.0,2,0.9431434864787138,1.0,0.9994476410598645,0.33354324217849374,1.0,1.0,0.36337106701472466
2021-12-24,花菜类,1.0,1,1.0,1.0,0.6377462330970237,0.3622537669029763,0.9431434864787138,1.0,0.33354324217849374
2021-12-25,花菜类,1.0,1,1.0,1.0,0.6385488937514644,0.36145110624853566,1.0,1.0,0.3622537669029763
2021-12-26,花菜类,1.0,1,1.0,1.0,0.639356520760357,0.360643479239643,1.0,1.0,0.36145110624853566
2021-12-27,花菜类,1.0,1,1.0,1.0,0.6400235465820507,0.35997645341794926,1.0,1.0,0.360643479239643
2021-12-28,花菜类,1.0,1,1.0,1.0,0.6404353728807319,0.35956462711926807,1.0,1.0,0.35997645341794926
2021-12-29,花菜类,1.0,1,1.0,1.0,0.6410432580937756,0.3589567419062244,1.0,1.0,0.35956462711926807
2021-12-30,花菜类,1.0,1,1.0,1.0,0.641561811409221,0.358438188590779,1.0,1.0,0.3589567419062244
2021-12-31,花菜类,2.0,2,0.5133891970852703,0.9999999999999999,0.9994522875305066,0.22440483338219525,1.0,1.0,0.358438188590779
2022-01-01,花菜类,1.0,1,1.0,1.0,0.6410022796400102,0.35899772035998984,0.5133891970852703,0.9999999999999999,0.22440483338219525
2022-01-02,花菜类,1.0,1,1.0,1.0,0.6421427466424509,0.35785725335754914,1.0,1.0,0.35899772035998984
2022-01-03,花菜类,1.0,1,1.0,1.0,0.6427859830338607,0.3572140169661393,1.0,1.0,0.35785725335754914
2022-01-04,花菜类,1.0,1,1.0,1.0,0.6436618729433412,0.3563381270566588,1.0,1.0,0.3572140169661393
2022-01-05,花菜类,1.0,1,1.0,1.0,0.6449630666567294,0.3550369333432706,1.0,1.0,0.3563381270566588
2022-01-06,花菜类,1.0,1,1.0,1.0,0.6458414909089863,0.35415850909101365,1.0,1.0,0.3550369333432706
2022-01-07,花菜类,1.0,1,1.0,1.0,0.6468122121356483,0.3531877878643517,1.0,1.0,0.35415850909101365
2022-01-08,花菜类,1.0,1,1.0,1.0,0.6481151830571782,0.3518848169428218,1.0,1.0,0.3531877878643517
2022-01-09,花菜类,2.0,2,0.9907661057064452,1.0,0.9994615340101511,0.3464554013432326,1.0,1.0,0.3518848169428218
2022-01-10,花菜类,1.0,1,1.0,1.0,0.6510604502384215,0.3489395497615785,0.9907661057064452,1.0,0.3464554013432326
2022-01-11,花菜类,1.0,1,1.0,1.0,0.6521684379089044,0.3478315620910956,1.0,1.0,0.3489395497615785
2022-01-12,花菜类,1.0,1,1.0,1.0,0.6532792569826291,0.3467207430173709,1.0,1.0,0.3478315620910956
2022-01-13,花菜类,1.0,1,1.0,1.0,0.6540765577852956,0.3459234422147044,1.0,1.0,0.3467207430173709
2022-01-14,花菜类,1.0,1,1.0,1.0,0.6550715727226009,0.34492842727739914,1.0,1.0,0.3459234422147044
2022-01-15,花菜类,1.0,1,1.0,1.0,0.6558806211404232,0.3441193788595768,1.0,1.0,0.34492842727739914
2022-01-16,花菜类,1.0,1,1.0,1.0,0.6566329277635,0.3433670722365,1.0,1.0,0.3441193788595768
2022-01-17,花菜类,1.0,1,1.0,1.0,0.6576968532186488,0.34230314678135115,1.0,1.0,0.3433670722365
2022-01-18,花菜类,1.0,1,1.0,1.0,0.6580489056145495,0.34195109438545046,1.0,1.0,0.34230314678135115
2022-01-19,花菜类,1.0,1,1.0,1.0,0.6583063362331895,0.34169366376681054,1.0,1.0,0.34195109438545046
2022-01-20,花菜类,1.0,1,1.0,1.0,0.6585911147690547,0.34140888523094526,1.0,1.0,0.34169366376681054
2022-01-21,花菜类,1.0,1,1.0,1.0,0.6591324108859802,0.3408675891140198,1.0,1.0,0.34140888523094526
2022-01-22,花菜类,1.0,1,1.0,1.0,0.659634866027285,0.34036513397271495,1.0,1.0,0.3408675891140198
2022-01-23,花菜类,2.0,2,0.9708873586689569,1.0000000000000002,0.9994747476977357,0.3245320334948589,1.0,1.0,0.34036513397271495
2022-01-24,花菜类,1.0,1,1.0,1.0,0.6618175267269035,0.3381824732730965,0.9708873586689569,1.0000000000000002,0.3245320334948589
2022-01-25,花菜类,1.0,1,1.0,1.0,0.6624045562768185,0.3375954437231815,1.0,1.0,0.3381824732730965
2022-01-26,花菜类,1.0,1,1.0,1.0,0.6633521037214786,0.33664789627852143,1.0,1.0,0.3375954437231815
2022-01-27,花菜类,1.0,1,1.0,1.0,0.6640387530118927,0.33596124698810725,1.0,1.0,0.33664789627852143
2022-01-28,花菜类,1.0,1,1.0,1.0,0.6651045961470625,0.33489540385293753,1.0,1.0,0.33596124698810725
2022-01-29,花菜类,1.0,1,1.0,1.0,0.6664251627035083,0.3335748372964918,1.0,1.0,0.33489540385293753
2022-01-30,花菜类,2.0,2,0.9236887514039633,0.9999999999999999,0.9994848156229772,0.2924401808856063,1.0,1.0,0.3335748372964918
2022-02-01,花菜类,1.0,1,1.0,1.0,0.66915873618005,0.33084126381995005,,,
2022-02-02,花菜类,1.0,1,1.0,1.0,0.6694408586889021,0.33055914131109787,1.0,1.0,0.33084126381995005
2022-02-03,花菜类,1.0,1,1.0,1.0,0.670050243796095,0.329949756203905,1.0,1.0,0.33055914131109787
2022-02-04,花菜类,1.0,1,1.0,1.0,0.6704282568350516,0.3295717431649484,1.0,1.0,0.329949756203905
2022-02-05,花菜类,1.0,1,1.0,1.0,0.6711286594486251,0.3288713405513749,1.0,1.0,0.3295717431649484
2022-02-06,花菜类,1.0,1,1.0,1.0,0.671787840453697,0.328212159546303,1.0,1.0,0.3288713405513749
2022-02-07,花菜类,1.0,1,1.0,1.0,0.6725804307381423,0.32741956926185767,1.0,1.0,0.328212159546303
2022-02-08,花菜类,2.0,2,0.5758033471702938,1.0,0.9994935632649953,0.021462940747481805,1.0,1.0,0.32741956926185767
2022-02-09,花菜类,1.0,1,1.0,1.0,0.6732550606917528,0.3267449393082472,0.5758033471702938,1.0,0.021462940747481805
2022-02-10,花菜类,1.0,1,1.0,1.0,0.6736266549676888,0.32637334503231125,1.0,1.0,0.3267449393082472
2022-02-11,花菜类,1.0,1,1.0,1.0,0.6739594227724494,0.32604057722755064,1.0,1.0,0.32637334503231125
2022-02-12,花菜类,1.0,1,1.0,1.0,0.6743233905374132,0.3256766094625868,1.0,1.0,0.32604057722755064
2022-02-13,花菜类,1.0,1,1.0,1.0,0.6748411774850538,0.32515882251494627,1.0,1.0,0.3256766094625868
2022-02-14,花菜类,1.0,1,1.0,1.0,0.6753908234500348,0.32460917654996524,1.0,1.0,0.32515882251494627
2022-02-15,花菜类,1.0,1,1.0,1.0,0.6759085915622267,0.3240914084377733,1.0,1.0,0.32460917654996524
2022-02-16,花菜类,1.0,1,1.0,1.0,0.676348423006275,0.323651576993725,1.0,1.0,0.3240914084377733
2022-02-17,花菜类,1.0,1,1.0,1.0,0.6767306065184714,0.32326939348152867,1.0,1.0,0.323651576993725
2022-02-18,花菜类,1.0,1,1.0,1.0,0.6771112301982378,0.3228887698017622,1.0,1.0,0.32326939348152867
2022-02-19,花菜类,1.0,1,1.0,1.0,0.6774617848099973,0.3225382151900027,1.0,1.0,0.3228887698017622
2022-02-20,花菜类,2.0,2,0.7145695683253848,1.0,0.9995023623797612,0.14937125644525134,1.0,1.0,0.3225382151900027
2022-02-21,花菜类,1.0,1,1.0,1.0,0.6783411000861006,0.3216588999138994,0.7145695683253848,1.0,0.14937125644525134
2022-02-22,花菜类,1.0,1,1.0,1.0,0.6787513346117695,0.3212486653882305,1.0,1.0,0.3216588999138994
2022-02-23,花菜类,1.0,1,1.0,1.0,0.6790647467814679,0.3209352532185321,1.0,1.0,0.3212486653882305
2022-02-24,花菜类,1.0,1,1.0,1.0,0.679494054645384,0.32050594535461596,1.0,1.0,0.3209352532185321
2022-02-25,花菜类,1.0,1,1.0,1.0,0.6800042561095059,0.3199957438904941,1.0,1.0,0.32050594535461596
2022-02-26,花菜类,1.0,1,1.0,1.0,0.6804540880852838,0.31954591191471615,1.0,1.0,0.3199957438904941
2022-02-27,花菜类,1.0,1,1.0,1.0,0.6809148198764616,0.3190851801235384,1.0,1.0,0.31954591191471615
2022-02-28,花菜类,1.0,1,1.0,1.0,0.6815100480682694,0.3184899519317306,1.0,1.0,0.3190851801235384
2022-03-01,花菜类,1.0,1,1.0,1.0,0.681822641963272,0.31817735803672803,1.0,1.0,0.3184899519317306
2022-03-02,花菜类,1.0,1,1.0,1.0,0.6821340655074006,0.3178659344925994,1.0,1.0,0.31817735803672803
2022-03-03,花菜类,1.0,1,1.0,1.0,0.6823896347951527,0.31761036520484726,1.0,1.0,0.3178659344925994
2022-03-04,花菜类,1.0,1,1.0,1.0,0.6826837651361872,0.3173162348638128,1.0,1.0,0.31761036520484726
2022-03-05,花菜类,1.0,1,1.0,1.0,0.6829589007169293,0.3170410992830707,1.0,1.0,0.3173162348638128
2022-03-06,花菜类,2.0,2,0.9523767539798265,0.9999999999999999,0.9995105133884323,0.2922303146085437,1.0,1.0,0.3170410992830707
2022-03-07,花菜类,1.0,1,1.0,1.0,0.6837524611016325,0.31624753889836754,0.9523767539798265,0.9999999999999999,0.2922303146085437
2022-03-08,花菜类,1.0,1,1.0,1.0,0.6837603868448388,0.31623961315516125,1.0,1.0,0.31624753889836754
2022-03-09,花菜类,1.0,1,1.0,1.0,0.6837984414150152,0.31620155858498483,1.0,1.0,0.31623961315516125
2022-03-10,花菜类,1.0,1,1.0,1.0,0.6838113682559094,0.3161886317440906,1.0,1.0,0.31620155858498483
2022-03-11,花菜类,2.0,2,0.8876769941032301,1.0,0.684335618887175,0.315664381112825,1.0,1.0,0.3161886317440906
2022-03-12,花菜类,2.0,2,0.7215798070760415,1.0,0.6843712814032925,0.3156287185967075,0.8876769941032301,1.0,0.315664381112825
2022-03-13,花菜类,1.0,1,1.0,1.0,0.6838832657921421,0.3161167342078579,0.7215798070760415,1.0,0.3156287185967075
2022-03-14,花菜类,1.0,1,1.0,1.0,0.6839245017612363,0.3160754982387637,1.0,1.0,0.3161167342078579
2022-03-15,花菜类,1.0,1,1.0,1.0,0.6840463087649905,0.3159536912350095,1.0,1.0,0.3160754982387637
2022-03-16,花菜类,2.0,2,0.9688432829247675,1.0,0.6846768571629565,0.31532314283704355,1.0,1.0,0.3159536912350095
2022-03-17,花菜类,1.0,1,1.0,1.0,0.6842986867800108,0.3157013132199891,0.9688432829247675,1.0,0.31532314283704355
2022-03-18,花菜类,1.0,1,1.0,1.0,0.6844681553251281,0.31553184467487194,1.0,1.0,0.3157013132199891
2022-03-19,花菜类,1.0,1,1.0,1.0,0.6846513710453089,0.31534862895469107,1.0,1.0,0.31553184467487194
2022-03-20,花菜类,1.0,1,1.0,1.0,0.6849699086353894,0.3150300913646106,1.0,1.0,0.31534862895469107
2022-03-21,花菜类,1.0,1,1.0,1.0,0.6851818203104173,0.3148181796895827,1.0,1.0,0.3150300913646106
2022-03-22,花菜类,1.0,1,1.0,1.0,0.6853556741157104,0.3146443258842896,1.0,1.0,0.3148181796895827
2022-03-23,花菜类,1.0,1,1.0,1.0,0.685568624787419,0.314431375212581,1.0,1.0,0.3146443258842896
2022-03-24,花菜类,1.0,1,1.0,1.0,0.6856698989287039,0.3143301010712961,1.0,1.0,0.314431375212581
2022-03-25,花菜类,2.0,2,0.9150227071770263,0.9999999999999999,0.9994641714763224,0.26977436584232617,1.0,1.0,0.3143301010712961
2022-03-26,花菜类,1.0,1,1.0,1.0,0.6859212888703125,0.31407871112968755,0.9150227071770263,0.9999999999999999,0.26977436584232617
2022-03-27,花菜类,1.0,1,1.0,1.0,0.6861468147503165,0.31385318524968353,1.0,1.0,0.31407871112968755
2022-03-28,花菜类,1.0,1,1.0,1.0,0.6863118169024174,0.3136881830975826,1.0,1.0,0.31385318524968353
2022-03-30,花菜类,1.0,1,1.0,1.0,0.6863219723320049,0.31367802766799513,,,
2022-03-31,花菜类,1.0,1,1.0,1.0,0.6863512189562057,0.31364878104379434,1.0,1.0,0.31367802766799513
2022-04-01,花菜类,1.0,1,1.0,1.0,0.6863656460972878,0.31363435390271227,1.0,1.0,0.31364878104379434
2022-04-02,花菜类,1.0,1,1.0,1.0,0.6864274597397222,0.3135725402602778,1.0,1.0,0.31363435390271227
2022-04-03,花菜类,1.0,1,1.0,1.0,0.6864687139842168,0.3135312860157832,1.0,1.0,0.3135725402602778
2022-04-04,花菜类,1.0,1,1.0,1.0,0.6864797764029573,0.3135202235970427,1.0,1.0,0.3135312860157832
2022-04-05,花菜类,1.0,1,1.0,1.0,0.6867666933905323,0.3132333066094677,1.0,1.0,0.3135202235970427
2022-04-06,花菜类,2.0,2,0.52322500870821,1.0,0.9994650350213181,0.07982002237719193,1.0,1.0,0.3132333066094677
2022-04-07,花菜类,1.0,1,1.0,1.0,0.6868948726794196,0.3131051273205804,0.52322500870821,1.0,0.07982002237719193
2022-04-08,花菜类,1.0,1,1.0,1.0,0.6870286842958448,0.31297131570415515,1.0,1.0,0.3131051273205804
2022-04-09,花菜类,1.0,1,1.0,1.0,0.6871570484101615,0.31284295158983855,1.0,1.0,0.31297131570415515
2022-04-10,花菜类,1.0,1,1.0,1.0,0.6873679142921431,0.31263208570785694,1.0,1.0,0.31284295158983855
2022-04-11,花菜类,1.0,1,1.0,1.0,0.687467669785069,0.312532330214931,1.0,1.0,0.31263208570785694
2022-04-12,花菜类,1.0,1,1.0,1.0,0.6875496851555819,0.3124503148444181,1.0,1.0,0.312532330214931
2022-04-13,花菜类,1.0,1,1.0,1.0,0.6876319072769951,0.3123680927230049,1.0,1.0,0.3124503148444181
2022-04-14,花菜类,1.0,1,1.0,1.0,0.6878637605987584,0.3121362394012416,1.0,1.0,0.3123680927230049
2022-04-15,花菜类,1.0,1,1.0,1.0,0.6879352826979594,0.3120647173020406,1.0,1.0,0.3121362394012416
2022-04-16,花菜类,1.0,1,1.0,1.0,0.6880718731878963,0.3119281268121037,1.0,1.0,0.3120647173020406
2022-04-17,花菜类,1.0,1,1.0,1.0,0.6882478082947555,0.31175219170524443,1.0,1.0,0.3119281268121037
2022-04-18,花菜类,1.0,1,1.0,1.0,0.6885134878971464,0.31148651210285366,1.0,1.0,0.31175219170524443
2022-04-19,花菜类,1.0,1,1.0,1.0,0.6886663805419667,0.3113336194580333,1.0,1.0,0.31148651210285366
2022-04-20,花菜类,1.0,1,1.0,1.0,0.6887674299362712,0.31123257006372884,1.0,1.0,0.3113336194580333
2022-04-21,花菜类,2.0,2,0.952740465961821,0.9999999999999999,0.688914197891753,0.31108580210824693,1.0,1.0,0.31123257006372884
2022-04-22,花菜类,1.0,1,1.0,1.0,0.6955768822777008,0.3044231177222993,0.952740465961821,0.9999999999999999,0.31108580210824693
2022-04-23,花菜类,3.0,3,0.5475097516369535,0.9999999999999998,0.9994885834021772,0.02282701970084254,1.0,1.0,0.3044231177222993
2022-04-24,花菜类,1.0,1,1.0,1.0,0.6956903883425731,0.3043096116574269,0.5475097516369535,0.9999999999999998,0.02282701970084254
2022-04-25,花菜类,1.0,1,1.0,1.0,0.695889875994464,0.30411012400553605,1.0,1.0,0.3043096116574269
2022-04-26,花菜类,2.0,2,0.8814203859429373,1.0,0.9994530458432971,0.24060015526877504,1.0,1.0,0.30411012400553605
2022-04-27,花菜类,1.0,1,1.0,1.0,0.6961937767355167,0.30380622326448325,0.8814203859429373,1.0,0.24060015526877504
2022-04-28,花菜类,1.0,1,1.0,1.0,0.6963069254372471,0.3036930745627528,1.0,1.0,0.30380622326448325
2022-04-29,花菜类,2.0,2,0.9665908626986404,1.0,0.6969548568796741,0.30304514312032593,1.0,1.0,0.3036930745627528
2022-04-30,花菜类,1.0,1,1.0,1.0,0.6966905168215046,0.3033094831784954,0.9665908626986404,1.0,0.30304514312032593
2022-05-01,花菜类,1.0,1,1.0,1.0,0.6970477097104141,0.302952290289586,1.0,1.0,0.3033094831784954
2022-05-02,花菜类,1.0,1,1.0,1.0,0.6973387144581078,0.3026612855418922,1.0,1.0,0.302952290289586
2022-05-03,花菜类,1.0,1,1.0,1.0,0.6973417189577084,0.3026582810422916,1.0,1.0,0.3026612855418922
2022-05-04,花菜类,1.0,1,1.0,1.0,0.6976892305759425,0.30231076942405755,1.0,1.0,0.3026582810422916
2022-05-05,花菜类,1.0,1,1.0,1.0,0.697728224385495,0.30227177561450497,1.0,1.0,0.30231076942405755
2022-05-06,花菜类,1.0,1,1.0,1.0,0.6977425941147979,0.3022574058852021,1.0,1.0,0.30227177561450497
2022-05-07,花菜类,1.0,1,1.0,1.0,0.6977845668292461,0.302215433170754,1.0,1.0,0.3022574058852021
2022-05-08,花菜类,1.0,1,1.0,1.0,0.6980855457647485,0.3019144542352516,1.0,1.0,0.302215433170754
2022-05-09,花菜类,1.0,1,1.0,1.0,0.6986359675537591,0.3013640324462409,1.0,1.0,0.3019144542352516
2022-05-10,花菜类,1.0,1,1.0,1.0,0.6990108124222966,0.30098918757770343,1.0,1.0,0.3013640324462409
2022-05-11,花菜类,1.0,1,1.0,1.0,0.6992960222853459,0.3007039777146541,1.0,1.0,0.30098918757770343
2022-05-12,花菜类,1.0,1,1.0,1.0,0.6995343710757214,0.30046562892427864,1.0,1.0,0.3007039777146541
2022-05-13,花菜类,1.0,1,1.0,1.0,0.6998401837925875,0.3001598162074125,1.0,1.0,0.30046562892427864
2022-05-14,花菜类,1.0,1,1.0,1.0,0.7001068199640387,0.2998931800359613,1.0,1.0,0.3001598162074125
2022-05-15,花菜类,1.0,1,1.0,1.0,0.7007207587431588,0.29927924125684124,1.0,1.0,0.2998931800359613
2022-05-16,花菜类,1.0,1,1.0,1.0,0.7012718915689757,0.2987281084310243,1.0,1.0,0.29927924125684124
2022-05-17,花菜类,1.0,1,1.0,1.0,0.7015641169890485,0.2984358830109515,1.0,1.0,0.2987281084310243
2022-05-18,花菜类,1.0,1,1.0,1.0,0.7017533008276123,0.29824669917238766,1.0,1.0,0.2984358830109515
2022-05-19,花菜类,1.0,1,1.0,1.0,0.7020050869287146,0.29799491307128545,1.0,1.0,0.29824669917238766
2022-05-20,花菜类,1.0,1,1.0,1.0,0.7022204564555162,0.29777954354448377,1.0,1.0,0.29799491307128545
2022-05-21,花菜类,1.0,1,1.0,1.0,0.7023863762309231,0.2976136237690769,1.0,1.0,0.29777954354448377
2022-05-22,花菜类,1.0,1,1.0,1.0,0.7027153017053336,0.2972846982946664,1.0,1.0,0.2976136237690769
2022-05-23,花菜类,1.0,1,1.0,1.0,0.7030103770728279,0.2969896229271721,1.0,1.0,0.2972846982946664
2022-05-24,花菜类,1.0,1,1.0,1.0,0.7031970734427746,0.2968029265572254,1.0,1.0,0.2969896229271721
2022-05-25,花菜类,1.0,1,1.0,1.0,0.7035382650307871,0.2964617349692129,1.0,1.0,0.2968029265572254
2022-05-26,花菜类,1.0,1,1.0,1.0,0.7037744212919401,0.2962255787080598,1.0,1.0,0.2964617349692129
2022-05-27,花菜类,1.0,1,1.0,1.0,0.7040754694183026,0.2959245305816975,1.0,1.0,0.2962255787080598
2022-05-28,花菜类,1.0,1,1.0,1.0,0.704296379090649,0.295703620909351,1.0,1.0,0.2959245305816975
2022-05-29,花菜类,1.0,1,1.0,1.0,0.7047282508569395,0.29527174914306054,1.0,1.0,0.295703620909351
2022-05-30,花菜类,1.0,1,1.0,1.0,0.7052412427235487,0.29475875727645134,1.0,1.0,0.29527174914306054
2022-05-31,花菜类,1.0,1,1.0,1.0,0.7055329338467753,0.29446706615322477,1.0,1.0,0.29475875727645134
2022-06-01,花菜类,1.0,1,1.0,1.0,0.7057199179137154,0.2942800820862847,1.0,1.0,0.29446706615322477
2022-06-02,花菜类,1.0,1,1.0,1.0,0.7059839876000467,0.2940160123999534,1.0,1.0,0.2942800820862847
2022-06-03,花菜类,1.0,1,1.0,1.0,0.7062266056676381,0.293773394332362,1.0,1.0,0.2940160123999534
2022-06-04,花菜类,1.0,1,1.0,1.0,0.7065763177186475,0.29342368228135246,1.0,1.0,0.293773394332362
2022-06-05,花菜类,1.0,1,1.0,1.0,0.7067398025933396,0.2932601974066604,1.0,1.0,0.29342368228135246
2022-06-06,花菜类,1.0,1,1.0,1.0,0.7070007007974031,0.292999299202597,1.0,1.0,0.2932601974066604
2022-06-07,花菜类,1.0,1,1.0,1.0,0.7072781808051869,0.29272181919481316,1.0,1.0,0.292999299202597
2022-06-08,花菜类,1.0,1,1.0,1.0,0.7075272488269,0.2924727511731,1.0,1.0,0.29272181919481316
2022-06-09,花菜类,1.0,1,1.0,1.0,0.7077280245719345,0.29227197542806543,1.0,1.0,0.2924727511731
2022-06-10,花菜类,1.0,1,1.0,1.0,0.7079755565037544,0.2920244434962455,1.0,1.0,0.29227197542806543
2022-06-11,花菜类,1.0,1,1.0,1.0,0.7081267384346133,0.29187326156538673,1.0,1.0,0.2920244434962455
2022-06-12,花菜类,1.0,1,1.0,1.0,0.7088505254813751,0.291149474518625,1.0,1.0,0.29187326156538673
2022-06-13,花菜类,1.0,1,1.0,1.0,0.7092018596271316,0.29079814037286844,1.0,1.0,0.291149474518625
2022-06-14,花菜类,1.0,1,1.0,1.0,0.7094779426055496,0.29052205739445036,1.0,1.0,0.29079814037286844
2022-06-15,花菜类,1.0,1,1.0,1.0,0.7097500003339091,0.2902499996660909,1.0,1.0,0.29052205739445036
2022-06-16,花菜类,1.0,1,1.0,1.0,0.7099627625337221,0.2900372374662779,1.0,1.0,0.2902499996660909
2022-06-17,花菜类,1.0,1,1.0,1.0,0.7101619231596576,0.28983807684034235,1.0,1.0,0.2900372374662779
2022-06-18,花菜类,1.0,1,1.0,1.0,0.7104668951184214,0.2895331048815786,1.0,1.0,0.28983807684034235
2022-06-19,花菜类,1.0,1,1.0,1.0,0.7108111464762846,0.2891888535237154,1.0,1.0,0.2895331048815786
2022-06-20,花菜类,1.0,1,1.0,1.0,0.7111826516521602,0.2888173483478398,1.0,1.0,0.2891888535237154
2022-06-21,花菜类,1.0,1,1.0,1.0,0.7114845755963635,0.28851542440363653,1.0,1.0,0.2888173483478398
2022-06-22,花菜类,1.0,1,1.0,1.0,0.7117494082925357,0.28825059170746425,1.0,1.0,0.28851542440363653
2022-06-23,花菜类,1.0,1,1.0,1.0,0.7120138778765119,0.287986122123488,1.0,1.0,0.28825059170746425
2022-06-24,花菜类,1.0,1,1.0,1.0,0.7121725034642968,0.28782749653570316,1.0,1.0,0.287986122123488
2022-06-25,花菜类,1.0,1,1.0,1.0,0.7123685981609496,0.2876314018390505,1.0,1.0,0.28782749653570316
2022-06-26,花菜类,1.0,1,1.0,1.0,0.7126256935240618,0.2873743064759382,1.0,1.0,0.2876314018390505
2022-06-27,花菜类,1.0,1,1.0,1.0,0.7130412856406875,0.2869587143593126,1.0,1.0,0.2873743064759382
2022-06-28,花菜类,1.0,1,1.0,1.0,0.7132858538998272,0.28671414610017276,1.0,1.0,0.2869587143593126
2022-06-29,花菜类,2.0,2,0.5527767580920491,1.0,0.713550625449189,0.33755499685732243,1.0,1.0,0.28671414610017276
2022-06-30,花菜类,2.0,2,0.5473783735233689,1.0,0.7208610645052815,0.34543741848419507,0.5527767580920491,1.0,0.33755499685732243
2022-07-01,花菜类,2.0,2,0.702012090809033,1.0,0.7213228838160254,0.2786771161839745,0.5473783735233689,1.0,0.34543741848419507
2022-07-02,花菜类,2.0,2,0.6012157936969287,1.0,0.7216316304354096,0.27836836956459043,0.702012090809033,1.0,0.2786771161839745
2022-07-03,花菜类,2.0,2,0.6354547119229536,1.0,0.7221938266214548,0.2778061733785452,0.6012157936969287,1.0,0.27836836956459043
2022-07-04,花菜类,1.0,1,1.0,1.0,0.7193440226043323,0.2806559773956677,0.6354547119229536,1.0,0.2778061733785452
2022-07-05,花菜类,2.0,2,0.5041699179218485,1.0,0.7230191017676603,0.4509615348710459,1.0,1.0,0.2806559773956677
2022-07-06,花菜类,2.0,2,0.501001672454174,1.0,0.7234808513901633,0.47308547013458635,0.5041699179218485,1.0,0.4509615348710459
2022-07-07,花菜类,2.0,2,0.5293066791116463,1.0,0.7237944141082132,0.37357843423270876,0.501001672454174,1.0,0.47308547013458635
2022-07-08,花菜类,2.0,2,0.5469627232720425,1.0,0.7243429288518413,0.34024607863766193,0.5293066791116463,1.0,0.37357843423270876
2022-07-09,花菜类,1.0,1,1.0,1.0,0.7173006305666498,0.2826993694333502,0.5469627232720425,1.0,0.34024607863766193
2022-07-10,花菜类,2.0,2,0.5415792520610281,1.0,0.7253259994392139,0.3482794600546981,1.0,1.0,0.2826993694333502
2022-07-11,花菜类,2.0,2,0.9177998631168804,1.0,0.7260384532105703,0.2739615467894298,0.5415792520610281,1.0,0.3482794600546981
2022-07-12,花菜类,2.0,2,0.5243284315912269,1.0,0.726292126387387,0.3806995376472814,0.9177998631168804,1.0,0.2739615467894298
2022-07-13,花菜类,2.0,2,0.6715343813408001,1.0,0.726893014088514,0.2731069859114859,0.5243284315912269,1.0,0.3806995376472814
2022-07-14,花菜类,1.0,1,1.0,1.0,0.716570351683658,0.283429648316342,0.6715343813408001,1.0,0.2731069859114859
2022-07-15,花菜类,1.0,1,1.0,1.0,0.7169299225048672,0.2830700774951328,1.0,1.0,0.283429648316342
2022-07-16,花菜类,1.0,1,1.0,1.0,0.7172160197916179,0.28278398020838214,1.0,1.0,0.2830700774951328
2022-07-17,花菜类,2.0,2,0.9773229889904385,1.0,0.7286594028195006,0.2713405971804995,1.0,1.0,0.28278398020838214
2022-07-18,花菜类,1.0,1,1.0,1.0,0.7185010719214744,0.2814989280785256,0.9773229889904385,1.0,0.2713405971804995
2022-07-19,花菜类,2.0,2,0.9601821333423828,1.0,0.7296775085065688,0.27032249149343124,1.0,1.0,0.2814989280785256
2022-07-20,花菜类,1.0,1,1.0,1.0,0.7193026543446434,0.28069734565535664,0.9601821333423828,1.0,0.27032249149343124
2022-07-21,花菜类,1.0,1,1.0,1.0,0.7197763303218068,0.28022366967819323,1.0,1.0,0.28069734565535664
2022-07-22,花菜类,1.0,1,1.0,1.0,0.7201424836379249,0.2798575163620751,1.0,1.0,0.28022366967819323
2022-07-23,花菜类,1.0,1,1.0,1.0,0.7204698519745494,0.2795301480254506,1.0,1.0,0.2798575163620751
2022-07-24,花菜类,1.0,1,1.0,1.0,0.7209718792794525,0.2790281207205475,1.0,1.0,0.2795301480254506
2022-07-25,花菜类,2.0,2,0.5168098952804899,1.0,0.7321493169864405,0.3976165644225051,1.0,1.0,0.2790281207205475
2022-07-26,花菜类,2.0,2,0.5361643772361235,1.0,0.732947495682246,0.3530298113048399,0.5168098952804899,1.0,0.3976165644225051
2022-07-27,花菜类,2.0,2,0.5053752150319967,1.0,0.7336949114689743,0.43412068120616787,0.5361643772361235,1.0,0.3530298113048399
2022-07-28,花菜类,2.0,2,0.5739313895831645,1.0,0.734363830169162,0.2919373078727525,0.5053752150319967,1.0,0.43412068120616787
2022-07-29,花菜类,2.0,2,0.5094336207198323,1.0,0.7349597841951215,0.41441003680877797,0.5739313895831645,1.0,0.2919373078727525
2022-07-30,花菜类,2.0,2,0.6377633284109308,1.0,0.7356106869737815,0.2643893130262184,0.5094336207198323,1.0,0.41441003680877797
2022-07-31,花菜类,2.0,2,0.9651806583532545,1.0,0.7361921914121038,0.26514775479757896,0.6377633284109308,1.0,0.2643893130262184
2022-08-01,花菜类,2.0,2,0.6452952340072573,1.0,0.7366767078028903,0.26332329219710976,0.9651806583532545,1.0,0.26514775479757896
2022-08-02,花菜类,2.0,2,0.5304734391185134,1.0,0.7374710760069652,0.3565723385907196,0.6452952340072573,1.0,0.26332329219710976
2022-08-03,花菜类,2.0,2,0.5984787736917514,1.0,0.7382533854378476,0.2617466145621524,0.5304734391185134,1.0,0.3565723385907196
2022-08-04,花菜类,2.0,2,0.6343799059412851,1.0,0.7388737024508619,0.2611262975491382,0.5984787736917514,1.0,0.2617466145621524
2022-08-05,花菜类,2.0,2,0.6424118529397471,0.9999999999999999,0.739467628471019,0.26053237152898095,0.6343799059412851,1.0,0.2611262975491382
2022-08-06,花菜类,2.0,2,0.7051749239981833,1.0,0.7400823617717127,0.2599176382282873,0.6424118529397471,0.9999999999999999,0.26053237152898095
2022-08-07,花菜类,2.0,2,0.7875893693000457,1.0,0.7408913486158615,0.2591086513841384,0.7051749239981833,1.0,0.2599176382282873
2022-08-08,花菜类,2.0,2,0.6563653501743802,1.0,0.7419403912468531,0.25805960875314693,0.7875893693000457,1.0,0.2591086513841384
2022-08-09,花菜类,2.0,2,0.6425120846376332,1.0,0.7426130314664318,0.25738696853356824,0.6563653501743802,1.0,0.25805960875314693
2022-08-10,花菜类,2.0,2,0.6451656911845101,1.0,0.7432880406019802,0.25671195939801994,0.6425120846376332,1.0,0.25738696853356824
2022-08-11,花菜类,2.0,2,0.6357736000731113,0.9999999999999999,0.7439357947536203,0.25606420524637974,0.6451656911845101,1.0,0.25671195939801994
2022-08-12,花菜类,2.0,2,0.6154641480424845,1.0,0.7445894533100299,0.25541054668997015,0.6357736000731113,0.9999999999999999,0.25606420524637974
2022-08-13,花菜类,2.0,2,0.6824048238408682,1.0,0.7452824995301441,0.2547175004698559,0.6154641480424845,1.0,0.25541054668997015
2022-08-14,花菜类,2.0,2,0.5774406959349943,0.9999999999999999,0.7461159558487661,0.2732444225652587,0.6824048238408682,1.0,0.2547175004698559
2022-08-15,花菜类,2.0,2,0.578365637469277,0.9999999999999999,0.7471692630984048,0.27047519779545154,0.5774406959349943,0.9999999999999999,0.2732444225652587
2022-08-16,花菜类,2.0,2,0.5494563253889634,1.0,0.7478829140497928,0.3100972390532517,0.578365637469277,0.9999999999999999,0.27047519779545154
2022-08-17,花菜类,2.0,2,0.5853653091808948,0.9999999999999999,0.748616724937091,0.25948476107439694,0.5494563253889634,1.0,0.3100972390532517
2022-08-18,花菜类,2.0,2,0.5422390548228678,1.0,0.7493607198126101,0.3196866571190853,0.5853653091808948,0.9999999999999999,0.25948476107439694
2022-08-19,花菜类,2.0,2,0.7012734904452919,1.0,0.750433699341621,0.24956630065837893,0.5422390548228678,1.0,0.3196866571190853
2022-08-20,花菜类,2.0,2,0.5372404419953953,1.0,0.7522034359949424,0.3253912303414734,0.7012734904452919,1.0,0.24956630065837893
2022-08-21,花菜类,2.0,2,0.5178894326303257,0.9999999999999999,0.7532751142688648,0.3653416623510158,0.5372404419953953,1.0,0.3253912303414734
2022-08-22,花菜类,2.0,2,0.5039424937011502,1.0,0.7539852026047382,0.4140672369415801,0.5178894326303257,0.9999999999999999,0.3653416623510158
2022-08-23,花菜类,2.0,2,0.5565409087578712,1.0,0.7543729595049138,0.28937163980266417,0.5039424937011502,1.0,0.4140672369415801
2022-08-24,花菜类,2.0,2,0.5691025683540064,1.0,0.7547405894080191,0.6427307683214947,0.5565409087578712,1.0,0.28937163980266417
2022-08-25,花菜类,2.0,2,0.5008195357932708,1.0,0.7551116854533314,0.4351949478407033,0.5691025683540064,1.0,0.6427307683214947
2022-08-26,花菜类,2.0,2,0.5289961230584249,1.0,0.7556540580871816,0.333656504229653,0.5008195357932708,1.0,0.4351949478407033
2022-08-27,花菜类,2.0,2,0.6672927952613941,1.0,0.7560421237652074,0.24395787623479256,0.5289961230584249,1.0,0.333656504229653
2022-08-28,花菜类,2.0,2,0.5617556492722047,1.0,0.7565319365112804,0.2771081848196402,0.6672927952613941,1.0,0.24395787623479256
2022-08-29,花菜类,2.0,2,0.6945922549087697,1.0,0.7572762185071062,0.24272378149289378,0.5617556492722047,1.0,0.2771081848196402
2022-08-30,花菜类,2.0,2,0.5107638203010578,1.0,0.7576559029120439,0.5247652841731935,0.6945922549087697,1.0,0.24272378149289378
2022-08-31,花菜类,2.0,2,0.5075153848677016,1.0,0.7582121099155299,0.5110262093653155,0.5107638203010578,1.0,0.5247652841731935
2022-09-01,花菜类,2.0,2,0.5179997581858922,1.0,0.7585044872808289,0.3539703619644774,0.5075153848677016,1.0,0.5110262093653155
2022-09-02,花菜类,2.0,2,0.5048744310275719,1.0,0.7588971397973979,0.3986355001381585,0.5179997581858922,1.0,0.3539703619644774
2022-09-03,花菜类,2.0,2,0.5460335312221548,1.0,0.7592607326533779,0.29543637206175544,0.5048744310275719,1.0,0.3986355001381585
2022-09-04,花菜类,2.0,2,0.5030078505241107,1.0,0.7596734527321664,0.407739013777338,0.5460335312221548,1.0,0.29543637206175544
2022-09-05,花菜类,2.0,2,0.5003692166423112,1.0,0.7601527307888157,0.431878482319047,0.5030078505241107,1.0,0.407739013777338
2022-09-06,花菜类,2.0,2,0.5308755434309431,0.9999999999999999,0.7605645910350486,0.32025584816454433,0.5003692166423112,1.0,0.431878482319047
2022-09-07,花菜类,3.0,3,0.43085859791667797,1.0,0.9995478000164908,0.34295316632325806,0.5308755434309431,0.9999999999999999,0.32025584816454433
2022-09-08,花菜类,3.0,3,0.489113452092831,0.9999999999999999,0.9995520112392486,0.5126964713971827,0.43085859791667797,1.0,0.34295316632325806
2022-09-09,花菜类,2.0,2,0.5134832647637828,1.0,0.7604849142442761,0.525175953729238,0.489113452092831,0.9999999999999999,0.5126964713971827
2022-09-10,花菜类,2.0,2,0.5289684943805597,1.0,0.7610363001087804,0.32113961247074274,0.5134832647637828,1.0,0.525175953729238
2022-09-11,花菜类,2.0,2,0.5001419861884477,0.9999999999999999,0.7616227609425985,0.43206739438824987,0.5289684943805597,1.0,0.32113961247074274
2022-09-12,花菜类,2.0,2,0.5000089870949388,1.0,0.762085171158179,0.44152446658986444,0.5001419861884477,0.9999999999999999,0.43206739438824987
2022-09-13,花菜类,2.0,2,0.5018169820920535,1.0,0.7626191581207863,0.40797462309355337,0.5000089870949388,1.0,0.44152446658986444
2022-09-14,花菜类,2.0,2,0.5216236611811363,0.9999999999999999,0.7629634199674569,0.3333483055300769,0.5018169820920535,1.0,0.40797462309355337
2022-09-15,花菜类,2.0,2,0.6113891963608592,1.0,0.7632334537134312,0.23676654628656876,0.5216236611811363,0.9999999999999999,0.3333483055300769
2022-09-16,花菜类,2.0,2,0.5038584287025122,1.0,0.7634032420675378,0.39264190041980873,0.6113891963608592,1.0,0.23676654628656876
2022-09-17,花菜类,2.0,2,0.5254824051878111,1.0,0.7636982760148964,0.323016911610982,0.5038584287025122,1.0,0.39264190041980873
2022-09-18,花菜类,2.0,2,0.5152631168428414,1.0,0.7641941003340851,0.3476666031368999,0.5254824051878111,1.0,0.323016911610982
2022-09-19,花菜类,2.0,2,0.5170570524365865,1.0,0.7646491964506054,0.3417980564402461,0.5152631168428414,1.0,0.3476666031368999
2022-09-20,花菜类,2.0,2,0.5000739634023798,1.0,0.7649422731094101,0.4275225105301671,0.5170570524365865,1.0,0.3417980564402461
2022-09-21,花菜类,2.0,2,0.5049912723662293,1.0,0.7652416307307585,0.38294070516175716,0.5000739634023798,1.0,0.4275225105301671
2022-09-22,花菜类,2.0,2,0.5032763315513509,1.0,0.7655027202187593,0.47281501771026047,0.5049912723662293,1.0,0.38294070516175716
2022-09-23,花菜类,2.0,2,0.5389491002322334,1.0,0.7658776997961021,0.5708792025780314,0.5032763315513509,1.0,0.47281501771026047
2022-09-24,花菜类,2.0,2,0.516440579450797,1.0,0.7662867266618236,0.5206783886236477,0.5389491002322334,1.0,0.5708792025780314
2022-09-25,花菜类,2.0,2,0.5452195458914244,1.0,0.7668204414085306,0.27814269573434336,0.516440579450797,1.0,0.5206783886236477
2022-09-26,花菜类,2.0,2,0.5677929796879879,1.0,0.7672034508227173,0.2438709885802335,0.5452195458914244,1.0,0.27814269573434336
2022-09-27,花菜类,2.0,2,0.511905047426139,1.0,0.7674172092713276,0.5048703014369964,0.5677929796879879,1.0,0.2438709885802335
2022-09-28,花菜类,2.0,2,0.501801346189755,1.0,0.7675796472905501,0.4572812778667175,0.511905047426139,1.0,0.5048703014369964
2022-09-29,花菜类,2.0,2,0.5383909891812042,1.0,0.7678190799382185,0.5652150251526378,0.501801346189755,1.0,0.4572812778667175
2022-09-30,花菜类,2.0,2,0.5063186266298118,1.0,0.7680062000376748,0.48228503998182326,0.5383909891812042,1.0,0.5652150251526378
2022-10-01,花菜类,2.0,2,0.5097272810330852,1.0,0.7682994944197385,0.35557348417091555,0.5063186266298118,1.0,0.48228503998182326
2022-10-02,花菜类,2.0,2,0.5020753329105597,1.0,0.7687888784166578,0.4565435247635681,0.5097272810330852,1.0,0.35557348417091555
2022-10-03,花菜类,2.0,2,0.5132935999495188,1.0,0.7691774446903923,0.504831638678704,0.5020753329105597,1.0,0.4565435247635681
2022-10-04,花菜类,2.0,2,0.5478120810514442,1.0,0.7696042761767778,0.2677529952380999,0.5132935999495188,1.0,0.504831638678704
2022-10-05,花菜类,1.0,2,1.0,1.0,0.691822706396356,0.30817729360364404,0.5478120810514442,1.0,0.2677529952380999
2022-10-06,花菜类,2.0,2,0.5002806346169976,1.0,0.7702519455295128,0.4102029441635592,1.0,1.0,0.30817729360364404
2022-10-07,花菜类,2.0,2,0.5023324183298599,1.0,0.7707872013969623,0.38668255900983745,0.5002806346169976,1.0,0.4102029441635592
2022-10-08,花菜类,2.0,2,0.5727935070376038,1.0,0.771416477758063,0.22875317140586243,0.5023324183298599,1.0,0.38668255900983745
2022-10-09,花菜类,2.0,2,0.5415653066652193,1.0,0.7716761016741042,0.2750640481351698,0.5727935070376038,1.0,0.22875317140586243
2022-10-10,花菜类,2.0,2,0.5118385606861346,1.0,0.7719837605055587,0.3418459444805134,0.5415653066652193,1.0,0.2750640481351698
2022-10-11,花菜类,2.0,2,0.5369117191428079,0.9999999999999999,0.7722922468750301,0.28235052672910993,0.5118385606861346,1.0,0.3418459444805134
2022-10-12,花菜类,2.0,2,0.5215748129453529,1.0,0.7724779009215923,0.31405618791056794,0.5369117191428079,0.9999999999999999,0.28235052672910993
2022-10-13,花菜类,2.0,2,0.5129067511552943,0.9999999999999999,0.7726631334827698,0.3372487639746363,0.5215748129453529,1.0,0.31405618791056794
2022-10-14,花菜类,2.0,2,0.5877965370425122,1.0,0.7728679581314892,0.22713204186851074,0.5129067511552943,0.9999999999999999,0.3372487639746363
2022-10-15,花菜类,2.0,2,0.5450512912366684,0.9999999999999999,0.7729340465492074,0.2669493986758147,0.5877965370425122,1.0,0.22713204186851074
2022-10-16,花菜类,2.0,2,0.5308785340160904,1.0,0.7733486546338816,0.29218862256537637,0.5450512912366684,0.9999999999999999,0.2669493986758147
2022-10-17,花菜类,2.0,2,0.5031206144436595,1.0,0.7737359618312109,0.376345375655432,0.5308785340160904,1.0,0.29218862256537637
2022-10-18,花菜类,2.0,2,0.50440674029816,1.0,0.7739511782682386,0.4623183611245706,0.5031206144436595,1.0,0.376345375655432
2022-10-19,花菜类,2.0,2,0.8628846426489893,1.0,0.7742968970775792,0.237167041466809,0.50440674029816,1.0,0.4623183611245706
2022-10-20,花菜类,2.0,2,0.5497231015390152,1.0,0.7744975830656555,0.2568176371722379,0.8628846426489893,1.0,0.237167041466809
2022-10-21,花菜类,2.0,2,0.5076497431946497,1.0,0.7697576453006054,0.35634291872476764,0.5497231015390152,1.0,0.2568176371722379
2022-10-22,花菜类,2.0,2,0.5128244806829281,1.0,0.7704555530594458,0.49698952023499293,0.5076497431946497,1.0,0.35634291872476764
2022-10-23,花菜类,2.0,2,0.501708689628151,1.0,0.7708674023931281,0.386582606916853,0.5128244806829281,1.0,0.49698952023499293
2022-10-24,花菜类,2.0,2,0.5314810930208356,1.0,0.7711558608769846,0.2897764718067096,0.501708689628151,1.0,0.386582606916853
2022-10-25,花菜类,2.0,2,0.5002540262244823,1.0,0.7713228276627928,0.40370638932224795,0.5314810930208356,1.0,0.2897764718067096
2022-10-26,花菜类,2.0,2,0.5669626870678034,1.0,0.7715688276121593,0.5974209915447779,0.5002540262244823,1.0,0.40370638932224795
2022-10-27,花菜类,2.0,2,0.7462929217315057,1.0,0.766543801406643,0.23345619859335703,0.5669626870678034,1.0,0.5974209915447779
2022-10-28,花菜类,2.0,2,0.5532367895545346,1.0,0.7666996009856553,0.25484531467773164,0.7462929217315057,1.0,0.23345619859335703
2022-10-29,花菜类,2.0,2,0.5310023842861684,1.0,0.7669757416982703,0.293118225383444,0.5532367895545346,1.0,0.25484531467773164
2022-10-30,花菜类,2.0,2,0.5014893085394101,1.0,0.7674493698311993,0.3896933381274135,0.5310023842861684,1.0,0.293118225383444
2022-10-31,花菜类,2.0,2,0.505575124794365,1.0,0.7680102263783158,0.46867278786261984,0.5014893085394101,1.0,0.3896933381274135
2022-11-01,花菜类,2.0,2,0.5878277654958094,1.0,0.7683581297136484,0.2316418702863516,0.505575124794365,1.0,0.46867278786261984
2022-11-03,花菜类,2.0,2,0.5000050618247919,1.0,0.7686329490009762,0.4164139501158787,,,
2022-11-05,花菜类,2.0,2,0.5259893449334051,1.0,0.7690933960777315,0.29974384634173135,,,
2022-11-06,花菜类,2.0,2,0.5385729265308988,1.0,0.7696029189864181,0.2740828495032806,0.5259893449334051,1.0,0.29974384634173135
2022-11-07,花菜类,2.0,2,0.5010527951941544,1.0,0.7701470781059075,0.4351631472289951,0.5385729265308988,1.0,0.2740828495032806
2022-11-08,花菜类,2.0,2,0.5018796321113856,1.0,0.7704842934511211,0.44211908102356,0.5010527951941544,1.0,0.4351631472289951
2022-11-09,花菜类,2.0,2,0.5102165167873431,1.0,0.7707769145901772,0.33930195773187244,0.5018796321113856,1.0,0.44211908102356
2022-11-10,花菜类,2.0,2,0.5523878277604023,0.9999999999999999,0.7709866595736294,0.248536929302248,0.5102165167873431,1.0,0.33930195773187244
2022-11-11,花菜类,2.0,2,0.5007635636053616,1.0,0.7712109270611763,0.3904665759400208,0.5523878277604023,0.9999999999999999,0.248536929302248
2022-11-12,花菜类,2.0,2,0.5278891244420345,1.0,0.7715217717150544,0.29122331584992955,0.5007635636053616,1.0,0.3904665759400208
2022-11-13,花菜类,2.0,2,0.5017476492648375,1.0,0.7718913870035045,0.3791906158596171,0.5278891244420345,1.0,0.29122331584992955
2022-11-14,花菜类,2.0,2,0.5056129706176387,1.0,0.7722446470118813,0.4610474844126293,0.5017476492648375,1.0,0.3791906158596171
2022-11-15,花菜类,2.0,2,0.5360575297224588,1.0,0.7725031440952039,0.27316568930692253,0.5056129706176387,1.0,0.4610474844126293
2022-11-16,花菜类,2.0,2,0.6279863505096627,0.9999999999999999,0.7727654508304314,0.22723454916956848,0.5360575297224588,1.0,0.27316568930692253
2022-11-17,花菜类,2.0,2,0.5688301506273179,1.0,0.7728906012145319,0.5924605904752362,0.6279863505096627,0.9999999999999999,0.22723454916956848
2022-11-18,花菜类,2.0,2,0.5001098067395231,0.9999999999999998,0.7731605892115176,0.3986711849549554,0.5688301506273179,1.0,0.5924605904752362
2022-11-19,花菜类,2.0,2,0.6291083607436306,1.0,0.7736362319167822,0.2263637680832179,0.5001098067395231,0.9999999999999998,0.3986711849549554
2022-11-20,花菜类,2.0,2,0.5005113443291069,1.0,0.774485989164576,0.38855879732460097,0.6291083607436306,1.0,0.2263637680832179
2022-11-21,花菜类,2.0,2,0.6369732594265813,1.0,0.7751585908949956,0.2248414091050044,0.5005113443291069,1.0,0.38855879732460097
2022-11-22,花菜类,2.0,2,0.5735904673143528,1.0,0.7760541537804572,0.5944840601813639,0.6369732594265813,1.0,0.2248414091050044
2022-11-23,花菜类,2.0,2,0.5041535429187394,1.0,0.776304634582961,0.3562782181165882,0.5735904673143528,1.0,0.5944840601813639
2022-11-24,花菜类,2.0,2,0.5063019974280041,1.0,0.7765199570552768,0.3452988731758486,0.5041535429187394,1.0,0.3562782181165882
2022-11-25,花菜类,2.0,2,0.5029969320347379,1.0,0.7767297480773018,0.36228343428909093,0.5063019974280041,1.0,0.3452988731758486
2022-11-26,花菜类,2.0,2,0.5358479003801412,1.0,0.7770421383748874,0.5342165114340884,0.5029969320347379,1.0,0.36228343428909093
2022-11-27,花菜类,1.0,1,1.0,1.0,0.10057905427088319,0.8994209457291167,0.5358479003801412,1.0,0.5342165114340884
2022-11-28,花菜类,2.0,2,0.6849192243336861,1.0,0.7773816736829006,0.70335139707372,1.0,1.0,0.8994209457291167
2022-11-29,花菜类,2.0,2,0.65625399137203,1.0,0.7774531217011603,0.6784751891762675,0.6849192243336861,1.0,0.70335139707372
2022-12-04,花菜类,2.0,2,0.7927260758598482,1.0,0.7775020845913222,0.7810662736143561,,,
2022-12-05,花菜类,1.0,1,1.0,1.0,0.10222927985930828,0.8977707201406917,0.7927260758598482,1.0,0.7810662736143561
2022-12-06,花菜类,2.0,2,0.7379716573263058,1.0,0.7778697174548268,0.2221302825451732,1.0,1.0,0.8977707201406917
2022-12-07,花菜类,1.0,2,1.0,1.0,0.6748053205018493,0.32519467949815073,0.7379716573263058,1.0,0.2221302825451732
2022-12-08,花菜类,2.0,2,0.5264197755673967,1.0,0.7782563971470271,0.28186255485941747,1.0,1.0,0.32519467949815073
2022-12-09,花菜类,2.0,2,0.5104350950203361,1.0,0.7785569089142483,0.4685383003954491,0.5264197755673967,1.0,0.28186255485941747
2022-12-10,花菜类,2.0,2,0.5252882904897973,1.0,0.778794564939548,0.28322301517828974,0.5104350950203361,1.0,0.4685383003954491
2022-12-11,花菜类,2.0,2,0.5211209281979192,1.0,0.779158551857605,0.49788624858004893,0.5252882904897973,1.0,0.28322301517828974
2022-12-12,花菜类,2.0,2,0.6250689623452472,1.0,0.7795619138131076,0.6441205278991124,0.5211209281979192,1.0,0.49788624858004893
2022-12-13,花菜类,2.0,2,0.5992358523687464,1.0,0.7797046984271268,0.22029530157287325,0.6250689623452472,1.0,0.6441205278991124
2022-12-14,花菜类,2.0,2,0.5262569210561905,1.0,0.7799377190488491,0.27873191729719893,0.5992358523687464,1.0,0.22029530157287325
2022-12-15,花菜类,2.0,2,0.5089291304606517,0.9999999999999999,0.7802039638257958,0.3260707561698268,0.5262569210561905,1.0,0.27873191729719893
2022-12-16,花菜类,2.0,2,0.8175646385015196,0.9999999999999999,0.7804968766344828,0.22563126102855283,0.5089291304606517,0.9999999999999999,0.3260707561698268
2022-12-17,花菜类,2.0,2,0.9726676374202017,1.0,0.7806797745977342,0.3131583332274983,0.8175646385015196,0.9999999999999999,0.22563126102855283
2022-12-18,花菜类,2.0,2,0.5004105104229954,1.0,0.7809653455825077,0.4067676792000301,0.9726676374202017,1.0,0.3131583332274983
2022-12-19,花菜类,2.0,2,0.5398774126902488,0.9999999999999999,0.7814123526931693,0.5326867906232178,0.5004105104229954,1.0,0.4067676792000301
2022-12-20,花菜类,2.0,2,0.5012587513355244,1.0,0.7817187401940868,0.3655012074014637,0.5398774126902488,0.9999999999999999,0.5326867906232178
2022-12-21,花菜类,2.0,2,0.5216241046739784,1.0,0.7820118499312791,0.4940056792571529,0.5012587513355244,1.0,0.3655012074014637
2022-12-22,花菜类,2.0,2,0.5005384960610075,1.0,0.7824773230628466,0.4052245768118949,0.5216241046739784,1.0,0.4940056792571529
2022-12-23,花菜类,2.0,2,0.5019597545224057,1.0,0.7826925762657897,0.4196230832447183,0.5005384960610075,1.0,0.4052245768118949
2022-12-24,花菜类,2.0,2,0.5012959421653855,1.0,0.782880413727704,0.4132790139378544,0.5019597545224057,1.0,0.4196230832447183
2022-12-25,花菜类,2.0,2,0.5061337310040678,1.0,0.7831816033809794,0.4425226918956956,0.5012959421653855,1.0,0.4132790139378544
2022-12-26,花菜类,2.0,2,0.5054141642710058,1.0,0.7835099404356427,0.4383789490330421,0.5061337310040678,1.0,0.4425226918956956
2022-12-27,花菜类,2.0,2,0.500205947631432,1.0,0.7836841267557648,0.39610682834392275,0.5054141642710058,1.0,0.4383789490330421
2022-12-28,花菜类,2.0,2,0.5187382296705796,1.0,0.7839305056588257,0.28867400282519107,0.500205947631432,1.0,0.39610682834392275
2022-12-29,花菜类,2.0,2,0.505952891920627,1.0,0.7841492015011626,0.33057076903750976,0.5187382296705796,1.0,0.28867400282519107
2022-12-30,花菜类,2.0,2,0.5510158834609058,1.0,0.7843047688992006,0.5445517037838126,0.505952891920627,1.0,0.33057076903750976
2022-12-31,花菜类,2.0,2,0.5394930653140934,0.9999999999999999,0.7844889420178449,0.24375157531216157,0.5510158834609058,1.0,0.5445517037838126
2023-01-01,花菜类,2.0,2,0.5002406833599823,1.0,0.784725763617676,0.3948967040597161,0.5394930653140934,0.9999999999999999,0.24375157531216157
2023-01-02,花菜类,2.0,2,0.5066407329137428,1.0,0.7849719923126495,0.44109285425369776,0.5002406833599823,1.0,0.3948967040597161
2023-01-03,花菜类,2.0,2,0.5012228760330578,1.0,0.7851908178819346,0.358280129780715,0.5066407329137428,1.0,0.44109285425369776
2023-01-04,花菜类,2.0,2,0.5000035743254241,1.0,0.7853788526997105,0.3813405306523626,0.5012228760330578,1.0,0.358280129780715
2023-01-05,花菜类,2.0,2,0.5000009588575397,1.0,0.7855435899519543,0.38304672744358603,0.5000035743254241,1.0,0.3813405306523626
2023-01-06,花菜类,2.0,2,0.507384672002356,1.0,0.7856956649638724,0.3211665661097419,0.5000009588575397,1.0,0.38304672744358603
2023-01-07,花菜类,2.0,2,0.5492569531231186,1.0,0.7858626007584203,0.22472451890119483,0.507384672002356,1.0,0.3211665661097419
2023-01-08,花菜类,2.0,2,0.5822798270870698,1.0,0.7860044384316788,0.21399556156832128,0.5492569531231186,1.0,0.22472451890119483
2023-01-09,花菜类,2.0,2,0.5426742939816496,1.0,0.7862104165762112,0.23522729771264286,0.5822798270870698,1.0,0.21399556156832128
2023-01-10,花菜类,2.0,2,0.5420130530556466,1.0,0.7863977853283111,0.23610074684211363,0.5426742939816496,1.0,0.23522729771264286
2023-01-11,花菜类,2.0,2,0.5012420698058964,1.0,0.7864892853110382,0.35591372071532035,0.5420130530556466,1.0,0.23610074684211363
2023-01-12,花菜类,2.0,2,0.5826311822158705,1.0,0.7866752221459488,0.21332477785405132,0.5012420698058964,1.0,0.35591372071532035
2023-01-13,花菜类,2.0,2,0.5256052968714455,1.0,0.7868436980892193,0.4932537609819868,0.5826311822158705,1.0,0.21332477785405132
2023-01-14,花菜类,2.0,2,0.5001384737346153,1.0,0.787020466696727,0.3711718483711068,0.5256052968714455,1.0,0.4932537609819868
2023-01-15,花菜类,2.0,2,0.5258876387104596,1.0,0.7873438511487525,0.49253113633760903,0.5001384737346153,1.0,0.3711718483711068
2023-01-16,花菜类,2.0,2,0.5014560919204019,1.0,0.7877101161379219,0.40471371493839337,0.5258876387104596,1.0,0.49253113633760903
2023-01-17,花菜类,2.0,2,0.537111197118879,1.0,0.7879674701361168,0.24084846970460197,0.5014560919204019,1.0,0.40471371493839337
2023-01-18,花菜类,3.0,3,0.5619601325039242,1.0,0.9996306272184119,0.13856550640732576,0.537111197118879,1.0,0.24084846970460197
2023-01-19,花菜类,3.0,3,0.44062375945436505,1.0,0.9996312287055878,0.11192311402224164,0.5619601325039242,1.0,0.13856550640732576
2023-01-20,花菜类,3.0,3,0.5978252093240422,1.0,0.9996323230039176,0.19290412283152367,0.44062375945436505,1.0,0.11192311402224164
2023-01-22,花菜类,2.0,2,0.5282113010919787,1.0,0.7891779021787352,0.25684248817439437,,,
2023-01-23,花菜类,2.0,2,0.5398514283962965,1.0,0.7893800258835397,0.2341879666403897,0.5282113010919787,1.0,0.25684248817439437
2023-01-24,花菜类,2.0,2,0.6158392309993972,1.0,0.7897729656313492,0.2102270343686508,0.5398514283962965,1.0,0.2341879666403897
2023-01-25,花菜类,3.0,3,0.6022388012319273,1.0,0.9996357325224079,0.08840441388746387,0.6158392309993972,1.0,0.2102270343686508
2023-01-26,花菜类,3.0,3,0.5066632377217113,1.0,0.9996369049466564,0.1611000739323245,0.6022388012319273,1.0,0.08840441388746387
2023-01-27,花菜类,3.0,3,0.5450597696834464,1.0,0.9996375187070089,0.1209672027312158,0.5066632377217113,1.0,0.1611000739323245
2023-01-28,花菜类,2.0,2,0.6538798405031347,1.0,0.8746033226655203,0.1253966773344796,0.5450597696834464,1.0,0.1209672027312158
2023-01-29,花菜类,2.0,2,0.5148269428210765,1.0,0.7900900055258101,0.2890167113683699,0.6538798405031347,1.0,0.1253966773344796
2023-01-30,花菜类,2.0,2,0.5037793492633398,1.0,0.7903218956055947,0.331308787258382,0.5148269428210765,1.0,0.2890167113683699
2023-01-31,花菜类,2.0,2,0.5242703362621193,1.0,0.7905616047024994,0.26416232313545096,0.5037793492633398,1.0,0.331308787258382
2023-02-01,花菜类,2.0,2,0.5470747327569252,1.0,0.7907718748745225,0.22056038866855407,0.5242703362621193,1.0,0.26416232313545096
2023-02-02,花菜类,2.0,2,0.5477914161207144,1.0,0.7909536131657362,0.2191286523803624,0.5470747327569252,1.0,0.22056038866855407
2023-02-03,花菜类,2.0,2,0.5373123108848581,1.0,0.7911896301263605,0.23673792703258273,0.5477914161207144,1.0,0.2191286523803624
2023-02-04,花菜类,2.0,2,0.6487450334931908,1.0,0.7914928266840979,0.20850717331590207,0.5373123108848581,1.0,0.23673792703258273
2023-02-05,花菜类,3.0,3,0.6825080772643277,1.0,0.9996415072993907,0.1986229811148218,0.6487450334931908,1.0,0.20850717331590207
2023-02-06,花菜类,2.0,2,0.5666491033508295,1.0,0.7919138862920447,0.20808611370795532,0.6825080772643277,1.0,0.1986229811148218
2023-02-07,花菜类,2.0,2,0.5524511902382646,1.0,0.7921024705983053,0.2103455203539774,0.5666491033508295,1.0,0.20808611370795532
2023-02-08,花菜类,2.0,2,0.5145464524521883,1.0,0.7922706246438013,0.2867501323049447,0.5524511902382646,1.0,0.2103455203539774
2023-02-09,花菜类,2.0,2,0.5252284302267944,1.0,0.7924455168809146,0.2593822742873826,0.5145464524521883,1.0,0.2867501323049447
2023-02-10,花菜类,2.0,2,0.5937975686945344,0.9999999999999999,0.7925741593717838,0.2074258406282162,0.5252284302267944,1.0,0.2593822742873826
2023-02-11,花菜类,2.0,2,0.5684272132713741,1.0,0.7927324547681651,0.20726754523183483,0.5937975686945344,0.9999999999999999,0.2074258406282162
2023-02-12,花菜类,2.0,2,0.5405377117375729,1.0,0.7930342670169166,0.22849551736633317,0.5684272132713741,1.0,0.20726754523183483
2023-02-13,花菜类,2.0,2,0.500111158083604,1.0,0.7933000152864038,0.3630828492880477,0.5405377117375729,1.0,0.22849551736633317
2023-02-14,花菜类,2.0,2,0.5332040135294119,1.0,0.7934853350437691,0.2412548695438258,0.500111158083604,1.0,0.3630828492880477
2023-02-15,花菜类,2.0,2,0.5786268730605548,1.0,0.7936797137045905,0.2063202862954096,0.5332040135294119,1.0,0.2412548695438258
2023-02-16,花菜类,2.0,2,0.6193578063978578,1.0000000000000002,0.7938244802310738,0.20617551976892634,0.5786268730605548,1.0,0.2063202862954096
2023-02-17,花菜类,3.0,3,0.5467927110946975,1.0,0.9996456100456529,0.1969458681565042,0.6193578063978578,1.0000000000000002,0.20617551976892634
2023-02-18,花菜类,2.0,2,0.6641619560035879,0.9999999999999999,0.7941892062965654,0.20581079370343447,0.5467927110946975,1.0,0.1969458681565042
2023-02-19,花菜类,2.0,2,0.6492571924334392,1.0,0.7944473727480919,0.2055526272519081,0.6641619560035879,0.9999999999999999,0.20581079370343447
2023-02-20,花菜类,2.0,2,0.6962327772255719,1.0,0.7946429153978185,0.20535708460218155,0.6492571924334392,1.0,0.2055526272519081
2023-02-21,花菜类,3.0,3,0.5103197411410036,1.0,0.9996469844889506,0.24207177851169492,0.6962327772255719,1.0,0.20535708460218155
2023-02-22,花菜类,2.0,2,0.535157225459967,1.0,0.7949107776750197,0.23631340903449166,0.5103197411410036,1.0,0.24207177851169492
2023-02-23,花菜类,3.0,3,0.4886461804402463,1.0,0.9996474994678124,0.054992144404380536,0.535157225459967,1.0,0.23631340903449166
2023-02-24,花菜类,2.0,2,0.5936631666773224,1.0,0.7949540884572857,0.20504591154271434,0.4886461804402463,1.0,0.054992144404380536
2023-02-25,花菜类,2.0,2,0.5350948372315267,1.0,0.7951076193784639,0.23608350060365318,0.5936631666773224,1.0,0.20504591154271434
2023-02-26,花菜类,2.0,2,0.5816441579117706,1.0,0.7953414548675644,0.20465854513243567,0.5350948372315267,1.0,0.23608350060365318
2023-02-27,花菜类,1.0,1,1.0,1.0,0.663717578041624,0.336282421958376,0.5816441579117706,1.0,0.20465854513243567
2023-02-28,花菜类,2.0,2,0.5000002781262637,0.9999999999999999,0.7956446998631725,0.3686536513006533,1.0,1.0,0.336282421958376
2023-03-01,花菜类,2.0,2,0.5491303987641868,1.0,0.7957902248931781,0.21126033499264973,0.5000002781262637,0.9999999999999999,0.3686536513006533
2023-03-02,花菜类,2.0,2,0.6066027829547087,1.0,0.7959075294436004,0.20409247055639962,0.5491303987641868,1.0,0.21126033499264973
2023-03-03,花菜类,2.0,2,0.6280540409023334,1.0,0.7960311108482828,0.20396888915171724,0.6066027829547087,1.0,0.20409247055639962
2023-03-04,花菜类,2.0,2,0.5549047068395675,0.9999999999999999,0.7961891038837507,0.20381089611624914,0.6280540409023334,1.0,0.20396888915171724
2023-03-05,花菜类,2.0,2,0.6206036540682431,1.0,0.796364473799761,0.203635526200239,0.5549047068395675,0.9999999999999999,0.20381089611624914
2023-03-06,花菜类,2.0,2,0.5675093299942806,1.0,0.796604992109367,0.203395007890633,0.6206036540682431,1.0,0.203635526200239
2023-03-07,花菜类,2.0,2,0.7293766481836967,1.0,0.7968908310874225,0.2031091689125774,0.5675093299942806,1.0,0.203395007890633
2023-03-08,花菜类,2.0,2,0.5035367178930537,1.0,0.7970386426317719,0.40951506043300245,0.7293766481836967,1.0,0.2031091689125774
2023-03-09,花菜类,2.0,2,0.5404664592164163,1.0,0.7971299804372519,0.22512025896861576,0.5035367178930537,1.0,0.40951506043300245
2023-03-10,花菜类,2.0,2,0.5752249770431589,1.0,0.797232028309732,0.561175290277724,0.5404664592164163,1.0,0.22512025896861576
2023-03-11,花菜类,1.0,1,1.0,1.0,0.13282865060056687,0.8671713493994332,0.5752249770431589,1.0,0.561175290277724
2023-03-12,花菜类,1.0,1,1.0,1.0,0.13317854435044124,0.8668214556495588,1.0,1.0,0.8671713493994332
2023-03-13,花菜类,1.0,1,1.0,1.0,0.13354686973300256,0.8664531302669976,1.0,1.0,0.8668214556495588
2023-03-14,花菜类,1.0,1,1.0,1.0,0.133760214972685,0.866239785027315,1.0,1.0,0.8664531302669976
2023-03-15,花菜类,1.0,1,1.0,1.0,0.13400766324334884,0.8659923367566511,1.0,1.0,0.866239785027315
2023-03-16,花菜类,2.0,2,0.5480782804696104,0.9999999999999999,0.7975212559252598,0.21078022543798952,1.0,1.0,0.8659923367566511
2023-03-17,花菜类,2.0,2,0.5595395584653751,1.0,0.7976677702288784,0.20233222977112159,0.5480782804696104,0.9999999999999999,0.21078022543798952
2023-03-18,花菜类,2.0,2,0.5587756756282884,1.0,0.7978902748328403,0.20210972516715964,0.5595395584653751,1.0,0.20233222977112159
2023-03-19,花菜类,2.0,2,0.6114557590755221,1.0,0.798213418248986,0.20178658175101397,0.5587756756282884,1.0,0.20210972516715964
2023-03-20,花菜类,2.0,2,0.5452567755131859,1.0,0.7984813279680892,0.21470508115788917,0.6114557590755221,1.0,0.20178658175101397
2023-03-21,花菜类,2.0,2,0.50656413801575,1.0000000000000002,0.7986577782617567,0.4222620681483528,0.5452567755131859,1.0,0.21470508115788917
2023-03-22,花菜类,2.0,2,0.5043871733086365,1.0,0.7988368106800939,0.3177806788448799,0.50656413801575,1.0000000000000002,0.4222620681483528
2023-03-23,花菜类,2.0,2,0.5828183853484458,1.0,0.7989701339151096,0.20102986608489037,0.5043871733086365,1.0,0.3177806788448799
2023-03-24,花菜类,2.0,2,0.5431921951381034,1.0,0.7991009700017904,0.21760141603861513,0.5828183853484458,1.0,0.20102986608489037
2023-03-25,花菜类,2.0,2,0.5376186954187184,1.0,0.7992327406407039,0.22724973222039613,0.5431921951381034,1.0,0.21760141603861513
2023-03-26,花菜类,2.0,2,0.5038834738369296,1.0,0.7993631495248634,0.4082977281043264,0.5376186954187184,1.0,0.22724973222039613
2023-03-27,花菜类,2.0,2,0.5323040299871227,1.0,0.7995837903361411,0.23668508127268367,0.5038834738369296,1.0,0.4082977281043264
2023-03-28,花菜类,2.0,2,0.5006638919009845,1.0,0.7996786346376575,0.3454870690240882,0.5323040299871227,1.0,0.23668508127268367
2023-03-29,花菜类,2.0,2,0.5327335632359069,1.0,0.7997625566168091,0.2356747641789561,0.5006638919009845,1.0,0.3454870690240882
2023-03-30,花菜类,2.0,2,0.5703989339286194,1.0,0.7998855125629988,0.20011448743700125,0.5327335632359069,1.0,0.2356747641789561
2023-03-31,花菜类,2.0,2,0.5059734345115173,1.0,0.8000041112581322,0.30880561412837937,0.5703989339286194,1.0,0.20011448743700125
2023-04-01,花菜类,2.0,2,0.5625540755413687,1.0,0.8001468954554082,0.19985310454459182,0.5059734345115173,1.0,0.30880561412837937
2023-04-02,花菜类,2.0,2,0.537744208335095,1.0,0.8003227711730548,0.22584944243061067,0.5625540755413687,1.0,0.19985310454459182
2023-04-03,花菜类,2.0,2,0.7431601900732907,1.0,0.8005204768355806,0.1994795231644194,0.537744208335095,1.0,0.22584944243061067
2023-04-04,花菜类,2.0,2,0.6547635580954713,1.0,0.8006002636304034,0.19939973636959657,0.7431601900732907,1.0,0.1994795231644194
2023-04-05,花菜类,2.0,2,0.5285623331707627,1.0,0.8006888500472071,0.24340498459542453,0.6547635580954713,1.0,0.19939973636959657
2023-04-06,花菜类,2.0,2,0.5040468438711724,0.9999999999999999,0.8008696364750163,0.31776510410829495,0.5285623331707627,1.0,0.24340498459542453
2023-04-07,花菜类,2.0,2,0.5746776029608204,1.0,0.8009832401976793,0.19901675980232067,0.5040468438711724,0.9999999999999999,0.31776510410829495
2023-04-08,花菜类,2.0,2,0.6819029718510642,0.9999999999999999,0.8011320947596186,0.1988679052403814,0.5746776029608204,1.0,0.19901675980232067
2023-04-09,花菜类,2.0,2,0.5265754074592528,1.0,0.8012997459684781,0.24714084127900332,0.6819029718510642,0.9999999999999999,0.1988679052403814
2023-04-10,花菜类,2.0,2,0.5638451816561637,1.0,0.8014433651070224,0.1985566348929776,0.5265754074592528,1.0,0.24714084127900332
2023-04-11,花菜类,2.0,2,0.5939639646796557,1.0,0.8015341785319263,0.1984658214680736,0.5638451816561637,1.0,0.1985566348929776
2023-04-12,花菜类,2.0,2,0.6795463232016137,1.0,0.8016035516644175,0.1983964483355824,0.5939639646796557,1.0,0.1984658214680736
2023-04-13,花菜类,2.0,2,0.6190399011089214,1.0,0.801690042060602,0.1983099579393979,0.6795463232016137,1.0,0.1983964483355824
2023-04-14,花菜类,2.0,2,0.8654500939048431,1.0,0.8017720153112753,0.26363361248875944,0.6190399011089214,1.0,0.1983099579393979
2023-04-15,花菜类,2.0,2,0.6086890531274847,1.0,0.8018466529572381,0.19815334704276188,0.8654500939048431,1.0,0.26363361248875944
2023-04-16,花菜类,2.0,2,0.5165627443846421,1.0,0.8019539063194799,0.2710910652496235,0.6086890531274847,1.0,0.19815334704276188
2023-04-17,花菜类,2.0,2,0.6462476804033472,1.0,0.8020725263484517,0.19792747365154828,0.5165627443846421,1.0,0.2710910652496235
2023-04-18,花菜类,2.0,2,0.5536647771420944,1.0,0.802140683116187,0.19808849955594277,0.6462476804033472,1.0,0.19792747365154828
2023-04-19,花菜类,2.0,2,0.5806252025058688,1.0,0.8022257920751649,0.19777420792483524,0.5536647771420944,1.0,0.19808849955594277
2023-04-20,花菜类,2.0,2,0.532238415503336,0.9999999999999999,0.802313803898773,0.23482461703669727,0.5806252025058688,1.0,0.19777420792483524
2023-04-21,花菜类,2.0,2,0.542439629127741,1.0,0.8023967809250543,0.21613050569675646,0.532238415503336,0.9999999999999999,0.23482461703669727
2023-04-22,花菜类,2.0,2,0.5237607290802576,1.0,0.802525600737953,0.25270295455294123,0.542439629127741,1.0,0.21613050569675646
2023-04-23,花菜类,2.0,2,0.9271422726548174,0.9999999999999999,0.8027244512218364,0.29797067830990687,0.5237607290802576,1.0,0.25270295455294123
2023-04-24,花菜类,2.0,2,0.5762826986851916,1.0,0.8028348367069873,0.1971651632930127,0.9271422726548174,0.9999999999999999,0.29797067830990687
2023-04-25,花菜类,2.0,2,0.5108431115270538,1.0,0.8029195361289438,0.28801133735298995,0.5762826986851916,1.0,0.1971651632930127
2023-04-26,花菜类,2.0,2,0.5000067454942494,1.0,0.8030005099842604,0.3632989953102917,0.5108431115270538,1.0,0.28801133735298995
2023-04-27,花菜类,2.0,2,0.5314610292261077,1.0,0.8031072361999373,0.23579733063560238,0.5000067454942494,1.0,0.3632989953102917
2023-04-28,花菜类,2.0,2,0.5006030066860236,1.0,0.8031727721839325,0.34376303557906007,0.5314610292261077,1.0,0.23579733063560238
2023-04-29,花菜类,2.0,2,0.5133908033766962,1.0,0.8032814884089075,0.44280274863645686,0.5006030066860236,1.0,0.34376303557906007
2023-04-30,花菜类,2.0,2,0.5179164451497719,1.0,0.8034196554154653,0.4553452029266699,0.5133908033766962,1.0,0.44280274863645686
2023-05-01,花菜类,2.0,2,0.5593458630933863,1.0,0.8035447836541054,0.5325718956068066,0.5179164451497719,1.0,0.4553452029266699
2023-05-02,花菜类,2.0,2,0.5000688847243243,0.9999999999999999,0.8036995426015907,0.3539567003664087,0.5593458630933863,1.0,0.5325718956068066
2023-05-03,花菜类,2.0,2,0.5031933802149704,1.0,0.8038033833735243,0.39964554565958255,0.5000688847243243,0.9999999999999999,0.3539567003664087
2023-05-04,花菜类,2.0,2,0.5096859484226448,1.0,0.8039734099585257,0.42889351786239027,0.5031933802149704,1.0,0.39964554565958255
2023-05-05,花菜类,2.0,2,0.5054254229030055,1.0,0.8041307388167334,0.4109723218728305,0.5096859484226448,1.0,0.42889351786239027
2023-05-06,花菜类,2.0,2,0.5800198425000787,1.0,0.8042688853899159,0.5585407251818393,0.5054254229030055,1.0,0.4109723218728305
2023-05-07,花菜类,2.0,2,0.5001368550374456,1.0,0.8044300597374239,0.34975174632839134,0.5800198425000787,1.0,0.5585407251818393
2023-05-08,花菜类,2.0,2,0.7592661073327049,1.0,0.8047061818946376,0.197795541676202,0.5001368550374456,1.0,0.34975174632839134
2023-05-09,花菜类,2.0,2,0.5135062667744091,1.0,0.8047945202611941,0.2754236750200302,0.7592661073327049,1.0,0.197795541676202
2023-05-10,花菜类,2.0,2,0.5138909915933844,1.0,0.8049237679320866,0.27405193951211576,0.5135062667744091,1.0,0.2754236750200302
2023-05-11,花菜类,2.0,2,0.5240664300531913,1.0,0.8050540334075625,0.24754705734797172,0.5138909915933844,1.0,0.27405193951211576
2023-05-12,花菜类,2.0,2,0.6511431569663291,1.0,0.805157251098852,0.1948427489011481,0.5240664300531913,1.0,0.24754705734797172
2023-05-13,花菜类,2.0,2,0.5091699765584075,1.0,0.8052585202115091,0.28942582112808746,0.6511431569663291,1.0,0.1948427489011481
2023-05-14,花菜类,2.0,2,0.500097043817617,1.0,0.805483342612986,0.3638206803967242,0.5091699765584075,1.0,0.28942582112808746
2023-05-15,花菜类,2.0,2,0.5342907073431996,1.0,0.8057028240762765,0.2254444773681014,0.500097043817617,1.0,0.3638206803967242
2023-05-16,花菜类,2.0,2,0.6036869118327203,1.0,0.8058368280438486,0.1941631719561515,0.5342907073431996,1.0,0.2254444773681014
2023-05-17,花菜类,2.0,2,0.6897487938186544,1.0,0.8059613522866729,0.19403864771332724,0.6036869118327203,1.0,0.1941631719561515
2023-05-18,花菜类,2.0,2,0.6656218828690414,1.0,0.8060354368745573,0.19396456312544264,0.6897487938186544,1.0,0.19403864771332724
2023-05-19,花菜类,2.0,2,0.55755306637071,1.0,0.8061195958887686,0.19388040411123136,0.6656218828690414,1.0,0.19396456312544264
2023-05-20,花菜类,2.0,2,0.580013089540617,1.0,0.8061960340827077,0.1938039659172923,0.55755306637071,1.0,0.19388040411123136
2023-05-21,花菜类,2.0,2,0.50778998791949,1.0,0.806298140333622,0.2935083015102894,0.580013089540617,1.0,0.1938039659172923
2023-05-22,花菜类,2.0,2,0.5971565675098982,1.0,0.8064412525929601,0.1935587474070399,0.50778998791949,1.0,0.2935083015102894
2023-05-23,花菜类,2.0,2,0.5969235356006537,1.0,0.8065074963510778,0.19349250364892218,0.5971565675098982,1.0,0.1935587474070399
2023-05-24,花菜类,2.0,2,0.6887401610011414,1.0,0.8066027628300084,0.1933972371699917,0.5969235356006537,1.0,0.19349250364892218
2023-05-25,花菜类,2.0,2,0.5076030443581627,1.0,0.8066758125239367,0.4175031146719397,0.6887401610011414,1.0,0.1933972371699917
2023-05-26,花菜类,2.0,2,0.5116683395067554,0.9999999999999999,0.8067390776254842,0.27943524838181333,0.5076030443581627,1.0,0.4175031146719397
2023-05-27,花菜类,2.0,2,0.5047632810104028,1.0,0.8068580313304353,0.3068607745994063,0.5116683395067554,0.9999999999999999,0.27943524838181333
2023-05-28,花菜类,2.0,2,0.5468090729996474,0.9999999999999999,0.8070673831272732,0.20237634563924314,0.5047632810104028,1.0,0.3068607745994063
2023-05-29,花菜类,2.0,2,0.5669736920751572,1.0,0.8072351336403258,0.19276486635967421,0.5468090729996474,0.9999999999999999,0.20237634563924314
2023-05-30,花菜类,2.0,2,0.6582127228114125,1.0,0.8073183545753295,0.19268164542467062,0.5669736920751572,1.0,0.19276486635967421
2023-05-31,花菜类,2.0,2,0.5499758564661146,1.0,0.8073930346936413,0.19709600454323078,0.6582127228114125,1.0,0.19268164542467062
2023-06-01,花菜类,2.0,2,0.572508032867197,1.0,0.80747818773435,0.19252181226564993,0.5499758564661146,1.0,0.19709600454323078
2023-06-02,花菜类,2.0,2,0.669718325735176,1.0,0.8075766786988299,0.1924233213011702,0.572508032867197,1.0,0.19252181226564993
2023-06-03,花菜类,2.0,2,0.6267129548727985,0.9999999999999999,0.8076543472975477,0.19234565270245216,0.669718325735176,1.0,0.1924233213011702
2023-06-04,花菜类,2.0,2,0.6965305765125438,1.0,0.8078175425499321,0.19218245745006796,0.6267129548727985,0.9999999999999999,0.19234565270245216
2023-06-05,花菜类,2.0,2,0.5628498116135121,1.0,0.8079386317913204,0.19206136820867958,0.6965305765125438,1.0,0.19218245745006796
2023-06-06,花菜类,2.0,2,0.900171147303696,1.0,0.808048496302729,0.28416752766240705,0.5628498116135121,1.0,0.19206136820867958
2023-06-07,花菜类,1.0,1,1.0,1.0,0.6633694615193525,0.3366305384806475,0.900171147303696,1.0,0.28416752766240705
2023-06-08,花菜类,2.0,2,0.8505933357497524,1.0,0.8082013434722102,0.2550844206928561,1.0,1.0,0.3366305384806475
2023-06-09,花菜类,2.0,2,0.7438350624412502,1.0,0.8082690875070908,0.19173091249290913,0.8505933357497524,1.0,0.2550844206928561
2023-06-10,花菜类,2.0,2,0.6434098313102898,1.0,0.8083265842970564,0.19167341570294366,0.7438350624412502,1.0,0.19173091249290913
2023-06-11,花菜类,2.0,2,0.5605423128424744,1.0,0.8084552795057505,0.1915447204942495,0.6434098313102898,1.0,0.19167341570294366
2023-06-12,花菜类,2.0,2,0.5117539304571568,1.0,0.8085745618914969,0.43228948561274916,0.5605423128424744,1.0,0.1915447204942495
2023-06-13,花菜类,1.0,1,1.0,1.0,0.6640768912168747,0.3359231087831253,0.5117539304571568,1.0,0.43228948561274916
2023-06-14,花菜类,2.0,2,0.9414414896539438,1.0000000000000002,0.8086885222908778,0.3055731456151567,1.0,1.0,0.3359231087831253
2023-06-15,花菜类,2.0,2,0.8249401765854989,1.0,0.8087292014877877,0.2388311785866501,0.9414414896539438,1.0000000000000002,0.3055731456151567
2023-06-16,花菜类,3.0,3,0.3556681090151863,1.0,0.9996717965249324,0.21584122525754246,0.8249401765854989,1.0,0.2388311785866501
2023-06-17,花菜类,1.0,1,1.0,1.0,0.6640799630743295,0.33592003692567063,0.3556681090151863,1.0,0.21584122525754246
2023-06-18,花菜类,2.0,2,0.81501824258455,0.9999999999999999,0.8087373050998827,0.2322953029358697,1.0,1.0,0.33592003692567063
2023-06-19,花菜类,1.0,1,1.0,1.0,0.6648426755021589,0.3351573244978411,0.81501824258455,0.9999999999999999,0.2322953029358697
2023-06-20,花菜类,2.0,2,0.7845871271852793,1.0,0.8088898392587087,0.21200195603742247,1.0,1.0,0.3351573244978411
2023-06-21,花菜类,1.0,1,1.0,1.0,0.6653940989732084,0.33460590102679144,0.7845871271852793,1.0,0.21200195603742247
2023-06-22,花菜类,1.0,1,1.0,1.0,0.6656678720106839,0.3343321279893161,1.0,1.0,0.33460590102679144
2023-06-23,花菜类,1.0,1,1.0,1.0,0.6659930162516368,0.3340069837483632,1.0,1.0,0.3343321279893161
2023-06-24,花菜类,2.0,2,0.6957728072607652,1.0,0.8091438073460866,0.19085619265391335,1.0,1.0,0.3340069837483632
2023-06-25,花菜类,1.0,1,1.0,1.0,0.6663773441442369,0.3336226558557631,0.6957728072607652,1.0,0.19085619265391335
2023-06-26,花菜类,1.0,1,1.0,1.0,0.6665905048878796,0.33340949511212037,1.0,1.0,0.3336226558557631
2023-06-27,花菜类,1.0,1,1.0,1.0,0.6667137120823623,0.3332862879176377,1.0,1.0,0.33340949511212037
2023-06-28,花菜类,2.0,2,0.7230666070760152,1.0,0.8093382085318132,0.19066179146818701,1.0,1.0,0.3332862879176377
2023-06-29,花菜类,2.0,2,0.5463820570363949,1.0,0.8094119729945446,0.20544897682997093,0.7230666070760152,1.0,0.19066179146818701
2023-06-30,花菜类,2.0,2,0.5814684716504233,1.0,0.8095198521950492,0.19048014780495082,0.5463820570363949,1.0,0.20544897682997093
2020-07-01,茄类,2.0,2,0.5000010804591423,1.0,0.0,,,,
2020-07-02,茄类,2.0,2,0.5053638535615964,1.0,1.0,0.05105231947802949,0.5000010804591423,1.0,
2020-07-03,茄类,2.0,2,0.5002421765421032,1.0,1.0,0.014057773443448413,0.5053638535615964,1.0,0.05105231947802949
2020-07-04,茄类,2.0,2,0.5124997646003506,1.0,1.0,0.09924098674879323,0.5002421765421032,1.0,0.014057773443448413
2020-07-05,茄类,3.0,3,0.3766585926153833,1.0,1.0,0.16451708181549668,0.5124997646003506,1.0,0.09924098674879323
2020-07-06,茄类,3.0,3,0.4012068370229912,1.0,1.0,0.2013787653224718,0.3766585926153833,1.0,0.16451708181549668
2020-07-07,茄类,2.0,2,0.5041116679563729,0.9999999999999999,0.9391011280505938,0.07468449846840158,0.4012068370229912,1.0,0.2013787653224718
2020-07-08,茄类,2.0,2,0.5030833763575496,1.0,0.9459793118244777,0.060172337815271856,0.5041116679563729,0.9999999999999999,0.07468449846840158
2020-07-09,茄类,3.0,3,0.3373155355529499,1.0,1.0,0.25168761813644375,0.5030833763575496,1.0,0.060172337815271856
2020-07-10,茄类,3.0,3,0.3631074986176765,1.0,1.0,0.1290798968886278,0.3373155355529499,1.0,0.25168761813644375
2020-07-11,茄类,2.0,2,0.500267394552813,1.0,0.9223351603936438,0.07766483960635628,0.3631074986176765,1.0,0.1290798968886278
2020-07-12,茄类,3.0,3,0.3791197900656974,1.0,1.0,0.17946790589189843,0.500267394552813,1.0,0.07766483960635628
2020-07-13,茄类,3.0,3,0.36357334038190253,1.0,1.0,0.11247923676534824,0.3791197900656974,1.0,0.17946790589189843
2020-07-14,茄类,3.0,3,0.36774559392230133,1.0,1.0,0.09401947158323284,0.36357334038190253,1.0,0.11247923676534824
2020-07-15,茄类,3.0,3,0.3426421653534332,1.0,1.0,0.1564980394622851,0.36774559392230133,1.0,0.09401947158323284
2020-07-16,茄类,3.0,3,0.3440054068843058,1.0,1.0,0.2603528986460958,0.3426421653534332,1.0,0.1564980394622851
2020-07-17,茄类,3.0,3,0.3507966167377907,1.0000000000000002,1.0,0.23334707736416876,0.3440054068843058,1.0,0.2603528986460958
2020-07-18,茄类,3.0,3,0.345209316645925,1.0,1.0,0.13453277466226093,0.3507966167377907,1.0000000000000002,0.23334707736416876
2020-07-19,茄类,3.0,3,0.39569897749520483,1.0,1.0,0.19252687292466458,0.345209316645925,1.0,0.13453277466226093
2020-07-20,茄类,3.0,3,0.3593256929107357,1.0,1.0000000000000002,0.23715859555862678,0.39569897749520483,1.0,0.19252687292466458
2020-07-21,茄类,3.0,3,0.3561342332672264,1.0,1.0,0.08485614364962864,0.3593256929107357,1.0,0.23715859555862678
2020-07-22,茄类,3.0,3,0.3361111348487166,1.0,1.0,0.1335232365032588,0.3561342332672264,1.0,0.08485614364962864
2020-07-23,茄类,3.0,3,0.34334584922000283,1.0,1.0,0.12230304783665029,0.3361111348487166,1.0,0.1335232365032588
2020-07-24,茄类,3.0,3,0.44518200096670235,1.0,1.0000000000000002,0.2828122006553831,0.34334584922000283,1.0,0.12230304783665029
2020-07-25,茄类,3.0,3,0.4020465366186382,1.0,1.0,0.3735082126209692,0.44518200096670235,1.0,0.2828122006553831
2020-07-26,茄类,3.0,3,0.3414418650742695,1.0,1.0000000000000002,0.0757396431844583,0.4020465366186382,1.0,0.3735082126209692
2020-07-27,茄类,3.0,3,0.3440702595291628,0.9999999999999999,1.0,0.21654532863665893,0.3414418650742695,1.0,0.0757396431844583
2020-07-28,茄类,3.0,3,0.3523267048905022,1.0,1.0,0.16119797210358108,0.3440702595291628,0.9999999999999999,0.21654532863665893
2020-07-29,茄类,3.0,3,0.35781650993658626,1.0,1.0,0.15700305230855577,0.3523267048905022,1.0,0.16119797210358108
2020-07-30,茄类,3.0,3,0.34418090244990757,1.0,1.0,0.09706541722539024,0.35781650993658626,1.0,0.15700305230855577
2020-07-31,茄类,3.0,3,0.3450840100708784,1.0000000000000002,1.0,0.049763659078524994,0.34418090244990757,1.0,0.09706541722539024
2020-08-01,茄类,3.0,3,0.3334632923586256,1.0,1.0,0.12550629170210273,0.3450840100708784,1.0000000000000002,0.049763659078524994
2020-08-02,茄类,3.0,3,0.37568685509330424,1.0,1.0,0.07581008614222198,0.3334632923586256,1.0,0.12550629170210273
2020-08-03,茄类,3.0,3,0.37884578336343677,0.9999999999999999,1.0,0.10925365774399667,0.37568685509330424,1.0,0.07581008614222198
2020-08-04,茄类,3.0,3,0.3408012673898668,1.0,1.0,0.14479500272155793,0.37884578336343677,0.9999999999999999,0.10925365774399667
2020-08-05,茄类,3.0,3,0.3386136490407265,1.0,1.0,0.14489604846461282,0.3408012673898668,1.0,0.14479500272155793
2020-08-06,茄类,2.0,2,0.5479836980362968,1.0,0.6457487877569204,0.35425121224307965,0.3386136490407265,1.0,0.14489604846461282
2020-08-07,茄类,3.0,3,0.5033057762164809,0.9999999999999999,1.0,0.24030469880327918,0.5479836980362968,1.0,0.35425121224307965
2020-08-08,茄类,3.0,3,0.4672208006878573,1.0,1.0,0.19927787160195515,0.5033057762164809,0.9999999999999999,0.24030469880327918
2020-08-09,茄类,3.0,3,0.38362661296000594,1.0,1.0,0.15610259386921288,0.4672208006878573,1.0,0.19927787160195515
2020-08-10,茄类,3.0,3,0.3895466653547531,1.0,1.0,0.14940634107569195,0.38362661296000594,1.0,0.15610259386921288
2020-08-11,茄类,3.0,3,0.436316611096244,1.0,1.0,0.153000064514153,0.3895466653547531,1.0,0.14940634107569195
2020-08-12,茄类,3.0,3,0.33704559271236834,1.0,1.0,0.09467311775786282,0.436316611096244,1.0,0.153000064514153
2020-08-13,茄类,3.0,3,0.3518740680874733,1.0,1.0,0.023107679625877883,0.33704559271236834,1.0,0.09467311775786282
2020-08-14,茄类,3.0,3,0.4606669519529002,1.0,1.0,0.17821850403714934,0.3518740680874733,1.0,0.023107679625877883
2020-08-15,茄类,3.0,3,0.41964586504079515,0.9999999999999999,1.0,0.12452799030892873,0.4606669519529002,1.0,0.17821850403714934
2020-08-16,茄类,3.0,3,0.364777772574445,0.9999999999999999,1.0,0.23920155569164944,0.41964586504079515,0.9999999999999999,0.12452799030892873
2020-08-17,茄类,3.0,3,0.4267152599257812,1.0,1.0,0.13332474663091803,0.364777772574445,0.9999999999999999,0.23920155569164944
2020-08-18,茄类,3.0,3,0.3536962852207056,0.9999999999999998,1.0,0.03689550973720793,0.4267152599257812,1.0,0.13332474663091803
2020-08-19,茄类,3.0,3,0.3569704812464147,0.9999999999999999,1.0000000000000002,0.07468524358895799,0.3536962852207056,0.9999999999999998,0.03689550973720793
2020-08-20,茄类,3.0,3,0.3924086793632347,1.0,1.0,0.07971711975256311,0.3569704812464147,0.9999999999999999,0.07468524358895799
2020-08-21,茄类,3.0,3,0.34550725021904466,1.0,0.9999999999999999,0.08616384009384939,0.3924086793632347,1.0,0.07971711975256311
2020-08-22,茄类,3.0,3,0.38273468105850766,1.0,1.0,0.14898726313057356,0.34550725021904466,1.0,0.08616384009384939
2020-08-23,茄类,3.0,3,0.37696567554956006,1.0,1.0,0.14919649709373062,0.38273468105850766,1.0,0.14898726313057356
2020-08-24,茄类,3.0,3,0.35844125332549914,1.0,1.0,0.06835563219240008,0.37696567554956006,1.0,0.14919649709373062
2020-08-25,茄类,3.0,3,0.38209953010896247,1.0,1.0,0.08769046035706171,0.35844125332549914,1.0,0.06835563219240008
2020-08-26,茄类,3.0,3,0.371454467973876,1.0,1.0,0.08071037240405879,0.38209953010896247,1.0,0.08769046035706171
2020-08-27,茄类,4.0,4,0.4490331089746259,0.9777301479429139,1.0,0.284517375483538,0.371454467973876,1.0,0.08071037240405879
2020-08-28,茄类,3.0,3,0.3814991255823978,1.0,0.7541859193360826,0.25150974131760817,0.4490331089746259,0.9777301479429139,0.284517375483538
2020-08-29,茄类,3.0,3,0.4525605306838991,0.9999999999999999,0.7567884930931355,0.24321150690686455,0.3814991255823978,1.0,0.25150974131760817
2020-08-30,茄类,3.0,3,0.34435200162680873,1.0,0.7599579586137047,0.3142795659433061,0.4525605306838991,0.9999999999999999,0.24321150690686455
2020-08-31,茄类,3.0,3,0.36017915451469446,1.0,0.7621447502685736,0.27974502995325,0.34435200162680873,1.0,0.3142795659433061
2020-09-01,茄类,3.0,3,0.4035670061573181,0.9999999999999998,0.7637304486181008,0.2852783480832291,0.36017915451469446,1.0,0.27974502995325
2020-09-02,茄类,3.0,3,0.36835925117768165,1.0,0.7663033587781207,0.2901816707626318,0.4035670061573181,0.9999999999999998,0.2852783480832291
2020-09-03,茄类,3.0,3,0.36856667956413713,1.0,0.7676366362525634,0.3525058581438385,0.36835925117768165,1.0,0.2901816707626318
2020-09-04,茄类,3.0,3,0.35446564403071246,1.0,0.7689830319290514,0.3770299106637679,0.36856667956413713,1.0,0.3525058581438385
2020-09-05,茄类,4.0,4,0.32698244911963287,0.942486140345676,0.7708784288472876,0.3494535086706268,0.35446564403071246,1.0,0.3770299106637679
2020-09-06,茄类,4.0,4,0.30872333749715347,0.9333473066443094,0.7739700847230151,0.2898998286721284,0.32698244911963287,0.942486140345676,0.3494535086706268
2020-09-07,茄类,4.0,4,0.3189720047598482,0.9690757270371437,0.7769500116453957,0.3201077554564127,0.30872333749715347,0.9333473066443094,0.2898998286721284
2020-09-08,茄类,4.0,4,0.31494542865885367,0.9608204431944917,0.7784686078128094,0.31139590458500377,0.3189720047598482,0.9690757270371437,0.3201077554564127
2020-09-09,茄类,4.0,4,0.28791897732300886,0.868698613072004,0.780245475031289,0.446134247639743,0.31494542865885367,0.9608204431944917,0.31139590458500377
2020-09-10,茄类,4.0,4,0.3731743768228484,0.9848072830456372,0.7812698032958103,0.22748817493770948,0.28791897732300886,0.868698613072004,0.446134247639743
2020-09-11,茄类,3.0,3,0.5497919575724615,1.0,0.7798664300122878,0.5543698795988184,0.3731743768228484,0.9848072830456372,0.22748817493770948
2020-09-12,茄类,4.0,4,0.34133012812196406,0.9780953715379945,0.7843858028330682,0.26147024620945863,0.5497919575724615,1.0,0.5543698795988184
2020-09-13,茄类,3.0,3,0.44464363308395466,1.0,0.783174019913988,0.2725542784735658,0.34133012812196406,0.9780953715379945,0.26147024620945863
2020-09-14,茄类,3.0,3,0.45242964014238685,1.0,0.7855070900913955,0.3622821139186247,0.44464363308395466,1.0,0.2725542784735658
2020-09-15,茄类,3.0,3,0.33928857475529767,1.0,0.7867950855151771,0.376577915992049,0.45242964014238685,1.0,0.3622821139186247
2020-09-16,茄类,3.0,3,0.4420776967498706,1.0,0.7878407867037817,0.24414471607588714,0.33928857475529767,1.0,0.376577915992049
2020-09-17,茄类,3.0,3,0.37839108439345187,1.0,0.7890279788013715,0.3532690727297104,0.4420776967498706,1.0,0.24414471607588714
2020-09-18,茄类,3.0,3,0.35521986860762145,1.0,0.7907942242222428,0.2267333532867727,0.37839108439345187,1.0,0.3532690727297104
2020-09-19,茄类,3.0,3,0.37818679648753106,1.0000000000000002,0.7918436743618001,0.22584896915861455,0.35521986860762145,1.0,0.2267333532867727
2020-09-20,茄类,3.0,3,0.4454335749988391,1.0,0.7941183975733223,0.33857788320703003,0.37818679648753106,1.0000000000000002,0.22584896915861455
2020-09-21,茄类,3.0,3,0.3463528511443675,1.0,0.7971421580032289,0.3782612465532515,0.4454335749988391,1.0,0.33857788320703003
2020-09-22,茄类,3.0,3,0.36096134875703345,1.0000000000000002,0.7986302472592466,0.33271848876896715,0.3463528511443675,1.0,0.3782612465532515
2020-09-23,茄类,3.0,3,0.39633794313549897,1.0,0.8004414460423485,0.37941315389844527,0.36096134875703345,1.0000000000000002,0.33271848876896715
2020-09-24,茄类,3.0,3,0.43956021387979066,1.0,0.8019944826985487,0.4057737916719675,0.39633794313549897,1.0,0.37941315389844527
2020-09-25,茄类,3.0,3,0.42434447372045475,1.0,0.803279623046991,0.4703100151885603,0.43956021387979066,1.0,0.4057737916719675
2020-09-26,茄类,3.0,3,0.3379021223692654,1.0000000000000002,0.8050556234282,0.3031637295105579,0.42434447372045475,1.0,0.4703100151885603
2020-09-27,茄类,3.0,3,0.38249614605668075,1.0,0.8072541063725195,0.19274589362748062,0.3379021223692654,1.0000000000000002,0.3031637295105579
2020-09-28,茄类,3.0,3,0.37779138675323753,1.0,0.8085765393430838,0.3987552573582218,0.38249614605668075,1.0,0.19274589362748062
2020-09-29,茄类,3.0,3,0.3413910015960765,1.0,0.8097463931769269,0.35816664046288016,0.37779138675323753,1.0,0.3987552573582218
2020-09-30,茄类,3.0,3,0.3410228913537102,1.0,0.8112955948240903,0.32757709994305717,0.3413910015960765,1.0,0.35816664046288016
2020-10-01,茄类,3.0,3,0.3676102692632528,1.0,0.8128898359781861,0.2964370036389646,0.3410228913537102,1.0,0.32757709994305717
2020-10-02,茄类,3.0,3,0.3689734377162115,1.0,0.8148541738175438,0.26696859096278025,0.3676102692632528,1.0,0.2964370036389646
2020-10-03,茄类,4.0,4,0.27554117947034773,0.8832297159046196,0.9975044592867438,0.3104276636572482,0.3689734377162115,1.0,0.26696859096278025
2020-10-04,茄类,3.0,3,0.36779256537729865,0.9999999999999999,0.8155530589367845,0.2959406383395493,0.27554117947034773,0.8832297159046196,0.3104276636572482
2020-10-05,茄类,3.0,3,0.3364857503668622,1.0,0.8180491652912253,0.25097595268455175,0.36779256537729865,0.9999999999999999,0.2959406383395493
2020-10-06,茄类,4.0,4,0.3562457441539278,0.9422231674464767,0.9976101244153701,0.24618642364431845,0.3364857503668622,1.0,0.25097595268455175
2020-10-07,茄类,4.0,4,0.29134775455708306,0.8514354478253395,0.9976406453610526,0.2901494539894468,0.3562457441539278,0.9422231674464767,0.24618642364431845
2020-10-08,茄类,4.0,4,0.28544739336940805,0.8664377426097343,0.997661174205426,0.3120211836649883,0.29134775455708306,0.8514354478253395,0.2901494539894468
2020-10-09,茄类,4.0,4,0.33592275679372774,0.8503437770184034,0.9976843740864341,0.13305381237170189,0.28544739336940805,0.8664377426097343,0.3120211836649883
2020-10-10,茄类,4.0,4,0.282888545596499,0.889684493175207,0.9977009141645212,0.35723500020335713,0.33592275679372774,0.8503437770184034,0.13305381237170189
2020-10-11,茄类,4.0,4,0.25292114054539844,0.7894949029545584,0.9977189014313325,0.2195756302016853,0.282888545596499,0.889684493175207,0.35723500020335713
2020-10-12,茄类,4.0,4,0.3005700404181643,0.8934325352427837,0.9977417821146141,0.2136719749272683,0.25292114054539844,0.7894949029545584,0.2195756302016853
2020-10-13,茄类,4.0,4,0.2926941556709242,0.867208789307496,0.9977533824267264,0.2630383300778333,0.3005700404181643,0.8934325352427837,0.2136719749272683
2020-10-14,茄类,4.0,4,0.2721195736359521,0.8454373453645757,0.9977682095176815,0.23032256507384138,0.2926941556709242,0.867208789307496,0.2630383300778333
2020-10-15,茄类,4.0,4,0.25669043811212916,0.8015118013061141,0.9977769304066614,0.22830560653257304,0.2721195736359521,0.8454373453645757,0.23032256507384138
2020-10-16,茄类,4.0,4,0.3362884593418411,0.9409106708376781,0.9977891559484939,0.23479117440562636,0.25669043811212916,0.8015118013061141,0.22830560653257304
2020-10-17,茄类,4.0,4,0.40286270960123066,0.9301937426364707,0.9978016755967152,0.1545430832323273,0.3362884593418411,0.9409106708376781,0.23479117440562636
2020-10-18,茄类,4.0,4,0.29972022460091274,0.8845466296306483,0.997820402626111,0.19160957132447112,0.40286270960123066,0.9301937426364707,0.1545430832323273
2020-10-19,茄类,4.0,4,0.3305480222003489,0.9587119321018471,0.9978422758276934,0.3257169250978273,0.29972022460091274,0.8845466296306483,0.19160957132447112
2020-10-20,茄类,4.0,4,0.4171879606436959,0.8938811061914786,0.9978541385098971,0.20461586267564216,0.3305480222003489,0.9587119321018471,0.3257169250978273
2020-10-21,茄类,4.0,4,0.3200364201934549,0.9427154694330268,0.9978622224519144,0.2487561311744083,0.4171879606436959,0.8938811061914786,0.20461586267564216
2020-10-22,茄类,4.0,4,0.45389307190974315,0.9557215619694397,0.9978711446151233,0.2425765198770291,0.3200364201934549,0.9427154694330268,0.2487561311744083
2020-10-23,茄类,4.0,4,0.4462637297333161,0.9209121785541,0.9978796464775634,0.21745363481439164,0.45389307190974315,0.9557215619694397,0.2425765198770291
2020-10-24,茄类,4.0,4,0.2910083242103629,0.8827235497952386,0.997887910679532,0.19970756356186287,0.4462637297333161,0.9209121785541,0.21745363481439164
2020-10-25,茄类,4.0,4,0.34851595296966814,0.8656092381205203,0.997900514237054,0.12934696378764318,0.2910083242103629,0.8827235497952386,0.19970756356186287
2020-10-26,茄类,3.0,3,0.4580256424845871,1.0,0.716959539466236,0.28304046053376414,0.34851595296966814,0.8656092381205203,0.12934696378764318
2020-10-27,茄类,4.0,4,0.2704794884104303,0.8586730139839334,0.997923341608446,0.17156567477233034,0.4580256424845871,1.0,0.28304046053376414
2020-10-28,茄类,4.0,4,0.2837022547923983,0.8725281908808628,0.9979307311046212,0.22326683254402385,0.2704794884104303,0.8586730139839334,0.17156567477233034
2020-10-29,茄类,4.0,4,0.3766554085983588,0.9493627043502354,0.9979374121461045,0.21825147384291158,0.2837022547923983,0.8725281908808628,0.22326683254402385
2020-10-30,茄类,4.0,4,0.2664361548341152,0.8338254593175852,0.9979452378824754,0.2202062271241777,0.3766554085983588,0.9493627043502354,0.21825147384291158
2020-10-31,茄类,4.0,4,0.38240630312432244,0.974907570155767,0.9979518010422811,0.2204042423543467,0.2664361548341152,0.8338254593175852,0.2202062271241777
2020-11-01,茄类,4.0,4,0.2779152843938091,0.8918024274680341,0.9979606162601334,0.21943080540108406,0.38240630312432244,0.974907570155767,0.2204042423543467
2020-11-02,茄类,4.0,4,0.3030946103320341,0.9008613113025137,0.9979687797973353,0.26804800181435007,0.2779152843938091,0.8918024274680341,0.21943080540108406
2020-11-03,茄类,4.0,4,0.30643344747440476,0.8844735386317537,0.997974766701828,0.1710389886506764,0.3030946103320341,0.9008613113025137,0.26804800181435007
2020-11-04,茄类,4.0,4,0.3864553774480192,0.9334703793683423,0.9979804409138182,0.12486209525250538,0.30643344747440476,0.8844735386317537,0.1710389886506764
2020-11-05,茄类,3.0,3,0.4446699131056135,0.9999999999999999,0.8101250333604337,0.1898749666395662,0.3864553774480192,0.9334703793683423,0.12486209525250538
2020-11-06,茄类,4.0,4,0.37342849579116183,0.9096952908587258,0.9979907019204501,0.19109468549920963,0.4446699131056135,0.9999999999999999,0.1898749666395662
2020-11-07,茄类,4.0,4,0.3510594072803514,0.9456701599558744,0.9979944234814069,0.05662408545740884,0.37342849579116183,0.9096952908587258,0.19109468549920963
2020-11-08,茄类,4.0,4,0.42540488979298335,0.8861942505619308,0.9980000046047477,0.21960720587868873,0.3510594072803514,0.9456701599558744,0.05662408545740884
2020-11-09,茄类,4.0,4,0.26432834170266417,0.843883533737454,0.9980086170994532,0.1677762086177237,0.42540488979298335,0.8861942505619308,0.21960720587868873
2020-11-10,茄类,4.0,4,0.3038548059165008,0.8690202632128682,0.9980137084099555,0.10392751312742532,0.26432834170266417,0.843883533737454,0.1677762086177237
2020-11-11,茄类,4.0,4,0.3748859437555072,0.8969521976259224,0.9980185282059393,0.2483572360015543,0.3038548059165008,0.8690202632128682,0.10392751312742532
2020-11-12,茄类,4.0,4,0.2560686309724306,0.7989424812999741,0.9980263242599283,0.20606697451184344,0.3748859437555072,0.8969521976259224,0.2483572360015543
2020-11-13,茄类,3.0,3,0.4925574988977828,1.0,0.8107233610241797,0.2283203474725649,0.2560686309724306,0.7989424812999741,0.20606697451184344
2020-11-14,茄类,4.0,4,0.7170150463690007,0.9747051691832912,0.9980379899159006,0.4064924140569633,0.4925574988977828,1.0,0.2283203474725649
2020-11-15,茄类,4.0,4,0.44723046274440564,0.9393492739382027,0.9980468842707731,0.19154536823020246,0.7170150463690007,0.9747051691832912,0.4064924140569633
2020-11-16,茄类,4.0,4,0.4140043085264253,0.9324910668708526,0.9980557815134117,0.1559801903363,0.44723046274440564,0.9393492739382027,0.19154536823020246
2020-11-17,茄类,4.0,4,0.33835208364028535,0.8812172774869109,0.9980633294730389,0.08887368418100337,0.4140043085264253,0.9324910668708526,0.1559801903363
2020-11-18,茄类,4.0,4,0.45970482593729384,0.939295121033488,0.998069176243607,0.197539257477176,0.33835208364028535,0.8812172774869109,0.08887368418100337
2020-11-19,茄类,4.0,4,0.48411091980301185,0.9706433479075578,0.9980767504019071,0.21575728327268595,0.45970482593729384,0.939295121033488,0.197539257477176
2020-11-20,茄类,4.0,4,0.3579567312053915,0.9214606283149734,0.9980827911500385,0.12954044574950122,0.48411091980301185,0.9706433479075578,0.21575728327268595
2020-11-21,茄类,4.0,4,0.36725313465393905,0.9073906722722093,0.9980873895166538,0.09473720534155777,0.3579567312053915,0.9214606283149734,0.12954044574950122
2020-11-22,茄类,4.0,4,0.3609347637022228,0.9001967846136709,0.9980992244699686,0.09239515058200987,0.36725313465393905,0.9073906722722093,0.09473720534155777
2020-11-23,茄类,3.0,3,0.48999906688560513,1.0,0.7237155829565813,0.27997094984379567,0.3609347637022228,0.9001967846136709,0.09239515058200987
2020-11-24,茄类,4.0,4,0.38131548718902847,0.9318557962150106,0.9981188158597925,0.13972222231666914,0.48999906688560513,1.0,0.27997094984379567
2020-11-25,茄类,4.0,4,0.45091711869270196,0.9382528979468143,0.9981250854359571,0.2609359194890734,0.38131548718902847,0.9318557962150106,0.13972222231666914
2020-11-26,茄类,4.0,4,0.4441993879847782,0.9025489586571339,0.9981310015398079,0.18839269351569235,0.45091711869270196,0.9382528979468143,0.2609359194890734
2020-11-27,茄类,4.0,4,0.37217964274526616,0.9074762808349147,0.9981367334492095,0.11202425681457619,0.4441993879847782,0.9025489586571339,0.18839269351569235
2020-11-28,茄类,4.0,4,0.38577566283651976,0.8816034969881124,0.9981425657966013,0.1447753231531728,0.37217964274526616,0.9074762808349147,0.11202425681457619
2020-11-29,茄类,4.0,4,0.3441415242018017,0.8653753260554535,0.9981508073601557,0.12092505931619002,0.38577566283651976,0.8816034969881124,0.1447753231531728
2020-11-30,茄类,5.0,5,0.2720113319189857,0.8367413887370145,1.0,0.39051431340476384,0.3441415242018017,0.8653753260554535,0.12092505931619002
2020-12-01,茄类,5.0,5,0.27747796572718314,0.8122101175709201,1.0,0.12906889691635534,0.2720113319189857,0.8367413887370145,0.39051431340476384
2020-12-02,茄类,5.0,5,0.30574515329279467,0.8151619285639904,1.0,0.1871328824247369,0.27747796572718314,0.8122101175709201,0.12906889691635534
2020-12-03,茄类,5.0,5,0.27387780841120873,0.8393866646015643,1.0,0.2455862697706603,0.30574515329279467,0.8151619285639904,0.1871328824247369
2020-12-04,茄类,5.0,5,0.4591434195124567,0.8842580533124946,1.0,0.26151106545845204,0.27387780841120873,0.8393866646015643,0.2455862697706603
2020-12-05,茄类,5.0,5,0.4138019505114481,0.8361953672497725,1.0,0.23213168720087773,0.4591434195124567,0.8842580533124946,0.26151106545845204
2020-12-06,茄类,4.0,4,0.5861554666835996,0.9712409300354854,0.7315414504779638,0.42320152863370486,0.4138019505114481,0.8361953672497725,0.23213168720087773
2020-12-07,茄类,4.0,4,0.6440569526874705,0.9777925405713203,0.8171699679436829,0.37495901232419065,0.5861554666835996,0.9712409300354854,0.42320152863370486
2020-12-08,茄类,4.0,4,0.502419215602155,0.9597395451210565,0.8176120038603111,0.3232463594351057,0.6440569526874705,0.9777925405713203,0.37495901232419065
2020-12-09,茄类,3.0,3,0.5676078521982454,0.9999999999999999,0.8128974787038618,0.3433114000012013,0.502419215602155,0.9597395451210565,0.3232463594351057
2020-12-10,茄类,4.0,4,0.6620169517117539,0.970729997370958,0.8184780881079481,0.39862946309696823,0.5676078521982454,0.9999999999999999,0.3433114000012013
2020-12-11,茄类,4.0,4,0.607776109074515,0.9714438932832818,0.8189498777219312,0.41249271447428554,0.6620169517117539,0.970729997370958,0.39862946309696823
2020-12-12,茄类,4.0,4,0.49161446474071463,0.9511909736732136,0.8195629784980483,0.3325188133452018,0.607776109074515,0.9714438932832818,0.41249271447428554
2020-12-13,茄类,4.0,4,0.711562438059393,0.9647397457423844,0.8200517240676741,0.42403955725578146,0.49161446474071463,0.9511909736732136,0.3325188133452018
2020-12-14,茄类,3.0,3,0.63300384468541,1.0,0.5569939237935967,0.4899603256832259,0.711562438059393,0.9647397457423844,0.42403955725578146
2020-12-15,茄类,4.0,4,0.3793940343169363,0.8658572122389508,0.8214085591817823,0.28710234017977626,0.63300384468541,1.0,0.4899603256832259
2020-12-16,茄类,2.0,2,0.7219598231420297,1.0,0.7164422734004596,0.37959286451736035,0.3793940343169363,0.8658572122389508,0.28710234017977626
2020-12-17,茄类,4.0,4,0.43203943067423706,0.8944380450880368,0.8221918847615924,0.2919959352912184,0.7219598231420297,1.0,0.37959286451736035
2020-12-18,茄类,4.0,4,0.6753870762377925,0.9766132746532931,0.822673987999843,0.3726152140585618,0.43203943067423706,0.8944380450880368,0.2919959352912184
2020-12-19,茄类,3.0,3,0.787525510724573,0.9999999999999999,0.8164600949457691,0.42636130901220437,0.6753870762377925,0.9766132746532931,0.3726152140585618
2020-12-20,茄类,3.0,3,0.5430883525193804,1.0,0.8170502934350128,0.2524306637455387,0.787525510724573,0.9999999999999999,0.42636130901220437
2020-12-21,茄类,3.0,3,0.639541535407621,1.0,0.7263123256616167,0.3503963327230134,0.5430883525193804,1.0,0.2524306637455387
2020-12-22,茄类,4.0,4,0.7186879342062167,0.9746367000631827,0.8250719181277694,0.40456395588954136,0.639541535407621,1.0,0.3503963327230134
2020-12-23,茄类,4.0,4,0.5447930511543685,0.9732978723404255,0.825497378233576,0.2975020495340436,0.7186879342062167,0.9746367000631827,0.40456395588954136
2020-12-24,茄类,3.0,3,0.6376092380396208,1.0,0.7278187153784559,0.4281881200706914,0.5447930511543685,0.9732978723404255,0.2975020495340436
2020-12-25,茄类,2.0,2,0.808760419660391,1.0,0.7210618109382433,0.431390186625582,0.6376092380396208,1.0,0.4281881200706914
2020-12-26,茄类,3.0,3,0.512438526286634,1.0,0.819297771875976,0.20409022231441867,0.808760419660391,1.0,0.431390186625582
2020-12-27,茄类,2.0,2,0.6766604055967027,1.0,0.7223613268319318,0.3339917105659085,0.512438526286634,1.0,0.20409022231441867
2020-12-28,茄类,3.0,3,0.7002001673353191,1.0,0.8203971706114039,0.39971040180117096,0.6766604055967027,1.0,0.3339917105659085
2020-12-29,茄类,3.0,3,0.688845577938609,1.0,0.730506464474766,0.45568644981414513,0.7002001673353191,1.0,0.39971040180117096
2020-12-30,茄类,3.0,3,0.6647965523316979,1.0,0.7310355287252827,0.35430650090385646,0.688845577938609,1.0,0.45568644981414513
2020-12-31,茄类,3.0,3,0.8344519165765721,1.0,0.73174200072875,0.45982304540841895,0.6647965523316979,1.0,0.35430650090385646
2021-01-01,茄类,2.0,2,0.7165058589486406,1.0,0.724829360774728,0.35999535764153007,0.8344519165765721,1.0,0.45982304540841895
2021-01-02,茄类,2.0,2,0.7300363057191203,1.0,0.7257121151271162,0.36867975573797834,0.7165058589486406,1.0,0.35999535764153007
2021-01-03,茄类,2.0,2,0.8137550871582926,1.0,0.7266996129383322,0.4240370400096318,0.7300363057191203,1.0,0.36867975573797834
2021-01-04,茄类,2.0,2,0.8338820470563966,1.0,0.727251366937149,0.4353197755477838,0.8137550871582926,1.0,0.4240370400096318
2021-01-05,茄类,2.0,2,0.8752675022166252,1.0,0.727543825229469,0.45897558358564505,0.8338820470563966,1.0,0.4353197755477838
2021-01-06,茄类,2.0,2,0.7711650958971004,0.9999999999999999,0.7283877367501554,0.3925567951463935,0.8752675022166252,1.0,0.45897558358564505
2021-01-07,茄类,2.0,2,0.8187273824495922,1.0,0.7290976383211578,0.4223207821975896,0.7711650958971004,0.9999999999999999,0.3925567951463935
2021-01-08,茄类,2.0,2,0.8336744596050484,1.0,0.7293764426022584,0.43046589230751964,0.8187273824495922,1.0,0.4223207821975896
2021-01-09,茄类,2.0,2,0.9306684542701353,0.9999999999999999,0.7299062085076051,0.4849903175941826,0.8336744596050484,1.0,0.43046589230751964
2021-01-10,茄类,2.0,2,0.8105403380054785,1.0,0.7308291286616657,0.41310740205341756,0.9306684542701353,0.9999999999999999,0.4849903175941826
2021-01-11,茄类,2.0,2,0.8003235079286604,1.0,0.7320910823052659,0.40441186448768723,0.8105403380054785,1.0,0.41310740205341756
2021-01-12,茄类,1.0,1,1.0,1.0,0.48456890556379645,0.5154310944362035,0.8003235079286604,1.0,0.40441186448768723
2021-01-14,茄类,2.0,2,0.7026593590936492,1.0,0.7334138204027048,0.3328552718865414,,,
2021-01-15,茄类,2.0,2,0.768341654778089,1.0,0.7344280732944124,0.37930267838079684,0.7026593590936492,1.0,0.3328552718865414
2021-01-16,茄类,2.0,2,0.8859354515800271,1.0,0.7351501012701428,0.45119747096328666,0.768341654778089,1.0,0.37930267838079684
2021-01-17,茄类,2.0,2,0.798047331378233,1.0,0.7363422403882607,0.3959950038741873,0.8859354515800271,1.0,0.45119747096328666
2021-01-18,茄类,2.0,2,0.7971389445199539,1.0,0.7376570626333918,0.393347853303571,0.798047331378233,1.0,0.3959950038741873
2021-01-19,茄类,2.0,2,0.7777143208590466,0.9999999999999999,0.7382279558029403,0.37951071493709343,0.7971389445199539,1.0,0.393347853303571
2021-01-20,茄类,2.0,2,0.7238930817768603,1.0,0.738739793560626,0.3406272831097816,0.7777143208590466,0.9999999999999999,0.37951071493709343
2021-01-21,茄类,2.0,2,0.5923447845554677,1.0,0.7398068355062656,0.2601931644937345,0.7238930817768603,1.0,0.3406272831097816
2021-01-22,茄类,2.0,2,0.8670590668399469,1.0000000000000002,0.741435500594164,0.4317258280777271,0.5923447845554677,1.0,0.2601931644937345
2021-01-23,茄类,2.0,2,0.7374812504636052,1.0,0.7420828135970204,0.3466097830939423,0.8670590668399469,1.0000000000000002,0.4317258280777271
2021-01-24,茄类,2.0,2,0.8009174847276532,1.0,0.7432827243903634,0.38829829167032137,0.7374812504636052,1.0,0.3466097830939423
2021-01-25,茄类,2.0,2,0.7444519310235633,1.0,0.744623950155699,0.3480276034760346,0.8009174847276532,1.0,0.38829829167032137
2021-01-26,茄类,2.0,2,0.7334453056092191,1.0,0.7457647045668935,0.3385511513524717,0.7444519310235633,1.0,0.3480276034760346
2021-01-27,茄类,2.0,2,0.6989088978060229,1.0,0.7466481365939689,0.3110374110627099,0.7334453056092191,1.0,0.3385511513524717
2021-01-28,茄类,2.0,2,0.6758026364710841,1.0,0.7472643990853478,0.2912933642672509,0.6989088978060229,1.0,0.3110374110627099
2021-01-29,茄类,2.0,2,0.7694341048318392,1.0,0.7482825263886695,0.3605425049135429,0.6758026364710841,1.0,0.2912933642672509
2021-01-30,茄类,3.0,3,0.5194870407823389,1.0,0.7489897983879474,0.4695681099366448,0.7694341048318392,1.0,0.3605425049135429
2021-01-31,茄类,3.0,3,0.5788068331637916,1.0,0.7498234667690632,0.4024649203469452,0.5194870407823389,1.0,0.4695681099366448
2021-02-01,茄类,4.0,4,0.40840066668631986,0.9241071428571429,0.8425639786179362,0.23526086061704662,0.5788068331637916,1.0,0.4024649203469452
2021-02-02,茄类,4.0,4,0.3329628650853723,0.8979820163261923,0.8433957656423434,0.33339149565247145,0.40840066668631986,0.9241071428571429,0.23526086061704662
2021-02-03,茄类,4.0,4,0.49092640888627875,0.949725532199759,0.844388433561116,0.3684053727159915,0.3329628650853723,0.8979820163261923,0.33339149565247145
2021-02-04,茄类,4.0,4,0.4994846211520387,0.9850266993794198,0.8450384515972615,0.3879657605690508,0.49092640888627875,0.949725532199759,0.3684053727159915
2021-02-05,茄类,5.0,5,0.2988264664755543,0.8461746313595305,0.8532175279187844,0.3805265575300409,0.4994846211520387,0.9850266993794198,0.3879657605690508
2021-02-06,茄类,5.0,5,0.307501891297829,0.8398760595119202,0.8543668852186188,0.34876290536713256,0.2988264664755543,0.8461746313595305,0.3805265575300409
2021-02-07,茄类,5.0,5,0.3322053831847728,0.8626332072877277,0.8558246110854217,0.3315989778528701,0.307501891297829,0.8398760595119202,0.34876290536713256
2021-02-08,茄类,5.0,5,0.3585154171817416,0.870743750642938,0.857206394977141,0.3357473757574537,0.3322053831847728,0.8626332072877277,0.3315989778528701
2021-02-09,茄类,2.0,2,0.9069803018154777,0.9999999999999999,0.5249226782309133,0.4750773217690867,0.3585154171817416,0.870743750642938,0.3357473757574537
2021-02-10,茄类,3.0,3,0.8519584293590036,0.9999999999999999,0.7611363476616579,0.4017542678204636,0.9069803018154777,0.9999999999999999,0.4750773217690867
2021-02-13,茄类,1.0,1,1.0,1.0,0.5276790618168872,0.4723209381831129,,,
2021-02-14,茄类,1.0,1,1.0,1.0,0.530231226304429,0.469768773695571,1.0,1.0,0.4723209381831129
2021-02-15,茄类,1.0,1,1.0,1.0,0.5325799304598188,0.4674200695401812,1.0,1.0,0.469768773695571
2021-02-16,茄类,1.0,1,1.0,1.0,0.5361635024861987,0.46383649751380135,1.0,1.0,0.4674200695401812
2021-02-17,茄类,1.0,1,1.0,1.0,0.538948673725681,0.461051326274319,1.0,1.0,0.46383649751380135
2021-02-18,茄类,1.0,1,1.0,1.0,0.5417599385836451,0.45824006141635487,1.0,1.0,0.461051326274319
2021-02-19,茄类,2.0,2,0.7155748750031392,1.0,0.5577194261005728,0.44228057389942727,1.0,1.0,0.45824006141635487
2021-02-20,茄类,4.0,4,0.5606601829082335,0.9238003486558399,0.8620463893858307,0.2635223221132759,0.7155748750031392,1.0,0.44228057389942727
2021-02-21,茄类,4.0,4,0.5776761922456557,0.9451823802621069,0.8628034288031229,0.2843679749060383,0.5606601829082335,0.9238003486558399,0.2635223221132759
2021-02-22,茄类,4.0,4,0.5942957343048602,0.9692307692307691,0.8637914078634895,0.26881219279360813,0.5776761922456557,0.9451823802621069,0.2843679749060383
2021-02-23,茄类,4.0,4,0.35005964525149386,0.9133273034724133,0.9036485205837513,0.22576881301801827,0.5942957343048602,0.9692307692307691,0.26881219279360813
2021-02-24,茄类,4.0,4,0.3938575227521415,0.9447238397741309,0.9739819267909466,0.17778069735021076,0.35005964525149386,0.9133273034724133,0.22576881301801827
2021-02-25,茄类,4.0,4,0.57928328798882,0.967791322433416,0.9740589434863003,0.19640808999062975,0.3938575227521415,0.9447238397741309,0.17778069735021076
2021-02-26,茄类,4.0,4,0.3359857813038017,0.9170875151825096,0.9741851570028391,0.21981585803878437,0.57928328798882,0.967791322433416,0.19640808999062975
2021-02-27,茄类,4.0,4,0.5075640083816826,0.9364010806501617,0.9743065919304366,0.1327556606049537,0.3359857813038017,0.9170875151825096,0.21981585803878437
2021-02-28,茄类,4.0,4,0.439109795004547,0.9448114058834145,0.9743930352446206,0.1948096259065102,0.5075640083816826,0.9364010806501617,0.1327556606049537
2021-03-01,茄类,4.0,4,0.49062139904874463,0.9181110458284371,0.9744888039755613,0.16794954161203923,0.439109795004547,0.9448114058834145,0.1948096259065102
2021-03-02,茄类,3.0,3,0.6735371058947636,1.0,0.8461303050115807,0.253150380354086,0.49062139904874463,0.9181110458284371,0.16794954161203923
2021-03-03,茄类,4.0,4,0.32984036030444797,0.9420816775175446,0.9746572802998125,0.18495736982101602,0.6735371058947636,1.0,0.253150380354086
2021-03-04,茄类,4.0,4,0.5437318565038399,0.9512878489972474,0.9747403369184325,0.17746570292062816,0.32984036030444797,0.9420816775175446,0.18495736982101602
2021-03-05,茄类,2.0,2,0.8039597968488668,1.0,0.7603707244027946,0.3383255215420363,0.5437318565038399,0.9512878489972474,0.17746570292062816
2021-03-06,茄类,2.0,2,0.7990875885583795,1.0,0.7614018444713792,0.3335600677136218,0.8039597968488668,1.0,0.3383255215420363
2021-03-07,茄类,3.0,3,0.7034753289143751,1.0,0.8472338788716278,0.2705614557076231,0.7990875885583795,1.0,0.3335600677136218
2021-03-08,茄类,3.0,3,0.766006093839629,1.0,0.8478797762858221,0.31304196835050024,0.7034753289143751,1.0,0.2705614557076231
2021-03-09,茄类,2.0,2,0.6435665235058754,1.0,0.7646358748766875,0.2353641251233125,0.766006093839629,1.0,0.31304196835050024
2021-03-10,茄类,2.0,2,0.9540015685512755,1.0,0.7654476584571874,0.41739812632170825,0.6435665235058754,1.0,0.2353641251233125
2021-03-11,茄类,3.0,3,0.5952416868767423,1.0000000000000002,0.8491700179822324,0.22314393650396744,0.9540015685512755,1.0,0.41739812632170825
2021-03-12,茄类,3.0,3,0.7065533938477231,1.0000000000000002,0.8495202779135091,0.2710350468949717,0.5952416868767423,1.0000000000000002,0.22314393650396744
2021-03-13,茄类,3.0,3,0.7165618368986972,1.0,0.8500124096031764,0.27319430039033826,0.7065533938477231,1.0000000000000002,0.2710350468949717
2021-03-14,茄类,3.0,3,0.6560688629732744,1.0,0.8506167576377919,0.2659456436834573,0.7165618368986972,1.0,0.27319430039033826
2021-03-15,茄类,2.0,2,0.7955114995545964,0.9999999999999999,0.768170354414369,0.32001926749440024,0.6560688629732744,1.0,0.2659456436834573
2021-03-16,茄类,3.0,3,0.7490634886674137,1.0,0.8512908687640345,0.29330373129867504,0.7955114995545964,0.9999999999999999,0.32001926749440024
2021-03-17,茄类,2.0,2,0.8077181549182364,1.0,0.7692129450371823,0.3263126794698046,0.7490634886674137,1.0,0.29330373129867504
2021-03-18,茄类,3.0,3,0.8281049874051465,1.0,0.8519628498979523,0.34028459195766764,0.8077181549182364,1.0,0.3263126794698046
2021-03-19,茄类,3.0,3,0.8332724101819511,1.0,0.8521346124705076,0.3420612064442593,0.8281049874051465,1.0,0.34028459195766764
2021-03-20,茄类,3.0,3,0.5203477201325413,1.0000000000000002,0.8523674335142499,0.16511285580939594,0.8332724101819511,1.0,0.3420612064442593
2021-03-21,茄类,3.0,3,0.6825584784935541,0.9999999999999999,0.8528110788574801,0.24295903685648507,0.5203477201325413,1.0000000000000002,0.16511285580939594
2021-03-22,茄类,2.0,2,0.7212813562888468,1.0,0.7719784169419104,0.26202435001940383,0.6825584784935541,0.9999999999999999,0.24295903685648507
2021-03-23,茄类,3.0,3,0.7301621459653678,1.0,0.8533350340155509,0.27496503010203377,0.7212813562888468,1.0,0.26202435001940383
2021-03-24,茄类,2.0,2,0.7332816048302812,1.0,0.7732396531015933,0.2693481908868207,0.7301621459653678,1.0,0.27496503010203377
2021-03-25,茄类,3.0,3,0.5008740296470882,1.0,0.8539840805516465,0.1505211727862109,0.7332816048302812,1.0,0.2693481908868207
2021-03-26,茄类,3.0,3,0.6865745640752801,1.0,0.854197879266244,0.2574468602202702,0.5008740296470882,1.0,0.1505211727862109
2021-03-27,茄类,3.0,3,0.7445418871696231,1.0000000000000002,0.8546256974431705,0.2836925294132946,0.6865745640752801,1.0,0.2574468602202702
2021-03-28,茄类,3.0,3,0.7075805000521415,0.9999999999999999,0.8551743988721322,0.28604597218952854,0.7445418871696231,1.0000000000000002,0.2836925294132946
2021-03-29,茄类,3.0,3,0.6598150214782607,1.0,0.8555385349826614,0.2141618239422328,0.7075805000521415,0.9999999999999999,0.28604597218952854
2021-03-30,茄类,3.0,3,0.7009075568859435,0.9999999999999999,0.855812845281614,0.24410479398239546,0.6598150214782607,1.0,0.2141618239422328
2021-03-31,茄类,4.0,4,0.49566375999689377,0.9296503302692963,0.9764828954333521,0.15201735590837456,0.7009075568859435,0.9999999999999999,0.24410479398239546
2021-04-01,茄类,3.0,3,0.4261910427398902,1.0,0.8984229077415208,0.1159969067869144,0.49566375999689377,0.9296503302692963,0.15201735590837456
2021-04-02,茄类,4.0,4,0.6713366225084652,0.9723687394144689,0.9765156066079944,0.2292844117314,0.4261910427398902,1.0,0.1159969067869144
2021-04-03,茄类,3.0,3,0.5967026987671599,0.9999999999999999,0.8997576641222775,0.19737142177957717,0.6713366225084652,0.9723687394144689,0.2292844117314
2021-04-04,茄类,4.0,4,0.5047129724137479,0.9187412952646239,0.9766306075489218,0.153755993012232,0.5967026987671599,0.9999999999999999,0.19737142177957717
2021-04-05,茄类,3.0,3,0.5563295037057487,0.9999999999999999,0.9004900022927661,0.15324354789858152,0.5047129724137479,0.9187412952646239,0.153755993012232
2021-04-06,茄类,3.0,3,0.6165945841208794,1.0,0.9008064009445202,0.18270119885667763,0.5563295037057487,0.9999999999999999,0.15324354789858152
2021-04-07,茄类,3.0,3,0.5739986045648267,0.9999999999999999,0.9012185710733014,0.2177083761907765,0.6165945841208794,1.0,0.18270119885667763
2021-04-08,茄类,2.0,2,0.914081798435191,1.0,0.7814366339005537,0.36943033211941284,0.5739986045648267,0.9999999999999999,0.2177083761907765
2021-04-09,茄类,3.0,3,0.5325354273973067,1.0,0.8572169212164464,0.14278307878355356,0.914081798435191,1.0,0.36943033211941284
2021-04-10,茄类,4.0,4,0.43664693464666093,0.9677179236043093,0.9767488217687353,0.1316577495041946,0.5325354273973067,1.0,0.14278307878355356
2021-04-11,茄类,3.0,3,0.7096440422167689,0.9999999999999999,0.9027163540532217,0.2505858847923131,0.43664693464666093,0.9677179236043093,0.1316577495041946
2021-04-12,茄类,2.0,2,0.6121883656509697,1.0,0.7086703109661319,0.29132968903386824,0.7096440422167689,0.9999999999999999,0.2505858847923131
2021-04-13,茄类,4.0,4,0.45171195143684567,0.9061194029850745,0.9769165575214989,0.07687980884288784,0.6121883656509697,1.0,0.29132968903386824
2021-04-14,茄类,3.0,3,0.5363369415064895,1.0,0.9034624531451331,0.22970854155492523,0.45171195143684567,0.9061194029850745,0.07687980884288784
2021-04-15,茄类,4.0,4,0.3828098855998918,0.9319397580446054,0.9769891188179014,0.38963160148470066,0.5363369415064895,1.0,0.22970854155492523
2021-04-16,茄类,4.0,4,0.37395293162469073,0.9787912302387611,0.976991881875282,0.27110609201533087,0.3828098855998918,0.9319397580446054,0.38963160148470066
2021-04-17,茄类,4.0,4,0.39466387845488116,0.9041995393737445,0.9769983779936018,0.07152306522666102,0.37395293162469073,0.9787912302387611,0.27110609201533087
2021-04-18,茄类,4.0,4,0.35180426672367915,0.9431174927516224,0.9770508608449655,0.4317743837795233,0.39466387845488116,0.9041995393737445,0.07152306522666102
2021-04-19,茄类,4.0,4,0.4500805502450137,0.9671884928658079,0.9771477840105204,0.1850418106490038,0.35180426672367915,0.9431174927516224,0.4317743837795233
2021-04-20,茄类,4.0,4,0.2880332555981922,0.8811137119625477,0.9771942921534497,0.2902125780484057,0.4500805502450137,0.9671884928658079,0.1850418106490038
2021-04-21,茄类,3.0,3,0.48791654463868395,1.0,0.904167463944562,0.18216095303196742,0.2880332555981922,0.8811137119625477,0.2902125780484057
2021-04-22,茄类,4.0,4,0.25962776688149936,0.8318119130491889,0.9773221015160629,0.37439346148584196,0.48791654463868395,1.0,0.18216095303196742
2021-04-23,茄类,4.0,4,0.40472048262118626,0.9135887993582965,0.977348845063089,0.09493378575387731,0.25962776688149936,0.8318119130491889,0.37439346148584196
2021-04-24,茄类,4.0,4,0.40847434709762653,0.9782781246692772,0.9774118876517011,0.19185006128791932,0.40472048262118626,0.9135887993582965,0.09493378575387731
2021-04-25,茄类,4.0,4,0.3916587739290624,0.9551157519831633,0.9775452732150774,0.19332760745143976,0.40847434709762653,0.9782781246692772,0.19185006128791932
2021-04-26,茄类,4.0,4,0.3910011915791987,0.9300998573466476,0.9776219209139725,0.20716460108249152,0.3916587739290624,0.9551157519831633,0.19332760745143976
2021-04-27,茄类,4.0,4,0.54428782286076,0.9829769736842106,0.9776527262523902,0.19632317904514185,0.3910011915791987,0.9300998573466476,0.20716460108249152
2021-04-28,茄类,4.0,4,0.4009179763278497,0.9684941972568849,0.9777256398075442,0.20032400853796628,0.54428782286076,0.9829769736842106,0.19632317904514185
2021-04-29,茄类,4.0,4,0.37777145294981757,0.9680356574339382,0.977813646429913,0.27464799551738656,0.4009179763278497,0.9684941972568849,0.20032400853796628
2021-04-30,茄类,4.0,4,0.4820880658210782,0.9682296722168298,0.9778494021689293,0.20129590744963838,0.37777145294981757,0.9680356574339382,0.27464799551738656
2021-05-01,茄类,4.0,4,0.4379565400386751,0.9612034441329596,0.9779290012686053,0.13647020678405403,0.4820880658210782,0.9682296722168298,0.20129590744963838
2021-05-02,茄类,4.0,4,0.4630314350549566,0.974631320224719,0.9779881567105373,0.1758187850524417,0.4379565400386751,0.9612034441329596,0.13647020678405403
2021-05-03,茄类,4.0,4,0.39985521646389877,0.9504667328699107,0.9780583714223351,0.22012586209778062,0.4630314350549566,0.974631320224719,0.1758187850524417
2021-05-04,茄类,4.0,4,0.3499201963442296,0.9137089618456078,0.9781373014332508,0.20690438519347043,0.39985521646389877,0.9504667328699107,0.22012586209778062
2021-05-05,茄类,4.0,4,0.33917347864963465,0.8563354288021223,0.9781914568706002,0.14158516579986036,0.3499201963442296,0.9137089618456078,0.20690438519347043
2021-05-06,茄类,4.0,4,0.35300659553986735,0.892337536372454,0.9782454368007556,0.08959379104476634,0.33917347864963465,0.8563354288021223,0.14158516579986036
2021-05-07,茄类,4.0,4,0.3518251764414249,0.9015151515151516,0.9783135963970804,0.11731697181121177,0.35300659553986735,0.892337536372454,0.08959379104476634
2021-05-08,茄类,4.0,4,0.45031887875196414,0.967558457973457,0.9783655779732248,0.06124767617288565,0.3518251764414249,0.9015151515151516,0.11731697181121177
2021-05-09,茄类,4.0,4,0.37191926921805807,0.904780487804878,0.9784033548823314,0.0998804094775785,0.45031887875196414,0.967558457973457,0.06124767617288565
2021-05-10,茄类,4.0,4,0.39863216160586884,0.9074771598012502,0.9785016168821623,0.06485189015040752,0.37191926921805807,0.904780487804878,0.0998804094775785
2021-05-11,茄类,4.0,4,0.3871333104334309,0.9304262616364527,0.9785697803657077,0.09063542506556055,0.39863216160586884,0.9074771598012502,0.06485189015040752
2021-05-12,茄类,4.0,4,0.5349306329532276,0.9499142723541332,0.9786432515988917,0.18053424775438165,0.3871333104334309,0.9304262616364527,0.09063542506556055
2021-05-13,茄类,4.0,4,0.3399375339712481,0.9247836805723401,0.97870066483696,0.12032703410390458,0.5349306329532276,0.9499142723541332,0.18053424775438165
2021-05-14,茄类,4.0,4,0.5689815535707087,0.9595253626564783,0.9787489556679065,0.1407635232622736,0.3399375339712481,0.9247836805723401,0.12032703410390458
2021-05-15,茄类,4.0,4,0.2950911275060183,0.8391701000588582,0.9788372292125638,0.2109908085772222,0.5689815535707087,0.9595253626564783,0.1407635232622736
2021-05-16,茄类,4.0,4,0.6670941683097245,0.9419222473565154,0.9789581747625584,0.22183235560324593,0.2950911275060183,0.8391701000588582,0.2109908085772222
2021-05-17,茄类,4.0,4,0.3727509445986136,0.9145082049396746,0.9790074743367055,0.1322870300445747,0.6670941683097245,0.9419222473565154,0.22183235560324593
2021-05-18,茄类,4.0,4,0.4449897608085683,0.9793550014716393,0.9790890036353125,0.13176349349926406,0.3727509445986136,0.9145082049396746,0.1322870300445747
2021-05-19,茄类,3.0,3,0.3687459299601418,1.0,0.9061930808786373,0.19465115566747845,0.4449897608085683,0.9793550014716393,0.13176349349926406
2021-05-20,茄类,4.0,4,0.4664354072184096,0.9562609911169229,0.9792100785566166,0.06260991449348415,0.3687459299601418,1.0,0.19465115566747845
2021-05-21,茄类,3.0,3,0.5732339791124705,1.0000000000000002,0.9066482830083136,0.18699484925584875,0.4664354072184096,0.9562609911169229,0.06260991449348415
2021-05-22,茄类,4.0,4,0.36298926577670115,0.9211839814277423,0.9792896443048952,0.08349026140108937,0.5732339791124705,1.0000000000000002,0.18699484925584875
2021-05-23,茄类,4.0,4,0.3044661622492179,0.8972620538139897,0.9793554229906138,0.18642186024196394,0.36298926577670115,0.9211839814277423,0.08349026140108937
2021-05-24,茄类,4.0,4,0.8421038757218976,0.974124273895441,0.9794780678012968,0.3292847595039208,0.3044661622492179,0.8972620538139897,0.18642186024196394
2021-05-25,茄类,4.0,4,0.5063648865473791,0.9541248606466,0.9795172019885348,0.16251176781072058,0.8421038757218976,0.974124273895441,0.3292847595039208
2021-05-26,茄类,4.0,4,0.42872681242826244,0.9385199240986718,0.979559549421886,0.09045615103658206,0.5063648865473791,0.9541248606466,0.16251176781072058
2021-05-27,茄类,4.0,4,0.6355879620139274,0.9766698625759029,0.9795943552830177,0.1962601739425486,0.42872681242826244,0.9385199240986718,0.09045615103658206
2021-05-28,茄类,4.0,4,0.5440144604374921,0.9513720252549781,0.9796212933919631,0.12206833015494273,0.6355879620139274,0.9766698625759029,0.1962601739425486
2021-05-29,茄类,4.0,4,0.5822234352757072,0.9509594882729212,0.9796482851272268,0.18009378631641607,0.5440144604374921,0.9513720252549781,0.12206833015494273
2021-05-30,茄类,4.0,4,0.5869330915839308,0.9492196168355648,0.9799030476951478,0.19736402262129893,0.5822234352757072,0.9509594882729212,0.18009378631641607
2021-05-31,茄类,4.0,4,0.3406698830291272,0.9129440523597367,0.98002091478469,0.29912012755840944,0.5869330915839308,0.9492196168355648,0.19736402262129893
2021-06-01,茄类,4.0,4,0.45841408534153555,0.9568639097186132,0.9801071684048076,0.41799681388085375,0.3406698830291272,0.9129440523597367,0.29912012755840944
2021-06-02,茄类,4.0,4,0.335158267833641,0.9186457806973218,0.980232549025082,0.20299776184189378,0.45841408534153555,0.9568639097186132,0.41799681388085375
2021-06-03,茄类,4.0,4,0.3226727158587574,0.8825241887147872,0.9803264091996032,0.13351000224616505,0.335158267833641,0.9186457806973218,0.20299776184189378
2021-06-04,茄类,4.0,4,0.3467863574365333,0.8810846323836827,0.9803793704750453,0.10482744168731506,0.3226727158587574,0.8825241887147872,0.13351000224616505
2021-06-05,茄类,4.0,4,0.42485865593220584,0.8744741111447193,0.9804845349603132,0.0819822093036355,0.3467863574365333,0.8810846323836827,0.10482744168731506
2021-06-06,茄类,4.0,4,0.5401551812766313,0.9289357021432618,0.9805901714497611,0.13844398711123024,0.42485865593220584,0.8744741111447193,0.0819822093036355
2021-06-07,茄类,4.0,4,0.42809865573605776,0.9574460961564215,0.9807046583903201,0.35281189633840543,0.5401551812766313,0.9289357021432618,0.13844398711123024
2021-06-08,茄类,4.0,4,0.5151648051300849,0.9438868798504734,0.9807817614608838,0.10837720079191132,0.42809865573605776,0.9574460961564215,0.35281189633840543
2021-06-09,茄类,4.0,4,0.3982666390476183,0.957991009145869,0.980852751208347,0.2007701730411151,0.5151648051300849,0.9438868798504734,0.10837720079191132
2021-06-10,茄类,4.0,4,0.45176085044819275,0.9778855013821562,0.980944601847207,0.17792573093875874,0.3982666390476183,0.957991009145869,0.2007701730411151
2021-06-11,茄类,4.0,4,0.6213177242112214,0.9684312186877527,0.9810236462934196,0.5822062728304369,0.45176085044819275,0.9778855013821562,0.17792573093875874
2021-06-12,茄类,5.0,5,0.4952505832128847,0.9151914796247373,0.9933676056151778,0.11568903819960248,0.6213177242112214,0.9684312186877527,0.5822062728304369
2021-06-13,茄类,5.0,5,0.2810507507387731,0.8137812320692712,0.9934836940986616,0.2569211023382701,0.4952505832128847,0.9151914796247373,0.11568903819960248
2021-06-14,茄类,5.0,5,0.2860855629523703,0.8565188440538021,0.9935676950837815,0.24011973413100102,0.2810507507387731,0.8137812320692712,0.2569211023382701
2021-06-15,茄类,4.0,4,0.4288753510316789,0.9280123683447677,0.9795812636941075,0.061318678273688344,0.2860855629523703,0.8565188440538021,0.24011973413100102
2021-06-16,茄类,4.0,4,0.359574787041637,0.9248219067347042,0.9796729597629252,0.18853116541206927,0.4288753510316789,0.9280123683447677,0.061318678273688344
2021-06-17,茄类,3.0,3,0.5359525420203735,1.0,0.8507154281219436,0.1492845718780565,0.359574787041637,0.9248219067347042,0.18853116541206927
2021-06-18,茄类,3.0,3,0.6914060263507127,0.9999999999999999,0.8512161455051046,0.23374124606854418,0.5359525420203735,1.0,0.1492845718780565
2021-06-19,茄类,3.0,3,0.44365228657655986,1.0,0.8516964790032109,0.15220258041954865,0.6914060263507127,0.9999999999999999,0.23374124606854418
2021-06-20,茄类,3.0,3,0.5982846412219216,1.0,0.852256798507097,0.1723080110599938,0.44365228657655986,1.0,0.15220258041954865
2021-06-21,茄类,3.0,3,0.48201764569858124,1.0000000000000002,0.8534155079095346,0.2204987443197558,0.5982846412219216,1.0,0.1723080110599938
2021-06-22,茄类,3.0,3,0.5601030933226673,1.0000000000000002,0.8537420346859814,0.20698352653203916,0.48201764569858124,1.0000000000000002,0.2204987443197558
2021-06-23,茄类,3.0,3,0.4469323144794114,0.9999999999999999,0.8543265227468377,0.24723892612633425,0.5601030933226673,1.0000000000000002,0.20698352653203916
2021-06-24,茄类,2.0,2,0.5265927136077643,1.0,0.7829041822515912,0.2170958177484089,0.4469323144794114,0.9999999999999999,0.24723892612633425
2021-06-25,茄类,3.0,3,0.4850482496159388,1.0,0.8550520072829435,0.19255133300719604,0.5265927136077643,1.0,0.2170958177484089
2021-06-26,茄类,3.0,3,0.3987455103001186,1.0,0.8552488210735042,0.23799938608339616,0.4850482496159388,1.0,0.19255133300719604
2021-06-27,茄类,3.0,3,0.6740835477781785,1.0,0.8558577473865255,0.24714191363168359,0.3987455103001186,1.0,0.23799938608339616
2021-06-28,茄类,3.0,3,0.4614528318430348,1.0,0.8564399285137527,0.14356007148624728,0.6740835477781785,1.0,0.24714191363168359
2021-06-29,茄类,3.0,3,0.40609977828196364,1.0,0.8567830308588364,0.22657913212892422,0.4614528318430348,1.0,0.14356007148624728
2021-06-30,茄类,3.0,3,0.39142275718396663,1.0000000000000002,0.8570833203177672,0.2420662311978711,0.40609977828196364,1.0,0.22657913212892422
2021-07-01,茄类,3.0,3,0.3817571029639173,1.0,0.8575155522235962,0.27763468973636396,0.39142275718396663,1.0000000000000002,0.2420662311978711
2021-07-02,茄类,4.0,4,0.2854702071662955,0.9063189217573953,0.8712163378471047,0.3884131508665054,0.3817571029639173,1.0,0.27763468973636396
2021-07-03,茄类,3.0,3,0.4520625213880517,1.0,0.8571901087626427,0.14280989123735727,0.2854702071662955,0.9063189217573953,0.3884131508665054
2021-07-04,茄类,3.0,3,0.5271087272473486,1.0,0.8579915952567669,0.15190078868988552,0.4520625213880517,1.0,0.14280989123735727
2021-07-05,茄类,4.0,4,0.26935840573726066,0.8357667177542955,0.8729255498264488,0.3791380672454613,0.5271087272473486,1.0,0.15190078868988552
2021-07-06,茄类,4.0,4,0.3713769741766886,0.9808795020916234,0.8736582769411299,0.25865784890806126,0.26935840573726066,0.8357667177542955,0.3791380672454613
2021-07-07,茄类,4.0,4,0.35229528832706436,0.9704900478710002,0.8743764613322836,0.2837789397034963,0.3713769741766886,0.9808795020916234,0.25865784890806126
2021-07-08,茄类,4.0,4,0.32716903883530185,0.9761775198016811,0.8748273607983098,0.4288734506268453,0.35229528832706436,0.9704900478710002,0.2837789397034963
2021-07-09,茄类,4.0,4,0.35133239322762566,0.9633494081543184,0.8752799103226915,0.43009041143378535,0.32716903883530185,0.9761775198016811,0.4288734506268453
2021-07-10,茄类,4.0,4,0.4181575807564023,0.9822548018185823,0.8755612831301853,0.353789155373498,0.35133239322762566,0.9633494081543184,0.43009041143378535
2021-07-11,茄类,3.0,3,0.46257806410349234,1.0,0.8032754818567305,0.5662710283382111,0.4181575807564023,0.9822548018185823,0.353789155373498
2021-07-12,茄类,3.0,3,0.4669555460027438,1.0,0.8041971983834214,0.19580280161657868,0.46257806410349234,1.0,0.5662710283382111
2021-07-13,茄类,3.0,3,0.5212992082172839,1.0,0.8047568211404447,0.28162080809957707,0.4669555460027438,1.0,0.19580280161657868
2021-07-14,茄类,4.0,4,0.43589930443298963,0.9649918643064939,0.8109140327612232,0.5555873292472421,0.5212992082172839,1.0,0.28162080809957707
2021-07-15,茄类,3.0,3,0.3903619368145991,1.0,0.6103936313515526,0.6400578023180612,0.43589930443298963,0.9649918643064939,0.5555873292472421
2021-07-16,茄类,4.0,4,0.40113928693809175,0.918209067066317,0.8116154530529187,0.2115013567444685,0.3903619368145991,1.0,0.6400578023180612
2021-07-17,茄类,5.0,5,0.28839592307482376,0.8407981816966374,0.8127012389381493,0.41518379329417854,0.40113928693809175,0.918209067066317,0.2115013567444685
2021-07-18,茄类,5.0,5,0.3044230121292317,0.86871914947475,0.8786921064994839,0.3357325246982233,0.28839592307482376,0.8407981816966374,0.41518379329417854
2021-07-19,茄类,4.0,4,0.3230390714108302,0.882017412188532,0.8786437855798493,0.48372428116606114,0.3044230121292317,0.86871914947475,0.3357325246982233
2021-07-20,茄类,5.0,5,0.2997929049695908,0.8724901676671496,0.8793494876836143,0.33820121159966354,0.3230390714108302,0.882017412188532,0.48372428116606114
2021-07-21,茄类,4.0,4,0.4064985701230036,0.9406757116254322,0.8790315053787455,0.3101314615003493,0.2997929049695908,0.8724901676671496,0.33820121159966354
2021-07-22,茄类,4.0,4,0.3359525500052647,0.8662712118936776,0.8793174016667727,0.23657804958345743,0.4064985701230036,0.9406757116254322,0.3101314615003493
2021-07-23,茄类,3.0,3,0.4779714865272333,1.0,0.6811711811750024,0.34181659270175474,0.3359525500052647,0.8662712118936776,0.23657804958345743
2021-07-24,茄类,4.0,4,0.3736171281453582,0.9360231170163926,0.8798401578468928,0.389584138241402,0.4779714865272333,1.0,0.34181659270175474
2021-07-25,茄类,4.0,4,0.4270597195595656,0.9171711057304277,0.880303151438684,0.1553780927184371,0.3736171281453582,0.9360231170163926,0.389584138241402
2021-07-26,茄类,3.0,3,0.6016787587633381,0.9999999999999999,0.8408951579893595,0.2070264071321036,0.4270597195595656,0.9171711057304277,0.1553780927184371
2021-07-27,茄类,4.0,4,0.30731946205269917,0.9303292397381374,0.8808665378689545,0.3308062359459061,0.6016787587633381,0.9999999999999999,0.2070264071321036
2021-07-28,茄类,4.0,4,0.38395245580451837,0.9112597260626327,0.8811065659101841,0.13119000668174485,0.30731946205269917,0.9303292397381374,0.3308062359459061
2021-07-29,茄类,4.0,4,0.7219741521740324,0.9838883102046301,0.8812792290146607,0.8028574783201198,0.38395245580451837,0.9112597260626327,0.13119000668174485
2021-07-30,茄类,3.0,3,0.39314361018696886,1.0,0.8105651532554876,0.4500700647970681,0.7219741521740324,0.9838883102046301,0.8028574783201198
2021-07-31,茄类,4.0,4,0.45166113852362977,0.9681692207368764,0.8824199155938535,0.34369986980897443,0.39314361018696886,1.0,0.4500700647970681
2021-08-01,茄类,3.0,3,0.45336681728627254,1.0,0.6865404630434233,0.6408507807832112,0.45166113852362977,0.9681692207368764,0.34369986980897443
2021-08-02,茄类,4.0,4,0.41681350880278695,0.9169519406037433,0.8827846561507923,0.6875663657425974,0.45336681728627254,1.0,0.6408507807832112
2021-08-03,茄类,4.0,4,0.3011439404803771,0.9238593777883529,0.8830453229895847,0.4456383902186918,0.41681350880278695,0.9169519406037433,0.6875663657425974
2021-08-04,茄类,4.0,4,0.5025137009150958,0.9622104144527099,0.8831951570299661,0.6432611302001245,0.3011439404803771,0.9238593777883529,0.4456383902186918
2021-08-05,茄类,4.0,4,0.4371590034533489,0.9315906562847609,0.8834855576886772,0.6273478807344544,0.5025137009150958,0.9622104144527099,0.6432611302001245
2021-08-06,茄类,4.0,4,0.41632896520724755,0.9667010968471792,0.8838681983007716,0.5031794459640461,0.4371590034533489,0.9315906562847609,0.6273478807344544
2021-08-07,茄类,4.0,4,0.3189777024219207,0.9318028927009754,0.8841253976472192,0.3366357282446422,0.41632896520724755,0.9667010968471792,0.5031794459640461
2021-08-08,茄类,3.0,3,0.5011080289973627,1.0,0.6882692273070956,0.31744027027018945,0.3189777024219207,0.9318028927009754,0.3366357282446422
2021-08-09,茄类,4.0,4,0.4092545787299698,0.9390939867805901,0.8847041283949384,0.5276951434221331,0.5011080289973627,1.0,0.31744027027018945
2021-08-10,茄类,4.0,4,0.32207854502631333,0.9301015160323778,0.884781820596514,0.2673509152102398,0.4092545787299698,0.9390939867805901,0.5276951434221331
2021-08-11,茄类,4.0,4,0.3722332358072174,0.9304334046430552,0.8850745349220209,0.20631013388490368,0.32207854502631333,0.9301015160323778,0.2673509152102398
2021-08-12,茄类,4.0,4,0.37537161637124966,0.9474377942165433,0.8854029652813392,0.4696136599638528,0.3722332358072174,0.9304334046430552,0.20631013388490368
2021-08-13,茄类,4.0,4,0.31811339514746734,0.9638134436316959,0.8858037409208774,0.3452700388752727,0.37537161637124966,0.9474377942165433,0.4696136599638528
2021-08-14,茄类,4.0,4,0.33627945109757656,0.9188942718723282,0.8863644211416862,0.4064627786358294,0.31811339514746734,0.9638134436316959,0.3452700388752727
2021-08-15,茄类,4.0,4,0.4474574338679276,0.9792926868298928,0.8867029793317354,0.4635419164713419,0.33627945109757656,0.9188942718723282,0.4064627786358294
2021-08-16,茄类,3.0,3,0.4159324508221534,0.9999999999999999,0.6908495022180416,0.4446075408137788,0.4474574338679276,0.9792926868298928,0.4635419164713419
2021-08-17,茄类,4.0,4,0.4228096826774647,0.9730439348853492,0.8872405738818601,0.33974945918512445,0.4159324508221534,0.9999999999999999,0.4446075408137788
2021-08-18,茄类,4.0,4,0.3856793849904321,0.9465148791691631,0.8875497467830403,0.36018682683317155,0.4228096826774647,0.9730439348853492,0.33974945918512445
2021-08-19,茄类,4.0,4,0.3060313260758673,0.9216278035453334,0.887825153981636,0.34551485300799545,0.3856793849904321,0.9465148791691631,0.36018682683317155
2021-08-20,茄类,4.0,4,0.4679068620553579,0.9517707362534948,0.8881574591529074,0.2001087704191309,0.3060313260758673,0.9216278035453334,0.34551485300799545
2021-08-21,茄类,4.0,4,0.5293749224182329,0.9380883524655473,0.888384817205006,0.6329291651481704,0.4679068620553579,0.9517707362534948,0.2001087704191309
2021-08-22,茄类,4.0,4,0.4196409235666308,0.9801015507067381,0.8887602940857058,0.3605138924881518,0.5293749224182329,0.9380883524655473,0.6329291651481704
2021-08-23,茄类,4.0,4,0.39424141431494186,0.9244775014303506,0.889197979082752,0.16310503430604398,0.4196409235666308,0.9801015507067381,0.3605138924881518
2021-08-24,茄类,4.0,4,0.3870545337631253,0.9263714474553866,0.8897291133068858,0.23138690828911518,0.39424141431494186,0.9244775014303506,0.16310503430604398
2021-08-25,茄类,4.0,4,0.3835514746681736,0.9469398282913888,0.8900524505641475,0.1789707012509134,0.3870545337631253,0.9263714474553866,0.23138690828911518
2021-08-26,茄类,3.0,3,0.40904612415662817,1.0,0.8181337391542701,0.2370758115601499,0.3835514746681736,0.9469398282913888,0.1789707012509134
2021-08-27,茄类,4.0,4,0.4761999516569799,0.9329259159402055,0.8909455698887675,0.21083259443754462,0.40904612415662817,1.0,0.2370758115601499
2021-08-28,茄类,4.0,4,0.3792879852406413,0.9257292094606491,0.89152534822062,0.24382633120895889,0.4761999516569799,0.9329259159402055,0.21083259443754462
2021-08-29,茄类,4.0,4,0.3634774583294356,0.9650274319212365,0.8919312649225022,0.3708188946675332,0.3792879852406413,0.9257292094606491,0.24382633120895889
2021-08-30,茄类,4.0,4,0.5135837477166468,0.9449136090079595,0.8923535608787032,0.2592926916714688,0.3634774583294356,0.9650274319212365,0.3708188946675332
2021-08-31,茄类,4.0,4,0.5269622139658049,0.9363461148305946,0.8930147174634998,0.23082171681638652,0.5135837477166468,0.9449136090079595,0.2592926916714688
2021-09-01,茄类,4.0,4,0.4370759463157318,0.963981807511737,0.8935093125044318,0.26243971433085006,0.5269622139658049,0.9363461148305946,0.23082171681638652
2021-09-02,茄类,4.0,4,0.3270222081800978,0.9813145118518215,0.893764057669739,0.44350907754556845,0.4370759463157318,0.963981807511737,0.26243971433085006
2021-09-03,茄类,4.0,4,0.2780597529537209,0.8429780033840948,0.8939524887015082,0.27121677084192736,0.3270222081800978,0.9813145118518215,0.44350907754556845
2021-09-04,茄类,4.0,4,0.3088003377537292,0.9128732803936919,0.8941230201529087,0.24370032117594967,0.2780597529537209,0.8429780033840948,0.27121677084192736
2021-09-05,茄类,4.0,4,0.3484408034075594,0.8855075755117932,0.894376826339516,0.21636525726640077,0.3088003377537292,0.9128732803936919,0.24370032117594967
2021-09-06,茄类,4.0,4,0.33902126892580625,0.9351226105425758,0.8946713199223592,0.1790713333526519,0.3484408034075594,0.8855075755117932,0.21636525726640077
2021-09-07,茄类,4.0,4,0.4204057883115271,0.945606258148631,0.8948675471183732,0.16702025805230405,0.33902126892580625,0.9351226105425758,0.1790713333526519
2021-09-08,茄类,4.0,4,0.48663189188052663,0.9246323529411763,0.8950415956241883,0.21968260652069094,0.4204057883115271,0.945606258148631,0.16702025805230405
2021-09-09,茄类,4.0,4,0.3595829281910789,0.8704311152764761,0.8951669972855377,0.12156597923391348,0.48663189188052663,0.9246323529411763,0.21968260652069094
2021-09-10,茄类,4.0,4,0.3395934084564545,0.9636794900303907,0.8952475488892434,0.33569461836723297,0.3595829281910789,0.8704311152764761,0.12156597923391348
2021-09-11,茄类,4.0,4,0.4627050325553007,0.9527011450088374,0.8953549922587326,0.19257134316604296,0.3395934084564545,0.9636794900303907,0.33569461836723297
2021-09-12,茄类,4.0,4,0.4811359192093186,0.9719245974904028,0.8956079625601187,0.28791767660939,0.4627050325553007,0.9527011450088374,0.19257134316604296
2021-09-13,茄类,4.0,4,0.4086476568588397,0.9862267292265778,0.8959559449930118,0.3725163140164264,0.4811359192093186,0.9719245974904028,0.28791767660939
2021-09-14,茄类,4.0,4,0.3986836861001334,0.9670230633730695,0.8961977373823253,0.269453405536481,0.4086476568588397,0.9862267292265778,0.3725163140164264
2021-09-15,茄类,4.0,4,0.4197620493070377,0.9769234452051515,0.8964333323865956,0.392417357728182,0.3986836861001334,0.9670230633730695,0.269453405536481
2021-09-16,茄类,3.0,3,0.5583215623318095,1.0,0.8235948240043536,0.6251835662424682,0.4197620493070377,0.9769234452051515,0.392417357728182
2021-09-17,茄类,4.0,4,0.31750730912235026,0.8716664410450792,0.8967343272880297,0.2330908211928342,0.5583215623318095,1.0,0.6251835662424682
2021-09-18,茄类,3.0,3,0.3703950833889152,1.0,0.8238847432531411,0.5136717397130933,0.31750730912235026,0.8716664410450792,0.2330908211928342
2021-09-19,茄类,4.0,4,0.44891774159774145,0.9662325456498388,0.8969586365787107,0.5298701701119422,0.3703950833889152,1.0,0.5136717397130933
2021-09-20,茄类,4.0,4,0.4072941838375823,0.9678257394084734,0.8970736649761445,0.5227051461267801,0.44891774159774145,0.9662325456498388,0.5298701701119422
2021-09-21,茄类,4.0,4,0.48757787788923596,0.9097464526634103,0.8973046175069846,0.6259521693582721,0.4072941838375823,0.9678257394084734,0.5227051461267801
2021-09-22,茄类,4.0,4,0.45284784648197063,0.9623954542552513,0.897498589085951,0.6029292009286267,0.48757787788923596,0.9097464526634103,0.6259521693582721
2021-09-23,茄类,4.0,4,0.32704445115175834,0.8684887153604417,0.8976159133618918,0.5508411712961804,0.45284784648197063,0.9623954542552513,0.6029292009286267
2021-09-24,茄类,3.0,3,0.6188835438431063,1.0,0.8244861454981152,0.6645552310077536,0.32704445115175834,0.8684887153604417,0.5508411712961804
2021-09-25,茄类,3.0,3,0.4507298779291303,1.0,0.8246496537391504,0.5784260313893291,0.6188835438431063,1.0,0.6645552310077536
2021-09-26,茄类,4.0,4,0.3651571345179584,0.9423304347826087,0.897852261414296,0.2656732688557759,0.4507298779291303,1.0,0.5784260313893291
2021-09-27,茄类,4.0,4,0.5057475738142492,0.9556163416571077,0.8981045261911677,0.2471155381826719,0.3651571345179584,0.9423304347826087,0.2656732688557759
2021-09-28,茄类,4.0,4,0.3335185941254263,0.8985580828594639,0.8982662181443644,0.2646017145007461,0.5057475738142492,0.9556163416571077,0.2471155381826719
2021-09-29,茄类,4.0,4,0.320159279603744,0.9169141468682505,0.8985838399334445,0.2006289107336543,0.3335185941254263,0.8985580828594639,0.2646017145007461
2021-09-30,茄类,4.0,4,0.3936842512882021,0.9832595830889802,0.898765771522199,0.20605247421646686,0.320159279603744,0.9169141468682505,0.2006289107336543
2021-10-01,茄类,4.0,4,0.332260384764318,0.9531721226078852,0.8990465474845601,0.2178730708836748,0.3936842512882021,0.9832595830889802,0.20605247421646686
2021-10-02,茄类,4.0,4,0.31304532206765906,0.929817977106399,0.8994495464367643,0.226188167469997,0.332260384764318,0.9531721226078852,0.2178730708836748
2021-10-03,茄类,4.0,4,0.3177909466536299,0.9364492887493072,0.8998130903670827,0.25253354792016963,0.31304532206765906,0.929817977106399,0.226188167469997
2021-10-04,茄类,4.0,4,0.34839577775786507,0.9394145017448623,0.9000882291268848,0.29424040098737625,0.3177909466536299,0.9364492887493072,0.25253354792016963
2021-10-05,茄类,4.0,4,0.4104637177090339,0.9142574746725971,0.9003636250370901,0.17230921322174342,0.34839577775786507,0.9394145017448623,0.29424040098737625
2021-10-06,茄类,4.0,4,0.31621870801667384,0.9383689562149825,0.90068415917153,0.2595214917810943,0.4104637177090339,0.9142574746725971,0.17230921322174342
2021-10-07,茄类,4.0,4,0.38390709347954954,0.930836159858428,0.9008869581327582,0.16741997506512077,0.31621870801667384,0.9383689562149825,0.2595214917810943
2021-10-08,茄类,4.0,4,0.3901688217926459,0.938457532225164,0.9012304575423598,0.23388324002428654,0.38390709347954954,0.930836159858428,0.16741997506512077
2021-10-09,茄类,4.0,4,0.40729484405900324,0.9270485945688424,0.9015082654906799,0.19765334016721806,0.3901688217926459,0.938457532225164,0.23388324002428654
2021-10-10,茄类,4.0,4,0.4225838396089958,0.9631689531578299,0.9017384604242591,0.3376418002590754,0.40729484405900324,0.9270485945688424,0.19765334016721806
2021-10-11,茄类,4.0,4,0.29848634109708977,0.8835164835164836,0.902002765645408,0.21250927964664634,0.4225838396089958,0.9631689531578299,0.3376418002590754
2021-10-12,茄类,4.0,4,0.3380139271149916,0.9670286741151652,0.9022631818842313,0.2734995556281087,0.29848634109708977,0.8835164835164836,0.21250927964664634
2021-10-13,茄类,4.0,4,0.31519505561692573,0.8948301853329785,0.9025625148993243,0.2705617056845762,0.3380139271149916,0.9670286741151652,0.2734995556281087
2021-10-14,茄类,2.0,2,0.5105026136982246,1.0,0.6404924103786002,0.3595075896213999,0.31519505561692573,0.8948301853329785,0.2705617056845762
2021-10-15,茄类,4.0,4,0.6472886564925406,0.9708630098973269,0.9029609187752532,0.2726586554889057,0.5105026136982246,1.0,0.3595075896213999
2021-10-16,茄类,3.0,3,0.5430987786628619,0.9999999999999999,0.8304048710176942,0.18034135179676147,0.6472886564925406,0.9708630098973269,0.2726586554889057
2021-10-17,茄类,4.0,4,0.5957635535576402,0.9748515287044506,0.9037354813070433,0.25517391367925885,0.5430987786628619,0.9999999999999999,0.18034135179676147
2021-10-18,茄类,4.0,4,0.3932026296303402,0.9538183203199391,0.9040266708313487,0.2386081298561093,0.5957635535576402,0.9748515287044506,0.25517391367925885
2021-10-19,茄类,3.0,3,0.5461071437885439,0.9999999999999999,0.8313357377823167,0.30114333537332916,0.3932026296303402,0.9538183203199391,0.2386081298561093
2021-10-20,茄类,4.0,4,0.42702147935095036,0.924593450657162,0.904502012813997,0.18251762835806934,0.5461071437885439,0.9999999999999999,0.30114333537332916
2021-10-21,茄类,4.0,4,0.35296375277014647,0.9494761143668975,0.904725534628817,0.2796667879624569,0.42702147935095036,0.924593450657162,0.18251762835806934
2021-10-22,茄类,2.0,2,0.5653473382057742,1.0,0.6437357182764851,0.3562642817235148,0.35296375277014647,0.9494761143668975,0.2796667879624569
2021-10-23,茄类,2.0,2,0.5769313533052198,1.0,0.6440730828798286,0.35592691712017144,0.5653473382057742,1.0,0.3562642817235148
2021-10-24,茄类,4.0,4,0.33650055881489044,0.9676881201159013,0.9056382565636256,0.31594333133258945,0.5769313533052198,1.0,0.35592691712017144
2021-10-25,茄类,3.0,3,0.42110614441863514,1.0,0.7171393946144837,0.2828606053855163,0.33650055881489044,0.9676881201159013,0.31594333133258945
2021-10-26,茄类,4.0,4,0.38798495933232807,0.9103686635944699,0.9061419223716731,0.19281628546903537,0.42110614441863514,1.0,0.2828606053855163
2021-10-27,茄类,3.0,3,0.4568006999052618,1.0,0.7178779164328377,0.2821220835671622,0.38798495933232807,0.9103686635944699,0.19281628546903537
2021-10-28,茄类,3.0,3,0.43362576183321766,0.9999999999999999,0.7181869566523387,0.2818130433476613,0.4568006999052618,1.0,0.2821220835671622
2021-10-29,茄类,3.0,3,0.6031751226829307,1.0,0.7183760022822903,0.28162399771770985,0.43362576183321766,0.9999999999999999,0.2818130433476613
2021-10-30,茄类,3.0,3,0.500539234207607,1.0,0.833975524659197,0.26823853583659996,0.6031751226829307,1.0,0.28162399771770985
2021-10-31,茄类,4.0,4,0.32952606418337177,0.9410811436508856,0.9075238550053252,0.3087902923853552,0.500539234207607,1.0,0.26823853583659996
2021-11-01,茄类,3.0,3,0.471386273944532,1.0000000000000002,0.8346983346420369,0.18877386489977274,0.32952606418337177,0.9410811436508856,0.3087902923853552
2021-11-02,茄类,4.0,4,0.4674206801767217,0.9191203601210243,0.9079167582917362,0.20886643873859773,0.471386273944532,1.0000000000000002,0.18877386489977274
2021-11-03,茄类,4.0,4,0.33844358637774147,0.9196290571870169,0.908131332004411,0.39223525253417896,0.4674206801767217,0.9191203601210243,0.20886643873859773
2021-11-04,茄类,3.0,3,0.5940276841942425,0.9999999999999999,0.8352477062622307,0.2632852758829373,0.33844358637774147,0.9196290571870169,0.39223525253417896
2021-11-05,茄类,3.0,3,0.6414245228014394,0.9999999999999999,0.8354859591824939,0.24886338673777947,0.5940276841942425,0.9999999999999999,0.2632852758829373
2021-11-06,茄类,3.0,3,0.7818555715428301,0.9999999999999999,0.7205981483692918,0.373548064079919,0.6414245228014394,0.9999999999999999,0.24886338673777947
2021-11-07,茄类,4.0,4,0.49446125888962367,0.9389495946422277,0.9086750767296298,0.21002753424335052,0.7818555715428301,0.9999999999999999,0.373548064079919
2021-11-08,茄类,3.0,3,0.9150737233414687,0.9999999999999999,0.8360858678090535,0.42413279878843585,0.49446125888962367,0.9389495946422277,0.21002753424335052
2021-11-09,茄类,1.0,1,1.0,1.0,0.5322243759456191,0.4677756240543809,0.9150737233414687,0.9999999999999999,0.42413279878843585
2021-11-10,茄类,2.0,2,0.7669010448593643,0.9999999999999999,0.7198190337905838,0.3329103990477213,1.0,1.0,0.4677756240543809
2021-11-11,茄类,3.0,3,0.5096300377265885,1.0,0.8365827565167729,0.24642127947225015,0.7669010448593643,0.9999999999999999,0.3329103990477213
2021-11-12,茄类,3.0,3,0.4903053916711009,1.0,0.8371014286853297,0.3179651894097396,0.5096300377265885,1.0,0.24642127947225015
2021-11-13,茄类,3.0,3,0.6060375808406473,1.0,0.8372903395802439,0.3051128304838936,0.4903053916711009,1.0,0.3179651894097396
2021-11-14,茄类,3.0,3,0.4610186558280701,1.0,0.8377162221625044,0.3344067536698384,0.6060375808406473,1.0,0.3051128304838936
2021-11-15,茄类,3.0,3,0.5468808027323916,1.0,0.837971598107625,0.2891139718903928,0.4610186558280701,1.0,0.3344067536698384
2021-11-16,茄类,3.0,3,0.39044663325512513,1.0,0.7237545241517808,0.45796133701830066,0.5468808027323916,1.0,0.2891139718903928
2021-11-17,茄类,3.0,3,0.542239918120716,1.0,0.8382639195260825,0.29768647051614694,0.39044663325512513,1.0,0.45796133701830066
2021-11-18,茄类,3.0,3,0.44090949987642963,0.9999999999999999,0.8383374159055487,0.23105583640998054,0.542239918120716,1.0,0.29768647051614694
2021-11-19,茄类,3.0,3,0.4916458481145344,1.0,0.8385343474571976,0.2759746777138957,0.44090949987642963,0.9999999999999999,0.23105583640998054
2021-11-20,茄类,3.0,3,0.43460722413401237,1.0,0.8389769297832971,0.2596165356223673,0.4916458481145344,1.0,0.2759746777138957
2021-11-21,茄类,3.0,3,0.6336229842964451,0.9999999999999999,0.8390989826284154,0.28294294059430086,0.43460722413401237,1.0,0.2596165356223673
2021-11-22,茄类,3.0,3,0.5806327168514132,0.9999999999999999,0.8395060092532636,0.305061680243588,0.6336229842964451,0.9999999999999999,0.28294294059430086
2021-11-23,茄类,3.0,3,0.37237984378259636,1.0,0.7257623911195483,0.3923837577092009,0.5806327168514132,0.9999999999999999,0.305061680243588
2021-11-24,茄类,4.0,4,0.352111351713179,0.9440164912661387,0.9116366830536979,0.323167117330913,0.37237984378259636,1.0,0.3923837577092009
2021-11-25,茄类,2.0,2,0.5393910180460135,0.9999999999999999,0.6541122376238118,0.5183348897478415,0.352111351713179,0.9440164912661387,0.323167117330913
2021-11-26,茄类,3.0,3,0.4465716324107659,1.0000000000000002,0.8399489776172229,0.16005102238277732,0.5393910180460135,0.9999999999999999,0.5183348897478415
2021-11-27,茄类,4.0,4,0.6280543333084279,0.9426948890036138,0.9119482809986915,0.2503407997056456,0.4465716324107659,1.0000000000000002,0.16005102238277732
2021-11-28,茄类,3.0,3,0.5587353670129355,1.0,0.7268054171992414,0.27319458280075853,0.6280543333084279,0.9426948890036138,0.2503407997056456
2021-11-29,茄类,4.0,4,0.3444799154696534,0.9296066252587991,0.912256838726574,0.20442883250415306,0.5587353670129355,1.0,0.27319458280075853
2021-11-30,茄类,4.0,4,0.441014794695751,0.8980712375052794,0.9123726623874755,0.1289691539252542,0.3444799154696534,0.9296066252587991,0.20442883250415306
2021-12-01,茄类,3.0,3,0.6003126361320884,1.0000000000000002,0.840760327554466,0.24464878963949557,0.441014794695751,0.8980712375052794,0.1289691539252542
2021-12-02,茄类,3.0,3,0.5052070583547437,0.9999999999999999,0.8409478887589695,0.19633804417486664,0.6003126361320884,1.0000000000000002,0.24464878963949557
2021-12-03,茄类,2.0,2,0.7520587454568204,1.0,0.6567262068765611,0.3432737931234388,0.5052070583547437,0.9999999999999999,0.19633804417486664
2021-12-04,茄类,3.0,3,0.6358059423222802,1.0,0.841517649273822,0.24964998648241984,0.7520587454568204,1.0,0.3432737931234388
2021-12-05,茄类,3.0,3,0.5142931428949281,0.9999999999999999,0.8416849359314938,0.18054926607327798,0.6358059423222802,1.0,0.24964998648241984
2021-12-06,茄类,3.0,3,0.38873358040908235,1.0,0.7292750546840923,0.508106864968358,0.5142931428949281,0.9999999999999999,0.18054926607327798
2021-12-07,茄类,4.0,4,0.3030014889186089,0.9087503344929087,0.913306184599007,0.5282940115538137,0.38873358040908235,1.0,0.508106864968358
2021-12-08,茄类,3.0,3,0.45613727868288945,0.9999999999999999,0.8418823939904503,0.615363848902932,0.3030014889186089,0.9087503344929087,0.5282940115538137
2021-12-09,茄类,1.0,2,1.0,1.0,0.12595604046608705,0.8740439595339129,0.45613727868288945,0.9999999999999999,0.615363848902932
2021-12-10,茄类,3.0,3,0.4482035415130273,1.0,0.8420925927219102,0.6244787049958951,1.0,1.0,0.8740439595339129
2021-12-11,茄类,3.0,3,0.6355752561839209,1.0,0.7306602286710521,0.26933977132894793,0.4482035415130273,1.0,0.6244787049958951
2021-12-12,茄类,4.0,4,0.7002526994205671,0.9630730865144829,0.9140002395699609,0.2971974056759995,0.6355752561839209,1.0,0.26933977132894793
2021-12-13,茄类,2.0,2,0.5647250704695159,1.0,0.6601395374949763,0.5526699053671257,0.7002526994205671,0.9630730865144829,0.2971974056759995
2021-12-14,茄类,4.0,4,0.30580569929636464,0.9342105263157894,0.9124549104827495,0.3961330754455656,0.5647250704695159,1.0,0.5526699053671257
2021-12-15,茄类,4.0,4,0.3829834771687793,0.9349103032227338,0.9124910798328218,0.10968252892020056,0.30580569929636464,0.9342105263157894,0.3961330754455656
2021-12-16,茄类,4.0,4,0.4328193665535265,0.8868175765645805,0.912533376318253,0.16834383614092635,0.3829834771687793,0.9349103032227338,0.10968252892020056
2021-12-17,茄类,3.0,3,0.40279501013088925,1.0000000000000002,0.8410116367260565,0.3418814846863227,0.4328193665535265,0.8868175765645805,0.16834383614092635
2021-12-18,茄类,3.0,3,0.4766649458900438,1.0,0.8411152257733588,0.2905194977326583,0.40279501013088925,1.0000000000000002,0.3418814846863227
2021-12-19,茄类,3.0,3,0.49939723851845985,1.0,0.8412666904992198,0.27194581867919465,0.4766649458900438,1.0,0.2905194977326583
2021-12-20,茄类,3.0,3,0.39354195846974954,1.0,0.8413411049097295,0.15865889509027056,0.49939723851845985,1.0,0.27194581867919465
2021-12-21,茄类,4.0,4,0.3228477237923977,0.9390452495723836,0.9128175372198003,0.21624041520803233,0.39354195846974954,1.0,0.15865889509027056
2021-12-22,茄类,2.0,2,0.6339810453357335,1.0,0.659805942402967,0.6312365352305186,0.3228477237923977,0.9390452495723836,0.21624041520803233
2021-12-23,茄类,3.0,3,0.3928796305024036,1.0,0.8414585525396782,0.21540650747230816,0.6339810453357335,1.0,0.6312365352305186
2021-12-24,茄类,3.0,3,0.33401089605261225,1.0,0.8415947585708692,0.34417070185435317,0.3928796305024036,1.0,0.21540650747230816
2021-12-25,茄类,3.0,3,0.35673701729762347,1.0000000000000002,0.8416560091268979,0.3591608111215461,0.33401089605261225,1.0,0.34417070185435317
2021-12-26,茄类,2.0,2,0.5240540844780436,0.9999999999999998,0.6606328139591735,0.3393671860408265,0.35673701729762347,1.0000000000000002,0.3591608111215461
2021-12-27,茄类,2.0,2,0.5527669490785223,1.0,0.6611634717269195,0.3388365282730806,0.5240540844780436,0.9999999999999998,0.3393671860408265
2021-12-28,茄类,3.0,3,0.46632575050258235,1.0,0.8421351561233663,0.2202127842954019,0.5527669490785223,1.0,0.3388365282730806
2021-12-29,茄类,2.0,2,0.6910261124169448,1.0,0.7117247335253648,0.28827526647463525,0.46632575050258235,1.0,0.2202127842954019
2021-12-30,茄类,3.0,3,0.5183664806140793,0.9999999999999999,0.8423828998529838,0.2863664699333884,0.6910261124169448,1.0,0.28827526647463525
2021-12-31,茄类,3.0,3,0.5024341440315218,1.0,0.8426228349942946,0.2576823341931733,0.5183664806140793,0.9999999999999999,0.2863664699333884
2022-01-01,茄类,3.0,3,0.37246403310634835,1.0,0.8428131432811269,0.2224729232053736,0.5024341440315218,1.0,0.2576823341931733
2022-01-02,茄类,3.0,3,0.5153596352138512,1.0,0.8432871409042153,0.18712462749192763,0.37246403310634835,1.0,0.2224729232053736
2022-01-03,茄类,3.0,3,0.5162600547177502,1.0,0.843395443317775,0.2411109921050583,0.5153596352138512,1.0,0.18712462749192763
2022-01-04,茄类,3.0,3,0.3699637484659716,1.0,0.8435394266998667,0.20592172336569609,0.5162600547177502,1.0,0.2411109921050583
2022-01-05,茄类,2.0,2,0.6679250742744152,1.0,0.6649286113667234,0.3350713886332767,0.3699637484659716,1.0,0.20592172336569609
2022-01-06,茄类,3.0,3,0.38256850323237235,1.0,0.8437243958534822,0.23690681131466135,0.6679250742744152,1.0,0.3350713886332767
2022-01-07,茄类,4.0,4,0.4344268426657485,0.9085605502333578,0.9137099276914389,0.15445990820398528,0.38256850323237235,1.0,0.23690681131466135
2022-01-08,茄类,4.0,4,0.33564908870889176,0.9178852643419573,0.9138186842039782,0.25763872979486163,0.4344268426657485,0.9085605502333578,0.15445990820398528
2022-01-09,茄类,4.0,4,0.29318862636305354,0.8673288997390352,0.913915694032703,0.3154184965059811,0.33564908870889176,0.9178852643419573,0.25763872979486163
2022-01-10,茄类,3.0,3,0.494398154185151,1.0,0.7357673210219731,0.29222337861455816,0.29318862636305354,0.8673288997390352,0.3154184965059811
2022-01-11,茄类,4.0,4,0.33663994566015915,0.9059869478861251,0.9140827594846516,0.1264727565099239,0.494398154185151,1.0,0.29222337861455816
2022-01-12,茄类,4.0,4,0.3301869909072781,0.9022280718247625,0.914281036506355,0.14363716588228395,0.33663994566015915,0.9059869478861251,0.1264727565099239
2022-01-13,茄类,4.0,4,0.3546063781187329,0.9525952362479634,0.9145404808901897,0.2067621988105837,0.3301869909072781,0.9022280718247625,0.14363716588228395
2022-01-14,茄类,3.0,3,0.42840963223737927,1.0,0.8419633720258228,0.30978709212418126,0.3546063781187329,0.9525952362479634,0.2067621988105837
2022-01-15,茄类,3.0,3,0.6511474164355393,1.0000000000000002,0.8421336426355241,0.25983115689327435,0.42840963223737927,1.0,0.30978709212418126
2022-01-16,茄类,3.0,3,0.6046298178188727,1.0,0.8423085318091602,0.3081219569962728,0.6511474164355393,1.0000000000000002,0.25983115689327435
2022-01-17,茄类,3.0,3,0.5533165981235202,1.0,0.8404354209113171,0.2824475608675314,0.6046298178188727,1.0,0.3081219569962728
2022-01-18,茄类,3.0,3,0.4597757731165592,0.9999999999999999,0.8405862243144087,0.22353206076412413,0.5533165981235202,1.0,0.2824475608675314
2022-01-19,茄类,4.0,4,0.26737826020794514,0.8428435568235855,0.9114029969577297,0.3599046570698692,0.4597757731165592,0.9999999999999999,0.22353206076412413
2022-01-20,茄类,4.0,4,0.4382891157459876,0.9800977653631285,0.9114330530464588,0.2630594991514086,0.26737826020794514,0.8428435568235855,0.3599046570698692
2022-01-21,茄类,3.0,3,0.4397060310983272,1.0,0.8409025426424657,0.2148362260180063,0.4382891157459876,0.9800977653631285,0.2630594991514086
2022-01-22,茄类,4.0,4,0.3725750044576936,0.9115616147308782,0.9117654772010838,0.42426786846380726,0.4397060310983272,1.0,0.2148362260180063
2022-01-23,茄类,3.0,3,0.4822702085476267,1.0,0.8413555075409969,0.24523379210770851,0.3725750044576936,0.9115616147308782,0.42426786846380726
2022-01-24,茄类,3.0,3,0.6332949867044303,0.9999999999999999,0.8417165396484524,0.29704728328379654,0.4822702085476267,1.0,0.24523379210770851
2022-01-25,茄类,4.0,4,0.5354977831984596,0.9626220466572258,0.9122812942022226,0.17195324136177748,0.6332949867044303,0.9999999999999999,0.29704728328379654
2022-01-26,茄类,4.0,4,0.5273788766782006,0.9517176470588234,0.9124689285603204,0.21964852896825865,0.5354977831984596,0.9626220466572258,0.17195324136177748
2022-01-27,茄类,4.0,4,0.3566302579195661,0.9301097300004555,0.9126907712286776,0.27151476465216096,0.5273788766782006,0.9517176470588234,0.21964852896825865
2022-01-28,茄类,4.0,4,0.5484291493153082,0.9387077349780122,0.9128429754506355,0.20918590667880693,0.3566302579195661,0.9301097300004555,0.27151476465216096
2022-01-29,茄类,4.0,4,0.5990884273682829,0.976350842211428,0.9132204577344789,0.23123699804156866,0.5484291493153082,0.9387077349780122,0.20918590667880693
2022-01-30,茄类,4.0,4,0.48033054706674916,0.9779161175989457,0.9138080432401372,0.24917031414694857,0.5990884273682829,0.976350842211428,0.23123699804156866
2022-02-01,茄类,4.0,4,0.4397239637042044,0.9664369034994699,0.9143995180797824,0.2282363830165078,,,
2022-02-02,茄类,3.0,3,0.5200961179212735,1.0,0.8452718023360132,0.24285754817607433,0.4397239637042044,0.9664369034994699,0.2282363830165078
2022-02-03,茄类,3.0,3,0.7332445123478005,1.0,0.845648032784438,0.3050935946360124,0.5200961179212735,1.0,0.24285754817607433
2022-02-04,茄类,4.0,4,0.6395047216448162,0.9911065606681121,0.9150573320989535,0.2752047609042775,0.7332445123478005,1.0,0.3050935946360124
2022-02-05,茄类,2.0,2,0.8164058683227473,1.0,0.6723431608201933,0.35112756014778257,0.6395047216448162,0.9911065606681121,0.2752047609042775
2022-02-06,茄类,3.0,3,0.6310192750959194,1.0,0.7417910333200365,0.3121427448100509,0.8164058683227473,1.0,0.35112756014778257
2022-02-07,茄类,3.0,3,0.6483419067738724,0.9999999999999999,0.847980325740744,0.31517030525197,0.6310192750959194,1.0,0.3121427448100509
2022-02-08,茄类,3.0,3,0.5978477832809035,1.0,0.8483224801239121,0.23634933668779107,0.6483419067738724,0.9999999999999999,0.31517030525197
2022-02-09,茄类,3.0,3,0.4755039891529419,1.0,0.848684108577177,0.22941836511674438,0.5978477832809035,1.0,0.23634933668779107
2022-02-10,茄类,3.0,3,0.62629966672684,1.0,0.790991377210919,0.286279302522077,0.4755039891529419,1.0,0.22941836511674438
2022-02-11,茄类,3.0,3,0.7030080838898701,1.0,0.7915868160702608,0.3082849012831357,0.62629966672684,1.0,0.286279302522077
2022-02-12,茄类,2.0,2,0.9157062414462414,1.0,0.7245467097444722,0.40338247323262627,0.7030080838898701,1.0,0.3082849012831357
2022-02-13,茄类,2.0,2,0.7627764325557648,1.0,0.7252894679933614,0.30907011829298003,0.9157062414462414,1.0,0.40338247323262627
2022-02-14,茄类,2.0,2,0.8370773593797396,1.0,0.7259470286930545,0.3565060380295427,0.7627764325557648,1.0,0.30907011829298003
2022-02-15,茄类,3.0,3,0.613229627737017,1.0,0.8497769083293054,0.20818818712854636,0.8370773593797396,1.0,0.3565060380295427
2022-02-16,茄类,1.0,1,1.0,1.0,0.5554226834000817,0.4445773165999183,0.613229627737017,1.0,0.20818818712854636
2022-02-17,茄类,2.0,2,0.6596900066390093,0.9999999999999999,0.7272808252324375,0.27271917476756247,1.0,1.0,0.4445773165999183
2022-02-18,茄类,2.0,2,0.6884917580366536,1.0,0.7282164322879154,0.27178356771208445,0.6596900066390093,0.9999999999999999,0.27271917476756247
2022-02-19,茄类,3.0,3,0.8737495108723006,1.0,0.7954456580095716,0.37644564951272985,0.6884917580366536,1.0,0.27178356771208445
2022-02-20,茄类,2.0,2,0.8103018066013299,1.0,0.7291764805826818,0.336217222461093,0.8737495108723006,1.0,0.37644564951272985
2022-02-21,茄类,3.0,3,0.707073225888022,1.0,0.7962578802178718,0.2710498459545851,0.8103018066013299,1.0,0.336217222461093
2022-02-22,茄类,2.0,2,0.6739370789496113,1.0,0.7300853256954815,0.26991467430451854,0.707073225888022,1.0,0.2710498459545851
2022-02-23,茄类,4.0,4,0.544651978675345,0.9604077546190952,0.9177044224816362,0.22034065219572244,0.6739370789496113,1.0,0.26991467430451854
2022-02-24,茄类,3.0,3,0.5918960016507675,1.0,0.7464784827197476,0.2755311805899565,0.544651978675345,0.9604077546190952,0.22034065219572244
2022-02-25,茄类,3.0,3,0.6259922712034915,1.0,0.8515241877511419,0.22199475721134668,0.5918960016507675,1.0,0.2755311805899565
2022-02-26,茄类,4.0,4,0.4980244845624461,0.9832240217730781,0.9179347207518032,0.17942882304344346,0.6259922712034915,1.0,0.22199475721134668
2022-02-27,茄类,3.0,3,0.4720460022350093,0.9999999999999999,0.8519416605063268,0.20912606224181307,0.4980244845624461,0.9832240217730781,0.17942882304344346
2022-02-28,茄类,3.0,3,0.6982300413785615,0.9999999999999999,0.8521737254864962,0.2803309658523497,0.4720460022350093,0.9999999999999999,0.20912606224181307
2022-03-01,茄类,3.0,3,0.5481749840053523,1.0,0.8523943736619717,0.29481848678932765,0.6982300413785615,0.9999999999999999,0.2803309658523497
2022-03-02,茄类,4.0,4,0.5038918093511447,0.951451800232288,0.918343844675224,0.2160281662361971,0.5481749840053523,1.0,0.29481848678932765
2022-03-03,茄类,2.0,2,0.5670785082660517,1.0,0.6822927807668943,0.3177072192331058,0.5038918093511447,0.951451800232288,0.2160281662361971
2022-03-04,茄类,3.0,3,0.7357607333457522,1.0,0.8530922484670608,0.2884246108216904,0.5670785082660517,1.0,0.3177072192331058
2022-03-05,茄类,4.0,4,0.5604437218541304,0.9782960366675655,0.9185372847362234,0.27265306158766117,0.7357607333457522,1.0,0.2884246108216904
2022-03-06,茄类,3.0,3,0.7141415613960282,1.0,0.8534687173912364,0.27473829800452765,0.5604437218541304,0.9782960366675655,0.27265306158766117
2022-03-07,茄类,3.0,3,0.8547601349718057,1.0,0.8537937800218757,0.3601113858489696,0.7141415613960282,1.0,0.27473829800452765
2022-03-08,茄类,3.0,3,0.7491985753551671,1.0,0.8539498787553679,0.2954979329037284,0.8547601349718057,1.0,0.3601113858489696
2022-03-09,茄类,3.0,3,0.6241984388042752,1.0,0.8541033157006167,0.23944300953126677,0.7491985753551671,1.0,0.2954979329037284
2022-03-10,茄类,3.0,3,0.534680282189631,1.0,0.8542016376769059,0.148996801199291,0.6241984388042752,1.0,0.23944300953126677
2022-03-11,茄类,3.0,3,0.5530095903533444,1.0,0.854329865380532,0.23473354783187647,0.534680282189631,1.0,0.148996801199291
2022-03-12,茄类,3.0,3,0.6470321618111426,1.0,0.8544975037289025,0.27524014882706765,0.5530095903533444,1.0,0.23473354783187647
2022-03-13,茄类,3.0,3,0.7384360805305674,1.0,0.854767008054128,0.2884279176881138,0.6470321618111426,1.0,0.27524014882706765
2022-03-14,茄类,2.0,2,0.7370811345446986,1.0,0.6860845090253691,0.3139154909746309,0.7384360805305674,1.0,0.2884279176881138
2022-03-15,茄类,3.0,3,0.6245138991172083,1.0,0.8551617018613832,0.204177251215344,0.7370811345446986,1.0,0.3139154909746309
2022-03-16,茄类,3.0,3,0.6621778759545144,1.0,0.8552915369339185,0.2797860089456762,0.6245138991172083,1.0,0.204177251215344
2022-03-17,茄类,4.0,4,0.624107975174863,0.9715169887583681,0.9195590423389676,0.2475325615375725,0.6621778759545144,1.0,0.2797860089456762
2022-03-18,茄类,3.0,3,0.48454688617666575,1.0,0.8556071528023905,0.1948003250454185,0.624107975174863,0.9715169887583681,0.2475325615375725
2022-03-19,茄类,4.0,4,0.4570831776853543,0.9774326246587982,0.9197482289457914,0.2394488936054689,0.48454688617666575,1.0,0.1948003250454185
2022-03-20,茄类,3.0,3,0.5322587036758927,1.0,0.8560322932149205,0.2480026784261949,0.4570831776853543,0.9774326246587982,0.2394488936054689
2022-03-21,茄类,3.0,3,0.6931729882304605,1.0,0.8563442289623052,0.259274572951031,0.5322587036758927,1.0,0.2480026784261949
2022-03-22,茄类,3.0,3,0.6041756144703382,1.0,0.8566939492854606,0.18856525135845564,0.6931729882304605,1.0,0.259274572951031
2022-03-23,茄类,2.0,2,0.7704382840403987,1.0,0.6897132773398603,0.3102867226601397,0.6041756144703382,1.0,0.18856525135845564
2022-03-24,茄类,4.0,4,0.6436982864882276,0.9723122973310052,0.9204015735244853,0.22454561428549324,0.7704382840403987,1.0,0.3102867226601397
2022-03-25,茄类,3.0,3,0.4773319813494287,1.0,0.8572771498247046,0.19320011558964745,0.6436982864882276,0.9723122973310052,0.22454561428549324
2022-03-26,茄类,2.0,2,0.8155220887626946,0.9999999999999999,0.6907867353870827,0.32588284090189706,0.4773319813494287,1.0,0.19320011558964745
2022-03-27,茄类,3.0,3,0.6432819765689067,1.0,0.8577730486138258,0.21594096442941443,0.8155220887626946,0.9999999999999999,0.32588284090189706
2022-03-28,茄类,3.0,3,0.6162653848420638,0.9999999999999999,0.8581406732502528,0.20558288876516176,0.6432819765689067,1.0,0.21594096442941443
2022-03-29,茄类,3.0,3,0.6618654069694658,1.0,0.8583443610032476,0.2735682507328717,0.6162653848420638,0.9999999999999999,0.20558288876516176
2022-03-30,茄类,3.0,3,0.5808481431870022,1.0,0.8584807274089815,0.292069902974368,0.6618654069694658,1.0,0.2735682507328717
2022-03-31,茄类,3.0,3,0.4216718498479782,1.0,0.8586906126482885,0.14376209355235386,0.5808481431870022,1.0,0.292069902974368
2022-04-01,茄类,2.0,2,0.718234234308041,1.0,0.6935034925656309,0.30649650743436907,0.4216718498479782,1.0,0.14376209355235386
2022-04-02,茄类,3.0,3,0.6372941155621685,1.0,0.8590615054993598,0.2349465443934895,0.718234234308041,1.0,0.30649650743436907
2022-04-03,茄类,3.0,3,0.702798882113994,1.0,0.859281065941339,0.2780119781547793,0.6372941155621685,1.0,0.2349465443934895
2022-04-04,茄类,3.0,3,0.5791700931494749,1.0,0.8596142595887031,0.28750595501623727,0.702798882113994,1.0,0.2780119781547793
2022-04-05,茄类,3.0,3,0.7344475435171622,1.0,0.8598960827626522,0.273908725382213,0.5791700931494749,1.0,0.28750595501623727
2022-04-06,茄类,3.0,3,0.39566469338526356,1.0,0.8600916682151176,0.22848415605230288,0.7344475435171622,1.0,0.273908725382213
2022-04-07,茄类,3.0,3,0.503723312033521,1.0,0.8602456487107338,0.24960185623822423,0.39566469338526356,1.0,0.22848415605230288
2022-04-08,茄类,3.0,3,0.6014540121142585,1.0,0.8604285670727895,0.2770841763887381,0.503723312033521,1.0,0.24960185623822423
2022-04-09,茄类,3.0,3,0.6750843276192386,0.9999999999999998,0.8605699847782721,0.25354563082939724,0.6014540121142585,1.0,0.2770841763887381
2022-04-10,茄类,3.0,3,0.7066850604169395,1.0,0.8609072824649993,0.2928187952658206,0.6750843276192386,0.9999999999999998,0.25354563082939724
2022-04-11,茄类,3.0,3,0.546534216567092,1.0,0.8611699237987551,0.22162410951118885,0.7066850604169395,1.0,0.2928187952658206
2022-04-12,茄类,3.0,3,0.7939470878770672,1.0,0.8613403374793297,0.3084942509638397,0.546534216567092,1.0,0.22162410951118885
2022-04-13,茄类,3.0,3,0.6016463156457067,0.9999999999999999,0.8615420129351287,0.26328278683815265,0.7939470878770672,1.0,0.3084942509638397
2022-04-14,茄类,3.0,3,0.6670400217913252,1.0,0.86178259960315,0.28742134558796495,0.6016463156457067,0.9999999999999999,0.26328278683815265
2022-04-15,茄类,3.0,3,0.6356658670786518,1.0,0.8619927826260474,0.2677169633304177,0.6670400217913252,1.0,0.28742134558796495
2022-04-16,茄类,3.0,3,0.5875812179309637,1.0,0.862173826991941,0.24911865996660415,0.6356658670786518,1.0,0.2677169633304177
2022-04-17,茄类,3.0,3,0.6027909730890199,1.0000000000000002,0.8625425638527265,0.2812098705630422,0.5875812179309637,1.0,0.24911865996660415
2022-04-18,茄类,2.0,2,0.7958020726314048,1.0,0.7013601699247886,0.30338232890407774,0.6027909730890199,1.0000000000000002,0.2812098705630422
2022-04-19,茄类,4.0,4,0.6093046757476791,0.9742714159552546,0.9232144863375763,0.20315813538463304,0.7958020726314048,1.0,0.30338232890407774
2022-04-20,茄类,3.0,3,0.7402956900793619,1.0,0.8633063685663233,0.27869693112954164,0.6093046757476791,0.9742714159552546,0.20315813538463304
2022-04-21,茄类,3.0,3,0.5642693628980238,1.0000000000000002,0.8634853908370373,0.27777615852753235,0.7402956900793619,1.0,0.27869693112954164
2022-04-22,茄类,3.0,3,0.6865176230636566,1.0,0.8635965236474973,0.2824787053616055,0.5642693628980238,1.0000000000000002,0.27777615852753235
2022-04-23,茄类,4.0,4,0.47535930892870515,0.9839644359768198,0.9235733874039791,0.22809022101225637,0.6865176230636566,1.0,0.2824787053616055
2022-04-24,茄类,3.0,3,0.7874644508134437,1.0,0.8640638666233041,0.3002826162110307,0.47535930892870515,0.9839644359768198,0.22809022101225637
2022-04-25,茄类,4.0,4,0.6234993672530095,0.9792637917637919,0.9237796100363499,0.24507331875117255,0.7874644508134437,1.0,0.3002826162110307
2022-04-26,茄类,3.0,3,0.5409087592941123,1.0,0.8644228195118312,0.25814466925360596,0.6234993672530095,0.9792637917637919,0.24507331875117255
2022-04-27,茄类,4.0,4,0.5575906324296038,0.9781589388049532,0.9239627832299294,0.2036742774542334,0.5409087592941123,1.0,0.25814466925360596
2022-04-28,茄类,2.0,2,0.5486091590867757,1.0,0.7051499619759041,0.29485003802409604,0.5575906324296038,0.9781589388049532,0.2036742774542334
2022-04-29,茄类,3.0,3,0.7452572713770195,1.0,0.8650107810745511,0.27185368932003795,0.5486091590867757,1.0,0.29485003802409604
2022-04-30,茄类,3.0,3,0.5498230983351734,1.0,0.8653134930877394,0.2101852577709998,0.7452572713770195,1.0,0.27185368932003795
2022-05-01,茄类,4.0,4,0.5688410064138275,0.98355460853412,0.8696587321099917,0.27275926874445033,0.5498230983351734,1.0,0.2101852577709998
2022-05-02,茄类,3.0,3,0.4463834008384302,1.0,0.7160569472535023,0.337500386433935,0.5688410064138275,0.98355460853412,0.27275926874445033
2022-05-03,茄类,4.0,4,0.29467802680009514,0.8903761602344895,0.8727101765880663,0.4530141842399794,0.4463834008384302,1.0,0.337500386433935
2022-05-04,茄类,4.0,4,0.29788190315924373,0.864890854889893,0.8727965467443561,0.38082570291617374,0.29467802680009514,0.8903761602344895,0.4530141842399794
2022-05-05,茄类,4.0,4,0.43057689187635784,0.9496381182147164,0.8728882878425486,0.5094824765965863,0.29788190315924373,0.864890854889893,0.38082570291617374
2022-05-06,茄类,3.0,3,0.39598620290297093,1.0,0.7164643693769458,0.34466819531262977,0.43057689187635784,0.9496381182147164,0.5094824765965863
2022-05-07,茄类,6.0,6,0.29048741747193924,0.7966714412386603,0.9308221300444398,0.4903145544024621,0.39598620290297093,1.0,0.34466819531262977
2022-05-08,茄类,5.0,5,0.33518261338295374,0.8430247718383312,0.8757122466749427,0.5368745053385392,0.29048741747193924,0.7966714412386603,0.4903145544024621
2022-05-09,茄类,5.0,5,0.42246985088379385,0.9313658004933173,0.931979974378839,0.5361027776913547,0.33518261338295374,0.8430247718383312,0.5368745053385392
2022-05-10,茄类,4.0,4,0.46755414590202254,0.9593920145190561,0.8755218195016682,0.240108444404866,0.42246985088379385,0.9313658004933173,0.5361027776913547
2022-05-11,茄类,4.0,4,0.4310295871307561,0.9875478305986121,0.8756395237456054,0.21616065377870353,0.46755414590202254,0.9593920145190561,0.240108444404866
2022-05-12,茄类,4.0,4,0.42020285255206546,0.9129121003021694,0.8757714021673034,0.1251934297905576,0.4310295871307561,0.9875478305986121,0.21616065377870353
2022-05-13,茄类,5.0,5,0.5542305518836121,0.9815278509927957,0.9323763600999782,0.13851508290497042,0.42020285255206546,0.9129121003021694,0.1251934297905576
2022-05-14,茄类,5.0,5,0.44845554924198194,0.962774924530521,0.9325850924372143,0.12575226900348174,0.5542305518836121,0.9815278509927957,0.13851508290497042
2022-05-15,茄类,4.0,4,0.36874643316093775,0.961491736768515,0.8766874118779402,0.19936109071393993,0.44845554924198194,0.962774924530521,0.12575226900348174
2022-05-16,茄类,5.0,5,0.462586319473969,0.9586338347413972,0.933015460008991,0.10091036846291379,0.36874643316093775,0.961491736768515,0.19936109071393993
2022-05-17,茄类,4.0,4,0.36165277406510077,0.9776666379236009,0.8772159161560584,0.2159211860823524,0.462586319473969,0.9586338347413972,0.10091036846291379
2022-05-18,茄类,3.0,3,0.4473498961119154,1.0000000000000002,0.8718479210710091,0.1281520789289909,0.36165277406510077,0.9776666379236009,0.2159211860823524
2022-05-19,茄类,4.0,4,0.5575446708823032,0.9811917977888894,0.8776047733741145,0.1870164954599998,0.4473498961119154,1.0000000000000002,0.1281520789289909
2022-05-20,茄类,5.0,5,0.44970895533818195,0.9444762954796031,0.933402137159171,0.14096196201818778,0.5575446708823032,0.9811917977888894,0.1870164954599998
2022-05-21,茄类,5.0,5,0.4145030788759112,0.9225809422926357,0.9335028007265146,0.18964414181875366,0.44970895533818195,0.9444762954796031,0.14096196201818778
2022-05-22,茄类,4.0,4,0.3544997539381001,0.9691699339834455,0.878253098589118,0.23498915503143702,0.4145030788759112,0.9225809422926357,0.18964414181875366
2022-05-23,茄类,3.0,3,0.37607219230769234,1.0,0.8725414047671863,0.23698226556335633,0.3544997539381001,0.9691699339834455,0.23498915503143702
2022-05-24,茄类,4.0,4,0.4472079233804337,0.9948437766774799,0.8787831409950713,0.12205000177031734,0.37607219230769234,1.0,0.23698226556335633
2022-05-25,茄类,5.0,5,0.3698145912880701,0.9784159907813677,0.8794756531637387,0.21572760065359622,0.4472079233804337,0.9948437766774799,0.12205000177031734
2022-05-26,茄类,4.0,4,0.3464035112498185,0.9681302879309769,0.8791969072524406,0.24543107116313054,0.3698145912880701,0.9784159907813677,0.21572760065359622
2022-05-27,茄类,4.0,4,0.3511713621136907,0.955049193518891,0.8794700536343549,0.28982871601695853,0.3464035112498185,0.9681302879309769,0.24543107116313054
2022-05-28,茄类,3.0,3,0.5466640395850164,0.9999999999999999,0.7515738702273077,0.24954135277368078,0.3511713621136907,0.955049193518891,0.28982871601695853
2022-05-29,茄类,3.0,3,0.468275442221747,1.0,0.8740213164217155,0.12816448599141883,0.5466640395850164,0.9999999999999999,0.24954135277368078
2022-05-30,茄类,3.0,3,0.5395864445597619,0.9999999999999999,0.7530017988364524,0.24699820116354754,0.468275442221747,1.0,0.12816448599141883
2022-05-31,茄类,4.0,4,0.4371182182874703,0.9764218663721702,0.8808942501071981,0.2958550907291928,0.5395864445597619,0.9999999999999999,0.24699820116354754
2022-06-01,茄类,3.0,3,0.356424793822878,1.0,0.8747853691698675,0.25314692612633877,0.4371182182874703,0.9764218663721702,0.2958550907291928
2022-06-02,茄类,4.0,4,0.3498358600296016,0.9800092176518032,0.8812098469732297,0.29468675038367426,0.356424793822878,1.0,0.25314692612633877
2022-06-03,茄类,4.0,4,0.5741770435607654,0.9972143452877397,0.8814876038006911,0.182541510863891,0.3498358600296016,0.9800092176518032,0.29468675038367426
2022-06-04,茄类,3.0,3,0.43270397110100345,1.0,0.8756977084291568,0.1265233915448827,0.5741770435607654,0.9972143452877397,0.182541510863891
2022-06-05,茄类,3.0,3,0.3719304872146962,0.9999999999999999,0.8760607269193744,0.3740740942277582,0.43270397110100345,1.0,0.1265233915448827
2022-06-06,茄类,4.0,4,0.40325956053161827,0.9876715265866207,0.8826739917141058,0.1815408953191372,0.3719304872146962,0.9999999999999999,0.3740740942277582
2022-06-07,茄类,5.0,5,0.31656450523594654,0.9545062898500776,0.936037412762736,0.2778714713838959,0.40325956053161827,0.9876715265866207,0.1815408953191372
2022-06-08,茄类,3.0,3,0.3692238234112727,1.0,0.8768272066830828,0.4005576086044425,0.31656450523594654,0.9545062898500776,0.2778714713838959
2022-06-09,茄类,4.0,4,0.4850276824055051,0.9767797907629495,0.8833284515048927,0.20232567463119824,0.3692238234112727,1.0,0.4005576086044425
2022-06-10,茄类,3.0,3,0.36904569037852264,0.9999999999999999,0.8773016674471924,0.24124650044773524,0.4850276824055051,0.9767797907629495,0.20232567463119824
2022-06-11,茄类,3.0,3,0.42029090435315347,1.0,0.8776330386020064,0.13204231030469088,0.36904569037852264,0.9999999999999999,0.24124650044773524
2022-06-12,茄类,3.0,3,0.4871986211621505,0.9999999999999999,0.8780348256932016,0.14645848666629002,0.42029090435315347,1.0,0.13204231030469088
2022-06-13,茄类,4.0,4,0.37542379238455253,0.9628595448267578,0.9306928923451872,0.27247790000965255,0.4871986211621505,0.9999999999999999,0.14645848666629002
2022-06-14,茄类,3.0,3,0.4287887748821701,1.0,0.878625615768241,0.121374384231759,0.37542379238455253,0.9628595448267578,0.27247790000965255
2022-06-15,茄类,4.0,4,0.39256933613231637,0.983272145902416,0.9309791549409338,0.14260931581415373,0.4287887748821701,1.0,0.121374384231759
2022-06-16,茄类,3.0,3,0.43999638257645746,1.0,0.87910769087486,0.41302226113383,0.39256933613231637,0.983272145902416,0.14260931581415373
2022-06-17,茄类,4.0,4,0.44021188781680126,0.9905577272477013,0.9312875272329343,0.1111708411085514,0.43999638257645746,1.0,0.41302226113383
2022-06-18,茄类,3.0,3,0.36957396406258447,0.9999999999999998,0.8796432092204344,0.21741809548165086,0.44021188781680126,0.9905577272477013,0.1111708411085514
2022-06-19,茄类,3.0,3,0.37422361327066356,0.9999999999999999,0.880024623468965,0.25229200926085554,0.36957396406258447,0.9999999999999998,0.21741809548165086
2022-06-20,茄类,3.0,3,0.36644342345995257,1.0000000000000002,0.880358783111799,0.276607037570255,0.37422361327066356,0.9999999999999999,0.25229200926085554
2022-06-21,茄类,3.0,3,0.37464068526332817,1.0,0.8805737889858645,0.20086428133611428,0.36644342345995257,1.0000000000000002,0.276607037570255
2022-06-22,茄类,4.0,4,0.33342434990553604,0.9326533339272193,0.9320828805862191,0.17494078063435478,0.37464068526332817,1.0,0.20086428133611428
2022-06-23,茄类,3.0,3,0.42381972229860493,1.0,0.8808307186297624,0.24792658390779218,0.33342434990553604,0.9326533339272193,0.17494078063435478
2022-06-24,茄类,5.0,5,0.3100635921911426,0.9551585216325101,0.8874453205954191,0.32283044994105603,0.42381972229860493,1.0,0.24792658390779218
2022-06-25,茄类,4.0,4,0.411033171539571,0.9792089604480223,0.8871310216846469,0.12030546680149733,0.3100635921911426,0.9551585216325101,0.32283044994105603
2022-06-26,茄类,3.0,3,0.5119529685559474,1.0,0.8812162340900692,0.22229148725361364,0.411033171539571,0.9792089604480223,0.12030546680149733
2022-06-27,茄类,4.0,4,0.3970317618565904,0.930928268072992,0.8875783080644497,0.2064595259049916,0.5119529685559474,1.0,0.22229148725361364
2022-06-28,茄类,4.0,4,0.42918066380849196,0.9675725051381594,0.8877313896117635,0.15269754112145661,0.3970317618565904,0.930928268072992,0.2064595259049916
2022-06-29,茄类,5.0,5,0.3190659311538078,0.9389341505344196,0.9387163213344198,0.3053052588037447,0.42918066380849196,0.9675725051381594,0.15269754112145661
2022-06-30,茄类,4.0,4,0.4092354356590604,0.9398698165596977,0.8879651423221169,0.1641610579668798,0.3190659311538078,0.9389341505344196,0.3053052588037447
2022-07-01,茄类,4.0,4,0.41555578389662073,0.971278764928634,0.8881149649109914,0.38135939532957175,0.4092354356590604,0.9398698165596977,0.1641610579668798
2022-07-02,茄类,3.0,3,0.5726284525348131,1.0,0.7518392245484893,0.2481607754515107,0.41555578389662073,0.971278764928634,0.38135939532957175
2022-07-03,茄类,3.0,3,0.6438725609959152,1.0000000000000002,0.7138739771256095,0.2861260228743905,0.5726284525348131,1.0,0.2481607754515107
2022-07-04,茄类,3.0,3,0.3575392746291166,1.0,0.8821901803288458,0.32169490741642554,0.6438725609959152,1.0000000000000002,0.2861260228743905
2022-07-05,茄类,3.0,3,0.3856774100420457,0.9999999999999999,0.8823199628080705,0.1899958610764115,0.3575392746291166,1.0,0.32169490741642554
2022-07-06,茄类,3.0,3,0.3810007080331228,1.0,0.8824491855498587,0.49354244998789404,0.3856774100420457,0.9999999999999999,0.1899958610764115
2022-07-07,茄类,3.0,3,0.41516171371398125,0.9999999999999999,0.8825536966441102,0.12845322025747258,0.3810007080331228,1.0,0.49354244998789404
2022-07-08,茄类,3.0,3,0.39969209359968016,1.0,0.8827210294521366,0.15391408955939218,0.41516171371398125,0.9999999999999999,0.12845322025747258
2022-07-09,茄类,3.0,3,0.5065690108212804,1.0,0.882833274558501,0.14015088805654957,0.39969209359968016,1.0,0.15391408955939218
2022-07-10,茄类,4.0,4,0.5259272231871222,0.9785291553883564,0.8894858211974757,0.16406754562944204,0.5065690108212804,1.0,0.14015088805654957
2022-07-11,茄类,3.0,3,0.6334304336674684,1.0,0.883185592125829,0.22615580669398422,0.5259272231871222,0.9785291553883564,0.16406754562944204
2022-07-12,茄类,3.0,3,0.5991658865274658,1.0,0.883437074016387,0.17595621396282912,0.6334304336674684,1.0,0.22615580669398422
2022-07-13,茄类,4.0,4,0.37255930718555125,0.9594668757350059,0.9333273594427627,0.24640374726639913,0.5991658865274658,1.0,0.17595621396282912
2022-07-14,茄类,3.0,3,0.40443841669585345,1.0,0.8836400725521353,0.40288409441508566,0.37255930718555125,0.9594668757350059,0.24640374726639913
2022-07-15,茄类,2.0,2,0.5500107882503409,1.0,0.7521221342993055,0.24787786570069448,0.40443841669585345,1.0,0.40288409441508566
2022-07-16,茄类,4.0,4,0.36407254008906953,0.9719494330204547,0.9334812702812433,0.2433955785542336,0.5500107882503409,1.0,0.24787786570069448
2022-07-17,茄类,4.0,4,0.34378502933387967,0.9607002826661802,0.9335557931991614,0.2357644758545531,0.36407254008906953,0.9719494330204547,0.2433955785542336
2022-07-18,茄类,3.0,3,0.4621403543288714,1.0,0.8839910575425372,0.21258583120994465,0.34378502933387967,0.9607002826661802,0.2357644758545531
2022-07-19,茄类,3.0,3,0.39022364037736085,1.0,0.8841044634860158,0.1837977530020229,0.4621403543288714,1.0,0.21258583120994465
2022-07-20,茄类,3.0,3,0.4485180011112553,1.0,0.884283832025283,0.13628688931757577,0.39022364037736085,1.0,0.1837977530020229
2022-07-21,茄类,3.0,3,0.4341415431205714,1.0,0.8843965266510432,0.28328835620284565,0.4485180011112553,1.0,0.13628688931757577
2022-07-22,茄类,3.0,3,0.3380797054137653,1.0000000000000002,0.884578754622149,0.32041839217137413,0.4341415431205714,1.0,0.28328835620284565
2022-07-23,茄类,3.0,3,0.3779265012023376,1.0000000000000002,0.8846849289000858,0.28659801415057623,0.3380797054137653,1.0000000000000002,0.32041839217137413
2022-07-24,茄类,3.0,3,0.41523397966565856,1.0,0.8848208017263492,0.18170228440035444,0.3779265012023376,1.0000000000000002,0.28659801415057623
2022-07-25,茄类,3.0,3,0.35797618933802555,1.0,0.8849133269056362,0.29015467248414173,0.41523397966565856,1.0,0.18170228440035444
2022-07-26,茄类,3.0,3,0.4103245509774788,1.0,0.8850735454162504,0.1548118402256219,0.35797618933802555,1.0,0.29015467248414173
2022-07-27,茄类,3.0,3,0.5388750031072578,1.0,0.8852714398148419,0.14793443436622242,0.4103245509774788,1.0,0.1548118402256219
2022-07-28,茄类,3.0,3,0.5248687159757138,1.0,0.8854505640320113,0.12227953444243157,0.5388750031072578,1.0,0.14793443436622242
2022-07-29,茄类,3.0,3,0.42904503157753293,1.0,0.8856320434320832,0.15495401061826722,0.5248687159757138,1.0,0.12227953444243157
2022-07-30,茄类,4.0,4,0.5060049361397632,0.9601069596010696,0.8857601974773239,0.23450836863634394,0.42904503157753293,1.0,0.15495401061826722
2022-07-31,茄类,3.0,3,0.5399770123017286,0.9999999999999999,0.7541771383325029,0.29619465184115956,0.5060049361397632,0.9601069596010696,0.23450836863634394
2022-08-01,茄类,3.0,3,0.4504694204234715,1.0,0.8876713546252384,0.17405840479309442,0.5399770123017286,0.9999999999999999,0.29619465184115956
2022-08-02,茄类,2.0,2,0.5826483262137341,1.0,0.7541467899446317,0.5271281874724522,0.4504694204234715,1.0,0.17405840479309442
2022-08-03,茄类,3.0,3,0.48955714823724816,1.0000000000000002,0.8879259461310596,0.22878390943349458,0.5826483262137341,1.0,0.5271281874724522
2022-08-04,茄类,4.0,4,0.4146905064035533,0.9774913989153886,0.8884731152321754,0.11599669091108247,0.48955714823724816,1.0000000000000002,0.22878390943349458
2022-08-05,茄类,3.0,3,0.5162372039817796,1.0,0.8880803333174682,0.23934039065183904,0.4146905064035533,0.9774913989153886,0.11599669091108247
2022-08-06,茄类,4.0,5,0.27820347221234815,0.846070826306914,0.8881707798418778,0.41415707882591135,0.5162372039817796,1.0,0.23934039065183904
2022-08-07,茄类,4.0,4,0.31227358586664067,0.9052667578659372,0.7131934328996576,0.7689358510164439,0.27820347221234815,0.846070826306914,0.41415707882591135
2022-08-08,茄类,4.0,4,0.25979582715307786,0.8297171848013816,0.315381677129306,0.684618322870694,0.31227358586664067,0.9052667578659372,0.7689358510164439
2022-08-09,茄类,5.0,5,0.4782964197488481,0.8803443164975486,0.8910077551597796,0.7706838353998076,0.25979582715307786,0.8297171848013816,0.684618322870694
2022-08-10,茄类,3.0,3,0.346652252283721,0.9999999999999999,0.14036764412257366,0.8596323558774265,0.4782964197488481,0.8803443164975486,0.7706838353998076
2022-08-11,茄类,4.0,4,0.35565410327488034,0.9009486815567341,0.3189977170959546,0.7591237794003332,0.346652252283721,0.9999999999999999,0.8596323558774265
2022-08-12,茄类,3.0,3,0.491653941415534,1.0,0.14289009693389954,0.9321132862456318,0.35565410327488034,0.9009486815567341,0.7591237794003332
2022-08-13,茄类,3.0,3,0.40386440742011487,1.0,0.14420459569270594,0.8716975812300255,0.491653941415534,1.0,0.9321132862456318
2022-08-14,茄类,3.0,3,0.40258938543120504,1.0,0.14656151167383044,0.8615415095594803,0.40386440742011487,1.0,0.8716975812300255
2022-08-15,茄类,3.0,3,0.3368573786357785,0.9999999999999999,0.14907273566742968,0.8509272643325703,0.40258938543120504,1.0,0.8615415095594803
2022-08-16,茄类,3.0,3,0.34513096107817554,1.0,0.1509558584188319,0.8490441415811681,0.3368573786357785,0.9999999999999999,0.8509272643325703
2022-08-17,茄类,3.0,3,0.34484315131885257,1.0,0.15245946523382733,0.8475405347661725,0.34513096107817554,1.0,0.8490441415811681
2022-08-18,茄类,3.0,3,0.3348762207873244,1.0,0.15405281562895248,0.8459471843710474,0.34484315131885257,1.0,0.8475405347661725
2022-08-19,茄类,3.0,3,0.4247625832048955,1.0,0.15623323695109073,0.8437667630489093,0.3348762207873244,1.0,0.8459471843710474
2022-08-20,茄类,3.0,3,0.4812787306350135,1.0,0.16292743654366662,0.8370725634563335,0.4247625832048955,1.0,0.8437667630489093
2022-08-21,茄类,2.0,2,0.6673060448094796,1.0,0.1546131100552912,0.8453868899447088,0.4812787306350135,1.0,0.8370725634563335
2022-08-22,茄类,3.0,3,0.6066439800748872,1.0,0.16585879398367043,0.900590454332202,0.6673060448094796,1.0,0.8453868899447088
2022-08-23,茄类,3.0,3,0.38068393397443057,1.0,0.16691034551400247,0.8330896544859976,0.6066439800748872,1.0,0.900590454332202
2022-08-24,茄类,3.0,3,0.3375323678015377,1.0,0.16789446619327109,0.8321055338067291,0.38068393397443057,1.0,0.8330896544859976
2022-08-25,茄类,3.0,3,0.38721914498753246,0.9999999999999999,0.16898994953796934,0.8310100504620308,0.3375323678015377,1.0,0.8321055338067291
2022-08-26,茄类,3.0,3,0.449213870256283,1.0,0.1699498299408368,0.8300501700591633,0.38721914498753246,0.9999999999999999,0.8310100504620308
2022-08-27,茄类,3.0,3,0.6310613766087804,1.0,0.1707675468767917,0.9541017660118497,0.449213870256283,1.0,0.8300501700591633
2022-08-28,茄类,4.0,4,0.2561280895137069,0.7809077314796103,0.7218839434908684,0.5904723464263689,0.6310613766087804,1.0,0.9541017660118497
2022-08-29,茄类,3.0,3,0.34843318382608146,1.0,0.5803385319060512,0.7012041103961056,0.2561280895137069,0.7809077314796103,0.5904723464263689
2022-08-30,茄类,3.0,3,0.5016928573547074,1.0,0.5807854408464905,0.7863708167176997,0.34843318382608146,1.0,0.7012041103961056
2022-08-31,茄类,3.0,3,0.555349851086657,1.0,0.58102011868896,0.8855572133128549,0.5016928573547074,1.0,0.7863708167176997
2022-09-01,茄类,2.0,3,0.6554066994435168,1.0,0.16066158560524166,0.8393384143947582,0.555349851086657,1.0,0.8855572133128549
2022-09-02,茄类,2.0,2,0.5153591160962169,1.0,0.033417212623386934,0.9665827873766132,0.6554066994435168,1.0,0.8393384143947582
2022-09-03,茄类,2.0,2,0.5295193431531429,1.0,0.033901318553661075,0.966098681446339,0.5153591160962169,1.0,0.9665827873766132
2022-09-04,茄类,2.0,2,0.5596837890691246,1.0,0.035265664582055344,0.9647343354179446,0.5295193431531429,1.0,0.966098681446339
2022-09-05,茄类,2.0,2,0.7965795236622155,1.0,0.036838164063166784,0.9631618359368331,0.5596837890691246,1.0,0.9647343354179446
2022-09-06,茄类,3.0,3,0.4395705399316292,1.0,0.03770035608772726,0.9622996439122727,0.7965795236622155,1.0,0.9631618359368331
2022-09-07,茄类,3.0,3,0.5989694527675756,1.0,0.040034942764097865,0.9599650572359021,0.4395705399316292,1.0,0.9622996439122727
2022-09-08,茄类,3.0,3,0.35285603936943716,1.0,0.5836624990243651,0.6687774331886508,0.5989694527675756,1.0,0.9599650572359021
2022-09-09,茄类,3.0,3,0.572010637067869,0.9999999999999999,0.5589461560759064,0.4410538439240937,0.35285603936943716,1.0,0.6687774331886508
2022-09-10,茄类,1.0,1,1.0,1.0,0.016195339757949623,0.9838046602420503,0.572010637067869,0.9999999999999999,0.4410538439240937
2022-09-11,茄类,1.0,1,1.0,1.0,0.14198912483087675,0.8580108751691233,1.0,1.0,0.9838046602420503
2022-10-15,茄类,2.0,2,0.9439884592834402,1.0,0.560628927675201,0.4393710723247991,,,
2022-10-16,茄类,1.0,1,1.0,1.0,0.5328993515880573,0.46710064841194265,0.9439884592834402,1.0,0.4393710723247991
2022-10-17,茄类,1.0,1,1.0,1.0,0.5327444471311931,0.46725555286880693,1.0,1.0,0.46710064841194265
2022-10-18,茄类,2.0,2,0.8946358340021074,1.0,0.7070970190586713,0.41155746398342435,1.0,1.0,0.46725555286880693
2022-10-19,茄类,1.0,1,1.0,1.0,0.5328198168499453,0.46718018315005466,0.8946358340021074,1.0,0.41155746398342435
2022-10-20,茄类,1.0,1,1.0,1.0,0.5330828397832658,0.4669171602167342,1.0,1.0,0.46718018315005466
2022-10-21,茄类,2.0,2,0.979327497449189,0.9999999999999999,0.5511250155201471,0.4564364873388019,1.0,1.0,0.4669171602167342
2022-10-22,茄类,1.0,1,1.0,1.0,0.5347099726111092,0.4652900273888908,0.979327497449189,0.9999999999999999,0.4564364873388019
2022-10-23,茄类,1.0,1,1.0,1.0,0.5347632032313807,0.46523679676861934,1.0,1.0,0.4652900273888908
2022-10-24,茄类,1.0,1,1.0,1.0,0.5353331980545198,0.46466680194548016,1.0,1.0,0.46523679676861934
2022-10-25,茄类,1.0,1,1.0,1.0,0.5351406813238563,0.46485931867614366,1.0,1.0,0.46466680194548016
2022-10-26,茄类,1.0,1,1.0,1.0,0.5351136594872103,0.46488634051278965,1.0,1.0,0.46485931867614366
2022-10-27,茄类,1.0,1,1.0,1.0,0.5346816287953325,0.4653183712046675,1.0,1.0,0.46488634051278965
2022-10-28,茄类,1.0,1,1.0,1.0,0.534300966833343,0.46569903316665695,1.0,1.0,0.4653183712046675
2022-10-29,茄类,1.0,1,1.0,1.0,0.5343805675538595,0.46561943244614046,1.0,1.0,0.46569903316665695
2022-10-30,茄类,1.0,1,1.0,1.0,0.5349040851960644,0.46509591480393564,1.0,1.0,0.46561943244614046
2022-10-31,茄类,1.0,1,1.0,1.0,0.5355730695756545,0.4644269304243455,1.0,1.0,0.46509591480393564
2022-11-01,茄类,1.0,1,1.0,1.0,0.5358082675022915,0.4641917324977085,1.0,1.0,0.4644269304243455
2022-11-03,茄类,1.0,1,1.0,1.0,0.5360196259414558,0.4639803740585442,,,
2022-11-05,茄类,1.0,1,1.0,1.0,0.5366022466185397,0.46339775338146033,,,
2022-11-06,茄类,1.0,1,1.0,1.0,0.5377878473186295,0.4622121526813705,1.0,1.0,0.46339775338146033
2022-11-07,茄类,1.0,1,1.0,1.0,0.5378916967972721,0.46210830320272794,1.0,1.0,0.4622121526813705
2022-11-08,茄类,1.0,1,1.0,1.0,0.5379825354234711,0.462017464576529,1.0,1.0,0.46210830320272794
2022-11-09,茄类,1.0,1,1.0,1.0,0.5380084875087173,0.4619915124912827,1.0,1.0,0.462017464576529
2022-11-10,茄类,1.0,1,1.0,1.0,0.5374649635077257,0.46253503649227434,1.0,1.0,0.4619915124912827
2022-11-11,茄类,1.0,1,1.0,1.0,0.5373412284075164,0.4626587715924836,1.0,1.0,0.46253503649227434
2022-11-12,茄类,1.0,1,1.0,1.0,0.5376349138103621,0.462365086189638,1.0,1.0,0.4626587715924836
2022-11-13,茄类,1.0,1,1.0,1.0,0.5379911258486296,0.46200887415137043,1.0,1.0,0.462365086189638
2022-11-14,茄类,1.0,1,1.0,1.0,0.5383488557573108,0.4616511442426892,1.0,1.0,0.46200887415137043
2022-11-15,茄类,1.0,1,1.0,1.0,0.5384613635579762,0.4615386364420238,1.0,1.0,0.4616511442426892
2022-11-16,茄类,1.0,1,1.0,1.0,0.5385032147764087,0.46149678522359133,1.0,1.0,0.4615386364420238
2022-11-17,茄类,1.0,1,1.0,1.0,0.5384088399175769,0.46159116008242307,1.0,1.0,0.46149678522359133
2022-11-18,茄类,1.0,1,1.0,1.0,0.5385610255219859,0.4614389744780141,1.0,1.0,0.46159116008242307
2022-11-19,茄类,2.0,2,0.9778844716529762,1.0,0.5591102676829648,0.4492826864050299,1.0,1.0,0.4614389744780141
2022-11-20,茄类,1.0,1,1.0,1.0,0.5414442490461593,0.4585557509538407,0.9778844716529762,1.0,0.4492826864050299
2022-11-21,茄类,2.0,2,0.9141944043447807,0.9999999999999999,0.7116894072355365,0.41386381015242885,1.0,1.0,0.4585557509538407
2022-11-22,茄类,1.0,1,1.0,1.0,0.5438932499704762,0.45610675002952383,0.9141944043447807,0.9999999999999999,0.41386381015242885
2022-11-23,茄类,2.0,2,0.7188116293321289,1.0,0.7133547746060189,0.28664522539398113,1.0,1.0,0.45610675002952383
2022-11-24,茄类,2.0,2,0.8375494294244306,1.0,0.7133648740852537,0.36621044746107545,0.7188116293321289,1.0,0.28664522539398113
2022-11-25,茄类,2.0,2,0.7817708588748109,1.0,0.7124209647602351,0.3309852473080907,0.8375494294244306,1.0,0.36621044746107545
2022-11-26,茄类,2.0,2,0.919395773599625,1.0000000000000002,0.7124934350061358,0.4134298933190088,0.7817708588748109,1.0,0.3309852473080907
2022-11-27,茄类,1.0,1,1.0,1.0,0.5446841213847324,0.4553158786152676,0.919395773599625,1.0000000000000002,0.4134298933190088
2022-11-28,茄类,1.0,1,1.0,1.0,0.5448789523345,0.45512104766550004,1.0,1.0,0.4553158786152676
2022-11-29,茄类,1.0,1,1.0,1.0,0.5449771691733533,0.4550228308266468,1.0,1.0,0.45512104766550004
2022-12-04,茄类,1.0,1,1.0,1.0,0.5442508136173058,0.45574918638269424,,,
2022-12-06,茄类,1.0,1,1.0,1.0,0.54482300666786,0.45517699333214,,,
2022-12-07,茄类,1.0,1,1.0,1.0,0.5449319959894291,0.455068004010571,1.0,1.0,0.45517699333214
2022-12-08,茄类,1.0,1,1.0,1.0,0.5456949954864704,0.4543050045135296,1.0,1.0,0.455068004010571
2022-12-09,茄类,1.0,1,1.0,1.0,0.5456405159383382,0.45435948406166193,1.0,1.0,0.4543050045135296
2022-12-10,茄类,1.0,1,1.0,1.0,0.5452849889904934,0.4547150110095066,1.0,1.0,0.45435948406166193
2022-12-11,茄类,2.0,2,0.6675900277008311,1.0,0.706252968127478,0.29374703187252205,1.0,1.0,0.4547150110095066
2022-12-12,茄类,1.0,1,1.0,1.0,0.5457872443982165,0.45421275560178354,0.6675900277008311,1.0,0.29374703187252205
2022-12-13,茄类,1.0,1,1.0,1.0,0.5458364931811769,0.4541635068188231,1.0,1.0,0.45421275560178354
2022-12-14,茄类,1.0,1,1.0,1.0,0.5467727320533701,0.45322726794662993,1.0,1.0,0.4541635068188231
2022-12-15,茄类,1.0,1,1.0,1.0,0.5468826055347954,0.4531173944652046,1.0,1.0,0.45322726794662993
2022-12-16,茄类,2.0,2,0.872251131186166,0.9999999999999999,0.7043673875232644,0.38395107013437846,1.0,1.0,0.4531173944652046
2022-12-17,茄类,2.0,2,0.635860019574277,1.0,0.7038522898797783,0.29614771012022173,0.872251131186166,0.9999999999999999,0.38395107013437846
2022-12-18,茄类,1.0,1,1.0,1.0,0.5487596131422806,0.4512403868577195,0.635860019574277,1.0,0.29614771012022173
2022-12-19,茄类,1.0,1,1.0,1.0,0.5495511033634214,0.4504488966365786,1.0,1.0,0.4512403868577195
2022-12-20,茄类,1.0,1,1.0,1.0,0.550370998500821,0.449629001499179,1.0,1.0,0.4504488966365786
2022-12-21,茄类,1.0,1,1.0,1.0,0.5508384750802051,0.4491615249197949,1.0,1.0,0.449629001499179
2022-12-22,茄类,1.0,1,1.0,1.0,0.552293904074866,0.447706095925134,1.0,1.0,0.4491615249197949
2022-12-23,茄类,1.0,1,1.0,1.0,0.5527177220499243,0.4472822779500757,1.0,1.0,0.447706095925134
2022-12-24,茄类,1.0,1,1.0,1.0,0.5528381722093453,0.4471618277906547,1.0,1.0,0.4472822779500757
2022-12-25,茄类,1.0,1,1.0,1.0,0.5535195986649718,0.4464804013350282,1.0,1.0,0.4471618277906547
2022-12-26,茄类,2.0,2,0.8646020254388056,1.0,0.5787033722714287,0.4212966277285714,1.0,1.0,0.4464804013350282
2022-12-27,茄类,2.0,2,0.9239429645391068,1.0,0.5800148914011334,0.41998510859886673,0.8646020254388056,1.0,0.4212966277285714
2022-12-28,茄类,1.0,1,1.0,1.0,0.5551690542767882,0.4448309457232117,0.9239429645391068,1.0,0.41998510859886673
2022-12-29,茄类,1.0,1,1.0,1.0,0.5558928679624057,0.44410713203759433,1.0,1.0,0.4448309457232117
2022-12-30,茄类,2.0,2,0.8878788652548004,0.9999999999999999,0.5804902890364428,0.41950971096355727,1.0,1.0,0.44410713203759433
2022-12-31,茄类,2.0,2,0.8637093203631758,1.0,0.580225732388356,0.41977426761164405,0.8878788652548004,0.9999999999999999,0.41950971096355727
2023-01-01,茄类,2.0,2,0.8282482888495011,1.0,0.5809304007514297,0.41906959924857035,0.8637093203631758,1.0,0.41977426761164405
2023-01-02,茄类,2.0,2,0.8757434848078527,0.9999999999999999,0.5815511958634555,0.41844880413654456,0.8282482888495011,1.0,0.41906959924857035
2023-01-03,茄类,2.0,2,0.7921885936446245,1.0,0.5828707012685888,0.4171292987314113,0.8757434848078527,0.9999999999999999,0.41844880413654456
2023-01-04,茄类,1.0,1,1.0,1.0,0.5580345395100885,0.4419654604899115,0.7921885936446245,1.0,0.4171292987314113
2023-01-05,茄类,2.0,2,0.8570740493535083,1.0,0.5834289707723148,0.41657102922768524,1.0,1.0,0.4419654604899115
2023-01-06,茄类,2.0,2,0.8866389518811518,1.0,0.5836431219082616,0.41635687809173855,0.8570740493535083,1.0,0.41657102922768524
2023-01-07,茄类,2.0,2,0.8297741156907741,1.0,0.5828317525810662,0.41716824741893377,0.8866389518811518,1.0,0.41635687809173855
2023-01-08,茄类,1.0,1,1.0,1.0,0.5587617255629274,0.4412382744370727,0.8297741156907741,1.0,0.41716824741893377
2023-01-09,茄类,1.0,1,1.0,1.0,0.5593092593239125,0.4406907406760874,1.0,1.0,0.4412382744370727
2023-01-10,茄类,2.0,2,0.816126583142065,1.0,0.5843662798062147,0.4156337201937854,1.0,1.0,0.4406907406760874
2023-01-11,茄类,1.0,1,1.0,1.0,0.5607934788357377,0.43920652116426234,0.816126583142065,1.0,0.4156337201937854
2023-01-12,茄类,1.0,1,1.0,1.0,0.5612631437261617,0.4387368562738382,1.0,1.0,0.43920652116426234
2023-01-13,茄类,2.0,2,0.8496091407705277,1.0,0.712017905883849,0.3561364417205527,1.0,1.0,0.4387368562738382
2023-01-14,茄类,2.0,2,0.6431638979942467,1.0,0.7151491762489375,0.2848508237510625,0.8496091407705277,1.0,0.3561364417205527
2023-01-15,茄类,2.0,2,0.6472564290365859,1.0,0.716442957103041,0.28355704289695893,0.6431638979942467,1.0,0.2848508237510625
2023-01-16,茄类,2.0,2,0.6747525683860452,1.0,0.7172224310547868,0.2827775689452132,0.6472564290365859,1.0,0.28355704289695893
2023-01-17,茄类,2.0,2,0.5785273161631903,1.0,0.7179121072822552,0.2820878927177449,0.6747525683860452,1.0,0.2827775689452132
2023-01-18,茄类,2.0,2,0.7565068800841113,1.0,0.7184265742750258,0.2923572708143239,0.5785273161631903,1.0,0.2820878927177449
2023-01-19,茄类,2.0,2,0.8136560070657144,1.0,0.7199927683260792,0.3285335006130951,0.7565068800841113,1.0,0.2923572708143239
2023-01-20,茄类,2.0,2,0.8225745931141739,1.0000000000000002,0.722499923209394,0.33148512882388376,0.8136560070657144,1.0,0.3285335006130951
2023-01-22,茄类,1.0,1,1.0,1.0,0.5732912903531965,0.4267087096468035,,,
2023-01-23,茄类,1.0,1,1.0,1.0,0.5742232495443135,0.4257767504556865,1.0,1.0,0.4267087096468035
2023-01-24,茄类,2.0,3,0.5681544302841449,1.0,0.7265585633729188,0.2734414366270812,1.0,1.0,0.4257767504556865
2023-01-25,茄类,2.0,2,0.5877687343010953,1.0,0.7273272557678185,0.2726727442321815,0.5681544302841449,1.0,0.2734414366270812
2023-01-26,茄类,2.0,2,0.7977658623186857,1.0,0.7284436635072883,0.3094713827409659,0.5877687343010953,1.0,0.2726727442321815
2023-01-27,茄类,2.0,2,0.6167472076384152,1.0,0.7294317476132746,0.27056825238672544,0.7977658623186857,1.0,0.3094713827409659
2023-01-28,茄类,2.0,2,0.6746827168367346,1.0,0.730309152246179,0.26969084775382096,0.6167472076384152,1.0,0.27056825238672544
2023-01-29,茄类,2.0,2,0.7817650087208923,1.0,0.7312743079063817,0.29680710697001217,0.6746827168367346,1.0,0.26969084775382096
2023-01-30,茄类,2.0,2,0.5835752787216378,1.0,0.7314840979043824,0.2685159020956176,0.7817650087208923,1.0,0.29680710697001217
2023-01-31,茄类,2.0,2,0.5267981797731172,1.0,0.7319978439158328,0.26800215608416733,0.5835752787216378,1.0,0.2685159020956176
2023-02-01,茄类,2.0,2,0.6300343254782395,1.0,0.7323726702966664,0.2676273297033337,0.5267981797731172,1.0,0.26800215608416733
2023-02-02,茄类,2.0,2,0.7168904617737428,1.0,0.7327801318312903,0.2672198681687097,0.6300343254782395,1.0,0.2676273297033337
2023-02-03,茄类,2.0,2,0.6039551709625337,1.0,0.7335370879898315,0.26646291201016836,0.7168904617737428,1.0,0.2672198681687097
2023-02-04,茄类,2.0,2,0.6424559424542262,1.0,0.7350936229405186,0.2649063770594814,0.6039551709625337,1.0,0.26646291201016836
2023-02-05,茄类,2.0,2,0.6287745548231873,1.0,0.7363037590427439,0.2636962409572562,0.6424559424542262,1.0,0.2649063770594814
2023-02-06,茄类,2.0,2,0.6832528289077948,1.0,0.7374927930041901,0.26250720699580987,0.6287745548231873,1.0,0.2636962409572562
2023-02-07,茄类,2.0,2,0.7721762109811634,1.0,0.7387239195328859,0.2840549958185052,0.6832528289077948,1.0,0.26250720699580987
2023-02-08,茄类,2.0,2,0.6531514781667237,0.9999999999999999,0.7396779437944638,0.2603220562055361,0.7721762109811634,1.0,0.2840549958185052
2023-02-09,茄类,2.0,2,0.6247382003860087,0.9999999999999999,0.740692208781664,0.25930779121833597,0.6531514781667237,0.9999999999999999,0.2603220562055361
2023-02-10,茄类,2.0,2,0.7784723836249938,1.0,0.7425461526389752,0.2850173444024109,0.6247382003860087,0.9999999999999999,0.25930779121833597
2023-02-11,茄类,2.0,2,0.6641107570737156,0.9999999999999999,0.7446182748015031,0.2553817251984969,0.7784723836249938,1.0,0.2850173444024109
2023-02-12,茄类,2.0,2,0.804451593095334,1.0,0.7463966061441045,0.29869988901005046,0.6641107570737156,0.9999999999999999,0.2553817251984969
2023-02-13,茄类,2.0,2,0.8610967602265462,1.0,0.7481455485111432,0.3317894187013098,0.804451593095334,1.0,0.29869988901005046
2023-02-14,茄类,3.0,3,0.6195325431548401,1.0,0.7918209960710074,0.21947950384847906,0.8610967602265462,1.0,0.3317894187013098
2023-02-15,茄类,2.0,2,0.6684325970605305,1.0,0.7527250962001704,0.24727490379982958,0.6195325431548401,1.0,0.21947950384847906
2023-02-16,茄类,3.0,3,0.6623628922528841,1.0,0.8003544694135375,0.2070998799967407,0.6684325970605305,1.0,0.24727490379982958
2023-02-17,茄类,3.0,3,0.6025401611171531,0.9999999999999998,0.8018636218548865,0.19813637814511348,0.6623628922528841,1.0,0.2070998799967407
2023-02-18,茄类,2.0,2,0.8680212577021642,1.0,0.7619833748262056,0.3218386593311991,0.6025401611171531,0.9999999999999998,0.19813637814511348
2023-02-19,茄类,3.0,3,0.5262225596232273,0.9999999999999999,0.8048640028182849,0.19811821827022197,0.8680212577021642,1.0,0.3218386593311991
2023-02-20,茄类,2.0,2,0.6690029584519022,1.0,0.6508410498403303,0.34915895015966975,0.5262225596232273,0.9999999999999999,0.19811821827022197
2023-02-21,茄类,2.0,2,0.7571480777315194,1.0,0.7658474544012576,0.24809826591921982,0.6690029584519022,1.0,0.34915895015966975
2023-02-22,茄类,2.0,2,0.5197366349562469,1.0,0.7670558858952454,0.24515031500030782,0.7571480777315194,1.0,0.24809826591921982
2023-02-23,茄类,3.0,3,0.6052968938233731,0.9999999999999999,0.8096702655578428,0.2531925872209361,0.5197366349562469,1.0,0.24515031500030782
2023-02-24,茄类,3.0,3,0.4940498700535048,1.0,0.8109577224347068,0.18904227756529324,0.6052968938233731,0.9999999999999999,0.2531925872209361
2023-02-25,茄类,2.0,2,0.5704449172359879,1.0,0.7707914413167505,0.22920855868324963,0.4940498700535048,1.0,0.18904227756529324
2023-02-26,茄类,3.0,3,0.5264934768015171,1.0,0.8134909110364188,0.20278686303629545,0.5704449172359879,1.0,0.22920855868324963
2023-02-27,茄类,3.0,3,0.5370930651539961,1.0,0.8141834520432717,0.26098263162735075,0.5264934768015171,1.0,0.20278686303629545
2023-02-28,茄类,3.0,3,0.39749736287892007,1.0,0.8145529300545028,0.26203825646500156,0.5370930651539961,1.0,0.26098263162735075
2023-03-01,茄类,2.0,2,0.6082417052469137,1.0,0.7732260933393731,0.22677390666062694,0.39749736287892007,1.0,0.26203825646500156
2023-03-02,茄类,3.0,3,0.5493872818789697,1.0,0.8159938802130738,0.18645330232049095,0.6082417052469137,1.0,0.22677390666062694
2023-03-03,茄类,3.0,3,0.5783471277151495,1.0,0.8173767658877549,0.21612571848464698,0.5493872818789697,1.0,0.18645330232049095
2023-03-04,茄类,3.0,3,0.7775306897130666,1.0,0.8190661674920776,0.25817877501276304,0.5783471277151495,1.0,0.21612571848464698
2023-03-05,茄类,3.0,3,0.6687768282829979,1.0,0.8200410605905698,0.19546900349272414,0.7775306897130666,1.0,0.25817877501276304
2023-03-06,茄类,2.0,2,0.6865068133202785,1.0,0.7785896568898629,0.22141034311013705,0.6687768282829979,1.0,0.19546900349272414
2023-03-07,茄类,3.0,3,0.8364929120409287,1.0,0.8222592079483465,0.2919350775241323,0.6865068133202785,1.0,0.22141034311013705
2023-03-08,茄类,2.0,2,0.7725647998494611,1.0,0.6642449867585538,0.3357550132414461,0.8364929120409287,1.0,0.2919350775241323
2023-03-09,茄类,3.0,3,0.44544007048436923,1.0,0.8193867840114976,0.2112348836879936,0.7725647998494611,1.0,0.3357550132414461
2023-03-10,茄类,2.0,2,0.6186648005261293,1.0,0.7759809583840215,0.22401904161597852,0.44544007048436923,1.0,0.2112348836879936
2023-03-11,茄类,3.0,3,0.8724359790367675,1.0,0.8162543181807046,0.3216530915521795,0.6186648005261293,1.0,0.22401904161597852
2023-03-12,茄类,3.0,3,0.5250841884294122,0.9999999999999999,0.8164509922988505,0.18354900770114949,0.8724359790367675,1.0,0.3216530915521795
2023-03-13,茄类,3.0,3,0.580651445373537,1.0,0.8166283231017804,0.18337167689821968,0.5250841884294122,0.9999999999999999,0.18354900770114949
2023-03-14,茄类,3.0,3,0.47923789130082867,0.9999999999999999,0.8167463829979219,0.24995497858401386,0.580651445373537,1.0,0.18337167689821968
2023-03-15,茄类,3.0,3,0.45517893640135093,0.9999999999999999,0.8168601079230314,0.3758861714187599,0.47923789130082867,0.9999999999999999,0.24995497858401386
2023-03-16,茄类,2.0,2,0.7121363970996282,1.0,0.7725084885071201,0.22749151149287997,0.45517893640135093,0.9999999999999999,0.3758861714187599
2023-03-17,茄类,3.0,3,0.7421032021338939,0.9999999999999999,0.8170524480389266,0.24130923163141493,0.7121363970996282,1.0,0.22749151149287997
2023-03-18,茄类,3.0,3,0.5417295628857687,1.0,0.8172120478257504,0.1827879521742496,0.7421032021338939,0.9999999999999999,0.24130923163141493
2023-03-19,茄类,3.0,3,0.6554632419928167,1.0,0.8174994184644749,0.19731879987788914,0.5417295628857687,1.0,0.1827879521742496
2023-03-20,茄类,3.0,3,0.5240160445448205,1.0,0.8177512453875658,0.18406446506414803,0.6554632419928167,1.0,0.19731879987788914
2023-03-21,茄类,3.0,3,0.5828408252364101,1.0,0.8178521009597377,0.19254587685889976,0.5240160445448205,1.0,0.18406446506414803
2023-03-22,茄类,2.0,2,0.8812725431408255,1.0,0.7734436871733146,0.3256768296756739,0.5828408252364101,1.0,0.19254587685889976
2023-03-23,茄类,2.0,2,0.711491516298379,0.9999999999999999,0.7735941544655335,0.22640584553446655,0.8812725431408255,1.0,0.3256768296756739
2023-03-24,茄类,3.0,3,0.6156523261052379,1.0,0.8181731507473354,0.20252347856272804,0.711491516298379,0.9999999999999999,0.22640584553446655
2023-03-25,茄类,3.0,3,0.6597480880958202,1.0,0.818347692572913,0.1899138385686199,0.6156523261052379,1.0,0.20252347856272804
2023-03-26,茄类,3.0,3,0.6544732960553311,1.0,0.818559276898724,0.21060345636102273,0.6597480880958202,1.0,0.1899138385686199
2023-03-27,茄类,3.0,3,0.6068644367548716,1.0,0.8187493486158521,0.1910505472385209,0.6544732960553311,1.0,0.21060345636102273
2023-03-28,茄类,3.0,3,0.5493508659676593,1.0,0.8188643911778266,0.1811356088221734,0.6068644367548716,1.0,0.1910505472385209
2023-03-29,茄类,2.0,2,0.8268909112632594,1.0,0.7744283179706177,0.2927463294960139,0.5493508659676593,1.0,0.1811356088221734
2023-03-30,茄类,3.0,3,0.6264378872513737,1.0,0.8190903960730119,0.19939842844048297,0.8268909112632594,1.0,0.2927463294960139
2023-03-31,茄类,3.0,3,0.7613945619156128,1.0000000000000002,0.8192277685738176,0.25455248800567376,0.6264378872513737,1.0,0.19939842844048297
2023-04-01,茄类,3.0,3,0.6935966725352015,1.0,0.8194254585341517,0.22904944219747347,0.7613945619156128,1.0000000000000002,0.25455248800567376
2023-04-02,茄类,3.0,3,0.6256308013406883,1.0,0.8196436469425539,0.20683986668766335,0.6935966725352015,1.0,0.22904944219747347
2023-04-03,茄类,3.0,3,0.748434050520904,1.0,0.8198342794580236,0.24407976983134383,0.6256308013406883,1.0,0.20683986668766335
2023-04-04,茄类,3.0,3,0.6512558906721246,1.0,0.8200125150221768,0.21059807287801158,0.748434050520904,1.0,0.24407976983134383
2023-04-05,茄类,3.0,3,0.7281964933235989,1.0,0.820199234911263,0.2291098945168941,0.6512558906721246,1.0,0.21059807287801158
2023-04-06,茄类,3.0,3,0.7745787609828974,0.9999999999999999,0.8204045460903698,0.2614152555612814,0.7281964933235989,1.0,0.2291098945168941
2023-04-07,茄类,2.0,2,0.8780020103487185,1.0,0.7758529468577202,0.32168005584384424,0.7745787609828974,0.9999999999999999,0.2614152555612814
2023-04-08,茄类,3.0,3,0.7492656479449799,1.0,0.8206084755781871,0.274986798208711,0.8780020103487185,1.0,0.32168005584384424
2023-04-09,茄类,2.0,2,0.5980747994919993,1.0,0.7760741139480896,0.22392588605191044,0.7492656479449799,1.0,0.274986798208711
2023-04-10,茄类,2.0,2,0.6015978563847196,1.0,0.7762656409484172,0.22373435905158287,0.5980747994919993,1.0,0.22392588605191044
2023-04-11,茄类,3.0,3,0.6280145627351847,1.0,0.8210533174066155,0.25560474236820324,0.6015978563847196,1.0,0.22373435905158287
2023-04-12,茄类,3.0,3,0.541774860838157,0.9999999999999998,0.8211755244010723,0.17882447559892753,0.6280145627351847,1.0,0.25560474236820324
2023-04-13,茄类,3.0,3,0.5120891875442447,0.9999999999999999,0.8212576881740151,0.17874231182598488,0.541774860838157,0.9999999999999998,0.17882447559892753
2023-04-14,茄类,3.0,3,0.7721682634666253,1.0,0.8173744037030541,0.27070763665746955,0.5120891875442447,0.9999999999999999,0.17874231182598488
2023-04-15,茄类,3.0,3,0.5754685858337482,1.0,0.8175431700954002,0.18245682990459985,0.7721682634666253,1.0,0.27070763665746955
2023-04-16,茄类,3.0,3,0.6592964038905913,1.0,0.8176967575885229,0.1936259265497357,0.5754685858337482,1.0,0.18245682990459985
2023-04-17,茄类,3.0,3,0.5573975828862568,1.0,0.8178889168699588,0.18211108313004123,0.6592964038905913,1.0,0.1936259265497357
2023-04-18,茄类,3.0,3,0.6255400036944715,0.9999999999999999,0.817971974089969,0.2559083506586532,0.5573975828862568,1.0,0.18211108313004123
2023-04-19,茄类,2.0,2,0.6547905597992216,1.0,0.7722310377406023,0.22776896225939774,0.6255400036944715,0.9999999999999999,0.2559083506586532
2023-04-20,茄类,3.0,3,0.5390350996880489,1.0,0.8182591609093417,0.18174083909065833,0.6547905597992216,1.0,0.22776896225939774
2023-04-21,茄类,3.0,3,0.7112728508381596,1.0,0.8183528045526153,0.22426892899769071,0.5390350996880489,1.0,0.18174083909065833
2023-04-22,茄类,3.0,3,0.6357591756759475,1.0,0.8186345852477955,0.23090117434994875,0.7112728508381596,1.0,0.22426892899769071
2023-04-23,茄类,3.0,3,0.44543268963139077,1.0,0.8189961674267756,0.18309420215779,0.6357591756759475,1.0,0.23090117434994875
2023-04-24,茄类,3.0,3,0.7031670577818289,1.0,0.8191947130218695,0.2159950240417832,0.44543268963139077,1.0,0.18309420215779
2023-04-25,茄类,3.0,3,0.593790399742275,1.0,0.8194261945229332,0.18057380547706686,0.7031670577818289,1.0,0.2159950240417832
2023-04-26,茄类,2.0,2,0.649612708360457,1.0,0.7731328244779601,0.22686717552203997,0.593790399742275,1.0,0.18057380547706686
2023-04-27,茄类,3.0,3,0.6717262314705496,1.0,0.8197666999375843,0.2448702087011422,0.649612708360457,1.0,0.22686717552203997
2023-04-28,茄类,3.0,3,0.4601898637410525,0.9999999999999999,0.8199320661034779,0.18006793389652198,0.6717262314705496,1.0,0.2448702087011422
2023-04-29,茄类,3.0,3,0.6006298346933684,1.0,0.820130113278053,0.20703022054312936,0.4601898637410525,0.9999999999999999,0.18006793389652198
2023-04-30,茄类,3.0,3,0.6747859736341972,1.0,0.8204638148330979,0.1972379896243408,0.6006298346933684,1.0,0.20703022054312936
2023-05-01,茄类,3.0,3,0.7384094590553106,1.0,0.8208545964839595,0.24175565869941065,0.6747859736341972,1.0,0.1972379896243408
2023-05-02,茄类,3.0,3,0.5216265599190153,1.0,0.8211380956224621,0.17886190437753796,0.7384094590553106,1.0,0.24175565869941065
2023-05-03,茄类,1.0,1,1.0,1.0,0.6094693657773809,0.3905306342226192,0.5216265599190153,1.0,0.17886190437753796
2023-05-04,茄类,1.0,1,1.0,1.0,0.6100232717703947,0.38997672822960533,1.0,1.0,0.3905306342226192
2023-05-05,茄类,1.0,1,1.0,1.0,0.6105872977439021,0.38941270225609803,1.0,1.0,0.38997672822960533
2023-05-06,茄类,1.0,1,1.0,1.0,0.6110988692875693,0.3889011307124307,1.0,1.0,0.38941270225609803
2023-05-07,茄类,1.0,1,1.0,1.0,0.6116346575804722,0.38836534241952775,1.0,1.0,0.3889011307124307
2023-05-08,茄类,1.0,1,1.0,1.0,0.6125654316420265,0.3874345683579735,1.0,1.0,0.38836534241952775
2023-05-09,茄类,1.0,1,1.0,1.0,0.6130644413782723,0.3869355586217278,1.0,1.0,0.3874345683579735
2023-05-10,茄类,1.0,1,1.0,1.0,0.6134327024258129,0.38656729757418706,1.0,1.0,0.3869355586217278
2023-05-11,茄类,1.0,1,1.0,1.0,0.614050166759026,0.385949833240974,1.0,1.0,0.38656729757418706
2023-05-12,茄类,1.0,1,1.0,1.0,0.6143187283803024,0.38568127161969756,1.0,1.0,0.385949833240974
2023-05-13,茄类,1.0,1,1.0,1.0,0.6148506156979205,0.3851493843020795,1.0,1.0,0.38568127161969756
2023-05-14,茄类,1.0,1,1.0,1.0,0.615590974943228,0.384409025056772,1.0,1.0,0.3851493843020795
2023-05-15,茄类,2.0,2,0.9558921595342018,1.0,0.7782261062679241,0.361124220560437,1.0,1.0,0.384409025056772
2023-05-16,茄类,1.0,1,1.0,1.0,0.6167569680493535,0.38324303195064646,0.9558921595342018,1.0,0.361124220560437
2023-05-17,茄类,1.0,1,1.0,1.0,0.6170403023148366,0.3829596976851635,1.0,1.0,0.38324303195064646
2023-05-18,茄类,1.0,1,1.0,1.0,0.6172763000284639,0.3827236999715361,1.0,1.0,0.3829596976851635
2023-05-19,茄类,1.0,1,1.0,1.0,0.617371802915959,0.382628197084041,1.0,1.0,0.3827236999715361
2023-05-20,茄类,1.0,1,1.0,1.0,0.617718018571122,0.3822819814288781,1.0,1.0,0.382628197084041
2023-05-21,茄类,1.0,1,1.0,1.0,0.6182892096710051,0.3817107903289949,1.0,1.0,0.3822819814288781
2023-05-22,茄类,2.0,2,0.958705099920385,1.0,0.7798284404548921,0.3597749615962444,1.0,1.0,0.3817107903289949
2023-05-23,茄类,1.0,1,1.0,1.0,0.6196801788401047,0.38031982115989527,0.958705099920385,1.0,0.3597749615962444
2023-05-24,茄类,1.0,1,1.0,1.0,0.6201788904000765,0.3798211095999234,1.0,1.0,0.38031982115989527
2023-05-25,茄类,2.0,2,0.6966690377918802,1.0,0.7198780651406205,0.2801219348593795,1.0,1.0,0.3798211095999234
2023-05-26,茄类,3.0,3,0.4921285430615249,0.9999999999999999,0.7347436050304331,0.26525639496956693,0.6966690377918802,1.0,0.2801219348593795
2023-05-27,茄类,1.0,1,1.0,1.0,0.6303179292485861,0.369682070751414,0.4921285430615249,0.9999999999999999,0.26525639496956693
2023-05-28,茄类,2.0,2,0.6714981179791146,1.0,0.6751438489083174,0.3248561510916827,1.0,1.0,0.369682070751414
2023-05-29,茄类,3.0,3,0.5401007562666184,1.0,0.7712629359350645,0.2287370640649356,0.6714981179791146,1.0,0.3248561510916827
2023-05-30,茄类,3.0,3,0.4256498651325663,1.0,0.7717079277862603,0.3493238625796092,0.5401007562666184,1.0,0.2287370640649356
2023-05-31,茄类,2.0,2,0.843503830207148,1.0,0.6755579332893001,0.32444206671069986,0.4256498651325663,1.0,0.3493238625796092
2023-06-01,茄类,3.0,3,0.4803272329758423,1.0,0.7723462255909849,0.26835038533087313,0.843503830207148,1.0,0.32444206671069986
2023-06-02,茄类,4.0,4,0.3905167355187851,0.933558508510733,0.7841041566669894,0.331625404690036,0.4803272329758423,1.0,0.26835038533087313
2023-06-03,茄类,4.0,4,0.47840150387803343,0.9818269499225868,0.7844277243033327,0.21557227569666726,0.3905167355187851,0.933558508510733,0.331625404690036
2023-06-04,茄类,3.0,3,0.5354396672149307,1.0,0.7733500474063236,0.2315174462838865,0.47840150387803343,0.9818269499225868,0.21557227569666726
2023-06-05,茄类,3.0,3,0.6019808693570798,1.0,0.8836946438336417,0.22112580468458135,0.5354396672149307,1.0,0.2315174462838865
2023-06-06,茄类,3.0,3,0.584551622885212,0.9999999999999998,0.7739873352656051,0.22601266473439477,0.6019808693570798,1.0,0.22112580468458135
2023-06-07,茄类,3.0,3,0.5379151200490525,1.0,0.7742484390126412,0.2257515609873589,0.584551622885212,0.9999999999999998,0.22601266473439477
2023-06-08,茄类,4.0,4,0.33304628173761747,0.9128891427638827,0.7860879505166729,0.3802195046360999,0.5379151200490525,1.0,0.2257515609873589
2023-06-09,茄类,3.0,3,0.4493363486496442,1.0000000000000002,0.774509659296529,0.27104393412694283,0.33304628173761747,0.9128891427638827,0.3802195046360999
2023-06-10,茄类,4.0,4,0.5553898571285578,0.9784342533319342,0.9291211292110468,0.22350301124824665,0.4493363486496442,1.0000000000000002,0.27104393412694283
2023-06-11,茄类,4.0,4,0.5383356498531366,0.9863519848509341,0.929253240880706,0.2347986057993918,0.5553898571285578,0.9784342533319342,0.22350301124824665
2023-06-12,茄类,4.0,4,0.47629166109773907,0.9479360679170095,0.9294023508890914,0.17209343870552157,0.5383356498531366,0.9863519848509341,0.2347986057993918
2023-06-13,茄类,2.0,2,0.6395429748859162,1.0,0.7304976511031959,0.26950234889680413,0.47629166109773907,0.9479360679170095,0.17209343870552157
2023-06-14,茄类,4.0,4,0.5388645210201689,0.9601212933253411,0.9295400947775507,0.12136462783466462,0.6395429748859162,1.0,0.26950234889680413
2023-06-15,茄类,3.0,3,0.4253576669697885,1.0,0.8841229288646827,0.3182164994101555,0.5388645210201689,0.9601212933253411,0.12136462783466462
2023-06-16,茄类,4.0,4,0.4172272498337484,0.9562839265735715,0.9296879137393748,0.24459799894781914,0.4253576669697885,1.0,0.3182164994101555
2023-06-17,茄类,4.0,4,0.4734890703947698,0.9172814617826197,0.9297683772439067,0.1405260806759496,0.4172272498337484,0.9562839265735715,0.24459799894781914
2023-06-18,茄类,4.0,4,0.432277040071812,0.961065385954943,0.9299253185156494,0.09842046561761135,0.4734890703947698,0.9172814617826197,0.1405260806759496
2023-06-19,茄类,4.0,4,0.3837740167028207,0.973923704437214,0.9301090870715091,0.19360203808683482,0.432277040071812,0.961065385954943,0.09842046561761135
2023-06-20,茄类,4.0,4,0.5894212239627125,0.9779084846239348,0.9301777101222599,0.1938405866257764,0.3837740167028207,0.973923704437214,0.19360203808683482
2023-06-21,茄类,5.0,5,0.2996143386790091,0.8856278240683165,0.9419280820723553,0.2709059002950892,0.5894212239627125,0.9779084846239348,0.1938405866257764
2023-06-22,茄类,5.0,5,0.3115006109533187,0.8660898836591271,0.9419936667271246,0.2458915913006431,0.2996143386790091,0.8856278240683165,0.2709059002950892
2023-06-23,茄类,5.0,5,0.5638297954800384,0.9567682494684622,0.9420855528114331,0.21408001920231423,0.3115006109533187,0.8660898836591271,0.2458915913006431
2023-06-24,茄类,4.0,4,0.3504251075814584,0.9694384715710811,0.9302293865431076,0.23197090011359406,0.5638297954800384,0.9567682494684622,0.21408001920231423
2023-06-25,茄类,4.0,4,0.5357975463917631,0.9735792408320825,0.9303553705226786,0.08902591528773991,0.3504251075814584,0.9694384715710811,0.23197090011359406
2023-06-26,茄类,3.0,3,0.6284064649766729,0.9999999999999999,0.8846570676127624,0.16154422385020603,0.5357975463917631,0.9735792408320825,0.08902591528773991
2023-06-27,茄类,5.0,5,0.3336589268307837,0.873440285204991,0.9423924831166696,0.24001278861061673,0.6284064649766729,0.9999999999999999,0.16154422385020603
2023-06-28,茄类,4.0,4,0.2937888479632125,0.8588588588588589,0.9304997723605802,0.30610521770373605,0.3336589268307837,0.873440285204991,0.24001278861061673
2023-06-29,茄类,5.0,5,0.3133285668040982,0.8738597862913735,0.9424701769469244,0.2876538609391299,0.2937888479632125,0.8588588588588589,0.30610521770373605
2023-06-30,茄类,3.0,3,0.47446103666999095,1.0,0.776758439413149,0.2617696927680306,0.3133285668040982,0.8738597862913735,0.2876538609391299
2020-07-01,辣椒类,9.0,9,0.518641436837934,0.8400052141041517,0.0,,,,
2020-07-02,辣椒类,10.0,10,0.3856253167591188,0.7625181642044079,1.0,0.12734678509958927,0.518641436837934,0.8400052141041517,
2020-07-03,辣椒类,10.0,10,0.29258063184198385,0.7188458126468803,1.0,0.15891994457083078,0.3856253167591188,0.7625181642044079,0.12734678509958927
2020-07-04,辣椒类,10.0,10,0.35696093900324916,0.7986590464880379,1.0,0.11363815440291813,0.29258063184198385,0.7188458126468803,0.15891994457083078
2020-07-05,辣椒类,10.0,10,0.34298424855247117,0.7907906682580002,1.0,0.09444820614328547,0.35696093900324916,0.7986590464880379,0.11363815440291813
2020-07-06,辣椒类,10.0,10,0.2545366839299517,0.7117344330459086,1.0,0.13856363118071746,0.34298424855247117,0.7907906682580002,0.09444820614328547
2020-07-07,辣椒类,10.0,10,0.1598222406435206,0.5850330466917775,1.0,0.3667876416579224,0.2545366839299517,0.7117344330459086,0.13856363118071746
2020-07-08,辣椒类,10.0,10,0.21979003601446764,0.7117327977480113,0.9999999999999999,0.2195792118029625,0.1598222406435206,0.5850330466917775,0.3667876416579224
2020-07-09,辣椒类,10.0,10,0.33082863683979075,0.7870880054366293,1.0,0.05343586378113488,0.21979003601446764,0.7117327977480113,0.2195792118029625
2020-07-10,辣椒类,8.0,8,0.27902523294264014,0.7947799385875128,0.9625448973458218,0.2309016009282266,0.33082863683979075,0.7870880054366293,0.05343586378113488
2020-07-11,辣椒类,9.0,9,0.27029403237399824,0.7828747756704065,0.9495909428972811,0.28201862660108873,0.27902523294264014,0.7947799385875128,0.2309016009282266
2020-07-12,辣椒类,10.0,10,0.3139483965232861,0.7092620857449412,1.0,0.11291360283353025,0.27029403237399824,0.7828747756704065,0.28201862660108873
2020-07-13,辣椒类,10.0,10,0.2694007596729754,0.7297343941459709,1.0,0.03788092276291893,0.3139483965232861,0.7092620857449412,0.11291360283353025
2020-07-14,辣椒类,10.0,10,0.2891564716916282,0.7960267412640462,1.0,0.15933353796539643,0.2694007596729754,0.7297343941459709,0.03788092276291893
2020-07-15,辣椒类,10.0,10,0.31582822615384615,0.8186845000289504,1.0,0.10571112482206727,0.2891564716916282,0.7960267412640462,0.15933353796539643
2020-07-16,辣椒类,9.0,10,0.3148823534298673,0.8170073843762146,0.9819816484755588,0.07376110600157795,0.31582822615384615,0.8186845000289504,0.10571112482206727
2020-07-17,辣椒类,10.0,10,0.25868884232871675,0.7131673235399499,1.0,0.06610958922797161,0.3148823534298673,0.8170073843762146,0.07376110600157795
2020-07-18,辣椒类,10.0,10,0.21117169340234626,0.7195135651294726,0.9999999999999999,0.20534659544007647,0.25868884232871675,0.7131673235399499,0.06610958922797161
2020-07-19,辣椒类,10.0,10,0.2900308483621008,0.8039985796218782,1.0,0.1495493304165007,0.21117169340234626,0.7195135651294726,0.20534659544007647
2020-07-20,辣椒类,9.0,9,0.2918696466298115,0.8091673987970536,0.9806305018574186,0.14035221289161937,0.2900308483621008,0.8039985796218782,0.1495493304165007
2020-07-21,辣椒类,10.0,10,0.3222831830058236,0.8056557468486223,1.0,0.0763298220682034,0.2918696466298115,0.8091673987970536,0.14035221289161937
2020-07-22,辣椒类,9.0,9,0.32108727777246504,0.8363572641738335,0.9812499776265531,0.21454610172084707,0.3222831830058236,0.8056557468486223,0.0763298220682034
2020-07-23,辣椒类,10.0,10,0.26210806759973704,0.7203542451866842,1.0,0.08195313850061164,0.32108727777246504,0.8363572641738335,0.21454610172084707
2020-07-24,辣椒类,8.0,9,0.40890466480653115,0.808173509139946,0.9625693209303301,0.17532660532341277,0.26210806759973704,0.7203542451866842,0.08195313850061164
2020-07-25,辣椒类,10.0,10,0.48623626061835146,0.8594440432329216,1.0,0.22725283144292077,0.40890466480653115,0.808173509139946,0.17532660532341277
2020-07-26,辣椒类,9.0,9,0.4481360188348684,0.8509969706560566,0.9827415338810432,0.1758433362160761,0.48623626061835146,0.8594440432329216,0.22725283144292077
2020-07-27,辣椒类,10.0,10,0.3699235371048796,0.815937806538512,1.0,0.09507909085752625,0.4481360188348684,0.8509969706560566,0.1758433362160761
2020-07-28,辣椒类,10.0,10,0.4276228945355656,0.8344947735191638,1.0,0.1482150297601866,0.3699235371048796,0.815937806538512,0.09507909085752625
2020-07-29,辣椒类,9.0,10,0.4936586540849373,0.8694222639736966,0.9838184852928308,0.1947746776717433,0.4276228945355656,0.8344947735191638,0.1482150297601866
2020-07-30,辣椒类,10.0,10,0.3229860583201896,0.8417541890483445,0.9843469585598031,0.18574072291554533,0.4936586540849373,0.8694222639736966,0.1947746776717433
2020-07-31,辣椒类,10.0,10,0.23514422174719657,0.7377384196185285,0.9990079226945517,0.27931483019266284,0.3229860583201896,0.8417541890483445,0.18574072291554533
2020-08-01,辣椒类,11.0,11,0.31067888034392344,0.7501119426853452,1.0,0.0782467174915248,0.23514422174719657,0.7377384196185285,0.27931483019266284
2020-08-02,辣椒类,11.0,11,0.35308661450445744,0.8167532333769846,0.9999999999999999,0.11150457211314163,0.31067888034392344,0.7501119426853452,0.0782467174915248
2020-08-03,辣椒类,11.0,11,0.5153331075482069,0.8480236834192936,1.0,0.23457600727827238,0.35308661450445744,0.8167532333769846,0.11150457211314163
2020-08-04,辣椒类,8.0,8,0.5661022505341912,0.8990663122742452,0.9308899715954793,0.24777484000630107,0.5153331075482069,0.8480236834192936,0.23457600727827238
2020-08-05,辣椒类,7.0,7,0.43675856458840456,0.8955477994381543,0.9093294398408449,0.15049055262007086,0.5661022505341912,0.8990663122742452,0.24777484000630107
2020-08-06,辣椒类,11.0,11,0.4182773921631397,0.8410063878347535,1.0,0.12318510973382045,0.43675856458840456,0.8955477994381543,0.15049055262007086
2020-08-07,辣椒类,10.0,10,0.47763277014100236,0.8517255854778593,0.9958341437722668,0.16547298588642212,0.4182773921631397,0.8410063878347535,0.12318510973382045
2020-08-08,辣椒类,8.0,8,0.5665700477184692,0.9067423124476528,0.9404890548362078,0.21753950905568523,0.47763277014100236,0.8517255854778593,0.16547298588642212
2020-08-09,辣椒类,10.0,10,0.3207761319793601,0.8068237337820966,0.9873933212800214,0.07024472720381758,0.5665700477184692,0.9067423124476528,0.21753950905568523
2020-08-10,辣椒类,9.0,9,0.46980957003924373,0.8622520752804006,0.949751620455265,0.13829642569218184,0.3207761319793601,0.8068237337820966,0.07024472720381758
2020-08-11,辣椒类,10.0,10,0.4036554445133582,0.8389455875129619,0.9548696918666156,0.1266010788696436,0.46980957003924373,0.8622520752804006,0.13829642569218184
2020-08-12,辣椒类,10.0,10,0.37125966530295007,0.8355681844867671,0.9560089273721084,0.08175116252919323,0.4036554445133582,0.8389455875129619,0.1266010788696436
2020-08-13,辣椒类,9.0,9,0.36106343942424374,0.8441425981090532,0.9812162634226909,0.05598031152389962,0.37125966530295007,0.8355681844867671,0.08175116252919323
2020-08-14,辣椒类,10.0,10,0.3471272751850546,0.8203140320830445,0.9947003046193832,0.03870041523679401,0.36106343942424374,0.8441425981090532,0.05598031152389962
2020-08-15,辣椒类,10.0,10,0.4320785336788806,0.8187410510685689,0.9948299456354359,0.11367936612613336,0.3471272751850546,0.8203140320830445,0.03870041523679401
2020-08-16,辣椒类,9.0,9,0.4023665698634081,0.8606496300571967,0.9819420962405212,0.06901615924053134,0.4320785336788806,0.8187410510685689,0.11367936612613336
2020-08-17,辣椒类,9.0,9,0.3568488800404694,0.8132633339273231,0.9824609225059651,0.055047899683454304,0.4023665698634081,0.8606496300571967,0.06901615924053134
2020-08-18,辣椒类,10.0,10,0.3160509128893498,0.7884425377015082,0.9952303904907569,0.07398054166516066,0.3568488800404694,0.8132633339273231,0.055047899683454304
2020-08-19,辣椒类,9.0,9,0.4062649468263893,0.8325485979806967,0.9795233875006637,0.09083695333295608,0.3160509128893498,0.7884425377015082,0.07398054166516066
2020-08-20,辣椒类,10.0,10,0.4033033506301592,0.7832343686227008,0.9954426218878754,0.13281484337125846,0.4062649468263893,0.8325485979806967,0.09083695333295608
2020-08-21,辣椒类,10.0,10,0.3572203213175052,0.8105354585788398,0.9955381588709109,0.05321503968278356,0.4033033506301592,0.7832343686227008,0.13281484337125846
2020-08-22,辣椒类,9.0,9,0.45529822880102205,0.8405150640833555,0.9832737653187414,0.12784660370604897,0.3572203213175052,0.8105354585788398,0.05321503968278356
2020-08-23,辣椒类,9.0,9,0.3692173112143714,0.8011823206778069,0.9847996178990357,0.0677664297122244,0.45529822880102205,0.8405150640833555,0.12784660370604897
2020-08-24,辣椒类,10.0,10,0.41282767431246364,0.831343544947929,0.995874842844169,0.1062223020697094,0.3692173112143714,0.8011823206778069,0.0677664297122244
2020-08-25,辣椒类,9.0,9,0.45935340133423264,0.8275955746658049,0.9841400312752119,0.14420711335774697,0.41282767431246364,0.831343544947929,0.1062223020697094
2020-08-26,辣椒类,10.0,10,0.41147364990352675,0.8109572400388728,0.9960787918817459,0.11946842461901001,0.45935340133423264,0.8275955746658049,0.14420711335774697
2020-08-27,辣椒类,10.0,10,0.43054958450611686,0.8247775800711743,0.996155555645395,0.08496455532048666,0.41147364990352675,0.8109572400388728,0.11946842461901001
2020-08-28,辣椒类,9.0,9,0.7365527648267048,0.9272372045352635,0.9844701299130677,0.30151631211699054,0.43054958450611686,0.8247775800711743,0.08496455532048666
2020-08-29,辣椒类,10.0,10,0.6314546292808991,0.9271082972251026,0.9963680553324501,0.22805787116857282,0.7365527648267048,0.9272372045352635,0.30151631211699054
2020-08-30,辣椒类,10.0,10,0.5868291685274901,0.8654587930248828,0.996483118490147,0.18855747250102725,0.6314546292808991,0.9271082972251026,0.22805787116857282
2020-08-31,辣椒类,9.0,9,0.5208840161512848,0.8894248293985504,0.9870085136297825,0.18009556838689308,0.5868291685274901,0.8654587930248828,0.18855747250102725
2020-09-01,辣椒类,10.0,10,0.5612038889072538,0.8441036447358153,0.9966808076933975,0.18582814786062463,0.5208840161512848,0.8894248293985504,0.18009556838689308
2020-09-02,辣椒类,10.0,10,0.5615467163623045,0.8725124748419059,0.9967492237027159,0.17958283424724547,0.5612038889072538,0.8441036447358153,0.18582814786062463
2020-09-03,辣椒类,9.0,9,0.5172666482716186,0.8486897232521033,0.9874184659284725,0.15559459744961635,0.5615467163623045,0.8725124748419059,0.17958283424724547
2020-09-04,辣椒类,10.0,10,0.6046895778202751,0.8982190240120551,0.9968573424773535,0.18124157870890722,0.5172666482716186,0.8486897232521033,0.15559459744961635
2020-09-05,辣椒类,9.0,9,0.5568819875855747,0.8402375972256177,0.9731044937641733,0.1846599704638886,0.6046895778202751,0.8982190240120551,0.18124157870890722
2020-09-06,辣椒类,9.0,9,0.5080490451030323,0.887707509881423,0.9774404459947416,0.10980326438128614,0.5568819875855747,0.8402375972256177,0.1846599704638886
2020-09-07,辣椒类,10.0,10,0.44664421360861106,0.8485116781470794,0.9843199870189009,0.11546627134146145,0.5080490451030323,0.887707509881423,0.10980326438128614
2020-09-08,辣椒类,10.0,10,0.4149490659969529,0.8062436578523248,0.9869286648960173,0.1178058820358035,0.44664421360861106,0.8485116781470794,0.11546627134146145
2020-09-09,辣椒类,9.0,9,0.44918745510053,0.826360095489383,0.9300050687325875,0.14599704509750963,0.4149490659969529,0.8062436578523248,0.1178058820358035
2020-09-10,辣椒类,10.0,10,0.37762243722458755,0.7826686401330062,0.9882251585174064,0.09882068084680652,0.44918745510053,0.826360095489383,0.14599704509750963
2020-09-11,辣椒类,9.0,9,0.3428725182276438,0.7930306650736758,0.974287896803695,0.14134768071360862,0.37762243722458755,0.7826686401330062,0.09882068084680652
2020-09-12,辣椒类,11.0,11,0.220273428505776,0.6980405314722855,0.9845919659219675,0.28865938552554804,0.3428725182276438,0.7930306650736758,0.14134768071360862
2020-09-13,辣椒类,11.0,11,0.38638523174490286,0.833379119238441,0.9948501247162599,0.07094832564172782,0.220273428505776,0.6980405314722855,0.28865938552554804
2020-09-14,辣椒类,9.0,9,0.4062825210189204,0.8562306900102986,0.9834269006663918,0.059930711069456896,0.38638523174490286,0.833379119238441,0.07094832564172782
2020-09-15,辣椒类,8.0,8,0.4052618575382295,0.8316296933448021,0.9721685692312599,0.096354401072323,0.4062825210189204,0.8562306900102986,0.059930711069456896
2020-09-16,辣椒类,10.0,10,0.3024215825358448,0.7862885168994562,0.9936596861740459,0.11270131646158855,0.4052618575382295,0.8316296933448021,0.096354401072323
2020-09-17,辣椒类,9.0,9,0.28994593295892607,0.7896196771047785,0.9849758622481842,0.1570547300711836,0.3024215825358448,0.7862885168994562,0.11270131646158855
2020-09-18,辣椒类,10.0,10,0.42179107408498107,0.8482995319812794,0.9937568942600536,0.05928187464187279,0.28994593295892607,0.7896196771047785,0.1570547300711836
2020-09-19,辣椒类,9.0,9,0.35577355240268044,0.8280250488182614,0.9851659331624194,0.13309397262124972,0.42179107408498107,0.8482995319812794,0.05928187464187279
2020-09-20,辣椒类,10.0,10,0.3528437020169013,0.8171521362004277,0.9938802581385493,0.07123724706393736,0.35577355240268044,0.8280250488182614,0.13309397262124972
2020-09-21,辣椒类,9.0,9,0.3424226115698681,0.8228461307261188,0.9835545121950445,0.09064157199977574,0.3528437020169013,0.8171521362004277,0.07123724706393736
2020-09-22,辣椒类,10.0,10,0.42613999805116565,0.8549130621096236,0.9940304038781732,0.06356419187548994,0.3424226115698681,0.8228461307261188,0.09064157199977574
2020-09-23,辣椒类,9.0,9,0.4029982722276262,0.829716347304287,0.983655955894464,0.044312003857527836,0.42613999805116565,0.8549130621096236,0.06356419187548994
2020-09-24,辣椒类,10.0,10,0.414214848194976,0.8438180881828627,0.9941514356121472,0.06030943243015641,0.4029982722276262,0.829716347304287,0.044312003857527836
2020-09-25,辣椒类,10.0,10,0.3569575306861201,0.7950053765434387,0.9941966648361791,0.07175289768672437,0.414214848194976,0.8438180881828627,0.06030943243015641
2020-09-26,辣椒类,9.0,9,0.506650153476902,0.8472112080359502,0.984000159216001,0.14573457301630205,0.3569575306861201,0.7950053765434387,0.07175289768672437
2020-09-27,辣椒类,10.0,10,0.4371716050896987,0.8062028314879084,0.9943031544068301,0.11764736491321261,0.506650153476902,0.8472112080359502,0.14573457301630205
2020-09-28,辣椒类,10.0,10,0.3755607273727104,0.797808072707832,0.9943494263666988,0.07259672841729559,0.4371716050896987,0.8062028314879084,0.11764736491321261
2020-09-29,辣椒类,9.0,9,0.4280185981100302,0.8129505235280707,0.9855449602919869,0.12119480675194218,0.3755607273727104,0.797808072707832,0.07259672841729559
2020-09-30,辣椒类,10.0,10,0.3103345290485552,0.7229991795330797,0.9944279009117648,0.13149749235679103,0.4280185981100302,0.8129505235280707,0.12119480675194218
2020-10-01,辣椒类,10.0,10,0.28478211509200546,0.7607189664856768,0.9944715061344452,0.1439513531408794,0.3103345290485552,0.7229991795330797,0.13149749235679103
2020-10-02,辣椒类,10.0,10,0.275783642954757,0.7302401019491991,0.9945227327697614,0.13095716979029864,0.28478211509200546,0.7607189664856768,0.1439513531408794
2020-10-03,辣椒类,9.0,9,0.4562249172079474,0.8321098102162213,0.985766547328109,0.09424440038679517,0.275783642954757,0.7302401019491991,0.13095716979029864
2020-10-04,辣椒类,9.0,9,0.4593547289766554,0.8137747639941496,0.983853163780003,0.0988150011950765,0.4562249172079474,0.8321098102162213,0.09424440038679517
2020-10-05,辣椒类,9.0,9,0.5383931309340403,0.8939419785518519,0.9840231068109258,0.12638290650409686,0.4593547289766554,0.8137747639941496,0.0988150011950765
2020-10-06,辣椒类,9.0,9,0.5314071778586451,0.8655523878277681,0.9842173174609802,0.14208072446123715,0.5383931309340403,0.8939419785518519,0.12638290650409686
2020-10-07,辣椒类,9.0,9,0.42434937370266135,0.7700907349052271,0.9843936352495793,0.11477523485844555,0.5314071778586451,0.8655523878277681,0.14208072446123715
2020-10-08,辣椒类,9.0,9,0.4263499665069051,0.8228204878996985,0.9845272021462697,0.08371003804377722,0.42434937370266135,0.7700907349052271,0.11477523485844555
2020-10-09,辣椒类,9.0,9,0.38524491358895874,0.8368362508049881,0.9846767700397503,0.05940418326620184,0.4263499665069051,0.8228204878996985,0.08371003804377722
2020-10-10,辣椒类,9.0,9,0.46069958575376135,0.8621812572603835,0.9847814362581181,0.11615391349829493,0.38524491358895874,0.8368362508049881,0.05940418326620184
2020-10-11,辣椒类,9.0,9,0.47598102783244683,0.8513829150881591,0.9848872193688214,0.14595748864156594,0.46069958575376135,0.8621812572603835,0.11615391349829493
2020-10-12,辣椒类,9.0,9,0.522988370024006,0.893893301210723,0.9850263884165599,0.12387516318970913,0.47598102783244683,0.8513829150881591,0.14595748864156594
2020-10-13,辣椒类,8.0,8,0.48815985841337023,0.8310937372750224,0.9762364462843733,0.12191325823328411,0.522988370024006,0.893893301210723,0.12387516318970913
2020-10-14,辣椒类,9.0,9,0.4520505221915594,0.8415875754961174,0.9852165821856772,0.10311297112180268,0.48815985841337023,0.8310937372750224,0.12191325823328411
2020-10-15,辣椒类,8.0,8,0.46833632200534125,0.8338933592713768,0.9764739029825713,0.12485439924516609,0.4520505221915594,0.8415875754961174,0.10311297112180268
2020-10-16,辣椒类,9.0,9,0.4086669003029904,0.817528542646071,0.985389864248715,0.11388582942534076,0.46833632200534125,0.8338933592713768,0.12485439924516609
2020-10-17,辣椒类,8.0,8,0.5801188428144723,0.8784107868869333,0.9766444232602479,0.15333557590883887,0.4086669003029904,0.817528542646071,0.11388582942534076
2020-10-18,辣椒类,9.0,9,0.5937039503597177,0.9070676623567939,0.9824613640851239,0.1724054801777128,0.5801188428144723,0.8784107868869333,0.15333557590883887
2020-10-19,辣椒类,10.0,10,0.5440201208797395,0.8583348033162816,0.9952904527435481,0.15487587786513285,0.5937039503597177,0.9070676623567939,0.1724054801777128
2020-10-20,辣椒类,9.0,9,0.49078498070094045,0.8318524829600779,0.9826933046956007,0.10593906904820517,0.5440201208797395,0.8583348033162816,0.15487587786513285
2020-10-21,辣椒类,9.0,9,0.4856278382993483,0.8704809873665369,0.9866599529648258,0.10886564116076879,0.49078498070094045,0.8318524829600779,0.10593906904820517
2020-10-22,辣椒类,9.0,9,0.5024349703105505,0.8349221576033734,0.9828417073619057,0.11533290951022981,0.4856278382993483,0.8704809873665369,0.10886564116076879
2020-10-23,辣椒类,10.0,10,0.4884790895671596,0.8302481831893597,0.9954069670173534,0.12603200220457828,0.5024349703105505,0.8349221576033734,0.11533290951022981
2020-10-24,辣椒类,9.0,9,0.5287648824485082,0.8619401533133585,0.9867796030504303,0.15182892754423033,0.4884790895671596,0.8302481831893597,0.12603200220457828
2020-10-25,辣椒类,10.0,10,0.4834167979227677,0.8468367867433172,0.9954732906104176,0.10516032990865758,0.5287648824485082,0.8619401533133585,0.15182892754423033
2020-10-26,辣椒类,10.0,10,0.6025673150648208,0.8701555932128787,0.9955121860153054,0.1839478527913823,0.4834167979227677,0.8468367867433172,0.10516032990865758
2020-10-27,辣椒类,9.0,9,0.5287419788655471,0.8711053453242155,0.9869210999679409,0.1191234324361598,0.6025673150648208,0.8701555932128787,0.1839478527913823
2020-10-28,辣椒类,8.0,8,0.6062080089008164,0.9006174714039881,0.9746608710530662,0.18447874994942348,0.5287419788655471,0.8711053453242155,0.1191234324361598
2020-10-29,辣椒类,10.0,10,0.5943501072683272,0.8705891290310327,0.9955855579254245,0.16130024144260405,0.6062080089008164,0.9006174714039881,0.18447874994942348
2020-10-30,辣椒类,10.0,10,0.561711816563818,0.8390596745027125,0.995612476243318,0.15437245909513894,0.5943501072683272,0.8705891290310327,0.16130024144260405
2020-10-31,辣椒类,10.0,10,0.5202570724350721,0.8502435664025981,0.9956359528098666,0.10300975199201715,0.561711816563818,0.8390596745027125,0.15437245909513894
2020-11-01,辣椒类,10.0,10,0.5819280625414205,0.8452293752204225,0.9956764383693898,0.1696343408864154,0.5202570724350721,0.8502435664025981,0.10300975199201715
2020-11-02,辣椒类,8.0,8,0.45900051649454476,0.8161947342275212,0.9738361924334613,0.0927081031913498,0.5819280625414205,0.8452293752204225,0.1696343408864154
2020-11-03,辣椒类,9.0,9,0.6979549532486908,0.8973277074542898,0.9837154455706578,0.2243029210319273,0.45900051649454476,0.8161947342275212,0.0927081031913498
2020-11-04,辣椒类,8.0,8,0.6758605252252234,0.9058445363379151,0.9752779486446691,0.2304413594380912,0.6979549532486908,0.8973277074542898,0.2243029210319273
2020-11-05,辣椒类,10.0,10,0.5048790614410588,0.8182059096329668,0.9957985304060929,0.1153893623969967,0.6758605252252234,0.9058445363379151,0.2304413594380912
2020-11-06,辣椒类,10.0,10,0.5863466531635352,0.83734047517601,0.9958195233753481,0.16822540999551666,0.5048790614410588,0.8182059096329668,0.1153893623969967
2020-11-07,辣椒类,10.0,10,0.4343330049524211,0.810146548510138,0.9958421359344769,0.075789473575973,0.5863466531635352,0.83734047517601,0.16822540999551666
2020-11-08,辣椒类,10.0,10,0.5480683828832948,0.8592773771655239,0.9958737165130191,0.11489379611009903,0.4343330049524211,0.810146548510138,0.075789473575973
2020-11-09,辣椒类,10.0,10,0.6391674877891967,0.8772595022904542,0.9959088756751093,0.1772374058967377,0.5480683828832948,0.8592773771655239,0.11489379611009903
2020-11-10,辣椒类,10.0,10,0.6178827330880863,0.867863088377879,0.9959372239655958,0.1693590705440028,0.6391674877891967,0.8772595022904542,0.1772374058967377
2020-11-11,辣椒类,10.0,10,0.5471670465077927,0.8618646899778231,0.9959609007172211,0.14624714887096424,0.6178827330880863,0.867863088377879,0.1693590705440028
2020-11-12,辣椒类,10.0,10,0.579638323312284,0.8628570457596302,0.995989052312769,0.1549996842401255,0.5471670465077927,0.8618646899778231,0.14624714887096424
2020-11-13,辣椒类,9.0,9,0.6759827121679847,0.9220169119949889,0.9623351004613709,0.1941425461736633,0.579638323312284,0.8628570457596302,0.1549996842401255
2020-11-14,辣椒类,10.0,10,0.4366777756558747,0.812750556792873,0.996043132219187,0.08119791968216306,0.6759827121679847,0.9220169119949889,0.1941425461736633
2020-11-15,辣椒类,10.0,10,0.5434851827039835,0.840532951753557,0.9960725997853126,0.13578522805200594,0.4366777756558747,0.812750556792873,0.08119791968216306
2020-11-16,辣椒类,10.0,10,0.5196112615304085,0.8578895137280846,0.9961025292204864,0.1210275820761558,0.5434851827039835,0.840532951753557,0.13578522805200594
2020-11-17,辣椒类,8.0,8,0.5766317328211159,0.9042220484753714,0.9772694226750581,0.16675449913787432,0.5196112615304085,0.8578895137280846,0.1210275820761558
2020-11-18,辣椒类,9.0,9,0.480886180684728,0.8099411984936243,0.9859625787018168,0.11199954037619178,0.5766317328211159,0.9042220484753714,0.16675449913787432
2020-11-19,辣椒类,10.0,10,0.5552780595790466,0.8931670924193466,0.9961556184075314,0.1169367963446937,0.480886180684728,0.8099411984936243,0.11199954037619178
2020-11-20,辣椒类,10.0,10,0.4830499431692399,0.8174680326030062,0.9961785400300102,0.09766636081512461,0.5552780595790466,0.8931670924193466,0.1169367963446937
2020-11-21,辣椒类,9.0,9,0.5152125296998091,0.859778875322787,0.9876581940674415,0.11807036381441877,0.4830499431692399,0.8174680326030062,0.09766636081512461
2020-11-22,辣椒类,10.0,10,0.6060485851435914,0.893681781074571,0.9962292274584221,0.16683303091171342,0.5152125296998091,0.859778875322787,0.11807036381441877
2020-11-23,辣椒类,9.0,9,0.5972531904428465,0.8891052560281768,0.9862637349099429,0.1520269827708596,0.6060485851435914,0.893681781074571,0.16683303091171342
2020-11-24,辣椒类,9.0,9,0.5565254613428615,0.8747819084686619,0.9863432219021896,0.12460392294714848,0.5972531904428465,0.8891052560281768,0.1520269827708596
2020-11-25,辣椒类,9.0,9,0.4841602008041206,0.8385568699749065,0.9864126620049385,0.0910244526826876,0.5565254613428615,0.8747819084686619,0.12460392294714848
2020-11-26,辣椒类,9.0,9,0.5399896872302518,0.8804225762176101,0.9864641966225123,0.12583455263785917,0.4841602008041206,0.8385568699749065,0.0910244526826876
2020-11-27,辣椒类,9.0,9,0.5113009340156551,0.8805068152722343,0.9879449217833179,0.10040820522781463,0.5399896872302518,0.8804225762176101,0.12583455263785917
2020-11-28,辣椒类,10.0,10,0.5865328622757374,0.8998605807116445,0.9963564034819112,0.15462616278475322,0.5113009340156551,0.8805068152722343,0.10040820522781463
2020-11-29,辣椒类,9.0,9,0.525932645939137,0.8714758658221342,0.9844588778748401,0.1284796390342073,0.5865328622757374,0.8998605807116445,0.15462616278475322
2020-11-30,辣椒类,10.0,10,0.4804851831779635,0.841092706680931,0.9964077536238206,0.09982235762632516,0.525932645939137,0.8714758658221342,0.1284796390342073
2020-12-01,辣椒类,9.0,9,0.5406744801037996,0.8746084123470196,0.9599715795516912,0.12627478372429513,0.4804851831779635,0.841092706680931,0.09982235762632516
2020-12-02,辣椒类,10.0,10,0.558352569275913,0.8723635617562577,0.996442194821903,0.12698175243901824,0.5406744801037996,0.8746084123470196,0.12627478372429513
2020-12-03,辣椒类,8.0,8,0.46495618281094936,0.8433036171738909,0.9747649905024006,0.06815961070471842,0.558352569275913,0.8723635617562577,0.12698175243901824
2020-12-04,辣椒类,9.0,9,0.5494368874653942,0.877751636422931,0.9866261067248204,0.11870550305866018,0.46495618281094936,0.8433036171738909,0.06815961070471842
2020-12-05,辣椒类,10.0,10,0.3713817419074362,0.7657591414944356,0.996488513845929,0.08630167740094541,0.5494368874653942,0.877751636422931,0.11870550305866018
2020-12-06,辣椒类,10.0,10,0.43794628530132723,0.8210458151206088,0.9965048151738588,0.03925507343262612,0.3713817419074362,0.7657591414944356,0.08630167740094541
2020-12-07,辣椒类,9.0,9,0.41684427762396764,0.8311176262447557,0.9865668665274655,0.09054926669259028,0.43794628530132723,0.8210458151206088,0.03925507343262612
2020-12-08,辣椒类,10.0,10,0.5005584899568036,0.8232717927200252,0.9965371882546279,0.11502932084562208,0.41684427762396764,0.8311176262447557,0.09054926669259028
2020-12-09,辣椒类,10.0,10,0.45227677075800987,0.8094234449097312,0.9965492152620761,0.07847405133141723,0.5005584899568036,0.8232717927200252,0.11502932084562208
2020-12-10,辣椒类,9.0,9,0.4944038338094282,0.836098541980895,0.9879943833011152,0.08685298802197522,0.45227677075800987,0.8094234449097312,0.07847405133141723
2020-12-11,辣椒类,10.0,10,0.4384967842754314,0.7807206721480883,0.9965747374637436,0.12066882030466869,0.4944038338094282,0.836098541980895,0.08685298802197522
2020-12-12,辣椒类,9.0,9,0.4815550902684349,0.8215903736725744,0.9845602160847571,0.08396740877947476,0.4384967842754314,0.7807206721480883,0.12066882030466869
2020-12-13,辣椒类,9.0,9,0.5212049193965403,0.8744009168576787,0.986386037700617,0.08648368191670676,0.4815550902684349,0.8215903736725744,0.08396740877947476
2020-12-14,辣椒类,6.0,6,0.5975183838051757,0.9146795057238503,0.8411327587793371,0.1824108088418189,0.5212049193965403,0.8744009168576787,0.08648368191670676
2020-12-15,辣椒类,10.0,10,0.4972006711253694,0.8306871864802999,0.9966429881817873,0.12194437313572809,0.5975183838051757,0.9146795057238503,0.1824108088418189
2020-12-16,辣椒类,9.0,9,0.4103153863289751,0.8014064293915041,0.9650386193752142,0.12023490929651448,0.4972006711253694,0.8306871864802999,0.12194437313572809
2020-12-17,辣椒类,9.0,9,0.5265298292579864,0.826913803496082,0.9389977835747239,0.13956537115593085,0.4103153863289751,0.8014064293915041,0.12023490929651448
2020-12-18,辣椒类,10.0,10,0.39667193449646526,0.7542403291787277,0.996675126141779,0.09047375530380351,0.5265298292579864,0.826913803496082,0.13956537115593085
2020-12-19,辣椒类,10.0,10,0.554203603429177,0.8641119577960141,0.9966872787077955,0.12247695737172842,0.39667193449646526,0.7542403291787277,0.09047375530380351
2020-12-20,辣椒类,10.0,10,0.49375258103568753,0.8497347253123394,0.996706927976501,0.06390441926257462,0.554203603429177,0.8641119577960141,0.12247695737172842
2020-12-21,辣椒类,9.0,9,0.43178546871079576,0.7912857420735264,0.9865731203786108,0.08523286303459547,0.49375258103568753,0.8497347253123394,0.06390441926257462
2020-12-22,辣椒类,10.0,10,0.48476398911964197,0.8566878156156934,0.996733931167207,0.08671579357830617,0.43178546871079576,0.7912857420735264,0.08523286303459547
2020-12-23,辣椒类,10.0,10,0.42069674469954904,0.8174085964828214,0.9967447675571055,0.1004733103533482,0.48476398911964197,0.8566878156156934,0.08671579357830617
2020-12-24,辣椒类,10.0,10,0.47309346538773117,0.8184608814029843,0.9967563997664086,0.10327512257971967,0.42069674469954904,0.8174085964828214,0.1004733103533482
2020-12-25,辣椒类,10.0,10,0.4361555676894846,0.7841870278620274,0.99676676998051,0.09367203190527201,0.47309346538773117,0.8184608814029843,0.10327512257971967
2020-12-26,辣椒类,9.0,9,0.3225312976000528,0.7386735214621882,0.9865435391393448,0.18664493951385377,0.4361555676894846,0.7841870278620274,0.09367203190527201
2020-12-27,辣椒类,10.0,10,0.41552888033823376,0.8264480045501944,0.9967957533371156,0.05545085338858573,0.3225312976000528,0.7386735214621882,0.18664493951385377
2020-12-28,辣椒类,10.0,10,0.4652731431876716,0.7854479645901925,0.9968099838764668,0.10154913224795416,0.41552888033823376,0.8264480045501944,0.05545085338858573
2020-12-29,辣椒类,7.0,7,0.4112541136579248,0.7974814917318205,0.9551370926384962,0.0869515932883255,0.4652731431876716,0.7854479645901925,0.10154913224795416
2020-12-30,辣椒类,9.0,9,0.4130397237961038,0.8144993316131439,0.9871722389787763,0.09770473115947957,0.4112541136579248,0.7974814917318205,0.0869515932883255
2020-12-31,辣椒类,9.0,9,0.35379033803131116,0.7336098120532957,0.9866395167883767,0.12713282424539613,0.4130397237961038,0.8144993316131439,0.09770473115947957
2021-01-01,辣椒类,10.0,10,0.4402951723825718,0.7967903385351306,0.9968314234420597,0.07925036550865379,0.35379033803131116,0.7336098120532957,0.12713282424539613
2021-01-02,辣椒类,9.0,9,0.5049281873519591,0.8508538656242992,0.986698355225148,0.08803669531327224,0.4402951723825718,0.7967903385351306,0.07925036550865379
2021-01-03,辣椒类,9.0,9,0.545621682304465,0.8798867162621787,0.9867745402640505,0.10116889913279124,0.5049281873519591,0.8508538656242992,0.08803669531327224
2021-01-04,辣椒类,8.0,8,0.536317644757068,0.8600803350141013,0.9685550991563154,0.08714710847526014,0.545621682304465,0.8798867162621787,0.10116889913279124
2021-01-05,辣椒类,10.0,10,0.5398585224599763,0.8456172116306316,0.9968822021491603,0.10430395056632172,0.536317644757068,0.8600803350141013,0.08714710847526014
2021-01-06,辣椒类,10.0,10,0.5425402400556664,0.8505659360402444,0.996887849929701,0.12240713283131306,0.5398585224599763,0.8456172116306316,0.10430395056632172
2021-01-07,辣椒类,10.0,10,0.4789393900472241,0.7879326731459054,0.9968953741942179,0.10101710227914673,0.5425402400556664,0.8505659360402444,0.12240713283131306
2021-01-08,辣椒类,10.0,10,0.2063726445459115,0.6967720039218643,0.99689839851231,0.2828743684614522,0.4789393900472241,0.7879326731459054,0.10101710227914673
2021-01-09,辣椒类,9.0,9,0.3154317987770704,0.7463104134590107,0.9869273888534947,0.15470700287205508,0.2063726445459115,0.6967720039218643,0.2828743684614522
2021-01-10,辣椒类,10.0,10,0.4863403771585432,0.8274409420024867,0.9969100841637245,0.07910872621073997,0.3154317987770704,0.7463104134590107,0.15470700287205508
2021-01-11,辣椒类,10.0,10,0.41293384862807264,0.779614266164899,0.9969229056315101,0.06413452070335629,0.4863403771585432,0.8274409420024867,0.07910872621073997
2021-01-12,辣椒类,8.0,8,0.43665939024937195,0.831465093411996,0.973512384219735,0.10251869978713594,0.41293384862807264,0.779614266164899,0.06413452070335629
2021-01-13,辣椒类,10.0,10,0.5235291482005148,0.8293268582220424,0.9969342245502997,0.1199540877292099,0.43665939024937195,0.831465093411996,0.10251869978713594
2021-01-14,辣椒类,10.0,10,0.46650271156723144,0.7981982899022801,0.9969395388145379,0.09673447739160604,0.5235291482005148,0.8293268582220424,0.1199540877292099
2021-01-15,辣椒类,9.0,9,0.5447609051432575,0.838565708602178,0.9871004202417406,0.1433965183892721,0.46650271156723144,0.7981982899022801,0.09673447739160604
2021-01-16,辣椒类,10.0,10,0.5199817013498459,0.8155013521674063,0.9969474226623081,0.11918268937913185,0.5447609051432575,0.838565708602178,0.1433965183892721
2021-01-17,辣椒类,10.0,10,0.4109393242354064,0.8206456113988246,0.996961935770553,0.08031228209588173,0.5199817013498459,0.8155013521674063,0.11918268937913185
2021-01-18,辣椒类,10.0,10,0.30571056177401434,0.7322177469584354,0.9969762706653595,0.21036269472984023,0.4109393242354064,0.8206456113988246,0.08031228209588173
2021-01-19,辣椒类,9.0,9,0.36170034601155876,0.748696558915537,0.9871172626146473,0.13885661757911882,0.30571056177401434,0.7322177469584354,0.21036269472984023
2021-01-20,辣椒类,9.0,9,0.42596976083530286,0.809804536017862,0.9871639064691857,0.13807942245556593,0.36170034601155876,0.748696558915537,0.13885661757911882
2021-01-21,辣椒类,10.0,10,0.3536451809866713,0.785063405169427,0.9969995368895708,0.10719706862236775,0.42596976083530286,0.809804536017862,0.13807942245556593
2021-01-22,辣椒类,8.0,8,0.2445312567697636,0.6850677895516172,0.9621097837032966,0.2603837488446405,0.3536451809866713,0.785063405169427,0.10719706862236775
2021-01-23,辣椒类,8.0,8,0.316471053416818,0.7605743112145906,0.9622692231060884,0.2291157176470517,0.2445312567697636,0.6850677895516172,0.2603837488446405
2021-01-24,辣椒类,8.0,8,0.3939334614603529,0.8244567038746102,0.9623956149154473,0.16221340300779183,0.316471053416818,0.7605743112145906,0.2291157176470517
2021-01-25,辣椒类,8.0,8,0.4340775756918561,0.8172274719354697,0.9626130229887483,0.0832121905392898,0.3939334614603529,0.8244567038746102,0.16221340300779183
2021-01-26,辣椒类,8.0,8,0.42465113909524443,0.8082789798805949,0.9628038651154712,0.09395392895220003,0.4340775756918561,0.8172274719354697,0.0832121905392898
2021-01-27,辣椒类,8.0,8,0.6242479701781062,0.8974727386910766,0.9629873518528649,0.18506993624011714,0.42465113909524443,0.8082789798805949,0.09395392895220003
2021-01-28,辣椒类,8.0,8,0.4616180996636167,0.8086621476988941,0.9632778686722743,0.10378057388693814,0.6242479701781062,0.8974727386910766,0.18506993624011714
2021-01-29,辣椒类,8.0,8,0.4833504107277408,0.8325735661603236,0.9635382735197665,0.1206175098242298,0.4616180996636167,0.8086621476988941,0.10378057388693814
2021-01-30,辣椒类,11.0,11,0.4490850189210864,0.838925443374439,0.9884496172935955,0.14250688214753507,0.4833504107277408,0.8325735661603236,0.1206175098242298
2021-01-31,辣椒类,9.0,9,0.45381824982447094,0.8211033617127091,0.964630677500955,0.140520853408987,0.4490850189210864,0.838925443374439,0.14250688214753507
2021-02-01,辣椒类,9.0,9,0.5917013607338137,0.8682998324958124,0.9648421679634979,0.14799240891967952,0.45381824982447094,0.8211033617127091,0.140520853408987
2021-02-02,辣椒类,9.0,9,0.5424186935141789,0.8787563079928374,0.9650210888449403,0.18385197302062206,0.5917013607338137,0.8682998324958124,0.14799240891967952
2021-02-03,辣椒类,10.0,10,0.5556139264957547,0.8474567695090635,0.9744125651231897,0.15092242148419532,0.5424186935141789,0.8787563079928374,0.18385197302062206
2021-02-04,辣椒类,9.0,9,0.48402160639840414,0.8380044493419546,0.9654404670897441,0.10893991467184821,0.5556139264957547,0.8474567695090635,0.15092242148419532
2021-02-05,辣椒类,8.0,8,0.48859759620055837,0.8582861918230908,0.9646776613353659,0.12296260474235962,0.48402160639840414,0.8380044493419546,0.10893991467184821
2021-02-06,辣椒类,8.0,8,0.5618076910178389,0.8887149587871199,0.9649970553790288,0.17391021206055426,0.48859759620055837,0.8582861918230908,0.12296260474235962
2021-02-07,辣椒类,8.0,8,0.45253650362558434,0.8306608965379227,0.9654868345242049,0.11463083821345091,0.5618076910178389,0.8887149587871199,0.17391021206055426
2021-02-08,辣椒类,8.0,8,0.32028936117727136,0.8087868698288888,0.9489844110900961,0.5619497081334912,0.45253650362558434,0.8306608965379227,0.11463083821345091
2021-02-09,辣椒类,9.0,9,0.3289771831236452,0.810642536158,0.9676779028547501,0.758142373334874,0.32028936117727136,0.8087868698288888,0.5619497081334912
2021-02-10,辣椒类,13.0,13,0.30749144076102186,0.7794808337023216,0.9983047137345507,0.6847472695315968,0.3289771831236452,0.810642536158,0.758142373334874
2021-02-13,辣椒类,11.0,11,0.3058734354431988,0.797540316791884,0.9873503990004127,0.6584465817101067,,,
2021-02-14,辣椒类,11.0,11,0.2457966964542396,0.7302222675070231,0.38909939039772945,0.7126003947007816,0.3058734354431988,0.797540316791884,0.6584465817101067
2021-02-15,辣椒类,9.0,9,0.3150176318143689,0.7939467053342208,0.9207749243570906,0.6813774209671951,0.2457966964542396,0.7302222675070231,0.7126003947007816
2021-02-16,辣椒类,8.0,8,0.3278627110763862,0.7948750074184465,0.3792842184742018,0.6231938437899084,0.3150176318143689,0.7939467053342208,0.6813774209671951
2021-02-17,辣椒类,9.0,9,0.38423912513754976,0.7995226194573724,0.39503916352291113,0.6936049888633267,0.3278627110763862,0.7948750074184465,0.6231938437899084
2021-02-18,辣椒类,9.0,9,0.38087669727818263,0.8139871519532248,0.40249855232197007,0.6635597685999481,0.38423912513754976,0.7995226194573724,0.6936049888633267
2021-02-19,辣椒类,7.0,7,0.48704067931544204,0.8876798483673646,0.36567473896038816,0.6853928789327466,0.38087669727818263,0.8139871519532248,0.6635597685999481
2021-02-20,辣椒类,9.0,9,0.5152716619887959,0.8545672472465761,0.39963453561674844,0.691331179150811,0.48704067931544204,0.8876798483673646,0.6853928789327466
2021-02-21,辣椒类,8.0,8,0.4834017496858735,0.8316650709374185,0.4042390660238675,0.6684271849830019,0.5152716619887959,0.8545672472465761,0.691331179150811
2021-02-22,辣椒类,7.0,7,0.4136120989557688,0.8285553450311666,0.37860513560413345,0.6504354411500894,0.4834017496858735,0.8316650709374185,0.6684271849830019
2021-02-23,辣椒类,8.0,8,0.5328139227085835,0.8858179689786362,0.3823609822098811,0.7388163882165617,0.4136120989557688,0.8285553450311666,0.6504354411500894
2021-02-24,辣椒类,10.0,10,0.3549142642111655,0.8054061256099795,0.4200597072725203,0.6195513627173808,0.5328139227085835,0.8858179689786362,0.7388163882165617
2021-02-25,辣椒类,8.0,8,0.40734812682915145,0.8724105555444576,0.3810106731299993,0.6434545652713926,0.3549142642111655,0.8054061256099795,0.6195513627173808
2021-02-26,辣椒类,9.0,9,0.36287222281977655,0.8833307555771596,0.42196496782416504,0.660868323396602,0.40734812682915145,0.8724105555444576,0.6434545652713926
2021-02-27,辣椒类,7.0,7,0.4600714621948929,0.9100652376514446,0.4074406008856669,0.6645171118022584,0.36287222281977655,0.8833307555771596,0.660868323396602
2021-02-28,辣椒类,8.0,8,0.3539056306754127,0.8906493891538844,0.4315974470628264,0.6748655159128639,0.4600714621948929,0.9100652376514446,0.6645171118022584
2021-03-01,辣椒类,11.0,11,0.3878916140096885,0.9024807351547368,0.45362831322501346,0.6693971093825816,0.3539056306754127,0.8906493891538844,0.6748655159128639
2021-03-02,辣椒类,8.0,8,0.3456403043782131,0.8841932272111128,0.4399239828539969,0.6532302533893295,0.3878916140096885,0.9024807351547368,0.6693971093825816
2021-03-03,辣椒类,7.0,7,0.3768211247472629,0.8753297254455162,0.41499730838805454,0.659896042468195,0.3456403043782131,0.8841932272111128,0.6532302533893295
2021-03-04,辣椒类,9.0,9,0.6206196224209177,0.9206454940048993,0.45731454602073435,0.689031846281468,0.3768211247472629,0.8753297254455162,0.659896042468195
2021-03-05,辣椒类,8.0,8,0.44965107666175075,0.9005694693491498,0.4502281938226989,0.6392503166153245,0.6206196224209177,0.9206454940048993,0.689031846281468
2021-03-06,辣椒类,9.0,9,0.41096072635848196,0.8884910760638013,0.4649582499739277,0.647103478847508,0.44965107666175075,0.9005694693491498,0.6392503166153245
2021-03-07,辣椒类,10.0,10,0.49984840851079854,0.8754813654461198,0.47930836380728936,0.6403023592993836,0.41096072635848196,0.8884910760638013,0.647103478847508
2021-03-08,辣椒类,8.0,8,0.4259557251452079,0.9198621873406385,0.4640541122449287,0.6302687608719687,0.49984840851079854,0.8754813654461198,0.6403023592993836
2021-03-09,辣椒类,8.0,8,0.3525031441056814,0.861170491068092,0.4668072931214073,0.5867815421087721,0.4259557251452079,0.9198621873406385,0.6302687608719687
2021-03-10,辣椒类,8.0,8,0.3604181380388763,0.873648149392087,0.46910197919122104,0.6125133362807239,0.3525031441056814,0.861170491068092,0.5867815421087721
2021-03-11,辣椒类,8.0,8,0.31586625464152396,0.8264379238802588,0.4710818411665509,0.5679858048836097,0.3604181380388763,0.873648149392087,0.6125133362807239
2021-03-12,辣椒类,8.0,8,0.5207174634251285,0.8937638914727164,0.472753220308357,0.5941606967763646,0.31586625464152396,0.8264379238802588,0.5679858048836097
2021-03-13,辣椒类,9.0,9,0.4344184049980112,0.844258278972802,0.48467570916332386,0.5608303010979453,0.5207174634251285,0.8937638914727164,0.5941606967763646
2021-03-14,辣椒类,8.0,8,0.5954301313961191,0.9143301249476894,0.4796023607900592,0.6299523134263498,0.4344184049980112,0.844258278972802,0.5608303010979453
2021-03-15,辣椒类,8.0,8,0.6231033465727961,0.9414401793219389,0.48337322833895596,0.6670728804096885,0.5954301313961191,0.9143301249476894,0.6299523134263498
2021-03-16,辣椒类,7.0,7,0.6366993346899591,0.9452624573662757,0.4683372074801402,0.64812130389829,0.6231033465727961,0.9414401793219389,0.6670728804096885
2021-03-17,辣椒类,8.0,8,0.4023958016422338,0.8299564205122083,0.48825816503765646,0.5494326651122642,0.6366993346899591,0.9452624573662757,0.64812130389829
2021-03-18,辣椒类,8.0,8,0.5074827048264018,0.8946197767621012,0.49094533675936847,0.6003276428546723,0.4023958016422338,0.8299564205122083,0.5494326651122642
2021-03-19,辣椒类,8.0,8,0.4094367241077278,0.8376660889659158,0.49327242235080054,0.5833232573838797,0.5074827048264018,0.8946197767621012,0.6003276428546723
2021-03-20,辣椒类,8.0,8,0.505624295220479,0.8784884214097888,0.495494189448206,0.5896323050361723,0.4094367241077278,0.8376660889659158,0.5833232573838797
2021-03-21,辣椒类,9.0,9,0.5719893426509448,0.8869276850663244,0.507154578318872,0.6036259689441831,0.505624295220479,0.8784884214097888,0.5896323050361723
2021-03-22,辣椒类,7.0,7,0.5487188589363594,0.9193128431539027,0.46697771447921893,0.622412868561514,0.5719893426509448,0.8869276850663244,0.6036259689441831
2021-03-23,辣椒类,7.0,7,0.47557998201769686,0.8870627960138053,0.46933413723526946,0.5780984185358868,0.5487188589363594,0.9193128431539027,0.622412868561514
2021-03-24,辣椒类,7.0,7,0.46144117806129925,0.8475896808210149,0.471560462117006,0.555651130548394,0.47557998201769686,0.8870627960138053,0.5780984185358868
2021-03-25,辣椒类,7.0,7,0.4097594927963211,0.8511358714910036,0.47300870516108684,0.5528476393174011,0.46144117806129925,0.8475896808210149,0.555651130548394
2021-03-26,辣椒类,8.0,8,0.5027513298309736,0.8619557904064853,0.5100767484090032,0.579195527194819,0.4097594927963211,0.8511358714910036,0.5528476393174011
2021-03-27,辣椒类,9.0,9,0.3992955122300441,0.7924207426961443,0.5199276647218128,0.5231731612518752,0.5027513298309736,0.8619557904064853,0.579195527194819
2021-03-28,辣椒类,9.0,9,0.48237130843126064,0.8470475704629512,0.5239771885300039,0.5408038284962037,0.3992955122300441,0.7924207426961443,0.5231731612518752
2021-03-29,辣椒类,8.0,8,0.5368246252920422,0.8633394471795862,0.5167117171252096,0.5990137143612826,0.48237130843126064,0.8470475704629512,0.5408038284962037
2021-03-30,辣椒类,10.0,10,0.4458264086375916,0.8175683615060514,0.5359421393102651,0.504701485213023,0.5368246252920422,0.8633394471795862,0.5990137143612826
2021-03-31,辣椒类,9.0,9,0.5535584920520561,0.8909290355244281,0.5280963958994974,0.6005285949586286,0.4458264086375916,0.8175683615060514,0.504701485213023
2021-04-01,辣椒类,8.0,8,0.5002168344246666,0.8704759029324075,0.5220484071925823,0.5393235897589943,0.5535584920520561,0.8909290355244281,0.6005285949586286
2021-04-02,辣椒类,8.0,8,0.5458103044167509,0.8637436905283695,0.5238805651876928,0.5869156659886041,0.5002168344246666,0.8704759029324075,0.5393235897589943
2021-04-03,辣椒类,8.0,8,0.4197363466334173,0.8111699211546703,0.5261627715000413,0.48887784779937427,0.5458103044167509,0.8637436905283695,0.5869156659886041
2021-04-04,辣椒类,7.0,7,0.5772552991942034,0.885046008793799,0.5089703824380116,0.5696024999647537,0.4197363466334173,0.8111699211546703,0.48887784779937427
2021-04-05,辣椒类,7.0,7,0.5911181197302788,0.8952983291436084,0.5118594405927543,0.5709876917855706,0.5772552991942034,0.885046008793799,0.5696024999647537
2021-04-06,辣椒类,7.0,7,0.5980245438829024,0.9145830363506772,0.5152234795654836,0.5983287474216137,0.5911181197302788,0.8952983291436084,0.5709876917855706
2021-04-07,辣椒类,8.0,8,0.4159412608905549,0.8055961844197139,0.5367404708006578,0.48173847426588656,0.5980245438829024,0.9145830363506772,0.5983287474216137
2021-04-08,辣椒类,8.0,8,0.34769356644221483,0.8213932618450074,0.5385426005998687,0.5079718318194283,0.4159412608905549,0.8055961844197139,0.48173847426588656
2021-04-09,辣椒类,8.0,8,0.3122428028251486,0.8108302317868593,0.5401771380799792,0.5044798013541236,0.34769356644221483,0.8213932618450074,0.5079718318194283
2021-04-10,辣椒类,7.0,7,0.4993868834499129,0.8973715228665722,0.5213295444039796,0.5222367042384801,0.3122428028251486,0.8108302317868593,0.5044798013541236
2021-04-11,辣椒类,8.0,8,0.5254004504003618,0.8803193181095349,0.5444777463844558,0.5347238649987752,0.4993868834499129,0.8973715228665722,0.5222367042384801
2021-04-12,辣椒类,8.0,8,0.26014273815550076,0.7664361647228817,0.54711381393696,0.47097337798768296,0.5254004504003618,0.8803193181095349,0.5347238649987752
2021-04-13,辣椒类,9.0,9,0.44668431898327016,0.8897630147630149,0.5489119032108843,0.5405612310495939,0.26014273815550076,0.7664361647228817,0.47097337798768296
2021-04-14,辣椒类,8.0,8,0.39835746561768837,0.8211340644393437,0.5498717549300521,0.4841980624691658,0.44668431898327016,0.8897630147630149,0.5405612310495939
2021-04-15,辣椒类,7.0,7,0.40231849207700326,0.8265372751221489,0.5304023595312854,0.48713453116898225,0.39835746561768837,0.8211340644393437,0.4841980624691658
2021-04-16,辣椒类,9.0,9,0.2932726920030813,0.7832210556779265,0.5604419062273459,0.4762962994164607,0.40231849207700326,0.8265372751221489,0.48713453116898225
2021-04-17,辣椒类,8.0,8,0.19397686607185494,0.6478468202832078,0.5553096686561992,0.5182715494931825,0.2932726920030813,0.7832210556779265,0.4762962994164607
2021-04-18,辣椒类,8.0,8,0.4862707272205665,0.8859253110627378,0.5564164753920354,0.5388501031681303,0.19397686607185494,0.6478468202832078,0.5182715494931825
2021-04-19,辣椒类,8.0,8,0.46121017538908776,0.8761906791399406,0.5595568585545563,0.49086786598967996,0.4862707272205665,0.8859253110627378,0.5388501031681303
2021-04-20,辣椒类,8.0,8,0.47725672023763704,0.8967094377321969,0.5609859413599573,0.5092432809190266,0.46121017538908776,0.8761906791399406,0.49086786598967996
2021-04-21,辣椒类,7.0,7,0.4853102984990598,0.8964170152316313,0.541431804901661,0.5103479997086982,0.47725672023763704,0.8967094377321969,0.5092432809190266
2021-04-22,辣椒类,8.0,8,0.37567948672376433,0.8771109487527398,0.5643507767668068,0.5239603112254619,0.4853102984990598,0.8964170152316313,0.5103479997086982
2021-04-23,辣椒类,9.0,9,0.3089224147348748,0.7871041444275897,0.5732730138787491,0.4672066993198227,0.37567948672376433,0.8771109487527398,0.5239603112254619
2021-04-24,辣椒类,8.0,8,0.37505989837913356,0.8883425527555828,0.5678004142959721,0.47633278187123396,0.3089224147348748,0.7871041444275897,0.4672066993198227
2021-04-25,辣椒类,8.0,8,0.32122777489351434,0.8014272242318465,0.5705524806454657,0.44743826219605487,0.37505989837913356,0.8883425527555828,0.47633278187123396
2021-04-26,辣椒类,8.0,8,0.4629987267560707,0.8589663350681862,0.5725093779033598,0.47023705857489867,0.32122777489351434,0.8014272242318465,0.44743826219605487
2021-04-27,辣椒类,8.0,8,0.4663669625222039,0.8640279162512461,0.5743068496949589,0.47099273409717063,0.4629987267560707,0.8589663350681862,0.47023705857489867
2021-04-28,辣椒类,7.0,7,0.4539767171304427,0.8752675411642544,0.5470360859701167,0.47253957926091567,0.4663669625222039,0.8640279162512461,0.47099273409717063
2021-04-29,辣椒类,8.0,8,0.4787775397396076,0.8745576884293128,0.5773603475713655,0.48305082766672314,0.4539767171304427,0.8752675411642544,0.47253957926091567
2021-04-30,辣椒类,8.0,8,0.3410864420381487,0.8298117847347016,0.5792275711152894,0.4313330701760039,0.4787775397396076,0.8745576884293128,0.48305082766672314
2021-05-01,辣椒类,8.0,8,0.47296642750576706,0.8593467362654401,0.5810969222381337,0.4614666680199321,0.3410864420381487,0.8298117847347016,0.4313330701760039
2021-05-02,辣椒类,8.0,8,0.3966097164222575,0.7784257647351406,0.5831483593389696,0.4570943694789113,0.47296642750576706,0.8593467362654401,0.4614666680199321
2021-05-03,辣椒类,9.0,9,0.4378370491757066,0.8235054364113691,0.5861569989845958,0.46426718968482206,0.3966097164222575,0.7784257647351406,0.4570943694789113
2021-05-04,辣椒类,8.0,8,0.32739095132674495,0.8275327281850111,0.5880086481161386,0.42454208822176526,0.4378370491757066,0.8235054364113691,0.46426718968482206
2021-05-05,辣椒类,8.0,8,0.3230724093712621,0.7676054384017758,0.5893358951599522,0.43831641869890553,0.32739095132674495,0.8275327281850111,0.42454208822176526
2021-05-06,辣椒类,8.0,8,0.47316672951922073,0.8500960095525472,0.5913478578742577,0.4699243287984835,0.3230724093712621,0.7676054384017758,0.43831641869890553
2021-05-07,辣椒类,8.0,8,0.5439674297545602,0.8923771666531463,0.5931744267959227,0.5237517546630002,0.47316672951922073,0.8500960095525472,0.4699243287984835
2021-05-08,辣椒类,9.0,9,0.4120362797440796,0.8693782450488285,0.6009106370215502,0.4372662195006707,0.5439674297545602,0.8923771666531463,0.5237517546630002
2021-05-09,辣椒类,8.0,8,0.503671460336647,0.8626242440178807,0.5975273958834127,0.47392538551909946,0.4120362797440796,0.8693782450488285,0.4372662195006707
2021-05-10,辣椒类,9.0,9,0.4901157831697974,0.8609617755856968,0.60676930292314,0.46061106786874595,0.503671460336647,0.8626242440178807,0.47392538551909946
2021-05-11,辣椒类,8.0,8,0.3122129184559441,0.7852936118992347,0.6018732079032001,0.4161627850441755,0.4901157831697974,0.8609617755856968,0.46061106786874595
2021-05-12,辣椒类,7.0,7,0.3081068339001729,0.8185423315186784,0.5804522427458211,0.4389271349735134,0.3122129184559441,0.7852936118992347,0.4161627850441755
2021-05-13,辣椒类,9.0,9,0.2814952776519822,0.8071075517737596,0.6057368630779773,0.43825578328327414,0.3081068339001729,0.8185423315186784,0.4389271349735134
2021-05-14,辣椒类,9.0,9,0.3335298971841243,0.82502070931823,0.590952227869685,0.42793042294566125,0.2814952776519822,0.8071075517737596,0.43825578328327414
2021-05-15,辣椒类,8.0,8,0.3063799580565563,0.838083036116209,0.5860669409377964,0.4642769135102775,0.3335298971841243,0.82502070931823,0.42793042294566125
2021-05-16,辣椒类,9.0,9,0.4863668607873426,0.9158179742293264,0.6111496850074387,0.49851058253531283,0.3063799580565563,0.838083036116209,0.4642769135102775
2021-05-17,辣椒类,9.0,9,0.655504891065756,0.9265561965334631,0.6200723213329782,0.5404004803793554,0.4863668607873426,0.9158179742293264,0.49851058253531283
2021-05-18,辣椒类,7.0,7,0.4825087834728629,0.9253275829562595,0.5925570833935168,0.48778324862555233,0.655504891065756,0.9265561965334631,0.5404004803793554
2021-05-19,辣椒类,8.0,8,0.4700710869455483,0.8812928577934498,0.6175069165012446,0.43661086703664387,0.4825087834728629,0.9253275829562595,0.48778324862555233
2021-05-20,辣椒类,8.0,8,0.4610808206697611,0.881772998960499,0.6194263382125178,0.43832590879183553,0.4700710869455483,0.8812928577934498,0.43661086703664387
2021-05-21,辣椒类,8.0,8,0.30174992351548324,0.7429988491258838,0.6212995489421304,0.552602865057395,0.4610808206697611,0.881772998960499,0.43832590879183553
2021-05-22,辣椒类,9.0,9,0.49464639659892473,0.901451443357322,0.6295607800463928,0.443074055605603,0.30174992351548324,0.7429988491258838,0.552602865057395
2021-05-23,辣椒类,10.0,10,0.5800833133037293,0.9111393970251299,0.6341857573297593,0.4905570870711758,0.49464639659892473,0.901451443357322,0.443074055605603
2021-05-24,辣椒类,10.0,10,0.39837500362470046,0.8512561162637844,0.6371121545180691,0.4261100788797338,0.5800833133037293,0.9111393970251299,0.4905570870711758
2021-05-25,辣椒类,9.0,9,0.35385374875395675,0.8309428188946262,0.6144651070517527,0.39163198904226726,0.39837500362470046,0.8512561162637844,0.4261100788797338
2021-05-26,辣椒类,8.0,8,0.38814551845003115,0.858933594227712,0.6311023417760655,0.40788758599393043,0.35385374875395675,0.8309428188946262,0.39163198904226726
2021-05-27,辣椒类,9.0,9,0.3282611144679842,0.741329090026431,0.6339035006942118,0.5412193545300954,0.38814551845003115,0.858933594227712,0.40788758599393043
2021-05-28,辣椒类,9.0,9,0.49349843188937964,0.8657663035367856,0.6354659949080708,0.41949679007795415,0.3282611144679842,0.741329090026431,0.5412193545300954
2021-05-29,辣椒类,9.0,9,0.4785593979819759,0.8709829260986777,0.6372930711520695,0.4480853613867248,0.49349843188937964,0.8657663035367856,0.41949679007795415
2021-05-30,辣椒类,10.0,10,0.46993760624305014,0.8797823945973832,0.6461261352704545,0.4582997588725535,0.4785593979819759,0.8709829260986777,0.4480853613867248
2021-05-31,辣椒类,9.0,9,0.41025005192860226,0.897734455570711,0.6420816606707763,0.4705628910429044,0.46993760624305014,0.8797823945973832,0.4582997588725535
2021-06-01,辣椒类,9.0,9,0.49387401477942944,0.9096388685940926,0.6436196353846511,0.47211373847555393,0.41025005192860226,0.897734455570711,0.4705628910429044
2021-06-02,辣椒类,8.0,8,0.6626832966661023,0.9291276038753272,0.6219884478404278,0.5178165304226091,0.49387401477942944,0.9096388685940926,0.47211373847555393
2021-06-03,辣椒类,8.0,8,0.5892523588618785,0.8916176900779194,0.6239849410067861,0.4782946117599954,0.6626832966661023,0.9291276038753272,0.5178165304226091
2021-06-04,辣椒类,9.0,9,0.33036025863437896,0.8286802230964907,0.6489393657205298,0.4117762904917483,0.5892523588618785,0.8916176900779194,0.4782946117599954
2021-06-05,辣椒类,10.0,10,0.3926934797117463,0.8615349630471858,0.6566884314701602,0.4185107433825884,0.33036025863437896,0.8286802230964907,0.4117762904917483
2021-06-06,辣椒类,9.0,9,0.3522759471983972,0.860241926280954,0.6522982354317082,0.4244378555867748,0.3926934797117463,0.8615349630471858,0.4185107433825884
2021-06-07,辣椒类,8.0,8,0.3746297813913218,0.885657546337158,0.6258412115176204,0.4421818497223359,0.3522759471983972,0.860241926280954,0.4244378555867748
2021-06-08,辣椒类,9.0,9,0.3939781538087105,0.8917474165981334,0.658301653991768,0.4239979603987334,0.3746297813913218,0.885657546337158,0.4421818497223359
2021-06-09,辣椒类,9.0,9,0.31522811769145637,0.8293628702512812,0.6568609721267924,0.39165936374777777,0.3939781538087105,0.8917474165981334,0.4239979603987334
2021-06-10,辣椒类,9.0,9,0.3816587984329169,0.8899826592632815,0.6581699825520622,0.43288585898786724,0.31522811769145637,0.8293628702512812,0.39165936374777777
2021-06-11,辣椒类,10.0,10,0.3553565614131451,0.8491445514404391,0.6655763354319861,0.4056128352430371,0.3816587984329169,0.8899826592632815,0.43288585898786724
2021-06-12,辣椒类,9.0,9,0.296954881767301,0.812651347313102,0.661578529984957,0.39393039650604633,0.3553565614131451,0.8491445514404391,0.4056128352430371
2021-06-13,辣椒类,10.0,10,0.3348716140886697,0.8276809749614228,0.6692147649213523,0.3947162027222233,0.296954881767301,0.812651347313102,0.39393039650604633
2021-06-14,辣椒类,8.0,8,0.3745429214936081,0.8716300558130192,0.6625822416332485,0.39417846953510643,0.3348716140886697,0.8276809749614228,0.3947162027222233
2021-06-15,辣椒类,9.0,9,0.28160344280170135,0.7910994165427297,0.6664325616387666,0.3946861137593384,0.3745429214936081,0.8716300558130192,0.39417846953510643
2021-06-16,辣椒类,9.0,9,0.36393855591393787,0.8258700074954493,0.6677298284955591,0.363364188537453,0.28160344280170135,0.7910994165427297,0.3946861137593384
2021-06-17,辣椒类,8.0,8,0.3967676490228251,0.8707601701385103,0.6445391536042699,0.4433816589033551,0.36393855591393787,0.8258700074954493,0.363364188537453
2021-06-18,辣椒类,8.0,8,0.3511372248836159,0.8670274201137871,0.6364654103124229,0.40876634900269015,0.3967676490228251,0.8707601701385103,0.4433816589033551
2021-06-19,辣椒类,10.0,10,0.3810188170698247,0.8489153629340546,0.6761267577021854,0.39353199351561774,0.3511372248836159,0.8670274201137871,0.40876634900269015
2021-06-20,辣椒类,10.0,10,0.3818213375704096,0.8573190499682855,0.6800287173510695,0.3959745769324643,0.3810188170698247,0.8489153629340546,0.39353199351561774
2021-06-21,辣椒类,9.0,9,0.38210270752215353,0.8899528052749051,0.674869055755757,0.39281175085416187,0.3818213375704096,0.8573190499682855,0.3959745769324643
2021-06-22,辣椒类,9.0,9,0.2797538514833001,0.7676137881891868,0.6761468857707584,0.354209841292222,0.38210270752215353,0.8899528052749051,0.39281175085416187
2021-06-23,辣椒类,9.0,9,0.2943250327746159,0.731043950947107,0.677352471049705,0.39749275276151325,0.2797538514833001,0.7676137881891868,0.354209841292222
2021-06-24,辣椒类,9.0,9,0.237721618174124,0.7257009570528543,0.6787015918748213,0.33519088707263534,0.2943250327746159,0.731043950947107,0.39749275276151325
2021-06-25,辣椒类,8.0,8,0.34402944620242876,0.8226619008752921,0.6547658902338084,0.38810219015073494,0.237721618174124,0.7257009570528543,0.33519088707263534
2021-06-26,辣椒类,10.0,10,0.3271492564839857,0.782057036111549,0.6812666098705442,0.39488526905838495,0.34402944620242876,0.8226619008752921,0.38810219015073494
2021-06-27,辣椒类,10.0,10,0.3921255439418091,0.8181013890117667,0.6829160948606423,0.36495222978430525,0.3271492564839857,0.782057036111549,0.39488526905838495
2021-06-28,辣椒类,10.0,10,0.3319283911447496,0.7799388779742416,0.6842481765027315,0.40492691861649943,0.3921255439418091,0.8181013890117667,0.36495222978430525
2021-06-29,辣椒类,10.0,10,0.24742235886073555,0.6876069541926044,0.6851778550705571,0.3380578641977256,0.3319283911447496,0.7799388779742416,0.40492691861649943
2021-06-30,辣椒类,9.0,9,0.2507810805266499,0.7525438461931788,0.6591852444203182,0.3717502202683928,0.24742235886073555,0.6876069541926044,0.3380578641977256
2021-07-01,辣椒类,10.0,10,0.31320474329891274,0.7829090842450566,0.6874408947794828,0.3924912152272092,0.2507810805266499,0.7525438461931788,0.3717502202683928
2021-07-02,辣椒类,10.0,10,0.18362130163206747,0.6497339702512719,0.6888931296316476,0.400372406321763,0.31320474329891274,0.7829090842450566,0.3924912152272092
2021-07-03,辣椒类,11.0,11,0.31939000734014744,0.8246002827931258,0.6904529580789854,0.4133426719377679,0.18362130163206747,0.6497339702512719,0.400372406321763
2021-07-04,辣椒类,11.0,11,0.2862536607355192,0.7850407238247399,0.6954061104806134,0.3672331709492692,0.31939000734014744,0.8246002827931258,0.4133426719377679
2021-07-05,辣椒类,10.0,10,0.2145496593804572,0.7031386305844795,0.6707004519035329,0.35401733364690174,0.2862536607355192,0.7850407238247399,0.3672331709492692
2021-07-06,辣椒类,10.0,10,0.19275842445021193,0.6560694262453548,0.6804147857560277,0.32465152517540474,0.2145496593804572,0.7031386305844795,0.35401733364690174
2021-07-07,辣椒类,10.0,10,0.31992617991318734,0.8657567200083673,0.6729597583012131,0.4124668596809401,0.19275842445021193,0.6560694262453548,0.32465152517540474
2021-07-08,辣椒类,11.0,11,0.25885413772376414,0.7527947549727748,0.6995754252877661,0.32791585835729187,0.31992617991318734,0.8657567200083673,0.4124668596809401
2021-07-09,辣椒类,11.0,11,0.19742443643194565,0.6705766786085751,0.6797560585830439,0.3202677303777431,0.25885413772376414,0.7527947549727748,0.32791585835729187
2021-07-10,辣椒类,10.0,10,0.34502260749152364,0.7575562335373596,0.680556143479053,0.35529868412863524,0.19742443643194565,0.6705766786085751,0.3202677303777431
2021-07-11,辣椒类,10.0,10,0.31768193355366553,0.8368414338563592,0.7026987753578805,0.38523506849579886,0.34502260749152364,0.7575562335373596,0.35529868412863524
2021-07-12,辣椒类,9.0,9,0.4779769469341325,0.9020295724241854,0.6335654341714086,0.4198959381375581,0.31768193355366553,0.8368414338563592,0.38523506849579886
2021-07-13,辣椒类,9.0,9,0.18195248118096335,0.659805091487669,0.6731623536051631,0.5458740217294287,0.4779769469341325,0.9020295724241854,0.4198959381375581
2021-07-14,辣椒类,9.0,9,0.3887068234835541,0.9108085471084362,0.6122269634806748,0.410478155801456,0.18195248118096335,0.659805091487669,0.5458740217294287
2021-07-15,辣椒类,10.0,10,0.2587040189054296,0.7565823069224012,0.6803688169393248,0.3379659047235873,0.3887068234835541,0.9108085471084362,0.410478155801456
2021-07-16,辣椒类,11.0,11,0.5105273884485921,0.8165596741906538,0.6856895973683861,0.5203019369783481,0.2587040189054296,0.7565823069224012,0.3379659047235873
2021-07-17,辣椒类,12.0,12,0.41457135511810944,0.7716929107700485,0.7135829376396768,0.44112426623174805,0.5105273884485921,0.8165596741906538,0.5203019369783481
2021-07-18,辣椒类,11.0,11,0.43996446692579916,0.8149074984359639,0.6063043220007105,0.44380337028210404,0.41457135511810944,0.7716929107700485,0.44112426623174805
2021-07-19,辣椒类,9.0,9,0.363040636742894,0.8293478802371346,0.47598290787133474,0.5402882066803304,0.43996446692579916,0.8149074984359639,0.44380337028210404
2021-07-20,辣椒类,11.0,11,0.3956923639501751,0.7719023626669275,0.6696487074841742,0.4642583886947503,0.363040636742894,0.8293478802371346,0.5402882066803304
2021-07-21,辣椒类,12.0,12,0.4020469388029258,0.7698386735765569,0.718413598357621,0.3819362224059741,0.3956923639501751,0.7719023626669275,0.4642583886947503
2021-07-22,辣椒类,12.0,12,0.5517565214436134,0.8242717592185163,0.7193784678107847,0.4844196670944506,0.4020469388029258,0.7698386735765569,0.3819362224059741
2021-07-23,辣椒类,11.0,11,0.3382856039065338,0.8060142032845097,0.6940193514942312,0.3605147171648952,0.5517565214436134,0.8242717592185163,0.4844196670944506
2021-07-24,辣椒类,12.0,12,0.44352323920411907,0.8415427116885622,0.7217855653119949,0.3891265145323591,0.3382856039065338,0.8060142032845097,0.3605147171648952
2021-07-25,辣椒类,10.0,10,0.37176212621174065,0.8367341299993092,0.6963188430856491,0.3896008075701127,0.44352323920411907,0.8415427116885622,0.3891265145323591
2021-07-26,辣椒类,6.0,6,0.47997689674917426,0.9232807544650309,0.6167573415597528,0.4186236260522034,0.37176212621174065,0.8367341299993092,0.3896008075701127
2021-07-27,辣椒类,10.0,10,0.372350010918301,0.7879924609782429,0.7001939833859883,0.36269303039976447,0.47997689674917426,0.9232807544650309,0.4186236260522034
2021-07-28,辣椒类,11.0,11,0.4301903708509238,0.7979522721902813,0.7278144106668797,0.4118639673092945,0.372350010918301,0.7879924609782429,0.36269303039976447
2021-07-29,辣椒类,12.0,12,0.2747143217397941,0.7576175210474279,0.7331025253950884,0.30704415736835183,0.4301903708509238,0.7979522721902813,0.4118639673092945
2021-07-30,辣椒类,10.0,10,0.4338552150881805,0.8071381729297907,0.7049518365949901,0.37252245147412477,0.2747143217397941,0.7576175210474279,0.30704415736835183
2021-07-31,辣椒类,11.0,11,0.343933970614068,0.7236692098570553,0.7324502508614056,0.39323321239332715,0.4338552150881805,0.8071381729297907,0.37252245147412477
2021-08-01,辣椒类,12.0,12,0.18279979696795112,0.6514417395414794,0.7385851705347488,0.40157648641822474,0.343933970614068,0.7236692098570553,0.39323321239332715
2021-08-02,辣椒类,11.0,11,0.17451684044303808,0.6200865265760198,0.7357819825054219,0.49105176853353255,0.18279979696795112,0.6514417395414794,0.40157648641822474
2021-08-03,辣椒类,10.0,10,0.1336888277812329,0.5114000317107976,0.735413618279813,0.49709558479975496,0.17451684044303808,0.6200865265760198,0.49105176853353255
2021-08-04,辣椒类,11.0,11,0.12123816860534163,0.47447192732844473,0.59408938900529,0.5486827749647952,0.1336888277812329,0.5114000317107976,0.49709558479975496
2021-08-05,辣椒类,10.0,10,0.16519687171492448,0.6144725370531823,0.7380762499161102,0.5682494974127213,0.12123816860534163,0.47447192732844473,0.5486827749647952
2021-08-06,辣椒类,11.0,11,0.27364472239972715,0.7821853941388497,0.7443639266437476,0.29430372362448043,0.16519687171492448,0.6144725370531823,0.5682494974127213
2021-08-07,辣椒类,9.0,9,0.4040831446165924,0.7655155515839843,0.7380557238699366,0.38799807515439133,0.27364472239972715,0.7821853941388497,0.29430372362448043
2021-08-08,辣椒类,9.0,9,0.40617896697812506,0.7945644803635896,0.7160827017500224,0.36751210495769493,0.4040831446165924,0.7655155515839843,0.38799807515439133
2021-08-09,辣椒类,10.0,10,0.3849967307422675,0.7694811006069285,0.74284755563468,0.3531659063131355,0.40617896697812506,0.7945644803635896,0.36751210495769493
2021-08-10,辣椒类,8.0,8,0.42531317360308357,0.7961804363082527,0.5540985422509215,0.4989387386921427,0.3849967307422675,0.7694811006069285,0.3531659063131355
2021-08-11,辣椒类,9.0,9,0.3630405289273701,0.7647650244867511,0.7415479622454285,0.33717462690788563,0.42531317360308357,0.7961804363082527,0.4989387386921427
2021-08-12,辣椒类,11.0,11,0.507449551430658,0.834699795925674,0.7491216845612352,0.3927401404343685,0.3630405289273701,0.7647650244867511,0.33717462690788563
2021-08-13,辣椒类,13.0,13,0.38880208057170584,0.7929027646998764,0.7585956268885046,0.3159823101754039,0.507449551430658,0.834699795925674,0.3927401404343685
2021-08-14,辣椒类,10.0,10,0.5518673620131073,0.8540071094713497,0.7236782904695711,0.43442460491908536,0.38880208057170584,0.7929027646998764,0.3159823101754039
2021-08-15,辣椒类,10.0,10,0.4183032683466054,0.7779026552063245,0.7430857730181857,0.3598951788015445,0.5518673620131073,0.8540071094713497,0.43442460491908536
2021-08-16,辣椒类,9.0,9,0.32256108457607985,0.7743111520454371,0.7407219608420609,0.27550942289846886,0.4183032683466054,0.7779026552063245,0.3598951788015445
2021-08-17,辣椒类,9.0,9,0.4299093094936185,0.8358837287003007,0.7195110112141713,0.3045605894102042,0.32256108457607985,0.7743111520454371,0.27550942289846886
2021-08-18,辣椒类,9.0,9,0.37786339709856764,0.7541260797647491,0.7416387271946857,0.3479586557319398,0.4299093094936185,0.8358837287003007,0.3045605894102042
2021-08-19,辣椒类,9.0,9,0.45153698356268956,0.8113869930179651,0.7420880427745984,0.34272655010924286,0.37786339709856764,0.7541260797647491,0.3479586557319398
2021-08-20,辣椒类,12.0,12,0.4636598808299318,0.7961550716941052,0.7256933316898072,0.43104890401116847,0.45153698356268956,0.8113869930179651,0.34272655010924286
2021-08-21,辣椒类,12.0,12,0.27003190469767113,0.6901772908071981,0.7557376509385455,0.28566846959147396,0.4636598808299318,0.7961550716941052,0.43104890401116847
2021-08-22,辣椒类,12.0,12,0.43445287075145755,0.8449818416678136,0.7562915442876439,0.3597554108823422,0.27003190469767113,0.6901772908071981,0.28566846959147396
2021-08-23,辣椒类,8.0,8,0.14240682859951553,0.5099854181195714,0.7185888309598025,0.5916029829104462,0.43445287075145755,0.8449818416678136,0.3597554108823422
2021-08-24,辣椒类,12.0,12,0.45128930966567093,0.8332931287227924,0.7350105460013753,0.35450059745143075,0.14240682859951553,0.5099854181195714,0.5916029829104462
2021-08-25,辣椒类,10.0,10,0.47075681069891967,0.8127005918037957,0.7254223125851491,0.35589701971970694,0.45128930966567093,0.8332931287227924,0.35450059745143075
2021-08-26,辣椒类,11.0,11,0.3745794299517268,0.7383351874877299,0.7310320508619526,0.3632555486102998,0.47075681069891967,0.8127005918037957,0.35589701971970694
2021-08-27,辣椒类,9.0,9,0.505637790383512,0.8228745413381215,0.7218732227140185,0.41519973006594546,0.3745794299517268,0.7383351874877299,0.3632555486102998
2021-08-28,辣椒类,11.0,11,0.3348244570760126,0.7827686222808173,0.7337433377068758,0.2824566374458754,0.505637790383512,0.8228745413381215,0.41519973006594546
2021-08-29,辣椒类,11.0,11,0.5131611014127845,0.8487918844143867,0.7333311149160203,0.3841571640197863,0.3348244570760126,0.7827686222808173,0.2824566374458754
2021-08-30,辣椒类,12.0,12,0.4218971053294366,0.7716258208703904,0.7387047604616066,0.35809059801840665,0.5131611014127845,0.8487918844143867,0.3841571640197863
2021-08-31,辣椒类,12.0,12,0.3746777798136169,0.7610979635519514,0.7393322899648642,0.33557302791520677,0.4218971053294366,0.7716258208703904,0.35809059801840665
2021-09-01,辣椒类,11.0,11,0.3806130909958793,0.7961759253054569,0.7362970060049255,0.287732854239444,0.3746777798136169,0.7610979635519514,0.33557302791520677
2021-09-02,辣椒类,11.0,11,0.34280302799989587,0.8026196519216824,0.7366261354352377,0.2875336806508488,0.3806130909958793,0.7961759253054569,0.287732854239444
2021-09-03,辣椒类,13.0,13,0.30142668319051175,0.7476435102271656,0.740717363010233,0.3915511248237279,0.34280302799989587,0.8026196519216824,0.2875336806508488
2021-09-04,辣椒类,12.0,12,0.4510544533226402,0.8043919216862158,0.7411541051613892,0.3707182164541465,0.30142668319051175,0.7476435102271656,0.3915511248237279
2021-09-05,辣椒类,13.0,13,0.3190875832692991,0.7214979853045745,0.7456720375375911,0.30383549098478074,0.4510544533226402,0.8043919216862158,0.3707182164541465
2021-09-06,辣椒类,13.0,13,0.44833542964469214,0.8092841425160353,0.7431080018540985,0.3410004807575255,0.3190875832692991,0.7214979853045745,0.30383549098478074
2021-09-07,辣椒类,10.0,10,0.42550665139217675,0.8246157934363789,0.7323069788001862,0.34510264020501513,0.44833542964469214,0.8092841425160353,0.3410004807575255
2021-09-08,辣椒类,13.0,13,0.34362602210819077,0.7531801679461244,0.7470301707060001,0.33723973984485434,0.42550665139217675,0.8246157934363789,0.34510264020501513
2021-09-09,辣椒类,11.0,11,0.45259852316563787,0.7943539304752609,0.718416787321899,0.3576792523268247,0.34362602210819077,0.7531801679461244,0.33723973984485434
2021-09-10,辣椒类,12.0,12,0.28692705651958994,0.7987992860619828,0.7468728865325,0.28041271224311115,0.45259852316563787,0.7943539304752609,0.3576792523268247
2021-09-11,辣椒类,11.0,11,0.4341954108748358,0.8418893838158872,0.7430591693128887,0.37426038396526967,0.28692705651958994,0.7987992860619828,0.28041271224311115
2021-09-12,辣椒类,9.0,9,0.402621679445706,0.8028975548302123,0.7321577134199825,0.319682102136142,0.4341954108748358,0.8418893838158872,0.37426038396526967
2021-09-13,辣椒类,7.0,7,0.47255980451326346,0.8628460903203373,0.723373093121241,0.32461655109700255,0.402621679445706,0.8028975548302123,0.319682102136142
2021-09-14,辣椒类,7.0,7,0.37561248059145297,0.7944389849124226,0.7238269927856806,0.32847863469637384,0.47255980451326346,0.8628460903203373,0.32461655109700255
2021-09-15,辣椒类,7.0,7,0.283708748744505,0.8129438683029746,0.7241014184099068,0.28532248576957453,0.37561248059145297,0.7944389849124226,0.32847863469637384
2021-09-16,辣椒类,8.0,8,0.2074045189672947,0.6925769892600724,0.7251822365437048,0.30377458095198456,0.283708748744505,0.8129438683029746,0.28532248576957453
2021-09-17,辣椒类,8.0,8,0.2480562629827459,0.7336888537757589,0.7255038471225322,0.27567418087238676,0.2074045189672947,0.6925769892600724,0.30377458095198456
2021-09-18,辣椒类,8.0,8,0.2691883733098367,0.7512042442673534,0.7256437805117285,0.287114477441935,0.2480562629827459,0.7336888537757589,0.27567418087238676
2021-09-19,辣椒类,11.0,11,0.35814932812243677,0.7847333501079314,0.7405589822086833,0.34122321144380147,0.2691883733098367,0.7512042442673534,0.287114477441935
2021-09-20,辣椒类,11.0,11,0.32974336749292144,0.7514100712932046,0.7412503375966443,0.30733903742741076,0.35814932812243677,0.7847333501079314,0.34122321144380147
2021-09-21,辣椒类,10.0,10,0.15481200906085213,0.5996327593636993,0.7409462620318055,0.47825264042472826,0.32974336749292144,0.7514100712932046,0.30733903742741076
2021-09-22,辣椒类,10.0,10,0.3826491376389004,0.8406294762867178,0.7168290807860576,0.2948404117153736,0.15481200906085213,0.5996327593636993,0.47825264042472826
2021-09-23,辣椒类,10.0,10,0.383285414633007,0.7940924375288455,0.7418784579835473,0.3085079168601872,0.3826491376389004,0.8406294762867178,0.2948404117153736
2021-09-24,辣椒类,10.0,10,0.1422256028060987,0.5518623997601738,0.7423401871518135,0.48189712817910446,0.383285414633007,0.7940924375288455,0.3085079168601872
2021-09-25,辣椒类,10.0,10,0.158367736442654,0.6250792485568419,0.7425431587493071,0.4754953215075269,0.1422256028060987,0.5518623997601738,0.48189712817910446
2021-09-26,辣椒类,9.0,9,0.3261193552177012,0.7926175656984786,0.7331114961927183,0.3306203571996146,0.158367736442654,0.6250792485568419,0.4754953215075269
2021-09-27,辣椒类,12.0,12,0.3646714912566327,0.7326314500826346,0.7485216567638453,0.4127012582731895,0.3261193552177012,0.7926175656984786,0.3306203571996146
2021-09-28,辣椒类,11.0,11,0.3790202917999232,0.7594674641285908,0.7445704995362095,0.3563571282006923,0.3646714912566327,0.7326314500826346,0.4127012582731895
2021-09-29,辣椒类,11.0,11,0.39482768536349344,0.8028489915600111,0.7448631113994368,0.30722987539436236,0.3790202917999232,0.7594674641285908,0.3563571282006923
2021-09-30,辣椒类,8.0,8,0.36455587334991396,0.7680970496687861,0.7294650415929351,0.3364705277077542,0.39482768536349344,0.8028489915600111,0.30722987539436236
2021-10-01,辣椒类,9.0,9,0.3627783601254295,0.7904174015285126,0.7349100950355192,0.3205398829587384,0.36455587334991396,0.7680970496687861,0.3364705277077542
2021-10-02,辣椒类,8.0,8,0.4847214294701333,0.8698900186760737,0.7303414397522623,0.3506346415788147,0.3627783601254295,0.7904174015285126,0.3205398829587384
2021-10-03,辣椒类,10.0,10,0.3317459478916911,0.8239003667642945,0.7179121234415424,0.34991299384636165,0.4847214294701333,0.8698900186760737,0.3506346415788147
2021-10-04,辣椒类,10.0,10,0.4108057047012431,0.7780232309556048,0.7381287643187556,0.36576161046712663,0.3317459478916911,0.8239003667642945,0.34991299384636165
2021-10-05,辣椒类,10.0,10,0.36797439154181916,0.761677002688717,0.7449218856641094,0.3451397980012841,0.4108057047012431,0.7780232309556048,0.36576161046712663
2021-10-06,辣椒类,9.0,9,0.489556619144929,0.8324435525601707,0.7171559708661485,0.37420733991423744,0.36797439154181916,0.761677002688717,0.3451397980012841
2021-10-07,辣椒类,9.0,9,0.5390669128221427,0.8354263368728938,0.741797749822458,0.38807637696646063,0.489556619144929,0.8324435525601707,0.37420733991423744
2021-10-08,辣椒类,8.0,8,0.5690471909263102,0.8651318288883822,0.7139022689761719,0.41350848691607217,0.5390669128221427,0.8354263368728938,0.38807637696646063
2021-10-09,辣椒类,8.0,8,0.575527965212005,0.8690551835378073,0.7145396803805562,0.39941456894096655,0.5690471909263102,0.8651318288883822,0.41350848691607217
2021-10-10,辣椒类,9.0,9,0.5346436705040651,0.862999299229152,0.7433376143471717,0.40966749710128575,0.575527965212005,0.8690551835378073,0.39941456894096655
2021-10-11,辣椒类,7.0,7,0.4406301582759382,0.813666898309011,0.6889075000117783,0.35847985062490373,0.5346436705040651,0.862999299229152,0.40966749710128575
2021-10-12,辣椒类,8.0,8,0.4954006439569763,0.8397401191120737,0.6947033429280298,0.37096498220868007,0.4406301582759382,0.813666898309011,0.35847985062490373
2021-10-13,辣椒类,8.0,8,0.4906516888695096,0.8491012832367335,0.7283083862824714,0.4247117201375348,0.4954006439569763,0.8397401191120737,0.37096498220868007
2021-10-14,辣椒类,8.0,8,0.3790083737770348,0.8361739220941428,0.6958246713839193,0.31142093290242173,0.4906516888695096,0.8491012832367335,0.4247117201375348
2021-10-15,辣椒类,10.0,10,0.30744347812231015,0.7178745016656656,0.7188164926849011,0.32830901496007125,0.3790083737770348,0.8361739220941428,0.31142093290242173
2021-10-16,辣椒类,10.0,10,0.39540935184185483,0.773896094159982,0.7516032100066034,0.3475524376618466,0.30744347812231015,0.7178745016656656,0.32830901496007125
2021-10-17,辣椒类,9.0,9,0.628202742493886,0.8976332649126082,0.7146256840907026,0.42961208848824234,0.39540935184185483,0.773896094159982,0.3475524376618466
2021-10-18,辣椒类,9.0,9,0.45549048992717894,0.8142218912881607,0.747782076049074,0.3718294619434596,0.628202742493886,0.8976332649126082,0.42961208848824234
2021-10-19,辣椒类,8.0,8,0.626393060687939,0.9210775991211426,0.7104714120938057,0.42093804274351865,0.45549048992717894,0.8142218912881607,0.3718294619434596
2021-10-20,辣椒类,8.0,8,0.4751947939561718,0.8573597056117755,0.710905281405993,0.3297998416592328,0.626393060687939,0.9210775991211426,0.42093804274351865
2021-10-21,辣椒类,8.0,8,0.2711819881721341,0.7061630760839923,0.7403461080759038,0.2969975850369157,0.4751947939561718,0.8573597056117755,0.3297998416592328
2021-10-22,辣椒类,9.0,9,0.4109115753791123,0.8722986900724782,0.7489430719579864,0.30446418268217845,0.2711819881721341,0.7061630760839923,0.2969975850369157
2021-10-23,辣椒类,9.0,9,0.48780223234632486,0.8431361096509161,0.7491526971928172,0.35571552960572106,0.4109115753791123,0.8722986900724782,0.30446418268217845
2021-10-24,辣椒类,8.0,8,0.4242173125617419,0.8534509775559895,0.7122589336522294,0.3412838613234343,0.48780223234632486,0.8431361096509161,0.35571552960572106
2021-10-25,辣椒类,9.0,9,0.48754700076228213,0.8373998543335761,0.7498496046879163,0.3624175923256336,0.4242173125617419,0.8534509775559895,0.3412838613234343
2021-10-26,辣椒类,7.0,7,0.3695028200873272,0.8047891431135038,0.6631159246485699,0.3419759894493017,0.48754700076228213,0.8373998543335761,0.3624175923256336
2021-10-27,辣椒类,8.0,8,0.5195642648591694,0.8560198213630245,0.7132298035235373,0.3817838742588869,0.3695028200873272,0.8047891431135038,0.3419759894493017
2021-10-28,辣椒类,9.0,9,0.39352979375150804,0.8125245078817347,0.7181923062490566,0.326556156715602,0.5195642648591694,0.8560198213630245,0.3817838742588869
2021-10-29,辣椒类,8.0,8,0.3983889251212856,0.8228782287822877,0.7419560637920463,0.33453280437505684,0.39352979375150804,0.8125245078817347,0.326556156715602
2021-10-30,辣椒类,8.0,8,0.3628635641435736,0.8200221534700737,0.7341217827344715,0.2920426481412549,0.3983889251212856,0.8228782287822877,0.33453280437505684
2021-10-31,辣椒类,8.0,8,0.42639581244501873,0.8042966200300821,0.7343566475880803,0.30793524956562635,0.3628635641435736,0.8200221534700737,0.2920426481412549
2021-11-01,辣椒类,7.0,7,0.4933129699725669,0.8487563462605061,0.725758819056375,0.37389790014376495,0.42639581244501873,0.8042966200300821,0.30793524956562635
2021-11-02,辣椒类,7.0,7,0.5248619612021475,0.8515417123180467,0.7064524189047436,0.4256974659183152,0.4933129699725669,0.8487563462605061,0.37389790014376495
2021-11-03,辣椒类,6.0,6,0.6153936891608168,0.9134823928388343,0.6441379340853332,0.4661066314424461,0.5248619612021475,0.8515417123180467,0.4256974659183152
2021-11-04,辣椒类,8.0,8,0.40984881846998894,0.7903551833670229,0.7353424101202456,0.33846123456954075,0.6153936891608168,0.9134823928388343,0.4661066314424461
2021-11-05,辣椒类,8.0,8,0.35697173956733186,0.8442659328954376,0.7354875042364707,0.29571253725189645,0.40984881846998894,0.7903551833670229,0.33846123456954075
2021-11-06,辣椒类,7.0,7,0.5061516791979483,0.8722956294467837,0.7264746783952075,0.3341021277842522,0.35697173956733186,0.8442659328954376,0.29571253725189645
2021-11-07,辣椒类,6.0,6,0.609172165329983,0.8985355648535565,0.7225266083458375,0.3812760816790506,0.5061516791979483,0.8722956294467837,0.3341021277842522
2021-11-08,辣椒类,6.0,6,0.5669827185333999,0.9248839556004036,0.7228908496369065,0.3629404892498193,0.609172165329983,0.8985355648535565,0.3812760816790506
2021-11-09,辣椒类,7.0,7,0.5411770713558098,0.9015914670278506,0.7271917753355795,0.3768637384515745,0.5669827185333999,0.9248839556004036,0.3629404892498193
2021-11-10,辣椒类,7.0,7,0.42363603117232146,0.8399194681149919,0.7274101067927454,0.3245226085359912,0.5411770713558098,0.9015914670278506,0.3768637384515745
2021-11-11,辣椒类,7.0,7,0.3716886111022869,0.8278077195274648,0.7275471433424144,0.3378985691148608,0.42363603117232146,0.8399194681149919,0.3245226085359912
2021-11-12,辣椒类,6.0,6,0.5218775671462952,0.9534985306965291,0.699346134560108,0.3502435460626142,0.3716886111022869,0.8278077195274648,0.3378985691148608
2021-11-13,辣椒类,6.0,6,0.5424357828086757,0.906223951097527,0.699242125808081,0.34859632548953645,0.5218775671462952,0.9534985306965291,0.3502435460626142
2021-11-14,辣椒类,7.0,7,0.567178281161368,0.911093068101086,0.7276382111744673,0.3683952796484109,0.5424357828086757,0.906223951097527,0.34859632548953645
2021-11-15,辣椒类,7.0,7,0.6333483805625465,0.8899144605605708,0.727825715105955,0.4074978919190474,0.567178281161368,0.911093068101086,0.3683952796484109
2021-11-16,辣椒类,7.0,7,0.3683027391709252,0.7892656391659113,0.7279615379043018,0.2892068777159397,0.6333483805625465,0.8899144605605708,0.4074978919190474
2021-11-17,辣椒类,8.0,8,0.3625613795482402,0.8277172117608194,0.7447357262989326,0.28160894218466337,0.3683027391709252,0.7892656391659113,0.2892068777159397
2021-11-18,辣椒类,7.0,7,0.2254917667885067,0.7297165991902836,0.7283053159955892,0.2961707986148222,0.3625613795482402,0.8277172117608194,0.28160894218466337
2021-11-19,辣椒类,6.0,6,0.3952718529917479,0.8634077799142138,0.6998846794399906,0.33431475644921976,0.2254917667885067,0.7297165991902836,0.2961707986148222
2021-11-20,辣椒类,8.0,8,0.4611667327473679,0.825283924598993,0.7447152277211703,0.33233011496554365,0.3952718529917479,0.8634077799142138,0.33431475644921976
2021-11-21,辣椒类,6.0,6,0.38898533485295317,0.8974884335756774,0.7234545320506127,0.2987008529333753,0.4611667327473679,0.825283924598993,0.33233011496554365
2021-11-22,辣椒类,6.0,6,0.5053645528838255,0.8814213105826829,0.7236359370118391,0.3963014670671871,0.38898533485295317,0.8974884335756774,0.2987008529333753
2021-11-23,辣椒类,7.0,7,0.5464368220821946,0.8739724505665408,0.7403179332163892,0.3626814562035761,0.5053645528838255,0.8814213105826829,0.3963014670671871
2021-11-24,辣椒类,6.0,6,0.4099170507618361,0.8828874538745388,0.7239272416350025,0.29792706149792225,0.5464368220821946,0.8739724505665408,0.3626814562035761
2021-11-25,辣椒类,6.0,6,0.4018013400250487,0.8630774506441973,0.7240390495693427,0.2845713701473429,0.4099170507618361,0.8828874538745388,0.29792706149792225
2021-11-26,辣椒类,7.0,7,0.39818291957451135,0.8019522046449007,0.7407024728801009,0.3092336864848284,0.4018013400250487,0.8630774506441973,0.2845713701473429
2021-11-27,辣椒类,6.0,6,0.5119261042336258,0.8973690511026576,0.7241724428881352,0.3695532181155814,0.39818291957451135,0.8019522046449007,0.3092336864848284
2021-11-28,辣椒类,6.0,6,0.5496730298190607,0.9234562010417909,0.7245658755565205,0.3338401061735614,0.5119261042336258,0.8973690511026576,0.3695532181155814
2021-11-29,辣椒类,6.0,6,0.5430265115954296,0.8758833030486574,0.7248815105981957,0.38170125271585276,0.5496730298190607,0.9234562010417909,0.3338401061735614
2021-11-30,辣椒类,6.0,6,0.6618104522259473,0.9256282335550629,0.7248416505280877,0.40094093773602174,0.5430265115954296,0.8758833030486574,0.38170125271585276
2021-12-01,辣椒类,7.0,7,0.7380977611109844,0.932179054054054,0.730027978856871,0.4657166624825646,0.6618104522259473,0.9256282335550629,0.40094093773602174
2021-12-02,辣椒类,7.0,7,0.49185706619742336,0.8571554420120688,0.7303281577529547,0.3377556436651717,0.7380977611109844,0.932179054054054,0.4657166624825646
2021-12-03,辣椒类,7.0,7,0.49215153784663,0.9057113107863174,0.7417115589795422,0.29704324662153264,0.49185706619742336,0.8571554420120688,0.3377556436651717
2021-12-04,辣椒类,7.0,7,0.5641374423470951,0.8831133113311331,0.7308014137906964,0.3870896849108828,0.49215153784663,0.9057113107863174,0.29704324662153264
2021-12-05,辣椒类,8.0,8,0.47197928050715066,0.8614066751070765,0.7474828312104265,0.28427186389142806,0.5641374423470951,0.8831133113311331,0.3870896849108828
2021-12-06,辣椒类,7.0,7,0.5626943018487998,0.8691439096660527,0.7314614925866352,0.3464555670941405,0.47197928050715066,0.8614066751070765,0.28427186389142806
2021-12-07,辣椒类,7.0,7,0.45633666008415985,0.8461772049396046,0.7318454398174062,0.32915364124575863,0.5626943018487998,0.8691439096660527,0.3464555670941405
2021-12-08,辣椒类,7.0,7,0.5905772751042812,0.8883043302306758,0.7320046755345588,0.38579538763870014,0.45633666008415985,0.8461772049396046,0.32915364124575863
2021-12-09,辣椒类,7.0,7,0.4411391192407185,0.8603486109385998,0.7322845773102999,0.31203512994710275,0.5905772751042812,0.8883043302306758,0.38579538763870014
2021-12-10,辣椒类,9.0,9,0.4986035794155538,0.8547063253012049,0.7413548828042501,0.42170295882140574,0.4411391192407185,0.8603486109385998,0.31203512994710275
2021-12-11,辣椒类,8.0,8,0.4796583675905161,0.8690304073436603,0.706856100265701,0.3452428909804668,0.4986035794155538,0.8547063253012049,0.42170295882140574
2021-12-12,辣椒类,7.0,7,0.5845028981999958,0.9033008010312128,0.707242690957081,0.3974731637089429,0.4796583675905161,0.8690304073436603,0.3452428909804668
2021-12-13,辣椒类,8.0,8,0.7109788612061264,0.935439354393544,0.7238603544019732,0.4292128458220525,0.5845028981999958,0.9033008010312128,0.3974731637089429
2021-12-14,辣椒类,9.0,9,0.4030497374633947,0.8156965034503252,0.7616175925468297,0.2803899022496749,0.7109788612061264,0.935439354393544,0.4292128458220525
2021-12-15,辣椒类,8.0,8,0.6437427845737589,0.9079779776356736,0.7243674909818729,0.41803979489865367,0.4030497374633947,0.8156965034503252,0.2803899022496749
2021-12-16,辣椒类,8.0,8,0.5581415974225864,0.9067450934026956,0.7245503013346477,0.35796566632071314,0.6437427845737589,0.9079779776356736,0.41803979489865367
2021-12-17,辣椒类,8.0,8,0.5234316962867391,0.8325931985508939,0.7249347592945199,0.36530078931658616,0.5581415974225864,0.9067450934026956,0.35796566632071314
2021-12-18,辣椒类,8.0,8,0.3781513958516846,0.8910249924112111,0.7252467758707194,0.3999194827855301,0.5234316962867391,0.8325931985508939,0.36530078931658616
2021-12-19,辣椒类,6.0,6,0.7771180026053123,0.9527557568893922,0.7010629797782939,0.47085899708003637,0.3781513958516846,0.8910249924112111,0.3999194827855301
2021-12-20,辣椒类,9.0,9,0.3705084093612123,0.8945199026458351,0.754673759084472,0.37408987130719384,0.7771180026053123,0.9527557568893922,0.47085899708003637
2021-12-21,辣椒类,9.0,9,0.42851869867127496,0.8266999652261877,0.7583220588739557,0.2791083049330797,0.3705084093612123,0.8945199026458351,0.37408987130719384
2021-12-22,辣椒类,7.0,7,0.3902631521604915,0.8822773593265395,0.7217107485741068,0.33633959278766623,0.42851869867127496,0.8266999652261877,0.2791083049330797
2021-12-23,辣椒类,9.0,9,0.2719366355881639,0.8458048532967195,0.7276719748897569,0.35338498777443417,0.3902631521604915,0.8822773593265395,0.33633959278766623
2021-12-24,辣椒类,9.0,9,0.44787359358545886,0.856956912887851,0.7278102241728233,0.35368949016616363,0.2719366355881639,0.8458048532967195,0.35338498777443417
2021-12-25,辣椒类,9.0,9,0.3984926365292013,0.8329175530693766,0.7598561217342786,0.3190936455867986,0.44787359358545886,0.856956912887851,0.35368949016616363
2021-12-26,辣椒类,8.0,8,0.48494885555943734,0.9003620385555591,0.5982543777188853,0.443733731203245,0.3984926365292013,0.8329175530693766,0.3190936455867986
2021-12-27,辣椒类,7.0,7,0.48442953433790886,0.9400574682062469,0.5942337490828044,0.48772758409707107,0.48494885555943734,0.9003620385555591,0.443733731203245
2021-12-28,辣椒类,8.0,8,0.4231541535785473,0.865603276391658,0.7258312510260119,0.44620393068138753,0.48442953433790886,0.9400574682062469,0.48772758409707107
2021-12-29,辣椒类,8.0,8,0.3423967846706198,0.8567201741259693,0.7265116982961928,0.42709774238734444,0.4231541535785473,0.865603276391658,0.44620393068138753
2021-12-30,辣椒类,7.0,7,0.35852013855122483,0.8860135956126235,0.7201013964686862,0.4201816230984718,0.3423967846706198,0.8567201741259693,0.42709774238734444
2021-12-31,辣椒类,8.0,8,0.2707088741343857,0.8656953562970292,0.7276982504165805,0.3657940753338536,0.35852013855122483,0.8860135956126235,0.4201816230984718
2022-01-01,辣椒类,9.0,9,0.3340221529737166,0.8752615288848927,0.7361456071217979,0.35698823306621674,0.2707088741343857,0.8656953562970292,0.3657940753338536
2022-01-02,辣椒类,9.0,9,0.26874675331784087,0.7984420005236972,0.7368949339066488,0.29067068093019904,0.3340221529737166,0.8752615288848927,0.35698823306621674
2022-01-03,辣椒类,9.0,9,0.3768005231776649,0.8956014384617266,0.7374811975362543,0.3709521581253729,0.26874675331784087,0.7984420005236972,0.29067068093019904
2022-01-04,辣椒类,9.0,9,0.41281647710420516,0.8824711804422147,0.7383469815910083,0.417906930228613,0.3768005231776649,0.8956014384617266,0.3709521581253729
2022-01-05,辣椒类,8.0,8,0.43236620334036185,0.9050691797472914,0.7318312869186493,0.4190927327407666,0.41281647710420516,0.8824711804422147,0.417906930228613
2022-01-06,辣椒类,8.0,8,0.4895282491060318,0.9221311475409837,0.7325573915053578,0.41736889117524106,0.43236620334036185,0.9050691797472914,0.4190927327407666
2022-01-07,辣椒类,9.0,9,0.3436772186077778,0.8786090835360908,0.7386835066388477,0.3329812398045996,0.4895282491060318,0.9221311475409837,0.41736889117524106
2022-01-08,辣椒类,10.0,10,0.2920574951315894,0.8351322989281164,0.7677238572165984,0.29404792319660433,0.3436772186077778,0.8786090835360908,0.3329812398045996
2022-01-09,辣椒类,10.0,10,0.348184598152909,0.8617146500564028,0.7690042349199293,0.31450178567503223,0.2920574951315894,0.8351322989281164,0.29404792319660433
2022-01-10,辣椒类,8.0,8,0.3588775945525249,0.8429394060646126,0.7667158081859394,0.27489485464400704,0.348184598152909,0.8617146500564028,0.31450178567503223
2022-01-11,辣椒类,8.0,8,0.44625705632012097,0.876108464639062,0.7671672494387297,0.30006345168569176,0.3588775945525249,0.8429394060646126,0.27489485464400704
2022-01-12,辣椒类,10.0,10,0.5382408091609477,0.8853583580287566,0.7780569366141582,0.3931163133050646,0.44625705632012097,0.876108464639062,0.30006345168569176
2022-01-13,辣椒类,9.0,9,0.4620060666049458,0.8392475755034885,0.7761769721903211,0.3504843996919906,0.5382408091609477,0.8853583580287566,0.3931163133050646
2022-01-14,辣椒类,13.0,13,0.319440325890013,0.8142758673508463,0.7862285690286266,0.29534371249447283,0.4620060666049458,0.8392475755034885,0.3504843996919906
2022-01-15,辣椒类,13.0,13,0.36860573623672616,0.8049956360916004,0.794573988655948,0.2701687774134044,0.319440325890013,0.8142758673508463,0.29534371249447283
2022-01-16,辣椒类,11.0,11,0.3178395999218287,0.847317457375834,0.7902551915214514,0.2792812189701632,0.36860573623672616,0.8049956360916004,0.2701687774134044
2022-01-17,辣椒类,10.0,10,0.24004101239527936,0.8061448736370552,0.786398876958711,0.34611237242126025,0.3178395999218287,0.847317457375834,0.2792812189701632
2022-01-18,辣椒类,10.0,10,0.35850090970199455,0.8163519328567874,0.7867107525344128,0.2660670007625214,0.24004101239527936,0.8061448736370552,0.34611237242126025
2022-01-19,辣椒类,14.0,14,0.3042958076769827,0.790016074298982,0.7974252513834119,0.2822723767895672,0.35850090970199455,0.8163519328567874,0.2660670007625214
2022-01-20,辣椒类,13.0,13,0.481717184431282,0.8469852612773558,0.8002067853708597,0.33867662796167675,0.3042958076769827,0.790016074298982,0.2822723767895672
2022-01-21,辣椒类,14.0,14,0.2906482080226723,0.7836618440288351,0.7914137942412127,0.3205250412781042,0.481717184431282,0.8469852612773558,0.33867662796167675
2022-01-22,辣椒类,11.0,11,0.2784204759640799,0.781446166070719,0.7864095270613146,0.31995565184411123,0.2906482080226723,0.7836618440288351,0.3205250412781042
2022-01-23,辣椒类,11.0,11,0.32161099558556827,0.8158417114706142,0.7540542408829142,0.3313482487126795,0.2784204759640799,0.781446166070719,0.31995565184411123
2022-01-24,辣椒类,12.0,12,0.2770697527262422,0.7786871241115363,0.7559671020645121,0.3571021464839497,0.32161099558556827,0.8158417114706142,0.3313482487126795
2022-01-25,辣椒类,12.0,12,0.2947783365223796,0.7508384787684139,0.7940582085081159,0.24305040294538938,0.2770697527262422,0.7786871241115363,0.3571021464839497
2022-01-26,辣椒类,11.0,11,0.27852544864779577,0.7075808322935138,0.794218846544215,0.22740517247581396,0.2947783365223796,0.7508384787684139,0.24305040294538938
2022-01-27,辣椒类,13.0,13,0.200233494514081,0.6572022821378822,0.8042037841970239,0.3565726370406572,0.27852544864779577,0.7075808322935138,0.22740517247581396
2022-01-28,辣椒类,13.0,13,0.2253324784504309,0.7333279436599475,0.8053815710906189,0.3384773882886283,0.200233494514081,0.6572022821378822,0.3565726370406572
2022-01-29,辣椒类,14.0,14,0.2543769490410513,0.752786368594156,0.8074457710407043,0.2906652161026176,0.2253324784504309,0.7333279436599475,0.3384773882886283
2022-01-30,辣椒类,13.0,13,0.2829537137637067,0.7730619938737802,0.8045454876342311,0.29317473373952957,0.2543769490410513,0.752786368594156,0.2906652161026176
2022-02-01,辣椒类,9.0,9,0.23921898040311276,0.7525321239606955,0.768727176979117,0.3081417185035237,,,
2022-02-02,辣椒类,9.0,9,0.3246543369856462,0.8396549792763526,0.7693279300145974,0.28263710438644096,0.23921898040311276,0.7525321239606955,0.3081417185035237
2022-02-03,辣椒类,9.0,9,0.30061190696755147,0.8462827108739838,0.7700759354711015,0.3244600281251698,0.3246543369856462,0.8396549792763526,0.28263710438644096
2022-02-04,辣椒类,11.0,11,0.24120006167382851,0.7108881346260157,0.8044220709743152,0.2635718851688682,0.30061190696755147,0.8462827108739838,0.3244600281251698
2022-02-05,辣椒类,13.0,13,0.164185396240198,0.6589623057631477,0.8055323359009241,0.5167627305728343,0.24120006167382851,0.7108881346260157,0.2635718851688682
2022-02-06,辣椒类,8.0,8,0.2043726555077669,0.7352837697317499,0.7662008764238364,0.458898736412168,0.164185396240198,0.6589623057631477,0.5167627305728343
2022-02-07,辣椒类,12.0,12,0.17021949869633787,0.6425418072847244,0.8120735898412035,0.4902674667637402,0.2043726555077669,0.7352837697317499,0.458898736412168
2022-02-08,辣椒类,13.0,13,0.12696929533190132,0.5324694779417272,0.8098391409919727,0.4646846416224227,0.17021949869633787,0.6425418072847244,0.4902674667637402
2022-02-09,辣椒类,12.0,13,0.18197937784581023,0.6655183299249234,0.8143790662485705,0.4346666568752851,0.12696929533190132,0.5324694779417272,0.4646846416224227
2022-02-10,辣椒类,12.0,12,0.23331524207636584,0.7292096219931273,0.8150136987561949,0.33995510908890114,0.18197937784581023,0.6655183299249234,0.4346666568752851
2022-02-11,辣椒类,12.0,12,0.22000450595297077,0.7181593642611683,0.8163293155838818,0.41532458083715573,0.23331524207636584,0.7292096219931273,0.33995510908890114
2022-02-12,辣椒类,12.0,12,0.14681086935609883,0.6048133153396311,0.8161736495181293,0.5147059762979403,0.22000450595297077,0.7181593642611683,0.41532458083715573
2022-02-13,辣椒类,12.0,12,0.26799455063056943,0.7061126618085086,0.8226392221901507,0.24717830988418915,0.14681086935609883,0.6048133153396311,0.5147059762979403
2022-02-14,辣椒类,13.0,13,0.23035945812424002,0.7264310513665093,0.9538128742708976,0.295546967525808,0.26799455063056943,0.7061126618085086,0.24717830988418915
2022-02-15,辣椒类,10.0,10,0.24634334472087863,0.7218315766995622,0.7886542147652112,0.5442807721958377,0.23035945812424002,0.7264310513665093,0.295546967525808
2022-02-16,辣椒类,9.0,9,0.28456422596250486,0.8152963128219689,0.7599650947392945,0.3760686715723732,0.24634334472087863,0.7218315766995622,0.5442807721958377
2022-02-17,辣椒类,12.0,12,0.19252748079621534,0.7098316725236284,0.7902868855765348,0.5308040178304491,0.28456422596250486,0.8152963128219689,0.3760686715723732
2022-02-18,辣椒类,13.0,14,0.202688892014817,0.7126710378364169,0.7929330040220491,0.37215594209722896,0.19252748079621534,0.7098316725236284,0.5308040178304491
2022-02-19,辣椒类,15.0,16,0.1930203417175075,0.6571084558101795,0.7937466281983981,0.5175538707692081,0.202688892014817,0.7126710378364169,0.37215594209722896
2022-02-20,辣椒类,12.0,12,0.27030127490530376,0.7338260204360416,0.8119393373940545,0.298921653979203,0.1930203417175075,0.6571084558101795,0.5175538707692081
2022-02-21,辣椒类,11.0,12,0.2524074807436333,0.7652121188413167,0.756338593813723,0.38950613039086346,0.27030127490530376,0.7338260204360416,0.298921653979203
2022-02-22,辣椒类,14.0,15,0.26560023399829025,0.7512386933225786,0.7985552930565961,0.36627519724606544,0.2524074807436333,0.7652121188413167,0.38950613039086346
2022-02-23,辣椒类,12.0,13,0.16389367778449493,0.5792840945902171,0.33471977059201735,0.7136344503664587,0.26560023399829025,0.7512386933225786,0.36627519724606544
2022-02-24,辣椒类,12.0,13,0.24030105033456925,0.6801802787319229,0.7711164670099139,0.30463901716838027,0.16389367778449493,0.5792840945902171,0.7136344503664587
2022-02-25,辣椒类,11.0,13,0.27772367206792803,0.7442217242980278,0.7975375293017184,0.2949157202804549,0.24030105033456925,0.6801802787319229,0.30463901716838027
2022-02-26,辣椒类,16.0,16,0.2440787393081027,0.682997952335517,0.8014779568045916,0.31661822591636407,0.27772367206792803,0.7442217242980278,0.2949157202804549
2022-02-27,辣椒类,13.0,13,0.2733659912931233,0.7737887932062688,0.8000259596149646,0.27989603836896504,0.2440787393081027,0.682997952335517,0.31661822591636407
2022-02-28,辣椒类,14.0,14,0.24599856648037172,0.6955988935961628,0.801979882870143,0.3036168859934062,0.2733659912931233,0.7737887932062688,0.27989603836896504
2022-03-01,辣椒类,14.0,14,0.22232947049355384,0.7044996642041639,0.8012770073025389,0.3879477064973033,0.24599856648037172,0.6955988935961628,0.3036168859934062
2022-03-02,辣椒类,13.0,16,0.2229699974043129,0.7133782483156881,0.801452431388348,0.31280959256666685,0.22232947049355384,0.7044996642041639,0.3879477064973033
2022-03-03,辣椒类,14.0,14,0.23750300157001364,0.7112873225648556,0.8020605567415062,0.34267442845071683,0.2229699974043129,0.7133782483156881,0.31280959256666685
2022-03-04,辣椒类,16.0,17,0.1098279816060812,0.4767453375144413,0.7620517385484336,0.5437488411531167,0.23750300157001364,0.7112873225648556,0.34267442845071683
2022-03-05,辣椒类,19.0,19,0.1622422020849455,0.5851612474822374,0.8072162582513833,0.43530933113639814,0.1098279816060812,0.4767453375144413,0.5437488411531167
2022-03-06,辣椒类,16.0,17,0.17587871411895858,0.662657339020077,0.8045261318906192,0.3608467453401042,0.1622422020849455,0.5851612474822374,0.43530933113639814
2022-03-07,辣椒类,15.0,18,0.16890134477042354,0.6469534432382861,0.803298687841013,0.49365541261254886,0.17587871411895858,0.662657339020077,0.3608467453401042
2022-03-08,辣椒类,18.0,18,0.10277717594696058,0.46118434818999793,0.8088864167412608,0.5787546327723071,0.16890134477042354,0.6469534432382861,0.49365541261254886
2022-03-09,辣椒类,16.0,18,0.2447082465586696,0.6545791990863017,0.8066851098084072,0.29915263595305075,0.10277717594696058,0.46118434818999793,0.5787546327723071
2022-03-10,辣椒类,15.0,17,0.1528597851351427,0.6010607252518589,0.8046687609568061,0.4161590874498884,0.2447082465586696,0.6545791990863017,0.29915263595305075
2022-03-11,辣椒类,12.0,15,0.30993278438867905,0.7306379627198739,0.7973238746625372,0.3390202174647131,0.1528597851351427,0.6010607252518589,0.4161590874498884
2022-03-12,辣椒类,15.0,16,0.20457019462338338,0.6674566714216716,0.8025228244885967,0.3837206096489073,0.30993278438867905,0.7306379627198739,0.3390202174647131
2022-03-13,辣椒类,16.0,16,0.19770507798713496,0.6414028810595037,0.7937570086543485,0.3615788204514847,0.20457019462338338,0.6674566714216716,0.3837206096489073
2022-03-14,辣椒类,17.0,17,0.21218815059984888,0.6485392325348036,0.7977642731984529,0.3980164919589654,0.19770507798713496,0.6414028810595037,0.3615788204514847
2022-03-15,辣椒类,18.0,18,0.2528121274322176,0.6645497452477519,0.8100712088829356,0.3398701463337301,0.21218815059984888,0.6485392325348036,0.3980164919589654
2022-03-16,辣椒类,16.0,19,0.30582252494658024,0.7340449813016836,0.8042399629968318,0.34370440485717285,0.2528121274322176,0.6645497452477519,0.3398701463337301
2022-03-17,辣椒类,13.0,16,0.20358163689456754,0.6941889665541675,0.8009104727625306,0.4174580236575982,0.30582252494658024,0.7340449813016836,0.34370440485717285
2022-03-18,辣椒类,13.0,15,0.3174763583693237,0.7745533842153818,0.7656168416231046,0.37373875033349685,0.20358163689456754,0.6941889665541675,0.4174580236575982
2022-03-19,辣椒类,17.0,17,0.21953482562115648,0.6487514049748326,0.7734314069586413,0.31129061857810325,0.3174763583693237,0.7745533842153818,0.37373875033349685
2022-03-20,辣椒类,15.0,15,0.3119502087230335,0.7975783558310641,0.7699693883300887,0.3110975655030223,0.21953482562115648,0.6487514049748326,0.31129061857810325
2022-03-21,辣椒类,14.0,14,0.16919882058628374,0.6498534143725421,0.7615691664390127,0.4102759543071288,0.3119502087230335,0.7975783558310641,0.3110975655030223
2022-03-22,辣椒类,10.0,12,0.19561440401254573,0.6665588816894051,0.7602696435185572,0.38140036539526123,0.16919882058628374,0.6498534143725421,0.4102759543071288
2022-03-23,辣椒类,14.0,15,0.18948145195380442,0.678765482789297,0.7720061275820024,0.3720586341700987,0.19561440401254573,0.6665588816894051,0.38140036539526123
2022-03-24,辣椒类,14.0,14,0.16372332167711667,0.6131154879140555,0.7729023595084938,0.3754026274182772,0.18948145195380442,0.678765482789297,0.3720586341700987
2022-03-25,辣椒类,13.0,14,0.18883089055815164,0.6732959127713798,0.7705553931856755,0.4221987849778989,0.16372332167711667,0.6131154879140555,0.3754026274182772
2022-03-26,辣椒类,12.0,12,0.19246050990583427,0.6432715809671746,0.7676903624022632,0.3677190217620589,0.18883089055815164,0.6732959127713798,0.4221987849778989
2022-03-27,辣椒类,16.0,16,0.19820447030254976,0.6078468158953132,0.7764633825670328,0.3136280533615225,0.19246050990583427,0.6432715809671746,0.3677190217620589
2022-03-28,辣椒类,15.0,15,0.1297241093592146,0.5112141357592721,0.8010139448672992,0.49379363198431814,0.19820447030254976,0.6078468158953132,0.3136280533615225
2022-03-29,辣椒类,14.0,14,0.17458835177536988,0.5466809346712511,0.728800406132116,0.4130296841646387,0.1297241093592146,0.5112141357592721,0.49379363198431814
2022-03-30,辣椒类,15.0,15,0.2058511447004331,0.6386489701951453,0.7667031584103384,0.3947664645996511,0.17458835177536988,0.5466809346712511,0.4130296841646387
2022-03-31,辣椒类,11.0,13,0.1985605107530984,0.6326300085251491,0.7269512436506995,0.36603220024694083,0.2058511447004331,0.6386489701951453,0.3947664645996511
2022-04-01,辣椒类,14.0,14,0.14752995873898087,0.5143860720830788,0.7793502727653842,0.4393781328779584,0.1985605107530984,0.6326300085251491,0.36603220024694083
2022-04-02,辣椒类,15.0,15,0.15501891324435937,0.5645464575984087,0.7700093117759563,0.446948886728773,0.14752995873898087,0.5143860720830788,0.4393781328779584
2022-04-03,辣椒类,14.0,15,0.18167857125136883,0.5892108450572999,0.7548054621173937,0.4473936354506108,0.15501891324435937,0.5645464575984087,0.446948886728773
2022-04-04,辣椒类,14.0,14,0.24740060740556957,0.7477360129016251,0.7470170124765453,0.3833267658784109,0.18167857125136883,0.5892108450572999,0.4473936354506108
2022-04-05,辣椒类,15.0,15,0.11442649327417267,0.5143179657794676,0.7547402875937769,0.6319443233189435,0.24740060740556957,0.7477360129016251,0.3833267658784109
2022-04-06,辣椒类,13.0,14,0.13010312854575484,0.503806984290166,0.7142599170085688,0.7257151851234178,0.11442649327417267,0.5143179657794676,0.6319443233189435
2022-04-07,辣椒类,12.0,14,0.13015522458465267,0.5349796043686127,0.7467991966310248,0.6497958178129626,0.13010312854575484,0.503806984290166,0.7257151851234178
2022-04-08,辣椒类,14.0,16,0.10728615896618075,0.463349131121643,0.37261985479932236,0.6989122528019003,0.13015522458465267,0.5349796043686127,0.6497958178129626
2022-04-09,辣椒类,15.0,15,0.285021121262345,0.6923800642765557,0.7793903885274006,0.3494364485613966,0.10728615896618075,0.463349131121643,0.6989122528019003
2022-04-10,辣椒类,13.0,14,0.2988994562186808,0.7660813630041725,0.7569912568595867,0.3432607383166532,0.285021121262345,0.6923800642765557,0.3494364485613966
2022-04-11,辣椒类,11.0,12,0.3307565373551066,0.7350922473950865,0.763176435960519,0.3332358024293018,0.2988994562186808,0.7660813630041725,0.3432607383166532
2022-04-12,辣椒类,13.0,14,0.27762610806204036,0.6900634249471458,0.7771178301116018,0.3354157045578745,0.3307565373551066,0.7350922473950865,0.3332358024293018
2022-04-13,辣椒类,14.0,15,0.2937801890788892,0.7546455379482904,0.779095290539903,0.3093492925403479,0.27762610806204036,0.6900634249471458,0.3354157045578745
2022-04-14,辣椒类,9.0,9,0.32555930319157306,0.7865749599213941,0.6714199298185175,0.38605080385815926,0.2937801890788892,0.7546455379482904,0.3093492925403479
2022-04-15,辣椒类,12.0,12,0.2664761743474184,0.7048479632816983,0.7683472511348155,0.35959272623578353,0.32555930319157306,0.7865749599213941,0.38605080385815926
2022-04-16,辣椒类,15.0,15,0.16979499739138096,0.62759770471464,0.7559472132374098,0.4197570282944564,0.2664761743474184,0.7048479632816983,0.35959272623578353
2022-04-17,辣椒类,14.0,15,0.14444705451555515,0.5506739348574838,0.77726668701333,0.3984233683881123,0.16979499739138096,0.62759770471464,0.4197570282944564
2022-04-18,辣椒类,12.0,13,0.16095854336069704,0.5699328107502799,0.7699951641155545,0.3853895909837833,0.14444705451555515,0.5506739348574838,0.3984233683881123
2022-04-19,辣椒类,15.0,15,0.15390778483764456,0.5817551759148899,0.7788169683870136,0.6451755661676236,0.16095854336069704,0.5699328107502799,0.3853895909837833
2022-04-20,辣椒类,14.0,14,0.157584565711026,0.5873813964804152,0.7760280967956332,0.3734663289899924,0.15390778483764456,0.5817551759148899,0.6451755661676236
2022-04-21,辣椒类,13.0,14,0.2902438039365528,0.751037752552576,0.7680729898629445,0.37739883903075816,0.157584565711026,0.5873813964804152,0.3734663289899924
2022-04-22,辣椒类,14.0,16,0.25931207891778013,0.735804902081537,0.7718861687679659,0.3396460693168693,0.2902438039365528,0.751037752552576,0.37739883903075816
2022-04-23,辣椒类,12.0,13,0.25651025797784177,0.8212018288700196,0.7626401629489871,0.3002581725459769,0.25931207891778013,0.735804902081537,0.3396460693168693
2022-04-24,辣椒类,15.0,15,0.32303783479602577,0.7719606520340765,0.6846786511496434,0.36643440593485893,0.25651025797784177,0.8212018288700196,0.3002581725459769
2022-04-25,辣椒类,11.0,12,0.2835114708303009,0.8186997671888344,0.7435374434073376,0.3473699067031108,0.32303783479602577,0.7719606520340765,0.36643440593485893
2022-04-26,辣椒类,10.0,11,0.409905349106356,0.8722000995520158,0.7303084348844127,0.35755586198120265,0.2835114708303009,0.8186997671888344,0.3473699067031108
2022-04-27,辣椒类,13.0,14,0.24804192937696448,0.7359275088626048,0.768809520863774,0.33547548843277936,0.409905349106356,0.8722000995520158,0.35755586198120265
2022-04-28,辣椒类,12.0,14,0.24443869542438362,0.747902337895194,0.7461887228474938,0.3122645203487624,0.24804192937696448,0.7359275088626048,0.33547548843277936
2022-04-29,辣椒类,14.0,15,0.28765222845616234,0.7997114664552222,0.7620456909088618,0.33010635393514237,0.24443869542438362,0.747902337895194,0.3122645203487624
2022-04-30,辣椒类,11.0,12,0.39025989490650315,0.90793777423215,0.7359592751751358,0.4113528545033959,0.28765222845616234,0.7997114664552222,0.33010635393514237
2022-05-01,辣椒类,3.0,3,0.5779318406281543,1.0,0.5583364844902602,0.4416635155097399,0.39025989490650315,0.90793777423215,0.4113528545033959
2022-05-02,辣椒类,5.0,5,0.4577312296623451,0.954771683140749,0.6382182228048733,0.4205772507822622,0.5779318406281543,1.0,0.4416635155097399
2022-05-03,辣椒类,8.0,8,0.32290454453022327,0.8539380602856257,0.6682363276653559,0.39641321804377866,0.4577312296623451,0.954771683140749,0.4205772507822622
2022-05-04,辣椒类,6.0,6,0.37688643701896396,0.9168847911864673,0.6625085516533271,0.3684398981136713,0.32290454453022327,0.8539380602856257,0.39641321804377866
2022-05-05,辣椒类,6.0,6,0.41543768271347076,0.9422361403943941,0.6624646398203229,0.4008572702789964,0.37688643701896396,0.9168847911864673,0.3684398981136713
2022-05-06,辣椒类,6.0,6,0.4788313777499862,0.9598848300713629,0.6627054252450998,0.39993211569250603,0.41543768271347076,0.9422361403943941,0.4008572702789964
2022-05-07,辣椒类,5.0,5,0.49134680274392145,0.985790841182202,0.6408948337251127,0.47101563610647007,0.4788313777499862,0.9598848300713629,0.39993211569250603
2022-05-08,辣椒类,5.0,5,0.4713624831019894,0.9762807033759271,0.6421115345575279,0.4321605988696316,0.49134680274392145,0.985790841182202,0.47101563610647007
2022-05-09,辣椒类,5.0,5,0.471574308181981,0.9578111272479515,0.6433957667707674,0.48725929166669785,0.4713624831019894,0.9762807033759271,0.4321605988696316
2022-05-10,辣椒类,5.0,5,0.4498634737061116,0.9685634296893447,0.6441858449436471,0.42109981265728663,0.471574308181981,0.9578111272479515,0.48725929166669785
2022-05-11,辣椒类,4.0,4,0.4448559729881541,0.9745045150697784,0.5789441782587789,0.4231003144355995,0.4498634737061116,0.9685634296893447,0.42109981265728663
2022-05-12,辣椒类,5.0,5,0.40806276888582504,0.9428118194283872,0.6455095813576109,0.399415534679816,0.4448559729881541,0.9745045150697784,0.4231003144355995
2022-05-13,辣椒类,5.0,5,0.4621896485985343,0.9488747302435515,0.6458500076043515,0.4899639493284602,0.40806276888582504,0.9428118194283872,0.399415534679816
2022-05-14,辣椒类,5.0,5,0.4173070499070158,0.986926125034704,0.6464321612007847,0.41777077027782833,0.4621896485985343,0.9488747302435515,0.4899639493284602
2022-05-15,辣椒类,5.0,5,0.44516039667309815,0.9574438048030618,0.6475193156424494,0.38513017348281253,0.4173070499070158,0.986926125034704,0.41777077027782833
2022-05-16,辣椒类,5.0,5,0.3929449417165663,0.9320793646985436,0.6484190558238601,0.38129268973964303,0.44516039667309815,0.9574438048030618,0.38513017348281253
2022-05-17,辣椒类,5.0,5,0.4174904832640953,0.9593208092485549,0.6489762447115326,0.40398275771801123,0.3929449417165663,0.9320793646985436,0.38129268973964303
2022-05-18,辣椒类,5.0,5,0.5403292087058986,0.9313503954413715,0.6496135080713312,0.35594947120280873,0.4174904832640953,0.9593208092485549,0.40398275771801123
2022-05-19,辣椒类,5.0,5,0.43189242807701933,0.9155876965830859,0.6502062261329039,0.38001076920262067,0.5403292087058986,0.9313503954413715,0.35594947120280873
2022-05-20,辣椒类,5.0,5,0.5540169673173284,0.956753757958418,0.6504735083034706,0.3914645726292357,0.43189242807701933,0.9155876965830859,0.38001076920262067
2022-05-21,辣椒类,5.0,5,0.45522050975348644,0.9126442297205924,0.6508016100741427,0.3514114469774861,0.5540169673173284,0.956753757958418,0.3914645726292357
2022-05-22,辣椒类,6.0,6,0.37161964420174387,0.8731919468334637,0.6723302426492275,0.34710474357220905,0.45522050975348644,0.9126442297205924,0.3514114469774861
2022-05-23,辣椒类,6.0,6,0.577026211095673,0.9073619981751824,0.6727940489609999,0.3991411995295327,0.37161964420174387,0.8731919468334637,0.34710474357220905
2022-05-24,辣椒类,5.0,5,0.4641310800076231,0.9229546021451733,0.6521653580442169,0.35277959622995547,0.577026211095673,0.9073619981751824,0.3991411995295327
2022-05-25,辣椒类,6.0,6,0.5249572187394281,0.9202777865066147,0.6734571715659392,0.3858117307804039,0.4641310800076231,0.9229546021451733,0.35277959622995547
2022-05-26,辣椒类,6.0,6,0.5306411760764546,0.9144380932938655,0.673833830239071,0.3381655038454636,0.5249572187394281,0.9202777865066147,0.3858117307804039
2022-05-27,辣椒类,6.0,6,0.48803083431798594,0.9110470761424501,0.6740510895129687,0.3644285602397192,0.5306411760764546,0.9144380932938655,0.3381655038454636
2022-05-28,辣椒类,6.0,6,0.48954004256976746,0.9188021883098185,0.6743001839220857,0.3494719414736038,0.48803083431798594,0.9110470761424501,0.3644285602397192
2022-05-29,辣椒类,5.0,5,0.44773130723046745,0.9225700164744646,0.6542216654861754,0.34869707166538333,0.48954004256976746,0.9188021883098185,0.3494719414736038
2022-05-30,辣椒类,5.0,5,0.4306709385168997,0.9526720504488272,0.654898453766284,0.37872364685690596,0.44773130723046745,0.9225700164744646,0.34869707166538333
2022-05-31,辣椒类,5.0,5,0.5667519918477347,0.9279643341328606,0.6551630134622963,0.4123202120792706,0.4306709385168997,0.9526720504488272,0.37872364685690596
2022-06-01,辣椒类,5.0,5,0.4060103445996596,0.9435244064229835,0.6556307682286743,0.3636098033556783,0.5667519918477347,0.9279643341328606,0.4123202120792706
2022-06-02,辣椒类,5.0,5,0.3765242074847173,0.915677714673222,0.6560921325519755,0.3445649844371303,0.4060103445996596,0.9435244064229835,0.3636098033556783
2022-06-03,辣椒类,5.0,5,0.3915676750544868,0.9258830093129049,0.6566021325577961,0.3616512294641149,0.3765242074847173,0.915677714673222,0.3445649844371303
2022-06-04,辣椒类,5.0,5,0.3828408429137813,0.9053915011832492,0.6574151294300238,0.3486571725827278,0.3915676750544868,0.9258830093129049,0.3616512294641149
2022-06-05,辣椒类,5.0,5,0.3742505104603759,0.9184410136338139,0.6577225638381842,0.3431179187226737,0.3828408429137813,0.9053915011832492,0.3486571725827278
2022-06-06,辣椒类,6.0,6,0.38559072287144647,0.9209126779893637,0.6785832970821865,0.3631789986053236,0.3742505104603759,0.9184410136338139,0.3431179187226737
2022-06-07,辣椒类,5.0,5,0.41243340589784483,0.9469660038486208,0.6585595776318992,0.36492437304632136,0.38559072287144647,0.9209126779893637,0.3631789986053236
2022-06-08,辣椒类,5.0,5,0.38096834394083456,0.9200908225298469,0.6590139840228919,0.3655003088051634,0.41243340589784483,0.9469660038486208,0.36492437304632136
2022-06-09,辣椒类,5.0,5,0.37967256197801946,0.9300857122277977,0.6594811323168334,0.36019877742353323,0.38096834394083456,0.9200908225298469,0.3655003088051634
2022-06-10,辣椒类,5.0,5,0.4219177023141033,0.9753537076017159,0.6591354271286154,0.3986755612748826,0.37967256197801946,0.9300857122277977,0.36019877742353323
2022-06-11,辣椒类,5.0,5,0.40080918525341763,0.9192518098732271,0.6593354050706014,0.3406645949293987,0.4219177023141033,0.9753537076017159,0.3986755612748826
2022-06-12,辣椒类,5.0,5,0.45781184364606087,0.9279272608805106,0.6599650438748274,0.35387131089697843,0.40080918525341763,0.9192518098732271,0.3406645949293987
2022-06-13,辣椒类,5.0,5,0.37408859816915885,0.9023159442569262,0.6607725496280974,0.3453952917024547,0.45781184364606087,0.9279272608805106,0.35387131089697843
2022-06-14,辣椒类,5.0,5,0.37385053070035734,0.9086365659124362,0.6609907468467274,0.3390092531532727,0.37408859816915885,0.9023159442569262,0.3453952917024547
2022-06-15,辣椒类,6.0,6,0.351010053466062,0.8865241073229777,0.6826718930263377,0.33854908486847296,0.37385053070035734,0.9086365659124362,0.3390092531532727
2022-06-16,辣椒类,6.0,7,0.37936243628312954,0.89487243413945,0.6682751187943126,0.35892177781282025,0.351010053466062,0.8865241073229777,0.33854908486847296
2022-06-17,辣椒类,5.0,5,0.37730035025085534,0.9129087048832272,0.6559109211289047,0.3440890788710954,0.37936243628312954,0.89487243413945,0.35892177781282025
2022-06-18,辣椒类,10.0,10,0.26638402972475067,0.8570021813649112,0.7857072138582212,0.28282952870041256,0.37730035025085534,0.9129087048832272,0.3440890788710954
2022-06-19,辣椒类,10.0,10,0.27281649399677455,0.7813544148983117,0.7821719588368151,0.2541384067396279,0.26638402972475067,0.8570021813649112,0.28282952870041256
2022-06-20,辣椒类,8.0,8,0.39985876850710333,0.8886356235753827,0.7607298490147524,0.2871589652861604,0.27281649399677455,0.7813544148983117,0.2541384067396279
2022-06-21,辣椒类,10.0,10,0.32805372875518996,0.8530199895278284,0.7074741670922368,0.3332750347736015,0.39985876850710333,0.8886356235753827,0.2871589652861604
2022-06-22,辣椒类,6.0,6,0.3687951947873491,0.9075680441398143,0.7418213850203452,0.317795472569865,0.32805372875518996,0.8530199895278284,0.3332750347736015
2022-06-23,辣椒类,8.0,8,0.30910345929844735,0.818732669199959,0.766168345359751,0.242965414442811,0.3687951947873491,0.9075680441398143,0.317795472569865
2022-06-24,辣椒类,7.0,7,0.3694665467058912,0.8688330521767438,0.7644813418991763,0.2491601042910172,0.30910345929844735,0.818732669199959,0.242965414442811
2022-06-25,辣椒类,6.0,6,0.47220950933819117,0.9098797381641042,0.7420098708544415,0.3152165195424182,0.3694665467058912,0.8688330521767438,0.2491601042910172
2022-06-26,辣椒类,10.0,10,0.22300193332134488,0.7782025887880603,0.7855832704438541,0.29078773354850707,0.47220950933819117,0.9098797381641042,0.3152165195424182
2022-06-27,辣椒类,6.0,6,0.3720532696396406,0.8917263240374685,0.7070604985829694,0.2986886376696974,0.22300193332134488,0.7782025887880603,0.29078773354850707
2022-06-28,辣椒类,8.0,8,0.2967469142356922,0.7992075845478988,0.7372494000429706,0.2799079148692324,0.3720532696396406,0.8917263240374685,0.2986886376696974
2022-06-29,辣椒类,8.0,9,0.2938027237544903,0.7609048391715185,0.3610992856052926,0.6476253492848744,0.2967469142356922,0.7992075845478988,0.2799079148692324
2022-06-30,辣椒类,7.0,7,0.36429607142717435,0.880515396971872,0.7347472456992837,0.2999888865938715,0.2938027237544903,0.7609048391715185,0.6476253492848744
2022-07-01,辣椒类,6.0,6,0.40710906607967146,0.9110795230198215,0.7055619377074362,0.3181649525714211,0.36429607142717435,0.880515396971872,0.2999888865938715
2022-07-02,辣椒类,11.0,11,0.25945398392434493,0.6732084501508956,0.7966889007492849,0.2865172992997019,0.40710906607967146,0.9110795230198215,0.3181649525714211
2022-07-03,辣椒类,9.0,9,0.3985396974564496,0.7919038690983466,0.7716281844443376,0.3128320971087021,0.25945398392434493,0.6732084501508956,0.2865172992997019
2022-07-04,辣椒类,12.0,12,0.21772511027292835,0.6617690273288275,0.7996234467810324,0.2973108921852627,0.3985396974564496,0.7919038690983466,0.3128320971087021
2022-07-05,辣椒类,13.0,13,0.2621947144072505,0.7644184362934363,0.810233611109162,0.3197871462221827,0.21772511027292835,0.6617690273288275,0.2973108921852627
2022-07-06,辣椒类,14.0,14,0.2334862967820879,0.7362233220524659,0.8153602276461348,0.2381581644803398,0.2621947144072505,0.7644184362934363,0.3197871462221827
2022-07-07,辣椒类,11.0,11,0.38148967210297735,0.8128605106084166,0.7373051557643078,0.3387360100485112,0.2334862967820879,0.7362233220524659,0.2381581644803398
2022-07-08,辣椒类,12.0,12,0.27025659001036595,0.6951288056206089,0.7802869178401638,0.3102631044006047,0.38148967210297735,0.8128605106084166,0.3387360100485112
2022-07-09,辣椒类,11.0,12,0.24108804531117653,0.7876989628972326,0.8044688429063696,0.3270304670237734,0.27025659001036595,0.6951288056206089,0.3102631044006047
2022-07-10,辣椒类,21.0,21,0.11777325535672514,0.5351410661966406,0.8361389249797582,0.4231367558012356,0.24108804531117653,0.7876989628972326,0.3270304670237734
2022-07-11,辣椒类,19.0,19,0.2287296341064085,0.585922212489983,0.845009673663526,0.32045243743097634,0.11777325535672514,0.5351410661966406,0.4231367558012356
2022-07-12,辣椒类,15.0,15,0.31472703074856917,0.6756028889704981,0.7517547308358212,0.3520232984610439,0.2287296341064085,0.585922212489983,0.32045243743097634
2022-07-13,辣椒类,15.0,15,0.2453032319538834,0.6868187017109778,0.8085503120428486,0.3469274416255449,0.31472703074856917,0.6756028889704981,0.3520232984610439
2022-07-14,辣椒类,16.0,17,0.15077029705616818,0.5880758807588076,0.836729988400801,0.5359543625429481,0.2453032319538834,0.6868187017109778,0.3469274416255449
2022-07-15,辣椒类,17.0,19,0.14883825608214146,0.6108634118365308,0.8403740272074081,0.4266914568766486,0.15077029705616818,0.5880758807588076,0.5359543625429481
2022-07-16,辣椒类,15.0,15,0.26685814453511747,0.7110421029825956,0.8070905713415047,0.36072227601281937,0.14883825608214146,0.6108634118365308,0.4266914568766486
2022-07-17,辣椒类,17.0,17,0.2639819670714251,0.655363653480769,0.8369661385516677,0.3452709313364384,0.26685814453511747,0.7110421029825956,0.36072227601281937
2022-07-18,辣椒类,12.0,14,0.2617018506131641,0.7194308207211568,0.783315553463852,0.32808762988691664,0.2639819670714251,0.655363653480769,0.3452709313364384
2022-07-19,辣椒类,17.0,18,0.23072145965562094,0.645407815129873,0.8399449710784646,0.35531932879781786,0.2617018506131641,0.7194308207211568,0.32808762988691664
2022-07-20,辣椒类,19.0,19,0.11146276593795929,0.46650555711216957,0.7886568565486558,0.46866326888084064,0.23072145965562094,0.645407815129873,0.35531932879781786
2022-07-21,辣椒类,14.0,14,0.1605339875588114,0.5951268046472582,0.7431615085546126,0.5561752037512327,0.11146276593795929,0.46650555711216957,0.46866326888084064
2022-07-22,辣椒类,14.0,14,0.20168213500296198,0.6624070335062744,0.7404991508628689,0.47267460946928846,0.1605339875588114,0.5951268046472582,0.5561752037512327
2022-07-23,辣椒类,13.0,15,0.17332149467183597,0.6141747733234194,0.7067646965126673,0.415796442560569,0.20168213500296198,0.6624070335062744,0.47267460946928846
2022-07-24,辣椒类,12.0,13,0.1965455452373026,0.6460840078757384,0.3156092727874148,0.7017971167454362,0.17332149467183597,0.6141747733234194,0.415796442560569
2022-07-25,辣椒类,11.0,11,0.16039864916854998,0.6253908692933083,0.6894435785426811,0.7031650261603969,0.1965455452373026,0.6460840078757384,0.7017971167454362
2022-07-26,辣椒类,11.0,13,0.1764547301226198,0.6189186260699968,0.6797179680663372,0.47325759692413694,0.16039864916854998,0.6253908692933083,0.7031650261603969
2022-07-27,辣椒类,14.0,15,0.14804533050647659,0.5447866202037944,0.7014036941613766,0.49154964252122735,0.1764547301226198,0.6189186260699968,0.47325759692413694
2022-07-28,辣椒类,14.0,15,0.19137949611656513,0.6601021655950454,0.7038976865170075,0.4287378101988012,0.14804533050647659,0.5447866202037944,0.49154964252122735
2022-07-29,辣椒类,14.0,14,0.11137211981425175,0.4758504040593873,0.7158586692164761,0.5520052096687529,0.19137949611656513,0.6601021655950454,0.4287378101988012
2022-07-30,辣椒类,13.0,14,0.16739352648225017,0.6040760285189658,0.7100110846423021,0.512660065492733,0.11137211981425175,0.4758504040593873,0.5520052096687529
2022-07-31,辣椒类,12.0,12,0.19401610383719292,0.6669082617985248,0.7068754102827979,0.440070867833086,0.16739352648225017,0.6040760285189658,0.512660065492733
2022-08-01,辣椒类,12.0,13,0.2376324159335986,0.6933839119585755,0.7021932822362705,0.36193158370489253,0.19401610383719292,0.6669082617985248,0.440070867833086
2022-08-02,辣椒类,15.0,15,0.15613715479081747,0.5611092881151503,0.7233014506581459,0.42299626531977436,0.2376324159335986,0.6933839119585755,0.36193158370489253
2022-08-03,辣椒类,13.0,13,0.1890573643542205,0.660778803693296,0.7091090615994784,0.41379654255346865,0.15613715479081747,0.5611092881151503,0.42299626531977436
2022-08-04,辣椒类,12.0,13,0.21539929588341014,0.6836175395858708,0.7015098398414559,0.4065193183308387,0.1890573643542205,0.660778803693296,0.41379654255346865
2022-08-05,辣椒类,13.0,13,0.24491255376415874,0.7116964717254712,0.7174429400519134,0.39614770881718253,0.21539929588341014,0.6836175395858708,0.4065193183308387
2022-08-06,辣椒类,13.0,14,0.18769268934566516,0.6284631030192926,0.7195391332508885,0.35921762802069995,0.24491255376415874,0.7116964717254712,0.39614770881718253
2022-08-07,辣椒类,13.0,13,0.16938599123043224,0.5891620214771702,0.5771460161381906,0.4850442523214366,0.18769268934566516,0.6284631030192926,0.35921762802069995
2022-08-08,辣椒类,11.0,12,0.23990044241907707,0.7237644715548363,0.5700606793668147,0.45186712271425933,0.16938599123043224,0.5891620214771702,0.4850442523214366
2022-08-09,辣椒类,13.0,13,0.2368462602845817,0.7049908501081351,0.5829615922794198,0.4322739315894528,0.23990044241907707,0.7237644715548363,0.45186712271425933
2022-08-10,辣椒类,11.0,13,0.235601256898543,0.737488815145174,0.5631963496733536,0.4368036503266464,0.2368462602845817,0.7049908501081351,0.4322739315894528
2022-08-11,辣椒类,10.0,11,0.234563216148663,0.7766024670554627,0.561143375657549,0.44811811213331815,0.235601256898543,0.737488815145174,0.4368036503266464
2022-08-12,辣椒类,13.0,13,0.210693981933828,0.6721247385533613,0.5856512482753684,0.42639495291995244,0.234563216148663,0.7766024670554627,0.44811811213331815
2022-08-13,辣椒类,13.0,13,0.18762539383661248,0.6839137924207025,0.5883891285102456,0.4804334301488097,0.210693981933828,0.6721247385533613,0.42639495291995244
2022-08-14,辣椒类,12.0,14,0.148183607765808,0.5685082158105835,0.5825126790999298,0.5343895535506757,0.18762539383661248,0.6839137924207025,0.4804334301488097
2022-08-15,辣椒类,12.0,13,0.17441919226573765,0.6821909393396468,0.5777883368625368,0.5732904610302427,0.148183607765808,0.5685082158105835,0.5343895535506757
2022-08-16,辣椒类,14.0,14,0.18539156096141068,0.6492574118352133,0.5869919627193032,0.6829230117870343,0.17441919226573765,0.6821909393396468,0.5732904610302427
2022-08-17,辣椒类,15.0,15,0.16460497466931248,0.6367366601003018,0.599180736379225,0.49535754607387666,0.18539156096141068,0.6492574118352133,0.6829230117870343
2022-08-18,辣椒类,14.0,14,0.15168174177324778,0.5872016359735384,0.5970339389956555,0.525919410011189,0.16460497466931248,0.6367366601003018,0.49535754607387666
2022-08-19,辣椒类,14.0,14,0.1305702866079548,0.5367114182844084,0.5997506405917712,0.5913897826081506,0.15168174177324778,0.5872016359735384,0.525919410011189
2022-08-20,辣椒类,11.0,11,0.21351465635037714,0.6894905113391039,0.5702777935885147,0.4355562975749887,0.1305702866079548,0.5367114182844084,0.5913897826081506
2022-08-21,辣椒类,13.0,13,0.15330734372894886,0.6029120374471418,0.5973187165822332,0.55941428193799,0.21351465635037714,0.6894905113391039,0.4355562975749887
2022-08-22,辣椒类,12.0,12,0.20616178806525542,0.7025927808845959,0.5983831523351762,0.43633825700194356,0.15330734372894886,0.6029120374471418,0.55941428193799
2022-08-23,辣椒类,12.0,13,0.2171902305699576,0.7244294510943565,0.5962545544631815,0.4738659744415724,0.20616178806525542,0.7025927808845959,0.43633825700194356
2022-08-24,辣椒类,12.0,13,0.18186056173798498,0.6745739996170783,0.5893464797364836,0.5389616213535356,0.2171902305699576,0.7244294510943565,0.4738659744415724
2022-08-25,辣椒类,13.0,13,0.17723935240273792,0.6570060904388455,0.5890607719508332,0.5558254201678042,0.18186056173798498,0.6745739996170783,0.5389616213535356
2022-08-26,辣椒类,13.0,14,0.23785418818946014,0.7769901853871319,0.6013265088798238,0.41980905371506605,0.17723935240273792,0.6570060904388455,0.5558254201678042
2022-08-27,辣椒类,13.0,13,0.1601353514919208,0.6290953266770434,0.6024651131000575,0.5708204319879416,0.23785418818946014,0.7769901853871319,0.41980905371506605
2022-08-28,辣椒类,12.0,12,0.1613000386078509,0.6203332312344725,0.6056933114568949,0.535642169363454,0.1601353514919208,0.6290953266770434,0.5708204319879416
2022-08-29,辣椒类,13.0,14,0.1688615264722302,0.6351655485825579,0.6108911085202311,0.5810168882716356,0.1613000386078509,0.6203332312344725,0.535642169363454
2022-08-30,辣椒类,10.0,12,0.19921395969066802,0.6706494142799875,0.5961622184585398,0.440722534817083,0.1688615264722302,0.6351655485825579,0.5810168882716356
2022-08-31,辣椒类,8.0,8,0.28847168843094373,0.8076718733397089,0.5428960231091303,0.45764286435201407,0.19921395969066802,0.6706494142799875,0.440722534817083
2022-09-01,辣椒类,13.0,13,0.14063669239334872,0.5511031118053904,0.6140272085118167,0.5398059123849075,0.28847168843094373,0.8076718733397089,0.45764286435201407
2022-09-02,辣椒类,13.0,15,0.16528619854954263,0.6216782959520277,0.6140858059732264,0.44089944629310285,0.14063669239334872,0.5511031118053904,0.5398059123849075
2022-09-03,辣椒类,14.0,14,0.14079285927953467,0.5398491096955733,0.6251600483235,0.5117951856240398,0.16528619854954263,0.6216782959520277,0.44089944629310285
2022-09-04,辣椒类,14.0,14,0.14150415723046517,0.5597470084588406,0.6269279645154138,0.5318342348899371,0.14079285927953467,0.5398491096955733,0.5117951856240398
2022-09-05,辣椒类,12.0,13,0.13687038816865865,0.5606636285641066,0.6168150016912893,0.5726334524369853,0.14150415723046517,0.5597470084588406,0.5318342348899371
2022-09-06,辣椒类,10.0,12,0.17743883251593165,0.6390290485346685,0.5179490956731091,0.5461730546919582,0.13687038816865865,0.5606636285641066,0.5726334524369853
2022-09-07,辣椒类,12.0,12,0.14676771899751884,0.5475941674838835,0.6181216446177035,0.5124899261538469,0.17743883251593165,0.6390290485346685,0.5461730546919582
2022-09-08,辣椒类,12.0,12,0.1621919052166569,0.6040453494553861,0.6279840520774275,0.5800323638614368,0.14676771899751884,0.5475941674838835,0.5124899261538469
2022-09-09,辣椒类,13.0,14,0.13944738498193587,0.5768490391072171,0.6188956605893724,0.5735518449968637,0.1621919052166569,0.6040453494553861,0.5800323638614368
2022-09-10,辣椒类,13.0,13,0.14764012180021302,0.5506068904655511,0.624187355152313,0.487018254457489,0.13944738498193587,0.5768490391072171,0.5735518449968637
2022-09-11,辣椒类,11.0,11,0.2480641811017706,0.6859569472561962,0.5327637938266908,0.48782217686901114,0.14764012180021302,0.5506068904655511,0.487018254457489
2022-09-12,辣椒类,11.0,11,0.15450792006948158,0.5951659751037345,0.6101629038766727,0.5049269574866717,0.2480641811017706,0.6859569472561962,0.48782217686901114
2022-09-13,辣椒类,11.0,11,0.198166402307427,0.7128967776370734,0.6024657974792829,0.5400063620864077,0.15450792006948158,0.5951659751037345,0.5049269574866717
2022-09-14,辣椒类,9.0,10,0.229462943060038,0.782442384610501,0.5343383755462798,0.6651938262853111,0.198166402307427,0.7128967776370734,0.5400063620864077
2022-09-15,辣椒类,11.0,11,0.16584439847614058,0.6081337894336754,0.6120732919808971,0.6937854252246304,0.229462943060038,0.782442384610501,0.6651938262853111
2022-09-16,辣椒类,12.0,12,0.15430068706500719,0.5989152978494504,0.6166109528316278,0.6721365224057236,0.16584439847614058,0.6081337894336754,0.6937854252246304
2022-09-17,辣椒类,13.0,13,0.15898760400658876,0.5979200593133944,0.6289000116705743,0.5871065899970984,0.15430068706500719,0.5989152978494504,0.6721365224057236
2022-09-18,辣椒类,12.0,12,0.16080808893986362,0.6019690212501536,0.6286773957232087,0.6238158058200406,0.15898760400658876,0.5979200593133944,0.5871065899970984
2022-09-19,辣椒类,10.0,11,0.2388281123860238,0.6899662978000689,0.24958795940262618,0.7504120405973737,0.16080808893986362,0.6019690212501536,0.6238158058200406
2022-09-20,辣椒类,11.0,11,0.24943735869603215,0.7046443894647835,0.6180678435921149,0.7371252845728103,0.2388281123860238,0.6899662978000689,0.7504120405973737
2022-09-21,辣椒类,11.0,11,0.1967184210452975,0.6855920897747783,0.611680929982882,0.627537459766086,0.24943735869603215,0.7046443894647835,0.7371252845728103
2022-09-22,辣椒类,9.0,10,0.21231045369406773,0.736326195650522,0.553849619647523,0.6266935038831306,0.1967184210452975,0.6855920897747783,0.627537459766086
2022-09-23,辣椒类,12.0,12,0.17383355720668775,0.669235361154827,0.603805870802224,0.5694160949255594,0.21231045369406773,0.736326195650522,0.6266935038831306
2022-09-24,辣椒类,12.0,12,0.19672662706750146,0.6787426157079267,0.6048641645702038,0.6268855923673319,0.17383355720668775,0.669235361154827,0.5694160949255594
2022-09-25,辣椒类,13.0,13,0.15286524167479285,0.5916009567032615,0.6392222450078705,0.6310532956032208,0.19672662706750146,0.6787426157079267,0.6268855923673319
2022-09-26,辣椒类,12.0,13,0.1794470179657839,0.6849506812763819,0.6097118158268003,0.5151524764723444,0.15286524167479285,0.5916009567032615,0.6310532956032208
2022-09-27,辣椒类,8.0,11,0.282399020389039,0.8715136086256599,0.5389918069671219,0.6135860241634381,0.1794470179657839,0.6849506812763819,0.5151524764723444
2022-09-28,辣椒类,11.0,12,0.1893383234455042,0.700199274583172,0.5963060871564272,0.5561566541748233,0.282399020389039,0.8715136086256599,0.6135860241634381
2022-09-29,辣椒类,13.0,14,0.13254360701565002,0.5273625843780135,0.6427665888859977,0.6115264069921463,0.1893383234455042,0.700199274583172,0.5561566541748233
2022-09-30,辣椒类,11.0,11,0.1767845324722001,0.6755101824240431,0.6191709624817195,0.563684357958715,0.13254360701565002,0.5273625843780135,0.6115264069921463
2022-10-01,辣椒类,11.0,11,0.17599439497723177,0.6538715751929864,0.629362983300509,0.5060906884383124,0.1767845324722001,0.6755101824240431,0.563684357958715
2022-10-02,辣椒类,11.0,11,0.1853138506077749,0.6685063453498267,0.6004760526032402,0.5653276212572778,0.17599439497723177,0.6538715751929864,0.5060906884383124
2022-10-03,辣椒类,11.0,12,0.16503865190312908,0.6581711758823476,0.6134321572614866,0.48763163963129436,0.1853138506077749,0.6685063453498267,0.5653276212572778
2022-10-04,辣椒类,10.0,10,0.20213042189454233,0.6531882811126837,0.5175977870063189,0.48240221299368097,0.16503865190312908,0.6581711758823476,0.48763163963129436
2022-10-05,辣椒类,12.0,12,0.18181899857819311,0.6583538695067017,0.7245053528637263,0.5772728310168835,0.20213042189454233,0.6531882811126837,0.48240221299368097
2022-10-06,辣椒类,12.0,12,0.178681157108042,0.6709549439169182,0.6183694023927467,0.592808912849024,0.18181899857819311,0.6583538695067017,0.5772728310168835
2022-10-07,辣椒类,12.0,12,0.21178225020817543,0.7743017810239566,0.6208168308428607,0.43857020076614606,0.178681157108042,0.6709549439169182,0.592808912849024
2022-10-08,辣椒类,9.0,9,0.19040300238327199,0.679041154009334,0.5957784753396907,0.4386856204813512,0.21178225020817543,0.7743017810239566,0.43857020076614606
2022-10-09,辣椒类,11.0,12,0.21842550357003818,0.7473992163323933,0.6101325687099146,0.40816523674370153,0.19040300238327199,0.679041154009334,0.4386856204813512
2022-10-10,辣椒类,11.0,12,0.1840157614152232,0.6477185805979581,0.6248040141632086,0.4741128531426959,0.21842550357003818,0.7473992163323933,0.40816523674370153
2022-10-11,辣椒类,12.0,13,0.16789170254778163,0.6356089605653582,0.6399723896991761,0.4988839536161968,0.1840157614152232,0.6477185805979581,0.4741128531426959
2022-10-12,辣椒类,11.0,12,0.2134768707113392,0.7499724487546836,0.6096407494505829,0.43870430717054454,0.16789170254778163,0.6356089605653582,0.4988839536161968
2022-10-13,辣椒类,9.0,10,0.20868809310805,0.7483067450321857,0.5981217574384395,0.48431193596780675,0.2134768707113392,0.7499724487546836,0.43870430717054454
2022-10-14,辣椒类,8.0,9,0.27205257555135937,0.8660244796959922,0.5848087156380198,0.4151912843619801,0.20868809310805,0.7483067450321857,0.48431193596780675
2022-10-15,辣椒类,11.0,11,0.2079510967461423,0.7450462705111178,0.6159797089034335,0.4667405337456683,0.27205257555135937,0.8660244796959922,0.4151912843619801
2022-10-16,辣椒类,10.0,10,0.20822607726616169,0.7488525521435166,0.6142443160753376,0.4029111176152965,0.2079510967461423,0.7450462705111178,0.4667405337456683
2022-10-17,辣椒类,10.0,10,0.22922378162347057,0.7807191729079883,0.6076157596576983,0.4105203613842512,0.20822607726616169,0.7488525521435166,0.4029111176152965
2022-10-18,辣椒类,7.0,8,0.25218074126573964,0.802182269063856,0.5853086378790052,0.4146913621209947,0.22922378162347057,0.7807191729079883,0.4105203613842512
2022-10-19,辣椒类,6.0,8,0.3122015094502568,0.8892374379741059,0.5733220122323116,0.4266779877676883,0.25218074126573964,0.802182269063856,0.4146913621209947
2022-10-20,辣椒类,9.0,10,0.19219094036092327,0.6958985327779652,0.6234056714582302,0.44787024157533517,0.3122015094502568,0.8892374379741059,0.4266779877676883
2022-10-21,辣椒类,11.0,11,0.2528884967382207,0.7878757944811989,0.6501152515570358,0.3613277980692233,0.19219094036092327,0.6958985327779652,0.44787024157533517
2022-10-22,辣椒类,9.0,9,0.23477422971567546,0.7997601149395798,0.6191519642955284,0.5575240669188726,0.2528884967382207,0.7878757944811989,0.3613277980692233
2022-10-23,辣椒类,11.0,11,0.25656204249640485,0.8491049886588555,0.6381257446817638,0.4426394982203874,0.23477422971567546,0.7997601149395798,0.5575240669188726
2022-10-24,辣椒类,11.0,11,0.15901759190748116,0.6361724671937403,0.6669969234836022,0.5008262461629002,0.25656204249640485,0.8491049886588555,0.4426394982203874
2022-10-25,辣椒类,9.0,10,0.20430573082311154,0.6859888306629507,0.6399360666069824,0.5076602034354399,0.15901759190748116,0.6361724671937403,0.5008262461629002
2022-10-26,辣椒类,9.0,12,0.18465327335058784,0.6478359674913656,0.6440224850489554,0.4098729352217246,0.20430573082311154,0.6859888306629507,0.5076602034354399
2022-10-27,辣椒类,9.0,11,0.2103675299962585,0.704355896547457,0.6172186093422551,0.38774930345552167,0.18465327335058784,0.6478359674913656,0.4098729352217246
2022-10-28,辣椒类,10.0,10,0.19703080568887557,0.7067579209342394,0.6386248310120438,0.4599423619880512,0.2103675299962585,0.704355896547457,0.38774930345552167
2022-10-29,辣椒类,11.0,11,0.2696246796883177,0.7728364815203341,0.6434258851730138,0.3659769343546842,0.19703080568887557,0.7067579209342394,0.4599423619880512
2022-10-30,辣椒类,13.0,13,0.2222817601468457,0.7425538809644281,0.6767127011486649,0.35508414973155034,0.2696246796883177,0.7728364815203341,0.3659769343546842
2022-10-31,辣椒类,11.0,11,0.21125852408131052,0.7298181918200072,0.6456775187069003,0.35903865387202616,0.2222817601468457,0.7425538809644281,0.35508414973155034
2022-11-01,辣椒类,10.0,10,0.23825204661927268,0.7323156525592099,0.6446203879333894,0.3617981212809668,0.21125852408131052,0.7298181918200072,0.35903865387202616
2022-11-03,辣椒类,12.0,12,0.17731997655314125,0.6763766514240522,0.6772143788274525,0.39832693769600647,,,
2022-11-05,辣椒类,12.0,12,0.20685667170205155,0.7710571070533476,0.6813371036040721,0.41333005980784887,,,
2022-11-06,辣椒类,10.0,11,0.206240208992049,0.7034820116900573,0.632473405980092,0.3904696389917625,0.20685667170205155,0.7710571070533476,0.41333005980784887
2022-11-07,辣椒类,11.0,11,0.19124010481517145,0.6862114473932284,0.6553542006369663,0.3611381823142726,0.206240208992049,0.7034820116900573,0.3904696389917625
2022-11-08,辣椒类,11.0,11,0.23164087714689582,0.7213844783636866,0.6457552365924246,0.3550848507776858,0.19124010481517145,0.6862114473932284,0.3611381823142726
2022-11-09,辣椒类,11.0,11,0.21277909989794452,0.7317957853852697,0.6729167035079523,0.33838544223433653,0.23164087714689582,0.7213844783636866,0.3550848507776858
2022-11-10,辣椒类,10.0,11,0.27307609325035903,0.8342323327079425,0.656993984350499,0.4057439630242537,0.21277909989794452,0.7317957853852697,0.33838544223433653
2022-11-11,辣椒类,11.0,11,0.23241229516928605,0.7847088048578527,0.6720873804135067,0.34998315732390173,0.27307609325035903,0.8342323327079425,0.4057439630242537
2022-11-12,辣椒类,11.0,11,0.2301009622322315,0.7945317929830515,0.6735004657659044,0.35405831226264023,0.23241229516928605,0.7847088048578527,0.34998315732390173
2022-11-13,辣椒类,10.0,10,0.2505348827840835,0.8132787831460292,0.6458134186195945,0.37331946715544256,0.2301009622322315,0.7945317929830515,0.35405831226264023
2022-11-14,辣椒类,10.0,11,0.21460809325435817,0.6937642208655297,0.6641432389645947,0.33780199427136326,0.2505348827840835,0.8132787831460292,0.37331946715544256
2022-11-15,辣椒类,10.0,10,0.2010198493421227,0.6983802594854667,0.6650152977266192,0.3359854948982854,0.21460809325435817,0.6937642208655297,0.33780199427136326
2022-11-16,辣椒类,10.0,10,0.18274959168329644,0.6245876603543066,0.6659110707130845,0.3499542229109668,0.2010198493421227,0.6983802594854667,0.3359854948982854
2022-11-17,辣椒类,9.0,9,0.2136544038556718,0.7124632441276415,0.6631267382338505,0.34402273933715843,0.18274959168329644,0.6245876603543066,0.3499542229109668
2022-11-18,辣椒类,10.0,10,0.24042796349083456,0.7743142206255158,0.6677890993854457,0.3451859548058624,0.2136544038556718,0.7124632441276415,0.34402273933715843
2022-11-19,辣椒类,12.0,12,0.26371554720134277,0.7340407959071945,0.6991222060739027,0.34033864854963286,0.24042796349083456,0.7743142206255158,0.3451859548058624
2022-11-20,辣椒类,8.0,8,0.29531767348417526,0.8217815302048563,0.652993707805932,0.38767351704087993,0.26371554720134277,0.7340407959071945,0.34033864854963286
2022-11-21,辣椒类,14.0,14,0.3889072714762725,0.7951270182808157,0.8071177590167462,0.34560790032971206,0.29531767348417526,0.8217815302048563,0.38767351704087993
2022-11-22,辣椒类,7.0,7,0.2150460844742364,0.7222783055011615,0.6364668262634282,0.47814353856591457,0.3889072714762725,0.7951270182808157,0.34560790032971206
2022-11-23,辣椒类,9.0,9,0.20874433288588837,0.7184912790402374,0.6583013526820704,0.45692227483044406,0.2150460844742364,0.7222783055011615,0.47814353856591457
2022-11-24,辣椒类,9.0,9,0.22176996781188146,0.7567795326288679,0.6579757527248047,0.38216121106889667,0.20874433288588837,0.7184912790402374,0.45692227483044406
2022-11-25,辣椒类,9.0,9,0.20823457158852607,0.738499961279331,0.6693981292485977,0.4168123123806377,0.22176996781188146,0.7567795326288679,0.38216121106889667
2022-11-26,辣椒类,9.0,9,0.2907958640481382,0.8541713338411218,0.6705282084956171,0.44747406352869895,0.20823457158852607,0.738499961279331,0.4168123123806377
2022-11-27,辣椒类,4.0,4,0.3281687052406596,0.94128354177676,0.5901153616552728,0.5710520653384704,0.2907958640481382,0.8541713338411218,0.44747406352869895
2022-11-28,辣椒类,3.0,3,0.4173860112431366,0.9999999999999999,0.528351010149291,0.47164898985070913,0.3281687052406596,0.94128354177676,0.5710520653384704
2022-11-29,辣椒类,2.0,2,0.5579997106235194,1.0,0.40941761576373115,0.5905823842362689,0.4173860112431366,0.9999999999999999,0.47164898985070913
2022-12-04,辣椒类,6.0,6,0.33361377533635805,0.8968781009083275,0.31276649024121483,0.6872335097587849,,,
2022-12-05,辣椒类,8.0,8,0.3319013485239679,0.8661881568828506,0.6610367697723072,0.4275515372608114,0.33361377533635805,0.8968781009083275,0.6872335097587849
2022-12-06,辣椒类,7.0,8,0.46106032950409653,0.943611949531255,0.6996939712203643,0.5149741511962642,0.3319013485239679,0.8661881568828506,0.4275515372608114
2022-12-07,辣椒类,5.0,5,0.3933734822167868,0.973749242883101,0.5396842457639922,0.4618638868215249,0.46106032950409653,0.943611949531255,0.5149741511962642
2022-12-08,辣椒类,8.0,8,0.19467349245138416,0.7029092044822621,0.6724741240974392,0.3868136917064677,0.3933734822167868,0.973749242883101,0.4618638868215249
2022-12-09,辣椒类,8.0,8,0.20926303056625128,0.7385542047522801,0.6738967393371045,0.4069236551103087,0.19467349245138416,0.7029092044822621,0.3868136917064677
2022-12-10,辣椒类,9.0,9,0.20805346033957703,0.738245438576246,0.681006805681806,0.3508527985777281,0.20926303056625128,0.7385542047522801,0.4069236551103087
2022-12-11,辣椒类,9.0,9,0.21572092753446503,0.7508883585255901,0.6823669358333934,0.34383236975118114,0.20805346033957703,0.738245438576246,0.3508527985777281
2022-12-12,辣椒类,8.0,8,0.21929034268585262,0.7568731931296411,0.6696710181705746,0.4081110306885125,0.21572092753446503,0.7508883585255901,0.34383236975118114
2022-12-13,辣椒类,9.0,9,0.22364535759161905,0.7710605931481167,0.6847042540128135,0.3177743830180706,0.21929034268585262,0.7568731931296411,0.4081110306885125
2022-12-14,辣椒类,9.0,10,0.18009752685139024,0.658082791476212,0.6728814885462008,0.41028802376268786,0.22364535759161905,0.7710605931481167,0.3177743830180706
2022-12-15,辣椒类,10.0,10,0.20861251063182515,0.6985969704494661,0.6927643257762603,0.46047666599360143,0.18009752685139024,0.658082791476212,0.41028802376268786
2022-12-16,辣椒类,9.0,9,0.2127779802995423,0.722017461401646,0.6618845486667644,0.46568305970926394,0.20861251063182515,0.6985969704494661,0.46047666599360143
2022-12-17,辣椒类,10.0,10,0.20223490049434817,0.7360445378096608,0.7469361538856152,0.36352438736647996,0.2127779802995423,0.722017461401646,0.46568305970926394
2022-12-18,辣椒类,8.0,8,0.21753576746510236,0.7242141752180709,0.7006208958897979,0.4049609213124149,0.20223490049434817,0.7360445378096608,0.36352438736647996
2022-12-19,辣椒类,6.0,6,0.30033740762658345,0.8781193722665294,0.6248303428071277,0.3751696571928723,0.21753576746510236,0.7242141752180709,0.4049609213124149
2022-12-20,辣椒类,8.0,8,0.21857934577782007,0.7693122295604646,0.7143298044587212,0.4206093965090249,0.30033740762658345,0.8781193722665294,0.3751696571928723
2022-12-21,辣椒类,11.0,11,0.23312447211751183,0.7949217281462878,0.7746050138314333,0.38266563760641203,0.21857934577782007,0.7693122295604646,0.4206093965090249
2022-12-22,辣椒类,9.0,9,0.2409829292132977,0.8114615376427637,0.7312442891562518,0.3556849937729842,0.23312447211751183,0.7949217281462878,0.38266563760641203
2022-12-23,辣椒类,8.0,8,0.22376838726283746,0.7428015039988243,0.6872219472728078,0.3161147490324044,0.2409829292132977,0.8114615376427637,0.3556849937729842
2022-12-24,辣椒类,9.0,9,0.2516119084468231,0.8460907851589844,0.68966355136634,0.39132669359388084,0.22376838726283746,0.7428015039988243,0.3161147490324044
2022-12-25,辣椒类,10.0,10,0.24505184127005675,0.8090897000326446,0.6966729973866882,0.39163799747883254,0.2516119084468231,0.8460907851589844,0.39132669359388084
2022-12-26,辣椒类,9.0,9,0.23058291427448296,0.7533474209034872,0.6823343999916891,0.3220212591356708,0.24505184127005675,0.8090897000326446,0.39163799747883254
2022-12-27,辣椒类,9.0,9,0.25047828826399526,0.8326765529399565,0.6675298414081801,0.37540861299212624,0.23058291427448296,0.7533474209034872,0.3220212591356708
2022-12-28,辣椒类,10.0,10,0.25542284900713935,0.804926098212536,0.6996299130462376,0.33004877771880264,0.25047828826399526,0.8326765529399565,0.37540861299212624
2022-12-29,辣椒类,11.0,11,0.24850291867218668,0.8012401798906768,0.7128858934439813,0.4379266267508278,0.25542284900713935,0.804926098212536,0.33004877771880264
2022-12-30,辣椒类,10.0,10,0.2274818752129281,0.8106877397521196,0.6998138179071506,0.3485898706295224,0.24850291867218668,0.8012401798906768,0.4379266267508278
2022-12-31,辣椒类,10.0,11,0.19784038224246067,0.7269883151149642,0.7143296153005151,0.3623895592034404,0.2274818752129281,0.8106877397521196,0.3485898706295224
2023-01-01,辣椒类,10.0,10,0.218214535825621,0.7587864060063111,0.7097503421967406,0.43132705833649554,0.19784038224246067,0.7269883151149642,0.3623895592034404
2023-01-02,辣椒类,12.0,12,0.19330461509089117,0.7071989948856615,0.7336062264728522,0.40540921000059177,0.218214535825621,0.7587864060063111,0.43132705833649554
2023-01-03,辣椒类,12.0,12,0.1799984683687832,0.6884289039162863,0.7346063049869466,0.43498066077685915,0.19330461509089117,0.7071989948856615,0.40540921000059177
2023-01-04,辣椒类,11.0,11,0.20614330963850389,0.7394182612740273,0.718812766389049,0.31577223526972825,0.1799984683687832,0.6884289039162863,0.43498066077685915
2023-01-05,辣椒类,11.0,11,0.18268251512331726,0.6783691611277818,0.7201232321843173,0.41535753529446,0.20614330963850389,0.7394182612740273,0.31577223526972825
2023-01-06,辣椒类,12.0,12,0.17176351915545304,0.6383446889310845,0.7063859227134605,0.39260310872231896,0.18268251512331726,0.6783691611277818,0.41535753529446
2023-01-07,辣椒类,12.0,13,0.18607367558652504,0.6749379180423013,0.7249348533619927,0.36772255548613775,0.17176351915545304,0.6383446889310845,0.39260310872231896
2023-01-08,辣椒类,14.0,14,0.18723474099914192,0.6884610068058187,0.7274006020489749,0.3933792198564321,0.18607367558652504,0.6749379180423013,0.36772255548613775
2023-01-09,辣椒类,12.0,12,0.17903688099056933,0.690496717288945,0.7296882794563879,0.36860143250027305,0.18723474099914192,0.6884610068058187,0.3933792198564321
2023-01-10,辣椒类,11.0,11,0.18749245534660738,0.6964084280074129,0.7015143572910431,0.3485592357904662,0.17903688099056933,0.690496717288945,0.36860143250027305
2023-01-11,辣椒类,13.0,14,0.19880377761431467,0.741967786122526,0.7231449507048255,0.3543873520019039,0.18749245534660738,0.6964084280074129,0.3485592357904662
2023-01-12,辣椒类,15.0,16,0.17352488142191547,0.666179664747879,0.7774450271751091,0.2723321488451931,0.19880377761431467,0.741967786122526,0.3543873520019039
2023-01-13,辣椒类,14.0,14,0.16468817542523917,0.6174117144990932,0.7983829182954818,0.40392967587420353,0.17352488142191547,0.666179664747879,0.2723321488451931
2023-01-14,辣椒类,18.0,18,0.16184523992281538,0.6170427116147773,0.8465996008444199,0.32875610495177454,0.16468817542523917,0.6174117144990932,0.40392967587420353
2023-01-15,辣椒类,17.0,17,0.23545603548838534,0.6960691530484392,0.8018243421824366,0.3928684668699801,0.16184523992281538,0.6170427116147773,0.32875610495177454
2023-01-16,辣椒类,16.0,16,0.1320439774480442,0.541831454679415,0.8014696077427793,0.35943939088548,0.23545603548838534,0.6960691530484392,0.3928684668699801
2023-01-17,辣椒类,15.0,15,0.09736537473830258,0.40717428554207535,0.7889666352555574,0.4433510785676992,0.1320439774480442,0.541831454679415,0.35943939088548
2023-01-18,辣椒类,16.0,16,0.199548145541064,0.6662940343707477,0.6249626446576061,0.43209029412373634,0.09736537473830258,0.40717428554207535,0.4433510785676992
2023-01-19,辣椒类,17.0,17,0.19361560276968875,0.7076611234030403,0.6475741469743633,0.44048878596607705,0.199548145541064,0.6662940343707477,0.43209029412373634
2023-01-20,辣椒类,15.0,15,0.22463306347654177,0.7655532403997808,0.6780947210391247,0.46213279446610206,0.19361560276968875,0.7076611234030403,0.44048878596607705
2023-01-22,辣椒类,10.0,10,0.33073527307503214,0.8291827428972288,0.613318366451521,0.6131970990012003,,,
2023-01-23,辣椒类,10.0,10,0.31987655258284947,0.8311342033188337,0.6140315084269062,0.42912109007108884,0.33073527307503214,0.8291827428972288,0.6131970990012003
2023-01-24,辣椒类,8.0,8,0.2806595132899271,0.8276898725481036,0.6742483190279045,0.3995634340092031,0.31987655258284947,0.8311342033188337,0.42912109007108884
2023-01-25,辣椒类,9.0,9,0.2916930398103923,0.8495145631067961,0.6651393151151297,0.40543938114000944,0.2806595132899271,0.8276898725481036,0.3995634340092031
2023-01-26,辣椒类,12.0,12,0.15938987444798314,0.5893104292294342,0.7840394910137003,0.30378440233826515,0.2916930398103923,0.8495145631067961,0.40543938114000944
2023-01-27,辣椒类,18.0,18,0.13504394680863674,0.5638956147430725,0.8349812387724838,0.2991211179998631,0.15938987444798314,0.5893104292294342,0.30378440233826515
2023-01-28,辣椒类,14.0,14,0.16834663290377214,0.654733440771607,0.7651179217482885,0.3806133102100678,0.13504394680863674,0.5638956147430725,0.2991211179998631
2023-01-29,辣椒类,13.0,13,0.16022264013933205,0.6174885175615289,0.7552643137338284,0.37591827214025664,0.16834663290377214,0.654733440771607,0.3806133102100678
2023-01-30,辣椒类,13.0,13,0.16754218298384602,0.6543943305758997,0.7538758180211897,0.3351652894623436,0.16022264013933205,0.6174885175615289,0.37591827214025664
2023-01-31,辣椒类,12.0,12,0.18478460231380112,0.6859303337794119,0.7191773266621737,0.46660160272790246,0.16754218298384602,0.6543943305758997,0.3351652894623436
2023-02-01,辣椒类,10.0,10,0.20186202520586735,0.7351524102365447,0.7144110122030343,0.3992583968236585,0.18478460231380112,0.6859303337794119,0.46660160272790246
2023-02-02,辣椒类,12.0,12,0.19684034428494127,0.7434455634165265,0.7208119983051424,0.38592868100116906,0.20186202520586735,0.7351524102365447,0.3992583968236585
2023-02-03,辣椒类,10.0,10,0.20769799843731426,0.7348923139505977,0.6908897149265445,0.460514847458649,0.19684034428494127,0.7434455634165265,0.38592868100116906
2023-02-04,辣椒类,13.0,13,0.14828381203196203,0.5597983650980445,0.7578686688950214,0.356177864868007,0.20769799843731426,0.7348923139505977,0.460514847458649
2023-02-05,辣椒类,13.0,13,0.15236982478925745,0.5695162876598173,0.7858877505060565,0.2776361985364055,0.14828381203196203,0.5597983650980445,0.356177864868007
2023-02-06,辣椒类,11.0,11,0.20993641624669476,0.7606282954168356,0.7468424452176443,0.43698225591573514,0.15236982478925745,0.5695162876598173,0.2776361985364055
2023-02-07,辣椒类,10.0,10,0.18742687416053172,0.7125411546986292,0.7475558668371893,0.3585206108443082,0.20993641624669476,0.7606282954168356,0.43698225591573514
2023-02-08,辣椒类,12.0,12,0.16877796386673874,0.6589473684210526,0.7242662892351889,0.3716605131695692,0.18742687416053172,0.7125411546986292,0.3585206108443082
2023-02-09,辣椒类,11.0,12,0.1934986622758226,0.7200564928852375,0.703982026268029,0.40129385906983106,0.16877796386673874,0.6589473684210526,0.3716605131695692
2023-02-10,辣椒类,12.0,12,0.18952867173826446,0.7186956219113245,0.7252024313618496,0.39707170996774455,0.1934986622758226,0.7200564928852375,0.40129385906983106
2023-02-11,辣椒类,12.0,12,0.22327219878192162,0.796155245603396,0.7258087655024394,0.42667314640464576,0.18952867173826446,0.7186956219113245,0.39707170996774455
2023-02-12,辣椒类,13.0,13,0.1883833998528576,0.6681208795495625,0.7393367014597624,0.33442218487345776,0.22327219878192162,0.796155245603396,0.42667314640464576
2023-02-13,辣椒类,13.0,13,0.18976386643715368,0.6986430383639578,0.7399570887229068,0.41258010948155566,0.1883833998528576,0.6681208795495625,0.33442218487345776
2023-02-14,辣椒类,10.0,10,0.1718756149232655,0.6526888250883393,0.7175600215571261,0.3944510141921867,0.18976386643715368,0.6986430383639578,0.41258010948155566
2023-02-15,辣椒类,9.0,9,0.2082598241502026,0.7275265743466449,0.6765464042818071,0.4563431611571735,0.1718756149232655,0.6526888250883393,0.3944510141921867
2023-02-16,辣椒类,12.0,12,0.18532872567142655,0.6967472445666785,0.7285170039942135,0.37230538399495955,0.2082598241502026,0.7275265743466449,0.4563431611571735
2023-02-17,辣椒类,11.0,12,0.22749450723832265,0.7628105749276111,0.7253113412936804,0.4476333976472346,0.18532872567142655,0.6967472445666785,0.37230538399495955
2023-02-18,辣椒类,10.0,10,0.18994560478167025,0.6840171498338965,0.7245521456730836,0.43600133897481647,0.22749450723832265,0.7628105749276111,0.4476333976472346
2023-02-19,辣椒类,9.0,10,0.19902048297563402,0.7042707851425603,0.7229197575608376,0.4230412491413001,0.18994560478167025,0.6840171498338965,0.43600133897481647
2023-02-20,辣椒类,8.0,8,0.22909761283627386,0.7330298279897781,0.6612549902602718,0.41038174304807773,0.19902048297563402,0.7042707851425603,0.4230412491413001
2023-02-21,辣椒类,10.0,11,0.23636203871176747,0.8153897661960827,0.7260926600780608,0.4180540471339726,0.22909761283627386,0.7330298279897781,0.41038174304807773
2023-02-22,辣椒类,11.0,11,0.20700183064184208,0.7014722729008444,0.7883203682839642,0.3339333802008371,0.23636203871176747,0.8153897661960827,0.4180540471339726
2023-02-23,辣椒类,11.0,11,0.19846072086103644,0.7228198547479932,0.7885353772822524,0.39404876177716147,0.20700183064184208,0.7014722729008444,0.3339333802008371
2023-02-24,辣椒类,10.0,11,0.18733996889813415,0.7132630999327897,0.7272731243443151,0.3829490966954504,0.19846072086103644,0.7228198547479932,0.39404876177716147
2023-02-25,辣椒类,12.0,13,0.15803363073644194,0.6201407882347667,0.7330517337555134,0.3925057868677772,0.18733996889813415,0.7132630999327897,0.3829490966954504
2023-02-26,辣椒类,11.0,12,0.19788062307086074,0.7282409976820867,0.7179979734196762,0.3603476363232494,0.15803363073644194,0.6201407882347667,0.3925057868677772
2023-02-27,辣椒类,13.0,13,0.2024172546844939,0.6995152015265994,0.7398151574403843,0.37872145709751437,0.19788062307086074,0.7282409976820867,0.3603476363232494
2023-02-28,辣椒类,10.0,13,0.21199887683512084,0.7279900332225914,0.709124279925218,0.4295281701583899,0.2024172546844939,0.6995152015265994,0.37872145709751437
2023-03-01,辣椒类,11.0,14,0.20821144484028228,0.7160395184365385,0.720256156153751,0.41084032283013283,0.21199887683512084,0.7279900332225914,0.4295281701583899
2023-03-02,辣椒类,10.0,11,0.19796526052373345,0.7203819823965942,0.7206920876523447,0.42288975646584104,0.20821144484028228,0.7160395184365385,0.41084032283013283
2023-03-03,辣椒类,10.0,11,0.228908673013384,0.7875818612346805,0.7211706439511086,0.3841228479395437,0.19796526052373345,0.7203819823965942,0.42288975646584104
2023-03-04,辣椒类,12.0,12,0.15871245137937495,0.6329802570678482,0.7368827048992048,0.33675174646384265,0.228908673013384,0.7875818612346805,0.3841228479395437
2023-03-05,辣椒类,10.0,10,0.22907927985662832,0.7884349305809571,0.7065111224405085,0.4260452570782433,0.15871245137937495,0.6329802570678482,0.33675174646384265
2023-03-06,辣椒类,11.0,11,0.22066793463548864,0.7491830065359477,0.7233351250325598,0.4315002155934395,0.22907927985662832,0.7884349305809571,0.4260452570782433
2023-03-07,辣椒类,10.0,10,0.1992622077645941,0.7004865665326844,0.7357433214108204,0.41987986444515013,0.22066793463548864,0.7491830065359477,0.4315002155934395
2023-03-08,辣椒类,11.0,11,0.205931501606113,0.6815940922873822,0.7389195867672481,0.4172928510819091,0.1992622077645941,0.7004865665326844,0.41987986444515013
2023-03-09,辣椒类,11.0,11,0.29521832711309387,0.7972624355056855,0.7370842350879638,0.4584791336973056,0.205931501606113,0.6815940922873822,0.4172928510819091
2023-03-10,辣椒类,10.0,12,0.25573877778437915,0.7832161890785511,0.7225717557462523,0.5008134549860829,0.29521832711309387,0.7972624355056855,0.4584791336973056
2023-03-11,辣椒类,10.0,10,0.23533082458665197,0.7391965785856118,0.7236777030996293,0.459994084883453,0.25573877778437915,0.7832161890785511,0.5008134549860829
2023-03-12,辣椒类,9.0,9,0.22784546397045405,0.7334710609995402,0.7810367472302681,0.3818361720722077,0.23533082458665197,0.7391965785856118,0.459994084883453
2023-03-13,辣椒类,11.0,11,0.2040360622225664,0.714921953161139,0.8157405128256491,0.4261798713063432,0.22784546397045405,0.7334710609995402,0.3818361720722077
2023-03-14,辣椒类,11.0,12,0.2566032552847537,0.7863001965585779,0.7592046220970837,0.4523098907571101,0.2040360622225664,0.714921953161139,0.4261798713063432
2023-03-15,辣椒类,9.0,9,0.1990989628526483,0.7090911098596525,0.7090038972993539,0.4485294103527929,0.2566032552847537,0.7863001965585779,0.4523098907571101
2023-03-16,辣椒类,9.0,10,0.24443706839824872,0.7256305748794332,0.7095735702302756,0.4457735930651515,0.1990989628526483,0.7090911098596525,0.4485294103527929
2023-03-17,辣椒类,9.0,10,0.22224216017758394,0.7721936091266546,0.7260754393057444,0.33513210258647536,0.24443706839824872,0.7256305748794332,0.4457735930651515
2023-03-18,辣椒类,9.0,9,0.19630337308938586,0.7078627909566766,0.7267969747203671,0.4626283621102193,0.22224216017758394,0.7721936091266546,0.33513210258647536
2023-03-19,辣椒类,8.0,8,0.22370244704076558,0.7124649211891041,0.7102503002957261,0.41633760492983096,0.19630337308938586,0.7078627909566766,0.4626283621102193
2023-03-20,辣椒类,8.0,8,0.25909630757602886,0.8510324617179655,0.7112395425014746,0.3154934250455164,0.22370244704076558,0.7124649211891041,0.41633760492983096
2023-03-21,辣椒类,8.0,9,0.21221742244812616,0.737247798354306,0.7085516541777103,0.3684841152468165,0.25909630757602886,0.8510324617179655,0.3154934250455164
2023-03-22,辣椒类,9.0,10,0.2300901131798225,0.734357437242413,0.7099742114538276,0.31866314850046196,0.21221742244812616,0.737247798354306,0.3684841152468165
2023-03-23,辣椒类,10.0,10,0.20569578458473195,0.6962809102501741,0.7311326115758002,0.3063918978472496,0.2300901131798225,0.734357437242413,0.31866314850046196
2023-03-24,辣椒类,10.0,10,0.2561027355608961,0.7109765293618624,0.7316004373691437,0.29318176369483345,0.20569578458473195,0.6962809102501741,0.3063918978472496
2023-03-25,辣椒类,10.0,10,0.17871010441328122,0.6548015241402594,0.7323383625372676,0.2922939366361995,0.2561027355608961,0.7109765293618624,0.29318176369483345
2023-03-26,辣椒类,10.0,10,0.2131414918792151,0.7602269533915883,0.7305244868960014,0.2694755131039988,0.17871010441328122,0.6548015241402594,0.2922939366361995
2023-03-27,辣椒类,8.0,8,0.20608048332218193,0.7140459658202873,0.6930870724534499,0.3219323292615234,0.2131414918792151,0.7602269533915883,0.2694755131039988
2023-03-28,辣椒类,9.0,9,0.20017684392243243,0.7066285484427078,0.7307270641435405,0.30881687653979706,0.20608048332218193,0.7140459658202873,0.3219323292615234
2023-03-29,辣椒类,9.0,9,0.19704222602716262,0.6994102780117943,0.7311938078929062,0.2688061921070937,0.20017684392243243,0.7066285484427078,0.30881687653979706
2023-03-30,辣椒类,11.0,11,0.1670218087522732,0.6262035981249208,0.7363331573951911,0.33105883374966966,0.19704222602716262,0.6994102780117943,0.2688061921070937
2023-03-31,辣椒类,12.0,12,0.1634608349433215,0.6209314373503877,0.7375165422968375,0.2979127068194949,0.1670218087522732,0.6262035981249208,0.33105883374966966
2023-04-01,辣椒类,12.0,12,0.17740707506194756,0.6685880486515072,0.7381004056045047,0.3090926330369973,0.1634608349433215,0.6209314373503877,0.2979127068194949
2023-04-02,辣椒类,11.0,11,0.18629997202670284,0.6788516581944619,0.737825344446981,0.262174655553019,0.17740707506194756,0.6685880486515072,0.3090926330369973
2023-04-03,辣椒类,9.0,10,0.18510392094782885,0.6577403912202648,0.7332706451687548,0.28588177498113143,0.18629997202670284,0.6788516581944619,0.262174655553019
2023-04-04,辣椒类,9.0,9,0.18332985554814768,0.6550338742713093,0.7344301933587394,0.29207301909035277,0.18510392094782885,0.6577403912202648,0.28588177498113143
2023-04-05,辣椒类,9.0,9,0.18837458520471909,0.689426264734774,0.7348984026384259,0.32599145730848944,0.18332985554814768,0.6550338742713093,0.29207301909035277
2023-04-06,辣椒类,10.0,10,0.2056858400194762,0.7114652521349446,0.7381394672142569,0.3267349019648032,0.18837458520471909,0.689426264734774,0.32599145730848944
2023-04-07,辣椒类,10.0,10,0.21020723213237674,0.6642507870587446,0.7385332588001251,0.26331785929319457,0.2056858400194762,0.7114652521349446,0.3267349019648032
2023-04-08,辣椒类,10.0,10,0.17926341153015662,0.6791681169509224,0.7389041638922406,0.29850289702981964,0.21020723213237674,0.6642507870587446,0.26331785929319457
2023-04-09,辣椒类,10.0,10,0.15002298969866718,0.5751604746158334,0.7949074087955017,0.2748055270710401,0.17926341153015662,0.6791681169509224,0.29850289702981964
2023-04-10,辣椒类,9.0,10,0.2229703779326021,0.7358600465975738,0.7608507848299638,0.25200302070381164,0.15002298969866718,0.5751604746158334,0.2748055270710401
2023-04-11,辣椒类,11.0,11,0.16914540659167834,0.621561528176314,0.7981907202899472,0.3565385299977091,0.2229703779326021,0.7358600465975738,0.25200302070381164
2023-04-12,辣椒类,11.0,11,0.1731538218351758,0.6394857991733958,0.7983678347296103,0.2899574926591098,0.16914540659167834,0.621561528176314,0.3565385299977091
2023-04-13,辣椒类,12.0,12,0.17707831737026403,0.6553889340326513,0.8001046906508068,0.3278620894164233,0.1731538218351758,0.6394857991733958,0.2899574926591098
2023-04-14,辣椒类,9.0,10,0.1866376963352107,0.6683470615594663,0.7612934518726124,0.2706569606487893,0.17707831737026403,0.6553889340326513,0.3278620894164233
2023-04-15,辣椒类,10.0,10,0.18846891757026446,0.7033964075689082,0.73843469551355,0.34514328283655876,0.1866376963352107,0.6683470615594663,0.2706569606487893
2023-04-16,辣椒类,10.0,10,0.2052084583428062,0.7482135852789196,0.740542152376366,0.2899751694890434,0.18846891757026446,0.7033964075689082,0.34514328283655876
2023-04-17,辣椒类,9.0,9,0.16194996461318173,0.608428333546817,0.7227794766252694,0.4373283690073887,0.2052084583428062,0.7482135852789196,0.2899751694890434
2023-04-18,辣椒类,11.0,11,0.1622351188139931,0.6331973594071121,0.7260423757169218,0.3867091431041135,0.16194996461318173,0.608428333546817,0.4373283690073887
2023-04-19,辣椒类,11.0,11,0.16752665179573492,0.6136851572473018,0.743360047139552,0.3985070752828729,0.1622351188139931,0.6331973594071121,0.3867091431041135
2023-04-20,辣椒类,9.0,9,0.2312064610224169,0.7886789024168636,0.738517746613847,0.2786639311260372,0.16752665179573492,0.6136851572473018,0.3985070752828729
2023-04-21,辣椒类,9.0,9,0.17324500032142715,0.6295783175805343,0.7386420338822753,0.32665663535507233,0.2312064610224169,0.7886789024168636,0.2786639311260372
2023-04-22,辣椒类,9.0,9,0.1621599951698494,0.6091105396101701,0.7390640377442649,0.3463296602867279,0.17324500032142715,0.6295783175805343,0.32665663535507233
2023-04-23,辣椒类,9.0,9,0.22746628865919724,0.7556233217740955,0.7399375722922279,0.5117083340673618,0.1621599951698494,0.6091105396101701,0.3463296602867279
2023-04-24,辣椒类,7.0,7,0.36975510663327477,0.9281182750621837,0.6863617221826556,0.3685046227106531,0.22746628865919724,0.7556233217740955,0.5117083340673618
2023-04-25,辣椒类,8.0,8,0.18509442751329722,0.6676148732983077,0.7227960528868967,0.4485536513665264,0.36975510663327477,0.9281182750621837,0.3685046227106531
2023-04-26,辣椒类,8.0,9,0.17725242717867334,0.6274931648065977,0.7368931563759576,0.4750180036765227,0.18509442751329722,0.6676148732983077,0.4485536513665264
2023-04-27,辣椒类,9.0,9,0.1719478320357701,0.6306172595194511,0.7414366197562607,0.396561271541824,0.17725242717867334,0.6274931648065977,0.4750180036765227
2023-04-28,辣椒类,9.0,9,0.1826731319715242,0.6493506493506493,0.7416286167412578,0.5252880401384268,0.1719478320357701,0.6306172595194511,0.396561271541824
2023-04-29,辣椒类,10.0,10,0.18765212322119004,0.6548776555726722,0.7507447591443918,0.24925524085560824,0.1826731319715242,0.6493506493506493,0.5252880401384268
2023-04-30,辣椒类,10.0,10,0.24428838049411433,0.7503105459292166,0.7514005487492831,0.27269379367134705,0.18765212322119004,0.6548776555726722,0.24925524085560824
2023-05-01,辣椒类,10.0,10,0.16093851034973403,0.6060950587566507,0.7550696455146509,0.3219175537797468,0.24428838049411433,0.7503105459292166,0.27269379367134705
2023-05-02,辣椒类,10.0,10,0.1562941300902664,0.567873546078139,0.6638133827130165,0.46198250806212193,0.16093851034973403,0.6060950587566507,0.3219175537797468
2023-05-03,辣椒类,8.0,8,0.3080763108571872,0.8061748456288592,0.5945275419016443,0.42083035150707016,0.1562941300902664,0.567873546078139,0.46198250806212193
2023-05-04,辣椒类,7.0,8,0.28783403224969956,0.8590570585938027,0.6105578292054646,0.39888896277959307,0.3080763108571872,0.8061748456288592,0.42083035150707016
2023-05-05,辣椒类,7.0,7,0.23697191284877578,0.7864255725480093,0.6254136219408758,0.37458637805912415,0.28783403224969956,0.8590570585938027,0.39888896277959307
2023-05-06,辣椒类,9.0,9,0.1909560024466375,0.675580569367794,0.6674345363036253,0.3724961567211546,0.23697191284877578,0.7864255725480093,0.37458637805912415
2023-05-07,辣椒类,10.0,10,0.19815666683227295,0.7136137480303959,0.8032862402019592,0.2530827197164561,0.1909560024466375,0.675580569367794,0.3724961567211546
2023-05-08,辣椒类,9.0,9,0.20739983969140266,0.7002341920374707,0.7663357866528742,0.2609616739178295,0.19815666683227295,0.7136137480303959,0.2530827197164561
2023-05-09,辣椒类,9.0,9,0.16584413739996628,0.6148970276917806,0.7667194649769707,0.35575103241531153,0.20739983969140266,0.7002341920374707,0.2609616739178295
2023-05-10,辣椒类,9.0,9,0.1734434203222211,0.6308511857028296,0.7670609324059187,0.4145925044277893,0.16584413739996628,0.6148970276917806,0.35575103241531153
2023-05-11,辣椒类,9.0,9,0.19900901215895145,0.6718314389877761,0.7673564402833075,0.4352724076966617,0.1734434203222211,0.6308511857028296,0.4145925044277893
2023-05-12,辣椒类,8.0,8,0.1816552109357627,0.643576950626127,0.7483551564323588,0.3304485996563354,0.19900901215895145,0.6718314389877761,0.4352724076966617
2023-05-13,辣椒类,8.0,8,0.20934585386471355,0.7056255709239064,0.7485070579285698,0.36076414147271885,0.1816552109357627,0.643576950626127,0.3304485996563354
2023-05-14,辣椒类,8.0,8,0.2122413551819251,0.7244502917039609,0.749153564061629,0.36370650248461805,0.20934585386471355,0.7056255709239064,0.36076414147271885
2023-05-15,辣椒类,8.0,8,0.21828677823890097,0.7307335477486394,0.7495906552214223,0.28288230093269023,0.2122413551819251,0.7244502917039609,0.36370650248461805
2023-05-16,辣椒类,7.0,7,0.23229072931084266,0.7735734695644645,0.725831598664875,0.3456929556804399,0.21828677823890097,0.7307335477486394,0.28288230093269023
2023-05-17,辣椒类,8.0,8,0.1866819405381145,0.6987303231476687,0.7502383541784233,0.3490088034432923,0.23229072931084266,0.7735734695644645,0.3456929556804399
2023-05-18,辣椒类,8.0,8,0.24805121746609193,0.8104727974467454,0.7503426712537694,0.40882889600686473,0.1866819405381145,0.6987303231476687,0.3490088034432923
2023-05-19,辣椒类,8.0,8,0.18698302201303743,0.6465504417933539,0.7500954188746645,0.3961147243129872,0.24805121746609193,0.8104727974467454,0.40882889600686473
2023-05-20,辣椒类,8.0,8,0.2300375090468676,0.7468119236938985,0.7502552994361849,0.3571880933143961,0.18698302201303743,0.6465504417933539,0.3961147243129872
2023-05-21,辣椒类,8.0,8,0.17761731332299271,0.6342001106524238,0.7504526847113283,0.3179425639811427,0.2300375090468676,0.7468119236938985,0.3571880933143961
2023-05-22,辣椒类,8.0,8,0.2088471712707632,0.7256169747746106,0.7510732052948549,0.3444485109432493,0.17761731332299271,0.6342001106524238,0.3179425639811427
2023-05-23,辣椒类,8.0,8,0.16607568799892503,0.5870631669448237,0.751515865284577,0.35527214779232985,0.2088471712707632,0.7256169747746106,0.3444485109432493
2023-05-24,辣椒类,7.0,7,0.22705761435493071,0.7489333361083937,0.7461844273903107,0.5301384724495594,0.16607568799892503,0.5870631669448237,0.35527214779232985
2023-05-25,辣椒类,8.0,8,0.20712669840907175,0.7432709977299752,0.7521910462082142,0.3375807142887549,0.22705761435493071,0.7489333361083937,0.5301384724495594
2023-05-26,辣椒类,8.0,9,0.21740127314919674,0.7133677636319963,0.7296562438013569,0.37084279914313034,0.20712669840907175,0.7432709977299752,0.3375807142887549
2023-05-27,辣椒类,8.0,8,0.19193371454093705,0.6672925537765348,0.7530173988038943,0.29644745098126435,0.21740127314919674,0.7133677636319963,0.37084279914313034
2023-05-28,辣椒类,9.0,9,0.1725743695593,0.6280778682600107,0.7730302688654446,0.2770571736314178,0.19193371454093705,0.6672925537765348,0.29644745098126435
2023-05-29,辣椒类,9.0,9,0.2169741905805537,0.6777398116509709,0.7735667035166732,0.3870658809434324,0.1725743695593,0.6280778682600107,0.2770571736314178
2023-05-30,辣椒类,8.0,8,0.19790032174258715,0.6639557193065859,0.7544158756662841,0.27877598065538056,0.2169741905805537,0.6777398116509709,0.3870658809434324
2023-05-31,辣椒类,7.0,7,0.20942546233414086,0.6874596513879921,0.7490194454122746,0.256805739848766,0.19790032174258715,0.6639557193065859,0.27877598065538056
2023-06-01,辣椒类,7.0,7,0.19951503974189616,0.6751407433607451,0.7493440281761786,0.34270007031214195,0.20942546233414086,0.6874596513879921,0.256805739848766
2023-06-02,辣椒类,9.0,9,0.1476154421499079,0.5490960506266558,0.774652863209829,0.38878919083159874,0.19951503974189616,0.6751407433607451,0.34270007031214195
2023-06-03,辣椒类,8.0,8,0.1815500711088845,0.6524564078764172,0.7555834553635545,0.32526754715817907,0.1476154421499079,0.5490960506266558,0.38878919083159874
2023-06-04,辣椒类,9.0,9,0.17807905398853524,0.6563563002833321,0.7752801642722799,0.31066570342847616,0.1815500711088845,0.6524564078764172,0.32526754715817907
2023-06-05,辣椒类,8.0,8,0.2033681610888388,0.6767726161369193,0.7562952135003058,0.279961529231524,0.17807905398853524,0.6563563002833321,0.31066570342847616
2023-06-06,辣椒类,8.0,8,0.17995227147968243,0.6643649271907551,0.7564286510198263,0.27223851130391286,0.2033681610888388,0.6767726161369193,0.279961529231524
2023-06-07,辣椒类,8.0,8,0.1713884407263168,0.6390203126306111,0.7569161220593875,0.3696312264130856,0.17995227147968243,0.6643649271907551,0.27223851130391286
2023-06-08,辣椒类,8.0,8,0.1789527042924406,0.665841213688006,0.7571230207465001,0.30175163342278116,0.1713884407263168,0.6390203126306111,0.3696312264130856
2023-06-09,辣椒类,8.0,8,0.18767501286196295,0.6562695041938774,0.7572638709114682,0.3158651902517401,0.1789527042924406,0.665841213688006,0.30175163342278116
2023-06-10,辣椒类,8.0,8,0.1798833727973507,0.6293266205160478,0.7574500031007078,0.35688632067767684,0.18767501286196295,0.6562695041938774,0.3158651902517401
2023-06-11,辣椒类,9.0,9,0.15951127236849377,0.6028890037404627,0.7774097817852924,0.3173567744747581,0.1798833727973507,0.6293266205160478,0.35688632067767684
2023-06-12,辣椒类,9.0,9,0.15720479921923391,0.5821967690677966,0.7778369912943303,0.3313773557639315,0.15951127236849377,0.6028890037404627,0.3173567744747581
2023-06-13,辣椒类,8.0,8,0.18234624207051905,0.6357110929981858,0.7586706840915253,0.3605038138502202,0.15720479921923391,0.5821967690677966,0.3313773557639315
2023-06-14,辣椒类,9.0,9,0.15021877484251803,0.5414038602095232,0.7783151747836647,0.3732598201847307,0.18234624207051905,0.6357110929981858,0.3605038138502202
2023-06-15,辣椒类,8.0,8,0.2213211745310385,0.7048522900486316,0.6456220785179266,0.473632251574726,0.15021877484251803,0.5414038602095232,0.3732598201847307
2023-06-16,辣椒类,10.0,10,0.17075900786547543,0.63186270688804,0.8126360157563609,0.2763186864070621,0.2213211745310385,0.7048522900486316,0.473632251574726
2023-06-17,辣椒类,10.0,10,0.16063667158622866,0.6149332367831303,0.8127340269306964,0.2874305190878306,0.17075900786547543,0.63186270688804,0.2763186864070621
2023-06-18,辣椒类,9.0,9,0.16865190726313856,0.6123088314869137,0.7787279439472116,0.3527525635957875,0.16063667158622866,0.6149332367831303,0.2874305190878306
2023-06-19,辣椒类,9.0,9,0.17185500927128664,0.6558633464839718,0.7791961032310764,0.3814513960590654,0.16865190726313856,0.6123088314869137,0.3527525635957875
2023-06-20,辣椒类,10.0,10,0.17624418182008283,0.6207344275393681,0.8136659700511597,0.3560395640984475,0.17185500927128664,0.6558633464839718,0.3814513960590654
2023-06-21,辣椒类,10.0,10,0.17160379261002878,0.5971930666346789,0.8137623678385189,0.35475503842527284,0.17624418182008283,0.6207344275393681,0.3560395640984475
2023-06-22,辣椒类,10.0,10,0.18311720661747238,0.6454771613482474,0.8139646980850663,0.3319772514596806,0.17160379261002878,0.5971930666346789,0.35475503842527284
2023-06-23,辣椒类,8.0,8,0.1834652934292733,0.6522573756133847,0.75952146329245,0.44311940895031826,0.18311720661747238,0.6454771613482474,0.3319772514596806
2023-06-24,辣椒类,10.0,10,0.1677537214786005,0.606993478749719,0.8143167400654269,0.30262344109763195,0.1834652934292733,0.6522573756133847,0.44311940895031826
2023-06-25,辣椒类,9.0,9,0.17378614870998574,0.6331232143666954,0.7803942688387879,0.3327215895516516,0.1677537214786005,0.606993478749719,0.30262344109763195
2023-06-26,辣椒类,9.0,10,0.17533809323638921,0.6433738601823709,0.7941897933247474,0.3776949733404784,0.17378614870998574,0.6331232143666954,0.3327215895516516
2023-06-27,辣椒类,9.0,9,0.19536559846679197,0.6908410102149527,0.7807159796678843,0.29333261849513825,0.17533809323638921,0.6433738601823709,0.3776949733404784
2023-06-28,辣椒类,9.0,9,0.17765142050268407,0.6378214725355159,0.7808995091507629,0.31648356504728464,0.19536559846679197,0.6908410102149527,0.29333261849513825
2023-06-29,辣椒类,9.0,9,0.23822336318926798,0.7694492625403072,0.7810543302470236,0.348688624572452,0.17765142050268407,0.6378214725355159,0.31648356504728464
2023-06-30,辣椒类,8.0,8,0.17136280111708985,0.593424948751044,0.7740183397450028,0.32561619276587633,0.23822336318926798,0.7694492625403072,0.348688624572452
2020-07-01,食用菌,5.0,5,0.3166192090749921,0.9453795848734716,0.0,,,,
2020-07-02,食用菌,5.0,5,0.30074544323329555,0.9218099360956505,1.0,0.16856343488619374,0.3166192090749921,0.9453795848734716,
2020-07-03,食用菌,5.0,5,0.30087927177965595,0.9275481834032328,1.0,0.06987015819947466,0.30074544323329555,0.9218099360956505,0.16856343488619374
2020-07-04,食用菌,5.0,5,0.2975847351168029,0.9364855629591663,1.0,0.03193940653921897,0.30087927177965595,0.9275481834032328,0.06987015819947466
2020-07-05,食用菌,5.0,5,0.2424959086947885,0.783972791717318,0.963971413042221,0.27317552893611785,0.2975847351168029,0.9364855629591663,0.03193940653921897
2020-07-06,食用菌,6.0,6,0.2636409667497173,0.8659608873616654,1.0,0.047300721513900905,0.2424959086947885,0.783972791717318,0.27317552893611785
2020-07-07,食用菌,7.0,7,0.2594730812539164,0.8674269840959332,0.9999999999999999,0.045606102009094006,0.2636409667497173,0.8659608873616654,0.047300721513900905
2020-07-08,食用菌,5.0,5,0.29982206917820603,0.9420715065502183,0.921556985774337,0.08612421268281334,0.2594730812539164,0.8674269840959332,0.045606102009094006
2020-07-09,食用菌,5.0,5,0.29339253362906575,0.92327615825779,0.930613616788858,0.09359480023867867,0.29982206917820603,0.9420715065502183,0.08612421268281334
2020-07-10,食用菌,6.0,6,0.24546274491586295,0.8118012422360248,0.9368844960481154,0.18286254076136488,0.29339253362906575,0.92327615825779,0.09359480023867867
2020-07-11,食用菌,5.0,5,0.2906290974455462,0.9207117408406615,0.9332354599937239,0.10860237508476392,0.24546274491586295,0.8118012422360248,0.18286254076136488
2020-07-12,食用菌,6.0,6,0.25406860541481435,0.8523062984992318,0.939664609477876,0.15522921255186187,0.2906290974455462,0.9207117408406615,0.10860237508476392
2020-07-13,食用菌,5.0,5,0.2834548470998207,0.9159798994974875,0.9379772333348946,0.06838735796230566,0.25406860541481435,0.8523062984992318,0.15522921255186187
2020-07-14,食用菌,6.0,7,0.25523339327870764,0.8461368977673326,0.9488519254499667,0.10703804206328821,0.2834548470998207,0.9159798994974875,0.06838735796230566
2020-07-15,食用菌,6.0,7,0.25849573698624007,0.8407051536567934,0.9521386883131185,0.17322666809657433,0.25523339327870764,0.8461368977673326,0.10703804206328821
2020-07-16,食用菌,7.0,7,0.21864033360434346,0.7627470553004592,0.9548236020841965,0.16676505732436744,0.25849573698624007,0.8407051536567934,0.17322666809657433
2020-07-17,食用菌,7.0,7,0.2421309608789904,0.8318401252555125,0.9579511263387323,0.09818714384946868,0.21864033360434346,0.7627470553004592,0.16676505732436744
2020-07-18,食用菌,7.0,7,0.23736281491298475,0.8058754241310807,0.9604639225496249,0.15626937905020521,0.2421309608789904,0.8318401252555125,0.09818714384946868
2020-07-19,食用菌,7.0,7,0.27168435579737144,0.8675392223738063,0.9631851656449737,0.14330642375122832,0.23736281491298475,0.8058754241310807,0.15626937905020521
2020-07-20,食用菌,7.0,7,0.2102106104460917,0.7516933718051038,0.9660739495123634,0.1428307780921949,0.27168435579737144,0.8675392223738063,0.14330642375122832
2020-07-21,食用菌,7.0,7,0.23668037379378862,0.8222095319675446,0.9678271140950954,0.07100793439178571,0.2102106104460917,0.7516933718051038,0.1428307780921949
2020-07-22,食用菌,7.0,7,0.2197838164768552,0.7753620881744391,0.9691961266336462,0.1350064340897435,0.23668037379378862,0.8222095319675446,0.07100793439178571
2020-07-23,食用菌,7.0,7,0.2156719027089191,0.7513797485159406,0.9710384979314572,0.15246926582304765,0.2197838164768552,0.7753620881744391,0.1350064340897435
2020-07-24,食用菌,7.0,7,0.19420650264164324,0.7107581782035062,0.9724226698996125,0.1610567280939399,0.2156719027089191,0.7513797485159406,0.15246926582304765
2020-07-25,食用菌,7.0,7,0.21448307363929658,0.7646898478627526,0.9734864560793175,0.10172119178006317,0.19420650264164324,0.7107581782035062,0.1610567280939399
2020-07-26,食用菌,7.0,7,0.2314746157342555,0.7929988974641675,0.9747766928152043,0.1338425807336229,0.21448307363929658,0.7646898478627526,0.10172119178006317
2020-07-27,食用菌,7.0,8,0.2630350954407329,0.8565606774201421,0.9428770639075862,0.13150429542553396,0.2314746157342555,0.7929988974641675,0.1338425807336229
2020-07-28,食用菌,8.0,8,0.19140936602422542,0.6846810719003587,0.9767550069106942,0.18002330780052295,0.2630350954407329,0.8565606774201421,0.13150429542553396
2020-07-29,食用菌,7.0,7,0.2422735261774749,0.8310440110528213,0.9752640736275684,0.08116913161141631,0.19140936602422542,0.6846810719003587,0.18002330780052295
2020-07-30,食用菌,7.0,7,0.2106218499379996,0.7349248600951561,0.9761457348296965,0.1321274978713375,0.2422735261774749,0.8310440110528213,0.08116913161141631
2020-07-31,食用菌,7.0,7,0.20390025617717966,0.7367889968631408,0.9769312423475691,0.14266656310884554,0.2106218499379996,0.7349248600951561,0.1321274978713375
2020-08-01,食用菌,7.0,7,0.2301982343075087,0.79957866513454,0.9776349254887843,0.09231643596725307,0.20390025617717966,0.7367889968631408,0.14266656310884554
2020-08-02,食用菌,8.0,8,0.22157002492526331,0.776405087243682,0.9803295816609426,0.12177308126757726,0.2301982343075087,0.79957866513454,0.09231643596725307
2020-08-03,食用菌,8.0,8,0.21751117321244326,0.7592886222412685,0.9810045771576669,0.11377028148767863,0.22157002492526331,0.776405087243682,0.12177308126757726
2020-08-04,食用菌,7.0,7,0.24760472872241124,0.8420785413125538,0.9251212902356887,0.1066412374179234,0.21751117321244326,0.7592886222412685,0.11377028148767863
2020-08-05,食用菌,7.0,7,0.20780796338067317,0.7382558879694462,0.9424758800675477,0.15614330257943154,0.24760472872241124,0.8420785413125538,0.1066412374179234
2020-08-06,食用菌,8.0,8,0.22517061733911503,0.8011766884038591,0.9826787971260377,0.06094564938451905,0.20780796338067317,0.7382558879694462,0.15614330257943154
2020-08-07,食用菌,11.0,11,0.1468960723699953,0.5593528609355061,0.9681414193679917,0.29644856646240625,0.22517061733911503,0.8011766884038591,0.06094564938451905
2020-08-08,食用菌,12.0,12,0.13574158862596697,0.5356507206112172,0.9976383265856951,0.36906002560967544,0.1468960723699953,0.5593528609355061,0.29644856646240625
2020-08-09,食用菌,10.0,10,0.23495519767815679,0.728148563765002,0.9908135374520708,0.258327267243736,0.13574158862596697,0.5356507206112172,0.36906002560967544
2020-08-10,食用菌,5.0,5,0.279576206711124,0.8982656397185129,0.8488789358659581,0.151121064134042,0.23495519767815679,0.728148563765002,0.258327267243736
2020-08-11,食用菌,5.0,5,0.2965663007021151,0.9279556188619837,0.8515082000560119,0.15716656737183315,0.279576206711124,0.8982656397185129,0.151121064134042
2020-08-12,食用菌,6.0,6,0.2569524557265886,0.8390407954379294,0.8689784618760451,0.22682815161113873,0.2965663007021151,0.9279556188619837,0.15716656737183315
2020-08-13,食用菌,5.0,5,0.27879831294513063,0.9039477774323905,0.8557058895526791,0.14429411044732093,0.2569524557265886,0.8390407954379294,0.22682815161113873
2020-08-14,食用菌,10.0,10,0.17229537651676372,0.6532949158843758,0.986070604782255,0.176914650231238,0.27879831294513063,0.9039477774323905,0.14429411044732093
2020-08-15,食用菌,10.0,10,0.1734459453120747,0.6677066275963113,0.9864054338942775,0.14564660932377177,0.17229537651676372,0.6532949158843758,0.176914650231238
2020-08-16,食用菌,9.0,9,0.20563596513428556,0.757047174777195,0.9584384451351239,0.10037289880168127,0.1734459453120747,0.6677066275963113,0.14564660932377177
2020-08-17,食用菌,9.0,9,0.17855465136071993,0.6668142899320934,0.9594123674375101,0.1647084160478052,0.20563596513428556,0.757047174777195,0.10037289880168127
2020-08-18,食用菌,8.0,8,0.20511065969333614,0.7481844430833844,0.9262945391641952,0.1394083364074071,0.17855465136071993,0.6668142899320934,0.1647084160478052
2020-08-19,食用菌,10.0,10,0.20441030835865012,0.7655308622271875,0.9654593843780876,0.08602792727468267,0.20511065969333614,0.7481844430833844,0.1394083364074071
2020-08-20,食用菌,11.0,11,0.16616029082590306,0.6361948870632776,0.9922127103929286,0.19409951130754372,0.20441030835865012,0.7655308622271875,0.08602792727468267
2020-08-21,食用菌,9.0,9,0.19822037199999998,0.74908,0.9602622009689525,0.09416512094641584,0.16616029082590306,0.6361948870632776,0.19409951130754372
2020-08-22,食用菌,9.0,9,0.19282858367739106,0.7323178675217958,0.9090233236824729,0.15404851059188013,0.19822037199999998,0.74908,0.09416512094641584
2020-08-23,食用菌,8.0,8,0.19479203661870964,0.7036178611523558,0.9066372879231389,0.17368045870886883,0.19282858367739106,0.7323178675217958,0.15404851059188013
2020-08-24,食用菌,9.0,9,0.17959057259221864,0.6959268243379827,0.9618015476433074,0.15950408454475568,0.19479203661870964,0.7036178611523558,0.17368045870886883
2020-08-25,食用菌,9.0,9,0.18284322484931523,0.6988144178534723,0.9623525886764337,0.12111070572708758,0.17959057259221864,0.6959268243379827,0.15950408454475568
2020-08-26,食用菌,9.0,9,0.2221367587504437,0.7996542944570321,0.9305111624111794,0.14605956617900828,0.18284322484931523,0.6988144178534723,0.12111070572708758
2020-08-27,食用菌,9.0,9,0.19176641423300728,0.7044563063609528,0.9631407864462912,0.16264599358481907,0.2221367587504437,0.7996542944570321,0.14605956617900828
2020-08-28,食用菌,11.0,11,0.1443802812558155,0.5703300454553621,0.9932793252752592,0.22291770288557639,0.19176641423300728,0.7044563063609528,0.16264599358481907
2020-08-29,食用菌,11.0,11,0.1494375963638379,0.598452691771716,0.993406306170216,0.18944405819250268,0.1443802812558155,0.5703300454553621,0.22291770288557639
2020-08-30,食用菌,11.0,11,0.15501570340624926,0.5963658719857914,0.9935431456422217,0.25979665254877227,0.1494375963638379,0.598452691771716,0.18944405819250268
2020-08-31,食用菌,9.0,9,0.22252862592708914,0.7980837948901196,0.9014347368513286,0.13123474365700172,0.15501570340624926,0.5963658719857914,0.25979665254877227
2020-09-01,食用菌,9.0,9,0.1982638054836451,0.7242290935239625,0.9574169923233833,0.12379421447927173,0.22252862592708914,0.7980837948901196,0.13123474365700172
2020-09-02,食用菌,10.0,10,0.15023675016826776,0.5608398188625983,0.96633936541938,0.2848612893969441,0.1982638054836451,0.7242290935239625,0.12379421447927173
2020-09-03,食用菌,9.0,9,0.1814414783110898,0.65488030230675,0.929347131683899,0.2745198919155831,0.15023675016826776,0.5608398188625983,0.2848612893969441
2020-09-04,食用菌,10.0,10,0.1656261411966125,0.6436523975748668,0.9575815465075812,0.16412601091418783,0.1814414783110898,0.65488030230675,0.2745198919155831
2020-09-05,食用菌,11.0,11,0.1463242488716021,0.5831709109499313,0.9940420175568576,0.1775498056550256,0.1656261411966125,0.6436523975748668,0.16412601091418783
2020-09-06,食用菌,11.0,11,0.14856114606290788,0.5735548985625446,0.9941520364324326,0.22169033373757444,0.1463242488716021,0.5831709109499313,0.1775498056550256
2020-09-07,食用菌,10.0,10,0.20225704540183653,0.734977514113482,0.9542059149431736,0.13030935299545895,0.14856114606290788,0.5735548985625446,0.22169033373757444
2020-09-08,食用菌,7.0,7,0.2370570688488513,0.7910401679582575,0.9089997928776701,0.2244562520941288,0.20225704540183653,0.734977514113482,0.13030935299545895
2020-09-09,食用菌,9.0,9,0.17696815763661264,0.6450822122571,0.9404856944121375,0.2293077793674186,0.2370570688488513,0.7910401679582575,0.2244562520941288
2020-09-10,食用菌,10.0,10,0.2062893944993063,0.7619380256503395,0.9807533442473131,0.08745069880700398,0.17696815763661264,0.6450822122571,0.2293077793674186
2020-09-11,食用菌,11.0,11,0.1432939282888148,0.5667773949285081,0.9669573109766753,0.23885871736324235,0.2062893944993063,0.7619380256503395,0.08745069880700398
2020-09-12,食用菌,11.0,11,0.15786323974509586,0.5864184876935481,0.9936916989654373,0.21566607316155978,0.1432939282888148,0.5667773949285081,0.23885871736324235
2020-09-13,食用菌,10.0,10,0.2003492529019101,0.6966619451051661,0.9666399787210733,0.19133966144732006,0.15786323974509586,0.5864184876935481,0.21566607316155978
2020-09-14,食用菌,7.0,7,0.24648456234534527,0.8311554884900632,0.8358530030028058,0.18074159761121578,0.2003492529019101,0.6966619451051661,0.19133966144732006
2020-09-15,食用菌,10.0,10,0.1756432833617535,0.6678050892298811,0.9175883739853492,0.17178713574371512,0.24648456234534527,0.8311554884900632,0.18074159761121578
2020-09-16,食用菌,9.0,9,0.18451933529639117,0.685906305593991,0.8996608972822824,0.15873588252537188,0.1756432833617535,0.6678050892298811,0.17178713574371512
2020-09-17,食用菌,9.0,9,0.15883614355071848,0.5848849945235488,0.9121446243248951,0.4180685437803664,0.18451933529639117,0.685906305593991,0.15873588252537188
2020-09-18,食用菌,13.0,13,0.13522468161881654,0.5326344624137387,0.9516119572180726,0.3987704035275661,0.15883614355071848,0.5848849945235488,0.4180685437803664
2020-09-19,食用菌,9.0,9,0.20379050157798406,0.7050314142399808,0.9342967065217502,0.34913703166171806,0.13522468161881654,0.5326344624137387,0.3987704035275661
2020-09-20,食用菌,9.0,9,0.18624460835998635,0.7041253470844901,0.881194931440484,0.16787647432587205,0.20379050157798406,0.7050314142399808,0.34913703166171806
2020-09-21,食用菌,10.0,10,0.19578522298180553,0.643092131152702,0.9292143604284523,0.4203792450718245,0.18624460835998635,0.7041253470844901,0.16787647432587205
2020-09-22,食用菌,12.0,12,0.1728844116262433,0.6117222268872281,0.8853544191673687,0.3199126802262029,0.19578522298180553,0.643092131152702,0.4203792450718245
2020-09-23,食用菌,13.0,13,0.12176223774528022,0.488805285373463,0.9374536308113083,0.4026969278936195,0.1728844116262433,0.6117222268872281,0.3199126802262029
2020-09-24,食用菌,12.0,13,0.16070471629932992,0.5966316681883397,0.8845801128221567,0.2986172206406499,0.12176223774528022,0.488805285373463,0.4026969278936195
2020-09-25,食用菌,15.0,15,0.11909878554694403,0.4973359815883225,0.9425917678918401,0.3686828929069296,0.16070471629932992,0.5966316681883397,0.2986172206406499
2020-09-26,食用菌,15.0,15,0.12301552254196113,0.5185472886694475,0.9434208339688531,0.3574050168475944,0.11909878554694403,0.4973359815883225,0.3686828929069296
2020-09-27,食用菌,15.0,15,0.11054159179786044,0.4590252482583826,0.9443785708267938,0.3783151928649485,0.12301552254196113,0.5185472886694475,0.3574050168475944
2020-09-28,食用菌,13.0,13,0.15350509905839965,0.5839106431053225,0.9380476776351536,0.2293795633502342,0.11054159179786044,0.4590252482583826,0.3783151928649485
2020-09-29,食用菌,13.0,13,0.12265239460057528,0.5066945146751677,0.9366868715291212,0.33798843844935333,0.15350509905839965,0.5839106431053225,0.2293795633502342
2020-09-30,食用菌,13.0,13,0.1693421586788454,0.5844796027474221,0.943435038796622,0.3607502859728317,0.12265239460057528,0.5066945146751677,0.33798843844935333
2020-10-01,食用菌,12.0,12,0.19526728494097867,0.6250132301859923,0.943553777932719,0.30133393672625214,0.1693421586788454,0.5844796027474221,0.3607502859728317
2020-10-02,食用菌,13.0,13,0.11775734754921786,0.46759819069371666,0.9459262322339266,0.38600110835602514,0.19526728494097867,0.6250132301859923,0.30133393672625214
2020-10-03,食用菌,12.0,12,0.14691934500479475,0.5527709318590555,0.8905931691998442,0.26081991269915816,0.11775734754921786,0.46759819069371666,0.38600110835602514
2020-10-04,食用菌,14.0,14,0.26078625573388153,0.6413661929290373,0.9475367909068902,0.4261622736049413,0.14691934500479475,0.5527709318590555,0.26081991269915816
2020-10-05,食用菌,14.0,14,0.15233537429728874,0.5714918035378365,0.9487877576928534,0.307696615573561,0.26078625573388153,0.6413661929290373,0.4261622736049413
2020-10-06,食用菌,14.0,14,0.1999754423915461,0.631909011035072,0.950018626586988,0.34427467492925967,0.15233537429728874,0.5714918035378365,0.307696615573561
2020-10-07,食用菌,13.0,13,0.16674421573694032,0.6151875753845387,0.9504270569632,0.24464786215236073,0.1999754423915461,0.631909011035072,0.34427467492925967
2020-10-08,食用菌,13.0,13,0.7249424732230788,0.9147335671318283,0.9511560930945654,0.8022444416827949,0.16674421573694032,0.6151875753845387,0.24464786215236073
2020-10-09,食用菌,13.0,13,0.14268958447275665,0.5474518844528276,0.9539238658128613,0.340207777182107,0.7249424732230788,0.9147335671318283,0.8022444416827949
2020-10-10,食用菌,13.0,13,0.1844554771607859,0.6560624090969192,0.9543745207506329,0.34926888729901523,0.14268958447275665,0.5474518844528276,0.340207777182107
2020-10-11,食用菌,11.0,11,0.4821601715583125,0.8534558607879559,0.8464799285376645,0.6898964384290143,0.1844554771607859,0.6560624090969192,0.34926888729901523
2020-10-12,食用菌,11.0,11,0.43596457501243685,0.7917956731943158,0.8791990023469266,0.6511844624800482,0.4821601715583125,0.8534558607879559,0.6898964384290143
2020-10-13,食用菌,12.0,12,0.13103806184008038,0.5320172424564253,0.9254180919403618,0.2215943007735876,0.43596457501243685,0.7917956731943158,0.6511844624800482
2020-10-14,食用菌,13.0,13,0.14116005979412513,0.5429144183108842,0.9572221367166424,0.27400400484789267,0.13103806184008038,0.5320172424564253,0.2215943007735876
2020-10-15,食用菌,12.0,12,0.13137773113670748,0.5151968179947881,0.955570739201151,0.35158760469137806,0.14116005979412513,0.5429144183108842,0.27400400484789267
2020-10-16,食用菌,12.0,12,0.16880478999278845,0.6275768211446171,0.948982948669473,0.24072821907469502,0.13137773113670748,0.5151968179947881,0.35158760469137806
2020-10-17,食用菌,13.0,13,0.1764625347368724,0.6371747083592185,0.9565523582259985,0.22761654160277894,0.16880478999278845,0.6275768211446171,0.24072821907469502
2020-10-18,食用菌,13.0,13,0.20987798438387104,0.6321591160220994,0.9573181590817462,0.2935327814389256,0.1764625347368724,0.6371747083592185,0.22761654160277894
2020-10-19,食用菌,11.0,11,0.1342358857746766,0.5238438067811718,0.9074799423605444,0.2578373112447858,0.20987798438387104,0.6321591160220994,0.2935327814389256
2020-10-20,食用菌,12.0,12,0.1357750052162865,0.5534972994688212,0.9213050548911099,0.2806956957288489,0.1342358857746766,0.5238438067811718,0.2578373112447858
2020-10-21,食用菌,10.0,10,0.1387487508832767,0.5467619488897602,0.9013688637965209,0.244152475019245,0.1357750052162865,0.5534972994688212,0.2806956957288489
2020-10-22,食用菌,10.0,10,0.19378817316223038,0.6113235045623522,0.9021771003888588,0.3905646348367428,0.1387487508832767,0.5467619488897602,0.244152475019245
2020-10-23,食用菌,10.0,10,0.15698130801062052,0.5433542053318995,0.9035113116175627,0.3118876236739376,0.19378817316223038,0.6113235045623522,0.3905646348367428
2020-10-24,食用菌,11.0,11,0.1377147693589477,0.5558973914550654,0.9117711568853765,0.33596015998099826,0.15698130801062052,0.5433542053318995,0.3118876236739376
2020-10-25,食用菌,11.0,11,0.12899216849417536,0.5254704301075269,0.9131904461045939,0.2868496357710045,0.1377147693589477,0.5558973914550654,0.33596015998099826
2020-10-26,食用菌,11.0,11,0.12766931913336527,0.49500505107194975,0.9144329554080401,0.27969149242629276,0.12899216849417536,0.5254704301075269,0.2868496357710045
2020-10-27,食用菌,10.0,10,0.12106215931083242,0.4597756069937,0.9085753400133167,0.356763977128733,0.12766931913336527,0.49500505107194975,0.27969149242629276
2020-10-28,食用菌,11.0,11,0.14199600844947233,0.5804868968634908,0.9158081903996771,0.2830002907485939,0.12106215931083242,0.4597756069937,0.356763977128733
2020-10-29,食用菌,11.0,11,0.11546287584222702,0.46942048833450545,0.9166557137270093,0.3624327050098707,0.14199600844947233,0.5804868968634908,0.2830002907485939
2020-10-30,食用菌,12.0,12,0.13158448163369446,0.5271049440926849,0.9175954321329792,0.3247768733278028,0.11546287584222702,0.46942048833450545,0.3624327050098707
2020-10-31,食用菌,12.0,12,0.1488015157223243,0.5391250997900713,0.918397474955875,0.2824460014896608,0.13158448163369446,0.5271049440926849,0.3247768733278028
2020-11-01,食用菌,10.0,10,0.1651605095901625,0.6282869802370923,0.9130876459351631,0.2957093128223155,0.1488015157223243,0.5391250997900713,0.2824460014896608
2020-11-02,食用菌,11.0,11,0.12173151615057336,0.47895200520933084,0.920980013663055,0.33024336317712155,0.1651605095901625,0.6282869802370923,0.2957093128223155
2020-11-03,食用菌,11.0,11,0.12890819435982964,0.5004514776327267,0.9217567155287429,0.32409063589661774,0.12173151615057336,0.47895200520933084,0.33024336317712155
2020-11-04,食用菌,10.0,10,0.5618671427489753,0.8555032251458996,0.9080781452587845,0.6426523815205849,0.12890819435982964,0.5004514776327267,0.32409063589661774
2020-11-05,食用菌,10.0,10,0.4164222536344795,0.7976202464966031,0.9102602148624628,0.5339018239167147,0.5618671427489753,0.8555032251458996,0.6426523815205849
2020-11-06,食用菌,9.0,9,0.16935761087362433,0.5838462302079714,0.8642663820365227,0.3785082448579785,0.4164222536344795,0.7976202464966031,0.5339018239167147
2020-11-07,食用菌,10.0,10,0.172024191705131,0.6049749381590939,0.9124900205236218,0.274386129197281,0.16935761087362433,0.5838462302079714,0.3785082448579785
2020-11-08,食用菌,11.0,11,0.18035551146827258,0.5961828872537994,0.9271784677038334,0.29700166617550705,0.172024191705131,0.6049749381590939,0.274386129197281
2020-11-09,食用菌,11.0,11,0.13182354574260546,0.5277602024675736,0.9282221866859346,0.34741078369960754,0.18035551146827258,0.5961828872537994,0.29700166617550705
2020-11-10,食用菌,11.0,11,0.11943220468763792,0.4740885010906824,0.9287408404241908,0.26800664712749356,0.13182354574260546,0.5277602024675736,0.34741078369960754
2020-11-11,食用菌,10.0,10,0.1279090199628222,0.47203411486615987,0.8865972409832032,0.3837044043153268,0.11943220468763792,0.4740885010906824,0.26800664712749356
2020-11-12,食用菌,13.0,13,0.17074376621199266,0.6070117688184572,0.9298833738603639,0.42428004966571686,0.1279090199628222,0.47203411486615987,0.3837044043153268
2020-11-13,食用菌,11.0,11,0.1637732085652851,0.6207518174833028,0.8881179479296226,0.33228667903186204,0.17074376621199266,0.6070117688184572,0.42428004966571686
2020-11-14,食用菌,11.0,11,0.142578524686121,0.5243067903828953,0.9305678982537313,0.2627194093998394,0.1637732085652851,0.6207518174833028,0.33228667903186204
2020-11-15,食用菌,11.0,11,0.15372497158939946,0.5952973682770696,0.931275503580743,0.3207836429007649,0.142578524686121,0.5243067903828953,0.2627194093998394
2020-11-16,食用菌,11.0,11,0.13228033616372475,0.5082684914371908,0.9318229213085526,0.39743872687139997,0.15372497158939946,0.5952973682770696,0.3207836429007649
2020-11-17,食用菌,11.0,11,0.4980986316662342,0.8156752210578957,0.9322243601859288,0.5721818719381903,0.13228033616372475,0.5082684914371908,0.39743872687139997
2020-11-18,食用菌,11.0,11,0.33435546134380056,0.7181422761355952,0.9331795547119005,0.49551473260221596,0.4980986316662342,0.8156752210578957,0.5721818719381903
2020-11-19,食用菌,10.0,10,0.14595872158900977,0.5160525820348406,0.9275098685673884,0.3675037118213129,0.33435546134380056,0.7181422761355952,0.49551473260221596
2020-11-20,食用菌,11.0,11,0.18111094119283563,0.5947692134070646,0.9345041255274008,0.4163143303518353,0.14595872158900977,0.5160525820348406,0.3675037118213129
2020-11-21,食用菌,11.0,11,0.1500614701045488,0.5850798786175626,0.934986510913765,0.35700334773686554,0.18111094119283563,0.5947692134070646,0.4163143303518353
2020-11-22,食用菌,10.0,10,0.15128074239221972,0.5304769159683804,0.7825580445569825,0.5694469142177554,0.1500614701045488,0.5850798786175626,0.35700334773686554
2020-11-23,食用菌,12.0,12,0.17464898176689186,0.6310396959977118,0.9373061275498139,0.47396967433660214,0.15128074239221972,0.5304769159683804,0.5694469142177554
2020-11-24,食用菌,12.0,12,0.16404091732284087,0.5589447650453421,0.9385154414588485,0.4101335024680692,0.17464898176689186,0.6310396959977118,0.47396967433660214
2020-11-25,食用菌,13.0,13,0.12318137373142272,0.5048597524612632,0.9392200064609733,0.3807223701078115,0.16404091732284087,0.5589447650453421,0.4101335024680692
2020-11-26,食用菌,12.0,12,0.1568698151330647,0.583055243207951,0.9335397588278115,0.46137876772361996,0.12318137373142272,0.5048597524612632,0.3807223701078115
2020-11-27,食用菌,14.0,14,0.1299661457445872,0.5114401791483374,0.940547334933538,0.3193482490738633,0.1568698151330647,0.583055243207951,0.46137876772361996
2020-11-28,食用菌,13.0,13,0.18525116859115268,0.596281788888117,0.9410191468699368,0.4520592275111139,0.1299661457445872,0.5114401791483374,0.3193482490738633
2020-11-29,食用菌,13.0,13,0.14233034590122126,0.5413927165939436,0.9420436036700981,0.42685341305838587,0.18525116859115268,0.596281788888117,0.4520592275111139
2020-11-30,食用菌,13.0,13,0.26510183120150904,0.6708198156957188,0.942934603303421,0.496526337215404,0.14233034590122126,0.5413927165939436,0.42685341305838587
2020-12-01,食用菌,12.0,12,0.14882916071586424,0.5324332919560512,0.9430219273286173,0.3576454668589599,0.26510183120150904,0.6708198156957188,0.496526337215404
2020-12-02,食用菌,12.0,12,0.18112724969072283,0.6438756557965385,0.9435204977974324,0.31595330586401715,0.14882916071586424,0.5324332919560512,0.3576454668589599
2020-12-03,食用菌,11.0,11,0.16928097036639617,0.6519020483597721,0.9294825391256162,0.26958586902815956,0.18112724969072283,0.6438756557965385,0.31595330586401715
2020-12-04,食用菌,13.0,13,0.14996214636824787,0.5889064261555805,0.9306573081758971,0.32590043306910377,0.16928097036639617,0.6519020483597721,0.26958586902815956
2020-12-05,食用菌,14.0,14,0.13805597676241316,0.5442900325581093,0.9324723138620357,0.24520786016371326,0.14996214636824787,0.5889064261555805,0.32590043306910377
2020-12-06,食用菌,13.0,13,0.17028885838752983,0.6455981941309256,0.9330765964902299,0.27620477067662685,0.13805597676241316,0.5442900325581093,0.24520786016371326
2020-12-07,食用菌,15.0,15,0.13141875229574068,0.5137215767339083,0.9467859893197716,0.302663450398967,0.17028885838752983,0.6455981941309256,0.27620477067662685
2020-12-08,食用菌,16.0,16,0.12378028052494937,0.5183874736038101,0.9569076254217201,0.27814699844292345,0.13141875229574068,0.5137215767339083,0.302663450398967
2020-12-09,食用菌,17.0,17,0.16615056194827546,0.6374432413552218,0.9632495373223843,0.37696851378476615,0.12378028052494937,0.5183874736038101,0.27814699844292345
2020-12-10,食用菌,18.0,18,0.12942885888473935,0.5262937853107343,0.9638705609111876,0.2674381163378481,0.16615056194827546,0.6374432413552218,0.37696851378476615
2020-12-11,食用菌,18.0,18,0.0971506304245679,0.41412931350038273,0.9636529171634374,0.31990608863045666,0.12942885888473935,0.5262937853107343,0.2674381163378481
2020-12-12,食用菌,21.0,21,0.13411580166941892,0.5451575343656048,0.9659265151135153,0.26254918003911953,0.0971506304245679,0.41412931350038273,0.31990608863045666
2020-12-13,食用菌,19.0,19,0.11559881705222642,0.5020477434172417,0.9644718947050774,0.3569241958448006,0.13411580166941892,0.5451575343656048,0.26254918003911953
2020-12-14,食用菌,15.0,15,0.1339760307460051,0.5467105020132246,0.8026667487496164,0.3866614574479492,0.11559881705222642,0.5020477434172417,0.3569241958448006
2020-12-15,食用菌,17.0,17,0.1147364764086341,0.4894053700508587,0.9643506795334101,0.4195194105912658,0.1339760307460051,0.5467105020132246,0.3866614574479492
2020-12-16,食用菌,17.0,17,0.11116552270568554,0.4779280978817443,0.9619883956386293,0.3151246491402168,0.1147364764086341,0.4894053700508587,0.4195194105912658
2020-12-17,食用菌,18.0,18,0.10556023647170545,0.450637167460185,0.9623170194201551,0.35170086493224606,0.11116552270568554,0.4779280978817443,0.3151246491402168
2020-12-18,食用菌,17.0,17,0.17051142278924153,0.6100438914726839,0.8056686603087176,0.40614425228470546,0.10556023647170545,0.450637167460185,0.35170086493224606
2020-12-19,食用菌,15.0,15,0.15470050750543377,0.5789514979534726,0.7684226602119912,0.4083645308627983,0.17051142278924153,0.6100438914726839,0.40614425228470546
2020-12-20,食用菌,15.0,16,0.14880462343595752,0.5696433092351402,0.807688824707381,0.3381236565217511,0.15470050750543377,0.5789514979534726,0.4083645308627983
2020-12-21,食用菌,13.0,13,0.18920355910332226,0.6575583851306499,0.5905423568490946,0.4965959904575066,0.14880462343595752,0.5696433092351402,0.3381236565217511
2020-12-22,食用菌,15.0,15,0.13824553931966166,0.5329107293947004,0.8115397282290829,0.41850117071266074,0.18920355910332226,0.6575583851306499,0.4965959904575066
2020-12-23,食用菌,15.0,15,0.11854489762616521,0.4844751990932681,0.7726617082049085,0.3699205632888561,0.13824553931966166,0.5329107293947004,0.41850117071266074
2020-12-24,食用菌,15.0,15,0.12304746994306523,0.5042831440156824,0.8134277925275263,0.3679225565661396,0.11854489762616521,0.4844751990932681,0.3699205632888561
2020-12-25,食用菌,16.0,16,0.187164493626021,0.6515042667329114,0.8148443437874674,0.4144174459714223,0.12304746994306523,0.5042831440156824,0.3679225565661396
2020-12-26,食用菌,16.0,16,0.1361235743665859,0.5413851786911454,0.8187463714257617,0.3654069743626748,0.187164493626021,0.6515042667329114,0.4144174459714223
2020-12-27,食用菌,15.0,15,0.17804899572017477,0.6047071272528673,0.8185745908059336,0.37664351152251696,0.1361235743665859,0.5413851786911454,0.3654069743626748
2020-12-28,食用菌,13.0,13,0.1458248045718931,0.5813829017792564,0.8020313878841,0.36031437024381896,0.17804899572017477,0.6047071272528673,0.37664351152251696
2020-12-29,食用菌,16.0,16,0.10692901964237388,0.4567403668688087,0.8181659354880692,0.3128014473896215,0.1458248045718931,0.5813829017792564,0.36031437024381896
2020-12-30,食用菌,16.0,16,0.11695797223249219,0.48948608858008646,0.8211107845531558,0.333321015619322,0.10692901964237388,0.4567403668688087,0.3128014473896215
2020-12-31,食用菌,15.0,15,0.11227087959516403,0.4676922563250724,0.8186895065451344,0.3685483095978207,0.11695797223249219,0.48948608858008646,0.333321015619322
2021-01-01,食用菌,14.0,14,0.12544700234172657,0.5112229898574159,0.7356843351393546,0.41900416946433683,0.11227087959516403,0.4676922563250724,0.3685483095978207
2021-01-02,食用菌,14.0,14,0.15390448715596106,0.6064483335816383,0.7381897364137063,0.4305393368589374,0.12544700234172657,0.5112229898574159,0.41900416946433683
2021-01-03,食用菌,16.0,16,0.13308270438385167,0.5606987069637015,0.7425083071057589,0.36432151016597825,0.15390448715596106,0.6064483335816383,0.4305393368589374
2021-01-04,食用菌,15.0,15,0.11467298390682004,0.44393164920581274,0.7421089453796182,0.4098408020686185,0.13308270438385167,0.5606987069637015,0.36432151016597825
2021-01-05,食用菌,15.0,15,0.13373236572021835,0.5314768663993932,0.7434452442463267,0.4314392228656428,0.11467298390682004,0.44393164920581274,0.4098408020686185
2021-01-06,食用菌,15.0,15,0.1476121471693441,0.5549163114927247,0.7446106362538116,0.4350778316436923,0.13373236572021835,0.5314768663993932,0.4314392228656428
2021-01-07,食用菌,14.0,14,0.1763434030254082,0.6291806553057668,0.7132615770406007,0.451282335837423,0.1476121471693441,0.5549163114927247,0.4350778316436923
2021-01-08,食用菌,15.0,15,0.13410130933269723,0.5199690316872201,0.7425562028881308,0.4198483641297302,0.1763434030254082,0.6291806553057668,0.451282335837423
2021-01-09,食用菌,15.0,15,0.13292188189666201,0.5403941987014086,0.7438509816081793,0.36808111965842744,0.13410130933269723,0.5199690316872201,0.4198483641297302
2021-01-10,食用菌,16.0,16,0.13208043020870414,0.49506471671039093,0.7521058552725296,0.36967186089716375,0.13292188189666201,0.5403941987014086,0.36808111965842744
2021-01-11,食用菌,14.0,14,0.12215001437258764,0.49002081547691934,0.7457147707622627,0.3681757758163021,0.13208043020870414,0.49506471671039093,0.36967186089716375
2021-01-12,食用菌,15.0,15,0.14170071834315381,0.5294270158154006,0.7488434593661535,0.3430898181256049,0.12215001437258764,0.49002081547691934,0.3681757758163021
2021-01-13,食用菌,13.0,13,0.15959074819980487,0.5685279849773095,0.7450635175350344,0.4048639406548136,0.14170071834315381,0.5294270158154006,0.3430898181256049
2021-01-14,食用菌,14.0,14,0.1819910390335513,0.5862590998249148,0.7486899032455561,0.3899534931217325,0.15959074819980487,0.5685279849773095,0.4048639406548136
2021-01-15,食用菌,15.0,15,0.14855979140193673,0.5069587603444364,0.7517750528463409,0.3666529016284126,0.1819910390335513,0.5862590998249148,0.3899534931217325
2021-01-16,食用菌,15.0,15,0.14339756265349368,0.5453721294537213,0.7529910021052371,0.39316385632769213,0.14855979140193673,0.5069587603444364,0.3666529016284126
2021-01-17,食用菌,16.0,16,0.11565625733194813,0.48149011958273247,0.7614888779230833,0.36056814107715063,0.14339756265349368,0.5453721294537213,0.39316385632769213
2021-01-18,食用菌,15.0,15,0.09952111678639473,0.41308663762201503,0.7609588387048614,0.33244672020210486,0.11565625733194813,0.48149011958273247,0.36056814107715063
2021-01-19,食用菌,16.0,16,0.13333440641904148,0.5179024868670311,0.7683484211733898,0.41609681960743594,0.09952111678639473,0.41308663762201503,0.33244672020210486
2021-01-20,食用菌,16.0,16,0.10559092308491685,0.4429663489809277,0.7692327968611388,0.3128947356245106,0.13333440641904148,0.5179024868670311,0.41609681960743594
2021-01-21,食用菌,16.0,16,0.1001996042112796,0.4297525907352451,0.7699972250743455,0.3863074286593745,0.10559092308491685,0.4429663489809277,0.3128947356245106
2021-01-22,食用菌,15.0,15,0.1311647275641976,0.5578854903374026,0.7682770417159867,0.5521046585654494,0.1001996042112796,0.4297525907352451,0.3863074286593745
2021-01-23,食用菌,16.0,16,0.13095265882325652,0.5286033985415374,0.5748456984356536,0.5437448842003871,0.1311647275641976,0.5578854903374026,0.5521046585654494
2021-01-24,食用菌,16.0,16,0.11939052369526575,0.4925742961214376,0.7732260801409321,0.5596490742557237,0.13095265882325652,0.5286033985415374,0.5437448842003871
2021-01-25,食用菌,15.0,15,0.12005025724865963,0.48513575003791887,0.770534582671703,0.5053795469367582,0.11939052369526575,0.4925742961214376,0.5596490742557237
2021-01-26,食用菌,15.0,15,0.18196701062738482,0.623564667833724,0.7501538285709682,0.44941670950291784,0.12005025724865963,0.48513575003791887,0.5053795469367582
2021-01-27,食用菌,14.0,14,0.1655670884070679,0.576437162087609,0.7617423778499205,0.3897848451210896,0.18196701062738482,0.623564667833724,0.44941670950291784
2021-01-28,食用菌,17.0,17,0.1079796135476992,0.47116537126051866,0.7847323140387816,0.4798833005927375,0.1655670884070679,0.576437162087609,0.3897848451210896
2021-01-29,食用菌,15.0,15,0.14623087801918822,0.5395245513819168,0.578445555091207,0.5134971310158024,0.1079796135476992,0.47116537126051866,0.4798833005927375
2021-01-30,食用菌,17.0,17,0.1318944915219642,0.5312420972772486,0.5529414004289058,0.536993819353557,0.14623087801918822,0.5395245513819168,0.5134971310158024
2021-01-31,食用菌,16.0,16,0.12823469341105698,0.4817102000250876,0.5867608001791748,0.5263812143418912,0.1318944915219642,0.5312420972772486,0.536993819353557
2021-02-01,食用菌,15.0,15,0.14066420001259755,0.550440411444786,0.5883677959695139,0.47020449476114734,0.12823469341105698,0.4817102000250876,0.5263812143418912
2021-02-02,食用菌,14.0,14,0.14003735585894056,0.5602966563692532,0.741375745540911,0.5293122538870796,0.14066420001259755,0.550440411444786,0.47020449476114734
2021-02-03,食用菌,14.0,14,0.15886757325219056,0.6062431909642707,0.5876551120479985,0.5718387182947473,0.14003735585894056,0.5602966563692532,0.5293122538870796
2021-02-04,食用菌,16.0,16,0.1356621363937415,0.5280681378242353,0.7813509237096025,0.5726661177340276,0.15886757325219056,0.6062431909642707,0.5718387182947473
2021-02-05,食用菌,12.0,12,0.1626336299449423,0.5626955955556489,0.6893485379511587,0.5556877397990285,0.1356621363937415,0.5280681378242353,0.5726661177340276
2021-02-06,食用菌,14.0,14,0.13784956686757543,0.5204685202513032,0.5924718679247368,0.5016961112349314,0.1626336299449423,0.5626955955556489,0.5556877397990285
2021-02-07,食用菌,15.0,15,0.14555174905727358,0.5719089113197846,0.6025509007786288,0.568171339189146,0.13784956686757543,0.5204685202513032,0.5016961112349314
2021-02-08,食用菌,13.0,13,0.13327896388724023,0.48678004204741787,0.5617000072372712,0.511240841067429,0.14555174905727358,0.5719089113197846,0.568171339189146
2021-02-09,食用菌,14.0,14,0.16332679925075483,0.6054992002886912,0.6014953924446037,0.5473149869941908,0.13327896388724023,0.48678004204741787,0.511240841067429
2021-02-10,食用菌,15.0,15,0.12741906722272628,0.4966975521192011,0.6096274457377107,0.45816967266394015,0.16332679925075483,0.6054992002886912,0.5473149869941908
2021-02-13,食用菌,8.0,8,0.30444719104658,0.859981515711645,0.42101757654035915,0.622460538579197,,,
2021-02-14,食用菌,14.0,14,0.11777728020078285,0.477713778814723,0.7341937986460026,0.4633676347698651,0.30444719104658,0.859981515711645,0.622460538579197
2021-02-15,食用菌,16.0,16,0.11802383738312747,0.504916087472453,0.6290862430625901,0.5194257924081379,0.11777728020078285,0.477713778814723,0.4633676347698651
2021-02-16,食用菌,15.0,15,0.1373414574139209,0.5297691999312755,0.6308889612576623,0.6029031185791239,0.11802383738312747,0.504916087472453,0.5194257924081379
2021-02-17,食用菌,15.0,15,0.1215918335638698,0.5059567796785756,0.6070511277950504,0.487234924191732,0.1373414574139209,0.5297691999312755,0.6029031185791239
2021-02-18,食用菌,16.0,16,0.12721601112808362,0.5307818765652128,0.8124898812059898,0.3237177429097114,0.1215918335638698,0.5059567796785756,0.487234924191732
2021-02-19,食用菌,13.0,13,0.18593909607581594,0.6560594409002783,0.602568176170045,0.5912352885168376,0.12721601112808362,0.5307818765652128,0.3237177429097114
2021-02-20,食用菌,14.0,14,0.13218331656616925,0.533065297204766,0.7722502678549797,0.4952253746672114,0.18593909607581594,0.6560594409002783,0.5912352885168376
2021-02-21,食用菌,13.0,13,0.14284703243281252,0.5731773358689218,0.606449330121014,0.5145048649599282,0.13218331656616925,0.533065297204766,0.4952253746672114
2021-02-22,食用菌,12.0,12,0.12505055938381462,0.5006460918953031,0.6217763723829366,0.4895437416597586,0.14284703243281252,0.5731773358689218,0.5145048649599282
2021-02-23,食用菌,12.0,12,0.1196438710198934,0.47689016059598377,0.6231478125362535,0.5217020943522602,0.12505055938381462,0.5006460918953031,0.4895437416597586
2021-02-24,食用菌,11.0,11,0.13110574804804875,0.5036890959164938,0.59072033700207,0.5179627344755119,0.1196438710198934,0.47689016059598377,0.5217020943522602
2021-02-25,食用菌,13.0,13,0.16546505633295028,0.5983791166547573,0.60127789208634,0.5205215301877576,0.13110574804804875,0.5036890959164938,0.5179627344755119
2021-02-26,食用菌,11.0,11,0.1701634979596892,0.6262057623580759,0.5829783876169112,0.5885755312745786,0.16546505633295028,0.5983791166547573,0.5205215301877576
2021-02-27,食用菌,13.0,13,0.13032712242525457,0.531134966699197,0.7934365236193601,0.40693192152067237,0.1701634979596892,0.6262057623580759,0.5885755312745786
2021-02-28,食用菌,12.0,12,0.1352645719576186,0.5371854980136717,0.752806503587736,0.3401243017416932,0.13032712242525457,0.531134966699197,0.40693192152067237
2021-03-01,食用菌,12.0,12,0.1442294854867341,0.5738124023978641,0.7293463815744115,0.4000733961666096,0.1352645719576186,0.5371854980136717,0.3401243017416932
2021-03-02,食用菌,14.0,14,0.14254015529525713,0.5316066017664882,0.805145402494763,0.340695432521926,0.1442294854867341,0.5738124023978641,0.4000733961666096
2021-03-03,食用菌,13.0,13,0.1186261213989514,0.4862235487913047,0.7504411337237002,0.35206584138522445,0.14254015529525713,0.5316066017664882,0.340695432521926
2021-03-04,食用菌,12.0,12,0.1253937576623607,0.49585317049610156,0.7182258079704337,0.373918980887462,0.1186261213989514,0.4862235487913047,0.35206584138522445
2021-03-05,食用菌,12.0,12,0.12406186768906034,0.5080704728461586,0.7439237446058211,0.36017820915323245,0.1253937576623607,0.49585317049610156,0.373918980887462
2021-03-06,食用菌,12.0,12,0.1395261784307491,0.5861428174639914,0.7452157668581045,0.35919118133408134,0.12406186768906034,0.5080704728461586,0.36017820915323245
2021-03-07,食用菌,12.0,12,0.13109996024567014,0.5385161208023728,0.747067688331983,0.358829471160337,0.1395261784307491,0.5861428174639914,0.35919118133408134
2021-03-08,食用菌,12.0,12,0.1396395219881833,0.5103720735254887,0.7486100615915101,0.3219916372305539,0.13109996024567014,0.5385161208023728,0.358829471160337
2021-03-09,食用菌,10.0,10,0.4039089092110208,0.8166203287552871,0.6754605048947309,0.5859059899147196,0.1396395219881833,0.5103720735254887,0.3219916372305539
2021-03-10,食用菌,12.0,12,0.3022950419238732,0.7608539687370917,0.7512688086095455,0.4669171220893427,0.4039089092110208,0.8166203287552871,0.5859059899147196
2021-03-11,食用菌,13.0,13,0.1727450973801227,0.6631291651761464,0.8061356632783526,0.5043572095154409,0.3022950419238732,0.7608539687370917,0.4669171220893427
2021-03-12,食用菌,14.0,14,0.16406375545631535,0.6398874536993067,0.8150335198902101,0.505454862197305,0.1727450973801227,0.6631291651761464,0.5043572095154409
2021-03-13,食用菌,13.0,13,0.14520167115755694,0.5686349580326904,0.7610631604843802,0.39859509471415616,0.16406375545631535,0.6398874536993067,0.505454862197305
2021-03-14,食用菌,11.0,11,0.15703990732269463,0.5642659644502962,0.6509705820356604,0.410504144669929,0.14520167115755694,0.5686349580326904,0.39859509471415616
2021-03-15,食用菌,12.0,12,0.14110075893741375,0.524404423224402,0.6609222851138269,0.40225485786723875,0.15703990732269463,0.5642659644502962,0.410504144669929
2021-03-16,食用菌,11.0,11,0.18734591675108897,0.6904602622424405,0.6669889272473682,0.4321990592208679,0.14110075893741375,0.524404423224402,0.40225485786723875
2021-03-17,食用菌,12.0,12,0.1322646871300838,0.5143882441118355,0.7160075967411847,0.32082959443913567,0.18734591675108897,0.6904602622424405,0.4321990592208679
2021-03-18,食用菌,11.0,11,0.1348178222086062,0.5395490145188623,0.7092284238331406,0.3802634219897063,0.1322646871300838,0.5143882441118355,0.32082959443913567
2021-03-19,食用菌,11.0,11,0.17459920446811078,0.6578441156477344,0.7015737847420808,0.4063334863375684,0.1348178222086062,0.5395490145188623,0.3802634219897063
2021-03-20,食用菌,12.0,12,0.12993453073004219,0.5259403120346993,0.7185647973727587,0.3505590945482618,0.17459920446811078,0.6578441156477344,0.4063334863375684
2021-03-21,食用菌,12.0,12,0.14040367005099758,0.5555262658428057,0.7198233879641744,0.37595749846161614,0.12993453073004219,0.5259403120346993,0.3505590945482618
2021-03-22,食用菌,11.0,11,0.15129311586188432,0.5777391784931805,0.6805400921145547,0.36457084559510256,0.14040367005099758,0.5555262658428057,0.37595749846161614
2021-03-23,食用菌,13.0,13,0.17237241080848328,0.6757587080167726,0.7292695079539622,0.4228619246866285,0.15129311586188432,0.5777391784931805,0.36457084559510256
2021-03-24,食用菌,12.0,12,0.12816538421700246,0.5107776185257005,0.722054714453698,0.2985332883065705,0.17237241080848328,0.6757587080167726,0.4228619246866285
2021-03-25,食用菌,14.0,14,0.11649468877146346,0.4984005118362125,0.7308242519087231,0.33126569767061703,0.12816538421700246,0.5107776185257005,0.2985332883065705
2021-03-26,食用菌,14.0,14,0.15477812401813584,0.608950546407489,0.7314580696966363,0.46926315762712395,0.11649468877146346,0.4984005118362125,0.33126569767061703
2021-03-27,食用菌,11.0,11,0.18324538712327348,0.7116148976887973,0.7093972667082572,0.47295455950653226,0.15477812401813584,0.608950546407489,0.46926315762712395
2021-03-28,食用菌,13.0,13,0.13277792923117596,0.5468539507481185,0.7265425709997996,0.3329283737473178,0.18324538712327348,0.7116148976887973,0.47295455950653226
2021-03-29,食用菌,11.0,11,0.16251337683565145,0.5898535719568111,0.7096480617324452,0.40082170848725945,0.13277792923117596,0.5468539507481185,0.3329283737473178
2021-03-30,食用菌,10.0,10,0.18381785404693665,0.6266604448592317,0.6794387199371713,0.3932073428549463,0.16251337683565145,0.5898535719568111,0.40082170848725945
2021-03-31,食用菌,10.0,10,0.1624506363611145,0.6034953092772073,0.6703870123267894,0.3648765454706225,0.18381785404693665,0.6266604448592317,0.3932073428549463
2021-04-01,食用菌,12.0,12,0.11765341266699639,0.45928784352158114,0.6931018914498637,0.3180601877602542,0.1624506363611145,0.6034953092772073,0.3648765454706225
2021-04-02,食用菌,13.0,13,0.14149614024076654,0.5684908510995467,0.7355061425330464,0.35256412791917807,0.11765341266699639,0.45928784352158114,0.3180601877602542
2021-04-03,食用菌,11.0,11,0.15113818504387297,0.5900755415613724,0.6637124950132328,0.3744266368792735,0.14149614024076654,0.5684908510995467,0.35256412791917807
2021-04-04,食用菌,11.0,12,0.15830991435031577,0.6263995190042088,0.6984443843511757,0.33632025634391827,0.15113818504387297,0.5900755415613724,0.3744266368792735
2021-04-05,食用菌,11.0,11,0.15095546136708193,0.5909565166277241,0.6991423738202994,0.3298195192956789,0.15830991435031577,0.6263995190042088,0.33632025634391827
2021-04-06,食用菌,8.0,8,0.21181878213133581,0.7087653157398681,0.5491016012399446,0.49572596928081547,0.15095546136708193,0.5909565166277241,0.3298195192956789
2021-04-07,食用菌,13.0,13,0.10575091468444599,0.4447738747448705,0.7425752226327276,0.304039650031825,0.21181878213133581,0.7087653157398681,0.49572596928081547
2021-04-08,食用菌,10.0,10,0.14845983956535233,0.5756670705249218,0.5504318351338516,0.45301485779993894,0.10575091468444599,0.4447738747448705,0.304039650031825
2021-04-09,食用菌,8.0,8,0.20780662353060536,0.7156141524155282,0.6136691272458957,0.40323296461538255,0.14845983956535233,0.5756670705249218,0.45301485779993894
2021-04-10,食用菌,9.0,9,0.17790911469280876,0.6671255826297543,0.6783266740407011,0.35082088860046695,0.20780662353060536,0.7156141524155282,0.40323296461538255
2021-04-11,食用菌,9.0,9,0.1580991506939706,0.5973608720596673,0.669962843683162,0.3446449590195762,0.17790911469280876,0.6671255826297543,0.35082088860046695
2021-04-12,食用菌,12.0,12,0.11770291680484976,0.45531757754800584,0.7092173591553109,0.36019294340397434,0.1580991506939706,0.5973608720596673,0.3446449590195762
2021-04-13,食用菌,10.0,10,0.13808129015851958,0.5190679553457705,0.7090244958176732,0.3593083121722622,0.11770291680484976,0.45531757754800584,0.36019294340397434
2021-04-14,食用菌,11.0,11,0.1292659939963504,0.5327276681083433,0.7054353942355839,0.3429918825032971,0.13808129015851958,0.5190679553457705,0.3593083121722622
2021-04-15,食用菌,11.0,11,0.11599315009461181,0.46896622156407175,0.7182241721358431,0.34201782374017764,0.1292659939963504,0.5327276681083433,0.3429918825032971
2021-04-16,食用菌,11.0,11,0.13660300428193697,0.5132719331990677,0.7063612858396263,0.40603568447002264,0.11599315009461181,0.46896622156407175,0.34201782374017764
2021-04-17,食用菌,13.0,13,0.1540847313400186,0.6206560571614159,0.7441115605911646,0.3083559022574982,0.13660300428193697,0.5132719331990677,0.40603568447002264
2021-04-18,食用菌,13.0,13,0.13941593133408775,0.5681982793647429,0.787203621373421,0.3166538384889137,0.1540847313400186,0.6206560571614159,0.3083559022574982
2021-04-19,食用菌,11.0,11,0.18377700025533833,0.6431818808034607,0.696926450504224,0.37654534248619254,0.13941593133408775,0.5681982793647429,0.3166538384889137
2021-04-20,食用菌,10.0,10,0.16778640516528281,0.6424530556957317,0.6903784834622099,0.3651783559830639,0.18377700025533833,0.6431818808034607,0.37654534248619254
2021-04-21,食用菌,11.0,11,0.1286370546695407,0.5316117542297418,0.7211710604879839,0.28226024556664714,0.16778640516528281,0.6424530556957317,0.3651783559830639
2021-04-22,食用菌,12.0,12,0.12315433567431569,0.4937562437562438,0.7813456010563773,0.2922082631096798,0.1286370546695407,0.5316117542297418,0.28226024556664714
2021-04-23,食用菌,14.0,14,0.10366721446599697,0.42952363098585683,0.7911943506139576,0.23676579834680575,0.12315433567431569,0.4937562437562438,0.2922082631096798
2021-04-24,食用菌,12.0,12,0.13590920174297016,0.5582188295165394,0.72318196073834,0.3348267910438423,0.10366721446599697,0.42952363098585683,0.23676579834680575
2021-04-25,食用菌,9.0,9,0.1680376077581583,0.588984399872652,0.6582660291144578,0.38340543962329854,0.13590920174297016,0.5582188295165394,0.3348267910438423
2021-04-26,食用菌,11.0,11,0.1362148218648341,0.5255134788189988,0.6892112433913914,0.4064112278764491,0.1680376077581583,0.588984399872652,0.38340543962329854
2021-04-27,食用菌,9.0,9,0.1631364766033724,0.6285276073619632,0.6271322670348601,0.3737448551555901,0.1362148218648341,0.5255134788189988,0.4064112278764491
2021-04-28,食用菌,12.0,12,0.12570772650655507,0.46518649547104207,0.7481398661823331,0.34022617457115534,0.1631364766033724,0.6285276073619632,0.3737448551555901
2021-04-29,食用菌,11.0,11,0.13054086430473508,0.5247170547677898,0.6957205524112683,0.30700091671222124,0.12570772650655507,0.46518649547104207,0.34022617457115534
2021-04-30,食用菌,12.0,12,0.1686741366328668,0.6277005379030599,0.6029177810647506,0.4050570956140075,0.13054086430473508,0.5247170547677898,0.30700091671222124
2021-05-01,食用菌,10.0,10,0.25134310724034853,0.7394213737453257,0.5670490110595121,0.5017779687819792,0.1686741366328668,0.6277005379030599,0.4050570956140075
2021-05-02,食用菌,9.0,9,0.19170099996703122,0.6745379201473394,0.5557264128294792,0.4941697046206209,0.25134310724034853,0.7394213737453257,0.5017779687819792
2021-05-03,食用菌,7.0,7,0.16628806190970205,0.5998181652877533,0.625812222814841,0.38179522173502417,0.19170099996703122,0.6745379201473394,0.4941697046206209
2021-05-04,食用菌,8.0,8,0.1663483818741914,0.6269727739605562,0.6555965848720637,0.3905194172449338,0.16628806190970205,0.5998181652877533,0.38179522173502417
2021-05-05,食用菌,10.0,10,0.267043143398608,0.7017822886094214,0.7418679700075419,0.42621869370795923,0.1663483818741914,0.6269727739605562,0.3905194172449338
2021-05-06,食用菌,8.0,8,0.18016455855462682,0.6019475357710652,0.6371336954493845,0.42023826786089113,0.267043143398608,0.7017822886094214,0.42621869370795923
2021-05-07,食用菌,10.0,10,0.12044671655207204,0.46131613374304054,0.7429325276056867,0.31214130788923233,0.18016455855462682,0.6019475357710652,0.42023826786089113
2021-05-08,食用菌,9.0,9,0.16528461733634991,0.6466808105033361,0.6888276148717521,0.3549128926810094,0.12044671655207204,0.46131613374304054,0.31214130788923233
2021-05-09,食用菌,11.0,11,0.1371360011706524,0.5156796006353529,0.7354254751498086,0.3425541796128942,0.16528461733634991,0.6466808105033361,0.3549128926810094
2021-05-10,食用菌,8.0,8,0.21545398120185713,0.7276270480947516,0.5623304909992793,0.5216214429960178,0.1371360011706524,0.5156796006353529,0.3425541796128942
2021-05-11,食用菌,9.0,9,0.13947741715607592,0.5350417525947463,0.6471623556434383,0.3692611364076443,0.21545398120185713,0.7276270480947516,0.5216214429960178
2021-05-12,食用菌,9.0,9,0.13175049395140756,0.4917472598323662,0.6972447903994226,0.3988165455505917,0.13947741715607592,0.5350417525947463,0.3692611364076443
2021-05-13,食用菌,9.0,9,0.17786902776178914,0.6017537326065612,0.6980594758909147,0.3710164570977606,0.13175049395140756,0.4917472598323662,0.3988165455505917
2021-05-14,食用菌,8.0,8,0.17679025861657904,0.6459091712316664,0.6126530084749712,0.45422573432263635,0.17786902776178914,0.6017537326065612,0.3710164570977606
2021-05-15,食用菌,11.0,11,0.159383071158623,0.6069254185692541,0.7395491726573977,0.3645686188478749,0.17679025861657904,0.6459091712316664,0.45422573432263635
2021-05-16,食用菌,10.0,10,0.14088258590125627,0.5513766315089134,0.730945259407493,0.3972604412201829,0.159383071158623,0.6069254185692541,0.3645686188478749
2021-05-17,食用菌,7.0,7,0.19321942164311157,0.6821590953250689,0.5829357647715664,0.4498572779021174,0.14088258590125627,0.5513766315089134,0.3972604412201829
2021-05-18,食用菌,8.0,8,0.1730927128369405,0.6193917710196779,0.5938508938337821,0.44749019983669985,0.19321942164311157,0.6821590953250689,0.4498572779021174
2021-05-19,食用菌,10.0,10,0.16234556997525906,0.6008750607681088,0.6519840821919398,0.4274637386278225,0.1730927128369405,0.6193917710196779,0.44749019983669985
2021-05-20,食用菌,12.0,12,0.12459104804614109,0.5107766904177631,0.7218393030989294,0.37295254820062657,0.16234556997525906,0.6008750607681088,0.4274637386278225
2021-05-21,食用菌,12.0,12,0.1571733621052022,0.586818641419248,0.7225443894058978,0.39124070328663946,0.12459104804614109,0.5107766904177631,0.37295254820062657
2021-05-22,食用菌,9.0,9,0.16972501669820936,0.6233454205690641,0.5443229844426657,0.4556770155573342,0.1571733621052022,0.586818641419248,0.39124070328663946
2021-05-23,食用菌,10.0,10,0.13363774131703035,0.520261605539882,0.6455908978806061,0.40039346589412017,0.16972501669820936,0.6233454205690641,0.4556770155573342
2021-05-24,食用菌,10.0,10,0.1606706615931441,0.602258424137807,0.5850224555495169,0.4866343828205821,0.13363774131703035,0.520261605539882,0.40039346589412017
2021-05-25,食用菌,9.0,9,0.1588075861871887,0.6108836625526701,0.6149306224871005,0.4052594795525742,0.1606706615931441,0.602258424137807,0.4866343828205821
2021-05-26,食用菌,11.0,11,0.11629399520389677,0.46738425625729474,0.6777817574697337,0.4052159807293334,0.1588075861871887,0.6108836625526701,0.4052594795525742
2021-05-27,食用菌,9.0,9,0.1895867686877658,0.6848781573383776,0.44626497331855114,0.5537350266814489,0.11629399520389677,0.46738425625729474,0.4052159807293334
2021-05-28,食用菌,10.0,10,0.1718137067601417,0.6628882165970973,0.6508055408968162,0.4388694812748952,0.1895867686877658,0.6848781573383776,0.5537350266814489
2021-05-29,食用菌,12.0,12,0.1398534841716232,0.54900410076157,0.6564552186459724,0.4357619951127134,0.1718137067601417,0.6628882165970973,0.4388694812748952
2021-05-30,食用菌,7.0,7,0.2483379653269598,0.7799272170082359,0.5052625231356104,0.5275798090049193,0.1398534841716232,0.54900410076157,0.4357619951127134
2021-05-31,食用菌,11.0,11,0.15385490716310007,0.5781806116908971,0.7398648916993189,0.31425870417444723,0.2483379653269598,0.7799272170082359,0.5275798090049193
2021-06-01,食用菌,13.0,13,0.14203104113775739,0.5451764286562907,0.7501668847176681,0.39559180559954,0.15385490716310007,0.5781806116908971,0.31425870417444723
2021-06-02,食用菌,13.0,13,0.1367770161611915,0.5468820204791071,0.7723013909647778,0.33990459638998544,0.14203104113775739,0.5451764286562907,0.39559180559954
2021-06-03,食用菌,13.0,13,0.15619291383579084,0.587869231577841,0.7738438551590172,0.36294014257254315,0.1367770161611915,0.5468820204791071,0.33990459638998544
2021-06-04,食用菌,13.0,13,0.16248558807972666,0.584138450629321,0.781312582389973,0.37054635855289053,0.15619291383579084,0.587869231577841,0.36294014257254315
2021-06-05,食用菌,12.0,12,0.1372985250539458,0.5199415825809878,0.7062755531611195,0.4548401200371429,0.16248558807972666,0.584138450629321,0.37054635855289053
2021-06-06,食用菌,12.0,12,0.10717855358177147,0.4360348929421095,0.7076898462488862,0.46178969851381374,0.1372985250539458,0.5199415825809878,0.4548401200371429
2021-06-07,食用菌,10.0,10,0.1567963047986465,0.5847445464982778,0.6528269623999996,0.35516929527992014,0.10717855358177147,0.4360348929421095,0.46178969851381374
2021-06-08,食用菌,8.0,8,0.1942965490585639,0.6615740389718705,0.5422514944919836,0.45774850550801643,0.1567963047986465,0.5847445464982778,0.35516929527992014
2021-06-09,食用菌,12.0,12,0.1506730174034691,0.5433401739470342,0.7224121904846336,0.3833522397056952,0.1942965490585639,0.6615740389718705,0.45774850550801643
2021-06-10,食用菌,9.0,9,0.16128307397731986,0.6110961796889998,0.5371947563262853,0.4628052436737147,0.1506730174034691,0.5433401739470342,0.3833522397056952
2021-06-11,食用菌,12.0,12,0.2389078619768018,0.6809991982784083,0.7245422087671549,0.44599808657576057,0.16128307397731986,0.6110961796889998,0.4628052436737147
2021-06-12,食用菌,12.0,12,0.3056411459020836,0.6837248732454067,0.7526428053091095,0.47288643218047666,0.2389078619768018,0.6809991982784083,0.44599808657576057
2021-06-13,食用菌,8.0,8,0.4265450580473213,0.831085886214442,0.6258128302677141,0.5276763983840026,0.3056411459020836,0.6837248732454067,0.47288643218047666
2021-06-14,食用菌,12.0,12,0.2900344431133597,0.7136791022141341,0.7402972281202065,0.41439997037695775,0.4265450580473213,0.831085886214442,0.5276763983840026
2021-06-15,食用菌,13.0,13,0.14337382982434638,0.5857525681107637,0.7786393380720471,0.3731451126893719,0.2900344431133597,0.7136791022141341,0.41439997037695775
2021-06-16,食用菌,10.0,10,0.15776988776347642,0.6254945349694897,0.6656646442470089,0.3623074839721925,0.14337382982434638,0.5857525681107637,0.3731451126893719
2021-06-17,食用菌,9.0,9,0.23502346423387777,0.6861834902561856,0.666861435534212,0.4175073056506117,0.15776988776347642,0.6254945349694897,0.3623074839721925
2021-06-18,食用菌,11.0,11,0.1678971402743051,0.6080958917869219,0.7038882916345125,0.3281382863709826,0.23502346423387777,0.6861834902561856,0.4175073056506117
2021-06-19,食用菌,12.0,12,0.13025804892022091,0.5495897072231791,0.7199659923110288,0.31245408771237027,0.1678971402743051,0.6080958917869219,0.3281382863709826
2021-06-20,食用菌,11.0,11,0.16766298670281785,0.5902327751568252,0.6755516024221438,0.3856999064474001,0.13025804892022091,0.5495897072231791,0.31245408771237027
2021-06-21,食用菌,7.0,7,0.25298500261831786,0.7780730897009966,0.5179068672174467,0.4925484342616446,0.16766298670281785,0.5902327751568252,0.3856999064474001
2021-06-22,食用菌,10.0,10,0.16316443153339383,0.6452960469532195,0.6757717709108775,0.3680612089700955,0.25298500261831786,0.7780730897009966,0.4925484342616446
2021-06-23,食用菌,12.0,12,0.18638487350746016,0.6687446599791145,0.6859754006278345,0.42274405231239137,0.16316443153339383,0.6452960469532195,0.3680612089700955
2021-06-24,食用菌,13.0,13,0.13159736574761313,0.5347917679468481,0.7152436797068842,0.3263259723499431,0.18638487350746016,0.6687446599791145,0.42274405231239137
2021-06-25,食用菌,8.0,8,0.1857005245108009,0.6212619479361957,0.5767320695122266,0.4232679304877734,0.13159736574761313,0.5347917679468481,0.3263259723499431
2021-06-26,食用菌,10.0,10,0.1969378917071162,0.6731077139034501,0.5730588475121928,0.4334409226687072,0.1857005245108009,0.6212619479361957,0.4232679304877734
2021-06-27,食用菌,12.0,12,0.25262374460583653,0.6843304843304843,0.697594260694531,0.3886016275708366,0.1969378917071162,0.6731077139034501,0.4334409226687072
2021-06-28,食用菌,12.0,12,0.15658875497347352,0.5754230386390371,0.6894548970917136,0.3757176867500434,0.25262374460583653,0.6843304843304843,0.3886016275708366
2021-06-29,食用菌,10.0,10,0.15855271585762185,0.6026077329943827,0.6496407548034971,0.36777272193119515,0.15658875497347352,0.5754230386390371,0.3757176867500434
2021-06-30,食用菌,13.0,13,0.14023449648024056,0.5625166881083574,0.7281752115478458,0.3607730240458656,0.15855271585762185,0.6026077329943827,0.36777272193119515
2021-07-01,食用菌,11.0,11,0.16206437460299256,0.6350263239393001,0.6920114099753517,0.3475603719177566,0.14023449648024056,0.5625166881083574,0.3607730240458656
2021-07-02,食用菌,11.0,11,0.13451368222159807,0.5259730779338335,0.6900763787341541,0.3099808275562546,0.16206437460299256,0.6350263239393001,0.3475603719177566
2021-07-03,食用菌,13.0,13,0.20683791734948817,0.6207231026768254,0.7191234597826188,0.3694273999507804,0.13451368222159807,0.5259730779338335,0.3099808275562546
2021-07-04,食用菌,14.0,14,0.17158796355107672,0.5990419646471462,0.7577154543887116,0.3501121606490601,0.20683791734948817,0.6207231026768254,0.3694273999507804
2021-07-05,食用菌,13.0,13,0.14856352119806973,0.582526492338187,0.658199065021158,0.38311835707020847,0.17158796355107672,0.5990419646471462,0.3501121606490601
2021-07-06,食用菌,12.0,12,0.19257793462290365,0.6509753905910317,0.6582294664380461,0.45604836938472976,0.14856352119806973,0.582526492338187,0.38311835707020847
2021-07-07,食用菌,9.0,9,0.1891451360800021,0.6713509538788349,0.5442709477388178,0.4873703885835526,0.19257793462290365,0.6509753905910317,0.45604836938472976
2021-07-08,食用菌,10.0,10,0.13340109432128427,0.5055650046250709,0.6838667492515726,0.37809733141799806,0.1891451360800021,0.6713509538788349,0.4873703885835526
2021-07-09,食用菌,10.0,10,0.15760078313536202,0.5952613979283908,0.6943143334136034,0.40688240747127535,0.13340109432128427,0.5055650046250709,0.37809733141799806
2021-07-10,食用菌,12.0,12,0.15666256437607695,0.6129220731796383,0.7234024524092576,0.42196652785325983,0.15760078313536202,0.5952613979283908,0.40688240747127535
2021-07-11,食用菌,10.0,10,0.16867397854321728,0.6048472075869337,0.6372633998225896,0.40969079449936247,0.15666256437607695,0.6129220731796383,0.42196652785325983
2021-07-12,食用菌,9.0,9,0.19025677834681737,0.6644518272425249,0.4681921854198986,0.5875503839206259,0.16867397854321728,0.6048472075869337,0.40969079449936247
2021-07-13,食用菌,8.0,8,0.18627464313730707,0.6083378160301236,0.4176657228974159,0.588599388666583,0.19025677834681737,0.6644518272425249,0.5875503839206259
2021-07-14,食用菌,12.0,12,0.12123852108634632,0.49878194521051666,0.7222243942080364,0.3864228292072956,0.18627464313730707,0.6083378160301236,0.588599388666583
2021-07-15,食用菌,10.0,10,0.17455669265514825,0.6516822945394374,0.6507620960541173,0.36554828725257227,0.12123852108634632,0.49878194521051666,0.3864228292072956
2021-07-16,食用菌,11.0,11,0.1108889756980171,0.43270926034757795,0.7240220917646515,0.3528647576727967,0.17455669265514825,0.6516822945394374,0.36554828725257227
2021-07-17,食用菌,9.0,9,0.17770676712280037,0.6845061259893744,0.5378827074864684,0.4621172925135317,0.1108889756980171,0.43270926034757795,0.3528647576727967
2021-07-18,食用菌,10.0,10,0.15779520038655476,0.6162952323588009,0.5458508011591303,0.45414919884086974,0.17770676712280037,0.6845061259893744,0.4621172925135317
2021-07-19,食用菌,9.0,9,0.18515158723209799,0.7026754288808487,0.6283757605946579,0.4287712267262983,0.15779520038655476,0.6162952323588009,0.45414919884086974
2021-07-20,食用菌,9.0,9,0.18593337001662727,0.6778168362627197,0.6293213251256472,0.40692586195879243,0.18515158723209799,0.7026754288808487,0.4287712267262983
2021-07-21,食用菌,12.0,12,0.14514089205524663,0.5456304239677188,0.771310297420917,0.3327594563731687,0.18593337001662727,0.6778168362627197,0.40692586195879243
2021-07-22,食用菌,8.0,8,0.17743522370944897,0.6631433083045987,0.5630495555535757,0.44191238663918414,0.14514089205524663,0.5456304239677188,0.3327594563731687
2021-07-23,食用菌,9.0,9,0.1875629336955753,0.6545962950017477,0.5956141303822285,0.4125960139257126,0.17743522370944897,0.6631433083045987,0.44191238663918414
2021-07-24,食用菌,12.0,12,0.13862876514675326,0.5604201153033849,0.6442633649666222,0.3746478431255716,0.1875629336955753,0.6545962950017477,0.4125960139257126
2021-07-25,食用菌,9.0,9,0.23015718156720213,0.7385853498302857,0.5914522159783663,0.46862803630839767,0.13862876514675326,0.5604201153033849,0.3746478431255716
2021-07-26,食用菌,9.0,9,0.2004999182482234,0.6567512394284049,0.5812167036239881,0.42735066800494975,0.23015718156720213,0.7385853498302857,0.46862803630839767
2021-07-27,食用菌,9.0,9,0.18422894408952442,0.6580598455598456,0.5599436171317332,0.44272843963103764,0.2004999182482234,0.6567512394284049,0.42735066800494975
2021-07-28,食用菌,11.0,11,0.142369830093927,0.5543359865940511,0.7329032354003144,0.2802452639779425,0.18422894408952442,0.6580598455598456,0.44272843963103764
2021-07-29,食用菌,10.0,10,0.16690100926910523,0.6272070015220699,0.6212445905413214,0.3996025184824225,0.142369830093927,0.5543359865940511,0.2802452639779425
2021-07-30,食用菌,10.0,10,0.1715037547488144,0.6425082279577343,0.6613702077473134,0.4373504962546019,0.16690100926910523,0.6272070015220699,0.3996025184824225
2021-07-31,食用菌,10.0,10,0.13631817657732004,0.5209974343970833,0.6990346791631743,0.329806243824561,0.1715037547488144,0.6425082279577343,0.4373504962546019
2021-08-01,食用菌,8.0,8,0.19865162188119523,0.7281659898240208,0.6006501572216926,0.40305847078738,0.13631817657732004,0.5209974343970833,0.329806243824561
2021-08-02,食用菌,11.0,11,0.12902146940903458,0.5217546045021799,0.738823371440175,0.3223030702929135,0.19865162188119523,0.7281659898240208,0.40305847078738
2021-08-03,食用菌,10.0,10,0.19653555668249584,0.6611484249361461,0.6283305729580667,0.4109160822065716,0.12902146940903458,0.5217546045021799,0.3223030702929135
2021-08-04,食用菌,10.0,10,0.15605728643386801,0.5895112797126599,0.7144892483350029,0.3023051341293129,0.19653555668249584,0.6611484249361461,0.4109160822065716
2021-08-05,食用菌,11.0,11,0.16182859483238365,0.6277097078228087,0.7439544760351313,0.3842477876669012,0.15605728643386801,0.5895112797126599,0.3023051341293129
2021-08-06,食用菌,11.0,11,0.15095209967939419,0.5980310134832773,0.7463091835984246,0.324884014308779,0.16182859483238365,0.6277097078228087,0.3842477876669012
2021-08-07,食用菌,11.0,11,0.16895888739378814,0.6412786754904941,0.7490176980395394,0.46985443780522657,0.15095209967939419,0.5980310134832773,0.324884014308779
2021-08-08,食用菌,10.0,10,0.16126540213411564,0.6187978236836972,0.7319964892731807,0.46725198876346313,0.16895888739378814,0.6412786754904941,0.46985443780522657
2021-08-09,食用菌,11.0,11,0.1365253537752314,0.5478748542802231,0.7582636243599216,0.4370286772184879,0.16126540213411564,0.6187978236836972,0.46725198876346313
2021-08-10,食用菌,10.0,10,0.1378321743108628,0.5409406788196193,0.7287873472821571,0.41152284289298713,0.1365253537752314,0.5478748542802231,0.4370286772184879
2021-08-11,食用菌,11.0,11,0.14273523546109673,0.5541336287313432,0.7659914268792076,0.42549531279948843,0.1378321743108628,0.5409406788196193,0.41152284289298713
2021-08-12,食用菌,11.0,11,0.12222194673706345,0.49840573933838184,0.7664198175298812,0.3862273577814879,0.14273523546109673,0.5541336287313432,0.42549531279948843
2021-08-13,食用菌,11.0,11,0.1273584548987968,0.5081800407006903,0.7671000300125043,0.37216123462263057,0.12222194673706345,0.49840573933838184,0.3862273577814879
2021-08-14,食用菌,11.0,11,0.1417844334688494,0.5647764776477647,0.7694922531610983,0.3876788415183925,0.1273584548987968,0.5081800407006903,0.37216123462263057
2021-08-15,食用菌,11.0,11,0.14910309141103545,0.6060394077183164,0.7709530000344134,0.4467928786664611,0.1417844334688494,0.5647764776477647,0.3876788415183925
2021-08-16,食用菌,9.0,9,0.14530646086402593,0.5601288263798605,0.706822547007786,0.49269659204044575,0.14910309141103545,0.6060394077183164,0.4467928786664611
2021-08-17,食用菌,11.0,11,0.12635419986251853,0.508498761908759,0.7741566948381599,0.36831503939542,0.14530646086402593,0.5601288263798605,0.49269659204044575
2021-08-18,食用菌,9.0,9,0.1612740178387703,0.5865304995859785,0.566414525879903,0.5922991533777615,0.12635419986251853,0.508498761908759,0.36831503939542
2021-08-19,食用菌,10.0,10,0.17327160747016843,0.6257466603917026,0.7387189878778723,0.5549274424109519,0.1612740178387703,0.5865304995859785,0.5922991533777615
2021-08-20,食用菌,10.0,10,0.12951965405831042,0.5079397935949375,0.6286138237203887,0.4790738251046757,0.17327160747016843,0.6257466603917026,0.5549274424109519
2021-08-21,食用菌,10.0,10,0.13458125356377176,0.5104058785816442,0.5985640042708027,0.49788420471456624,0.12951965405831042,0.5079397935949375,0.4790738251046757
2021-08-22,食用菌,8.0,8,0.17075590020832312,0.6354087840905651,0.5702472274097552,0.5534270693289681,0.13458125356377176,0.5104058785816442,0.49788420471456624
2021-08-23,食用菌,10.0,10,0.12917368386282738,0.5111920713822594,0.632749747279877,0.5254483617755197,0.17075590020832312,0.6354087840905651,0.5534270693289681
2021-08-24,食用菌,10.0,10,0.13171357036923562,0.5241114962937911,0.6346242346012309,0.5192189139209615,0.12917368386282738,0.5111920713822594,0.5254483617755197
2021-08-25,食用菌,10.0,10,0.1479951604963832,0.532921511627907,0.635994675987032,0.5092167064690521,0.13171357036923562,0.5241114962937911,0.5192189139209615
2021-08-26,食用菌,11.0,11,0.13003725052268506,0.5156162516127462,0.7858742726706323,0.4944903476906136,0.1479951604963832,0.532921511627907,0.5092167064690521
2021-08-27,食用菌,11.0,11,0.13474407881574668,0.5612188576540226,0.7875295138655212,0.3796154856089075,0.13003725052268506,0.5156162516127462,0.4944903476906136
2021-08-28,食用菌,12.0,12,0.111692650596897,0.4572298325722983,0.834101248050888,0.4072588472250981,0.13474407881574668,0.5612188576540226,0.3796154856089075
2021-08-29,食用菌,13.0,13,0.11331104680248007,0.42802490435826274,0.863803684657808,0.3596768515928231,0.111692650596897,0.4572298325722983,0.4072588472250981
2021-08-30,食用菌,11.0,11,0.12864912659552014,0.48846459824980115,0.7899289578400532,0.3768159641712344,0.11331104680248007,0.42802490435826274,0.3596768515928231
2021-08-31,食用菌,11.0,11,0.15370605622969824,0.629606376590053,0.7909024742725709,0.40650233923423357,0.12864912659552014,0.48846459824980115,0.3768159641712344
2021-09-01,食用菌,10.0,10,0.13505383872301574,0.5121407603377668,0.7730259662539106,0.4006560464145097,0.15370605622969824,0.629606376590053,0.40650233923423357
2021-09-02,食用菌,11.0,11,0.14167114717370494,0.5652850689781468,0.7928235809123566,0.39017067764801083,0.13505383872301574,0.5121407603377668,0.4006560464145097
2021-09-03,食用菌,12.0,12,0.12742445257282753,0.5054085922280325,0.7948345811375898,0.37937908917958485,0.14167114717370494,0.5652850689781468,0.39017067764801083
2021-09-04,食用菌,12.0,12,0.12015612203348609,0.496988261063007,0.7980734430391303,0.3830171847212125,0.12742445257282753,0.5054085922280325,0.37937908917958485
2021-09-05,食用菌,10.0,10,0.134902833046415,0.5248028247394984,0.7593348598230869,0.37376265409746745,0.12015612203348609,0.496988261063007,0.3830171847212125
2021-09-06,食用菌,12.0,12,0.12771886978669764,0.5397591834239961,0.7607922554450888,0.4436900268548119,0.134902833046415,0.5248028247394984,0.37376265409746745
2021-09-07,食用菌,12.0,12,0.12779676187646408,0.5498777506112469,0.8007853918946648,0.4156922373377823,0.12771886978669764,0.5397591834239961,0.4436900268548119
2021-09-08,食用菌,12.0,12,0.12104002009630926,0.49580501274426503,0.8020489884706243,0.39897574642100603,0.12779676187646408,0.5498777506112469,0.4156922373377823
2021-09-09,食用菌,11.0,11,0.16447005927523586,0.5870549981935913,0.6998104090434922,0.49415316029052264,0.12104002009630926,0.49580501274426503,0.39897574642100603
2021-09-10,食用菌,10.0,10,0.13541098720963263,0.5296699438202247,0.6629521711761936,0.5068610645366399,0.16447005927523586,0.5870549981935913,0.49415316029052264
2021-09-11,食用菌,11.0,11,0.1397166215749964,0.5458028494416635,0.7011833959785433,0.46202053121887804,0.13541098720963263,0.5296699438202247,0.5068610645366399
2021-09-12,食用菌,11.0,11,0.1494104503160858,0.6127519037401657,0.702708069475129,0.45582719827720736,0.1397166215749964,0.5458028494416635,0.46202053121887804
2021-09-13,食用菌,8.0,8,0.1487037995056619,0.5622090015519917,0.6270181904894229,0.471193412163876,0.1494104503160858,0.6127519037401657,0.45582719827720736
2021-09-14,食用菌,10.0,10,0.15218127421555222,0.5812745809309252,0.6656642371089151,0.48122248710192206,0.1487037995056619,0.5622090015519917,0.471193412163876
2021-09-15,食用菌,10.0,10,0.1615094890990383,0.631102405853875,0.6709837352164766,0.5119944756402983,0.15218127421555222,0.5812745809309252,0.48122248710192206
2021-09-16,食用菌,10.0,10,0.15351673477582067,0.5606609616323593,0.6671771848235382,0.4140155788538007,0.1615094890990383,0.631102405853875,0.5119944756402983
2021-09-17,食用菌,12.0,12,0.1452341701194817,0.5889869543252801,0.7357872897995192,0.38305143812562753,0.15351673477582067,0.5606609616323593,0.4140155788538007
2021-09-18,食用菌,11.0,11,0.14216183963265655,0.5705606915596111,0.6982105282255117,0.33545812970538175,0.1452341701194817,0.5889869543252801,0.38305143812562753
2021-09-19,食用菌,11.0,11,0.197811738489758,0.6274660111196285,0.7095025702454241,0.3934001453479342,0.14216183963265655,0.5705606915596111,0.33545812970538175
2021-09-20,食用菌,11.0,11,0.21894259913088304,0.6441287694091387,0.7119428309495712,0.34654015494106677,0.197811738489758,0.6274660111196285,0.3934001453479342
2021-09-21,食用菌,11.0,11,0.20440297224495935,0.6235884412446373,0.7135292032425965,0.33519899919141394,0.21894259913088304,0.6441287694091387,0.34654015494106677
2021-09-22,食用菌,12.0,12,0.12750632839631632,0.5013261881563278,0.7156294693095182,0.3764667067797469,0.20440297224495935,0.6235884412446373,0.33519899919141394
2021-09-23,食用菌,11.0,11,0.15351030770457816,0.5920238984316654,0.5609065727955316,0.4474859525013808,0.12750632839631632,0.5013261881563278,0.3764667067797469
2021-09-24,食用菌,11.0,11,0.12160065231591899,0.4419422767248854,0.717307421614001,0.31649977136667223,0.15351030770457816,0.5920238984316654,0.4474859525013808
2021-09-25,食用菌,8.0,8,0.19246058146731218,0.6550764589618225,0.58239903120447,0.45823768231926126,0.12160065231591899,0.4419422767248854,0.31649977136667223
2021-09-26,食用菌,5.0,5,0.3476356085105065,0.910711549266997,0.5166782865008883,0.6777385245591531,0.19246058146731218,0.6550764589618225,0.45823768231926126
2021-09-27,食用菌,3.0,3,0.4287814889835362,1.0,0.2713860740333352,0.8291837275586802,0.3476356085105065,0.910711549266997,0.6777385245591531
2021-09-28,食用菌,4.0,4,0.3406842142680902,0.9585889570552147,0.31548056578102895,0.8357444703485559,0.4287814889835362,1.0,0.8291837275586802
2021-09-29,食用菌,3.0,3,0.41763539363186863,1.0,0.27083166200848113,0.7291683379915189,0.3406842142680902,0.9585889570552147,0.8357444703485559
2021-09-30,食用菌,3.0,3,0.41196234144245975,1.0,0.27118720477020763,0.7856594140624383,0.41763539363186863,1.0,0.7291683379915189
2021-10-01,食用菌,2.0,2,0.688623893491132,1.0,0.25887117249704605,0.741128827502954,0.41196234144245975,1.0,0.7856594140624383
2021-10-02,食用菌,3.0,3,0.4806089922817706,1.0,0.27266464234531856,0.815658565515878,0.688623893491132,1.0,0.741128827502954
2021-10-03,食用菌,3.0,3,0.41782463421239857,1.0,0.2736773450068517,0.7991893231005941,0.4806089922817706,1.0,0.815658565515878
2021-10-04,食用菌,3.0,3,0.4239679397776168,1.0,0.2751290911759136,0.8241912042091207,0.41782463421239857,1.0,0.7991893231005941
2021-10-05,食用菌,4.0,4,0.49119678669276284,0.9901536983669548,0.30555025815394654,0.8754493190869806,0.4239679397776168,1.0,0.8241912042091207
2021-10-06,食用菌,6.0,6,0.3916405127817719,0.9579706763813866,0.522302845153402,0.7154736306498217,0.49119678669276284,0.9901536983669548,0.8754493190869806
2021-10-07,食用菌,3.0,3,0.38556584023255736,1.0,0.2804505862721275,0.7195494137278726,0.3916405127817719,0.9579706763813866,0.7154736306498217
2021-10-08,食用菌,3.0,3,0.3931716323488897,0.9999999999999999,0.28276880144473077,0.7172311985552693,0.38556584023255736,1.0,0.7195494137278726
2021-10-09,食用菌,3.0,3,0.35740506367832603,1.0,0.28520861953682886,0.714791380463171,0.3931716323488897,0.9999999999999999,0.7172311985552693
2021-10-10,食用菌,5.0,5,0.28791860780234946,0.8977426694276145,0.32046508437786114,0.6795349156221387,0.35740506367832603,1.0,0.714791380463171
2021-10-11,食用菌,4.0,4,0.5320025711241623,0.9629080118694362,0.21953057254135688,0.829234315208272,0.28791860780234946,0.8977426694276145,0.6795349156221387
2021-10-12,食用菌,5.0,5,0.3026272546890532,0.9138228997394826,0.311314547544341,0.7691797036923776,0.5320025711241623,0.9629080118694362,0.829234315208272
2021-10-13,食用菌,5.0,5,0.2764439555396431,0.8734497595545432,0.25860459585230733,0.7413954041476928,0.3026272546890532,0.9138228997394826,0.7691797036923776
2021-10-14,食用菌,4.0,4,0.3630179798085924,0.9296715662142204,0.22680169519476026,0.7731983048052398,0.2764439555396431,0.8734497595545432,0.7413954041476928
2021-10-15,食用菌,5.0,5,0.3566001672339447,0.9293202968547531,0.29928480716857336,0.7361109124796125,0.3630179798085924,0.9296715662142204,0.7731983048052398
2021-10-16,食用菌,5.0,5,0.25569973914936955,0.8231629349511658,0.303744238017002,0.696255761982998,0.3566001672339447,0.9293202968547531,0.7361109124796125
2021-10-17,食用菌,5.0,5,0.27661874655578095,0.8327960455620029,0.3073469541944828,0.751953240570255,0.25569973914936955,0.8231629349511658,0.696255761982998
2021-10-18,食用菌,4.0,4,0.4181231285438214,0.9216589861751152,0.3075420470314337,0.8134121485814241,0.27661874655578095,0.8327960455620029,0.751953240570255
2021-10-19,食用菌,4.0,4,0.4527397217678994,0.9093176150532758,0.3055053959711783,0.8003827496495728,0.4181231285438214,0.9216589861751152,0.8134121485814241
2021-10-20,食用菌,4.0,4,0.48418953180560986,0.967003233683099,0.3068706552163556,0.8491059897968399,0.4527397217678994,0.9093176150532758,0.8003827496495728
2021-10-21,食用菌,4.0,4,0.4857464042593196,0.9375429392292799,0.30875161507114374,0.8268588881813699,0.48418953180560986,0.967003233683099,0.8491059897968399
2021-10-22,食用菌,3.0,3,0.5592824085835981,1.0,0.3088117612127151,0.8327862283332494,0.4857464042593196,0.9375429392292799,0.8268588881813699
2021-10-23,食用菌,4.0,4,0.33594075984122856,0.9544564375825475,0.31230109915313686,0.6876989008468631,0.5592824085835981,1.0,0.8327862283332494
2021-10-24,食用菌,4.0,4,0.3940055481069609,0.9820247339660626,0.31694091600307406,0.6830590839969259,0.33594075984122856,0.9544564375825475,0.6876989008468631
2021-10-25,食用菌,3.0,3,0.3424906274519955,1.0,0.31751341357158813,0.6824865864284118,0.3940055481069609,0.9820247339660626,0.6830590839969259
2021-10-26,食用菌,5.0,5,0.3336793458794622,0.8971976067602854,0.3266731160676925,0.6733268839323074,0.3424906274519955,1.0,0.6824865864284118
2021-10-27,食用菌,4.0,4,0.3822694617236733,0.9717266532839492,0.3268336158381091,0.673166384161891,0.3336793458794622,0.8971976067602854,0.6733268839323074
2021-10-28,食用菌,3.0,3,0.401601697060261,1.0,0.32222600855882455,0.6777739914411754,0.3822694617236733,0.9717266532839492,0.673166384161891
2021-10-29,食用菌,3.0,3,0.41218549680621996,1.0,0.3223076801844131,0.677692319815587,0.401601697060261,1.0,0.6777739914411754
2021-10-30,食用菌,3.0,3,0.3923475954443077,1.0,0.25546395907732117,0.7445360409226789,0.41218549680621996,1.0,0.677692319815587
2021-10-31,食用菌,7.0,7,0.3448430182917997,0.9258349379191287,0.39081101258739587,0.7113205747421951,0.3923475954443077,1.0,0.7445360409226789
2021-11-01,食用菌,5.0,5,0.3439448233977238,0.959974633527647,0.2673724112796824,0.7326275887203175,0.3448430182917997,0.9258349379191287,0.7113205747421951
2021-11-02,食用菌,5.0,5,0.3115708871025662,0.9223629371614956,0.2690421097583077,0.7309578902416922,0.3439448233977238,0.959974633527647,0.7326275887203175
2021-11-03,食用菌,5.0,5,0.35279861436234466,0.876534499788345,0.3100398303434372,0.6899601696565628,0.3115708871025662,0.9223629371614956,0.7309578902416922
2021-11-04,食用菌,5.0,5,0.7182177101704132,0.9789752589380957,0.2751386353960118,0.7300163588691589,0.35279861436234466,0.876534499788345,0.6899601696565628
2021-11-05,食用菌,4.0,4,0.45193135670786333,0.9617620067298869,0.27788568168451017,0.7221143183154899,0.7182177101704132,0.9789752589380957,0.7300163588691589
2021-11-06,食用菌,5.0,5,0.4488562272310813,0.9759599358104704,0.2834466428891016,0.7165533571108983,0.45193135670786333,0.9617620067298869,0.7221143183154899
2021-11-07,食用菌,5.0,5,0.3934843941467739,0.9879828935231472,0.28957731060589903,0.7104226893941008,0.4488562272310813,0.9759599358104704,0.7165533571108983
2021-11-08,食用菌,4.0,4,0.393347977909069,0.9316916561357971,0.3315963150534499,0.6684036849465503,0.3934843941467739,0.9879828935231472,0.7104226893941008
2021-11-09,食用菌,4.0,4,0.45522494389888823,0.9082389840881273,0.33446304204807636,0.6655369579519237,0.393347977909069,0.9316916561357971,0.6684036849465503
2021-11-10,食用菌,4.0,4,0.3814254530415771,0.969311377245509,0.3367752980948077,0.6714129041126458,0.45522494389888823,0.9082389840881273,0.6655369579519237
2021-11-11,食用菌,4.0,4,0.3695104805599597,0.9655493482309125,0.3389216978009384,0.6653973218455599,0.3814254530415771,0.969311377245509,0.6714129041126458
2021-11-12,食用菌,4.0,4,0.328007175482336,0.8669834590829948,0.3412574534842755,0.6587425465157243,0.3695104805599597,0.9655493482309125,0.6653973218455599
2021-11-13,食用菌,4.0,4,0.33236616999799407,0.8664086220060013,0.3439736124275145,0.6560263875724857,0.328007175482336,0.8669834590829948,0.6587425465157243
2021-11-14,食用菌,4.0,4,0.40205620256410046,0.9383442143178748,0.3465059476285999,0.6534940523714002,0.33236616999799407,0.8664086220060013,0.6560263875724857
2021-11-15,食用菌,4.0,4,0.3357388809325795,0.9020600045705331,0.3496459379652066,0.6503540620347935,0.40205620256410046,0.9383442143178748,0.6534940523714002
2021-11-16,食用菌,4.0,4,0.34992041099625126,0.9445048966267682,0.3510867742802853,0.8204249792768137,0.3357388809325795,0.9020600045705331,0.6503540620347935
2021-11-17,食用菌,4.0,4,0.45922924964641565,0.9265704280711784,0.35218155537187484,0.8012028023000536,0.34992041099625126,0.9445048966267682,0.8204249792768137
2021-11-18,食用菌,4.0,4,0.5304863498313033,0.966720208814376,0.35351639879229724,0.8395998285226585,0.45922924964641565,0.9265704280711784,0.8012028023000536
2021-11-19,食用菌,4.0,4,0.4530146741129102,0.9783426914296292,0.35473141448440365,0.8496970114191467,0.5304863498313033,0.966720208814376,0.8395998285226585
2021-11-20,食用菌,4.0,4,0.41432269948616623,0.9633480901884073,0.35618408258519374,0.8332015104818116,0.4530146741129102,0.9783426914296292,0.8496970114191467
2021-11-21,食用菌,5.0,5,0.30347822591934626,0.892429114294066,0.35949863299575247,0.6405013670042476,0.41432269948616623,0.9633480901884073,0.8332015104818116
2021-11-22,食用菌,4.0,4,0.38546109659731753,0.9145883156815853,0.36413862353110915,0.6358613764688907,0.30347822591934626,0.892429114294066,0.6405013670042476
2021-11-23,食用菌,3.0,3,0.38630627889566427,1.0000000000000002,0.32459031997567367,0.6754096800243263,0.38546109659731753,0.9145883156815853,0.6358613764688907
2021-11-24,食用菌,3.0,3,0.5078503134727005,1.0,0.32605166666221075,0.7552219725328583,0.38630627889566427,1.0000000000000002,0.6754096800243263
2021-11-25,食用菌,3.0,3,0.5434523980679207,1.0,0.3273692187593928,0.8115408596377919,0.5078503134727005,1.0,0.7552219725328583
2021-11-26,食用菌,3.0,4,0.46274272198681893,1.0,0.1408484971383443,0.8591515028616559,0.5434523980679207,1.0,0.8115408596377919
2021-11-27,食用菌,4.0,4,0.4719776652241568,0.9877881134582779,0.36894185828644455,0.8453424567975699,0.46274272198681893,1.0,0.8591515028616559
2021-11-28,食用菌,4.0,4,0.3065050997750891,0.8563070922713742,0.37087920402986074,0.6555021632626997,0.4719776652241568,0.9877881134582779,0.8453424567975699
2021-11-29,食用菌,2.0,2,0.5569656203112487,1.0,0.12695142178192817,0.8730485782180719,0.3065050997750891,0.8563070922713742,0.6555021632626997
2021-11-30,食用菌,3.0,3,0.38979448622906054,0.9999999999999999,0.14904058786494637,0.8509594121350536,0.5569656203112487,1.0,0.8730485782180719
2021-12-01,食用菌,4.0,4,0.5604134658565764,0.9919160231660232,0.3761375378253072,0.8406392215893973,0.38979448622906054,0.9999999999999999,0.8509594121350536
2021-12-02,食用菌,4.0,4,0.4181970836045388,0.9975105800348518,0.3774537213494664,0.8443974439404329,0.5604134658565764,0.9919160231660232,0.8406392215893973
2021-12-03,食用菌,4.0,4,0.4341969979660865,0.9816507027780835,0.3791651981796378,0.6240972351736529,0.4181970836045388,0.9975105800348518,0.8443974439404329
2021-12-04,食用菌,4.0,4,0.3550124760482342,0.9459552942193784,0.3819668207537061,0.618033179246294,0.4341969979660865,0.9816507027780835,0.6240972351736529
2021-12-05,食用菌,4.0,4,0.34668334128060996,0.9180200311240573,0.3857678232445569,0.6142321767554433,0.3550124760482342,0.9459552942193784,0.618033179246294
2021-12-06,食用菌,4.0,4,0.2967169913724817,0.8630001538089693,0.38970619935210515,0.6102938006478948,0.34668334128060996,0.9180200311240573,0.6142321767554433
2021-12-07,食用菌,3.0,3,0.3691668151998486,1.0,0.368773034527348,0.6312269654726521,0.2967169913724817,0.8630001538089693,0.6102938006478948
2021-12-08,食用菌,4.0,5,0.2943015843984934,0.8702590494313022,0.4345590124814698,0.5654409875185303,0.3691668151998486,1.0,0.6312269654726521
2021-12-09,食用菌,4.0,5,0.36284953693868144,0.9041411042944785,0.436169441880802,0.5638305581191981,0.2943015843984934,0.8702590494313022,0.5654409875185303
2021-12-10,食用菌,4.0,4,0.29590003107168494,0.8666739047825851,0.43739822629998915,0.562601773700011,0.36284953693868144,0.9041411042944785,0.5638305581191981
2021-12-11,食用菌,4.0,4,0.32626520082667587,0.9013441854729314,0.43885526129680175,0.5611447387031983,0.29590003107168494,0.8666739047825851,0.562601773700011
2021-12-12,食用菌,5.0,5,0.3388481169818401,0.9294538118602277,0.47148217856964514,0.5447514957107518,0.32626520082667587,0.9013441854729314,0.5611447387031983
2021-12-13,食用菌,4.0,4,0.2914964377451819,0.8440424204616344,0.44570447611735636,0.5542955238826436,0.3388481169818401,0.9294538118602277,0.5447514957107518
2021-12-14,食用菌,4.0,4,0.32100409096092414,0.920034118775989,0.44751352822225987,0.55248647177774,0.2914964377451819,0.8440424204616344,0.5542955238826436
2021-12-15,食用菌,4.0,4,0.5373598460358976,0.9175280404662416,0.4487919673777677,0.5512080326222323,0.32100409096092414,0.920034118775989,0.55248647177774
2021-12-16,食用菌,4.0,4,0.41921549348296144,0.9807158284480098,0.4502312317957196,0.5965215711818006,0.5373598460358976,0.9175280404662416,0.5512080326222323
2021-12-17,食用菌,4.0,4,0.3301354684066147,0.928293823229933,0.4524626975446427,0.5475373024553574,0.41921549348296144,0.9807158284480098,0.5965215711818006
2021-12-18,食用菌,4.0,4,0.3427153863587048,0.9252392187129991,0.45503572929683744,0.5449642707031626,0.3301354684066147,0.928293823229933,0.5475373024553574
2021-12-19,食用菌,4.0,4,0.4291837014187918,0.9211233704627709,0.45873035964639075,0.5412696403536092,0.3427153863587048,0.9252392187129991,0.5449642707031626
2021-12-20,食用菌,4.0,4,0.32602439812344985,0.8784498620055197,0.4626210239876467,0.5373789760123532,0.4291837014187918,0.9211233704627709,0.5412696403536092
2021-12-21,食用菌,4.0,4,0.41753421933363105,0.9262822284882327,0.4646627106623101,0.5353372893376899,0.32602439812344985,0.8784498620055197,0.5373789760123532
2021-12-22,食用菌,4.0,4,0.3398250083842765,0.9351533622981647,0.46665394531960414,0.5350240837305525,0.41753421933363105,0.9262822284882327,0.5353372893376899
2021-12-23,食用菌,4.0,4,0.5137962798746866,0.9549853702453298,0.46847919697634144,0.5531251015683538,0.3398250083842765,0.9351533622981647,0.5350240837305525
2021-12-24,食用菌,4.0,4,0.400955594952313,0.9527350642803127,0.4701605936339509,0.5490943761050249,0.5137962798746866,0.9549853702453298,0.5531251015683538
2021-12-25,食用菌,4.0,4,0.3169255349590607,0.8710493345625607,0.4722727360181444,0.6369758813881333,0.400955594952313,0.9527350642803127,0.5490943761050249
2021-12-26,食用菌,4.0,4,0.40793387948188653,0.9897804104589243,0.47513814831111684,0.5677286703880337,0.3169255349590607,0.8710493345625607,0.6369758813881333
2021-12-27,食用菌,4.0,4,0.5523993625360892,0.9616391399189778,0.4777357720127814,0.5989911934179284,0.40793387948188653,0.9897804104589243,0.5677286703880337
2021-12-28,食用菌,3.0,3,0.575628140929609,1.0,0.2404012305073669,0.7774030102891455,0.5523993625360892,0.9616391399189778,0.5989911934179284
2021-12-29,食用菌,7.0,7,0.4677326157512449,0.892458723784025,0.48067028576976956,0.7843612171071507,0.575628140929609,1.0,0.7774030102891455
2021-12-30,食用菌,7.0,7,0.5112578628404331,0.8790564793788002,0.24896750821464844,0.7923650422553256,0.4677326157512449,0.892458723784025,0.7843612171071507
2021-12-31,食用菌,7.0,7,0.2894612086022633,0.8469760105468843,0.49310592680319876,0.5068940731968014,0.5112578628404331,0.8790564793788002,0.7923650422553256
2022-01-01,食用菌,4.0,4,0.3031336622024051,0.8786621955524178,0.4955939176853456,0.5044060823146543,0.2894612086022633,0.8469760105468843,0.5068940731968014
2022-01-02,食用菌,7.0,7,0.3361765975746368,0.9480122834540539,0.5410828594473905,0.7242821579299659,0.3031336622024051,0.8786621955524178,0.5044060823146543
2022-01-03,食用菌,5.0,5,0.3006983175490552,0.9123498992023842,0.5032916251096343,0.5160429843878501,0.3361765975746368,0.9480122834540539,0.7242821579299659
2022-01-04,食用菌,5.0,5,0.29853502721175923,0.8746197089947091,0.5052615849926738,0.4947384150073262,0.3006983175490552,0.9123498992023842,0.5160429843878501
2022-01-05,食用菌,5.0,8,0.2946345247568408,0.8306854417699017,0.5077219804124331,0.49227801958756695,0.29853502721175923,0.8746197089947091,0.4947384150073262
2022-01-06,食用菌,5.0,5,0.2587889652010061,0.7819661805320025,0.508728002234529,0.49127199776547126,0.2946345247568408,0.8306854417699017,0.49227801958756695
2022-01-07,食用菌,5.0,5,0.46564761602527616,0.8853276761653576,0.5130961928686066,0.5703209789371857,0.2587889652010061,0.7819661805320025,0.49127199776547126
2022-01-08,食用菌,5.0,5,0.3061071466674783,0.8487705938867737,0.5134196018873276,0.4876516699949135,0.46564761602527616,0.8853276761653576,0.5703209789371857
2022-01-09,食用菌,7.0,7,0.3987054059939608,0.8899809300278714,0.5179357078569882,0.5172500650251525,0.3061071466674783,0.8487705938867737,0.4876516699949135
2022-01-10,食用菌,3.0,3,0.4129315338911845,1.0,0.44590563708783904,0.5540943629121612,0.3987054059939608,0.8899809300278714,0.5172500650251525
2022-01-11,食用菌,6.0,6,0.23486153686965183,0.7522057135360294,0.5219092929281939,0.47809070707180623,0.4129315338911845,1.0,0.5540943629121612
2022-01-12,食用菌,5.0,5,0.2457813107762064,0.8167663807395661,0.5229945314177809,0.47700546858221915,0.23486153686965183,0.7522057135360294,0.47809070707180623
2022-01-13,食用菌,9.0,9,0.19256046099454413,0.6856147910612287,0.5645233627198174,0.4499890499329331,0.2457813107762064,0.8167663807395661,0.47700546858221915
2022-01-14,食用菌,9.0,9,0.2241316741503366,0.7754659082404012,0.573286628364024,0.488834025035999,0.19256046099454413,0.6856147910612287,0.4499890499329331
2022-01-15,食用菌,8.0,8,0.20242366408289003,0.6553750998423004,0.524749553091803,0.6081634507891149,0.2241316741503366,0.7754659082404012,0.488834025035999
2022-01-16,食用菌,8.0,8,0.15674916890716634,0.5565163269388934,0.5762108250925242,0.5071208743073561,0.20242366408289003,0.6553750998423004,0.6081634507891149
2022-01-17,食用菌,6.0,7,0.37883469188920343,0.8937263098232315,0.08487301254788968,0.9151269874521104,0.15674916890716634,0.5565163269388934,0.5071208743073561
2022-01-18,食用菌,7.0,7,0.25686383055769874,0.7880906971816064,0.34033327355806864,0.6596667264419314,0.37883469188920343,0.8937263098232315,0.9151269874521104
2022-01-19,食用菌,8.0,8,0.23978588346049956,0.7502358883276906,0.34218113248686965,0.6578188675131303,0.25686383055769874,0.7880906971816064,0.6596667264419314
2022-01-20,食用菌,10.0,10,0.1892079691821808,0.7032920460448965,0.3740163937853413,0.6366637230816777,0.23978588346049956,0.7502358883276906,0.6578188675131303
2022-01-21,食用菌,10.0,10,0.1895379361526029,0.6887280650558344,0.37613445722013583,0.6456021524720011,0.1892079691821808,0.7032920460448965,0.6366637230816777
2022-01-22,食用菌,8.0,8,0.191966350987468,0.6825039174919859,0.37458465054482765,0.6473245393446323,0.1895379361526029,0.6887280650558344,0.6456021524720011
2022-01-23,食用菌,6.0,6,0.25959966190154665,0.8211950873350244,0.3301793517443334,0.6698206482556668,0.191966350987468,0.6825039174919859,0.6473245393446323
2022-01-24,食用菌,7.0,7,0.31282895624445284,0.8100609266104641,0.3354030821273778,0.6645969178726221,0.25959966190154665,0.8211950873350244,0.6698206482556668
2022-01-25,食用菌,7.0,7,0.3214870187315046,0.8750671514061191,0.3366832408380146,0.6633167591619853,0.31282895624445284,0.8100609266104641,0.6645969178726221
2022-01-26,食用菌,8.0,8,0.19687829624844377,0.6460151734963256,0.36531832853582286,0.6346816714641771,0.3214870187315046,0.8750671514061191,0.6633167591619853
2022-01-27,食用菌,8.0,8,0.22619255729328913,0.7796940904519597,0.36802880716210334,0.6319711928378966,0.19687829624844377,0.6460151734963256,0.6346816714641771
2022-01-28,食用菌,9.0,9,0.2321257502872054,0.8047556234379339,0.3747062799747532,0.6610058036380668,0.22619255729328913,0.7796940904519597,0.6319711928378966
2022-01-29,食用菌,7.0,7,0.2419969191066818,0.7758167633567533,0.37491820636801615,0.6497119342834113,0.2321257502872054,0.8047556234379339,0.6610058036380668
2022-01-30,食用菌,8.0,8,0.26000702958845,0.7770535230750159,0.4677377535845931,0.6280040780072695,0.2419969191066818,0.7758167633567533,0.6497119342834113
2022-02-01,食用菌,8.0,8,0.20138665676417455,0.667340009455452,0.39097910369629046,0.6719581032295768,,,
2022-02-02,食用菌,7.0,7,0.2492535848614244,0.7869242957559258,0.3914420319475149,0.8228700694555819,0.20138665676417455,0.667340009455452,0.6719581032295768
2022-02-03,食用菌,7.0,7,0.2638433500736343,0.7615921303518807,0.39534797685836304,0.6477406449840021,0.2492535848614244,0.7869242957559258,0.8228700694555819
2022-02-04,食用菌,7.0,7,0.23848551623943753,0.732195654968505,0.37902842770308415,0.6982964854666761,0.2638433500736343,0.7615921303518807,0.6477406449840021
2022-02-05,食用菌,10.0,10,0.17450803506030071,0.6172771368224419,0.4253268277206632,0.6934267278304739,0.23848551623943753,0.732195654968505,0.6982964854666761
2022-02-06,食用菌,9.0,9,0.33846740861329555,0.8068803234680011,0.42742932964813335,0.7121093094503785,0.17450803506030071,0.6172771368224419,0.6934267278304739
2022-02-07,食用菌,10.0,10,0.13013303045719912,0.5031868500503186,0.4324132593294746,0.719268434102273,0.33846740861329555,0.8068803234680011,0.7121093094503785
2022-02-08,食用菌,10.0,10,0.1406157482746498,0.505859862023107,0.3845366546409653,0.7516743289524938,0.13013303045719912,0.5031868500503186,0.719268434102273
2022-02-09,食用菌,9.0,11,0.20836308764046785,0.6422361367629174,0.4105192402574161,0.723310559206234,0.1406157482746498,0.505859862023107,0.7516743289524938
2022-02-10,食用菌,9.0,9,0.13188154389282342,0.5056264419228776,0.35307284135851236,0.7522800322661344,0.20836308764046785,0.6422361367629174,0.723310559206234
2022-02-11,食用菌,8.0,8,0.18407359022424769,0.6605374823196605,0.32858153967073805,0.721505876656093,0.13188154389282342,0.5056264419228776,0.7522800322661344
2022-02-12,食用菌,7.0,8,0.2948428756472342,0.8078216584990872,0.3332333048261769,0.7661056866584773,0.18407359022424769,0.6605374823196605,0.721505876656093
2022-02-13,食用菌,7.0,7,0.24025973304974518,0.7581737279938093,0.3317174000441705,0.813626592892909,0.2948428756472342,0.8078216584990872,0.7661056866584773
2022-02-14,食用菌,8.0,8,0.24625416824718493,0.7478105369342932,0.3350435160122231,0.7030284504630272,0.24025973304974518,0.7581737279938093,0.813626592892909
2022-02-15,食用菌,8.0,8,0.17620017892876882,0.6363371881591389,0.33728469822012985,0.7579086732094225,0.24625416824718493,0.7478105369342932,0.7030284504630272
2022-02-16,食用菌,7.0,8,0.18652117703625776,0.6518711923411663,0.3428647610476847,0.6571352389523153,0.17620017892876882,0.6363371881591389,0.7579086732094225
2022-02-17,食用菌,5.0,6,0.28168040452502663,0.8902505944759467,0.33098912724819596,0.6690108727518039,0.18652117703625776,0.6518711923411663,0.6571352389523153
2022-02-18,食用菌,6.0,6,0.21734574556564973,0.7225369372702258,0.47372304891893896,0.5445910063569257,0.28168040452502663,0.8902505944759467,0.6690108727518039
2022-02-19,食用菌,5.0,5,0.323584995484025,0.8786726791094573,0.43436177077929067,0.6343352186628287,0.21734574556564973,0.7225369372702258,0.5445910063569257
2022-02-20,食用菌,5.0,5,0.26048993079100236,0.862429495116247,0.4328069161103075,0.5671930838896927,0.323584995484025,0.8786726791094573,0.6343352186628287
2022-02-21,食用菌,4.0,4,0.3270949205580933,0.9106903634902206,0.4344694454740872,0.5655305545259128,0.26048993079100236,0.862429495116247,0.5671930838896927
2022-02-22,食用菌,3.0,3,0.3388767090876901,1.0,0.42635673373294547,0.5736432662670545,0.3270949205580933,0.9106903634902206,0.5655305545259128
2022-02-23,食用菌,5.0,5,0.2526391485751493,0.8233111490664939,0.4411660968622448,0.5860018993398751,0.3388767090876901,1.0,0.5736432662670545
2022-02-24,食用菌,4.0,5,0.2921641773912624,0.8850442579606851,0.43900875177473864,0.6278404727969971,0.2526391485751493,0.8233111490664939,0.5860018993398751
2022-02-25,食用菌,5.0,5,0.2969461292880731,0.9104424144725058,0.4453739553735754,0.5546260446264246,0.2921641773912624,0.8850442579606851,0.6278404727969971
2022-02-26,食用菌,6.0,6,0.21921585565142834,0.7307001795332136,0.47755863361110296,0.5937874478685616,0.2969461292880731,0.9104424144725058,0.5546260446264246
2022-02-27,食用菌,4.0,5,0.29566549256709607,0.8878420816509645,0.4230664422892329,0.5883931954128273,0.21921585565142834,0.7307001795332136,0.5937874478685616
2022-02-28,食用菌,3.0,4,0.40207599854510495,1.0,0.43695381303192155,0.5630461869680784,0.29566549256709607,0.8878420816509645,0.5883931954128273
2022-03-01,食用菌,5.0,5,0.235128263556793,0.7791519434628975,0.472698033835262,0.5273019661647379,0.40207599854510495,1.0,0.5630461869680784
2022-03-02,食用菌,4.0,4,0.30167030374338516,0.8883679392721591,0.44500969966174303,0.554990300338257,0.235128263556793,0.7791519434628975,0.5273019661647379
2022-03-03,食用菌,6.0,6,0.21751058627065065,0.7423510466988728,0.48406729392896103,0.5552384872439277,0.30167030374338516,0.8883679392721591,0.554990300338257
2022-03-04,食用菌,5.0,5,0.33733846230931924,0.93081499930815,0.4753463277296347,0.5874458258140405,0.21751058627065065,0.7423510466988728,0.5552384872439277
2022-03-05,食用菌,7.0,7,0.20417672042162846,0.7034840622683468,0.48838811296163726,0.5799029798850046,0.33733846230931924,0.93081499930815,0.5874458258140405
2022-03-06,食用菌,5.0,5,0.24934666342771428,0.7965567225287999,0.4790204716620798,0.5264261045129283,0.20417672042162846,0.7034840622683468,0.5799029798850046
2022-03-07,食用菌,4.0,4,0.28948105519929523,0.9207983526057342,0.45199665021468166,0.5480033497853183,0.24934666342771428,0.7965567225287999,0.5264261045129283
2022-03-08,食用菌,5.0,5,0.37240695913927657,0.911677071509648,0.4631774270189998,0.7876059578764039,0.28948105519929523,0.9207983526057342,0.5480033497853183
2022-03-09,食用菌,6.0,7,0.26056902564130713,0.8087039693926351,0.22881518861101444,0.7711848113889856,0.37240695913927657,0.911677071509648,0.7876059578764039
2022-03-10,食用菌,4.0,4,0.35395085066162574,0.9304347826086957,0.20282381382403844,0.7971761861759615,0.26056902564130713,0.8087039693926351,0.7711848113889856
2022-03-11,食用菌,3.0,3,0.4184104159118393,1.0,0.05088329663374676,0.9491167033662531,0.35395085066162574,0.9304347826086957,0.7971761861759615
2022-03-12,食用菌,3.0,4,0.3688840629694225,1.0,0.20060384668426337,0.7993961533157365,0.4184104159118393,1.0,0.9491167033662531
2022-03-13,食用菌,7.0,7,0.3081654722167886,0.8799261342174844,0.4730283820674095,0.741496702873276,0.3688840629694225,1.0,0.7993961533157365
2022-03-14,食用菌,4.0,4,0.2891708499201901,0.9001610305958132,0.20736886932328522,0.7926311306767149,0.3081654722167886,0.8799261342174844,0.741496702873276
2022-03-15,食用菌,7.0,7,0.30508088147094603,0.9026980482204362,0.20814420804049114,0.7918557919595088,0.2891708499201901,0.9001610305958132,0.7926311306767149
2022-03-16,食用菌,7.0,8,0.2680587656146803,0.7978395061728396,0.21083211338275276,0.789167886617247,0.30508088147094603,0.9026980482204362,0.7918557919595088
2022-03-17,食用菌,6.0,6,0.3048477453893731,0.8632982703226091,0.21126635538217053,0.7887336446178296,0.2680587656146803,0.7978395061728396,0.789167886617247
2022-03-18,食用菌,8.0,10,0.4705258032763431,0.8673719610453303,0.24205127173213273,0.7759719795574439,0.3048477453893731,0.8632982703226091,0.7887336446178296
2022-03-19,食用菌,6.0,7,0.2578219417259976,0.8050852831145774,0.24332513251974675,0.7566748674802533,0.4705258032763431,0.8673719610453303,0.7759719795574439
2022-03-20,食用菌,6.0,6,0.31526628402366863,0.8781282051282051,0.2462286778470376,0.7537713221529624,0.2578219417259976,0.8050852831145774,0.7566748674802533
2022-03-21,食用菌,8.0,8,0.29145160530437253,0.9166488565932893,0.22405797478778344,0.7759420252122166,0.31526628402366863,0.8781282051282051,0.7537713221529624
2022-03-22,食用菌,8.0,9,0.2124673507187536,0.711939376199304,0.25101204357376977,0.7489879564262303,0.29145160530437253,0.9166488565932893,0.7759420252122166
2022-03-23,食用菌,7.0,7,0.2896103960427319,0.8678171538376263,0.2524931534315066,0.7604220885546661,0.2124673507187536,0.711939376199304,0.7489879564262303
2022-03-24,食用菌,6.0,6,0.254914963807339,0.8184027394233955,0.25363633339889097,0.796802831060637,0.2896103960427319,0.8678171538376263,0.7604220885546661
2022-03-25,食用菌,8.0,8,0.25846753231333397,0.822842143188018,0.2524623585925379,0.7475376414074622,0.254914963807339,0.8184027394233955,0.796802831060637
2022-03-26,食用菌,5.0,6,0.34675908518623594,0.9813635114541959,0.22221190005599248,0.7777880999440077,0.25846753231333397,0.822842143188018,0.7475376414074622
2022-03-27,食用菌,7.0,8,0.2302982481615935,0.7570093457943925,0.25573600835274807,0.813759837047543,0.34675908518623594,0.9813635114541959,0.7777880999440077
2022-03-28,食用菌,6.0,6,0.30019022269946893,0.8640233403481921,0.2501416002456933,0.7498583997543068,0.2302982481615935,0.7570093457943925,0.813759837047543
2022-03-29,食用菌,6.0,8,0.2836851775470821,0.8804847841472047,0.25581512338621665,0.7441848766137833,0.30019022269946893,0.8640233403481921,0.7498583997543068
2022-03-30,食用菌,7.0,7,0.3066352061584599,0.9130653726423731,0.2521452296755685,0.7478547703244315,0.2836851775470821,0.8804847841472047,0.7441848766137833
2022-03-31,食用菌,6.0,6,0.27302677398445413,0.8175018127695302,0.25326467614872195,0.746735323851278,0.3066352061584599,0.9130653726423731,0.7478547703244315
2022-04-01,食用菌,7.0,7,0.32165497540966315,0.8673209549071619,0.2543498576613159,0.7456501423386839,0.27302677398445413,0.8175018127695302,0.746735323851278
2022-04-02,食用菌,5.0,6,0.38041678800275364,0.9228265922826591,0.22721876982291417,0.7727812301770858,0.32165497540966315,0.8673209549071619,0.7456501423386839
2022-04-03,食用菌,5.0,5,0.3646986638158705,0.9355728520720181,0.49080164304737295,0.6281356488282549,0.38041678800275364,0.9228265922826591,0.7727812301770858
2022-04-04,食用菌,5.0,5,0.34318381149265237,0.9672114908370479,0.09978710669965157,0.9002128933003483,0.3646986638158705,0.9355728520720181,0.6281356488282549
2022-04-05,食用菌,6.0,6,0.35905044783768914,0.9330026412420279,0.2280110956908635,0.7719889043091366,0.34318381149265237,0.9672114908370479,0.9002128933003483
2022-04-06,食用菌,6.0,6,0.3373199290605666,0.9302255183895868,0.2572573611251784,0.7450827036035809,0.35905044783768914,0.9330026412420279,0.7719889043091366
2022-04-07,食用菌,6.0,7,0.2940435987146495,0.8014141002107553,0.2589058897586096,0.7410941102413904,0.3373199290605666,0.9302255183895868,0.7450827036035809
2022-04-08,食用菌,4.0,7,0.27649784575831443,0.8715643462625227,0.2576162596575744,0.7423837403424255,0.2940435987146495,0.8014141002107553,0.7410941102413904
2022-04-09,食用菌,8.0,8,0.27451385680076507,0.8354810634773576,0.265571916574675,0.7352505999934492,0.27649784575831443,0.8715643462625227,0.7423837403424255
2022-04-10,食用菌,6.0,6,0.3296174624280602,0.8824353411459223,0.26055617176046136,0.7394438282395388,0.27451385680076507,0.8354810634773576,0.7352505999934492
2022-04-11,食用菌,4.0,5,0.3663584053532646,0.9598665223665224,0.10888572630201214,0.8911142736979878,0.3296174624280602,0.8824353411459223,0.7394438282395388
2022-04-12,食用菌,7.0,7,0.2895710295995177,0.7879470905747671,0.26203586397538325,0.8294429596014897,0.3663584053532646,0.9598665223665224,0.8911142736979878
2022-04-13,食用菌,6.0,6,0.35846980012030133,0.8933328848223896,0.2615136451050145,0.7384863548949857,0.2895710295995177,0.7879470905747671,0.8294429596014897
2022-04-14,食用菌,5.0,5,0.3226004408754516,0.9414053453147437,0.26247805977809463,0.7375219402219054,0.35846980012030133,0.8933328848223896,0.7384863548949857
2022-04-15,食用菌,7.0,7,0.26611663552730813,0.8131899018806216,0.5182338062427942,0.7244875364067103,0.3226004408754516,0.9414053453147437,0.7375219402219054
2022-04-16,食用菌,8.0,8,0.22859356534484848,0.7400079459674215,0.267439643684773,0.732560356315227,0.26611663552730813,0.8131899018806216,0.7244875364067103
2022-04-17,食用菌,10.0,11,0.20353847712064557,0.7082461713282198,0.33602421749826666,0.6680554357890915,0.22859356534484848,0.7400079459674215,0.732560356315227
2022-04-18,食用菌,9.0,10,0.21366344537536847,0.6770194921893,0.29043165787896996,0.7095683421210301,0.20353847712064557,0.7082461713282198,0.6680554357890915
2022-04-19,食用菌,10.0,10,0.12480562995445015,0.4854221672939722,0.3411701620547179,0.700148803057797,0.21366344537536847,0.6770194921893,0.7095683421210301
2022-04-20,食用菌,9.0,9,0.24418827958423142,0.6747336433200307,0.31095643547117474,0.6890435645288252,0.12480562995445015,0.4854221672939722,0.700148803057797
2022-04-21,食用菌,8.0,9,0.28297605783687857,0.8223288339567411,0.3381871797607635,0.7187492278256271,0.24418827958423142,0.6747336433200307,0.6890435645288252
2022-04-22,食用菌,7.0,9,0.21221205845131547,0.7313378519765273,0.3397379524228951,0.6602620475771048,0.28297605783687857,0.8223288339567411,0.7187492278256271
2022-04-23,食用菌,7.0,8,0.21830132096988566,0.7282156885177135,0.34049260855089974,0.6595073914491004,0.21221205845131547,0.7313378519765273,0.6602620475771048
2022-04-24,食用菌,9.0,9,0.16212161171432826,0.5764792851862566,0.34406467647040806,0.6559353235295918,0.21830132096988566,0.7282156885177135,0.6595073914491004
2022-04-25,食用菌,7.0,8,0.2979985226184306,0.88314332247557,0.3116854037494427,0.7072959989324515,0.16212161171432826,0.5764792851862566,0.6559353235295918
2022-04-26,食用菌,6.0,7,0.28422469198183703,0.8444728026798533,0.31608180924672014,0.6839181907532799,0.2979985226184306,0.88314332247557,0.7072959989324515
2022-04-27,食用菌,9.0,9,0.200568267903042,0.6896059976368007,0.28024314462136635,0.7197568553786339,0.28422469198183703,0.8444728026798533,0.6839181907532799
2022-04-28,食用菌,7.0,8,0.2722956932114533,0.7788884446221511,0.2797439165957654,0.8050312055799149,0.200568267903042,0.6896059976368007,0.7197568553786339
2022-04-29,食用菌,7.0,8,0.3892338125302277,0.83273095272517,0.25046837871608524,0.8036781829634738,0.2722956932114533,0.7788884446221511,0.8050312055799149
2022-04-30,食用菌,4.0,5,0.3784603362888176,0.9703826560834026,0.24668784637812838,0.7533121536218716,0.3892338125302277,0.83273095272517,0.8036781829634738
2022-05-01,食用菌,4.0,4,0.36884930937380683,0.9880995911312037,0.24983657997079695,0.7501634200292029,0.3784603362888176,0.9703826560834026,0.7533121536218716
2022-05-02,食用菌,4.0,4,0.4111634971163741,0.9514457041586752,0.28029117000123316,0.719708829998767,0.36884930937380683,0.9880995911312037,0.7501634200292029
2022-05-03,食用菌,3.0,3,0.4602249062890463,1.0,0.252335403881164,0.7486054547262496,0.4111634971163741,0.9514457041586752,0.719708829998767
2022-05-04,食用菌,4.0,4,0.38721291460234863,0.9944590151822985,0.495589291204413,0.740095097054489,0.4602249062890463,1.0,0.7486054547262496
2022-05-05,食用菌,4.0,4,0.3937091477190107,0.9924670433145009,0.49573142760699873,0.7352735624623854,0.38721291460234863,0.9944590151822985,0.740095097054489
2022-05-06,食用菌,4.0,4,0.40492039547118597,0.9768171070216921,0.49443864541304844,0.7181388059724656,0.3937091477190107,0.9924670433145009,0.7352735624623854
2022-05-07,食用菌,5.0,5,0.3628291761069109,0.9113396577710788,0.18861343508362366,0.8128626213008948,0.40492039547118597,0.9768171070216921,0.7181388059724656
2022-05-08,食用菌,4.0,4,0.36167234461762315,0.9144494824193686,0.18796978237280018,0.8120302176271996,0.3628291761069109,0.9113396577710788,0.8128626213008948
2022-05-09,食用菌,6.0,6,0.35098105061407375,0.8808850242696762,0.19515987469102575,0.8048401253089741,0.36167234461762315,0.9144494824193686,0.8120302176271996
2022-05-10,食用菌,3.0,3,0.5207256066818037,1.0,0.11322064059127461,0.8867793594087252,0.35098105061407375,0.8808850242696762,0.8048401253089741
2022-05-11,食用菌,3.0,3,0.41881301845981544,1.0,0.16306135164233002,0.83693864835767,0.5207256066818037,1.0,0.8867793594087252
2022-05-12,食用菌,4.0,4,0.4204710742268071,0.9522102747909199,0.1966518448478475,0.8033481551521524,0.41881301845981544,1.0,0.83693864835767
2022-05-13,食用菌,6.0,6,0.2736623228202727,0.8406374501992031,0.20392988521113917,0.7960701147888609,0.4204710742268071,0.9522102747909199,0.8033481551521524
2022-05-14,食用菌,5.0,5,0.37458683797520326,0.9557713858797161,0.424060093332961,0.7918258161327345,0.2736623228202727,0.8406374501992031,0.7960701147888609
2022-05-15,食用菌,5.0,5,0.4220146319701553,0.9634308895972182,0.4253238888535693,0.7919423751236808,0.37458683797520326,0.9557713858797161,0.7918258161327345
2022-05-16,食用菌,3.0,3,0.4795392831905192,1.0,0.1737107798475533,0.833335524149222,0.4220146319701553,0.9634308895972182,0.7919423751236808
2022-05-17,食用菌,5.0,5,0.3373331149760923,0.8905366577069238,0.27610076518058563,0.7760927451856643,0.4795392831905192,1.0,0.833335524149222
2022-05-18,食用菌,3.0,3,0.46794640026550194,1.0,0.17612402144646636,0.8343649616614075,0.3373331149760923,0.8905366577069238,0.7760927451856643
2022-05-19,食用菌,3.0,3,0.5430423152522694,1.0,0.1479010616958915,0.8520989383041084,0.46794640026550194,1.0,0.8343649616614075
2022-05-20,食用菌,3.0,3,0.39300885915626427,0.9999999999999999,0.1790606905813876,0.8209393094186124,0.5430423152522694,1.0,0.8520989383041084
2022-05-21,食用菌,5.0,5,0.3722215844401189,0.9540060711986018,0.2174975536017241,0.7916196774116347,0.39300885915626427,0.9999999999999999,0.8209393094186124
2022-05-22,食用菌,5.0,5,0.3608009597608112,0.9145226087699804,0.22033491784903508,0.7796650821509649,0.3722215844401189,0.9540060711986018,0.7916196774116347
2022-05-23,食用菌,2.0,2,0.6617022534285435,1.0,0.09205201508610258,0.9079479849138974,0.3608009597608112,0.9145226087699804,0.7796650821509649
2022-05-24,食用菌,3.0,3,0.35714833847486677,1.0,0.18655909584964914,0.8134409041503511,0.6617022534285435,1.0,0.9079479849138974
2022-05-25,食用菌,3.0,3,0.33598997599658165,1.0,0.12433133768196218,0.8756686623180377,0.35714833847486677,1.0,0.8134409041503511
2022-05-26,食用菌,4.0,4,0.2960850580227938,0.8583903705451971,0.19061518216998666,0.8093848178300134,0.33598997599658165,1.0,0.8756686623180377
2022-05-27,食用菌,4.0,4,0.3702341324731075,0.9482079966853117,0.2239880502386509,0.7885344443673842,0.2960850580227938,0.8583903705451971,0.8093848178300134
2022-05-28,食用菌,5.0,5,0.25371987848183664,0.7992281437526491,0.22684471832706474,0.7831108189859098,0.3702341324731075,0.9482079966853117,0.7885344443673842
2022-05-29,食用菌,3.0,3,0.3530150170409895,1.0000000000000002,0.13209316793602682,0.8679068320639735,0.25371987848183664,0.7992281437526491,0.7831108189859098
2022-05-30,食用菌,4.0,5,0.3260694786358124,0.9314364072677407,0.23002670685542248,0.7699732931445775,0.3530150170409895,1.0000000000000002,0.8679068320639735
2022-05-31,食用菌,5.0,5,0.24464362050733507,0.7744827197383999,0.23351625546772797,0.7706390761343666,0.3260694786358124,0.9314364072677407,0.7699732931445775
2022-06-01,食用菌,5.0,5,0.24788904310487264,0.8033873549981743,0.2358535200498889,0.7684432229119864,0.24464362050733507,0.7744827197383999,0.7706390761343666
2022-06-02,食用菌,5.0,5,0.2499086717438203,0.830532410676458,0.2389673281506935,0.7610326718493063,0.24788904310487264,0.8033873549981743,0.7684432229119864
2022-06-03,食用菌,4.0,4,0.2874668761283584,0.8855255196323734,0.21030790671307065,0.7896920932869296,0.2499086717438203,0.830532410676458,0.7610326718493063
2022-06-04,食用菌,4.0,4,0.28434340604916947,0.8614877518915275,0.2158892257797539,0.7841107742202461,0.2874668761283584,0.8855255196323734,0.7896920932869296
2022-06-05,食用菌,4.0,4,0.27370200639520054,0.851371101587852,0.21656846268297886,0.7834315373170211,0.28434340604916947,0.8614877518915275,0.7841107742202461
2022-06-06,食用菌,5.0,5,0.27253008322853667,0.882550992444114,0.25240475682921587,0.7475952431707844,0.27370200639520054,0.851371101587852,0.7834315373170211
2022-06-07,食用菌,5.0,5,0.2363356101659998,0.781833043107431,0.2548518508500938,0.7451481491499062,0.27253008322853667,0.882550992444114,0.7475952431707844
2022-06-08,食用菌,4.0,4,0.25607620054726876,0.7732220609579099,0.2242445090743812,0.7757554909256187,0.2363356101659998,0.781833043107431,0.7451481491499062
2022-06-09,食用菌,4.0,4,0.27651784334166774,0.8682361208713985,0.22674118383362446,0.7732588161663756,0.25607620054726876,0.7732220609579099,0.7757554909256187
2022-06-10,食用菌,5.0,5,0.21679749464224435,0.7216921119592874,0.26418130284263397,0.7358186971573659,0.27651784334166774,0.8682361208713985,0.7732588161663756
2022-06-11,食用菌,4.0,4,0.3079992947757258,0.9155714406326512,0.2340225283390706,0.7659774716609291,0.21679749464224435,0.7216921119592874,0.7358186971573659
2022-06-12,食用菌,5.0,5,0.23470415484395588,0.767407438733005,0.27062878783858446,0.7293712121614154,0.3079992947757258,0.9155714406326512,0.7659774716609291
2022-06-13,食用菌,5.0,5,0.24698616379739508,0.8182589204579876,0.27402883010766943,0.7259711698923307,0.23470415484395588,0.767407438733005,0.7293712121614154
2022-06-14,食用菌,3.0,3,0.426069928759832,1.0000000000000002,0.16190870263959475,0.8380912973604052,0.24698616379739508,0.8182589204579876,0.7259711698923307
2022-06-15,食用菌,4.0,4,0.2634853397936944,0.8475784018595434,0.24500654351491422,0.7549934564850858,0.426069928759832,1.0000000000000002,0.8380912973604052
2022-06-16,食用菌,5.0,5,0.25614341860061307,0.8078647367746893,0.28228301954469026,0.7196990249465831,0.2634853397936944,0.8475784018595434,0.7549934564850858
2022-06-17,食用菌,5.0,5,0.25798191970121004,0.8264290673455219,0.28721744406987076,0.7180362740135358,0.25614341860061307,0.8078647367746893,0.7196990249465831
2022-06-18,食用菌,5.0,5,0.22751836155136468,0.7619356793490022,0.2924183702487646,0.7075816297512354,0.25798191970121004,0.8264290673455219,0.7180362740135358
2022-06-19,食用菌,5.0,5,0.24742264139869038,0.7934408886537953,0.29657858995122627,0.7178375976548369,0.22751836155136468,0.7619356793490022,0.7075816297512354
2022-06-20,食用菌,5.0,5,0.2640591948485389,0.8104624715693707,0.30067735807598567,0.7025546773371859,0.24742264139869038,0.7934408886537953,0.7178375976548369
2022-06-21,食用菌,4.0,5,0.38638689361191136,0.9753395015669302,0.3782352302376478,0.7125570149723984,0.2640591948485389,0.8104624715693707,0.7025546773371859
2022-06-22,食用菌,5.0,5,0.253600612683341,0.814464177670214,0.4583367329355111,0.6155006652485024,0.38638689361191136,0.9753395015669302,0.7125570149723984
2022-06-23,食用菌,4.0,5,0.284992723579975,0.8430634023854363,0.37797483317065517,0.6316939020808994,0.253600612683341,0.814464177670214,0.6155006652485024
2022-06-24,食用菌,3.0,4,0.4478353309347117,1.0,0.36033911315115663,0.6396608868488434,0.284992723579975,0.8430634023854363,0.6316939020808994
2022-06-25,食用菌,4.0,4,0.25991283868834225,0.8301734389373779,0.3823815808279163,0.6316737225091404,0.4478353309347117,1.0,0.6396608868488434
2022-06-26,食用菌,5.0,5,0.27125309448287577,0.8073029870210521,0.420148283033007,0.6060569981164748,0.25991283868834225,0.8301734389373779,0.6316737225091404
2022-06-27,食用菌,4.0,4,0.47769166304885713,0.968054211035818,0.39958872593412215,0.7526864099330988,0.27125309448287577,0.8073029870210521,0.6060569981164748
2022-06-28,食用菌,5.0,5,0.3459683113905038,0.9462416464604649,0.39126751576860486,0.7688345717140911,0.47769166304885713,0.968054211035818,0.7526864099330988
2022-06-29,食用菌,7.0,7,0.231644950526319,0.8046229244385926,0.511215151568231,0.7062380409206176,0.3459683113905038,0.9462416464604649,0.7688345717140911
2022-06-30,食用菌,6.0,6,0.2659980570222269,0.8494607770719457,0.42910298120236423,0.7508249969459762,0.231644950526319,0.8046229244385926,0.7062380409206176
2022-07-01,食用菌,4.0,4,0.41467813789825475,0.9868568608980398,0.39355073404061314,0.7740818994522627,0.2659980570222269,0.8494607770719457,0.7508249969459762
2022-07-02,食用菌,4.0,4,0.42474564027911527,0.9359323445558511,0.3304621730893753,0.7796820401302099,0.41467813789825475,0.9868568608980398,0.7740818994522627
2022-07-03,食用菌,5.0,5,0.36145163068834174,0.9238159758576091,0.4325383207382208,0.7076055160813625,0.42474564027911527,0.9359323445558511,0.7796820401302099
2022-07-04,食用菌,5.0,5,0.3308120917900392,0.8939092275811629,0.398360307096098,0.7556830636092821,0.36145163068834174,0.9238159758576091,0.7076055160813625
2022-07-05,食用菌,5.0,5,0.3051757566103349,0.8923335797873697,0.43557331292971113,0.711099587990156,0.3308120917900392,0.8939092275811629,0.7556830636092821
2022-07-06,食用菌,6.0,6,0.2923436075138815,0.8338958821427153,0.4378034053668431,0.6919373882726935,0.3051757566103349,0.8923335797873697,0.711099587990156
2022-07-07,食用菌,5.0,5,0.49603159242532735,0.8949252474205096,0.401883946213237,0.7196451773201907,0.2923436075138815,0.8338958821427153,0.6919373882726935
2022-07-08,食用菌,5.0,6,0.43079047799227904,0.9239704329461457,0.34872997127467215,0.7903492924299577,0.49603159242532735,0.8949252474205096,0.7196451773201907
2022-07-09,食用菌,7.0,7,0.25934422110395866,0.786275911365261,0.3514804818540755,0.752502552319566,0.43079047799227904,0.9239704329461457,0.7903492924299577
2022-07-10,食用菌,7.0,7,0.3711365762749593,0.8715525255655409,0.35284232592385906,0.8008430226968529,0.25934422110395866,0.786275911365261,0.752502552319566
2022-07-11,食用菌,6.0,6,0.26355607371433654,0.7605172826694341,0.3536069181771993,0.6500146160060647,0.3711365762749593,0.8715525255655409,0.8008430226968529
2022-07-12,食用菌,4.0,4,0.3597321205013752,0.9282356740464315,0.2846178153167855,0.7153821846832146,0.26355607371433654,0.7605172826694341,0.6500146160060647
2022-07-13,食用菌,7.0,7,0.24174538608508273,0.7121920536743894,0.3598980436062745,0.6401019563937255,0.3597321205013752,0.9282356740464315,0.7153821846832146
2022-07-14,食用菌,7.0,7,0.2025594196087773,0.6966968538972935,0.362469609484778,0.6375303905152219,0.24174538608508273,0.7121920536743894,0.6401019563937255
2022-07-15,食用菌,9.0,10,0.1637303447362145,0.6237285821557785,0.3322436159901202,0.6677563840098797,0.2025594196087773,0.6966968538972935,0.6375303905152219
2022-07-16,食用菌,8.0,9,0.2713108959558825,0.7767842257619618,0.36711626485899734,0.6559064241425974,0.1637303447362145,0.6237285821557785,0.6677563840098797
2022-07-17,食用菌,9.0,10,0.22819966364258482,0.7881969643160447,0.3723381122327111,0.6349267268592657,0.2713108959558825,0.7767842257619618,0.6559064241425974
2022-07-18,食用菌,6.0,6,0.2948916973319017,0.8526264488377513,0.3690638381111191,0.6479682493676185,0.22819966364258482,0.7881969643160447,0.6349267268592657
2022-07-19,食用菌,8.0,8,0.2455022097800838,0.7804679070501854,0.3380822497598443,0.6739305446453674,0.2948916973319017,0.8526264488377513,0.6479682493676185
2022-07-20,食用菌,5.0,6,0.3782161631026015,0.9408546905222437,0.29258587508183365,0.7074141249181662,0.2455022097800838,0.7804679070501854,0.6739305446453674
2022-07-21,食用菌,7.0,8,0.18457328537845885,0.6843954591867378,0.3351323701333989,0.6648676298666011,0.3782161631026015,0.9408546905222437,0.7074141249181662
2022-07-22,食用菌,9.0,9,0.19165040522119306,0.6747601663978267,0.3791711902406212,0.6625209073803351,0.18457328537845885,0.6843954591867378,0.6648676298666011
2022-07-23,食用菌,8.0,8,0.2668454650861755,0.7977145451793554,0.3768028757665176,0.6824174014054136,0.19165040522119306,0.6747601663978267,0.6625209073803351
2022-07-24,食用菌,9.0,9,0.17619032206445281,0.617664810056733,0.46290705970828705,0.6215035369870548,0.2668454650861755,0.7977145451793554,0.6824174014054136
2022-07-25,食用菌,9.0,9,0.19351820837099992,0.653707207982109,0.3843477429228846,0.6682010595608852,0.17619032206445281,0.617664810056733,0.6215035369870548
2022-07-26,食用菌,9.0,9,0.19188343368755437,0.7000792742006517,0.3864252763673629,0.6217685506465079,0.19351820837099992,0.653707207982109,0.6682010595608852
2022-07-27,食用菌,8.0,9,0.22437560688433109,0.6741809754555989,0.38198391114102614,0.6743591933596532,0.19188343368755437,0.7000792742006517,0.6217685506465079
2022-07-28,食用菌,9.0,11,0.19629661899084327,0.60743417090929,0.3891627570393643,0.6377154037949002,0.22437560688433109,0.6741809754555989,0.6743591933596532
2022-07-29,食用菌,12.0,12,0.14425651640833162,0.5675104967220762,0.49027971275653953,0.5680091397362159,0.19629661899084327,0.60743417090929,0.6377154037949002
2022-07-30,食用菌,9.0,10,0.27141632381330405,0.759257242430843,0.4716039835027168,0.5990868150027612,0.14425651640833162,0.5675104967220762,0.5680091397362159
2022-07-31,食用菌,6.0,6,0.3407126087154481,0.8642124254264114,0.339501320497636,0.7213482325794771,0.27141632381330405,0.759257242430843,0.5990868150027612
2022-08-01,食用菌,8.0,8,0.194019972723936,0.6491484184914841,0.22552106206819442,0.7744789379318056,0.3407126087154481,0.8642124254264114,0.7213482325794771
2022-08-02,食用菌,7.0,9,0.2892096177007639,0.7902719215213838,0.4125581581560134,0.6490369844611495,0.194019972723936,0.6491484184914841,0.7744789379318056
2022-08-03,食用菌,9.0,9,0.19394128047748632,0.6674093701071903,0.39796246613118125,0.6496930392203194,0.2892096177007639,0.7902719215213838,0.6490369844611495
2022-08-04,食用菌,9.0,9,0.2322006040341909,0.7176352346729449,0.39976517842917514,0.6728213635285594,0.19394128047748632,0.6674093701071903,0.6496930392203194
2022-08-05,食用菌,8.0,9,0.1878093633033748,0.6465088703425002,0.31705895352170405,0.7090371337698608,0.2322006040341909,0.7176352346729449,0.6728213635285594
2022-08-06,食用菌,8.0,8,0.1998797078820642,0.6905559195360462,0.3993726022245935,0.6606342267565222,0.1878093633033748,0.6465088703425002,0.7090371337698608
2022-08-07,食用菌,8.0,8,0.2877592355206622,0.817716003553911,0.39789219981069945,0.6718097780944999,0.1998797078820642,0.6905559195360462,0.6606342267565222
2022-08-08,食用菌,9.0,9,0.16625129099709784,0.6194978806651451,0.40987492461208297,0.6370719451133625,0.2877592355206622,0.817716003553911,0.6718097780944999
2022-08-09,食用菌,8.0,8,0.15428509810233448,0.5748828458442938,0.3664173877769007,0.7102143775482922,0.16625129099709784,0.6194978806651451,0.6370719451133625
2022-08-10,食用菌,5.0,5,0.22720675609712332,0.7724395938229586,0.2333207532455985,0.7666792467544015,0.15428509810233448,0.5748828458442938,0.7102143775482922
2022-08-11,食用菌,6.0,7,0.28698432312800304,0.7460295975455693,0.35518128151420925,0.7026890554134879,0.22720675609712332,0.7724395938229586,0.7666792467544015
2022-08-12,食用菌,6.0,6,0.28804206833426743,0.8279516476237788,0.3032923333569528,0.751096315898248,0.28698432312800304,0.7460295975455693,0.7026890554134879
2022-08-13,食用菌,7.0,7,0.24570813478370332,0.744904282579932,0.31164391615783804,0.6883560838421618,0.28804206833426743,0.8279516476237788,0.751096315898248
2022-08-14,食用菌,7.0,7,0.16242733102626336,0.579888097141205,0.3138160650861013,0.6861839349138985,0.24570813478370332,0.744904282579932,0.6883560838421618
2022-08-15,食用菌,7.0,7,0.20636274417440437,0.6737456034904946,0.3163073095987876,0.7039055836977949,0.16242733102626336,0.579888097141205,0.6861839349138985
2022-08-16,食用菌,9.0,9,0.1934568283270332,0.6301814922697737,0.31865547443299275,0.7418478591947313,0.20636274417440437,0.6737456034904946,0.7039055836977949
2022-08-17,食用菌,7.0,8,0.21369407243797595,0.6912738214643932,0.3129979406304795,0.6870020593695205,0.1934568283270332,0.6301814922697737,0.7418478591947313
2022-08-18,食用菌,8.0,8,0.423152889559638,0.8558992855656518,0.3219947149358413,0.6830469684555451,0.21369407243797595,0.6912738214643932,0.6870020593695205
2022-08-19,食用菌,9.0,9,0.18372822691307106,0.6218973323877585,0.17799616172111762,0.8220038382788822,0.423152889559638,0.8558992855656518,0.6830469684555451
2022-08-20,食用菌,7.0,7,0.2413838851424524,0.6816322821048805,0.1812003384152657,0.8187996615847344,0.18372822691307106,0.6218973323877585,0.8220038382788822
2022-08-21,食用菌,8.0,9,0.229420802454265,0.7224923278507638,0.22993136990035118,0.79758954954835,0.2413838851424524,0.6816322821048805,0.8187996615847344
2022-08-22,食用菌,7.0,7,0.3608549697653671,0.8269040227227691,0.1886432075267047,0.8113567924732953,0.229420802454265,0.7224923278507638,0.79758954954835
2022-08-23,食用菌,7.0,7,0.3428688993232251,0.7814537107880642,0.19071743714276534,0.8092825628572348,0.3608549697653671,0.8269040227227691,0.8113567924732953
2022-08-24,食用菌,7.0,7,0.24749744217021669,0.6670024503130955,0.19314404824200498,0.8068559517579948,0.3428688993232251,0.7814537107880642,0.8092825628572348
2022-08-25,食用菌,8.0,8,0.16000217076794285,0.5846678918351274,0.19733747926177478,0.8026625207382251,0.24749744217021669,0.6670024503130955,0.8068559517579948
2022-08-26,食用菌,8.0,9,0.32968514416677863,0.7262486938349008,0.34770773660788634,0.7849111316497511,0.16000217076794285,0.5846678918351274,0.8026625207382251
2022-08-27,食用菌,10.0,10,0.17373582144816577,0.618966253737719,0.3609229860455766,0.7805004598996131,0.32968514416677863,0.7262486938349008,0.7849111316497511
2022-08-28,食用菌,8.0,8,0.27347628863361767,0.7192782199427704,0.3884481600539608,0.6624987410917654,0.17373582144816577,0.618966253737719,0.7805004598996131
2022-08-29,食用菌,7.0,7,0.22599809990018327,0.7182272050451082,0.21345747283599048,0.7865425271640096,0.27347628863361767,0.7192782199427704,0.6624987410917654
2022-08-30,食用菌,7.0,7,0.17577292678954376,0.5930542898060148,0.20406617516037334,0.7959338248396267,0.22599809990018327,0.7182272050451082,0.7865425271640096
2022-08-31,食用菌,5.0,5,0.2239846251250724,0.7233918747355058,0.0645424566906904,0.9354575433093095,0.17577292678954376,0.5930542898060148,0.7959338248396267
2022-09-01,食用菌,6.0,6,0.36136367148930904,0.8571657041314972,0.3297569144324397,0.6702801296517522,0.2239846251250724,0.7233918747355058,0.9354575433093095
2022-09-02,食用菌,7.0,7,0.2818340252581135,0.7900382964979468,0.3330481529433731,0.6669518470566271,0.36136367148930904,0.8571657041314972,0.6702801296517522
2022-09-03,食用菌,7.0,7,0.250533143809,0.7354630770689166,0.40095944445109755,0.6094356600305955,0.2818340252581135,0.7900382964979468,0.6669518470566271
2022-09-04,食用菌,8.0,8,0.21240482855694703,0.689667461688187,0.42151589402021417,0.8437126467127547,0.250533143809,0.7354630770689166,0.6094356600305955
2022-09-05,食用菌,6.0,7,0.3747982122246387,0.8471351724818635,0.26668120836105835,0.8691528711508397,0.21240482855694703,0.689667461688187,0.8437126467127547
2022-09-06,食用菌,7.0,7,0.20219848738718263,0.6924207131338471,0.28329802088760625,0.7167019791123939,0.3747982122246387,0.8471351724818635,0.8691528711508397
2022-09-07,食用菌,8.0,8,0.18395318409714395,0.6451612903225806,0.36653316323285834,0.6928944116540012,0.20219848738718263,0.6924207131338471,0.7167019791123939
2022-09-08,食用菌,8.0,8,0.19065107564224407,0.6984459577440196,0.3639551736609865,0.7334263804807367,0.18395318409714395,0.6451612903225806,0.6928944116540012
2022-09-09,食用菌,8.0,8,0.21377117561485998,0.7032269441015694,0.22225417501238112,0.7777458249876189,0.19065107564224407,0.6984459577440196,0.7334263804807367
2022-09-10,食用菌,9.0,9,0.17834995134827006,0.6581659569657459,0.3887064248445101,0.7512945982287447,0.21377117561485998,0.7032269441015694,0.7777458249876189
2022-09-11,食用菌,10.0,10,0.11583528361458581,0.4479496491205396,0.4644252035219817,0.5455285215095462,0.17834995134827006,0.6581659569657459,0.7512945982287447
2022-09-12,食用菌,9.0,9,0.16234840612869175,0.5703975455031829,0.38228289254709624,0.6177171074529039,0.11583528361458581,0.4479496491205396,0.5455285215095462
2022-09-13,食用菌,10.0,10,0.13359116778684615,0.5336255100498716,0.4051939288277574,0.5948060711722426,0.16234840612869175,0.5703975455031829,0.6177171074529039
2022-09-14,食用菌,8.0,9,0.20575623113481262,0.7201817073846324,0.37741484076173637,0.6225851592382636,0.13359116778684615,0.5336255100498716,0.5948060711722426
2022-09-15,食用菌,11.0,11,0.1755270481456438,0.5922473570535409,0.41059165551547705,0.6199899958791406,0.20575623113481262,0.7201817073846324,0.6225851592382636
2022-09-16,食用菌,10.0,10,0.14326138599623367,0.5657175639361092,0.41118179385886505,0.5888182061411351,0.1755270481456438,0.5922473570535409,0.6199899958791406
2022-09-17,食用菌,9.0,9,0.15725731674328305,0.616177907537996,0.36771665018104605,0.632283349818954,0.14326138599623367,0.5657175639361092,0.5888182061411351
2022-09-18,食用菌,8.0,8,0.1582485352147354,0.5417419896659217,0.22895558306286146,0.7710444169371387,0.15725731674328305,0.616177907537996,0.632283349818954
2022-09-19,食用菌,5.0,5,0.3049421382121271,0.8486053771020039,0.17852422195164316,0.8422193141343084,0.1582485352147354,0.5417419896659217,0.7710444169371387
2022-09-20,食用菌,6.0,6,0.22071758429783372,0.692727957799548,0.14452982951273363,0.8554701704872666,0.3049421382121271,0.8486053771020039,0.8422193141343084
2022-09-21,食用菌,6.0,6,0.35401215966056154,0.8976812759683688,0.22588542351019553,0.7741145764898045,0.22071758429783372,0.692727957799548,0.8554701704872666
2022-09-22,食用菌,8.0,8,0.16434220471352723,0.5785223574786067,0.31308575124185445,0.6869142487581456,0.35401215966056154,0.8976812759683688,0.7741145764898045
2022-09-23,食用菌,8.0,8,0.22551923531143062,0.7583304266945703,0.31488059797188983,0.6851194020281103,0.16434220471352723,0.5785223574786067,0.6869142487581456
2022-09-24,食用菌,7.0,7,0.325774660871055,0.7476140557775885,0.36388347412053623,0.7240835689583083,0.22551923531143062,0.7583304266945703,0.6851194020281103
2022-09-25,食用菌,8.0,8,0.35900043701876183,0.7856849812225833,0.32003153279316154,0.6799684672068385,0.325774660871055,0.7476140557775885,0.7240835689583083
2022-09-26,食用菌,7.0,9,0.45018676838992483,0.836358798486282,0.30795532685319005,0.6920446731468098,0.35900043701876183,0.7856849812225833,0.6799684672068385
2022-09-27,食用菌,6.0,7,0.3538820054352609,0.8156908521226269,0.3569712970070674,0.6430287029929325,0.45018676838992483,0.836358798486282,0.6920446731468098
2022-09-28,食用菌,8.0,8,0.2513267138084126,0.7298882296122534,0.3965676623757586,0.7030018728155258,0.3538820054352609,0.8156908521226269,0.6430287029929325
2022-09-29,食用菌,7.0,8,0.31470782150914295,0.7936191786774824,0.375053628434259,0.7161567486492483,0.2513267138084126,0.7298882296122534,0.7030018728155258
2022-09-30,食用菌,7.0,7,0.3044181411553639,0.8449316418278114,0.3769129592580902,0.6230870407419098,0.31470782150914295,0.7936191786774824,0.7161567486492483
2022-10-01,食用菌,7.0,7,0.34885335149355123,0.7968146209092043,0.3807132052069877,0.7034193923843702,0.3044181411553639,0.8449316418278114,0.6230870407419098
2022-10-02,食用菌,7.0,7,0.2787734207948488,0.8124129455141336,0.3916417085763314,0.6083582914236686,0.34885335149355123,0.7968146209092043,0.7034193923843702
2022-10-03,食用菌,6.0,6,0.33383983108944915,0.8283893008915924,0.37042301965555785,0.629576980344442,0.2787734207948488,0.8124129455141336,0.6083582914236686
2022-10-04,食用菌,8.0,8,0.30794141184687324,0.7874019873216562,0.41421336637879214,0.5857866336212081,0.33383983108944915,0.8283893008915924,0.629576980344442
2022-10-05,食用菌,6.0,7,0.2572314551974185,0.8128622525468346,0.2647405371867785,0.7354327300934804,0.30794141184687324,0.7874019873216562,0.5857866336212081
2022-10-06,食用菌,11.0,11,0.31589023603607924,0.7954080804802856,0.5240816673333686,0.6725920338782165,0.2572314551974185,0.8128622525468346,0.7354327300934804
2022-10-07,食用菌,9.0,10,0.46799563291901813,0.8670561809952294,0.4937968203603364,0.6142409495052342,0.31589023603607924,0.7954080804802856,0.6725920338782165
2022-10-08,食用菌,7.0,7,0.5595089853749681,0.9170947446698174,0.41023246227213317,0.6149248563557103,0.46799563291901813,0.8670561809952294,0.6142409495052342
2022-10-09,食用菌,7.0,7,0.46189363125756056,0.8611913373441513,0.40180172463358343,0.6235947041992704,0.5595089853749681,0.9170947446698174,0.6149248563557103
2022-10-10,食用菌,7.0,7,0.4401000337858826,0.8801733010986906,0.4198794012777014,0.592306667098609,0.46189363125756056,0.8611913373441513,0.6235947041992704
2022-10-11,食用菌,6.0,7,0.5559614442488181,0.9263194115875952,0.4269226900889871,0.6161240433038946,0.4401000337858826,0.8801733010986906,0.592306667098609
2022-10-12,食用菌,6.0,7,0.4359489026424531,0.877045820924069,0.2870677903376743,0.7259885881370913,0.5559614442488181,0.9263194115875952,0.6161240433038946
2022-10-13,食用菌,8.0,8,0.36086837669505,0.7751227111071922,0.40850963307993843,0.6318827595597318,0.4359489026424531,0.877045820924069,0.7259885881370913
2022-10-14,食用菌,7.0,8,0.5232921184325144,0.8585378981565137,0.4251245077929555,0.6858448243439865,0.36086837669505,0.7751227111071922,0.6318827595597318
2022-10-15,食用菌,10.0,10,0.49315151533916557,0.8109902313422568,0.4768959911146209,0.6525232813231663,0.5232921184325144,0.8585378981565137,0.6858448243439865
2022-10-16,食用菌,10.0,10,0.39201379784193263,0.8152779960228227,0.4826323173836587,0.6154664130715936,0.49315151533916557,0.8109902313422568,0.6525232813231663
2022-10-17,食用菌,8.0,8,0.28554054381199223,0.7723779885252429,0.42528710847056955,0.581348581613218,0.39201379784193263,0.8152779960228227,0.6154664130715936
2022-10-18,食用菌,9.0,9,0.3839223400989473,0.85799707786937,0.46632299504212404,0.5681191092079838,0.28554054381199223,0.7723779885252429,0.581348581613218
2022-10-19,食用菌,7.0,8,0.4087181573829476,0.8536958674709643,0.4311378263658555,0.5718193178432929,0.3839223400989473,0.85799707786937,0.5681191092079838
2022-10-20,食用菌,8.0,8,0.3472353053065796,0.809183321847002,0.43420585017749974,0.5657941498225002,0.4087181573829476,0.8536958674709643,0.5718193178432929
2022-10-21,食用菌,11.0,11,0.3829388000821989,0.8427246030665226,0.5819340802374957,0.5247328089052594,0.3472353053065796,0.809183321847002,0.5657941498225002
2022-10-22,食用菌,8.0,8,0.35942008756502536,0.8605410653603425,0.461271593507387,0.564682517917957,0.3829388000821989,0.8427246030665226,0.5247328089052594
2022-10-23,食用菌,9.0,9,0.4197997526932604,0.8144940305082469,0.4865436991407349,0.5465275484432608,0.35942008756502536,0.8605410653603425,0.564682517917957
2022-10-24,食用菌,7.0,9,0.567942826022388,0.9068377044034132,0.44078907141339574,0.5950203913367715,0.4197997526932604,0.8144940305082469,0.5465275484432608
2022-10-25,食用菌,7.0,9,0.5614227602551213,0.9362450157922567,0.46646671958011743,0.5573235093974844,0.567942826022388,0.9068377044034132,0.5950203913367715
2022-10-26,食用菌,8.0,9,0.47858632389973826,0.8563784967981126,0.44695006317048563,0.5842551799939845,0.5614227602551213,0.9362450157922567,0.5573235093974844
2022-10-27,食用菌,8.0,9,0.533572929706226,0.9286973068232192,0.5032949104715805,0.567242812061742,0.47858632389973826,0.8563784967981126,0.5842551799939845
2022-10-28,食用菌,8.0,8,0.5449203051876989,0.884558744297978,0.4817101274750185,0.5583926561098884,0.533572929706226,0.9286973068232192,0.567242812061742
2022-10-29,食用菌,9.0,9,0.5012697189420103,0.8717564462367056,0.48700823777174856,0.5486419903012769,0.5449203051876989,0.884558744297978,0.5583926561098884
2022-10-30,食用菌,8.0,8,0.47408494465876705,0.8370632970508787,0.47321730057054173,0.6000267382368037,0.5012697189420103,0.8717564462367056,0.5486419903012769
2022-10-31,食用菌,7.0,8,0.4484503462239538,0.8730532175757174,0.4642224585984312,0.5621667520884008,0.47408494465876705,0.8370632970508787,0.6000267382368037
2022-11-01,食用菌,8.0,10,0.46044004951013584,0.8551297247464769,0.48314895414173054,0.5746487743545904,0.4484503462239538,0.8730532175757174,0.5621667520884008
2022-11-03,食用菌,8.0,8,0.44202801862178875,0.8465462727678311,0.4818113297241655,0.5376980633543612,,,
2022-11-05,食用菌,9.0,10,0.42447926412810405,0.8457381449448256,0.5031098305507362,0.5338077445717849,,,
2022-11-06,食用菌,8.0,8,0.4575803542623991,0.8951909986385842,0.48728766986845534,0.521825261838428,0.42447926412810405,0.8457381449448256,0.5338077445717849
2022-11-07,食用菌,9.0,9,0.4012784336250407,0.848630341408977,0.4903799540297926,0.5226191145579621,0.4575803542623991,0.8951909986385842,0.521825261838428
2022-11-08,食用菌,8.0,8,0.42660332792370037,0.8429818415367549,0.45703523342856284,0.551349139018982,0.4012784336250407,0.848630341408977,0.5226191145579621
2022-11-09,食用菌,9.0,9,0.31776385166607923,0.7638506250497651,0.5155668515419521,0.5233702479290118,0.42660332792370037,0.8429818415367549,0.551349139018982
2022-11-10,食用菌,8.0,8,0.4820559606514228,0.829040090010067,0.3102829398633676,0.6897170601366323,0.31776385166607923,0.7638506250497651,0.5233702479290118
2022-11-11,食用菌,7.0,8,0.5875078337463528,0.8939817930643619,0.4477158264668891,0.6466549687432654,0.4820559606514228,0.829040090010067,0.6897170601366323
2022-11-12,食用菌,9.0,9,0.4936959031720509,0.9085362914886097,0.5035392769277165,0.5319509952910454,0.5875078337463528,0.8939817930643619,0.6466549687432654
2022-11-13,食用菌,7.0,8,0.47901283790286636,0.9110252782943642,0.49935070468649956,0.5231634800696422,0.4936959031720509,0.9085362914886097,0.5319509952910454
2022-11-14,食用菌,8.0,8,0.41788605687541447,0.8529530291496888,0.4997211152543777,0.5200917785635343,0.47901283790286636,0.9110252782943642,0.5231634800696422
2022-11-15,食用菌,9.0,9,0.42608274716912004,0.8627366840100842,0.5083057582497242,0.5145326732095142,0.41788605687541447,0.8529530291496888,0.5200917785635343
2022-11-16,食用菌,6.0,8,0.4093761475770809,0.9079253274405543,0.48747450615948495,0.5288489693710012,0.42608274716912004,0.8627366840100842,0.5145326732095142
2022-11-17,食用菌,7.0,9,0.4182535758154205,0.8865931871423636,0.49793645423772925,0.5167405647831237,0.4093761475770809,0.9079253274405543,0.5288489693710012
2022-11-18,食用菌,9.0,9,0.4792622688749919,0.8891780203661392,0.5132456726692665,0.5103240616669218,0.4182535758154205,0.8865931871423636,0.5167405647831237
2022-11-19,食用菌,10.0,10,0.45762512417162016,0.8935228191796649,0.5168430821625787,0.49745067595823755,0.4792622688749919,0.8891780203661392,0.5103240616669218
2022-11-20,食用菌,8.0,8,0.581681514257184,0.946080313794333,0.5145491788456287,0.5197028141019739,0.45762512417162016,0.8935228191796649,0.49745067595823755
2022-11-21,食用菌,13.0,13,0.5480296708497324,0.9139463961058003,0.6550310546614314,0.496639305153955,0.581681514257184,0.946080313794333,0.5197028141019739
2022-11-22,食用菌,8.0,8,0.3893982917504456,0.8384991843393147,0.5160596789169085,0.4974174199896528,0.5480296708497324,0.9139463961058003,0.496639305153955
2022-11-23,食用菌,5.0,7,0.48918709446560044,0.930878748195158,0.5065778388989275,0.4934221611010726,0.3893982917504456,0.8384991843393147,0.4974174199896528
2022-11-24,食用菌,7.0,7,0.2904664709016845,0.7913642457584024,0.532119915731501,0.46788008426849903,0.48918709446560044,0.930878748195158,0.4934221611010726
2022-11-25,食用菌,7.0,7,0.2670800128948489,0.8120658800691558,0.5299623848905214,0.4700376151094786,0.2904664709016845,0.7913642457584024,0.46788008426849903
2022-11-26,食用菌,7.0,7,0.5106720897671975,0.8857970812094127,0.5307939107492319,0.532781922522881,0.2670800128948489,0.8120658800691558,0.4700376151094786
2022-11-27,食用菌,4.0,4,0.40979931904219846,0.9140297812936249,0.4737938593680837,0.596217229827657,0.5106720897671975,0.8857970812094127,0.532781922522881
2022-11-28,食用菌,3.0,3,0.5128359955485715,1.0,0.4443710156868105,0.5556289843131894,0.40979931904219846,0.9140297812936249,0.596217229827657
2022-11-29,食用菌,4.0,4,0.5611836674244053,0.970179886514548,0.4591146861654174,0.6260207526637531,0.5128359955485715,1.0,0.5556289843131894
2022-12-04,食用菌,3.0,3,0.3846153846153847,1.0,0.3137435468074636,0.6862564531925365,,,
2022-12-05,食用菌,3.0,3,0.6017236072637735,1.0,0.3147003192053973,0.6852996807946027,0.3846153846153847,1.0,0.6862564531925365
2022-12-06,食用菌,3.0,3,0.5734854231139677,0.9999999999999999,0.46931294191406225,0.5306870580859377,0.6017236072637735,1.0,0.6852996807946027
2022-12-07,食用菌,6.0,6,0.4150189249106483,0.8793746783324755,0.539502324559366,0.4890860201016421,0.5734854231139677,0.9999999999999999,0.5306870580859377
2022-12-08,食用菌,6.0,6,0.4300265460980736,0.9516195360313506,0.5498067669340087,0.48130564581532564,0.4150189249106483,0.8793746783324755,0.4890860201016421
2022-12-09,食用菌,6.0,6,0.38690384628119445,0.8604304943862042,0.5428041342400935,0.4571958657599064,0.4300265460980736,0.9516195360313506,0.48130564581532564
2022-12-10,食用菌,10.0,10,0.3119407404396766,0.7905573474743056,0.5895203585175103,0.4429631826615711,0.38690384628119445,0.8604304943862042,0.4571958657599064
2022-12-11,食用菌,11.0,11,0.3393895542793634,0.8310127583677345,0.5934331952089806,0.4303686353243848,0.3119407404396766,0.7905573474743056,0.4429631826615711
2022-12-12,食用菌,6.0,7,0.4188780840670656,0.8851022962079099,0.5607118077307727,0.4609770012340716,0.3393895542793634,0.8310127583677345,0.4303686353243848
2022-12-13,食用菌,9.0,9,0.28844281771513586,0.7719743091398196,0.5840114761987414,0.47608198288415354,0.4188780840670656,0.8851022962079099,0.4609770012340716
2022-12-14,食用菌,11.0,11,0.23295935381605856,0.6942862411993795,0.6009658373094435,0.4652942284094448,0.28844281771513586,0.7719743091398196,0.47608198288415354
2022-12-15,食用菌,11.0,11,0.24503203281905733,0.6787438586043346,0.6021763830667577,0.48816739444315965,0.23295935381605856,0.6942862411993795,0.4652942284094448
2022-12-16,食用菌,12.0,12,0.3515370629334012,0.793530179512235,0.6566859151966048,0.48108648480850186,0.24503203281905733,0.6787438586043346,0.48816739444315965
2022-12-17,食用菌,10.0,10,0.340365641685709,0.8021479596486432,0.6258285553322704,0.4909670573189987,0.3515370629334012,0.793530179512235,0.48108648480850186
2022-12-18,食用菌,9.0,9,0.2911973920401355,0.7612667478684532,0.5950883393568196,0.49791484548059806,0.340365641685709,0.8021479596486432,0.4909670573189987
2022-12-19,食用菌,9.0,9,0.21263999458874494,0.6767636740830526,0.6089580221103403,0.4102496957485212,0.2911973920401355,0.7612667478684532,0.49791484548059806
2022-12-20,食用菌,9.0,9,0.3184328677270762,0.7699871299871299,0.563417438738284,0.451932931560896,0.21263999458874494,0.6767636740830526,0.4102496957485212
2022-12-21,食用菌,9.0,9,0.3086490557475231,0.7525516475673104,0.5990509647980576,0.4760469328263538,0.3184328677270762,0.7699871299871299,0.451932931560896
2022-12-22,食用菌,8.0,8,0.35489548957786393,0.8399760775770003,0.5978519805229857,0.4064820093394797,0.3086490557475231,0.7525516475673104,0.4760469328263538
2022-12-23,食用菌,10.0,10,0.2750648894911535,0.7043775276634605,0.6029522022171546,0.43073660969875927,0.35489548957786393,0.8399760775770003,0.4064820093394797
2022-12-24,食用菌,11.0,11,0.2830039401320154,0.7117955852496543,0.6136816081337614,0.46621602960375924,0.2750648894911535,0.7043775276634605,0.43073660969875927
2022-12-25,食用菌,12.0,12,0.3112210003009868,0.7420971747602406,0.6149595658784107,0.445722698391119,0.2830039401320154,0.7117955852496543,0.46621602960375924
2022-12-26,食用菌,11.0,11,0.39044651680767967,0.7970482106986088,0.6187748850676321,0.46419514687720076,0.3112210003009868,0.7420971747602406,0.445722698391119
2022-12-27,食用菌,12.0,12,0.2686035082401944,0.6958070446663602,0.6216312409614029,0.44798060778369747,0.39044651680767967,0.7970482106986088,0.46419514687720076
2022-12-28,食用菌,10.0,12,0.28977182932707357,0.762201956617258,0.6070445358547386,0.5026088770288482,0.2686035082401944,0.6958070446663602,0.44798060778369747
2022-12-29,食用菌,13.0,13,0.2695942889025324,0.7439952596351254,0.6236330369674811,0.46030648395377566,0.28977182932707357,0.762201956617258,0.5026088770288482
2022-12-30,食用菌,11.0,11,0.29127562569595444,0.7930214115781125,0.6237856807304948,0.4982935635666336,0.2695942889025324,0.7439952596351254,0.46030648395377566
2022-12-31,食用菌,12.0,12,0.350094173637973,0.7554382972878619,0.6282739852470334,0.49310038974668813,0.29127562569595444,0.7930214115781125,0.4982935635666336
2023-01-01,食用菌,11.0,13,0.3097839260909523,0.7541820262266519,0.6296358719790404,0.45293616479519994,0.350094173637973,0.7554382972878619,0.49310038974668813
2023-01-02,食用菌,10.0,10,0.23956151833405404,0.6825356198276598,0.5965906973658008,0.46597695992847493,0.3097839260909523,0.7541820262266519,0.45293616479519994
2023-01-03,食用菌,11.0,11,0.3300096386431588,0.7991412151282287,0.6306735870567015,0.43689859886922855,0.23956151833405404,0.6825356198276598,0.46597695992847493
2023-01-04,食用菌,10.0,10,0.269119647054729,0.7195374028624505,0.5986588758631555,0.48821127122265523,0.3300096386431588,0.7991412151282287,0.43689859886922855
2023-01-05,食用菌,9.0,9,0.2916495340588261,0.8037253884730353,0.5856785209449936,0.4842015850192841,0.269119647054729,0.7195374028624505,0.48821127122265523
2023-01-06,食用菌,11.0,13,0.28613531427068806,0.7313028941594399,0.6239770717966571,0.46952654408503625,0.2916495340588261,0.8037253884730353,0.4842015850192841
2023-01-07,食用菌,10.0,10,0.24212254414796924,0.6909940442894278,0.5893065721495793,0.43490283397190516,0.28613531427068806,0.7313028941594399,0.46952654408503625
2023-01-08,食用菌,8.0,9,0.38861446406169664,0.8257963285444784,0.5758709499500408,0.4860752363317421,0.24212254414796924,0.6909940442894278,0.43490283397190516
2023-01-09,食用菌,9.0,10,0.39022895935456303,0.784862355747534,0.5806235360328473,0.4897429547423907,0.38861446406169664,0.8257963285444784,0.4860752363317421
2023-01-10,食用菌,8.0,9,0.2786163561721815,0.7737940117411347,0.579757646565252,0.45850096154342024,0.39022895935456303,0.784862355747534,0.4897429547423907
2023-01-11,食用菌,8.0,9,0.26135634850838385,0.7418566437911656,0.5789191812810146,0.4424292804490446,0.2786163561721815,0.7737940117411347,0.45850096154342024
2023-01-12,食用菌,9.0,9,0.2536879535601355,0.759679532092485,0.6020300418229001,0.41788181655978857,0.26135634850838385,0.7418566437911656,0.4424292804490446
2023-01-13,食用菌,9.0,9,0.29730222294213504,0.743909411962554,0.60269181435156,0.4584526044958643,0.2536879535601355,0.759679532092485,0.41788181655978857
2023-01-14,食用菌,9.0,9,0.299137472274435,0.7642457708650686,0.6035977386984265,0.4114284972006626,0.29730222294213504,0.743909411962554,0.4584526044958643
2023-01-15,食用菌,10.0,10,0.30428868091853334,0.7690214497828994,0.58364506687945,0.5004720146545854,0.299137472274435,0.7642457708650686,0.4114284972006626
2023-01-16,食用菌,11.0,11,0.2748036003820923,0.7101923411249665,0.6093849814827137,0.42550895105546566,0.30428868091853334,0.7690214497828994,0.5004720146545854
2023-01-17,食用菌,10.0,11,0.19849028620745862,0.6633474993257182,0.613792538432697,0.4645759423610675,0.2748036003820923,0.7101923411249665,0.42550895105546566
2023-01-18,食用菌,11.0,12,0.19438902857729623,0.6305339335007834,0.6600704824349821,0.3666650461242939,0.19849028620745862,0.6633474993257182,0.4645759423610675
2023-01-19,食用菌,9.0,11,0.25352169008542597,0.7090226226696834,0.6498163720967568,0.42039428113749927,0.19438902857729623,0.6305339335007834,0.3666650461242939
2023-01-20,食用菌,12.0,12,0.376449267424892,0.8036902271883634,0.6274141068424877,0.4229030743918461,0.25352169008542597,0.7090226226696834,0.42039428113749927
2023-01-22,食用菌,7.0,7,0.3330824088034212,0.8639948955457035,0.5543841254892137,0.4839996582890621,,,
2023-01-23,食用菌,4.0,5,0.6595008903075437,0.9854585641786268,0.48777603993315166,0.5346923050661985,0.3330824088034212,0.8639948955457035,0.4839996582890621
2023-01-24,食用菌,3.0,3,0.4386482633042661,1.0000000000000002,0.49515431752362493,0.538955501884131,0.6595008903075437,0.9854585641786268,0.5346923050661985
2023-01-25,食用菌,7.0,7,0.20047718489988653,0.6861249102136162,0.6250941903993689,0.5152035763831252,0.4386482633042661,1.0000000000000002,0.538955501884131
2023-01-26,食用菌,9.0,9,0.2108929728432376,0.667062273792826,0.6362332107598534,0.3827532927315693,0.20047718489988653,0.6861249102136162,0.5152035763831252
2023-01-27,食用菌,12.0,12,0.19366785462455272,0.6688455536001443,0.6677727385692371,0.38542579360117807,0.2108929728432376,0.667062273792826,0.3827532927315693
2023-01-28,食用菌,9.0,10,0.2556952858317968,0.7339623476178138,0.6170875859811135,0.4290745673946601,0.19366785462455272,0.6688455536001443,0.38542579360117807
2023-01-29,食用菌,11.0,11,0.30059861046218517,0.7393134443494156,0.6246944806616741,0.4328259188533278,0.2556952858317968,0.7339623476178138,0.4290745673946601
2023-01-30,食用菌,10.0,11,0.26738058856050995,0.7296979392114424,0.6127979823347903,0.4295574121849061,0.30059861046218517,0.7393134443494156,0.4328259188533278
2023-01-31,食用菌,10.0,11,0.20314843245878572,0.6869606285689751,0.6230770607661049,0.44355295535125977,0.26738058856050995,0.7296979392114424,0.4295574121849061
2023-02-01,食用菌,10.0,10,0.2874395337395823,0.7266815287408702,0.6267560295340436,0.44876248400418933,0.20314843245878572,0.6869606285689751,0.44355295535125977
2023-02-02,食用菌,10.0,10,0.2879919562475732,0.7464834334640429,0.618722123272829,0.46546655707299667,0.2874395337395823,0.7266815287408702,0.44876248400418933
2023-02-03,食用菌,11.0,11,0.2586992358271935,0.7534375588623091,0.6328672776680953,0.5123387039636057,0.2879919562475732,0.7464834334640429,0.46546655707299667
2023-02-04,食用菌,11.0,11,0.2921248756900019,0.7902015013828526,0.6316050475286443,0.5253568107437995,0.2586992358271935,0.7534375588623091,0.5123387039636057
2023-02-05,食用菌,12.0,12,0.1716499927442899,0.6298092696205786,0.6989373576444319,0.4249328779786432,0.2921248756900019,0.7902015013828526,0.5253568107437995
2023-02-06,食用菌,12.0,14,0.20008003418171733,0.6936403346412972,0.6887634051010204,0.3375076273707958,0.1716499927442899,0.6298092696205786,0.4249328779786432
2023-02-07,食用菌,10.0,10,0.1449138924052013,0.5403320670304878,0.634152962380421,0.42385027554704285,0.20008003418171733,0.6936403346412972,0.3375076273707958
2023-02-08,食用菌,7.0,9,0.18164427053187823,0.6669383823039017,0.615142939792677,0.5296650162284126,0.1449138924052013,0.5403320670304878,0.42385027554704285
2023-02-09,食用菌,10.0,11,0.1895542460248565,0.6176980827326295,0.6448826870241117,0.37990191900532566,0.18164427053187823,0.6669383823039017,0.5296650162284126
2023-02-10,食用菌,10.0,10,0.20411502175191018,0.6590119369937191,0.6456804647271052,0.3703413272717374,0.1895542460248565,0.6176980827326295,0.37990191900532566
2023-02-11,食用菌,12.0,12,0.21720762575308336,0.6952174637560407,0.6513700490266788,0.37388041607169065,0.20411502175191018,0.6590119369937191,0.3703413272717374
2023-02-12,食用菌,10.0,10,0.2429084999054249,0.7165498816303635,0.6387378312863647,0.39459381604047034,0.21720762575308336,0.6952174637560407,0.37388041607169065
2023-02-13,食用菌,12.0,12,0.20860234970031966,0.7013691046032826,0.6402003362198458,0.37238495152299905,0.2429084999054249,0.7165498816303635,0.39459381604047034
2023-02-14,食用菌,9.0,9,0.19617729605299797,0.68313558008576,0.6248934352249392,0.3768557183552281,0.20860234970031966,0.7013691046032826,0.37238495152299905
2023-02-15,食用菌,10.0,10,0.1988041588392468,0.6960385042576823,0.6766515011288716,0.3998778395975285,0.19617729605299797,0.68313558008576,0.3768557183552281
2023-02-16,食用菌,10.0,10,0.20010060881070243,0.6473675922523753,0.6381166621728043,0.36188333782719595,0.1988041588392468,0.6960385042576823,0.3998778395975285
2023-02-17,食用菌,11.0,11,0.25000087355831413,0.8238030626090328,0.5095457193915878,0.6041365300268138,0.20010060881070243,0.6473675922523753,0.36188333782719595
2023-02-18,食用菌,12.0,12,0.14653435582933527,0.5794396439736165,0.6693463006092415,0.3841477490812968,0.25000087355831413,0.8238030626090328,0.6041365300268138
2023-02-19,食用菌,10.0,10,0.1980559425847237,0.681674471159592,0.6352027607897839,0.3836020046410305,0.14653435582933527,0.5794396439736165,0.3841477490812968
2023-02-20,食用菌,7.0,9,0.2370455748975056,0.7229814823452586,0.6087554386273041,0.4262844181750557,0.1980559425847237,0.681674471159592,0.3836020046410305
2023-02-21,食用菌,7.0,8,0.25198471634593483,0.7877273260588994,0.60019082928821,0.41304093006539344,0.2370455748975056,0.7229814823452586,0.4262844181750557
2023-02-22,食用菌,9.0,9,0.21305996623392254,0.7036693783681736,0.6249929082106913,0.4402388396907025,0.25198471634593483,0.7877273260588994,0.41304093006539344
2023-02-23,食用菌,9.0,9,0.2010134573676624,0.6299406214709846,0.6257764352385977,0.38534445092382047,0.21305996623392254,0.7036693783681736,0.4402388396907025
2023-02-24,食用菌,9.0,9,0.2034495045865193,0.686565659475185,0.6243295074844676,0.3756704925155325,0.2010134573676624,0.6299406214709846,0.38534445092382047
2023-02-25,食用菌,9.0,9,0.25467919560225144,0.7268855909283136,0.6251467700093113,0.37822967550611797,0.2034495045865193,0.686565659475185,0.3756704925155325
2023-02-26,食用菌,9.0,9,0.24314286421903833,0.6737147595356552,0.6266350601573931,0.47107732794561874,0.25467919560225144,0.7268855909283136,0.37822967550611797
2023-02-27,食用菌,9.0,9,0.15088452939096209,0.570223953261928,0.6250201731075324,0.46618314806760097,0.24314286421903833,0.6737147595356552,0.47107732794561874
2023-02-28,食用菌,8.0,9,0.18709485986300795,0.6627112549442646,0.6208027241276107,0.45017798518139296,0.15088452939096209,0.570223953261928,0.46618314806760097
2023-03-01,食用菌,9.0,9,0.19184603882941498,0.6636706676526917,0.6262298135561776,0.4220841098056355,0.18709485986300795,0.6627112549442646,0.45017798518139296
2023-03-02,食用菌,9.0,9,0.18863310214694776,0.6488131466828971,0.6267943329390725,0.3732056670609275,0.19184603882941498,0.6636706676526917,0.4220841098056355
2023-03-03,食用菌,8.0,10,0.3052521472968536,0.7731272580089047,0.6222466255451854,0.40732048598735143,0.18863310214694776,0.6488131466828971,0.3732056670609275
2023-03-04,食用菌,10.0,10,0.18663429640579113,0.6821754548445669,0.6295162626569694,0.4900182561932148,0.3052521472968536,0.7731272580089047,0.40732048598735143
2023-03-05,食用菌,8.0,9,0.22269709118555223,0.6974171715955753,0.6291787618358174,0.38181566523864735,0.18663429640579113,0.6821754548445669,0.4900182561932148
2023-03-06,食用菌,9.0,9,0.24069278702380661,0.7341568324693944,0.6345272975936723,0.37715851923893995,0.22269709118555223,0.6974171715955753,0.38181566523864735
2023-03-07,食用菌,8.0,8,0.18070317576292483,0.6539394578630947,0.6297935808626576,0.4480718827783604,0.24069278702380661,0.7341568324693944,0.37715851923893995
2023-03-08,食用菌,9.0,10,0.20406914395524284,0.6908776957272492,0.6517260987910489,0.36432439875550066,0.18070317576292483,0.6539394578630947,0.4480718827783604
2023-03-09,食用菌,8.0,9,0.21778085943125752,0.7393328842943744,0.6164324248574502,0.3835675751425498,0.20406914395524284,0.6908776957272492,0.36432439875550066
2023-03-10,食用菌,8.0,8,0.42636047337132377,0.8805885681946801,0.5808829941025463,0.4586995506793241,0.21778085943125752,0.7393328842943744,0.3835675751425498
2023-03-11,食用菌,10.0,10,0.3283325765277349,0.7958667897676934,0.6375212658704968,0.5043783805500611,0.42636047337132377,0.8805885681946801,0.4586995506793241
2023-03-12,食用菌,10.0,10,0.2624789170336057,0.7588192180839779,0.658721463159109,0.5176334551989642,0.3283325765277349,0.7958667897676934,0.5043783805500611
2023-03-13,食用菌,7.0,8,0.2726075559613546,0.7564792368789293,0.6083621665913425,0.39727787021642846,0.2624789170336057,0.7588192180839779,0.5176334551989642
2023-03-14,食用菌,8.0,8,0.2777326715561695,0.7775747989395593,0.6337549698754396,0.3810253358742136,0.2726075559613546,0.7564792368789293,0.39727787021642846
2023-03-15,食用菌,9.0,9,0.2500057258924197,0.7523909716908952,0.5092094424912009,0.49079055750879913,0.2777326715561695,0.7775747989395593,0.3810253358742136
2023-03-16,食用菌,9.0,10,0.32529115241810214,0.7769458701518598,0.5263333629429537,0.485644986750517,0.2500057258924197,0.7523909716908952,0.49079055750879913
2023-03-17,食用菌,9.0,9,0.33821646053161347,0.8307621687788019,0.5111682727899216,0.5197373237477269,0.32529115241810214,0.7769458701518598,0.485644986750517
2023-03-18,食用菌,9.0,9,0.26368020511086143,0.7296125409972762,0.5130343747859037,0.48696562521409636,0.33821646053161347,0.8307621687788019,0.5197373237477269
2023-03-19,食用菌,9.0,9,0.20619239289880967,0.7192986888310638,0.5149280828574848,0.48507191714251513,0.26368020511086143,0.7296125409972762,0.48696562521409636
2023-03-20,食用菌,9.0,9,0.22760851178619004,0.7510205222837331,0.5166619946403173,0.5068005208418791,0.20619239289880967,0.7192986888310638,0.48507191714251513
2023-03-21,食用菌,8.0,8,0.20616555106281773,0.6948428790462406,0.5121983958926171,0.487801604107383,0.22760851178619004,0.7510205222837331,0.5068005208418791
2023-03-22,食用菌,8.0,8,0.260471818684291,0.6974192073375741,0.5133240543983055,0.48667594560169436,0.20616555106281773,0.6948428790462406,0.487801604107383
2023-03-23,食用菌,8.0,8,0.1961156787275872,0.6846077360674174,0.5143631789704901,0.5317476022744464,0.260471818684291,0.6974192073375741,0.48667594560169436
2023-03-24,食用菌,9.0,9,0.251305509846042,0.7350738086169685,0.5208563063006427,0.4822077459095966,0.1961156787275872,0.6846077360674174,0.5317476022744464
2023-03-25,食用菌,8.0,8,0.26749634059197314,0.8021278084972353,0.5162329868645642,0.5115311776983374,0.251305509846042,0.7350738086169685,0.4822077459095966
2023-03-26,食用菌,9.0,9,0.24114788986096095,0.7122707378562525,0.518205231621387,0.48179476837861307,0.26749634059197314,0.8021278084972353,0.5115311776983374
2023-03-27,食用菌,7.0,8,0.2406495221174183,0.7733943695778899,0.5135760482193943,0.49080208896942373,0.24114788986096095,0.7122707378562525,0.48179476837861307
2023-03-28,食用菌,8.0,8,0.240782347154184,0.7235111453944897,0.5201780982916354,0.4815808725634583,0.2406495221174183,0.7733943695778899,0.49080208896942373
2023-03-29,食用菌,9.0,9,0.22229933144245384,0.6877155631253993,0.5260283412242398,0.4739716587757601,0.240782347154184,0.7235111453944897,0.4815808725634583
2023-03-30,食用菌,9.0,9,0.2952078462361707,0.7542798054459806,0.5271087155511803,0.4927055600833269,0.22229933144245384,0.6877155631253993,0.4739716587757601
2023-03-31,食用菌,7.0,7,0.4040793031973209,0.8369553649347609,0.51706790462805,0.5002503922892136,0.2952078462361707,0.7542798054459806,0.4927055600833269
2023-04-01,食用菌,8.0,8,0.30770838551049823,0.8104974256414621,0.5244926926665795,0.47550730733342067,0.4040793031973209,0.8369553649347609,0.5002503922892136
2023-04-02,食用菌,9.0,9,0.2437601615631685,0.7338295418807003,0.5312447480366879,0.4754721327527719,0.30770838551049823,0.8104974256414621,0.47550730733342067
2023-04-03,食用菌,9.0,9,0.3084203170335787,0.7278482785668263,0.5329741600236366,0.4993219844412793,0.2437601615631685,0.7338295418807003,0.4754721327527719
2023-04-04,食用菌,9.0,9,0.28041054483545486,0.7262808407696769,0.5343265422314798,0.479252588471642,0.3084203170335787,0.7278482785668263,0.4993219844412793
2023-04-05,食用菌,8.0,8,0.29892726152960136,0.7754485437655114,0.5300574724287606,0.4885883146889688,0.28041054483545486,0.7262808407696769,0.479252588471642
2023-04-06,食用菌,8.0,9,0.1765428694364123,0.6055492990563472,0.49900567460123996,0.5253620623695963,0.29892726152960136,0.7754485437655114,0.4885883146889688
2023-04-07,食用菌,7.0,9,0.23490025374427648,0.7271799869056139,0.5262300859918426,0.4737699140081575,0.1765428694364123,0.6055492990563472,0.5253620623695963
2023-04-08,食用菌,8.0,8,0.23748900702340187,0.7139983909895414,0.5326653654698118,0.4673346345301882,0.23490025374427648,0.7271799869056139,0.4737699140081575
2023-04-09,食用菌,7.0,7,0.2570355379751361,0.7079766660325915,0.5111883282410222,0.48881167175897794,0.23748900702340187,0.7139983909895414,0.4673346345301882
2023-04-10,食用菌,7.0,7,0.2179861474544508,0.7237340562332742,0.4960105955570006,0.5243443555562055,0.2570355379751361,0.7079766660325915,0.48881167175897794
2023-04-11,食用菌,7.0,7,0.353154662851238,0.7932564153570719,0.5289168439721997,0.4834620631483406,0.2179861474544508,0.7237340562332742,0.5243443555562055
2023-04-12,食用菌,7.0,8,0.2532960412848496,0.7827324478178368,0.5128539096717413,0.5019753918847878,0.353154662851238,0.7932564153570719,0.4834620631483406
2023-04-13,食用菌,8.0,8,0.28876322353230466,0.7991291939555815,0.5360411513194252,0.46587165486729143,0.2532960412848496,0.7827324478178368,0.5019753918847878
2023-04-14,食用菌,7.0,7,0.3300597438417533,0.8087244908339946,0.4977871777505924,0.5046230356490875,0.28876322353230466,0.7991291939555815,0.46587165486729143
2023-04-15,食用菌,8.0,8,0.27647805947360604,0.7815353682035243,0.5372195281409453,0.46278047185905474,0.3300597438417533,0.8087244908339946,0.5046230356490875
2023-04-16,食用菌,8.0,8,0.2157571098939226,0.6613100112798801,0.5383434338072322,0.46775808192437385,0.27647805947360604,0.7815353682035243,0.46278047185905474
2023-04-17,食用菌,8.0,9,0.24563818461377845,0.7538026652308522,0.516119970720535,0.4838800292794651,0.2157571098939226,0.6613100112798801,0.46775808192437385
2023-04-18,食用菌,9.0,9,0.24106717707990033,0.7928356487738075,0.543038393887882,0.4645592689874635,0.24563818461377845,0.7538026652308522,0.4838800292794651
2023-04-19,食用菌,8.0,9,0.25736041252852027,0.7630205769420104,0.5053968046417319,0.4946031953582682,0.24106717707990033,0.7928356487738075,0.4645592689874635
2023-04-20,食用菌,7.0,7,0.25007222636720744,0.7695075757575758,0.5067266893066793,0.49327331069332075,0.25736041252852027,0.7630205769420104,0.4946031953582682
2023-04-21,食用菌,7.0,8,0.3521435433577657,0.8026033534227385,0.5077624328119877,0.49223756718801226,0.25007222636720744,0.7695075757575758,0.49327331069332075
2023-04-22,食用菌,9.0,9,0.3181034427742105,0.7636559655007188,0.5500277462200334,0.4659009250701265,0.3521435433577657,0.8026033534227385,0.49223756718801226
2023-04-23,食用菌,7.0,9,0.27182741958285583,0.794812800669316,0.5094547827127861,0.4905452172872139,0.3181034427742105,0.7636559655007188,0.4659009250701265
2023-04-24,食用菌,8.0,8,0.235443078934589,0.7283191814402956,0.5171546155177406,0.4915279832379088,0.27182741958285583,0.794812800669316,0.4905452172872139
2023-04-25,食用菌,6.0,8,0.3162703116950645,0.853022277767859,0.4961550475178606,0.5220759561318274,0.235443078934589,0.7283191814402956,0.4915279832379088
2023-04-26,食用菌,8.0,9,0.3171223042457252,0.8158564092719682,0.5263660844272202,0.47363391557277995,0.3162703116950645,0.853022277767859,0.5220759561318274
2023-04-27,食用菌,9.0,9,0.2527554580977161,0.7506527096601029,0.5335577285070534,0.46644227149294654,0.3171223042457252,0.8158564092719682,0.47363391557277995
2023-04-28,食用菌,8.0,8,0.21452402393042186,0.7010164738871364,0.5276420629657959,0.4723579370342041,0.2527554580977161,0.7506527096601029,0.46644227149294654
2023-04-29,食用菌,7.0,9,0.3515131879170311,0.8718652037617555,0.5042440659918315,0.5145307786621361,0.21452402393042186,0.7010164738871364,0.4723579370342041
2023-04-30,食用菌,8.0,8,0.3131166068007698,0.8146693911347945,0.5293426990167116,0.47470866964906877,0.3515131879170311,0.8718652037617555,0.5145307786621361
2023-05-01,食用菌,7.0,8,0.26034701755210055,0.8220365582076614,0.5232746973448223,0.4851248451977597,0.3131166068007698,0.8146693911347945,0.47470866964906877
2023-05-02,食用菌,7.0,7,0.2590415012959493,0.7545697865012345,0.5076890102850661,0.492310989714934,0.26034701755210055,0.8220365582076614,0.4851248451977597
2023-05-03,食用菌,8.0,8,0.30079527799728295,0.7791024152174872,0.5317867821179819,0.49184113614084407,0.2590415012959493,0.7545697865012345,0.492310989714934
2023-05-04,食用菌,8.0,8,0.3206783950681039,0.8387653374233128,0.5325953600752545,0.49272250604655354,0.30079527799728295,0.7791024152174872,0.49184113614084407
2023-05-05,食用菌,5.0,6,0.2914282049279756,0.9017321645766054,0.46142148350561485,0.538578516494385,0.3206783950681039,0.8387653374233128,0.49272250604655354
2023-05-06,食用菌,8.0,8,0.34085542600892277,0.8281365672484533,0.5310226116200121,0.49481336246989527,0.2914282049279756,0.9017321645766054,0.538578516494385
2023-05-07,食用菌,8.0,8,0.28240263217085115,0.8295856438021221,0.5321736532792117,0.4952460217341763,0.34085542600892277,0.8281365672484533,0.49481336246989527
2023-05-08,食用菌,8.0,8,0.2135249046313431,0.7366030323491497,0.5332606939456587,0.48459539120632666,0.28240263217085115,0.8295856438021221,0.4952460217341763
2023-05-09,食用菌,8.0,8,0.2763720239276692,0.7585175196477109,0.5339740433604763,0.48532812199722936,0.2135249046313431,0.7366030323491497,0.48459539120632666
2023-05-10,食用菌,7.0,7,0.35965416352336715,0.8994588002134309,0.4961974136823832,0.520262495797899,0.2763720239276692,0.7585175196477109,0.48532812199722936
2023-05-11,食用菌,8.0,8,0.22618321377908707,0.7064918753434335,0.5350805625569486,0.47707917888261736,0.35965416352336715,0.8994588002134309,0.520262495797899
2023-05-12,食用菌,6.0,6,0.3026581476217008,0.8746214023096485,0.4897284348299687,0.5102715651700314,0.22618321377908707,0.7064918753434335,0.47707917888261736
2023-05-13,食用菌,8.0,8,0.28602933820350446,0.7953353691920236,0.5370020690695984,0.4893424390595148,0.3026581476217008,0.8746214023096485,0.5102715651700314
2023-05-14,食用菌,8.0,8,0.26176158050221077,0.7913976333442203,0.5382487473154354,0.4876601235308043,0.28602933820350446,0.7953353691920236,0.4893424390595148
2023-05-15,食用菌,7.0,7,0.29951614873380555,0.8191925102399064,0.5157476860522281,0.4992844157720487,0.26176158050221077,0.7913976333442203,0.4876601235308043
2023-05-16,食用菌,7.0,7,0.30958614178311,0.8422454655854584,0.5324062582622495,0.48645308801950893,0.29951614873380555,0.8191925102399064,0.4992844157720487
2023-05-17,食用菌,6.0,7,0.24798383642206068,0.7794724867279008,0.49467566197692847,0.5053243380230714,0.30958614178311,0.8422454655854584,0.48645308801950893
2023-05-18,食用菌,5.0,6,0.30166393434214644,0.8514810609970069,0.47230419872230434,0.5276958012776956,0.24798383642206068,0.7794724867279008,0.5053243380230714
2023-05-19,食用菌,6.0,6,0.30300268757958704,0.844014367872495,0.5085896178964546,0.5103509554439023,0.30166393434214644,0.8514810609970069,0.5276958012776956
2023-05-20,食用菌,7.0,7,0.26181236681187553,0.8144980655670941,0.5171327966649413,0.49237574740438617,0.30300268757958704,0.844014367872495,0.5103509554439023
2023-05-21,食用菌,8.0,8,0.2329720854510503,0.7426905055756399,0.5412349459955881,0.464837004904901,0.26181236681187553,0.8144980655670941,0.49237574740438617
2023-05-22,食用菌,7.0,8,0.25458084206034026,0.8056357027766328,0.5151446989147259,0.48485530108527414,0.2329720854510503,0.7426905055756399,0.464837004904901
2023-05-23,食用菌,7.0,7,0.2771458573429789,0.7858871217918226,0.5346667237935492,0.48338266849756384,0.25458084206034026,0.8056357027766328,0.48485530108527414
2023-05-24,食用菌,7.0,7,0.22937204212463186,0.7832693663350826,0.5050672076219848,0.6083306020762007,0.2771458573429789,0.7858871217918226,0.48338266849756384
2023-05-25,食用菌,5.0,6,0.2666215043601462,0.8685906416363127,0.45818684285670797,0.541813157143292,0.22937204212463186,0.7832693663350826,0.6083306020762007
2023-05-26,食用菌,6.0,7,0.2590502306712016,0.8023797408900545,0.513139956346657,0.5058280648944944,0.2666215043601462,0.8685906416363127,0.541813157143292
2023-05-27,食用菌,6.0,6,0.2644231288604292,0.8392004708241604,0.5138417190636073,0.5028755848001489,0.2590502306712016,0.8023797408900545,0.5058280648944944
2023-05-28,食用菌,6.0,6,0.30842769176397505,0.8270809948602824,0.4849245973427858,0.5150754026572141,0.2644231288604292,0.8392004708241604,0.5028755848001489
2023-05-29,食用菌,5.0,6,0.3176937784826465,0.8568141202967023,0.4776504469421933,0.5223495530578065,0.30842769176397505,0.8270809948602824,0.5150754026572141
2023-05-30,食用菌,6.0,6,0.30847918398585733,0.7911172615472989,0.5165351889825112,0.48346481101748895,0.3176937784826465,0.8568141202967023,0.5223495530578065
2023-05-31,食用菌,6.0,6,0.27044268022236445,0.8194610287747888,0.4870888463507417,0.5129111536492583,0.30847918398585733,0.7911172615472989,0.48346481101748895
2023-06-01,食用菌,6.0,6,0.28817692785671656,0.8186547653629809,0.48766755059139133,0.5123324494086088,0.27044268022236445,0.8194610287747888,0.5129111536492583
2023-06-02,食用菌,8.0,8,0.29688963030708987,0.7938870695643544,0.5268370774196983,0.4731629225803016,0.28817692785671656,0.8186547653629809,0.5123324494086088
2023-06-03,食用菌,6.0,6,0.27638340060581124,0.8640590139410118,0.48901966506651146,0.5109803349334886,0.29688963030708987,0.7938870695643544,0.4731629225803016
2023-06-04,食用菌,6.0,6,0.2989340456377396,0.8212919949695865,0.48995645781717145,0.5100435421828283,0.27638340060581124,0.8640590139410118,0.5109803349334886
2023-06-05,食用菌,7.0,7,0.29829754342474046,0.7703612982241275,0.5291279329105308,0.4708720670894691,0.2989340456377396,0.8212919949695865,0.5100435421828283
2023-06-06,食用菌,6.0,6,0.28914425088536044,0.8372734436564224,0.5210847730402285,0.49256077169707513,0.29829754342474046,0.7703612982241275,0.4708720670894691
2023-06-07,食用菌,5.0,6,0.27711575083441997,0.8211259278722987,0.4832728255720493,0.5167271744279506,0.28914425088536044,0.8372734436564224,0.49256077169707513
2023-06-08,食用菌,6.0,6,0.2531524887730475,0.8334954018836995,0.5220181823589283,0.48841725921659174,0.27711575083441997,0.8211259278722987,0.5167271744279506
2023-06-09,食用菌,6.0,6,0.2828608384719318,0.847756976333451,0.49314654243666795,0.506853457563332,0.2531524887730475,0.8334954018836995,0.48841725921659174
2023-06-10,食用菌,7.0,7,0.266636660482149,0.7962220635879415,0.5321544525997535,0.4923827262474764,0.2828608384719318,0.847756976333451,0.506853457563332
2023-06-11,食用菌,7.0,7,0.212497365765408,0.7635442335057092,0.5331014909012591,0.5531366251653423,0.266636660482149,0.7962220635879415,0.4923827262474764
2023-06-12,食用菌,7.0,7,0.2131208199211966,0.7408655091992744,0.533833288356884,0.47175398661381196,0.212497365765408,0.7635442335057092,0.5531366251653423
2023-06-13,食用菌,6.0,7,0.27396207386724436,0.8060135790494665,0.4959750371679391,0.5056099787554366,0.2131208199211966,0.7408655091992744,0.47175398661381196
2023-06-14,食用菌,5.0,7,0.2454129851887933,0.7475990568750359,0.48761630940109413,0.5123836905989059,0.27396207386724436,0.8060135790494665,0.5056099787554366
2023-06-15,食用菌,6.0,6,0.20970494215173877,0.7187173511211123,0.4939950892144176,0.5703392282100553,0.2454129851887933,0.7475990568750359,0.5123836905989059
2023-06-16,食用菌,6.0,6,0.26431191345898764,0.8433125316242199,0.4908449289858751,0.5105871927931411,0.20970494215173877,0.7187173511211123,0.5703392282100553
2023-06-17,食用菌,5.0,5,0.2863454858750417,0.8242701774470521,0.4824438917120412,0.5175561082879588,0.26431191345898764,0.8433125316242199,0.5105871927931411
2023-06-18,食用菌,5.0,5,0.2620653973339415,0.8204179656617789,0.48394139006383646,0.5160586099361635,0.2863454858750417,0.8242701774470521,0.5175561082879588
2023-06-19,食用菌,5.0,6,0.24721215557317014,0.7897455921665215,0.48499851036064606,0.515001489639354,0.2620653973339415,0.8204179656617789,0.5160586099361635
2023-06-20,食用菌,5.0,6,0.24407005224051936,0.8008237043816497,0.48545508020661793,0.5145449197933821,0.24721215557317014,0.7897455921665215,0.515001489639354
2023-06-21,食用菌,5.0,6,0.2708926980755769,0.862738331464067,0.48580457817326234,0.5141954218267376,0.24407005224051936,0.8008237043816497,0.5145449197933821
2023-06-22,食用菌,6.0,6,0.2411982902413009,0.7828649419939203,0.4958450681856152,0.5041549318143849,0.2708926980755769,0.862738331464067,0.5141954218267376
2023-06-23,食用菌,5.0,5,0.2577089773771443,0.8329645729755056,0.47138606288992124,0.5286139371100786,0.2411982902413009,0.7828649419939203,0.5041549318143849
2023-06-24,食用菌,6.0,6,0.22226469578894126,0.7401735579377233,0.4978438689816614,0.5021561310183387,0.2577089773771443,0.8329645729755056,0.5286139371100786
2023-06-25,食用菌,4.0,5,0.28056502700763225,0.8489264617452513,0.46320965010249177,0.5367903498975083,0.22226469578894126,0.7401735579377233,0.5021561310183387
2023-06-26,食用菌,7.0,8,0.19826146339176634,0.6888550503951852,0.5366727174989101,0.47485013295359774,0.28056502700763225,0.8489264617452513,0.5367903498975083
2023-06-27,食用菌,5.0,6,0.28408065504925406,0.8168663451065816,0.4739661585810606,0.6703084997353934,0.19826146339176634,0.6888550503951852,0.47485013295359774
2023-06-28,食用菌,6.0,6,0.3227220265336452,0.8310463453287464,0.5285960640328083,0.4897934674369949,0.28408065504925406,0.8168663451065816,0.6703084997353934
2023-06-29,食用菌,5.0,6,0.34092516974482134,0.8773144941589325,0.49185059485841154,0.5108891209003116,0.3227220265336452,0.8310463453287464,0.4897934674369949
2023-06-30,食用菌,5.0,7,0.26661524077303594,0.8364516551092505,0.48901555048751116,0.510984449512489,0.34092516974482134,0.8773144941589325,0.5108891209003116
