品类,成本口径,成本预测方法,折组,训练截止日,测试开始日,测试结束日,训练样本数,测试样本数,使用最大日期,泄漏检查,加权绝对百分比误差,平均绝对误差,路径变化误差,方向准确率,百分之九十区间覆盖率,百分之九十区间平均宽度
花叶类,销量加权成本,近7日均值,八折主要回测,2021-03-31,2021-04-01,2021-04-07,272,7,2021-03-31,通过,0.09854455867929739,0.4355638196418675,0.2944346827205866,0.42857142857142855,1.0,1.7767867992810424
花叶类,销量加权成本,近7日均值,八折主要回测,2021-06-30,2021-07-01,2021-07-07,363,7,2021-06-30,通过,0.018259212282160736,0.06567448247300334,0.07855533571947786,0.8571428571428571,1.0,1.0931504375332022
花叶类,销量加权成本,近7日均值,八折主要回测,2021-09-30,2021-10-01,2021-10-07,455,7,2021-09-30,通过,0.04551139759121124,0.2029282140345067,0.2201708836981456,0.5714285714285714,1.0,1.476587396282321
花叶类,销量加权成本,近7日均值,八折主要回测,2021-12-31,2022-01-01,2022-01-07,547,7,2021-12-31,通过,0.06154413996843362,0.14161817853459832,0.18173613565139016,1.0,1.0,3.1123911416924908
花叶类,销量加权成本,近7日均值,八折主要回测,2022-03-31,2022-04-01,2022-04-07,636,7,2022-03-31,通过,0.21910850825881784,0.8029112557033178,0.2237523330472885,0.5714285714285714,1.0,2.4237621865875134
花叶类,销量加权成本,近7日均值,八折主要回测,2022-06-30,2022-07-01,2022-07-07,727,7,2022-06-30,通过,0.04803309901092563,0.1429946790702223,0.1898156077453026,0.8571428571428571,1.0,2.0667303022674695
花叶类,销量加权成本,近7日均值,八折主要回测,2022-09-30,2022-10-01,2022-10-07,819,7,2022-09-30,通过,0.06019194050647726,0.13034478188994789,0.25845557509103617,0.8571428571428571,1.0,1.6341312454562757
花叶类,销量加权成本,近7日均值,八折主要回测,2022-12-31,2023-01-01,2023-01-07,905,7,2022-12-31,通过,0.13874756405488559,0.3651637302441569,0.3793437819605762,0.14285714285714285,0.8571428571428571,1.8320350441819255
花叶类,销量加权成本,近7日均值,近期滚动回测,2023-03-17,2023-03-18,2023-03-24,980,7,2023-03-17,通过,0.08440995498520168,0.23403963358292026,0.19036359713544782,0.5714285714285714,1.0,2.2320444232158354
花叶类,销量加权成本,近7日均值,近期滚动回测,2023-03-24,2023-03-25,2023-03-31,987,7,2023-03-24,通过,0.14812589754645789,0.48211575074539864,0.3207136695321012,0.42857142857142855,1.0,2.2574112606570185
花叶类,销量加权成本,近7日均值,近期滚动回测,2023-03-31,2023-04-01,2023-04-07,994,7,2023-03-31,通过,0.11313503881575784,0.339149027781542,0.2602504314672002,0.5714285714285714,1.0,1.7233678123480975
花叶类,销量加权成本,近7日均值,近期滚动回测,2023-04-07,2023-04-08,2023-04-14,1001,7,2023-04-07,通过,0.07610508076576553,0.22451368023533544,0.32183040663736934,1.0,1.0,1.1277597776013293
花叶类,销量加权成本,近7日均值,近期滚动回测,2023-04-14,2023-04-15,2023-04-21,1008,7,2023-04-14,通过,0.052502541176396064,0.16077565206930292,0.27479837638199983,1.0,1.0,1.0813127436198346
花叶类,销量加权成本,近7日均值,近期滚动回测,2023-04-21,2023-04-22,2023-04-28,1015,7,2023-04-21,通过,0.050128909298582706,0.1489154729083235,0.16312787198235554,0.2857142857142857,1.0,1.0400075702956055
花叶类,销量加权成本,近7日均值,近期滚动回测,2023-04-28,2023-04-29,2023-05-05,1022,7,2023-04-28,通过,0.1884684664070416,0.6898979690979009,0.1890532499334007,1.0,0.14285714285714285,0.9979382624723661
花叶类,销量加权成本,近7日均值,近期滚动回测,2023-05-05,2023-05-06,2023-05-12,1029,7,2023-05-05,通过,0.061062438076107006,0.2178569461465773,0.26923581957548426,1.0,1.0,1.2473623965755027
花叶类,销量加权成本,近7日均值,近期滚动回测,2023-05-12,2023-05-13,2023-05-19,1036,7,2023-05-12,通过,0.054200049375681784,0.18435413578124477,0.11816181484064099,0.14285714285714285,1.0,1.3279960291618582
花叶类,销量加权成本,近7日均值,近期滚动回测,2023-05-19,2023-05-20,2023-05-26,1043,7,2023-05-19,通过,0.07759405267834257,0.24492124156022335,0.2008738058893059,0.42857142857142855,1.0,1.1898354203938897
花叶类,销量加权成本,近7日均值,近期滚动回测,2023-05-26,2023-05-27,2023-06-02,1050,7,2023-05-26,通过,0.07877650567307042,0.26991668051837975,0.07777528895116943,0.0,1.0,1.1208670214055712
花叶类,销量加权成本,近7日均值,近期滚动回测,2023-06-02,2023-06-03,2023-06-09,1057,7,2023-06-02,通过,0.026314183777390497,0.09255568703792516,0.05910632381045233,0.14285714285714285,1.0,1.107090646906527
花叶类,销量加权成本,近7日均值,近期滚动回测,2023-06-09,2023-06-10,2023-06-16,1064,7,2023-06-09,通过,0.03642588227209231,0.12826993579143536,0.13994239001443018,0.42857142857142855,1.0,1.005929330528291
花叶类,销量加权成本,近7日均值,近期滚动回测,2023-06-16,2023-06-17,2023-06-23,1071,7,2023-06-16,通过,0.10763391556105133,0.34219029798564105,0.149622701800565,0.14285714285714285,0.7142857142857143,0.91889961563699
花叶类,销量加权成本,近14日均值,八折主要回测,2021-03-31,2021-04-01,2021-04-07,272,7,2021-03-31,通过,0.08655952035133041,0.3825903308704356,0.2944346827205866,0.5714285714285714,1.0,1.7767867992810424
花叶类,销量加权成本,近14日均值,八折主要回测,2021-06-30,2021-07-01,2021-07-07,363,7,2021-06-30,通过,0.06321428394196155,0.22736826313399577,0.07855533571947786,0.8571428571428571,1.0,1.0931504375332022
花叶类,销量加权成本,近14日均值,八折主要回测,2021-09-30,2021-10-01,2021-10-07,455,7,2021-09-30,通过,0.0846986465706978,0.3776580370946627,0.2201708836981456,0.5714285714285714,0.8571428571428571,1.476587396282321
花叶类,销量加权成本,近14日均值,八折主要回测,2021-12-31,2022-01-01,2022-01-07,547,7,2021-12-31,通过,0.09133118246524531,0.21016063772721655,0.18173613565139016,1.0,1.0,3.112391141692489
花叶类,销量加权成本,近14日均值,八折主要回测,2022-03-31,2022-04-01,2022-04-07,636,7,2022-03-31,通过,0.1709274543874188,0.6263543945735888,0.2237523330472885,0.5714285714285714,1.0,2.4237621865875134
花叶类,销量加权成本,近14日均值,八折主要回测,2022-06-30,2022-07-01,2022-07-07,727,7,2022-06-30,通过,0.07583454395442141,0.22575966361721925,0.1898156077453026,0.8571428571428571,1.0,2.0667303022674695
花叶类,销量加权成本,近14日均值,八折主要回测,2022-09-30,2022-10-01,2022-10-07,819,7,2022-09-30,通过,0.1533675479528569,0.33211522038835184,0.25845557509103617,0.8571428571428571,1.0,1.6341312454562757
花叶类,销量加权成本,近14日均值,八折主要回测,2022-12-31,2023-01-01,2023-01-07,905,7,2022-12-31,通过,0.17762523794132623,0.46748420351727743,0.3793437819605762,0.14285714285714285,0.8571428571428571,1.8320350441819255
花叶类,销量加权成本,近14日均值,近期滚动回测,2023-03-17,2023-03-18,2023-03-24,980,7,2023-03-17,通过,0.08737524495441583,0.24226135788053016,0.19036359713544782,0.5714285714285714,1.0,2.2320444232158354
花叶类,销量加权成本,近14日均值,近期滚动回测,2023-03-24,2023-03-25,2023-03-31,987,7,2023-03-24,通过,0.16909491788701725,0.5503650923618003,0.3207136695321012,0.42857142857142855,1.0,2.2574112606570185
花叶类,销量加权成本,近14日均值,近期滚动回测,2023-03-31,2023-04-01,2023-04-07,994,7,2023-03-31,通过,0.08295604169961822,0.24868034859516847,0.2602504314672002,0.5714285714285714,1.0,1.7233678123480973
花叶类,销量加权成本,近14日均值,近期滚动回测,2023-04-07,2023-04-08,2023-04-14,1001,7,2023-04-07,通过,0.09800076022352604,0.28910699682933566,0.32183040663736934,1.0,1.0,1.1277597776013302
花叶类,销量加权成本,近14日均值,近期滚动回测,2023-04-14,2023-04-15,2023-04-21,1008,7,2023-04-14,通过,0.05139019386804755,0.15736937191942577,0.27479837638199983,1.0,1.0,1.0813127436198346
花叶类,销量加权成本,近14日均值,近期滚动回测,2023-04-21,2023-04-22,2023-04-28,1015,7,2023-04-21,通过,0.042035686548412166,0.12487333614417644,0.16312787198235554,0.7142857142857143,1.0,1.0400075702956055
花叶类,销量加权成本,近14日均值,近期滚动回测,2023-04-28,2023-04-29,2023-05-05,1022,7,2023-04-28,通过,0.1759574205475726,0.6441006784726514,0.1890532499334007,1.0,0.14285714285714285,0.9979382624723661
花叶类,销量加权成本,近14日均值,近期滚动回测,2023-05-05,2023-05-06,2023-05-12,1029,7,2023-05-05,通过,0.07510784420701244,0.26796777341576833,0.26923581957548426,1.0,1.0,1.2473623965755027
花叶类,销量加权成本,近14日均值,近期滚动回测,2023-05-12,2023-05-13,2023-05-19,1036,7,2023-05-12,通过,0.06394142026591866,0.21748809105398578,0.11816181484064099,0.14285714285714285,1.0,1.3279960291618578
花叶类,销量加权成本,近14日均值,近期滚动回测,2023-05-19,2023-05-20,2023-05-26,1043,7,2023-05-19,通过,0.10395421780900875,0.32812561288361036,0.2008738058893059,0.42857142857142855,1.0,1.1898354203938908
花叶类,销量加权成本,近14日均值,近期滚动回测,2023-05-26,2023-05-27,2023-06-02,1050,7,2023-05-26,通过,0.04303577349940529,0.14745605973826864,0.07777528895116943,0.0,1.0,1.1208670214055712
花叶类,销量加权成本,近14日均值,近期滚动回测,2023-06-02,2023-06-03,2023-06-09,1057,7,2023-06-02,通过,0.06423305665612616,0.22592890357716014,0.05910632381045233,0.14285714285714285,1.0,1.107090646906527
花叶类,销量加权成本,近14日均值,近期滚动回测,2023-06-09,2023-06-10,2023-06-16,1064,7,2023-06-09,通过,0.041062485785958655,0.14459725026995487,0.13994239001443018,0.42857142857142855,1.0,1.005929330528292
花叶类,销量加权成本,近14日均值,近期滚动回测,2023-06-16,2023-06-17,2023-06-23,1071,7,2023-06-16,通过,0.10699464898811592,0.34015793840878494,0.149622701800565,0.14285714285714285,0.7142857142857143,0.91889961563699
花叶类,销量加权成本,近7日中位数,八折主要回测,2021-03-31,2021-04-01,2021-04-07,272,7,2021-03-31,通过,0.09678760904396182,0.4277981580534321,0.2944346827205866,0.42857142857142855,1.0,1.7767867992810424
花叶类,销量加权成本,近7日中位数,八折主要回测,2021-06-30,2021-07-01,2021-07-07,363,7,2021-06-30,通过,0.022316560458017005,0.08026789633689058,0.07855533571947786,0.8571428571428571,1.0,1.0931504375332024
花叶类,销量加权成本,近7日中位数,八折主要回测,2021-09-30,2021-10-01,2021-10-07,455,7,2021-09-30,通过,0.04083562029307619,0.18207965331008566,0.2201708836981456,0.5714285714285714,1.0,1.476587396282321
花叶类,销量加权成本,近7日中位数,八折主要回测,2021-12-31,2022-01-01,2022-01-07,547,7,2021-12-31,通过,0.07367783021308254,0.16953880773230193,0.18173613565139016,1.0,1.0,3.112391141692489
花叶类,销量加权成本,近7日中位数,八折主要回测,2022-03-31,2022-04-01,2022-04-07,636,7,2022-03-31,通过,0.10484647452916261,0.384204224606545,0.2237523330472885,0.5714285714285714,1.0,2.4237621865875134
花叶类,销量加权成本,近7日中位数,八折主要回测,2022-06-30,2022-07-01,2022-07-07,727,7,2022-06-30,通过,0.044342950032503256,0.132009094551289,0.1898156077453026,0.8571428571428571,1.0,2.0667303022674695
花叶类,销量加权成本,近7日中位数,八折主要回测,2022-09-30,2022-10-01,2022-10-07,819,7,2022-09-30,通过,0.06441956357700247,0.13949963887584654,0.25845557509103617,0.8571428571428571,1.0,1.6341312454562757
花叶类,销量加权成本,近7日中位数,八折主要回测,2022-12-31,2023-01-01,2023-01-07,905,7,2022-12-31,通过,0.12511692946146735,0.32928985088899426,0.3793437819605762,0.0,0.8571428571428571,1.8320350441819255
花叶类,销量加权成本,近7日中位数,近期滚动回测,2023-03-17,2023-03-18,2023-03-24,980,7,2023-03-17,通过,0.0885522696134594,0.24552484048716008,0.19036359713544782,0.5714285714285714,1.0,2.2320444232158354
花叶类,销量加权成本,近7日中位数,近期滚动回测,2023-03-24,2023-03-25,2023-03-31,987,7,2023-03-24,通过,0.18932869699096477,0.6162213927434177,0.3207136695321012,0.42857142857142855,1.0,2.2574112606570185
花叶类,销量加权成本,近7日中位数,近期滚动回测,2023-03-31,2023-04-01,2023-04-07,994,7,2023-03-31,通过,0.13920203186844401,0.41729100257154295,0.2602504314672002,0.5714285714285714,1.0,1.7233678123480975
花叶类,销量加权成本,近7日中位数,近期滚动回测,2023-04-07,2023-04-08,2023-04-14,1001,7,2023-04-07,通过,0.074916427448486,0.22100709528593201,0.32183040663736934,1.0,1.0,1.1277597776013302
花叶类,销量加权成本,近7日中位数,近期滚动回测,2023-04-14,2023-04-15,2023-04-21,1008,7,2023-04-14,通过,0.061260201582207616,0.18759375517054636,0.27479837638199983,1.0,1.0,1.0813127436198346
花叶类,销量加权成本,近7日中位数,近期滚动回测,2023-04-21,2023-04-22,2023-04-28,1015,7,2023-04-21,通过,0.047321107508402606,0.14057447492396621,0.16312787198235554,0.0,1.0,1.0400075702956055
花叶类,销量加权成本,近7日中位数,近期滚动回测,2023-04-28,2023-04-29,2023-05-05,1022,7,2023-04-28,通过,0.19949012565045887,0.7302432877237789,0.1890532499334007,0.0,0.14285714285714285,0.9979382624723661
花叶类,销量加权成本,近7日中位数,近期滚动回测,2023-05-05,2023-05-06,2023-05-12,1029,7,2023-05-05,通过,0.05179359594167871,0.1847878171477568,0.26923581957548426,1.0,1.0,1.2473623965755027
花叶类,销量加权成本,近7日中位数,近期滚动回测,2023-05-12,2023-05-13,2023-05-19,1036,7,2023-05-12,通过,0.04837413360554852,0.16453807141767365,0.11816181484064099,0.0,1.0,1.3279960291618582
花叶类,销量加权成本,近7日中位数,近期滚动回测,2023-05-19,2023-05-20,2023-05-26,1043,7,2023-05-19,通过,0.06528054742871225,0.20605435821544424,0.2008738058893059,0.42857142857142855,1.0,1.1898354203938908
花叶类,销量加权成本,近7日中位数,近期滚动回测,2023-05-26,2023-05-27,2023-06-02,1050,7,2023-05-26,通过,0.08890744680325574,0.3046289335819417,0.07777528895116943,0.0,1.0,1.1208670214055712
花叶类,销量加权成本,近7日中位数,近期滚动回测,2023-06-02,2023-06-03,2023-06-09,1057,7,2023-06-02,通过,0.023131520273322725,0.08136120691566408,0.05910632381045233,0.14285714285714285,1.0,1.107090646906527
花叶类,销量加权成本,近7日中位数,近期滚动回测,2023-06-09,2023-06-10,2023-06-16,1064,7,2023-06-09,通过,0.03610640841377293,0.12714494200301957,0.13994239001443018,0.0,1.0,1.005929330528291
花叶类,销量加权成本,近7日中位数,近期滚动回测,2023-06-16,2023-06-17,2023-06-23,1071,7,2023-06-16,通过,0.11134923811048804,0.35400207054522426,0.149622701800565,0.14285714285714285,0.7142857142857143,0.91889961563699
花叶类,销量加权成本,近14日中位数,八折主要回测,2021-03-31,2021-04-01,2021-04-07,272,7,2021-03-31,通过,0.08950428122796614,0.3956060804211904,0.2944346827205866,0.5714285714285714,1.0,1.7767867992810424
花叶类,销量加权成本,近14日中位数,八折主要回测,2021-06-30,2021-07-01,2021-07-07,363,7,2021-06-30,通过,0.04884760480809284,0.17569439011076865,0.07855533571947786,0.8571428571428571,1.0,1.0931504375332022
花叶类,销量加权成本,近14日中位数,八折主要回测,2021-09-30,2021-10-01,2021-10-07,455,7,2021-09-30,通过,0.09303265987239531,0.4148181008273548,0.2201708836981456,0.5714285714285714,0.8571428571428571,1.476587396282321
花叶类,销量加权成本,近14日中位数,八折主要回测,2021-12-31,2022-01-01,2022-01-07,547,7,2021-12-31,通过,0.11049492204328147,0.2542579944267312,0.18173613565139016,1.0,1.0,3.1123911416924908
花叶类,销量加权成本,近14日中位数,八折主要回测,2022-03-31,2022-04-01,2022-04-07,636,7,2022-03-31,通过,0.12725589820512775,0.4663223433698894,0.2237523330472885,0.5714285714285714,1.0,2.4237621865875134
花叶类,销量加权成本,近14日中位数,八折主要回测,2022-06-30,2022-07-01,2022-07-07,727,7,2022-06-30,通过,0.08474955110554017,0.25229966650549834,0.1898156077453026,0.8571428571428571,1.0,2.0667303022674695
花叶类,销量加权成本,近14日中位数,八折主要回测,2022-09-30,2022-10-01,2022-10-07,819,7,2022-09-30,通过,0.18859784135670532,0.40840591430856754,0.25845557509103617,0.8571428571428571,1.0,1.6341312454562757
花叶类,销量加权成本,近14日中位数,八折主要回测,2022-12-31,2023-01-01,2023-01-07,905,7,2022-12-31,通过,0.16247815818504735,0.4276192575358075,0.3793437819605762,0.14285714285714285,0.8571428571428571,1.8320350441819255
花叶类,销量加权成本,近14日中位数,近期滚动回测,2023-03-17,2023-03-18,2023-03-24,980,7,2023-03-17,通过,0.0886273845718848,0.24573310830757958,0.19036359713544782,0.5714285714285714,1.0,2.2320444232158354
花叶类,销量加权成本,近14日中位数,近期滚动回测,2023-03-24,2023-03-25,2023-03-31,987,7,2023-03-24,通过,0.1766105194265637,0.5748266479611868,0.3207136695321012,0.42857142857142855,1.0,2.2574112606570185
花叶类,销量加权成本,近14日中位数,近期滚动回测,2023-03-31,2023-04-01,2023-04-07,994,7,2023-03-31,通过,0.08190535018530293,0.24553065236216806,0.2602504314672002,0.5714285714285714,1.0,1.7233678123480973
花叶类,销量加权成本,近14日中位数,近期滚动回测,2023-04-07,2023-04-08,2023-04-14,1001,7,2023-04-07,通过,0.09741889126567888,0.2873904551763146,0.32183040663736934,1.0,1.0,1.1277597776013302
花叶类,销量加权成本,近14日中位数,近期滚动回测,2023-04-14,2023-04-15,2023-04-21,1008,7,2023-04-14,通过,0.05351946569952203,0.16388972425795245,0.27479837638199983,1.0,1.0,1.0813127436198346
花叶类,销量加权成本,近14日中位数,近期滚动回测,2023-04-21,2023-04-22,2023-04-28,1015,7,2023-04-21,通过,0.034708990532456296,0.10310828245882833,0.16312787198235554,0.7142857142857143,1.0,1.0400075702956055
花叶类,销量加权成本,近14日中位数,近期滚动回测,2023-04-28,2023-04-29,2023-05-05,1022,7,2023-04-28,通过,0.1988578022070624,0.7279286370677374,0.1890532499334007,0.0,0.14285714285714285,0.9979382624723661
花叶类,销量加权成本,近14日中位数,近期滚动回测,2023-05-05,2023-05-06,2023-05-12,1029,7,2023-05-05,通过,0.08281789675595443,0.2954754942972799,0.26923581957548426,1.0,0.8571428571428571,1.2473623965755039
花叶类,销量加权成本,近14日中位数,近期滚动回测,2023-05-12,2023-05-13,2023-05-19,1036,7,2023-05-12,通过,0.05117055710700537,0.17404972765835497,0.11816181484064099,0.14285714285714285,1.0,1.3279960291618582
花叶类,销量加权成本,近14日中位数,近期滚动回测,2023-05-19,2023-05-20,2023-05-26,1043,7,2023-05-19,通过,0.09689476634030325,0.3058428533322191,0.2008738058893059,0.42857142857142855,1.0,1.1898354203938908
花叶类,销量加权成本,近14日中位数,近期滚动回测,2023-05-26,2023-05-27,2023-06-02,1050,7,2023-05-26,通过,0.036692043937157276,0.12572015750550897,0.07777528895116943,1.0,1.0,1.1208670214055712
花叶类,销量加权成本,近14日中位数,近期滚动回测,2023-06-02,2023-06-03,2023-06-09,1057,7,2023-06-02,通过,0.05009235410222416,0.17619137604647975,0.05910632381045233,0.14285714285714285,1.0,1.107090646906527
花叶类,销量加权成本,近14日中位数,近期滚动回测,2023-06-09,2023-06-10,2023-06-16,1064,7,2023-06-09,通过,0.03868134990805472,0.13621232924352786,0.13994239001443018,0.42857142857142855,1.0,1.005929330528291
花叶类,销量加权成本,近14日中位数,近期滚动回测,2023-06-16,2023-06-17,2023-06-23,1071,7,2023-06-16,通过,0.11009082054496805,0.35000130294803133,0.149622701800565,0.14285714285714285,0.7142857142857143,0.91889961563699
花叶类,销量加权成本,指数加权移动平均,八折主要回测,2021-03-31,2021-04-01,2021-04-07,272,7,2021-03-31,通过,0.09700460302239262,0.4287572645464876,0.2944346827205866,0.42857142857142855,1.0,1.7767867992810424
花叶类,销量加权成本,指数加权移动平均,八折主要回测,2021-06-30,2021-07-01,2021-07-07,363,7,2021-06-30,通过,0.01958637753196829,0.07044801210781795,0.07855533571947786,0.8571428571428571,1.0,1.0931504375332022
花叶类,销量加权成本,指数加权移动平均,八折主要回测,2021-09-30,2021-10-01,2021-10-07,455,7,2021-09-30,通过,0.03882303412754667,0.1731058459172683,0.2201708836981456,0.5714285714285714,1.0,1.476587396282321
花叶类,销量加权成本,指数加权移动平均,八折主要回测,2021-12-31,2022-01-01,2022-01-07,547,7,2021-12-31,通过,0.06806679990530745,0.15662736088623172,0.18173613565139016,1.0,1.0,3.1123911416924908
花叶类,销量加权成本,指数加权移动平均,八折主要回测,2022-03-31,2022-04-01,2022-04-07,636,7,2022-03-31,通过,0.13241203697103976,0.48521673448239133,0.2237523330472885,0.5714285714285714,1.0,2.4237621865875134
花叶类,销量加权成本,指数加权移动平均,八折主要回测,2022-06-30,2022-07-01,2022-07-07,727,7,2022-06-30,通过,0.04344551910227115,0.12933743999435438,0.1898156077453026,0.8571428571428571,1.0,2.0667303022674695
花叶类,销量加权成本,指数加权移动平均,八折主要回测,2022-09-30,2022-10-01,2022-10-07,819,7,2022-09-30,通过,0.07077396642376162,0.1532600068940957,0.25845557509103617,0.8571428571428571,1.0,1.6341312454562757
花叶类,销量加权成本,指数加权移动平均,八折主要回测,2022-12-31,2023-01-01,2023-01-07,905,7,2022-12-31,通过,0.13807076829489848,0.36338250067076727,0.3793437819605762,0.14285714285714285,0.8571428571428571,1.8320350441819255
花叶类,销量加权成本,指数加权移动平均,近期滚动回测,2023-03-17,2023-03-18,2023-03-24,980,7,2023-03-17,通过,0.08470100526973252,0.23484661543663346,0.19036359713544782,0.5714285714285714,1.0,2.2320444232158354
花叶类,销量加权成本,指数加权移动平均,近期滚动回测,2023-03-24,2023-03-25,2023-03-31,987,7,2023-03-24,通过,0.11877538408611472,0.3865865754554519,0.3207136695321012,0.42857142857142855,1.0,2.257411260657019
花叶类,销量加权成本,指数加权移动平均,近期滚动回测,2023-03-31,2023-04-01,2023-04-07,994,7,2023-03-31,通过,0.08384577658051562,0.2513475392639328,0.2602504314672002,0.5714285714285714,1.0,1.7233678123480973
花叶类,销量加权成本,指数加权移动平均,近期滚动回测,2023-04-07,2023-04-08,2023-04-14,1001,7,2023-04-07,通过,0.07208142193750225,0.21264369149798495,0.32183040663736934,1.0,0.8571428571428571,1.1277597776013302
花叶类,销量加权成本,指数加权移动平均,近期滚动回测,2023-04-14,2023-04-15,2023-04-21,1008,7,2023-04-14,通过,0.051903527100685916,0.1589413241213009,0.27479837638199983,1.0,1.0,1.0813127436198346
花叶类,销量加权成本,指数加权移动平均,近期滚动回测,2023-04-21,2023-04-22,2023-04-28,1015,7,2023-04-21,通过,0.05526377635105533,0.16416936863714898,0.16312787198235554,0.2857142857142857,1.0,1.0400075702956055
花叶类,销量加权成本,指数加权移动平均,近期滚动回测,2023-04-28,2023-04-29,2023-05-05,1022,7,2023-04-28,通过,0.19292174691563344,0.7061994185513357,0.1890532499334007,1.0,0.14285714285714285,0.9979382624723661
花叶类,销量加权成本,指数加权移动平均,近期滚动回测,2023-05-05,2023-05-06,2023-05-12,1029,7,2023-05-05,通过,0.07785050927920052,0.2777529810778839,0.26923581957548426,1.0,1.0,1.2473623965755039
花叶类,销量加权成本,指数加权移动平均,近期滚动回测,2023-05-12,2023-05-13,2023-05-19,1036,7,2023-05-12,通过,0.04450730830716032,0.1513855882684377,0.11816181484064099,0.8571428571428571,1.0,1.3279960291618578
花叶类,销量加权成本,指数加权移动平均,近期滚动回测,2023-05-19,2023-05-20,2023-05-26,1043,7,2023-05-19,通过,0.06439096845582383,0.20324645246770753,0.2008738058893059,0.42857142857142855,1.0,1.1898354203938897
花叶类,销量加权成本,指数加权移动平均,近期滚动回测,2023-05-26,2023-05-27,2023-06-02,1050,7,2023-05-26,通过,0.0629372340058222,0.21564563112714025,0.07777528895116943,0.0,1.0,1.1208670214055712
花叶类,销量加权成本,指数加权移动平均,近期滚动回测,2023-06-02,2023-06-03,2023-06-09,1057,7,2023-06-02,通过,0.02309661613446396,0.08123843751571348,0.05910632381045233,0.14285714285714285,1.0,1.107090646906527
花叶类,销量加权成本,指数加权移动平均,近期滚动回测,2023-06-09,2023-06-10,2023-06-16,1064,7,2023-06-09,通过,0.036064313117103966,0.1269967078172141,0.13994239001443018,0.5714285714285714,1.0,1.005929330528291
花叶类,销量加权成本,指数加权移动平均,近期滚动回测,2023-06-16,2023-06-17,2023-06-23,1071,7,2023-06-16,通过,0.07724446715392652,0.24557600729624518,0.149622701800565,0.14285714285714285,0.8571428571428571,0.91889961563699
花叶类,销量加权成本,同星期最近4次统计,八折主要回测,2021-03-31,2021-04-01,2021-04-07,272,7,2021-03-31,通过,0.11239972009043343,0.496803193046833,0.36784619971437343,0.5714285714285714,0.7142857142857143,1.7767867992810424
花叶类,销量加权成本,同星期最近4次统计,八折主要回测,2021-06-30,2021-07-01,2021-07-07,363,7,2021-06-30,通过,0.11198425189108015,0.40278341006301205,0.18878454525883134,0.8571428571428571,0.8571428571428571,1.0931504375332022
花叶类,销量加权成本,同星期最近4次统计,八折主要回测,2021-09-30,2021-10-01,2021-10-07,455,7,2021-09-30,通过,0.10210408774786515,0.45526618097744503,0.2971348141728309,0.5714285714285714,0.8571428571428571,1.476587396282321
花叶类,销量加权成本,同星期最近4次统计,八折主要回测,2021-12-31,2022-01-01,2022-01-07,547,7,2021-12-31,通过,0.294358248419832,0.6773427819323281,0.21492002804820642,0.14285714285714285,1.0,3.1123911416924903
花叶类,销量加权成本,同星期最近4次统计,八折主要回测,2022-03-31,2022-04-01,2022-04-07,636,7,2022-03-31,通过,0.0915136161770657,0.335346687641566,0.38792954319802003,0.42857142857142855,1.0,2.4237621865875134
花叶类,销量加权成本,同星期最近4次统计,八折主要回测,2022-06-30,2022-07-01,2022-07-07,727,7,2022-06-30,通过,0.09629086043124566,0.28665817880352923,0.20142920452406066,0.8571428571428571,1.0,2.0667303022674695
花叶类,销量加权成本,同星期最近4次统计,八折主要回测,2022-09-30,2022-10-01,2022-10-07,819,7,2022-09-30,通过,0.3715306542176607,0.8045442908460375,0.3711495972337228,0.8571428571428571,0.42857142857142855,1.6341312454562757
花叶类,销量加权成本,同星期最近4次统计,八折主要回测,2022-12-31,2023-01-01,2023-01-07,905,7,2022-12-31,通过,0.25621297046476305,0.6743158675912942,0.5299051560704459,0.14285714285714285,0.8571428571428571,1.8320350441819255
花叶类,销量加权成本,同星期最近4次统计,近期滚动回测,2023-03-17,2023-03-18,2023-03-24,980,7,2023-03-17,通过,0.1236527398532146,0.34284631394299475,0.20936246851404175,0.14285714285714285,1.0,2.232044423215835
花叶类,销量加权成本,同星期最近4次统计,近期滚动回测,2023-03-24,2023-03-25,2023-03-31,987,7,2023-03-24,通过,0.15667635500575805,0.5099455245087217,0.3489292084718314,0.42857142857142855,1.0,2.257411260657019
花叶类,销量加权成本,同星期最近4次统计,近期滚动回测,2023-03-31,2023-04-01,2023-04-07,994,7,2023-03-31,通过,0.09153007793772117,0.2743830494096513,0.2715695835450702,0.7142857142857143,1.0,1.7233678123480973
花叶类,销量加权成本,同星期最近4次统计,近期滚动回测,2023-04-07,2023-04-08,2023-04-14,1001,7,2023-04-07,通过,0.09132913428361912,0.26942537665561633,0.3527008068633873,0.8571428571428571,0.8571428571428571,1.12775977760133
花叶类,销量加权成本,同星期最近4次统计,近期滚动回测,2023-04-14,2023-04-15,2023-04-21,1008,7,2023-04-14,通过,0.05470130007779603,0.16750879085068235,0.15223749674993795,1.0,1.0,1.0813127436198346
花叶类,销量加权成本,同星期最近4次统计,近期滚动回测,2023-04-21,2023-04-22,2023-04-28,1015,7,2023-04-21,通过,0.06557584827077485,0.19480293094832998,0.32537162292638055,0.42857142857142855,0.8571428571428571,1.0400075702956055
花叶类,销量加权成本,同星期最近4次统计,近期滚动回测,2023-04-28,2023-04-29,2023-05-05,1022,7,2023-04-28,通过,0.18144175019994588,0.6641763333615922,0.2706043193521448,0.7142857142857143,0.2857142857142857,0.9979382624723661
花叶类,销量加权成本,同星期最近4次统计,近期滚动回测,2023-05-05,2023-05-06,2023-05-12,1029,7,2023-05-05,通过,0.1351261952015563,0.48209965337981064,0.3606105991019794,1.0,0.7142857142857143,1.2473623965755039
花叶类,销量加权成本,同星期最近4次统计,近期滚动回测,2023-05-12,2023-05-13,2023-05-19,1036,7,2023-05-12,通过,0.04432655669079087,0.15077078609739386,0.16681810029444763,0.8571428571428571,1.0,1.3279960291618582
花叶类,销量加权成本,同星期最近4次统计,近期滚动回测,2023-05-19,2023-05-20,2023-05-26,1043,7,2023-05-19,通过,0.0836012548725501,0.2638826357511889,0.14470890746448326,0.42857142857142855,1.0,1.1898354203938903
花叶类,销量加权成本,同星期最近4次统计,近期滚动回测,2023-05-26,2023-05-27,2023-06-02,1050,7,2023-05-26,通过,0.021022093425448248,0.07202926337571691,0.052296611511464995,1.0,1.0,1.1208670214055712
花叶类,销量加权成本,同星期最近4次统计,近期滚动回测,2023-06-02,2023-06-03,2023-06-09,1057,7,2023-06-02,通过,0.0388451256094036,0.1366311537256198,0.11489267479068022,0.14285714285714285,1.0,1.1070906469065271
花叶类,销量加权成本,同星期最近4次统计,近期滚动回测,2023-06-09,2023-06-10,2023-06-16,1064,7,2023-06-09,通过,0.05041958700391793,0.17754730384603962,0.14653531771762784,0.42857142857142855,1.0,1.0059293305282915
花叶类,销量加权成本,同星期最近4次统计,近期滚动回测,2023-06-16,2023-06-17,2023-06-23,1071,7,2023-06-16,通过,0.08125878064619967,0.25833833339920637,0.15708465960949916,0.14285714285714285,0.7142857142857143,0.91889961563699
花叶类,销量加权成本,同星期最近8次统计,八折主要回测,2021-03-31,2021-04-01,2021-04-07,272,7,2021-03-31,通过,0.13976154468333388,0.6177415887510521,0.3233501614781738,0.5714285714285714,0.7142857142857143,1.7767867992810422
花叶类,销量加权成本,同星期最近8次统计,八折主要回测,2021-06-30,2021-07-01,2021-07-07,363,7,2021-06-30,通过,0.13113857333132894,0.47167740878928294,0.15348544885499896,0.8571428571428571,0.8571428571428571,1.0931504375332022
花叶类,销量加权成本,同星期最近8次统计,八折主要回测,2021-09-30,2021-10-01,2021-10-07,455,7,2021-09-30,通过,0.06036639376649931,0.2691643219742631,0.3011379957523805,0.5714285714285714,1.0,1.476587396282321
花叶类,销量加权成本,同星期最近8次统计,八折主要回测,2021-12-31,2022-01-01,2022-01-07,547,7,2021-12-31,通过,0.7086551352920714,1.6306743342376218,0.20353414819414942,0.0,0.2857142857142857,3.1123911416924903
花叶类,销量加权成本,同星期最近8次统计,八折主要回测,2022-03-31,2022-04-01,2022-04-07,636,7,2022-03-31,通过,0.07558510903194182,0.2769775363247048,0.38155433461592864,0.5714285714285714,1.0,2.4237621865875134
花叶类,销量加权成本,同星期最近8次统计,八折主要回测,2022-06-30,2022-07-01,2022-07-07,727,7,2022-06-30,通过,0.05051693186279905,0.15038905688117568,0.20358663571973476,0.7142857142857143,1.0,2.0667303022674695
花叶类,销量加权成本,同星期最近8次统计,八折主要回测,2022-09-30,2022-10-01,2022-10-07,819,7,2022-09-30,通过,0.18839165272431718,0.40795941578915323,0.2224577126927135,0.8571428571428571,1.0,1.6341312454562757
花叶类,销量加权成本,同星期最近8次统计,八折主要回测,2022-12-31,2023-01-01,2023-01-07,905,7,2022-12-31,通过,0.3224715641252016,0.8486990027950697,0.4231983038741716,0.14285714285714285,0.8571428571428571,1.8320350441819255
花叶类,销量加权成本,同星期最近8次统计,近期滚动回测,2023-03-17,2023-03-18,2023-03-24,980,7,2023-03-17,通过,0.1552756725524362,0.43052577761574146,0.15456809920146738,0.42857142857142855,1.0,2.2320444232158354
花叶类,销量加权成本,同星期最近8次统计,近期滚动回测,2023-03-24,2023-03-25,2023-03-31,987,7,2023-03-24,通过,0.10702012116058088,0.34832589650310464,0.4104094679298698,0.5714285714285714,1.0,2.257411260657019
花叶类,销量加权成本,同星期最近8次统计,近期滚动回测,2023-03-31,2023-04-01,2023-04-07,994,7,2023-03-31,通过,0.08086920360606782,0.24242455801098275,0.35510379656975083,0.5714285714285714,1.0,1.7233678123480973
花叶类,销量加权成本,同星期最近8次统计,近期滚动回测,2023-04-07,2023-04-08,2023-04-14,1001,7,2023-04-07,通过,0.09409415892052514,0.27758233347015254,0.35162195866400014,1.0,0.8571428571428571,1.1277597776013302
花叶类,销量加权成本,同星期最近8次统计,近期滚动回测,2023-04-14,2023-04-15,2023-04-21,1008,7,2023-04-14,通过,0.08537298254072141,0.2614330017088115,0.3166596906582366,1.0,0.8571428571428571,1.0813127436198346
花叶类,销量加权成本,同星期最近8次统计,近期滚动回测,2023-04-21,2023-04-22,2023-04-28,1015,7,2023-04-21,通过,0.054009907486233466,0.1604445623809863,0.1870666769311562,0.7142857142857143,1.0,1.0400075702956055
花叶类,销量加权成本,同星期最近8次统计,近期滚动回测,2023-04-28,2023-04-29,2023-05-05,1022,7,2023-04-28,通过,0.21433306390633847,0.7845765836506474,0.22812681128415777,0.2857142857142857,0.14285714285714285,0.9979382624723661
花叶类,销量加权成本,同星期最近8次统计,近期滚动回测,2023-05-05,2023-05-06,2023-05-12,1029,7,2023-05-05,通过,0.16061658675621557,0.5730435959268984,0.27290762335566493,1.0,0.5714285714285714,1.2473623965755039
花叶类,销量加权成本,同星期最近8次统计,近期滚动回测,2023-05-12,2023-05-13,2023-05-19,1036,7,2023-05-12,通过,0.07877431083617122,0.26794016173869606,0.15736773713289912,0.8571428571428571,1.0,1.3279960291618582
花叶类,销量加权成本,同星期最近8次统计,近期滚动回测,2023-05-19,2023-05-20,2023-05-26,1043,7,2023-05-19,通过,0.04886340999901676,0.15423459183703317,0.1342240211867208,0.7142857142857143,1.0,1.1898354203938906
花叶类,销量加权成本,同星期最近8次统计,近期滚动回测,2023-05-26,2023-05-27,2023-06-02,1050,7,2023-05-26,通过,0.07128917489328424,0.2442623886358466,0.15865694539427788,0.2857142857142857,1.0,1.1208670214055712
花叶类,销量加权成本,同星期最近8次统计,近期滚动回测,2023-06-02,2023-06-03,2023-06-09,1057,7,2023-06-02,通过,0.07077318393888228,0.24893269419790798,0.1642905732682535,0.14285714285714285,1.0,1.107090646906527
花叶类,销量加权成本,同星期最近8次统计,近期滚动回测,2023-06-09,2023-06-10,2023-06-16,1064,7,2023-06-09,通过,0.055884634159663805,0.19679189598874697,0.1647410503684601,0.42857142857142855,1.0,1.0059293305282913
花叶类,销量加权成本,同星期最近8次统计,近期滚动回测,2023-06-16,2023-06-17,2023-06-23,1071,7,2023-06-16,通过,0.0828063630097105,0.26325841520954174,0.19813126249829982,0.14285714285714285,0.8571428571428571,0.91889961563699
花叶类,销量加权成本,指数加权移动平均加周内收缩,八折主要回测,2021-03-31,2021-04-01,2021-04-07,272,7,2021-03-31,通过,0.08864721600303126,0.39181787934689527,0.30455510028574223,0.5714285714285714,1.0,1.7767867992810424
花叶类,销量加权成本,指数加权移动平均加周内收缩,八折主要回测,2021-06-30,2021-07-01,2021-07-07,363,7,2021-06-30,通过,0.044002473230929214,0.15826748779282415,0.09097926980597186,0.8571428571428571,1.0,1.0931504375332022
花叶类,销量加权成本,指数加权移动平均加周内收缩,八折主要回测,2021-09-30,2021-10-01,2021-10-07,455,7,2021-09-30,通过,0.04564898085465986,0.2035416763189095,0.24850937291712785,0.5714285714285714,1.0,1.476587396282321
花叶类,销量加权成本,指数加权移动平均加周内收缩,八折主要回测,2021-12-31,2022-01-01,2022-01-07,547,7,2021-12-31,通过,0.2883454458595412,0.6635068237580276,0.1752918123951331,0.0,1.0,3.11239114169249
花叶类,销量加权成本,指数加权移动平均加周内收缩,八折主要回测,2022-03-31,2022-04-01,2022-04-07,636,7,2022-03-31,通过,0.07779726929002768,0.28508387772035076,0.26458234424233895,0.5714285714285714,1.0,2.4237621865875134
花叶类,销量加权成本,指数加权移动平均加周内收缩,八折主要回测,2022-06-30,2022-07-01,2022-07-07,727,7,2022-06-30,通过,0.043624898475923754,0.12987145292492622,0.19463546753635375,0.8571428571428571,1.0,2.0667303022674695
花叶类,销量加权成本,指数加权移动平均加周内收缩,八折主要回测,2022-09-30,2022-10-01,2022-10-07,819,7,2022-09-30,通过,0.05799255070912319,0.12558203490065215,0.2458563232516231,0.8571428571428571,1.0,1.6341312454562757
花叶类,销量加权成本,指数加权移动平均加周内收缩,八折主要回测,2022-12-31,2023-01-01,2023-01-07,905,7,2022-12-31,通过,0.191435833110633,0.5038317133511873,0.37794109045886987,0.14285714285714285,0.8571428571428571,1.8320350441819255
花叶类,销量加权成本,指数加权移动平均加周内收缩,近期滚动回测,2023-03-17,2023-03-18,2023-03-24,980,7,2023-03-17,通过,0.09465379071815913,0.2624422498601745,0.1698431595933255,0.42857142857142855,1.0,2.2320444232158354
花叶类,销量加权成本,指数加权移动平均加周内收缩,近期滚动回测,2023-03-24,2023-03-25,2023-03-31,987,7,2023-03-24,通过,0.11466104206217782,0.37319533782213016,0.3116889136921969,0.42857142857142855,1.0,2.257411260657019
花叶类,销量加权成本,指数加权移动平均加周内收缩,近期滚动回测,2023-03-31,2023-04-01,2023-04-07,994,7,2023-03-31,通过,0.07241971167767625,0.21709520821132675,0.2934491092530929,0.5714285714285714,1.0,1.7233678123480973
花叶类,销量加权成本,指数加权移动平均加周内收缩,近期滚动回测,2023-04-07,2023-04-08,2023-04-14,1001,7,2023-04-07,通过,0.06643460100342177,0.195985295806345,0.306527004930327,1.0,0.8571428571428571,1.1277597776013297
花叶类,销量加权成本,指数加权移动平均加周内收缩,近期滚动回测,2023-04-14,2023-04-15,2023-04-21,1008,7,2023-04-14,通过,0.06085401477557183,0.1863499115920154,0.28944983637868277,1.0,1.0,1.0813127436198346
花叶类,销量加权成本,指数加权移动平均加周内收缩,近期滚动回测,2023-04-21,2023-04-22,2023-04-28,1015,7,2023-04-21,通过,0.04219108587280743,0.12533497323554257,0.16364488931457233,0.5714285714285714,1.0,1.0400075702956055
花叶类,销量加权成本,指数加权移动平均加周内收缩,近期滚动回测,2023-04-28,2023-04-29,2023-05-05,1022,7,2023-04-28,通过,0.2004157078623802,0.7336314263360949,0.19719079501506984,0.2857142857142857,0.14285714285714285,0.9979382624723661
花叶类,销量加权成本,指数加权移动平均加周内收缩,近期滚动回测,2023-05-05,2023-05-06,2023-05-12,1029,7,2023-05-05,通过,0.04653760589983962,0.16603563535533125,0.2705209508985473,1.0,1.0,1.2473623965755039
花叶类,销量加权成本,指数加权移动平均加周内收缩,近期滚动回测,2023-05-12,2023-05-13,2023-05-19,1036,7,2023-05-12,通过,0.02542775031187114,0.08648905282565186,0.1075101908663092,0.8571428571428571,1.0,1.3279960291618578
花叶类,销量加权成本,指数加权移动平均加周内收缩,近期滚动回测,2023-05-19,2023-05-20,2023-05-26,1043,7,2023-05-19,通过,0.05296218523453802,0.16717214419973322,0.15337035381459221,0.42857142857142855,1.0,1.1898354203938906
花叶类,销量加权成本,指数加权移动平均加周内收缩,近期滚动回测,2023-05-26,2023-05-27,2023-06-02,1050,7,2023-05-26,通过,0.06549342944994672,0.22440407735599047,0.04843119604037834,0.14285714285714285,1.0,1.1208670214055712
花叶类,销量加权成本,指数加权移动平均加周内收缩,近期滚动回测,2023-06-02,2023-06-03,2023-06-09,1057,7,2023-06-02,通过,0.03865391764008186,0.13595861206073614,0.0683797023656616,0.14285714285714285,1.0,1.107090646906527
花叶类,销量加权成本,指数加权移动平均加周内收缩,近期滚动回测,2023-06-09,2023-06-10,2023-06-16,1064,7,2023-06-09,通过,0.041946916862424036,0.1477116818310836,0.13818470598676216,0.42857142857142855,1.0,1.0059293305282915
花叶类,销量加权成本,指数加权移动平均加周内收缩,近期滚动回测,2023-06-16,2023-06-17,2023-06-23,1071,7,2023-06-16,通过,0.07843430868698036,0.24935875761828882,0.16249376829282922,0.14285714285714285,0.8571428571428571,0.91889961563699
花叶类,销量加权成本,阻尼趋势,八折主要回测,2021-03-31,2021-04-01,2021-04-07,272,7,2021-03-31,通过,0.09748841246742065,0.4308956869279914,0.2943746660534085,0.42857142857142855,1.0,1.7767867992810424
花叶类,销量加权成本,阻尼趋势,八折主要回测,2021-06-30,2021-07-01,2021-07-07,363,7,2021-06-30,通过,0.027017732623250315,0.09717700743090159,0.07855533571947786,0.8571428571428571,1.0,1.0931504375332024
花叶类,销量加权成本,阻尼趋势,八折主要回测,2021-09-30,2021-10-01,2021-10-07,455,7,2021-09-30,通过,0.039455851052736454,0.1759274777553635,0.22309795046565442,0.5714285714285714,1.0,1.476587396282321
花叶类,销量加权成本,阻尼趋势,八折主要回测,2021-12-31,2022-01-01,2022-01-07,547,7,2021-12-31,通过,0.07970564392548336,0.18340930781458306,0.17365357619110436,1.0,1.0,3.1123911416924903
花叶类,销量加权成本,阻尼趋势,八折主要回测,2022-03-31,2022-04-01,2022-04-07,636,7,2022-03-31,通过,0.05021575971459875,0.18401293043772965,0.2200344000058506,0.5714285714285714,1.0,2.423762186587513
花叶类,销量加权成本,阻尼趋势,八折主要回测,2022-06-30,2022-07-01,2022-07-07,727,7,2022-06-30,通过,0.04233968752536809,0.12604537609048252,0.19634353686500897,0.8571428571428571,1.0,2.0667303022674695
花叶类,销量加权成本,阻尼趋势,八折主要回测,2022-09-30,2022-10-01,2022-10-07,819,7,2022-09-30,通过,0.07912790466027865,0.1713503400549569,0.25803598119556304,0.8571428571428571,1.0,1.6341312454562757
花叶类,销量加权成本,阻尼趋势,八折主要回测,2022-12-31,2023-01-01,2023-01-07,905,7,2022-12-31,通过,0.1259343677687667,0.33144123151734045,0.37940309661320765,0.14285714285714285,0.8571428571428571,1.8320350441819255
花叶类,销量加权成本,阻尼趋势,近期滚动回测,2023-03-17,2023-03-18,2023-03-24,980,7,2023-03-17,通过,0.08602608430262414,0.23852060165521077,0.1870893697048012,0.5714285714285714,1.0,2.2320444232158354
花叶类,销量加权成本,阻尼趋势,近期滚动回测,2023-03-24,2023-03-25,2023-03-31,987,7,2023-03-24,通过,0.09130448729710332,0.2971751204130969,0.318971943149974,0.42857142857142855,1.0,2.2574112606570185
花叶类,销量加权成本,阻尼趋势,近期滚动回测,2023-03-31,2023-04-01,2023-04-07,994,7,2023-03-31,通过,0.08968783653429672,0.26886049523500877,0.258967495438219,0.42857142857142855,1.0,1.7233678123480973
花叶类,销量加权成本,阻尼趋势,近期滚动回测,2023-04-07,2023-04-08,2023-04-14,1001,7,2023-04-07,通过,0.10150076280529023,0.2994321742361315,0.3210507575299013,0.0,0.8571428571428571,1.12775977760133
花叶类,销量加权成本,阻尼趋势,近期滚动回测,2023-04-14,2023-04-15,2023-04-21,1008,7,2023-04-14,通过,0.12753180968228106,0.3905336656440757,0.2748060571010189,0.0,0.7142857142857143,1.0813127436198346
花叶类,销量加权成本,阻尼趋势,近期滚动回测,2023-04-21,2023-04-22,2023-04-28,1015,7,2023-04-21,通过,0.04876778395408215,0.14487204512982332,0.16331379852211234,0.2857142857142857,1.0,1.0400075702956055
花叶类,销量加权成本,阻尼趋势,近期滚动回测,2023-04-28,2023-04-29,2023-05-05,1022,7,2023-04-28,通过,0.1936650725971891,0.708920398287946,0.18702481353857014,1.0,0.14285714285714285,0.9979382624723661
花叶类,销量加权成本,阻尼趋势,近期滚动回测,2023-05-05,2023-05-06,2023-05-12,1029,7,2023-05-05,通过,0.06556429992945279,0.23391856940048797,0.26923581957548426,1.0,1.0,1.2473623965755039
花叶类,销量加权成本,阻尼趋势,近期滚动回测,2023-05-12,2023-05-13,2023-05-19,1036,7,2023-05-12,通过,0.057239188522783646,0.19469135645607125,0.12039293616610958,0.14285714285714285,1.0,1.327996029161858
花叶类,销量加权成本,阻尼趋势,近期滚动回测,2023-05-19,2023-05-20,2023-05-26,1043,7,2023-05-19,通过,0.053774840442353096,0.1697372444308493,0.20064307334979437,0.42857142857142855,1.0,1.1898354203938903
花叶类,销量加权成本,阻尼趋势,近期滚动回测,2023-05-26,2023-05-27,2023-06-02,1050,7,2023-05-26,通过,0.034476842336436324,0.11813007899622573,0.0775714253487539,1.0,1.0,1.1208670214055712
花叶类,销量加权成本,阻尼趋势,近期滚动回测,2023-06-02,2023-06-03,2023-06-09,1057,7,2023-06-02,通过,0.016771911330482073,0.05899235899787695,0.056655720490031314,0.8571428571428571,1.0,1.1070906469065274
花叶类,销量加权成本,阻尼趋势,近期滚动回测,2023-06-09,2023-06-10,2023-06-16,1064,7,2023-06-09,通过,0.03744574362898207,0.13186127092471342,0.1396546256150014,0.5714285714285714,1.0,1.0059293305282917
花叶类,销量加权成本,阻尼趋势,近期滚动回测,2023-06-16,2023-06-17,2023-06-23,1071,7,2023-06-16,通过,0.05389007715886339,0.1713276104965342,0.1494073697350554,0.14285714285714285,1.0,0.91889961563699
花叶类,销量加权成本,指数平滑,八折主要回测,2021-03-31,2021-04-01,2021-04-07,272,7,2021-03-31,通过,0.09637900937070124,0.4259921604745197,0.2944346827205866,0.42857142857142855,1.0,1.7767867992810424
花叶类,销量加权成本,指数平滑,八折主要回测,2021-06-30,2021-07-01,2021-07-07,363,7,2021-06-30,通过,0.017606447792476197,0.06332662817489267,0.07855533571947786,0.8571428571428571,1.0,1.0931504375332022
花叶类,销量加权成本,指数平滑,八折主要回测,2021-09-30,2021-10-01,2021-10-07,455,7,2021-09-30,通过,0.041266624710979534,0.1840014346966234,0.2201708836981456,0.5714285714285714,1.0,1.476587396282321
花叶类,销量加权成本,指数平滑,八折主要回测,2021-12-31,2022-01-01,2022-01-07,547,7,2021-12-31,通过,0.06767254767652495,0.15572015375729922,0.18173613565139016,1.0,1.0,3.112391141692489
花叶类,销量加权成本,指数平滑,八折主要回测,2022-03-31,2022-04-01,2022-04-07,636,7,2022-03-31,通过,0.14741258439055496,0.5401854276680217,0.2237523330472885,0.5714285714285714,1.0,2.4237621865875134
花叶类,销量加权成本,指数平滑,八折主要回测,2022-06-30,2022-07-01,2022-07-07,727,7,2022-06-30,通过,0.04443236887322894,0.13227529470692526,0.1898156077453026,0.8571428571428571,1.0,2.0667303022674695
花叶类,销量加权成本,指数平滑,八折主要回测,2022-09-30,2022-10-01,2022-10-07,819,7,2022-09-30,通过,0.06306516300586569,0.13656670390895598,0.25845557509103617,0.8571428571428571,1.0,1.6341312454562757
花叶类,销量加权成本,指数平滑,八折主要回测,2022-12-31,2023-01-01,2023-01-07,905,7,2022-12-31,通过,0.1409305815499576,0.3709091198451837,0.3793437819605762,0.14285714285714285,0.8571428571428571,1.8320350441819255
花叶类,销量加权成本,指数平滑,近期滚动回测,2023-03-17,2023-03-18,2023-03-24,980,7,2023-03-17,通过,0.08441738602292266,0.23406023728239703,0.19036359713544782,0.5714285714285714,1.0,2.2320444232158354
花叶类,销量加权成本,指数平滑,近期滚动回测,2023-03-24,2023-03-25,2023-03-31,987,7,2023-03-24,通过,0.12383888421858932,0.40306710457428313,0.3207136695321012,0.42857142857142855,1.0,2.257411260657019
花叶类,销量加权成本,指数平滑,近期滚动回测,2023-03-31,2023-04-01,2023-04-07,994,7,2023-03-31,通过,0.08492907710018241,0.2545949887003408,0.2602504314672002,0.5714285714285714,1.0,1.7233678123480973
花叶类,销量加权成本,指数平滑,近期滚动回测,2023-04-07,2023-04-08,2023-04-14,1001,7,2023-04-07,通过,0.07055524515736579,0.20814139595936323,0.32183040663736934,1.0,0.8571428571428571,1.1277597776013302
花叶类,销量加权成本,指数平滑,近期滚动回测,2023-04-14,2023-04-15,2023-04-21,1008,7,2023-04-14,通过,0.05196695977939984,0.1591355705340311,0.27479837638199983,1.0,1.0,1.0813127436198346
花叶类,销量加权成本,指数平滑,近期滚动回测,2023-04-21,2023-04-22,2023-04-28,1015,7,2023-04-21,通过,0.053252486525487676,0.15819452937331974,0.16312787198235554,0.2857142857142857,1.0,1.0400075702956055
花叶类,销量加权成本,指数平滑,近期滚动回测,2023-04-28,2023-04-29,2023-05-05,1022,7,2023-04-28,通过,0.19129955215907396,0.7002612959074417,0.1890532499334007,1.0,0.14285714285714285,0.9979382624723661
花叶类,销量加权成本,指数平滑,近期滚动回测,2023-05-05,2023-05-06,2023-05-12,1029,7,2023-05-05,通过,0.07122393610522428,0.2541108691579509,0.26923581957548426,1.0,1.0,1.2473623965755039
花叶类,销量加权成本,指数平滑,近期滚动回测,2023-05-12,2023-05-13,2023-05-19,1036,7,2023-05-12,通过,0.04658315323915785,0.15844629398480528,0.11816181484064099,0.8571428571428571,1.0,1.3279960291618578
花叶类,销量加权成本,指数平滑,近期滚动回测,2023-05-19,2023-05-20,2023-05-26,1043,7,2023-05-19,通过,0.06763170420257122,0.21347565168162497,0.2008738058893059,0.42857142857142855,1.0,1.1898354203938897
花叶类,销量加权成本,指数平滑,近期滚动回测,2023-05-26,2023-05-27,2023-06-02,1050,7,2023-05-26,通过,0.06381117605587164,0.21864007134887015,0.07777528895116943,0.0,1.0,1.1208670214055712
花叶类,销量加权成本,指数平滑,近期滚动回测,2023-06-02,2023-06-03,2023-06-09,1057,7,2023-06-02,通过,0.025421232971750488,0.0894148837355597,0.05910632381045233,0.14285714285714285,1.0,1.107090646906527
花叶类,销量加权成本,指数平滑,近期滚动回测,2023-06-09,2023-06-10,2023-06-16,1064,7,2023-06-09,通过,0.03625829385330592,0.12767979069744578,0.13994239001443018,0.42857142857142855,1.0,1.005929330528292
花叶类,销量加权成本,指数平滑,近期滚动回测,2023-06-16,2023-06-17,2023-06-23,1071,7,2023-06-16,通过,0.0827781238531044,0.2631686371376065,0.149622701800565,0.14285714285714285,0.8571428571428571,0.91889961563699
花叶类,销量加权成本,滞后稳健回归,八折主要回测,2021-03-31,2021-04-01,2021-04-07,272,7,2021-03-31,通过,0.09517214804512401,0.4206578717447159,0.2944346827205866,0.42857142857142855,1.0,1.7767867992810424
花叶类,销量加权成本,滞后稳健回归,八折主要回测,2021-06-30,2021-07-01,2021-07-07,363,7,2021-06-30,通过,0.02850541075514698,0.10252786758241937,0.07855533571947786,0.8571428571428571,1.0,1.0931504375332022
花叶类,销量加权成本,滞后稳健回归,八折主要回测,2021-09-30,2021-10-01,2021-10-07,455,7,2021-09-30,通过,0.038279753198730206,0.17068344110355582,0.2201708836981456,0.5714285714285714,1.0,1.476587396282321
花叶类,销量加权成本,滞后稳健回归,八折主要回测,2021-12-31,2022-01-01,2022-01-07,547,7,2021-12-31,通过,0.10176087446549804,0.23416022541355425,0.18173613565139016,1.0,1.0,3.112391141692489
花叶类,销量加权成本,滞后稳健回归,八折主要回测,2022-03-31,2022-04-01,2022-04-07,636,7,2022-03-31,通过,0.050553038057183516,0.18524886864806328,0.2237523330472885,0.5714285714285714,1.0,2.4237621865875134
花叶类,销量加权成本,滞后稳健回归,八折主要回测,2022-06-30,2022-07-01,2022-07-07,727,7,2022-06-30,通过,0.05837763964087503,0.17379040739022988,0.1898156077453026,0.8571428571428571,1.0,2.066730302267469
花叶类,销量加权成本,滞后稳健回归,八折主要回测,2022-09-30,2022-10-01,2022-10-07,819,7,2022-09-30,通过,0.08050472731154623,0.17433182971404673,0.25845557509103617,0.8571428571428571,1.0,1.6341312454562757
花叶类,销量加权成本,滞后稳健回归,八折主要回测,2022-12-31,2023-01-01,2023-01-07,905,7,2022-12-31,通过,0.12054682962752139,0.3172620022249864,0.3793437819605762,0.8571428571428571,0.8571428571428571,1.8320350441819255
花叶类,销量加权成本,滞后稳健回归,近期滚动回测,2023-03-17,2023-03-18,2023-03-24,980,7,2023-03-17,通过,0.08948261082618261,0.24810435514951243,0.19036359713544782,0.42857142857142855,1.0,2.2320444232158354
花叶类,销量加权成本,滞后稳健回归,近期滚动回测,2023-03-24,2023-03-25,2023-03-31,987,7,2023-03-24,通过,0.0925284464944537,0.3011588262814596,0.3207136695321012,0.5714285714285714,1.0,2.2574112606570185
花叶类,销量加权成本,滞后稳健回归,近期滚动回测,2023-03-31,2023-04-01,2023-04-07,994,7,2023-03-31,通过,0.08783001110349338,0.26329122425370943,0.2602504314672002,0.5714285714285714,1.0,1.7233678123480973
花叶类,销量加权成本,滞后稳健回归,近期滚动回测,2023-04-07,2023-04-08,2023-04-14,1001,7,2023-04-07,通过,0.10046307028815839,0.2963709309705079,0.32183040663736934,0.0,0.8571428571428571,1.1277597776013293
花叶类,销量加权成本,滞后稳健回归,近期滚动回测,2023-04-14,2023-04-15,2023-04-21,1008,7,2023-04-14,通过,0.1370252469145106,0.41960489776334875,0.27479837638199983,0.0,0.7142857142857143,1.0813127436198346
花叶类,销量加权成本,滞后稳健回归,近期滚动回测,2023-04-21,2023-04-22,2023-04-28,1015,7,2023-04-21,通过,0.04213734489759852,0.1251753275769841,0.16312787198235554,0.7142857142857143,1.0,1.0400075702956055
花叶类,销量加权成本,滞后稳健回归,近期滚动回测,2023-04-28,2023-04-29,2023-05-05,1022,7,2023-04-28,通过,0.20795806642113002,0.7612405959286972,0.1890532499334007,0.0,0.14285714285714285,0.9979382624723661
花叶类,销量加权成本,滞后稳健回归,近期滚动回测,2023-05-05,2023-05-06,2023-05-12,1029,7,2023-05-05,通过,0.13259520092260063,0.4730696391566561,0.26923581957548426,1.0,0.7142857142857143,1.2473623965755039
花叶类,销量加权成本,滞后稳健回归,近期滚动回测,2023-05-12,2023-05-13,2023-05-19,1036,7,2023-05-12,通过,0.04907013482583519,0.16690542541359474,0.11816181484064099,0.14285714285714285,1.0,1.3279960291618578
花叶类,销量加权成本,滞后稳健回归,近期滚动回测,2023-05-19,2023-05-20,2023-05-26,1043,7,2023-05-19,通过,0.052256360658330774,0.164944248819078,0.2008738058893059,0.5714285714285714,1.0,1.1898354203938908
花叶类,销量加权成本,滞后稳健回归,近期滚动回测,2023-05-26,2023-05-27,2023-06-02,1050,7,2023-05-26,通过,0.042723660282299916,0.1463866474460223,0.07777528895116943,0.0,1.0,1.1208670214055712
花叶类,销量加权成本,滞后稳健回归,近期滚动回测,2023-06-02,2023-06-03,2023-06-09,1057,7,2023-06-02,通过,0.02208991852683226,0.07769754909211565,0.05910632381045233,0.8571428571428571,1.0,1.107090646906527
花叶类,销量加权成本,滞后稳健回归,近期滚动回测,2023-06-09,2023-06-10,2023-06-16,1064,7,2023-06-09,通过,0.035802735501413684,0.12607558959368173,0.13994239001443018,0.5714285714285714,1.0,1.005929330528291
花叶类,销量加权成本,滞后稳健回归,近期滚动回测,2023-06-16,2023-06-17,2023-06-23,1071,7,2023-06-16,通过,0.05255704777377285,0.1670896366187836,0.149622701800565,0.14285714285714285,1.0,0.91889961563699
花叶类,固定篮子成本,近7日均值,八折主要回测,2021-03-31,2021-04-01,2021-04-07,271,7,2021-03-31,通过,0.04574027961104932,0.15503361654327527,0.08298117189090252,1.0,1.0,1.424795694787985
花叶类,固定篮子成本,近7日均值,八折主要回测,2021-06-30,2021-07-01,2021-07-07,362,7,2021-06-30,通过,0.016016298535271697,0.049405420320946254,0.04545420395184929,0.8571428571428571,1.0,0.8231931327579591
花叶类,固定篮子成本,近7日均值,八折主要回测,2021-09-30,2021-10-01,2021-10-07,454,7,2021-09-30,通过,0.03893572646177815,0.17576458554285906,0.1862684409897192,0.5714285714285714,1.0,1.609650709150042
花叶类,固定篮子成本,近7日均值,八折主要回测,2021-12-31,2022-01-01,2022-01-07,546,7,2021-12-31,通过,0.016733403761973194,0.05644865181857523,0.043171333420207514,1.0,1.0,2.8559048343130904
花叶类,固定篮子成本,近7日均值,八折主要回测,2022-03-31,2022-04-01,2022-04-07,635,7,2022-03-31,通过,0.07104527996202686,0.30315125231912826,0.21770085883718027,0.8571428571428571,1.0,1.816014165131607
花叶类,固定篮子成本,近7日均值,八折主要回测,2022-06-30,2022-07-01,2022-07-07,726,7,2022-06-30,通过,0.030756040961843097,0.10657114921460423,0.09431753186377152,0.2857142857142857,1.0,1.1461618894726975
花叶类,固定篮子成本,近7日均值,八折主要回测,2022-09-30,2022-10-01,2022-10-07,818,7,2022-09-30,通过,0.143613959469388,0.3282353110509145,0.18455065832052706,1.0,1.0,1.8920448050632852
花叶类,固定篮子成本,近7日均值,八折主要回测,2022-12-31,2023-01-01,2023-01-07,904,7,2022-12-31,通过,0.04037294714470075,0.10985428434419887,0.22181272692942158,0.7142857142857143,1.0,2.6206803565389545
花叶类,固定篮子成本,近7日均值,近期滚动回测,2023-03-17,2023-03-18,2023-03-24,979,7,2023-03-17,通过,0.10460072942561893,0.31130610876779297,0.23424221927451652,0.8571428571428571,1.0,1.8976948923587442
花叶类,固定篮子成本,近7日均值,近期滚动回测,2023-03-24,2023-03-25,2023-03-31,986,7,2023-03-24,通过,0.12574931881568105,0.42807768728145346,0.11917301388831714,0.14285714285714285,1.0,1.9758296957525177
花叶类,固定篮子成本,近7日均值,近期滚动回测,2023-03-31,2023-04-01,2023-04-07,993,7,2023-03-31,通过,0.07311946361162892,0.23219165960758822,0.07890226661749995,0.14285714285714285,1.0,1.7186673805918409
花叶类,固定篮子成本,近7日均值,近期滚动回测,2023-04-07,2023-04-08,2023-04-14,1000,7,2023-04-07,通过,0.0415548971062188,0.13149526457814784,0.2383329188569916,0.8571428571428571,1.0,1.1448939385805001
花叶类,固定篮子成本,近7日均值,近期滚动回测,2023-04-14,2023-04-15,2023-04-21,1007,7,2023-04-14,通过,0.02636625819413038,0.081450744124017,0.04649322798316217,1.0,1.0,1.1216729540169155
花叶类,固定篮子成本,近7日均值,近期滚动回测,2023-04-21,2023-04-22,2023-04-28,1014,7,2023-04-21,通过,0.017758276720576064,0.05431681358545294,0.0905506675029389,1.0,1.0,0.9810666546827758
花叶类,固定篮子成本,近7日均值,近期滚动回测,2023-04-28,2023-04-29,2023-05-05,1021,7,2023-04-28,通过,0.1432987837556837,0.5116189081303838,0.1736447570218156,1.0,0.2857142857142857,0.7400301951145405
花叶类,固定篮子成本,近7日均值,近期滚动回测,2023-05-05,2023-05-06,2023-05-12,1028,7,2023-05-05,通过,0.07505134962024645,0.24924897432229112,0.15561816690468766,1.0,0.8571428571428571,0.8765092309203126
花叶类,固定篮子成本,近7日均值,近期滚动回测,2023-05-12,2023-05-13,2023-05-19,1035,7,2023-05-12,通过,0.031361672345360525,0.10752573926700894,0.05101350742250391,0.5714285714285714,1.0,0.87771956995691
花叶类,固定篮子成本,近7日均值,近期滚动回测,2023-05-19,2023-05-20,2023-05-26,1042,7,2023-05-19,通过,0.09097568575585575,0.28590614524020747,0.08959261103248628,0.0,0.5714285714285714,0.7000905797352823
花叶类,固定篮子成本,近7日均值,近期滚动回测,2023-05-26,2023-05-27,2023-06-02,1049,7,2023-05-26,通过,0.07846867417785906,0.26759892479817177,0.02218961645097776,0.0,1.0,0.6883916360935016
花叶类,固定篮子成本,近7日均值,近期滚动回测,2023-06-02,2023-06-03,2023-06-09,1056,7,2023-06-02,通过,0.05680040993262612,0.2053694859733302,0.031539074362247975,0.0,1.0,0.6929696181773579
花叶类,固定篮子成本,近7日均值,近期滚动回测,2023-06-09,2023-06-10,2023-06-16,1063,7,2023-06-09,通过,0.02905204308750736,0.10630287015528753,0.07616053155477702,0.42857142857142855,1.0,0.7514122013859064
花叶类,固定篮子成本,近7日均值,近期滚动回测,2023-06-16,2023-06-17,2023-06-23,1070,7,2023-06-16,通过,0.07859489180304931,0.2666270896640266,0.16515033920943237,0.14285714285714285,0.8571428571428571,0.7658269969232459
花叶类,固定篮子成本,近14日均值,八折主要回测,2021-03-31,2021-04-01,2021-04-07,271,7,2021-03-31,通过,0.04286322728903478,0.14528204024643093,0.08298117189090252,1.0,1.0,1.4247956947879852
花叶类,固定篮子成本,近14日均值,八折主要回测,2021-06-30,2021-07-01,2021-07-07,362,7,2021-06-30,通过,0.028332149388283653,0.08739608256185948,0.04545420395184929,0.8571428571428571,1.0,0.8231931327579591
花叶类,固定篮子成本,近14日均值,八折主要回测,2021-09-30,2021-10-01,2021-10-07,454,7,2021-09-30,通过,0.04942955953245414,0.2231360972118128,0.1862684409897192,0.5714285714285714,1.0,1.609650709150042
花叶类,固定篮子成本,近14日均值,八折主要回测,2021-12-31,2022-01-01,2022-01-07,546,7,2021-12-31,通过,0.0836215230998008,0.2820897833545722,0.043171333420207514,1.0,1.0,2.85590483431309
花叶类,固定篮子成本,近14日均值,八折主要回测,2022-03-31,2022-04-01,2022-04-07,635,7,2022-03-31,通过,0.08515172725297643,0.3633436699478691,0.21770085883718027,0.8571428571428571,0.8571428571428571,1.8160141651316073
花叶类,固定篮子成本,近14日均值,八折主要回测,2022-06-30,2022-07-01,2022-07-07,726,7,2022-06-30,通过,0.06666766919137884,0.23100665426993044,0.09431753186377152,0.2857142857142857,1.0,1.1461618894726975
花叶类,固定篮子成本,近14日均值,八折主要回测,2022-09-30,2022-10-01,2022-10-07,818,7,2022-09-30,通过,0.2965179845362402,0.6777034297086484,0.18455065832052706,0.0,0.8571428571428571,1.8920448050632852
花叶类,固定篮子成本,近14日均值,八折主要回测,2022-12-31,2023-01-01,2023-01-07,904,7,2022-12-31,通过,0.07394217028978584,0.20119572076143305,0.22181272692942158,0.7142857142857143,1.0,2.620680356538955
花叶类,固定篮子成本,近14日均值,近期滚动回测,2023-03-17,2023-03-18,2023-03-24,979,7,2023-03-17,通过,0.09990409446784189,0.29732827934884953,0.23424221927451652,0.8571428571428571,1.0,1.8976948923587447
花叶类,固定篮子成本,近14日均值,近期滚动回测,2023-03-24,2023-03-25,2023-03-31,986,7,2023-03-24,通过,0.1382739401864913,0.4707141882262501,0.11917301388831714,0.14285714285714285,1.0,1.9758296957525177
花叶类,固定篮子成本,近14日均值,近期滚动回测,2023-03-31,2023-04-01,2023-04-07,993,7,2023-03-31,通过,0.037642049392780486,0.11953274118589777,0.07890226661749995,0.8571428571428571,1.0,1.718667380591842
花叶类,固定篮子成本,近14日均值,近期滚动回测,2023-04-07,2023-04-08,2023-04-14,1000,7,2023-04-07,通过,0.06558263703447231,0.2075280366243525,0.2383329188569916,0.8571428571428571,1.0,1.1448939385805001
花叶类,固定篮子成本,近14日均值,近期滚动回测,2023-04-14,2023-04-15,2023-04-21,1007,7,2023-04-14,通过,0.027653725001967968,0.08542799143613992,0.04649322798316217,1.0,1.0,1.1216729540169155
花叶类,固定篮子成本,近14日均值,近期滚动回测,2023-04-21,2023-04-22,2023-04-28,1014,7,2023-04-21,通过,0.0238906427783955,0.07307373404803329,0.0905506675029389,1.0,1.0,0.9810666546827758
花叶类,固定篮子成本,近14日均值,近期滚动回测,2023-04-28,2023-04-29,2023-05-05,1021,7,2023-04-28,通过,0.13902352964909678,0.49635499045665693,0.1736447570218156,1.0,0.2857142857142857,0.7400301951145405
花叶类,固定篮子成本,近14日均值,近期滚动回测,2023-05-05,2023-05-06,2023-05-12,1028,7,2023-05-05,通过,0.036766440629747744,0.12210303562580949,0.15561816690468766,1.0,1.0,0.8765092309203126
花叶类,固定篮子成本,近14日均值,近期滚动回测,2023-05-12,2023-05-13,2023-05-19,1035,7,2023-05-12,通过,0.020744044901107914,0.07112244330649117,0.05101350742250391,0.42857142857142855,1.0,0.87771956995691
花叶类,固定篮子成本,近14日均值,近期滚动回测,2023-05-19,2023-05-20,2023-05-26,1042,7,2023-05-19,通过,0.07386827475914062,0.2321432756067028,0.08959261103248628,0.0,0.8571428571428571,0.7000905797352823
花叶类,固定篮子成本,近14日均值,近期滚动回测,2023-05-26,2023-05-27,2023-06-02,1049,7,2023-05-26,通过,0.03655020202177298,0.12464585217806816,0.02218961645097776,0.0,1.0,0.6883916360935016
花叶类,固定篮子成本,近14日均值,近期滚动回测,2023-06-02,2023-06-03,2023-06-09,1056,7,2023-06-02,通过,0.09380622059146962,0.3391689483724161,0.031539074362247975,0.0,0.7142857142857143,0.6929696181773579
花叶类,固定篮子成本,近14日均值,近期滚动回测,2023-06-09,2023-06-10,2023-06-16,1063,7,2023-06-09,通过,0.04315858572252641,0.15791941104893933,0.07616053155477702,0.42857142857142855,1.0,0.7514122013859064
花叶类,固定篮子成本,近14日均值,近期滚动回测,2023-06-16,2023-06-17,2023-06-23,1070,7,2023-06-16,通过,0.07219594687112951,0.24491916405998682,0.16515033920943237,0.14285714285714285,0.8571428571428571,0.7658269969232459
花叶类,固定篮子成本,近7日中位数,八折主要回测,2021-03-31,2021-04-01,2021-04-07,271,7,2021-03-31,通过,0.04583107225984149,0.15534135214999845,0.08298117189090252,1.0,1.0,1.4247956947879847
花叶类,固定篮子成本,近7日中位数,八折主要回测,2021-06-30,2021-07-01,2021-07-07,362,7,2021-06-30,通过,0.016581451363049327,0.051148745280857257,0.04545420395184929,0.8571428571428571,1.0,0.8231931327579591
花叶类,固定篮子成本,近7日中位数,八折主要回测,2021-09-30,2021-10-01,2021-10-07,454,7,2021-09-30,通过,0.046432104465598874,0.2096049140187537,0.1862684409897192,0.5714285714285714,1.0,1.609650709150042
花叶类,固定篮子成本,近7日中位数,八折主要回测,2021-12-31,2022-01-01,2022-01-07,546,7,2021-12-31,通过,0.04038530103499049,0.13623622719802844,0.043171333420207514,1.0,1.0,2.85590483431309
花叶类,固定篮子成本,近7日中位数,八折主要回测,2022-03-31,2022-04-01,2022-04-07,635,7,2022-03-31,通过,0.07738592057357693,0.33020685886926515,0.21770085883718027,0.8571428571428571,0.8571428571428571,1.816014165131607
花叶类,固定篮子成本,近7日中位数,八折主要回测,2022-06-30,2022-07-01,2022-07-07,726,7,2022-06-30,通过,0.017328344465611944,0.06004354025857449,0.09431753186377152,0.0,1.0,1.1461618894726973
花叶类,固定篮子成本,近7日中位数,八折主要回测,2022-09-30,2022-10-01,2022-10-07,818,7,2022-09-30,通过,0.13627949505926842,0.31147210630436895,0.18455065832052706,1.0,1.0,1.8920448050632852
花叶类,固定篮子成本,近7日中位数,八折主要回测,2022-12-31,2023-01-01,2023-01-07,904,7,2022-12-31,通过,0.04168123884790558,0.11341412970931199,0.22181272692942158,0.0,1.0,2.6206803565389554
花叶类,固定篮子成本,近7日中位数,近期滚动回测,2023-03-17,2023-03-18,2023-03-24,979,7,2023-03-17,通过,0.10315964833081535,0.3070172538955031,0.23424221927451652,0.8571428571428571,1.0,1.8976948923587444
花叶类,固定篮子成本,近7日中位数,近期滚动回测,2023-03-24,2023-03-25,2023-03-31,986,7,2023-03-24,通过,0.10757125295370124,0.3661956471500688,0.11917301388831714,0.14285714285714285,1.0,1.9758296957525165
花叶类,固定篮子成本,近7日中位数,近期滚动回测,2023-03-31,2023-04-01,2023-04-07,993,7,2023-03-31,通过,0.07600690699052912,0.2413607677636709,0.07890226661749995,0.14285714285714285,1.0,1.7186673805918422
花叶类,固定篮子成本,近7日中位数,近期滚动回测,2023-04-07,2023-04-08,2023-04-14,1000,7,2023-04-07,通过,0.04115551050037385,0.130231455711763,0.2383329188569916,0.8571428571428571,1.0,1.1448939385805001
花叶类,固定篮子成本,近7日中位数,近期滚动回测,2023-04-14,2023-04-15,2023-04-21,1007,7,2023-04-14,通过,0.021477478648775073,0.06634830793850968,0.04649322798316217,1.0,1.0,1.1216729540169164
花叶类,固定篮子成本,近7日中位数,近期滚动回测,2023-04-21,2023-04-22,2023-04-28,1014,7,2023-04-21,通过,0.01742667579080959,0.05330255380280079,0.0905506675029389,1.0,1.0,0.9810666546827758
花叶类,固定篮子成本,近7日中位数,近期滚动回测,2023-04-28,2023-04-29,2023-05-05,1021,7,2023-04-28,通过,0.14320820291615538,0.5112955078264704,0.1736447570218156,1.0,0.2857142857142857,0.7400301951145405
花叶类,固定篮子成本,近7日中位数,近期滚动回测,2023-05-05,2023-05-06,2023-05-12,1028,7,2023-05-05,通过,0.07733031763056553,0.2568175316095288,0.15561816690468766,1.0,0.8571428571428571,0.8765092309203126
花叶类,固定篮子成本,近7日中位数,近期滚动回测,2023-05-12,2023-05-13,2023-05-19,1035,7,2023-05-12,通过,0.03380707219767077,0.11590996776182617,0.05101350742250391,0.5714285714285714,1.0,0.87771956995691
花叶类,固定篮子成本,近7日中位数,近期滚动回测,2023-05-19,2023-05-20,2023-05-26,1042,7,2023-05-19,通过,0.08723114418773734,0.27413830379402687,0.08959261103248628,0.0,0.5714285714285714,0.7000905797352823
花叶类,固定篮子成本,近7日中位数,近期滚动回测,2023-05-26,2023-05-27,2023-06-02,1049,7,2023-05-26,通过,0.06757414119144768,0.23044568697572737,0.02218961645097776,0.0,1.0,0.6883916360935016
花叶类,固定篮子成本,近7日中位数,近期滚动回测,2023-06-02,2023-06-03,2023-06-09,1056,7,2023-06-02,通过,0.054456435933178136,0.19689453419089636,0.031539074362247975,0.0,1.0,0.6929696181773579
花叶类,固定篮子成本,近7日中位数,近期滚动回测,2023-06-09,2023-06-10,2023-06-16,1063,7,2023-06-09,通过,0.02894637827369659,0.1059162373477884,0.07616053155477702,0.42857142857142855,1.0,0.7514122013859064
花叶类,固定篮子成本,近7日中位数,近期滚动回测,2023-06-16,2023-06-17,2023-06-23,1070,7,2023-06-16,通过,0.0915712608407075,0.3106484176605995,0.16515033920943237,0.14285714285714285,0.7142857142857143,0.7658269969232459
花叶类,固定篮子成本,近14日中位数,八折主要回测,2021-03-31,2021-04-01,2021-04-07,271,7,2021-03-31,通过,0.04228765357504371,0.14333117166350856,0.08298117189090252,1.0,1.0,1.424795694787985
花叶类,固定篮子成本,近14日中位数,八折主要回测,2021-06-30,2021-07-01,2021-07-07,362,7,2021-06-30,通过,0.018922597018602955,0.058370469132373995,0.04545420395184929,0.8571428571428571,1.0,0.8231931327579591
花叶类,固定篮子成本,近14日中位数,八折主要回测,2021-09-30,2021-10-01,2021-10-07,454,7,2021-09-30,通过,0.05103763495274087,0.2303953096486429,0.1862684409897192,0.5714285714285714,1.0,1.609650709150042
花叶类,固定篮子成本,近14日中位数,八折主要回测,2021-12-31,2022-01-01,2022-01-07,546,7,2021-12-31,通过,0.08237599689360425,0.27788811128924645,0.043171333420207514,1.0,1.0,2.8559048343130904
花叶类,固定篮子成本,近14日中位数,八折主要回测,2022-03-31,2022-04-01,2022-04-07,635,7,2022-03-31,通过,0.08337730334081055,0.3557721770716976,0.21770085883718027,0.8571428571428571,0.8571428571428571,1.816014165131607
花叶类,固定篮子成本,近14日中位数,八折主要回测,2022-06-30,2022-07-01,2022-07-07,726,7,2022-06-30,通过,0.08190287238606606,0.28379736016703067,0.09431753186377152,0.2857142857142857,1.0,1.1461618894726975
花叶类,固定篮子成本,近14日中位数,八折主要回测,2022-09-30,2022-10-01,2022-10-07,818,7,2022-09-30,通过,0.20949715244750347,0.47881392067979733,0.18455065832052706,0.0,1.0,1.8920448050632852
花叶类,固定篮子成本,近14日中位数,八折主要回测,2022-12-31,2023-01-01,2023-01-07,904,7,2022-12-31,通过,0.05313186299374599,0.1445711348277954,0.22181272692942158,0.7142857142857143,1.0,2.620680356538955
花叶类,固定篮子成本,近14日中位数,近期滚动回测,2023-03-17,2023-03-18,2023-03-24,979,7,2023-03-17,通过,0.09817309504183269,0.2921765877827463,0.23424221927451652,0.8571428571428571,1.0,1.8976948923587447
花叶类,固定篮子成本,近14日中位数,近期滚动回测,2023-03-24,2023-03-25,2023-03-31,986,7,2023-03-24,通过,0.14054991731383695,0.4784621031585584,0.11917301388831714,0.14285714285714285,1.0,1.9758296957525174
花叶类,固定篮子成本,近14日中位数,近期滚动回测,2023-03-31,2023-04-01,2023-04-07,993,7,2023-03-31,通过,0.05231147225882724,0.16611565457875793,0.07890226661749995,0.8571428571428571,1.0,1.718667380591842
花叶类,固定篮子成本,近14日中位数,近期滚动回测,2023-04-07,2023-04-08,2023-04-14,1000,7,2023-04-07,通过,0.07757990713170013,0.24549189444881053,0.2383329188569916,0.8571428571428571,1.0,1.1448939385805001
花叶类,固定篮子成本,近14日中位数,近期滚动回测,2023-04-14,2023-04-15,2023-04-21,1007,7,2023-04-14,通过,0.023037779724734114,0.07116839589936642,0.04649322798316217,1.0,1.0,1.1216729540169164
花叶类,固定篮子成本,近14日中位数,近期滚动回测,2023-04-21,2023-04-22,2023-04-28,1014,7,2023-04-21,通过,0.02260027451184531,0.06912691568870562,0.0905506675029389,1.0,1.0,0.9810666546827758
花叶类,固定篮子成本,近14日中位数,近期滚动回测,2023-04-28,2023-04-29,2023-05-05,1021,7,2023-04-28,通过,0.13997252944876803,0.4997431995439828,0.1736447570218156,1.0,0.2857142857142857,0.7400301951145405
花叶类,固定篮子成本,近14日中位数,近期滚动回测,2023-05-05,2023-05-06,2023-05-12,1028,7,2023-05-05,通过,0.041747361378918046,0.13864490188395337,0.15561816690468766,1.0,1.0,0.8765092309203126
花叶类,固定篮子成本,近14日中位数,近期滚动回测,2023-05-12,2023-05-13,2023-05-19,1035,7,2023-05-12,通过,0.02003688708361469,0.06869790209366736,0.05101350742250391,0.5714285714285714,1.0,0.87771956995691
花叶类,固定篮子成本,近14日中位数,近期滚动回测,2023-05-19,2023-05-20,2023-05-26,1042,7,2023-05-19,通过,0.0750557801277103,0.23587520771096784,0.08959261103248628,0.0,0.8571428571428571,0.7000905797352823
花叶类,固定篮子成本,近14日中位数,近期滚动回测,2023-05-26,2023-05-27,2023-06-02,1049,7,2023-05-26,通过,0.029710848279236604,0.10132184770121537,0.02218961645097776,1.0,1.0,0.6883916360935016
花叶类,固定篮子成本,近14日中位数,近期滚动回测,2023-06-02,2023-06-03,2023-06-09,1056,7,2023-06-02,通过,0.08041616787399776,0.2907554202481509,0.031539074362247975,0.0,0.8571428571428571,0.6929696181773579
花叶类,固定篮子成本,近14日中位数,近期滚动回测,2023-06-09,2023-06-10,2023-06-16,1063,7,2023-06-09,通过,0.044968052826531706,0.16454034115109975,0.07616053155477702,0.42857142857142855,1.0,0.7514122013859064
花叶类,固定篮子成本,近14日中位数,近期滚动回测,2023-06-16,2023-06-17,2023-06-23,1070,7,2023-06-16,通过,0.06691119188416997,0.22699104164089334,0.16515033920943237,0.14285714285714285,0.8571428571428571,0.765826996923245
花叶类,固定篮子成本,指数加权移动平均,八折主要回测,2021-03-31,2021-04-01,2021-04-07,271,7,2021-03-31,通过,0.049920285593799164,0.16920146707214898,0.08298117189090252,1.0,1.0,1.424795694787985
花叶类,固定篮子成本,指数加权移动平均,八折主要回测,2021-06-30,2021-07-01,2021-07-07,362,7,2021-06-30,通过,0.01627590050861495,0.05020621362415082,0.04545420395184929,0.8571428571428571,1.0,0.8231931327579591
花叶类,固定篮子成本,指数加权移动平均,八折主要回测,2021-09-30,2021-10-01,2021-10-07,454,7,2021-09-30,通过,0.030224028985467315,0.13643803290227385,0.1862684409897192,0.5714285714285714,1.0,1.609650709150042
花叶类,固定篮子成本,指数加权移动平均,八折主要回测,2021-12-31,2022-01-01,2022-01-07,546,7,2021-12-31,通过,0.01239767971102128,0.041822471705130884,0.043171333420207514,1.0,1.0,2.8559048343130904
花叶类,固定篮子成本,指数加权移动平均,八折主要回测,2022-03-31,2022-04-01,2022-04-07,635,7,2022-03-31,通过,0.07198123104910133,0.30714496934449187,0.21770085883718027,0.8571428571428571,1.0,1.816014165131607
花叶类,固定篮子成本,指数加权移动平均,八折主要回测,2022-06-30,2022-07-01,2022-07-07,726,7,2022-06-30,通过,0.02124497708825307,0.07361485914724789,0.09431753186377152,0.2857142857142857,1.0,1.1461618894726975
花叶类,固定篮子成本,指数加权移动平均,八折主要回测,2022-09-30,2022-10-01,2022-10-07,818,7,2022-09-30,通过,0.16972306509205687,0.38790869125003524,0.18455065832052706,1.0,1.0,1.8920448050632852
花叶类,固定篮子成本,指数加权移动平均,八折主要回测,2022-12-31,2023-01-01,2023-01-07,904,7,2022-12-31,通过,0.040519996169864424,0.11025440290292014,0.22181272692942158,0.7142857142857143,1.0,2.6206803565389545
花叶类,固定篮子成本,指数加权移动平均,近期滚动回测,2023-03-17,2023-03-18,2023-03-24,979,7,2023-03-17,通过,0.10789009811128096,0.32109572086188676,0.23424221927451652,0.8571428571428571,1.0,1.8976948923587444
花叶类,固定篮子成本,指数加权移动平均,近期滚动回测,2023-03-24,2023-03-25,2023-03-31,986,7,2023-03-24,通过,0.06766237656373789,0.2303372610536941,0.11917301388831714,0.14285714285714285,1.0,1.9758296957525179
花叶类,固定篮子成本,指数加权移动平均,近期滚动回测,2023-03-31,2023-04-01,2023-04-07,993,7,2023-03-31,通过,0.07065760562521473,0.2243740025386051,0.07890226661749995,0.14285714285714285,1.0,1.7186673805918409
花叶类,固定篮子成本,指数加权移动平均,近期滚动回测,2023-04-07,2023-04-08,2023-04-14,1000,7,2023-04-07,通过,0.043048178411208816,0.1362205661421813,0.2383329188569916,0.8571428571428571,1.0,1.1448939385805001
花叶类,固定篮子成本,指数加权移动平均,近期滚动回测,2023-04-14,2023-04-15,2023-04-21,1007,7,2023-04-14,通过,0.022376806086733647,0.06912651364724308,0.04649322798316217,1.0,1.0,1.1216729540169164
花叶类,固定篮子成本,指数加权移动平均,近期滚动回测,2023-04-21,2023-04-22,2023-04-28,1014,7,2023-04-21,通过,0.024848632753937623,0.07600391492858925,0.0905506675029389,1.0,1.0,0.9810666546827758
花叶类,固定篮子成本,指数加权移动平均,近期滚动回测,2023-04-28,2023-04-29,2023-05-05,1021,7,2023-04-28,通过,0.14545413636275256,0.5193141524204165,0.1736447570218156,1.0,0.2857142857142857,0.7400301951145405
花叶类,固定篮子成本,指数加权移动平均,近期滚动回测,2023-05-05,2023-05-06,2023-05-12,1028,7,2023-05-05,通过,0.08529142087879238,0.2832567206332409,0.15561816690468766,1.0,0.8571428571428571,0.8765092309203126
花叶类,固定篮子成本,指数加权移动平均,近期滚动回测,2023-05-12,2023-05-13,2023-05-19,1035,7,2023-05-12,通过,0.02625580578010905,0.09001991014598675,0.05101350742250391,0.5714285714285714,1.0,0.8777195699569091
花叶类,固定篮子成本,指数加权移动平均,近期滚动回测,2023-05-19,2023-05-20,2023-05-26,1042,7,2023-05-19,通过,0.07293974601227093,0.22922522038616114,0.08959261103248628,0.0,0.8571428571428571,0.7000905797352823
花叶类,固定篮子成本,指数加权移动平均,近期滚动回测,2023-05-26,2023-05-27,2023-06-02,1049,7,2023-05-26,通过,0.06548749731598083,0.22332967968540446,0.02218961645097776,0.0,1.0,0.6883916360935016
花叶类,固定篮子成本,指数加权移动平均,近期滚动回测,2023-06-02,2023-06-03,2023-06-09,1056,7,2023-06-02,通过,0.0564635294687245,0.20415144955795933,0.031539074362247975,0.0,1.0,0.6929696181773579
花叶类,固定篮子成本,指数加权移动平均,近期滚动回测,2023-06-09,2023-06-10,2023-06-16,1063,7,2023-06-09,通过,0.028736420455015725,0.10514799124991184,0.07616053155477702,0.42857142857142855,1.0,0.7514122013859064
花叶类,固定篮子成本,指数加权移动平均,近期滚动回测,2023-06-16,2023-06-17,2023-06-23,1070,7,2023-06-16,通过,0.05886295997001633,0.19968803755267261,0.16515033920943237,0.14285714285714285,0.8571428571428571,0.7658269969232459
花叶类,固定篮子成本,同星期最近4次统计,八折主要回测,2021-03-31,2021-04-01,2021-04-07,271,7,2021-03-31,通过,0.06562240228431575,0.22242274072014068,0.1150839341498997,1.0,1.0,1.424795694787985
花叶类,固定篮子成本,同星期最近4次统计,八折主要回测,2021-06-30,2021-07-01,2021-07-07,362,7,2021-06-30,通过,0.06126473910303483,0.18898312737944986,0.055356846663393876,0.8571428571428571,1.0,0.8231931327579591
花叶类,固定篮子成本,同星期最近4次统计,八折主要回测,2021-09-30,2021-10-01,2021-10-07,454,7,2021-09-30,通过,0.056901945776600536,0.25686812151365424,0.3126323878375648,0.5714285714285714,1.0,1.609650709150042
花叶类,固定篮子成本,同星期最近4次统计,八折主要回测,2021-12-31,2022-01-01,2022-01-07,546,7,2021-12-31,通过,0.212775224617476,0.7177783277629299,0.15719831232531808,1.0,1.0,2.8559048343130904
花叶类,固定篮子成本,同星期最近4次统计,八折主要回测,2022-03-31,2022-04-01,2022-04-07,635,7,2022-03-31,通过,0.09281854872969601,0.3960581097138465,0.3025790318029142,0.7142857142857143,0.8571428571428571,1.816014165131607
花叶类,固定篮子成本,同星期最近4次统计,八折主要回测,2022-06-30,2022-07-01,2022-07-07,726,7,2022-06-30,通过,0.10578428682803794,0.3665476005217201,0.1059182405455934,0.2857142857142857,1.0,1.1461618894726975
花叶类,固定篮子成本,同星期最近4次统计,八折主要回测,2022-09-30,2022-10-01,2022-10-07,818,7,2022-09-30,通过,0.42911767645703813,0.9807652022806657,0.4055041362384477,0.0,0.42857142857142855,1.8920448050632845
花叶类,固定篮子成本,同星期最近4次统计,八折主要回测,2022-12-31,2023-01-01,2023-01-07,904,7,2022-12-31,通过,0.22048460860906433,0.599935863013626,0.29505694345557226,0.7142857142857143,1.0,2.620680356538955
花叶类,固定篮子成本,同星期最近4次统计,近期滚动回测,2023-03-17,2023-03-18,2023-03-24,979,7,2023-03-17,通过,0.1422869961439925,0.42346560431342006,0.21927584343654968,0.8571428571428571,1.0,1.8976948923587444
花叶类,固定篮子成本,同星期最近4次统计,近期滚动回测,2023-03-24,2023-03-25,2023-03-31,986,7,2023-03-24,通过,0.07381726459914931,0.25128982175533227,0.17136406432401005,0.2857142857142857,1.0,1.9758296957525179
花叶类,固定篮子成本,同星期最近4次统计,近期滚动回测,2023-03-31,2023-04-01,2023-04-07,993,7,2023-03-31,通过,0.0704104049799334,0.22358901417505792,0.1697076610410541,0.7142857142857143,1.0,1.7186673805918418
花叶类,固定篮子成本,同星期最近4次统计,近期滚动回测,2023-04-07,2023-04-08,2023-04-14,1000,7,2023-04-07,通过,0.03997439741255388,0.12649397135263657,0.19671579920497217,0.8571428571428571,1.0,1.1448939385805001
花叶类,固定篮子成本,同星期最近4次统计,近期滚动回测,2023-04-14,2023-04-15,2023-04-21,1007,7,2023-04-14,通过,0.045630196751512364,0.14096097567471189,0.16685733196870914,1.0,1.0,1.121672954016916
花叶类,固定篮子成本,同星期最近4次统计,近期滚动回测,2023-04-21,2023-04-22,2023-04-28,1014,7,2023-04-21,通过,0.04279691662753829,0.1309018988197612,0.1485816380502288,0.7142857142857143,1.0,0.9810666546827758
花叶类,固定篮子成本,同星期最近4次统计,近期滚动回测,2023-04-28,2023-04-29,2023-05-05,1021,7,2023-04-28,通过,0.13292342182794975,0.4745758069832377,0.17605419418179857,0.7142857142857143,0.42857142857142855,0.7400301951145405
花叶类,固定篮子成本,同星期最近4次统计,近期滚动回测,2023-05-05,2023-05-06,2023-05-12,1028,7,2023-05-05,通过,0.06558254790407797,0.2178026495358882,0.18301277384650402,1.0,0.8571428571428571,0.8765092309203126
花叶类,固定篮子成本,同星期最近4次统计,近期滚动回测,2023-05-12,2023-05-13,2023-05-19,1035,7,2023-05-12,通过,0.06458230425506589,0.22142505450989297,0.07756346122211744,0.5714285714285714,1.0,0.8777195699569094
花叶类,固定篮子成本,同星期最近4次统计,近期滚动回测,2023-05-19,2023-05-20,2023-05-26,1042,7,2023-05-19,通过,0.07215778349216954,0.22676777378395055,0.09680842240035514,0.2857142857142857,1.0,0.7000905797352823
花叶类,固定篮子成本,同星期最近4次统计,近期滚动回测,2023-05-26,2023-05-27,2023-06-02,1049,7,2023-05-26,通过,0.025165861571095235,0.08582224140528297,0.09732221991143697,0.8571428571428571,1.0,0.6883916360935016
花叶类,固定篮子成本,同星期最近4次统计,近期滚动回测,2023-06-02,2023-06-03,2023-06-09,1056,7,2023-06-02,通过,0.07398213399105255,0.26749230942126123,0.08255498320788468,0.14285714285714285,0.8571428571428571,0.6929696181773579
花叶类,固定篮子成本,同星期最近4次统计,近期滚动回测,2023-06-09,2023-06-10,2023-06-16,1063,7,2023-06-09,通过,0.06565684212507093,0.2402416498627899,0.08280926541322679,0.42857142857142855,1.0,0.7514122013859064
花叶类,固定篮子成本,同星期最近4次统计,近期滚动回测,2023-06-16,2023-06-17,2023-06-23,1070,7,2023-06-16,通过,0.042990518958858796,0.14584200945107684,0.16160391379660122,0.8571428571428571,1.0,0.7658269969232451
花叶类,固定篮子成本,同星期最近8次统计,八折主要回测,2021-03-31,2021-04-01,2021-04-07,271,7,2021-03-31,通过,0.03593453741090788,0.12179770961165902,0.0938170069953909,1.0,1.0,1.424795694787985
花叶类,固定篮子成本,同星期最近8次统计,八折主要回测,2021-06-30,2021-07-01,2021-07-07,362,7,2021-06-30,通过,0.1058522453740774,0.3265220527143176,0.07070541002477104,0.8571428571428571,1.0,0.8231931327579591
花叶类,固定篮子成本,同星期最近8次统计,八折主要回测,2021-09-30,2021-10-01,2021-10-07,454,7,2021-09-30,通过,0.03472831961690584,0.15677140915959256,0.22705373063007275,0.42857142857142855,1.0,1.609650709150042
花叶类,固定篮子成本,同星期最近8次统计,八折主要回测,2021-12-31,2022-01-01,2022-01-07,546,7,2021-12-31,通过,0.5240696524278667,1.7679024398974987,0.1674076071947733,1.0,0.0,2.8559048343130904
花叶类,固定篮子成本,同星期最近8次统计,八折主要回测,2022-03-31,2022-04-01,2022-04-07,635,7,2022-03-31,通过,0.06288771472806125,0.2683428017384078,0.27762524132319827,0.8571428571428571,0.8571428571428571,1.816014165131607
花叶类,固定篮子成本,同星期最近8次统计,八折主要回测,2022-06-30,2022-07-01,2022-07-07,726,7,2022-06-30,通过,0.02154220121101276,0.07464475491231402,0.09228025611141644,0.2857142857142857,1.0,1.1461618894726975
花叶类,固定篮子成本,同星期最近8次统计,八折主要回测,2022-09-30,2022-10-01,2022-10-07,818,7,2022-09-30,通过,0.3016615033679098,0.6894591428012129,0.36117002248833135,0.0,0.8571428571428571,1.892044805063285
花叶类,固定篮子成本,同星期最近8次统计,八折主要回测,2022-12-31,2023-01-01,2023-01-07,904,7,2022-12-31,通过,0.2752362214768775,0.7489143169948761,0.2457885324646347,0.7142857142857143,1.0,2.620680356538955
花叶类,固定篮子成本,同星期最近8次统计,近期滚动回测,2023-03-17,2023-03-18,2023-03-24,979,7,2023-03-17,通过,0.1911950941744124,0.5690228080603641,0.14028794840755943,0.8571428571428571,0.8571428571428571,1.8976948923587444
花叶类,固定篮子成本,同星期最近8次统计,近期滚动回测,2023-03-24,2023-03-25,2023-03-31,986,7,2023-03-24,通过,0.04595670010004222,0.15644647684135343,0.24412310138999013,0.8571428571428571,1.0,1.9758296957525177
花叶类,固定篮子成本,同星期最近8次统计,近期滚动回测,2023-03-31,2023-04-01,2023-04-07,993,7,2023-03-31,通过,0.07787624116329611,0.24729685895604284,0.18291028509190052,0.2857142857142857,1.0,1.7186673805918413
花叶类,固定篮子成本,同星期最近8次统计,近期滚动回测,2023-04-07,2023-04-08,2023-04-14,1000,7,2023-04-07,通过,0.06206007904829515,0.19638134329479748,0.19163758909135944,0.8571428571428571,1.0,1.1448939385805001
花叶类,固定篮子成本,同星期最近8次统计,近期滚动回测,2023-04-14,2023-04-15,2023-04-21,1007,7,2023-04-14,通过,0.05534659534749224,0.1709769108150382,0.10796731769245531,1.0,1.0,1.1216729540169157
花叶类,固定篮子成本,同星期最近8次统计,近期滚动回测,2023-04-21,2023-04-22,2023-04-28,1014,7,2023-04-21,通过,0.034663618073306965,0.10602477429037803,0.15109968480718675,0.8571428571428571,1.0,0.9810666546827758
花叶类,固定篮子成本,同星期最近8次统计,近期滚动回测,2023-04-28,2023-04-29,2023-05-05,1021,7,2023-04-28,通过,0.12362123458921756,0.4413642558899732,0.21964043537072078,1.0,0.2857142857142857,0.7400301951145405
花叶类,固定篮子成本,同星期最近8次统计,近期滚动回测,2023-05-05,2023-05-06,2023-05-12,1028,7,2023-05-05,通过,0.06506955840238622,0.21609898787248388,0.17575931758244687,1.0,0.8571428571428571,0.8765092309203126
花叶类,固定篮子成本,同星期最近8次统计,近期滚动回测,2023-05-12,2023-05-13,2023-05-19,1035,7,2023-05-12,通过,0.06639727980850994,0.2276478281549499,0.14094881573229437,0.5714285714285714,1.0,0.8777195699569093
花叶类,固定篮子成本,同星期最近8次统计,近期滚动回测,2023-05-19,2023-05-20,2023-05-26,1042,7,2023-05-19,通过,0.041408719964212554,0.13013375393586632,0.08927802241186922,0.7142857142857143,1.0,0.7000905797352823
花叶类,固定篮子成本,同星期最近8次统计,近期滚动回测,2023-05-26,2023-05-27,2023-06-02,1049,7,2023-05-26,通过,0.05858932059434875,0.19980507329798852,0.08611609871592359,0.0,1.0,0.6883916360935016
花叶类,固定篮子成本,同星期最近8次统计,近期滚动回测,2023-06-02,2023-06-03,2023-06-09,1056,7,2023-06-02,通过,0.10131032561054262,0.36630104464223007,0.1038193761091406,0.0,0.2857142857142857,0.6929696181773579
花叶类,固定篮子成本,同星期最近8次统计,近期滚动回测,2023-06-09,2023-06-10,2023-06-16,1063,7,2023-06-09,通过,0.08643597066902876,0.3162735143652289,0.09197735678990678,0.42857142857142855,0.5714285714285714,0.7514122013859064
花叶类,固定篮子成本,同星期最近8次统计,近期滚动回测,2023-06-16,2023-06-17,2023-06-23,1070,7,2023-06-16,通过,0.030412782707897622,0.10317301234170755,0.14714943394273838,0.8571428571428571,1.0,0.7658269969232452
花叶类,固定篮子成本,指数加权移动平均加周内收缩,八折主要回测,2021-03-31,2021-04-01,2021-04-07,271,7,2021-03-31,通过,0.04213526970783667,0.14281467674400108,0.0823147579819911,1.0,1.0,1.424795694787985
花叶类,固定篮子成本,指数加权移动平均加周内收缩,八折主要回测,2021-06-30,2021-07-01,2021-07-07,362,7,2021-06-30,通过,0.03334338419118671,0.10285422110861202,0.04758154714530568,0.8571428571428571,1.0,0.8231931327579591
花叶类,固定篮子成本,指数加权移动平均加周内收缩,八折主要回测,2021-09-30,2021-10-01,2021-10-07,454,7,2021-09-30,通过,0.025431938864219655,0.1148054653201084,0.20012744526230009,0.5714285714285714,1.0,1.609650709150042
花叶类,固定篮子成本,指数加权移动平均加周内收缩,八折主要回测,2021-12-31,2022-01-01,2022-01-07,546,7,2021-12-31,通过,0.18332213332659417,0.6184209394569152,0.08462912438045622,1.0,1.0,2.8559048343130904
花叶类,固定篮子成本,指数加权移动平均加周内收缩,八折主要回测,2022-03-31,2022-04-01,2022-04-07,635,7,2022-03-31,通过,0.06840724026510862,0.2918946982142562,0.23002702789943866,0.8571428571428571,0.8571428571428571,1.816014165131607
花叶类,固定篮子成本,指数加权移动平均加周内收缩,八折主要回测,2022-06-30,2022-07-01,2022-07-07,726,7,2022-06-30,通过,0.02131141805482757,0.07384508026613501,0.09360448535044734,0.2857142857142857,1.0,1.1461618894726975
花叶类,固定篮子成本,指数加权移动平均加周内收缩,八折主要回测,2022-09-30,2022-10-01,2022-10-07,818,7,2022-09-30,通过,0.21590151848860542,0.4934513492929475,0.22303019098625546,0.0,1.0,1.8920448050632852
花叶类,固定篮子成本,指数加权移动平均加周内收缩,八折主要回测,2022-12-31,2023-01-01,2023-01-07,904,7,2022-12-31,通过,0.09075885778453492,0.24695371715328632,0.2273829561021853,0.7142857142857143,1.0,2.620680356538955
花叶类,固定篮子成本,指数加权移动平均加周内收缩,近期滚动回测,2023-03-17,2023-03-18,2023-03-24,979,7,2023-03-17,通过,0.09219353784175753,0.27438060591597047,0.1762008962282243,0.8571428571428571,1.0,1.8976948923587444
花叶类,固定篮子成本,指数加权移动平均加周内收缩,近期滚动回测,2023-03-24,2023-03-25,2023-03-31,986,7,2023-03-24,通过,0.0501514537169892,0.17072631902236932,0.14188447634849854,0.5714285714285714,1.0,1.9758296957525177
花叶类,固定篮子成本,指数加权移动平均加周内收缩,近期滚动回测,2023-03-31,2023-04-01,2023-04-07,993,7,2023-03-31,通过,0.07318412806354326,0.23239700228470841,0.11530507308353995,0.0,1.0,1.7186673805918413
花叶类,固定篮子成本,指数加权移动平均加周内收缩,近期滚动回测,2023-04-07,2023-04-08,2023-04-14,1000,7,2023-04-07,通过,0.03740935589585448,0.11837721890273471,0.22198955343902024,0.8571428571428571,1.0,1.1448939385805001
花叶类,固定篮子成本,指数加权移动平均加周内收缩,近期滚动回测,2023-04-14,2023-04-15,2023-04-21,1007,7,2023-04-14,通过,0.033916232327999105,0.10477415265597122,0.0555825346363427,1.0,1.0,1.1216729540169155
花叶类,固定篮子成本,指数加权移动平均加周内收缩,近期滚动回测,2023-04-21,2023-04-22,2023-04-28,1014,7,2023-04-21,通过,0.028283877615716952,0.0865112157052155,0.11174282355942548,0.8571428571428571,1.0,0.9810666546827758
花叶类,固定篮子成本,指数加权移动平均加周内收缩,近期滚动回测,2023-04-28,2023-04-29,2023-05-05,1021,7,2023-04-28,通过,0.1378126207420153,0.4920316886347612,0.18974324444393242,1.0,0.2857142857142857,0.7400301951145405
花叶类,固定篮子成本,指数加权移动平均加周内收缩,近期滚动回测,2023-05-05,2023-05-06,2023-05-12,1028,7,2023-05-05,通过,0.04758817528593222,0.15804251275833428,0.15719184374765746,1.0,1.0,0.8765092309203126
花叶类,固定篮子成本,指数加权移动平均加周内收缩,近期滚动回测,2023-05-12,2023-05-13,2023-05-19,1035,7,2023-05-12,通过,0.038791081042410955,0.1329979989625373,0.07421844542953109,0.5714285714285714,1.0,0.8777195699569094
花叶类,固定篮子成本,指数加权移动平均加周内收缩,近期滚动回测,2023-05-19,2023-05-20,2023-05-26,1042,7,2023-05-19,通过,0.06071494721841556,0.19080676747262146,0.07212671463159404,0.42857142857142855,1.0,0.7000905797352823
花叶类,固定篮子成本,指数加权移动平均加周内收缩,近期滚动回测,2023-05-26,2023-05-27,2023-06-02,1049,7,2023-05-26,通过,0.0630731354634096,0.21509606744980886,0.03761076412894219,0.0,1.0,0.6883916360935016
花叶类,固定篮子成本,指数加权移动平均加周内收缩,近期滚动回测,2023-06-02,2023-06-03,2023-06-09,1056,7,2023-06-02,通过,0.07215990811836082,0.26090380783745404,0.05307143852249552,0.0,1.0,0.6929696181773579
花叶类,固定篮子成本,指数加权移动平均加周内收缩,近期滚动回测,2023-06-09,2023-06-10,2023-06-16,1063,7,2023-06-09,通过,0.04128139585741741,0.15105067999665364,0.07924044227120601,0.42857142857142855,1.0,0.7514122013859064
花叶类,固定篮子成本,指数加权移动平均加周内收缩,近期滚动回测,2023-06-16,2023-06-17,2023-06-23,1070,7,2023-06-16,通过,0.04536311496895009,0.15389085785084752,0.15885002236608944,0.8571428571428571,1.0,0.7658269969232452
花叶类,固定篮子成本,阻尼趋势,八折主要回测,2021-03-31,2021-04-01,2021-04-07,271,7,2021-03-31,通过,0.06492407693396493,0.22005581368101115,0.07857006598305838,1.0,1.0,1.424795694787985
花叶类,固定篮子成本,阻尼趋势,八折主要回测,2021-06-30,2021-07-01,2021-07-07,362,7,2021-06-30,通过,0.016624159014249587,0.05128048542380118,0.04545420395184929,0.8571428571428571,1.0,0.8231931327579591
花叶类,固定篮子成本,阻尼趋势,八折主要回测,2021-09-30,2021-10-01,2021-10-07,454,7,2021-09-30,通过,0.027008331326027042,0.12192165378969959,0.18888687851240218,0.5714285714285714,1.0,1.609650709150042
花叶类,固定篮子成本,阻尼趋势,八折主要回测,2021-12-31,2022-01-01,2022-01-07,546,7,2021-12-31,通过,0.02344626736973078,0.07909390115876144,0.043171333420207514,1.0,1.0,2.85590483431309
花叶类,固定篮子成本,阻尼趋势,八折主要回测,2022-03-31,2022-04-01,2022-04-07,635,7,2022-03-31,通过,0.08750968692389709,0.37340511847111596,0.21700230270473417,0.8571428571428571,0.8571428571428571,1.8160141651316073
花叶类,固定篮子成本,阻尼趋势,八折主要回测,2022-06-30,2022-07-01,2022-07-07,726,7,2022-06-30,通过,0.023372069122709116,0.08098533452405096,0.09397071977974895,0.2857142857142857,1.0,1.1461618894726975
花叶类,固定篮子成本,阻尼趋势,八折主要回测,2022-09-30,2022-10-01,2022-10-07,818,7,2022-09-30,通过,0.17850646057361982,0.40798348452657984,0.18584916794664333,0.0,1.0,1.8920448050632852
花叶类,固定篮子成本,阻尼趋势,八折主要回测,2022-12-31,2023-01-01,2023-01-07,904,7,2022-12-31,通过,0.04085230401511343,0.11115860839455673,0.22158317208108902,0.7142857142857143,1.0,2.620680356538955
花叶类,固定篮子成本,阻尼趋势,近期滚动回测,2023-03-17,2023-03-18,2023-03-24,979,7,2023-03-17,通过,0.10332400582543906,0.30750640432857457,0.23424221927451652,0.8571428571428571,1.0,1.8976948923587444
花叶类,固定篮子成本,阻尼趋势,近期滚动回测,2023-03-24,2023-03-25,2023-03-31,986,7,2023-03-24,通过,0.06732673224397724,0.22919465570596337,0.12271216661176898,0.14285714285714285,1.0,1.9758296957525177
花叶类,固定篮子成本,阻尼趋势,近期滚动回测,2023-03-31,2023-04-01,2023-04-07,993,7,2023-03-31,通过,0.051224930241463525,0.16266532847153886,0.07967798008417988,0.8571428571428571,1.0,1.718667380591842
花叶类,固定篮子成本,阻尼趋势,近期滚动回测,2023-04-07,2023-04-08,2023-04-14,1000,7,2023-04-07,通过,0.057777010196528006,0.1828281086319866,0.23891886814211416,0.14285714285714285,1.0,1.1448939385805001
花叶类,固定篮子成本,阻尼趋势,近期滚动回测,2023-04-14,2023-04-15,2023-04-21,1007,7,2023-04-14,通过,0.07667707464605134,0.2368711078071754,0.04864505841348965,0.0,1.0,1.121672954016916
花叶类,固定篮子成本,阻尼趋势,近期滚动回测,2023-04-21,2023-04-22,2023-04-28,1014,7,2023-04-21,通过,0.03695478014848379,0.1130326965842819,0.08993567566931378,1.0,1.0,0.9810666546827758
花叶类,固定篮子成本,阻尼趋势,近期滚动回测,2023-04-28,2023-04-29,2023-05-05,1021,7,2023-04-28,通过,0.14677707898620412,0.5240374476417032,0.1739153298753592,0.0,0.2857142857142857,0.7400301951145405
花叶类,固定篮子成本,阻尼趋势,近期滚动回测,2023-05-05,2023-05-06,2023-05-12,1028,7,2023-05-05,通过,0.07848534897013876,0.2606534436638147,0.15561816690468766,1.0,0.8571428571428571,0.8765092309203126
花叶类,固定篮子成本,阻尼趋势,近期滚动回测,2023-05-12,2023-05-13,2023-05-19,1035,7,2023-05-12,通过,0.022629130925334345,0.07758559572083744,0.0524452197218083,0.42857142857142855,1.0,0.8777195699569098
花叶类,固定篮子成本,阻尼趋势,近期滚动回测,2023-05-19,2023-05-20,2023-05-26,1042,7,2023-05-19,通过,0.060412865769571694,0.18985742653751375,0.089341201678843,0.0,1.0,0.7000905797352823
花叶类,固定篮子成本,阻尼趋势,近期滚动回测,2023-05-26,2023-05-27,2023-06-02,1049,7,2023-05-26,通过,0.03287623752140526,0.11211666189486515,0.022015074594123513,1.0,1.0,0.6883916360935016
花叶类,固定篮子成本,阻尼趋势,近期滚动回测,2023-06-02,2023-06-03,2023-06-09,1056,7,2023-06-02,通过,0.04887519744938797,0.17671481929323735,0.031114741479721486,1.0,1.0,0.6929696181773579
花叶类,固定篮子成本,阻尼趋势,近期滚动回测,2023-06-09,2023-06-10,2023-06-16,1063,7,2023-06-09,通过,0.02749051299254956,0.10058915389692043,0.07616053155477702,0.42857142857142855,1.0,0.7514122013859064
花叶类,固定篮子成本,阻尼趋势,近期滚动回测,2023-06-16,2023-06-17,2023-06-23,1070,7,2023-06-16,通过,0.05486414627038781,0.186122371459355,0.1667751662763115,0.14285714285714285,0.8571428571428571,0.7658269969232453
花叶类,固定篮子成本,指数平滑,八折主要回测,2021-03-31,2021-04-01,2021-04-07,271,7,2021-03-31,通过,0.04820290601383027,0.16338052392260533,0.08298117189090252,1.0,1.0,1.424795694787985
花叶类,固定篮子成本,指数平滑,八折主要回测,2021-06-30,2021-07-01,2021-07-07,362,7,2021-06-30,通过,0.015812872344027146,0.048777912257170285,0.04545420395184929,0.8571428571428571,1.0,0.8231931327579591
花叶类,固定篮子成本,指数平滑,八折主要回测,2021-09-30,2021-10-01,2021-10-07,454,7,2021-09-30,通过,0.0324609909728335,0.1465361800877519,0.1862684409897192,0.5714285714285714,1.0,1.609650709150042
花叶类,固定篮子成本,指数平滑,八折主要回测,2021-12-31,2022-01-01,2022-01-07,546,7,2021-12-31,通过,0.014274607747026753,0.048154121780638395,0.043171333420207514,1.0,1.0,2.8559048343130904
花叶类,固定篮子成本,指数平滑,八折主要回测,2022-03-31,2022-04-01,2022-04-07,635,7,2022-03-31,通过,0.07206042070995906,0.3074828727896269,0.21770085883718027,0.8571428571428571,1.0,1.816014165131607
花叶类,固定篮子成本,指数平滑,八折主要回测,2022-06-30,2022-07-01,2022-07-07,726,7,2022-06-30,通过,0.024949947082827374,0.08645275693185754,0.09431753186377152,0.2857142857142857,1.0,1.1461618894726975
花叶类,固定篮子成本,指数平滑,八折主要回测,2022-09-30,2022-10-01,2022-10-07,818,7,2022-09-30,通过,0.17606727248245935,0.40240862491842033,0.18455065832052706,0.0,1.0,1.8920448050632852
花叶类,固定篮子成本,指数平滑,八折主要回测,2022-12-31,2023-01-01,2023-01-07,904,7,2022-12-31,通过,0.04002013093460521,0.10889427584825816,0.22181272692942158,0.7142857142857143,1.0,2.620680356538955
花叶类,固定篮子成本,指数平滑,近期滚动回测,2023-03-17,2023-03-18,2023-03-24,979,7,2023-03-17,通过,0.10630671556073357,0.31638335735153245,0.23424221927451652,0.8571428571428571,1.0,1.8976948923587442
花叶类,固定篮子成本,指数平滑,近期滚动回测,2023-03-24,2023-03-25,2023-03-31,986,7,2023-03-24,通过,0.07803664193984941,0.2656534883802161,0.11917301388831714,0.14285714285714285,1.0,1.9758296957525179
花叶类,固定篮子成本,指数平滑,近期滚动回测,2023-03-31,2023-04-01,2023-04-07,993,7,2023-03-31,通过,0.06863411208429589,0.21794837657987667,0.07890226661749995,0.14285714285714285,1.0,1.7186673805918422
花叶类,固定篮子成本,指数平滑,近期滚动回测,2023-04-07,2023-04-08,2023-04-14,1000,7,2023-04-07,通过,0.04043994598159617,0.12796714146069185,0.2383329188569916,0.8571428571428571,1.0,1.1448939385805001
花叶类,固定篮子成本,指数平滑,近期滚动回测,2023-04-14,2023-04-15,2023-04-21,1007,7,2023-04-14,通过,0.02370051479837525,0.07321571958510553,0.04649322798316217,1.0,1.0,1.1216729540169155
花叶类,固定篮子成本,指数平滑,近期滚动回测,2023-04-21,2023-04-22,2023-04-28,1014,7,2023-04-21,通过,0.02370427264337842,0.07250368820175535,0.0905506675029389,1.0,1.0,0.9810666546827758
花叶类,固定篮子成本,指数平滑,近期滚动回测,2023-04-28,2023-04-29,2023-05-05,1021,7,2023-04-28,通过,0.14438678623556028,0.5155033977695048,0.1736447570218156,1.0,0.2857142857142857,0.7400301951145405
花叶类,固定篮子成本,指数平滑,近期滚动回测,2023-05-05,2023-05-06,2023-05-12,1028,7,2023-05-05,通过,0.07689078870941904,0.255357835903388,0.15561816690468766,1.0,0.8571428571428571,0.8765092309203129
花叶类,固定篮子成本,指数平滑,近期滚动回测,2023-05-12,2023-05-13,2023-05-19,1035,7,2023-05-12,通过,0.025993946511550965,0.08912210689348285,0.05101350742250391,0.5714285714285714,1.0,0.8777195699569091
花叶类,固定篮子成本,指数平滑,近期滚动回测,2023-05-19,2023-05-20,2023-05-26,1042,7,2023-05-19,通过,0.07480497228777731,0.2350870025755463,0.08959261103248628,0.0,0.8571428571428571,0.7000905797352823
花叶类,固定篮子成本,指数平滑,近期滚动回测,2023-05-26,2023-05-27,2023-06-02,1049,7,2023-05-26,通过,0.0656364156677045,0.22383753063639217,0.02218961645097776,0.0,1.0,0.6883916360935016
花叶类,固定篮子成本,指数平滑,近期滚动回测,2023-06-02,2023-06-03,2023-06-09,1056,7,2023-06-02,通过,0.059030503361655606,0.213432687308242,0.031539074362247975,0.0,1.0,0.6929696181773579
花叶类,固定篮子成本,指数平滑,近期滚动回测,2023-06-09,2023-06-10,2023-06-16,1063,7,2023-06-09,通过,0.029170377873634516,0.10673586302145667,0.07616053155477702,0.42857142857142855,1.0,0.7514122013859064
花叶类,固定篮子成本,指数平滑,近期滚动回测,2023-06-16,2023-06-17,2023-06-23,1070,7,2023-06-16,通过,0.06160316704876842,0.2089839780613163,0.16515033920943237,0.14285714285714285,0.8571428571428571,0.765826996923245
花叶类,固定篮子成本,滞后稳健回归,八折主要回测,2021-03-31,2021-04-01,2021-04-07,271,7,2021-03-31,通过,0.07119744185171396,0.24131896422063745,0.08298117189090252,1.0,1.0,1.4247956947879852
花叶类,固定篮子成本,滞后稳健回归,八折主要回测,2021-06-30,2021-07-01,2021-07-07,362,7,2021-06-30,通过,0.01703818471937638,0.05255762907471517,0.04545420395184929,0.8571428571428571,1.0,0.8231931327579591
花叶类,固定篮子成本,滞后稳健回归,八折主要回测,2021-09-30,2021-10-01,2021-10-07,454,7,2021-09-30,通过,0.027001680696564466,0.12189163135947124,0.1862684409897192,0.5714285714285714,1.0,1.609650709150042
花叶类,固定篮子成本,滞后稳健回归,八折主要回测,2021-12-31,2022-01-01,2022-01-07,546,7,2021-12-31,通过,0.05690963759567391,0.1919796093762984,0.043171333420207514,1.0,1.0,2.8559048343130904
花叶类,固定篮子成本,滞后稳健回归,八折主要回测,2022-03-31,2022-04-01,2022-04-07,635,7,2022-03-31,通过,0.0907858904945516,0.3873847271914584,0.21770085883718027,0.14285714285714285,0.8571428571428571,1.816014165131607
花叶类,固定篮子成本,滞后稳健回归,八折主要回测,2022-06-30,2022-07-01,2022-07-07,726,7,2022-06-30,通过,0.019060625431402276,0.06604597644715593,0.09431753186377152,0.2857142857142857,1.0,1.1461618894726975
花叶类,固定篮子成本,滞后稳健回归,八折主要回测,2022-09-30,2022-10-01,2022-10-07,818,7,2022-09-30,通过,0.17363870033545914,0.3968580284650852,0.18455065832052706,0.0,1.0,1.8920448050632852
花叶类,固定篮子成本,滞后稳健回归,八折主要回测,2022-12-31,2023-01-01,2023-01-07,904,7,2022-12-31,通过,0.04670802183518467,0.1270919433611603,0.22181272692942158,0.2857142857142857,1.0,2.620680356538955
花叶类,固定篮子成本,滞后稳健回归,近期滚动回测,2023-03-17,2023-03-18,2023-03-24,979,7,2023-03-17,通过,0.12892646191941393,0.3837028230847282,0.23424221927451652,0.8571428571428571,1.0,1.8976948923587442
花叶类,固定篮子成本,滞后稳健回归,近期滚动回测,2023-03-24,2023-03-25,2023-03-31,986,7,2023-03-24,通过,0.04986230621896969,0.1697419988415432,0.11917301388831714,0.14285714285714285,1.0,1.9758296957525165
花叶类,固定篮子成本,滞后稳健回归,近期滚动回测,2023-03-31,2023-04-01,2023-04-07,993,7,2023-03-31,通过,0.06738090263644028,0.21396879621699197,0.07890226661749995,0.14285714285714285,1.0,1.718667380591842
花叶类,固定篮子成本,滞后稳健回归,近期滚动回测,2023-04-07,2023-04-08,2023-04-14,1000,7,2023-04-07,通过,0.053072824890169575,0.1679423037194372,0.2383329188569916,0.14285714285714285,1.0,1.1448939385805001
花叶类,固定篮子成本,滞后稳健回归,近期滚动回测,2023-04-14,2023-04-15,2023-04-21,1007,7,2023-04-14,通过,0.07380526772857876,0.22799951106081892,0.04649322798316217,0.0,1.0,1.1216729540169155
花叶类,固定篮子成本,滞后稳健回归,近期滚动回测,2023-04-21,2023-04-22,2023-04-28,1014,7,2023-04-21,通过,0.03127085810665584,0.0956474210399215,0.0905506675029389,1.0,1.0,0.9810666546827758
花叶类,固定篮子成本,滞后稳健回归,近期滚动回测,2023-04-28,2023-04-29,2023-05-05,1021,7,2023-04-28,通过,0.15584164409256143,0.5564006176620305,0.1736447570218156,0.0,0.14285714285714285,0.7400301951145405
花叶类,固定篮子成本,滞后稳健回归,近期滚动回测,2023-05-05,2023-05-06,2023-05-12,1028,7,2023-05-05,通过,0.1473897478595354,0.4894881126787879,0.15561816690468766,1.0,0.42857142857142855,0.8765092309203126
花叶类,固定篮子成本,滞后稳健回归,近期滚动回测,2023-05-12,2023-05-13,2023-05-19,1035,7,2023-05-12,通过,0.01999454278601649,0.06855272163731765,0.05101350742250391,0.5714285714285714,1.0,0.8777195699569091
花叶类,固定篮子成本,滞后稳健回归,近期滚动回测,2023-05-19,2023-05-20,2023-05-26,1042,7,2023-05-19,通过,0.053105666966151974,0.1668933452554431,0.08959261103248628,1.0,1.0,0.7000905797352823
花叶类,固定篮子成本,滞后稳健回归,近期滚动回测,2023-05-26,2023-05-27,2023-06-02,1049,7,2023-05-26,通过,0.038140047808871744,0.1300676466416552,0.02218961645097776,0.0,1.0,0.6883916360935016
花叶类,固定篮子成本,滞后稳健回归,近期滚动回测,2023-06-02,2023-06-03,2023-06-09,1056,7,2023-06-02,通过,0.0546417656425087,0.19756461856503998,0.031539074362247975,0.0,1.0,0.6929696181773579
花叶类,固定篮子成本,滞后稳健回归,近期滚动回测,2023-06-09,2023-06-10,2023-06-16,1063,7,2023-06-09,通过,0.026340143285454278,0.09637989394106862,0.07616053155477702,0.5714285714285714,1.0,0.751412201385906
花叶类,固定篮子成本,滞后稳健回归,近期滚动回测,2023-06-16,2023-06-17,2023-06-23,1070,7,2023-06-16,通过,0.05099064385722159,0.17298181421020026,0.16515033920943237,0.14285714285714285,0.8571428571428571,0.765826996923245
花菜类,销量加权成本,近7日均值,八折主要回测,2021-03-31,2021-04-01,2021-04-07,272,7,2021-03-31,通过,0.06841336020381894,0.41138983617034064,0.3100286854330438,0.0,1.0,2.631107545598487
花菜类,销量加权成本,近7日均值,八折主要回测,2021-06-30,2021-07-01,2021-07-07,363,7,2021-06-30,通过,0.1368091141871172,0.7019762380644688,0.256618304272126,0.14285714285714285,1.0,2.9020198569778515
花菜类,销量加权成本,近7日均值,八折主要回测,2021-09-30,2021-10-01,2021-10-07,455,7,2021-09-30,通过,0.14372458237960078,1.0342010306372134,0.29999999999999966,0.0,0.8571428571428571,2.58066536347391
花菜类,销量加权成本,近7日均值,八折主要回测,2021-12-31,2022-01-01,2022-01-07,547,7,2021-12-31,通过,0.025184536350462975,0.13495313692940947,0.16833333333333345,1.0,1.0,5.190302289668128
花菜类,销量加权成本,近7日均值,八折主要回测,2022-03-31,2022-04-01,2022-04-07,635,7,2022-03-31,通过,0.06665732329531211,0.48193131541690565,0.5300396258406207,0.8571428571428571,1.0,2.6836590062555423
花菜类,销量加权成本,近7日均值,八折主要回测,2022-06-30,2022-07-01,2022-07-07,726,7,2022-06-30,通过,0.10091906537789554,0.5846969542238715,0.2625995666980381,0.0,1.0,2.3534359590524168
花菜类,销量加权成本,近7日均值,八折主要回测,2022-09-30,2022-10-01,2022-10-07,818,7,2022-09-30,通过,0.05099014308150137,0.31699782621124634,0.5774319119518528,0.8571428571428571,1.0,5.365859404372932
花菜类,销量加权成本,近7日均值,八折主要回测,2022-12-31,2023-01-01,2023-01-07,904,7,2022-12-31,通过,0.13983641309901157,0.8070172711816055,0.30909441038661595,0.5714285714285714,0.8571428571428571,3.638098847276974
花菜类,销量加权成本,近7日均值,近期滚动回测,2023-03-17,2023-03-18,2023-03-24,979,7,2023-03-17,通过,0.31508334234538904,2.4236039439629615,0.38936881604208545,0.0,0.0,2.156269658215635
花菜类,销量加权成本,近7日均值,近期滚动回测,2023-03-24,2023-03-25,2023-03-31,986,7,2023-03-24,通过,0.012337420432942848,0.09422459450900497,0.07234188009237667,1.0,1.0,2.8207533483304386
花菜类,销量加权成本,近7日均值,近期滚动回测,2023-03-31,2023-04-01,2023-04-07,993,7,2023-03-31,通过,0.07704326881057548,0.6375192042159327,0.479365018469351,0.14285714285714285,1.0,3.186202162084785
花菜类,销量加权成本,近7日均值,近期滚动回测,2023-04-07,2023-04-08,2023-04-14,1000,7,2023-04-07,通过,0.0958755552193175,0.7239444170295952,0.12385033910264183,0.0,1.0,3.8131808014121025
花菜类,销量加权成本,近7日均值,近期滚动回测,2023-04-14,2023-04-15,2023-04-21,1007,7,2023-04-14,通过,0.07858265554604889,0.5501366770593412,0.21093728358060768,0.0,1.0,3.950251089608056
花菜类,销量加权成本,近7日均值,近期滚动回测,2023-04-21,2023-04-22,2023-04-28,1014,7,2023-04-21,通过,0.04739217247534548,0.3353803555038216,0.5191235597751681,0.5714285714285714,1.0,3.771680855866595
花菜类,销量加权成本,近7日均值,近期滚动回测,2023-04-28,2023-04-29,2023-05-05,1021,7,2023-04-28,通过,0.054106150372333635,0.39535660381395105,0.30116351622042953,0.42857142857142855,1.0,3.418851878565931
花菜类,销量加权成本,近7日均值,近期滚动回测,2023-05-05,2023-05-06,2023-05-12,1028,7,2023-05-05,通过,0.104612387219403,0.6982536102424273,0.5620867638092871,0.2857142857142857,1.0,3.2954819261572075
花菜类,销量加权成本,近7日均值,近期滚动回测,2023-05-12,2023-05-13,2023-05-19,1035,7,2023-05-12,通过,0.04883857547305042,0.3259159368578386,0.3587845740544496,1.0,1.0,2.699031839567153
花菜类,销量加权成本,近7日均值,近期滚动回测,2023-05-19,2023-05-20,2023-05-26,1042,7,2023-05-19,通过,0.16674232115941143,1.3353930996269636,0.357486507695475,0.0,0.2857142857142857,2.105475508560021
花菜类,销量加权成本,近7日均值,近期滚动回测,2023-05-26,2023-05-27,2023-06-02,1049,7,2023-05-26,通过,0.14854148539221004,1.3971645396006103,0.2808491475327057,0.0,0.42857142857142855,2.1438960468765274
花菜类,销量加权成本,近7日均值,近期滚动回测,2023-06-02,2023-06-03,2023-06-09,1056,7,2023-06-02,通过,0.052414984696863995,0.5189440473476574,0.2990821412698412,0.8571428571428571,1.0,3.146647636814958
花菜类,销量加权成本,近7日均值,近期滚动回测,2023-06-09,2023-06-10,2023-06-16,1063,7,2023-06-09,通过,0.048238196056140256,0.48104058963398827,0.5958841459511337,1.0,1.0,3.995944461681294
花菜类,销量加权成本,近7日均值,近期滚动回测,2023-06-16,2023-06-17,2023-06-23,1070,7,2023-06-16,通过,0.0499447255773361,0.47436633457255567,0.12333333333333336,1.0,1.0,4.624906881839557
花菜类,销量加权成本,近14日均值,八折主要回测,2021-03-31,2021-04-01,2021-04-07,272,7,2021-03-31,通过,0.033859030487995226,0.20360439779371298,0.3100286854330438,1.0,1.0,2.631107545598487
花菜类,销量加权成本,近14日均值,八折主要回测,2021-06-30,2021-07-01,2021-07-07,363,7,2021-06-30,通过,0.10530551373634982,0.5403292669447753,0.256618304272126,0.8571428571428571,1.0,2.9020198569778537
花菜类,销量加权成本,近14日均值,八折主要回测,2021-09-30,2021-10-01,2021-10-07,455,7,2021-09-30,通过,0.11561256297660732,0.831914971018816,0.29999999999999966,0.0,0.8571428571428571,2.580665363473912
花菜类,销量加权成本,近14日均值,八折主要回测,2021-12-31,2022-01-01,2022-01-07,547,7,2021-12-31,通过,0.028348946890667196,0.1519098568384181,0.16833333333333345,1.0,1.0,5.190302289668126
花菜类,销量加权成本,近14日均值,八折主要回测,2022-03-31,2022-04-01,2022-04-07,635,7,2022-03-31,通过,0.060272626681525804,0.43577006732736073,0.5300396258406207,0.8571428571428571,1.0,2.683659006255542
花菜类,销量加权成本,近14日均值,八折主要回测,2022-06-30,2022-07-01,2022-07-07,726,7,2022-06-30,通过,0.03235048746030709,0.1874297132545793,0.2625995666980381,1.0,1.0,2.3534359590524168
花菜类,销量加权成本,近14日均值,八折主要回测,2022-09-30,2022-10-01,2022-10-07,818,7,2022-09-30,通过,0.04408331723937356,0.2740591591344622,0.5774319119518528,0.8571428571428571,1.0,5.365859404372933
花菜类,销量加权成本,近14日均值,八折主要回测,2022-12-31,2023-01-01,2023-01-07,904,7,2022-12-31,通过,0.21297030894401944,1.2290841402304313,0.30909441038661595,0.5714285714285714,0.7142857142857143,3.6380988472769746
花菜类,销量加权成本,近14日均值,近期滚动回测,2023-03-17,2023-03-18,2023-03-24,979,7,2023-03-17,通过,0.2627433181708519,2.021007322788769,0.38936881604208545,0.0,0.0,2.156269658215635
花菜类,销量加权成本,近14日均值,近期滚动回测,2023-03-24,2023-03-25,2023-03-31,986,7,2023-03-24,通过,0.15151391825502786,1.1571574129005495,0.07234188009237667,1.0,1.0,2.820753348330438
花菜类,销量加权成本,近14日均值,近期滚动回测,2023-03-31,2023-04-01,2023-04-07,993,7,2023-03-31,通过,0.07462549991711483,0.6175126011118145,0.479365018469351,0.14285714285714285,1.0,3.186202162084785
花菜类,销量加权成本,近14日均值,近期滚动回测,2023-04-07,2023-04-08,2023-04-14,1000,7,2023-04-07,通过,0.05366063772746726,0.40518481492162906,0.12385033910264183,1.0,1.0,3.813180801412103
花菜类,销量加权成本,近14日均值,近期滚动回测,2023-04-14,2023-04-15,2023-04-21,1007,7,2023-04-14,通过,0.13028751102125075,0.9121088855741402,0.21093728358060768,0.0,1.0,3.9502510896080554
花菜类,销量加权成本,近14日均值,近期滚动回测,2023-04-21,2023-04-22,2023-04-28,1014,7,2023-04-21,通过,0.05691805348659268,0.4027921915343643,0.5191235597751681,0.42857142857142855,1.0,3.771680855866595
花菜类,销量加权成本,近14日均值,近期滚动回测,2023-04-28,2023-04-29,2023-05-05,1021,7,2023-04-28,通过,0.05633387098979087,0.4116346803635362,0.30116351622042953,0.42857142857142855,1.0,3.4188518785659316
花菜类,销量加权成本,近14日均值,近期滚动回测,2023-05-05,2023-05-06,2023-05-12,1028,7,2023-05-05,通过,0.09330335304128694,0.6227694906929603,0.5620867638092871,0.2857142857142857,1.0,3.2954819261572075
花菜类,销量加权成本,近14日均值,近期滚动回测,2023-05-12,2023-05-13,2023-05-19,1035,7,2023-05-12,通过,0.056357445108335444,0.37609183608422153,0.3587845740544496,1.0,1.0,2.699031839567153
花菜类,销量加权成本,近14日均值,近期滚动回测,2023-05-19,2023-05-20,2023-05-26,1042,7,2023-05-19,通过,0.1666584028976358,1.3347210214950973,0.357486507695475,0.0,0.2857142857142857,2.105475508560021
花菜类,销量加权成本,近14日均值,近期滚动回测,2023-05-26,2023-05-27,2023-06-02,1049,7,2023-05-26,通过,0.21952856994053405,2.0648610894140944,0.2808491475327057,0.0,0.0,2.1438960468765256
花菜类,销量加权成本,近14日均值,近期滚动回测,2023-06-02,2023-06-03,2023-06-09,1056,7,2023-06-02,通过,0.12053469645241303,1.1933755887670607,0.2990821412698412,0.8571428571428571,0.8571428571428571,3.146647636814958
花菜类,销量加权成本,近14日均值,近期滚动回测,2023-06-09,2023-06-10,2023-06-16,1063,7,2023-06-09,通过,0.05887047546483413,0.5870677294125782,0.5958841459511337,1.0,1.0,3.995944461681294
花菜类,销量加权成本,近14日均值,近期滚动回测,2023-06-16,2023-06-17,2023-06-23,1070,7,2023-06-16,通过,0.046180091477324464,0.4386104933223289,0.12333333333333336,1.0,1.0,4.624906881839557
花菜类,销量加权成本,近7日中位数,八折主要回测,2021-03-31,2021-04-01,2021-04-07,272,7,2021-03-31,通过,0.08054626964940129,0.4843486210365907,0.3100286854330438,0.0,1.0,2.631107545598487
花菜类,销量加权成本,近7日中位数,八折主要回测,2021-06-30,2021-07-01,2021-07-07,363,7,2021-06-30,通过,0.12867630191329457,0.6602462626985429,0.256618304272126,0.14285714285714285,1.0,2.9020198569778537
花菜类,销量加权成本,近7日中位数,八折主要回测,2021-09-30,2021-10-01,2021-10-07,455,7,2021-09-30,通过,0.15366289458010723,1.105714285714286,0.29999999999999966,0.0,0.7142857142857143,2.580665363473912
花菜类,销量加权成本,近7日中位数,八折主要回测,2021-12-31,2022-01-01,2022-01-07,547,7,2021-12-31,通过,0.061850173287123625,0.33142857142857246,0.16833333333333345,1.0,1.0,5.190302289668126
花菜类,销量加权成本,近7日中位数,八折主要回测,2022-03-31,2022-04-01,2022-04-07,635,7,2022-03-31,通过,0.05619300277380174,0.4062744557567415,0.5300396258406207,0.8571428571428571,1.0,2.6836590062555423
花菜类,销量加权成本,近7日中位数,八折主要回测,2022-06-30,2022-07-01,2022-07-07,726,7,2022-06-30,通过,0.10643079316544485,0.6166303697566419,0.2625995666980381,0.0,1.0,2.3534359590524168
花菜类,销量加权成本,近7日中位数,八折主要回测,2022-09-30,2022-10-01,2022-10-07,818,7,2022-09-30,通过,0.057994482465843024,0.36054271988477765,0.5774319119518528,0.0,1.0,5.365859404372933
花菜类,销量加权成本,近7日中位数,八折主要回测,2022-12-31,2023-01-01,2023-01-07,904,7,2022-12-31,通过,0.14186581616515784,0.818729265849327,0.30909441038661595,0.5714285714285714,0.8571428571428571,3.6380988472769746
花菜类,销量加权成本,近7日中位数,近期滚动回测,2023-03-17,2023-03-18,2023-03-24,979,7,2023-03-17,通过,0.3499694058300223,2.691945648165201,0.38936881604208545,0.0,0.0,2.156269658215635
花菜类,销量加权成本,近7日中位数,近期滚动回测,2023-03-24,2023-03-25,2023-03-31,986,7,2023-03-24,通过,0.010006100964407365,0.07641960579295556,0.07234188009237667,1.0,1.0,2.8207533483304386
花菜类,销量加权成本,近7日中位数,近期滚动回测,2023-03-31,2023-04-01,2023-04-07,993,7,2023-03-31,通过,0.08369088341365144,0.6925270204355044,0.479365018469351,0.14285714285714285,1.0,3.186202162084785
花菜类,销量加权成本,近7日中位数,近期滚动回测,2023-04-07,2023-04-08,2023-04-14,1000,7,2023-04-07,通过,0.0861696137963375,0.65065605808232,0.12385033910264183,0.0,1.0,3.8131808014121025
花菜类,销量加权成本,近7日中位数,近期滚动回测,2023-04-14,2023-04-15,2023-04-21,1007,7,2023-04-14,通过,0.0767425884055546,0.5372548468997023,0.21093728358060768,0.0,1.0,3.950251089608056
花菜类,销量加权成本,近7日中位数,近期滚动回测,2023-04-21,2023-04-22,2023-04-28,1014,7,2023-04-21,通过,0.047426788845304324,0.3356253252922205,0.5191235597751681,0.5714285714285714,1.0,3.7716808558665953
花菜类,销量加权成本,近7日中位数,近期滚动回测,2023-04-28,2023-04-29,2023-05-05,1021,7,2023-04-28,通过,0.06206423641178417,0.4535067743170291,0.30116351622042953,0.42857142857142855,1.0,3.418851878565931
花菜类,销量加权成本,近7日中位数,近期滚动回测,2023-05-05,2023-05-06,2023-05-12,1028,7,2023-05-05,通过,0.1199539302143024,0.800653412671284,0.5620867638092871,0.2857142857142857,1.0,3.2954819261572075
花菜类,销量加权成本,近7日中位数,近期滚动回测,2023-05-12,2023-05-13,2023-05-19,1035,7,2023-05-12,通过,0.05248084999828767,0.35022203716252864,0.3587845740544496,1.0,1.0,2.699031839567153
花菜类,销量加权成本,近7日中位数,近期滚动回测,2023-05-19,2023-05-20,2023-05-26,1042,7,2023-05-19,通过,0.15257174829257023,1.221904903633521,0.357486507695475,0.0,0.2857142857142857,2.105475508560021
花菜类,销量加权成本,近7日中位数,近期滚动回测,2023-05-26,2023-05-27,2023-06-02,1049,7,2023-05-26,通过,0.13856156931840038,1.3032945691361284,0.2808491475327057,0.0,0.42857142857142855,2.1438960468765274
花菜类,销量加权成本,近7日中位数,近期滚动回测,2023-06-02,2023-06-03,2023-06-09,1056,7,2023-06-02,通过,0.027689640534379743,0.2741463001776379,0.2990821412698412,0.8571428571428571,1.0,3.146647636814958
花菜类,销量加权成本,近7日中位数,近期滚动回测,2023-06-09,2023-06-10,2023-06-16,1063,7,2023-06-09,通过,0.04865677456766571,0.48521473523756725,0.5958841459511337,1.0,1.0,3.995944461681294
花菜类,销量加权成本,近7日中位数,近期滚动回测,2023-06-16,2023-06-17,2023-06-23,1070,7,2023-06-16,通过,0.08240520217816785,0.7826703071266093,0.12333333333333336,1.0,1.0,4.624906881839557
花菜类,销量加权成本,近14日中位数,八折主要回测,2021-03-31,2021-04-01,2021-04-07,272,7,2021-03-31,通过,0.034630878407908953,0.20824574837751314,0.3100286854330438,1.0,1.0,2.631107545598487
花菜类,销量加权成本,近14日中位数,八折主要回测,2021-06-30,2021-07-01,2021-07-07,363,7,2021-06-30,通过,0.11203873369890287,0.5748778454328206,0.256618304272126,0.14285714285714285,1.0,2.9020198569778515
花菜类,销量加权成本,近14日中位数,八折主要回测,2021-09-30,2021-10-01,2021-10-07,455,7,2021-09-30,通过,0.12030970815961882,0.8657142857142858,0.29999999999999966,0.0,0.8571428571428571,2.580665363473912
花菜类,销量加权成本,近14日中位数,八折主要回测,2021-12-31,2022-01-01,2022-01-07,547,7,2021-12-31,通过,0.04692082111436968,0.2514285714285724,0.16833333333333345,1.0,1.0,5.190302289668128
花菜类,销量加权成本,近14日中位数,八折主要回测,2022-03-31,2022-04-01,2022-04-07,635,7,2022-03-31,通过,0.05226487039399595,0.37787412536026604,0.5300396258406207,0.8571428571428571,1.0,2.6836590062555423
花菜类,销量加权成本,近14日中位数,八折主要回测,2022-06-30,2022-07-01,2022-07-07,726,7,2022-06-30,通过,0.035733063894920175,0.2070274189144745,0.2625995666980381,1.0,1.0,2.3534359590524168
花菜类,销量加权成本,近14日中位数,八折主要回测,2022-09-30,2022-10-01,2022-10-07,818,7,2022-09-30,通过,0.05618102704597799,0.3492687482642357,0.5774319119518528,0.8571428571428571,1.0,5.365859404372932
花菜类,销量加权成本,近14日中位数,八折主要回测,2022-12-31,2023-01-01,2023-01-07,904,7,2022-12-31,通过,0.2314761940495024,1.3358844261334506,0.30909441038661595,0.5714285714285714,0.7142857142857143,3.638098847276974
花菜类,销量加权成本,近14日中位数,近期滚动回测,2023-03-17,2023-03-18,2023-03-24,979,7,2023-03-17,通过,0.2372154834892099,1.824648605902232,0.38936881604208545,0.0,0.0,2.156269658215635
花菜类,销量加权成本,近14日中位数,近期滚动回测,2023-03-24,2023-03-25,2023-03-31,986,7,2023-03-24,通过,0.09675977856443292,0.7389835622096965,0.07234188009237667,1.0,1.0,2.820753348330438
花菜类,销量加权成本,近14日中位数,近期滚动回测,2023-03-31,2023-04-01,2023-04-07,993,7,2023-03-31,通过,0.07974806598197405,0.6599009147390825,0.479365018469351,0.14285714285714285,1.0,3.186202162084783
花菜类,销量加权成本,近14日中位数,近期滚动回测,2023-04-07,2023-04-08,2023-04-14,1000,7,2023-04-07,通过,0.030610599540931597,0.2311368376318006,0.12385033910264183,1.0,1.0,3.8131808014121025
花菜类,销量加权成本,近14日中位数,近期滚动回测,2023-04-14,2023-04-15,2023-04-21,1007,7,2023-04-14,通过,0.11092059627054791,0.776526166311112,0.21093728358060768,0.0,1.0,3.950251089608056
花菜类,销量加权成本,近14日中位数,近期滚动回测,2023-04-21,2023-04-22,2023-04-28,1014,7,2023-04-21,通过,0.05956894824518007,0.4215517879002149,0.5191235597751681,0.42857142857142855,1.0,3.7716808558665953
花菜类,销量加权成本,近14日中位数,近期滚动回测,2023-04-28,2023-04-29,2023-05-05,1021,7,2023-04-28,通过,0.05890767969216133,0.43044164150258446,0.30116351622042953,0.42857142857142855,1.0,3.418851878565931
花菜类,销量加权成本,近14日中位数,近期滚动回测,2023-05-05,2023-05-06,2023-05-12,1028,7,2023-05-05,通过,0.0916344259206,0.6116299457669172,0.5620867638092871,0.2857142857142857,1.0,3.2954819261572075
花菜类,销量加权成本,近14日中位数,近期滚动回测,2023-05-12,2023-05-13,2023-05-19,1035,7,2023-05-12,通过,0.059761906215722256,0.3988109289439696,0.3587845740544496,1.0,1.0,2.699031839567152
花菜类,销量加权成本,近14日中位数,近期滚动回测,2023-05-19,2023-05-20,2023-05-26,1042,7,2023-05-19,通过,0.1875282003911076,1.5018614533279386,0.357486507695475,0.0,0.14285714285714285,2.105475508560021
花菜类,销量加权成本,近14日中位数,近期滚动回测,2023-05-26,2023-05-27,2023-06-02,1049,7,2023-05-26,通过,0.2277888129360761,2.14255600791705,0.2808491475327057,0.0,0.0,2.1438960468765274
花菜类,销量加权成本,近14日中位数,近期滚动回测,2023-06-02,2023-06-03,2023-06-09,1056,7,2023-06-02,通过,0.14197072886481335,1.4056069093236065,0.2990821412698412,0.8571428571428571,0.7142857142857143,3.146647636814958
花菜类,销量加权成本,近14日中位数,近期滚动回测,2023-06-09,2023-06-10,2023-06-16,1063,7,2023-06-09,通过,0.0497193546235598,0.49581098838156407,0.5958841459511337,1.0,1.0,3.995944461681294
花菜类,销量加权成本,近14日中位数,近期滚动回测,2023-06-16,2023-06-17,2023-06-23,1070,7,2023-06-16,通过,0.05031380519833538,0.47787178875125086,0.12333333333333336,1.0,1.0,4.624906881839557
花菜类,销量加权成本,指数加权移动平均,八折主要回测,2021-03-31,2021-04-01,2021-04-07,272,7,2021-03-31,通过,0.07011525053678158,0.4216238077684541,0.3100286854330438,0.0,1.0,2.631107545598487
花菜类,销量加权成本,指数加权移动平均,八折主要回测,2021-06-30,2021-07-01,2021-07-07,363,7,2021-06-30,通过,0.12121350105331591,0.6219541583731908,0.256618304272126,0.14285714285714285,1.0,2.9020198569778537
花菜类,销量加权成本,指数加权移动平均,八折主要回测,2021-09-30,2021-10-01,2021-10-07,455,7,2021-09-30,通过,0.1147434377649905,0.8256609943175103,0.29999999999999966,0.0,0.8571428571428571,2.580665363473912
花菜类,销量加权成本,指数加权移动平均,八折主要回测,2021-12-31,2022-01-01,2022-01-07,547,7,2021-12-31,通过,0.07328886685866265,0.39272362798120525,0.16833333333333345,1.0,1.0,5.190302289668126
花菜类,销量加权成本,指数加权移动平均,八折主要回测,2022-03-31,2022-04-01,2022-04-07,635,7,2022-03-31,通过,0.08214225460965385,0.5938871058467019,0.5300396258406207,0.8571428571428571,1.0,2.6836590062555423
花菜类,销量加权成本,指数加权移动平均,八折主要回测,2022-06-30,2022-07-01,2022-07-07,726,7,2022-06-30,通过,0.07819572735139946,0.4530442631873387,0.2625995666980381,0.0,1.0,2.3534359590524168
花菜类,销量加权成本,指数加权移动平均,八折主要回测,2022-09-30,2022-10-01,2022-10-07,818,7,2022-09-30,通过,0.0551792018239186,0.3430405559422644,0.5774319119518528,0.8571428571428571,1.0,5.365859404372933
花菜类,销量加权成本,指数加权移动平均,八折主要回测,2022-12-31,2023-01-01,2023-01-07,904,7,2022-12-31,通过,0.117462923892228,0.6778964520306943,0.30909441038661595,0.5714285714285714,1.0,3.638098847276974
花菜类,销量加权成本,指数加权移动平均,近期滚动回测,2023-03-17,2023-03-18,2023-03-24,979,7,2023-03-17,通过,0.2391921629094909,1.8398531165668803,0.38936881604208545,0.0,0.0,2.156269658215635
花菜类,销量加权成本,指数加权移动平均,近期滚动回测,2023-03-24,2023-03-25,2023-03-31,986,7,2023-03-24,通过,0.050313165544543084,0.3842567940086162,0.07234188009237667,1.0,1.0,2.820753348330438
花菜类,销量加权成本,指数加权移动平均,近期滚动回测,2023-03-31,2023-04-01,2023-04-07,993,7,2023-03-31,通过,0.07488479838500921,0.6196582493359687,0.479365018469351,0.14285714285714285,1.0,3.186202162084786
花菜类,销量加权成本,指数加权移动平均,近期滚动回测,2023-04-07,2023-04-08,2023-04-14,1000,7,2023-04-07,通过,0.09970435188491411,0.752855185406994,0.12385033910264183,0.0,1.0,3.8131808014121025
花菜类,销量加权成本,指数加权移动平均,近期滚动回测,2023-04-14,2023-04-15,2023-04-21,1007,7,2023-04-14,通过,0.06882666112701541,0.4818375045027272,0.21093728358060768,0.0,1.0,3.950251089608056
花菜类,销量加权成本,指数加权移动平均,近期滚动回测,2023-04-21,2023-04-22,2023-04-28,1014,7,2023-04-21,通过,0.046630096378454985,0.3299873688786767,0.5191235597751681,0.5714285714285714,1.0,3.7716808558665953
花菜类,销量加权成本,指数加权移动平均,近期滚动回测,2023-04-28,2023-04-29,2023-05-05,1021,7,2023-04-28,通过,0.052427678886165854,0.3830919207455144,0.30116351622042953,0.42857142857142855,1.0,3.418851878565931
花菜类,销量加权成本,指数加权移动平均,近期滚动回测,2023-05-05,2023-05-06,2023-05-12,1028,7,2023-05-05,通过,0.08872730092605219,0.5922258333398517,0.5620867638092871,0.7142857142857143,1.0,3.2954819261572075
花菜类,销量加权成本,指数加权移动平均,近期滚动回测,2023-05-12,2023-05-13,2023-05-19,1035,7,2023-05-12,通过,0.047196023307625186,0.31495464401407336,0.3587845740544496,1.0,1.0,2.699031839567153
花菜类,销量加权成本,指数加权移动平均,近期滚动回测,2023-05-19,2023-05-20,2023-05-26,1042,7,2023-05-19,通过,0.14121133360592963,1.1309224867164804,0.357486507695475,0.0,0.2857142857142857,2.105475508560021
花菜类,销量加权成本,指数加权移动平均,近期滚动回测,2023-05-26,2023-05-27,2023-06-02,1049,7,2023-05-26,通过,0.13355661716787176,1.2562185509540515,0.2808491475327057,0.0,0.42857142857142855,2.1438960468765274
花菜类,销量加权成本,指数加权移动平均,近期滚动回测,2023-06-02,2023-06-03,2023-06-09,1056,7,2023-06-02,通过,0.030448349579995065,0.30145939863346677,0.2990821412698412,0.8571428571428571,1.0,3.146647636814958
花菜类,销量加权成本,指数加权移动平均,近期滚动回测,2023-06-09,2023-06-10,2023-06-16,1063,7,2023-06-09,通过,0.04194993663346033,0.4183328545243045,0.5958841459511337,1.0,1.0,3.995944461681294
花菜类,销量加权成本,指数加权移动平均,近期滚动回测,2023-06-16,2023-06-17,2023-06-23,1070,7,2023-06-16,通过,0.03516959555430622,0.33403471414939595,0.12333333333333336,1.0,1.0,4.624906881839557
花菜类,销量加权成本,同星期最近4次统计,八折主要回测,2021-03-31,2021-04-01,2021-04-07,272,7,2021-03-31,通过,0.09965395489844107,0.5992488025329837,0.3744452629177628,1.0,1.0,2.631107545598487
花菜类,销量加权成本,同星期最近4次统计,八折主要回测,2021-06-30,2021-07-01,2021-07-07,363,7,2021-06-30,通过,0.09844204931825411,0.5051123958983442,0.3769433199556628,0.8571428571428571,1.0,2.902019856977852
花菜类,销量加权成本,同星期最近4次统计,八折主要回测,2021-09-30,2021-10-01,2021-10-07,455,7,2021-09-30,通过,0.05350642534058737,0.3850169492007694,0.4958653212216831,0.8571428571428571,1.0,2.580665363473912
花菜类,销量加权成本,同星期最近4次统计,八折主要回测,2021-12-31,2022-01-01,2022-01-07,547,7,2021-12-31,通过,0.2907638166080211,1.5580786801381248,0.36031641301104295,1.0,1.0,5.190302289668127
花菜类,销量加权成本,同星期最近4次统计,八折主要回测,2022-03-31,2022-04-01,2022-04-07,635,7,2022-03-31,通过,0.0857166263300218,0.6197297526831834,0.6543694229274268,0.7142857142857143,1.0,2.683659006255542
花菜类,销量加权成本,同星期最近4次统计,八折主要回测,2022-06-30,2022-07-01,2022-07-07,726,7,2022-06-30,通过,0.06642534981164824,0.3848499743105314,0.2817662333647048,1.0,1.0,2.3534359590524168
花菜类,销量加权成本,同星期最近4次统计,八折主要回测,2022-09-30,2022-10-01,2022-10-07,818,7,2022-09-30,通过,0.1686034224754635,1.0481813775472273,0.5864909763795377,0.8571428571428571,1.0,5.365859404372932
花菜类,销量加权成本,同星期最近4次统计,八折主要回测,2022-12-31,2023-01-01,2023-01-07,904,7,2022-12-31,通过,0.3161289427628359,1.824428352215744,0.19552365585066536,0.5714285714285714,0.42857142857142855,3.6380988472769746
花菜类,销量加权成本,同星期最近4次统计,近期滚动回测,2023-03-17,2023-03-18,2023-03-24,979,7,2023-03-17,通过,0.2613038970708728,2.0099353739229078,0.5623413591638973,0.0,0.0,2.156269658215635
花菜类,销量加权成本,同星期最近4次统计,近期滚动回测,2023-03-24,2023-03-25,2023-03-31,986,7,2023-03-24,通过,0.19511296613789947,1.4901364687794423,0.25813588939548104,1.0,0.42857142857142855,2.820753348330438
花菜类,销量加权成本,同星期最近4次统计,近期滚动回测,2023-03-31,2023-04-01,2023-04-07,993,7,2023-03-31,通过,0.16603266579975828,1.3738904723105707,0.5234022207963612,0.14285714285714285,0.8571428571428571,3.186202162084785
花菜类,销量加权成本,同星期最近4次统计,近期滚动回测,2023-04-07,2023-04-08,2023-04-14,1000,7,2023-04-07,通过,0.046044225103279914,0.34767422857392993,0.2356447119521413,1.0,1.0,3.813180801412103
花菜类,销量加权成本,同星期最近4次统计,近期滚动回测,2023-04-14,2023-04-15,2023-04-21,1007,7,2023-04-14,通过,0.10286151328672861,0.7201066281565918,0.21824900336933029,0.0,1.0,3.9502510896080554
花菜类,销量加权成本,同星期最近4次统计,近期滚动回测,2023-04-21,2023-04-22,2023-04-28,1014,7,2023-04-21,通过,0.08299860543996732,0.5873565262967982,0.5268180204692299,0.42857142857142855,1.0,3.771680855866595
花菜类,销量加权成本,同星期最近4次统计,近期滚动回测,2023-04-28,2023-04-29,2023-05-05,1021,7,2023-04-28,通过,0.03783042689872265,0.2764290010763493,0.3274501423502795,0.5714285714285714,1.0,3.418851878565931
花菜类,销量加权成本,同星期最近4次统计,近期滚动回测,2023-05-05,2023-05-06,2023-05-12,1028,7,2023-05-05,通过,0.09550233060306897,0.6374469496647751,0.6028693112396692,0.7142857142857143,1.0,3.2954819261572084
花菜类,销量加权成本,同星期最近4次统计,近期滚动回测,2023-05-12,2023-05-13,2023-05-19,1035,7,2023-05-12,通过,0.08253699229591707,0.550796596931779,0.5393661274370735,0.7142857142857143,1.0,2.699031839567153
花菜类,销量加权成本,同星期最近4次统计,近期滚动回测,2023-05-19,2023-05-20,2023-05-26,1042,7,2023-05-19,通过,0.13233852198393353,1.059862594231382,0.45094955746789384,0.5714285714285714,0.5714285714285714,2.105475508560021
花菜类,销量加权成本,同星期最近4次统计,近期滚动回测,2023-05-26,2023-05-27,2023-06-02,1049,7,2023-05-26,通过,0.24513044553952382,2.3056694577950028,0.4065444675870545,0.0,0.0,2.143896046876527
花菜类,销量加权成本,同星期最近4次统计,近期滚动回测,2023-06-02,2023-06-03,2023-06-09,1056,7,2023-06-02,通过,0.24534154411327933,2.4290483841787043,0.476598689788099,0.8571428571428571,0.14285714285714285,3.146647636814958
花菜类,销量加权成本,同星期最近4次统计,近期滚动回测,2023-06-09,2023-06-10,2023-06-16,1063,7,2023-06-09,通过,0.13168931012125568,1.3132311854178134,0.740427246177528,1.0,0.8571428571428571,3.995944461681294
花菜类,销量加权成本,同星期最近4次统计,近期滚动回测,2023-06-16,2023-06-17,2023-06-23,1070,7,2023-06-16,通过,0.05905295882952702,0.5608747530757958,0.313659011880806,0.7142857142857143,1.0,4.624906881839557
花菜类,销量加权成本,同星期最近8次统计,八折主要回测,2021-03-31,2021-04-01,2021-04-07,272,7,2021-03-31,通过,0.14862231745145216,0.8937100976396162,0.42968196376239326,1.0,1.0,2.631107545598487
花菜类,销量加权成本,同星期最近8次统计,八折主要回测,2021-06-30,2021-07-01,2021-07-07,363,7,2021-06-30,通过,0.08713698178737314,0.4471053776996993,0.37442429989885123,0.8571428571428571,1.0,2.902019856977852
花菜类,销量加权成本,同星期最近8次统计,八折主要回测,2021-09-30,2021-10-01,2021-10-07,455,7,2021-09-30,通过,0.0354026489611563,0.25474734688192047,0.3521782474756005,1.0,1.0,2.580665363473912
花菜类,销量加权成本,同星期最近8次统计,八折主要回测,2021-12-31,2022-01-01,2022-01-07,547,7,2021-12-31,通过,0.5603838976272993,3.0028571428571427,0.105833333333333,1.0,0.0,5.190302289668127
花菜类,销量加权成本,同星期最近8次统计,八折主要回测,2022-03-31,2022-04-01,2022-04-07,635,7,2022-03-31,通过,0.14221128407567304,1.0281851687635402,0.7333729591739533,0.14285714285714285,0.8571428571428571,2.6836590062555423
花菜类,销量加权成本,同星期最近8次统计,八折主要回测,2022-06-30,2022-07-01,2022-07-07,726,7,2022-06-30,通过,0.04543187155052142,0.26321960890948126,0.2493372998344916,1.0,1.0,2.3534359590524168
花菜类,销量加权成本,同星期最近8次统计,八折主要回测,2022-09-30,2022-10-01,2022-10-07,818,7,2022-09-30,通过,0.07287191084649225,0.4530333890861013,0.6849040045670108,0.2857142857142857,1.0,5.365859404372933
花菜类,销量加权成本,同星期最近8次统计,八折主要回测,2022-12-31,2023-01-01,2023-01-07,904,7,2022-12-31,通过,0.34101797787907767,1.9680667705412394,0.2627697880013235,0.5714285714285714,0.5714285714285714,3.6380988472769746
花菜类,销量加权成本,同星期最近8次统计,近期滚动回测,2023-03-17,2023-03-18,2023-03-24,979,7,2023-03-17,通过,0.19452766311132172,1.4962962117168774,0.4719984827365294,0.0,0.2857142857142857,2.156269658215635
花菜类,销量加权成本,同星期最近8次统计,近期滚动回测,2023-03-24,2023-03-25,2023-03-31,986,7,2023-03-24,通过,0.17908891121420836,1.36775593665919,0.22175825877253397,1.0,0.7142857142857143,2.820753348330438
花菜类,销量加权成本,同星期最近8次统计,近期滚动回测,2023-03-31,2023-04-01,2023-04-07,993,7,2023-03-31,通过,0.2369524553256923,1.9607389858763489,0.6707557462087718,0.14285714285714285,0.2857142857142857,3.186202162084785
花菜类,销量加权成本,同星期最近8次统计,近期滚动回测,2023-04-07,2023-04-08,2023-04-14,1000,7,2023-04-07,通过,0.15339209522999742,1.1582446714827914,0.25557282987013447,1.0,1.0,3.813180801412103
花菜类,销量加权成本,同星期最近8次统计,近期滚动回测,2023-04-14,2023-04-15,2023-04-21,1007,7,2023-04-14,通过,0.034370798378217014,0.24062099551457092,0.34697688801376003,1.0,1.0,3.950251089608056
花菜类,销量加权成本,同星期最近8次统计,近期滚动回测,2023-04-21,2023-04-22,2023-04-28,1014,7,2023-04-21,通过,0.05291646905237395,0.37447416473732303,0.5311599624295913,0.2857142857142857,1.0,3.7716808558665953
花菜类,销量加权成本,同星期最近8次统计,近期滚动回测,2023-04-28,2023-04-29,2023-05-05,1021,7,2023-04-28,通过,0.05203919448124183,0.38025324392396065,0.34803417397012454,0.42857142857142855,1.0,3.418851878565931
花菜类,销量加权成本,同星期最近8次统计,近期滚动回测,2023-05-05,2023-05-06,2023-05-12,1028,7,2023-05-05,通过,0.11632055821593773,0.7764018380476115,0.6193681100277589,0.2857142857142857,1.0,3.2954819261572084
花菜类,销量加权成本,同星期最近8次统计,近期滚动回测,2023-05-12,2023-05-13,2023-05-19,1035,7,2023-05-12,通过,0.11232965485714619,0.7496128694393679,0.43326156704978286,0.0,0.8571428571428571,2.699031839567152
花菜类,销量加权成本,同星期最近8次统计,近期滚动回测,2023-05-19,2023-05-20,2023-05-26,1042,7,2023-05-19,通过,0.09218222953193557,0.73826196234541,0.48356881785693434,0.8571428571428571,0.7142857142857143,2.105475508560021
花菜类,销量加权成本,同星期最近8次统计,近期滚动回测,2023-05-26,2023-05-27,2023-06-02,1049,7,2023-05-26,通过,0.22365439412079813,2.1036681285794243,0.43329569960789954,0.0,0.14285714285714285,2.143896046876526
花菜类,销量加权成本,同星期最近8次统计,近期滚动回测,2023-06-02,2023-06-03,2023-06-09,1056,7,2023-06-02,通过,0.2624527975696779,2.598461447546179,0.43574578411265313,0.8571428571428571,0.0,3.146647636814958
花菜类,销量加权成本,同星期最近8次统计,近期滚动回测,2023-06-09,2023-06-10,2023-06-16,1063,7,2023-06-09,通过,0.2663891552641912,2.656484006393002,0.8274991911544859,1.0,0.2857142857142857,3.995944461681295
花菜类,销量加权成本,同星期最近8次统计,近期滚动回测,2023-06-16,2023-06-17,2023-06-23,1070,7,2023-06-16,通过,0.18677698614948288,1.7739753953607544,0.21269505808592784,0.0,0.8571428571428571,4.624906881839557
花菜类,销量加权成本,指数加权移动平均加周内收缩,八折主要回测,2021-03-31,2021-04-01,2021-04-07,272,7,2021-03-31,通过,0.033465783457649216,0.2012396867064846,0.3415872650889152,1.0,1.0,2.631107545598487
花菜类,销量加权成本,指数加权移动平均加周内收缩,八折主要回测,2021-06-30,2021-07-01,2021-07-07,363,7,2021-06-30,通过,0.07710843551437156,0.39564827100175975,0.28921204832523345,0.8571428571428571,1.0,2.9020198569778515
花菜类,销量加权成本,指数加权移动平均加周内收缩,八折主要回测,2021-09-30,2021-10-01,2021-10-07,455,7,2021-09-30,通过,0.08436316798931498,0.607053253088828,0.3117623866164599,0.5714285714285714,1.0,2.580665363473912
花菜类,销量加权成本,指数加权移动平均加周内收缩,八折主要回测,2021-12-31,2022-01-01,2022-01-07,547,7,2021-12-31,通过,0.14849660071142404,0.7957296418122166,0.11870833333333364,1.0,1.0,5.190302289668126
花菜类,销量加权成本,指数加权移动平均加周内收缩,八折主要回测,2022-03-31,2022-04-01,2022-04-07,635,7,2022-03-31,通过,0.10316641492276059,0.7458914278675955,0.5738946302602019,0.42857142857142855,1.0,2.6836590062555423
花菜类,销量加权成本,指数加权移动平均加周内收缩,八折主要回测,2022-06-30,2022-07-01,2022-07-07,726,7,2022-06-30,通过,0.045787717300076164,0.2652812800630841,0.2567662333647047,1.0,1.0,2.3534359590524168
花菜类,销量加权成本,指数加权移动平均加周内收缩,八折主要回测,2022-09-30,2022-10-01,2022-10-07,818,7,2022-09-30,通过,0.06034247315883686,0.37513981455175277,0.615047144367158,0.42857142857142855,1.0,5.365859404372933
花菜类,销量加权成本,指数加权移动平均加周内收缩,八折主要回测,2022-12-31,2023-01-01,2023-01-07,904,7,2022-12-31,通过,0.1937677004653864,1.118262957460085,0.28645817645998645,0.5714285714285714,0.8571428571428571,3.6380988472769746
花菜类,销量加权成本,指数加权移动平均加周内收缩,近期滚动回测,2023-03-17,2023-03-18,2023-03-24,979,7,2023-03-17,通过,0.2235595879801317,1.7196081998693793,0.39457384220042035,0.0,0.2857142857142857,2.156269658215635
花菜类,销量加权成本,指数加权移动平均加周内收缩,近期滚动回测,2023-03-24,2023-03-25,2023-03-31,986,7,2023-03-24,通过,0.02997756132101991,0.22894766172511588,0.10263237401867749,1.0,1.0,2.820753348330438
花菜类,销量加权成本,指数加权移动平均加周内收缩,近期滚动回测,2023-03-31,2023-04-01,2023-04-07,993,7,2023-03-31,通过,0.13110123815717278,1.0848391859797564,0.5463517731781483,0.14285714285714285,0.8571428571428571,3.186202162084784
花菜类,销量加权成本,指数加权移动平均加周内收缩,近期滚动回测,2023-04-07,2023-04-08,2023-04-14,1000,7,2023-04-07,通过,0.017016827188186895,0.12849194990594626,0.12241453389772088,1.0,1.0,3.813180801412103
花菜类,销量加权成本,指数加权移动平均加周内收缩,近期滚动回测,2023-04-14,2023-04-15,2023-04-21,1007,7,2023-04-14,通过,0.04431555649875064,0.31024165351566524,0.25855114513221117,1.0,1.0,3.950251089608056
花菜类,销量加权成本,指数加权移动平均加周内收缩,近期滚动回测,2023-04-21,2023-04-22,2023-04-28,1014,7,2023-04-21,通过,0.048830326814326606,0.3455577474292028,0.5181606695734436,0.42857142857142855,1.0,3.7716808558665953
花菜类,销量加权成本,指数加权移动平均加周内收缩,近期滚动回测,2023-04-28,2023-04-29,2023-05-05,1021,7,2023-04-28,通过,0.05104500712869257,0.37298866249368307,0.3124877484179433,0.42857142857142855,1.0,3.418851878565931
花菜类,销量加权成本,指数加权移动平均加周内收缩,近期滚动回测,2023-05-05,2023-05-06,2023-05-12,1028,7,2023-05-05,通过,0.09595068016474581,0.6404395369521189,0.5821352349857518,0.2857142857142857,1.0,3.2954819261572084
花菜类,销量加权成本,指数加权移动平均加周内收缩,近期滚动回测,2023-05-12,2023-05-13,2023-05-19,1035,7,2023-05-12,通过,0.063886324597296,0.426334534368662,0.37462234075791184,1.0,1.0,2.6990318395671524
花菜类,销量加权成本,指数加权移动平均加周内收缩,近期滚动回测,2023-05-19,2023-05-20,2023-05-26,1042,7,2023-05-19,通过,0.12231869430203107,0.979616567590841,0.401615316251986,0.8571428571428571,0.5714285714285714,2.1054755085600205
花菜类,销量加权成本,指数加权移动平均加周内收缩,近期滚动回测,2023-05-26,2023-05-27,2023-06-02,1049,7,2023-05-26,通过,0.16509083910139596,1.5528259031229317,0.2958407841418311,0.0,0.42857142857142855,2.143896046876527
花菜类,销量加权成本,指数加权移动平均加周内收缩,近期滚动回测,2023-06-02,2023-06-03,2023-06-09,1056,7,2023-06-02,通过,0.1014615449187651,1.004538398223368,0.3272401141861261,0.8571428571428571,0.8571428571428571,3.146647636814958
花菜类,销量加权成本,指数加权移动平均加周内收缩,近期滚动回测,2023-06-09,2023-06-10,2023-06-16,1063,7,2023-06-09,通过,0.08443163463622262,0.8419685359274559,0.671258458093833,1.0,1.0,3.995944461681294
花菜类,销量加权成本,指数加权移动平均加周内收缩,近期滚动回测,2023-06-16,2023-06-17,2023-06-23,1070,7,2023-06-16,通过,0.043555747210509525,0.4136849269864431,0.12789478866954962,0.2857142857142857,1.0,4.624906881839557
花菜类,销量加权成本,阻尼趋势,八折主要回测,2021-03-31,2021-04-01,2021-04-07,272,7,2021-03-31,通过,0.05106266866541182,0.3070549792335961,0.3103982865233039,0.0,1.0,2.631107545598487
花菜类,销量加权成本,阻尼趋势,八折主要回测,2021-06-30,2021-07-01,2021-07-07,363,7,2021-06-30,通过,0.13243272025708655,0.6795206833629797,0.2720297855102299,0.14285714285714285,1.0,2.9020198569778524
花菜类,销量加权成本,阻尼趋势,八折主要回测,2021-09-30,2021-10-01,2021-10-07,455,7,2021-09-30,通过,0.0877444928323967,0.6313843005668317,0.3001868980720011,0.0,0.8571428571428571,2.580665363473911
花菜类,销量加权成本,阻尼趋势,八折主要回测,2021-12-31,2022-01-01,2022-01-07,547,7,2021-12-31,通过,0.07074113569714732,0.3790714285714281,0.16833333333333345,1.0,1.0,5.190302289668126
花菜类,销量加权成本,阻尼趋势,八折主要回测,2022-03-31,2022-04-01,2022-04-07,635,7,2022-03-31,通过,0.09072276560726125,0.6559240546408487,0.5274816521685336,0.8571428571428571,1.0,2.683659006255542
花菜类,销量加权成本,阻尼趋势,八折主要回测,2022-06-30,2022-07-01,2022-07-07,726,7,2022-06-30,通过,0.06355033395951822,0.3681929332867056,0.26357025094361825,1.0,1.0,2.3534359590524168
花菜类,销量加权成本,阻尼趋势,八折主要回测,2022-09-30,2022-10-01,2022-10-07,818,7,2022-09-30,通过,0.04986471321766794,0.31000120296549116,0.5831419444608871,0.8571428571428571,1.0,5.365859404372932
花菜类,销量加权成本,阻尼趋势,八折主要回测,2022-12-31,2023-01-01,2023-01-07,904,7,2022-12-31,通过,0.08299162570418489,0.4789573318023694,0.30917046496547984,0.5714285714285714,1.0,3.6380988472769746
花菜类,销量加权成本,阻尼趋势,近期滚动回测,2023-03-17,2023-03-18,2023-03-24,979,7,2023-03-17,通过,0.11933003837811162,0.9178801693979022,0.39369868003908753,0.0,0.5714285714285714,2.156269658215635
花菜类,销量加权成本,阻尼趋势,近期滚动回测,2023-03-24,2023-03-25,2023-03-31,986,7,2023-03-24,通过,0.010401833748795521,0.07944193621814957,0.07234188009237667,1.0,1.0,2.820753348330438
花菜类,销量加权成本,阻尼趋势,近期滚动回测,2023-03-31,2023-04-01,2023-04-07,993,7,2023-03-31,通过,0.06800777453611365,0.562752112833618,0.47779901419334525,0.8571428571428571,1.0,3.186202162084785
花菜类,销量加权成本,阻尼趋势,近期滚动回测,2023-04-07,2023-04-08,2023-04-14,1000,7,2023-04-07,通过,0.0677182572869563,0.5113321553311646,0.13787224043596646,0.0,1.0,3.8131808014121025
花菜类,销量加权成本,阻尼趋势,近期滚动回测,2023-04-14,2023-04-15,2023-04-21,1007,7,2023-04-14,通过,0.0781836601327867,0.5473434142294111,0.2140378733961065,0.0,1.0,3.9502510896080554
花菜类,销量加权成本,阻尼趋势,近期滚动回测,2023-04-21,2023-04-22,2023-04-28,1014,7,2023-04-21,通过,0.0479844745378073,0.3395719016157335,0.5155077302848858,0.42857142857142855,1.0,3.7716808558665953
花菜类,销量加权成本,阻尼趋势,近期滚动回测,2023-04-28,2023-04-29,2023-05-05,1021,7,2023-04-28,通过,0.04702962300725195,0.34364803082174333,0.29643427971928754,0.5714285714285714,1.0,3.418851878565931
花菜类,销量加权成本,阻尼趋势,近期滚动回测,2023-05-05,2023-05-06,2023-05-12,1028,7,2023-05-05,通过,0.0940661913457059,0.6278611879025329,0.5587434358960116,0.2857142857142857,1.0,3.2954819261572075
花菜类,销量加权成本,阻尼趋势,近期滚动回测,2023-05-12,2023-05-13,2023-05-19,1035,7,2023-05-12,通过,0.07936265817977255,0.5296132174547522,0.35876549108977746,1.0,1.0,2.699031839567153
花菜类,销量加权成本,阻尼趋势,近期滚动回测,2023-05-19,2023-05-20,2023-05-26,1042,7,2023-05-19,通过,0.1456394413614644,1.1663859761295399,0.366122315131957,0.0,0.2857142857142857,2.105475508560021
花菜类,销量加权成本,阻尼趋势,近期滚动回测,2023-05-26,2023-05-27,2023-06-02,1049,7,2023-05-26,通过,0.10602410072220608,0.9972507914605675,0.28540443917569736,0.0,0.42857142857142855,2.1438960468765274
花菜类,销量加权成本,阻尼趋势,近期滚动回测,2023-06-02,2023-06-03,2023-06-09,1056,7,2023-06-02,通过,0.027625814815395174,0.273514382089208,0.2990821412698412,0.8571428571428571,1.0,3.146647636814958
花菜类,销量加权成本,阻尼趋势,近期滚动回测,2023-06-09,2023-06-10,2023-06-16,1063,7,2023-06-09,通过,0.04626701018630971,0.4613835441674056,0.5958841459511337,1.0,1.0,3.995944461681294
花菜类,销量加权成本,阻尼趋势,近期滚动回测,2023-06-16,2023-06-17,2023-06-23,1070,7,2023-06-16,通过,0.027860641795627597,0.26461553997261383,0.14684157266915795,1.0,1.0,4.624906881839557
花菜类,销量加权成本,指数平滑,八折主要回测,2021-03-31,2021-04-01,2021-04-07,272,7,2021-03-31,通过,0.06459911822350371,0.388453667288691,0.3100286854330438,0.0,1.0,2.631107545598487
花菜类,销量加权成本,指数平滑,八折主要回测,2021-06-30,2021-07-01,2021-07-07,363,7,2021-06-30,通过,0.12127015416026406,0.6222448490565303,0.256618304272126,0.14285714285714285,1.0,2.9020198569778537
花菜类,销量加权成本,指数平滑,八折主要回测,2021-09-30,2021-10-01,2021-10-07,455,7,2021-09-30,通过,0.11746816840125478,0.8452673774816005,0.29999999999999966,0.0,0.8571428571428571,2.580665363473912
花菜类,销量加权成本,指数平滑,八折主要回测,2021-12-31,2022-01-01,2022-01-07,547,7,2021-12-31,通过,0.05346697923304743,0.28650662729022996,0.16833333333333345,1.0,1.0,5.190302289668126
花菜类,销量加权成本,指数平滑,八折主要回测,2022-03-31,2022-04-01,2022-04-07,635,7,2022-03-31,通过,0.07896733592758548,0.5709324976934141,0.5300396258406207,0.8571428571428571,1.0,2.6836590062555423
花菜类,销量加权成本,指数平滑,八折主要回测,2022-06-30,2022-07-01,2022-07-07,726,7,2022-06-30,通过,0.07582736011155312,0.4393226030982723,0.2625995666980381,0.0,1.0,2.3534359590524168
花菜类,销量加权成本,指数平滑,八折主要回测,2022-09-30,2022-10-01,2022-10-07,818,7,2022-09-30,通过,0.05359700994223553,0.3332043139387668,0.5774319119518528,0.8571428571428571,1.0,5.365859404372933
花菜类,销量加权成本,指数平滑,八折主要回测,2022-12-31,2023-01-01,2023-01-07,904,7,2022-12-31,通过,0.1243412599995418,0.717592378953991,0.30909441038661595,0.5714285714285714,1.0,3.638098847276974
花菜类,销量加权成本,指数平滑,近期滚动回测,2023-03-17,2023-03-18,2023-03-24,979,7,2023-03-17,通过,0.25138882607336527,1.9336691867123807,0.38936881604208545,0.0,0.0,2.156269658215635
花菜类,销量加权成本,指数平滑,近期滚动回测,2023-03-24,2023-03-25,2023-03-31,986,7,2023-03-24,通过,0.03147702486306139,0.24039951626779146,0.07234188009237667,1.0,1.0,2.820753348330438
花菜类,销量加权成本,指数平滑,近期滚动回测,2023-03-31,2023-04-01,2023-04-07,993,7,2023-03-31,通过,0.07504325259396902,0.6209694294398281,0.479365018469351,0.14285714285714285,1.0,3.186202162084785
花菜类,销量加权成本,指数平滑,近期滚动回测,2023-04-07,2023-04-08,2023-04-14,1000,7,2023-04-07,通过,0.09723361334804582,0.7341989453923832,0.12385033910264183,0.0,1.0,3.8131808014121025
花菜类,销量加权成本,指数平滑,近期滚动回测,2023-04-14,2023-04-15,2023-04-21,1007,7,2023-04-14,通过,0.07451929839506123,0.5216901733720265,0.21093728358060768,0.0,1.0,3.950251089608056
花菜类,销量加权成本,指数平滑,近期滚动回测,2023-04-21,2023-04-22,2023-04-28,1014,7,2023-04-21,通过,0.04716248100292711,0.33375489704407396,0.5191235597751681,0.5714285714285714,1.0,3.7716808558665953
花菜类,销量加权成本,指数平滑,近期滚动回测,2023-04-28,2023-04-29,2023-05-05,1021,7,2023-04-28,通过,0.05327452377808071,0.38927986274694437,0.30116351622042953,0.42857142857142855,1.0,3.4188518785659316
花菜类,销量加权成本,指数平滑,近期滚动回测,2023-05-05,2023-05-06,2023-05-12,1028,7,2023-05-05,通过,0.08991599684119136,0.6001599913902324,0.5620867638092871,0.7142857142857143,1.0,3.2954819261572084
花菜类,销量加权成本,指数平滑,近期滚动回测,2023-05-12,2023-05-13,2023-05-19,1035,7,2023-05-12,通过,0.04704374526056206,0.31393844233556933,0.3587845740544496,1.0,1.0,2.699031839567152
花菜类,销量加权成本,指数平滑,近期滚动回测,2023-05-19,2023-05-20,2023-05-26,1042,7,2023-05-19,通过,0.14441213126613037,1.1565567892679471,0.357486507695475,0.0,0.2857142857142857,2.105475508560021
花菜类,销量加权成本,指数平滑,近期滚动回测,2023-05-26,2023-05-27,2023-06-02,1049,7,2023-05-26,通过,0.1409365480743012,1.3256333527512776,0.2808491475327057,0.0,0.42857142857142855,2.1438960468765274
花菜类,销量加权成本,指数平滑,近期滚动回测,2023-06-02,2023-06-03,2023-06-09,1056,7,2023-06-02,通过,0.03542871418831973,0.35076840028744727,0.2990821412698412,0.8571428571428571,1.0,3.146647636814958
花菜类,销量加权成本,指数平滑,近期滚动回测,2023-06-09,2023-06-10,2023-06-16,1063,7,2023-06-09,通过,0.042781463540768006,0.42662500113199037,0.5958841459511337,1.0,1.0,3.995944461681294
花菜类,销量加权成本,指数平滑,近期滚动回测,2023-06-16,2023-06-17,2023-06-23,1070,7,2023-06-16,通过,0.0378904940419986,0.35987733571615343,0.12333333333333336,1.0,1.0,4.624906881839557
花菜类,销量加权成本,滞后稳健回归,八折主要回测,2021-03-31,2021-04-01,2021-04-07,272,7,2021-03-31,通过,0.052077690321157305,0.31315860565133746,0.3100286854330438,0.0,1.0,2.631107545598487
花菜类,销量加权成本,滞后稳健回归,八折主要回测,2021-06-30,2021-07-01,2021-07-07,363,7,2021-06-30,通过,0.11864096932095484,0.6087543349658527,0.256618304272126,0.14285714285714285,1.0,2.9020198569778515
花菜类,销量加权成本,滞后稳健回归,八折主要回测,2021-09-30,2021-10-01,2021-10-07,455,7,2021-09-30,通过,0.08869366686519753,0.6382142857142857,0.29999999999999966,0.0,0.8571428571428571,2.58066536347391
花菜类,销量加权成本,滞后稳健回归,八折主要回测,2021-12-31,2022-01-01,2022-01-07,547,7,2021-12-31,通过,0.09633387439964487,0.5162119469615256,0.16833333333333345,1.0,1.0,5.190302289668126
花菜类,销量加权成本,滞后稳健回归,八折主要回测,2022-03-31,2022-04-01,2022-04-07,635,7,2022-03-31,通过,0.09267147544414663,0.6700131936675591,0.5300396258406207,0.8571428571428571,1.0,2.683659006255542
花菜类,销量加权成本,滞后稳健回归,八折主要回测,2022-06-30,2022-07-01,2022-07-07,726,7,2022-06-30,通过,0.07208510830268271,0.4176410385059731,0.2625995666980381,0.0,1.0,2.3534359590524168
花菜类,销量加权成本,滞后稳健回归,八折主要回测,2022-09-30,2022-10-01,2022-10-07,818,7,2022-09-30,通过,0.06163836864547846,0.38319619618625317,0.5774319119518528,0.14285714285714285,1.0,5.365859404372932
花菜类,销量加权成本,滞后稳健回归,八折主要回测,2022-12-31,2023-01-01,2023-01-07,904,7,2022-12-31,通过,0.08317051895366351,0.4799897520341786,0.30909441038661595,0.42857142857142855,1.0,3.6380988472769746
花菜类,销量加权成本,滞后稳健回归,近期滚动回测,2023-03-17,2023-03-18,2023-03-24,979,7,2023-03-17,通过,0.10837999197298447,0.8336530076047772,0.38936881604208545,1.0,0.5714285714285714,2.156269658215635
花菜类,销量加权成本,滞后稳健回归,近期滚动回测,2023-03-24,2023-03-25,2023-03-31,986,7,2023-03-24,通过,0.07387910409631929,0.5642369621753895,0.07234188009237667,1.0,1.0,2.820753348330438
花菜类,销量加权成本,滞后稳健回归,近期滚动回测,2023-03-31,2023-04-01,2023-04-07,993,7,2023-03-31,通过,0.07030484371632557,0.5817599475011502,0.479365018469351,0.8571428571428571,1.0,3.186202162084783
花菜类,销量加权成本,滞后稳健回归,近期滚动回测,2023-04-07,2023-04-08,2023-04-14,1000,7,2023-04-07,通过,0.05852258385275205,0.4418967666307694,0.12385033910264183,0.0,1.0,3.813180801412103
花菜类,销量加权成本,滞后稳健回归,近期滚动回测,2023-04-14,2023-04-15,2023-04-21,1007,7,2023-04-14,通过,0.061826346978729706,0.43283013083803024,0.21093728358060768,0.0,1.0,3.950251089608056
花菜类,销量加权成本,滞后稳健回归,近期滚动回测,2023-04-21,2023-04-22,2023-04-28,1014,7,2023-04-21,通过,0.0475510982607505,0.3365050261746077,0.5191235597751681,0.42857142857142855,1.0,3.7716808558665953
花菜类,销量加权成本,滞后稳健回归,近期滚动回测,2023-04-28,2023-04-29,2023-05-05,1021,7,2023-04-28,通过,0.04640168353422018,0.3390596427041236,0.30116351622042953,0.42857142857142855,1.0,3.4188518785659316
花菜类,销量加权成本,滞后稳健回归,近期滚动回测,2023-05-05,2023-05-06,2023-05-12,1028,7,2023-05-05,通过,0.08867435949456604,0.5918724665288154,0.5620867638092871,0.7142857142857143,1.0,3.2954819261572084
花菜类,销量加权成本,滞后稳健回归,近期滚动回测,2023-05-12,2023-05-13,2023-05-19,1035,7,2023-05-12,通过,0.0767126536291112,0.5119288622613271,0.3587845740544496,1.0,1.0,2.699031839567152
花菜类,销量加权成本,滞后稳健回归,近期滚动回测,2023-05-19,2023-05-20,2023-05-26,1042,7,2023-05-19,通过,0.14043368115044658,1.1246944834372936,0.357486507695475,0.0,0.2857142857142857,2.105475508560021
花菜类,销量加权成本,滞后稳健回归,近期滚动回测,2023-05-26,2023-05-27,2023-06-02,1049,7,2023-05-26,通过,0.10558441094065286,0.9931151187251775,0.2808491475327057,0.0,0.42857142857142855,2.1438960468765274
花菜类,销量加权成本,滞后稳健回归,近期滚动回测,2023-06-02,2023-06-03,2023-06-09,1056,7,2023-06-02,通过,0.025870201318586465,0.2561326127558556,0.2990821412698412,0.8571428571428571,1.0,3.146647636814958
花菜类,销量加权成本,滞后稳健回归,近期滚动回测,2023-06-09,2023-06-10,2023-06-16,1063,7,2023-06-09,通过,0.04046339374831483,0.40350876232246563,0.5958841459511337,1.0,1.0,3.995944461681294
花菜类,销量加权成本,滞后稳健回归,近期滚动回测,2023-06-16,2023-06-17,2023-06-23,1070,7,2023-06-16,通过,0.03290084365627838,0.31248650241169124,0.12333333333333336,1.0,1.0,4.624906881839557
花菜类,固定篮子成本,近7日均值,八折主要回测,2021-03-31,2021-04-01,2021-04-07,271,7,2021-03-31,通过,0.06413287608427963,0.39270370721284625,0.11809533651699988,0.14285714285714285,1.0,2.517972193967317
花菜类,固定篮子成本,近7日均值,八折主要回测,2021-06-30,2021-07-01,2021-07-07,362,7,2021-06-30,通过,0.15960480699016039,0.7949418709343947,0.1556852189816557,0.0,1.0,2.857615592890023
花菜类,固定篮子成本,近7日均值,八折主要回测,2021-09-30,2021-10-01,2021-10-07,454,7,2021-09-30,通过,0.1710917743138736,1.231127524598545,0.3000000000000001,0.0,0.7142857142857143,2.5346172074714666
花菜类,固定篮子成本,近7日均值,八折主要回测,2021-12-31,2022-01-01,2022-01-07,545,7,2021-12-31,通过,0.03376624827094775,0.18093885323475004,0.16833333333333345,1.0,1.0,5.198946959141836
花菜类,固定篮子成本,近7日均值,八折主要回测,2022-03-31,2022-04-01,2022-04-07,633,7,2022-03-31,通过,0.07678671321141664,0.5585305846735992,0.42781853265599495,0.8571428571428571,1.0,2.718023152857602
花菜类,固定篮子成本,近7日均值,八折主要回测,2022-06-30,2022-07-01,2022-07-07,724,7,2022-06-30,通过,0.15095706340784626,0.9456097646323237,0.23084231451196313,0.0,0.8571428571428571,2.3332333586844904
花菜类,固定篮子成本,近7日均值,八折主要回测,2022-09-30,2022-10-01,2022-10-07,816,7,2022-09-30,通过,0.030626681419184575,0.218687819509007,0.22953421043121347,0.7142857142857143,1.0,5.217735693203899
花菜类,固定篮子成本,近7日均值,八折主要回测,2022-12-31,2023-01-01,2023-01-07,902,7,2022-12-31,通过,0.07947672703941196,0.5619539236201552,0.14485509764681748,0.14285714285714285,1.0,4.394678412817442
花菜类,固定篮子成本,近7日均值,近期滚动回测,2023-03-17,2023-03-18,2023-03-24,977,7,2023-03-17,通过,0.2837336334383315,2.1722219749747382,0.10672930188820207,0.14285714285714285,0.0,2.3543607226571375
花菜类,固定篮子成本,近7日均值,近期滚动回测,2023-03-24,2023-03-25,2023-03-31,984,7,2023-03-24,通过,0.006572413594274418,0.05004609809494465,0.023786253299086457,1.0,1.0,2.717596071015528
花菜类,固定篮子成本,近7日均值,近期滚动回测,2023-03-31,2023-04-01,2023-04-07,991,7,2023-03-31,通过,0.04270301709933037,0.33967001292904175,0.1467165740958977,0.14285714285714285,1.0,2.9982600889660396
花菜类,固定篮子成本,近7日均值,近期滚动回测,2023-04-07,2023-04-08,2023-04-14,998,7,2023-04-07,通过,0.03875293221319171,0.29675015423965295,0.05533399273373085,0.0,1.0,3.2964086205042165
花菜类,固定篮子成本,近7日均值,近期滚动回测,2023-04-14,2023-04-15,2023-04-21,1005,7,2023-04-14,通过,0.025040463418712387,0.18706293203364283,0.09395120389915353,0.42857142857142855,1.0,3.451090838939975
花菜类,固定篮子成本,近7日均值,近期滚动回测,2023-04-21,2023-04-22,2023-04-28,1012,7,2023-04-21,通过,0.026349489339856112,0.20216896238882764,0.069894662951356,0.5714285714285714,1.0,3.2889605290262587
花菜类,固定篮子成本,近7日均值,近期滚动回测,2023-04-28,2023-04-29,2023-05-05,1019,7,2023-04-28,通过,0.05802404557720234,0.4726182285119177,0.23677521617443587,0.14285714285714285,1.0,2.9831397050299295
花菜类,固定篮子成本,近7日均值,近期滚动回测,2023-05-05,2023-05-06,2023-05-12,1026,7,2023-05-05,通过,0.07141619599030663,0.5430253372577937,0.15144767442779758,1.0,1.0,3.0052065620552106
花菜类,固定篮子成本,近7日均值,近期滚动回测,2023-05-12,2023-05-13,2023-05-19,1033,7,2023-05-12,通过,0.027973973827226686,0.21035883244567646,0.09896958145154174,0.2857142857142857,1.0,2.227733126821373
花菜类,固定篮子成本,近7日均值,近期滚动回测,2023-05-19,2023-05-20,2023-05-26,1040,7,2023-05-19,通过,0.1293695777482827,1.117390332467165,0.15051625519842501,0.0,0.0,0.91068003094591
花菜类,固定篮子成本,近7日均值,近期滚动回测,2023-05-26,2023-05-27,2023-06-02,1047,7,2023-05-26,通过,0.11587254713708255,1.1319791478113785,0.15688301227586,0.0,0.14285714285714285,1.3677288366926017
花菜类,固定篮子成本,近7日均值,近期滚动回测,2023-06-02,2023-06-03,2023-06-09,1054,7,2023-06-02,通过,0.02451761713732898,0.2424073601031996,0.2390941486233551,0.8571428571428571,1.0,2.499993182863559
花菜类,固定篮子成本,近7日均值,近期滚动回测,2023-06-09,2023-06-10,2023-06-16,1061,7,2023-06-09,通过,0.03505679265098962,0.35618537889156904,0.2696175955309415,0.8571428571428571,1.0,3.1652050375736955
花菜类,固定篮子成本,近7日均值,近期滚动回测,2023-06-16,2023-06-17,2023-06-23,1068,7,2023-06-16,通过,0.06972617406929699,0.6622578603613262,0.12333333333333336,0.2857142857142857,1.0,3.5788717128246965
花菜类,固定篮子成本,近14日均值,八折主要回测,2021-03-31,2021-04-01,2021-04-07,271,7,2021-03-31,通过,0.029343191777532526,0.17967664786078594,0.11809533651699988,0.8571428571428571,1.0,2.517972193967317
花菜类,固定篮子成本,近14日均值,八折主要回测,2021-06-30,2021-07-01,2021-07-07,362,7,2021-06-30,通过,0.12751136332679333,0.6350944162643268,0.1556852189816557,0.0,1.0,2.857615592890023
花菜类,固定篮子成本,近14日均值,八折主要回测,2021-09-30,2021-10-01,2021-10-07,454,7,2021-09-30,通过,0.13995064108963898,1.007044827383588,0.3000000000000001,0.0,0.8571428571428571,2.5346172074714666
花菜类,固定篮子成本,近14日均值,八折主要回测,2021-12-31,2022-01-01,2022-01-07,545,7,2021-12-31,通过,0.026453617773675914,0.1417536003843691,0.16833333333333345,1.0,1.0,5.198946959141836
花菜类,固定篮子成本,近14日均值,八折主要回测,2022-03-31,2022-04-01,2022-04-07,633,7,2022-03-31,通过,0.06216361127969042,0.45216518198757366,0.42781853265599495,0.8571428571428571,1.0,2.718023152857602
花菜类,固定篮子成本,近14日均值,八折主要回测,2022-06-30,2022-07-01,2022-07-07,724,7,2022-06-30,通过,0.09040124404448513,0.5662822074937875,0.23084231451196313,1.0,1.0,2.3332333586844904
花菜类,固定篮子成本,近14日均值,八折主要回测,2022-09-30,2022-10-01,2022-10-07,816,7,2022-09-30,通过,0.03273878419219054,0.23376915149159241,0.22953421043121347,0.7142857142857143,1.0,5.2177356932039
花菜类,固定篮子成本,近14日均值,八折主要回测,2022-12-31,2023-01-01,2023-01-07,902,7,2022-12-31,通过,0.16057206708866895,1.1353525300498324,0.14485509764681748,0.14285714285714285,1.0,4.394678412817442
花菜类,固定篮子成本,近14日均值,近期滚动回测,2023-03-17,2023-03-18,2023-03-24,977,7,2023-03-17,通过,0.21374856032061168,1.6364267930490588,0.10672930188820207,0.14285714285714285,0.0,2.354360722657139
花菜类,固定篮子成本,近14日均值,近期滚动回测,2023-03-24,2023-03-25,2023-03-31,984,7,2023-03-24,通过,0.1372146905708141,1.0448307559884398,0.023786253299086457,1.0,1.0,2.717596071015528
花菜类,固定篮子成本,近14日均值,近期滚动回测,2023-03-31,2023-04-01,2023-04-07,991,7,2023-03-31,通过,0.04069779117884815,0.32371996629061517,0.1467165740958977,0.8571428571428571,1.0,2.9982600889660396
花菜类,固定篮子成本,近14日均值,近期滚动回测,2023-04-07,2023-04-08,2023-04-14,998,7,2023-04-07,通过,0.01818128040740848,0.13922295571059415,0.05533399273373085,1.0,1.0,3.2964086205042165
花菜类,固定篮子成本,近14日均值,近期滚动回测,2023-04-14,2023-04-15,2023-04-21,1005,7,2023-04-14,通过,0.044902125216034164,0.3354380091534677,0.09395120389915353,0.42857142857142855,1.0,3.451090838939975
花菜类,固定篮子成本,近14日均值,近期滚动回测,2023-04-21,2023-04-22,2023-04-28,1012,7,2023-04-21,通过,0.014344619415094321,0.11006045641369104,0.069894662951356,0.5714285714285714,1.0,3.2889605290262613
花菜类,固定篮子成本,近14日均值,近期滚动回测,2023-04-28,2023-04-29,2023-05-05,1019,7,2023-04-28,通过,0.07043433826193432,0.5737027097063302,0.23677521617443587,0.14285714285714285,1.0,2.9831397050299295
花菜类,固定篮子成本,近14日均值,近期滚动回测,2023-05-05,2023-05-06,2023-05-12,1026,7,2023-05-05,通过,0.049217418590418144,0.374233112789253,0.15144767442779758,1.0,1.0,3.005206562055211
花菜类,固定篮子成本,近14日均值,近期滚动回测,2023-05-12,2023-05-13,2023-05-19,1033,7,2023-05-12,通过,0.0495045730798527,0.37226474358333544,0.09896958145154174,0.2857142857142857,1.0,2.227733126821372
花菜类,固定篮子成本,近14日均值,近期滚动回测,2023-05-19,2023-05-20,2023-05-26,1040,7,2023-05-19,通过,0.12451459010492094,1.0754568551275747,0.15051625519842501,0.0,0.0,0.9106800309459109
花菜类,固定篮子成本,近14日均值,近期滚动回测,2023-05-26,2023-05-27,2023-06-02,1047,7,2023-05-26,通过,0.17306214476335263,1.6906743140449603,0.15688301227586,0.0,0.0,1.3677288366926017
花菜类,固定篮子成本,近14日均值,近期滚动回测,2023-06-02,2023-06-03,2023-06-09,1054,7,2023-06-02,通过,0.06916948580033992,0.6838834442449743,0.2390941486233551,0.8571428571428571,0.8571428571428571,2.499993182863559
花菜类,固定篮子成本,近14日均值,近期滚动回测,2023-06-09,2023-06-10,2023-06-16,1061,7,2023-06-09,通过,0.03920088367396884,0.39829033258416907,0.2696175955309415,0.8571428571428571,1.0,3.1652050375736955
花菜类,固定篮子成本,近14日均值,近期滚动回测,2023-06-16,2023-06-17,2023-06-23,1068,7,2023-06-16,通过,0.05534574232347405,0.5256727961988231,0.12333333333333336,0.2857142857142857,1.0,3.5788717128246965
花菜类,固定篮子成本,近7日中位数,八折主要回测,2021-03-31,2021-04-01,2021-04-07,271,7,2021-03-31,通过,0.05968128390726553,0.36544535147318136,0.11809533651699988,0.14285714285714285,1.0,2.517972193967317
花菜类,固定篮子成本,近7日中位数,八折主要回测,2021-06-30,2021-07-01,2021-07-07,362,7,2021-06-30,通过,0.1389833718906168,0.692232920568044,0.1556852189816557,0.0,1.0,2.857615592890023
花菜类,固定篮子成本,近7日中位数,八折主要回测,2021-09-30,2021-10-01,2021-10-07,454,7,2021-09-30,通过,0.17172920389120508,1.2357142857142858,0.3000000000000001,0.0,0.7142857142857143,2.5346172074714666
花菜类,固定篮子成本,近7日中位数,八折主要回测,2021-12-31,2022-01-01,2022-01-07,545,7,2021-12-31,通过,0.061850173287123625,0.33142857142857246,0.16833333333333345,1.0,1.0,5.198946959141836
花菜类,固定篮子成本,近7日中位数,八折主要回测,2022-03-31,2022-04-01,2022-04-07,633,7,2022-03-31,通过,0.0906081834921984,0.6590650854239978,0.42781853265599495,0.0,1.0,2.718023152857604
花菜类,固定篮子成本,近7日中位数,八折主要回测,2022-06-30,2022-07-01,2022-07-07,724,7,2022-06-30,通过,0.17146883588775808,1.0740975074981074,0.23084231451196313,0.0,0.5714285714285714,2.3332333586844904
花菜类,固定篮子成本,近7日中位数,八折主要回测,2022-09-30,2022-10-01,2022-10-07,816,7,2022-09-30,通过,0.031017857244572226,0.22148098495608273,0.22953421043121347,0.7142857142857143,1.0,5.217735693203899
花菜类,固定篮子成本,近7日中位数,八折主要回测,2022-12-31,2023-01-01,2023-01-07,902,7,2022-12-31,通过,0.061168601985358596,0.43250316373730485,0.14485509764681748,0.14285714285714285,1.0,4.394678412817442
花菜类,固定篮子成本,近7日中位数,近期滚动回测,2023-03-17,2023-03-18,2023-03-24,977,7,2023-03-17,通过,0.3469046057283551,2.655849426983292,0.10672930188820207,0.14285714285714285,0.0,2.354360722657139
花菜类,固定篮子成本,近7日中位数,近期滚动回测,2023-03-24,2023-03-25,2023-03-31,984,7,2023-03-24,通过,0.0035081142721075965,0.026712778870629554,0.023786253299086457,1.0,1.0,2.7175960710155302
花菜类,固定篮子成本,近7日中位数,近期滚动回测,2023-03-31,2023-04-01,2023-04-07,991,7,2023-03-31,通过,0.045391389604536606,0.3610539709167737,0.1467165740958977,0.14285714285714285,1.0,2.9982600889660396
花菜类,固定篮子成本,近7日中位数,近期滚动回测,2023-04-07,2023-04-08,2023-04-14,998,7,2023-04-07,通过,0.042112416681113825,0.3224753697804333,0.05533399273373085,0.0,1.0,3.296408620504217
花菜类,固定篮子成本,近7日中位数,近期滚动回测,2023-04-14,2023-04-15,2023-04-21,1005,7,2023-04-14,通过,0.02823270095301967,0.2109103066980081,0.09395120389915353,0.42857142857142855,1.0,3.451090838939975
花菜类,固定篮子成本,近7日中位数,近期滚动回测,2023-04-21,2023-04-22,2023-04-28,1012,7,2023-04-21,通过,0.027099582880651996,0.20792412640287505,0.069894662951356,0.5714285714285714,1.0,3.2889605290262587
花菜类,固定篮子成本,近7日中位数,近期滚动回测,2023-04-28,2023-04-29,2023-05-05,1019,7,2023-04-28,通过,0.06140033384058229,0.5001188166234637,0.23677521617443587,0.14285714285714285,1.0,2.9831397050299304
花菜类,固定篮子成本,近7日中位数,近期滚动回测,2023-05-05,2023-05-06,2023-05-12,1026,7,2023-05-05,通过,0.06487622400121158,0.4932975346803939,0.15144767442779758,1.0,1.0,3.0052065620552106
花菜类,固定篮子成本,近7日中位数,近期滚动回测,2023-05-12,2023-05-13,2023-05-19,1033,7,2023-05-12,通过,0.020382922856098606,0.15327560826077594,0.09896958145154174,0.2857142857142857,1.0,2.227733126821372
花菜类,固定篮子成本,近7日中位数,近期滚动回测,2023-05-19,2023-05-20,2023-05-26,1040,7,2023-05-19,通过,0.14288846437012961,1.2341555989223376,0.15051625519842501,0.0,0.0,0.91068003094591
花菜类,固定篮子成本,近7日中位数,近期滚动回测,2023-05-26,2023-05-27,2023-06-02,1047,7,2023-05-26,通过,0.12571306492097484,1.2281128844923792,0.15688301227586,0.0,0.0,1.3677288366926017
花菜类,固定篮子成本,近7日中位数,近期滚动回测,2023-06-02,2023-06-03,2023-06-09,1054,7,2023-06-02,通过,0.022843520578886466,0.22585545275360502,0.2390941486233551,0.8571428571428571,1.0,2.499993182863559
花菜类,固定篮子成本,近7日中位数,近期滚动回测,2023-06-09,2023-06-10,2023-06-16,1061,7,2023-06-09,通过,0.03386287540576159,0.34405489477710965,0.2696175955309415,0.8571428571428571,1.0,3.1652050375736955
花菜类,固定篮子成本,近7日中位数,近期滚动回测,2023-06-16,2023-06-17,2023-06-23,1068,7,2023-06-16,通过,0.0743963428655613,0.7066150337732277,0.12333333333333336,0.2857142857142857,1.0,3.5788717128246965
花菜类,固定篮子成本,近14日中位数,八折主要回测,2021-03-31,2021-04-01,2021-04-07,271,7,2021-03-31,通过,0.027919120107954422,0.17095665496283466,0.11809533651699988,0.8571428571428571,1.0,2.517972193967317
花菜类,固定篮子成本,近14日中位数,八折主要回测,2021-06-30,2021-07-01,2021-07-07,362,7,2021-06-30,通过,0.1272623230215444,0.6338540240109476,0.1556852189816557,1.0,1.0,2.857615592890023
花菜类,固定篮子成本,近14日中位数,八折主要回测,2021-09-30,2021-10-01,2021-10-07,454,7,2021-09-30,通过,0.12934286281516766,0.9307142857142852,0.3000000000000001,0.0,0.8571428571428571,2.5346172074714666
花菜类,固定篮子成本,近14日中位数,八折主要回测,2021-12-31,2022-01-01,2022-01-07,545,7,2021-12-31,通过,0.04692082111436968,0.2514285714285724,0.16833333333333345,1.0,1.0,5.198946959141836
花菜类,固定篮子成本,近14日中位数,八折主要回测,2022-03-31,2022-04-01,2022-04-07,633,7,2022-03-31,通过,0.04592722513734965,0.33406508542399777,0.42781853265599495,0.8571428571428571,1.0,2.7180231528576013
花菜类,固定篮子成本,近14日中位数,八折主要回测,2022-06-30,2022-07-01,2022-07-07,724,7,2022-06-30,通过,0.06929928963884983,0.4340975074981087,0.23084231451196313,1.0,1.0,2.3332333586844904
花菜类,固定篮子成本,近14日中位数,八折主要回测,2022-09-30,2022-10-01,2022-10-07,816,7,2022-09-30,通过,0.032993565092555105,0.23558839787975533,0.22953421043121347,0.7142857142857143,1.0,5.217735693203899
花菜类,固定篮子成本,近14日中位数,八折主要回测,2022-12-31,2023-01-01,2023-01-07,902,7,2022-12-31,通过,0.16225890962312453,1.1472796414958866,0.14485509764681748,0.14285714285714285,1.0,4.394678412817442
花菜类,固定篮子成本,近14日中位数,近期滚动回测,2023-03-17,2023-03-18,2023-03-24,977,7,2023-03-17,通过,0.14960233890025748,1.1453329805448966,0.10672930188820207,0.14285714285714285,0.5714285714285714,2.3543607226571375
花菜类,固定篮子成本,近14日中位数,近期滚动回测,2023-03-24,2023-03-25,2023-03-31,984,7,2023-03-24,通过,0.027168065342042278,0.20687311345442147,0.023786253299086457,1.0,1.0,2.717596071015528
花菜类,固定篮子成本,近14日中位数,近期滚动回测,2023-03-31,2023-04-01,2023-04-07,991,7,2023-03-31,通过,0.044112814604478384,0.35088387952041344,0.1467165740958977,0.14285714285714285,1.0,2.9982600889660413
花菜类,固定篮子成本,近14日中位数,近期滚动回测,2023-04-07,2023-04-08,2023-04-14,998,7,2023-04-07,通过,0.012571549684251003,0.09626650410115355,0.05533399273373085,1.0,1.0,3.2964086205042165
花菜类,固定篮子成本,近14日中位数,近期滚动回测,2023-04-14,2023-04-15,2023-04-21,1005,7,2023-04-14,通过,0.043658042648516665,0.32614418224298586,0.09395120389915353,0.42857142857142855,1.0,3.451090838939973
花菜类,固定篮子成本,近14日中位数,近期滚动回测,2023-04-21,2023-04-22,2023-04-28,1012,7,2023-04-21,通过,0.013746328591788282,0.10547001318367435,0.069894662951356,0.5714285714285714,1.0,3.2889605290262587
花菜类,固定篮子成本,近14日中位数,近期滚动回测,2023-04-28,2023-04-29,2023-05-05,1019,7,2023-04-28,通过,0.06686303387326538,0.5446136736548227,0.23677521617443587,0.14285714285714285,1.0,2.9831397050299295
花菜类,固定篮子成本,近14日中位数,近期滚动回测,2023-05-05,2023-05-06,2023-05-12,1026,7,2023-05-05,通过,0.04098600097300628,0.31164411227161803,0.15144767442779758,1.0,1.0,3.0052065620552106
花菜类,固定篮子成本,近14日中位数,近期滚动回测,2023-05-12,2023-05-13,2023-05-19,1033,7,2023-05-12,通过,0.05287907994975639,0.3976403777215915,0.09896958145154174,0.2857142857142857,1.0,2.227733126821373
花菜类,固定篮子成本,近14日中位数,近期滚动回测,2023-05-19,2023-05-20,2023-05-26,1040,7,2023-05-19,通过,0.1356984806355488,1.172054303892615,0.15051625519842501,0.0,0.0,0.91068003094591
花菜类,固定篮子成本,近14日中位数,近期滚动回测,2023-05-26,2023-05-27,2023-06-02,1047,7,2023-05-26,通过,0.16990401031313782,1.6598219470956206,0.15688301227586,0.0,0.0,1.3677288366926017
花菜类,固定篮子成本,近14日中位数,近期滚动回测,2023-06-02,2023-06-03,2023-06-09,1054,7,2023-06-02,通过,0.06865486874953194,0.6787953902121652,0.2390941486233551,0.8571428571428571,0.8571428571428571,2.499993182863559
花菜类,固定篮子成本,近14日中位数,近期滚动回测,2023-06-09,2023-06-10,2023-06-16,1061,7,2023-06-09,通过,0.03453120885972696,0.3508453221529536,0.2696175955309415,0.8571428571428571,1.0,3.1652050375736955
花菜类,固定篮子成本,近14日中位数,近期滚动回测,2023-06-16,2023-06-17,2023-06-23,1068,7,2023-06-16,通过,0.05325583670181104,0.5058229127965858,0.12333333333333336,0.2857142857142857,1.0,3.5788717128246965
花菜类,固定篮子成本,指数加权移动平均,八折主要回测,2021-03-31,2021-04-01,2021-04-07,271,7,2021-03-31,通过,0.0611194688043655,0.37425176364790563,0.11809533651699988,0.14285714285714285,1.0,2.517972193967317
花菜类,固定篮子成本,指数加权移动平均,八折主要回测,2021-06-30,2021-07-01,2021-07-07,362,7,2021-06-30,通过,0.1375097606102216,0.6848933214020889,0.1556852189816557,0.0,1.0,2.857615592890023
花菜类,固定篮子成本,指数加权移动平均,八折主要回测,2021-09-30,2021-10-01,2021-10-07,454,7,2021-09-30,通过,0.14378708010650545,1.0346507464235257,0.3000000000000001,0.0,0.8571428571428571,2.5346172074714666
花菜类,固定篮子成本,指数加权移动平均,八折主要回测,2021-12-31,2022-01-01,2022-01-07,545,7,2021-12-31,通过,0.04607040894531585,0.2468715770769711,0.16833333333333345,1.0,1.0,5.198946959141836
花菜类,固定篮子成本,指数加权移动平均,八折主要回测,2022-03-31,2022-04-01,2022-04-07,633,7,2022-03-31,通过,0.08033929411891039,0.5843713194619158,0.42781853265599495,0.8571428571428571,1.0,2.7180231528576013
花菜类,固定篮子成本,指数加权移动平均,八折主要回测,2022-06-30,2022-07-01,2022-07-07,724,7,2022-06-30,通过,0.11424099206407456,0.7156167136426806,0.23084231451196313,0.0,1.0,2.3332333586844904
花菜类,固定篮子成本,指数加权移动平均,八折主要回测,2022-09-30,2022-10-01,2022-10-07,816,7,2022-09-30,通过,0.026293787839963504,0.18774907573734634,0.22953421043121347,0.7142857142857143,1.0,5.217735693203899
花菜类,固定篮子成本,指数加权移动平均,八折主要回测,2022-12-31,2023-01-01,2023-01-07,902,7,2022-12-31,通过,0.06792771652935578,0.48029465037355895,0.14485509764681748,0.14285714285714285,1.0,4.394678412817441
花菜类,固定篮子成本,指数加权移动平均,近期滚动回测,2023-03-17,2023-03-18,2023-03-24,977,7,2023-03-17,通过,0.17573865711234513,1.3454286973523608,0.10672930188820207,0.14285714285714285,0.14285714285714285,2.3543607226571375
花菜类,固定篮子成本,指数加权移动平均,近期滚动回测,2023-03-24,2023-03-25,2023-03-31,984,7,2023-03-24,通过,0.014762442251096458,0.11240963801531592,0.023786253299086457,1.0,1.0,2.717596071015528
花菜类,固定篮子成本,指数加权移动平均,近期滚动回测,2023-03-31,2023-04-01,2023-04-07,991,7,2023-03-31,通过,0.04201138378066957,0.3341685960679049,0.1467165740958977,0.14285714285714285,1.0,2.9982600889660413
花菜类,固定篮子成本,指数加权移动平均,近期滚动回测,2023-04-07,2023-04-08,2023-04-14,998,7,2023-04-07,通过,0.04002583675606895,0.30649740684374344,0.05533399273373085,0.0,1.0,3.296408620504216
花菜类,固定篮子成本,指数加权移动平均,近期滚动回测,2023-04-14,2023-04-15,2023-04-21,1005,7,2023-04-14,通过,0.021029701778381225,0.1571008335060354,0.09395120389915353,0.42857142857142855,1.0,3.451090838939973
花菜类,固定篮子成本,指数加权移动平均,近期滚动回测,2023-04-21,2023-04-22,2023-04-28,1012,7,2023-04-21,通过,0.017153025367552553,0.13160821811988388,0.069894662951356,0.5714285714285714,1.0,3.2889605290262587
花菜类,固定篮子成本,指数加权移动平均,近期滚动回测,2023-04-28,2023-04-29,2023-05-05,1019,7,2023-04-28,通过,0.050071947578776754,0.4078466940285361,0.23677521617443587,0.14285714285714285,1.0,2.9831397050299295
花菜类,固定篮子成本,指数加权移动平均,近期滚动回测,2023-05-05,2023-05-06,2023-05-12,1026,7,2023-05-05,通过,0.09067870409239948,0.6894911327755178,0.15144767442779758,1.0,1.0,3.0052065620552106
花菜类,固定篮子成本,指数加权移动平均,近期滚动回测,2023-05-12,2023-05-13,2023-05-19,1033,7,2023-05-12,通过,0.024041637208904964,0.1807884272925683,0.09896958145154174,0.2857142857142857,1.0,2.227733126821373
花菜类,固定篮子成本,指数加权移动平均,近期滚动回测,2023-05-19,2023-05-20,2023-05-26,1040,7,2023-05-19,通过,0.11257111954266351,0.9722987651449413,0.15051625519842501,0.0,0.0,0.9106800309459109
花菜类,固定篮子成本,指数加权移动平均,近期滚动回测,2023-05-26,2023-05-27,2023-06-02,1047,7,2023-05-26,通过,0.10151470701702789,0.9917149003681622,0.15688301227586,0.0,0.42857142857142855,1.3677288366926028
花菜类,固定篮子成本,指数加权移动平均,近期滚动回测,2023-06-02,2023-06-03,2023-06-09,1054,7,2023-06-02,通过,0.024191036931080268,0.23917843923314588,0.2390941486233551,0.8571428571428571,1.0,2.499993182863559
花菜类,固定篮子成本,指数加权移动平均,近期滚动回测,2023-06-09,2023-06-10,2023-06-16,1061,7,2023-06-09,通过,0.02320554195871453,0.23577384380928557,0.2696175955309415,0.8571428571428571,1.0,3.1652050375736955
花菜类,固定篮子成本,指数加权移动平均,近期滚动回测,2023-06-16,2023-06-17,2023-06-23,1068,7,2023-06-16,通过,0.052645174442098215,0.5000228543978716,0.12333333333333336,0.2857142857142857,1.0,3.5788717128246965
花菜类,固定篮子成本,同星期最近4次统计,八折主要回测,2021-03-31,2021-04-01,2021-04-07,271,7,2021-03-31,通过,0.08657820805229152,0.530142811953416,0.26084977646942403,0.8571428571428571,1.0,2.517972193967317
花菜类,固定篮子成本,同星期最近4次统计,八折主要回测,2021-06-30,2021-07-01,2021-07-07,362,7,2021-06-30,通过,0.091674971880467,0.45660450357870036,0.23475356401429912,1.0,1.0,2.857615592890023
花菜类,固定篮子成本,同星期最近4次统计,八折主要回测,2021-09-30,2021-10-01,2021-10-07,454,7,2021-09-30,通过,0.07093792184223632,0.5104490175990634,0.6384692857813277,0.8571428571428571,1.0,2.5346172074714666
花菜类,固定篮子成本,同星期最近4次统计,八折主要回测,2021-12-31,2022-01-01,2022-01-07,545,7,2021-12-31,通过,0.2949418742086748,1.5804671002239132,0.30807676614420343,1.0,1.0,5.198946959141836
花菜类,固定篮子成本,同星期最近4次统计,八折主要回测,2022-03-31,2022-04-01,2022-04-07,633,7,2022-03-31,通过,0.08862903909496307,0.644669200626874,0.599664643742198,0.5714285714285714,1.0,2.7180231528576018
花菜类,固定篮子成本,同星期最近4次统计,八折主要回测,2022-06-30,2022-07-01,2022-07-07,724,7,2022-06-30,通过,0.03075851993683217,0.19267436807064126,0.21167564784529672,1.0,1.0,2.3332333586844904
花菜类,固定篮子成本,同星期最近4次统计,八折主要回测,2022-09-30,2022-10-01,2022-10-07,816,7,2022-09-30,通过,0.08456395687195657,0.6038234141096919,0.25299671499695914,0.2857142857142857,1.0,5.217735693203899
花菜类,固定篮子成本,同星期最近4次统计,八折主要回测,2022-12-31,2023-01-01,2023-01-07,902,7,2022-12-31,通过,0.3049538417671192,2.156228801660282,0.07917235598856938,0.14285714285714285,0.5714285714285714,4.394678412817441
花菜类,固定篮子成本,同星期最近4次统计,近期滚动回测,2023-03-17,2023-03-18,2023-03-24,977,7,2023-03-17,通过,0.21042171117063416,1.6109569368905434,0.19003789831750048,0.14285714285714285,0.0,2.354360722657138
花菜类,固定篮子成本,同星期最近4次统计,近期滚动回测,2023-03-24,2023-03-25,2023-03-31,984,7,2023-03-24,通过,0.14332299243577384,1.091342843206082,0.15507955653120073,1.0,0.7142857142857143,2.717596071015529
花菜类,固定篮子成本,同星期最近4次统计,近期滚动回测,2023-03-31,2023-04-01,2023-04-07,991,7,2023-03-31,通过,0.09523569365739157,0.7575274885300719,0.21003616026213137,0.14285714285714285,1.0,2.998260088966041
花菜类,固定篮子成本,同星期最近4次统计,近期滚动回测,2023-04-07,2023-04-08,2023-04-14,998,7,2023-04-07,通过,0.02292278138711997,0.175530947563089,0.10007713284113029,1.0,1.0,3.2964086205042165
花菜类,固定篮子成本,同星期最近4次统计,近期滚动回测,2023-04-14,2023-04-15,2023-04-21,1005,7,2023-04-14,通过,0.027787186786497237,0.20758212603063544,0.08155573072502165,0.42857142857142855,1.0,3.4510908389399737
花菜类,固定篮子成本,同星期最近4次统计,近期滚动回测,2023-04-21,2023-04-22,2023-04-28,1012,7,2023-04-21,通过,0.011803547262045286,0.09056383870277365,0.06704578064712541,0.2857142857142857,1.0,3.288960529026259
花菜类,固定篮子成本,同星期最近4次统计,近期滚动回测,2023-04-28,2023-04-29,2023-05-05,1019,7,2023-04-28,通过,0.05878948941368014,0.47885293183918176,0.21900747634197057,0.14285714285714285,1.0,2.98313970502993
花菜类,固定篮子成本,同星期最近4次统计,近期滚动回测,2023-05-05,2023-05-06,2023-05-12,1026,7,2023-05-05,通过,0.0310913674878768,0.2364085636569315,0.15898682469137615,1.0,1.0,3.0052065620552106
花菜类,固定篮子成本,同星期最近4次统计,近期滚动回测,2023-05-12,2023-05-13,2023-05-19,1033,7,2023-05-12,通过,0.024821488741736862,0.18665275886521826,0.12265440716356608,0.2857142857142857,1.0,2.2277331268213727
花菜类,固定篮子成本,同星期最近4次统计,近期滚动回测,2023-05-19,2023-05-20,2023-05-26,1040,7,2023-05-19,通过,0.11098585043182028,0.9586064859426268,0.1651267539524873,0.0,0.0,0.9106800309459103
花菜类,固定篮子成本,同星期最近4次统计,近期滚动回测,2023-05-26,2023-05-27,2023-06-02,1047,7,2023-05-26,通过,0.1886277205907315,1.842737142519979,0.307284406700244,0.0,0.0,1.3677288366926017
花菜类,固定篮子成本,同星期最近4次统计,近期滚动回测,2023-06-02,2023-06-03,2023-06-09,1054,7,2023-06-02,通过,0.17342247888642146,1.7146399282581395,0.2418729245696598,0.8571428571428571,0.0,2.499993182863559
花菜类,固定篮子成本,同星期最近4次统计,近期滚动回测,2023-06-09,2023-06-10,2023-06-16,1061,7,2023-06-09,通过,0.10062056388933806,1.0223289400719173,0.385761729812792,0.8571428571428571,0.8571428571428571,3.1652050375736955
花菜类,固定篮子成本,同星期最近4次统计,近期滚动回测,2023-06-16,2023-06-17,2023-06-23,1068,7,2023-06-16,通过,0.04464191464626712,0.42400804677289955,0.2093820257959941,0.2857142857142857,1.0,3.5788717128246965
花菜类,固定篮子成本,同星期最近8次统计,八折主要回测,2021-03-31,2021-04-01,2021-04-07,271,7,2021-03-31,通过,0.16198289033582877,0.9918669709485305,0.19416501599369784,0.8571428571428571,0.8571428571428571,2.517972193967317
花菜类,固定篮子成本,同星期最近8次统计,八折主要回测,2021-06-30,2021-07-01,2021-07-07,362,7,2021-06-30,通过,0.06432199979395134,0.3203678624892402,0.19768587369115606,1.0,1.0,2.857615592890023
花菜类,固定篮子成本,同星期最近8次统计,八折主要回测,2021-09-30,2021-10-01,2021-10-07,454,7,2021-09-30,通过,0.036161497837001046,0.26020780657853465,0.3718958758870226,1.0,1.0,2.5346172074714666
花菜类,固定篮子成本,同星期最近8次统计,八折主要回测,2021-12-31,2022-01-01,2022-01-07,545,7,2021-12-31,通过,0.5603838976272993,3.0028571428571427,0.105833333333333,1.0,0.0,5.198946959141836
花菜类,固定篮子成本,同星期最近8次统计,八折主要回测,2022-03-31,2022-04-01,2022-04-07,633,7,2022-03-31,通过,0.1471195655351735,1.07011712728276,0.7143145187247134,0.14285714285714285,0.8571428571428571,2.718023152857602
花菜类,固定篮子成本,同星期最近8次统计,八折主要回测,2022-06-30,2022-07-01,2022-07-07,724,7,2022-06-30,通过,0.061773407883907915,0.38695465035525156,0.23417564784529699,1.0,1.0,2.3332333586844904
花菜类,固定篮子成本,同星期最近8次统计,八折主要回测,2022-09-30,2022-10-01,2022-10-07,816,7,2022-09-30,通过,0.05897261577602501,0.42109011349570974,0.3069475798042635,0.7142857142857143,1.0,5.217735693203899
花菜类,固定篮子成本,同星期最近8次统计,八折主要回测,2022-12-31,2023-01-01,2023-01-07,902,7,2022-12-31,通过,0.3510994724925011,2.482509452739381,0.272110816122425,0.14285714285714285,0.14285714285714285,4.394678412817441
花菜类,固定篮子成本,同星期最近8次统计,近期滚动回测,2023-03-17,2023-03-18,2023-03-24,977,7,2023-03-17,通过,0.17063653873958143,1.306367647331837,0.31599321066960845,0.14285714285714285,0.2857142857142857,2.354360722657138
花菜类,固定篮子成本,同星期最近8次统计,近期滚动回测,2023-03-24,2023-03-25,2023-03-31,984,7,2023-03-24,通过,0.14990422238860104,1.1414560740732789,0.1798624155028299,1.0,0.7142857142857143,2.717596071015529
花菜类,固定篮子成本,同星期最近8次统计,近期滚动回测,2023-03-31,2023-04-01,2023-04-07,991,7,2023-03-31,通过,0.17644262304430863,1.4034668302543465,0.32270569244616193,0.14285714285714285,0.5714285714285714,2.998260088966041
花菜类,固定篮子成本,同星期最近8次统计,近期滚动回测,2023-04-07,2023-04-08,2023-04-14,998,7,2023-04-07,通过,0.12000604996794599,0.9189450140641748,0.1529940031667527,1.0,1.0,3.2964086205042165
花菜类,固定篮子成本,同星期最近8次统计,近期滚动回测,2023-04-14,2023-04-15,2023-04-21,1005,7,2023-04-14,通过,0.03863376491843769,0.28861068664331707,0.0768248060521386,0.5714285714285714,1.0,3.451090838939973
花菜类,固定篮子成本,同星期最近8次统计,近期滚动回测,2023-04-21,2023-04-22,2023-04-28,1012,7,2023-04-21,通过,0.023202728225870554,0.17802513853347524,0.07858627625033332,0.5714285714285714,1.0,3.288960529026259
花菜类,固定篮子成本,同星期最近8次统计,近期滚动回测,2023-04-28,2023-04-29,2023-05-05,1019,7,2023-04-28,通过,0.06757842048660358,0.5504406502217563,0.23329314106365562,0.14285714285714285,1.0,2.98313970502993
花菜类,固定篮子成本,同星期最近8次统计,近期滚动回测,2023-05-05,2023-05-06,2023-05-12,1026,7,2023-05-05,通过,0.033198749614350306,0.2524324063454254,0.1629206005254004,1.0,1.0,3.0052065620552106
花菜类,固定篮子成本,同星期最近8次统计,近期滚动回测,2023-05-12,2023-05-13,2023-05-19,1033,7,2023-05-12,通过,0.026678579232743527,0.2006177175030901,0.1062629776588236,0.2857142857142857,1.0,2.2277331268213727
花菜类,固定篮子成本,同星期最近8次统计,近期滚动回测,2023-05-19,2023-05-20,2023-05-26,1040,7,2023-05-19,通过,0.11424165307398007,0.9867274898145643,0.1370890059944013,0.0,0.0,0.9106800309459105
花菜类,固定篮子成本,同星期最近8次统计,近期滚动回测,2023-05-26,2023-05-27,2023-06-02,1047,7,2023-05-26,通过,0.21005099697407284,2.0520248706567625,0.16520179529749512,0.0,0.0,1.3677288366926013
花菜类,固定篮子成本,同星期最近8次统计,近期滚动回测,2023-06-02,2023-06-03,2023-06-09,1054,7,2023-06-02,通过,0.21641903647698488,2.1397498384371656,0.19990562996405478,0.8571428571428571,0.0,2.499993182863559
花菜类,固定篮子成本,同星期最近8次统计,近期滚动回测,2023-06-09,2023-06-10,2023-06-16,1061,7,2023-06-09,通过,0.21631078035930773,2.1977691464149394,0.3145507488652684,0.8571428571428571,0.14285714285714285,3.1652050375736955
花菜类,固定篮子成本,同星期最近8次统计,近期滚动回测,2023-06-16,2023-06-17,2023-06-23,1068,7,2023-06-16,通过,0.11531261438075173,1.0952369937373978,0.24646207126908268,0.7142857142857143,1.0,3.5788717128246965
花菜类,固定篮子成本,指数加权移动平均加周内收缩,八折主要回测,2021-03-31,2021-04-01,2021-04-07,271,7,2021-03-31,通过,0.028761131243760608,0.1761125268765011,0.13471521755192692,0.8571428571428571,1.0,2.517972193967317
花菜类,固定篮子成本,指数加权移动平均加周内收缩,八折主要回测,2021-06-30,2021-07-01,2021-07-07,362,7,2021-06-30,通过,0.08978191040162799,0.4471757535168373,0.17019980414291233,1.0,1.0,2.857615592890023
花菜类,固定篮子成本,指数加权移动平均加周内收缩,八折主要回测,2021-09-30,2021-10-01,2021-10-07,454,7,2021-09-30,通过,0.1020728121921216,0.7344867928738807,0.3186635565604581,0.0,0.8571428571428571,2.5346172074714666
花菜类,固定篮子成本,指数加权移动平均加周内收缩,八折主要回测,2021-12-31,2022-01-01,2022-01-07,545,7,2021-12-31,通过,0.16675627976592092,0.8935754362885279,0.11870833333333379,1.0,1.0,5.198946959141836
花菜类,固定篮子成本,指数加权移动平均加周内收缩,八折主要回测,2022-03-31,2022-04-01,2022-04-07,633,7,2022-03-31,通过,0.1036911566952561,0.7542279119960095,0.5107587944467126,0.2857142857142857,1.0,2.718023152857602
花菜类,固定篮子成本,指数加权移动平均加周内收缩,八折主要回测,2022-06-30,2022-07-01,2022-07-07,724,7,2022-06-30,通过,0.0958773376010162,0.6005849914920802,0.23200898117863034,0.42857142857142855,1.0,2.3332333586844904
花菜类,固定篮子成本,指数加权移动平均加周内收缩,八折主要回测,2022-09-30,2022-10-01,2022-10-07,816,7,2022-09-30,通过,0.03354288890310633,0.2395108086917402,0.22767391001498968,0.7142857142857143,1.0,5.217735693203899
花菜类,固定篮子成本,指数加权移动平均加周内收缩,八折主要回测,2022-12-31,2023-01-01,2023-01-07,902,7,2022-12-31,通过,0.1670378311164567,1.181069831201597,0.16309605728409737,0.14285714285714285,1.0,4.394678412817442
花菜类,固定篮子成本,指数加权移动平均加周内收缩,近期滚动回测,2023-03-17,2023-03-18,2023-03-24,977,7,2023-03-17,通过,0.17395291568187782,1.3317573298451773,0.15243503822180968,0.14285714285714285,0.2857142857142857,2.354360722657138
花菜类,固定篮子成本,指数加权移动平均加周内收缩,近期滚动回测,2023-03-24,2023-03-25,2023-03-31,984,7,2023-03-24,通过,0.04287089037279762,0.3264433612156919,0.0695529246561839,1.0,1.0,2.717596071015529
花菜类,固定篮子成本,指数加权移动平均加周内收缩,近期滚动回测,2023-03-31,2023-04-01,2023-04-07,991,7,2023-03-31,通过,0.08902059119671851,0.7080910768530796,0.18301061471418967,0.14285714285714285,1.0,2.9982600889660413
花菜类,固定篮子成本,指数加权移动平均加周内收缩,近期滚动回测,2023-04-07,2023-04-08,2023-04-14,998,7,2023-04-07,通过,0.023067743787970486,0.17664099556086857,0.08149621800253086,1.0,1.0,3.2964086205042165
花菜类,固定篮子成本,指数加权移动平均加周内收缩,近期滚动回测,2023-04-14,2023-04-15,2023-04-21,1005,7,2023-04-14,通过,0.012368177107652102,0.09239555334825957,0.08160484112314996,0.8571428571428571,1.0,3.4510908389399733
花菜类,固定篮子成本,指数加权移动平均加周内收缩,近期滚动回测,2023-04-21,2023-04-22,2023-04-28,1012,7,2023-04-21,通过,0.019270421367963857,0.1478541402646409,0.06483285103794456,0.5714285714285714,1.0,3.288960529026259
花菜类,固定篮子成本,指数加权移动平均加周内收缩,近期滚动回测,2023-04-28,2023-04-29,2023-05-05,1019,7,2023-04-28,通过,0.056195909125121714,0.4577276671443754,0.23555648988566288,0.14285714285714285,1.0,2.9831397050299295
花菜类,固定篮子成本,指数加权移动平均加周内收缩,近期滚动回测,2023-05-05,2023-05-06,2023-05-12,1026,7,2023-05-05,通过,0.06413427173340318,0.48765597291882185,0.15406174362848488,1.0,1.0,3.0052065620552106
花菜类,固定篮子成本,指数加权移动平均加周内收缩,近期滚动回测,2023-05-12,2023-05-13,2023-05-19,1033,7,2023-05-12,通过,0.0249645669172485,0.18772867886625125,0.10142729503258252,0.2857142857142857,1.0,2.2277331268213727
花菜类,固定篮子成本,指数加权移动平均加周内收缩,近期滚动回测,2023-05-19,2023-05-20,2023-05-26,1040,7,2023-05-19,通过,0.11315580627862427,0.9773488187793091,0.14462811417749677,0.0,0.0,0.9106800309459108
花菜类,固定篮子成本,指数加权移动平均加周内收缩,近期滚动回测,2023-05-26,2023-05-27,2023-06-02,1047,7,2023-05-26,通过,0.1395024085019937,1.3628233899691728,0.1487983879565767,0.0,0.0,1.3677288366926017
花菜类,固定篮子成本,指数加权移动平均加周内收缩,近期滚动回测,2023-06-02,2023-06-03,2023-06-09,1054,7,2023-06-02,通过,0.07059421350684547,0.6979698246736036,0.2161284025589835,0.8571428571428571,0.8571428571428571,2.499993182863559
花菜类,固定篮子成本,指数加权移动平均加周内收缩,近期滚动回测,2023-06-09,2023-06-10,2023-06-16,1061,7,2023-06-09,通过,0.08129278919030723,0.8259541369676511,0.2845758313846731,0.8571428571428571,1.0,3.1652050375736955
花菜类,固定篮子成本,指数加权移动平均加周内收缩,近期滚动回测,2023-06-16,2023-06-17,2023-06-23,1068,7,2023-06-16,通过,0.026233986565033892,0.24916989987203944,0.14124332788870309,0.5714285714285714,1.0,3.5788717128246965
花菜类,固定篮子成本,阻尼趋势,八折主要回测,2021-03-31,2021-04-01,2021-04-07,271,7,2021-03-31,通过,0.05920241018552111,0.3625130724721786,0.11728125470087791,0.14285714285714285,1.0,2.517972193967317
花菜类,固定篮子成本,阻尼趋势,八折主要回测,2021-06-30,2021-07-01,2021-07-07,362,7,2021-06-30,通过,0.15104682426712174,0.7523172224318219,0.17222476266847422,0.0,1.0,2.857615592890023
花菜类,固定篮子成本,阻尼趋势,八折主要回测,2021-09-30,2021-10-01,2021-10-07,454,7,2021-09-30,通过,0.0886179100512153,0.6376691613256736,0.3003940630246816,0.0,0.8571428571428571,2.5346172074714666
花菜类,固定篮子成本,阻尼趋势,八折主要回测,2021-12-31,2022-01-01,2022-01-07,545,7,2021-12-31,通过,0.07260730471874186,0.3890714285714297,0.16833333333333345,1.0,1.0,5.1989469591418365
花菜类,固定篮子成本,阻尼趋势,八折主要回测,2022-03-31,2022-04-01,2022-04-07,633,7,2022-03-31,通过,0.08418008894606335,0.6123084623698913,0.4252710985640877,0.8571428571428571,1.0,2.718023152857602
花菜类,固定篮子成本,阻尼趋势,八折主要回测,2022-06-30,2022-07-01,2022-07-07,724,7,2022-06-30,通过,0.08974085581988155,0.562145471262067,0.2281112339452774,1.0,1.0,2.3332333586844904
花菜类,固定篮子成本,阻尼趋势,八折主要回测,2022-09-30,2022-10-01,2022-10-07,816,7,2022-09-30,通过,0.05332248584807667,0.3807457295589109,0.22929069620816245,0.2857142857142857,1.0,5.217735693203899
花菜类,固定篮子成本,阻尼趋势,八折主要回测,2022-12-31,2023-01-01,2023-01-07,902,7,2022-12-31,通过,0.054029846204289134,0.38202735817288225,0.14281210839080968,0.8571428571428571,1.0,4.394678412817442
花菜类,固定篮子成本,阻尼趋势,近期滚动回测,2023-03-17,2023-03-18,2023-03-24,977,7,2023-03-17,通过,0.04291868464066974,0.32857898721314804,0.10672930188820207,0.14285714285714285,1.0,2.354360722657139
花菜类,固定篮子成本,阻尼趋势,近期滚动回测,2023-03-24,2023-03-25,2023-03-31,984,7,2023-03-24,通过,0.0036098902399649166,0.02748775902031651,0.023786253299086457,1.0,1.0,2.7175960710155302
花菜类,固定篮子成本,阻尼趋势,近期滚动回测,2023-03-31,2023-04-01,2023-04-07,991,7,2023-03-31,通过,0.03637022288398539,0.28929745288253106,0.14131242950584033,0.8571428571428571,1.0,2.9982600889660413
花菜类,固定篮子成本,阻尼趋势,近期滚动回测,2023-04-07,2023-04-08,2023-04-14,998,7,2023-04-07,通过,0.03671684625004273,0.28115884826348275,0.06859213861386015,0.0,1.0,3.2964086205042165
花菜类,固定篮子成本,阻尼趋势,近期滚动回测,2023-04-14,2023-04-15,2023-04-21,1005,7,2023-04-14,通过,0.018881073393157453,0.14104966389028803,0.10414282846577194,0.42857142857142855,1.0,3.4510908389399737
花菜类,固定篮子成本,阻尼趋势,近期滚动回测,2023-04-21,2023-04-22,2023-04-28,1012,7,2023-04-21,通过,0.014203630250094777,0.1089787036393437,0.07655228593093637,0.42857142857142855,1.0,3.288960529026259
花菜类,固定篮子成本,阻尼趋势,近期滚动回测,2023-04-28,2023-04-29,2023-05-05,1019,7,2023-04-28,通过,0.030659925145675414,0.24973163047339142,0.2331684677891667,0.8571428571428571,1.0,2.9831397050299295
花菜类,固定篮子成本,阻尼趋势,近期滚动回测,2023-05-05,2023-05-06,2023-05-12,1026,7,2023-05-05,通过,0.07112905852426826,0.5408420381171338,0.15144767442779758,1.0,1.0,3.0052065620552106
花菜类,固定篮子成本,阻尼趋势,近期滚动回测,2023-05-12,2023-05-13,2023-05-19,1033,7,2023-05-12,通过,0.020910607951327896,0.15724369735734114,0.10080725798437662,0.2857142857142857,1.0,2.227733126821372
花菜类,固定篮子成本,阻尼趋势,近期滚动回测,2023-05-19,2023-05-20,2023-05-26,1040,7,2023-05-19,通过,0.0815437474446964,0.7043092870345041,0.1508659020860986,0.0,0.14285714285714285,0.9106800309459103
花菜类,固定篮子成本,阻尼趋势,近期滚动回测,2023-05-26,2023-05-27,2023-06-02,1047,7,2023-05-26,通过,0.12298817970560981,1.2014930049766246,0.15688301227586,0.0,0.0,1.3677288366926017
花菜类,固定篮子成本,阻尼趋势,近期滚动回测,2023-06-02,2023-06-03,2023-06-09,1054,7,2023-06-02,通过,0.022701445998007042,0.2244507516402854,0.2390941486233551,0.8571428571428571,1.0,2.499993182863559
花菜类,固定篮子成本,阻尼趋势,近期滚动回测,2023-06-09,2023-06-10,2023-06-16,1061,7,2023-06-09,通过,0.022767807427194548,0.23132635651301214,0.2696175955309415,0.8571428571428571,1.0,3.1652050375736955
花菜类,固定篮子成本,阻尼趋势,近期滚动回测,2023-06-16,2023-06-17,2023-06-23,1068,7,2023-06-16,通过,0.03352441016526806,0.31841420302024276,0.1423085301123006,0.2857142857142857,1.0,3.5788717128246965
花菜类,固定篮子成本,指数平滑,八折主要回测,2021-03-31,2021-04-01,2021-04-07,271,7,2021-03-31,通过,0.0579629521913497,0.354923521231625,0.11809533651699988,0.14285714285714285,1.0,2.517972193967317
花菜类,固定篮子成本,指数平滑,八折主要回测,2021-06-30,2021-07-01,2021-07-07,362,7,2021-06-30,通过,0.1389491444525099,0.6920624443511987,0.1556852189816557,0.0,1.0,2.857615592890023
花菜类,固定篮子成本,指数平滑,八折主要回测,2021-09-30,2021-10-01,2021-10-07,454,7,2021-09-30,通过,0.14693838113776936,1.0573266082727777,0.3000000000000001,0.0,0.8571428571428571,2.5346172074714666
花菜类,固定篮子成本,指数平滑,八折主要回测,2021-12-31,2022-01-01,2022-01-07,545,7,2021-12-31,通过,0.03576278084772333,0.19163741565687178,0.16833333333333345,1.0,1.0,5.198946959141836
花菜类,固定篮子成本,指数平滑,八折主要回测,2022-03-31,2022-04-01,2022-04-07,633,7,2022-03-31,通过,0.07833712825819504,0.5698079813265807,0.42781853265599495,0.8571428571428571,1.0,2.7180231528576013
花菜类,固定篮子成本,指数平滑,八折主要回测,2022-06-30,2022-07-01,2022-07-07,724,7,2022-06-30,通过,0.11560925543710836,0.7241876488273026,0.23084231451196313,0.0,1.0,2.3332333586844904
花菜类,固定篮子成本,指数平滑,八折主要回测,2022-09-30,2022-10-01,2022-10-07,816,7,2022-09-30,通过,0.026838988299753244,0.19164204403237164,0.22953421043121347,0.7142857142857143,1.0,5.217735693203899
花菜类,固定篮子成本,指数平滑,八折主要回测,2022-12-31,2023-01-01,2023-01-07,902,7,2022-12-31,通过,0.07560196251382022,0.5345567318965869,0.14485509764681748,0.14285714285714285,1.0,4.394678412817441
花菜类,固定篮子成本,指数平滑,近期滚动回测,2023-03-17,2023-03-18,2023-03-24,977,7,2023-03-17,通过,0.19162924851719954,1.467084672453641,0.10672930188820207,0.14285714285714285,0.14285714285714285,2.3543607226571375
花菜类,固定篮子成本,指数平滑,近期滚动回测,2023-03-24,2023-03-25,2023-03-31,984,7,2023-03-24,通过,0.005871638857152372,0.04471000036868146,0.023786253299086457,1.0,1.0,2.717596071015528
花菜类,固定篮子成本,指数平滑,近期滚动回测,2023-03-31,2023-04-01,2023-04-07,991,7,2023-03-31,通过,0.04238141299432088,0.3371118969473885,0.1467165740958977,0.14285714285714285,1.0,2.9982600889660396
花菜类,固定篮子成本,指数平滑,近期滚动回测,2023-04-07,2023-04-08,2023-04-14,998,7,2023-04-07,通过,0.03863281138644467,0.2958303303236592,0.05533399273373085,0.0,1.0,3.296408620504217
花菜类,固定篮子成本,指数平滑,近期滚动回测,2023-04-14,2023-04-15,2023-04-21,1005,7,2023-04-14,通过,0.02231976913696446,0.1667381864009159,0.09395120389915353,0.42857142857142855,1.0,3.451090838939973
花菜类,固定篮子成本,指数平滑,近期滚动回测,2023-04-21,2023-04-22,2023-04-28,1012,7,2023-04-21,通过,0.01820692227235175,0.13969434233124645,0.069894662951356,0.5714285714285714,1.0,3.2889605290262613
花菜类,固定篮子成本,指数平滑,近期滚动回测,2023-04-28,2023-04-29,2023-05-05,1019,7,2023-04-28,通过,0.052450881357324126,0.42722361711240275,0.23677521617443587,0.14285714285714285,1.0,2.9831397050299304
花菜类,固定篮子成本,指数平滑,近期滚动回测,2023-05-05,2023-05-06,2023-05-12,1026,7,2023-05-05,通过,0.084086104249654,0.6393631652553988,0.15144767442779758,1.0,1.0,3.0052065620552106
花菜类,固定篮子成本,指数平滑,近期滚动回测,2023-05-12,2023-05-13,2023-05-19,1033,7,2023-05-12,通过,0.02588181577491712,0.1946262115497738,0.09896958145154174,0.2857142857142857,1.0,2.227733126821373
花菜类,固定篮子成本,指数平滑,近期滚动回测,2023-05-19,2023-05-20,2023-05-26,1040,7,2023-05-19,通过,0.11550096879211923,0.9976044458459936,0.15051625519842501,0.0,0.0,0.9106800309459109
花菜类,固定篮子成本,指数平滑,近期滚动回测,2023-05-26,2023-05-27,2023-06-02,1047,7,2023-05-26,通过,0.1086158221688464,1.0610869343544032,0.15688301227586,0.0,0.2857142857142857,1.3677288366926028
花菜类,固定篮子成本,指数平滑,近期滚动回测,2023-06-02,2023-06-03,2023-06-09,1054,7,2023-06-02,通过,0.02281717079979164,0.22559493068272424,0.2390941486233551,0.8571428571428571,1.0,2.499993182863559
花菜类,固定篮子成本,指数平滑,近期滚动回测,2023-06-09,2023-06-10,2023-06-16,1061,7,2023-06-09,通过,0.02496797337835885,0.25368056759962343,0.2696175955309415,0.8571428571428571,1.0,3.1652050375736955
花菜类,固定篮子成本,指数平滑,近期滚动回测,2023-06-16,2023-06-17,2023-06-23,1068,7,2023-06-16,通过,0.05524152776904233,0.5246829683650477,0.12333333333333336,0.2857142857142857,1.0,3.5788717128246965
花菜类,固定篮子成本,滞后稳健回归,八折主要回测,2021-03-31,2021-04-01,2021-04-07,271,7,2021-03-31,通过,0.06139264759460885,0.3759245145084706,0.11809533651699988,0.14285714285714285,1.0,2.517972193967317
花菜类,固定篮子成本,滞后稳健回归,八折主要回测,2021-06-30,2021-07-01,2021-07-07,362,7,2021-06-30,通过,0.13753164401919263,0.6850023158515539,0.1556852189816557,0.0,1.0,2.857615592890023
花菜类,固定篮子成本,滞后稳健回归,八折主要回测,2021-09-30,2021-10-01,2021-10-07,454,7,2021-09-30,通过,0.08348223148699613,0.6007142857142851,0.3000000000000001,1.0,0.8571428571428571,2.5346172074714666
花菜类,固定篮子成本,滞后稳健回归,八折主要回测,2021-12-31,2022-01-01,2022-01-07,545,7,2021-12-31,通过,0.17352958326036177,0.9298706668708816,0.16833333333333345,1.0,1.0,5.198946959141836
花菜类,固定篮子成本,滞后稳健回归,八折主要回测,2022-03-31,2022-04-01,2022-04-07,633,7,2022-03-31,通过,0.0852071885262277,0.6197793711382837,0.42781853265599495,0.8571428571428571,1.0,2.718023152857604
花菜类,固定篮子成本,滞后稳健回归,八折主要回测,2022-06-30,2022-07-01,2022-07-07,724,7,2022-06-30,通过,0.09812799157449924,0.614683307437616,0.23084231451196313,0.0,1.0,2.3332333586844904
花菜类,固定篮子成本,滞后稳健回归,八折主要回测,2022-09-30,2022-10-01,2022-10-07,816,7,2022-09-30,通过,0.0316642368343952,0.226096416224616,0.22953421043121347,0.7142857142857143,1.0,5.217735693203898
花菜类,固定篮子成本,滞后稳健回归,八折主要回测,2022-12-31,2023-01-01,2023-01-07,902,7,2022-12-31,通过,0.05638292210007089,0.39866518765414455,0.14485509764681748,0.14285714285714285,1.0,4.394678412817442
花菜类,固定篮子成本,滞后稳健回归,近期滚动回测,2023-03-17,2023-03-18,2023-03-24,977,7,2023-03-17,通过,0.0258549966297435,0.19794196113247672,0.10672930188820207,0.8571428571428571,1.0,2.3543607226571375
花菜类,固定篮子成本,滞后稳健回归,近期滚动回测,2023-03-24,2023-03-25,2023-03-31,984,7,2023-03-24,通过,0.030553655931716037,0.232652927267073,0.023786253299086457,1.0,1.0,2.717596071015528
花菜类,固定篮子成本,滞后稳健回归,近期滚动回测,2023-03-31,2023-04-01,2023-04-07,991,7,2023-03-31,通过,0.039721955380987654,0.31595793492629987,0.1467165740958977,0.8571428571428571,1.0,2.9982600889660413
花菜类,固定篮子成本,滞后稳健回归,近期滚动回测,2023-04-07,2023-04-08,2023-04-14,998,7,2023-04-07,通过,0.028722951035610598,0.2199456831587568,0.05533399273373085,0.0,1.0,3.2964086205042165
花菜类,固定篮子成本,滞后稳健回归,近期滚动回测,2023-04-14,2023-04-15,2023-04-21,1005,7,2023-04-14,通过,0.017057727896770472,0.1274284960643922,0.09395120389915353,0.42857142857142855,1.0,3.451090838939975
花菜类,固定篮子成本,滞后稳健回归,近期滚动回测,2023-04-21,2023-04-22,2023-04-28,1012,7,2023-04-21,通过,0.010727128280163688,0.08230491171349527,0.069894662951356,0.42857142857142855,1.0,3.2889605290262587
花菜类,固定篮子成本,滞后稳健回归,近期滚动回测,2023-04-28,2023-04-29,2023-05-05,1019,7,2023-04-28,通过,0.03419288027053075,0.278508303590739,0.23677521617443587,0.8571428571428571,1.0,2.9831397050299304
花菜类,固定篮子成本,滞后稳健回归,近期滚动回测,2023-05-05,2023-05-06,2023-05-12,1026,7,2023-05-05,通过,0.10376201491327464,0.788972338298122,0.15144767442779758,1.0,1.0,3.0052065620552106
花菜类,固定篮子成本,滞后稳健回归,近期滚动回测,2023-05-12,2023-05-13,2023-05-19,1033,7,2023-05-12,通过,0.02146703420859675,0.161427914392222,0.09896958145154174,0.2857142857142857,1.0,2.227733126821372
花菜类,固定篮子成本,滞后稳健回归,近期滚动回测,2023-05-19,2023-05-20,2023-05-26,1040,7,2023-05-19,通过,0.07662815095522084,0.6618523192430759,0.15051625519842501,1.0,0.14285714285714285,0.9106800309459109
花菜类,固定篮子成本,滞后稳健回归,近期滚动回测,2023-05-26,2023-05-27,2023-06-02,1047,7,2023-05-26,通过,0.08734473734584398,0.8532859921477911,0.15688301227586,0.0,0.42857142857142855,1.3677288366926028
花菜类,固定篮子成本,滞后稳健回归,近期滚动回测,2023-06-02,2023-06-03,2023-06-09,1054,7,2023-06-02,通过,0.03546543036617457,0.35064913942631293,0.2390941486233551,0.8571428571428571,1.0,2.499993182863559
花菜类,固定篮子成本,滞后稳健回归,近期滚动回测,2023-06-09,2023-06-10,2023-06-16,1061,7,2023-06-09,通过,0.020534192516139266,0.20863229601202601,0.2696175955309415,0.8571428571428571,1.0,3.1652050375736955
花菜类,固定篮子成本,滞后稳健回归,近期滚动回测,2023-06-16,2023-06-17,2023-06-23,1068,7,2023-06-16,通过,0.026057570425782443,0.2474943027742013,0.12333333333333336,0.2857142857142857,1.0,3.5788717128246965
水生根茎类,销量加权成本,近7日均值,八折主要回测,2021-03-31,2021-04-01,2021-04-07,272,7,2021-03-31,通过,0.028161951912303137,0.2024163982240102,0.10566441016380261,1.0,1.0,2.3893788560837916
水生根茎类,销量加权成本,近7日均值,八折主要回测,2021-06-30,2021-07-01,2021-07-07,363,7,2021-06-30,通过,0.21288227891965042,1.5550816795977214,1.151947895373235,1.0,1.0,7.944421202004902
水生根茎类,销量加权成本,近7日均值,八折主要回测,2021-09-30,2021-10-01,2021-10-07,455,7,2021-09-30,通过,0.020643161034152743,0.09685705949278349,0.06461443389896315,0.42857142857142855,1.0,3.1823260266680284
水生根茎类,销量加权成本,近7日均值,八折主要回测,2021-12-31,2022-01-01,2022-01-07,547,7,2021-12-31,通过,0.011418272392947239,0.05371612559036417,0.06273224215179818,0.7142857142857143,1.0,0.7382053122162215
水生根茎类,销量加权成本,近7日均值,八折主要回测,2022-03-31,2022-04-01,2022-04-07,636,7,2022-03-31,通过,0.10787202980288044,0.6102244705396048,1.002135789764182,0.8571428571428571,0.8571428571428571,3.2570398781125647
水生根茎类,销量加权成本,近7日均值,八折主要回测,2022-06-30,2022-07-01,2022-07-07,727,7,2022-06-30,通过,0.2801753697595092,2.5684172237553056,1.8651244547359525,0.8571428571428571,1.0,12.642451542565047
水生根茎类,销量加权成本,近7日均值,八折主要回测,2022-09-30,2022-10-01,2022-10-07,819,7,2022-09-30,通过,0.13774721897361009,0.7660579884737331,0.16029710716743542,0.14285714285714285,1.0,4.2123609057299705
水生根茎类,销量加权成本,近7日均值,八折主要回测,2022-12-31,2023-01-01,2023-01-07,905,7,2022-12-31,通过,0.07651262792169077,0.38930773845106376,0.525017699822628,0.8571428571428571,0.8571428571428571,1.7434904634070667
水生根茎类,销量加权成本,近7日均值,近期滚动回测,2023-03-17,2023-03-18,2023-03-24,980,7,2023-03-17,通过,0.1725451516463801,1.0638693410847888,0.9586092567951234,0.42857142857142855,0.5714285714285714,2.355194532891783
水生根茎类,销量加权成本,近7日均值,近期滚动回测,2023-03-24,2023-03-25,2023-03-31,987,7,2023-03-24,通过,0.1522552777732251,0.9764825206883833,1.5542482624848326,0.42857142857142855,0.8571428571428571,2.909314033647656
水生根茎类,销量加权成本,近7日均值,近期滚动回测,2023-03-31,2023-04-01,2023-04-07,994,7,2023-03-31,通过,0.2159782177797581,1.3056045707893336,1.665422789970697,0.8571428571428571,0.7142857142857143,3.508691112419537
水生根茎类,销量加权成本,近7日均值,近期滚动回测,2023-04-07,2023-04-08,2023-04-14,1001,7,2023-04-07,通过,0.06236501130282609,0.3822882537852158,0.7033834748396438,1.0,1.0,3.847129194996186
水生根茎类,销量加权成本,近7日均值,近期滚动回测,2023-04-14,2023-04-15,2023-04-21,1008,7,2023-04-14,通过,0.1270467568382294,0.8783411070196224,1.2845099667398938,0.5714285714285714,0.8571428571428571,3.74284989068802
水生根茎类,销量加权成本,近7日均值,近期滚动回测,2023-04-21,2023-04-22,2023-04-28,1015,7,2023-04-21,通过,0.265770825604346,2.0204768595974896,2.524580774657549,0.5714285714285714,0.7142857142857143,3.9630466754527056
水生根茎类,销量加权成本,近7日均值,近期滚动回测,2023-04-28,2023-04-29,2023-05-05,1022,7,2023-04-28,通过,0.19819082707141764,1.4051907871681093,1.6902781355986622,0.2857142857142857,1.0,4.995525702817978
水生根茎类,销量加权成本,近7日均值,近期滚动回测,2023-05-05,2023-05-06,2023-05-12,1029,7,2023-05-05,通过,0.31085643729624207,2.548289017098805,2.6599188077132485,0.8571428571428571,0.5714285714285714,4.9455117378715405
水生根茎类,销量加权成本,近7日均值,近期滚动回测,2023-05-12,2023-05-13,2023-05-19,1036,7,2023-05-12,通过,0.1832311916339107,1.4423855067396356,1.55919595950595,1.0,0.8571428571428571,5.744237748088817
水生根茎类,销量加权成本,近7日均值,近期滚动回测,2023-05-19,2023-05-20,2023-05-26,1043,7,2023-05-19,通过,0.21402331480742154,1.9697043393455762,1.5694999933871001,0.8571428571428571,0.8571428571428571,5.956493330726544
水生根茎类,销量加权成本,近7日均值,近期滚动回测,2023-05-26,2023-05-27,2023-06-02,1050,7,2023-05-26,通过,0.11671092758584431,1.1911770919756892,0.7026002480056839,0.42857142857142855,1.0,6.519132160332509
水生根茎类,销量加权成本,近7日均值,近期滚动回测,2023-06-02,2023-06-03,2023-06-09,1057,7,2023-06-02,通过,0.10914476919743223,1.0520339759940975,1.2611627985968428,1.0,1.0,7.025553246075832
水生根茎类,销量加权成本,近7日均值,近期滚动回测,2023-06-09,2023-06-10,2023-06-16,1064,7,2023-06-09,通过,0.08095365711346993,0.8096154592867898,1.2637509174595627,0.7142857142857143,1.0,6.960106180706235
水生根茎类,销量加权成本,近7日均值,近期滚动回测,2023-06-16,2023-06-17,2023-06-23,1071,7,2023-06-16,通过,0.1837456062969634,2.2513019648600463,0.7221692609745048,1.0,0.8571428571428571,6.885027581807442
水生根茎类,销量加权成本,近14日均值,八折主要回测,2021-03-31,2021-04-01,2021-04-07,272,7,2021-03-31,通过,0.031627850652100636,0.22732783695182285,0.10566441016380261,1.0,1.0,2.3893788560837916
水生根茎类,销量加权成本,近14日均值,八折主要回测,2021-06-30,2021-07-01,2021-07-07,363,7,2021-06-30,通过,0.3424180106610255,2.501325980939158,1.151947895373235,0.0,0.8571428571428571,7.944421202004902
水生根茎类,销量加权成本,近14日均值,八折主要回测,2021-09-30,2021-10-01,2021-10-07,455,7,2021-09-30,通过,0.04512450294889417,0.21172274243621964,0.06461443389896315,0.5714285714285714,1.0,3.1823260266680284
水生根茎类,销量加权成本,近14日均值,八折主要回测,2021-12-31,2022-01-01,2022-01-07,547,7,2021-12-31,通过,0.014893522265569307,0.07006509259617578,0.06273224215179818,0.7142857142857143,1.0,0.7382053122162215
水生根茎类,销量加权成本,近14日均值,八折主要回测,2022-03-31,2022-04-01,2022-04-07,636,7,2022-03-31,通过,0.10684468169142751,0.6044128346733213,1.002135789764182,0.8571428571428571,0.8571428571428571,3.2570398781125647
水生根茎类,销量加权成本,近14日均值,八折主要回测,2022-06-30,2022-07-01,2022-07-07,727,7,2022-06-30,通过,0.37724139586291494,3.458238672012743,1.8651244547359525,0.14285714285714285,1.0,12.642451542565047
水生根茎类,销量加权成本,近14日均值,八折主要回测,2022-09-30,2022-10-01,2022-10-07,819,7,2022-09-30,通过,0.17843628468713119,0.992343383312428,0.16029710716743542,0.14285714285714285,1.0,4.212360905729972
水生根茎类,销量加权成本,近14日均值,八折主要回测,2022-12-31,2023-01-01,2023-01-07,905,7,2022-12-31,通过,0.09345317165349759,0.4755037684072038,0.525017699822628,0.14285714285714285,0.7142857142857143,1.7434904634070654
水生根茎类,销量加权成本,近14日均值,近期滚动回测,2023-03-17,2023-03-18,2023-03-24,980,7,2023-03-17,通过,0.16813613084264445,1.0366844447689971,0.9586092567951234,0.42857142857142855,0.5714285714285714,2.355194532891783
水生根茎类,销量加权成本,近14日均值,近期滚动回测,2023-03-24,2023-03-25,2023-03-31,987,7,2023-03-24,通过,0.1813070681013196,1.162804898900726,1.5542482624848326,0.42857142857142855,0.7142857142857143,2.909314033647656
水生根茎类,销量加权成本,近14日均值,近期滚动回测,2023-03-31,2023-04-01,2023-04-07,994,7,2023-03-31,通过,0.21305126200004693,1.287910902956654,1.665422789970697,0.8571428571428571,0.7142857142857143,3.5086911124195375
水生根茎类,销量加权成本,近14日均值,近期滚动回测,2023-04-07,2023-04-08,2023-04-14,1001,7,2023-04-07,通过,0.06564175775779024,0.4023742227315306,0.7033834748396438,1.0,1.0,3.8471291949961883
水生根茎类,销量加权成本,近14日均值,近期滚动回测,2023-04-14,2023-04-15,2023-04-21,1008,7,2023-04-14,通过,0.12967440754297013,0.8965074395282251,1.2845099667398938,0.5714285714285714,0.8571428571428571,3.7428498906880208
水生根茎类,销量加权成本,近14日均值,近期滚动回测,2023-04-21,2023-04-22,2023-04-28,1015,7,2023-04-21,通过,0.2690959109789206,2.045755247623102,2.524580774657549,0.5714285714285714,0.7142857142857143,3.9630466754527056
水生根茎类,销量加权成本,近14日均值,近期滚动回测,2023-04-28,2023-04-29,2023-05-05,1022,7,2023-04-28,通过,0.17737300379584278,1.2575905480047176,1.6902781355986622,0.7142857142857143,1.0,4.995525702817978
水生根茎类,销量加权成本,近14日均值,近期滚动回测,2023-05-05,2023-05-06,2023-05-12,1029,7,2023-05-05,通过,0.3063931526293887,2.511700618300781,2.6599188077132485,0.8571428571428571,0.7142857142857143,4.945511737871541
水生根茎类,销量加权成本,近14日均值,近期滚动回测,2023-05-12,2023-05-13,2023-05-19,1036,7,2023-05-12,通过,0.16477982859657364,1.2971374275926084,1.55919595950595,1.0,0.8571428571428571,5.74423774808882
水生根茎类,销量加权成本,近14日均值,近期滚动回测,2023-05-19,2023-05-20,2023-05-26,1043,7,2023-05-19,通过,0.20643987378694337,1.899912238897793,1.5694999933871001,0.8571428571428571,0.8571428571428571,5.95649333072654
水生根茎类,销量加权成本,近14日均值,近期滚动回测,2023-05-26,2023-05-27,2023-06-02,1050,7,2023-05-26,通过,0.16349193262441775,1.6686341964148688,0.7026002480056839,0.42857142857142855,1.0,6.519132160332509
水生根茎类,销量加权成本,近14日均值,近期滚动回测,2023-06-02,2023-06-03,2023-06-09,1057,7,2023-06-02,通过,0.09245759625716393,0.8911882201641005,1.2611627985968428,1.0,1.0,7.025553246075832
水生根茎类,销量加权成本,近14日均值,近期滚动回测,2023-06-09,2023-06-10,2023-06-16,1064,7,2023-06-09,通过,0.08042997628147004,0.8043781406474972,1.2637509174595627,0.7142857142857143,1.0,6.960106180706235
水生根茎类,销量加权成本,近14日均值,近期滚动回测,2023-06-16,2023-06-17,2023-06-23,1071,7,2023-06-16,通过,0.1985219866247722,2.4323462615696596,0.7221692609745048,1.0,0.8571428571428571,6.885027581807442
水生根茎类,销量加权成本,近7日中位数,八折主要回测,2021-03-31,2021-04-01,2021-04-07,272,7,2021-03-31,通过,0.03304906084274629,0.23754290474277642,0.10566441016380261,1.0,1.0,2.3893788560837916
水生根茎类,销量加权成本,近7日中位数,八折主要回测,2021-06-30,2021-07-01,2021-07-07,363,7,2021-06-30,通过,0.1825418757339774,1.3334483647671498,1.151947895373235,1.0,1.0,7.944421202004902
水生根茎类,销量加权成本,近7日中位数,八折主要回测,2021-09-30,2021-10-01,2021-10-07,455,7,2021-09-30,通过,0.03712203875832156,0.1741754332371674,0.06461443389896315,0.42857142857142855,1.0,3.182326026668029
水生根茎类,销量加权成本,近7日中位数,八折主要回测,2021-12-31,2022-01-01,2022-01-07,547,7,2021-12-31,通过,0.011392033503813707,0.05359268734896094,0.06273224215179818,0.7142857142857143,1.0,0.7382053122162215
水生根茎类,销量加权成本,近7日中位数,八折主要回测,2022-03-31,2022-04-01,2022-04-07,636,7,2022-03-31,通过,0.10124523661809424,0.5727371685026348,1.002135789764182,0.8571428571428571,0.8571428571428571,3.2570398781125647
水生根茎类,销量加权成本,近7日中位数,八折主要回测,2022-06-30,2022-07-01,2022-07-07,727,7,2022-06-30,通过,0.31365809889390206,2.8753593303399247,1.8651244547359525,0.8571428571428571,1.0,12.642451542565043
水生根茎类,销量加权成本,近7日中位数,八折主要回测,2022-09-30,2022-10-01,2022-10-07,819,7,2022-09-30,通过,0.10749387878399054,0.5978091257891691,0.16029710716743542,0.14285714285714285,1.0,4.2123609057299705
水生根茎类,销量加权成本,近7日中位数,八折主要回测,2022-12-31,2023-01-01,2023-01-07,905,7,2022-12-31,通过,0.07580873793219185,0.3857262405026384,0.525017699822628,0.8571428571428571,0.8571428571428571,1.7434904634070667
水生根茎类,销量加权成本,近7日中位数,近期滚动回测,2023-03-17,2023-03-18,2023-03-24,980,7,2023-03-17,通过,0.16378091248886867,1.00983128061978,0.9586092567951234,0.42857142857142855,0.7142857142857143,2.355194532891783
水生根茎类,销量加权成本,近7日中位数,近期滚动回测,2023-03-24,2023-03-25,2023-03-31,987,7,2023-03-24,通过,0.1507081368333887,0.9665600003863825,1.5542482624848326,0.42857142857142855,0.8571428571428571,2.909314033647656
水生根茎类,销量加权成本,近7日中位数,近期滚动回测,2023-03-31,2023-04-01,2023-04-07,994,7,2023-03-31,通过,0.22126180154392616,1.3375442320364719,1.665422789970697,0.8571428571428571,0.8571428571428571,3.508691112419537
水生根茎类,销量加权成本,近7日中位数,近期滚动回测,2023-04-07,2023-04-08,2023-04-14,1001,7,2023-04-07,通过,0.1357924553200997,0.8323875765765386,0.7033834748396438,1.0,1.0,3.847129194996186
水生根茎类,销量加权成本,近7日中位数,近期滚动回测,2023-04-14,2023-04-15,2023-04-21,1008,7,2023-04-14,通过,0.12676530030762415,0.8763952498657518,1.2845099667398938,0.5714285714285714,0.8571428571428571,3.74284989068802
水生根茎类,销量加权成本,近7日中位数,近期滚动回测,2023-04-21,2023-04-22,2023-04-28,1015,7,2023-04-21,通过,0.2679235687529681,2.036842718064299,2.524580774657549,0.5714285714285714,0.7142857142857143,3.9630466754527056
水生根茎类,销量加权成本,近7日中位数,近期滚动回测,2023-04-28,2023-04-29,2023-05-05,1022,7,2023-04-28,通过,0.17407212204619138,1.234186999552548,1.6902781355986622,0.7142857142857143,0.8571428571428571,4.995525702817976
水生根茎类,销量加权成本,近7日中位数,近期滚动回测,2023-05-05,2023-05-06,2023-05-12,1029,7,2023-05-05,通过,0.31228947121412465,2.5600365125852513,2.6599188077132485,0.8571428571428571,0.5714285714285714,4.9455117378715405
水生根茎类,销量加权成本,近7日中位数,近期滚动回测,2023-05-12,2023-05-13,2023-05-19,1036,7,2023-05-12,通过,0.26102826307819743,2.0547996231212258,1.55919595950595,1.0,0.8571428571428571,5.744237748088817
水生根茎类,销量加权成本,近7日中位数,近期滚动回测,2023-05-19,2023-05-20,2023-05-26,1043,7,2023-05-19,通过,0.24792791061302785,2.281735902552375,1.5694999933871001,0.8571428571428571,0.7142857142857143,5.95649333072654
水生根茎类,销量加权成本,近7日中位数,近期滚动回测,2023-05-26,2023-05-27,2023-06-02,1050,7,2023-05-26,通过,0.09786715232936959,0.9988534263502823,0.7026002480056839,0.0,1.0,6.519132160332509
水生根茎类,销量加权成本,近7日中位数,近期滚动回测,2023-06-02,2023-06-03,2023-06-09,1057,7,2023-06-02,通过,0.10255956070793336,0.9885599027893088,1.2611627985968428,1.0,1.0,7.025553246075832
水生根茎类,销量加权成本,近7日中位数,近期滚动回测,2023-06-09,2023-06-10,2023-06-16,1064,7,2023-06-09,通过,0.09676701092461752,0.9677644072797337,1.2637509174595627,0.7142857142857143,1.0,6.960106180706235
水生根茎类,销量加权成本,近7日中位数,近期滚动回测,2023-06-16,2023-06-17,2023-06-23,1071,7,2023-06-16,通过,0.2002262267718612,2.4532270829893243,0.7221692609745048,1.0,0.8571428571428571,6.885027581807442
水生根茎类,销量加权成本,近14日中位数,八折主要回测,2021-03-31,2021-04-01,2021-04-07,272,7,2021-03-31,通过,0.03401834401030421,0.24450970904125693,0.10566441016380261,1.0,1.0,2.3893788560837907
水生根茎类,销量加权成本,近14日中位数,八折主要回测,2021-06-30,2021-07-01,2021-07-07,363,7,2021-06-30,通过,0.29934431297584524,2.18667734751281,1.151947895373235,1.0,0.8571428571428571,7.944421202004902
水生根茎类,销量加权成本,近14日中位数,八折主要回测,2021-09-30,2021-10-01,2021-10-07,455,7,2021-09-30,通过,0.06478719296960947,0.3039794629052293,0.06461443389896315,0.5714285714285714,1.0,3.1823260266680284
水生根茎类,销量加权成本,近14日中位数,八折主要回测,2021-12-31,2022-01-01,2022-01-07,547,7,2021-12-31,通过,0.011755739055078313,0.05530370390184241,0.06273224215179818,0.7142857142857143,1.0,0.7382053122162215
水生根茎类,销量加权成本,近14日中位数,八折主要回测,2022-03-31,2022-04-01,2022-04-07,636,7,2022-03-31,通过,0.10589770685505485,0.5990558647600287,1.002135789764182,0.8571428571428571,0.8571428571428571,3.2570398781125647
水生根茎类,销量加权成本,近14日中位数,八折主要回测,2022-06-30,2022-07-01,2022-07-07,727,7,2022-06-30,通过,0.41841193450321057,3.8356562895777135,1.8651244547359525,0.14285714285714285,0.8571428571428571,12.642451542565047
水生根茎类,销量加权成本,近14日中位数,八折主要回测,2022-09-30,2022-10-01,2022-10-07,819,7,2022-09-30,通过,0.2038256048685689,1.1335418168766944,0.16029710716743542,0.14285714285714285,1.0,4.212360905729972
水生根茎类,销量加权成本,近14日中位数,八折主要回测,2022-12-31,2023-01-01,2023-01-07,905,7,2022-12-31,通过,0.08831946320495894,0.4493826890474252,0.525017699822628,0.8571428571428571,0.7142857142857143,1.7434904634070667
水生根茎类,销量加权成本,近14日中位数,近期滚动回测,2023-03-17,2023-03-18,2023-03-24,980,7,2023-03-17,通过,0.15232191878471685,0.939178051797013,0.9586092567951234,0.42857142857142855,0.7142857142857143,2.355194532891783
水生根茎类,销量加权成本,近14日中位数,近期滚动回测,2023-03-24,2023-03-25,2023-03-31,987,7,2023-03-24,通过,0.17990147404895493,1.1537901833296706,1.5542482624848326,0.42857142857142855,0.7142857142857143,2.909314033647656
水生根茎类,销量加权成本,近14日中位数,近期滚动回测,2023-03-31,2023-04-01,2023-04-07,994,7,2023-03-31,通过,0.21742328601656566,1.314340116968358,1.665422789970697,0.8571428571428571,0.8571428571428571,3.5086911124195375
水生根茎类,销量加权成本,近14日中位数,近期滚动回测,2023-04-07,2023-04-08,2023-04-14,1001,7,2023-04-07,通过,0.08580491368042158,0.5259713729193711,0.7033834748396438,1.0,1.0,3.8471291949961883
水生根茎类,销量加权成本,近14日中位数,近期滚动回测,2023-04-14,2023-04-15,2023-04-21,1008,7,2023-04-14,通过,0.13364717192331707,0.9239732509397294,1.2845099667398938,0.5714285714285714,0.8571428571428571,3.7428498906880208
水生根茎类,销量加权成本,近14日中位数,近期滚动回测,2023-04-21,2023-04-22,2023-04-28,1015,7,2023-04-21,通过,0.2746680715530922,2.0881166372619915,2.524580774657549,0.42857142857142855,0.7142857142857143,3.9630466754527056
水生根茎类,销量加权成本,近14日中位数,近期滚动回测,2023-04-28,2023-04-29,2023-05-05,1022,7,2023-04-28,通过,0.1763086984788039,1.250044527594307,1.6902781355986622,0.7142857142857143,0.8571428571428571,4.995525702817978
水生根茎类,销量加权成本,近14日中位数,近期滚动回测,2023-05-05,2023-05-06,2023-05-12,1029,7,2023-05-05,通过,0.31404760316706243,2.574449044573489,2.6599188077132485,0.8571428571428571,0.5714285714285714,4.945511737871541
水生根茎类,销量加权成本,近14日中位数,近期滚动回测,2023-05-12,2023-05-13,2023-05-19,1036,7,2023-05-12,通过,0.15682784035269176,1.234539828949821,1.55919595950595,1.0,0.8571428571428571,5.74423774808882
水生根茎类,销量加权成本,近14日中位数,近期滚动回测,2023-05-19,2023-05-20,2023-05-26,1043,7,2023-05-19,通过,0.2285263534575658,2.103179041335825,1.5694999933871001,0.8571428571428571,0.7142857142857143,5.95649333072654
水生根茎类,销量加权成本,近14日中位数,近期滚动回测,2023-05-26,2023-05-27,2023-06-02,1050,7,2023-05-26,通过,0.19214705975807106,1.9610946516207686,0.7026002480056839,0.42857142857142855,1.0,6.51913216033251
水生根茎类,销量加权成本,近14日中位数,近期滚动回测,2023-06-02,2023-06-03,2023-06-09,1057,7,2023-06-02,通过,0.09299770631170878,0.8963942793489375,1.2611627985968428,1.0,1.0,7.025553246075832
水生根茎类,销量加权成本,近14日中位数,近期滚动回测,2023-06-09,2023-06-10,2023-06-16,1064,7,2023-06-09,通过,0.08016045067339003,0.8016826219179433,1.2637509174595627,0.7142857142857143,1.0,6.960106180706235
水生根茎类,销量加权成本,近14日中位数,近期滚动回测,2023-06-16,2023-06-17,2023-06-23,1071,7,2023-06-16,通过,0.20813122723948818,2.550081334057652,0.7221692609745048,1.0,0.7142857142857143,6.885027581807442
水生根茎类,销量加权成本,指数加权移动平均,八折主要回测,2021-03-31,2021-04-01,2021-04-07,272,7,2021-03-31,通过,0.016209559770984823,0.11650757432783454,0.10566441016380261,1.0,1.0,2.389378856083791
水生根茎类,销量加权成本,指数加权移动平均,八折主要回测,2021-06-30,2021-07-01,2021-07-07,363,7,2021-06-30,通过,0.19565412744636398,1.4292319242051919,1.151947895373235,1.0,1.0,7.944421202004902
水生根茎类,销量加权成本,指数加权移动平均,八折主要回测,2021-09-30,2021-10-01,2021-10-07,455,7,2021-09-30,通过,0.011542659322727388,0.05415779293087437,0.06461443389896315,0.42857142857142855,1.0,3.182326026668029
水生根茎类,销量加权成本,指数加权移动平均,八折主要回测,2021-12-31,2022-01-01,2022-01-07,547,7,2021-12-31,通过,0.012012051462350338,0.056509500101615755,0.06273224215179818,0.7142857142857143,1.0,0.7382053122162215
水生根茎类,销量加权成本,指数加权移动平均,八折主要回测,2022-03-31,2022-04-01,2022-04-07,636,7,2022-03-31,通过,0.10956897140852578,0.6198239496143362,1.002135789764182,0.8571428571428571,0.8571428571428571,3.2570398781125647
水生根茎类,销量加权成本,指数加权移动平均,八折主要回测,2022-06-30,2022-07-01,2022-07-07,727,7,2022-06-30,通过,0.33785664626196793,3.097191698771695,1.8651244547359525,0.8571428571428571,1.0,12.642451542565047
水生根茎类,销量加权成本,指数加权移动平均,八折主要回测,2022-09-30,2022-10-01,2022-10-07,819,7,2022-09-30,通过,0.0766612957207852,0.42633890129502916,0.16029710716743542,0.14285714285714285,1.0,4.2123609057299705
水生根茎类,销量加权成本,指数加权移动平均,八折主要回测,2022-12-31,2023-01-01,2023-01-07,905,7,2022-12-31,通过,0.07833813618678521,0.3985961985851872,0.525017699822628,0.8571428571428571,0.7142857142857143,1.7434904634070654
水生根茎类,销量加权成本,指数加权移动平均,近期滚动回测,2023-03-17,2023-03-18,2023-03-24,980,7,2023-03-17,通过,0.15185367284647905,0.93629096692082,0.9586092567951234,0.42857142857142855,0.7142857142857143,2.355194532891783
水生根茎类,销量加权成本,指数加权移动平均,近期滚动回测,2023-03-24,2023-03-25,2023-03-31,987,7,2023-03-24,通过,0.14283042502364274,0.9160366425248913,1.5542482624848326,0.42857142857142855,0.7142857142857143,2.909314033647656
水生根茎类,销量加权成本,指数加权移动平均,近期滚动回测,2023-03-31,2023-04-01,2023-04-07,994,7,2023-03-31,通过,0.2258429503529514,1.3652376211477235,1.665422789970697,0.8571428571428571,0.5714285714285714,3.5086911124195375
水生根茎类,销量加权成本,指数加权移动平均,近期滚动回测,2023-04-07,2023-04-08,2023-04-14,1001,7,2023-04-07,通过,0.09351797223348628,0.5732512759290352,0.7033834748396438,1.0,1.0,3.8471291949961883
水生根茎类,销量加权成本,指数加权移动平均,近期滚动回测,2023-04-14,2023-04-15,2023-04-21,1008,7,2023-04-14,通过,0.1239506271689029,0.8569359328230448,1.2845099667398938,0.5714285714285714,0.8571428571428571,3.74284989068802
水生根茎类,销量加权成本,指数加权移动平均,近期滚动回测,2023-04-21,2023-04-22,2023-04-28,1015,7,2023-04-21,通过,0.2655313076435168,2.0186559656140624,2.524580774657549,0.5714285714285714,0.7142857142857143,3.9630466754527056
水生根茎类,销量加权成本,指数加权移动平均,近期滚动回测,2023-04-28,2023-04-29,2023-05-05,1022,7,2023-04-28,通过,0.2454092219321327,1.7399734530643134,1.6902781355986622,0.2857142857142857,0.7142857142857143,4.995525702817976
水生根茎类,销量加权成本,指数加权移动平均,近期滚动回测,2023-05-05,2023-05-06,2023-05-12,1029,7,2023-05-05,通过,0.31922727660643857,2.616910140288685,2.6599188077132485,0.8571428571428571,0.42857142857142855,4.945511737871541
水生根茎类,销量加权成本,指数加权移动平均,近期滚动回测,2023-05-12,2023-05-13,2023-05-19,1036,7,2023-05-12,通过,0.28586409667048224,2.250305890923499,1.55919595950595,1.0,0.7142857142857143,5.744237748088817
水生根茎类,销量加权成本,指数加权移动平均,近期滚动回测,2023-05-19,2023-05-20,2023-05-26,1043,7,2023-05-19,通过,0.22587499535910432,2.078778000933298,1.5694999933871001,0.8571428571428571,0.7142857142857143,5.95649333072654
水生根茎类,销量加权成本,指数加权移动平均,近期滚动回测,2023-05-26,2023-05-27,2023-06-02,1050,7,2023-05-26,通过,0.11727905184628235,1.1969754916493758,0.7026002480056839,0.42857142857142855,1.0,6.519132160332509
水生根茎类,销量加权成本,指数加权移动平均,近期滚动回测,2023-06-02,2023-06-03,2023-06-09,1057,7,2023-06-02,通过,0.13782002273078192,1.3284314727239581,1.2611627985968428,1.0,1.0,7.025553246075832
水生根茎类,销量加权成本,指数加权移动平均,近期滚动回测,2023-06-09,2023-06-10,2023-06-16,1064,7,2023-06-09,通过,0.08008967024966851,0.8009747487062427,1.2637509174595627,0.7142857142857143,1.0,6.960106180706235
水生根茎类,销量加权成本,指数加权移动平均,近期滚动回测,2023-06-16,2023-06-17,2023-06-23,1071,7,2023-06-16,通过,0.1980636553349294,2.4267306599007292,0.7221692609745048,1.0,0.8571428571428571,6.885027581807442
水生根茎类,销量加权成本,同星期最近4次统计,八折主要回测,2021-03-31,2021-04-01,2021-04-07,272,7,2021-03-31,通过,0.04550764508834455,0.32709002696702427,0.16314292344855344,1.0,1.0,2.389378856083791
水生根茎类,销量加权成本,同星期最近4次统计,八折主要回测,2021-06-30,2021-07-01,2021-07-07,363,7,2021-06-30,通过,0.3014715228518697,2.2022163821551137,1.42669252228664,0.7142857142857143,0.8571428571428571,7.944421202004902
水生根茎类,销量加权成本,同星期最近4次统计,八折主要回测,2021-09-30,2021-10-01,2021-10-07,455,7,2021-09-30,通过,0.07567725821285844,0.35507530502943674,0.16010457233457562,0.5714285714285714,1.0,3.182326026668029
水生根茎类,销量加权成本,同星期最近4次统计,八折主要回测,2021-12-31,2022-01-01,2022-01-07,547,7,2021-12-31,通过,0.020688160005715946,0.09732538889044193,0.10212476026878219,0.7142857142857143,1.0,0.7382053122162215
水生根茎类,销量加权成本,同星期最近4次统计,八折主要回测,2022-03-31,2022-04-01,2022-04-07,636,7,2022-03-31,通过,0.1315131696799485,0.7439607327643782,0.9828529454478646,0.8571428571428571,0.8571428571428571,3.2570398781125647
水生根茎类,销量加权成本,同星期最近4次统计,八折主要回测,2022-06-30,2022-07-01,2022-07-07,727,7,2022-06-30,通过,0.42026211228615123,3.8526171969151184,2.3343312570160832,0.2857142857142857,0.7142857142857143,12.642451542565047
水生根茎类,销量加权成本,同星期最近4次统计,八折主要回测,2022-09-30,2022-10-01,2022-10-07,819,7,2022-09-30,通过,0.15940762019821916,0.8865186664844955,0.7785235519751916,0.2857142857142857,1.0,4.212360905729971
水生根茎类,销量加权成本,同星期最近4次统计,八折主要回测,2022-12-31,2023-01-01,2023-01-07,905,7,2022-12-31,通过,0.0817141529558798,0.4157738787805956,0.5272387452024346,0.8571428571428571,0.7142857142857143,1.7434904634070665
水生根茎类,销量加权成本,同星期最近4次统计,近期滚动回测,2023-03-17,2023-03-18,2023-03-24,980,7,2023-03-17,通过,0.19866144003640554,1.2248957058128966,0.9545521932899231,0.42857142857142855,0.5714285714285714,2.355194532891783
水生根茎类,销量加权成本,同星期最近4次统计,近期滚动回测,2023-03-24,2023-03-25,2023-03-31,987,7,2023-03-24,通过,0.21022738514068676,1.3482840789641617,1.8192515233302722,0.42857142857142855,0.5714285714285714,2.909314033647656
水生根茎类,销量加权成本,同星期最近4次统计,近期滚动回测,2023-03-31,2023-04-01,2023-04-07,994,7,2023-03-31,通过,0.17195433841643995,1.0394769088820628,1.4313320668616463,0.8571428571428571,0.7142857142857143,3.5086911124195375
水生根茎类,销量加权成本,同星期最近4次统计,近期滚动回测,2023-04-07,2023-04-08,2023-04-14,1001,7,2023-04-07,通过,0.11999900001448549,0.7355760419694005,1.1930684801946978,1.0,0.8571428571428571,3.8471291949961874
水生根茎类,销量加权成本,同星期最近4次统计,近期滚动回测,2023-04-14,2023-04-15,2023-04-21,1008,7,2023-04-14,通过,0.16575266368525965,1.1459354157158121,1.4362941226530133,0.5714285714285714,0.8571428571428571,3.7428498906880203
水生根茎类,销量加权成本,同星期最近4次统计,近期滚动回测,2023-04-21,2023-04-22,2023-04-28,1015,7,2023-04-21,通过,0.26859517509159325,2.0419484894102156,3.1446203380153386,0.5714285714285714,0.7142857142857143,3.963046675452705
水生根茎类,销量加权成本,同星期最近4次统计,近期滚动回测,2023-04-28,2023-04-29,2023-05-05,1022,7,2023-04-28,通过,0.1684246430148556,1.1941458653445634,1.1950870434939456,0.5714285714285714,0.8571428571428571,4.995525702817976
水生根茎类,销量加权成本,同星期最近4次统计,近期滚动回测,2023-05-05,2023-05-06,2023-05-12,1029,7,2023-05-05,通过,0.29885439149341947,2.449900572040153,3.026486895979255,0.8571428571428571,0.5714285714285714,4.945511737871541
水生根茎类,销量加权成本,同星期最近4次统计,近期滚动回测,2023-05-12,2023-05-13,2023-05-19,1036,7,2023-05-12,通过,0.21962769158745585,1.7288966818343872,2.8864073317794237,1.0,0.8571428571428571,5.7442377480888185
水生根茎类,销量加权成本,同星期最近4次统计,近期滚动回测,2023-05-19,2023-05-20,2023-05-26,1043,7,2023-05-19,通过,0.2531757565683451,2.330033000276081,2.0330017420437976,0.42857142857142855,0.7142857142857143,5.956493330726543
水生根茎类,销量加权成本,同星期最近4次统计,近期滚动回测,2023-05-26,2023-05-27,2023-06-02,1050,7,2023-05-26,通过,0.2180397829584754,2.2253614119247964,1.2615063417794026,0.42857142857142855,0.8571428571428571,6.51913216033251
水生根茎类,销量加权成本,同星期最近4次统计,近期滚动回测,2023-06-02,2023-06-03,2023-06-09,1057,7,2023-06-02,通过,0.10410837482055584,1.0034887452886736,1.1136724294769282,1.0,1.0,7.025553246075835
水生根茎类,销量加权成本,同星期最近4次统计,近期滚动回测,2023-06-09,2023-06-10,2023-06-16,1064,7,2023-06-09,通过,0.16168815020794705,1.617039064811528,1.9959036111285176,0.2857142857142857,1.0,6.960106180706235
水生根茎类,销量加权成本,同星期最近4次统计,近期滚动回测,2023-06-16,2023-06-17,2023-06-23,1071,7,2023-06-16,通过,0.19031166351063647,2.3317511130298,1.2273334301152732,0.7142857142857143,0.7142857142857143,6.885027581807442
水生根茎类,销量加权成本,同星期最近8次统计,八折主要回测,2021-03-31,2021-04-01,2021-04-07,272,7,2021-03-31,通过,0.01974966565404997,0.1419523831398482,0.27464244639587304,0.8571428571428571,1.0,2.389378856083791
水生根茎类,销量加权成本,同星期最近8次统计,八折主要回测,2021-06-30,2021-07-01,2021-07-07,363,7,2021-06-30,通过,0.17840511018687788,1.3032297465348939,1.4705850629942852,0.8571428571428571,1.0,7.944421202004902
水生根茎类,销量加权成本,同星期最近8次统计,八折主要回测,2021-09-30,2021-10-01,2021-10-07,455,7,2021-09-30,通过,0.11619603871770519,0.5451881432444806,0.22734712253406655,0.5714285714285714,1.0,3.1823260266680284
水生根茎类,销量加权成本,同星期最近8次统计,八折主要回测,2021-12-31,2022-01-01,2022-01-07,547,7,2021-12-31,通过,0.013249124528702522,0.062329187170709996,0.09212795994601608,0.42857142857142855,1.0,0.7382053122162215
水生根茎类,销量加权成本,同星期最近8次统计,八折主要回测,2022-03-31,2022-04-01,2022-04-07,636,7,2022-03-31,通过,0.11190432639258989,0.6330348881799374,1.1069552883310736,0.8571428571428571,0.8571428571428571,3.2570398781125647
水生根茎类,销量加权成本,同星期最近8次统计,八折主要回测,2022-06-30,2022-07-01,2022-07-07,727,7,2022-06-30,通过,0.4332088962151628,3.9713026576108765,3.0123069079138705,0.5714285714285714,0.8571428571428571,12.642451542565047
水生根茎类,销量加权成本,同星期最近8次统计,八折主要回测,2022-09-30,2022-10-01,2022-10-07,819,7,2022-09-30,通过,0.09049722563537911,0.5032850982347145,0.6626776254909602,0.42857142857142855,1.0,4.212360905729972
水生根茎类,销量加权成本,同星期最近8次统计,八折主要回测,2022-12-31,2023-01-01,2023-01-07,905,7,2022-12-31,通过,0.07146652113910595,0.3636323895201489,0.4521675476109344,0.7142857142857143,1.0,1.7434904634070665
水生根茎类,销量加权成本,同星期最近8次统计,近期滚动回测,2023-03-17,2023-03-18,2023-03-24,980,7,2023-03-17,通过,0.22649182138871954,1.3964907300075151,0.9512467744528671,0.42857142857142855,0.42857142857142855,2.355194532891783
水生根茎类,销量加权成本,同星期最近8次统计,近期滚动回测,2023-03-24,2023-03-25,2023-03-31,987,7,2023-03-24,通过,0.24944842469938042,1.5998264893976146,1.4914022689921158,0.42857142857142855,0.42857142857142855,2.909314033647656
水生根茎类,销量加权成本,同星期最近8次统计,近期滚动回测,2023-03-31,2023-04-01,2023-04-07,994,7,2023-03-31,通过,0.19106946953910836,1.1550293142197288,1.2625334160205128,0.8571428571428571,0.8571428571428571,3.5086911124195375
水生根茎类,销量加权成本,同星期最近8次统计,近期滚动回测,2023-04-07,2023-04-08,2023-04-14,1001,7,2023-04-07,通过,0.15868980364174787,0.972744919954396,1.2341285558134845,1.0,0.8571428571428571,3.8471291949961866
水生根茎类,销量加权成本,同星期最近8次统计,近期滚动回测,2023-04-14,2023-04-15,2023-04-21,1008,7,2023-04-14,通过,0.21299955534693774,1.4725780483821123,1.029043732726754,0.5714285714285714,0.7142857142857143,3.7428498906880208
水生根茎类,销量加权成本,同星期最近8次统计,近期滚动回测,2023-04-21,2023-04-22,2023-04-28,1015,7,2023-04-21,通过,0.28859306210262436,2.1939789760324944,3.0320895165039254,0.42857142857142855,0.7142857142857143,3.963046675452705
水生根茎类,销量加权成本,同星期最近8次统计,近期滚动回测,2023-04-28,2023-04-29,2023-05-05,1022,7,2023-04-28,通过,0.20570789437103232,1.4584874703296102,2.004789051417129,0.7142857142857143,0.8571428571428571,4.995525702817976
水生根茎类,销量加权成本,同星期最近8次统计,近期滚动回测,2023-05-05,2023-05-06,2023-05-12,1029,7,2023-05-05,通过,0.2885036191737033,2.365048671753828,2.542593354460204,0.8571428571428571,0.42857142857142855,4.945511737871541
水生根茎类,销量加权成本,同星期最近8次统计,近期滚动回测,2023-05-12,2023-05-13,2023-05-19,1036,7,2023-05-12,通过,0.2079548730169036,1.6370089187366885,2.102553959986297,1.0,0.8571428571428571,5.744237748088819
水生根茎类,销量加权成本,同星期最近8次统计,近期滚动回测,2023-05-19,2023-05-20,2023-05-26,1043,7,2023-05-19,通过,0.2967759227091252,2.731295061472344,1.7630353335275608,0.42857142857142855,0.5714285714285714,5.956493330726543
水生根茎类,销量加权成本,同星期最近8次统计,近期滚动回测,2023-05-26,2023-05-27,2023-06-02,1050,7,2023-05-26,通过,0.3380555665385874,3.450268582429377,1.44888837981504,0.42857142857142855,0.42857142857142855,6.51913216033251
水生根茎类,销量加权成本,同星期最近8次统计,近期滚动回测,2023-06-02,2023-06-03,2023-06-09,1057,7,2023-06-02,通过,0.24135406111793445,2.3263842546674844,1.4729744180462188,1.0,0.7142857142857143,7.025553246075836
水生根茎类,销量加权成本,同星期最近8次统计,近期滚动回测,2023-06-09,2023-06-10,2023-06-16,1064,7,2023-06-09,通过,0.19495280328459608,1.9497180114947874,2.5071157522383802,0.14285714285714285,0.8571428571428571,6.960106180706235
水生根茎类,销量加权成本,同星期最近8次统计,近期滚动回测,2023-06-16,2023-06-17,2023-06-23,1071,7,2023-06-16,通过,0.2535004509318844,3.105957605067864,1.1734665023993136,0.2857142857142857,0.7142857142857143,6.885027581807442
水生根茎类,销量加权成本,指数加权移动平均加周内收缩,八折主要回测,2021-03-31,2021-04-01,2021-04-07,272,7,2021-03-31,通过,0.0160486403955268,0.11535095278092962,0.1421274860972471,1.0,1.0,2.389378856083791
水生根茎类,销量加权成本,指数加权移动平均加周内收缩,八折主要回测,2021-06-30,2021-07-01,2021-07-07,363,7,2021-06-30,通过,0.17842059967856252,1.3033428955713815,1.1022741939178207,1.0,1.0,7.944421202004902
水生根茎类,销量加权成本,指数加权移动平均加周内收缩,八折主要回测,2021-09-30,2021-10-01,2021-10-07,455,7,2021-09-30,通过,0.03464341048131879,0.16254578765677546,0.12157087492124925,0.5714285714285714,1.0,3.182326026668029
水生根茎类,销量加权成本,指数加权移动平均加周内收缩,八折主要回测,2021-12-31,2022-01-01,2022-01-07,547,7,2021-12-31,通过,0.010279132342312938,0.048357154642825605,0.07091057064185351,0.7142857142857143,1.0,0.7382053122162215
水生根茎类,销量加权成本,指数加权移动平均加周内收缩,八折主要回测,2022-03-31,2022-04-01,2022-04-07,636,7,2022-03-31,通过,0.10335061474264219,0.5846471441810903,1.0388226142625945,0.8571428571428571,0.8571428571428571,3.2570398781125647
水生根茎类,销量加权成本,指数加权移动平均加周内收缩,八折主要回测,2022-06-30,2022-07-01,2022-07-07,727,7,2022-06-30,通过,0.3712299337455861,3.4031305343654084,2.1622801770144306,0.7142857142857143,1.0,12.642451542565047
水生根茎类,销量加权成本,指数加权移动平均加周内收缩,八折主要回测,2022-09-30,2022-10-01,2022-10-07,819,7,2022-09-30,通过,0.05912804274857797,0.32883066408071987,0.29694280994323446,0.14285714285714285,1.0,4.212360905729971
水生根茎类,销量加权成本,指数加权移动平均加周内收缩,八折主要回测,2022-12-31,2023-01-01,2023-01-07,905,7,2022-12-31,通过,0.07426180550472009,0.37785521605564093,0.49952014654853505,0.8571428571428571,0.8571428571428571,1.7434904634070667
水生根茎类,销量加权成本,指数加权移动平均加周内收缩,近期滚动回测,2023-03-17,2023-03-18,2023-03-24,980,7,2023-03-17,通过,0.16421910107107546,1.0125330395146264,0.9560323879753336,0.42857142857142855,0.5714285714285714,2.355194532891783
水生根茎类,销量加权成本,指数加权移动平均加周内收缩,近期滚动回测,2023-03-24,2023-03-25,2023-03-31,987,7,2023-03-24,通过,0.1707428671494878,1.095051861203944,1.532252164762382,0.42857142857142855,0.7142857142857143,2.909314033647656
水生根茎类,销量加权成本,指数加权移动平均加周内收缩,近期滚动回测,2023-03-31,2023-04-01,2023-04-07,994,7,2023-03-31,通过,0.1861535855445108,1.1253124257353466,1.524411509088133,0.8571428571428571,0.8571428571428571,3.5086911124195375
水生根茎类,销量加权成本,指数加权移动平均加周内收缩,近期滚动回测,2023-04-07,2023-04-08,2023-04-14,1001,7,2023-04-07,通过,0.06458044466597374,0.39586853115681375,0.8351114329389869,1.0,1.0,3.8471291949961866
水生根茎类,销量加权成本,指数加权移动平均加周内收缩,近期滚动回测,2023-04-14,2023-04-15,2023-04-21,1008,7,2023-04-14,通过,0.1406120132869339,0.9721248655561087,1.1085712703670694,0.5714285714285714,0.7142857142857143,3.7428498906880208
水生根茎类,销量加权成本,指数加权移动平均加周内收缩,近期滚动回测,2023-04-21,2023-04-22,2023-04-28,1015,7,2023-04-21,通过,0.27045376616326505,2.0560781074494723,2.7022088343037804,0.7142857142857143,0.7142857142857143,3.963046675452705
水生根茎类,销量加权成本,指数加权移动平均加周内收缩,近期滚动回测,2023-04-28,2023-04-29,2023-05-05,1022,7,2023-04-28,通过,0.19606361868532443,1.3901086884116023,1.8003569561351256,0.14285714285714285,1.0,4.995525702817976
水生根茎类,销量加权成本,指数加权移动平均加周内收缩,近期滚动回测,2023-05-05,2023-05-06,2023-05-12,1029,7,2023-05-05,通过,0.3055792979892875,2.5050289313351723,2.542724708855715,0.8571428571428571,0.42857142857142855,4.9455117378715405
水生根茎类,销量加权成本,指数加权移动平均加周内收缩,近期滚动回测,2023-05-12,2023-05-13,2023-05-19,1036,7,2023-05-12,通过,0.21330390010551886,1.679116155386611,1.7493712596740714,1.0,0.8571428571428571,5.744237748088817
水生根茎类,销量加权成本,指数加权移动平均加周内收缩,近期滚动回测,2023-05-19,2023-05-20,2023-05-26,1043,7,2023-05-19,通过,0.24168778146375555,2.2243066011023993,1.4506446507648008,0.7142857142857143,0.7142857142857143,5.956493330726543
水生根茎类,销量加权成本,指数加权移动平均加周内收缩,近期滚动回测,2023-05-26,2023-05-27,2023-06-02,1050,7,2023-05-26,通过,0.1827137972011524,1.8648167238138063,0.9638010941389585,0.42857142857142855,1.0,6.519132160332509
水生根茎类,销量加权成本,指数加权移动平均加周内收缩,近期滚动回测,2023-06-02,2023-06-03,2023-06-09,1057,7,2023-06-02,通过,0.08634373300389016,0.832257389906986,1.3205639258020154,1.0,1.0,7.025553246075832
水生根茎类,销量加权成本,指数加权移动平均加周内收缩,近期滚动回测,2023-06-09,2023-06-10,2023-06-16,1064,7,2023-06-09,通过,0.10242245287179633,1.0243243378967914,1.6989286096321485,0.5714285714285714,1.0,6.960106180706235
水生根茎类,销量加权成本,指数加权移动平均加周内收缩,近期滚动回测,2023-06-16,2023-06-17,2023-06-23,1071,7,2023-06-16,通过,0.21746653379386366,2.6644600907092264,0.792878769748785,0.42857142857142855,0.7142857142857143,6.885027581807442
水生根茎类,销量加权成本,阻尼趋势,八折主要回测,2021-03-31,2021-04-01,2021-04-07,272,7,2021-03-31,通过,0.019445353222914918,0.13976511194369795,0.10857008949220386,1.0,1.0,2.389378856083791
水生根茎类,销量加权成本,阻尼趋势,八折主要回测,2021-06-30,2021-07-01,2021-07-07,363,7,2021-06-30,通过,0.32449416572215245,2.37039426114621,1.1657277360789928,0.0,0.8571428571428571,7.944421202004902
水生根茎类,销量加权成本,阻尼趋势,八折主要回测,2021-09-30,2021-10-01,2021-10-07,455,7,2021-09-30,通过,0.02967901608991629,0.13925300598839627,0.06857938002710728,0.42857142857142855,1.0,3.182326026668029
水生根茎类,销量加权成本,阻尼趋势,八折主要回测,2021-12-31,2022-01-01,2022-01-07,547,7,2021-12-31,通过,0.0121516897459708,0.05716641450355388,0.06262223941022427,0.7142857142857143,1.0,0.7382053122162215
水生根茎类,销量加权成本,阻尼趋势,八折主要回测,2022-03-31,2022-04-01,2022-04-07,636,7,2022-03-31,通过,0.14317481368737733,0.8099298310844748,1.0028610996831158,0.8571428571428571,1.0,3.2570398781125647
水生根茎类,销量加权成本,阻尼趋势,八折主要回测,2022-06-30,2022-07-01,2022-07-07,727,7,2022-06-30,通过,0.3862015195747392,3.5403777126007197,1.8884833101367005,0.14285714285714285,1.0,12.642451542565045
水生根茎类,销量加权成本,阻尼趋势,八折主要回测,2022-09-30,2022-10-01,2022-10-07,819,7,2022-09-30,通过,0.04358108638208761,0.24236888133297363,0.15730753085481242,0.14285714285714285,1.0,4.212360905729972
水生根茎类,销量加权成本,阻尼趋势,八折主要回测,2022-12-31,2023-01-01,2023-01-07,905,7,2022-12-31,通过,0.09372314208469557,0.47687741849442744,0.5247615628302976,0.14285714285714285,0.7142857142857143,1.7434904634070658
水生根茎类,销量加权成本,阻尼趋势,近期滚动回测,2023-03-17,2023-03-18,2023-03-24,980,7,2023-03-17,通过,0.14072461135676187,0.8676720158753423,0.9581278307466984,0.5714285714285714,0.7142857142857143,2.355194532891783
水生根茎类,销量加权成本,阻尼趋势,近期滚动回测,2023-03-24,2023-03-25,2023-03-31,987,7,2023-03-24,通过,0.13307187578684732,0.8534506166322412,1.5542482624848326,0.5714285714285714,0.7142857142857143,2.909314033647657
水生根茎类,销量加权成本,阻尼趋势,近期滚动回测,2023-03-31,2023-04-01,2023-04-07,994,7,2023-03-31,通过,0.2302228690843921,1.3917145593049136,1.665422789970697,0.8571428571428571,0.5714285714285714,3.508691112419537
水生根茎类,销量加权成本,阻尼趋势,近期滚动回测,2023-04-07,2023-04-08,2023-04-14,1001,7,2023-04-07,通过,0.1822303731498751,1.1170451136427062,0.7032219908266893,0.0,1.0,3.847129194996186
水生根茎类,销量加权成本,阻尼趋势,近期滚动回测,2023-04-14,2023-04-15,2023-04-21,1008,7,2023-04-14,通过,0.11502350590817705,0.795218044340236,1.2761068850837962,0.42857142857142855,0.8571428571428571,3.7428498906880203
水生根茎类,销量加权成本,阻尼趋势,近期滚动回测,2023-04-21,2023-04-22,2023-04-28,1015,7,2023-04-21,通过,0.2690839827528908,2.045664565342176,2.5209700567380966,0.5714285714285714,0.7142857142857143,3.9630466754527043
水生根茎类,销量加权成本,阻尼趋势,近期滚动回测,2023-04-28,2023-04-29,2023-05-05,1022,7,2023-04-28,通过,0.1882515334904866,1.3347203018421128,1.6940498540713989,0.2857142857142857,1.0,4.995525702817976
水生根茎类,销量加权成本,阻尼趋势,近期滚动回测,2023-05-05,2023-05-06,2023-05-12,1029,7,2023-05-05,通过,0.35450040796437343,2.906066556092449,2.6538980695978047,0.8571428571428571,0.42857142857142855,4.9455117378715405
水生根茎类,销量加权成本,阻尼趋势,近期滚动回测,2023-05-12,2023-05-13,2023-05-19,1036,7,2023-05-12,通过,0.3583475802670925,2.8208917463418066,1.55919595950595,1.0,0.42857142857142855,5.744237748088817
水生根茎类,销量加权成本,阻尼趋势,近期滚动回测,2023-05-19,2023-05-20,2023-05-26,1043,7,2023-05-19,通过,0.24661339548466985,2.269638126406856,1.5631870465255708,0.8571428571428571,0.7142857142857143,5.956493330726543
水生根茎类,销量加权成本,阻尼趋势,近期滚动回测,2023-05-26,2023-05-27,2023-06-02,1050,7,2023-05-26,通过,0.09238146752384707,0.9428653350095527,0.6983067612297266,0.5714285714285714,1.0,6.51913216033251
水生根茎类,销量加权成本,阻尼趋势,近期滚动回测,2023-06-02,2023-06-03,2023-06-09,1057,7,2023-06-02,通过,0.19212306210928484,1.8518522728778375,1.2611627985968428,0.0,0.8571428571428571,7.025553246075832
水生根茎类,销量加权成本,阻尼趋势,近期滚动回测,2023-06-09,2023-06-10,2023-06-16,1064,7,2023-06-09,通过,0.09303595677379968,0.9304502299139819,1.2610826153411834,0.7142857142857143,1.0,6.960106180706235
水生根茎类,销量加权成本,阻尼趋势,近期滚动回测,2023-06-16,2023-06-17,2023-06-23,1071,7,2023-06-16,通过,0.20244065560362726,2.4803588772154157,0.7204144721530831,1.0,0.8571428571428571,6.885027581807442
水生根茎类,销量加权成本,指数平滑,八折主要回测,2021-03-31,2021-04-01,2021-04-07,272,7,2021-03-31,通过,0.01891405548788277,0.13594636478282382,0.10566441016380261,1.0,1.0,2.389378856083791
水生根茎类,销量加权成本,指数平滑,八折主要回测,2021-06-30,2021-07-01,2021-07-07,363,7,2021-06-30,通过,0.20216220506672494,1.4767727168356726,1.151947895373235,1.0,1.0,7.944421202004902
水生根茎类,销量加权成本,指数平滑,八折主要回测,2021-09-30,2021-10-01,2021-10-07,455,7,2021-09-30,通过,0.011191462041602976,0.05250998638151432,0.06461443389896315,0.42857142857142855,1.0,3.182326026668029
水生根茎类,销量加权成本,指数平滑,八折主要回测,2021-12-31,2022-01-01,2022-01-07,547,7,2021-12-31,通过,0.012096615383843125,0.05690732265050905,0.06273224215179818,0.7142857142857143,1.0,0.7382053122162215
水生根茎类,销量加权成本,指数平滑,八折主要回测,2022-03-31,2022-04-01,2022-04-07,636,7,2022-03-31,通过,0.105199219909928,0.5951045733358501,1.002135789764182,0.8571428571428571,0.8571428571428571,3.2570398781125647
水生根茎类,销量加权成本,指数平滑,八折主要回测,2022-06-30,2022-07-01,2022-07-07,727,7,2022-06-30,通过,0.3357159916760013,3.077567939147761,1.8651244547359525,0.8571428571428571,1.0,12.642451542565047
水生根茎类,销量加权成本,指数平滑,八折主要回测,2022-09-30,2022-10-01,2022-10-07,819,7,2022-09-30,通过,0.09103306477273174,0.5062650774659794,0.16029710716743542,0.14285714285714285,1.0,4.2123609057299705
水生根茎类,销量加权成本,指数平滑,八折主要回测,2022-12-31,2023-01-01,2023-01-07,905,7,2022-12-31,通过,0.07853481996780028,0.3995969551930421,0.525017699822628,0.8571428571428571,0.7142857142857143,1.7434904634070654
水生根茎类,销量加权成本,指数平滑,近期滚动回测,2023-03-17,2023-03-18,2023-03-24,980,7,2023-03-17,通过,0.1540385978331255,0.9497626564101145,0.9586092567951234,0.42857142857142855,0.7142857142857143,2.355194532891783
水生根茎类,销量加权成本,指数平滑,近期滚动回测,2023-03-24,2023-03-25,2023-03-31,987,7,2023-03-24,通过,0.1453228573964282,0.9320217478139696,1.5542482624848326,0.42857142857142855,0.7142857142857143,2.909314033647656
水生根茎类,销量加权成本,指数平滑,近期滚动回测,2023-03-31,2023-04-01,2023-04-07,994,7,2023-03-31,通过,0.22367111273466947,1.3521086993953797,1.665422789970697,0.8571428571428571,0.8571428571428571,3.5086911124195375
水生根茎类,销量加权成本,指数平滑,近期滚动回测,2023-04-07,2023-04-08,2023-04-14,1001,7,2023-04-07,通过,0.08759961323608698,0.5369726145590618,0.7033834748396438,1.0,1.0,3.8471291949961857
水生根茎类,销量加权成本,指数平滑,近期滚动回测,2023-04-14,2023-04-15,2023-04-21,1008,7,2023-04-14,通过,0.12405584083949656,0.8576633303119906,1.2845099667398938,0.5714285714285714,0.8571428571428571,3.7428498906880208
水生根茎类,销量加权成本,指数平滑,近期滚动回测,2023-04-21,2023-04-22,2023-04-28,1015,7,2023-04-21,通过,0.2653298244962634,2.017124224740328,2.524580774657549,0.5714285714285714,0.7142857142857143,3.9630466754527056
水生根茎类,销量加权成本,指数平滑,近期滚动回测,2023-04-28,2023-04-29,2023-05-05,1022,7,2023-04-28,通过,0.23750097069654208,1.6839032406177084,1.6902781355986622,0.2857142857142857,0.7142857142857143,4.995525702817976
水生根茎类,销量加权成本,指数平滑,近期滚动回测,2023-05-05,2023-05-06,2023-05-12,1029,7,2023-05-05,通过,0.31673687486055363,2.596494724502541,2.6599188077132485,0.8571428571428571,0.5714285714285714,4.9455117378715405
水生根茎类,销量加权成本,指数平滑,近期滚动回测,2023-05-12,2023-05-13,2023-05-19,1036,7,2023-05-12,通过,0.259400163743798,2.041983317870305,1.55919595950595,1.0,0.8571428571428571,5.744237748088817
水生根茎类,销量加权成本,指数平滑,近期滚动回测,2023-05-19,2023-05-20,2023-05-26,1043,7,2023-05-19,通过,0.2226956572020509,2.0495178421985827,1.5694999933871001,0.8571428571428571,0.7142857142857143,5.95649333072654
水生根茎类,销量加权成本,指数平滑,近期滚动回测,2023-05-26,2023-05-27,2023-06-02,1050,7,2023-05-26,通过,0.12315324065661182,1.2569287392975685,0.7026002480056839,0.42857142857142855,1.0,6.51913216033251
水生根茎类,销量加权成本,指数平滑,近期滚动回测,2023-06-02,2023-06-03,2023-06-09,1057,7,2023-06-02,通过,0.12991480703793937,1.252234000709626,1.2611627985968428,1.0,1.0,7.025553246075832
水生根茎类,销量加权成本,指数平滑,近期滚动回测,2023-06-09,2023-06-10,2023-06-16,1064,7,2023-06-09,通过,0.08022205895628776,0.802298764783289,1.2637509174595627,0.7142857142857143,1.0,6.960106180706235
水生根茎类,销量加权成本,指数平滑,近期滚动回测,2023-06-16,2023-06-17,2023-06-23,1071,7,2023-06-16,通过,0.19482410078342782,2.3870387419602275,0.7221692609745048,1.0,0.8571428571428571,6.885027581807442
水生根茎类,销量加权成本,滞后稳健回归,八折主要回测,2021-03-31,2021-04-01,2021-04-07,272,7,2021-03-31,通过,0.025906573238753186,0.1862056742957521,0.10566441016380261,0.0,1.0,2.389378856083791
水生根茎类,销量加权成本,滞后稳健回归,八折主要回测,2021-06-30,2021-07-01,2021-07-07,363,7,2021-06-30,通过,0.3070187850763162,2.242738523786344,1.151947895373235,1.0,0.8571428571428571,7.944421202004902
水生根茎类,销量加权成本,滞后稳健回归,八折主要回测,2021-09-30,2021-10-01,2021-10-07,455,7,2021-09-30,通过,0.018379533974766736,0.08623619283395671,0.06461443389896315,0.42857142857142855,1.0,3.182326026668029
水生根茎类,销量加权成本,滞后稳健回归,八折主要回测,2021-12-31,2022-01-01,2022-01-07,547,7,2021-12-31,通过,0.012704718610022706,0.059768083731103365,0.06273224215179818,0.7142857142857143,1.0,0.7382053122162215
水生根茎类,销量加权成本,滞后稳健回归,八折主要回测,2022-03-31,2022-04-01,2022-04-07,636,7,2022-03-31,通过,0.15213398201431874,0.8606112149313656,1.002135789764182,0.14285714285714285,1.0,3.2570398781125647
水生根茎类,销量加权成本,滞后稳健回归,八折主要回测,2022-06-30,2022-07-01,2022-07-07,727,7,2022-06-30,通过,0.3709512789055516,3.400576056106874,1.8651244547359525,0.14285714285714285,1.0,12.642451542565047
水生根茎类,销量加权成本,滞后稳健回归,八折主要回测,2022-09-30,2022-10-01,2022-10-07,819,7,2022-09-30,通过,0.032968565290654984,0.1833491303680161,0.16029710716743542,0.14285714285714285,1.0,4.212360905729972
水生根茎类,销量加权成本,滞后稳健回归,八折主要回测,2022-12-31,2023-01-01,2023-01-07,905,7,2022-12-31,通过,0.09177790498611764,0.46697976007948505,0.525017699822628,0.14285714285714285,0.7142857142857143,1.7434904634070654
水生根茎类,销量加权成本,滞后稳健回归,近期滚动回测,2023-03-17,2023-03-18,2023-03-24,980,7,2023-03-17,通过,0.14155028970011774,0.8727629376816773,0.9586092567951234,0.42857142857142855,0.7142857142857143,2.355194532891783
水生根茎类,销量加权成本,滞后稳健回归,近期滚动回测,2023-03-24,2023-03-25,2023-03-31,987,7,2023-03-24,通过,0.1334872119905974,0.8561143570890752,1.5542482624848326,0.42857142857142855,0.7142857142857143,2.909314033647656
水生根茎类,销量加权成本,滞后稳健回归,近期滚动回测,2023-03-31,2023-04-01,2023-04-07,994,7,2023-03-31,通过,0.3066440609681807,1.8536864120886452,1.665422789970697,0.8571428571428571,0.42857142857142855,3.5086911124195375
水生根茎类,销量加权成本,滞后稳健回归,近期滚动回测,2023-04-07,2023-04-08,2023-04-14,1001,7,2023-04-07,通过,0.1621806064994195,0.9941430228471836,0.7033834748396438,1.0,1.0,3.847129194996186
水生根茎类,销量加权成本,滞后稳健回归,近期滚动回测,2023-04-14,2023-04-15,2023-04-21,1008,7,2023-04-14,通过,0.11210571489458274,0.7750458191476197,1.2845099667398938,0.5714285714285714,0.8571428571428571,3.7428498906880208
水生根茎类,销量加权成本,滞后稳健回归,近期滚动回测,2023-04-21,2023-04-22,2023-04-28,1015,7,2023-04-21,通过,0.2729826929174476,2.0753038368907073,2.524580774657549,0.5714285714285714,0.7142857142857143,3.9630466754527056
水生根茎类,销量加权成本,滞后稳健回归,近期滚动回测,2023-04-28,2023-04-29,2023-05-05,1022,7,2023-04-28,通过,0.18211828077888995,1.2912349885556214,1.6902781355986622,0.2857142857142857,1.0,4.995525702817976
水生根茎类,销量加权成本,滞后稳健回归,近期滚动回测,2023-05-05,2023-05-06,2023-05-12,1029,7,2023-05-05,通过,0.35641900517814445,2.9217945244453447,2.6599188077132485,0.8571428571428571,0.42857142857142855,4.9455117378715405
水生根茎类,销量加权成本,滞后稳健回归,近期滚动回测,2023-05-12,2023-05-13,2023-05-19,1036,7,2023-05-12,通过,0.5320711847095803,4.188434068104667,1.55919595950595,0.0,0.14285714285714285,5.744237748088817
水生根茎类,销量加权成本,滞后稳健回归,近期滚动回测,2023-05-19,2023-05-20,2023-05-26,1043,7,2023-05-19,通过,0.25051733211867744,2.3055669266660894,1.5694999933871001,0.8571428571428571,0.7142857142857143,5.95649333072654
水生根茎类,销量加权成本,滞后稳健回归,近期滚动回测,2023-05-26,2023-05-27,2023-06-02,1050,7,2023-05-26,通过,0.09673348924597568,0.9872830145397506,0.7026002480056839,0.5714285714285714,1.0,6.51913216033251
水生根茎类,销量加权成本,滞后稳健回归,近期滚动回测,2023-06-02,2023-06-03,2023-06-09,1057,7,2023-06-02,通过,0.1988482670273469,1.9166757556828233,1.2611627985968428,0.0,0.8571428571428571,7.025553246075832
水生根茎类,销量加权成本,滞后稳健回归,近期滚动回测,2023-06-09,2023-06-10,2023-06-16,1064,7,2023-06-09,通过,0.0984408548160623,0.9845044773305153,1.2637509174595627,0.7142857142857143,1.0,6.960106180706235
水生根茎类,销量加权成本,滞后稳健回归,近期滚动回测,2023-06-16,2023-06-17,2023-06-23,1071,7,2023-06-16,通过,0.21231336365531026,2.6013220255767533,0.7221692609745048,1.0,0.7142857142857143,6.885027581807442
水生根茎类,固定篮子成本,近7日均值,八折主要回测,2021-03-31,2021-04-01,2021-04-07,271,7,2021-03-31,通过,0.04277054567748625,0.30973661656737,0.01126962769596688,0.2857142857142857,1.0,2.355070220376166
水生根茎类,固定篮子成本,近7日均值,八折主要回测,2021-06-30,2021-07-01,2021-07-07,362,7,2021-06-30,通过,0.08703187398523413,0.9240347820731402,0.03572869734409245,0.0,1.0,9.080440128019772
水生根茎类,固定篮子成本,近7日均值,八折主要回测,2021-09-30,2021-10-01,2021-10-07,454,7,2021-09-30,通过,0.031077319194753168,0.15062965634382916,0.17370780657957763,0.5714285714285714,1.0,2.7195754651712276
水生根茎类,固定篮子成本,近7日均值,八折主要回测,2021-12-31,2022-01-01,2022-01-07,546,7,2021-12-31,通过,0.000277329652655453,0.0013070951373966061,0.001047411318953806,1.0,1.0,0.8583680951684762
水生根茎类,固定篮子成本,近7日均值,八折主要回测,2022-03-31,2022-04-01,2022-04-07,635,7,2022-03-31,通过,0.04734511656957268,0.24104564678574494,0.05659093238213453,0.14285714285714285,1.0,3.6637990368109357
水生根茎类,固定篮子成本,近7日均值,八折主要回测,2022-06-30,2022-07-01,2022-07-07,726,7,2022-06-30,通过,0.19827155495305626,1.6705068870281126,0.304308462091476,1.0,1.0,10.03442736095215
水生根茎类,固定篮子成本,近7日均值,八折主要回测,2022-09-30,2022-10-01,2022-10-07,818,7,2022-09-30,通过,0.1902405399633655,0.9260610791026804,0.1338042592653507,0.0,1.0,3.5037153161212657
水生根茎类,固定篮子成本,近7日均值,八折主要回测,2022-12-31,2023-01-01,2023-01-07,904,7,2022-12-31,通过,0.2639155468072584,1.4144490026423833,1.0154891177228336,0.5714285714285714,0.42857142857142855,0.8762268402970275
水生根茎类,固定篮子成本,近7日均值,近期滚动回测,2023-03-17,2023-03-18,2023-03-24,979,7,2023-03-17,通过,0.005739413002078849,0.022873508150968686,0.029425226575290564,1.0,1.0,1.32331377482578
水生根茎类,固定篮子成本,近7日均值,近期滚动回测,2023-03-24,2023-03-25,2023-03-31,986,7,2023-03-24,通过,0.03583661471692914,0.13793872614540423,0.28729193924375424,0.8571428571428571,0.8571428571428571,1.0091235771696605
水生根茎类,固定篮子成本,近7日均值,近期滚动回测,2023-03-31,2023-04-01,2023-04-07,993,7,2023-03-31,通过,0.049820331516491734,0.19042298797051244,0.2908153734840968,1.0,0.8571428571428571,0.7616202464725834
水生根茎类,固定篮子成本,近7日均值,近期滚动回测,2023-04-07,2023-04-08,2023-04-14,1000,7,2023-04-07,通过,0.034504781995789886,0.1365972396118194,0.016615758870075048,0.7142857142857143,1.0,0.6749991355792725
水生根茎类,固定篮子成本,近7日均值,近期滚动回测,2023-04-14,2023-04-15,2023-04-21,1007,7,2023-04-14,通过,0.07041548203742334,0.26166628739782466,0.29542730739932016,0.8571428571428571,0.7142857142857143,0.5856497663270339
水生根茎类,固定篮子成本,近7日均值,近期滚动回测,2023-04-21,2023-04-22,2023-04-28,1014,7,2023-04-21,通过,0.10505162030510859,0.3608785059685964,0.24192770774105696,0.8571428571428571,0.5714285714285714,0.7597792248069523
水生根茎类,固定篮子成本,近7日均值,近期滚动回测,2023-04-28,2023-04-29,2023-05-05,1021,7,2023-04-28,通过,0.07310633363692431,0.24211518149980712,0.17450705282448312,0.7142857142857143,1.0,0.9716183553766653
水生根茎类,固定篮子成本,近7日均值,近期滚动回测,2023-05-05,2023-05-06,2023-05-12,1028,7,2023-05-05,通过,0.06755429703643624,0.2265845578172882,0.13086520554029776,0.8571428571428571,1.0,1.1284001107597614
水生根茎类,固定篮子成本,近7日均值,近期滚动回测,2023-05-12,2023-05-13,2023-05-19,1035,7,2023-05-12,通过,0.05059212462113287,0.17873409989114272,0.08940357018294313,0.42857142857142855,1.0,1.1991402463447638
水生根茎类,固定篮子成本,近7日均值,近期滚动回测,2023-05-19,2023-05-20,2023-05-26,1042,7,2023-05-19,通过,0.04539683813210314,0.16640984737791983,0.1095047745652693,0.5714285714285714,1.0,1.1639582735764904
水生根茎类,固定篮子成本,近7日均值,近期滚动回测,2023-05-26,2023-05-27,2023-06-02,1049,7,2023-05-26,通过,0.01454743417112455,0.05293519577277385,0.0816138082474851,1.0,1.0,1.1074421686074656
水生根茎类,固定篮子成本,近7日均值,近期滚动回测,2023-06-02,2023-06-03,2023-06-09,1056,7,2023-06-02,通过,0.0251212575204174,0.09187554571931278,0.08284966526225716,0.42857142857142855,1.0,1.0268156855868293
水生根茎类,固定篮子成本,近7日均值,近期滚动回测,2023-06-09,2023-06-10,2023-06-16,1063,7,2023-06-09,通过,0.11656743052661063,0.4768290709859853,0.39467804598179757,0.5714285714285714,0.7142857142857143,0.9361391805872932
水生根茎类,固定篮子成本,近7日均值,近期滚动回测,2023-06-16,2023-06-17,2023-06-23,1070,7,2023-06-16,通过,0.6320444810435158,7.026480154379208,0.05114672736283913,0.0,0.0,1.3271887564927933
水生根茎类,固定篮子成本,近14日均值,八折主要回测,2021-03-31,2021-04-01,2021-04-07,271,7,2021-03-31,通过,0.051781430558699854,0.3749918278623316,0.01126962769596688,0.2857142857142857,1.0,2.3550702203761653
水生根茎类,固定篮子成本,近14日均值,八折主要回测,2021-06-30,2021-07-01,2021-07-07,362,7,2021-06-30,通过,0.2182350452076658,2.317045045742673,0.03572869734409245,0.0,1.0,9.080440128019774
水生根茎类,固定篮子成本,近14日均值,八折主要回测,2021-09-30,2021-10-01,2021-10-07,454,7,2021-09-30,通过,0.034187568245958755,0.16570482234482434,0.17370780657957763,0.42857142857142855,1.0,2.719575465171228
水生根茎类,固定篮子成本,近14日均值,八折主要回测,2021-12-31,2022-01-01,2022-01-07,546,7,2021-12-31,通过,0.0007548529404814422,0.003557732101509638,0.001047411318953806,1.0,1.0,0.8583680951684762
水生根茎类,固定篮子成本,近14日均值,八折主要回测,2022-03-31,2022-04-01,2022-04-07,635,7,2022-03-31,通过,0.024412365827323625,0.12428936576321016,0.05659093238213453,0.8571428571428571,1.0,3.6637990368109357
水生根茎类,固定篮子成本,近14日均值,八折主要回测,2022-06-30,2022-07-01,2022-07-07,726,7,2022-06-30,通过,0.42754435380801864,3.602210048311672,0.304308462091476,0.0,1.0,10.03442736095215
水生根茎类,固定篮子成本,近14日均值,八折主要回测,2022-09-30,2022-10-01,2022-10-07,818,7,2022-09-30,通过,0.27663564272578156,1.3466188745586691,0.1338042592653507,0.0,1.0,3.5037153161212657
水生根茎类,固定篮子成本,近14日均值,八折主要回测,2022-12-31,2023-01-01,2023-01-07,904,7,2022-12-31,通过,0.26664736588208554,1.4290901210324665,1.0154891177228336,0.42857142857142855,0.42857142857142855,0.8762268402970275
水生根茎类,固定篮子成本,近14日均值,近期滚动回测,2023-03-17,2023-03-18,2023-03-24,979,7,2023-03-17,通过,0.007431841660023862,0.02961841058061029,0.029425226575290564,1.0,1.0,1.3233137748257793
水生根茎类,固定篮子成本,近14日均值,近期滚动回测,2023-03-24,2023-03-25,2023-03-31,986,7,2023-03-24,通过,0.03501766915797248,0.13478652251017767,0.28729193924375424,0.8571428571428571,0.8571428571428571,1.0091235771696605
水生根茎类,固定篮子成本,近14日均值,近期滚动回测,2023-03-31,2023-04-01,2023-04-07,993,7,2023-03-31,通过,0.037090270703753266,0.1417662218828449,0.2908153734840968,1.0,0.8571428571428571,0.7616202464725829
水生根茎类,固定篮子成本,近14日均值,近期滚动回测,2023-04-07,2023-04-08,2023-04-14,1000,7,2023-04-07,通过,0.03110651889378701,0.12314422433802548,0.016615758870075048,0.7142857142857143,1.0,0.6749991355792725
水生根茎类,固定篮子成本,近14日均值,近期滚动回测,2023-04-14,2023-04-15,2023-04-21,1007,7,2023-04-14,通过,0.07574040449905262,0.2814538774405272,0.29542730739932016,0.8571428571428571,0.7142857142857143,0.585649766327033
水生根茎类,固定篮子成本,近14日均值,近期滚动回测,2023-04-21,2023-04-22,2023-04-28,1014,7,2023-04-21,通过,0.1302897652115167,0.4475778257962277,0.24192770774105696,0.8571428571428571,0.5714285714285714,0.7597792248069517
水生根茎类,固定篮子成本,近14日均值,近期滚动回测,2023-04-28,2023-04-29,2023-05-05,1021,7,2023-04-28,通过,0.09127398526652654,0.3022832141845258,0.17450705282448312,0.7142857142857143,1.0,0.9716183553766653
水生根茎类,固定篮子成本,近14日均值,近期滚动回测,2023-05-05,2023-05-06,2023-05-12,1028,7,2023-05-05,通过,0.059668850193031045,0.20013590000295242,0.13086520554029776,0.8571428571428571,0.8571428571428571,1.1284001107597614
水生根茎类,固定篮子成本,近14日均值,近期滚动回测,2023-05-12,2023-05-13,2023-05-19,1035,7,2023-05-12,通过,0.056577100720474116,0.19987808868379617,0.08940357018294313,0.42857142857142855,1.0,1.1991402463447638
水生根茎类,固定篮子成本,近14日均值,近期滚动回测,2023-05-19,2023-05-20,2023-05-26,1042,7,2023-05-19,通过,0.06061460597475366,0.22219316904360362,0.1095047745652693,0.5714285714285714,1.0,1.1639582735764906
水生根茎类,固定篮子成本,近14日均值,近期滚动回测,2023-05-26,2023-05-27,2023-06-02,1049,7,2023-05-26,通过,0.0220409042616056,0.08020243077730774,0.0816138082474851,1.0,1.0,1.1074421686074665
水生根茎类,固定篮子成本,近14日均值,近期滚动回测,2023-06-02,2023-06-03,2023-06-09,1056,7,2023-06-02,通过,0.023546847298262223,0.08611748212599915,0.08284966526225716,0.42857142857142855,1.0,1.0268156855868293
水生根茎类,固定篮子成本,近14日均值,近期滚动回测,2023-06-09,2023-06-10,2023-06-16,1063,7,2023-06-09,通过,0.11689018267995303,0.47814931634733304,0.39467804598179757,0.5714285714285714,0.7142857142857143,0.9361391805872932
水生根茎类,固定篮子成本,近14日均值,近期滚动回测,2023-06-16,2023-06-17,2023-06-23,1070,7,2023-06-16,通过,0.6515326649531071,7.2431315793858095,0.05114672736283913,0.0,0.0,1.3271887564927936
水生根茎类,固定篮子成本,近7日中位数,八折主要回测,2021-03-31,2021-04-01,2021-04-07,271,7,2021-03-31,通过,0.05999270763228795,0.4344564229051104,0.01126962769596688,0.2857142857142857,1.0,2.3550702203761653
水生根茎类,固定篮子成本,近7日中位数,八折主要回测,2021-06-30,2021-07-01,2021-07-07,362,7,2021-06-30,通过,0.008851497565467182,0.09397811685998013,0.03572869734409245,0.0,1.0,9.080440128019772
水生根茎类,固定篮子成本,近7日中位数,八折主要回测,2021-09-30,2021-10-01,2021-10-07,454,7,2021-09-30,通过,0.04124779163091558,0.19992524578360868,0.17370780657957763,0.5714285714285714,1.0,2.7195754651712276
水生根茎类,固定篮子成本,近7日中位数,八折主要回测,2021-12-31,2022-01-01,2022-01-07,546,7,2021-12-31,通过,0.00031113109802050705,0.001466406283718667,0.001047411318953806,1.0,1.0,0.8583680951684745
水生根茎类,固定篮子成本,近7日中位数,八折主要回测,2022-03-31,2022-04-01,2022-04-07,635,7,2022-03-31,通过,0.04307877739607844,0.21932466350395088,0.05659093238213453,0.8571428571428571,1.0,3.6637990368109357
水生根茎类,固定篮子成本,近7日中位数,八折主要回测,2022-06-30,2022-07-01,2022-07-07,726,7,2022-06-30,通过,0.1972890102315903,1.6622286056356523,0.304308462091476,1.0,1.0,10.03442736095215
水生根茎类,固定篮子成本,近7日中位数,八折主要回测,2022-09-30,2022-10-01,2022-10-07,818,7,2022-09-30,通过,0.059166905249713325,0.2880152050307829,0.1338042592653507,1.0,1.0,3.5037153161212657
水生根茎类,固定篮子成本,近7日中位数,八折主要回测,2022-12-31,2023-01-01,2023-01-07,904,7,2022-12-31,通过,0.26407396252731596,1.4152980278701464,1.0154891177228336,0.0,0.42857142857142855,0.8762268402970275
水生根茎类,固定篮子成本,近7日中位数,近期滚动回测,2023-03-17,2023-03-18,2023-03-24,979,7,2023-03-17,通过,0.009871659690692553,0.03934191324389084,0.029425226575290564,1.0,1.0,1.3233137748257793
水生根茎类,固定篮子成本,近7日中位数,近期滚动回测,2023-03-24,2023-03-25,2023-03-31,986,7,2023-03-24,通过,0.03543907934549468,0.13640857260923595,0.28729193924375424,0.8571428571428571,0.8571428571428571,1.0091235771696612
水生根茎类,固定篮子成本,近7日中位数,近期滚动回测,2023-03-31,2023-04-01,2023-04-07,993,7,2023-03-31,通过,0.03903954126354071,0.14921671273786474,0.2908153734840968,1.0,0.8571428571428571,0.7616202464725834
水生根茎类,固定篮子成本,近7日中位数,近期滚动回测,2023-04-07,2023-04-08,2023-04-14,1000,7,2023-04-07,通过,0.005651841258474914,0.0223744614507654,0.016615758870075048,0.7142857142857143,1.0,0.6749991355792725
水生根茎类,固定篮子成本,近7日中位数,近期滚动回测,2023-04-14,2023-04-15,2023-04-21,1007,7,2023-04-14,通过,0.07041330970201069,0.26165821492674357,0.29542730739932016,0.8571428571428571,0.7142857142857143,0.585649766327033
水生根茎类,固定篮子成本,近7日中位数,近期滚动回测,2023-04-21,2023-04-22,2023-04-28,1014,7,2023-04-21,通过,0.15680201100820637,0.5386539998256568,0.24192770774105696,0.8571428571428571,0.5714285714285714,0.7597792248069523
水生根茎类,固定篮子成本,近7日中位数,近期滚动回测,2023-04-28,2023-04-29,2023-05-05,1021,7,2023-04-28,通过,0.09362987559031241,0.31008550414985053,0.17450705282448312,0.7142857142857143,1.0,0.971618355376666
水生根茎类,固定篮子成本,近7日中位数,近期滚动回测,2023-05-05,2023-05-06,2023-05-12,1028,7,2023-05-05,通过,0.08178876601885578,0.27432853564901405,0.13086520554029776,0.0,1.0,1.1284001107597614
水生根茎类,固定篮子成本,近7日中位数,近期滚动回测,2023-05-12,2023-05-13,2023-05-19,1035,7,2023-05-12,通过,0.02757561151738674,0.0974203424034336,0.08940357018294313,0.42857142857142855,1.0,1.1991402463447633
水生根茎类,固定篮子成本,近7日中位数,近期滚动回测,2023-05-19,2023-05-20,2023-05-26,1042,7,2023-05-19,通过,0.04256353296953322,0.15602388441049214,0.1095047745652693,0.5714285714285714,1.0,1.1639582735764906
水生根茎类,固定篮子成本,近7日中位数,近期滚动回测,2023-05-26,2023-05-27,2023-06-02,1049,7,2023-05-26,通过,0.026144440749598607,0.09513437718087335,0.0816138082474851,0.0,1.0,1.1074421686074665
水生根茎类,固定篮子成本,近7日中位数,近期滚动回测,2023-06-02,2023-06-03,2023-06-09,1056,7,2023-06-02,通过,0.022494267113150175,0.08226789860726383,0.08284966526225716,0.0,1.0,1.0268156855868293
水生根茎类,固定篮子成本,近7日中位数,近期滚动回测,2023-06-09,2023-06-10,2023-06-16,1063,7,2023-06-09,通过,0.11605540186736452,0.47473457384554446,0.39467804598179757,0.5714285714285714,0.7142857142857143,0.9361391805872934
水生根茎类,固定篮子成本,近7日中位数,近期滚动回测,2023-06-16,2023-06-17,2023-06-23,1070,7,2023-06-16,通过,0.6676467857753512,7.422273322662848,0.05114672736283913,0.0,0.0,1.3271887564927933
水生根茎类,固定篮子成本,近14日中位数,八折主要回测,2021-03-31,2021-04-01,2021-04-07,271,7,2021-03-31,通过,0.06104625083281125,0.4420859937036287,0.01126962769596688,0.2857142857142857,1.0,2.3550702203761653
水生根茎类,固定篮子成本,近14日中位数,八折主要回测,2021-06-30,2021-07-01,2021-07-07,362,7,2021-06-30,通过,0.2896763587101649,3.075551734504777,0.03572869734409245,0.0,1.0,9.080440128019774
水生根茎类,固定篮子成本,近14日中位数,八折主要回测,2021-09-30,2021-10-01,2021-10-07,454,7,2021-09-30,通过,0.05104170654238802,0.24739568646514812,0.17370780657957763,0.42857142857142855,1.0,2.719575465171228
水生根茎类,固定篮子成本,近14日中位数,八折主要回测,2021-12-31,2022-01-01,2022-01-07,546,7,2021-12-31,通过,0.00015072437719600365,0.0007103859923871525,0.001047411318953806,1.0,1.0,0.8583680951684762
水生根茎类,固定篮子成本,近14日中位数,八折主要回测,2022-03-31,2022-04-01,2022-04-07,635,7,2022-03-31,通过,0.02965097760401012,0.15096042828166947,0.05659093238213453,0.8571428571428571,1.0,3.6637990368109357
水生根茎类,固定篮子成本,近14日中位数,八折主要回测,2022-06-30,2022-07-01,2022-07-07,726,7,2022-06-30,通过,0.37000540966868917,3.117424409343776,0.304308462091476,0.0,1.0,10.03442736095215
水生根茎类,固定篮子成本,近14日中位数,八折主要回测,2022-09-30,2022-10-01,2022-10-07,818,7,2022-09-30,通过,0.07322787863460167,0.3564618157718546,0.1338042592653507,1.0,1.0,3.5037153161212657
水生根茎类,固定篮子成本,近14日中位数,八折主要回测,2022-12-31,2023-01-01,2023-01-07,904,7,2022-12-31,通过,0.26526127102912184,1.4216613791259731,1.0154891177228336,0.42857142857142855,0.42857142857142855,0.8762268402970275
水生根茎类,固定篮子成本,近14日中位数,近期滚动回测,2023-03-17,2023-03-18,2023-03-24,979,7,2023-03-17,通过,0.008911444884669092,0.03551513144855686,0.029425226575290564,1.0,1.0,1.3233137748257793
水生根茎类,固定篮子成本,近14日中位数,近期滚动回测,2023-03-24,2023-03-25,2023-03-31,986,7,2023-03-24,通过,0.04005620801976681,0.15418036419192852,0.28729193924375424,0.8571428571428571,0.8571428571428571,1.0091235771696605
水生根茎类,固定篮子成本,近14日中位数,近期滚动回测,2023-03-31,2023-04-01,2023-04-07,993,7,2023-03-31,通过,0.040490288471298326,0.15476175047009333,0.2908153734840968,0.0,0.8571428571428571,0.7616202464725834
水生根茎类,固定篮子成本,近14日中位数,近期滚动回测,2023-04-07,2023-04-08,2023-04-14,1000,7,2023-04-07,通过,0.005325601544756543,0.02108294642681547,0.016615758870075048,0.7142857142857143,1.0,0.6749991355792719
水生根茎类,固定篮子成本,近14日中位数,近期滚动回测,2023-04-14,2023-04-15,2023-04-21,1007,7,2023-04-14,通过,0.07069211344138526,0.2626942589512096,0.29542730739932016,0.8571428571428571,0.7142857142857143,0.5856497663270339
水生根茎类,固定篮子成本,近14日中位数,近期滚动回测,2023-04-21,2023-04-22,2023-04-28,1014,7,2023-04-21,通过,0.15579828313001692,0.5352059443265792,0.24192770774105696,0.8571428571428571,0.5714285714285714,0.7597792248069517
水生根茎类,固定篮子成本,近14日中位数,近期滚动回测,2023-04-28,2023-04-29,2023-05-05,1021,7,2023-04-28,通过,0.09428884206780722,0.3122678839843162,0.17450705282448312,0.2857142857142857,0.8571428571428571,0.971618355376666
水生根茎类,固定篮子成本,近14日中位数,近期滚动回测,2023-05-05,2023-05-06,2023-05-12,1028,7,2023-05-05,通过,0.08172099831094363,0.27410123528759833,0.13086520554029776,0.8571428571428571,1.0,1.1284001107597614
水生根茎类,固定篮子成本,近14日中位数,近期滚动回测,2023-05-12,2023-05-13,2023-05-19,1035,7,2023-05-12,通过,0.05203476883648134,0.18383073730703345,0.08940357018294313,0.42857142857142855,1.0,1.1991402463447638
水生根茎类,固定篮子成本,近14日中位数,近期滚动回测,2023-05-19,2023-05-20,2023-05-26,1042,7,2023-05-19,通过,0.049994760796395976,0.18326431655028644,0.1095047745652693,0.5714285714285714,1.0,1.1639582735764904
水生根茎类,固定篮子成本,近14日中位数,近期滚动回测,2023-05-26,2023-05-27,2023-06-02,1049,7,2023-05-26,通过,0.02432749077827205,0.08852286058556766,0.0816138082474851,1.0,1.0,1.1074421686074665
水生根茎类,固定篮子成本,近14日中位数,近期滚动回测,2023-06-02,2023-06-03,2023-06-09,1056,7,2023-06-02,通过,0.021426581523965735,0.07836307035241871,0.08284966526225716,0.5714285714285714,1.0,1.0268156855868293
水生根茎类,固定篮子成本,近14日中位数,近期滚动回测,2023-06-09,2023-06-10,2023-06-16,1063,7,2023-06-09,通过,0.11600143411010692,0.4745138141063953,0.39467804598179757,0.5714285714285714,0.7142857142857143,0.9361391805872934
水生根茎类,固定篮子成本,近14日中位数,近期滚动回测,2023-06-16,2023-06-17,2023-06-23,1070,7,2023-06-16,通过,0.6666191674302953,7.410849221789614,0.05114672736283913,0.0,0.0,1.3271887564927936
水生根茎类,固定篮子成本,指数加权移动平均,八折主要回测,2021-03-31,2021-04-01,2021-04-07,271,7,2021-03-31,通过,0.024215447034610225,0.17536392193178457,0.01126962769596688,0.2857142857142857,1.0,2.355070220376166
水生根茎类,固定篮子成本,指数加权移动平均,八折主要回测,2021-06-30,2021-07-01,2021-07-07,362,7,2021-06-30,通过,0.04094137052120532,0.43468270479567195,0.03572869734409245,0.0,1.0,9.080440128019774
水生根茎类,固定篮子成本,指数加权移动平均,八折主要回测,2021-09-30,2021-10-01,2021-10-07,454,7,2021-09-30,通过,0.0221067318227322,0.10714982835152462,0.17370780657957763,0.42857142857142855,1.0,2.719575465171228
水生根茎类,固定篮子成本,指数加权移动平均,八折主要回测,2021-12-31,2022-01-01,2022-01-07,546,7,2021-12-31,通过,0.00025931992952332847,0.0012222126832253416,0.001047411318953806,1.0,1.0,0.8583680951684762
水生根茎类,固定篮子成本,指数加权移动平均,八折主要回测,2022-03-31,2022-04-01,2022-04-07,635,7,2022-03-31,通过,0.04228913931614308,0.2153044215973759,0.05659093238213453,0.8571428571428571,1.0,3.6637990368109357
水生根茎类,固定篮子成本,指数加权移动平均,八折主要回测,2022-06-30,2022-07-01,2022-07-07,726,7,2022-06-30,通过,0.2219298586623962,1.8698363334089227,0.304308462091476,0.0,1.0,10.03442736095215
水生根茎类,固定篮子成本,指数加权移动平均,八折主要回测,2022-09-30,2022-10-01,2022-10-07,818,7,2022-09-30,通过,0.11044788779866248,0.5376429765135098,0.1338042592653507,0.0,1.0,3.5037153161212657
水生根茎类,固定篮子成本,指数加权移动平均,八折主要回测,2022-12-31,2023-01-01,2023-01-07,904,7,2022-12-31,通过,0.2638892226811958,1.41430791912417,1.0154891177228336,0.5714285714285714,0.42857142857142855,0.8762268402970275
水生根茎类,固定篮子成本,指数加权移动平均,近期滚动回测,2023-03-17,2023-03-18,2023-03-24,979,7,2023-03-17,通过,0.005269594700003125,0.021001122811542698,0.029425226575290564,1.0,1.0,1.3233137748257793
水生根茎类,固定篮子成本,指数加权移动平均,近期滚动回测,2023-03-24,2023-03-25,2023-03-31,986,7,2023-03-24,通过,0.03444124142889268,0.13256779433810525,0.28729193924375424,0.8571428571428571,0.8571428571428571,1.0091235771696605
水生根茎类,固定篮子成本,指数加权移动平均,近期滚动回测,2023-03-31,2023-04-01,2023-04-07,993,7,2023-03-31,通过,0.06122427625429026,0.23401108073347116,0.2908153734840968,1.0,0.8571428571428571,0.7616202464725834
水生根茎类,固定篮子成本,指数加权移动平均,近期滚动回测,2023-04-07,2023-04-08,2023-04-14,1000,7,2023-04-07,通过,0.053130092520683694,0.21033096164848925,0.016615758870075048,0.7142857142857143,1.0,0.6749991355792719
水生根茎类,固定篮子成本,指数加权移动平均,近期滚动回测,2023-04-14,2023-04-15,2023-04-21,1007,7,2023-04-14,通过,0.07057802032535981,0.2622702851144309,0.29542730739932016,0.8571428571428571,0.7142857142857143,0.5856497663270339
水生根茎类,固定篮子成本,指数加权移动平均,近期滚动回测,2023-04-21,2023-04-22,2023-04-28,1014,7,2023-04-21,通过,0.13978492904787398,0.4801960807954324,0.24192770774105696,0.8571428571428571,0.5714285714285714,0.7597792248069517
水生根茎类,固定篮子成本,指数加权移动平均,近期滚动回测,2023-04-28,2023-04-29,2023-05-05,1021,7,2023-04-28,通过,0.08409343927907685,0.2785025223001087,0.17450705282448312,0.7142857142857143,1.0,0.971618355376666
水生根茎类,固定篮子成本,指数加权移动平均,近期滚动回测,2023-05-05,2023-05-06,2023-05-12,1028,7,2023-05-05,通过,0.07431449768590229,0.24925901587713944,0.13086520554029776,0.8571428571428571,1.0,1.1284001107597614
水生根茎类,固定篮子成本,指数加权移动平均,近期滚动回测,2023-05-12,2023-05-13,2023-05-19,1035,7,2023-05-12,通过,0.028815671061180246,0.10180127971395667,0.08940357018294313,0.42857142857142855,1.0,1.1991402463447633
水生根茎类,固定篮子成本,指数加权移动平均,近期滚动回测,2023-05-19,2023-05-20,2023-05-26,1042,7,2023-05-19,通过,0.03823473459094064,0.14015593617552538,0.1095047745652693,0.5714285714285714,1.0,1.1639582735764904
水生根茎类,固定篮子成本,指数加权移动平均,近期滚动回测,2023-05-26,2023-05-27,2023-06-02,1049,7,2023-05-26,通过,0.015194802789856863,0.05529084036044729,0.0816138082474851,1.0,1.0,1.1074421686074656
水生根茎类,固定篮子成本,指数加权移动平均,近期滚动回测,2023-06-02,2023-06-03,2023-06-09,1056,7,2023-06-02,通过,0.024779278848229596,0.09062483296713131,0.08284966526225716,0.42857142857142855,1.0,1.0268156855868293
水生根茎类,固定篮子成本,指数加权移动平均,近期滚动回测,2023-06-09,2023-06-10,2023-06-16,1063,7,2023-06-09,通过,0.11580298966825348,0.47370206009908955,0.39467804598179757,0.5714285714285714,0.7142857142857143,0.9361391805872934
水生根茎类,固定篮子成本,指数加权移动平均,近期滚动回测,2023-06-16,2023-06-17,2023-06-23,1070,7,2023-06-16,通过,0.5838594282711762,6.490803746789077,0.05114672736283913,0.0,0.0,1.3271887564927933
水生根茎类,固定篮子成本,同星期最近4次统计,八折主要回测,2021-03-31,2021-04-01,2021-04-07,271,7,2021-03-31,通过,0.06487253391718267,0.4697952491692658,0.03421580800436382,0.2857142857142857,1.0,2.3550702203761653
水生根茎类,固定篮子成本,同星期最近4次统计,八折主要回测,2021-06-30,2021-07-01,2021-07-07,362,7,2021-06-30,通过,0.10393160506367258,1.1034626009755455,0.7013684109040076,0.2857142857142857,1.0,9.080440128019772
水生根茎类,固定篮子成本,同星期最近4次统计,八折主要回测,2021-09-30,2021-10-01,2021-10-07,454,7,2021-09-30,通过,0.0586221706591269,0.2841376814125078,0.2209840727402157,0.42857142857142855,1.0,2.719575465171228
水生根茎类,固定篮子成本,同星期最近4次统计,八折主要回测,2021-12-31,2022-01-01,2022-01-07,546,7,2021-12-31,通过,0.0006765364988583532,0.0031886152795485806,0.004161969484993033,0.8571428571428571,1.0,0.8583680951684757
水生根茎类,固定篮子成本,同星期最近4次统计,八折主要回测,2022-03-31,2022-04-01,2022-04-07,635,7,2022-03-31,通过,0.05323972385338413,0.2710565439642608,0.0800332030343968,0.8571428571428571,1.0,3.6637990368109357
水生根茎类,固定篮子成本,同星期最近4次统计,八折主要回测,2022-06-30,2022-07-01,2022-07-07,726,7,2022-06-30,通过,0.2520446489396031,2.123563927220311,0.8218203510951847,0.42857142857142855,1.0,10.03442736095215
水生根茎类,固定篮子成本,同星期最近4次统计,八折主要回测,2022-09-30,2022-10-01,2022-10-07,818,7,2022-09-30,通过,0.07312401123027924,0.35595620555570956,0.3927697006205122,0.8571428571428571,1.0,3.5037153161212657
水生根茎类,固定篮子成本,同星期最近4次统计,八折主要回测,2022-12-31,2023-01-01,2023-01-07,904,7,2022-12-31,通过,0.2684155075982769,1.4385664338804693,1.0308059519667052,0.2857142857142857,0.42857142857142855,0.8762268402970275
水生根茎类,固定篮子成本,同星期最近4次统计,近期滚动回测,2023-03-17,2023-03-18,2023-03-24,979,7,2023-03-17,通过,0.029080192325944207,0.11589443309939444,0.12663710537039305,1.0,1.0,1.3233137748257795
水生根茎类,固定篮子成本,同星期最近4次统计,近期滚动回测,2023-03-24,2023-03-25,2023-03-31,986,7,2023-03-24,通过,0.03731647744943972,0.14363486630275388,0.31962784986776854,0.5714285714285714,0.8571428571428571,1.0091235771696607
水生根茎类,固定篮子成本,同星期最近4次统计,近期滚动回测,2023-03-31,2023-04-01,2023-04-07,993,7,2023-03-31,通过,0.03914317649964546,0.14961282674829768,0.28825919501535974,0.5714285714285714,0.8571428571428571,0.7616202464725834
水生根茎类,固定篮子成本,同星期最近4次统计,近期滚动回测,2023-04-07,2023-04-08,2023-04-14,1000,7,2023-04-07,通过,0.01787609488290611,0.07076773347943151,0.15564963501562157,0.7142857142857143,0.8571428571428571,0.674999135579272
水生根茎类,固定篮子成本,同星期最近4次统计,近期滚动回测,2023-04-14,2023-04-15,2023-04-21,1007,7,2023-04-14,通过,0.08528809194511845,0.3169334034617948,0.42507123021173393,0.8571428571428571,0.5714285714285714,0.5856497663270338
水生根茎类,固定篮子成本,同星期最近4次统计,近期滚动回测,2023-04-21,2023-04-22,2023-04-28,1014,7,2023-04-21,通过,0.14101011874475536,0.4844049128539435,0.3700235271518006,0.8571428571428571,0.42857142857142855,0.7597792248069517
水生根茎类,固定篮子成本,同星期最近4次统计,近期滚动回测,2023-04-28,2023-04-29,2023-05-05,1021,7,2023-04-28,通过,0.17129331274046078,0.5672930024070169,0.38640528339039415,0.0,0.2857142857142857,0.9716183553766656
水生根茎类,固定篮子成本,同星期最近4次统计,近期滚动回测,2023-05-05,2023-05-06,2023-05-12,1028,7,2023-05-05,通过,0.10119492012843023,0.3394189153991049,0.29484120086772414,0.8571428571428571,0.8571428571428571,1.1284001107597612
水生根茎类,固定篮子成本,同星期最近4次统计,近期滚动回测,2023-05-12,2023-05-13,2023-05-19,1035,7,2023-05-12,通过,0.030348304541734875,0.10721583519391244,0.11227138063570748,1.0,1.0,1.1991402463447638
水生根茎类,固定篮子成本,同星期最近4次统计,近期滚动回测,2023-05-19,2023-05-20,2023-05-26,1042,7,2023-05-19,通过,0.06247607382517428,0.2290166967083716,0.1172621532149604,0.5714285714285714,1.0,1.1639582735764904
水生根茎类,固定篮子成本,同星期最近4次统计,近期滚动回测,2023-05-26,2023-05-27,2023-06-02,1049,7,2023-05-26,通过,0.04209104913741754,0.15316088735381467,0.14763134542201914,1.0,1.0,1.1074421686074662
水生根茎类,固定篮子成本,同星期最近4次统计,近期滚动回测,2023-06-02,2023-06-03,2023-06-09,1056,7,2023-06-02,通过,0.02308535073537104,0.08442965863512678,0.07081450349831193,0.5714285714285714,1.0,1.0268156855868296
水生根茎类,固定篮子成本,同星期最近4次统计,近期滚动回测,2023-06-09,2023-06-10,2023-06-16,1063,7,2023-06-09,通过,0.12384598634227093,0.5066026277335423,0.3861279492694975,0.5714285714285714,0.7142857142857143,0.9361391805872934
水生根茎类,固定篮子成本,同星期最近4次统计,近期滚动回测,2023-06-16,2023-06-17,2023-06-23,1070,7,2023-06-16,通过,0.6703522381979197,7.452350015563337,0.10658116089274257,0.0,0.0,1.3271887564927933
水生根茎类,固定篮子成本,同星期最近8次统计,八折主要回测,2021-03-31,2021-04-01,2021-04-07,271,7,2021-03-31,通过,0.033004212558497455,0.23901058470059056,0.11893375475163885,0.14285714285714285,1.0,2.3550702203761658
水生根茎类,固定篮子成本,同星期最近8次统计,八折主要回测,2021-06-30,2021-07-01,2021-07-07,362,7,2021-06-30,通过,0.2537965846274138,2.694609009647291,0.16095750909078474,1.0,1.0,9.080440128019772
水生根茎类,固定篮子成本,同星期最近8次统计,八折主要回测,2021-09-30,2021-10-01,2021-10-07,454,7,2021-09-30,通过,0.07147196073667138,0.3464197415651626,0.17256572149968985,0.42857142857142855,1.0,2.719575465171228
水生根茎类,固定篮子成本,同星期最近8次统计,八折主要回测,2021-12-31,2022-01-01,2022-01-07,546,7,2021-12-31,通过,0.0029952530622912774,0.014117064927987397,0.019387286863496705,1.0,1.0,0.858368095168475
水生根茎类,固定篮子成本,同星期最近8次统计,八折主要回测,2022-03-31,2022-04-01,2022-04-07,635,7,2022-03-31,通过,0.0267264191339082,0.13607078096286873,0.17338663341969282,0.8571428571428571,1.0,3.6637990368109357
水生根茎类,固定篮子成本,同星期最近8次统计,八折主要回测,2022-06-30,2022-07-01,2022-07-07,726,7,2022-06-30,通过,0.09083428788702724,0.7653105032111126,0.35015234599878325,1.0,1.0,10.03442736095215
水生根茎类,固定篮子成本,同星期最近8次统计,八折主要回测,2022-09-30,2022-10-01,2022-10-07,818,7,2022-09-30,通过,0.04600957597631967,0.22396739194438936,0.1990130239021418,0.8571428571428571,1.0,3.5037153161212657
水生根茎类,固定篮子成本,同星期最近8次统计,八折主要回测,2022-12-31,2023-01-01,2023-01-07,904,7,2022-12-31,通过,0.2610364309228053,1.399018450556603,1.067821602048898,0.5714285714285714,0.2857142857142857,0.8762268402970275
水生根茎类,固定篮子成本,同星期最近8次统计,近期滚动回测,2023-03-17,2023-03-18,2023-03-24,979,7,2023-03-17,通过,0.023587142887185907,0.09400276733747726,0.15994100625583663,0.7142857142857143,1.0,1.3233137748257795
水生根茎类,固定篮子成本,同星期最近8次统计,近期滚动回测,2023-03-24,2023-03-25,2023-03-31,986,7,2023-03-24,通过,0.039145898106696796,0.15067648998957273,0.3137209639540795,0.8571428571428571,0.8571428571428571,1.0091235771696605
水生根茎类,固定篮子成本,同星期最近8次统计,近期滚动回测,2023-03-31,2023-04-01,2023-04-07,993,7,2023-03-31,通过,0.035590344909420805,0.13603321403651444,0.3001517511252853,1.0,0.8571428571428571,0.7616202464725834
水生根茎类,固定篮子成本,同星期最近8次统计,近期滚动回测,2023-04-07,2023-04-08,2023-04-14,1000,7,2023-04-07,通过,0.014560591889306829,0.057642348223971976,0.1054378466421928,0.5714285714285714,1.0,0.6749991355792722
水生根茎类,固定篮子成本,同星期最近8次统计,近期滚动回测,2023-04-14,2023-04-15,2023-04-21,1007,7,2023-04-14,通过,0.0766053869145227,0.2846681810392751,0.36673472588695694,0.8571428571428571,0.7142857142857143,0.5856497663270337
水生根茎类,固定篮子成本,同星期最近8次统计,近期滚动回测,2023-04-21,2023-04-22,2023-04-28,1014,7,2023-04-21,通过,0.15210564848199687,0.522520823706878,0.26931935154785386,0.8571428571428571,0.42857142857142855,0.7597792248069517
水生根茎类,固定篮子成本,同星期最近8次统计,近期滚动回测,2023-04-28,2023-04-29,2023-05-05,1021,7,2023-04-28,通过,0.1905550060608442,0.6310843066928989,0.22522381453598106,0.2857142857142857,0.2857142857142857,0.9716183553766656
水生根茎类,固定篮子成本,同星期最近8次统计,近期滚动回测,2023-05-05,2023-05-06,2023-05-12,1028,7,2023-05-05,通过,0.17063709635909616,0.5723356281081281,0.18919655344988837,0.8571428571428571,0.7142857142857143,1.1284001107597612
水生根茎类,固定篮子成本,同星期最近8次统计,近期滚动回测,2023-05-12,2023-05-13,2023-05-19,1035,7,2023-05-12,通过,0.08911537379993298,0.3148307417779499,0.16079329089488978,0.5714285714285714,1.0,1.1991402463447633
水生根茎类,固定篮子成本,同星期最近8次统计,近期滚动回测,2023-05-19,2023-05-20,2023-05-26,1042,7,2023-05-19,通过,0.04488537735647921,0.16453500073411398,0.2909100110709982,0.7142857142857143,1.0,1.1639582735764906
水生根茎类,固定篮子成本,同星期最近8次统计,近期滚动回测,2023-05-26,2023-05-27,2023-06-02,1049,7,2023-05-26,通过,0.03565049680598873,0.12972500893439548,0.19681783776601044,0.7142857142857143,1.0,1.1074421686074662
水生根茎类,固定篮子成本,同星期最近8次统计,近期滚动回测,2023-06-02,2023-06-03,2023-06-09,1056,7,2023-06-02,通过,0.01750458412000343,0.0640192162875535,0.0800924258332018,0.7142857142857143,1.0,1.0268156855868296
水生根茎类,固定篮子成本,同星期最近8次统计,近期滚动回测,2023-06-09,2023-06-10,2023-06-16,1063,7,2023-06-09,通过,0.12957748045072756,0.5300477958971583,0.39124727674838483,0.5714285714285714,0.7142857142857143,0.9361391805872934
水生根茎类,固定篮子成本,同星期最近8次统计,近期滚动回测,2023-06-16,2023-06-17,2023-06-23,1070,7,2023-06-16,通过,0.6763586232497582,7.51912339407085,0.09343112574522738,0.0,0.0,1.3271887564927933
水生根茎类,固定篮子成本,指数加权移动平均加周内收缩,八折主要回测,2021-03-31,2021-04-01,2021-04-07,271,7,2021-03-31,通过,0.026683038145974124,0.19323377394790903,0.045744451852947954,0.2857142857142857,1.0,2.355070220376166
水生根茎类,固定篮子成本,指数加权移动平均加周内收缩,八折主要回测,2021-06-30,2021-07-01,2021-07-07,362,7,2021-06-30,通过,0.062216913780811345,0.6605693952593649,0.07585764092198281,1.0,1.0,9.080440128019772
水生根茎类,固定篮子成本,指数加权移动平均加周内收缩,八折主要回测,2021-09-30,2021-10-01,2021-10-07,454,7,2021-09-30,通过,0.03383921152357167,0.16401636096083574,0.17295644461909973,0.42857142857142855,1.0,2.7195754651712276
水生根茎类,固定篮子成本,指数加权移动平均加周内收缩,八折主要回测,2021-12-31,2022-01-01,2022-01-07,546,7,2021-12-31,通过,0.0008797806176117823,0.004146534480699111,0.006200346910537687,1.0,1.0,0.858368095168476
水生根茎类,固定篮子成本,指数加权移动平均加周内收缩,八折主要回测,2022-03-31,2022-04-01,2022-04-07,635,7,2022-03-31,通过,0.02884525721600197,0.1468583073845651,0.09304491919403783,0.8571428571428571,1.0,3.6637990368109357
水生根茎类,固定篮子成本,指数加权移动平均加周内收缩,八折主要回测,2022-06-30,2022-07-01,2022-07-07,726,7,2022-06-30,通过,0.11608728683855801,0.9780758122673403,0.320353821459034,1.0,1.0,10.03442736095215
水生根茎类,固定篮子成本,指数加权移动平均加周内收缩,八折主要回测,2022-09-30,2022-10-01,2022-10-07,818,7,2022-09-30,通过,0.08749542916075836,0.4259140116021914,0.1512288070135613,0.7142857142857143,1.0,3.5037153161212657
水生根茎类,固定篮子成本,指数加权移动平均加周内收缩,八折主要回测,2022-12-31,2023-01-01,2023-01-07,904,7,2022-12-31,通过,0.26289074556575914,1.4089566051255216,1.033805487236956,0.5714285714285714,0.42857142857142855,0.8762268402970275
水生根茎类,固定篮子成本,指数加权移动平均加周内收缩,近期滚动回测,2023-03-17,2023-03-18,2023-03-24,979,7,2023-03-17,通过,0.011495409979566065,0.045813109070752124,0.07259960909227388,0.8571428571428571,1.0,1.3233137748257795
水生根茎类,固定篮子成本,指数加权移动平均加周内收缩,近期滚动回测,2023-03-24,2023-03-25,2023-03-31,986,7,2023-03-24,通过,0.036087871266124116,0.13890583781611884,0.2936708990425565,0.7142857142857143,0.8571428571428571,1.0091235771696605
水生根茎类,固定篮子成本,指数加权移动平均加周内收缩,近期滚动回测,2023-03-31,2023-04-01,2023-04-07,993,7,2023-03-31,通过,0.05055773798355352,0.19324149877789645,0.29256836335910474,1.0,0.8571428571428571,0.7616202464725834
水生根茎类,固定篮子成本,指数加权移动平均加周内收缩,近期滚动回测,2023-04-07,2023-04-08,2023-04-14,1000,7,2023-04-07,通过,0.038602238548969936,0.15281821601625076,0.04324942122169554,0.7142857142857143,1.0,0.6749991355792719
水生根茎类,固定篮子成本,指数加权移动平均加周内收缩,近期滚动回测,2023-04-14,2023-04-15,2023-04-21,1007,7,2023-04-14,通过,0.0715067717649853,0.26572155654069235,0.3109695905904834,0.8571428571428571,0.7142857142857143,0.5856497663270336
水生根茎类,固定篮子成本,指数加权移动平均加周内收缩,近期滚动回测,2023-04-21,2023-04-22,2023-04-28,1014,7,2023-04-21,通过,0.144097180849817,0.4950097408144384,0.248690764265762,0.8571428571428571,0.5714285714285714,0.7597792248069517
水生根茎类,固定篮子成本,指数加权移动平均加周内收缩,近期滚动回测,2023-04-28,2023-04-29,2023-05-05,1021,7,2023-04-28,通过,0.1075826369761121,0.3562945695931236,0.19225791942350737,0.2857142857142857,0.7142857142857143,0.9716183553766656
水生根茎类,固定篮子成本,指数加权移动平均加周内收缩,近期滚动回测,2023-05-05,2023-05-06,2023-05-12,1028,7,2023-05-05,通过,0.047212158862720545,0.15835478435574935,0.1408415851546004,0.8571428571428571,0.8571428571428571,1.1284001107597614
水生根茎类,固定篮子成本,指数加权移动平均加周内收缩,近期滚动回测,2023-05-12,2023-05-13,2023-05-19,1035,7,2023-05-12,通过,0.03151982048268527,0.11135461862674793,0.0753614683027537,0.42857142857142855,1.0,1.1991402463447638
水生根茎类,固定篮子成本,指数加权移动平均加周内收缩,近期滚动回测,2023-05-19,2023-05-20,2023-05-26,1042,7,2023-05-19,通过,0.030866588062939057,0.11314673928796035,0.17171799400280072,0.5714285714285714,1.0,1.1639582735764906
水生根茎类,固定篮子成本,指数加权移动平均加周内收缩,近期滚动回测,2023-05-26,2023-05-27,2023-06-02,1049,7,2023-05-26,通过,0.018162638113912038,0.06609019796895607,0.11389061575938657,0.8571428571428571,1.0,1.1074421686074662
水生根茎类,固定篮子成本,指数加权移动平均加周内收缩,近期滚动回测,2023-06-02,2023-06-03,2023-06-09,1056,7,2023-06-02,通过,0.020733740486842716,0.07582915467042405,0.07511699682696944,0.5714285714285714,1.0,1.0268156855868296
水生根茎类,固定篮子成本,指数加权移动平均加周内收缩,近期滚动回测,2023-06-09,2023-06-10,2023-06-16,1063,7,2023-06-09,通过,0.11596052018263962,0.4743464521774544,0.39216253034208043,0.5714285714285714,0.7142857142857143,0.9361391805872933
水生根茎类,固定篮子成本,指数加权移动平均加周内收缩,近期滚动回测,2023-06-16,2023-06-17,2023-06-23,1070,7,2023-06-16,通过,0.6162341465136798,6.850715623337697,0.059507809299512715,0.0,0.0,1.3271887564927933
水生根茎类,固定篮子成本,阻尼趋势,八折主要回测,2021-03-31,2021-04-01,2021-04-07,271,7,2021-03-31,通过,0.005163422916064071,0.037392582175306596,0.013929485955975984,0.2857142857142857,1.0,2.3550702203761653
水生根茎类,固定篮子成本,阻尼趋势,八折主要回测,2021-06-30,2021-07-01,2021-07-07,362,7,2021-06-30,通过,0.0346939080982363,0.36835214894095436,0.07697352885515733,0.0,1.0,9.080440128019772
水生根茎类,固定篮子成本,阻尼趋势,八折主要回测,2021-09-30,2021-10-01,2021-10-07,454,7,2021-09-30,通过,0.03849525229999063,0.18658387451243094,0.1746684719713616,0.5714285714285714,1.0,2.7195754651712276
水生根茎类,固定篮子成本,阻尼趋势,八折主要回测,2021-12-31,2022-01-01,2022-01-07,546,7,2021-12-31,通过,0.00414944966627716,0.01955696201156368,0.0029474155854096,0.0,1.0,0.8583680951684755
水生根茎类,固定篮子成本,阻尼趋势,八折主要回测,2022-03-31,2022-04-01,2022-04-07,635,7,2022-03-31,通过,0.02885198860592742,0.14689257854822277,0.060799383534779906,0.8571428571428571,1.0,3.6637990368109357
水生根茎类,固定篮子成本,阻尼趋势,八折主要回测,2022-06-30,2022-07-01,2022-07-07,726,7,2022-06-30,通过,0.2470088808358471,2.081135827532523,0.330405512254296,0.0,1.0,10.03442736095215
水生根茎类,固定篮子成本,阻尼趋势,八折主要回测,2022-09-30,2022-10-01,2022-10-07,818,7,2022-09-30,通过,0.09181344439089957,0.44693343177612704,0.1334631782442767,0.0,1.0,3.5037153161212657
水生根茎类,固定篮子成本,阻尼趋势,八折主要回测,2022-12-31,2023-01-01,2023-01-07,904,7,2022-12-31,通过,0.26453415517978535,1.4177644192827903,1.0161907809124713,0.42857142857142855,0.42857142857142855,0.8762268402970275
水生根茎类,固定篮子成本,阻尼趋势,近期滚动回测,2023-03-17,2023-03-18,2023-03-24,979,7,2023-03-17,通过,0.005198922108400003,0.020719468555349847,0.027327969549901725,1.0,1.0,1.3233137748257795
水生根茎类,固定篮子成本,阻尼趋势,近期滚动回测,2023-03-24,2023-03-25,2023-03-31,986,7,2023-03-24,通过,0.03933427090063394,0.15140155577609818,0.2897496909359056,0.14285714285714285,0.8571428571428571,1.009123577169661
水生根茎类,固定篮子成本,阻尼趋势,近期滚动回测,2023-03-31,2023-04-01,2023-04-07,993,7,2023-03-31,通过,0.03944394236233586,0.15076241231928242,0.2911195115965693,1.0,0.8571428571428571,0.7616202464725832
水生根茎类,固定篮子成本,阻尼趋势,近期滚动回测,2023-04-07,2023-04-08,2023-04-14,1000,7,2023-04-07,通过,0.0032075910627561086,0.012698184414829441,0.016635998027014615,0.2857142857142857,1.0,0.6749991355792722
水生根茎类,固定篮子成本,阻尼趋势,近期滚动回测,2023-04-14,2023-04-15,2023-04-21,1007,7,2023-04-14,通过,0.07239236490939696,0.2690124502978353,0.29527477473126035,0.14285714285714285,0.7142857142857143,0.5856497663270331
水生根茎类,固定篮子成本,阻尼趋势,近期滚动回测,2023-04-21,2023-04-22,2023-04-28,1014,7,2023-04-21,通过,0.16163123565589368,0.5552435904553157,0.2420383613337047,0.8571428571428571,0.14285714285714285,0.7597792248069517
水生根茎类,固定篮子成本,阻尼趋势,近期滚动回测,2023-04-28,2023-04-29,2023-05-05,1021,7,2023-04-28,通过,0.09119829314718003,0.30203253534040947,0.17540634137715835,0.7142857142857143,1.0,0.9716183553766656
水生根茎类,固定篮子成本,阻尼趋势,近期滚动回测,2023-05-05,2023-05-06,2023-05-12,1028,7,2023-05-05,通过,0.08951947477586776,0.3002581848669908,0.13286968116288356,0.14285714285714285,1.0,1.1284001107597614
水生根茎类,固定篮子成本,阻尼趋势,近期滚动回测,2023-05-12,2023-05-13,2023-05-19,1035,7,2023-05-12,通过,0.02826621096495229,0.09986012273624827,0.08624766655374898,0.42857142857142855,1.0,1.1991402463447638
水生根茎类,固定篮子成本,阻尼趋势,近期滚动回测,2023-05-19,2023-05-20,2023-05-26,1042,7,2023-05-19,通过,0.025008005989617575,0.09167110819146311,0.10887565179207918,0.5714285714285714,1.0,1.1639582735764904
水生根茎类,固定篮子成本,阻尼趋势,近期滚动回测,2023-05-26,2023-05-27,2023-06-02,1049,7,2023-05-26,通过,0.01759815305021326,0.06403615001753016,0.08061534701291932,1.0,1.0,1.1074421686074662
水生根茎类,固定篮子成本,阻尼趋势,近期滚动回测,2023-06-02,2023-06-03,2023-06-09,1056,7,2023-06-02,通过,0.023215636409552057,0.08490615020427139,0.08253804568602681,0.42857142857142855,1.0,1.0268156855868296
水生根茎类,固定篮子成本,阻尼趋势,近期滚动回测,2023-06-09,2023-06-10,2023-06-16,1063,7,2023-06-09,通过,0.11631939244697387,0.4758144499503492,0.3946355995914728,0.42857142857142855,0.7142857142857143,0.9361391805872932
水生根茎类,固定篮子成本,阻尼趋势,近期滚动回测,2023-06-16,2023-06-17,2023-06-23,1070,7,2023-06-16,通过,0.6408620594691652,7.1245057549116515,0.05114672736283913,0.0,0.0,1.327188756492793
水生根茎类,固定篮子成本,指数平滑,八折主要回测,2021-03-31,2021-04-01,2021-04-07,271,7,2021-03-31,通过,0.028474280817094123,0.2062056319313776,0.01126962769596688,0.2857142857142857,1.0,2.3550702203761653
水生根茎类,固定篮子成本,指数平滑,八折主要回测,2021-06-30,2021-07-01,2021-07-07,362,7,2021-06-30,通过,0.05662419840832776,0.6011904195603383,0.03572869734409245,0.0,1.0,9.080440128019774
水生根茎类,固定篮子成本,指数平滑,八折主要回测,2021-09-30,2021-10-01,2021-10-07,454,7,2021-09-30,通过,0.022230314861826656,0.10774882695214608,0.17370780657957763,0.42857142857142855,1.0,2.719575465171228
水生根茎类,固定篮子成本,指数平滑,八折主要回测,2021-12-31,2022-01-01,2022-01-07,546,7,2021-12-31,通过,0.0002820391609503001,0.0013292917374816732,0.001047411318953806,1.0,1.0,0.8583680951684762
水生根茎类,固定篮子成本,指数平滑,八折主要回测,2022-03-31,2022-04-01,2022-04-07,635,7,2022-03-31,通过,0.041148574518418975,0.20949752535783542,0.05659093238213453,0.8571428571428571,1.0,3.6637990368109357
水生根茎类,固定篮子成本,指数平滑,八折主要回测,2022-06-30,2022-07-01,2022-07-07,726,7,2022-06-30,通过,0.2353341739223012,1.9827723567475652,0.304308462091476,0.0,1.0,10.03442736095215
水生根茎类,固定篮子成本,指数平滑,八折主要回测,2022-09-30,2022-10-01,2022-10-07,818,7,2022-09-30,通过,0.1305370542847259,0.6354338847917338,0.1338042592653507,0.0,1.0,3.5037153161212657
水生根茎类,固定篮子成本,指数平滑,八折主要回测,2022-12-31,2023-01-01,2023-01-07,904,7,2022-12-31,通过,0.2639471475846223,1.4146183662458758,1.0154891177228336,0.5714285714285714,0.42857142857142855,0.8762268402970275
水生根茎类,固定篮子成本,指数平滑,近期滚动回测,2023-03-17,2023-03-18,2023-03-24,979,7,2023-03-17,通过,0.005152143034611891,0.020533038074532457,0.029425226575290564,1.0,1.0,1.3233137748257793
水生根茎类,固定篮子成本,指数平滑,近期滚动回测,2023-03-24,2023-03-25,2023-03-31,986,7,2023-03-24,通过,0.034539114784160066,0.13294451870383567,0.28729193924375424,0.8571428571428571,0.8571428571428571,1.0091235771696612
水生根茎类,固定篮子成本,指数平滑,近期滚动回测,2023-03-31,2023-04-01,2023-04-07,993,7,2023-03-31,通过,0.058658647970528395,0.22420475088892028,0.2908153734840968,1.0,0.8571428571428571,0.7616202464725834
水生根茎类,固定篮子成本,指数平滑,近期滚动回测,2023-04-07,2023-04-08,2023-04-14,1000,7,2023-04-07,通过,0.05068066740551358,0.20063419818512568,0.016615758870075048,0.7142857142857143,1.0,0.6749991355792719
水生根茎类,固定篮子成本,指数平滑,近期滚动回测,2023-04-14,2023-04-15,2023-04-21,1007,7,2023-04-14,通过,0.07086838940056425,0.26334930631382436,0.29542730739932016,0.8571428571428571,0.7142857142857143,0.5856497663270339
水生根茎类,固定篮子成本,指数平滑,近期滚动回测,2023-04-21,2023-04-22,2023-04-28,1014,7,2023-04-21,通过,0.13570019259049582,0.46616399270642644,0.24192770774105696,0.8571428571428571,0.5714285714285714,0.7597792248069517
水生根茎类,固定篮子成本,指数平滑,近期滚动回测,2023-04-28,2023-04-29,2023-05-05,1021,7,2023-04-28,通过,0.08385566989284858,0.2777150723592095,0.17450705282448312,0.7142857142857143,1.0,0.9716183553766653
水生根茎类,固定篮子成本,指数平滑,近期滚动回测,2023-05-05,2023-05-06,2023-05-12,1028,7,2023-05-05,通过,0.07202256019795027,0.24157160493461458,0.13086520554029776,0.8571428571428571,1.0,1.1284001107597614
水生根茎类,固定篮子成本,指数平滑,近期滚动回测,2023-05-12,2023-05-13,2023-05-19,1035,7,2023-05-12,通过,0.029508180752894908,0.10424780864195528,0.08940357018294313,0.42857142857142855,1.0,1.1991402463447633
水生根茎类,固定篮子成本,指数平滑,近期滚动回测,2023-05-19,2023-05-20,2023-05-26,1042,7,2023-05-19,通过,0.04020679274071209,0.1473848514310083,0.1095047745652693,0.5714285714285714,1.0,1.1639582735764904
水生根茎类,固定篮子成本,指数平滑,近期滚动回测,2023-05-26,2023-05-27,2023-06-02,1049,7,2023-05-26,通过,0.014845517059943874,0.0540198596310565,0.0816138082474851,1.0,1.0,1.1074421686074656
水生根茎类,固定篮子成本,指数平滑,近期滚动回测,2023-06-02,2023-06-03,2023-06-09,1056,7,2023-06-02,通过,0.024889366198657663,0.09102745355207421,0.08284966526225716,0.42857142857142855,1.0,1.0268156855868293
水生根茎类,固定篮子成本,指数平滑,近期滚动回测,2023-06-09,2023-06-10,2023-06-16,1063,7,2023-06-09,通过,0.11602310453035652,0.4746024588188061,0.39467804598179757,0.5714285714285714,0.7142857142857143,0.9361391805872932
水生根茎类,固定篮子成本,指数平滑,近期滚动回测,2023-06-16,2023-06-17,2023-06-23,1070,7,2023-06-16,通过,0.6002180168680753,6.672663254430046,0.05114672736283913,0.0,0.0,1.3271887564927933
水生根茎类,固定篮子成本,滞后稳健回归,八折主要回测,2021-03-31,2021-04-01,2021-04-07,271,7,2021-03-31,通过,0.0021977509978827713,0.01591571833744673,0.01126962769596688,0.7142857142857143,1.0,2.3550702203761653
水生根茎类,固定篮子成本,滞后稳健回归,八折主要回测,2021-06-30,2021-07-01,2021-07-07,362,7,2021-06-30,通过,0.005332429571629147,0.05661546938512073,0.03572869734409245,0.0,1.0,9.080440128019774
水生根茎类,固定篮子成本,滞后稳健回归,八折主要回测,2021-09-30,2021-10-01,2021-10-07,454,7,2021-09-30,通过,0.037116538900420395,0.1799013442635233,0.17370780657957763,0.5714285714285714,1.0,2.7195754651712276
水生根茎类,固定篮子成本,滞后稳健回归,八折主要回测,2021-12-31,2022-01-01,2022-01-07,546,7,2021-12-31,通过,0.0009842152073005516,0.004638749947206732,0.001047411318953806,0.0,1.0,0.8583680951684745
水生根茎类,固定篮子成本,滞后稳健回归,八折主要回测,2022-03-31,2022-04-01,2022-04-07,635,7,2022-03-31,通过,0.043173306818445674,0.21980593607028429,0.05659093238213453,0.14285714285714285,1.0,3.6637990368109357
水生根茎类,固定篮子成本,滞后稳健回归,八折主要回测,2022-06-30,2022-07-01,2022-07-07,726,7,2022-06-30,通过,0.21237993003717595,1.789374859533689,0.304308462091476,0.0,1.0,10.03442736095215
水生根茎类,固定篮子成本,滞后稳健回归,八折主要回测,2022-09-30,2022-10-01,2022-10-07,818,7,2022-09-30,通过,0.0698795966004927,0.34016290453955794,0.1338042592653507,1.0,1.0,3.5037153161212657
水生根茎类,固定篮子成本,滞后稳健回归,八折主要回测,2022-12-31,2023-01-01,2023-01-07,904,7,2022-12-31,通过,0.2647031320445617,1.4186700467107458,1.0154891177228336,0.42857142857142855,0.42857142857142855,0.8762268402970275
水生根茎类,固定篮子成本,滞后稳健回归,近期滚动回测,2023-03-17,2023-03-18,2023-03-24,979,7,2023-03-17,通过,0.008242147230163923,0.032847753207924386,0.029425226575290564,1.0,1.0,1.3233137748257793
水生根茎类,固定篮子成本,滞后稳健回归,近期滚动回测,2023-03-24,2023-03-25,2023-03-31,986,7,2023-03-24,通过,0.038581960564475264,0.14850583780007165,0.28729193924375424,0.14285714285714285,0.8571428571428571,1.0091235771696612
水生根茎类,固定篮子成本,滞后稳健回归,近期滚动回测,2023-03-31,2023-04-01,2023-04-07,993,7,2023-03-31,通过,0.037128960162728014,0.14191410051304823,0.2908153734840968,1.0,0.8571428571428571,0.7616202464725834
水生根茎类,固定篮子成本,滞后稳健回归,近期滚动回测,2023-04-07,2023-04-08,2023-04-14,1000,7,2023-04-07,通过,0.0031937244781853184,0.012643289496917922,0.016615758870075048,0.7142857142857143,1.0,0.6749991355792725
水生根茎类,固定篮子成本,滞后稳健回归,近期滚动回测,2023-04-14,2023-04-15,2023-04-21,1007,7,2023-04-14,通过,0.07038176826664079,0.2615410058975125,0.29542730739932016,0.8571428571428571,0.7142857142857143,0.5856497663270339
水生根茎类,固定篮子成本,滞后稳健回归,近期滚动回测,2023-04-21,2023-04-22,2023-04-28,1014,7,2023-04-21,通过,0.16086285832660815,0.5526040227665228,0.24192770774105696,0.8571428571428571,0.14285714285714285,0.7597792248069511
水生根茎类,固定篮子成本,滞后稳健回归,近期滚动回测,2023-04-28,2023-04-29,2023-05-05,1021,7,2023-04-28,通过,0.09297197904580984,0.30790666774326203,0.17450705282448312,0.7142857142857143,1.0,0.971618355376666
水生根茎类,固定篮子成本,滞后稳健回归,近期滚动回测,2023-05-05,2023-05-06,2023-05-12,1028,7,2023-05-05,通过,0.08295044208590308,0.27822492521305414,0.13086520554029776,0.14285714285714285,1.0,1.1284001107597614
水生根茎类,固定篮子成本,滞后稳健回归,近期滚动回测,2023-05-12,2023-05-13,2023-05-19,1035,7,2023-05-12,通过,0.026306123077535156,0.09293543738475199,0.08940357018294313,0.42857142857142855,1.0,1.1991402463447638
水生根茎类,固定篮子成本,滞后稳健回归,近期滚动回测,2023-05-19,2023-05-20,2023-05-26,1042,7,2023-05-19,通过,0.02323776573785443,0.08518199083793901,0.1095047745652693,0.5714285714285714,1.0,1.1639582735764904
水生根茎类,固定篮子成本,滞后稳健回归,近期滚动回测,2023-05-26,2023-05-27,2023-06-02,1049,7,2023-05-26,通过,0.021159712419459582,0.07699595036786487,0.0816138082474851,1.0,1.0,1.1074421686074665
水生根茎类,固定篮子成本,滞后稳健回归,近期滚动回测,2023-06-02,2023-06-03,2023-06-09,1056,7,2023-06-02,通过,0.022631962886322483,0.08277149100478479,0.08284966526225716,0.42857142857142855,1.0,1.02681568558683
水生根茎类,固定篮子成本,滞后稳健回归,近期滚动回测,2023-06-09,2023-06-10,2023-06-16,1063,7,2023-06-09,通过,0.11628685574206142,0.4756813557686704,0.39467804598179757,0.5714285714285714,0.7142857142857143,0.9361391805872932
水生根茎类,固定篮子成本,滞后稳健回归,近期滚动回测,2023-06-16,2023-06-17,2023-06-23,1070,7,2023-06-16,通过,0.6002180168680753,6.672663254430046,0.05114672736283913,0.0,0.0,1.3271887564927933
茄类,销量加权成本,近7日均值,八折主要回测,2021-03-31,2021-04-01,2021-04-07,271,7,2021-03-31,通过,0.05319880822709823,0.31139661236559935,0.22127822919579923,0.8571428571428571,1.0,4.535516947271774
茄类,销量加权成本,近7日均值,八折主要回测,2021-06-30,2021-07-01,2021-07-07,362,7,2021-06-30,通过,0.1323258345526827,0.35904262891986577,0.21643657372324424,0.2857142857142857,1.0,2.6539250216032477
茄类,销量加权成本,近7日均值,八折主要回测,2021-09-30,2021-10-01,2021-10-07,454,7,2021-09-30,通过,0.2133512139786504,1.1638271348771134,0.4676909513250161,0.14285714285714285,0.5714285714285714,2.8439777027102786
茄类,销量加权成本,近7日均值,八折主要回测,2021-12-31,2022-01-01,2022-01-07,546,7,2021-12-31,通过,0.08191647703726801,0.4968172692779991,0.31234572566733904,1.0,1.0,2.0078486297132727
茄类,销量加权成本,近7日均值,八折主要回测,2022-03-31,2022-04-01,2022-04-07,635,7,2022-03-31,通过,0.0771535256500529,0.7811839781403561,1.0958674008974423,0.5714285714285714,0.8571428571428571,4.143499723034689
茄类,销量加权成本,近7日均值,八折主要回测,2022-06-30,2022-07-01,2022-07-07,726,7,2022-06-30,通过,0.2566253369154335,0.9667200066744043,0.4275102779468665,0.2857142857142857,1.0,4.319991182686755
茄类,销量加权成本,近7日均值,八折主要回测,2022-12-31,2023-01-01,2023-01-07,870,7,2022-12-31,通过,0.10877084212567312,0.6363818347749215,0.11356152039255507,1.0,1.0,2.66370296530285
茄类,销量加权成本,近7日均值,近期滚动回测,2023-03-17,2023-03-18,2023-03-24,945,7,2023-03-17,通过,0.03941791389131533,0.26530711126909107,0.2048867541651679,1.0,1.0,2.972430228649761
茄类,销量加权成本,近7日均值,近期滚动回测,2023-03-24,2023-03-25,2023-03-31,952,7,2023-03-24,通过,0.13527370593149193,0.801988356728649,0.2652571580598407,1.0,1.0,3.30967740501351
茄类,销量加权成本,近7日均值,近期滚动回测,2023-03-31,2023-04-01,2023-04-07,959,7,2023-03-31,通过,0.07677175221993136,0.42270022043416133,0.16202659175796827,0.14285714285714285,1.0,3.6978349490567064
茄类,销量加权成本,近7日均值,近期滚动回测,2023-04-07,2023-04-08,2023-04-14,966,7,2023-04-07,通过,0.06453812557700521,0.37634579547284563,0.3222841684728805,1.0,1.0,4.159917061910932
茄类,销量加权成本,近7日均值,近期滚动回测,2023-04-14,2023-04-15,2023-04-21,973,7,2023-04-14,通过,0.1913829182101906,0.9374424631068203,0.27533768186180635,0.2857142857142857,1.0,4.403370840999691
茄类,销量加权成本,近7日均值,近期滚动回测,2023-04-21,2023-04-22,2023-04-28,980,7,2023-04-21,通过,0.19950357399471158,0.8146866191018679,0.23315112135655816,0.0,1.0,4.828285533978863
茄类,销量加权成本,近7日均值,近期滚动回测,2023-04-28,2023-04-29,2023-05-05,987,7,2023-04-28,通过,0.20466908098540532,1.0508585842300033,0.2979084712904229,0.14285714285714285,1.0,4.629328192376356
茄类,销量加权成本,近7日均值,近期滚动回测,2023-05-05,2023-05-06,2023-05-12,994,7,2023-05-05,通过,0.15121791141091565,0.8552453018225928,0.32666666666666666,0.42857142857142855,1.0,3.4862233332879287
茄类,销量加权成本,近7日均值,近期滚动回测,2023-05-12,2023-05-13,2023-05-19,1001,7,2023-05-12,通过,0.2830657074528919,1.2477449565815941,0.12499999999999956,0.5714285714285714,0.7142857142857143,3.0352633674552414
茄类,销量加权成本,近7日均值,近期滚动回测,2023-05-19,2023-05-20,2023-05-26,1008,7,2023-05-19,通过,0.17325567827194427,0.6509286339407728,0.26879298669448576,0.14285714285714285,1.0,2.749794006860197
茄类,销量加权成本,近7日均值,近期滚动回测,2023-05-26,2023-05-27,2023-06-02,1015,7,2023-05-26,通过,0.22381624155711716,1.0473538773914999,0.9220043358281115,0.42857142857142855,0.5714285714285714,2.78579373913028
茄类,销量加权成本,近7日均值,近期滚动回测,2023-06-02,2023-06-03,2023-06-09,1022,7,2023-06-02,通过,0.11812129787714673,0.6267887634815221,0.21396761571670217,1.0,1.0,2.8440936803107157
茄类,销量加权成本,近7日均值,近期滚动回测,2023-06-09,2023-06-10,2023-06-16,1029,7,2023-06-09,通过,0.042663126780782074,0.22197817827175179,0.38573257637514696,1.0,1.0,2.7056455952703518
茄类,销量加权成本,近7日均值,近期滚动回测,2023-06-16,2023-06-17,2023-06-23,1036,7,2023-06-16,通过,0.12186751875736032,0.5656409163547592,0.3959685344210661,0.14285714285714285,1.0,2.5892255252030574
茄类,销量加权成本,近14日均值,八折主要回测,2021-03-31,2021-04-01,2021-04-07,271,7,2021-03-31,通过,0.0526495197560335,0.30818137926543543,0.22127822919579923,0.8571428571428571,1.0,4.535516947271776
茄类,销量加权成本,近14日均值,八折主要回测,2021-06-30,2021-07-01,2021-07-07,362,7,2021-06-30,通过,0.10053944181767929,0.2727959027984353,0.21643657372324424,0.2857142857142857,1.0,2.6539250216032477
茄类,销量加权成本,近14日均值,八折主要回测,2021-09-30,2021-10-01,2021-10-07,454,7,2021-09-30,通过,0.24180314904648714,1.3190319422658525,0.4676909513250161,0.14285714285714285,0.5714285714285714,2.8439777027102786
茄类,销量加权成本,近14日均值,八折主要回测,2021-12-31,2022-01-01,2022-01-07,546,7,2021-12-31,通过,0.09449041579753766,0.5730772617103383,0.31234572566733904,0.0,1.0,2.0078486297132727
茄类,销量加权成本,近14日均值,八折主要回测,2022-03-31,2022-04-01,2022-04-07,635,7,2022-03-31,通过,0.12524112899318549,1.2680737859919051,1.0958674008974423,0.5714285714285714,0.8571428571428571,4.1434997230346875
茄类,销量加权成本,近14日均值,八折主要回测,2022-06-30,2022-07-01,2022-07-07,726,7,2022-06-30,通过,0.1748166158586632,0.6585426134496389,0.4275102779468665,0.2857142857142857,1.0,4.319991182686755
茄类,销量加权成本,近14日均值,八折主要回测,2022-12-31,2023-01-01,2023-01-07,870,7,2022-12-31,通过,0.10852651132346966,0.634952336931937,0.11356152039255507,1.0,1.0,2.66370296530285
茄类,销量加权成本,近14日均值,近期滚动回测,2023-03-17,2023-03-18,2023-03-24,945,7,2023-03-17,通过,0.12296825790875397,0.8276529644241768,0.2048867541651679,0.0,1.0,2.9724302286497633
茄类,销量加权成本,近14日均值,近期滚动回测,2023-03-24,2023-03-25,2023-03-31,952,7,2023-03-24,通过,0.15764876652323298,0.9346419123631948,0.2652571580598407,0.0,1.0,3.30967740501351
茄类,销量加权成本,近14日均值,近期滚动回测,2023-03-31,2023-04-01,2023-04-07,959,7,2023-03-31,通过,0.14960120490249976,0.8236943987984872,0.16202659175796827,0.14285714285714285,1.0,3.6978349490567086
茄类,销量加权成本,近14日均值,近期滚动回测,2023-04-07,2023-04-08,2023-04-14,966,7,2023-04-07,通过,0.05285776817963721,0.308233290549309,0.3222841684728805,1.0,1.0,4.159917061910932
茄类,销量加权成本,近14日均值,近期滚动回测,2023-04-14,2023-04-15,2023-04-21,973,7,2023-04-14,通过,0.16765454494399504,0.8212148243592993,0.27533768186180635,0.2857142857142857,1.0,4.403370840999688
茄类,销量加权成本,近14日均值,近期滚动回测,2023-04-21,2023-04-22,2023-04-28,980,7,2023-04-21,通过,0.3137560783854392,1.2812446093285017,0.23315112135655816,0.0,1.0,4.828285533978863
茄类,销量加权成本,近14日均值,近期滚动回测,2023-04-28,2023-04-29,2023-05-05,987,7,2023-04-28,通过,0.143533591569849,0.7369628382574053,0.2979084712904229,0.8571428571428571,1.0,4.629328192376356
茄类,销量加权成本,近14日均值,近期滚动回测,2023-05-05,2023-05-06,2023-05-12,994,7,2023-05-05,通过,0.19103321518320682,1.0804292841575938,0.32666666666666666,0.42857142857142855,0.8571428571428571,3.486223333287928
茄类,销量加权成本,近14日均值,近期滚动回测,2023-05-12,2023-05-13,2023-05-19,1001,7,2023-05-12,通过,0.22393568433902475,0.9871016282647609,0.12499999999999956,0.5714285714285714,1.0,3.0352633674552427
茄类,销量加权成本,近14日均值,近期滚动回测,2023-05-19,2023-05-20,2023-05-26,1008,7,2023-05-19,通过,0.3393099025685298,1.2748011122315712,0.26879298669448576,0.14285714285714285,0.7142857142857143,2.749794006860197
茄类,销量加权成本,近14日均值,近期滚动回测,2023-05-26,2023-05-27,2023-06-02,1015,7,2023-05-26,通过,0.20568710233926096,0.962518102643909,0.9220043358281115,0.42857142857142855,0.7142857142857143,2.7857937391302796
茄类,销量加权成本,近14日均值,近期滚动回测,2023-06-02,2023-06-03,2023-06-09,1022,7,2023-06-02,通过,0.20504463194083888,1.0880313171498541,0.21396761571670217,1.0,1.0,2.8440936803107157
茄类,销量加权成本,近14日均值,近期滚动回测,2023-06-09,2023-06-10,2023-06-16,1029,7,2023-06-09,通过,0.06813186501283595,0.35449317523109564,0.38573257637514696,1.0,1.0,2.7056455952703513
茄类,销量加权成本,近14日均值,近期滚动回测,2023-06-16,2023-06-17,2023-06-23,1036,7,2023-06-16,通过,0.1321224870535563,0.6132387481921204,0.3959685344210661,0.14285714285714285,1.0,2.5892255252030574
茄类,销量加权成本,近7日中位数,八折主要回测,2021-03-31,2021-04-01,2021-04-07,271,7,2021-03-31,通过,0.05367407582124192,0.31417856789647736,0.22127822919579923,0.8571428571428571,1.0,4.535516947271774
茄类,销量加权成本,近7日中位数,八折主要回测,2021-06-30,2021-07-01,2021-07-07,362,7,2021-06-30,通过,0.08298901706732294,0.22517594512101383,0.21643657372324424,0.0,1.0,2.6539250216032477
茄类,销量加权成本,近7日中位数,八折主要回测,2021-09-30,2021-10-01,2021-10-07,454,7,2021-09-30,通过,0.22385411957772405,1.221120300935582,0.4676909513250161,0.14285714285714285,0.5714285714285714,2.8439777027102786
茄类,销量加权成本,近7日中位数,八折主要回测,2021-12-31,2022-01-01,2022-01-07,546,7,2021-12-31,通过,0.08413794353526505,0.5102902964300986,0.31234572566733904,0.0,1.0,2.0078486297132727
茄类,销量加权成本,近7日中位数,八折主要回测,2022-03-31,2022-04-01,2022-04-07,635,7,2022-03-31,通过,0.09755887204589556,0.9877893087267674,1.0958674008974423,0.5714285714285714,0.8571428571428571,4.1434997230346875
茄类,销量加权成本,近7日中位数,八折主要回测,2022-06-30,2022-07-01,2022-07-07,726,7,2022-06-30,通过,0.2701904064697262,1.0178202771608915,0.4275102779468665,0.2857142857142857,1.0,4.319991182686753
茄类,销量加权成本,近7日中位数,八折主要回测,2022-12-31,2023-01-01,2023-01-07,870,7,2022-12-31,通过,0.08728334906585261,0.5106656962318106,0.11356152039255507,1.0,1.0,2.66370296530285
茄类,销量加权成本,近7日中位数,近期滚动回测,2023-03-17,2023-03-18,2023-03-24,945,7,2023-03-17,通过,0.0480314213857327,0.3232813814838836,0.2048867541651679,1.0,1.0,2.972430228649761
茄类,销量加权成本,近7日中位数,近期滚动回测,2023-03-24,2023-03-25,2023-03-31,952,7,2023-03-24,通过,0.14272446739839473,0.8461611980363655,0.2652571580598407,0.0,1.0,3.30967740501351
茄类,销量加权成本,近7日中位数,近期滚动回测,2023-03-31,2023-04-01,2023-04-07,959,7,2023-03-31,通过,0.09220757374895658,0.5076888389589759,0.16202659175796827,0.14285714285714285,1.0,3.6978349490567064
茄类,销量加权成本,近7日中位数,近期滚动回测,2023-04-07,2023-04-08,2023-04-14,966,7,2023-04-07,通过,0.0681717591609027,0.3975348633201459,0.3222841684728805,1.0,1.0,4.159917061910932
茄类,销量加权成本,近7日中位数,近期滚动回测,2023-04-14,2023-04-15,2023-04-21,973,7,2023-04-14,通过,0.1936874643743565,0.9487307194082859,0.27533768186180635,0.2857142857142857,1.0,4.403370840999691
茄类,销量加权成本,近7日中位数,近期滚动回测,2023-04-21,2023-04-22,2023-04-28,980,7,2023-04-21,通过,0.13099396186682669,0.534922887741715,0.23315112135655816,0.0,1.0,4.828285533978863
茄类,销量加权成本,近7日中位数,近期滚动回测,2023-04-28,2023-04-29,2023-05-05,987,7,2023-04-28,通过,0.18942227544008172,0.9725749645828742,0.2979084712904229,0.14285714285714285,1.0,4.629328192376356
茄类,销量加权成本,近7日中位数,近期滚动回测,2023-05-05,2023-05-06,2023-05-12,994,7,2023-05-05,通过,0.13791361454912854,0.7799999999999997,0.32666666666666666,0.42857142857142855,1.0,3.486223333287928
茄类,销量加权成本,近7日中位数,近期滚动回测,2023-05-12,2023-05-13,2023-05-19,1001,7,2023-05-12,通过,0.37024546883324766,1.6320306708673091,0.12499999999999956,0.5714285714285714,0.5714285714285714,3.0352633674552414
茄类,销量加权成本,近7日中位数,近期滚动回测,2023-05-19,2023-05-20,2023-05-26,1008,7,2023-05-19,通过,0.2190445543646273,0.8229593048080833,0.26879298669448576,0.14285714285714285,1.0,2.749794006860197
茄类,销量加权成本,近7日中位数,近期滚动回测,2023-05-26,2023-05-27,2023-06-02,1015,7,2023-05-26,通过,0.21962211370818094,1.0277273479032991,0.9220043358281115,0.42857142857142855,0.5714285714285714,2.7857937391302796
茄类,销量加权成本,近7日中位数,近期滚动回测,2023-06-02,2023-06-03,2023-06-09,1022,7,2023-06-02,通过,0.08792415265381742,0.46655321193104743,0.21396761571670217,1.0,1.0,2.8440936803107157
茄类,销量加权成本,近7日中位数,近期滚动回测,2023-06-09,2023-06-10,2023-06-16,1029,7,2023-06-09,通过,0.046471360821773604,0.24179259223150318,0.38573257637514696,1.0,1.0,2.7056455952703513
茄类,销量加权成本,近7日中位数,近期滚动回测,2023-06-16,2023-06-17,2023-06-23,1036,7,2023-06-16,通过,0.15681384432608708,0.7278422298752456,0.3959685344210661,0.14285714285714285,1.0,2.5892255252030574
茄类,销量加权成本,近14日中位数,八折主要回测,2021-03-31,2021-04-01,2021-04-07,271,7,2021-03-31,通过,0.05261035029235234,0.30795210273265256,0.22127822919579923,0.8571428571428571,1.0,4.535516947271774
茄类,销量加权成本,近14日中位数,八折主要回测,2021-06-30,2021-07-01,2021-07-07,362,7,2021-06-30,通过,0.07808001003663567,0.21185622720166572,0.21643657372324424,0.7142857142857143,1.0,2.6539250216032477
茄类,销量加权成本,近14日中位数,八折主要回测,2021-09-30,2021-10-01,2021-10-07,454,7,2021-09-30,通过,0.24624392329779263,1.3432562880155332,0.4676909513250161,0.14285714285714285,0.5714285714285714,2.8439777027102786
茄类,销量加权成本,近14日中位数,八折主要回测,2021-12-31,2022-01-01,2022-01-07,546,7,2021-12-31,通过,0.09347526003974313,0.5669204184265402,0.31234572566733904,0.0,1.0,2.0078486297132727
茄类,销量加权成本,近14日中位数,八折主要回测,2022-03-31,2022-04-01,2022-04-07,635,7,2022-03-31,通过,0.1292012314420234,1.308170055848167,1.0958674008974423,0.5714285714285714,0.8571428571428571,4.143499723034689
茄类,销量加权成本,近14日中位数,八折主要回测,2022-06-30,2022-07-01,2022-07-07,726,7,2022-06-30,通过,0.15779721428706714,0.5944297078470658,0.4275102779468665,0.2857142857142857,1.0,4.319991182686753
茄类,销量加权成本,近14日中位数,八折主要回测,2022-12-31,2023-01-01,2023-01-07,870,7,2022-12-31,通过,0.10201368563302518,0.5968479710793162,0.11356152039255507,1.0,1.0,2.66370296530285
茄类,销量加权成本,近14日中位数,近期滚动回测,2023-03-17,2023-03-18,2023-03-24,945,7,2023-03-17,通过,0.09415971629331386,0.6337535364396898,0.2048867541651679,0.0,1.0,2.9724302286497633
茄类,销量加权成本,近14日中位数,近期滚动回测,2023-03-24,2023-03-25,2023-03-31,952,7,2023-03-24,通过,0.1540846623175159,0.9135116412918878,0.2652571580598407,0.0,1.0,3.30967740501351
茄类,销量加权成本,近14日中位数,近期滚动回测,2023-03-31,2023-04-01,2023-04-07,959,7,2023-03-31,通过,0.15854983215126528,0.872964952110859,0.16202659175796827,0.14285714285714285,1.0,3.6978349490567086
茄类,销量加权成本,近14日中位数,近期滚动回测,2023-04-07,2023-04-08,2023-04-14,966,7,2023-04-07,通过,0.05990941754304212,0.3493540786933602,0.3222841684728805,1.0,1.0,4.159917061910932
茄类,销量加权成本,近14日中位数,近期滚动回测,2023-04-14,2023-04-15,2023-04-21,973,7,2023-04-14,通过,0.1468432568177144,0.7192758144205982,0.27533768186180635,0.2857142857142857,1.0,4.403370840999688
茄类,销量加权成本,近14日中位数,近期滚动回测,2023-04-21,2023-04-22,2023-04-28,980,7,2023-04-21,通过,0.3377004807339844,1.3790232295564695,0.23315112135655816,0.0,1.0,4.828285533978863
茄类,销量加权成本,近14日中位数,近期滚动回测,2023-04-28,2023-04-29,2023-05-05,987,7,2023-04-28,通过,0.1719692510382216,0.8829636738829454,0.2979084712904229,0.8571428571428571,1.0,4.629328192376356
茄类,销量加权成本,近14日中位数,近期滚动回测,2023-05-05,2023-05-06,2023-05-12,994,7,2023-05-05,通过,0.2526102458321072,1.4286913760704463,0.32666666666666666,0.42857142857142855,0.42857142857142855,3.486223333287928
茄类,销量加权成本,近14日中位数,近期滚动回测,2023-05-12,2023-05-13,2023-05-19,1001,7,2023-05-12,通过,0.2581965887428029,1.138122644064962,0.12499999999999956,0.5714285714285714,0.7142857142857143,3.0352633674552436
茄类,销量加权成本,近14日中位数,近期滚动回测,2023-05-19,2023-05-20,2023-05-26,1008,7,2023-05-19,通过,0.23046115999770145,0.8658519567725002,0.26879298669448576,0.14285714285714285,1.0,2.749794006860197
茄类,销量加权成本,近14日中位数,近期滚动回测,2023-05-26,2023-05-27,2023-06-02,1015,7,2023-05-26,通过,0.2077479037052525,0.9721616758099526,0.9220043358281115,0.42857142857142855,0.7142857142857143,2.78579373913028
茄类,销量加权成本,近14日中位数,近期滚动回测,2023-06-02,2023-06-03,2023-06-09,1022,7,2023-06-02,通过,0.27190695567182466,1.442823839480867,0.21396761571670217,1.0,0.5714285714285714,2.8440936803107157
茄类,销量加权成本,近14日中位数,近期滚动回测,2023-06-09,2023-06-10,2023-06-16,1029,7,2023-06-09,通过,0.0501329275625492,0.2608438895945443,0.38573257637514696,1.0,1.0,2.7056455952703513
茄类,销量加权成本,近14日中位数,近期滚动回测,2023-06-16,2023-06-17,2023-06-23,1036,7,2023-06-16,通过,0.14935302618324783,0.6932132815377139,0.3959685344210661,0.14285714285714285,1.0,2.5892255252030574
茄类,销量加权成本,指数加权移动平均,八折主要回测,2021-03-31,2021-04-01,2021-04-07,271,7,2021-03-31,通过,0.05494562188364853,0.321621500351091,0.22127822919579923,0.8571428571428571,1.0,4.535516947271774
茄类,销量加权成本,指数加权移动平均,八折主要回测,2021-06-30,2021-07-01,2021-07-07,362,7,2021-06-30,通过,0.12631927906469956,0.3427449083693114,0.21643657372324424,0.2857142857142857,1.0,2.6539250216032477
茄类,销量加权成本,指数加权移动平均,八折主要回测,2021-09-30,2021-10-01,2021-10-07,454,7,2021-09-30,通过,0.2045707570714957,1.1159298962600956,0.4676909513250161,0.14285714285714285,0.5714285714285714,2.8439777027102786
茄类,销量加权成本,指数加权移动平均,八折主要回测,2021-12-31,2022-01-01,2022-01-07,546,7,2021-12-31,通过,0.08228444792934951,0.4990489850498401,0.31234572566733904,1.0,1.0,2.0078486297132727
茄类,销量加权成本,指数加权移动平均,八折主要回测,2022-03-31,2022-04-01,2022-04-07,635,7,2022-03-31,通过,0.06651417804491806,0.673459958829884,1.0958674008974423,0.5714285714285714,1.0,4.143499723034689
茄类,销量加权成本,指数加权移动平均,八折主要回测,2022-06-30,2022-07-01,2022-07-07,726,7,2022-06-30,通过,0.23029601407197064,0.8675361791501853,0.4275102779468665,0.2857142857142857,1.0,4.319991182686753
茄类,销量加权成本,指数加权移动平均,八折主要回测,2022-12-31,2023-01-01,2023-01-07,870,7,2022-12-31,通过,0.12156224118498479,0.7112200344580482,0.11356152039255507,0.0,1.0,2.66370296530285
茄类,销量加权成本,指数加权移动平均,近期滚动回测,2023-03-17,2023-03-18,2023-03-24,945,7,2023-03-17,通过,0.05427277585491415,0.3652895843834741,0.2048867541651679,1.0,1.0,2.9724302286497633
茄类,销量加权成本,指数加权移动平均,近期滚动回测,2023-03-24,2023-03-25,2023-03-31,952,7,2023-03-24,通过,0.13200468975029375,0.7826075546930618,0.2652571580598407,1.0,1.0,3.3096774050135096
茄类,销量加权成本,指数加权移动平均,近期滚动回测,2023-03-31,2023-04-01,2023-04-07,959,7,2023-03-31,通过,0.05935535781558648,0.32680669786879274,0.16202659175796827,0.14285714285714285,1.0,3.6978349490567064
茄类,销量加权成本,指数加权移动平均,近期滚动回测,2023-04-07,2023-04-08,2023-04-14,966,7,2023-04-07,通过,0.06867264142329625,0.4004556939422535,0.3222841684728805,1.0,1.0,4.159917061910932
茄类,销量加权成本,指数加权移动平均,近期滚动回测,2023-04-14,2023-04-15,2023-04-21,973,7,2023-04-14,通过,0.16757618041236846,0.8208309748484065,0.27533768186180635,0.2857142857142857,1.0,4.403370840999688
茄类,销量加权成本,指数加权移动平均,近期滚动回测,2023-04-21,2023-04-22,2023-04-28,980,7,2023-04-21,通过,0.12369812098599697,0.5051298177646032,0.23315112135655816,0.0,1.0,4.828285533978863
茄类,销量加权成本,指数加权移动平均,近期滚动回测,2023-04-28,2023-04-29,2023-05-05,987,7,2023-04-28,通过,0.18497180518913126,0.9497243471639928,0.2979084712904229,0.14285714285714285,1.0,4.629328192376356
茄类,销量加权成本,指数加权移动平均,近期滚动回测,2023-05-05,2023-05-06,2023-05-12,994,7,2023-05-05,通过,0.12546556421466024,0.7095973838940569,0.32666666666666666,0.42857142857142855,1.0,3.486223333287928
茄类,销量加权成本,指数加权移动平均,近期滚动回测,2023-05-12,2023-05-13,2023-05-19,1001,7,2023-05-12,通过,0.16113152197783162,0.7102628068347518,0.12499999999999956,0.5714285714285714,1.0,3.035263367455243
茄类,销量加权成本,指数加权移动平均,近期滚动回测,2023-05-19,2023-05-20,2023-05-26,1008,7,2023-05-19,通过,0.13283031324048503,0.49904889239959216,0.26879298669448576,0.14285714285714285,1.0,2.749794006860197
茄类,销量加权成本,指数加权移动平均,近期滚动回测,2023-05-26,2023-05-27,2023-06-02,1015,7,2023-05-26,通过,0.21287625458069842,0.9961599260560218,0.9220043358281115,0.42857142857142855,0.5714285714285714,2.7857937391302796
茄类,销量加权成本,指数加权移动平均,近期滚动回测,2023-06-02,2023-06-03,2023-06-09,1022,7,2023-06-02,通过,0.03945784503854449,0.20937573787139815,0.21396761571670217,1.0,1.0,2.8440936803107157
茄类,销量加权成本,指数加权移动平均,近期滚动回测,2023-06-09,2023-06-10,2023-06-16,1029,7,2023-06-09,通过,0.04661113191376452,0.24251982754490672,0.38573257637514696,1.0,1.0,2.705645595270351
茄类,销量加权成本,指数加权移动平均,近期滚动回测,2023-06-16,2023-06-17,2023-06-23,1036,7,2023-06-16,通过,0.1057567959008895,0.49086394433963537,0.3959685344210661,0.14285714285714285,1.0,2.5892255252030574
茄类,销量加权成本,同星期最近4次统计,八折主要回测,2021-03-31,2021-04-01,2021-04-07,271,7,2021-03-31,通过,0.07079327424450568,0.4143849554655776,0.25866318673252264,0.8571428571428571,1.0,4.535516947271775
茄类,销量加权成本,同星期最近4次统计,八折主要回测,2021-06-30,2021-07-01,2021-07-07,362,7,2021-06-30,通过,0.122346362262182,0.3319651048783468,0.23500339006702373,0.42857142857142855,1.0,2.6539250216032486
茄类,销量加权成本,同星期最近4次统计,八折主要回测,2021-09-30,2021-10-01,2021-10-07,454,7,2021-09-30,通过,0.18015832321174832,0.9827604971995872,0.5099537832687154,0.7142857142857143,0.5714285714285714,2.8439777027102786
茄类,销量加权成本,同星期最近4次统计,八折主要回测,2021-12-31,2022-01-01,2022-01-07,546,7,2021-12-31,通过,0.06785988800600637,0.41156511451678657,0.4442546391316878,0.7142857142857143,1.0,2.0078486297132727
茄类,销量加权成本,同星期最近4次统计,八折主要回测,2022-03-31,2022-04-01,2022-04-07,635,7,2022-03-31,通过,0.15618664597118415,1.5813989627068377,1.2697048702631824,0.5714285714285714,0.5714285714285714,4.143499723034688
茄类,销量加权成本,同星期最近4次统计,八折主要回测,2022-06-30,2022-07-01,2022-07-07,726,7,2022-06-30,通过,0.12370497814195948,0.46600261194965453,0.7396592603227617,0.7142857142857143,1.0,4.319991182686754
茄类,销量加权成本,同星期最近4次统计,八折主要回测,2022-12-31,2023-01-01,2023-01-07,870,7,2022-12-31,通过,0.10776512605147075,0.6304977262394368,0.19150829203910438,0.8571428571428571,1.0,2.66370296530285
茄类,销量加权成本,同星期最近4次统计,近期滚动回测,2023-03-17,2023-03-18,2023-03-24,945,7,2023-03-17,通过,0.2409075770913553,1.621458039031973,0.3774596457811434,0.0,0.42857142857142855,2.9724302286497633
茄类,销量加权成本,同星期最近4次统计,近期滚动回测,2023-03-24,2023-03-25,2023-03-31,952,7,2023-03-24,通过,0.27754298394049015,1.645450903257771,0.41166284576778267,0.0,0.42857142857142855,3.3096774050135096
茄类,销量加权成本,同星期最近4次统计,近期滚动回测,2023-03-31,2023-04-01,2023-04-07,959,7,2023-03-31,通过,0.24652349078446392,1.3573421327973567,0.25582984369127776,0.14285714285714285,1.0,3.697834949056708
茄类,销量加权成本,同星期最近4次统计,近期滚动回测,2023-04-07,2023-04-08,2023-04-14,966,7,2023-04-07,通过,0.08273309567969553,0.48244742820048436,0.4613206611047194,1.0,1.0,4.159917061910932
茄类,销量加权成本,同星期最近4次统计,近期滚动回测,2023-04-14,2023-04-15,2023-04-21,973,7,2023-04-14,通过,0.20212479982331713,0.9900589455598244,0.3639214585127541,0.2857142857142857,1.0,4.403370840999689
茄类,销量加权成本,同星期最近4次统计,近期滚动回测,2023-04-21,2023-04-22,2023-04-28,980,7,2023-04-21,通过,0.3799637803045165,1.5516083314159423,0.34434032133326964,0.0,1.0,4.828285533978863
茄类,销量加权成本,同星期最近4次统计,近期滚动回测,2023-04-28,2023-04-29,2023-05-05,987,7,2023-04-28,通过,0.1501057238392688,0.7707069757634866,0.4305644802708632,0.8571428571428571,1.0,4.629328192376356
茄类,销量加权成本,同星期最近4次统计,近期滚动回测,2023-05-05,2023-05-06,2023-05-12,994,7,2023-05-05,通过,0.16314941733484953,0.9227264903266704,0.37732711898450716,0.42857142857142855,1.0,3.486223333287928
茄类,销量加权成本,同星期最近4次统计,近期滚动回测,2023-05-12,2023-05-13,2023-05-19,1001,7,2023-05-12,通过,0.09669519645338928,0.42622946024100006,0.1224495825474999,0.8571428571428571,1.0,3.0352633674552427
茄类,销量加权成本,同星期最近4次统计,近期滚动回测,2023-05-19,2023-05-20,2023-05-26,1008,7,2023-05-19,通过,0.22951678829760644,0.8623039138638556,0.4207470115693311,0.14285714285714285,0.7142857142857143,2.749794006860197
茄类,销量加权成本,同星期最近4次统计,近期滚动回测,2023-05-26,2023-05-27,2023-06-02,1015,7,2023-05-26,通过,0.18561470632751356,0.8685888075883652,0.8678203881554594,0.5714285714285714,0.7142857142857143,2.78579373913028
茄类,销量加权成本,同星期最近4次统计,近期滚动回测,2023-06-02,2023-06-03,2023-06-09,1022,7,2023-06-02,通过,0.16531252313854455,0.8772002494739414,0.4799897147299945,1.0,1.0,2.8440936803107157
茄类,销量加权成本,同星期最近4次统计,近期滚动回测,2023-06-09,2023-06-10,2023-06-16,1029,7,2023-06-09,通过,0.12419135835468431,0.646173254630864,0.2752822516928976,1.0,1.0,2.7056455952703513
茄类,销量加权成本,同星期最近4次统计,近期滚动回测,2023-06-16,2023-06-17,2023-06-23,1036,7,2023-06-16,通过,0.06793350026613999,0.3153093435686687,0.4583446725112011,0.7142857142857143,1.0,2.5892255252030574
茄类,销量加权成本,同星期最近8次统计,八折主要回测,2021-03-31,2021-04-01,2021-04-07,271,7,2021-03-31,通过,0.057595311725186095,0.33713132976215754,0.23132623230432894,0.8571428571428571,1.0,4.535516947271774
茄类,销量加权成本,同星期最近8次统计,八折主要回测,2021-06-30,2021-07-01,2021-07-07,362,7,2021-06-30,通过,0.24911708738753308,0.675934931881119,0.16725082415822254,0.2857142857142857,1.0,2.6539250216032477
茄类,销量加权成本,同星期最近8次统计,八折主要回测,2021-09-30,2021-10-01,2021-10-07,454,7,2021-09-30,通过,0.17664902453041173,0.9636173343669788,0.7718612133408596,0.8571428571428571,0.8571428571428571,2.8439777027102786
茄类,销量加权成本,同星期最近8次统计,八折主要回测,2021-12-31,2022-01-01,2022-01-07,546,7,2021-12-31,通过,0.10220870189462997,0.6198880861128478,0.3963198209911834,0.2857142857142857,0.8571428571428571,2.0078486297132727
茄类,销量加权成本,同星期最近8次统计,八折主要回测,2022-03-31,2022-04-01,2022-04-07,635,7,2022-03-31,通过,0.1811748185622346,1.8344056776517073,1.5138067545732097,0.5714285714285714,0.5714285714285714,4.143499723034688
茄类,销量加权成本,同星期最近8次统计,八折主要回测,2022-06-30,2022-07-01,2022-07-07,726,7,2022-06-30,通过,0.18627997225092272,0.7017256292080869,0.5936399972318146,0.42857142857142855,1.0,4.319991182686754
茄类,销量加权成本,同星期最近8次统计,八折主要回测,2022-12-31,2023-01-01,2023-01-07,870,7,2022-12-31,通过,0.2314960538733817,1.3544060212100253,0.2431248233812681,0.0,0.42857142857142855,2.66370296530285
茄类,销量加权成本,同星期最近8次统计,近期滚动回测,2023-03-17,2023-03-18,2023-03-24,945,7,2023-03-17,通过,0.2336949574310011,1.5729126164597038,0.28703529448650683,0.0,0.2857142857142857,2.9724302286497633
茄类,销量加权成本,同星期最近8次统计,近期滚动回测,2023-03-24,2023-03-25,2023-03-31,952,7,2023-03-24,通过,0.34700437173504595,2.0572620817114733,0.3903034004100407,0.0,0.14285714285714285,3.3096774050135096
茄类,销量加权成本,同星期最近8次统计,近期滚动回测,2023-03-31,2023-04-01,2023-04-07,959,7,2023-03-31,通过,0.3534533163608462,1.9460907224171289,0.08162464309757429,0.14285714285714285,0.14285714285714285,3.697834949056708
茄类,销量加权成本,同星期最近8次统计,近期滚动回测,2023-04-07,2023-04-08,2023-04-14,966,7,2023-04-07,通过,0.2134106849658143,1.244477016922858,0.37916768634175835,1.0,1.0,4.159917061910932
茄类,销量加权成本,同星期最近8次统计,近期滚动回测,2023-04-14,2023-04-15,2023-04-21,973,7,2023-04-14,通过,0.40116744808129573,1.965020724757569,0.34206891448224974,0.2857142857142857,0.42857142857142855,4.403370840999689
茄类,销量加权成本,同星期最近8次统计,近期滚动回测,2023-04-21,2023-04-22,2023-04-28,980,7,2023-04-21,通过,0.5615674586055059,2.293199490556872,0.2666437988799042,0.0,0.7142857142857143,4.828285533978862
茄类,销量加权成本,同星期最近8次统计,近期滚动回测,2023-04-28,2023-04-29,2023-05-05,987,7,2023-04-28,通过,0.17102441780848304,0.8781124960433023,0.37665222936550213,0.8571428571428571,1.0,4.629328192376356
茄类,销量加权成本,同星期最近8次统计,近期滚动回测,2023-05-05,2023-05-06,2023-05-12,994,7,2023-05-05,通过,0.10257040850010446,0.5801089246455907,0.3802955787280857,0.5714285714285714,1.0,3.4862233332879278
茄类,销量加权成本,同星期最近8次统计,近期滚动回测,2023-05-12,2023-05-13,2023-05-19,1001,7,2023-05-12,通过,0.27840666653988017,1.2272080471338642,0.216515747876604,0.5714285714285714,0.8571428571428571,3.0352633674552436
茄类,销量加权成本,同星期最近8次统计,近期滚动回测,2023-05-19,2023-05-20,2023-05-26,1008,7,2023-05-19,通过,0.4141636121710778,1.556029545394422,0.4561963366790889,0.14285714285714285,0.2857142857142857,2.749794006860197
茄类,销量加权成本,同星期最近8次统计,近期滚动回测,2023-05-26,2023-05-27,2023-06-02,1015,7,2023-05-26,通过,0.2232812964314525,1.0448505878730152,1.0031688132360548,0.5714285714285714,0.8571428571428571,2.78579373913028
茄类,销量加权成本,同星期最近8次统计,近期滚动回测,2023-06-02,2023-06-03,2023-06-09,1022,7,2023-06-02,通过,0.13375208049616197,0.7097306129709402,0.33498319689586936,1.0,1.0,2.8440936803107157
茄类,销量加权成本,同星期最近8次统计,近期滚动回测,2023-06-09,2023-06-10,2023-06-16,1029,7,2023-06-09,通过,0.12062405782123699,0.627612428608164,0.3622024872079832,1.0,1.0,2.7056455952703513
茄类,销量加权成本,同星期最近8次统计,近期滚动回测,2023-06-16,2023-06-17,2023-06-23,1036,7,2023-06-16,通过,0.04721186518014035,0.2191310937944165,0.40372531376140613,0.8571428571428571,1.0,2.5892255252030574
茄类,销量加权成本,指数加权移动平均加周内收缩,八折主要回测,2021-03-31,2021-04-01,2021-04-07,271,7,2021-03-31,通过,0.055657077210690714,0.32578596918175823,0.22362932975363092,0.8571428571428571,1.0,4.535516947271775
茄类,销量加权成本,指数加权移动平均加周内收缩,八折主要回测,2021-06-30,2021-07-01,2021-07-07,362,7,2021-06-30,通过,0.16929106412993716,0.45934120818754326,0.1811306570014012,0.2857142857142857,1.0,2.6539250216032486
茄类,销量加权成本,指数加权移动平均加周内收缩,八折主要回测,2021-09-30,2021-10-01,2021-10-07,454,7,2021-09-30,通过,0.18564708955447315,1.0127016214497762,0.5703196762453913,0.7142857142857143,0.7142857142857143,2.8439777027102786
茄类,销量加权成本,指数加权移动平均加周内收缩,八折主要回测,2021-12-31,2022-01-01,2022-01-07,546,7,2021-12-31,通过,0.08925793681719764,0.5413426704218925,0.332544648306574,0.42857142857142855,1.0,2.0078486297132727
茄类,销量加权成本,指数加权移动平均加周内收缩,八折主要回测,2022-03-31,2022-04-01,2022-04-07,635,7,2022-03-31,通过,0.10011966104199009,1.0137174476976376,1.236372266364288,0.5714285714285714,0.8571428571428571,4.143499723034688
茄类,销量加权成本,指数加权移动平均加周内收缩,八折主要回测,2022-06-30,2022-07-01,2022-07-07,726,7,2022-06-30,通过,0.21162292685479586,0.7971937600570637,0.48565567969659834,0.2857142857142857,1.0,4.319991182686754
茄类,销量加权成本,指数加权移动平均加周内收缩,八折主要回测,2022-12-31,2023-01-01,2023-01-07,870,7,2022-12-31,通过,0.16003907562592376,0.9363351298212405,0.10758007693945466,0.0,1.0,2.66370296530285
茄类,销量加权成本,指数加权移动平均加周内收缩,近期滚动回测,2023-03-17,2023-03-18,2023-03-24,945,7,2023-03-17,通过,0.11707053940654454,0.7879576456101541,0.20224777603442487,0.0,1.0,2.9724302286497633
茄类,销量加权成本,指数加权移动平均加周内收缩,近期滚动回测,2023-03-24,2023-03-25,2023-03-31,952,7,2023-03-24,通过,0.20725457844495704,1.2287366391495058,0.30786095519103157,0.0,1.0,3.30967740501351
茄类,销量加权成本,指数加权移动平均加周内收缩,近期滚动回测,2023-03-31,2023-04-01,2023-04-07,959,7,2023-03-31,通过,0.16165833705839425,0.890080175763693,0.10414374163932916,0.14285714285714285,1.0,3.6978349490567086
茄类,销量加权成本,指数加权移动平均加周内收缩,近期滚动回测,2023-04-07,2023-04-08,2023-04-14,966,7,2023-04-07,通过,0.06566954795015494,0.38294353981747725,0.3276102612651856,1.0,1.0,4.159917061910932
茄类,销量加权成本,指数加权移动平均加周内收缩,近期滚动回测,2023-04-14,2023-04-15,2023-04-21,973,7,2023-04-14,通过,0.24256924671952865,1.1881661866446176,0.2986936132789615,0.2857142857142857,1.0,4.403370840999688
茄类,销量加权成本,指数加权移动平均加周内收缩,近期滚动回测,2023-04-21,2023-04-22,2023-04-28,980,7,2023-04-21,通过,0.276952389152825,1.1309542032418969,0.23702635471630495,0.0,1.0,4.828285533978863
茄类,销量加权成本,指数加权移动平均加周内收缩,近期滚动回测,2023-04-28,2023-04-29,2023-05-05,987,7,2023-04-28,通过,0.12682944136579358,0.6511965879293905,0.3119955982310511,0.8571428571428571,1.0,4.629328192376356
茄类,销量加权成本,指数加权移动平均加周内收缩,近期滚动回测,2023-05-05,2023-05-06,2023-05-12,994,7,2023-05-05,通过,0.11745225971456573,0.6642764231570938,0.3256667904531552,0.42857142857142855,1.0,3.486223333287928
茄类,销量加权成本,指数加权移动平均加周内收缩,近期滚动回测,2023-05-12,2023-05-13,2023-05-19,1001,7,2023-05-12,通过,0.2021778225745486,0.8911936409394412,0.15053051175681173,0.5714285714285714,1.0,3.0352633674552427
茄类,销量加权成本,指数加权移动平均加周内收缩,近期滚动回测,2023-05-19,2023-05-20,2023-05-26,1008,7,2023-05-19,通过,0.2312969678661925,0.8689921209477827,0.3282146507021257,0.14285714285714285,0.8571428571428571,2.749794006860197
茄类,销量加权成本,指数加权移动平均加周内收缩,近期滚动回测,2023-05-26,2023-05-27,2023-06-02,1015,7,2023-05-26,通过,0.2118218610644782,0.9912258643908505,0.9504119029208914,0.2857142857142857,0.7142857142857143,2.7857937391302796
茄类,销量加权成本,指数加权移动平均加周内收缩,近期滚动回测,2023-06-02,2023-06-03,2023-06-09,1022,7,2023-06-02,通过,0.06901481636430902,0.3662143253444455,0.24781754387171237,1.0,1.0,2.8440936803107157
茄类,销量加权成本,指数加权移动平均加周内收缩,近期滚动回测,2023-06-09,2023-06-10,2023-06-16,1029,7,2023-06-09,通过,0.051904348674809205,0.27006067376210147,0.3702721337248433,1.0,1.0,2.7056455952703513
茄类,销量加权成本,指数加权移动平均加周内收缩,近期滚动回测,2023-06-16,2023-06-17,2023-06-23,1036,7,2023-06-16,通过,0.08088498403442125,0.37542289327858225,0.3986834071901851,0.5714285714285714,1.0,2.5892255252030574
茄类,销量加权成本,阻尼趋势,八折主要回测,2021-03-31,2021-04-01,2021-04-07,271,7,2021-03-31,通过,0.04647898597986017,0.27206246272532536,0.21460815746406134,0.8571428571428571,1.0,4.535516947271775
茄类,销量加权成本,阻尼趋势,八折主要回测,2021-06-30,2021-07-01,2021-07-07,362,7,2021-06-30,通过,0.069375543662393,0.188238205060204,0.21146337719861963,0.7142857142857143,1.0,2.6539250216032477
茄类,销量加权成本,阻尼趋势,八折主要回测,2021-09-30,2021-10-01,2021-10-07,454,7,2021-09-30,通过,0.20645263604206737,1.12619551307878,0.467995922157965,0.14285714285714285,0.5714285714285714,2.8439777027102786
茄类,销量加权成本,阻尼趋势,八折主要回测,2021-12-31,2022-01-01,2022-01-07,546,7,2021-12-31,通过,0.07828929489307031,0.4748186825073012,0.3128338512977451,1.0,1.0,2.0078486297132727
茄类,销量加权成本,阻尼趋势,八折主要回测,2022-03-31,2022-04-01,2022-04-07,635,7,2022-03-31,通过,0.07028359890458463,0.7116255663977807,1.0959849643655515,0.5714285714285714,1.0,4.1434997230346875
茄类,销量加权成本,阻尼趋势,八折主要回测,2022-06-30,2022-07-01,2022-07-07,726,7,2022-06-30,通过,0.11727450661491577,0.44177871592962986,0.41910428384513354,0.7142857142857143,1.0,4.319991182686754
茄类,销量加权成本,阻尼趋势,八折主要回测,2022-12-31,2023-01-01,2023-01-07,870,7,2022-12-31,通过,0.10485326575197967,0.6134614050729851,0.10510821678352755,1.0,1.0,2.66370296530285
茄类,销量加权成本,阻尼趋势,近期滚动回测,2023-03-17,2023-03-18,2023-03-24,945,7,2023-03-17,通过,0.07287358286475838,0.49048460075756256,0.20368265421463164,1.0,1.0,2.9724302286497633
茄类,销量加权成本,阻尼趋势,近期滚动回测,2023-03-24,2023-03-25,2023-03-31,952,7,2023-03-24,通过,0.1316379531378987,0.7804333073690778,0.26336995428469906,1.0,1.0,3.30967740501351
茄类,销量加权成本,阻尼趋势,近期滚动回测,2023-03-31,2023-04-01,2023-04-07,959,7,2023-03-31,通过,0.0918475004282939,0.505706298928099,0.16202659175796827,0.14285714285714285,1.0,3.6978349490567064
茄类,销量加权成本,阻尼趋势,近期滚动回测,2023-04-07,2023-04-08,2023-04-14,966,7,2023-04-07,通过,0.06823867988202104,0.39792510291569855,0.3222841684728805,1.0,1.0,4.159917061910932
茄类,销量加权成本,阻尼趋势,近期滚动回测,2023-04-14,2023-04-15,2023-04-21,973,7,2023-04-14,通过,0.13672659212201094,0.6697218042745606,0.27533768186180635,0.2857142857142857,1.0,4.403370840999691
茄类,销量加权成本,阻尼趋势,近期滚动回测,2023-04-21,2023-04-22,2023-04-28,980,7,2023-04-21,通过,0.13033256806668,0.5322220404929799,0.23315112135655816,0.0,1.0,4.828285533978863
茄类,销量加权成本,阻尼趋势,近期滚动回测,2023-04-28,2023-04-29,2023-05-05,987,7,2023-04-28,通过,0.18958842319812266,0.9734280382222694,0.2979084712904229,0.14285714285714285,1.0,4.629328192376356
茄类,销量加权成本,阻尼趋势,近期滚动回测,2023-05-05,2023-05-06,2023-05-12,994,7,2023-05-05,通过,0.10313224616380509,0.5832865179464347,0.31259714138607153,0.42857142857142855,1.0,3.486223333287928
茄类,销量加权成本,阻尼趋势,近期滚动回测,2023-05-12,2023-05-13,2023-05-19,1001,7,2023-05-12,通过,0.050513264952231185,0.22266092262378834,0.13058908568843788,0.42857142857142855,1.0,3.0352633674552427
茄类,销量加权成本,阻尼趋势,近期滚动回测,2023-05-19,2023-05-20,2023-05-26,1008,7,2023-05-19,通过,0.09890405066438775,0.371586543265428,0.26879298669448576,0.14285714285714285,1.0,2.749794006860197
茄类,销量加权成本,阻尼趋势,近期滚动回测,2023-05-26,2023-05-27,2023-06-02,1015,7,2023-05-26,通过,0.20746005356750838,0.9708146736631175,0.9305759118862773,0.42857142857142855,0.7142857142857143,2.78579373913028
茄类,销量加权成本,阻尼趋势,近期滚动回测,2023-06-02,2023-06-03,2023-06-09,1022,7,2023-06-02,通过,0.07971562313469842,0.4229961721782223,0.2173657089194642,1.0,1.0,2.8440936803107157
茄类,销量加权成本,阻尼趋势,近期滚动回测,2023-06-09,2023-06-10,2023-06-16,1029,7,2023-06-09,通过,0.06993694035997586,0.36388506390489667,0.3853004008047005,1.0,1.0,2.705645595270352
茄类,销量加权成本,阻尼趋势,近期滚动回测,2023-06-16,2023-06-17,2023-06-23,1036,7,2023-06-16,通过,0.08430218542267781,0.3912836324183578,0.3963327282595886,0.14285714285714285,1.0,2.5892255252030574
茄类,销量加权成本,指数平滑,八折主要回测,2021-03-31,2021-04-01,2021-04-07,271,7,2021-03-31,通过,0.05421449003249278,0.3173418559524685,0.22127822919579923,0.8571428571428571,1.0,4.535516947271776
茄类,销量加权成本,指数平滑,八折主要回测,2021-06-30,2021-07-01,2021-07-07,362,7,2021-06-30,通过,0.12610014037513378,0.342150314490756,0.21643657372324424,0.2857142857142857,1.0,2.6539250216032486
茄类,销量加权成本,指数平滑,八折主要回测,2021-09-30,2021-10-01,2021-10-07,454,7,2021-09-30,通过,0.208255380225724,1.1360294510210849,0.4676909513250161,0.14285714285714285,0.5714285714285714,2.8439777027102786
茄类,销量加权成本,指数平滑,八折主要回测,2021-12-31,2022-01-01,2022-01-07,546,7,2021-12-31,通过,0.0816323867759187,0.49509428321979954,0.31234572566733904,1.0,1.0,2.0078486297132727
茄类,销量加权成本,指数平滑,八折主要回测,2022-03-31,2022-04-01,2022-04-07,635,7,2022-03-31,通过,0.07023880836457048,0.7111720595497592,1.0958674008974423,0.5714285714285714,0.8571428571428571,4.1434997230346875
茄类,销量加权成本,指数平滑,八折主要回测,2022-06-30,2022-07-01,2022-07-07,726,7,2022-06-30,通过,0.23002692251740287,0.8665224983010745,0.4275102779468665,0.2857142857142857,1.0,4.319991182686753
茄类,销量加权成本,指数平滑,八折主要回测,2022-12-31,2023-01-01,2023-01-07,870,7,2022-12-31,通过,0.11931323229435074,0.6980618352910952,0.11356152039255507,0.0,1.0,2.66370296530285
茄类,销量加权成本,指数平滑,近期滚动回测,2023-03-17,2023-03-18,2023-03-24,945,7,2023-03-17,通过,0.05777352435656788,0.3888518021815595,0.2048867541651679,1.0,1.0,2.9724302286497633
茄类,销量加权成本,指数平滑,近期滚动回测,2023-03-24,2023-03-25,2023-03-31,952,7,2023-03-24,通过,0.13498880281254347,0.8002992702752323,0.2652571580598407,1.0,1.0,3.3096774050135096
茄类,销量加权成本,指数平滑,近期滚动回测,2023-03-31,2023-04-01,2023-04-07,959,7,2023-03-31,通过,0.0676688150330564,0.372580046747525,0.16202659175796827,0.14285714285714285,1.0,3.6978349490567064
茄类,销量加权成本,指数平滑,近期滚动回测,2023-04-07,2023-04-08,2023-04-14,966,7,2023-04-07,通过,0.06666181443859136,0.38872981448183946,0.3222841684728805,1.0,1.0,4.159917061910932
茄类,销量加权成本,指数平滑,近期滚动回测,2023-04-14,2023-04-15,2023-04-21,973,7,2023-04-14,通过,0.17048135179902404,0.8350612470478449,0.27533768186180635,0.2857142857142857,1.0,4.403370840999688
茄类,销量加权成本,指数平滑,近期滚动回测,2023-04-21,2023-04-22,2023-04-28,980,7,2023-04-21,通过,0.14366001917620444,0.5866456072905939,0.23315112135655816,0.0,1.0,4.828285533978863
茄类,销量加权成本,指数平滑,近期滚动回测,2023-04-28,2023-04-29,2023-05-05,987,7,2023-04-28,通过,0.1834536625708626,0.9419295537598694,0.2979084712904229,0.8571428571428571,1.0,4.629328192376356
茄类,销量加权成本,指数平滑,近期滚动回测,2023-05-05,2023-05-06,2023-05-12,994,7,2023-05-05,通过,0.13251135553342164,0.7494463665097374,0.32666666666666666,0.42857142857142855,1.0,3.486223333287928
茄类,销量加权成本,指数平滑,近期滚动回测,2023-05-12,2023-05-13,2023-05-19,1001,7,2023-05-12,通过,0.1795601695470477,0.7914957200972521,0.12499999999999956,0.5714285714285714,1.0,3.035263367455243
茄类,销量加权成本,指数平滑,近期滚动回测,2023-05-19,2023-05-20,2023-05-26,1008,7,2023-05-19,通过,0.15002042737391214,0.5636328507538715,0.26879298669448576,0.14285714285714285,1.0,2.749794006860197
茄类,销量加权成本,指数平滑,近期滚动回测,2023-05-26,2023-05-27,2023-06-02,1015,7,2023-05-26,通过,0.2129582489145948,0.9965436206571512,0.9220043358281115,0.42857142857142855,0.5714285714285714,2.78579373913028
茄类,销量加权成本,指数平滑,近期滚动回测,2023-06-02,2023-06-03,2023-06-09,1022,7,2023-06-02,通过,0.0504823029126379,0.2678749792710648,0.21396761571670217,1.0,1.0,2.8440936803107157
茄类,销量加权成本,指数平滑,近期滚动回测,2023-06-09,2023-06-10,2023-06-16,1029,7,2023-06-09,通过,0.04222516308207425,0.21969943333850153,0.38573257637514696,1.0,1.0,2.705645595270352
茄类,销量加权成本,指数平滑,近期滚动回测,2023-06-16,2023-06-17,2023-06-23,1036,7,2023-06-16,通过,0.1091467695149523,0.506598307367857,0.3959685344210661,0.14285714285714285,1.0,2.5892255252030574
茄类,销量加权成本,滞后稳健回归,八折主要回测,2021-03-31,2021-04-01,2021-04-07,271,7,2021-03-31,通过,0.06502944049271929,0.3806466375528365,0.22127822919579923,0.14285714285714285,1.0,4.535516947271774
茄类,销量加权成本,滞后稳健回归,八折主要回测,2021-06-30,2021-07-01,2021-07-07,362,7,2021-06-30,通过,0.07298924972328122,0.19804335405949786,0.21643657372324424,0.7142857142857143,1.0,2.6539250216032486
茄类,销量加权成本,滞后稳健回归,八折主要回测,2021-09-30,2021-10-01,2021-10-07,454,7,2021-09-30,通过,0.18811921277494656,1.02618701031208,0.4676909513250161,0.8571428571428571,0.7142857142857143,2.8439777027102786
茄类,销量加权成本,滞后稳健回归,八折主要回测,2021-12-31,2022-01-01,2022-01-07,546,7,2021-12-31,通过,0.09150925670929047,0.5549967561628106,0.31234572566733904,0.0,1.0,2.0078486297132727
茄类,销量加权成本,滞后稳健回归,八折主要回测,2022-03-31,2022-04-01,2022-04-07,635,7,2022-03-31,通过,0.07122546123005345,0.7211619777551501,1.0958674008974423,0.42857142857142855,1.0,4.14349972303469
茄类,销量加权成本,滞后稳健回归,八折主要回测,2022-06-30,2022-07-01,2022-07-07,726,7,2022-06-30,通过,0.13120882481034346,0.49426996383523364,0.4275102779468665,0.7142857142857143,1.0,4.319991182686753
茄类,销量加权成本,滞后稳健回归,八折主要回测,2022-12-31,2023-01-01,2023-01-07,870,7,2022-12-31,通过,0.12699926546912085,0.7430302459268223,0.11356152039255507,0.0,1.0,2.66370296530285
茄类,销量加权成本,滞后稳健回归,近期滚动回测,2023-03-17,2023-03-18,2023-03-24,945,7,2023-03-17,通过,0.08285036504743941,0.5576345587169362,0.2048867541651679,0.0,1.0,2.9724302286497633
茄类,销量加权成本,滞后稳健回归,近期滚动回测,2023-03-24,2023-03-25,2023-03-31,952,7,2023-03-24,通过,0.14594254421297903,0.8652399991868425,0.2652571580598407,0.0,1.0,3.3096774050135096
茄类,销量加权成本,滞后稳健回归,近期滚动回测,2023-03-31,2023-04-01,2023-04-07,959,7,2023-03-31,通过,0.021361030375539148,0.11761242888627255,0.16202659175796827,0.8571428571428571,1.0,3.6978349490567064
茄类,销量加权成本,滞后稳健回归,近期滚动回测,2023-04-07,2023-04-08,2023-04-14,966,7,2023-04-07,通过,0.07235110636302397,0.42190619008672237,0.3222841684728805,1.0,1.0,4.159917061910932
茄类,销量加权成本,滞后稳健回归,近期滚动回测,2023-04-14,2023-04-15,2023-04-21,973,7,2023-04-14,通过,0.1330623295476016,0.651773309365251,0.27533768186180635,0.7142857142857143,1.0,4.403370840999688
茄类,销量加权成本,滞后稳健回归,近期滚动回测,2023-04-21,2023-04-22,2023-04-28,980,7,2023-04-21,通过,0.05969537669188173,0.243770192379665,0.23315112135655816,0.0,1.0,4.828285533978863
茄类,销量加权成本,滞后稳健回归,近期滚动回测,2023-04-28,2023-04-29,2023-05-05,987,7,2023-04-28,通过,0.2083571872627095,1.0697948989991795,0.2979084712904229,0.14285714285714285,1.0,4.629328192376356
茄类,销量加权成本,滞后稳健回归,近期滚动回测,2023-05-05,2023-05-06,2023-05-12,994,7,2023-05-05,通过,0.10544956250325864,0.5963925970720013,0.32666666666666666,0.42857142857142855,1.0,3.4862233332879304
茄类,销量加权成本,滞后稳健回归,近期滚动回测,2023-05-12,2023-05-13,2023-05-19,1001,7,2023-05-12,通过,0.05467668132484794,0.24101313429869187,0.12499999999999956,0.42857142857142855,1.0,3.035263367455243
茄类,销量加权成本,滞后稳健回归,近期滚动回测,2023-05-19,2023-05-20,2023-05-26,1008,7,2023-05-19,通过,0.07158449104020269,0.2689458459826427,0.26879298669448576,0.8571428571428571,1.0,2.7497940068601983
茄类,销量加权成本,滞后稳健回归,近期滚动回测,2023-05-26,2023-05-27,2023-06-02,1015,7,2023-05-26,通过,0.2069331741338426,0.9683491277584569,0.9220043358281115,0.42857142857142855,0.7142857142857143,2.78579373913028
茄类,销量加权成本,滞后稳健回归,近期滚动回测,2023-06-02,2023-06-03,2023-06-09,1022,7,2023-06-02,通过,0.06850805918835012,0.3635253123602246,0.21396761571670217,1.0,1.0,2.8440936803107157
茄类,销量加权成本,滞后稳健回归,近期滚动回测,2023-06-09,2023-06-10,2023-06-16,1029,7,2023-06-09,通过,0.06070403868926342,0.3158458589127728,0.38573257637514696,1.0,1.0,2.705645595270351
茄类,销量加权成本,滞后稳健回归,近期滚动回测,2023-06-16,2023-06-17,2023-06-23,1036,7,2023-06-16,通过,0.07338921952336133,0.34063174342956365,0.3959685344210661,0.8571428571428571,1.0,2.5892255252030574
茄类,固定篮子成本,近7日均值,八折主要回测,2021-03-31,2021-04-01,2021-04-07,270,7,2021-03-31,通过,0.056698969395023474,0.32872583018624635,0.19011852912369434,1.0,1.0,4.063709078711256
茄类,固定篮子成本,近7日均值,八折主要回测,2021-06-30,2021-07-01,2021-07-07,361,7,2021-06-30,通过,0.09746728909779359,0.29705570869447856,0.10593513914234413,0.8571428571428571,1.0,2.0579840765412354
茄类,固定篮子成本,近7日均值,八折主要回测,2021-09-30,2021-10-01,2021-10-07,453,7,2021-09-30,通过,0.20651890240744453,1.1611716567733585,0.34924450078669045,0.0,0.8571428571428571,4.311134920289113
茄类,固定篮子成本,近7日均值,八折主要回测,2021-12-31,2022-01-01,2022-01-07,545,7,2021-12-31,通过,0.03393434748259114,0.2048420419328636,0.20254025459166147,0.8571428571428571,1.0,1.7928790508458938
茄类,固定篮子成本,近7日均值,八折主要回测,2022-03-31,2022-04-01,2022-04-07,634,7,2022-03-31,通过,0.07533025623973301,0.749583028406706,0.5471328419719063,0.2857142857142857,1.0,3.9364323598750985
茄类,固定篮子成本,近7日均值,八折主要回测,2022-06-30,2022-07-01,2022-07-07,725,7,2022-06-30,通过,0.14325587462192155,0.565569711112342,0.18231837280996777,0.14285714285714285,1.0,3.947197300419255
茄类,固定篮子成本,近7日均值,八折主要回测,2022-12-31,2023-01-01,2023-01-07,869,7,2022-12-31,通过,0.11550174222772805,0.6815635306471773,0.1271092552647525,1.0,1.0,2.597853962569836
茄类,固定篮子成本,近7日均值,近期滚动回测,2023-03-17,2023-03-18,2023-03-24,944,7,2023-03-17,通过,0.030439099563021325,0.20538321568604395,0.07832058782465667,1.0,1.0,2.9189030720094826
茄类,固定篮子成本,近7日均值,近期滚动回测,2023-03-24,2023-03-25,2023-03-31,951,7,2023-03-24,通过,0.11173350400757237,0.6781345516911613,0.09014257463338297,1.0,1.0,3.236179768667359
茄类,固定篮子成本,近7日均值,近期滚动回测,2023-03-31,2023-04-01,2023-04-07,958,7,2023-03-31,通过,0.05473080575868569,0.3149362596864914,0.06208672823563566,0.0,1.0,3.5325238530819627
茄类,固定篮子成本,近7日均值,近期滚动回测,2023-04-07,2023-04-08,2023-04-14,965,7,2023-04-07,通过,0.035598941879558955,0.21117059604233454,0.14105166794356597,0.2857142857142857,1.0,3.875318427280874
茄类,固定篮子成本,近7日均值,近期滚动回测,2023-04-14,2023-04-15,2023-04-21,972,7,2023-04-14,通过,0.19904666602698964,0.9847254858162259,0.2728906976454611,0.14285714285714285,1.0,4.104140247391279
茄类,固定篮子成本,近7日均值,近期滚动回测,2023-04-21,2023-04-22,2023-04-28,979,7,2023-04-21,通过,0.1952937360206184,0.8083025344018485,0.07758284710975705,0.0,1.0,4.5750987037166775
茄类,固定篮子成本,近7日均值,近期滚动回测,2023-04-28,2023-04-29,2023-05-05,986,7,2023-04-28,通过,0.1927497945325445,0.988260384159361,0.2753480543407507,0.0,1.0,4.4298596329338755
茄类,固定篮子成本,近7日均值,近期滚动回测,2023-05-05,2023-05-06,2023-05-12,993,7,2023-05-05,通过,0.151768098643266,0.8583570036124143,0.32666666666666666,0.42857142857142855,1.0,3.35426642542183
茄类,固定篮子成本,近7日均值,近期滚动回测,2023-05-12,2023-05-13,2023-05-19,1000,7,2023-05-12,通过,0.2879435124031194,1.2644391783444544,0.1486914161370613,0.5714285714285714,0.7142857142857143,2.956592178912674
茄类,固定篮子成本,近7日均值,近期滚动回测,2023-05-19,2023-05-20,2023-05-26,1007,7,2023-05-19,通过,0.21240843672542356,0.769331400651522,0.1884874774024378,0.0,1.0,2.805086951076437
茄类,固定篮子成本,近7日均值,近期滚动回测,2023-05-26,2023-05-27,2023-06-02,1014,7,2023-05-26,通过,0.139004647647795,0.5708220466239884,0.36453255892352204,0.14285714285714285,1.0,2.951313602949663
茄类,固定篮子成本,近7日均值,近期滚动回测,2023-06-02,2023-06-03,2023-06-09,1021,7,2023-06-02,通过,0.13165910846602422,0.6226329126326071,0.11967528099869688,0.14285714285714285,1.0,2.925841941990124
茄类,固定篮子成本,近7日均值,近期滚动回测,2023-06-09,2023-06-10,2023-06-16,1028,7,2023-06-09,通过,0.06464829748545077,0.2998642316554912,0.1641778164065252,0.8571428571428571,1.0,2.6296166780323236
茄类,固定篮子成本,近7日均值,近期滚动回测,2023-06-16,2023-06-17,2023-06-23,1035,7,2023-06-16,通过,0.07431511409488865,0.3208581214088329,0.11863718316776595,0.8571428571428571,1.0,2.321009007354055
茄类,固定篮子成本,近14日均值,八折主要回测,2021-03-31,2021-04-01,2021-04-07,270,7,2021-03-31,通过,0.05523161355700483,0.320218483912089,0.19011852912369434,1.0,1.0,4.063709078711256
茄类,固定篮子成本,近14日均值,八折主要回测,2021-06-30,2021-07-01,2021-07-07,361,7,2021-06-30,通过,0.08970440368893837,0.27339639234345353,0.10593513914234413,0.8571428571428571,1.0,2.0579840765412354
茄类,固定篮子成本,近14日均值,八折主要回测,2021-09-30,2021-10-01,2021-10-07,453,7,2021-09-30,通过,0.23444568486682865,1.3181925777577967,0.34924450078669045,0.0,0.8571428571428571,4.311134920289113
茄类,固定篮子成本,近14日均值,八折主要回测,2021-12-31,2022-01-01,2022-01-07,545,7,2021-12-31,通过,0.03766357587253539,0.2273532382545869,0.20254025459166147,0.8571428571428571,1.0,1.7928790508458938
茄类,固定篮子成本,近14日均值,八折主要回测,2022-03-31,2022-04-01,2022-04-07,634,7,2022-03-31,通过,0.11761224580639389,1.1703151932565776,0.5471328419719063,0.2857142857142857,0.8571428571428571,3.9364323598750985
茄类,固定篮子成本,近14日均值,八折主要回测,2022-06-30,2022-07-01,2022-07-07,725,7,2022-06-30,通过,0.1216701423817741,0.48034991555820966,0.18231837280996777,0.14285714285714285,1.0,3.947197300419255
茄类,固定篮子成本,近14日均值,八折主要回测,2022-12-31,2023-01-01,2023-01-07,869,7,2022-12-31,通过,0.11568709983288032,0.6826573062159546,0.1271092552647525,1.0,1.0,2.597853962569836
茄类,固定篮子成本,近14日均值,近期滚动回测,2023-03-17,2023-03-18,2023-03-24,944,7,2023-03-17,通过,0.1137898940732928,0.7677800819620394,0.07832058782465667,0.0,1.0,2.9189030720094813
茄类,固定篮子成本,近14日均值,近期滚动回测,2023-03-24,2023-03-25,2023-03-31,951,7,2023-03-24,通过,0.12865358741558924,0.7808261595341853,0.09014257463338297,0.0,1.0,3.236179768667359
茄类,固定篮子成本,近14日均值,近期滚动回测,2023-03-31,2023-04-01,2023-04-07,958,7,2023-03-31,通过,0.11365519011475968,0.6540035355320716,0.06208672823563566,0.0,1.0,3.5325238530819627
茄类,固定篮子成本,近14日均值,近期滚动回测,2023-04-07,2023-04-08,2023-04-14,965,7,2023-04-07,通过,0.028999648215344665,0.1720240174376842,0.14105166794356597,0.7142857142857143,1.0,3.875318427280874
茄类,固定篮子成本,近14日均值,近期滚动回测,2023-04-14,2023-04-15,2023-04-21,972,7,2023-04-14,通过,0.18557323082141372,0.9180695839955685,0.2728906976454611,0.14285714285714285,1.0,4.104140247391279
茄类,固定篮子成本,近14日均值,近期滚动回测,2023-04-21,2023-04-22,2023-04-28,979,7,2023-04-21,通过,0.31425335255954295,1.3006652773099623,0.07758284710975705,0.0,1.0,4.5750987037166775
茄类,固定篮子成本,近14日均值,近期滚动回测,2023-04-28,2023-04-29,2023-05-05,986,7,2023-04-28,通过,0.13736312358754282,0.704283673117142,0.2753480543407507,1.0,1.0,4.4298596329338755
茄类,固定篮子成本,近14日均值,近期滚动回测,2023-05-05,2023-05-06,2023-05-12,993,7,2023-05-05,通过,0.1892116595485209,1.0701270859322773,0.32666666666666666,0.42857142857142855,0.8571428571428571,3.35426642542183
茄类,固定篮子成本,近14日均值,近期滚动回测,2023-05-12,2023-05-13,2023-05-19,1000,7,2023-05-12,通过,0.2277619841203442,1.0001655312728304,0.1486914161370613,0.5714285714285714,1.0,2.956592178912673
茄类,固定篮子成本,近14日均值,近期滚动回测,2023-05-19,2023-05-20,2023-05-26,1007,7,2023-05-19,通过,0.3869610085943707,1.4015509898237504,0.1884874774024378,0.0,0.5714285714285714,2.805086951076437
茄类,固定篮子成本,近14日均值,近期滚动回测,2023-05-26,2023-05-27,2023-06-02,1014,7,2023-05-26,通过,0.1008248640901029,0.414036913473022,0.36453255892352204,0.8571428571428571,1.0,2.951313602949663
茄类,固定篮子成本,近14日均值,近期滚动回测,2023-06-02,2023-06-03,2023-06-09,1021,7,2023-06-02,通过,0.1828897275184241,0.8649091206991292,0.11967528099869688,0.14285714285714285,1.0,2.9258419419901247
茄类,固定篮子成本,近14日均值,近期滚动回测,2023-06-09,2023-06-10,2023-06-16,1028,7,2023-06-09,通过,0.07423648381180475,0.344338011129249,0.1641778164065252,0.8571428571428571,1.0,2.6296166780323227
茄类,固定篮子成本,近14日均值,近期滚动回测,2023-06-16,2023-06-17,2023-06-23,1035,7,2023-06-16,通过,0.08482292748953142,0.3662259756735085,0.11863718316776595,0.8571428571428571,1.0,2.321009007354055
茄类,固定篮子成本,近7日中位数,八折主要回测,2021-03-31,2021-04-01,2021-04-07,270,7,2021-03-31,通过,0.05714343968727813,0.3313027529658579,0.19011852912369434,1.0,1.0,4.0637090787112555
茄类,固定篮子成本,近7日中位数,八折主要回测,2021-06-30,2021-07-01,2021-07-07,361,7,2021-06-30,通过,0.1021541833946144,0.31134018012900555,0.10593513914234413,0.0,1.0,2.0579840765412367
茄类,固定篮子成本,近7日中位数,八折主要回测,2021-09-30,2021-10-01,2021-10-07,453,7,2021-09-30,通过,0.22115615811104547,1.2434709826841324,0.34924450078669045,0.0,0.8571428571428571,4.3111349202891125
茄类,固定篮子成本,近7日中位数,八折主要回测,2021-12-31,2022-01-01,2022-01-07,545,7,2021-12-31,通过,0.04444490046427248,0.2682881752559127,0.20254025459166147,0.0,1.0,1.7928790508458938
茄类,固定篮子成本,近7日中位数,八折主要回测,2022-03-31,2022-04-01,2022-04-07,634,7,2022-03-31,通过,0.07891933244822266,0.7852965749660117,0.5471328419719063,0.2857142857142857,1.0,3.9364323598750985
茄类,固定篮子成本,近7日中位数,八折主要回测,2022-06-30,2022-07-01,2022-07-07,725,7,2022-06-30,通过,0.1275102375262494,0.5034064284757195,0.18231837280996777,0.14285714285714285,1.0,3.947197300419255
茄类,固定篮子成本,近7日中位数,八折主要回测,2022-12-31,2023-01-01,2023-01-07,869,7,2022-12-31,通过,0.09505236744341923,0.5608939389275908,0.1271092552647525,1.0,1.0,2.597853962569836
茄类,固定篮子成本,近7日中位数,近期滚动回测,2023-03-17,2023-03-18,2023-03-24,944,7,2023-03-17,通过,0.022362624557293792,0.15088842339923708,0.07832058782465667,1.0,1.0,2.9189030720094826
茄类,固定篮子成本,近7日中位数,近期滚动回测,2023-03-24,2023-03-25,2023-03-31,951,7,2023-03-24,通过,0.11200378000046016,0.679774914542911,0.09014257463338297,1.0,1.0,3.2361797686673586
茄类,固定篮子成本,近7日中位数,近期滚动回测,2023-03-31,2023-04-01,2023-04-07,958,7,2023-03-31,通过,0.04267125478289572,0.24554225341953387,0.06208672823563566,0.0,1.0,3.5325238530819627
茄类,固定篮子成本,近7日中位数,近期滚动回测,2023-04-07,2023-04-08,2023-04-14,965,7,2023-04-07,通过,0.03552741907971938,0.21074632746930114,0.14105166794356597,0.0,1.0,3.875318427280874
茄类,固定篮子成本,近7日中位数,近期滚动回测,2023-04-14,2023-04-15,2023-04-21,972,7,2023-04-14,通过,0.19816709968409754,0.9803740871638386,0.2728906976454611,0.14285714285714285,1.0,4.104140247391279
茄类,固定篮子成本,近7日中位数,近期滚动回测,2023-04-21,2023-04-22,2023-04-28,979,7,2023-04-21,通过,0.1666717878550287,0.6898389640222949,0.07758284710975705,0.0,1.0,4.5750987037166775
茄类,固定篮子成本,近7日中位数,近期滚动回测,2023-04-28,2023-04-29,2023-05-05,986,7,2023-04-28,通过,0.18564048220330617,0.9518097526521213,0.2753480543407507,0.0,1.0,4.4298596329338755
茄类,固定篮子成本,近7日中位数,近期滚动回测,2023-05-05,2023-05-06,2023-05-12,993,7,2023-05-05,通过,0.1384892274123871,0.7832555018937721,0.32666666666666666,0.42857142857142855,1.0,3.35426642542183
茄类,固定篮子成本,近7日中位数,近期滚动回测,2023-05-12,2023-05-13,2023-05-19,1000,7,2023-05-12,通过,0.37545470331911845,1.6487248926301699,0.1486914161370613,0.5714285714285714,0.42857142857142855,2.956592178912674
茄类,固定篮子成本,近7日中位数,近期滚动回测,2023-05-19,2023-05-20,2023-05-26,1007,7,2023-05-19,通过,0.25041307052568307,0.9069820448705058,0.1884874774024378,0.0,1.0,2.8050869510764374
茄类,固定篮子成本,近7日中位数,近期滚动回测,2023-05-26,2023-05-27,2023-06-02,1014,7,2023-05-26,通过,0.13165086568737494,0.5406237695152293,0.36453255892352204,0.0,1.0,2.9513136029496616
茄类,固定篮子成本,近7日中位数,近期滚动回测,2023-06-02,2023-06-03,2023-06-09,1021,7,2023-06-02,通过,0.10672266481368693,0.5047052529146292,0.11967528099869688,0.14285714285714285,1.0,2.925841941990124
茄类,固定篮子成本,近7日中位数,近期滚动回测,2023-06-09,2023-06-10,2023-06-16,1028,7,2023-06-09,通过,0.06457744034341281,0.29953556836069534,0.1641778164065252,0.8571428571428571,1.0,2.6296166780323227
茄类,固定篮子成本,近7日中位数,近期滚动回测,2023-06-16,2023-06-17,2023-06-23,1035,7,2023-06-16,通过,0.12688468540635833,0.5478290962865524,0.11863718316776595,0.8571428571428571,1.0,2.321009007354055
茄类,固定篮子成本,近14日中位数,八折主要回测,2021-03-31,2021-04-01,2021-04-07,270,7,2021-03-31,通过,0.05509877151457241,0.3194483004123151,0.19011852912369434,1.0,1.0,4.063709078711256
茄类,固定篮子成本,近14日中位数,八折主要回测,2021-06-30,2021-07-01,2021-07-07,361,7,2021-06-30,通过,0.08669541858819085,0.26422576484547466,0.10593513914234413,0.8571428571428571,1.0,2.0579840765412367
茄类,固定篮子成本,近14日中位数,八折主要回测,2021-09-30,2021-10-01,2021-10-07,453,7,2021-09-30,通过,0.2423400059608391,1.3625791292887937,0.34924450078669045,0.0,0.7142857142857143,4.3111349202891125
茄类,固定篮子成本,近14日中位数,八折主要回测,2021-12-31,2022-01-01,2022-01-07,545,7,2021-12-31,通过,0.04481138816708406,0.2705004496904137,0.20254025459166147,0.14285714285714285,1.0,1.7928790508458938
茄类,固定篮子成本,近14日中位数,八折主要回测,2022-03-31,2022-04-01,2022-04-07,634,7,2022-03-31,通过,0.09183775991768223,0.9138429847112948,0.5471328419719063,0.2857142857142857,1.0,3.9364323598750985
茄类,固定篮子成本,近14日中位数,八折主要回测,2022-06-30,2022-07-01,2022-07-07,725,7,2022-06-30,通过,0.12162651325474066,0.48017766912966003,0.18231837280996777,0.14285714285714285,1.0,3.947197300419255
茄类,固定篮子成本,近14日中位数,八折主要回测,2022-12-31,2023-01-01,2023-01-07,869,7,2022-12-31,通过,0.10849104869948364,0.6401941716986811,0.1271092552647525,1.0,1.0,2.597853962569836
茄类,固定篮子成本,近14日中位数,近期滚动回测,2023-03-17,2023-03-18,2023-03-24,944,7,2023-03-17,通过,0.08739822698025392,0.589706304067873,0.07832058782465667,1.0,1.0,2.9189030720094813
茄类,固定篮子成本,近14日中位数,近期滚动回测,2023-03-24,2023-03-25,2023-03-31,951,7,2023-03-24,通过,0.12294535258325852,0.7461816605242185,0.09014257463338297,0.0,1.0,3.2361797686673586
茄类,固定篮子成本,近14日中位数,近期滚动回测,2023-03-31,2023-04-01,2023-04-07,958,7,2023-03-31,通过,0.13984715139737847,0.8047193564642764,0.06208672823563566,0.0,1.0,3.5325238530819623
茄类,固定篮子成本,近14日中位数,近期滚动回测,2023-04-07,2023-04-08,2023-04-14,965,7,2023-04-07,通过,0.0290726969936276,0.1724573380150868,0.14105166794356597,0.7142857142857143,1.0,3.875318427280874
茄类,固定篮子成本,近14日中位数,近期滚动回测,2023-04-14,2023-04-15,2023-04-21,972,7,2023-04-14,通过,0.1770624910089598,0.8759651741918002,0.2728906976454611,0.14285714285714285,1.0,4.104140247391279
茄类,固定篮子成本,近14日中位数,近期滚动回测,2023-04-21,2023-04-22,2023-04-28,979,7,2023-04-21,通过,0.3761191680327161,1.5567221097447899,0.07758284710975705,0.0,1.0,4.5750987037166775
茄类,固定篮子成本,近14日中位数,近期滚动回测,2023-04-28,2023-04-29,2023-05-05,986,7,2023-04-28,通过,0.174327204818185,0.8938046902766411,0.2753480543407507,1.0,1.0,4.429859632933873
茄类,固定篮子成本,近14日中位数,近期滚动回测,2023-05-05,2023-05-06,2023-05-12,993,7,2023-05-05,通过,0.25671360733932386,1.4518988163662616,0.32666666666666666,0.42857142857142855,0.42857142857142855,3.35426642542183
茄类,固定篮子成本,近14日中位数,近期滚动回测,2023-05-12,2023-05-13,2023-05-19,1000,7,2023-05-12,通过,0.2558994517888971,1.1237248926301702,0.1486914161370613,0.5714285714285714,0.7142857142857143,2.956592178912672
茄类,固定篮子成本,近14日中位数,近期滚动回测,2023-05-19,2023-05-20,2023-05-26,1007,7,2023-05-19,通过,0.2686558301490933,0.9730562932816912,0.1884874774024378,0.0,1.0,2.8050869510764374
茄类,固定篮子成本,近14日中位数,近期滚动回测,2023-05-26,2023-05-27,2023-06-02,1014,7,2023-05-26,通过,0.10157661401432036,0.41712397162217485,0.36453255892352204,0.8571428571428571,1.0,2.9513136029496634
茄类,固定篮子成本,近14日中位数,近期滚动回测,2023-06-02,2023-06-03,2023-06-09,1021,7,2023-06-02,通过,0.2048241965548971,0.9686400550974374,0.11967528099869688,0.14285714285714285,1.0,2.925841941990124
茄类,固定篮子成本,近14日中位数,近期滚动回测,2023-06-09,2023-06-10,2023-06-16,1028,7,2023-06-09,通过,0.06670897128481089,0.30942244725547347,0.1641778164065252,0.8571428571428571,1.0,2.6296166780323236
茄类,固定篮子成本,近14日中位数,近期滚动回测,2023-06-16,2023-06-17,2023-06-23,1035,7,2023-06-16,通过,0.09691623739153764,0.4184392669269957,0.11863718316776595,0.8571428571428571,1.0,2.321009007354055
茄类,固定篮子成本,指数加权移动平均,八折主要回测,2021-03-31,2021-04-01,2021-04-07,270,7,2021-03-31,通过,0.06170084521981802,0.35772540108741374,0.19011852912369434,1.0,1.0,4.0637090787112555
茄类,固定篮子成本,指数加权移动平均,八折主要回测,2021-06-30,2021-07-01,2021-07-07,361,7,2021-06-30,通过,0.10787624611208231,0.3287795837634518,0.10593513914234413,0.14285714285714285,1.0,2.0579840765412354
茄类,固定篮子成本,指数加权移动平均,八折主要回测,2021-09-30,2021-10-01,2021-10-07,453,7,2021-09-30,通过,0.18721755945917867,1.052648068337026,0.34924450078669045,0.0,1.0,4.311134920289113
茄类,固定篮子成本,指数加权移动平均,八折主要回测,2021-12-31,2022-01-01,2022-01-07,545,7,2021-12-31,通过,0.030972636583841483,0.18696390508564903,0.20254025459166147,0.8571428571428571,1.0,1.7928790508458938
茄类,固定篮子成本,指数加权移动平均,八折主要回测,2022-03-31,2022-04-01,2022-04-07,634,7,2022-03-31,通过,0.0711955998156764,0.7084406184578749,0.5471328419719063,0.2857142857142857,1.0,3.9364323598750985
茄类,固定篮子成本,指数加权移动平均,八折主要回测,2022-06-30,2022-07-01,2022-07-07,725,7,2022-06-30,通过,0.1368076497902601,0.5401123212157316,0.18231837280996777,0.14285714285714285,1.0,3.947197300419255
茄类,固定篮子成本,指数加权移动平均,八折主要回测,2022-12-31,2023-01-01,2023-01-07,869,7,2022-12-31,通过,0.12791063050381407,0.7547870642643629,0.1271092552647525,0.0,1.0,2.597853962569836
茄类,固定篮子成本,指数加权移动平均,近期滚动回测,2023-03-17,2023-03-18,2023-03-24,944,7,2023-03-17,通过,0.046731966987209425,0.3153168718179535,0.07832058782465667,1.0,1.0,2.9189030720094826
茄类,固定篮子成本,指数加权移动平均,近期滚动回测,2023-03-24,2023-03-25,2023-03-31,951,7,2023-03-24,通过,0.11196266027990437,0.6795253501574346,0.09014257463338297,1.0,1.0,3.236179768667359
茄类,固定篮子成本,指数加权移动平均,近期滚动回测,2023-03-31,2023-04-01,2023-04-07,958,7,2023-03-31,通过,0.046770400016404715,0.26912987377076825,0.06208672823563566,0.0,1.0,3.5325238530819627
茄类,固定篮子成本,指数加权移动平均,近期滚动回测,2023-04-07,2023-04-08,2023-04-14,965,7,2023-04-07,通过,0.035017757392652143,0.2077230476594108,0.14105166794356597,0.7142857142857143,1.0,3.875318427280874
茄类,固定篮子成本,指数加权移动平均,近期滚动回测,2023-04-14,2023-04-15,2023-04-21,972,7,2023-04-14,通过,0.1817635170758726,0.8992221333259349,0.2728906976454611,0.14285714285714285,1.0,4.104140247391279
茄类,固定篮子成本,指数加权移动平均,近期滚动回测,2023-04-21,2023-04-22,2023-04-28,979,7,2023-04-21,通过,0.11646546651530416,0.4820396888954753,0.07758284710975705,0.0,1.0,4.575098703716677
茄类,固定篮子成本,指数加权移动平均,近期滚动回测,2023-04-28,2023-04-29,2023-05-05,986,7,2023-04-28,通过,0.18220114380289298,0.93417569033268,0.2753480543407507,1.0,1.0,4.4298596329338755
茄类,固定篮子成本,指数加权移动平均,近期滚动回测,2023-05-05,2023-05-06,2023-05-12,993,7,2023-05-05,通过,0.12588695283897536,0.7119806375564334,0.32666666666666666,0.42857142857142855,1.0,3.35426642542183
茄类,固定篮子成本,指数加权移动平均,近期滚动回测,2023-05-12,2023-05-13,2023-05-19,1000,7,2023-05-12,通过,0.16548369245900696,0.7266844193708818,0.1486914161370613,0.5714285714285714,1.0,2.9565921789126723
茄类,固定篮子成本,指数加权移动平均,近期滚动回测,2023-05-19,2023-05-20,2023-05-26,1007,7,2023-05-19,通过,0.17306493737664624,0.626831460784942,0.1884874774024378,0.0,1.0,2.805086951076437
茄类,固定篮子成本,指数加权移动平均,近期滚动回测,2023-05-26,2023-05-27,2023-06-02,1014,7,2023-05-26,通过,0.13853921441095202,0.5689107468414466,0.36453255892352204,0.14285714285714285,1.0,2.951313602949663
茄类,固定篮子成本,指数加权移动平均,近期滚动回测,2023-06-02,2023-06-03,2023-06-09,1021,7,2023-06-02,通过,0.07822669343359125,0.3699441272666988,0.11967528099869688,0.14285714285714285,1.0,2.925841941990124
茄类,固定篮子成本,指数加权移动平均,近期滚动回测,2023-06-09,2023-06-10,2023-06-16,1028,7,2023-06-09,通过,0.06309684245497639,0.2926679729950687,0.1641778164065252,0.8571428571428571,1.0,2.6296166780323236
茄类,固定篮子成本,指数加权移动平均,近期滚动回测,2023-06-16,2023-06-17,2023-06-23,1035,7,2023-06-16,通过,0.030035651487694322,0.12967998271962358,0.11863718316776595,0.8571428571428571,1.0,2.321009007354055
茄类,固定篮子成本,同星期最近4次统计,八折主要回测,2021-03-31,2021-04-01,2021-04-07,270,7,2021-03-31,通过,0.07110311088124972,0.4122372840751326,0.2755305876331356,1.0,1.0,4.0637090787112555
茄类,固定篮子成本,同星期最近4次统计,八折主要回测,2021-06-30,2021-07-01,2021-07-07,361,7,2021-06-30,通过,0.13091614805583532,0.39899939251678435,0.1630624730833307,0.42857142857142855,1.0,2.0579840765412363
茄类,固定篮子成本,同星期最近4次统计,八折主要回测,2021-09-30,2021-10-01,2021-10-07,453,7,2021-09-30,通过,0.14976856114574763,0.8420876067560433,0.38227823002179234,0.5714285714285714,1.0,4.311134920289113
茄类,固定篮子成本,同星期最近4次统计,八折主要回测,2021-12-31,2022-01-01,2022-01-07,545,7,2021-12-31,通过,0.043889461956528285,0.26493531402429976,0.31946548970295,0.5714285714285714,1.0,1.7928790508458938
茄类,固定篮子成本,同星期最近4次统计,八折主要回测,2022-03-31,2022-04-01,2022-04-07,634,7,2022-03-31,通过,0.13075230671500646,1.3010669939405002,0.6476368148111108,0.2857142857142857,0.7142857142857143,3.9364323598750985
茄类,固定篮子成本,同星期最近4次统计,八折主要回测,2022-06-30,2022-07-01,2022-07-07,725,7,2022-06-30,通过,0.03490230955524062,0.13779322617245274,0.20305868902213953,0.8571428571428571,1.0,3.947197300419255
茄类,固定篮子成本,同星期最近4次统计,八折主要回测,2022-12-31,2023-01-01,2023-01-07,869,7,2022-12-31,通过,0.11496081762376605,0.6783715919302411,0.18483579795900576,0.8571428571428571,1.0,2.597853962569836
茄类,固定篮子成本,同星期最近4次统计,近期滚动回测,2023-03-17,2023-03-18,2023-03-24,944,7,2023-03-17,通过,0.23181607273702304,1.564143852805673,0.26198415992722657,0.0,0.5714285714285714,2.9189030720094813
茄类,固定篮子成本,同星期最近4次统计,近期滚动回测,2023-03-24,2023-03-25,2023-03-31,951,7,2023-03-24,通过,0.23823754166632485,1.4459146336532018,0.23797995321700935,0.0,0.7142857142857143,3.236179768667359
茄类,固定篮子成本,同星期最近4次统计,近期滚动回测,2023-03-31,2023-04-01,2023-04-07,958,7,2023-03-31,通过,0.19042570767727535,1.0957624192206752,0.1268373764663712,0.0,1.0,3.5325238530819623
茄类,固定篮子成本,同星期最近4次统计,近期滚动回测,2023-04-07,2023-04-08,2023-04-14,965,7,2023-04-07,通过,0.08030208051275736,0.4763466920643373,0.1958309028333026,0.7142857142857143,1.0,3.875318427280874
茄类,固定篮子成本,同星期最近4次统计,近期滚动回测,2023-04-14,2023-04-15,2023-04-21,972,7,2023-04-14,通过,0.21597088171089282,1.0684531203656555,0.2212293467109081,0.14285714285714285,1.0,4.104140247391279
茄类,固定篮子成本,同星期最近4次统计,近期滚动回测,2023-04-21,2023-04-22,2023-04-28,979,7,2023-04-21,通过,0.40944801139876497,1.6946670797699181,0.11859812835789822,0.0,1.0,4.575098703716677
茄类,固定篮子成本,同星期最近4次统计,近期滚动回测,2023-04-28,2023-04-29,2023-05-05,986,7,2023-04-28,通过,0.14254717704660674,0.7308631808949942,0.42033545774682635,1.0,1.0,4.429859632933873
茄类,固定篮子成本,同星期最近4次统计,近期滚动回测,2023-05-05,2023-05-06,2023-05-12,993,7,2023-05-05,通过,0.16026628074045746,0.9064202935021014,0.3217613840178739,0.42857142857142855,1.0,3.35426642542183
茄类,固定篮子成本,同星期最近4次统计,近期滚动回测,2023-05-12,2023-05-13,2023-05-19,1000,7,2023-05-12,通过,0.10561171660624245,0.46377010217958947,0.12635036589443205,0.8571428571428571,1.0,2.9565921789126723
茄类,固定篮子成本,同星期最近4次统计,近期滚动回测,2023-05-19,2023-05-20,2023-05-26,1007,7,2023-05-19,通过,0.2711512277592999,0.9820944829517391,0.33190085144429865,0.0,0.7142857142857143,2.805086951076437
茄类,固定篮子成本,同星期最近4次统计,近期滚动回测,2023-05-26,2023-05-27,2023-06-02,1014,7,2023-05-26,通过,0.16987266244118507,0.697581429693163,0.3949941882528483,0.8571428571428571,1.0,2.951313602949663
茄类,固定篮子成本,同星期最近4次统计,近期滚动回测,2023-06-02,2023-06-03,2023-06-09,1021,7,2023-06-02,通过,0.0949115208501211,0.4488488290542489,0.21844728750035136,0.14285714285714285,1.0,2.925841941990124
茄类,固定篮子成本,同星期最近4次统计,近期滚动回测,2023-06-09,2023-06-10,2023-06-16,1028,7,2023-06-09,通过,0.08986698602387398,0.4168384282866601,0.17539829484311711,0.8571428571428571,1.0,2.629616678032323
茄类,固定篮子成本,同星期最近4次统计,近期滚动回测,2023-06-16,2023-06-17,2023-06-23,1035,7,2023-06-16,通过,0.01830870211028029,0.0790484659289854,0.15884177714011752,0.7142857142857143,1.0,2.321009007354055
茄类,固定篮子成本,同星期最近8次统计,八折主要回测,2021-03-31,2021-04-01,2021-04-07,270,7,2021-03-31,通过,0.05590058475310568,0.32409700435356,0.223060602009422,1.0,1.0,4.0637090787112555
茄类,固定篮子成本,同星期最近8次统计,八折主要回测,2021-06-30,2021-07-01,2021-07-07,361,7,2021-06-30,通过,0.14488698223570787,0.4415789706169927,0.1324310868808015,0.14285714285714285,1.0,2.0579840765412363
茄类,固定篮子成本,同星期最近8次统计,八折主要回测,2021-09-30,2021-10-01,2021-10-07,453,7,2021-09-30,通过,0.14693893215069595,0.8261777556482948,0.46883138213010334,1.0,1.0,4.311134920289113
茄类,固定篮子成本,同星期最近8次统计,八折主要回测,2021-12-31,2022-01-01,2022-01-07,545,7,2021-12-31,通过,0.052001901698968726,0.31390542381501635,0.214541785620034,0.42857142857142855,1.0,1.7928790508458938
茄类,固定篮子成本,同星期最近8次统计,八折主要回测,2022-03-31,2022-04-01,2022-04-07,634,7,2022-03-31,通过,0.16746919430516571,1.6664229235143,0.5694766936374732,0.2857142857142857,0.7142857142857143,3.9364323598750985
茄类,固定篮子成本,同星期最近8次统计,八折主要回测,2022-06-30,2022-07-01,2022-07-07,725,7,2022-06-30,通过,0.13181163326129197,0.5203882042644494,0.21674529893202799,0.14285714285714285,1.0,3.947197300419255
茄类,固定篮子成本,同星期最近8次统计,八折主要回测,2022-12-31,2023-01-01,2023-01-07,869,7,2022-12-31,通过,0.23800891560410967,1.404465367499019,0.2966005182119673,0.0,0.42857142857142855,2.597853962569836
茄类,固定篮子成本,同星期最近8次统计,近期滚动回测,2023-03-17,2023-03-18,2023-03-24,944,7,2023-03-17,通过,0.23314521164597599,1.573112016356274,0.25600808110060863,0.0,0.42857142857142855,2.9189030720094813
茄类,固定篮子成本,同星期最近8次统计,近期滚动回测,2023-03-24,2023-03-25,2023-03-31,951,7,2023-03-24,通过,0.3147752888586836,1.9104386037975922,0.2870224620442867,0.0,0.14285714285714285,3.236179768667359
茄类,固定篮子成本,同星期最近8次统计,近期滚动回测,2023-03-31,2023-04-01,2023-04-07,958,7,2023-03-31,通过,0.2871137228538061,1.6521321169457057,0.16228734174190343,0.0,0.8571428571428571,3.5325238530819627
茄类,固定篮子成本,同星期最近8次统计,近期滚动回测,2023-04-07,2023-04-08,2023-04-14,965,7,2023-04-07,通过,0.18192416912358594,1.0791622784269699,0.25783104873464086,0.7142857142857143,1.0,3.875318427280874
茄类,固定篮子成本,同星期最近8次统计,近期滚动回测,2023-04-14,2023-04-15,2023-04-21,972,7,2023-04-14,通过,0.3846271720123071,1.9028310615691673,0.29714754119374415,0.14285714285714285,0.5714285714285714,4.10414024739128
茄类,固定篮子成本,同星期最近8次统计,近期滚动回测,2023-04-21,2023-04-22,2023-04-28,979,7,2023-04-21,通过,0.5524725929490449,2.2866324653706616,0.08026628920668462,0.0,0.5714285714285714,4.575098703716677
茄类,固定篮子成本,同星期最近8次统计,近期滚动回测,2023-04-28,2023-04-29,2023-05-05,986,7,2023-04-28,通过,0.1740134841883549,0.8921961922188012,0.33132714715440564,1.0,1.0,4.429859632933873
茄类,固定篮子成本,同星期最近8次统计,近期滚动回测,2023-05-05,2023-05-06,2023-05-12,993,7,2023-05-05,通过,0.09649393841991251,0.5457421460063338,0.3166465221387241,0.8571428571428571,1.0,3.35426642542183
茄类,固定篮子成本,同星期最近8次统计,近期滚动回测,2023-05-12,2023-05-13,2023-05-19,1000,7,2023-05-12,通过,0.3250698649960845,1.4274712063133774,0.1410070394396404,0.5714285714285714,0.7142857142857143,2.9565921789126723
茄类,固定篮子成本,同星期最近8次统计,近期滚动回测,2023-05-19,2023-05-20,2023-05-26,1007,7,2023-05-19,通过,0.5043428718451954,1.8267014907079442,0.20273601512337755,0.0,0.0,2.8050869510764374
茄类,固定篮子成本,同星期最近8次统计,近期滚动回测,2023-05-26,2023-05-27,2023-06-02,1014,7,2023-05-26,通过,0.22339019970726137,0.917350988980858,0.45488478615671585,0.8571428571428571,0.8571428571428571,2.951313602949663
茄类,固定篮子成本,同星期最近8次统计,近期滚动回测,2023-06-02,2023-06-03,2023-06-09,1021,7,2023-06-02,通过,0.054761685346323745,0.2589750762033361,0.2106838528158721,0.14285714285714285,1.0,2.925841941990124
茄类,固定篮子成本,同星期最近8次统计,近期滚动回测,2023-06-09,2023-06-10,2023-06-16,1028,7,2023-06-09,通过,0.06206380619882293,0.2878763445180243,0.12342701135738832,0.8571428571428571,1.0,2.629616678032323
茄类,固定篮子成本,同星期最近8次统计,近期滚动回测,2023-06-16,2023-06-17,2023-06-23,1035,7,2023-06-16,通过,0.043410009250903756,0.1874242432138448,0.19559728240997773,0.8571428571428571,1.0,2.321009007354055
茄类,固定篮子成本,指数加权移动平均加周内收缩,八折主要回测,2021-03-31,2021-04-01,2021-04-07,270,7,2021-03-31,通过,0.059670754056468746,0.3459554622305652,0.20164825463369893,1.0,1.0,4.0637090787112555
茄类,固定篮子成本,指数加权移动平均加周内收缩,八折主要回测,2021-06-30,2021-07-01,2021-07-07,361,7,2021-06-30,通过,0.12019252081177263,0.3663164819706187,0.11153825974076799,0.14285714285714285,1.0,2.0579840765412363
茄类,固定篮子成本,指数加权移动平均加周内收缩,八折主要回测,2021-09-30,2021-10-01,2021-10-07,453,7,2021-09-30,通过,0.1502104515498312,0.8445721764813348,0.3734539335351103,0.7142857142857143,1.0,4.3111349202891125
茄类,固定篮子成本,指数加权移动平均加周内收缩,八折主要回测,2021-12-31,2022-01-01,2022-01-07,545,7,2021-12-31,通过,0.038332879374136083,0.23139343664092799,0.18894646973918258,0.7142857142857143,1.0,1.7928790508458938
茄类,固定篮子成本,指数加权移动平均加周内收缩,八折主要回测,2022-03-31,2022-04-01,2022-04-07,634,7,2022-03-31,通过,0.10489135788699763,1.0437344252276233,0.5549531900548548,0.2857142857142857,0.8571428571428571,3.9364323598750985
茄类,固定篮子成本,指数加权移动平均加周内收缩,八折主要回测,2022-06-30,2022-07-01,2022-07-07,725,7,2022-06-30,通过,0.13505904400512125,0.5332088802827828,0.19436779695268905,0.14285714285714285,1.0,3.947197300419255
茄类,固定篮子成本,指数加权移动平均加周内收缩,八折主要回测,2022-12-31,2023-01-01,2023-01-07,869,7,2022-12-31,通过,0.1664450302889175,0.9821744703964924,0.16118385154530065,0.0,1.0,2.597853962569836
茄类,固定篮子成本,指数加权移动平均加周内收缩,近期滚动回测,2023-03-17,2023-03-18,2023-03-24,944,7,2023-03-17,通过,0.11197660261777771,0.7555451724063655,0.11063484188094597,0.0,1.0,2.9189030720094817
茄类,固定篮子成本,指数加权移动平均加周内收缩,近期滚动回测,2023-03-24,2023-03-25,2023-03-31,951,7,2023-03-24,通过,0.1829470802824771,1.1103449889314898,0.13274804624649392,0.0,1.0,3.236179768667359
茄类,固定篮子成本,指数加权移动平均加周内收缩,近期滚动回测,2023-03-31,2023-04-01,2023-04-07,958,7,2023-03-31,通过,0.1308905630094952,0.7531806588819964,0.06767087892918615,0.0,1.0,3.5325238530819627
茄类,固定篮子成本,指数加权移动平均加周内收缩,近期滚动回测,2023-04-07,2023-04-08,2023-04-14,965,7,2023-04-07,通过,0.04677985261004619,0.2774950275729488,0.18192445122044246,0.7142857142857143,1.0,3.875318427280874
茄类,固定篮子成本,指数加权移动平均加周内收缩,近期滚动回测,2023-04-14,2023-04-15,2023-04-21,972,7,2023-04-14,通过,0.24886208522853318,1.2311727830933747,0.2813805928873602,0.14285714285714285,1.0,4.10414024739128
茄类,固定篮子成本,指数加权移动平均加周内收缩,近期滚动回测,2023-04-21,2023-04-22,2023-04-28,979,7,2023-04-21,通过,0.2690679607671134,1.1136471606617906,0.07629753857067427,0.0,1.0,4.575098703716677
茄类,固定篮子成本,指数加权移动平均加周内收缩,近期滚动回测,2023-04-28,2023-04-29,2023-05-05,986,7,2023-04-28,通过,0.11870475291737384,0.6086190909005545,0.2949407368255299,1.0,1.0,4.429859632933873
茄类,固定篮子成本,指数加权移动平均加周内收缩,近期滚动回测,2023-05-05,2023-05-06,2023-05-12,993,7,2023-05-05,通过,0.11384511814390583,0.6438754610453188,0.3231596160818868,0.42857142857142855,1.0,3.35426642542183
茄类,固定篮子成本,指数加权移动平均加周内收缩,近期滚动回测,2023-05-12,2023-05-13,2023-05-19,1000,7,2023-05-12,通过,0.22133885284698412,0.9719597948007553,0.136322518393158,0.5714285714285714,1.0,2.9565921789126723
茄类,固定篮子成本,指数加权移动平均加周内收缩,近期滚动回测,2023-05-19,2023-05-20,2023-05-26,1007,7,2023-05-19,通过,0.28901221444063846,1.0467859712579928,0.18630380188705944,0.0,0.8571428571428571,2.805086951076437
茄类,固定篮子成本,指数加权移动平均加周内收缩,近期滚动回测,2023-05-26,2023-05-27,2023-06-02,1014,7,2023-05-26,通过,0.11260314217472239,0.46240436676137703,0.39368498797913515,0.8571428571428571,1.0,2.951313602949663
茄类,固定篮子成本,指数加权移动平均加周内收缩,近期滚动回测,2023-06-02,2023-06-03,2023-06-09,1021,7,2023-06-02,通过,0.06508030958554953,0.30777318169930734,0.13526630817212024,0.14285714285714285,1.0,2.925841941990124
茄类,固定篮子成本,指数加权移动平均加周内收缩,近期滚动回测,2023-06-09,2023-06-10,2023-06-16,1028,7,2023-06-09,通过,0.06273527976532266,0.2909909030281031,0.14389311962805174,0.8571428571428571,1.0,2.6296166780323236
茄类,固定篮子成本,指数加权移动平均加周内收缩,近期滚动回测,2023-06-16,2023-06-17,2023-06-23,1035,7,2023-06-16,通过,0.033763072702080225,0.1457732550386329,0.1353318735950683,0.8571428571428571,1.0,2.321009007354055
茄类,固定篮子成本,阻尼趋势,八折主要回测,2021-03-31,2021-04-01,2021-04-07,270,7,2021-03-31,通过,0.05199318136023444,0.3014428990338451,0.17613032480041765,1.0,1.0,4.0637090787112555
茄类,固定篮子成本,阻尼趋势,八折主要回测,2021-06-30,2021-07-01,2021-07-07,361,7,2021-06-30,通过,0.09015430114169559,0.2747675662819689,0.09737537095943168,0.8571428571428571,1.0,2.0579840765412363
茄类,固定篮子成本,阻尼趋势,八折主要回测,2021-09-30,2021-10-01,2021-10-07,453,7,2021-09-30,通过,0.18566162753678472,1.0438996969913936,0.3617222970548239,0.0,1.0,4.311134920289113
茄类,固定篮子成本,阻尼趋势,八折主要回测,2021-12-31,2022-01-01,2022-01-07,545,7,2021-12-31,通过,0.038711447610786376,0.23367863427574775,0.20146525848575822,0.8571428571428571,1.0,1.7928790508458938
茄类,固定篮子成本,阻尼趋势,八折主要回测,2022-03-31,2022-04-01,2022-04-07,634,7,2022-03-31,通过,0.05804895820030941,0.5776233356377661,0.547112398897473,0.7142857142857143,1.0,3.9364323598750985
茄类,固定篮子成本,阻尼趋势,八折主要回测,2022-06-30,2022-07-01,2022-07-07,725,7,2022-06-30,通过,0.06327059188028529,0.24979031726328976,0.18245495389810218,0.8571428571428571,1.0,3.947197300419255
茄类,固定篮子成本,阻尼趋势,八折主要回测,2022-12-31,2023-01-01,2023-01-07,869,7,2022-12-31,通过,0.11012135562961067,0.6498144399812593,0.118642449032848,1.0,1.0,2.597853962569836
茄类,固定篮子成本,阻尼趋势,近期滚动回测,2023-03-17,2023-03-18,2023-03-24,944,7,2023-03-17,通过,0.08292737693118205,0.5595399202683995,0.0750517290487022,1.0,1.0,2.9189030720094826
茄类,固定篮子成本,阻尼趋势,近期滚动回测,2023-03-24,2023-03-25,2023-03-31,951,7,2023-03-24,通过,0.10447990605954044,0.6341109131565352,0.08445820704356007,1.0,1.0,3.236179768667359
茄类,固定篮子成本,阻尼趋势,近期滚动回测,2023-03-31,2023-04-01,2023-04-07,958,7,2023-03-31,通过,0.04250687539857617,0.2445963687801697,0.06208672823563566,0.0,1.0,3.5325238530819627
茄类,固定篮子成本,阻尼趋势,近期滚动回测,2023-04-07,2023-04-08,2023-04-14,965,7,2023-04-07,通过,0.03567225438645654,0.21160548104063867,0.14105166794356597,0.2857142857142857,1.0,3.875318427280874
茄类,固定篮子成本,阻尼趋势,近期滚动回测,2023-04-14,2023-04-15,2023-04-21,972,7,2023-04-14,通过,0.1670709595829524,0.8265349785803393,0.2728906976454611,0.14285714285714285,1.0,4.104140247391279
茄类,固定篮子成本,阻尼趋势,近期滚动回测,2023-04-21,2023-04-22,2023-04-28,979,7,2023-04-21,通过,0.16402243316802168,0.6788735324028644,0.07758284710975705,0.0,1.0,4.5750987037166775
茄类,固定篮子成本,阻尼趋势,近期滚动回测,2023-04-28,2023-04-29,2023-05-05,986,7,2023-04-28,通过,0.18593539592846853,0.953321824569135,0.2753480543407507,0.0,1.0,4.429859632933873
茄类,固定篮子成本,阻尼趋势,近期滚动回测,2023-05-05,2023-05-06,2023-05-12,993,7,2023-05-05,通过,0.1030314017160708,0.5827161705627489,0.31286085094007793,0.42857142857142855,1.0,3.35426642542183
茄类,固定篮子成本,阻尼趋势,近期滚动回测,2023-05-12,2023-05-13,2023-05-19,1000,7,2023-05-12,通过,0.04684932772775239,0.20572828664789025,0.1479926785429003,0.42857142857142855,1.0,2.956592178912673
茄类,固定篮子成本,阻尼趋势,近期滚动回测,2023-05-19,2023-05-20,2023-05-26,1007,7,2023-05-19,通过,0.12488896872745847,0.45234081432095785,0.1884874774024378,0.0,1.0,2.8050869510764374
茄类,固定篮子成本,阻尼趋势,近期滚动回测,2023-05-26,2023-05-27,2023-06-02,1014,7,2023-05-26,通过,0.13297637633907028,0.5460669738672144,0.36453255892352204,0.14285714285714285,1.0,2.951313602949663
茄类,固定篮子成本,阻尼趋势,近期滚动回测,2023-06-02,2023-06-03,2023-06-09,1021,7,2023-06-02,通过,0.03651012218337516,0.17266107890646648,0.12337201606514932,0.14285714285714285,1.0,2.925841941990124
茄类,固定篮子成本,阻尼趋势,近期滚动回测,2023-06-09,2023-06-10,2023-06-16,1028,7,2023-06-09,通过,0.05892602462995004,0.2733220794275231,0.16187352483383277,0.8571428571428571,1.0,2.629616678032323
茄类,固定篮子成本,阻尼趋势,近期滚动回测,2023-06-16,2023-06-17,2023-06-23,1035,7,2023-06-16,通过,0.037360439201103365,0.16130501154541627,0.11976096346013243,0.14285714285714285,1.0,2.321009007354055
茄类,固定篮子成本,指数平滑,八折主要回测,2021-03-31,2021-04-01,2021-04-07,270,7,2021-03-31,通过,0.0601797111236937,0.34890626250502954,0.19011852912369434,1.0,1.0,4.0637090787112555
茄类,固定篮子成本,指数平滑,八折主要回测,2021-06-30,2021-07-01,2021-07-07,361,7,2021-06-30,通过,0.10348848111359303,0.31540678296765573,0.10593513914234413,0.14285714285714285,1.0,2.0579840765412367
茄类,固定篮子成本,指数平滑,八折主要回测,2021-09-30,2021-10-01,2021-10-07,453,7,2021-09-30,通过,0.19266939743532566,1.083301532312604,0.34924450078669045,0.0,1.0,4.3111349202891125
茄类,固定篮子成本,指数平滑,八折主要回测,2021-12-31,2022-01-01,2022-01-07,545,7,2021-12-31,通过,0.030879743657900534,0.18640316418321604,0.20254025459166147,0.8571428571428571,1.0,1.7928790508458938
茄类,固定篮子成本,指数平滑,八折主要回测,2022-03-31,2022-04-01,2022-04-07,634,7,2022-03-31,通过,0.07530685730409116,0.7493501944046008,0.5471328419719063,0.2857142857142857,1.0,3.9364323598750985
茄类,固定篮子成本,指数平滑,八折主要回测,2022-06-30,2022-07-01,2022-07-07,725,7,2022-06-30,通过,0.13673404216483268,0.539821720613428,0.18231837280996777,0.14285714285714285,1.0,3.947197300419255
茄类,固定篮子成本,指数平滑,八折主要回测,2022-12-31,2023-01-01,2023-01-07,869,7,2022-12-31,通过,0.12576205776331262,0.742108564402593,0.1271092552647525,0.0,1.0,2.597853962569836
茄类,固定篮子成本,指数平滑,近期滚动回测,2023-03-17,2023-03-18,2023-03-24,944,7,2023-03-17,通过,0.04908593798825759,0.33119993474581694,0.07832058782465667,1.0,1.0,2.9189030720094813
茄类,固定篮子成本,指数平滑,近期滚动回测,2023-03-24,2023-03-25,2023-03-31,951,7,2023-03-24,通过,0.11409458814850833,0.6924644767180378,0.09014257463338297,1.0,1.0,3.236179768667359
茄类,固定篮子成本,指数平滑,近期滚动回测,2023-03-31,2023-04-01,2023-04-07,958,7,2023-03-31,通过,0.05284652625313849,0.30409359198856933,0.06208672823563566,0.0,1.0,3.5325238530819627
茄类,固定篮子成本,指数平滑,近期滚动回测,2023-04-07,2023-04-08,2023-04-14,965,7,2023-04-07,通过,0.03419109382813312,0.2028193334356406,0.14105166794356597,0.7142857142857143,1.0,3.875318427280874
茄类,固定篮子成本,指数平滑,近期滚动回测,2023-04-14,2023-04-15,2023-04-21,972,7,2023-04-14,通过,0.18417609055338707,0.9111576388891913,0.2728906976454611,0.14285714285714285,1.0,4.104140247391279
茄类,固定篮子成本,指数平滑,近期滚动回测,2023-04-21,2023-04-22,2023-04-28,979,7,2023-04-21,通过,0.1380211922700812,0.5712568246494759,0.07758284710975705,0.0,1.0,4.5750987037166775
茄类,固定篮子成本,指数平滑,近期滚动回测,2023-04-28,2023-04-29,2023-05-05,986,7,2023-04-28,通过,0.17971360074417833,0.9214216416719266,0.2753480543407507,1.0,1.0,4.4298596329338755
茄类,固定篮子成本,指数平滑,近期滚动回测,2023-05-05,2023-05-06,2023-05-12,993,7,2023-05-05,通过,0.13289390303515938,0.75160994588028,0.32666666666666666,0.42857142857142855,1.0,3.35426642542183
茄类,固定篮子成本,指数平滑,近期滚动回测,2023-05-12,2023-05-13,2023-05-19,1000,7,2023-05-12,通过,0.18394980242082073,0.8077741883761488,0.1486914161370613,0.5714285714285714,1.0,2.9565921789126723
茄类,固定篮子成本,指数平滑,近期滚动回测,2023-05-19,2023-05-20,2023-05-26,1007,7,2023-05-19,通过,0.190582257064044,0.690278206585285,0.1884874774024378,0.0,1.0,2.805086951076437
茄类,固定篮子成本,指数平滑,近期滚动回测,2023-05-26,2023-05-27,2023-06-02,1014,7,2023-05-26,通过,0.1340622285006344,0.5505260215586671,0.36453255892352204,0.14285714285714285,1.0,2.951313602949663
茄类,固定篮子成本,指数平滑,近期滚动回测,2023-06-02,2023-06-03,2023-06-09,1021,7,2023-06-02,通过,0.09093920721991218,0.4300632453275792,0.11967528099869688,0.14285714285714285,1.0,2.925841941990124
茄类,固定篮子成本,指数平滑,近期滚动回测,2023-06-09,2023-06-10,2023-06-16,1028,7,2023-06-09,通过,0.06403840284444894,0.29703530042252296,0.1641778164065252,0.8571428571428571,1.0,2.6296166780323236
茄类,固定篮子成本,指数平滑,近期滚动回测,2023-06-16,2023-06-17,2023-06-23,1035,7,2023-06-16,通过,0.03696554581503329,0.15960004544862155,0.11863718316776595,0.8571428571428571,1.0,2.321009007354055
茄类,固定篮子成本,滞后稳健回归,八折主要回测,2021-03-31,2021-04-01,2021-04-07,270,7,2021-03-31,通过,0.08255382449412534,0.478625533787267,0.19011852912369434,0.0,1.0,4.0637090787112555
茄类,固定篮子成本,滞后稳健回归,八折主要回测,2021-06-30,2021-07-01,2021-07-07,361,7,2021-06-30,通过,0.09680915287621941,0.29504987552186346,0.10593513914234413,0.8571428571428571,1.0,2.0579840765412367
茄类,固定篮子成本,滞后稳健回归,八折主要回测,2021-09-30,2021-10-01,2021-10-07,453,7,2021-09-30,通过,0.15367587238593253,0.8640568261030619,0.34924450078669045,1.0,1.0,4.3111349202891125
茄类,固定篮子成本,滞后稳健回归,八折主要回测,2021-12-31,2022-01-01,2022-01-07,545,7,2021-12-31,通过,0.04530160430702314,0.27345960118566737,0.20254025459166147,0.14285714285714285,1.0,1.7928790508458938
茄类,固定篮子成本,滞后稳健回归,八折主要回测,2022-03-31,2022-04-01,2022-04-07,634,7,2022-03-31,通过,0.054217651074158026,0.5394994403832857,0.5471328419719063,0.7142857142857143,1.0,3.9364323598750985
茄类,固定篮子成本,滞后稳健回归,八折主要回测,2022-06-30,2022-07-01,2022-07-07,725,7,2022-06-30,通过,0.07195769039901691,0.28408671043118056,0.18231837280996777,0.8571428571428571,1.0,3.947197300419255
茄类,固定篮子成本,滞后稳健回归,八折主要回测,2022-12-31,2023-01-01,2023-01-07,869,7,2022-12-31,通过,0.132945010127117,0.7844944044697718,0.1271092552647525,0.0,1.0,2.597853962569836
茄类,固定篮子成本,滞后稳健回归,近期滚动回测,2023-03-17,2023-03-18,2023-03-24,944,7,2023-03-17,通过,0.09670655016895614,0.6525128054619923,0.07832058782465667,0.0,1.0,2.9189030720094813
茄类,固定篮子成本,滞后稳健回归,近期滚动回测,2023-03-24,2023-03-25,2023-03-31,951,7,2023-03-24,通过,0.118873750082951,0.7214702334483835,0.09014257463338297,0.0,1.0,3.236179768667359
茄类,固定篮子成本,滞后稳健回归,近期滚动回测,2023-03-31,2023-04-01,2023-04-07,958,7,2023-03-31,通过,0.029452299859589973,0.16947671477451656,0.06208672823563566,1.0,1.0,3.5325238530819627
茄类,固定篮子成本,滞后稳健回归,近期滚动回测,2023-04-07,2023-04-08,2023-04-14,965,7,2023-04-07,通过,0.04045870033505679,0.2399983655064186,0.14105166794356597,0.2857142857142857,1.0,3.875318427280874
茄类,固定篮子成本,滞后稳健回归,近期滚动回测,2023-04-14,2023-04-15,2023-04-21,972,7,2023-04-14,通过,0.1592924776194027,0.7880532015008347,0.2728906976454611,0.14285714285714285,1.0,4.104140247391279
茄类,固定篮子成本,滞后稳健回归,近期滚动回测,2023-04-21,2023-04-22,2023-04-28,979,7,2023-04-21,通过,0.0507767807137391,0.21016035319918838,0.07758284710975705,0.0,1.0,4.575098703716677
茄类,固定篮子成本,滞后稳健回归,近期滚动回测,2023-04-28,2023-04-29,2023-05-05,986,7,2023-04-28,通过,0.20353971966982493,1.0435821321647478,0.2753480543407507,0.0,1.0,4.4298596329338755
茄类,固定篮子成本,滞后稳健回归,近期滚动回测,2023-05-05,2023-05-06,2023-05-12,993,7,2023-05-05,通过,0.10509429061460218,0.5943832807760143,0.32666666666666666,0.42857142857142855,1.0,3.35426642542183
茄类,固定篮子成本,滞后稳健回归,近期滚动回测,2023-05-12,2023-05-13,2023-05-19,1000,7,2023-05-12,通过,0.05072096446845552,0.22272970869211836,0.1486914161370613,0.42857142857142855,1.0,2.956592178912673
茄类,固定篮子成本,滞后稳健回归,近期滚动回测,2023-05-19,2023-05-20,2023-05-26,1007,7,2023-05-19,通过,0.10636602306475415,0.3852517478480407,0.1884874774024378,1.0,1.0,2.8050869510764374
茄类,固定篮子成本,滞后稳健回归,近期滚动回测,2023-05-26,2023-05-27,2023-06-02,1014,7,2023-05-26,通过,0.1564373774094509,0.6424094838009439,0.36453255892352204,0.14285714285714285,1.0,2.951313602949663
茄类,固定篮子成本,滞后稳健回归,近期滚动回测,2023-06-02,2023-06-03,2023-06-09,1021,7,2023-06-02,通过,0.03764135535560574,0.17801082654716474,0.11967528099869688,0.14285714285714285,1.0,2.925841941990124
茄类,固定篮子成本,滞后稳健回归,近期滚动回测,2023-06-09,2023-06-10,2023-06-16,1028,7,2023-06-09,通过,0.06067434264826118,0.28143146605705205,0.1641778164065252,0.8571428571428571,1.0,2.6296166780323236
茄类,固定篮子成本,滞后稳健回归,近期滚动回测,2023-06-16,2023-06-17,2023-06-23,1035,7,2023-06-16,通过,0.04989635521714569,0.21542927027844413,0.11863718316776595,0.14285714285714285,1.0,2.321009007354055
辣椒类,销量加权成本,近7日均值,八折主要回测,2021-03-31,2021-04-01,2021-04-07,272,7,2021-03-31,通过,0.0410064581600516,0.2055975052345567,0.2925478027154867,0.5714285714285714,1.0,12.58209877395454
辣椒类,销量加权成本,近7日均值,八折主要回测,2021-06-30,2021-07-01,2021-07-07,363,7,2021-06-30,通过,0.20848881412276574,0.8375509825539338,0.4009094714700727,0.14285714285714285,1.0,3.8244796935787986
辣椒类,销量加权成本,近7日均值,八折主要回测,2021-09-30,2021-10-01,2021-10-07,455,7,2021-09-30,通过,0.40763844142928074,1.7667353740724017,0.3779210849771984,0.0,0.42857142857142855,3.417530705640673
辣椒类,销量加权成本,近7日均值,八折主要回测,2021-12-31,2022-01-01,2022-01-07,547,7,2021-12-31,通过,0.05498732074745013,0.3194889511722185,0.14360126351937952,0.7142857142857143,1.0,2.9986556232043675
辣椒类,销量加权成本,近7日均值,八折主要回测,2022-03-31,2022-04-01,2022-04-07,636,7,2022-03-31,通过,0.05702055343515064,0.5476734857799569,0.5679653654585058,0.7142857142857143,1.0,6.1200366529629875
辣椒类,销量加权成本,近7日均值,八折主要回测,2022-06-30,2022-07-01,2022-07-07,727,7,2022-06-30,通过,0.42966365565912545,3.079552588448938,0.5449148525680649,0.0,0.0,2.2622455051461454
辣椒类,销量加权成本,近7日均值,八折主要回测,2022-09-30,2022-10-01,2022-10-07,819,7,2022-09-30,通过,0.17146386222848956,0.561627837917016,0.6532479401177823,0.2857142857142857,0.8571428571428571,2.511474151530559
辣椒类,销量加权成本,近7日均值,八折主要回测,2022-12-31,2023-01-01,2023-01-07,905,7,2022-12-31,通过,0.3202687927626373,0.6499283138495586,0.25637071731541733,0.0,0.8571428571428571,1.9395419306225645
辣椒类,销量加权成本,近7日均值,近期滚动回测,2023-03-17,2023-03-18,2023-03-24,980,7,2023-03-17,通过,0.08626193259656513,0.36883628729951595,0.2656600548387966,0.8571428571428571,1.0,3.2863196157110925
辣椒类,销量加权成本,近7日均值,近期滚动回测,2023-03-24,2023-03-25,2023-03-31,987,7,2023-03-24,通过,0.055212322105389545,0.24852180390436487,0.23892617577544786,0.7142857142857143,1.0,2.2443744103899785
辣椒类,销量加权成本,近7日均值,近期滚动回测,2023-03-31,2023-04-01,2023-04-07,994,7,2023-03-31,通过,0.10587710963797395,0.43094683200246403,0.12491244658859897,0.2857142857142857,1.0,1.916662604839104
辣椒类,销量加权成本,近7日均值,近期滚动回测,2023-04-07,2023-04-08,2023-04-14,1001,7,2023-04-07,通过,0.04749505532644372,0.20139537146080716,0.21732999946653594,0.7142857142857143,1.0,1.798120596346685
辣椒类,销量加权成本,近7日均值,近期滚动回测,2023-04-14,2023-04-15,2023-04-21,1008,7,2023-04-14,通过,0.05947734112165677,0.24627933992626197,0.31466240608524565,0.8571428571428571,1.0,1.5980423886931376
辣椒类,销量加权成本,近7日均值,近期滚动回测,2023-04-21,2023-04-22,2023-04-28,1015,7,2023-04-21,通过,0.1983262737401219,0.6853013795658965,0.21270981440037243,0.14285714285714285,0.2857142857142857,1.0907629628858047
辣椒类,销量加权成本,近7日均值,近期滚动回测,2023-04-28,2023-04-29,2023-05-05,1022,7,2023-04-28,通过,0.19318144423033956,0.8212144693315714,0.4132177777715662,1.0,0.42857142857142855,1.384293477469791
辣椒类,销量加权成本,近7日均值,近期滚动回测,2023-05-05,2023-05-06,2023-05-12,1029,7,2023-05-05,通过,0.08387963813068407,0.3436389628550471,0.34300235983832,1.0,1.0,1.4193682380324741
辣椒类,销量加权成本,近7日均值,近期滚动回测,2023-05-12,2023-05-13,2023-05-19,1036,7,2023-05-12,通过,0.06597960896636236,0.2595813324493695,0.21566369856984294,0.5714285714285714,1.0,1.4012021770742162
辣椒类,销量加权成本,近7日均值,近期滚动回测,2023-05-19,2023-05-20,2023-05-26,1043,7,2023-05-19,通过,0.06880040088603849,0.26695715657426866,0.2869207124324901,0.8571428571428571,1.0,1.4147142314904475
辣椒类,销量加权成本,近7日均值,近期滚动回测,2023-05-26,2023-05-27,2023-06-02,1050,7,2023-05-26,通过,0.03185230030347826,0.12302036023965757,0.23470914276079755,0.5714285714285714,1.0,1.4002103184579522
辣椒类,销量加权成本,近7日均值,近期滚动回测,2023-06-02,2023-06-03,2023-06-09,1057,7,2023-06-02,通过,0.03668072582414055,0.13847070904284633,0.1378416645007138,0.8571428571428571,1.0,1.2822136953875367
辣椒类,销量加权成本,近7日均值,近期滚动回测,2023-06-09,2023-06-10,2023-06-16,1064,7,2023-06-09,通过,0.06455527169144827,0.23220041503672428,0.31155285005069056,0.14285714285714285,1.0,1.290688290886872
辣椒类,销量加权成本,近7日均值,近期滚动回测,2023-06-16,2023-06-17,2023-06-23,1071,7,2023-06-16,通过,0.1281203709344515,0.4085018467579761,0.2545542869750541,1.0,0.8571428571428571,1.3083122007986887
辣椒类,销量加权成本,近14日均值,八折主要回测,2021-03-31,2021-04-01,2021-04-07,272,7,2021-03-31,通过,0.1119806979177117,0.5614469807766757,0.2925478027154867,0.42857142857142855,1.0,12.58209877395454
辣椒类,销量加权成本,近14日均值,八折主要回测,2021-06-30,2021-07-01,2021-07-07,363,7,2021-06-30,通过,0.2375714471453341,0.9543830915848032,0.4009094714700727,0.14285714285714285,1.0,3.8244796935787977
辣椒类,销量加权成本,近14日均值,八折主要回测,2021-09-30,2021-10-01,2021-10-07,455,7,2021-09-30,通过,0.4403135987628295,1.9083519402435214,0.3779210849771984,0.0,0.14285714285714285,3.417530705640673
辣椒类,销量加权成本,近14日均值,八折主要回测,2021-12-31,2022-01-01,2022-01-07,547,7,2021-12-31,通过,0.0765966891456753,0.44504434014546995,0.14360126351937952,0.2857142857142857,1.0,2.9986556232043675
辣椒类,销量加权成本,近14日均值,八折主要回测,2022-03-31,2022-04-01,2022-04-07,636,7,2022-03-31,通过,0.05743232331810341,0.5516284710186117,0.5679653654585058,0.7142857142857143,1.0,6.1200366529629875
辣椒类,销量加权成本,近14日均值,八折主要回测,2022-06-30,2022-07-01,2022-07-07,727,7,2022-06-30,通过,0.46889638137334627,3.360747519492834,0.5449148525680649,0.0,0.0,2.2622455051461454
辣椒类,销量加权成本,近14日均值,八折主要回测,2022-09-30,2022-10-01,2022-10-07,819,7,2022-09-30,通过,0.15140030434661791,0.4959098931112317,0.6532479401177823,0.7142857142857143,1.0,2.51147415153056
辣椒类,销量加权成本,近14日均值,八折主要回测,2022-12-31,2023-01-01,2023-01-07,905,7,2022-12-31,通过,0.3425138963448584,0.6950707785208413,0.25637071731541733,0.0,0.7142857142857143,1.9395419306225645
辣椒类,销量加权成本,近14日均值,近期滚动回测,2023-03-17,2023-03-18,2023-03-24,980,7,2023-03-17,通过,0.07421233046948375,0.3173149455186106,0.2656600548387966,0.8571428571428571,1.0,3.2863196157110925
辣椒类,销量加权成本,近14日均值,近期滚动回测,2023-03-24,2023-03-25,2023-03-31,987,7,2023-03-24,通过,0.04912287489304821,0.22111197312233827,0.23892617577544786,0.7142857142857143,1.0,2.2443744103899785
辣椒类,销量加权成本,近14日均值,近期滚动回测,2023-03-31,2023-04-01,2023-04-07,994,7,2023-03-31,通过,0.07818466734824726,0.3182315310656076,0.12491244658859897,0.2857142857142857,1.0,1.916662604839104
辣椒类,销量加权成本,近14日均值,近期滚动回测,2023-04-07,2023-04-08,2023-04-14,1001,7,2023-04-07,通过,0.03428266375736804,0.1453702865409014,0.21732999946653594,0.7142857142857143,1.0,1.798120596346685
辣椒类,销量加权成本,近14日均值,近期滚动回测,2023-04-14,2023-04-15,2023-04-21,1008,7,2023-04-14,通过,0.05171210157854424,0.21412561494492252,0.31466240608524565,0.8571428571428571,1.0,1.5980423886931376
辣椒类,销量加权成本,近14日均值,近期滚动回测,2023-04-21,2023-04-22,2023-04-28,1015,7,2023-04-21,通过,0.2127410779283941,0.735110640891199,0.21270981440037243,0.14285714285714285,0.14285714285714285,1.0907629628858047
辣椒类,销量加权成本,近14日均值,近期滚动回测,2023-04-28,2023-04-29,2023-05-05,1022,7,2023-04-28,通过,0.13560665052904883,0.5764639766294647,0.4132177777715662,1.0,0.5714285714285714,1.3842934774697906
辣椒类,销量加权成本,近14日均值,近期滚动回测,2023-05-05,2023-05-06,2023-05-12,1029,7,2023-05-05,通过,0.09338613286328297,0.38258526809789506,0.34300235983832,1.0,0.8571428571428571,1.419368238032474
辣椒类,销量加权成本,近14日均值,近期滚动回测,2023-05-12,2023-05-13,2023-05-19,1036,7,2023-05-12,通过,0.07324924135875292,0.2881820000252549,0.21566369856984294,0.5714285714285714,1.0,1.4012021770742162
辣椒类,销量加权成本,近14日均值,近期滚动回测,2023-05-19,2023-05-20,2023-05-26,1043,7,2023-05-19,通过,0.07777705049840088,0.30178807071456787,0.2869207124324901,0.8571428571428571,1.0,1.4147142314904482
辣椒类,销量加权成本,近14日均值,近期滚动回测,2023-05-26,2023-05-27,2023-06-02,1050,7,2023-05-26,通过,0.03576896246362148,0.13814734275856969,0.23470914276079755,0.5714285714285714,1.0,1.4002103184579522
辣椒类,销量加权成本,近14日均值,近期滚动回测,2023-06-02,2023-06-03,2023-06-09,1057,7,2023-06-02,通过,0.03837947208306211,0.14488352104892563,0.1378416645007138,0.8571428571428571,1.0,1.2822136953875365
辣椒类,销量加权成本,近14日均值,近期滚动回测,2023-06-09,2023-06-10,2023-06-16,1064,7,2023-06-09,通过,0.07321210543073382,0.2633383892795359,0.31155285005069056,0.14285714285714285,1.0,1.2906882908868715
辣椒类,销量加权成本,近14日均值,近期滚动回测,2023-06-16,2023-06-17,2023-06-23,1071,7,2023-06-16,通过,0.15604990214583522,0.49755298667991676,0.2545542869750541,0.0,0.8571428571428571,1.3083122007986898
辣椒类,销量加权成本,近7日中位数,八折主要回测,2021-03-31,2021-04-01,2021-04-07,272,7,2021-03-31,通过,0.04146542283884794,0.20789865478965858,0.2925478027154867,0.0,1.0,12.582098773954542
辣椒类,销量加权成本,近7日中位数,八折主要回测,2021-06-30,2021-07-01,2021-07-07,363,7,2021-06-30,通过,0.2291405402964184,0.9205140595945684,0.4009094714700727,0.14285714285714285,1.0,3.8244796935787986
辣椒类,销量加权成本,近7日中位数,八折主要回测,2021-09-30,2021-10-01,2021-10-07,455,7,2021-09-30,通过,0.4300221253996498,1.8637479279764206,0.3779210849771984,0.0,0.42857142857142855,3.417530705640673
辣椒类,销量加权成本,近7日中位数,八折主要回测,2021-12-31,2022-01-01,2022-01-07,547,7,2021-12-31,通过,0.060548516645481144,0.3518007754359523,0.14360126351937952,0.0,1.0,2.9986556232043675
辣椒类,销量加权成本,近7日中位数,八折主要回测,2022-03-31,2022-04-01,2022-04-07,636,7,2022-03-31,通过,0.056231625042334116,0.5400959521206948,0.5679653654585058,0.7142857142857143,1.0,6.1200366529629875
辣椒类,销量加权成本,近7日中位数,八折主要回测,2022-06-30,2022-07-01,2022-07-07,727,7,2022-06-30,通过,0.44911936930487995,3.2189986238041794,0.5449148525680649,0.0,0.0,2.2622455051461468
辣椒类,销量加权成本,近7日中位数,八折主要回测,2022-09-30,2022-10-01,2022-10-07,819,7,2022-09-30,通过,0.15883795541497073,0.5202718305737959,0.6532479401177823,0.0,1.0,2.51147415153056
辣椒类,销量加权成本,近7日中位数,八折主要回测,2022-12-31,2023-01-01,2023-01-07,905,7,2022-12-31,通过,0.32157980780603584,0.6525887847285272,0.25637071731541733,0.0,0.8571428571428571,1.9395419306225654
辣椒类,销量加权成本,近7日中位数,近期滚动回测,2023-03-17,2023-03-18,2023-03-24,980,7,2023-03-17,通过,0.0712066085722959,0.3044631663868066,0.2656600548387966,0.8571428571428571,1.0,3.2863196157110925
辣椒类,销量加权成本,近7日中位数,近期滚动回测,2023-03-24,2023-03-25,2023-03-31,987,7,2023-03-24,通过,0.0834503111881956,0.3756266913259661,0.23892617577544786,0.7142857142857143,1.0,2.2443744103899785
辣椒类,销量加权成本,近7日中位数,近期滚动回测,2023-03-31,2023-04-01,2023-04-07,994,7,2023-03-31,通过,0.09137505758582865,0.37191978252240004,0.12491244658859897,0.2857142857142857,1.0,1.916662604839104
辣椒类,销量加权成本,近7日中位数,近期滚动回测,2023-04-07,2023-04-08,2023-04-14,1001,7,2023-04-07,通过,0.05217693832859639,0.2212481658174777,0.21732999946653594,0.2857142857142857,1.0,1.798120596346685
辣椒类,销量加权成本,近7日中位数,近期滚动回测,2023-04-14,2023-04-15,2023-04-21,1008,7,2023-04-14,通过,0.0656485497189189,0.2718326204061721,0.31466240608524565,0.8571428571428571,1.0,1.5980423886931376
辣椒类,销量加权成本,近7日中位数,近期滚动回测,2023-04-21,2023-04-22,2023-04-28,1015,7,2023-04-21,通过,0.20686602729403508,0.7148098495294782,0.21270981440037243,0.14285714285714285,0.2857142857142857,1.0907629628858047
辣椒类,销量加权成本,近7日中位数,近期滚动回测,2023-04-28,2023-04-29,2023-05-05,1022,7,2023-04-28,通过,0.1935076901725991,0.8226013410852829,0.4132177777715662,1.0,0.42857142857142855,1.384293477469791
辣椒类,销量加权成本,近7日中位数,近期滚动回测,2023-05-05,2023-05-06,2023-05-12,1029,7,2023-05-05,通过,0.08273801941561157,0.3389619675798384,0.34300235983832,1.0,1.0,1.4193682380324741
辣椒类,销量加权成本,近7日中位数,近期滚动回测,2023-05-12,2023-05-13,2023-05-19,1036,7,2023-05-12,通过,0.06868094060431877,0.2702090896754824,0.21566369856984294,0.5714285714285714,1.0,1.4012021770742162
辣椒类,销量加权成本,近7日中位数,近期滚动回测,2023-05-19,2023-05-20,2023-05-26,1043,7,2023-05-19,通过,0.07033056162068803,0.27289443824069753,0.2869207124324901,0.8571428571428571,1.0,1.4147142314904475
辣椒类,销量加权成本,近7日中位数,近期滚动回测,2023-05-26,2023-05-27,2023-06-02,1050,7,2023-05-26,通过,0.02993274878532255,0.11560664389853947,0.23470914276079755,0.42857142857142855,1.0,1.4002103184579513
辣椒类,销量加权成本,近7日中位数,近期滚动回测,2023-06-02,2023-06-03,2023-06-09,1057,7,2023-06-02,通过,0.033738365718455676,0.12736322191058713,0.1378416645007138,0.8571428571428571,1.0,1.2822136953875367
辣椒类,销量加权成本,近7日中位数,近期滚动回测,2023-06-09,2023-06-10,2023-06-16,1064,7,2023-06-09,通过,0.05880221047148761,0.21150709026238967,0.31155285005069056,0.8571428571428571,1.0,1.2906882908868715
辣椒类,销量加权成本,近7日中位数,近期滚动回测,2023-06-16,2023-06-17,2023-06-23,1071,7,2023-06-16,通过,0.1320144343151986,0.4209177652479533,0.2545542869750541,0.0,0.8571428571428571,1.3083122007986887
辣椒类,销量加权成本,近14日中位数,八折主要回测,2021-03-31,2021-04-01,2021-04-07,272,7,2021-03-31,通过,0.0913898543239186,0.4582089479518117,0.2925478027154867,0.42857142857142855,1.0,12.58209877395454
辣椒类,销量加权成本,近14日中位数,八折主要回测,2021-06-30,2021-07-01,2021-07-07,363,7,2021-06-30,通过,0.24772410205364806,0.9951688101365058,0.4009094714700727,0.14285714285714285,1.0,3.824479693578798
辣椒类,销量加权成本,近14日中位数,八折主要回测,2021-09-30,2021-10-01,2021-10-07,455,7,2021-09-30,通过,0.45943337438989656,1.991218472227667,0.3779210849771984,0.0,0.14285714285714285,3.4175307056406754
辣椒类,销量加权成本,近14日中位数,八折主要回测,2021-12-31,2022-01-01,2022-01-07,547,7,2021-12-31,通过,0.07227743072669432,0.41994845761538685,0.14360126351937952,0.2857142857142857,1.0,2.9986556232043675
辣椒类,销量加权成本,近14日中位数,八折主要回测,2022-03-31,2022-04-01,2022-04-07,636,7,2022-03-31,通过,0.05730194725348806,0.5503762293361214,0.5679653654585058,0.7142857142857143,1.0,6.1200366529629875
辣椒类,销量加权成本,近14日中位数,八折主要回测,2022-06-30,2022-07-01,2022-07-07,727,7,2022-06-30,通过,0.4854102814894569,3.4791085285708325,0.5449148525680649,0.0,0.0,2.2622455051461454
辣椒类,销量加权成本,近14日中位数,八折主要回测,2022-09-30,2022-10-01,2022-10-07,819,7,2022-09-30,通过,0.15589312882879522,0.5106260861753036,0.6532479401177823,0.7142857142857143,1.0,2.511474151530559
辣椒类,销量加权成本,近14日中位数,八折主要回测,2022-12-31,2023-01-01,2023-01-07,905,7,2022-12-31,通过,0.3234586949437417,0.6564016505990643,0.25637071731541733,0.0,0.8571428571428571,1.9395419306225645
辣椒类,销量加权成本,近14日中位数,近期滚动回测,2023-03-17,2023-03-18,2023-03-24,980,7,2023-03-17,通过,0.06020773675634461,0.2574345070122043,0.2656600548387966,0.8571428571428571,1.0,3.2863196157110925
辣椒类,销量加权成本,近14日中位数,近期滚动回测,2023-03-24,2023-03-25,2023-03-31,987,7,2023-03-24,通过,0.05338340712967367,0.2402894885149665,0.23892617577544786,0.7142857142857143,1.0,2.2443744103899785
辣椒类,销量加权成本,近14日中位数,近期滚动回测,2023-03-31,2023-04-01,2023-04-07,994,7,2023-03-31,通过,0.05847346694759882,0.23800191961634956,0.12491244658859897,0.2857142857142857,1.0,1.916662604839104
辣椒类,销量加权成本,近14日中位数,近期滚动回测,2023-04-07,2023-04-08,2023-04-14,1001,7,2023-04-07,通过,0.03404045017041057,0.14434321761798138,0.21732999946653594,0.7142857142857143,1.0,1.798120596346685
辣椒类,销量加权成本,近14日中位数,近期滚动回测,2023-04-14,2023-04-15,2023-04-21,1008,7,2023-04-14,通过,0.05351587346596894,0.2215945391004906,0.31466240608524565,0.8571428571428571,1.0,1.5980423886931376
辣椒类,销量加权成本,近14日中位数,近期滚动回测,2023-04-21,2023-04-22,2023-04-28,1015,7,2023-04-21,通过,0.20947770691592912,0.7238343101524484,0.21270981440037243,0.14285714285714285,0.14285714285714285,1.0907629628858047
辣椒类,销量加权成本,近14日中位数,近期滚动回测,2023-04-28,2023-04-29,2023-05-05,1022,7,2023-04-28,通过,0.14918139210094722,0.6341702135855759,0.4132177777715662,1.0,0.5714285714285714,1.384293477469791
辣椒类,销量加权成本,近14日中位数,近期滚动回测,2023-05-05,2023-05-06,2023-05-12,1029,7,2023-05-05,通过,0.11084119216184009,0.4540953342784893,0.34300235983832,1.0,0.7142857142857143,1.4193682380324741
辣椒类,销量加权成本,近14日中位数,近期滚动回测,2023-05-12,2023-05-13,2023-05-19,1036,7,2023-05-12,通过,0.073381022833203,0.2887004634000126,0.21566369856984294,0.5714285714285714,1.0,1.4012021770742162
辣椒类,销量加权成本,近14日中位数,近期滚动回测,2023-05-19,2023-05-20,2023-05-26,1043,7,2023-05-19,通过,0.07940037101911661,0.3080868280595541,0.2869207124324901,0.8571428571428571,1.0,1.4147142314904482
辣椒类,销量加权成本,近14日中位数,近期滚动回测,2023-05-26,2023-05-27,2023-06-02,1050,7,2023-05-26,通过,0.029785737941998475,0.11503885674556928,0.23470914276079755,0.42857142857142855,1.0,1.4002103184579526
辣椒类,销量加权成本,近14日中位数,近期滚动回测,2023-06-02,2023-06-03,2023-06-09,1057,7,2023-06-02,通过,0.02875223472954636,0.10854044570040676,0.1378416645007138,0.8571428571428571,1.0,1.2822136953875365
辣椒类,销量加权成本,近14日中位数,近期滚动回测,2023-06-09,2023-06-10,2023-06-16,1064,7,2023-06-09,通过,0.06487273145657661,0.23334229372902676,0.31155285005069056,0.14285714285714285,1.0,1.2906882908868715
辣椒类,销量加权成本,近14日中位数,近期滚动回测,2023-06-16,2023-06-17,2023-06-23,1071,7,2023-06-16,通过,0.1607290209826998,0.5124719934867042,0.2545542869750541,0.0,0.8571428571428571,1.3083122007986887
辣椒类,销量加权成本,指数加权移动平均,八折主要回测,2021-03-31,2021-04-01,2021-04-07,272,7,2021-03-31,通过,0.040300215088325354,0.20205655534150882,0.2925478027154867,0.5714285714285714,1.0,12.582098773954542
辣椒类,销量加权成本,指数加权移动平均,八折主要回测,2021-06-30,2021-07-01,2021-07-07,363,7,2021-06-30,通过,0.16289396255055552,0.6543852194678674,0.4009094714700727,0.14285714285714285,1.0,3.824479693578798
辣椒类,销量加权成本,指数加权移动平均,八折主要回测,2021-09-30,2021-10-01,2021-10-07,455,7,2021-09-30,通过,0.34186203491921874,1.4816555279390644,0.3779210849771984,0.0,0.7142857142857143,3.417530705640673
辣椒类,销量加权成本,指数加权移动平均,八折主要回测,2021-12-31,2022-01-01,2022-01-07,547,7,2021-12-31,通过,0.05946649478467782,0.3455139801392475,0.14360126351937952,0.7142857142857143,1.0,2.9986556232043675
辣椒类,销量加权成本,指数加权移动平均,八折主要回测,2022-03-31,2022-04-01,2022-04-07,636,7,2022-03-31,通过,0.06097103377845716,0.5856172307943667,0.5679653654585058,0.7142857142857143,1.0,6.1200366529629875
辣椒类,销量加权成本,指数加权移动平均,八折主要回测,2022-06-30,2022-07-01,2022-07-07,727,7,2022-06-30,通过,0.3756322782542972,2.6922904452517296,0.5449148525680649,0.0,0.0,2.2622455051461454
辣椒类,销量加权成本,指数加权移动平均,八折主要回测,2022-09-30,2022-10-01,2022-10-07,819,7,2022-09-30,通过,0.1687836299165301,0.5528487689113547,0.6532479401177823,0.2857142857142857,0.8571428571428571,2.51147415153056
辣椒类,销量加权成本,指数加权移动平均,八折主要回测,2022-12-31,2023-01-01,2023-01-07,905,7,2022-12-31,通过,0.3144041627588936,0.6380270946992133,0.25637071731541733,0.0,0.8571428571428571,1.9395419306225645
辣椒类,销量加权成本,指数加权移动平均,近期滚动回测,2023-03-17,2023-03-18,2023-03-24,980,7,2023-03-17,通过,0.08682077543262434,0.37122577140486296,0.2656600548387966,0.8571428571428571,1.0,3.2863196157110925
辣椒类,销量加权成本,指数加权移动平均,近期滚动回测,2023-03-24,2023-03-25,2023-03-31,987,7,2023-03-24,通过,0.04816849195798672,0.21681610293263162,0.23892617577544786,0.7142857142857143,1.0,2.2443744103899785
辣椒类,销量加权成本,指数加权移动平均,近期滚动回测,2023-03-31,2023-04-01,2023-04-07,994,7,2023-03-31,通过,0.10161697508421295,0.41360699815051055,0.12491244658859897,0.2857142857142857,1.0,1.916662604839104
辣椒类,销量加权成本,指数加权移动平均,近期滚动回测,2023-04-07,2023-04-08,2023-04-14,1001,7,2023-04-07,通过,0.0497554181953977,0.2109800875223073,0.21732999946653594,0.7142857142857143,1.0,1.798120596346685
辣椒类,销量加权成本,指数加权移动平均,近期滚动回测,2023-04-14,2023-04-15,2023-04-21,1008,7,2023-04-14,通过,0.06348861914596873,0.2628889409181355,0.31466240608524565,0.8571428571428571,1.0,1.5980423886931376
辣椒类,销量加权成本,指数加权移动平均,近期滚动回测,2023-04-21,2023-04-22,2023-04-28,1015,7,2023-04-21,通过,0.16399592124460433,0.566675453295583,0.21270981440037243,0.14285714285714285,0.42857142857142855,1.0907629628858047
辣椒类,销量加权成本,指数加权移动平均,近期滚动回测,2023-04-28,2023-04-29,2023-05-05,1022,7,2023-04-28,通过,0.20635588558431833,0.8772190297506742,0.4132177777715662,1.0,0.42857142857142855,1.384293477469791
辣椒类,销量加权成本,指数加权移动平均,近期滚动回测,2023-05-05,2023-05-06,2023-05-12,1029,7,2023-05-05,通过,0.12390009199743843,0.5075951692270066,0.34300235983832,1.0,0.7142857142857143,1.4193682380324741
辣椒类,销量加权成本,指数加权移动平均,近期滚动回测,2023-05-12,2023-05-13,2023-05-19,1036,7,2023-05-12,通过,0.06072021509720454,0.23888947795341364,0.21566369856984294,0.5714285714285714,1.0,1.401202177074216
辣椒类,销量加权成本,指数加权移动平均,近期滚动回测,2023-05-19,2023-05-20,2023-05-26,1043,7,2023-05-19,通过,0.08754283641026787,0.33968096676125514,0.2869207124324901,0.8571428571428571,1.0,1.4147142314904482
辣椒类,销量加权成本,指数加权移动平均,近期滚动回测,2023-05-26,2023-05-27,2023-06-02,1050,7,2023-05-26,通过,0.047552710973937255,0.18365868645748215,0.23470914276079755,0.5714285714285714,1.0,1.4002103184579526
辣椒类,销量加权成本,指数加权移动平均,近期滚动回测,2023-06-02,2023-06-03,2023-06-09,1057,7,2023-06-02,通过,0.03384864175535359,0.12777951686322517,0.1378416645007138,0.8571428571428571,1.0,1.2822136953875365
辣椒类,销量加权成本,指数加权移动平均,近期滚动回测,2023-06-09,2023-06-10,2023-06-16,1064,7,2023-06-09,通过,0.07143803756158752,0.2569572017370527,0.31155285005069056,0.14285714285714285,1.0,1.2906882908868715
辣椒类,销量加权成本,指数加权移动平均,近期滚动回测,2023-06-16,2023-06-17,2023-06-23,1071,7,2023-06-16,通过,0.14337701927572644,0.457146484431843,0.2545542869750541,0.0,0.8571428571428571,1.3083122007986887
辣椒类,销量加权成本,同星期最近4次统计,八折主要回测,2021-03-31,2021-04-01,2021-04-07,272,7,2021-03-31,通过,0.11509101629347161,0.5770414438743057,0.2519818051118949,0.42857142857142855,1.0,12.582098773954542
辣椒类,销量加权成本,同星期最近4次统计,八折主要回测,2021-06-30,2021-07-01,2021-07-07,363,7,2021-06-30,通过,0.25896653571384953,1.0403324386890411,0.4522154868516189,0.14285714285714285,1.0,3.824479693578798
辣椒类,销量加权成本,同星期最近4次统计,八折主要回测,2021-09-30,2021-10-01,2021-10-07,455,7,2021-09-30,通过,0.4339822769773589,1.8809115199440865,0.42275725623588084,0.0,0.42857142857142855,3.4175307056406745
辣椒类,销量加权成本,同星期最近4次统计,八折主要回测,2021-12-31,2022-01-01,2022-01-07,547,7,2021-12-31,通过,0.17986659949315392,1.0450662160266468,0.13958523289526945,0.2857142857142857,1.0,2.9986556232043675
辣椒类,销量加权成本,同星期最近4次统计,八折主要回测,2022-03-31,2022-04-01,2022-04-07,636,7,2022-03-31,通过,0.11029412875863114,1.0593578336099732,1.2014908247130756,0.2857142857142857,1.0,6.1200366529629875
辣椒类,销量加权成本,同星期最近4次统计,八折主要回测,2022-06-30,2022-07-01,2022-07-07,727,7,2022-06-30,通过,0.516736504975225,3.7036347395996345,0.5874246766719337,0.0,0.0,2.262245505146146
辣椒类,销量加权成本,同星期最近4次统计,八折主要回测,2022-09-30,2022-10-01,2022-10-07,819,7,2022-09-30,通过,0.15815180956986805,0.5180243680328713,0.7110174824009158,0.42857142857142855,1.0,2.51147415153056
辣椒类,销量加权成本,同星期最近4次统计,八折主要回测,2022-12-31,2023-01-01,2023-01-07,905,7,2022-12-31,通过,0.34940026388336304,0.709045431512292,0.2034948977342137,0.0,0.7142857142857143,1.9395419306225645
辣椒类,销量加权成本,同星期最近4次统计,近期滚动回测,2023-03-17,2023-03-18,2023-03-24,980,7,2023-03-17,通过,0.08016272491093096,0.34275747071701385,0.5008784725532901,0.8571428571428571,1.0,3.2863196157110925
辣椒类,销量加权成本,同星期最近4次统计,近期滚动回测,2023-03-24,2023-03-25,2023-03-31,987,7,2023-03-24,通过,0.06242647598841871,0.2809941663822885,0.3345606320922041,0.5714285714285714,1.0,2.2443744103899785
辣椒类,销量加权成本,同星期最近4次统计,近期滚动回测,2023-03-31,2023-04-01,2023-04-07,994,7,2023-03-31,通过,0.07108891617768949,0.2893500145783753,0.17835831775465186,0.2857142857142857,1.0,1.916662604839104
辣椒类,销量加权成本,同星期最近4次统计,近期滚动回测,2023-04-07,2023-04-08,2023-04-14,1001,7,2023-04-07,通过,0.03857876882242774,0.16358724974824032,0.20593576981666364,0.7142857142857143,1.0,1.7981205963466853
辣椒类,销量加权成本,同星期最近4次统计,近期滚动回测,2023-04-14,2023-04-15,2023-04-21,1008,7,2023-04-14,通过,0.06202202613056739,0.2568161818982809,0.2986466782385569,0.8571428571428571,1.0,1.5980423886931376
辣椒类,销量加权成本,同星期最近4次统计,近期滚动回测,2023-04-21,2023-04-22,2023-04-28,1015,7,2023-04-21,通过,0.22419071139113245,0.7746739799262483,0.40133318464190504,0.14285714285714285,0.2857142857142857,1.0907629628858047
辣椒类,销量加权成本,同星期最近4次统计,近期滚动回测,2023-04-28,2023-04-29,2023-05-05,1022,7,2023-04-28,通过,0.12463915296409932,0.5298411359701091,0.3550140824682999,1.0,0.7142857142857143,1.3842934774697908
辣椒类,销量加权成本,同星期最近4次统计,近期滚动回测,2023-05-05,2023-05-06,2023-05-12,1029,7,2023-05-05,通过,0.08108446927720242,0.3321876863924726,0.37321537630165896,1.0,0.8571428571428571,1.4193682380324741
辣椒类,销量加权成本,同星期最近4次统计,近期滚动回测,2023-05-12,2023-05-13,2023-05-19,1036,7,2023-05-12,通过,0.0921342684752673,0.3624807201759989,0.25970941595089764,0.2857142857142857,1.0,1.4012021770742162
辣椒类,销量加权成本,同星期最近4次统计,近期滚动回测,2023-05-19,2023-05-20,2023-05-26,1043,7,2023-05-19,通过,0.0675454121679596,0.2620875887316907,0.3916430277461567,0.8571428571428571,1.0,1.4147142314904482
辣椒类,销量加权成本,同星期最近4次统计,近期滚动回测,2023-05-26,2023-05-27,2023-06-02,1050,7,2023-05-26,通过,0.0799133163108873,0.30864222887655995,0.32272401928891786,0.5714285714285714,1.0,1.4002103184579515
辣椒类,销量加权成本,同星期最近4次统计,近期滚动回测,2023-06-02,2023-06-03,2023-06-09,1057,7,2023-06-02,通过,0.031227464341852595,0.11788450287918602,0.10721560972290474,0.5714285714285714,1.0,1.2822136953875365
辣椒类,销量加权成本,同星期最近4次统计,近期滚动回测,2023-06-09,2023-06-10,2023-06-16,1064,7,2023-06-09,通过,0.06777990836368172,0.24379918852208846,0.29837082104930673,0.5714285714285714,0.8571428571428571,1.2906882908868715
辣椒类,销量加权成本,同星期最近4次统计,近期滚动回测,2023-06-16,2023-06-17,2023-06-23,1071,7,2023-06-16,通过,0.18389680303299452,0.5863406662340979,0.3108222155379378,0.0,0.5714285714285714,1.3083122007986887
辣椒类,销量加权成本,同星期最近8次统计,八折主要回测,2021-03-31,2021-04-01,2021-04-07,272,7,2021-03-31,通过,0.048909694419735875,0.24522262115967056,0.19212641768560804,0.5714285714285714,1.0,12.58209877395454
辣椒类,销量加权成本,同星期最近8次统计,八折主要回测,2021-06-30,2021-07-01,2021-07-07,363,7,2021-06-30,通过,0.21203685633440017,0.8518043431143111,0.4785235773491045,0.14285714285714285,1.0,3.824479693578798
辣椒类,销量加权成本,同星期最近8次统计,八折主要回测,2021-09-30,2021-10-01,2021-10-07,455,7,2021-09-30,通过,0.21165516390124303,0.9173292485818979,0.2380715190856101,1.0,1.0,3.417530705640673
辣椒类,销量加权成本,同星期最近8次统计,八折主要回测,2021-12-31,2022-01-01,2022-01-07,547,7,2021-12-31,通过,0.33979505420236256,1.97428723576524,0.16156559942279106,0.2857142857142857,0.0,2.9986556232043675
辣椒类,销量加权成本,同星期最近8次统计,八折主要回测,2022-03-31,2022-04-01,2022-04-07,636,7,2022-03-31,通过,0.16689536003090077,1.6030037956853238,0.8527098868636869,0.2857142857142857,1.0,6.1200366529629875
辣椒类,销量加权成本,同星期最近8次统计,八折主要回测,2022-06-30,2022-07-01,2022-07-07,727,7,2022-06-30,通过,0.45805682772710016,3.2830565743796845,0.4587363297013097,0.0,0.0,2.2622455051461454
辣椒类,销量加权成本,同星期最近8次统计,八折主要回测,2022-09-30,2022-10-01,2022-10-07,819,7,2022-09-30,通过,0.2016989293113054,0.6606624399276101,0.6140485197917057,0.7142857142857143,1.0,2.51147415153056
辣椒类,销量加权成本,同星期最近8次统计,八折主要回测,2022-12-31,2023-01-01,2023-01-07,905,7,2022-12-31,通过,0.29208965269085163,0.5927437819611843,0.20485892174242673,0.42857142857142855,0.8571428571428571,1.9395419306225652
辣椒类,销量加权成本,同星期最近8次统计,近期滚动回测,2023-03-17,2023-03-18,2023-03-24,980,7,2023-03-17,通过,0.08292089194023895,0.3545507618736092,0.4261373098148727,0.8571428571428571,1.0,3.2863196157110925
辣椒类,销量加权成本,同星期最近8次统计,近期滚动回测,2023-03-24,2023-03-25,2023-03-31,987,7,2023-03-24,通过,0.09023258421667903,0.40615507092197817,0.31828541652160275,0.7142857142857143,1.0,2.2443744103899785
辣椒类,销量加权成本,同星期最近8次统计,近期滚动回测,2023-03-31,2023-04-01,2023-04-07,994,7,2023-03-31,通过,0.046240796306452926,0.18821183110943165,0.26537522824051124,0.5714285714285714,1.0,1.916662604839104
辣椒类,销量加权成本,同星期最近8次统计,近期滚动回测,2023-04-07,2023-04-08,2023-04-14,1001,7,2023-04-07,通过,0.04129847969468603,0.17511975934570767,0.3056228802952014,0.5714285714285714,1.0,1.7981205963466853
辣椒类,销量加权成本,同星期最近8次统计,近期滚动回测,2023-04-14,2023-04-15,2023-04-21,1008,7,2023-04-14,通过,0.06565397830150115,0.27185509867621377,0.33518864450835534,0.8571428571428571,1.0,1.5980423886931376
辣椒类,销量加权成本,同星期最近8次统计,近期滚动回测,2023-04-21,2023-04-22,2023-04-28,1015,7,2023-04-21,通过,0.23151536799375627,0.7999837746395903,0.29542815543193174,0.14285714285714285,0.2857142857142857,1.0907629628858047
辣椒类,销量加权成本,同星期最近8次统计,近期滚动回测,2023-04-28,2023-04-29,2023-05-05,1022,7,2023-04-28,通过,0.11696043332839018,0.4971988928400391,0.3931397449061865,1.0,0.7142857142857143,1.384293477469791
辣椒类,销量加权成本,同星期最近8次统计,近期滚动回测,2023-05-05,2023-05-06,2023-05-12,1029,7,2023-05-05,通过,0.0934268871834331,0.38275223081519283,0.35944831657063103,1.0,1.0,1.4193682380324741
辣椒类,销量加权成本,同星期最近8次统计,近期滚动回测,2023-05-12,2023-05-13,2023-05-19,1036,7,2023-05-12,通过,0.07909202187490204,0.3111690527730885,0.18686472485895997,0.5714285714285714,1.0,1.4012021770742162
辣椒类,销量加权成本,同星期最近8次统计,近期滚动回测,2023-05-19,2023-05-20,2023-05-26,1043,7,2023-05-19,通过,0.09973999200160735,0.3870079871423048,0.38348995068955144,0.7142857142857143,1.0,1.4147142314904482
辣椒类,销量加权成本,同星期最近8次统计,近期滚动回测,2023-05-26,2023-05-27,2023-06-02,1050,7,2023-05-26,通过,0.06375674233460317,0.24624210292446014,0.36903390882866627,0.7142857142857143,1.0,1.4002103184579517
辣椒类,销量加权成本,同星期最近8次统计,近期滚动回测,2023-06-02,2023-06-03,2023-06-09,1057,7,2023-06-02,通过,0.05691944968226685,0.21487242628783987,0.22193123364496867,0.42857142857142855,1.0,1.2822136953875365
辣椒类,销量加权成本,同星期最近8次统计,近期滚动回测,2023-06-09,2023-06-10,2023-06-16,1064,7,2023-06-09,通过,0.07721705849755513,0.2777439016405303,0.27857913944961704,0.2857142857142857,0.7142857142857143,1.2906882908868715
辣椒类,销量加权成本,同星期最近8次统计,近期滚动回测,2023-06-16,2023-06-17,2023-06-23,1071,7,2023-06-16,通过,0.1900434430531557,0.6059387502958195,0.2981221104162903,0.0,0.5714285714285714,1.3083122007986887
辣椒类,销量加权成本,指数加权移动平均加周内收缩,八折主要回测,2021-03-31,2021-04-01,2021-04-07,272,7,2021-03-31,通过,0.03870857757603851,0.19407642936996844,0.22380880317171745,0.5714285714285714,1.0,12.58209877395454
辣椒类,销量加权成本,指数加权移动平均加周内收缩,八折主要回测,2021-06-30,2021-07-01,2021-07-07,363,7,2021-06-30,通过,0.18009397537490113,0.7234819127441227,0.4280744085277339,0.14285714285714285,1.0,3.824479693578798
辣椒类,销量加权成本,指数加权移动平均加周内收缩,八折主要回测,2021-09-30,2021-10-01,2021-10-07,455,7,2021-09-30,通过,0.29628963006292725,1.284141330164056,0.32897373691514215,0.0,0.8571428571428571,3.417530705640673
辣椒类,销量加权成本,指数加权移动平均加周内收缩,八折主要回测,2021-12-31,2022-01-01,2022-01-07,547,7,2021-12-31,通过,0.1523290892148953,0.8850669624332079,0.12311198608334835,0.2857142857142857,1.0,2.9986556232043675
辣椒类,销量加权成本,指数加权移动平均加周内收缩,八折主要回测,2022-03-31,2022-04-01,2022-04-07,636,7,2022-03-31,通过,0.08463405565982876,0.8128968501091303,0.6381705585412147,0.2857142857142857,1.0,6.1200366529629875
辣椒类,销量加权成本,指数加权移动平均加周内收缩,八折主要回测,2022-06-30,2022-07-01,2022-07-07,727,7,2022-06-30,通过,0.40448087056977816,2.8990585904465136,0.5147523695647003,0.0,0.0,2.2622455051461454
辣椒类,销量加权成本,指数加权移动平均加周内收缩,八折主要回测,2022-09-30,2022-10-01,2022-10-07,819,7,2022-09-30,通过,0.14020635887021643,0.4592442580674193,0.6377907796361049,0.7142857142857143,1.0,2.5114741515305594
辣椒类,销量加权成本,指数加权移动平均加周内收缩,八折主要回测,2022-12-31,2023-01-01,2023-01-07,905,7,2022-12-31,通过,0.3065940842350789,0.6221779352409031,0.23834158886487064,0.14285714285714285,0.8571428571428571,1.9395419306225652
辣椒类,销量加权成本,指数加权移动平均加周内收缩,近期滚动回测,2023-03-17,2023-03-18,2023-03-24,980,7,2023-03-17,通过,0.07311093126084249,0.3126056144994486,0.2909516566606071,0.8571428571428571,1.0,3.2863196157110925
辣椒类,销量加权成本,指数加权移动平均加周内收缩,近期滚动回测,2023-03-24,2023-03-25,2023-03-31,987,7,2023-03-24,通过,0.05214246420654984,0.23470375398982896,0.23136000773288234,0.7142857142857143,1.0,2.2443744103899785
辣椒类,销量加权成本,指数加权移动平均加周内收缩,近期滚动回测,2023-03-31,2023-04-01,2023-04-07,994,7,2023-03-31,通过,0.0773000842327204,0.3146310522408396,0.1482118794290502,0.2857142857142857,1.0,1.916662604839104
辣椒类,销量加权成本,指数加权移动平均加周内收缩,近期滚动回测,2023-04-07,2023-04-08,2023-04-14,1001,7,2023-04-07,通过,0.0451151035276858,0.19130355720192785,0.24823250775656902,0.5714285714285714,1.0,1.7981205963466855
辣椒类,销量加权成本,指数加权移动平均加周内收缩,近期滚动回测,2023-04-14,2023-04-15,2023-04-21,1008,7,2023-04-14,通过,0.06424649485040507,0.2660270961334628,0.321846589533334,0.8571428571428571,1.0,1.5980423886931376
辣椒类,销量加权成本,指数加权移动平均加周内收缩,近期滚动回测,2023-04-21,2023-04-22,2023-04-28,1015,7,2023-04-21,通过,0.1876277276068075,0.6483333657659854,0.24166123376141804,0.14285714285714285,0.2857142857142857,1.0907629628858047
辣椒类,销量加权成本,指数加权移动平均加周内收缩,近期滚动回测,2023-04-28,2023-04-29,2023-05-05,1022,7,2023-04-28,通过,0.1572967910802943,0.6686687809443129,0.40194798417264943,1.0,0.5714285714285714,1.384293477469791
辣椒类,销量加权成本,指数加权移动平均加周内收缩,近期滚动回测,2023-05-05,2023-05-06,2023-05-12,1029,7,2023-05-05,通过,0.10371608887374205,0.4249051379600169,0.3266535570475435,1.0,0.7142857142857143,1.4193682380324741
辣椒类,销量加权成本,指数加权移动平均加周内收缩,近期滚动回测,2023-05-12,2023-05-13,2023-05-19,1036,7,2023-05-12,通过,0.06696872290355053,0.26347276978556905,0.20220307642003732,0.5714285714285714,1.0,1.4012021770742162
辣椒类,销量加权成本,指数加权移动平均加周内收缩,近期滚动回测,2023-05-19,2023-05-20,2023-05-26,1043,7,2023-05-19,通过,0.09181184086723668,0.35624542389462244,0.2679839562729247,0.8571428571428571,1.0,1.4147142314904482
辣椒类,销量加权成本,指数加权移动平均加周内收缩,近期滚动回测,2023-05-26,2023-05-27,2023-06-02,1050,7,2023-05-26,通过,0.05322412195017034,0.20556288222092453,0.26891812055922887,0.5714285714285714,1.0,1.4002103184579515
辣椒类,销量加权成本,指数加权移动平均加周内收缩,近期滚动回测,2023-06-02,2023-06-03,2023-06-09,1057,7,2023-06-02,通过,0.039415671641052294,0.14879520175537322,0.15253337896319766,0.5714285714285714,1.0,1.2822136953875365
辣椒类,销量加权成本,指数加权移动平均加周内收缩,近期滚动回测,2023-06-09,2023-06-10,2023-06-16,1064,7,2023-06-09,通过,0.07346069488917625,0.2642325467032701,0.3000120513403149,0.14285714285714285,1.0,1.2906882908868718
辣椒类,销量加权成本,指数加权移动平均加周内收缩,近期滚动回测,2023-06-16,2023-06-17,2023-06-23,1071,7,2023-06-16,通过,0.15971026759782667,0.5092237774842348,0.2698030251794871,0.0,0.8571428571428571,1.3083122007986887
辣椒类,销量加权成本,阻尼趋势,八折主要回测,2021-03-31,2021-04-01,2021-04-07,272,7,2021-03-31,通过,0.12421946958504207,0.6228095327951241,0.3232372459999251,0.42857142857142855,1.0,12.582098773954542
辣椒类,销量加权成本,阻尼趋势,八折主要回测,2021-06-30,2021-07-01,2021-07-07,363,7,2021-06-30,通过,0.15406715570544718,0.6189257595585167,0.40818938540048816,0.14285714285714285,1.0,3.824479693578798
辣椒类,销量加权成本,阻尼趋势,八折主要回测,2021-09-30,2021-10-01,2021-10-07,455,7,2021-09-30,通过,0.28522679213386776,1.2361941664020486,0.38270499751175335,0.0,0.8571428571428571,3.417530705640673
辣椒类,销量加权成本,阻尼趋势,八折主要回测,2021-12-31,2022-01-01,2022-01-07,547,7,2021-12-31,通过,0.059856680255764065,0.34778104725991216,0.14360126351937952,0.7142857142857143,1.0,2.9986556232043675
辣椒类,销量加权成本,阻尼趋势,八折主要回测,2022-03-31,2022-04-01,2022-04-07,636,7,2022-03-31,通过,0.06495201739821958,0.6238539550020301,0.5670834167631877,0.7142857142857143,1.0,6.1200366529629875
辣椒类,销量加权成本,阻尼趋势,八折主要回测,2022-06-30,2022-07-01,2022-07-07,727,7,2022-06-30,通过,0.3436550974496584,2.463098591062529,0.5429119997133617,0.0,0.0,2.2622455051461454
辣椒类,销量加权成本,阻尼趋势,八折主要回测,2022-09-30,2022-10-01,2022-10-07,819,7,2022-09-30,通过,0.1742595978247151,0.5707852365541901,0.6540700532545071,0.2857142857142857,0.8571428571428571,2.5114741515305594
辣椒类,销量加权成本,阻尼趋势,八折主要回测,2022-12-31,2023-01-01,2023-01-07,905,7,2022-12-31,通过,0.33053384476796405,0.6707594035222405,0.2597509280314891,0.0,0.7142857142857143,1.9395419306225645
辣椒类,销量加权成本,阻尼趋势,近期滚动回测,2023-03-17,2023-03-18,2023-03-24,980,7,2023-03-17,通过,0.12133150534416669,0.5187857565503439,0.2648007370669627,0.8571428571428571,1.0,3.2863196157110925
辣椒类,销量加权成本,阻尼趋势,近期滚动回测,2023-03-24,2023-03-25,2023-03-31,987,7,2023-03-24,通过,0.05221666300705984,0.23503773776459372,0.23559130717501406,0.2857142857142857,1.0,2.2443744103899785
辣椒类,销量加权成本,阻尼趋势,近期滚动回测,2023-03-31,2023-04-01,2023-04-07,994,7,2023-03-31,通过,0.06377267147122018,0.25957103318014374,0.12060911250330204,0.2857142857142857,1.0,1.916662604839104
辣椒类,销量加权成本,阻尼趋势,近期滚动回测,2023-04-07,2023-04-08,2023-04-14,1001,7,2023-04-07,通过,0.04580507380650525,0.1942292685132355,0.21258703898948386,0.7142857142857143,1.0,1.7981205963466862
辣椒类,销量加权成本,阻尼趋势,近期滚动回测,2023-04-14,2023-04-15,2023-04-21,1008,7,2023-04-14,通过,0.09343958730689562,0.38690767695641676,0.31483897576221526,0.14285714285714285,1.0,1.5980423886931376
辣椒类,销量加权成本,阻尼趋势,近期滚动回测,2023-04-21,2023-04-22,2023-04-28,1015,7,2023-04-21,通过,0.131688834695031,0.45504076887051875,0.21270981440037243,0.14285714285714285,0.7142857142857143,1.0907629628858049
辣椒类,销量加权成本,阻尼趋势,近期滚动回测,2023-04-28,2023-04-29,2023-05-05,1022,7,2023-04-28,通过,0.19416240844120275,0.825384548953177,0.4132177777715662,1.0,0.42857142857142855,1.384293477469791
辣椒类,销量加权成本,阻尼趋势,近期滚动回测,2023-05-05,2023-05-06,2023-05-12,1029,7,2023-05-05,通过,0.20566783698795585,0.8425821065783567,0.34300235983832,1.0,0.42857142857142855,1.4193682380324741
辣椒类,销量加权成本,阻尼趋势,近期滚动回测,2023-05-12,2023-05-13,2023-05-19,1036,7,2023-05-12,通过,0.06407961523607131,0.2521062517103211,0.21678214522224315,0.42857142857142855,1.0,1.4012021770742162
辣椒类,销量加权成本,阻尼趋势,近期滚动回测,2023-05-19,2023-05-20,2023-05-26,1043,7,2023-05-19,通过,0.1148257932460125,0.4455434397412184,0.28760112474459326,0.8571428571428571,1.0,1.4147142314904482
辣椒类,销量加权成本,阻尼趋势,近期滚动回测,2023-05-26,2023-05-27,2023-06-02,1050,7,2023-05-26,通过,0.030511343146054803,0.11784129841365289,0.23597786538891663,0.42857142857142855,1.0,1.4002103184579524
辣椒类,销量加权成本,阻尼趋势,近期滚动回测,2023-06-02,2023-06-03,2023-06-09,1057,7,2023-06-02,通过,0.041395600787880564,0.1562694865917838,0.1374457254329493,0.8571428571428571,1.0,1.2822136953875365
辣椒类,销量加权成本,阻尼趋势,近期滚动回测,2023-06-09,2023-06-10,2023-06-16,1064,7,2023-06-09,通过,0.06052471243127006,0.2177027991407405,0.31165148145532046,0.8571428571428571,1.0,1.290688290886872
辣椒类,销量加权成本,阻尼趋势,近期滚动回测,2023-06-16,2023-06-17,2023-06-23,1071,7,2023-06-16,通过,0.12853653437579723,0.4098287515515148,0.2545375989299752,1.0,0.8571428571428571,1.308312200798689
辣椒类,销量加权成本,指数平滑,八折主要回测,2021-03-31,2021-04-01,2021-04-07,272,7,2021-03-31,通过,0.040365544496333255,0.2023841028524997,0.2925478027154867,0.5714285714285714,1.0,12.58209877395454
辣椒类,销量加权成本,指数平滑,八折主要回测,2021-06-30,2021-07-01,2021-07-07,363,7,2021-06-30,通过,0.173649410881547,0.6975925078556541,0.4009094714700727,0.14285714285714285,1.0,3.8244796935787977
辣椒类,销量加权成本,指数平滑,八折主要回测,2021-09-30,2021-10-01,2021-10-07,455,7,2021-09-30,通过,0.35522959417654737,1.539591525638704,0.3779210849771984,0.0,0.7142857142857143,3.417530705640673
辣椒类,销量加权成本,指数平滑,八折主要回测,2021-12-31,2022-01-01,2022-01-07,547,7,2021-12-31,通过,0.05990658706282284,0.3480710172607564,0.14360126351937952,0.7142857142857143,1.0,2.9986556232043675
辣椒类,销量加权成本,指数平滑,八折主要回测,2022-03-31,2022-04-01,2022-04-07,636,7,2022-03-31,通过,0.060501266568767184,0.5811051903153377,0.5679653654585058,0.7142857142857143,1.0,6.1200366529629875
辣椒类,销量加权成本,指数平滑,八折主要回测,2022-06-30,2022-07-01,2022-07-07,727,7,2022-06-30,通过,0.38807505827620553,2.781472285324255,0.5449148525680649,0.0,0.0,2.2622455051461454
辣椒类,销量加权成本,指数平滑,八折主要回测,2022-09-30,2022-10-01,2022-10-07,819,7,2022-09-30,通过,0.1686392300582595,0.5523757888959625,0.6532479401177823,0.2857142857142857,0.8571428571428571,2.51147415153056
辣椒类,销量加权成本,指数平滑,八折主要回测,2022-12-31,2023-01-01,2023-01-07,905,7,2022-12-31,通过,0.31852716178055673,0.646393984832461,0.25637071731541733,0.0,0.8571428571428571,1.9395419306225645
辣椒类,销量加权成本,指数平滑,近期滚动回测,2023-03-17,2023-03-18,2023-03-24,980,7,2023-03-17,通过,0.08389791155345723,0.3587282742004381,0.2656600548387966,0.8571428571428571,1.0,3.2863196157110925
辣椒类,销量加权成本,指数平滑,近期滚动回测,2023-03-24,2023-03-25,2023-03-31,987,7,2023-03-24,通过,0.048167756791705894,0.21681279380084156,0.23892617577544786,0.7142857142857143,1.0,2.2443744103899785
辣椒类,销量加权成本,指数平滑,近期滚动回测,2023-03-31,2023-04-01,2023-04-07,994,7,2023-03-31,通过,0.10341272475986234,0.4209161571976045,0.12491244658859897,0.2857142857142857,1.0,1.916662604839104
辣椒类,销量加权成本,指数平滑,近期滚动回测,2023-04-07,2023-04-08,2023-04-14,1001,7,2023-04-07,通过,0.047870011338477104,0.20298531392546795,0.21732999946653594,0.7142857142857143,1.0,1.7981205963466864
辣椒类,销量加权成本,指数平滑,近期滚动回测,2023-04-14,2023-04-15,2023-04-21,1008,7,2023-04-14,通过,0.06152418026918852,0.2547547388711856,0.31466240608524565,0.8571428571428571,1.0,1.5980423886931376
辣椒类,销量加权成本,指数平滑,近期滚动回测,2023-04-21,2023-04-22,2023-04-28,1015,7,2023-04-21,通过,0.17323057667870284,0.5985851039407418,0.21270981440037243,0.14285714285714285,0.42857142857142855,1.0907629628858047
辣椒类,销量加权成本,指数平滑,近期滚动回测,2023-04-28,2023-04-29,2023-05-05,1022,7,2023-04-28,通过,0.19948929381737399,0.8480291428209329,0.4132177777715662,1.0,0.42857142857142855,1.3842934774697906
辣椒类,销量加权成本,指数平滑,近期滚动回测,2023-05-05,2023-05-06,2023-05-12,1029,7,2023-05-05,通过,0.1063876015740102,0.43584981862427935,0.34300235983832,1.0,0.7142857142857143,1.4193682380324741
辣椒类,销量加权成本,指数平滑,近期滚动回测,2023-05-12,2023-05-13,2023-05-19,1036,7,2023-05-12,通过,0.0617556173158112,0.2429630257015365,0.21566369856984294,0.5714285714285714,1.0,1.4012021770742162
辣椒类,销量加权成本,指数平滑,近期滚动回测,2023-05-19,2023-05-20,2023-05-26,1043,7,2023-05-19,通过,0.0848141609903845,0.329093246022349,0.2869207124324901,0.8571428571428571,1.0,1.4147142314904482
辣椒类,销量加权成本,指数平滑,近期滚动回测,2023-05-26,2023-05-27,2023-06-02,1050,7,2023-05-26,通过,0.04712015038677829,0.18198804544409317,0.23470914276079755,0.5714285714285714,1.0,1.4002103184579513
辣椒类,销量加权成本,指数平滑,近期滚动回测,2023-06-02,2023-06-03,2023-06-09,1057,7,2023-06-02,通过,0.034705997377046764,0.1310160569853291,0.1378416645007138,0.8571428571428571,1.0,1.2822136953875367
辣椒类,销量加权成本,指数平滑,近期滚动回测,2023-06-09,2023-06-10,2023-06-16,1064,7,2023-06-09,通过,0.0712516296617266,0.2562867066623714,0.31155285005069056,0.14285714285714285,1.0,1.2906882908868715
辣椒类,销量加权成本,指数平滑,近期滚动回测,2023-06-16,2023-06-17,2023-06-23,1071,7,2023-06-16,通过,0.14305722385234976,0.45612684157504113,0.2545542869750541,0.0,0.8571428571428571,1.3083122007986887
辣椒类,销量加权成本,滞后稳健回归,八折主要回测,2021-03-31,2021-04-01,2021-04-07,272,7,2021-03-31,通过,0.05169551802733931,0.2591901377277018,0.2925478027154867,0.42857142857142855,1.0,12.58209877395454
辣椒类,销量加权成本,滞后稳健回归,八折主要回测,2021-06-30,2021-07-01,2021-07-07,363,7,2021-06-30,通过,0.12577951528977147,0.5052873318856984,0.4009094714700727,0.8571428571428571,1.0,3.824479693578798
辣椒类,销量加权成本,滞后稳健回归,八折主要回测,2021-09-30,2021-10-01,2021-10-07,455,7,2021-09-30,通过,0.27244223152081104,1.1807849282598737,0.3779210849771984,0.0,1.0,3.417530705640673
辣椒类,销量加权成本,滞后稳健回归,八折主要回测,2021-12-31,2022-01-01,2022-01-07,547,7,2021-12-31,通过,0.059773482957939786,0.3472976518687396,0.14360126351937952,0.7142857142857143,1.0,2.9986556232043675
辣椒类,销量加权成本,滞后稳健回归,八折主要回测,2022-03-31,2022-04-01,2022-04-07,636,7,2022-03-31,通过,0.06378841376016225,0.6126777242899613,0.5679653654585058,0.7142857142857143,1.0,6.1200366529629875
辣椒类,销量加权成本,滞后稳健回归,八折主要回测,2022-06-30,2022-07-01,2022-07-07,727,7,2022-06-30,通过,0.34457429920234867,2.4696868377050376,0.5449148525680649,0.0,0.0,2.2622455051461454
辣椒类,销量加权成本,滞后稳健回归,八折主要回测,2022-09-30,2022-10-01,2022-10-07,819,7,2022-09-30,通过,0.15922965784927814,0.5215548472306454,0.6532479401177823,0.2857142857142857,1.0,2.511474151530559
辣椒类,销量加权成本,滞后稳健回归,八折主要回测,2022-12-31,2023-01-01,2023-01-07,905,7,2022-12-31,通过,0.3103171080111357,0.6297331470500903,0.25637071731541733,0.0,0.8571428571428571,1.9395419306225645
辣椒类,销量加权成本,滞后稳健回归,近期滚动回测,2023-03-17,2023-03-18,2023-03-24,980,7,2023-03-17,通过,0.13712476011471222,0.5863141004976872,0.2656600548387966,0.14285714285714285,1.0,3.2863196157110925
辣椒类,销量加权成本,滞后稳健回归,近期滚动回测,2023-03-24,2023-03-25,2023-03-31,987,7,2023-03-24,通过,0.05677367763046459,0.2555497802116649,0.23892617577544786,0.2857142857142857,1.0,2.2443744103899785
辣椒类,销量加权成本,滞后稳健回归,近期滚动回测,2023-03-31,2023-04-01,2023-04-07,994,7,2023-03-31,通过,0.06109569041017392,0.2486750377045106,0.12491244658859897,0.2857142857142857,1.0,1.916662604839104
辣椒类,销量加权成本,滞后稳健回归,近期滚动回测,2023-04-07,2023-04-08,2023-04-14,1001,7,2023-04-07,通过,0.05097810278146309,0.21616469073410613,0.21732999946653594,0.2857142857142857,1.0,1.798120596346685
辣椒类,销量加权成本,滞后稳健回归,近期滚动回测,2023-04-14,2023-04-15,2023-04-21,1008,7,2023-04-14,通过,0.08900207504620326,0.3685331570154089,0.31466240608524565,0.8571428571428571,1.0,1.5980423886931376
辣椒类,销量加权成本,滞后稳健回归,近期滚动回测,2023-04-21,2023-04-22,2023-04-28,1015,7,2023-04-21,通过,0.06905082277059924,0.2385998749054236,0.21270981440037243,0.8571428571428571,1.0,1.0907629628858047
辣椒类,销量加权成本,滞后稳健回归,近期滚动回测,2023-04-28,2023-04-29,2023-05-05,1022,7,2023-04-28,通过,0.2493370463775008,1.059931977635784,0.4132177777715662,0.0,0.2857142857142857,1.3842934774697906
辣椒类,销量加权成本,滞后稳健回归,近期滚动回测,2023-05-05,2023-05-06,2023-05-12,1029,7,2023-05-05,通过,0.2685024210717173,1.1000034759019959,0.34300235983832,1.0,0.14285714285714285,1.4193682380324741
辣椒类,销量加权成本,滞后稳健回归,近期滚动回测,2023-05-12,2023-05-13,2023-05-19,1036,7,2023-05-12,通过,0.062042169117707005,0.24409039671384125,0.21566369856984294,0.42857142857142855,1.0,1.4012021770742162
辣椒类,销量加权成本,滞后稳健回归,近期滚动回测,2023-05-19,2023-05-20,2023-05-26,1043,7,2023-05-19,通过,0.11663312902741964,0.45255620732637497,0.2869207124324901,0.8571428571428571,1.0,1.4147142314904482
辣椒类,销量加权成本,滞后稳健回归,近期滚动回测,2023-05-26,2023-05-27,2023-06-02,1050,7,2023-05-26,通过,0.030166545587554265,0.11650961688822603,0.23470914276079755,0.42857142857142855,1.0,1.4002103184579522
辣椒类,销量加权成本,滞后稳健回归,近期滚动回测,2023-06-02,2023-06-03,2023-06-09,1057,7,2023-06-02,通过,0.04196484387785742,0.15841839429510302,0.1378416645007138,0.8571428571428571,1.0,1.2822136953875365
辣椒类,销量加权成本,滞后稳健回归,近期滚动回测,2023-06-09,2023-06-10,2023-06-16,1064,7,2023-06-09,通过,0.059302603477427274,0.21330696594436369,0.31155285005069056,0.8571428571428571,1.0,1.2906882908868715
辣椒类,销量加权成本,滞后稳健回归,近期滚动回测,2023-06-16,2023-06-17,2023-06-23,1071,7,2023-06-16,通过,0.1275389195426419,0.4066479341785648,0.2545542869750541,1.0,0.8571428571428571,1.3083122007986898
辣椒类,固定篮子成本,近7日均值,八折主要回测,2021-03-31,2021-04-01,2021-04-07,271,7,2021-03-31,通过,0.0250220557005381,0.16161321931140207,0.15298320584550407,0.42857142857142855,1.0,12.781943036285723
辣椒类,固定篮子成本,近7日均值,八折主要回测,2021-06-30,2021-07-01,2021-07-07,362,7,2021-06-30,通过,0.15077513670913134,0.569869697241588,0.1663815992869231,0.0,1.0,4.0932329513711485
辣椒类,固定篮子成本,近7日均值,八折主要回测,2021-09-30,2021-10-01,2021-10-07,454,7,2021-09-30,通过,0.2770471518095591,1.2731094439033497,0.1804933150131641,0.0,1.0,3.317528997366015
辣椒类,固定篮子成本,近7日均值,八折主要回测,2021-12-31,2022-01-01,2022-01-07,546,7,2021-12-31,通过,0.05103680286124539,0.3419910581273558,0.1387928570204422,1.0,1.0,2.2786858148386213
辣椒类,固定篮子成本,近7日均值,八折主要回测,2022-03-31,2022-04-01,2022-04-07,635,7,2022-03-31,通过,0.05154198193514703,0.6977281812802814,0.6315963840266887,0.7142857142857143,1.0,7.107004014980719
辣椒类,固定篮子成本,近7日均值,八折主要回测,2022-06-30,2022-07-01,2022-07-07,726,7,2022-06-30,通过,0.43640556371886796,3.221010855020759,0.1858313397750558,0.0,0.0,3.414420664091111
辣椒类,固定篮子成本,近7日均值,八折主要回测,2022-09-30,2022-10-01,2022-10-07,818,7,2022-09-30,通过,0.5884686975812721,2.897745772488989,0.7752448927466621,0.0,1.0,8.216703086249924
辣椒类,固定篮子成本,近7日均值,八折主要回测,2022-12-31,2023-01-01,2023-01-07,904,7,2022-12-31,通过,0.42326441666847414,1.0934945904765043,0.21020698531419824,0.0,0.2857142857142857,1.9714632364269293
辣椒类,固定篮子成本,近7日均值,近期滚动回测,2023-03-17,2023-03-18,2023-03-24,979,7,2023-03-17,通过,0.46462600631941353,2.0544904302602376,0.3784960245202679,0.0,0.14285714285714285,3.161640814793653
辣椒类,固定篮子成本,近7日均值,近期滚动回测,2023-03-24,2023-03-25,2023-03-31,986,7,2023-03-24,通过,0.025058612729027752,0.10830662891939712,0.11821787049041162,0.8571428571428571,1.0,3.352340109331812
辣椒类,固定篮子成本,近7日均值,近期滚动回测,2023-03-31,2023-04-01,2023-04-07,993,7,2023-03-31,通过,0.010743280003002285,0.04594969357776714,0.04791954518094125,0.5714285714285714,1.0,3.3054436091939303
辣椒类,固定篮子成本,近7日均值,近期滚动回测,2023-04-07,2023-04-08,2023-04-14,1000,7,2023-04-07,通过,0.06520954388323327,0.2983613869882761,0.1423879652607901,1.0,1.0,3.480208265385854
辣椒类,固定篮子成本,近7日均值,近期滚动回测,2023-04-14,2023-04-15,2023-04-21,1007,7,2023-04-14,通过,0.04461342274587447,0.1954075756022228,0.10226778374624283,1.0,1.0,3.4447257465152106
辣椒类,固定篮子成本,近7日均值,近期滚动回测,2023-04-21,2023-04-22,2023-04-28,1014,7,2023-04-21,通过,0.2835614155518947,0.9676233392415302,0.11138169475922403,0.0,1.0,3.553398502749623
辣椒类,固定篮子成本,近7日均值,近期滚动回测,2023-04-28,2023-04-29,2023-05-05,1021,7,2023-04-28,通过,0.20011095564422626,0.8536902410367789,0.4286008062652127,1.0,1.0,3.8328590620081964
辣椒类,固定篮子成本,近7日均值,近期滚动回测,2023-05-05,2023-05-06,2023-05-12,1028,7,2023-05-05,通过,0.04833538584587074,0.19929690923837798,0.12646055422164784,1.0,1.0,3.3620945442376384
辣椒类,固定篮子成本,近7日均值,近期滚动回测,2023-05-12,2023-05-13,2023-05-19,1035,7,2023-05-12,通过,0.030564180682359974,0.12242741354647009,0.09795409993138866,1.0,1.0,1.8816951356231877
辣椒类,固定篮子成本,近7日均值,近期滚动回测,2023-05-19,2023-05-20,2023-05-26,1042,7,2023-05-19,通过,0.09272437910599624,0.3419202450637206,0.1323932591737921,1.0,1.0,1.3032490561833274
辣椒类,固定篮子成本,近7日均值,近期滚动回测,2023-05-26,2023-05-27,2023-06-02,1049,7,2023-05-26,通过,0.02331714053078243,0.08411631209375095,0.05103971429140771,0.14285714285714285,1.0,1.390511181778795
辣椒类,固定篮子成本,近7日均值,近期滚动回测,2023-06-02,2023-06-03,2023-06-09,1056,7,2023-06-02,通过,0.02447921628049726,0.08620952257710535,0.04895229243653828,1.0,1.0,1.4556665116438683
辣椒类,固定篮子成本,近7日均值,近期滚动回测,2023-06-09,2023-06-10,2023-06-16,1063,7,2023-06-09,通过,0.03472770030472032,0.11828278263941552,0.08867275695545314,0.14285714285714285,1.0,1.465331520811773
辣椒类,固定篮子成本,近7日均值,近期滚动回测,2023-06-16,2023-06-17,2023-06-23,1070,7,2023-06-16,通过,0.0501162922270628,0.1625500264131663,0.06530495933354619,0.0,1.0,1.3090994517989285
辣椒类,固定篮子成本,近14日均值,八折主要回测,2021-03-31,2021-04-01,2021-04-07,271,7,2021-03-31,通过,0.0817744780818486,0.5281675022421531,0.15298320584550407,0.42857142857142855,1.0,12.781943036285723
辣椒类,固定篮子成本,近14日均值,八折主要回测,2021-06-30,2021-07-01,2021-07-07,362,7,2021-06-30,通过,0.14386104231178795,0.5437371864913907,0.1663815992869231,0.0,1.0,4.0932329513711485
辣椒类,固定篮子成本,近14日均值,八折主要回测,2021-09-30,2021-10-01,2021-10-07,454,7,2021-09-30,通过,0.33451474723447894,1.5371891789809875,0.1804933150131641,0.0,0.5714285714285714,3.317528997366015
辣椒类,固定篮子成本,近14日均值,八折主要回测,2021-12-31,2022-01-01,2022-01-07,546,7,2021-12-31,通过,0.047605008619984054,0.31899504587644867,0.1387928570204422,1.0,1.0,2.278685814838621
辣椒类,固定篮子成本,近14日均值,八折主要回测,2022-03-31,2022-04-01,2022-04-07,635,7,2022-03-31,通过,0.08319407738754374,1.1262052821705544,0.6315963840266887,0.2857142857142857,1.0,7.107004014980719
辣椒类,固定篮子成本,近14日均值,八折主要回测,2022-06-30,2022-07-01,2022-07-07,726,7,2022-06-30,通过,0.48651821277690555,3.590880994196545,0.1858313397750558,0.0,0.0,3.4144206640911112
辣椒类,固定篮子成本,近14日均值,八折主要回测,2022-09-30,2022-10-01,2022-10-07,818,7,2022-09-30,通过,0.612148260606852,3.014349007178943,0.7752448927466621,0.0,0.8571428571428571,8.216703086249924
辣椒类,固定篮子成本,近14日均值,八折主要回测,2022-12-31,2023-01-01,2023-01-07,904,7,2022-12-31,通过,0.415785233073498,1.0741722792209072,0.21020698531419824,0.0,0.2857142857142857,1.9714632364269293
辣椒类,固定篮子成本,近14日均值,近期滚动回测,2023-03-17,2023-03-18,2023-03-24,979,7,2023-03-17,通过,0.47018431485163775,2.0790682445292865,0.3784960245202679,0.0,0.14285714285714285,3.1616408147936528
辣椒类,固定篮子成本,近14日均值,近期滚动回测,2023-03-24,2023-03-25,2023-03-31,986,7,2023-03-24,通过,0.2607344635209519,1.126928736735279,0.11821787049041162,0.8571428571428571,1.0,3.352340109331812
辣椒类,固定篮子成本,近14日均值,近期滚动回测,2023-03-31,2023-04-01,2023-04-07,993,7,2023-03-31,通过,0.022190428724940623,0.0949098785459708,0.04791954518094125,0.5714285714285714,1.0,3.3054436091939303
辣椒类,固定篮子成本,近14日均值,近期滚动回测,2023-04-07,2023-04-08,2023-04-14,1000,7,2023-04-07,通过,0.06028452420929363,0.27582732811658073,0.1423879652607901,1.0,1.0,3.480208265385854
辣椒类,固定篮子成本,近14日均值,近期滚动回测,2023-04-14,2023-04-15,2023-04-21,1007,7,2023-04-14,通过,0.032320833703877276,0.14156581958512257,0.10226778374624283,1.0,1.0,3.4447257465152106
辣椒类,固定篮子成本,近14日均值,近期滚动回测,2023-04-21,2023-04-22,2023-04-28,1014,7,2023-04-21,通过,0.31219344957804984,1.0653271270426425,0.11138169475922403,0.0,1.0,3.553398502749623
辣椒类,固定篮子成本,近14日均值,近期滚动回测,2023-04-28,2023-04-29,2023-05-05,1021,7,2023-04-28,通过,0.12737777371135028,0.5434043428171914,0.4286008062652127,1.0,1.0,3.8328590620081964
辣椒类,固定篮子成本,近14日均值,近期滚动回测,2023-05-05,2023-05-06,2023-05-12,1028,7,2023-05-05,通过,0.07215091101553917,0.2974933025254544,0.12646055422164784,1.0,1.0,3.3620945442376384
辣椒类,固定篮子成本,近14日均值,近期滚动回测,2023-05-12,2023-05-13,2023-05-19,1035,7,2023-05-12,通过,0.04719964780583178,0.18906218560955468,0.09795409993138866,1.0,1.0,1.8816951356231877
辣椒类,固定篮子成本,近14日均值,近期滚动回测,2023-05-19,2023-05-20,2023-05-26,1042,7,2023-05-19,通过,0.10411661890201927,0.38392901838134075,0.1323932591737921,1.0,1.0,1.3032490561833274
辣椒类,固定篮子成本,近14日均值,近期滚动回测,2023-05-26,2023-05-27,2023-06-02,1049,7,2023-05-26,通过,0.06626470430324248,0.23904914672590977,0.05103971429140771,0.14285714285714285,1.0,1.3905111817787963
辣椒类,固定篮子成本,近14日均值,近期滚动回测,2023-06-02,2023-06-03,2023-06-09,1056,7,2023-06-02,通过,0.03570552950463839,0.12574571900857837,0.04895229243653828,0.0,1.0,1.4556665116438683
辣椒类,固定篮子成本,近14日均值,近期滚动回测,2023-06-09,2023-06-10,2023-06-16,1063,7,2023-06-09,通过,0.04656748418751106,0.15860916680011503,0.08867275695545314,0.14285714285714285,1.0,1.4653315208117734
辣椒类,固定篮子成本,近14日均值,近期滚动回测,2023-06-16,2023-06-17,2023-06-23,1070,7,2023-06-16,通过,0.06795787330751367,0.22041842303636772,0.06530495933354619,0.0,1.0,1.3090994517989276
辣椒类,固定篮子成本,近7日中位数,八折主要回测,2021-03-31,2021-04-01,2021-04-07,271,7,2021-03-31,通过,0.020114199717013115,0.12991420885011756,0.15298320584550407,0.42857142857142855,1.0,12.781943036285725
辣椒类,固定篮子成本,近7日中位数,八折主要回测,2021-06-30,2021-07-01,2021-07-07,362,7,2021-06-30,通过,0.15098777318685808,0.5706733780594566,0.1663815992869231,0.0,1.0,4.093232951371149
辣椒类,固定篮子成本,近7日中位数,八折主要回测,2021-09-30,2021-10-01,2021-10-07,454,7,2021-09-30,通过,0.23957367611657507,1.1009083023683712,0.1804933150131641,0.0,1.0,3.317528997366015
辣椒类,固定篮子成本,近7日中位数,八折主要回测,2021-12-31,2022-01-01,2022-01-07,546,7,2021-12-31,通过,0.06491355195006489,0.43497737071350034,0.1387928570204422,0.0,1.0,2.278685814838621
辣椒类,固定篮子成本,近7日中位数,八折主要回测,2022-03-31,2022-04-01,2022-04-07,635,7,2022-03-31,通过,0.04937498357516244,0.6683933406749697,0.6315963840266887,0.7142857142857143,1.0,7.107004014980717
辣椒类,固定篮子成本,近7日中位数,八折主要回测,2022-06-30,2022-07-01,2022-07-07,726,7,2022-06-30,通过,0.47455759821306337,3.502602400737381,0.1858313397750558,0.0,0.0,3.4144206640911112
辣椒类,固定篮子成本,近7日中位数,八折主要回测,2022-09-30,2022-10-01,2022-10-07,818,7,2022-09-30,通过,0.6439201193219588,3.1708004372282077,0.7752448927466621,0.0,0.7142857142857143,8.216703086249924
辣椒类,固定篮子成本,近7日中位数,八折主要回测,2022-12-31,2023-01-01,2023-01-07,904,7,2022-12-31,通过,0.43521680259156575,1.124373324514819,0.21020698531419824,0.0,0.2857142857142857,1.9714632364269296
辣椒类,固定篮子成本,近7日中位数,近期滚动回测,2023-03-17,2023-03-18,2023-03-24,979,7,2023-03-17,通过,0.3597294002111292,1.5906570019004547,0.3784960245202679,0.0,0.42857142857142855,3.161640814793653
辣椒类,固定篮子成本,近7日中位数,近期滚动回测,2023-03-24,2023-03-25,2023-03-31,986,7,2023-03-24,通过,0.021992633214805945,0.09505506112064856,0.11821787049041162,0.8571428571428571,1.0,3.352340109331812
辣椒类,固定篮子成本,近7日中位数,近期滚动回测,2023-03-31,2023-04-01,2023-04-07,993,7,2023-03-31,通过,0.014671876852044451,0.06275255279335326,0.04791954518094125,0.5714285714285714,1.0,3.3054436091939303
辣椒类,固定篮子成本,近7日中位数,近期滚动回测,2023-04-07,2023-04-08,2023-04-14,1000,7,2023-04-07,通过,0.06368790485089304,0.29139924149317065,0.1423879652607901,1.0,1.0,3.480208265385854
辣椒类,固定篮子成本,近7日中位数,近期滚动回测,2023-04-14,2023-04-15,2023-04-21,1007,7,2023-04-14,通过,0.04489016646923387,0.19661971797365277,0.10226778374624283,1.0,1.0,3.4447257465152106
辣椒类,固定篮子成本,近7日中位数,近期滚动回测,2023-04-21,2023-04-22,2023-04-28,1014,7,2023-04-21,通过,0.2932814726107238,1.000792005897312,0.11138169475922403,0.0,1.0,3.553398502749623
辣椒类,固定篮子成本,近7日中位数,近期滚动回测,2023-04-28,2023-04-29,2023-05-05,1021,7,2023-04-28,通过,0.20980244899021358,0.8950349703341173,0.4286008062652127,1.0,1.0,3.8328590620081964
辣椒类,固定篮子成本,近7日中位数,近期滚动回测,2023-05-05,2023-05-06,2023-05-12,1028,7,2023-05-05,通过,0.04278241866024786,0.17640086366369845,0.12646055422164784,1.0,1.0,3.362094544237638
辣椒类,固定篮子成本,近7日中位数,近期滚动回测,2023-05-12,2023-05-13,2023-05-19,1035,7,2023-05-12,通过,0.050398579566414956,0.2018757776253186,0.09795409993138866,1.0,1.0,1.8816951356231877
辣椒类,固定篮子成本,近7日中位数,近期滚动回测,2023-05-19,2023-05-20,2023-05-26,1042,7,2023-05-19,通过,0.09772264984114505,0.3603513197296753,0.1323932591737921,1.0,1.0,1.3032490561833274
辣椒类,固定篮子成本,近7日中位数,近期滚动回测,2023-05-26,2023-05-27,2023-06-02,1049,7,2023-05-26,通过,0.014731334397736377,0.053143116760887885,0.05103971429140771,0.0,1.0,1.3905111817787958
辣椒类,固定篮子成本,近7日中位数,近期滚动回测,2023-06-02,2023-06-03,2023-06-09,1056,7,2023-06-02,通过,0.024459631343618584,0.08614054945154992,0.04895229243653828,1.0,1.0,1.4556665116438692
辣椒类,固定篮子成本,近7日中位数,近期滚动回测,2023-06-09,2023-06-10,2023-06-16,1063,7,2023-06-09,通过,0.032665380204950877,0.11125850640017461,0.08867275695545314,0.14285714285714285,1.0,1.4653315208117732
辣椒类,固定篮子成本,近7日中位数,近期滚动回测,2023-06-16,2023-06-17,2023-06-23,1070,7,2023-06-16,通过,0.04992979526287867,0.16194513157544055,0.06530495933354619,0.0,1.0,1.3090994517989272
辣椒类,固定篮子成本,近14日中位数,八折主要回测,2021-03-31,2021-04-01,2021-04-07,271,7,2021-03-31,通过,0.05019945267084628,0.32422976157116296,0.15298320584550407,0.42857142857142855,1.0,12.781943036285723
辣椒类,固定篮子成本,近14日中位数,八折主要回测,2021-06-30,2021-07-01,2021-07-07,362,7,2021-06-30,通过,0.14564467889135285,0.5504786191955542,0.1663815992869231,0.0,1.0,4.0932329513711485
辣椒类,固定篮子成本,近14日中位数,八折主要回测,2021-09-30,2021-10-01,2021-10-07,454,7,2021-09-30,通过,0.3654032944328537,1.6791307253562293,0.1804933150131641,0.0,0.42857142857142855,3.317528997366015
辣椒类,固定篮子成本,近14日中位数,八折主要回测,2021-12-31,2022-01-01,2022-01-07,546,7,2021-12-31,通过,0.05155383571430353,0.34545562884086006,0.1387928570204422,1.0,1.0,2.278685814838621
辣椒类,固定篮子成本,近14日中位数,八折主要回测,2022-03-31,2022-04-01,2022-04-07,635,7,2022-03-31,通过,0.08311394226072912,1.1251204861617516,0.6315963840266887,0.2857142857142857,1.0,7.107004014980719
辣椒类,固定篮子成本,近14日中位数,八折主要回测,2022-06-30,2022-07-01,2022-07-07,726,7,2022-06-30,通过,0.5056591977820439,3.732156279396752,0.1858313397750558,0.0,0.0,3.4144206640911112
辣椒类,固定篮子成本,近14日中位数,八折主要回测,2022-09-30,2022-10-01,2022-10-07,818,7,2022-09-30,通过,0.7713870861309132,3.7984750539424286,0.7752448927466621,0.0,0.5714285714285714,8.216703086249924
辣椒类,固定篮子成本,近14日中位数,八折主要回测,2022-12-31,2023-01-01,2023-01-07,904,7,2022-12-31,通过,0.42877370699572,1.1077277245009187,0.21020698531419824,0.0,0.2857142857142857,1.9714632364269296
辣椒类,固定篮子成本,近14日中位数,近期滚动回测,2023-03-17,2023-03-18,2023-03-24,979,7,2023-03-17,通过,0.45438913926850666,2.009224893880692,0.3784960245202679,0.0,0.14285714285714285,3.161640814793653
辣椒类,固定篮子成本,近14日中位数,近期滚动回测,2023-03-24,2023-03-25,2023-03-31,986,7,2023-03-24,通过,0.19368590987496093,0.8371360455817655,0.11821787049041162,0.8571428571428571,1.0,3.352340109331812
辣椒类,固定篮子成本,近14日中位数,近期滚动回测,2023-03-31,2023-04-01,2023-04-07,993,7,2023-03-31,通过,0.010067860095194982,0.04306087956645995,0.04791954518094125,0.5714285714285714,1.0,3.3054436091939303
辣椒类,固定篮子成本,近14日中位数,近期滚动回测,2023-04-07,2023-04-08,2023-04-14,1000,7,2023-04-07,通过,0.06213992539974476,0.28431657738343585,0.1423879652607901,1.0,1.0,3.480208265385854
辣椒类,固定篮子成本,近14日中位数,近期滚动回测,2023-04-14,2023-04-15,2023-04-21,1007,7,2023-04-14,通过,0.03570068526779604,0.15636962882797695,0.10226778374624283,1.0,1.0,3.4447257465152106
辣椒类,固定篮子成本,近14日中位数,近期滚动回测,2023-04-21,2023-04-22,2023-04-28,1014,7,2023-04-21,通过,0.3259605054539103,1.1123057491242032,0.11138169475922403,0.0,1.0,3.553398502749623
辣椒类,固定篮子成本,近14日中位数,近期滚动回测,2023-04-28,2023-04-29,2023-05-05,1021,7,2023-04-28,通过,0.12910847326904315,0.5507876533301642,0.4286008062652127,1.0,1.0,3.832859062008196
辣椒类,固定篮子成本,近14日中位数,近期滚动回测,2023-05-05,2023-05-06,2023-05-12,1028,7,2023-05-05,通过,0.1287039780516232,0.5306734307276421,0.12646055422164784,1.0,1.0,3.3620945442376384
辣椒类,固定篮子成本,近14日中位数,近期滚动回测,2023-05-12,2023-05-13,2023-05-19,1035,7,2023-05-12,通过,0.05163772948405547,0.20683929753739028,0.09795409993138866,1.0,1.0,1.8816951356231877
辣椒类,固定篮子成本,近14日中位数,近期滚动回测,2023-05-19,2023-05-20,2023-05-26,1042,7,2023-05-19,通过,0.10270940658227508,0.37873993665480155,0.1323932591737921,1.0,1.0,1.3032490561833274
辣椒类,固定篮子成本,近14日中位数,近期滚动回测,2023-05-26,2023-05-27,2023-06-02,1049,7,2023-05-26,通过,0.06538019952759712,0.23585830607980324,0.05103971429140771,0.14285714285714285,1.0,1.390511181778795
辣椒类,固定篮子成本,近14日中位数,近期滚动回测,2023-06-02,2023-06-03,2023-06-09,1056,7,2023-06-02,通过,0.02469490314859865,0.08696911641835044,0.04895229243653828,1.0,1.0,1.4556665116438692
辣椒类,固定篮子成本,近14日中位数,近期滚动回测,2023-06-09,2023-06-10,2023-06-16,1063,7,2023-06-09,通过,0.047615124463786844,0.16217743668253456,0.08867275695545314,0.14285714285714285,1.0,1.4653315208117732
辣椒类,固定篮子成本,近14日中位数,近期滚动回测,2023-06-16,2023-06-17,2023-06-23,1070,7,2023-06-16,通过,0.06942877994220599,0.22518924509234228,0.06530495933354619,0.0,1.0,1.3090994517989272
辣椒类,固定篮子成本,指数加权移动平均,八折主要回测,2021-03-31,2021-04-01,2021-04-07,271,7,2021-03-31,通过,0.022265073241460313,0.14380633661043177,0.15298320584550407,0.42857142857142855,1.0,12.781943036285723
辣椒类,固定篮子成本,指数加权移动平均,八折主要回测,2021-06-30,2021-07-01,2021-07-07,362,7,2021-06-30,通过,0.12550310158092234,0.4743515148573499,0.1663815992869231,0.0,1.0,4.093232951371149
辣椒类,固定篮子成本,指数加权移动平均,八折主要回测,2021-09-30,2021-10-01,2021-10-07,454,7,2021-09-30,通过,0.22031161291442322,1.0123937141058668,0.1804933150131641,0.0,1.0,3.317528997366015
辣椒类,固定篮子成本,指数加权移动平均,八折主要回测,2021-12-31,2022-01-01,2022-01-07,546,7,2021-12-31,通过,0.056177135558294865,0.37643576703613985,0.1387928570204422,1.0,1.0,2.278685814838621
辣椒类,固定篮子成本,指数加权移动平均,八折主要回测,2022-03-31,2022-04-01,2022-04-07,635,7,2022-03-31,通过,0.057925274903739506,0.78413935963115,0.6315963840266887,0.7142857142857143,1.0,7.107004014980717
辣椒类,固定篮子成本,指数加权移动平均,八折主要回测,2022-06-30,2022-07-01,2022-07-07,726,7,2022-06-30,通过,0.3757313787998272,2.7731884061537593,0.1858313397750558,0.0,0.0,3.414420664091111
辣椒类,固定篮子成本,指数加权移动平均,八折主要回测,2022-09-30,2022-10-01,2022-10-07,818,7,2022-09-30,通过,0.615821193185104,3.032435313035164,0.7752448927466621,0.0,0.8571428571428571,8.216703086249924
辣椒类,固定篮子成本,指数加权移动平均,八折主要回测,2022-12-31,2023-01-01,2023-01-07,904,7,2022-12-31,通过,0.3999220047411661,1.0331899672528186,0.21020698531419824,0.0,0.42857142857142855,1.9714632364269296
辣椒类,固定篮子成本,指数加权移动平均,近期滚动回测,2023-03-17,2023-03-18,2023-03-24,979,7,2023-03-17,通过,0.34599855726614154,1.529941749103154,0.3784960245202679,0.0,0.42857142857142855,3.161640814793653
辣椒类,固定篮子成本,指数加权移动平均,近期滚动回测,2023-03-24,2023-03-25,2023-03-31,986,7,2023-03-24,通过,0.022998380675036883,0.099402034280726,0.11821787049041162,0.8571428571428571,1.0,3.352340109331812
辣椒类,固定篮子成本,指数加权移动平均,近期滚动回测,2023-03-31,2023-04-01,2023-04-07,993,7,2023-03-31,通过,0.015127675252775972,0.06470203161555624,0.04791954518094125,0.5714285714285714,1.0,3.3054436091939303
辣椒类,固定篮子成本,指数加权移动平均,近期滚动回测,2023-04-07,2023-04-08,2023-04-14,1000,7,2023-04-07,通过,0.06577304046499492,0.3009396234194127,0.1423879652607901,1.0,1.0,3.480208265385854
辣椒类,固定篮子成本,指数加权移动平均,近期滚动回测,2023-04-14,2023-04-15,2023-04-21,1007,7,2023-04-14,通过,0.0589129652569111,0.2580398230811719,0.10226778374624283,1.0,1.0,3.4447257465152106
辣椒类,固定篮子成本,指数加权移动平均,近期滚动回测,2023-04-21,2023-04-22,2023-04-28,1014,7,2023-04-21,通过,0.24779010611394345,0.8455575291946132,0.11138169475922403,0.0,1.0,3.553398502749623
辣椒类,固定篮子成本,指数加权移动平均,近期滚动回测,2023-04-28,2023-04-29,2023-05-05,1021,7,2023-04-28,通过,0.20536715485804916,0.8761136308973692,0.4286008062652127,1.0,1.0,3.832859062008196
辣椒类,固定篮子成本,指数加权移动平均,近期滚动回测,2023-05-05,2023-05-06,2023-05-12,1028,7,2023-05-05,通过,0.10063617008927467,0.41494398576511105,0.12646055422164784,1.0,1.0,3.362094544237638
辣椒类,固定篮子成本,指数加权移动平均,近期滚动回测,2023-05-12,2023-05-13,2023-05-19,1035,7,2023-05-12,通过,0.02454577170224405,0.09832016680696583,0.09795409993138866,1.0,1.0,1.8816951356231877
辣椒类,固定篮子成本,指数加权移动平均,近期滚动回测,2023-05-19,2023-05-20,2023-05-26,1042,7,2023-05-19,通过,0.10557741868457612,0.3893157033552018,0.1323932591737921,1.0,1.0,1.3032490561833274
辣椒类,固定篮子成本,指数加权移动平均,近期滚动回测,2023-05-26,2023-05-27,2023-06-02,1049,7,2023-05-26,通过,0.012597248147624763,0.04544442554219463,0.05103971429140771,0.8571428571428571,1.0,1.3905111817787958
辣椒类,固定篮子成本,指数加权移动平均,近期滚动回测,2023-06-02,2023-06-03,2023-06-09,1056,7,2023-06-02,通过,0.02171023538803006,0.0764578819187846,0.04895229243653828,1.0,1.0,1.4556665116438692
辣椒类,固定篮子成本,指数加权移动平均,近期滚动回测,2023-06-09,2023-06-10,2023-06-16,1063,7,2023-06-09,通过,0.030549189611915693,0.1040507468957097,0.08867275695545314,0.8571428571428571,1.0,1.4653315208117734
辣椒类,固定篮子成本,指数加权移动平均,近期滚动回测,2023-06-16,2023-06-17,2023-06-23,1070,7,2023-06-16,通过,0.0546869519863452,0.1773747636708789,0.06530495933354619,0.0,1.0,1.3090994517989272
辣椒类,固定篮子成本,同星期最近4次统计,八折主要回测,2021-03-31,2021-04-01,2021-04-07,271,7,2021-03-31,通过,0.019963776736975,0.1289426523020338,0.1544352067021603,0.42857142857142855,1.0,12.781943036285723
辣椒类,固定篮子成本,同星期最近4次统计,八折主要回测,2021-06-30,2021-07-01,2021-07-07,362,7,2021-06-30,通过,0.14145980740945627,0.5346614792052647,0.19479866790983139,0.0,1.0,4.0932329513711485
辣椒类,固定篮子成本,同星期最近4次统计,八折主要回测,2021-09-30,2021-10-01,2021-10-07,454,7,2021-09-30,通过,0.342613492418141,1.5744051868328721,0.32508403935251967,0.0,0.5714285714285714,3.317528997366015
辣椒类,固定篮子成本,同星期最近4次统计,八折主要回测,2021-12-31,2022-01-01,2022-01-07,546,7,2021-12-31,通过,0.09888238531361693,0.6625981583427024,0.1708165247805331,0.0,1.0,2.278685814838621
辣椒类,固定篮子成本,同星期最近4次统计,八折主要回测,2022-03-31,2022-04-01,2022-04-07,635,7,2022-03-31,通过,0.15891592593322507,2.151258368709541,0.8183617553725412,0.2857142857142857,0.8571428571428571,7.107004014980718
辣椒类,固定篮子成本,同星期最近4次统计,八折主要回测,2022-06-30,2022-07-01,2022-07-07,726,7,2022-06-30,通过,0.5503328635012539,4.061882511548642,0.3450356600476747,0.0,0.0,3.414420664091111
辣椒类,固定篮子成本,同星期最近4次统计,八折主要回测,2022-09-30,2022-10-01,2022-10-07,818,7,2022-09-30,通过,0.48864217553814315,2.4061786196026533,1.427652706718827,0.5714285714285714,0.7142857142857143,8.216703086249924
辣椒类,固定篮子成本,同星期最近4次统计,八折主要回测,2022-12-31,2023-01-01,2023-01-07,904,7,2022-12-31,通过,0.42754025043563254,1.1045411157926799,0.1550485278179292,0.0,0.42857142857142855,1.9714632364269293
辣椒类,固定篮子成本,同星期最近4次统计,近期滚动回测,2023-03-17,2023-03-18,2023-03-24,979,7,2023-03-17,通过,0.4334128934779965,1.9164718071975433,0.507245489337565,0.0,0.14285714285714285,3.161640814793653
辣椒类,固定篮子成本,同星期最近4次统计,近期滚动回测,2023-03-24,2023-03-25,2023-03-31,986,7,2023-03-24,通过,0.45274845309359635,1.9568385222792715,0.22196544321400324,0.8571428571428571,0.0,3.352340109331812
辣椒类,固定篮子成本,同星期最近4次统计,近期滚动回测,2023-03-31,2023-04-01,2023-04-07,993,7,2023-03-31,通过,0.23757726736942825,1.0161331207617936,0.17356441101566977,0.5714285714285714,1.0,3.3054436091939303
辣椒类,固定篮子成本,同星期最近4次统计,近期滚动回测,2023-04-07,2023-04-08,2023-04-14,1000,7,2023-04-07,通过,0.05646908177653559,0.25837005685809683,0.2679681208167534,1.0,1.0,3.480208265385854
辣椒类,固定篮子成本,同星期最近4次统计,近期滚动回测,2023-04-14,2023-04-15,2023-04-21,1007,7,2023-04-14,通过,0.03343870800358417,0.14646212866183328,0.11640472592711186,1.0,1.0,3.4447257465152106
辣椒类,固定篮子成本,同星期最近4次统计,近期滚动回测,2023-04-21,2023-04-22,2023-04-28,1014,7,2023-04-21,通过,0.28121244792451144,0.9596077356554249,0.16131355244783893,0.0,1.0,3.553398502749623
辣椒类,固定篮子成本,同星期最近4次统计,近期滚动回测,2023-04-28,2023-04-29,2023-05-05,1021,7,2023-04-28,通过,0.12457374423226188,0.5314421161906139,0.4397543746015626,1.0,1.0,3.832859062008196
辣椒类,固定篮子成本,同星期最近4次统计,近期滚动回测,2023-05-05,2023-05-06,2023-05-12,1028,7,2023-05-05,通过,0.07536970704841231,0.3107650720498757,0.1830062739799975,1.0,1.0,3.3620945442376384
辣椒类,固定篮子成本,同星期最近4次统计,近期滚动回测,2023-05-12,2023-05-13,2023-05-19,1035,7,2023-05-12,通过,0.042827629305177695,0.17154969533294415,0.2100447859032822,1.0,1.0,1.8816951356231877
辣椒类,固定篮子成本,同星期最近4次统计,近期滚动回测,2023-05-19,2023-05-20,2023-05-26,1042,7,2023-05-19,通过,0.09736027612798316,0.3590150701909502,0.19378486634444503,1.0,1.0,1.3032490561833276
辣椒类,固定篮子成本,同星期最近4次统计,近期滚动回测,2023-05-26,2023-05-27,2023-06-02,1049,7,2023-05-26,通过,0.10530749916821645,0.37989557313650896,0.08118867033221518,0.14285714285714285,1.0,1.3905111817787954
辣椒类,固定篮子成本,同星期最近4次统计,近期滚动回测,2023-06-02,2023-06-03,2023-06-09,1056,7,2023-06-02,通过,0.08234281367834752,0.28999027475080913,0.07833219595078988,0.0,1.0,1.455666511643869
辣椒类,固定篮子成本,同星期最近4次统计,近期滚动回测,2023-06-09,2023-06-10,2023-06-16,1063,7,2023-06-09,通过,0.06544336079760439,0.22290053048412556,0.0981275828854568,0.14285714285714285,1.0,1.4653315208117732
辣椒类,固定篮子成本,同星期最近4次统计,近期滚动回测,2023-06-16,2023-06-17,2023-06-23,1070,7,2023-06-16,通过,0.09823387806292781,0.3186173350863733,0.05434039570374679,0.0,1.0,1.309099451798928
辣椒类,固定篮子成本,同星期最近8次统计,八折主要回测,2021-03-31,2021-04-01,2021-04-07,271,7,2021-03-31,通过,0.46755684157196953,3.019870440776462,0.3921483378134045,0.5714285714285714,1.0,12.781943036285725
辣椒类,固定篮子成本,同星期最近8次统计,八折主要回测,2021-06-30,2021-07-01,2021-07-07,362,7,2021-06-30,通过,0.060114198031526914,0.22720761910655524,0.20898011147921394,1.0,1.0,4.0932329513711485
辣椒类,固定篮子成本,同星期最近8次统计,八折主要回测,2021-09-30,2021-10-01,2021-10-07,454,7,2021-09-30,通过,0.13664303692602514,0.6279131173806006,0.19488611710068357,0.42857142857142855,1.0,3.317528997366015
辣椒类,固定篮子成本,同星期最近8次统计,八折主要回测,2021-12-31,2022-01-01,2022-01-07,546,7,2021-12-31,通过,0.21360234406544215,1.4313218612856018,0.20359647378067422,0.0,0.2857142857142857,2.278685814838621
辣椒类,固定篮子成本,同星期最近8次统计,八折主要回测,2022-03-31,2022-04-01,2022-04-07,635,7,2022-03-31,通过,0.25135698968323866,3.402640889604205,0.6208024146785087,0.2857142857142857,0.42857142857142855,7.107004014980718
辣椒类,固定篮子成本,同星期最近8次统计,八折主要回测,2022-06-30,2022-07-01,2022-07-07,726,7,2022-06-30,通过,0.4763648887642833,3.5159416039181317,0.27548967960420523,0.0,0.0,3.414420664091111
辣椒类,固定篮子成本,同星期最近8次统计,八折主要回测,2022-09-30,2022-10-01,2022-10-07,818,7,2022-09-30,通过,0.24621695601336538,1.2124249706660064,0.8067394886759857,1.0,1.0,8.216703086249924
辣椒类,固定篮子成本,同星期最近8次统计,八折主要回测,2022-12-31,2023-01-01,2023-01-07,904,7,2022-12-31,通过,0.3821600984522418,0.9873024612905531,0.1757206151748706,0.2857142857142857,0.42857142857142855,1.9714632364269296
辣椒类,固定篮子成本,同星期最近8次统计,近期滚动回测,2023-03-17,2023-03-18,2023-03-24,979,7,2023-03-17,通过,0.22679378748973178,1.0028402622814168,0.7258418591970445,0.42857142857142855,0.8571428571428571,3.161640814793653
辣椒类,固定篮子成本,同星期最近8次统计,近期滚动回测,2023-03-24,2023-03-25,2023-03-31,986,7,2023-03-24,通过,0.22432642285335563,0.9695683835142941,0.09842959721692868,0.8571428571428571,1.0,3.352340109331812
辣椒类,固定篮子成本,同星期最近8次统计,近期滚动回测,2023-03-31,2023-04-01,2023-04-07,993,7,2023-03-31,通过,0.2320827949614644,0.9926329119385217,0.14808219639092846,0.5714285714285714,1.0,3.3054436091939303
辣椒类,固定篮子成本,同星期最近8次统计,近期滚动回测,2023-04-07,2023-04-08,2023-04-14,1000,7,2023-04-07,通过,0.1282374626953499,0.5867409117621453,0.2817397145396299,1.0,1.0,3.480208265385854
辣椒类,固定篮子成本,同星期最近8次统计,近期滚动回测,2023-04-14,2023-04-15,2023-04-21,1007,7,2023-04-14,通过,0.1718127807786136,0.7525429990132219,0.19351656667992093,0.0,1.0,3.4447257465152106
辣椒类,固定篮子成本,同星期最近8次统计,近期滚动回测,2023-04-21,2023-04-22,2023-04-28,1014,7,2023-04-21,通过,0.34148095568388487,1.1652676439886034,0.09922746055150096,0.0,1.0,3.553398502749623
辣椒类,固定篮子成本,同星期最近8次统计,近期滚动回测,2023-04-28,2023-04-29,2023-05-05,1021,7,2023-04-28,通过,0.1263352339766187,0.5389567802408787,0.43166237727490503,1.0,1.0,3.832859062008196
辣椒类,固定篮子成本,同星期最近8次统计,近期滚动回测,2023-05-05,2023-05-06,2023-05-12,1028,7,2023-05-05,通过,0.06820464572351048,0.2812220250343865,0.18471001596980385,1.0,1.0,3.3620945442376384
辣椒类,固定篮子成本,同星期最近8次统计,近期滚动回测,2023-05-12,2023-05-13,2023-05-19,1035,7,2023-05-12,通过,0.07182001368537315,0.2876811457094619,0.11807905543443487,1.0,1.0,1.8816951356231877
辣椒类,固定篮子成本,同星期最近8次统计,近期滚动回测,2023-05-19,2023-05-20,2023-05-26,1042,7,2023-05-19,通过,0.1527343995523532,0.5632066111211491,0.1903366660158569,0.0,0.5714285714285714,1.3032490561833274
辣椒类,固定篮子成本,同星期最近8次统计,近期滚动回测,2023-05-26,2023-05-27,2023-06-02,1049,7,2023-05-26,通过,0.15061996194862196,0.5433597533150879,0.08189242293091925,0.14285714285714285,1.0,1.390511181778795
辣椒类,固定篮子成本,同星期最近8次统计,近期滚动回测,2023-06-02,2023-06-03,2023-06-09,1056,7,2023-06-02,通过,0.12924686169620264,0.45517430434633405,0.07762354806609066,0.0,1.0,1.455666511643869
辣椒类,固定篮子成本,同星期最近8次统计,近期滚动回测,2023-06-09,2023-06-10,2023-06-16,1063,7,2023-06-09,通过,0.10558358956391986,0.3596184217525305,0.10358256582544419,0.14285714285714285,1.0,1.4653315208117732
辣椒类,固定篮子成本,同星期最近8次统计,近期滚动回测,2023-06-16,2023-06-17,2023-06-23,1070,7,2023-06-16,通过,0.11715232354734487,0.37997849483169527,0.05602169377855922,0.0,1.0,1.309099451798928
辣椒类,固定篮子成本,指数加权移动平均加周内收缩,八折主要回测,2021-03-31,2021-04-01,2021-04-07,271,7,2021-03-31,通过,0.15242685079549506,0.9844992098722305,0.1981883055388655,0.5714285714285714,1.0,12.781943036285723
辣椒类,固定篮子成本,指数加权移动平均加周内收缩,八折主要回测,2021-06-30,2021-07-01,2021-07-07,362,7,2021-06-30,通过,0.09704461498200886,0.3667898206944526,0.18115103162767868,0.5714285714285714,1.0,4.093232951371149
辣椒类,固定篮子成本,指数加权移动平均加周内收缩,八折主要回测,2021-09-30,2021-10-01,2021-10-07,454,7,2021-09-30,通过,0.19102761131848392,0.8778255052520237,0.17314919519424596,0.0,1.0,3.317528997366015
辣椒类,固定篮子成本,指数加权移动平均加周内收缩,八折主要回测,2021-12-31,2022-01-01,2022-01-07,546,7,2021-12-31,通过,0.11070740966318307,0.7418361270823295,0.15375048250007892,0.0,1.0,2.2786858148386213
辣椒类,固定篮子成本,指数加权移动平均加周内收缩,八折主要回测,2022-03-31,2022-04-01,2022-04-07,635,7,2022-03-31,通过,0.10488890239142655,1.4198899684171844,0.6040200062091111,0.2857142857142857,1.0,7.107004014980717
辣椒类,固定篮子成本,指数加权移动平均加周内收缩,八折主要回测,2022-06-30,2022-07-01,2022-07-07,726,7,2022-06-30,通过,0.4109531072873869,3.03315202537129,0.217211758715258,0.0,0.0,3.414420664091111
辣椒类,固定篮子成本,指数加权移动平均加周内收缩,八折主要回测,2022-09-30,2022-10-01,2022-10-07,818,7,2022-09-30,通过,0.35206690307927924,1.733652757104169,0.6197428217824533,1.0,1.0,8.216703086249924
辣椒类,固定篮子成本,指数加权移动平均加周内收缩,八折主要回测,2022-12-31,2023-01-01,2023-01-07,904,7,2022-12-31,通过,0.3937053375400426,1.0171293401660255,0.1964427152191582,0.0,0.42857142857142855,1.9714632364269296
辣椒类,固定篮子成本,指数加权移动平均加周内收缩,近期滚动回测,2023-03-17,2023-03-18,2023-03-24,979,7,2023-03-17,通过,0.3036943927374,1.3428805428806503,0.5000670666571398,0.0,0.7142857142857143,3.161640814793653
辣椒类,固定篮子成本,指数加权移动平均加周内收缩,近期滚动回测,2023-03-24,2023-03-25,2023-03-31,986,7,2023-03-24,通过,0.09038084268173337,0.3906379214047058,0.06847132045397153,0.8571428571428571,1.0,3.352340109331812
辣椒类,固定篮子成本,指数加权移动平均加周内收缩,近期滚动回测,2023-03-31,2023-04-01,2023-04-07,993,7,2023-03-31,通过,0.09106196715081691,0.3894778397285941,0.0758565302476731,0.5714285714285714,1.0,3.3054436091939303
辣椒类,固定篮子成本,指数加权移动平均加周内收缩,近期滚动回测,2023-04-07,2023-04-08,2023-04-14,1000,7,2023-04-07,通过,0.027017440340192163,0.12361627597345264,0.1739939168332453,1.0,1.0,3.480208265385854
辣椒类,固定篮子成本,指数加权移动平均加周内收缩,近期滚动回测,2023-04-14,2023-04-15,2023-04-21,1007,7,2023-04-14,通过,0.098427900689507,0.4311159346573895,0.11712328478625571,1.0,1.0,3.4447257465152106
辣椒类,固定篮子成本,指数加权移动平均加周内收缩,近期滚动回测,2023-04-21,2023-04-22,2023-04-28,1014,7,2023-04-21,通过,0.28058190346342293,0.9574560693725098,0.10396425254012409,0.0,1.0,3.553398502749623
辣椒类,固定篮子成本,指数加权移动平均加周内收缩,近期滚动回测,2023-04-28,2023-04-29,2023-05-05,1021,7,2023-04-28,通过,0.14567492992424838,0.6214615568632192,0.42967235611860505,1.0,1.0,3.832859062008196
辣椒类,固定篮子成本,指数加权移动平均加周内收缩,近期滚动回测,2023-05-05,2023-05-06,2023-05-12,1028,7,2023-05-05,通过,0.0859253827161626,0.35428833143201016,0.13806244268189238,1.0,1.0,3.3620945442376384
辣椒类,固定篮子成本,指数加权移动平均加周内收缩,近期滚动回测,2023-05-12,2023-05-13,2023-05-19,1035,7,2023-05-12,通过,0.02720221008742423,0.10896075567545369,0.1039138489647163,1.0,1.0,1.8816951356231877
辣椒类,固定篮子成本,指数加权移动平均加周内收缩,近期滚动回测,2023-05-19,2023-05-20,2023-05-26,1042,7,2023-05-19,通过,0.12122433224188908,0.44701354473833527,0.14961222282164507,0.7142857142857143,0.8571428571428571,1.3032490561833274
辣椒类,固定篮子成本,指数加权移动平均加周内收缩,近期滚动回测,2023-05-26,2023-05-27,2023-06-02,1049,7,2023-05-26,通过,0.05687401609587314,0.20517234871187476,0.05454161957502383,0.14285714285714285,1.0,1.390511181778796
辣椒类,固定篮子成本,指数加权移动平均加周内收缩,近期滚动回测,2023-06-02,2023-06-03,2023-06-09,1056,7,2023-06-02,通过,0.05854233703904618,0.20617109914197146,0.05773869188278358,0.0,1.0,1.455666511643869
辣椒类,固定篮子成本,指数加权移动平均加周内收缩,近期滚动回测,2023-06-09,2023-06-10,2023-06-16,1063,7,2023-06-09,通过,0.05523894194359691,0.18814421069677525,0.09389119005994995,0.14285714285714285,1.0,1.4653315208117732
辣椒类,固定篮子成本,指数加权移动平均加周内收缩,近期滚动回测,2023-06-16,2023-06-17,2023-06-23,1070,7,2023-06-16,通过,0.07654983203269503,0.24828606957716445,0.06021539588394279,0.0,1.0,1.3090994517989283
辣椒类,固定篮子成本,阻尼趋势,八折主要回测,2021-03-31,2021-04-01,2021-04-07,271,7,2021-03-31,通过,0.07963359786500215,0.514339919562877,0.17800638038044378,0.42857142857142855,1.0,12.781943036285725
辣椒类,固定篮子成本,阻尼趋势,八折主要回测,2021-06-30,2021-07-01,2021-07-07,362,7,2021-06-30,通过,0.14578005247980683,0.5509902772019774,0.17497049706481635,0.0,1.0,4.0932329513711485
辣椒类,固定篮子成本,阻尼趋势,八折主要回测,2021-09-30,2021-10-01,2021-10-07,454,7,2021-09-30,通过,0.1593303244592203,0.7321675730803142,0.18676533509618473,0.0,1.0,3.317528997366015
辣椒类,固定篮子成本,阻尼趋势,八折主要回测,2021-12-31,2022-01-01,2022-01-07,546,7,2021-12-31,通过,0.05180696669262623,0.34715182700117087,0.12650955993424873,1.0,1.0,2.278685814838621
辣椒类,固定篮子成本,阻尼趋势,八折主要回测,2022-03-31,2022-04-01,2022-04-07,635,7,2022-03-31,通过,0.06098382877204108,0.8255432627748629,0.6297639782996161,0.7142857142857143,1.0,7.107004014980718
辣椒类,固定篮子成本,阻尼趋势,八折主要回测,2022-06-30,2022-07-01,2022-07-07,726,7,2022-06-30,通过,0.3240656648592517,2.391855446012591,0.1839577680892086,0.0,0.0,3.414420664091111
辣椒类,固定篮子成本,阻尼趋势,八折主要回测,2022-09-30,2022-10-01,2022-10-07,818,7,2022-09-30,通过,0.540306100621284,2.6605828404476943,0.7908445792201263,0.0,1.0,8.216703086249924
辣椒类,固定篮子成本,阻尼趋势,八折主要回测,2022-12-31,2023-01-01,2023-01-07,904,7,2022-12-31,通过,0.385723920423386,0.9965095193218921,0.21872791857562715,0.0,0.42857142857142855,1.9714632364269293
辣椒类,固定篮子成本,阻尼趋势,近期滚动回测,2023-03-17,2023-03-18,2023-03-24,979,7,2023-03-17,通过,0.23027332227002953,1.0182261227598441,0.3855969175993881,0.0,1.0,3.161640814793653
辣椒类,固定篮子成本,阻尼趋势,近期滚动回测,2023-03-24,2023-03-25,2023-03-31,986,7,2023-03-24,通过,0.021623793989275,0.09346088934575926,0.11579850435481154,0.8571428571428571,1.0,3.352340109331812
辣椒类,固定篮子成本,阻尼趋势,近期滚动回测,2023-03-31,2023-04-01,2023-04-07,993,7,2023-03-31,通过,0.0063015322920212235,0.026952055406529674,0.04787114316745189,0.5714285714285714,1.0,3.3054436091939303
辣椒类,固定篮子成本,阻尼趋势,近期滚动回测,2023-04-07,2023-04-08,2023-04-14,1000,7,2023-04-07,通过,0.07707006719367639,0.3526283236141043,0.1437992010282203,0.0,1.0,3.480208265385854
辣椒类,固定篮子成本,阻尼趋势,近期滚动回测,2023-04-14,2023-04-15,2023-04-21,1007,7,2023-04-14,通过,0.0930101189543585,0.4073859554527504,0.09670592962906599,1.0,1.0,3.4447257465152106
辣椒类,固定篮子成本,阻尼趋势,近期滚动回测,2023-04-21,2023-04-22,2023-04-28,1014,7,2023-04-21,通过,0.22555700073028506,0.7696894085930387,0.11138169475922403,0.0,1.0,3.553398502749623
辣椒类,固定篮子成本,阻尼趋势,近期滚动回测,2023-04-28,2023-04-29,2023-05-05,1021,7,2023-04-28,通过,0.21034891125138228,0.8973662245023499,0.4286008062652127,1.0,1.0,3.832859062008196
辣椒类,固定篮子成本,阻尼趋势,近期滚动回测,2023-05-05,2023-05-06,2023-05-12,1028,7,2023-05-05,通过,0.1581636311231482,0.6521417442963315,0.11733548200811932,1.0,1.0,3.3620945442376384
辣椒类,固定篮子成本,阻尼趋势,近期滚动回测,2023-05-12,2023-05-13,2023-05-19,1035,7,2023-05-12,通过,0.06397299605517823,0.25624925219651795,0.10173820183621851,0.0,1.0,1.8816951356231872
辣椒类,固定篮子成本,阻尼趋势,近期滚动回测,2023-05-19,2023-05-20,2023-05-26,1042,7,2023-05-19,通过,0.11789517437930327,0.43473730753722206,0.1299049181012577,1.0,1.0,1.3032490561833274
辣椒类,固定篮子成本,阻尼趋势,近期滚动回测,2023-05-26,2023-05-27,2023-06-02,1049,7,2023-05-26,通过,0.009718177142167604,0.03505821052087198,0.05010203304080818,0.8571428571428571,1.0,1.390511181778796
辣椒类,固定篮子成本,阻尼趋势,近期滚动回测,2023-06-02,2023-06-03,2023-06-09,1056,7,2023-06-02,通过,0.01644825420879139,0.057926533526177285,0.04969667560139893,1.0,1.0,1.455666511643869
辣椒类,固定篮子成本,阻尼趋势,近期滚动回测,2023-06-09,2023-06-10,2023-06-16,1063,7,2023-06-09,通过,0.024162583603782047,0.08229792354043049,0.08548182444082775,0.8571428571428571,1.0,1.4653315208117732
辣椒类,固定篮子成本,阻尼趋势,近期滚动回测,2023-06-16,2023-06-17,2023-06-23,1070,7,2023-06-16,通过,0.04152734427435755,0.13469214518268618,0.06373983193352672,1.0,1.0,1.3090994517989276
辣椒类,固定篮子成本,指数平滑,八折主要回测,2021-03-31,2021-04-01,2021-04-07,271,7,2021-03-31,通过,0.026139410018321083,0.16883002158254876,0.15298320584550407,0.42857142857142855,1.0,12.781943036285723
辣椒类,固定篮子成本,指数平滑,八折主要回测,2021-06-30,2021-07-01,2021-07-07,362,7,2021-06-30,通过,0.1296273200601837,0.4899394107626865,0.1663815992869231,0.0,1.0,4.0932329513711485
辣椒类,固定篮子成本,指数平滑,八折主要回测,2021-09-30,2021-10-01,2021-10-07,454,7,2021-09-30,通过,0.23426808572924107,1.076527624987357,0.1804933150131641,0.0,1.0,3.317528997366015
辣椒类,固定篮子成本,指数平滑,八折主要回测,2021-12-31,2022-01-01,2022-01-07,546,7,2021-12-31,通过,0.05451928271723013,0.36532670816980367,0.1387928570204422,1.0,1.0,2.278685814838621
辣椒类,固定篮子成本,指数平滑,八折主要回测,2022-03-31,2022-04-01,2022-04-07,635,7,2022-03-31,通过,0.058980224977871996,0.7984203082662281,0.6315963840266887,0.7142857142857143,1.0,7.107004014980717
辣椒类,固定篮子成本,指数平滑,八折主要回测,2022-06-30,2022-07-01,2022-07-07,726,7,2022-06-30,通过,0.39089220803601166,2.885087060984669,0.1858313397750558,0.0,0.0,3.414420664091111
辣椒类,固定篮子成本,指数平滑,八折主要回测,2022-09-30,2022-10-01,2022-10-07,818,7,2022-09-30,通过,0.6189708613847805,3.047944953136446,0.7752448927466621,0.0,0.8571428571428571,8.216703086249924
辣椒类,固定篮子成本,指数平滑,八折主要回测,2022-12-31,2023-01-01,2023-01-07,904,7,2022-12-31,通过,0.404615519515734,1.0453155625407669,0.21020698531419824,0.0,0.42857142857142855,1.9714632364269293
辣椒类,固定篮子成本,指数平滑,近期滚动回测,2023-03-17,2023-03-18,2023-03-24,979,7,2023-03-17,通过,0.36742222756431353,1.6246732643648854,0.3784960245202679,0.0,0.42857142857142855,3.161640814793653
辣椒类,固定篮子成本,指数平滑,近期滚动回测,2023-03-24,2023-03-25,2023-03-31,986,7,2023-03-24,通过,0.034512662749131055,0.14916827989685227,0.11821787049041162,0.8571428571428571,1.0,3.352340109331812
辣椒类,固定篮子成本,指数平滑,近期滚动回测,2023-03-31,2023-04-01,2023-04-07,993,7,2023-03-31,通过,0.0170738887201443,0.07302611070848755,0.04791954518094125,0.5714285714285714,1.0,3.3054436091939303
辣椒类,固定篮子成本,指数平滑,近期滚动回测,2023-04-07,2023-04-08,2023-04-14,1000,7,2023-04-07,通过,0.06493636057331313,0.2971114572019894,0.1423879652607901,1.0,1.0,3.480208265385854
辣椒类,固定篮子成本,指数平滑,近期滚动回测,2023-04-14,2023-04-15,2023-04-21,1007,7,2023-04-14,通过,0.05330490314100313,0.23347641246507914,0.10226778374624283,1.0,1.0,3.4447257465152106
辣椒类,固定篮子成本,指数平滑,近期滚动回测,2023-04-21,2023-04-22,2023-04-28,1014,7,2023-04-21,通过,0.2571250363485972,0.8774119912964548,0.11138169475922403,0.0,1.0,3.553398502749623
辣椒类,固定篮子成本,指数平滑,近期滚动回测,2023-04-28,2023-04-29,2023-05-05,1021,7,2023-04-28,通过,0.1961381197466337,0.836741787494609,0.4286008062652127,1.0,1.0,3.832859062008196
辣椒类,固定篮子成本,指数平滑,近期滚动回测,2023-05-05,2023-05-06,2023-05-12,1028,7,2023-05-05,通过,0.08214586358307924,0.3387045832432042,0.12646055422164784,1.0,1.0,3.362094544237638
辣椒类,固定篮子成本,指数平滑,近期滚动回测,2023-05-12,2023-05-13,2023-05-19,1035,7,2023-05-12,通过,0.02207537594653652,0.08842478744278072,0.09795409993138866,1.0,1.0,1.8816951356231877
辣椒类,固定篮子成本,指数平滑,近期滚动回测,2023-05-19,2023-05-20,2023-05-26,1042,7,2023-05-19,通过,0.10390580900266541,0.383151658930203,0.1323932591737921,1.0,1.0,1.3032490561833274
辣椒类,固定篮子成本,指数平滑,近期滚动回测,2023-05-26,2023-05-27,2023-06-02,1049,7,2023-05-26,通过,0.016321064647850034,0.05887805006829331,0.05103971429140771,0.14285714285714285,1.0,1.3905111817787958
辣椒类,固定篮子成本,指数平滑,近期滚动回测,2023-06-02,2023-06-03,2023-06-09,1056,7,2023-06-02,通过,0.02252068871170229,0.07931209070162362,0.04895229243653828,1.0,1.0,1.4556665116438692
辣椒类,固定篮子成本,指数平滑,近期滚动回测,2023-06-09,2023-06-10,2023-06-16,1063,7,2023-06-09,通过,0.031836983858277754,0.10843698282812556,0.08867275695545314,0.14285714285714285,1.0,1.4653315208117732
辣椒类,固定篮子成本,指数平滑,近期滚动回测,2023-06-16,2023-06-17,2023-06-23,1070,7,2023-06-16,通过,0.05501635824033216,0.17844317860955083,0.06530495933354619,0.0,1.0,1.3090994517989272
辣椒类,固定篮子成本,滞后稳健回归,八折主要回测,2021-03-31,2021-04-01,2021-04-07,271,7,2021-03-31,通过,0.03995427287672255,0.25805788070060537,0.15298320584550407,0.42857142857142855,1.0,12.781943036285725
辣椒类,固定篮子成本,滞后稳健回归,八折主要回测,2021-06-30,2021-07-01,2021-07-07,362,7,2021-06-30,通过,0.11760472678610984,0.44449881797866225,0.1663815992869231,0.0,1.0,4.0932329513711485
辣椒类,固定篮子成本,滞后稳健回归,八折主要回测,2021-09-30,2021-10-01,2021-10-07,454,7,2021-09-30,通过,0.14831182132007578,0.6815344576972467,0.1804933150131641,0.0,1.0,3.317528997366015
辣椒类,固定篮子成本,滞后稳健回归,八折主要回测,2021-12-31,2022-01-01,2022-01-07,546,7,2021-12-31,通过,0.06469274933809803,0.43349780078218775,0.1387928570204422,1.0,1.0,2.278685814838621
辣椒类,固定篮子成本,滞后稳健回归,八折主要回测,2022-03-31,2022-04-01,2022-04-07,635,7,2022-03-31,通过,0.060784418817312696,0.8228438333036235,0.6315963840266887,0.7142857142857143,1.0,7.107004014980717
辣椒类,固定篮子成本,滞后稳健回归,八折主要回测,2022-06-30,2022-07-01,2022-07-07,726,7,2022-06-30,通过,0.32590695370543904,2.405445582926195,0.1858313397750558,0.0,0.0,3.414420664091111
辣椒类,固定篮子成本,滞后稳健回归,八折主要回测,2022-09-30,2022-10-01,2022-10-07,818,7,2022-09-30,通过,0.49135616098199925,2.4195428645979358,0.7752448927466621,0.0,1.0,8.216703086249924
辣椒类,固定篮子成本,滞后稳健回归,八折主要回测,2022-12-31,2023-01-01,2023-01-07,904,7,2022-12-31,通过,0.384918181486099,0.9944279099671665,0.21020698531419824,0.0,0.42857142857142855,1.9714632364269293
辣椒类,固定篮子成本,滞后稳健回归,近期滚动回测,2023-03-17,2023-03-18,2023-03-24,979,7,2023-03-17,通过,0.2454888096785791,1.0855061993105315,0.3784960245202679,0.0,1.0,3.161640814793653
辣椒类,固定篮子成本,滞后稳健回归,近期滚动回测,2023-03-24,2023-03-25,2023-03-31,986,7,2023-03-24,通过,0.02179021704220184,0.09418019172821321,0.11821787049041162,0.8571428571428571,1.0,3.352340109331812
辣椒类,固定篮子成本,滞后稳健回归,近期滚动回测,2023-03-31,2023-04-01,2023-04-07,993,7,2023-03-31,通过,0.02300844972160106,0.09840860650672603,0.04791954518094125,0.5714285714285714,1.0,3.3054436091939303
辣椒类,固定篮子成本,滞后稳健回归,近期滚动回测,2023-04-07,2023-04-08,2023-04-14,1000,7,2023-04-07,通过,0.057201863555837416,0.2617228450392828,0.1423879652607901,1.0,1.0,3.480208265385854
辣椒类,固定篮子成本,滞后稳健回归,近期滚动回测,2023-04-14,2023-04-15,2023-04-21,1007,7,2023-04-14,通过,0.1182938428292606,0.5181291103264153,0.10226778374624283,0.0,1.0,3.4447257465152106
辣椒类,固定篮子成本,滞后稳健回归,近期滚动回测,2023-04-21,2023-04-22,2023-04-28,1014,7,2023-04-21,通过,0.1722713524564956,0.587857769701048,0.11138169475922403,0.0,1.0,3.553398502749623
辣椒类,固定篮子成本,滞后稳健回归,近期滚动回测,2023-04-28,2023-04-29,2023-05-05,1021,7,2023-04-28,通过,0.22302952306826596,0.9514627857006053,0.4286008062652127,0.0,1.0,3.832859062008196
辣椒类,固定篮子成本,滞后稳健回归,近期滚动回测,2023-05-05,2023-05-06,2023-05-12,1028,7,2023-05-05,通过,0.18470025272875992,0.7615577875341157,0.12646055422164784,0.0,1.0,3.362094544237638
辣椒类,固定篮子成本,滞后稳健回归,近期滚动回测,2023-05-12,2023-05-13,2023-05-19,1035,7,2023-05-12,通过,0.05385644557532908,0.2157265526963461,0.09795409993138866,0.0,1.0,1.8816951356231877
辣椒类,固定篮子成本,滞后稳健回归,近期滚动回测,2023-05-19,2023-05-20,2023-05-26,1042,7,2023-05-19,通过,0.11860075217018697,0.43733911877064846,0.1323932591737921,1.0,0.8571428571428571,1.3032490561833274
辣椒类,固定篮子成本,滞后稳健回归,近期滚动回测,2023-05-26,2023-05-27,2023-06-02,1049,7,2023-05-26,通过,0.010376330037483275,0.0374324894027397,0.05103971429140771,0.8571428571428571,1.0,1.3905111817787963
辣椒类,固定篮子成本,滞后稳健回归,近期滚动回测,2023-06-02,2023-06-03,2023-06-09,1056,7,2023-06-02,通过,0.01664232345594612,0.058609995649817136,0.04895229243653828,1.0,1.0,1.4556665116438683
辣椒类,固定篮子成本,滞后稳健回归,近期滚动回测,2023-06-09,2023-06-10,2023-06-16,1063,7,2023-06-09,通过,0.025654793493072082,0.08738040053828941,0.08867275695545314,0.8571428571428571,1.0,1.4653315208117732
辣椒类,固定篮子成本,滞后稳健回归,近期滚动回测,2023-06-16,2023-06-17,2023-06-23,1070,7,2023-06-16,通过,0.04277881979365618,0.13875125190582027,0.06530495933354619,1.0,1.0,1.3090994517989276
食用菌,销量加权成本,近7日均值,八折主要回测,2021-03-31,2021-04-01,2021-04-07,272,7,2021-03-31,通过,0.10709657715138439,0.6026475558430864,0.869033741407636,1.0,1.0,3.8147856119926224
食用菌,销量加权成本,近7日均值,八折主要回测,2021-06-30,2021-07-01,2021-07-07,363,7,2021-06-30,通过,0.07850818230424668,0.5899076588441551,0.6628302652794793,0.8571428571428571,1.0,3.4298873627963893
食用菌,销量加权成本,近7日均值,八折主要回测,2021-09-30,2021-10-01,2021-10-07,455,7,2021-09-30,通过,0.19867911911797734,1.4793389182893715,1.4352317033786257,0.14285714285714285,0.5714285714285714,3.2611781000410653
食用菌,销量加权成本,近7日均值,八折主要回测,2021-12-31,2022-01-01,2022-01-07,547,7,2021-12-31,通过,0.28244442058013963,1.5756361450811494,1.6142613968535493,0.7142857142857143,0.7142857142857143,4.3760462484623055
食用菌,销量加权成本,近7日均值,八折主要回测,2022-03-31,2022-04-01,2022-04-07,636,7,2022-03-31,通过,0.17180230080034514,0.9921657886355917,1.3947173771683667,0.8571428571428571,0.7142857142857143,4.073206833700794
食用菌,销量加权成本,近7日均值,八折主要回测,2022-06-30,2022-07-01,2022-07-07,727,7,2022-06-30,通过,0.15086310128912528,0.7032378635018544,1.4421013473517672,0.5714285714285714,1.0,4.363272439749005
食用菌,销量加权成本,近7日均值,八折主要回测,2022-09-30,2022-10-01,2022-10-07,819,7,2022-09-30,通过,0.06505007488595752,0.3266974526454665,0.3996305923786923,0.7142857142857143,1.0,3.632088473758352
食用菌,销量加权成本,近7日均值,八折主要回测,2022-12-31,2023-01-01,2023-01-07,905,7,2022-12-31,通过,0.05250933921270922,0.2116856699212431,0.15188404790104837,1.0,1.0,2.1226069887887764
食用菌,销量加权成本,近7日均值,近期滚动回测,2023-03-17,2023-03-18,2023-03-24,980,7,2023-03-17,通过,0.055404778461924785,0.24954271738844064,0.2686387297595507,1.0,1.0,2.7402298525495086
食用菌,销量加权成本,近7日均值,近期滚动回测,2023-03-24,2023-03-25,2023-03-31,987,7,2023-03-24,通过,0.07627888996986913,0.3206062836857408,0.16704160414932412,0.14285714285714285,1.0,2.737040205504987
食用菌,销量加权成本,近7日均值,近期滚动回测,2023-03-31,2023-04-01,2023-04-07,994,7,2023-03-31,通过,0.03958427282740211,0.16843171122430764,0.2607441181698718,1.0,1.0,1.3870703777668518
食用菌,销量加权成本,近7日均值,近期滚动回测,2023-04-07,2023-04-08,2023-04-14,1001,7,2023-04-07,通过,0.05490344308175694,0.22860478161219935,0.3816282962303051,0.7142857142857143,1.0,1.237453926213595
食用菌,销量加权成本,近7日均值,近期滚动回测,2023-04-14,2023-04-15,2023-04-21,1008,7,2023-04-14,通过,0.07970443956919213,0.31273744121046476,0.42690049999279106,0.8571428571428571,0.8571428571428571,1.1900659482852234
食用菌,销量加权成本,近7日均值,近期滚动回测,2023-04-21,2023-04-22,2023-04-28,1015,7,2023-04-21,通过,0.1034366082294267,0.37439321862182534,0.3637836004662855,0.42857142857142855,0.8571428571428571,1.1454427719169342
食用菌,销量加权成本,近7日均值,近期滚动回测,2023-04-28,2023-04-29,2023-05-05,1022,7,2023-04-28,通过,0.1119785896402685,0.37904215239982053,0.37662827501657553,0.8571428571428571,1.0,1.283681208251469
食用菌,销量加权成本,近7日均值,近期滚动回测,2023-05-05,2023-05-06,2023-05-12,1029,7,2023-05-05,通过,0.10359706375526913,0.3563894682671776,0.5712812360657916,0.5714285714285714,1.0,1.5012663229595506
食用菌,销量加权成本,近7日均值,近期滚动回测,2023-05-12,2023-05-13,2023-05-19,1036,7,2023-05-12,通过,0.04022328131064069,0.13863853740614734,0.19912870685759124,0.7142857142857143,1.0,1.562283316895087
食用菌,销量加权成本,近7日均值,近期滚动回测,2023-05-19,2023-05-20,2023-05-26,1043,7,2023-05-19,通过,0.09312720986325884,0.3503012303131263,0.5058694783255604,1.0,0.8571428571428571,1.501312217108051
食用菌,销量加权成本,近7日均值,近期滚动回测,2023-05-26,2023-05-27,2023-06-02,1050,7,2023-05-26,通过,0.18414743014142587,0.5849583663172658,0.24817850691548649,1.0,0.7142857142857143,1.4435658843280947
食用菌,销量加权成本,近7日均值,近期滚动回测,2023-06-02,2023-06-03,2023-06-09,1057,7,2023-06-02,通过,0.05058885575670129,0.1557073412218896,0.27031860794196505,0.5714285714285714,1.0,1.492184801170536
食用菌,销量加权成本,近7日均值,近期滚动回测,2023-06-09,2023-06-10,2023-06-16,1064,7,2023-06-09,通过,0.15023552900699125,0.544162129323327,0.41250241614836036,1.0,0.7142857142857143,1.384062723205389
食用菌,销量加权成本,近7日均值,近期滚动回测,2023-06-16,2023-06-17,2023-06-23,1071,7,2023-06-16,通过,0.09750153110367894,0.368060941750072,0.5867114927578932,0.8571428571428571,1.0,1.2672564641557218
食用菌,销量加权成本,近14日均值,八折主要回测,2021-03-31,2021-04-01,2021-04-07,272,7,2021-03-31,通过,0.11559185544884962,0.6504516858942031,0.869033741407636,1.0,1.0,3.8147856119926224
食用菌,销量加权成本,近14日均值,八折主要回测,2021-06-30,2021-07-01,2021-07-07,363,7,2021-06-30,通过,0.07541243135571007,0.5666462975335771,0.6628302652794793,0.8571428571428571,1.0,3.4298873627963893
食用菌,销量加权成本,近14日均值,八折主要回测,2021-09-30,2021-10-01,2021-10-07,455,7,2021-09-30,通过,0.16574743941470121,1.234133908090147,1.4352317033786257,0.8571428571428571,0.8571428571428571,3.2611781000410653
食用菌,销量加权成本,近14日均值,八折主要回测,2021-12-31,2022-01-01,2022-01-07,547,7,2021-12-31,通过,0.21904864233324348,1.2219783194240237,1.6142613968535493,0.7142857142857143,1.0,4.3760462484623055
食用菌,销量加权成本,近14日均值,八折主要回测,2022-03-31,2022-04-01,2022-04-07,636,7,2022-03-31,通过,0.17316744565561862,1.0000495597819878,1.3947173771683667,0.8571428571428571,0.7142857142857143,4.073206833700794
食用菌,销量加权成本,近14日均值,八折主要回测,2022-06-30,2022-07-01,2022-07-07,727,7,2022-06-30,通过,0.15375842118145921,0.7167341959903215,1.4421013473517672,0.5714285714285714,1.0,4.363272439749005
食用菌,销量加权成本,近14日均值,八折主要回测,2022-09-30,2022-10-01,2022-10-07,819,7,2022-09-30,通过,0.1130332650935569,0.5676808187385564,0.3996305923786923,0.2857142857142857,1.0,3.632088473758352
食用菌,销量加权成本,近14日均值,八折主要回测,2022-12-31,2023-01-01,2023-01-07,905,7,2022-12-31,通过,0.03373210688084263,0.1359873072102544,0.15188404790104837,1.0,1.0,2.122606988788775
食用菌,销量加权成本,近14日均值,近期滚动回测,2023-03-17,2023-03-18,2023-03-24,980,7,2023-03-17,通过,0.05495425137703149,0.2475135466897684,0.2686387297595507,1.0,1.0,2.7402298525495086
食用菌,销量加权成本,近14日均值,近期滚动回测,2023-03-24,2023-03-25,2023-03-31,987,7,2023-03-24,通过,0.06212523241403649,0.26111732741843585,0.16704160414932412,0.14285714285714285,1.0,2.737040205504987
食用菌,销量加权成本,近14日均值,近期滚动回测,2023-03-31,2023-04-01,2023-04-07,994,7,2023-03-31,通过,0.03569499816537358,0.15188278560419796,0.2607441181698718,1.0,1.0,1.3870703777668518
食用菌,销量加权成本,近14日均值,近期滚动回测,2023-04-07,2023-04-08,2023-04-14,1001,7,2023-04-07,通过,0.05579439311708126,0.2323144840792997,0.3816282962303051,0.7142857142857143,1.0,1.237453926213595
食用菌,销量加权成本,近14日均值,近期滚动回测,2023-04-14,2023-04-15,2023-04-21,1008,7,2023-04-14,通过,0.08472822484602495,0.3324493388307171,0.42690049999279106,0.8571428571428571,0.8571428571428571,1.1900659482852234
食用菌,销量加权成本,近14日均值,近期滚动回测,2023-04-21,2023-04-22,2023-04-28,1015,7,2023-04-21,通过,0.1271221371538673,0.4601240015677696,0.3637836004662855,0.42857142857142855,0.5714285714285714,1.1454427719169333
食用菌,销量加权成本,近14日均值,近期滚动回测,2023-04-28,2023-04-29,2023-05-05,1022,7,2023-04-28,通过,0.1372801248160182,0.4646866348213705,0.37662827501657553,0.8571428571428571,0.8571428571428571,1.283681208251469
食用菌,销量加权成本,近14日均值,近期滚动回测,2023-05-05,2023-05-06,2023-05-12,1029,7,2023-05-05,通过,0.10846791972403408,0.37314594480993923,0.5712812360657916,0.5714285714285714,1.0,1.5012663229595515
食用菌,销量加权成本,近14日均值,近期滚动回测,2023-05-12,2023-05-13,2023-05-19,1036,7,2023-05-12,通过,0.041367188963846044,0.14258127103703425,0.19912870685759124,0.7142857142857143,1.0,1.562283316895087
食用菌,销量加权成本,近14日均值,近期滚动回测,2023-05-19,2023-05-20,2023-05-26,1043,7,2023-05-19,通过,0.09325203404352839,0.3507707607971326,0.5058694783255604,1.0,0.8571428571428571,1.501312217108051
食用菌,销量加权成本,近14日均值,近期滚动回测,2023-05-26,2023-05-27,2023-06-02,1050,7,2023-05-26,通过,0.13459549972852022,0.4275528774655402,0.24817850691548649,1.0,1.0,1.4435658843280945
食用菌,销量加权成本,近14日均值,近期滚动回测,2023-06-02,2023-06-03,2023-06-09,1057,7,2023-06-02,通过,0.12708589831302164,0.3911574404506029,0.27031860794196505,0.5714285714285714,1.0,1.4921848011705354
食用菌,销量加权成本,近14日均值,近期滚动回测,2023-06-09,2023-06-10,2023-06-16,1064,7,2023-06-09,通过,0.13731707695139755,0.49737071836616226,0.41250241614836036,1.0,0.7142857142857143,1.384062723205389
食用菌,销量加权成本,近14日均值,近期滚动回测,2023-06-16,2023-06-17,2023-06-23,1071,7,2023-06-16,通过,0.13187312647898694,0.49781112741470446,0.5867114927578932,0.8571428571428571,0.5714285714285714,1.2672564641557216
食用菌,销量加权成本,近7日中位数,八折主要回测,2021-03-31,2021-04-01,2021-04-07,272,7,2021-03-31,通过,0.15757509558603483,0.8866973038963932,0.869033741407636,1.0,0.8571428571428571,3.8147856119926224
食用菌,销量加权成本,近7日中位数,八折主要回测,2021-06-30,2021-07-01,2021-07-07,363,7,2021-06-30,通过,0.08034444500098713,0.6037052707192986,0.6628302652794793,0.8571428571428571,1.0,3.4298873627963893
食用菌,销量加权成本,近7日中位数,八折主要回测,2021-09-30,2021-10-01,2021-10-07,455,7,2021-09-30,通过,0.20359212855934944,1.5159205485322007,1.4352317033786257,0.14285714285714285,0.5714285714285714,3.2611781000410653
食用菌,销量加权成本,近7日中位数,八折主要回测,2021-12-31,2022-01-01,2022-01-07,547,7,2021-12-31,通过,0.3735935009364612,2.084117726361233,1.6142613968535493,0.7142857142857143,0.7142857142857143,4.376046248462305
食用菌,销量加权成本,近7日中位数,八折主要回测,2022-03-31,2022-04-01,2022-04-07,636,7,2022-03-31,通过,0.1752541315356167,1.0121002618512753,1.3947173771683667,0.8571428571428571,0.7142857142857143,4.073206833700794
食用菌,销量加权成本,近7日中位数,八折主要回测,2022-06-30,2022-07-01,2022-07-07,727,7,2022-06-30,通过,0.15474560536810936,0.7213358864790528,1.4421013473517672,0.0,1.0,4.363272439749005
食用菌,销量加权成本,近7日中位数,八折主要回测,2022-09-30,2022-10-01,2022-10-07,819,7,2022-09-30,通过,0.06681791823492134,0.33557599613362143,0.3996305923786923,0.7142857142857143,1.0,3.632088473758352
食用菌,销量加权成本,近7日中位数,八折主要回测,2022-12-31,2023-01-01,2023-01-07,905,7,2022-12-31,通过,0.04675449196518961,0.18848563135380372,0.15188404790104837,1.0,1.0,2.1226069887887764
食用菌,销量加权成本,近7日中位数,近期滚动回测,2023-03-17,2023-03-18,2023-03-24,980,7,2023-03-17,通过,0.05714953861955328,0.257401104390654,0.2686387297595507,1.0,1.0,2.740229852549508
食用菌,销量加权成本,近7日中位数,近期滚动回测,2023-03-24,2023-03-25,2023-03-31,987,7,2023-03-24,通过,0.05250242247567235,0.2206718865609221,0.16704160414932412,0.0,1.0,2.737040205504987
食用菌,销量加权成本,近7日中位数,近期滚动回测,2023-03-31,2023-04-01,2023-04-07,994,7,2023-03-31,通过,0.039350794830757777,0.16743825863066025,0.2607441181698718,1.0,1.0,1.3870703777668518
食用菌,销量加权成本,近7日中位数,近期滚动回测,2023-04-07,2023-04-08,2023-04-14,1001,7,2023-04-07,通过,0.062068256560577635,0.25843734818145675,0.3816282962303051,0.0,0.8571428571428571,1.237453926213595
食用菌,销量加权成本,近7日中位数,近期滚动回测,2023-04-14,2023-04-15,2023-04-21,1008,7,2023-04-14,通过,0.09373712779559863,0.367797699245663,0.42690049999279106,0.8571428571428571,0.8571428571428571,1.1900659482852234
食用菌,销量加权成本,近7日中位数,近期滚动回测,2023-04-21,2023-04-22,2023-04-28,1015,7,2023-04-21,通过,0.08638084899673446,0.31265917006328087,0.3637836004662855,0.42857142857142855,1.0,1.1454427719169333
食用菌,销量加权成本,近7日中位数,近期滚动回测,2023-04-28,2023-04-29,2023-05-05,1022,7,2023-04-28,通过,0.09902891102162058,0.33520811169376474,0.37662827501657553,0.8571428571428571,1.0,1.283681208251469
食用菌,销量加权成本,近7日中位数,近期滚动回测,2023-05-05,2023-05-06,2023-05-12,1029,7,2023-05-05,通过,0.10233070511976211,0.3520330042479844,0.5712812360657916,0.42857142857142855,1.0,1.5012663229595506
食用菌,销量加权成本,近7日中位数,近期滚动回测,2023-05-12,2023-05-13,2023-05-19,1036,7,2023-05-12,通过,0.05127781980360704,0.17674047733811848,0.19912870685759124,0.0,1.0,1.562283316895087
食用菌,销量加权成本,近7日中位数,近期滚动回测,2023-05-19,2023-05-20,2023-05-26,1043,7,2023-05-19,通过,0.09219946743850325,0.34681149500072134,0.5058694783255604,1.0,0.8571428571428571,1.50131221710805
食用菌,销量加权成本,近7日中位数,近期滚动回测,2023-05-26,2023-05-27,2023-06-02,1050,7,2023-05-26,通过,0.18038419757365412,0.5730041708488575,0.24817850691548649,1.0,0.7142857142857143,1.4435658843280945
食用菌,销量加权成本,近7日中位数,近期滚动回测,2023-06-02,2023-06-03,2023-06-09,1057,7,2023-06-02,通过,0.04957926247708001,0.15259991602054981,0.27031860794196505,0.5714285714285714,1.0,1.492184801170536
食用菌,销量加权成本,近7日中位数,近期滚动回测,2023-06-09,2023-06-10,2023-06-16,1064,7,2023-06-09,通过,0.1576266007522311,0.5709330360819009,0.41250241614836036,1.0,0.7142857142857143,1.384062723205389
食用菌,销量加权成本,近7日中位数,近期滚动回测,2023-06-16,2023-06-17,2023-06-23,1071,7,2023-06-16,通过,0.09517093004730894,0.35926309816811725,0.5867114927578932,0.8571428571428571,1.0,1.2672564641557216
食用菌,销量加权成本,近14日中位数,八折主要回测,2021-03-31,2021-04-01,2021-04-07,272,7,2021-03-31,通过,0.14167105009273923,0.7972029951193367,0.869033741407636,1.0,1.0,3.8147856119926224
食用菌,销量加权成本,近14日中位数,八折主要回测,2021-06-30,2021-07-01,2021-07-07,363,7,2021-06-30,通过,0.08016134878843104,0.6023294923619088,0.6628302652794793,0.8571428571428571,1.0,3.4298873627963897
食用菌,销量加权成本,近14日中位数,八折主要回测,2021-09-30,2021-10-01,2021-10-07,455,7,2021-09-30,通过,0.17179277399466142,1.2791466842586643,1.4352317033786257,0.14285714285714285,0.8571428571428571,3.2611781000410653
食用菌,销量加权成本,近14日中位数,八折主要回测,2021-12-31,2022-01-01,2022-01-07,547,7,2021-12-31,通过,0.18626350566085023,1.0390841193674458,1.6142613968535493,0.7142857142857143,0.8571428571428571,4.3760462484623055
食用菌,销量加权成本,近14日中位数,八折主要回测,2022-03-31,2022-04-01,2022-04-07,636,7,2022-03-31,通过,0.17073852487325067,0.9860224362082934,1.3947173771683667,0.8571428571428571,1.0,4.0732068337007945
食用菌,销量加权成本,近14日中位数,八折主要回测,2022-06-30,2022-07-01,2022-07-07,727,7,2022-06-30,通过,0.1532912263008103,0.7145563995185594,1.4421013473517672,0.5714285714285714,1.0,4.363272439749005
食用菌,销量加权成本,近14日中位数,八折主要回测,2022-09-30,2022-10-01,2022-10-07,819,7,2022-09-30,通过,0.09721010337735683,0.48821301436565534,0.3996305923786923,0.2857142857142857,1.0,3.632088473758352
食用菌,销量加权成本,近14日中位数,八折主要回测,2022-12-31,2023-01-01,2023-01-07,905,7,2022-12-31,通过,0.04077264515548117,0.16437046882719367,0.15188404790104837,1.0,1.0,2.1226069887887764
食用菌,销量加权成本,近14日中位数,近期滚动回测,2023-03-17,2023-03-18,2023-03-24,980,7,2023-03-17,通过,0.0571576471956758,0.2574376253582661,0.2686387297595507,1.0,1.0,2.740229852549508
食用菌,销量加权成本,近14日中位数,近期滚动回测,2023-03-24,2023-03-25,2023-03-31,987,7,2023-03-24,通过,0.04805862047967047,0.20199423086960028,0.16704160414932412,0.8571428571428571,1.0,2.737040205504987
食用菌,销量加权成本,近14日中位数,近期滚动回测,2023-03-31,2023-04-01,2023-04-07,994,7,2023-03-31,通过,0.03766579225732857,0.16026854584857833,0.2607441181698718,1.0,1.0,1.3870703777668518
食用菌,销量加权成本,近14日中位数,近期滚动回测,2023-04-07,2023-04-08,2023-04-14,1001,7,2023-04-07,通过,0.0563674270214703,0.2347004599528742,0.3816282962303051,0.7142857142857143,1.0,1.237453926213595
食用菌,销量加权成本,近14日中位数,近期滚动回测,2023-04-14,2023-04-15,2023-04-21,1008,7,2023-04-14,通过,0.09461880657946195,0.3712571548083058,0.42690049999279106,0.8571428571428571,0.8571428571428571,1.1900659482852234
食用菌,销量加权成本,近14日中位数,近期滚动回测,2023-04-21,2023-04-22,2023-04-28,1015,7,2023-04-21,通过,0.13193379864766036,0.47754001572770977,0.3637836004662855,0.42857142857142855,0.5714285714285714,1.1454427719169333
食用菌,销量加权成本,近14日中位数,近期滚动回测,2023-04-28,2023-04-29,2023-05-05,1022,7,2023-04-28,通过,0.130933153145953,0.443202440291231,0.37662827501657553,0.8571428571428571,0.8571428571428571,1.283681208251469
食用菌,销量加权成本,近14日中位数,近期滚动回测,2023-05-05,2023-05-06,2023-05-12,1029,7,2023-05-05,通过,0.10494256446110882,0.3610181929020776,0.5712812360657916,0.5714285714285714,1.0,1.5012663229595515
食用菌,销量加权成本,近14日中位数,近期滚动回测,2023-05-12,2023-05-13,2023-05-19,1036,7,2023-05-12,通过,0.056668906213989595,0.19532206269395752,0.19912870685759124,0.2857142857142857,1.0,1.562283316895087
食用菌,销量加权成本,近14日中位数,近期滚动回测,2023-05-19,2023-05-20,2023-05-26,1043,7,2023-05-19,通过,0.09583830378793,0.36049910415366354,0.5058694783255604,1.0,0.8571428571428571,1.501312217108051
食用菌,销量加权成本,近14日中位数,近期滚动回测,2023-05-26,2023-05-27,2023-06-02,1050,7,2023-05-26,通过,0.09408436173119915,0.29886615573194547,0.24817850691548649,1.0,1.0,1.4435658843280945
食用菌,销量加权成本,近14日中位数,近期滚动回测,2023-06-02,2023-06-03,2023-06-09,1057,7,2023-06-02,通过,0.11599932856461484,0.35703410887936476,0.27031860794196505,0.5714285714285714,1.0,1.4921848011705354
食用菌,销量加权成本,近14日中位数,近期滚动回测,2023-06-09,2023-06-10,2023-06-16,1064,7,2023-06-09,通过,0.1384972134866411,0.501645243933816,0.41250241614836036,1.0,0.7142857142857143,1.384062723205389
食用菌,销量加权成本,近14日中位数,近期滚动回测,2023-06-16,2023-06-17,2023-06-23,1071,7,2023-06-16,通过,0.1471459710409626,0.5554649661703824,0.5867114927578932,0.14285714285714285,0.5714285714285714,1.2672564641557216
食用菌,销量加权成本,指数加权移动平均,八折主要回测,2021-03-31,2021-04-01,2021-04-07,272,7,2021-03-31,通过,0.09274044898716302,0.521863596358474,0.869033741407636,1.0,1.0,3.8147856119926224
食用菌,销量加权成本,指数加权移动平均,八折主要回测,2021-06-30,2021-07-01,2021-07-07,363,7,2021-06-30,通过,0.07638977987252984,0.5739900591455535,0.6628302652794793,0.8571428571428571,1.0,3.4298873627963893
食用菌,销量加权成本,指数加权移动平均,八折主要回测,2021-09-30,2021-10-01,2021-10-07,455,7,2021-09-30,通过,0.17102393160858984,1.2734219837023326,1.4352317033786257,0.14285714285714285,0.8571428571428571,3.2611781000410653
食用菌,销量加权成本,指数加权移动平均,八折主要回测,2021-12-31,2022-01-01,2022-01-07,547,7,2021-12-31,通过,0.27278654077763426,1.5217589806095677,1.6142613968535493,0.7142857142857143,0.7142857142857143,4.3760462484623055
食用菌,销量加权成本,指数加权移动平均,八折主要回测,2022-03-31,2022-04-01,2022-04-07,636,7,2022-03-31,通过,0.1700763346329448,0.9821982586568916,1.3947173771683667,0.8571428571428571,0.8571428571428571,4.0732068337007945
食用菌,销量加权成本,指数加权移动平均,八折主要回测,2022-06-30,2022-07-01,2022-07-07,727,7,2022-06-30,通过,0.15086073933521976,0.703226853417851,1.4421013473517672,0.5714285714285714,1.0,4.363272439749005
食用菌,销量加权成本,指数加权移动平均,八折主要回测,2022-09-30,2022-10-01,2022-10-07,819,7,2022-09-30,通过,0.06735702399940352,0.33828351768946263,0.3996305923786923,0.7142857142857143,1.0,3.632088473758352
食用菌,销量加权成本,指数加权移动平均,八折主要回测,2022-12-31,2023-01-01,2023-01-07,905,7,2022-12-31,通过,0.07062251938837347,0.2847069788422592,0.15188404790104837,1.0,1.0,2.122606988788775
食用菌,销量加权成本,指数加权移动平均,近期滚动回测,2023-03-17,2023-03-18,2023-03-24,980,7,2023-03-17,通过,0.08390504763566417,0.3779077215153764,0.2686387297595507,1.0,1.0,2.7402298525495086
食用菌,销量加权成本,指数加权移动平均,近期滚动回测,2023-03-24,2023-03-25,2023-03-31,987,7,2023-03-24,通过,0.05974469043609728,0.25111171882860883,0.16704160414932412,0.14285714285714285,1.0,2.737040205504987
食用菌,销量加权成本,指数加权移动平均,近期滚动回测,2023-03-31,2023-04-01,2023-04-07,994,7,2023-03-31,通过,0.04149857663085305,0.17657710439154656,0.2607441181698718,1.0,1.0,1.3870703777668518
食用菌,销量加权成本,指数加权移动平均,近期滚动回测,2023-04-07,2023-04-08,2023-04-14,1001,7,2023-04-07,通过,0.05619866104940941,0.23399775888312346,0.3816282962303051,0.7142857142857143,1.0,1.237453926213595
食用菌,销量加权成本,指数加权移动平均,近期滚动回测,2023-04-14,2023-04-15,2023-04-21,1008,7,2023-04-14,通过,0.06894527260345337,0.27052154502440234,0.42690049999279106,0.8571428571428571,1.0,1.1900659482852234
食用菌,销量加权成本,指数加权移动平均,近期滚动回测,2023-04-21,2023-04-22,2023-04-28,1015,7,2023-04-21,通过,0.09332589992690538,0.3377970783507596,0.3637836004662855,0.42857142857142855,1.0,1.1454427719169333
食用菌,销量加权成本,指数加权移动平均,近期滚动回测,2023-04-28,2023-04-29,2023-05-05,1022,7,2023-04-28,通过,0.11992726527048547,0.40594803797387835,0.37662827501657553,0.8571428571428571,0.8571428571428571,1.283681208251469
食用菌,销量加权成本,指数加权移动平均,近期滚动回测,2023-05-05,2023-05-06,2023-05-12,1029,7,2023-05-05,通过,0.10285133773551973,0.3538240586887814,0.5712812360657916,0.5714285714285714,1.0,1.5012663229595506
食用菌,销量加权成本,指数加权移动平均,近期滚动回测,2023-05-12,2023-05-13,2023-05-19,1036,7,2023-05-12,通过,0.03901113293777135,0.13446059686877523,0.19912870685759124,0.7142857142857143,1.0,1.562283316895087
食用菌,销量加权成本,指数加权移动平均,近期滚动回测,2023-05-19,2023-05-20,2023-05-26,1043,7,2023-05-19,通过,0.10121256493818367,0.3807145738936266,0.5058694783255604,1.0,0.8571428571428571,1.501312217108051
食用菌,销量加权成本,指数加权移动平均,近期滚动回测,2023-05-26,2023-05-27,2023-06-02,1050,7,2023-05-26,通过,0.24495704251540096,0.7781247411254721,0.24817850691548649,1.0,0.2857142857142857,1.4435658843280947
食用菌,销量加权成本,指数加权移动平均,近期滚动回测,2023-06-02,2023-06-03,2023-06-09,1057,7,2023-06-02,通过,0.04943370946224858,0.15215191867790917,0.27031860794196505,0.5714285714285714,1.0,1.492184801170536
食用菌,销量加权成本,指数加权移动平均,近期滚动回测,2023-06-09,2023-06-10,2023-06-16,1064,7,2023-06-09,通过,0.1641112959509833,0.594420992430772,0.41250241614836036,1.0,0.5714285714285714,1.384062723205389
食用菌,销量加权成本,指数加权移动平均,近期滚动回测,2023-06-16,2023-06-17,2023-06-23,1071,7,2023-06-16,通过,0.09363477620016927,0.3534642330092717,0.5867114927578932,0.8571428571428571,1.0,1.2672564641557216
食用菌,销量加权成本,同星期最近4次统计,八折主要回测,2021-03-31,2021-04-01,2021-04-07,272,7,2021-03-31,通过,0.157851312835257,0.8882516173446199,1.1411175234994908,0.5714285714285714,0.8571428571428571,3.8147856119926224
食用菌,销量加权成本,同星期最近4次统计,八折主要回测,2021-06-30,2021-07-01,2021-07-07,363,7,2021-06-30,通过,0.10964115454429256,0.8238396927793249,1.1693569891301308,0.7142857142857143,1.0,3.4298873627963893
食用菌,销量加权成本,同星期最近4次统计,八折主要回测,2021-09-30,2021-10-01,2021-10-07,455,7,2021-09-30,通过,0.18927822962952648,1.409341116061626,1.4408755108449836,0.42857142857142855,0.5714285714285714,3.261178100041065
食用菌,销量加权成本,同星期最近4次统计,八折主要回测,2021-12-31,2022-01-01,2022-01-07,547,7,2021-12-31,通过,0.2568655821047261,1.4329427883907537,2.217727227030146,0.5714285714285714,0.8571428571428571,4.3760462484623055
食用菌,销量加权成本,同星期最近4次统计,八折主要回测,2022-03-31,2022-04-01,2022-04-07,636,7,2022-03-31,通过,0.27339920866013434,1.5788923676165572,2.5192783875462457,0.5714285714285714,0.7142857142857143,4.0732068337007945
食用菌,销量加权成本,同星期最近4次统计,八折主要回测,2022-06-30,2022-07-01,2022-07-07,727,7,2022-06-30,通过,0.14441021561237008,0.6731581853170194,1.2031888727156967,0.5714285714285714,1.0,4.363272439749005
食用菌,销量加权成本,同星期最近4次统计,八折主要回测,2022-09-30,2022-10-01,2022-10-07,819,7,2022-09-30,通过,0.17017450452770963,0.8546581573022702,0.24089610923499283,0.2857142857142857,1.0,3.632088473758352
食用菌,销量加权成本,同星期最近4次统计,八折主要回测,2022-12-31,2023-01-01,2023-01-07,905,7,2022-12-31,通过,0.033478234779613925,0.134963849542939,0.1982663431047714,1.0,1.0,2.122606988788776
食用菌,销量加权成本,同星期最近4次统计,近期滚动回测,2023-03-17,2023-03-18,2023-03-24,980,7,2023-03-17,通过,0.05870038777039291,0.2643861176350627,0.39610098106961117,1.0,1.0,2.740229852549508
食用菌,销量加权成本,同星期最近4次统计,近期滚动回测,2023-03-24,2023-03-25,2023-03-31,987,7,2023-03-24,通过,0.061085180244472286,0.2567459048524417,0.2246732744549315,0.42857142857142855,1.0,2.737040205504987
食用菌,销量加权成本,同星期最近4次统计,近期滚动回测,2023-03-31,2023-04-01,2023-04-07,994,7,2023-03-31,通过,0.06786263341451289,0.2887565858297578,0.42202340285294165,0.8571428571428571,1.0,1.3870703777668518
食用菌,销量加权成本,同星期最近4次统计,近期滚动回测,2023-04-07,2023-04-08,2023-04-14,1001,7,2023-04-07,通过,0.06838668236723609,0.2847457592862602,0.4073976686696323,0.5714285714285714,1.0,1.237453926213595
食用菌,销量加权成本,同星期最近4次统计,近期滚动回测,2023-04-14,2023-04-15,2023-04-21,1008,7,2023-04-14,通过,0.09079113250352586,0.35623845568983686,0.4524452039588022,0.8571428571428571,0.7142857142857143,1.1900659482852234
食用菌,销量加权成本,同星期最近4次统计,近期滚动回测,2023-04-21,2023-04-22,2023-04-28,1015,7,2023-04-21,通过,0.14626622075086287,0.5294168293019007,0.44579073103706895,0.42857142857142855,0.42857142857142855,1.1454427719169333
食用菌,销量加权成本,同星期最近4次统计,近期滚动回测,2023-04-28,2023-04-29,2023-05-05,1022,7,2023-04-28,通过,0.19915637253818813,0.6741347640966264,0.6138791357304146,0.2857142857142857,0.42857142857142855,1.283681208251469
食用菌,销量加权成本,同星期最近4次统计,近期滚动回测,2023-05-05,2023-05-06,2023-05-12,1029,7,2023-05-05,通过,0.11609666304612926,0.3993899683136459,0.4316808909617069,0.5714285714285714,0.7142857142857143,1.5012663229595515
食用菌,销量加权成本,同星期最近4次统计,近期滚动回测,2023-05-12,2023-05-13,2023-05-19,1036,7,2023-05-12,通过,0.09309681652536732,0.3208790048869284,0.3495731295162474,0.5714285714285714,1.0,1.562283316895087
食用菌,销量加权成本,同星期最近4次统计,近期滚动回测,2023-05-19,2023-05-20,2023-05-26,1043,7,2023-05-19,通过,0.1079160226119344,0.4059298624641187,0.6406706279298752,0.8571428571428571,0.8571428571428571,1.501312217108051
食用菌,销量加权成本,同星期最近4次统计,近期滚动回测,2023-05-26,2023-05-27,2023-06-02,1050,7,2023-05-26,通过,0.10102561545329339,0.3209155779495215,0.15722346741720808,1.0,1.0,1.4435658843280947
食用菌,销量加权成本,同星期最近4次统计,近期滚动回测,2023-06-02,2023-06-03,2023-06-09,1057,7,2023-06-02,通过,0.10807754920570016,0.33265167952268465,0.31468492095492917,0.5714285714285714,1.0,1.492184801170536
食用菌,销量加权成本,同星期最近4次统计,近期滚动回测,2023-06-09,2023-06-10,2023-06-16,1064,7,2023-06-09,通过,0.11079597453864426,0.4013096890190078,0.43669201175203587,1.0,0.8571428571428571,1.384062723205389
食用菌,销量加权成本,同星期最近4次统计,近期滚动回测,2023-06-16,2023-06-17,2023-06-23,1071,7,2023-06-16,通过,0.1449360326021192,0.5471226148882732,0.6666577760660546,0.2857142857142857,0.5714285714285714,1.2672564641557216
食用菌,销量加权成本,同星期最近8次统计,八折主要回测,2021-03-31,2021-04-01,2021-04-07,272,7,2021-03-31,通过,0.10974891477094914,0.6175726339942018,1.0516766709446015,1.0,1.0,3.8147856119926224
食用菌,销量加权成本,同星期最近8次统计,八折主要回测,2021-06-30,2021-07-01,2021-07-07,363,7,2021-06-30,通过,0.13460081669570306,1.0113856966878016,1.1017808799056612,0.42857142857142855,0.5714285714285714,3.4298873627963893
食用菌,销量加权成本,同星期最近8次统计,八折主要回测,2021-09-30,2021-10-01,2021-10-07,455,7,2021-09-30,通过,0.1506064634855614,1.1213961676960063,1.2761978881757254,0.7142857142857143,0.8571428571428571,3.2611781000410645
食用菌,销量加权成本,同星期最近8次统计,八折主要回测,2021-12-31,2022-01-01,2022-01-07,547,7,2021-12-31,通过,0.1937157137522763,1.0806567884447786,2.0407966876348667,0.7142857142857143,0.8571428571428571,4.376046248462305
食用菌,销量加权成本,同星期最近8次统计,八折主要回测,2022-03-31,2022-04-01,2022-04-07,636,7,2022-03-31,通过,0.22171403304815285,1.2804082216945274,1.6652672547277525,0.5714285714285714,0.7142857142857143,4.0732068337007945
食用菌,销量加权成本,同星期最近8次统计,八折主要回测,2022-06-30,2022-07-01,2022-07-07,727,7,2022-06-30,通过,0.18313858902531416,0.8536878068288106,1.3051563198483342,0.5714285714285714,1.0,4.363272439749005
食用菌,销量加权成本,同星期最近8次统计,八折主要回测,2022-09-30,2022-10-01,2022-10-07,819,7,2022-09-30,通过,0.06115420086170929,0.3071314164528734,0.23187243491011333,0.8571428571428571,1.0,3.632088473758352
食用菌,销量加权成本,同星期最近8次统计,八折主要回测,2022-12-31,2023-01-01,2023-01-07,905,7,2022-12-31,通过,0.076561421568613,0.308649014782343,0.34584309315154194,0.7142857142857143,1.0,2.122606988788776
食用菌,销量加权成本,同星期最近8次统计,近期滚动回测,2023-03-17,2023-03-18,2023-03-24,980,7,2023-03-17,通过,0.06490824943343683,0.29234628120889766,0.3760481326946013,1.0,1.0,2.740229852549508
食用菌,销量加权成本,同星期最近8次统计,近期滚动回测,2023-03-24,2023-03-25,2023-03-31,987,7,2023-03-24,通过,0.07954925474593078,0.3343518887615886,0.19199941802352694,0.2857142857142857,1.0,2.737040205504987
食用菌,销量加权成本,同星期最近8次统计,近期滚动回测,2023-03-31,2023-04-01,2023-04-07,994,7,2023-03-31,通过,0.0692951839550147,0.29485211119166355,0.2749958257503047,0.8571428571428571,1.0,1.3870703777668518
食用菌,销量加权成本,同星期最近8次统计,近期滚动回测,2023-04-07,2023-04-08,2023-04-14,1001,7,2023-04-07,通过,0.06831788293470721,0.2844592949341997,0.2986152635782515,0.7142857142857143,1.0,1.237453926213595
食用菌,销量加权成本,同星期最近8次统计,近期滚动回测,2023-04-14,2023-04-15,2023-04-21,1008,7,2023-04-14,通过,0.10061180831550189,0.3947719808108393,0.42027593893444704,0.8571428571428571,0.7142857142857143,1.1900659482852234
食用菌,销量加权成本,同星期最近8次统计,近期滚动回测,2023-04-21,2023-04-22,2023-04-28,1015,7,2023-04-21,通过,0.17287979456433508,0.6257457957056999,0.3997100647525877,0.42857142857142855,0.2857142857142857,1.1454427719169333
食用菌,销量加权成本,同星期最近8次统计,近期滚动回测,2023-04-28,2023-04-29,2023-05-05,1022,7,2023-04-28,通过,0.2384123838416132,0.8070144785749294,0.4975779039221047,0.14285714285714285,0.42857142857142855,1.283681208251469
食用菌,销量加权成本,同星期最近8次统计,近期滚动回测,2023-05-05,2023-05-06,2023-05-12,1029,7,2023-05-05,通过,0.19145783025855617,0.6586437090787133,0.41472486700611094,0.5714285714285714,0.5714285714285714,1.5012663229595515
食用菌,销量加权成本,同星期最近8次统计,近期滚动回测,2023-05-12,2023-05-13,2023-05-19,1036,7,2023-05-12,通过,0.16176163281882278,0.5575476552804044,0.33343398269774505,0.7142857142857143,0.8571428571428571,1.562283316895087
食用菌,销量加权成本,同星期最近8次统计,近期滚动回测,2023-05-19,2023-05-20,2023-05-26,1043,7,2023-05-19,通过,0.12395756160005192,0.4662706678195527,0.7647600293833313,1.0,0.8571428571428571,1.501312217108051
食用菌,销量加权成本,同星期最近8次统计,近期滚动回测,2023-05-26,2023-05-27,2023-06-02,1050,7,2023-05-26,通过,0.17771509012173703,0.5645255473166172,0.30321722269129187,1.0,0.8571428571428571,1.4435658843280945
食用菌,销量加权成本,同星期最近8次统计,近期滚动回测,2023-06-02,2023-06-03,2023-06-09,1057,7,2023-06-02,通过,0.15402976129368784,0.47408790417058316,0.2305656578697397,0.5714285714285714,0.8571428571428571,1.4921848011705356
食用菌,销量加权成本,同星期最近8次统计,近期滚动回测,2023-06-09,2023-06-10,2023-06-16,1064,7,2023-06-09,通过,0.08311711957413295,0.30105521023976306,0.45575973560315836,1.0,0.8571428571428571,1.384062723205389
食用菌,销量加权成本,同星期最近8次统计,近期滚动回测,2023-06-16,2023-06-17,2023-06-23,1071,7,2023-06-16,通过,0.1307036107139834,0.49339629342198454,0.6251749576064067,0.42857142857142855,0.7142857142857143,1.2672564641557216
食用菌,销量加权成本,指数加权移动平均加周内收缩,八折主要回测,2021-03-31,2021-04-01,2021-04-07,272,7,2021-03-31,通过,0.09308822826089552,0.5238205994192863,0.9329587667455742,1.0,1.0,3.8147856119926224
食用菌,销量加权成本,指数加权移动平均加周内收缩,八折主要回测,2021-06-30,2021-07-01,2021-07-07,363,7,2021-06-30,通过,0.08451970302504508,0.6350780093785284,0.8164629803986426,0.8571428571428571,1.0,3.4298873627963893
食用菌,销量加权成本,指数加权移动平均加周内收缩,八折主要回测,2021-09-30,2021-10-01,2021-10-07,455,7,2021-09-30,通过,0.15688925352993108,1.168177006413929,1.3618536681130875,0.7142857142857143,0.8571428571428571,3.261178100041065
食用菌,销量加权成本,指数加权移动平均加周内收缩,八折主要回测,2021-12-31,2022-01-01,2022-01-07,547,7,2021-12-31,通过,0.2421224684789415,1.3506972879411052,1.7635487486270105,0.7142857142857143,1.0,4.376046248462305
食用菌,销量加权成本,指数加权移动平均加周内收缩,八折主要回测,2022-03-31,2022-04-01,2022-04-07,636,7,2022-03-31,通过,0.177659810039232,1.0259931602503307,1.489409834314152,0.8571428571428571,0.7142857142857143,4.073206833700794
食用菌,销量加权成本,指数加权移动平均加周内收缩,八折主要回测,2022-06-30,2022-07-01,2022-07-07,727,7,2022-06-30,通过,0.152279349652486,0.7098396068355609,1.3941705877255657,0.5714285714285714,1.0,4.363272439749005
食用菌,销量加权成本,指数加权移动平均加周内收缩,八折主要回测,2022-09-30,2022-10-01,2022-10-07,819,7,2022-09-30,通过,0.057585485102111415,0.289208449416781,0.2949214750691242,0.8571428571428571,1.0,3.632088473758352
食用菌,销量加权成本,指数加权移动平均加周内收缩,八折主要回测,2022-12-31,2023-01-01,2023-01-07,905,7,2022-12-31,通过,0.06973041868168506,0.28111057221128716,0.20948829953634127,0.8571428571428571,1.0,2.1226069887887755
食用菌,销量加权成本,指数加权移动平均加周内收缩,近期滚动回测,2023-03-17,2023-03-18,2023-03-24,980,7,2023-03-17,通过,0.06158210631436346,0.27736535690239883,0.30623202078681855,1.0,1.0,2.7402298525495086
食用菌,销量加权成本,指数加权移动平均加周内收缩,近期滚动回测,2023-03-24,2023-03-25,2023-03-31,987,7,2023-03-24,通过,0.06569189635302974,0.2761083016065535,0.14956000058887278,0.2857142857142857,1.0,2.737040205504987
食用菌,销量加权成本,指数加权移动平均加周内收缩,近期滚动回测,2023-03-31,2023-04-01,2023-04-07,994,7,2023-03-31,通过,0.04187092816638799,0.17816146610460887,0.24803239775611688,1.0,1.0,1.3870703777668518
食用菌,销量加权成本,指数加权移动平均加周内收缩,近期滚动回测,2023-04-07,2023-04-08,2023-04-14,1001,7,2023-04-07,通过,0.05612291846683155,0.23368238491790289,0.32903639409101587,0.5714285714285714,1.0,1.237453926213595
食用菌,销量加权成本,指数加权移动平均加周内收缩,近期滚动回测,2023-04-14,2023-04-15,2023-04-21,1008,7,2023-04-14,通过,0.07861145070755184,0.30844886529539056,0.4245819036223711,0.8571428571428571,1.0,1.1900659482852234
食用菌,销量加权成本,指数加权移动平均加周内收缩,近期滚动回测,2023-04-21,2023-04-22,2023-04-28,1015,7,2023-04-21,通过,0.11939144864353791,0.43214244452439415,0.37565991472808347,0.42857142857142855,0.7142857142857143,1.1454427719169336
食用菌,销量加权成本,指数加权移动平均加周内收缩,近期滚动回测,2023-04-28,2023-04-29,2023-05-05,1022,7,2023-04-28,通过,0.15678565360887647,0.5307119137706148,0.4189606451335109,0.2857142857142857,0.5714285714285714,1.283681208251469
食用菌,销量加权成本,指数加权移动平均加周内收缩,近期滚动回测,2023-05-05,2023-05-06,2023-05-12,1029,7,2023-05-05,通过,0.10472902546572936,0.36028358666654403,0.5164865068949034,0.5714285714285714,1.0,1.5012663229595513
食用菌,销量加权成本,指数加权移动平均加周内收缩,近期滚动回测,2023-05-12,2023-05-13,2023-05-19,1036,7,2023-05-12,通过,0.06747809014246434,0.23257833323102428,0.21066664907846602,0.7142857142857143,1.0,1.562283316895087
食用菌,销量加权成本,指数加权移动平均加周内收缩,近期滚动回测,2023-05-19,2023-05-20,2023-05-26,1043,7,2023-05-19,通过,0.09995562951399116,0.375986567694737,0.5890205602483131,1.0,0.8571428571428571,1.5013122171080506
食用菌,销量加权成本,指数加权移动平均加周内收缩,近期滚动回测,2023-05-26,2023-05-27,2023-06-02,1050,7,2023-05-26,通过,0.22142235917761868,0.7033650232923732,0.25414959839388973,1.0,0.5714285714285714,1.4435658843280947
食用菌,销量加权成本,指数加权移动平均加周内收缩,近期滚动回测,2023-06-02,2023-06-03,2023-06-09,1057,7,2023-06-02,通过,0.06949367933499281,0.2138944611243739,0.2564050754166862,0.5714285714285714,1.0,1.4921848011705359
食用菌,销量加权成本,指数加权移动平均加周内收缩,近期滚动回测,2023-06-09,2023-06-10,2023-06-16,1064,7,2023-06-09,通过,0.13111383849072408,0.47490221526458665,0.4276424779575398,1.0,0.8571428571428571,1.384062723205389
食用菌,销量加权成本,指数加权移动平均加周内收缩,近期滚动回测,2023-06-16,2023-06-17,2023-06-23,1071,7,2023-06-16,通过,0.10393921266298746,0.3923627051232705,0.6001737054548731,0.8571428571428571,0.7142857142857143,1.2672564641557216
食用菌,销量加权成本,阻尼趋势,八折主要回测,2021-03-31,2021-04-01,2021-04-07,272,7,2021-03-31,通过,0.18772950782411574,1.0563804377231347,0.8620596566092628,0.0,0.8571428571428571,3.8147856119926224
食用菌,销量加权成本,阻尼趋势,八折主要回测,2021-06-30,2021-07-01,2021-07-07,363,7,2021-06-30,通过,0.09950052197845168,0.7476433443155239,0.6639557646830373,0.8571428571428571,1.0,3.4298873627963893
食用菌,销量加权成本,阻尼趋势,八折主要回测,2021-09-30,2021-10-01,2021-10-07,455,7,2021-09-30,通过,0.17442196112732086,1.298723270193189,1.4307387677782017,0.14285714285714285,0.8571428571428571,3.2611781000410653
食用菌,销量加权成本,阻尼趋势,八折主要回测,2021-12-31,2022-01-01,2022-01-07,547,7,2021-12-31,通过,0.1531093340918125,0.8541312320804562,1.613525979522917,0.7142857142857143,0.8571428571428571,4.376046248462304
食用菌,销量加权成本,阻尼趋势,八折主要回测,2022-03-31,2022-04-01,2022-04-07,636,7,2022-03-31,通过,0.19364273646996455,1.118295258260537,1.3962333050490603,0.8571428571428571,0.7142857142857143,4.073206833700794
食用菌,销量加权成本,阻尼趋势,八折主要回测,2022-06-30,2022-07-01,2022-07-07,727,7,2022-06-30,通过,0.15874447866943264,0.7399763564999345,1.4439604821044345,0.42857142857142855,1.0,4.363272439749005
食用菌,销量加权成本,阻尼趋势,八折主要回测,2022-09-30,2022-10-01,2022-10-07,819,7,2022-09-30,通过,0.09129883441284263,0.45852516979369035,0.39694646966547503,0.2857142857142857,1.0,3.632088473758352
食用菌,销量加权成本,阻尼趋势,八折主要回测,2022-12-31,2023-01-01,2023-01-07,905,7,2022-12-31,通过,0.08500173346116545,0.3426752109620648,0.15165249505583325,1.0,1.0,2.122606988788776
食用菌,销量加权成本,阻尼趋势,近期滚动回测,2023-03-17,2023-03-18,2023-03-24,980,7,2023-03-17,通过,0.1429170493112496,0.6436973459026808,0.2686387297595507,1.0,1.0,2.740229852549508
食用菌,销量加权成本,阻尼趋势,近期滚动回测,2023-03-24,2023-03-25,2023-03-31,987,7,2023-03-24,通过,0.040382729087923244,0.16973184459135812,0.1608619206289572,0.8571428571428571,1.0,2.737040205504987
食用菌,销量加权成本,阻尼趋势,近期滚动回测,2023-03-31,2023-04-01,2023-04-07,994,7,2023-03-31,通过,0.05833829268042127,0.24823036433969348,0.25907266928885736,0.0,1.0,1.3870703777668518
食用菌,销量加权成本,阻尼趋势,近期滚动回测,2023-04-07,2023-04-08,2023-04-14,1001,7,2023-04-07,通过,0.059974374489750085,0.24971892495232625,0.3809640556154273,0.7142857142857143,0.8571428571428571,1.237453926213595
食用菌,销量加权成本,阻尼趋势,近期滚动回测,2023-04-14,2023-04-15,2023-04-21,1008,7,2023-04-14,通过,0.05818843428584693,0.22831478578807968,0.42690049999279106,0.8571428571428571,1.0,1.1900659482852234
食用菌,销量加权成本,阻尼趋势,近期滚动回测,2023-04-21,2023-04-22,2023-04-28,1015,7,2023-04-21,通过,0.07603035494658786,0.27519511504356114,0.3637836004662855,0.42857142857142855,1.0,1.1454427719169342
食用菌,销量加权成本,阻尼趋势,近期滚动回测,2023-04-28,2023-04-29,2023-05-05,1022,7,2023-04-28,通过,0.1370893861865644,0.4640409937136712,0.3763136991223068,0.8571428571428571,0.8571428571428571,1.283681208251469
食用菌,销量加权成本,阻尼趋势,近期滚动回测,2023-05-05,2023-05-06,2023-05-12,1029,7,2023-05-05,通过,0.10244360824306008,0.35242140795962745,0.5714946496964021,0.42857142857142855,1.0,1.5012663229595513
食用菌,销量加权成本,阻尼趋势,近期滚动回测,2023-05-12,2023-05-13,2023-05-19,1036,7,2023-05-12,通过,0.059238459032117316,0.2041786013174942,0.19294215577200635,0.2857142857142857,1.0,1.5622833168950867
食用菌,销量加权成本,阻尼趋势,近期滚动回测,2023-05-19,2023-05-20,2023-05-26,1043,7,2023-05-19,通过,0.14104129980088964,0.530531741665617,0.5066562108454445,0.0,0.8571428571428571,1.5013122171080509
食用菌,销量加权成本,阻尼趋势,近期滚动回测,2023-05-26,2023-05-27,2023-06-02,1050,7,2023-05-26,通过,0.3862104982439963,1.2268271239727877,0.24817850691548649,1.0,0.0,1.4435658843280947
食用菌,销量加权成本,阻尼趋势,近期滚动回测,2023-06-02,2023-06-03,2023-06-09,1057,7,2023-06-02,通过,0.04674662397273538,0.14388134345042744,0.27031860794196505,0.42857142857142855,1.0,1.492184801170536
食用菌,销量加权成本,阻尼趋势,近期滚动回测,2023-06-09,2023-06-10,2023-06-16,1064,7,2023-06-09,通过,0.18605316005710515,0.6738957449891679,0.41250241614836036,1.0,0.42857142857142855,1.384062723205389
食用菌,销量加权成本,阻尼趋势,近期滚动回测,2023-06-16,2023-06-17,2023-06-23,1071,7,2023-06-16,通过,0.13523110950302997,0.510487260601739,0.5863029203435847,0.14285714285714285,0.5714285714285714,1.2672564641557216
食用菌,销量加权成本,指数平滑,八折主要回测,2021-03-31,2021-04-01,2021-04-07,272,7,2021-03-31,通过,0.09463144525815256,0.5325044992811637,0.869033741407636,1.0,1.0,3.8147856119926224
食用菌,销量加权成本,指数平滑,八折主要回测,2021-06-30,2021-07-01,2021-07-07,363,7,2021-06-30,通过,0.07682741556714155,0.577278438018402,0.6628302652794793,0.8571428571428571,1.0,3.4298873627963893
食用菌,销量加权成本,指数平滑,八折主要回测,2021-09-30,2021-10-01,2021-10-07,455,7,2021-09-30,通过,0.17375137914415745,1.293730203835731,1.4352317033786257,0.14285714285714285,0.8571428571428571,3.2611781000410653
食用菌,销量加权成本,指数平滑,八折主要回测,2021-12-31,2022-01-01,2022-01-07,547,7,2021-12-31,通过,0.272507122727613,1.5202002272863575,1.6142613968535493,0.7142857142857143,0.7142857142857143,4.3760462484623055
食用菌,销量加权成本,指数平滑,八折主要回测,2022-03-31,2022-04-01,2022-04-07,636,7,2022-03-31,通过,0.16964359985895203,0.9796991964423084,1.3947173771683667,0.8571428571428571,0.8571428571428571,4.0732068337007945
食用菌,销量加权成本,指数平滑,八折主要回测,2022-06-30,2022-07-01,2022-07-07,727,7,2022-06-30,通过,0.15106483860397152,0.7041782479767112,1.4421013473517672,0.5714285714285714,1.0,4.363272439749005
食用菌,销量加权成本,指数平滑,八折主要回测,2022-09-30,2022-10-01,2022-10-07,819,7,2022-09-30,通过,0.0678777683593522,0.34089882376209957,0.3996305923786923,0.7142857142857143,1.0,3.632088473758352
食用菌,销量加权成本,指数平滑,八折主要回测,2022-12-31,2023-01-01,2023-01-07,905,7,2022-12-31,通过,0.06550927552988381,0.2640934943101004,0.15188404790104837,1.0,1.0,2.1226069887887764
食用菌,销量加权成本,指数平滑,近期滚动回测,2023-03-17,2023-03-18,2023-03-24,980,7,2023-03-17,通过,0.07790338259952417,0.35087626604258176,0.2686387297595507,1.0,1.0,2.7402298525495086
食用菌,销量加权成本,指数平滑,近期滚动回测,2023-03-24,2023-03-25,2023-03-31,987,7,2023-03-24,通过,0.06083087294113047,0.25567703088913724,0.16704160414932412,0.14285714285714285,1.0,2.737040205504987
食用菌,销量加权成本,指数平滑,近期滚动回测,2023-03-31,2023-04-01,2023-04-07,994,7,2023-03-31,通过,0.040891659307548414,0.17399466151627635,0.2607441181698718,1.0,1.0,1.3870703777668518
食用菌,销量加权成本,指数平滑,近期滚动回测,2023-04-07,2023-04-08,2023-04-14,1001,7,2023-04-07,通过,0.05531628058707276,0.23032373806459366,0.3816282962303051,0.7142857142857143,1.0,1.237453926213595
食用菌,销量加权成本,指数平滑,近期滚动回测,2023-04-14,2023-04-15,2023-04-21,1008,7,2023-04-14,通过,0.07152093822173147,0.28062772078108394,0.42690049999279106,0.8571428571428571,1.0,1.1900659482852234
食用菌,销量加权成本,指数平滑,近期滚动回测,2023-04-21,2023-04-22,2023-04-28,1015,7,2023-04-21,通过,0.09716964578808995,0.3517096805635206,0.3637836004662855,0.42857142857142855,1.0,1.1454427719169342
食用菌,销量加权成本,指数平滑,近期滚动回测,2023-04-28,2023-04-29,2023-05-05,1022,7,2023-04-28,通过,0.11991178001850043,0.405895621139002,0.37662827501657553,0.8571428571428571,0.8571428571428571,1.283681208251469
食用菌,销量加权成本,指数平滑,近期滚动回测,2023-05-05,2023-05-06,2023-05-12,1029,7,2023-05-05,通过,0.10373132920184859,0.35685136158131775,0.5712812360657916,0.5714285714285714,1.0,1.5012663229595515
食用菌,销量加权成本,指数平滑,近期滚动回测,2023-05-12,2023-05-13,2023-05-19,1036,7,2023-05-12,通过,0.03906408683249718,0.1346431143132883,0.19912870685759124,0.7142857142857143,1.0,1.562283316895087
食用菌,销量加权成本,指数平滑,近期滚动回测,2023-05-19,2023-05-20,2023-05-26,1043,7,2023-05-19,通过,0.09952397264975196,0.37436287542651453,0.5058694783255604,1.0,0.8571428571428571,1.50131221710805
食用菌,销量加权成本,指数平滑,近期滚动回测,2023-05-26,2023-05-27,2023-06-02,1050,7,2023-05-26,通过,0.22731095309870572,0.7220705913111036,0.24817850691548649,1.0,0.2857142857142857,1.4435658843280947
食用菌,销量加权成本,指数平滑,近期滚动回测,2023-06-02,2023-06-03,2023-06-09,1057,7,2023-06-02,通过,0.05094607807510237,0.15680683510431415,0.27031860794196505,0.5714285714285714,1.0,1.492184801170536
食用菌,销量加权成本,指数平滑,近期滚动回测,2023-06-09,2023-06-10,2023-06-16,1064,7,2023-06-09,通过,0.15968747643890335,0.5783976518711399,0.41250241614836036,1.0,0.5714285714285714,1.384062723205389
食用菌,销量加权成本,指数平滑,近期滚动回测,2023-06-16,2023-06-17,2023-06-23,1071,7,2023-06-16,通过,0.09600536678315497,0.36241303404450637,0.5867114927578932,0.8571428571428571,1.0,1.2672564641557216
食用菌,销量加权成本,滞后稳健回归,八折主要回测,2021-03-31,2021-04-01,2021-04-07,272,7,2021-03-31,通过,0.16926376573633273,0.9524711006366564,0.869033741407636,0.0,0.8571428571428571,3.8147856119926224
食用菌,销量加权成本,滞后稳健回归,八折主要回测,2021-06-30,2021-07-01,2021-07-07,363,7,2021-06-30,通过,0.10714462537223374,0.80508086235044,0.6628302652794793,0.8571428571428571,1.0,3.4298873627963893
食用菌,销量加权成本,滞后稳健回归,八折主要回测,2021-09-30,2021-10-01,2021-10-07,455,7,2021-09-30,通过,0.17193421933827205,1.2801998679175355,1.4352317033786257,0.14285714285714285,0.8571428571428571,3.2611781000410653
食用菌,销量加权成本,滞后稳健回归,八折主要回测,2021-12-31,2022-01-01,2022-01-07,547,7,2021-12-31,通过,0.152805394778005,0.8524356851556396,1.6142613968535493,0.7142857142857143,0.8571428571428571,4.3760462484623055
食用菌,销量加权成本,滞后稳健回归,八折主要回测,2022-03-31,2022-04-01,2022-04-07,636,7,2022-03-31,通过,0.19863454931521182,1.147123195402553,1.3947173771683667,0.14285714285714285,0.7142857142857143,4.073206833700794
食用菌,销量加权成本,滞后稳健回归,八折主要回测,2022-06-30,2022-07-01,2022-07-07,727,7,2022-06-30,通过,0.15660978348600277,0.7300256232378235,1.4421013473517672,0.42857142857142855,1.0,4.363272439749005
食用菌,销量加权成本,滞后稳健回归,八折主要回测,2022-09-30,2022-10-01,2022-10-07,819,7,2022-09-30,通过,0.0782055206336473,0.39276733222240257,0.3996305923786923,0.7142857142857143,1.0,3.632088473758352
食用菌,销量加权成本,滞后稳健回归,八折主要回测,2022-12-31,2023-01-01,2023-01-07,905,7,2022-12-31,通过,0.09954286764385456,0.4012962063322028,0.15188404790104837,0.0,1.0,2.122606988788775
食用菌,销量加权成本,滞后稳健回归,近期滚动回测,2023-03-17,2023-03-18,2023-03-24,980,7,2023-03-17,通过,0.15723272368840507,0.7081750387027422,0.2686387297595507,1.0,1.0,2.7402298525495086
食用菌,销量加权成本,滞后稳健回归,近期滚动回测,2023-03-24,2023-03-25,2023-03-31,987,7,2023-03-24,通过,0.056333082622156465,0.23677245795246268,0.16704160414932412,0.14285714285714285,1.0,2.737040205504987
食用菌,销量加权成本,滞后稳健回归,近期滚动回测,2023-03-31,2023-04-01,2023-04-07,994,7,2023-03-31,通过,0.050632285799691104,0.21544118235100282,0.2607441181698718,1.0,1.0,1.3870703777668518
食用菌,销量加权成本,滞后稳健回归,近期滚动回测,2023-04-07,2023-04-08,2023-04-14,1001,7,2023-04-07,通过,0.061810988760510395,0.25736614670575614,0.3816282962303051,0.7142857142857143,0.8571428571428571,1.237453926213595
食用菌,销量加权成本,滞后稳健回归,近期滚动回测,2023-04-14,2023-04-15,2023-04-21,1008,7,2023-04-14,通过,0.07630546371808698,0.2994008314035795,0.42690049999279106,0.14285714285714285,0.8571428571428571,1.1900659482852234
食用菌,销量加权成本,滞后稳健回归,近期滚动回测,2023-04-21,2023-04-22,2023-04-28,1015,7,2023-04-21,通过,0.05994134268368783,0.21696024840724876,0.3637836004662855,0.5714285714285714,0.8571428571428571,1.1454427719169333
食用菌,销量加权成本,滞后稳健回归,近期滚动回测,2023-04-28,2023-04-29,2023-05-05,1022,7,2023-04-28,通过,0.13672278316598083,0.4628000600812269,0.37662827501657553,0.8571428571428571,0.8571428571428571,1.283681208251469
食用菌,销量加权成本,滞后稳健回归,近期滚动回测,2023-05-05,2023-05-06,2023-05-12,1029,7,2023-05-05,通过,0.10323651468082282,0.3551491252664368,0.5712812360657916,0.42857142857142855,1.0,1.5012663229595506
食用菌,销量加权成本,滞后稳健回归,近期滚动回测,2023-05-12,2023-05-13,2023-05-19,1036,7,2023-05-12,通过,0.056372476101370445,0.19430034999629683,0.19912870685759124,0.2857142857142857,1.0,1.5622833168950867
食用菌,销量加权成本,滞后稳健回归,近期滚动回测,2023-05-19,2023-05-20,2023-05-26,1043,7,2023-05-19,通过,0.13661112440453546,0.5138674832375539,0.5058694783255604,0.0,0.8571428571428571,1.501312217108051
食用菌,销量加权成本,滞后稳健回归,近期滚动回测,2023-05-26,2023-05-27,2023-06-02,1050,7,2023-05-26,通过,0.4704039859622936,1.4942741635129215,0.24817850691548649,1.0,0.0,1.4435658843280947
食用菌,销量加权成本,滞后稳健回归,近期滚动回测,2023-06-02,2023-06-03,2023-06-09,1057,7,2023-06-02,通过,0.04982864988842877,0.15336750505126595,0.27031860794196505,0.42857142857142855,1.0,1.492184801170536
食用菌,销量加权成本,滞后稳健回归,近期滚动回测,2023-06-09,2023-06-10,2023-06-16,1064,7,2023-06-09,通过,0.20340300464879899,0.7367379264548156,0.41250241614836036,1.0,0.42857142857142855,1.384062723205389
食用菌,销量加权成本,滞后稳健回归,近期滚动回测,2023-06-16,2023-06-17,2023-06-23,1071,7,2023-06-16,通过,0.13932408029909155,0.5259379173114481,0.5867114927578932,0.14285714285714285,0.5714285714285714,1.2672564641557216
食用菌,固定篮子成本,近7日均值,八折主要回测,2021-03-31,2021-04-01,2021-04-07,271,7,2021-03-31,通过,0.03162041970133102,0.16765330971400122,0.34145222772309936,0.8571428571428571,1.0,2.1412382136749137
食用菌,固定篮子成本,近7日均值,八折主要回测,2021-06-30,2021-07-01,2021-07-07,362,7,2021-06-30,通过,0.06509206106553683,0.38606249944339854,0.31932828070974767,0.7142857142857143,0.8571428571428571,1.6481622483058231
食用菌,固定篮子成本,近7日均值,八折主要回测,2021-09-30,2021-10-01,2021-10-07,454,7,2021-09-30,通过,0.13856996059028573,1.3218870793527808,0.9060623113451175,0.7142857142857143,0.2857142857142857,2.187536211871077
食用菌,固定篮子成本,近7日均值,八折主要回测,2021-12-31,2022-01-01,2022-01-07,546,7,2021-12-31,通过,0.14936450492661005,0.9050264929552789,0.09284869846345394,1.0,1.0,4.04473530560524
食用菌,固定篮子成本,近7日均值,八折主要回测,2022-03-31,2022-04-01,2022-04-07,635,7,2022-03-31,通过,0.3318768337838087,1.3884864716999703,1.332411683796865,0.0,1.0,9.873564285443338
食用菌,固定篮子成本,近7日均值,八折主要回测,2022-06-30,2022-07-01,2022-07-07,726,7,2022-06-30,通过,0.04189915374825599,0.2894550111392792,0.5772152197871617,0.8571428571428571,1.0,6.7981699648511285
食用菌,固定篮子成本,近7日均值,八折主要回测,2022-09-30,2022-10-01,2022-10-07,818,7,2022-09-30,通过,0.09309917541602965,0.5645744593274372,1.0156428369195114,1.0,1.0,7.363009598323755
食用菌,固定篮子成本,近7日均值,八折主要回测,2022-12-31,2023-01-01,2023-01-07,904,7,2022-12-31,通过,0.06399161916110249,0.3604724787383586,0.17116758101456883,1.0,1.0,3.1350695748501494
食用菌,固定篮子成本,近7日均值,近期滚动回测,2023-03-17,2023-03-18,2023-03-24,979,7,2023-03-17,通过,0.3563914133149988,1.1347672567245444,0.056486650228497894,0.5714285714285714,1.0,2.5017571572855353
食用菌,固定篮子成本,近7日均值,近期滚动回测,2023-03-24,2023-03-25,2023-03-31,986,7,2023-03-24,通过,0.03573144817610572,0.11798646222850222,0.0172876602554984,0.5714285714285714,1.0,3.36389523099927
食用菌,固定篮子成本,近7日均值,近期滚动回测,2023-03-31,2023-04-01,2023-04-07,993,7,2023-03-31,通过,0.021192470803996135,0.0714933838397622,0.02538993913055528,0.14285714285714285,1.0,3.6742146933863333
食用菌,固定篮子成本,近7日均值,近期滚动回测,2023-04-07,2023-04-08,2023-04-14,1000,7,2023-04-07,通过,0.016225837167867758,0.05536961182232452,0.04190050237156825,0.2857142857142857,1.0,3.724049704808956
食用菌,固定篮子成本,近7日均值,近期滚动回测,2023-04-14,2023-04-15,2023-04-21,1007,7,2023-04-14,通过,0.029245624683671385,0.09696304338507154,0.036564996592333,0.42857142857142855,1.0,3.5625883004969623
食用菌,固定篮子成本,近7日均值,近期滚动回测,2023-04-21,2023-04-22,2023-04-28,1014,7,2023-04-21,通过,0.02683082205618677,0.09014491128572548,0.049007296809026935,0.7142857142857143,1.0,3.3241402506609106
食用菌,固定篮子成本,近7日均值,近期滚动回测,2023-04-28,2023-04-29,2023-05-05,1021,7,2023-04-28,通过,0.048532368612886345,0.17137391011405997,0.042782830934509374,0.0,1.0,2.8585284510328037
食用菌,固定篮子成本,近7日均值,近期滚动回测,2023-05-05,2023-05-06,2023-05-12,1028,7,2023-05-05,通过,0.02639221016972455,0.0907978640136365,0.03482054782563989,0.0,1.0,2.172169399353004
食用菌,固定篮子成本,近7日均值,近期滚动回测,2023-05-12,2023-05-13,2023-05-19,1035,7,2023-05-12,通过,0.029295277576126936,0.097999993804158,0.067892336194882,0.7142857142857143,1.0,0.7709073850170141
食用菌,固定篮子成本,近7日均值,近期滚动回测,2023-05-19,2023-05-20,2023-05-26,1042,7,2023-05-19,通过,0.036294866732831686,0.1225245546524911,0.11280874391332829,0.7142857142857143,0.7142857142857143,0.3223626991974724
食用菌,固定篮子成本,近7日均值,近期滚动回测,2023-05-26,2023-05-27,2023-06-02,1049,7,2023-05-26,通过,0.05348812246875241,0.17139795527941257,0.057261412840944624,0.2857142857142857,0.2857142857142857,0.30727688733457104
食用菌,固定篮子成本,近7日均值,近期滚动回测,2023-06-02,2023-06-03,2023-06-09,1056,7,2023-06-02,通过,0.019993501428504777,0.06487142090725222,0.050616510779554424,0.42857142857142855,1.0,0.36619913357899136
食用菌,固定篮子成本,近7日均值,近期滚动回测,2023-06-09,2023-06-10,2023-06-16,1063,7,2023-06-09,通过,0.023286219393849866,0.07383570260878562,0.016361496028917344,0.7142857142857143,1.0,0.3917383401038901
食用菌,固定篮子成本,近7日均值,近期滚动回测,2023-06-16,2023-06-17,2023-06-23,1070,7,2023-06-16,通过,0.00704864424879964,0.02221430897780349,0.020591410437774238,0.5714285714285714,1.0,0.43407904582152224
食用菌,固定篮子成本,近14日均值,八折主要回测,2021-03-31,2021-04-01,2021-04-07,271,7,2021-03-31,通过,0.03714729493162741,0.19695712457438777,0.34145222772309936,0.8571428571428571,1.0,2.141238213674912
食用菌,固定篮子成本,近14日均值,八折主要回测,2021-06-30,2021-07-01,2021-07-07,362,7,2021-06-30,通过,0.06404831338052498,0.37987200810747,0.31932828070974767,0.7142857142857143,0.8571428571428571,1.6481622483058231
食用菌,固定篮子成本,近14日均值,八折主要回测,2021-09-30,2021-10-01,2021-10-07,454,7,2021-09-30,通过,0.1808783682149888,1.725487810339828,0.9060623113451175,0.7142857142857143,0.14285714285714285,2.1875362118710773
食用菌,固定篮子成本,近14日均值,八折主要回测,2021-12-31,2022-01-01,2022-01-07,546,7,2021-12-31,通过,0.0814848971286271,0.4937316982597573,0.09284869846345394,1.0,1.0,4.04473530560524
食用菌,固定篮子成本,近14日均值,八折主要回测,2022-03-31,2022-04-01,2022-04-07,635,7,2022-03-31,通过,0.357137609873872,1.4941709976905462,1.332411683796865,0.0,1.0,9.873564285443338
食用菌,固定篮子成本,近14日均值,八折主要回测,2022-06-30,2022-07-01,2022-07-07,726,7,2022-06-30,通过,0.044258277228693924,0.3057527177090096,0.5772152197871617,0.8571428571428571,1.0,6.798169964851128
食用菌,固定篮子成本,近14日均值,八折主要回测,2022-09-30,2022-10-01,2022-10-07,818,7,2022-09-30,通过,0.1166850613507449,0.707604606907646,1.0156428369195114,1.0,1.0,7.3630095983237505
食用菌,固定篮子成本,近14日均值,八折主要回测,2022-12-31,2023-01-01,2023-01-07,904,7,2022-12-31,通过,0.06750849490159803,0.3802834623048102,0.17116758101456883,1.0,1.0,3.1350695748501494
食用菌,固定篮子成本,近14日均值,近期滚动回测,2023-03-17,2023-03-18,2023-03-24,979,7,2023-03-17,通过,0.5150612573279312,1.6399796072149457,0.056486650228497894,0.5714285714285714,0.0,2.5017571572855353
食用菌,固定篮子成本,近14日均值,近期滚动回测,2023-03-24,2023-03-25,2023-03-31,986,7,2023-03-24,通过,0.1360970678237566,0.44939716613376973,0.0172876602554984,0.42857142857142855,1.0,3.36389523099927
食用菌,固定篮子成本,近14日均值,近期滚动回测,2023-03-31,2023-04-01,2023-04-07,993,7,2023-03-31,通过,0.03867957605592076,0.13048661495401356,0.02538993913055528,0.14285714285714285,1.0,3.6742146933863333
食用菌,固定篮子成本,近14日均值,近期滚动回测,2023-04-07,2023-04-08,2023-04-14,1000,7,2023-04-07,通过,0.023695779366119045,0.08086030272309655,0.04190050237156825,0.2857142857142857,1.0,3.7240497048089582
食用菌,固定篮子成本,近14日均值,近期滚动回测,2023-04-14,2023-04-15,2023-04-21,1007,7,2023-04-14,通过,0.023378090488312072,0.07750939933055877,0.036564996592333,0.42857142857142855,1.0,3.562588300496962
食用菌,固定篮子成本,近14日均值,近期滚动回测,2023-04-21,2023-04-22,2023-04-28,1014,7,2023-04-21,通过,0.024769380788228917,0.08321897961536338,0.049007296809026935,0.7142857142857143,1.0,3.324140250660911
食用菌,固定篮子成本,近14日均值,近期滚动回测,2023-04-28,2023-04-29,2023-05-05,1021,7,2023-04-28,通过,0.05480237111121613,0.19351407914505167,0.042782830934509374,0.0,1.0,2.858528451032804
食用菌,固定篮子成本,近14日均值,近期滚动回测,2023-05-05,2023-05-06,2023-05-12,1028,7,2023-05-05,通过,0.016378391828651254,0.05634704272421504,0.03482054782563989,1.0,1.0,2.1721693993530042
食用菌,固定篮子成本,近14日均值,近期滚动回测,2023-05-12,2023-05-13,2023-05-19,1035,7,2023-05-12,通过,0.0419933607236375,0.140478241929542,0.067892336194882,0.7142857142857143,1.0,0.7709073850170141
食用菌,固定篮子成本,近14日均值,近期滚动回测,2023-05-19,2023-05-20,2023-05-26,1042,7,2023-05-19,通过,0.03428308871326752,0.1157331753722967,0.11280874391332829,0.7142857142857143,0.8571428571428571,0.3223626991974724
食用菌,固定篮子成本,近14日均值,近期滚动回测,2023-05-26,2023-05-27,2023-06-02,1049,7,2023-05-26,通过,0.04871960119401275,0.1561176508216476,0.057261412840944624,0.2857142857142857,0.42857142857142855,0.30727688733457104
食用菌,固定篮子成本,近14日均值,近期滚动回测,2023-06-02,2023-06-03,2023-06-09,1056,7,2023-06-02,通过,0.020728062804036104,0.06725479734307578,0.050616510779554424,0.5714285714285714,1.0,0.36619913357899136
食用菌,固定篮子成本,近14日均值,近期滚动回测,2023-06-09,2023-06-10,2023-06-16,1063,7,2023-06-09,通过,0.0169449271796379,0.05372879911514155,0.016361496028917344,0.7142857142857143,1.0,0.3917383401038901
食用菌,固定篮子成本,近14日均值,近期滚动回测,2023-06-16,2023-06-17,2023-06-23,1070,7,2023-06-16,通过,0.017811933803043287,0.056135589629221085,0.020591410437774238,0.5714285714285714,1.0,0.43407904582152224
食用菌,固定篮子成本,近7日中位数,八折主要回测,2021-03-31,2021-04-01,2021-04-07,271,7,2021-03-31,通过,0.03297065860669808,0.1748123551513352,0.34145222772309936,0.8571428571428571,1.0,2.141238213674912
食用菌,固定篮子成本,近7日中位数,八折主要回测,2021-06-30,2021-07-01,2021-07-07,362,7,2021-06-30,通过,0.06361234015337944,0.37728624094927926,0.31932828070974767,0.7142857142857143,0.8571428571428571,1.6481622483058231
食用菌,固定篮子成本,近7日中位数,八折主要回测,2021-09-30,2021-10-01,2021-10-07,454,7,2021-09-30,通过,0.16397222089539215,1.5642117472724035,0.9060623113451175,0.7142857142857143,0.2857142857142857,2.187536211871077
食用菌,固定篮子成本,近7日中位数,八折主要回测,2021-12-31,2022-01-01,2022-01-07,546,7,2021-12-31,通过,0.021745841576281247,0.1317619788437214,0.09284869846345394,0.0,1.0,4.044735305605243
食用菌,固定篮子成本,近7日中位数,八折主要回测,2022-03-31,2022-04-01,2022-04-07,635,7,2022-03-31,通过,0.32917574390519533,1.3771858132221222,1.332411683796865,0.0,1.0,9.873564285443338
食用菌,固定篮子成本,近7日中位数,八折主要回测,2022-06-30,2022-07-01,2022-07-07,726,7,2022-06-30,通过,0.042157114931360894,0.2912371033881528,0.5772152197871617,0.8571428571428571,1.0,6.798169964851128
食用菌,固定篮子成本,近7日中位数,八折主要回测,2022-09-30,2022-10-01,2022-10-07,818,7,2022-09-30,通过,0.12823157176432626,0.7776252579470958,1.0156428369195114,1.0,1.0,7.3630095983237505
食用菌,固定篮子成本,近7日中位数,八折主要回测,2022-12-31,2023-01-01,2023-01-07,904,7,2022-12-31,通过,0.06306698492899139,0.355263903022587,0.17116758101456883,1.0,1.0,3.1350695748501494
食用菌,固定篮子成本,近7日中位数,近期滚动回测,2023-03-17,2023-03-18,2023-03-24,979,7,2023-03-17,通过,0.5518051990422876,1.7569740699956573,0.056486650228497894,0.5714285714285714,0.0,2.5017571572855353
食用菌,固定篮子成本,近7日中位数,近期滚动回测,2023-03-24,2023-03-25,2023-03-31,986,7,2023-03-24,通过,0.03289355591242797,0.10861564505012426,0.0172876602554984,0.5714285714285714,1.0,3.3638952309992716
食用菌,固定篮子成本,近7日中位数,近期滚动回测,2023-03-31,2023-04-01,2023-04-07,993,7,2023-03-31,通过,0.028958707925551903,0.09769299863018574,0.02538993913055528,0.14285714285714285,1.0,3.674214693386333
食用菌,固定篮子成本,近7日中位数,近期滚动回测,2023-04-07,2023-04-08,2023-04-14,1000,7,2023-04-07,通过,0.01495141438655426,0.051020727141132545,0.04190050237156825,0.2857142857142857,1.0,3.7240497048089582
食用菌,固定篮子成本,近7日中位数,近期滚动回测,2023-04-14,2023-04-15,2023-04-21,1007,7,2023-04-14,通过,0.031494769252102726,0.10442001873529781,0.036564996592333,0.42857142857142855,1.0,3.562588300496962
食用菌,固定篮子成本,近7日中位数,近期滚动回测,2023-04-21,2023-04-22,2023-04-28,1014,7,2023-04-21,通过,0.027139098672664265,0.09118064430149493,0.049007296809026935,0.7142857142857143,1.0,3.324140250660911
食用菌,固定篮子成本,近7日中位数,近期滚动回测,2023-04-28,2023-04-29,2023-05-05,1021,7,2023-04-28,通过,0.03488112754533191,0.1231696574364921,0.042782830934509374,0.0,1.0,2.8585284510328037
食用菌,固定篮子成本,近7日中位数,近期滚动回测,2023-05-05,2023-05-06,2023-05-12,1028,7,2023-05-05,通过,0.026221987267170236,0.0902122413674565,0.03482054782563989,0.0,1.0,2.1721693993530047
食用菌,固定篮子成本,近7日中位数,近期滚动回测,2023-05-12,2023-05-13,2023-05-19,1035,7,2023-05-12,通过,0.03626682083913239,0.12132154093080853,0.067892336194882,0.7142857142857143,1.0,0.7709073850170141
食用菌,固定篮子成本,近7日中位数,近期滚动回测,2023-05-19,2023-05-20,2023-05-26,1042,7,2023-05-19,通过,0.03524338597239555,0.1189749559490039,0.11280874391332829,0.7142857142857143,0.8571428571428571,0.3223626991974724
食用菌,固定篮子成本,近7日中位数,近期滚动回测,2023-05-26,2023-05-27,2023-06-02,1049,7,2023-05-26,通过,0.06481166856692039,0.2076832567287575,0.057261412840944624,0.2857142857142857,0.2857142857142857,0.30727688733457104
食用菌,固定篮子成本,近7日中位数,近期滚动回测,2023-06-02,2023-06-03,2023-06-09,1056,7,2023-06-02,通过,0.02211940266353404,0.0717691738755348,0.050616510779554424,0.42857142857142855,1.0,0.36619913357899136
食用菌,固定篮子成本,近7日中位数,近期滚动回测,2023-06-09,2023-06-10,2023-06-16,1063,7,2023-06-09,通过,0.02545811686412704,0.08072233255072085,0.016361496028917344,0.7142857142857143,1.0,0.3917383401038901
食用菌,固定篮子成本,近7日中位数,近期滚动回测,2023-06-16,2023-06-17,2023-06-23,1070,7,2023-06-16,通过,0.006694821896138997,0.021099212402090308,0.020591410437774238,0.5714285714285714,1.0,0.43407904582152224
食用菌,固定篮子成本,近14日中位数,八折主要回测,2021-03-31,2021-04-01,2021-04-07,271,7,2021-03-31,通过,0.037607923320365874,0.19939940316049334,0.34145222772309936,0.8571428571428571,1.0,2.141238213674912
食用菌,固定篮子成本,近14日中位数,八折主要回测,2021-06-30,2021-07-01,2021-07-07,362,7,2021-06-30,通过,0.0658204083465554,0.3903823437864702,0.31932828070974767,0.7142857142857143,0.8571428571428571,1.6481622483058231
食用菌,固定篮子成本,近14日中位数,八折主要回测,2021-09-30,2021-10-01,2021-10-07,454,7,2021-09-30,通过,0.21503600130053652,2.051334289942738,0.9060623113451175,0.7142857142857143,0.14285714285714285,2.187536211871077
食用菌,固定篮子成本,近14日中位数,八折主要回测,2021-12-31,2022-01-01,2022-01-07,546,7,2021-12-31,通过,0.009754350044286132,0.059103367402958566,0.09284869846345394,1.0,1.0,4.04473530560524
食用菌,固定篮子成本,近14日中位数,八折主要回测,2022-03-31,2022-04-01,2022-04-07,635,7,2022-03-31,通过,0.3653237031002817,1.5284194855146434,1.332411683796865,0.0,1.0,9.873564285443338
食用菌,固定篮子成本,近14日中位数,八折主要回测,2022-06-30,2022-07-01,2022-07-07,726,7,2022-06-30,通过,0.043909634675200405,0.3033441646673078,0.5772152197871617,0.8571428571428571,1.0,6.7981699648511285
食用菌,固定篮子成本,近14日中位数,八折主要回测,2022-09-30,2022-10-01,2022-10-07,818,7,2022-09-30,通过,0.13498185160447096,0.8185604818524453,1.0156428369195114,1.0,1.0,7.363009598323755
食用菌,固定篮子成本,近14日中位数,八折主要回测,2022-12-31,2023-01-01,2023-01-07,904,7,2022-12-31,通过,0.06451624989042488,0.36342778666618347,0.17116758101456883,1.0,1.0,3.1350695748501494
食用菌,固定篮子成本,近14日中位数,近期滚动回测,2023-03-17,2023-03-18,2023-03-24,979,7,2023-03-17,通过,0.6589857873869349,2.0982421748545113,0.056486650228497894,0.5714285714285714,0.0,2.5017571572855353
食用菌,固定篮子成本,近14日中位数,近期滚动回测,2023-03-24,2023-03-25,2023-03-31,986,7,2023-03-24,通过,0.02028242824181735,0.06697327076868291,0.0172876602554984,0.5714285714285714,1.0,3.36389523099927
食用菌,固定篮子成本,近14日中位数,近期滚动回测,2023-03-31,2023-04-01,2023-04-07,993,7,2023-03-31,通过,0.030961105914979303,0.10444814338806394,0.02538993913055528,0.14285714285714285,1.0,3.6742146933863333
食用菌,固定篮子成本,近14日中位数,近期滚动回测,2023-04-07,2023-04-08,2023-04-14,1000,7,2023-04-07,通过,0.021057303257938465,0.07185667496564914,0.04190050237156825,0.2857142857142857,1.0,3.7240497048089582
食用菌,固定篮子成本,近14日中位数,近期滚动回测,2023-04-14,2023-04-15,2023-04-21,1007,7,2023-04-14,通过,0.021208426978200075,0.07031594118639216,0.036564996592333,0.42857142857142855,1.0,3.5625883004969623
食用菌,固定篮子成本,近14日中位数,近期滚动回测,2023-04-21,2023-04-22,2023-04-28,1014,7,2023-04-21,通过,0.025191068828876714,0.0846357469039259,0.049007296809026935,0.7142857142857143,1.0,3.3241402506609106
食用菌,固定篮子成本,近14日中位数,近期滚动回测,2023-04-28,2023-04-29,2023-05-05,1021,7,2023-04-28,通过,0.05990622917082373,0.2115364451935505,0.042782830934509374,0.0,1.0,2.8585284510328037
食用菌,固定篮子成本,近14日中位数,近期滚动回测,2023-05-05,2023-05-06,2023-05-12,1028,7,2023-05-05,通过,0.015773197379834212,0.05426497521595713,0.03482054782563989,1.0,1.0,2.1721693993530047
食用菌,固定篮子成本,近14日中位数,近期滚动回测,2023-05-12,2023-05-13,2023-05-19,1035,7,2023-05-12,通过,0.0467867594051562,0.1565133533862943,0.067892336194882,0.7142857142857143,1.0,0.7709073850170141
食用菌,固定篮子成本,近14日中位数,近期滚动回测,2023-05-19,2023-05-20,2023-05-26,1042,7,2023-05-19,通过,0.034423862904281954,0.11620840221876991,0.11280874391332829,0.7142857142857143,0.8571428571428571,0.3223626991974724
食用菌,固定篮子成本,近14日中位数,近期滚动回测,2023-05-26,2023-05-27,2023-06-02,1049,7,2023-05-26,通过,0.05366000467797777,0.17194873660899365,0.057261412840944624,0.2857142857142857,0.2857142857142857,0.30727688733457104
食用菌,固定篮子成本,近14日中位数,近期滚动回测,2023-06-02,2023-06-03,2023-06-09,1056,7,2023-06-02,通过,0.018438326225940403,0.059825460072886284,0.050616510779554424,0.5714285714285714,1.0,0.36619913357899136
食用菌,固定篮子成本,近14日中位数,近期滚动回测,2023-06-09,2023-06-10,2023-06-16,1063,7,2023-06-09,通过,0.011939342098891451,0.03785714192794774,0.016361496028917344,0.7142857142857143,1.0,0.3917383401038901
食用菌,固定篮子成本,近14日中位数,近期滚动回测,2023-06-16,2023-06-17,2023-06-23,1070,7,2023-06-16,通过,0.012774662989863177,0.04026026860306623,0.020591410437774238,0.5714285714285714,1.0,0.4340790458215231
食用菌,固定篮子成本,指数加权移动平均,八折主要回测,2021-03-31,2021-04-01,2021-04-07,271,7,2021-03-31,通过,0.034142331835988325,0.18102463495815677,0.34145222772309936,0.8571428571428571,1.0,2.1412382136749137
食用菌,固定篮子成本,指数加权移动平均,八折主要回测,2021-06-30,2021-07-01,2021-07-07,362,7,2021-06-30,通过,0.06313424600181516,0.3744506536272502,0.31932828070974767,0.7142857142857143,0.8571428571428571,1.6481622483058231
食用菌,固定篮子成本,指数加权移动平均,八折主要回测,2021-09-30,2021-10-01,2021-10-07,454,7,2021-09-30,通过,0.09374272831412452,0.8942580398655778,0.9060623113451175,0.7142857142857143,0.5714285714285714,2.187536211871077
食用菌,固定篮子成本,指数加权移动平均,八折主要回测,2021-12-31,2022-01-01,2022-01-07,546,7,2021-12-31,通过,0.17808664977125666,1.07905915239921,0.09284869846345394,1.0,1.0,4.04473530560524
食用菌,固定篮子成本,指数加权移动平均,八折主要回测,2022-03-31,2022-04-01,2022-04-07,635,7,2022-03-31,通过,0.32036184798491596,1.3403107619907624,1.332411683796865,0.0,1.0,9.873564285443338
食用菌,固定篮子成本,指数加权移动平均,八折主要回测,2022-06-30,2022-07-01,2022-07-07,726,7,2022-06-30,通过,0.04477383151179983,0.30931435935112833,0.5772152197871617,0.8571428571428571,1.0,6.798169964851128
食用菌,固定篮子成本,指数加权移动平均,八折主要回测,2022-09-30,2022-10-01,2022-10-07,818,7,2022-09-30,通过,0.11046320093648028,0.6698738379325492,1.0156428369195114,1.0,1.0,7.363009598323755
食用菌,固定篮子成本,指数加权移动平均,八折主要回测,2022-12-31,2023-01-01,2023-01-07,904,7,2022-12-31,通过,0.06881365069854395,0.38763556171145896,0.17116758101456883,1.0,1.0,3.1350695748501494
食用菌,固定篮子成本,指数加权移动平均,近期滚动回测,2023-03-17,2023-03-18,2023-03-24,979,7,2023-03-17,通过,0.1714547916369544,0.5459202334546172,0.056486650228497894,0.5714285714285714,1.0,2.5017571572855357
食用菌,固定篮子成本,指数加权移动平均,近期滚动回测,2023-03-24,2023-03-25,2023-03-31,986,7,2023-03-24,通过,0.011061919067824963,0.03652683456427778,0.0172876602554984,0.5714285714285714,1.0,3.3638952309992716
食用菌,固定篮子成本,指数加权移动平均,近期滚动回测,2023-03-31,2023-04-01,2023-04-07,993,7,2023-03-31,通过,0.014040945366459388,0.04736751584284945,0.02538993913055528,0.14285714285714285,1.0,3.674214693386333
食用菌,固定篮子成本,指数加权移动平均,近期滚动回测,2023-04-07,2023-04-08,2023-04-14,1000,7,2023-04-07,通过,0.017005028446001783,0.05802855127544929,0.04190050237156825,0.2857142857142857,1.0,3.7240497048089582
食用菌,固定篮子成本,指数加权移动平均,近期滚动回测,2023-04-14,2023-04-15,2023-04-21,1007,7,2023-04-14,通过,0.0180112397905689,0.05971575728409505,0.036564996592333,0.42857142857142855,1.0,3.5625883004969623
食用菌,固定篮子成本,指数加权移动平均,近期滚动回测,2023-04-21,2023-04-22,2023-04-28,1014,7,2023-04-21,通过,0.02704470649942741,0.09086350999734709,0.049007296809026935,0.7142857142857143,1.0,3.3241402506609106
食用菌,固定篮子成本,指数加权移动平均,近期滚动回测,2023-04-28,2023-04-29,2023-05-05,1021,7,2023-04-28,通过,0.033560650716260146,0.11850688733313973,0.042782830934509374,0.0,1.0,2.8585284510328037
食用菌,固定篮子成本,指数加权移动平均,近期滚动回测,2023-05-05,2023-05-06,2023-05-12,1028,7,2023-05-05,通过,0.023947357512476748,0.08238676855484035,0.03482054782563989,0.0,1.0,2.1721693993530047
食用菌,固定篮子成本,指数加权移动平均,近期滚动回测,2023-05-12,2023-05-13,2023-05-19,1035,7,2023-05-12,通过,0.020911433147950038,0.06995394782008083,0.067892336194882,0.7142857142857143,1.0,0.7709073850170141
食用菌,固定篮子成本,指数加权移动平均,近期滚动回测,2023-05-19,2023-05-20,2023-05-26,1042,7,2023-05-19,通过,0.037976298410537415,0.12820074762506722,0.11280874391332829,0.7142857142857143,0.5714285714285714,0.3223626991974724
食用菌,固定篮子成本,指数加权移动平均,近期滚动回测,2023-05-26,2023-05-27,2023-06-02,1049,7,2023-05-26,通过,0.03437142653013906,0.11014019478331859,0.057261412840944624,0.2857142857142857,0.7142857142857143,0.30727688733457104
食用菌,固定篮子成本,指数加权移动平均,近期滚动回测,2023-06-02,2023-06-03,2023-06-09,1056,7,2023-06-02,通过,0.019798867976784425,0.06423990828229595,0.050616510779554424,0.42857142857142855,1.0,0.36619913357899136
食用菌,固定篮子成本,指数加权移动平均,近期滚动回测,2023-06-09,2023-06-10,2023-06-16,1063,7,2023-06-09,通过,0.011216707027713957,0.03556581814937714,0.016361496028917344,0.7142857142857143,1.0,0.3917383401038901
食用菌,固定篮子成本,指数加权移动平均,近期滚动回测,2023-06-16,2023-06-17,2023-06-23,1070,7,2023-06-16,通过,0.006677294485692606,0.02104397350826995,0.020591410437774238,0.5714285714285714,1.0,0.43407904582152224
食用菌,固定篮子成本,同星期最近4次统计,八折主要回测,2021-03-31,2021-04-01,2021-04-07,271,7,2021-03-31,通过,0.04524250448525019,0.23987839783111603,0.3243112141687409,0.5714285714285714,1.0,2.1412382136749133
食用菌,固定篮子成本,同星期最近4次统计,八折主要回测,2021-06-30,2021-07-01,2021-07-07,362,7,2021-06-30,通过,0.08473515015179385,0.5025661090278984,0.40777078149431806,0.5714285714285714,0.8571428571428571,1.6481622483058231
食用菌,固定篮子成本,同星期最近4次统计,八折主要回测,2021-09-30,2021-10-01,2021-10-07,454,7,2021-09-30,通过,0.21225716096119163,2.0248255637764276,0.9500204494119736,0.7142857142857143,0.14285714285714285,2.1875362118710773
食用菌,固定篮子成本,同星期最近4次统计,八折主要回测,2021-12-31,2022-01-01,2022-01-07,546,7,2021-12-31,通过,0.027229014262136437,0.1649855117613043,0.1256584512863701,0.42857142857142855,1.0,4.04473530560524
食用菌,固定篮子成本,同星期最近4次统计,八折主要回测,2022-03-31,2022-04-01,2022-04-07,635,7,2022-03-31,通过,0.30971403980123713,1.2957630981850836,0.9633261566185615,0.2857142857142857,1.0,9.873564285443338
食用菌,固定篮子成本,同星期最近4次统计,八折主要回测,2022-06-30,2022-07-01,2022-07-07,726,7,2022-06-30,通过,0.18730613537750054,1.2939807765068874,1.0562347743208818,0.2857142857142857,1.0,6.7981699648511285
食用菌,固定篮子成本,同星期最近4次统计,八折主要回测,2022-09-30,2022-10-01,2022-10-07,818,7,2022-09-30,通过,0.20023506948362035,1.2142707557498136,1.6030220340524535,0.2857142857142857,1.0,7.363009598323751
食用菌,固定篮子成本,同星期最近4次统计,八折主要回测,2022-12-31,2023-01-01,2023-01-07,904,7,2022-12-31,通过,0.07997049681782062,0.45048341629368405,0.12703408018954532,0.42857142857142855,1.0,3.1350695748501494
食用菌,固定篮子成本,同星期最近4次统计,近期滚动回测,2023-03-17,2023-03-18,2023-03-24,979,7,2023-03-17,通过,0.6843412183706824,2.178975076337367,0.06312373983623291,0.5714285714285714,0.0,2.5017571572855353
食用菌,固定篮子成本,同星期最近4次统计,近期滚动回测,2023-03-24,2023-03-25,2023-03-31,986,7,2023-03-24,通过,0.4617407982103609,1.5246838857160132,0.19511844379769458,0.42857142857142855,0.42857142857142855,3.36389523099927
食用菌,固定篮子成本,同星期最近4次统计,近期滚动回测,2023-03-31,2023-04-01,2023-04-07,993,7,2023-03-31,通过,0.14828020336110703,0.5002273492685262,0.20364459330839746,0.7142857142857143,1.0,3.6742146933863333
食用菌,固定篮子成本,同星期最近4次统计,近期滚动回测,2023-04-07,2023-04-08,2023-04-14,1000,7,2023-04-07,通过,0.030619728958786736,0.10448782944218367,0.05469763695847951,0.2857142857142857,1.0,3.7240497048089574
食用菌,固定篮子成本,同星期最近4次统计,近期滚动回测,2023-04-14,2023-04-15,2023-04-21,1007,7,2023-04-14,通过,0.010964330764160509,0.03635192925686237,0.04703739131450183,0.42857142857142855,1.0,3.562588300496962
食用菌,固定篮子成本,同星期最近4次统计,近期滚动回测,2023-04-21,2023-04-22,2023-04-28,1014,7,2023-04-21,通过,0.026694377160467388,0.08968649025806348,0.055259842337558686,0.7142857142857143,1.0,3.3241402506609106
食用菌,固定篮子成本,同星期最近4次统计,近期滚动回测,2023-04-28,2023-04-29,2023-05-05,1021,7,2023-04-28,通过,0.04697339860222023,0.16586899052916523,0.032944130010904495,0.0,1.0,2.8585284510328037
食用菌,固定篮子成本,同星期最近4次统计,近期滚动回测,2023-05-05,2023-05-06,2023-05-12,1028,7,2023-05-05,通过,0.019146963281222926,0.06587183707247338,0.05161674383162188,1.0,1.0,2.1721693993530042
食用菌,固定篮子成本,同星期最近4次统计,近期滚动回测,2023-05-12,2023-05-13,2023-05-19,1035,7,2023-05-12,通过,0.020587050979093167,0.06886880874073453,0.061747817596779685,0.7142857142857143,1.0,0.7709073850170141
食用菌,固定篮子成本,同星期最近4次统计,近期滚动回测,2023-05-19,2023-05-20,2023-05-26,1042,7,2023-05-19,通过,0.0295244820764611,0.0996690260469134,0.11197363450697018,0.7142857142857143,0.8571428571428571,0.3223626991974724
食用菌,固定篮子成本,同星期最近4次统计,近期滚动回测,2023-05-26,2023-05-27,2023-06-02,1049,7,2023-05-26,通过,0.0651366576056438,0.20872465534501958,0.07358866366379509,0.2857142857142857,0.42857142857142855,0.30727688733457104
食用菌,固定篮子成本,同星期最近4次统计,近期滚动回测,2023-06-02,2023-06-03,2023-06-09,1056,7,2023-06-02,通过,0.03563923890862634,0.11563597683592539,0.09530908948838797,0.7142857142857143,0.8571428571428571,0.36619913357899136
食用菌,固定篮子成本,同星期最近4次统计,近期滚动回测,2023-06-09,2023-06-10,2023-06-16,1063,7,2023-06-09,通过,0.03857169673801331,0.12230273542026301,0.07584547687525071,0.7142857142857143,0.8571428571428571,0.3917383401038901
食用菌,固定篮子成本,同星期最近4次统计,近期滚动回测,2023-06-16,2023-06-17,2023-06-23,1070,7,2023-06-16,通过,0.024528509699790015,0.07730336132781522,0.042876297486227045,0.5714285714285714,1.0,0.43407904582152285
食用菌,固定篮子成本,同星期最近8次统计,八折主要回测,2021-03-31,2021-04-01,2021-04-07,271,7,2021-03-31,通过,0.04544652887845176,0.24096014706486177,0.34631047102926926,0.8571428571428571,1.0,2.141238213674913
食用菌,固定篮子成本,同星期最近8次统计,八折主要回测,2021-06-30,2021-07-01,2021-07-07,362,7,2021-06-30,通过,0.09919935652072354,0.5883536470447369,0.3758836905071625,0.5714285714285714,0.8571428571428571,1.6481622483058231
食用菌,固定篮子成本,同星期最近8次统计,八折主要回测,2021-09-30,2021-10-01,2021-10-07,454,7,2021-09-30,通过,0.2421562014065821,2.3100472314556675,0.9458063910523115,0.7142857142857143,0.14285714285714285,2.1875362118710773
食用菌,固定篮子成本,同星期最近8次统计,八折主要回测,2021-12-31,2022-01-01,2022-01-07,546,7,2021-12-31,通过,0.036424424011124765,0.2207021590363897,0.1873818774036319,0.14285714285714285,1.0,4.04473530560524
食用菌,固定篮子成本,同星期最近8次统计,八折主要回测,2022-03-31,2022-04-01,2022-04-07,635,7,2022-03-31,通过,0.5691539505778275,2.3811922986064764,1.7032748034207554,1.0,1.0,9.873564285443338
食用菌,固定篮子成本,同星期最近8次统计,八折主要回测,2022-06-30,2022-07-01,2022-07-07,726,7,2022-06-30,通过,0.214766571342807,1.483687729682716,0.859292688471727,0.14285714285714285,1.0,6.798169964851128
食用菌,固定篮子成本,同星期最近8次统计,八折主要回测,2022-09-30,2022-10-01,2022-10-07,818,7,2022-09-30,通过,0.16826480076851655,1.0203958143905063,1.1268995104971928,0.2857142857142857,1.0,7.363009598323751
食用菌,固定篮子成本,同星期最近8次统计,八折主要回测,2022-12-31,2023-01-01,2023-01-07,904,7,2022-12-31,通过,0.10994857465937048,0.6193535303651775,0.17553913376648703,0.14285714285714285,1.0,3.1350695748501494
食用菌,固定篮子成本,同星期最近8次统计,近期滚动回测,2023-03-17,2023-03-18,2023-03-24,979,7,2023-03-17,通过,0.7787031060090587,2.4794278268084,0.1143249351265793,0.5714285714285714,0.0,2.5017571572855353
食用菌,固定篮子成本,同星期最近8次统计,近期滚动回测,2023-03-24,2023-03-25,2023-03-31,986,7,2023-03-24,通过,0.6621571293751802,2.1864654561245067,0.07528571588985374,0.42857142857142855,0.0,3.36389523099927
食用菌,固定篮子成本,同星期最近8次统计,近期滚动回测,2023-03-31,2023-04-01,2023-04-07,993,7,2023-03-31,通过,0.5514101445097853,1.860197306825744,0.21017182456153174,0.8571428571428571,0.14285714285714285,3.6742146933863333
食用菌,固定篮子成本,同星期最近8次统计,近期滚动回测,2023-04-07,2023-04-08,2023-04-14,1000,7,2023-04-07,通过,0.3864823521753222,1.3188458379518304,0.29323312316194866,0.7142857142857143,0.8571428571428571,3.724049704808956
食用菌,固定篮子成本,同星期最近8次统计,近期滚动回测,2023-04-14,2023-04-15,2023-04-21,1007,7,2023-04-14,通过,0.17687575855161744,0.5864265863940822,0.17807450195803645,0.42857142857142855,1.0,3.5625883004969623
食用菌,固定篮子成本,同星期最近8次统计,近期滚动回测,2023-04-21,2023-04-22,2023-04-28,1014,7,2023-04-21,通过,0.031177283171623726,0.10474794323299205,0.06437944927810535,0.7142857142857143,1.0,3.3241402506609106
食用菌,固定篮子成本,同星期最近8次统计,近期滚动回测,2023-04-28,2023-04-29,2023-05-05,1021,7,2023-04-28,通过,0.04960285088585379,0.17515391793295526,0.022946204567748058,0.0,1.0,2.8585284510328037
食用菌,固定篮子成本,同星期最近8次统计,近期滚动回测,2023-05-05,2023-05-06,2023-05-12,1028,7,2023-05-05,通过,0.025636147777593748,0.08819676127062838,0.04729687550858105,1.0,1.0,2.1721693993530042
食用菌,固定篮子成本,同星期最近8次统计,近期滚动回测,2023-05-12,2023-05-13,2023-05-19,1035,7,2023-05-12,通过,0.015555415219558753,0.05203673497124121,0.058114189185262934,0.7142857142857143,1.0,0.7709073850170141
食用菌,固定篮子成本,同星期最近8次统计,近期滚动回测,2023-05-19,2023-05-20,2023-05-26,1042,7,2023-05-19,通过,0.02917191642400197,0.09847883158026052,0.10868488492332588,0.7142857142857143,0.8571428571428571,0.3223626991974724
食用菌,固定篮子成本,同星期最近8次统计,近期滚动回测,2023-05-26,2023-05-27,2023-06-02,1049,7,2023-05-26,通过,0.05789080347362851,0.18550595696565825,0.06981159962533649,0.2857142857142857,0.2857142857142857,0.30727688733457104
食用菌,固定篮子成本,同星期最近8次统计,近期滚动回测,2023-06-02,2023-06-03,2023-06-09,1056,7,2023-06-02,通过,0.04359868105567696,0.14146138433418867,0.05558731890391525,0.5714285714285714,0.8571428571428571,0.36619913357899136
食用菌,固定篮子成本,同星期最近8次统计,近期滚动回测,2023-06-09,2023-06-10,2023-06-16,1063,7,2023-06-09,通过,0.05493600080369831,0.17419050079589868,0.06387677948721134,0.7142857142857143,0.7142857142857143,0.3917383401038901
食用菌,固定篮子成本,同星期最近8次统计,近期滚动回测,2023-06-16,2023-06-17,2023-06-23,1070,7,2023-06-16,通过,0.05398752604658568,0.17014556873831502,0.07772990671558211,0.5714285714285714,0.8571428571428571,0.4340790458215231
食用菌,固定篮子成本,指数加权移动平均加周内收缩,八折主要回测,2021-03-31,2021-04-01,2021-04-07,271,7,2021-03-31,通过,0.0360921718285523,0.19136280033526948,0.3431526128802589,0.8571428571428571,1.0,2.1412382136749133
食用菌,固定篮子成本,指数加权移动平均加周内收缩,八折主要回测,2021-06-30,2021-07-01,2021-07-07,362,7,2021-06-30,通过,0.06503234373018409,0.3857083145647976,0.3362429785397401,0.42857142857142855,0.8571428571428571,1.6481622483058231
食用菌,固定篮子成本,指数加权移动平均加周内收缩,八折主要回测,2021-09-30,2021-10-01,2021-10-07,454,7,2021-09-30,通过,0.1423372086461321,1.35782471337192,0.914472401004411,0.7142857142857143,0.2857142857142857,2.187536211871077
食用菌,固定篮子成本,指数加权移动平均加周内收缩,八折主要回测,2021-12-31,2022-01-01,2022-01-07,546,7,2021-12-31,通过,0.10300777394742315,0.62414269339675,0.12426412621365168,1.0,1.0,4.044735305605241
食用菌,固定篮子成本,指数加权移动平均加周内收缩,八折主要回测,2022-03-31,2022-04-01,2022-04-07,635,7,2022-03-31,通过,0.23779617540397163,0.9948774333115751,1.438486961656868,1.0,1.0,9.873564285443338
食用菌,固定篮子成本,指数加权移动平均加周内收缩,八折主要回测,2022-06-30,2022-07-01,2022-07-07,726,7,2022-06-30,通过,0.09343237421872594,0.6454657552928814,0.6759423338267592,0.14285714285714285,1.0,6.7981699648511285
食用菌,固定篮子成本,指数加权移动平均加周内收缩,八折主要回测,2022-09-30,2022-10-01,2022-10-07,818,7,2022-09-30,通过,0.1286732761079474,0.7803038530030467,1.0300331084786942,0.8571428571428571,1.0,7.363009598323752
食用菌,固定篮子成本,指数加权移动平均加周内收缩,八折主要回测,2022-12-31,2023-01-01,2023-01-07,904,7,2022-12-31,通过,0.08244764868898805,0.4644375103909602,0.13567604988356438,0.42857142857142855,1.0,3.1350695748501494
食用菌,固定篮子成本,指数加权移动平均加周内收缩,近期滚动回测,2023-03-17,2023-03-18,2023-03-24,979,7,2023-03-17,通过,0.3839917016671908,1.2226478911284409,0.07372564931905072,0.5714285714285714,0.5714285714285714,2.5017571572855353
食用菌,固定篮子成本,指数加权移动平均加周内收缩,近期滚动回测,2023-03-24,2023-03-25,2023-03-31,986,7,2023-03-24,通过,0.2246447387590203,0.7417845997674203,0.03600144004061856,0.42857142857142855,1.0,3.36389523099927
食用菌,固定篮子成本,指数加权移动平均加周内收缩,近期滚动回测,2023-03-31,2023-04-01,2023-04-07,993,7,2023-03-31,通过,0.18386693609022614,0.6202801720911578,0.0821070510680475,0.8571428571428571,1.0,3.6742146933863333
食用菌,固定篮子成本,指数加权移动平均加周内收缩,近期滚动回测,2023-04-07,2023-04-08,2023-04-14,1000,7,2023-04-07,通过,0.12713732929254645,0.43384785008171106,0.09862324646311545,0.7142857142857143,1.0,3.7240497048089574
食用菌,固定篮子成本,指数加权移动平均加周内收缩,近期滚动回测,2023-04-14,2023-04-15,2023-04-21,1007,7,2023-04-14,通过,0.07361382135693581,0.24406454747259027,0.07100091096603589,0.42857142857142855,1.0,3.5625883004969623
食用菌,固定篮子成本,指数加权移动平均加周内收缩,近期滚动回测,2023-04-21,2023-04-22,2023-04-28,1014,7,2023-04-21,通过,0.028491108334696143,0.0957230616298229,0.0517091507254314,0.7142857142857143,1.0,3.3241402506609106
食用菌,固定篮子成本,指数加权移动平均加周内收缩,近期滚动回测,2023-04-28,2023-04-29,2023-05-05,1021,7,2023-04-28,通过,0.03917542077561797,0.13833334804307532,0.035840011706143184,0.0,1.0,2.8585284510328037
食用菌,固定篮子成本,指数加权移动平均加周内收缩,近期滚动回测,2023-05-05,2023-05-06,2023-05-12,1028,7,2023-05-05,通过,0.014717159990043898,0.050631860039362674,0.03815284424059088,1.0,1.0,2.1721693993530042
食用菌,固定篮子成本,指数加权移动平均加周内收缩,近期滚动回测,2023-05-12,2023-05-13,2023-05-19,1035,7,2023-05-12,通过,0.01766337161206561,0.059088373682234394,0.06441029627248877,0.7142857142857143,1.0,0.7709073850170141
食用菌,固定篮子成本,指数加权移动平均加周内收缩,近期滚动回测,2023-05-19,2023-05-20,2023-05-26,1042,7,2023-05-19,通过,0.034894764715249965,0.11779807700938472,0.11136539326682733,0.7142857142857143,0.7142857142857143,0.3223626991974724
食用菌,固定篮子成本,指数加权移动平均加周内收缩,近期滚动回测,2023-05-26,2023-05-27,2023-06-02,1049,7,2023-05-26,通过,0.04260320846036035,0.13651821154713742,0.06107006856771983,0.2857142857142857,0.5714285714285714,0.30727688733457104
食用菌,固定篮子成本,指数加权移动平均加周内收缩,近期滚动回测,2023-06-02,2023-06-03,2023-06-09,1056,7,2023-06-02,通过,0.01579154517373261,0.051237647262753976,0.04911920438773872,0.5714285714285714,1.0,0.36619913357899136
食用菌,固定篮子成本,指数加权移动平均加周内收缩,近期滚动回测,2023-06-09,2023-06-10,2023-06-16,1063,7,2023-06-09,通过,0.025938851563311053,0.08224664114209526,0.03290713599067171,0.7142857142857143,1.0,0.3917383401038901
食用菌,固定篮子成本,指数加权移动平均加周内收缩,近期滚动回测,2023-06-16,2023-06-17,2023-06-23,1070,7,2023-06-16,通过,0.02080923485348522,0.06558179932342588,0.03179213113048348,0.5714285714285714,1.0,0.43407904582152285
食用菌,固定篮子成本,阻尼趋势,八折主要回测,2021-03-31,2021-04-01,2021-04-07,271,7,2021-03-31,通过,0.046241412497574984,0.24517466637998148,0.3406960873363394,0.14285714285714285,1.0,2.141238213674913
食用菌,固定篮子成本,阻尼趋势,八折主要回测,2021-06-30,2021-07-01,2021-07-07,362,7,2021-06-30,通过,0.06703176997742841,0.3975669572598983,0.31930791028638666,0.7142857142857143,0.8571428571428571,1.6481622483058231
食用菌,固定篮子成本,阻尼趋势,八折主要回测,2021-09-30,2021-10-01,2021-10-07,454,7,2021-09-30,通过,0.159930593856568,1.5256566770434306,0.9060623113451175,0.7142857142857143,0.2857142857142857,2.187536211871077
食用菌,固定篮子成本,阻尼趋势,八折主要回测,2021-12-31,2022-01-01,2022-01-07,546,7,2021-12-31,通过,0.011538083566414213,0.06991133074533058,0.09353953955472812,1.0,1.0,4.044735305605242
食用菌,固定篮子成本,阻尼趋势,八折主要回测,2022-03-31,2022-04-01,2022-04-07,635,7,2022-03-31,通过,0.37833031338616085,1.5828357646466213,1.366219177002635,0.0,1.0,9.873564285443338
食用菌,固定篮子成本,阻尼趋势,八折主要回测,2022-06-30,2022-07-01,2022-07-07,726,7,2022-06-30,通过,0.04866749573743031,0.336213246822081,0.576639890702233,0.8571428571428571,1.0,6.798169964851128
食用菌,固定篮子成本,阻尼趋势,八折主要回测,2022-09-30,2022-10-01,2022-10-07,818,7,2022-09-30,通过,0.1397651970380527,0.8475677705837674,1.0159063047027008,1.0,1.0,7.363009598323752
食用菌,固定篮子成本,阻尼趋势,八折主要回测,2022-12-31,2023-01-01,2023-01-07,904,7,2022-12-31,通过,0.0757453507114755,0.42668266066423843,0.17038336225206407,1.0,1.0,3.1350695748501494
食用菌,固定篮子成本,阻尼趋势,近期滚动回测,2023-03-17,2023-03-18,2023-03-24,979,7,2023-03-17,通过,0.11478495810207111,0.36548078082791235,0.056486650228497894,0.5714285714285714,1.0,2.5017571572855357
食用菌,固定篮子成本,阻尼趋势,近期滚动回测,2023-03-24,2023-03-25,2023-03-31,986,7,2023-03-24,通过,0.02890471173126787,0.09544434533128035,0.03310173413716244,0.5714285714285714,1.0,3.3638952309992716
食用菌,固定篮子成本,阻尼趋势,近期滚动回测,2023-03-31,2023-04-01,2023-04-07,993,7,2023-03-31,通过,0.04558104730695116,0.1537689182669411,0.04220328726462127,0.14285714285714285,1.0,3.674214693386333
食用菌,固定篮子成本,阻尼趋势,近期滚动回测,2023-04-07,2023-04-08,2023-04-14,1000,7,2023-04-07,通过,0.0477150314538812,0.16282443502658348,0.04075786756179981,0.2857142857142857,1.0,3.7240497048089582
食用菌,固定篮子成本,阻尼趋势,近期滚动回测,2023-04-14,2023-04-15,2023-04-21,1007,7,2023-04-14,通过,0.03723455820526891,0.12345012704403713,0.030431978433453615,0.5714285714285714,1.0,3.5625883004969623
食用菌,固定篮子成本,阻尼趋势,近期滚动回测,2023-04-21,2023-04-22,2023-04-28,1014,7,2023-04-21,通过,0.05210047123351973,0.17504466868197083,0.04827466627035223,0.2857142857142857,1.0,3.3241402506609106
食用菌,固定篮子成本,阻尼趋势,近期滚动回测,2023-04-28,2023-04-29,2023-05-05,1021,7,2023-04-28,通过,0.04338342968967726,0.15319235785463606,0.04487172340615656,0.0,1.0,2.8585284510328037
食用菌,固定篮子成本,阻尼趋势,近期滚动回测,2023-05-05,2023-05-06,2023-05-12,1028,7,2023-05-05,通过,0.013927989034824331,0.047916852974219805,0.037621023375406036,1.0,1.0,2.1721693993530042
食用菌,固定篮子成本,阻尼趋势,近期滚动回测,2023-05-12,2023-05-13,2023-05-19,1035,7,2023-05-12,通过,0.02147323395430771,0.07183331132497177,0.06793884274482946,0.7142857142857143,1.0,0.7709073850170141
食用菌,固定篮子成本,阻尼趋势,近期滚动回测,2023-05-19,2023-05-20,2023-05-26,1042,7,2023-05-19,通过,0.040245919131020096,0.13586255473553818,0.1126033899440108,0.7142857142857143,0.5714285714285714,0.3223626991974724
食用菌,固定篮子成本,阻尼趋势,近期滚动回测,2023-05-26,2023-05-27,2023-06-02,1049,7,2023-05-26,通过,0.01903826745860622,0.061006443372058704,0.057344721618454685,0.2857142857142857,1.0,0.30727688733457104
食用菌,固定篮子成本,阻尼趋势,近期滚动回测,2023-06-02,2023-06-03,2023-06-09,1056,7,2023-06-02,通过,0.01925327076576266,0.062469649758616096,0.050811803573232485,0.42857142857142855,1.0,0.36619913357899136
食用菌,固定篮子成本,阻尼趋势,近期滚动回测,2023-06-09,2023-06-10,2023-06-16,1063,7,2023-06-09,通过,0.008038956026182093,0.025489838277099292,0.016361496028917344,0.7142857142857143,1.0,0.3917383401038901
食用菌,固定篮子成本,阻尼趋势,近期滚动回测,2023-06-16,2023-06-17,2023-06-23,1070,7,2023-06-16,通过,0.006933620633734496,0.021851803787498816,0.020591410437774238,0.42857142857142855,1.0,0.43407904582152224
食用菌,固定篮子成本,指数平滑,八折主要回测,2021-03-31,2021-04-01,2021-04-07,271,7,2021-03-31,通过,0.03406159655828623,0.18059657180639327,0.34145222772309936,0.8571428571428571,1.0,2.141238213674912
食用菌,固定篮子成本,指数平滑,八折主要回测,2021-06-30,2021-07-01,2021-07-07,362,7,2021-06-30,通过,0.06334532332023078,0.375702558019113,0.31932828070974767,0.7142857142857143,0.8571428571428571,1.6481622483058231
食用菌,固定篮子成本,指数平滑,八折主要回测,2021-09-30,2021-10-01,2021-10-07,454,7,2021-09-30,通过,0.10475337336073706,0.9992940040850636,0.9060623113451175,0.7142857142857143,0.5714285714285714,2.187536211871077
食用菌,固定篮子成本,指数平滑,八折主要回测,2021-12-31,2022-01-01,2022-01-07,546,7,2021-12-31,通过,0.1716109511435613,1.039821725666948,0.09284869846345394,1.0,1.0,4.04473530560524
食用菌,固定篮子成本,指数平滑,八折主要回测,2022-03-31,2022-04-01,2022-04-07,635,7,2022-03-31,通过,0.3236313809409237,1.3539896386584578,1.332411683796865,0.0,1.0,9.873564285443338
食用菌,固定篮子成本,指数平滑,八折主要回测,2022-06-30,2022-07-01,2022-07-07,726,7,2022-06-30,通过,0.04412747441008547,0.3048490829591327,0.5772152197871617,0.8571428571428571,1.0,6.7981699648511285
食用菌,固定篮子成本,指数平滑,八折主要回测,2022-09-30,2022-10-01,2022-10-07,818,7,2022-09-30,通过,0.10657736384935879,0.6463092428360561,1.0156428369195114,1.0,1.0,7.363009598323755
食用菌,固定篮子成本,指数平滑,八折主要回测,2022-12-31,2023-01-01,2023-01-07,904,7,2022-12-31,通过,0.06804938597828074,0.3833303667228467,0.17116758101456883,1.0,1.0,3.1350695748501494
食用菌,固定篮子成本,指数平滑,近期滚动回测,2023-03-17,2023-03-18,2023-03-24,979,7,2023-03-17,通过,0.2154099897988982,0.6858756806778276,0.056486650228497894,0.5714285714285714,1.0,2.5017571572855353
食用菌,固定篮子成本,指数平滑,近期滚动回测,2023-03-24,2023-03-25,2023-03-31,986,7,2023-03-24,通过,0.01000242668403153,0.0330283545277081,0.0172876602554984,0.5714285714285714,1.0,3.36389523099927
食用菌,固定篮子成本,指数平滑,近期滚动回测,2023-03-31,2023-04-01,2023-04-07,993,7,2023-03-31,通过,0.015300617197337779,0.05161705345222264,0.02538993913055528,0.14285714285714285,1.0,3.6742146933863333
食用菌,固定篮子成本,指数平滑,近期滚动回测,2023-04-07,2023-04-08,2023-04-14,1000,7,2023-04-07,通过,0.017380374007378466,0.05930939354063706,0.04190050237156825,0.2857142857142857,1.0,3.7240497048089582
食用菌,固定篮子成本,指数平滑,近期滚动回测,2023-04-14,2023-04-15,2023-04-21,1007,7,2023-04-14,通过,0.019550145708628792,0.06481795643054365,0.036564996592333,0.42857142857142855,1.0,3.5625883004969623
食用菌,固定篮子成本,指数平滑,近期滚动回测,2023-04-21,2023-04-22,2023-04-28,1014,7,2023-04-21,通过,0.026898842643992664,0.0903734435998128,0.049007296809026935,0.7142857142857143,1.0,3.3241402506609106
食用菌,固定篮子成本,指数平滑,近期滚动回测,2023-04-28,2023-04-29,2023-05-05,1021,7,2023-04-28,通过,0.036576894482570836,0.12915762420965335,0.042782830934509374,0.0,1.0,2.8585284510328037
食用菌,固定篮子成本,指数平滑,近期滚动回测,2023-05-05,2023-05-06,2023-05-12,1028,7,2023-05-05,通过,0.022840697874603317,0.07857949623233214,0.03482054782563989,0.0,1.0,2.1721693993530042
食用菌,固定篮子成本,指数平滑,近期滚动回测,2023-05-12,2023-05-13,2023-05-19,1035,7,2023-05-12,通过,0.023173391758678746,0.07752076227543585,0.067892336194882,0.7142857142857143,1.0,0.7709073850170141
食用菌,固定篮子成本,指数平滑,近期滚动回测,2023-05-19,2023-05-20,2023-05-26,1042,7,2023-05-19,通过,0.03751543505874536,0.12664496075995396,0.11280874391332829,0.7142857142857143,0.5714285714285714,0.3223626991974724
食用菌,固定篮子成本,指数平滑,近期滚动回测,2023-05-26,2023-05-27,2023-06-02,1049,7,2023-05-26,通过,0.03754701239758308,0.1203160786874896,0.057261412840944624,0.2857142857142857,0.7142857142857143,0.30727688733457104
食用菌,固定篮子成本,指数平滑,近期滚动回测,2023-06-02,2023-06-03,2023-06-09,1056,7,2023-06-02,通过,0.019608403609220056,0.06362192277334021,0.050616510779554424,0.42857142857142855,1.0,0.36619913357899136
食用菌,固定篮子成本,指数平滑,近期滚动回测,2023-06-09,2023-06-10,2023-06-16,1063,7,2023-06-09,通过,0.012708551679488513,0.04029614367727393,0.016361496028917344,0.7142857142857143,1.0,0.3917383401038901
食用菌,固定篮子成本,指数平滑,近期滚动回测,2023-06-16,2023-06-17,2023-06-23,1070,7,2023-06-16,通过,0.00653497443294746,0.02059544163266049,0.020591410437774238,0.5714285714285714,1.0,0.4340790458215231
食用菌,固定篮子成本,滞后稳健回归,八折主要回测,2021-03-31,2021-04-01,2021-04-07,271,7,2021-03-31,通过,0.0397910498069751,0.21097446713691895,0.34145222772309936,0.14285714285714285,1.0,2.1412382136749137
食用菌,固定篮子成本,滞后稳健回归,八折主要回测,2021-06-30,2021-07-01,2021-07-07,362,7,2021-06-30,通过,0.06722474494830838,0.3987114962154697,0.31932828070974767,0.7142857142857143,0.8571428571428571,1.6481622483058231
食用菌,固定篮子成本,滞后稳健回归,八折主要回测,2021-09-30,2021-10-01,2021-10-07,454,7,2021-09-30,通过,0.06353034713005212,0.6060472606059196,0.9060623113451175,0.7142857142857143,0.8571428571428571,2.187536211871077
食用菌,固定篮子成本,滞后稳健回归,八折主要回测,2021-12-31,2022-01-01,2022-01-07,546,7,2021-12-31,通过,0.009891415929910975,0.059933874341885005,0.09284869846345394,1.0,1.0,4.04473530560524
食用菌,固定篮子成本,滞后稳健回归,八折主要回测,2022-03-31,2022-04-01,2022-04-07,635,7,2022-03-31,通过,0.3050286619075915,1.2761606940463028,1.332411683796865,0.0,1.0,9.873564285443338
食用菌,固定篮子成本,滞后稳健回归,八折主要回测,2022-06-30,2022-07-01,2022-07-07,726,7,2022-06-30,通过,0.0487886849211384,0.33705046698960395,0.5772152197871617,0.8571428571428571,1.0,6.7981699648511285
食用菌,固定篮子成本,滞后稳健回归,八折主要回测,2022-09-30,2022-10-01,2022-10-07,818,7,2022-09-30,通过,0.15424048077847355,0.935349165583666,1.0156428369195114,0.0,1.0,7.363009598323755
食用菌,固定篮子成本,滞后稳健回归,八折主要回测,2022-12-31,2023-01-01,2023-01-07,904,7,2022-12-31,通过,0.08003671485237143,0.45085643043779594,0.17116758101456883,0.0,1.0,3.1350695748501494
食用菌,固定篮子成本,滞后稳健回归,近期滚动回测,2023-03-17,2023-03-18,2023-03-24,979,7,2023-03-17,通过,0.02276720014176256,0.07249185104617466,0.056486650228497894,0.5714285714285714,1.0,2.5017571572855357
食用菌,固定篮子成本,滞后稳健回归,近期滚动回测,2023-03-24,2023-03-25,2023-03-31,986,7,2023-03-24,通过,0.011217487326672751,0.037040526268180586,0.0172876602554984,0.5714285714285714,1.0,3.36389523099927
食用菌,固定篮子成本,滞后稳健回归,近期滚动回测,2023-03-31,2023-04-01,2023-04-07,993,7,2023-03-31,通过,0.010218270585935574,0.0344716172047806,0.02538993913055528,0.14285714285714285,1.0,3.6742146933863333
食用菌,固定篮子成本,滞后稳健回归,近期滚动回测,2023-04-07,2023-04-08,2023-04-14,1000,7,2023-04-07,通过,0.015703598325569567,0.05358750580970817,0.04190050237156825,0.2857142857142857,1.0,3.724049704808956
食用菌,固定篮子成本,滞后稳健回归,近期滚动回测,2023-04-14,2023-04-15,2023-04-21,1007,7,2023-04-14,通过,0.007922567695728997,0.026267049636010738,0.036564996592333,0.5714285714285714,1.0,3.5625883004969623
食用菌,固定篮子成本,滞后稳健回归,近期滚动回测,2023-04-21,2023-04-22,2023-04-28,1014,7,2023-04-21,通过,0.029990831018707,0.10076175809690247,0.049007296809026935,0.2857142857142857,1.0,3.3241402506609106
食用菌,固定篮子成本,滞后稳健回归,近期滚动回测,2023-04-28,2023-04-29,2023-05-05,1021,7,2023-04-28,通过,0.021472684374420445,0.07582275473182719,0.042782830934509374,0.0,1.0,2.8585284510328037
食用菌,固定篮子成本,滞后稳健回归,近期滚动回测,2023-05-05,2023-05-06,2023-05-12,1028,7,2023-05-05,通过,0.016491260550880536,0.05673534816837687,0.03482054782563989,1.0,1.0,2.1721693993530042
食用菌,固定篮子成本,滞后稳健回归,近期滚动回测,2023-05-12,2023-05-13,2023-05-19,1035,7,2023-05-12,通过,0.02308511125016082,0.07722544200528983,0.067892336194882,0.2857142857142857,1.0,0.7709073850170141
食用菌,固定篮子成本,滞后稳健回归,近期滚动回测,2023-05-19,2023-05-20,2023-05-26,1042,7,2023-05-19,通过,0.0425854170772076,0.14376025404594087,0.11280874391332829,0.2857142857142857,0.5714285714285714,0.3223626991974724
食用菌,固定篮子成本,滞后稳健回归,近期滚动回测,2023-05-26,2023-05-27,2023-06-02,1049,7,2023-05-26,通过,0.018278566488035063,0.05857204883791235,0.057261412840944624,0.7142857142857143,1.0,0.30727688733457104
食用菌,固定篮子成本,滞后稳健回归,近期滚动回测,2023-06-02,2023-06-03,2023-06-09,1056,7,2023-06-02,通过,0.01957299847362177,0.06350704637403178,0.050616510779554424,0.42857142857142855,1.0,0.36619913357899136
食用菌,固定篮子成本,滞后稳健回归,近期滚动回测,2023-06-09,2023-06-10,2023-06-16,1063,7,2023-06-09,通过,0.00836253229550593,0.026515830551283783,0.016361496028917344,0.7142857142857143,1.0,0.3917383401038901
食用菌,固定篮子成本,滞后稳健回归,近期滚动回测,2023-06-16,2023-06-17,2023-06-23,1070,7,2023-06-16,通过,0.00690554394100921,0.021763318072337272,0.020591410437774238,0.42857142857142855,1.0,0.43407904582152224
